8.923352e+02 
4.645247e+02 
4.645247e+02 
4.645247e+02 
3.276871e+02 
3.276871e+02 
3.276871e+02 
3.276871e+02 
1.590254e+02 
1.194843e+02 
1.194843e+02 
1.194843e+02 
1.194843e+02 
1.194843e+02 
1.194843e+02 
1.194843e+02 
1.194843e+02 
1.194843e+02 
1.194843e+02 
1.194843e+02 
1.194843e+02 
1.194843e+02 
1.194843e+02 
6.374742e+01 
6.374742e+01 
6.374742e+01 
6.374742e+01 
6.374742e+01 
6.374742e+01 
6.374742e+01 
6.374742e+01 
6.374742e+01 
6.374742e+01 
6.374742e+01 
6.374742e+01 
6.374742e+01 
6.374742e+01 
6.374742e+01 
6.374742e+01 
6.374742e+01 
6.374742e+01 
6.374742e+01 
6.374742e+01 
6.374742e+01 
6.374742e+01 
6.374742e+01 
6.374742e+01 
6.374742e+01 
6.374742e+01 
6.374742e+01 
6.374742e+01 
6.374742e+01 
6.374742e+01 
6.374742e+01 
6.374742e+01 
6.374742e+01 
6.374742e+01 
6.374742e+01 
6.374742e+01 
6.374742e+01 
6.374742e+01 
6.374742e+01 
6.374742e+01 
6.374742e+01 
6.374742e+01 
6.374742e+01 
5.095040e+01 
5.095040e+01 
5.095040e+01 
5.095040e+01 
5.095040e+01 
5.095040e+01 
5.095040e+01 
5.095040e+01 
5.095040e+01 
5.095040e+01 
5.095040e+01 
5.095040e+01 
5.095040e+01 
5.095040e+01 
5.095040e+01 
5.095040e+01 
5.095040e+01 
5.095040e+01 
5.095040e+01 
5.095040e+01 
5.095040e+01 
5.095040e+01 
5.095040e+01 
5.095040e+01 
5.095040e+01 
5.095040e+01 
5.095040e+01 
5.095040e+01 
5.095040e+01 
5.095040e+01 
5.095040e+01 
5.095040e+01 
5.095040e+01 
5.095040e+01 
5.095040e+01 
5.095040e+01 
5.095040e+01 
5.095040e+01 
5.095040e+01 
5.095040e+01 
5.095040e+01 
5.095040e+01 
5.095040e+01 
5.095040e+01 
5.095040e+01 
5.095040e+01 
5.095040e+01 
5.095040e+01 
5.095040e+01 
5.095040e+01 
5.095040e+01 
5.095040e+01 
5.095040e+01 
5.095040e+01 
5.095040e+01 
5.095040e+01 
5.095040e+01 
5.095040e+01 
5.095040e+01 
5.095040e+01 
5.095040e+01 
5.095040e+01 
5.095040e+01 
5.095040e+01 
5.095040e+01 
5.095040e+01 
5.095040e+01 
5.095040e+01 
5.095040e+01 
5.095040e+01 
5.095040e+01 
5.095040e+01 
5.095040e+01 
5.095040e+01 
5.095040e+01 
5.095040e+01 
5.095040e+01 
5.095040e+01 
5.095040e+01 
5.095040e+01 
5.095040e+01 
5.095040e+01 
5.095040e+01 
5.095040e+01 
5.095040e+01 
5.095040e+01 
5.095040e+01 
5.095040e+01 
5.095040e+01 
5.095040e+01 
5.095040e+01 
5.095040e+01 
5.095040e+01 
5.095040e+01 
5.095040e+01 
5.095040e+01 
5.095040e+01 
5.095040e+01 
5.095040e+01 
5.095040e+01 
5.095040e+01 
5.095040e+01 
5.095040e+01 
5.095040e+01 
5.095040e+01 
5.095040e+01 
5.095040e+01 
5.095040e+01 
5.095040e+01 
5.095040e+01 
5.095040e+01 
5.095040e+01 
5.095040e+01 
5.095040e+01 
5.095040e+01 
5.095040e+01 
5.095040e+01 
5.095040e+01 
5.095040e+01 
5.095040e+01 
5.095040e+01 
5.095040e+01 
5.095040e+01 
5.095040e+01 
5.095040e+01 
5.095040e+01 
5.095040e+01 
5.095040e+01 
5.095040e+01 
5.095040e+01 
5.095040e+01 
5.095040e+01 
5.095040e+01 
5.095040e+01 
5.095040e+01 
5.095040e+01 
5.095040e+01 
5.095040e+01 
5.095040e+01 
5.095040e+01 
5.095040e+01 
5.095040e+01 
5.095040e+01 
5.095040e+01 
5.095040e+01 
5.095040e+01 
5.095040e+01 
5.095040e+01 
5.095040e+01 
5.095040e+01 
5.095040e+01 
5.095040e+01 
5.095040e+01 
5.095040e+01 
5.095040e+01 
5.095040e+01 
5.095040e+01 
5.095040e+01 
5.095040e+01 
5.095040e+01 
5.095040e+01 
5.095040e+01 
5.095040e+01 
5.095040e+01 
5.095040e+01 
5.095040e+01 
5.095040e+01 
5.095040e+01 
5.095040e+01 
5.095040e+01 
5.095040e+01 
5.095040e+01 
5.095040e+01 
5.095040e+01 
5.095040e+01 
5.095040e+01 
5.095040e+01 
5.095040e+01 
5.095040e+01 
5.095040e+01 
5.095040e+01 
5.095040e+01 
5.095040e+01 
5.095040e+01 
5.095040e+01 
5.095040e+01 
5.095040e+01 
5.095040e+01 
5.095040e+01 
5.095040e+01 
5.095040e+01 
5.095040e+01 
5.095040e+01 
5.095040e+01 
5.095040e+01 
5.095040e+01 
5.095040e+01 
5.095040e+01 
5.095040e+01 
5.095040e+01 
5.095040e+01 
5.095040e+01 
5.095040e+01 
5.095040e+01 
5.095040e+01 
5.095040e+01 
5.095040e+01 
5.095040e+01 
5.095040e+01 
5.095040e+01 
5.095040e+01 
5.095040e+01 
5.095040e+01 
5.095040e+01 
5.095040e+01 
5.095040e+01 
5.095040e+01 
5.095040e+01 
5.095040e+01 
5.095040e+01 
5.095040e+01 
5.095040e+01 
5.095040e+01 
5.095040e+01 
5.095040e+01 
5.095040e+01 
5.095040e+01 
5.095040e+01 
5.095040e+01 
5.095040e+01 
5.095040e+01 
5.095040e+01 
5.095040e+01 
5.095040e+01 
5.095040e+01 
5.095040e+01 
5.095040e+01 
5.095040e+01 
5.095040e+01 
5.095040e+01 
5.095040e+01 
5.095040e+01 
5.095040e+01 
5.095040e+01 
5.095040e+01 
5.095040e+01 
5.095040e+01 
5.095040e+01 
5.095040e+01 
5.095040e+01 
5.095040e+01 
5.095040e+01 
5.095040e+01 
5.095040e+01 
5.095040e+01 
5.095040e+01 
5.095040e+01 
5.095040e+01 
5.095040e+01 
5.095040e+01 
5.095040e+01 
5.095040e+01 
5.095040e+01 
5.095040e+01 
5.095040e+01 
5.095040e+01 
5.095040e+01 
5.095040e+01 
5.095040e+01 
5.095040e+01 
5.095040e+01 
5.095040e+01 
5.095040e+01 
5.095040e+01 
5.095040e+01 
5.095040e+01 
5.095040e+01 
5.095040e+01 
5.095040e+01 
5.095040e+01 
5.095040e+01 
5.095040e+01 
5.095040e+01 
5.095040e+01 
5.095040e+01 
5.095040e+01 
5.095040e+01 
5.095040e+01 
5.095040e+01 
5.095040e+01 
5.095040e+01 
5.095040e+01 
5.095040e+01 
5.095040e+01 
5.095040e+01 
5.095040e+01 
5.095040e+01 
5.095040e+01 
5.095040e+01 
5.095040e+01 
5.095040e+01 
5.095040e+01 
5.095040e+01 
5.095040e+01 
5.095040e+01 
5.095040e+01 
5.095040e+01 
5.095040e+01 
5.095040e+01 
4.764183e+01 
4.764183e+01 
4.764183e+01 
4.764183e+01 
4.764183e+01 
4.764183e+01 
4.764183e+01 
4.764183e+01 
4.764183e+01 
4.764183e+01 
4.764183e+01 
4.764183e+01 
4.764183e+01 
4.764183e+01 
4.764183e+01 
4.764183e+01 
4.764183e+01 
4.764183e+01 
4.764183e+01 
4.764183e+01 
4.764183e+01 
4.764183e+01 
4.764183e+01 
4.764183e+01 
4.764183e+01 
4.764183e+01 
4.764183e+01 
4.764183e+01 
4.764183e+01 
4.764183e+01 
4.764183e+01 
4.764183e+01 
4.764183e+01 
4.764183e+01 
4.764183e+01 
4.764183e+01 
4.764183e+01 
4.764183e+01 
4.764183e+01 
4.764183e+01 
4.764183e+01 
4.764183e+01 
4.122427e+01 
4.122427e+01 
4.122427e+01 
4.122427e+01 
4.122427e+01 
4.122427e+01 
4.122427e+01 
4.122427e+01 
4.122427e+01 
4.122427e+01 
4.122427e+01 
4.122427e+01 
4.122427e+01 
4.122427e+01 
4.122427e+01 
4.122427e+01 
4.122427e+01 
4.122427e+01 
4.122427e+01 
4.122427e+01 
4.122427e+01 
4.122427e+01 
4.122427e+01 
4.122427e+01 
4.122427e+01 
4.122427e+01 
4.122427e+01 
4.122427e+01 
4.122427e+01 
4.122427e+01 
4.122427e+01 
4.122427e+01 
4.122427e+01 
4.122427e+01 
4.122427e+01 
4.122427e+01 
4.122427e+01 
4.122427e+01 
4.122427e+01 
4.122427e+01 
4.122427e+01 
4.122427e+01 
4.122427e+01 
4.122427e+01 
4.122427e+01 
4.122427e+01 
4.122427e+01 
4.122427e+01 
4.122427e+01 
4.122427e+01 
4.122427e+01 
4.122427e+01 
4.122427e+01 
4.122427e+01 
4.122427e+01 
4.122427e+01 
4.122427e+01 
4.122427e+01 
4.122427e+01 
4.122427e+01 
4.122427e+01 
4.122427e+01 
4.122427e+01 
4.122427e+01 
4.122427e+01 
4.122427e+01 
4.122427e+01 
4.122427e+01 
4.122427e+01 
4.122427e+01 
4.122427e+01 
4.122427e+01 
4.122427e+01 
4.122427e+01 
4.122427e+01 
4.122427e+01 
4.122427e+01 
4.122427e+01 
4.122427e+01 
4.122427e+01 
4.122427e+01 
4.122427e+01 
4.122427e+01 
4.122427e+01 
4.122427e+01 
4.122427e+01 
4.122427e+01 
4.122427e+01 
2.646772e+01 
2.646772e+01 
2.646772e+01 
2.646772e+01 
2.646772e+01 
2.646772e+01 
2.646772e+01 
2.646772e+01 
2.646772e+01 
2.646772e+01 
2.646772e+01 
2.646772e+01 
2.646772e+01 
2.646772e+01 
2.646772e+01 
2.646772e+01 
2.646772e+01 
2.646772e+01 
2.646772e+01 
2.646772e+01 
2.646772e+01 
2.646772e+01 
2.646772e+01 
2.646772e+01 
2.646772e+01 
2.646772e+01 
2.646772e+01 
2.646772e+01 
2.646772e+01 
2.646772e+01 
2.646772e+01 
2.646772e+01 
2.646772e+01 
2.646772e+01 
2.646772e+01 
2.646772e+01 
2.646772e+01 
2.646772e+01 
2.646772e+01 
2.646772e+01 
2.646772e+01 
2.646772e+01 
2.646772e+01 
2.646772e+01 
2.646772e+01 
2.646772e+01 
2.646772e+01 
2.646772e+01 
2.646772e+01 
2.646772e+01 
2.646772e+01 
2.646772e+01 
2.646772e+01 
2.646772e+01 
2.646772e+01 
2.646772e+01 
2.646772e+01 
2.646772e+01 
2.646772e+01 
2.646772e+01 
2.646772e+01 
2.646772e+01 
2.646772e+01 
2.646772e+01 
2.646772e+01 
2.646772e+01 
2.646772e+01 
2.646772e+01 
2.646772e+01 
2.646772e+01 
2.646772e+01 
2.646772e+01 
2.646772e+01 
2.646772e+01 
2.646772e+01 
2.646772e+01 
2.646772e+01 
2.646772e+01 
2.646772e+01 
2.646772e+01 
2.646772e+01 
2.646772e+01 
2.646772e+01 
2.646772e+01 
2.646772e+01 
2.646772e+01 
2.646772e+01 
2.646772e+01 
2.646772e+01 
2.646772e+01 
2.646772e+01 
2.646772e+01 
2.212780e+01 
2.212780e+01 
2.212780e+01 
2.212780e+01 
2.212780e+01 
2.212780e+01 
2.212780e+01 
2.212780e+01 
2.212780e+01 
2.212780e+01 
2.212780e+01 
2.212780e+01 
2.212780e+01 
2.212780e+01 
2.212780e+01 
2.212780e+01 
2.212780e+01 
2.212780e+01 
2.212780e+01 
2.212780e+01 
2.212780e+01 
2.212780e+01 
2.212780e+01 
2.212780e+01 
2.212780e+01 
2.212780e+01 
2.212780e+01 
2.212780e+01 
2.212780e+01 
2.212780e+01 
2.212780e+01 
2.212780e+01 
2.212780e+01 
2.212780e+01 
2.212780e+01 
1.989002e+01 
1.989002e+01 
1.989002e+01 
1.989002e+01 
1.989002e+01 
1.989002e+01 
1.989002e+01 
1.989002e+01 
1.989002e+01 
1.989002e+01 
1.989002e+01 
1.989002e+01 
1.989002e+01 
1.989002e+01 
1.989002e+01 
1.989002e+01 
1.989002e+01 
1.989002e+01 
1.989002e+01 
1.989002e+01 
1.989002e+01 
1.989002e+01 
1.989002e+01 
1.989002e+01 
1.989002e+01 
1.989002e+01 
1.989002e+01 
1.989002e+01 
1.989002e+01 
1.989002e+01 
1.989002e+01 
1.989002e+01 
1.989002e+01 
1.989002e+01 
1.989002e+01 
1.989002e+01 
1.989002e+01 
1.989002e+01 
1.989002e+01 
1.989002e+01 
1.989002e+01 
1.989002e+01 
1.989002e+01 
1.989002e+01 
1.989002e+01 
1.989002e+01 
1.989002e+01 
1.989002e+01 
1.989002e+01 
1.989002e+01 
1.989002e+01 
1.989002e+01 
1.989002e+01 
1.989002e+01 
1.989002e+01 
1.989002e+01 
1.989002e+01 
1.989002e+01 
1.989002e+01 
1.989002e+01 
1.989002e+01 
1.989002e+01 
1.989002e+01 
1.989002e+01 
1.989002e+01 
1.989002e+01 
1.989002e+01 
1.989002e+01 
1.989002e+01 
1.989002e+01 
1.989002e+01 
1.989002e+01 
1.989002e+01 
1.989002e+01 
1.989002e+01 
1.989002e+01 
1.989002e+01 
1.989002e+01 
1.989002e+01 
1.989002e+01 
1.989002e+01 
1.989002e+01 
1.989002e+01 
1.989002e+01 
1.989002e+01 
1.989002e+01 
1.989002e+01 
1.989002e+01 
1.989002e+01 
1.989002e+01 
1.989002e+01 
1.989002e+01 
1.989002e+01 
1.989002e+01 
1.989002e+01 
1.989002e+01 
1.989002e+01 
1.989002e+01 
1.989002e+01 
1.989002e+01 
1.989002e+01 
1.989002e+01 
1.989002e+01 
1.989002e+01 
1.989002e+01 
1.989002e+01 
1.989002e+01 
1.989002e+01 
1.989002e+01 
1.989002e+01 
1.989002e+01 
1.989002e+01 
1.989002e+01 
1.989002e+01 
1.989002e+01 
1.989002e+01 
1.989002e+01 
1.989002e+01 
1.989002e+01 
1.989002e+01 
1.989002e+01 
1.989002e+01 
1.989002e+01 
1.989002e+01 
1.989002e+01 
1.989002e+01 
1.989002e+01 
1.989002e+01 
1.989002e+01 
1.989002e+01 
1.989002e+01 
1.989002e+01 
1.989002e+01 
1.989002e+01 
1.989002e+01 
1.989002e+01 
1.989002e+01 
1.989002e+01 
1.989002e+01 
1.989002e+01 
1.989002e+01 
1.989002e+01 
1.989002e+01 
1.989002e+01 
1.989002e+01 
1.989002e+01 
1.989002e+01 
1.989002e+01 
1.989002e+01 
1.989002e+01 
1.989002e+01 
1.989002e+01 
1.989002e+01 
1.989002e+01 
1.989002e+01 
1.989002e+01 
1.989002e+01 
1.989002e+01 
1.989002e+01 
1.989002e+01 
1.989002e+01 
1.989002e+01 
1.989002e+01 
1.989002e+01 
1.989002e+01 
1.989002e+01 
1.989002e+01 
1.989002e+01 
1.989002e+01 
1.989002e+01 
1.989002e+01 
1.989002e+01 
1.989002e+01 
1.989002e+01 
1.989002e+01 
1.989002e+01 
1.989002e+01 
1.989002e+01 
1.989002e+01 
1.989002e+01 
1.989002e+01 
1.989002e+01 
1.989002e+01 
1.989002e+01 
1.989002e+01 
1.989002e+01 
1.989002e+01 
1.989002e+01 
1.989002e+01 
1.989002e+01 
1.989002e+01 
1.989002e+01 
1.989002e+01 
1.989002e+01 
1.989002e+01 
1.989002e+01 
1.989002e+01 
1.989002e+01 
1.989002e+01 
1.989002e+01 
1.989002e+01 
1.989002e+01 
1.989002e+01 
1.989002e+01 
1.989002e+01 
1.989002e+01 
1.989002e+01 
1.989002e+01 
1.989002e+01 
1.989002e+01 
1.989002e+01 
1.989002e+01 
1.989002e+01 
1.989002e+01 
1.989002e+01 
1.989002e+01 
1.989002e+01 
1.989002e+01 
1.989002e+01 
1.989002e+01 
1.989002e+01 
1.989002e+01 
1.989002e+01 
1.989002e+01 
1.989002e+01 
1.989002e+01 
1.989002e+01 
1.989002e+01 
1.989002e+01 
1.989002e+01 
1.989002e+01 
1.989002e+01 
1.989002e+01 
1.989002e+01 
1.989002e+01 
1.989002e+01 
1.989002e+01 
1.989002e+01 
1.989002e+01 
1.989002e+01 
1.989002e+01 
1.989002e+01 
1.989002e+01 
1.989002e+01 
1.989002e+01 
1.989002e+01 
1.989002e+01 
1.989002e+01 
1.989002e+01 
1.989002e+01 
1.989002e+01 
1.989002e+01 
1.989002e+01 
1.989002e+01 
1.989002e+01 
1.989002e+01 
1.989002e+01 
1.989002e+01 
1.989002e+01 
1.989002e+01 
1.989002e+01 
1.989002e+01 
1.989002e+01 
1.989002e+01 
1.989002e+01 
1.989002e+01 
1.989002e+01 
1.989002e+01 
1.989002e+01 
1.989002e+01 
1.989002e+01 
1.989002e+01 
1.989002e+01 
1.989002e+01 
1.989002e+01 
1.989002e+01 
1.989002e+01 
1.989002e+01 
1.989002e+01 
1.989002e+01 
1.989002e+01 
1.989002e+01 
1.989002e+01 
1.989002e+01 
1.989002e+01 
1.989002e+01 
1.989002e+01 
1.989002e+01 
1.989002e+01 
1.989002e+01 
1.989002e+01 
1.989002e+01 
1.989002e+01 
1.989002e+01 
1.989002e+01 
1.989002e+01 
1.989002e+01 
1.989002e+01 
1.989002e+01 
1.989002e+01 
1.989002e+01 
1.989002e+01 
1.989002e+01 
1.989002e+01 
1.989002e+01 
1.989002e+01 
1.989002e+01 
1.989002e+01 
1.989002e+01 
1.989002e+01 
1.989002e+01 
1.989002e+01 
1.989002e+01 
1.989002e+01 
1.989002e+01 
1.989002e+01 
1.989002e+01 
1.989002e+01 
1.989002e+01 
1.989002e+01 
1.989002e+01 
1.989002e+01 
1.989002e+01 
1.989002e+01 
1.989002e+01 
1.989002e+01 
1.989002e+01 
1.989002e+01 
1.989002e+01 
1.989002e+01 
1.989002e+01 
1.989002e+01 
1.989002e+01 
1.989002e+01 
1.989002e+01 
1.989002e+01 
1.989002e+01 
1.989002e+01 
1.989002e+01 
1.989002e+01 
1.989002e+01 
1.989002e+01 
1.989002e+01 
1.989002e+01 
1.989002e+01 
1.989002e+01 
1.989002e+01 
1.989002e+01 
1.989002e+01 
1.989002e+01 
1.989002e+01 
1.989002e+01 
1.989002e+01 
1.989002e+01 
1.989002e+01 
1.989002e+01 
1.989002e+01 
1.989002e+01 
1.989002e+01 
1.989002e+01 
1.989002e+01 
1.989002e+01 
1.989002e+01 
1.989002e+01 
1.989002e+01 
1.989002e+01 
1.989002e+01 
1.989002e+01 
1.989002e+01 
1.989002e+01 
1.989002e+01 
1.989002e+01 
1.989002e+01 
1.989002e+01 
1.989002e+01 
1.989002e+01 
1.989002e+01 
1.989002e+01 
1.989002e+01 
1.989002e+01 
1.989002e+01 
1.989002e+01 
1.989002e+01 
1.989002e+01 
1.989002e+01 
1.989002e+01 
1.989002e+01 
1.989002e+01 
1.989002e+01 
1.989002e+01 
1.989002e+01 
1.989002e+01 
1.989002e+01 
1.989002e+01 
1.989002e+01 
1.989002e+01 
1.989002e+01 
1.989002e+01 
1.989002e+01 
1.989002e+01 
1.989002e+01 
1.989002e+01 
1.989002e+01 
1.989002e+01 
1.989002e+01 
1.989002e+01 
1.989002e+01 
1.989002e+01 
1.989002e+01 
1.989002e+01 
1.989002e+01 
1.989002e+01 
1.989002e+01 
1.989002e+01 
1.989002e+01 
1.989002e+01 
1.989002e+01 
1.989002e+01 
1.989002e+01 
1.989002e+01 
1.989002e+01 
1.989002e+01 
1.989002e+01 
1.989002e+01 
1.989002e+01 
1.989002e+01 
1.989002e+01 
1.989002e+01 
1.989002e+01 
1.989002e+01 
1.989002e+01 
1.989002e+01 
1.989002e+01 
1.989002e+01 
1.989002e+01 
1.989002e+01 
1.989002e+01 
1.989002e+01 
1.989002e+01 
1.989002e+01 
1.989002e+01 
1.989002e+01 
1.989002e+01 
1.989002e+01 
1.989002e+01 
1.989002e+01 
1.989002e+01 
1.989002e+01 
1.989002e+01 
1.989002e+01 
1.989002e+01 
1.989002e+01 
1.989002e+01 
1.918017e+01 
1.918017e+01 
1.918017e+01 
1.918017e+01 
1.918017e+01 
1.918017e+01 
1.918017e+01 
1.918017e+01 
1.918017e+01 
1.918017e+01 
1.918017e+01 
1.918017e+01 
1.918017e+01 
1.918017e+01 
1.918017e+01 
1.918017e+01 
1.918017e+01 
1.918017e+01 
1.918017e+01 
1.918017e+01 
1.918017e+01 
1.918017e+01 
1.918017e+01 
1.918017e+01 
1.918017e+01 
1.918017e+01 
1.918017e+01 
1.918017e+01 
1.918017e+01 
1.918017e+01 
1.918017e+01 
1.918017e+01 
1.918017e+01 
1.918017e+01 
1.918017e+01 
1.918017e+01 
1.918017e+01 
1.918017e+01 
1.918017e+01 
1.918017e+01 
1.918017e+01 
1.918017e+01 
1.918017e+01 
1.918017e+01 
1.918017e+01 
1.918017e+01 
1.918017e+01 
1.918017e+01 
1.918017e+01 
1.918017e+01 
1.918017e+01 
1.918017e+01 
1.918017e+01 
1.918017e+01 
1.918017e+01 
1.918017e+01 
1.918017e+01 
1.918017e+01 
1.918017e+01 
1.918017e+01 
1.918017e+01 
1.918017e+01 
1.918017e+01 
1.918017e+01 
1.918017e+01 
1.918017e+01 
1.918017e+01 
1.918017e+01 
1.918017e+01 
1.918017e+01 
1.918017e+01 
1.918017e+01 
1.918017e+01 
1.918017e+01 
1.918017e+01 
1.918017e+01 
1.918017e+01 
1.918017e+01 
1.918017e+01 
1.918017e+01 
1.918017e+01 
1.918017e+01 
1.918017e+01 
1.918017e+01 
1.918017e+01 
1.918017e+01 
1.918017e+01 
1.918017e+01 
1.918017e+01 
1.918017e+01 
1.918017e+01 
1.918017e+01 
1.918017e+01 
1.918017e+01 
1.918017e+01 
1.918017e+01 
1.918017e+01 
1.918017e+01 
1.918017e+01 
1.918017e+01 
1.918017e+01 
1.918017e+01 
1.918017e+01 
1.918017e+01 
1.918017e+01 
1.918017e+01 
1.918017e+01 
1.918017e+01 
1.918017e+01 
1.918017e+01 
1.918017e+01 
1.918017e+01 
1.918017e+01 
1.918017e+01 
1.918017e+01 
1.918017e+01 
1.918017e+01 
1.918017e+01 
1.918017e+01 
1.918017e+01 
1.918017e+01 
1.918017e+01 
1.918017e+01 
1.918017e+01 
1.918017e+01 
1.918017e+01 
1.918017e+01 
1.918017e+01 
1.918017e+01 
1.918017e+01 
1.918017e+01 
1.918017e+01 
1.918017e+01 
1.918017e+01 
1.918017e+01 
1.918017e+01 
1.918017e+01 
1.918017e+01 
1.918017e+01 
1.918017e+01 
1.918017e+01 
1.918017e+01 
1.918017e+01 
1.918017e+01 
1.918017e+01 
1.918017e+01 
1.918017e+01 
1.918017e+01 
1.918017e+01 
1.918017e+01 
1.918017e+01 
1.918017e+01 
1.918017e+01 
1.918017e+01 
1.918017e+01 
1.918017e+01 
1.918017e+01 
1.918017e+01 
1.918017e+01 
1.918017e+01 
1.918017e+01 
1.918017e+01 
1.918017e+01 
1.918017e+01 
1.918017e+01 
1.918017e+01 
1.918017e+01 
1.918017e+01 
1.918017e+01 
1.918017e+01 
1.918017e+01 
1.918017e+01 
1.918017e+01 
1.918017e+01 
1.918017e+01 
1.918017e+01 
1.918017e+01 
1.918017e+01 
1.918017e+01 
1.918017e+01 
1.918017e+01 
1.918017e+01 
1.918017e+01 
1.918017e+01 
1.918017e+01 
1.918017e+01 
1.918017e+01 
1.918017e+01 
1.918017e+01 
1.918017e+01 
1.678844e+01 
1.678844e+01 
1.678844e+01 
1.678844e+01 
1.678844e+01 
1.678844e+01 
1.678844e+01 
1.678844e+01 
1.678844e+01 
1.678844e+01 
1.678844e+01 
1.678844e+01 
1.678844e+01 
1.284227e+01 
1.284227e+01 
1.284227e+01 
1.284227e+01 
1.284227e+01 
1.284227e+01 
1.284227e+01 
1.284227e+01 
1.284227e+01 
1.284227e+01 
1.284227e+01 
1.284227e+01 
1.284227e+01 
1.284227e+01 
1.284227e+01 
1.284227e+01 
1.284227e+01 
1.284227e+01 
1.284227e+01 
1.284227e+01 
1.284227e+01 
1.284227e+01 
1.284227e+01 
1.284227e+01 
1.284227e+01 
1.284227e+01 
1.284227e+01 
1.284227e+01 
1.284227e+01 
1.284227e+01 
1.284227e+01 
1.284227e+01 
1.284227e+01 
1.284227e+01 
1.284227e+01 
1.284227e+01 
1.284227e+01 
1.060998e+01 
1.060998e+01 
1.060998e+01 
1.050680e+01 
1.050680e+01 
1.050680e+01 
1.050680e+01 
1.050680e+01 
1.040317e+01 
1.040317e+01 
1.040317e+01 
1.040317e+01 
1.040317e+01 
1.040317e+01 
1.040317e+01 
1.040317e+01 
1.040317e+01 
1.040317e+01 
1.023668e+01 
1.023668e+01 
1.023668e+01 
1.023668e+01 
1.023668e+01 
1.023668e+01 
1.023668e+01 
1.023668e+01 
1.023668e+01 
1.023668e+01 
1.023668e+01 
1.023668e+01 
1.023668e+01 
1.023668e+01 
1.023668e+01 
1.023668e+01 
1.023668e+01 
1.023668e+01 
1.023668e+01 
1.023668e+01 
1.023668e+01 
1.023668e+01 
1.023668e+01 
1.023668e+01 
1.023668e+01 
1.023668e+01 
1.023668e+01 
1.023668e+01 
1.023668e+01 
1.023668e+01 
1.023668e+01 
1.023668e+01 
1.023668e+01 
1.023668e+01 
1.023668e+01 
1.023668e+01 
1.023668e+01 
1.023668e+01 
1.023668e+01 
1.023668e+01 
1.023668e+01 
1.023668e+01 
1.023668e+01 
1.023668e+01 
1.023668e+01 
1.023668e+01 
1.023668e+01 
1.023668e+01 
1.023668e+01 
1.023668e+01 
1.023668e+01 
1.023668e+01 
1.023668e+01 
1.023668e+01 
1.023668e+01 
1.023668e+01 
1.023668e+01 
1.023668e+01 
1.023668e+01 
1.023668e+01 
1.023668e+01 
1.023668e+01 
1.023668e+01 
1.023668e+01 
1.023668e+01 
1.023668e+01 
1.023668e+01 
1.023668e+01 
1.023668e+01 
1.023668e+01 
1.023668e+01 
1.023668e+01 
1.023668e+01 
1.023668e+01 
1.023668e+01 
1.023668e+01 
1.023668e+01 
1.023668e+01 
1.023668e+01 
1.023668e+01 
1.023668e+01 
1.023668e+01 
1.023668e+01 
1.023668e+01 
1.023668e+01 
1.023668e+01 
1.023668e+01 
1.023668e+01 
1.023668e+01 
1.023668e+01 
1.023668e+01 
1.023668e+01 
1.023668e+01 
1.023668e+01 
1.023668e+01 
1.023668e+01 
1.023668e+01 
1.023668e+01 
1.023668e+01 
1.023668e+01 
1.023668e+01 
1.023668e+01 
1.023668e+01 
1.023668e+01 
1.023668e+01 
1.023668e+01 
1.023668e+01 
1.023668e+01 
1.023668e+01 
1.023668e+01 
1.023668e+01 
1.023668e+01 
1.023668e+01 
1.023668e+01 
1.023668e+01 
1.023668e+01 
1.023668e+01 
1.023668e+01 
1.023668e+01 
1.023668e+01 
1.023668e+01 
1.023668e+01 
1.023668e+01 
1.023668e+01 
1.023668e+01 
1.023668e+01 
1.023668e+01 
1.023668e+01 
1.023668e+01 
1.023668e+01 
1.023668e+01 
1.023668e+01 
1.023668e+01 
1.023668e+01 
1.023668e+01 
1.023668e+01 
1.023668e+01 
1.023668e+01 
1.023668e+01 
1.023668e+01 
1.023668e+01 
1.023668e+01 
1.023668e+01 
1.023668e+01 
1.023668e+01 
1.023668e+01 
1.023668e+01 
1.023668e+01 
1.023668e+01 
1.023668e+01 
1.023668e+01 
1.023668e+01 
1.023668e+01 
1.023668e+01 
1.023668e+01 
1.023668e+01 
1.023668e+01 
1.023668e+01 
1.023668e+01 
1.023668e+01 
1.023668e+01 
1.023668e+01 
1.023668e+01 
1.023668e+01 
1.023668e+01 
1.023668e+01 
1.023668e+01 
1.023668e+01 
1.023668e+01 
1.023668e+01 
1.023668e+01 
1.023668e+01 
1.023668e+01 
1.023668e+01 
1.023668e+01 
1.023668e+01 
1.023668e+01 
1.023668e+01 
1.023668e+01 
1.023668e+01 
1.023668e+01 
1.023668e+01 
1.023668e+01 
1.023668e+01 
1.023668e+01 
1.023668e+01 
1.023668e+01 
1.023668e+01 
1.023668e+01 
1.023668e+01 
1.023668e+01 
1.023668e+01 
1.023668e+01 
1.023668e+01 
1.023668e+01 
1.023668e+01 
1.023668e+01 
1.023668e+01 
1.023668e+01 
1.023668e+01 
1.002263e+01 
1.002263e+01 
8.717897e+00 
8.717897e+00 
8.717897e+00 
8.717897e+00 
8.717897e+00 
8.717897e+00 
8.717897e+00 
8.717897e+00 
8.717897e+00 
8.717897e+00 
8.717897e+00 
8.717897e+00 
8.717897e+00 
8.717897e+00 
8.717897e+00 
8.717897e+00 
8.717897e+00 
8.717897e+00 
8.717897e+00 
8.717897e+00 
8.717897e+00 
8.717897e+00 
8.717897e+00 
8.717897e+00 
8.717897e+00 
7.328894e+00 
7.328894e+00 
7.328894e+00 
7.328894e+00 
7.328894e+00 
7.328894e+00 
6.968604e+00 
6.968604e+00 
6.968604e+00 
6.968604e+00 
6.968604e+00 
6.968604e+00 
6.968604e+00 
5.042924e+00 
5.042924e+00 
5.042924e+00 
5.042924e+00 
5.042924e+00 
5.042924e+00 
5.042924e+00 
5.042924e+00 
5.042924e+00 
5.042924e+00 
5.042924e+00 
5.042924e+00 
5.042924e+00 
5.042924e+00 
5.042924e+00 
5.042924e+00 
5.042924e+00 
5.042924e+00 
5.042924e+00 
5.042924e+00 
5.042924e+00 
5.042924e+00 
5.042924e+00 
5.042924e+00 
5.042924e+00 
5.042924e+00 
5.042924e+00 
5.042924e+00 
5.042924e+00 
5.042924e+00 
5.042924e+00 
5.042924e+00 
5.042924e+00 
5.042924e+00 
5.042924e+00 
5.042924e+00 
5.042924e+00 
5.042924e+00 
5.042924e+00 
5.042924e+00 
5.042924e+00 
5.042924e+00 
5.042924e+00 
5.042924e+00 
5.042924e+00 
5.042924e+00 
5.042924e+00 
5.042924e+00 
5.042924e+00 
5.042924e+00 
5.042924e+00 
5.042924e+00 
5.042924e+00 
5.042924e+00 
5.042924e+00 
5.042924e+00 
5.042924e+00 
5.042924e+00 
5.042924e+00 
5.042924e+00 
5.042924e+00 
5.042924e+00 
5.042924e+00 
5.042924e+00 
5.042924e+00 
5.042924e+00 
5.042924e+00 
5.042924e+00 
5.042924e+00 
5.042924e+00 
5.042924e+00 
5.042924e+00 
5.042924e+00 
5.042924e+00 
5.042924e+00 
5.042924e+00 
5.042924e+00 
5.042924e+00 
5.042924e+00 
5.042924e+00 
5.042924e+00 
5.042924e+00 
5.042924e+00 
5.042924e+00 
5.042924e+00 
5.042924e+00 
5.042924e+00 
5.042924e+00 
5.042924e+00 
5.042924e+00 
5.042924e+00 
5.042924e+00 
5.042924e+00 
5.042924e+00 
5.042924e+00 
5.042924e+00 
5.042924e+00 
5.042924e+00 
5.042924e+00 
5.042924e+00 
5.042924e+00 
5.042924e+00 
5.042924e+00 
5.042924e+00 
5.042924e+00 
5.042924e+00 
5.042924e+00 
5.042924e+00 
5.042924e+00 
5.042924e+00 
5.042924e+00 
5.042924e+00 
5.042924e+00 
5.042924e+00 
5.042924e+00 
5.042924e+00 
5.042924e+00 
5.042924e+00 
5.042924e+00 
5.042924e+00 
5.042924e+00 
5.042924e+00 
5.042924e+00 
5.042924e+00 
5.042924e+00 
5.042924e+00 
5.042924e+00 
5.042924e+00 
5.042924e+00 
4.827250e+00 
4.827250e+00 
4.827250e+00 
4.827250e+00 
4.827250e+00 
4.827250e+00 
4.827250e+00 
4.827250e+00 
4.827250e+00 
4.827250e+00 
4.827250e+00 
4.827250e+00 
4.827250e+00 
4.827250e+00 
4.827250e+00 
4.827250e+00 
4.827250e+00 
4.827250e+00 
4.827250e+00 
4.827250e+00 
4.827250e+00 
4.827250e+00 
4.827250e+00 
4.827250e+00 
4.827250e+00 
4.827250e+00 
4.827250e+00 
4.827250e+00 
4.827250e+00 
4.827250e+00 
4.827250e+00 
4.827250e+00 
4.827250e+00 
4.827250e+00 
4.827250e+00 
4.827250e+00 
4.827250e+00 
4.827250e+00 
4.827250e+00 
4.827250e+00 
4.827250e+00 
4.827250e+00 
4.827250e+00 
4.827250e+00 
4.827250e+00 
4.827250e+00 
4.827250e+00 
4.827250e+00 
4.827250e+00 
4.827250e+00 
4.827250e+00 
4.827250e+00 
4.593725e+00 
4.593725e+00 
4.593725e+00 
4.593725e+00 
4.593725e+00 
4.593725e+00 
4.593725e+00 
4.593725e+00 
4.593725e+00 
4.593725e+00 
4.593725e+00 
4.593725e+00 
4.593725e+00 
4.593725e+00 
4.593725e+00 
4.593725e+00 
4.593725e+00 
4.593725e+00 
4.019854e+00 
4.019854e+00 
4.019854e+00 
4.019854e+00 
4.019854e+00 
4.019854e+00 
4.019854e+00 
4.019854e+00 
4.019854e+00 
3.899659e+00 
3.881010e+00 
3.881010e+00 
3.778086e+00 
3.778086e+00 
3.778086e+00 
3.778086e+00 
3.604453e+00 
3.604453e+00 
3.604453e+00 
3.604453e+00 
3.370777e+00 
3.370777e+00 
3.370777e+00 
3.370777e+00 
3.370777e+00 
3.370777e+00 
3.244261e+00 
3.244261e+00 
3.244261e+00 
3.244261e+00 
3.095446e+00 
3.095446e+00 
3.095446e+00 
3.095446e+00 
3.095446e+00 
3.095446e+00 
3.095446e+00 
3.095446e+00 
3.095446e+00 
3.095446e+00 
3.095446e+00 
3.095446e+00 
3.095446e+00 
3.095446e+00 
3.095446e+00 
3.095446e+00 
3.095446e+00 
3.095446e+00 
3.095446e+00 
3.095446e+00 
3.095446e+00 
3.095446e+00 
3.095446e+00 
3.095446e+00 
3.095446e+00 
3.095446e+00 
3.095446e+00 
3.095446e+00 
3.095446e+00 
3.095446e+00 
3.095446e+00 
3.095446e+00 
3.095446e+00 
3.095446e+00 
3.095446e+00 
3.095446e+00 
3.095446e+00 
3.095446e+00 
3.095446e+00 
3.095446e+00 
3.095446e+00 
3.095446e+00 
3.095446e+00 
3.095446e+00 
3.095446e+00 
3.095446e+00 
3.095446e+00 
3.095446e+00 
3.095446e+00 
3.095446e+00 
3.095446e+00 
3.095446e+00 
3.095446e+00 
3.095446e+00 
3.095446e+00 
3.095446e+00 
3.095446e+00 
3.095446e+00 
3.095446e+00 
3.095446e+00 
3.095446e+00 
3.095446e+00 
3.095446e+00 
3.095446e+00 
3.095446e+00 
3.095446e+00 
3.095446e+00 
3.095446e+00 
3.095446e+00 
3.095446e+00 
3.095446e+00 
3.095446e+00 
3.095446e+00 
3.095446e+00 
3.095446e+00 
3.095446e+00 
3.095446e+00 
3.095446e+00 
3.095446e+00 
3.095446e+00 
3.095446e+00 
3.095446e+00 
3.095446e+00 
3.095446e+00 
3.095446e+00 
3.095446e+00 
3.095446e+00 
3.095446e+00 
3.095446e+00 
3.095446e+00 
3.095446e+00 
3.095446e+00 
3.095446e+00 
3.095446e+00 
3.095446e+00 
3.095446e+00 
3.095446e+00 
3.095446e+00 
3.091007e+00 
3.091007e+00 
3.070022e+00 
3.070022e+00 
3.070022e+00 
3.070022e+00 
3.070022e+00 
3.070022e+00 
3.070022e+00 
3.070022e+00 
3.070022e+00 
3.070022e+00 
3.070022e+00 
3.070022e+00 
3.070022e+00 
3.070022e+00 
2.742004e+00 
2.742004e+00 
2.742004e+00 
2.742004e+00 
2.742004e+00 
2.742004e+00 
2.742004e+00 
2.742004e+00 
2.742004e+00 
2.742004e+00 
2.742004e+00 
2.742004e+00 
2.742004e+00 
2.742004e+00 
2.742004e+00 
2.742004e+00 
2.742004e+00 
2.742004e+00 
2.742004e+00 
2.742004e+00 
2.742004e+00 
2.742004e+00 
2.742004e+00 
2.742004e+00 
2.742004e+00 
2.742004e+00 
2.742004e+00 
2.742004e+00 
2.742004e+00 
2.742004e+00 
2.742004e+00 
2.742004e+00 
2.742004e+00 
2.742004e+00 
2.742004e+00 
2.742004e+00 
2.742004e+00 
2.742004e+00 
2.742004e+00 
2.742004e+00 
2.742004e+00 
2.742004e+00 
2.742004e+00 
2.742004e+00 
2.742004e+00 
2.742004e+00 
2.742004e+00 
2.742004e+00 
2.742004e+00 
2.742004e+00 
2.742004e+00 
2.742004e+00 
2.742004e+00 
2.742004e+00 
2.742004e+00 
2.742004e+00 
2.742004e+00 
2.742004e+00 
2.742004e+00 
2.742004e+00 
2.742004e+00 
2.742004e+00 
2.742004e+00 
2.742004e+00 
2.672076e+00 
2.672076e+00 
2.672076e+00 
2.672076e+00 
2.672076e+00 
2.672076e+00 
2.672076e+00 
2.672076e+00 
2.672076e+00 
2.672076e+00 
2.672076e+00 
2.672076e+00 
2.672076e+00 
2.672076e+00 
2.672076e+00 
2.672076e+00 
2.672076e+00 
2.008824e+00 
2.008824e+00 
2.008824e+00 
2.008824e+00 
2.008824e+00 
2.008824e+00 
2.008824e+00 
2.008824e+00 
2.008824e+00 
2.008824e+00 
2.008824e+00 
2.008824e+00 
2.008824e+00 
2.008824e+00 
2.008824e+00 
2.008824e+00 
2.008824e+00 
2.008824e+00 
2.008824e+00 
2.008824e+00 
2.008824e+00 
2.008824e+00 
2.008824e+00 
2.008824e+00 
2.008824e+00 
2.008824e+00 
2.008824e+00 
2.008824e+00 
2.008824e+00 
2.008824e+00 
2.008824e+00 
2.008824e+00 
2.008824e+00 
2.008824e+00 
2.008824e+00 
2.008824e+00 
2.008824e+00 
2.008824e+00 
2.008824e+00 
2.008824e+00 
2.008824e+00 
2.008824e+00 
2.008824e+00 
2.008824e+00 
2.008824e+00 
2.008824e+00 
2.008824e+00 
2.008824e+00 
2.008824e+00 
2.008824e+00 
2.008824e+00 
2.008824e+00 
2.008824e+00 
2.008824e+00 
2.008824e+00 
2.008824e+00 
2.008824e+00 
2.008824e+00 
2.008824e+00 
2.008824e+00 
2.008824e+00 
2.008824e+00 
1.825983e+00 
1.825983e+00 
1.825983e+00 
1.825983e+00 
1.825983e+00 
1.825983e+00 
1.825983e+00 
1.662656e+00 
1.662656e+00 
1.662656e+00 
1.662656e+00 
1.662656e+00 
1.662656e+00 
1.662656e+00 
1.662656e+00 
1.662656e+00 
1.662656e+00 
1.662656e+00 
1.662656e+00 
1.662656e+00 
1.662656e+00 
1.662656e+00 
1.662656e+00 
1.662656e+00 
1.662656e+00 
1.662656e+00 
1.662656e+00 
1.662656e+00 
1.662656e+00 
1.662656e+00 
1.662656e+00 
1.662656e+00 
1.662656e+00 
1.662656e+00 
1.662656e+00 
1.662656e+00 
1.660100e+00 
1.572613e+00 
1.572613e+00 
1.572613e+00 
1.572613e+00 
1.572613e+00 
1.572613e+00 
1.572613e+00 
1.572613e+00 
1.572613e+00 
1.572613e+00 
1.572613e+00 
1.572613e+00 
1.572613e+00 
1.572613e+00 
1.572613e+00 
1.572613e+00 
1.572613e+00 
1.572613e+00 
1.572613e+00 
1.572613e+00 
1.572613e+00 
1.572613e+00 
1.572613e+00 
1.572613e+00 
1.572613e+00 
1.572613e+00 
1.572613e+00 
1.572613e+00 
1.572613e+00 
1.572613e+00 
1.572613e+00 
1.572613e+00 
1.572613e+00 
1.572613e+00 
1.572613e+00 
1.572613e+00 
1.572613e+00 
1.572613e+00 
1.572613e+00 
1.572613e+00 
1.572613e+00 
1.572613e+00 
1.572613e+00 
1.572613e+00 
1.572613e+00 
1.572613e+00 
1.572613e+00 
1.572613e+00 
1.572613e+00 
1.572613e+00 
1.572613e+00 
1.572613e+00 
1.572613e+00 
1.572613e+00 
1.572613e+00 
1.572613e+00 
1.572613e+00 
1.572613e+00 
1.572613e+00 
1.572613e+00 
1.572613e+00 
1.572613e+00 
1.572613e+00 
1.572613e+00 
1.572613e+00 
1.564081e+00 
1.564081e+00 
1.564081e+00 
1.564081e+00 
1.564081e+00 
1.564081e+00 
1.564081e+00 
1.564081e+00 
1.564081e+00 
1.564081e+00 
1.546140e+00 
1.546140e+00 
1.546140e+00 
1.546140e+00 
1.546140e+00 
1.546140e+00 
1.546140e+00 
1.546140e+00 
1.546140e+00 
1.546140e+00 
1.546140e+00 
1.536014e+00 
1.536014e+00 
1.536014e+00 
1.536014e+00 
1.536014e+00 
1.536014e+00 
1.536014e+00 
1.536014e+00 
1.536014e+00 
1.536014e+00 
1.536014e+00 
1.536014e+00 
1.536014e+00 
1.536014e+00 
1.536014e+00 
1.536014e+00 
1.536014e+00 
1.536014e+00 
1.536014e+00 
1.536014e+00 
1.536014e+00 
1.536014e+00 
1.536014e+00 
1.536014e+00 
1.536014e+00 
1.536014e+00 
1.536014e+00 
1.536014e+00 
1.536014e+00 
1.536014e+00 
1.536014e+00 
1.536014e+00 
1.536014e+00 
1.536014e+00 
1.536014e+00 
1.536014e+00 
1.536014e+00 
1.536014e+00 
1.536014e+00 
1.536014e+00 
1.536014e+00 
1.536014e+00 
1.536014e+00 
1.536014e+00 
1.536014e+00 
1.536014e+00 
1.536014e+00 
1.536014e+00 
1.536014e+00 
1.536014e+00 
1.536014e+00 
1.536014e+00 
1.536014e+00 
1.536014e+00 
1.536014e+00 
1.536014e+00 
1.536014e+00 
1.536014e+00 
1.536014e+00 
1.536014e+00 
1.536014e+00 
1.536014e+00 
1.536014e+00 
1.536014e+00 
1.536014e+00 
1.536014e+00 
1.536014e+00 
1.536014e+00 
1.536014e+00 
1.536014e+00 
1.536014e+00 
1.536014e+00 
1.536014e+00 
1.536014e+00 
1.536014e+00 
1.536014e+00 
1.536014e+00 
1.536014e+00 
1.536014e+00 
1.536014e+00 
1.536014e+00 
1.536014e+00 
1.536014e+00 
1.536014e+00 
1.536014e+00 
1.536014e+00 
1.536014e+00 
1.536014e+00 
1.536014e+00 
1.536014e+00 
1.536014e+00 
1.536014e+00 
1.536014e+00 
1.536014e+00 
1.536014e+00 
1.536014e+00 
1.536014e+00 
1.536014e+00 
1.536014e+00 
1.536014e+00 
1.536014e+00 
1.536014e+00 
1.536014e+00 
1.536014e+00 
1.536014e+00 
1.536014e+00 
1.536014e+00 
1.536014e+00 
1.536014e+00 
1.536014e+00 
1.536014e+00 
1.536014e+00 
1.536014e+00 
1.536014e+00 
1.536014e+00 
1.536014e+00 
1.536014e+00 
1.536014e+00 
1.536014e+00 
1.536014e+00 
1.536014e+00 
1.536014e+00 
1.536014e+00 
1.536014e+00 
1.536014e+00 
1.536014e+00 
1.536014e+00 
1.536014e+00 
1.536014e+00 
1.536014e+00 
1.536014e+00 
1.536014e+00 
1.536014e+00 
1.536014e+00 
1.536014e+00 
1.536014e+00 
1.536014e+00 
1.536014e+00 
1.536014e+00 
1.536014e+00 
1.536014e+00 
1.536014e+00 
1.536014e+00 
1.536014e+00 
1.536014e+00 
1.536014e+00 
1.536014e+00 
1.536014e+00 
1.536014e+00 
1.536014e+00 
1.536014e+00 
1.536014e+00 
1.536014e+00 
1.536014e+00 
1.536014e+00 
1.536014e+00 
1.536014e+00 
1.536014e+00 
1.536014e+00 
1.536014e+00 
1.536014e+00 
1.536014e+00 
1.536014e+00 
1.536014e+00 
1.536014e+00 
1.536014e+00 
1.536014e+00 
1.536014e+00 
1.536014e+00 
1.536014e+00 
1.536014e+00 
1.536014e+00 
1.536014e+00 
1.536014e+00 
1.536014e+00 
1.536014e+00 
1.536014e+00 
1.536014e+00 
1.536014e+00 
1.536014e+00 
1.536014e+00 
1.536014e+00 
1.536014e+00 
1.536014e+00 
1.536014e+00 
1.536014e+00 
1.536014e+00 
1.536014e+00 
1.536014e+00 
1.536014e+00 
1.536014e+00 
1.536014e+00 
1.536014e+00 
1.536014e+00 
1.536014e+00 
1.536014e+00 
1.536014e+00 
1.536014e+00 
1.536014e+00 
1.536014e+00 
1.536014e+00 
1.536014e+00 
1.536014e+00 
1.536014e+00 
1.536014e+00 
1.536014e+00 
1.536014e+00 
1.536014e+00 
1.536014e+00 
1.536014e+00 
1.536014e+00 
1.536014e+00 
1.536014e+00 
1.536014e+00 
1.536014e+00 
1.536014e+00 
1.536014e+00 
1.536014e+00 
1.536014e+00 
1.536014e+00 
1.536014e+00 
1.536014e+00 
1.536014e+00 
1.536014e+00 
1.530221e+00 
1.530221e+00 
1.530221e+00 
1.530221e+00 
1.530221e+00 
1.530221e+00 
1.530221e+00 
1.530221e+00 
1.530221e+00 
1.530221e+00 
1.530221e+00 
1.530221e+00 
1.530221e+00 
1.530221e+00 
1.530221e+00 
1.530221e+00 
1.530221e+00 
1.530221e+00 
1.530221e+00 
1.530221e+00 
1.530221e+00 
1.530221e+00 
1.530221e+00 
1.530221e+00 
1.530221e+00 
1.530221e+00 
1.530221e+00 
1.530221e+00 
1.530221e+00 
1.530221e+00 
1.530221e+00 
1.530221e+00 
1.530221e+00 
1.530221e+00 
1.530221e+00 
1.530221e+00 
1.530221e+00 
1.530221e+00 
1.530221e+00 
1.530221e+00 
1.530221e+00 
1.530221e+00 
1.530221e+00 
1.530221e+00 
1.530221e+00 
1.530221e+00 
1.530221e+00 
1.530221e+00 
1.530221e+00 
1.530221e+00 
1.530221e+00 
1.530221e+00 
1.530221e+00 
1.530221e+00 
1.530221e+00 
1.530221e+00 
1.530221e+00 
1.530221e+00 
1.530221e+00 
1.530221e+00 
1.530221e+00 
1.530221e+00 
1.530221e+00 
1.530221e+00 
1.530221e+00 
1.530221e+00 
1.530221e+00 
1.530221e+00 
1.530221e+00 
1.530221e+00 
1.530221e+00 
1.530221e+00 
1.530221e+00 
1.530221e+00 
1.530221e+00 
1.530221e+00 
1.530221e+00 
1.529584e+00 
1.529584e+00 
1.529393e+00 
1.529393e+00 
1.529393e+00 
1.529393e+00 
1.529393e+00 
1.529393e+00 
1.529393e+00 
1.529393e+00 
1.529393e+00 
1.529393e+00 
1.524617e+00 
1.524617e+00 
1.524617e+00 
1.524617e+00 
1.524617e+00 
1.524617e+00 
1.524617e+00 
1.524617e+00 
1.524617e+00 
1.524617e+00 
1.524617e+00 
1.524617e+00 
1.524617e+00 
1.524617e+00 
1.524617e+00 
1.524617e+00 
1.524617e+00 
1.524617e+00 
1.524617e+00 
1.524617e+00 
1.524617e+00 
1.524617e+00 
1.524617e+00 
1.524617e+00 
1.524617e+00 
1.524617e+00 
1.524617e+00 
1.524617e+00 
1.524617e+00 
1.524617e+00 
1.524617e+00 
1.524617e+00 
1.524617e+00 
1.524617e+00 
1.524617e+00 
1.524617e+00 
1.524617e+00 
1.524617e+00 
1.524617e+00 
1.524617e+00 
1.524617e+00 
1.524617e+00 
1.524617e+00 
1.524617e+00 
1.524617e+00 
1.524617e+00 
1.524617e+00 
1.524617e+00 
1.524617e+00 
1.524617e+00 
1.524617e+00 
1.524617e+00 
1.524617e+00 
1.524617e+00 
1.524617e+00 
1.524617e+00 
1.524617e+00 
1.524081e+00 
1.524081e+00 
1.524081e+00 
1.524081e+00 
1.524081e+00 
1.524081e+00 
1.524081e+00 
1.524081e+00 
1.524081e+00 
1.524081e+00 
1.524081e+00 
1.524081e+00 
1.524081e+00 
1.524081e+00 
1.524081e+00 
1.524081e+00 
1.524081e+00 
1.524081e+00 
1.524081e+00 
1.524081e+00 
1.524081e+00 
1.524081e+00 
1.524081e+00 
1.524081e+00 
1.524081e+00 
1.524081e+00 
1.524081e+00 
1.524081e+00 
1.524081e+00 
1.524081e+00 
1.524081e+00 
1.524081e+00 
1.524081e+00 
1.524081e+00 
1.524081e+00 
1.524081e+00 
1.524081e+00 
1.524081e+00 
1.524081e+00 
1.524081e+00 
1.524081e+00 
1.524081e+00 
1.524081e+00 
1.524081e+00 
1.524081e+00 
1.524081e+00 
1.524081e+00 
1.523862e+00 
1.523862e+00 
1.523862e+00 
1.523470e+00 
1.523470e+00 
1.523470e+00 
1.523470e+00 
1.523470e+00 
1.523470e+00 
1.523470e+00 
1.523470e+00 
1.523470e+00 
1.523470e+00 
1.523392e+00 
1.523392e+00 
1.523392e+00 
1.523392e+00 
1.523392e+00 
1.523392e+00 
1.523392e+00 
1.523392e+00 
1.523392e+00 
1.523392e+00 
1.523392e+00 
1.523392e+00 
1.523392e+00 
1.523392e+00 
1.523392e+00 
1.523392e+00 
1.523392e+00 
1.523392e+00 
1.523392e+00 
1.523392e+00 
1.523392e+00 
1.523392e+00 
1.523392e+00 
1.523392e+00 
1.523392e+00 
1.523392e+00 
1.523392e+00 
1.523392e+00 
1.523367e+00 
1.523367e+00 
1.523367e+00 
1.523367e+00 
1.523367e+00 
1.523367e+00 
1.523367e+00 
1.523367e+00 
1.523367e+00 
1.523367e+00 
1.523367e+00 
1.523367e+00 
1.522912e+00 
1.522912e+00 
1.522912e+00 
1.522912e+00 
1.522912e+00 
1.522912e+00 
1.522912e+00 
1.522912e+00 
1.522912e+00 
1.522912e+00 
1.522912e+00 
1.522912e+00 
1.522912e+00 
1.522912e+00 
1.522912e+00 
1.522912e+00 
1.522912e+00 
1.522912e+00 
1.522912e+00 
1.522912e+00 
1.522912e+00 
1.522912e+00 
1.522912e+00 
1.522912e+00 
1.522912e+00 
1.522912e+00 
1.522912e+00 
1.522912e+00 
1.522912e+00 
1.522912e+00 
1.522912e+00 
1.522912e+00 
1.522912e+00 
1.522912e+00 
1.522912e+00 
1.522912e+00 
1.522912e+00 
1.522912e+00 
1.522912e+00 
1.522912e+00 
1.522912e+00 
1.522912e+00 
1.522912e+00 
1.522912e+00 
1.522912e+00 
1.522912e+00 
1.522912e+00 
1.522912e+00 
1.522912e+00 
1.522912e+00 
1.522912e+00 
1.522912e+00 
1.522912e+00 
1.522912e+00 
1.522912e+00 
1.522912e+00 
1.522912e+00 
1.522912e+00 
1.522912e+00 
1.522912e+00 
1.522912e+00 
1.522912e+00 
1.522890e+00 
1.522890e+00 
1.522890e+00 
1.522890e+00 
1.522867e+00 
1.522867e+00 
1.522867e+00 
1.522867e+00 
1.522867e+00 
1.522867e+00 
1.522867e+00 
1.522867e+00 
1.522867e+00 
1.522867e+00 
1.522867e+00 
1.522863e+00 
1.522863e+00 
1.522863e+00 
1.522863e+00 
1.522863e+00 
1.522863e+00 
1.522863e+00 
1.522863e+00 
1.522863e+00 
1.522863e+00 
1.522849e+00 
1.522830e+00 
1.522816e+00 
1.522805e+00 
1.522797e+00 
1.522791e+00 
1.522786e+00 
1.522783e+00 
1.522780e+00 
1.522778e+00 
1.522776e+00 
1.522775e+00 
1.522774e+00 
1.522774e+00 
1.522773e+00 
1.522773e+00 
1.522773e+00 
1.522772e+00 
1.522772e+00 
1.522772e+00 
1.522772e+00 
1.522772e+00 
1.522772e+00 
1.522772e+00 
1.522772e+00 
1.522772e+00 
1.522772e+00 
1.522772e+00 
1.522772e+00 
1.522772e+00 
1.522772e+00 
1.522772e+00 
1.522772e+00 
1.522772e+00 
1.522772e+00 
1.522772e+00 
1.522772e+00 
1.522772e+00 
1.522772e+00 
1.522772e+00 
1.522772e+00 
1.522772e+00 
1.522772e+00 
1.522772e+00 
1.522772e+00 
1.522772e+00 
1.522772e+00 
1.522772e+00 
1.522772e+00 
1.522772e+00 
1.522772e+00 
1.522772e+00 
1.522772e+00 
1.522772e+00 
1.522772e+00 
1.522772e+00 
1.522772e+00 
1.522772e+00 
1.522772e+00 
1.522772e+00 
1.522772e+00 
1.522772e+00 
1.522772e+00 
1.522772e+00 
1.522772e+00 
1.522772e+00 
1.522772e+00 
1.522772e+00 
1.522772e+00 
1.522772e+00 
1.522772e+00 
1.522772e+00 
1.522772e+00 
1.522772e+00 
1.418675e+00 
1.418675e+00 
1.418675e+00 
1.418675e+00 
1.418675e+00 
1.418675e+00 
1.418675e+00 
1.418675e+00 
1.418675e+00 
1.418675e+00 
1.418675e+00 
1.418675e+00 
1.418675e+00 
1.418675e+00 
1.418675e+00 
1.418675e+00 
1.318088e+00 
1.318088e+00 
1.318088e+00 
1.318088e+00 
1.318088e+00 
1.318088e+00 
1.266261e+00 
1.266261e+00 
1.228379e+00 
1.228379e+00 
1.228379e+00 
1.228379e+00 
1.228379e+00 
1.228379e+00 
1.228379e+00 
1.228379e+00 
1.228379e+00 
1.228379e+00 
1.228379e+00 
1.228379e+00 
1.228379e+00 
1.228379e+00 
1.228379e+00 
1.228379e+00 
9.988821e-01 
9.988821e-01 
9.988821e-01 
9.988821e-01 
9.988821e-01 
9.988821e-01 
9.988821e-01 
9.988821e-01 
9.988821e-01 
9.988821e-01 
9.988821e-01 
9.988821e-01 
9.988821e-01 
9.988821e-01 
9.988821e-01 
9.988821e-01 
9.988821e-01 
9.185572e-01 
9.185572e-01 
9.185572e-01 
9.185572e-01 
9.185572e-01 
9.185572e-01 
8.798798e-01 
8.798798e-01 
8.798798e-01 
8.798798e-01 
8.419806e-01 
8.419806e-01 
8.419806e-01 
8.419806e-01 
8.092269e-01 
8.092269e-01 
8.092269e-01 
8.092269e-01 
8.092269e-01 
8.092269e-01 
7.280907e-01 
7.280907e-01 
7.280907e-01 
7.280907e-01 
7.280907e-01 
7.280907e-01 
7.280907e-01 
7.280907e-01 
7.280907e-01 
7.280907e-01 
7.280907e-01 
7.280907e-01 
7.094721e-01 
7.094721e-01 
7.094721e-01 
7.094721e-01 
7.094721e-01 
7.094721e-01 
7.094721e-01 
7.094721e-01 
7.094721e-01 
7.094721e-01 
7.094721e-01 
7.094721e-01 
7.091064e-01 
7.091064e-01 
7.091064e-01 
7.091064e-01 
7.039532e-01 
7.039532e-01 
7.039532e-01 
7.039532e-01 
7.039532e-01 
7.039532e-01 
7.039532e-01 
7.039532e-01 
7.039532e-01 
7.039532e-01 
7.039532e-01 
7.039532e-01 
7.039532e-01 
7.039532e-01 
7.039532e-01 
7.036460e-01 
7.036460e-01 
7.036460e-01 
7.036460e-01 
7.036460e-01 
7.036460e-01 
7.036460e-01 
7.036460e-01 
7.036460e-01 
7.036460e-01 
7.036460e-01 
7.036460e-01 
7.036460e-01 
7.036460e-01 
7.036460e-01 
7.036460e-01 
7.036460e-01 
7.036460e-01 
7.036460e-01 
7.036460e-01 
7.036460e-01 
7.036460e-01 
7.036460e-01 
7.036460e-01 
7.036460e-01 
7.036460e-01 
7.036460e-01 
7.036460e-01 
7.036460e-01 
7.036460e-01 
7.036460e-01 
7.036460e-01 
7.036460e-01 
7.036460e-01 
7.036460e-01 
7.036460e-01 
7.036460e-01 
7.036460e-01 
7.036460e-01 
7.036460e-01 
7.036460e-01 
7.036460e-01 
7.036460e-01 
7.036460e-01 
7.036460e-01 
7.022576e-01 
7.022576e-01 
7.021880e-01 
7.021880e-01 
7.018370e-01 
7.018370e-01 
7.018370e-01 
7.018370e-01 
7.018370e-01 
7.018370e-01 
7.018370e-01 
7.018370e-01 
7.018370e-01 
7.015193e-01 
7.015193e-01 
7.015193e-01 
7.015193e-01 
7.015193e-01 
7.015193e-01 
7.015193e-01 
7.015193e-01 
7.015193e-01 
7.014311e-01 
7.007507e-01 
7.007507e-01 
7.007507e-01 
7.007507e-01 
7.007507e-01 
7.007507e-01 
7.007507e-01 
7.007507e-01 
7.007507e-01 
7.007507e-01 
7.007507e-01 
7.007507e-01 
7.007507e-01 
7.007507e-01 
7.007507e-01 
7.007507e-01 
7.007507e-01 
7.007507e-01 
7.007507e-01 
7.007507e-01 
7.007507e-01 
7.007507e-01 
7.007507e-01 
7.007507e-01 
7.007507e-01 
7.007507e-01 
7.007302e-01 
7.007302e-01 
7.007068e-01 
7.007068e-01 
7.007068e-01 
7.007068e-01 
7.007068e-01 
7.007068e-01 
7.007068e-01 
7.007068e-01 
7.006822e-01 
7.006822e-01 
7.006822e-01 
7.006822e-01 
7.006822e-01 
7.006822e-01 
7.006822e-01 
7.006822e-01 
7.006822e-01 
7.006822e-01 
7.006822e-01 
7.006822e-01 
7.006822e-01 
7.006822e-01 
7.006822e-01 
7.006822e-01 
7.006822e-01 
7.006822e-01 
7.006493e-01 
7.006493e-01 
7.006493e-01 
7.006493e-01 
7.006493e-01 
7.006493e-01 
7.006493e-01 
7.006493e-01 
7.006493e-01 
7.006493e-01 
7.006493e-01 
7.006493e-01 
7.006493e-01 
7.006493e-01 
7.006493e-01 
7.006493e-01 
7.006493e-01 
7.006493e-01 
7.006493e-01 
7.006493e-01 
7.006493e-01 
7.006493e-01 
7.006493e-01 
7.006493e-01 
7.006493e-01 
7.006493e-01 
7.006493e-01 
7.006493e-01 
7.006493e-01 
7.006493e-01 
7.006493e-01 
7.006493e-01 
7.006493e-01 
7.006493e-01 
7.006493e-01 
7.006493e-01 
7.006493e-01 
7.006493e-01 
7.006493e-01 
7.006493e-01 
7.006493e-01 
7.006493e-01 
7.006493e-01 
7.006493e-01 
7.006493e-01 
7.006493e-01 
7.006493e-01 
7.006493e-01 
7.006399e-01 
7.006399e-01 
7.006399e-01 
7.006399e-01 
7.006399e-01 
7.006399e-01 
7.006399e-01 
7.006399e-01 
7.006338e-01 
7.006338e-01 
7.006338e-01 
7.006338e-01 
7.006338e-01 
7.006338e-01 
7.006338e-01 
7.006328e-01 
7.006328e-01 
7.006328e-01 
7.006328e-01 
7.006328e-01 
7.006328e-01 
7.006328e-01 
7.006328e-01 
7.006303e-01 
7.006303e-01 
7.006297e-01 
7.006297e-01 
7.006297e-01 
7.006297e-01 
7.006273e-01 
7.006273e-01 
7.006271e-01 
7.006271e-01 
7.006271e-01 
7.006271e-01 
7.006271e-01 
7.006271e-01 
7.006271e-01 
7.006271e-01 
7.006271e-01 
7.006271e-01 
7.006271e-01 
7.006271e-01 
7.006271e-01 
7.006271e-01 
7.006255e-01 
7.006255e-01 
7.006255e-01 
7.006255e-01 
7.006255e-01 
7.006255e-01 
7.006255e-01 
7.006255e-01 
7.006255e-01 
7.006255e-01 
7.006255e-01 
7.006255e-01 
7.006255e-01 
7.006255e-01 
7.006255e-01 
7.006255e-01 
7.006255e-01 
7.006250e-01 
7.006250e-01 
7.006250e-01 
7.006250e-01 
7.006250e-01 
7.006250e-01 
7.006250e-01 
7.006250e-01 
7.006250e-01 
7.006250e-01 
7.006250e-01 
7.006250e-01 
7.006250e-01 
7.006250e-01 
7.006250e-01 
7.006250e-01 
7.006250e-01 
7.006250e-01 
7.006250e-01 
7.006250e-01 
7.006250e-01 
7.006250e-01 
7.006250e-01 
7.006250e-01 
7.006250e-01 
7.006250e-01 
7.006250e-01 
7.006250e-01 
7.006250e-01 
7.006250e-01 
7.006250e-01 
7.006250e-01 
7.006250e-01 
7.006250e-01 
7.006250e-01 
7.006250e-01 
7.006250e-01 
7.006250e-01 
7.006250e-01 
7.006250e-01 
7.006250e-01 
7.006250e-01 
7.006250e-01 
7.006250e-01 
7.006250e-01 
7.006250e-01 
7.006250e-01 
7.006250e-01 
7.006250e-01 
7.006250e-01 
7.006250e-01 
7.006250e-01 
7.006250e-01 
7.006249e-01 
7.006249e-01 
7.006249e-01 
7.006249e-01 
7.006249e-01 
7.006249e-01 
7.006249e-01 
7.006249e-01 
7.006249e-01 
7.006249e-01 
7.006249e-01 
7.006249e-01 
7.006249e-01 
7.006249e-01 
7.006249e-01 
7.006249e-01 
7.006249e-01 
7.006249e-01 
7.006249e-01 
7.006249e-01 
7.006249e-01 
7.006249e-01 
7.006249e-01 
7.006249e-01 
7.006249e-01 
7.006249e-01 
7.006249e-01 
7.006249e-01 
7.006249e-01 
7.006249e-01 
7.006249e-01 
7.006249e-01 
7.006249e-01 
7.006249e-01 
7.006249e-01 
7.006249e-01 
7.006249e-01 
7.006249e-01 
7.006249e-01 
7.006249e-01 
7.006249e-01 
7.006249e-01 
7.006249e-01 
7.006249e-01 
7.006249e-01 
7.006249e-01 
7.006249e-01 
7.006249e-01 
7.006249e-01 
7.006249e-01 
7.006249e-01 
7.006249e-01 
7.006249e-01 
7.006249e-01 
7.006249e-01 
7.006249e-01 
7.006249e-01 
7.006249e-01 
7.006249e-01 
7.006249e-01 
7.006249e-01 
7.006249e-01 
7.006249e-01 
7.006249e-01 
7.006249e-01 
7.006249e-01 
7.006249e-01 
7.006249e-01 
7.006249e-01 
7.006249e-01 
7.006249e-01 
7.006249e-01 
7.006249e-01 
7.006249e-01 
7.006249e-01 
7.006249e-01 
7.006249e-01 
7.006249e-01 
7.006249e-01 
7.006249e-01 
7.006249e-01 
7.006249e-01 
7.006249e-01 
7.006249e-01 
7.006249e-01 
7.006249e-01 
7.006249e-01 
7.006249e-01 
7.006249e-01 
7.006249e-01 
7.006249e-01 
7.006249e-01 
7.006249e-01 
7.006249e-01 
7.006249e-01 
7.006249e-01 
7.006249e-01 
7.006249e-01 
7.006249e-01 
7.006249e-01 
7.006249e-01 
7.006249e-01 
7.006249e-01 
7.006249e-01 
7.006249e-01 
7.006249e-01 
7.006249e-01 
7.006249e-01 
7.006249e-01 
7.006249e-01 
7.006249e-01 
7.006249e-01 
7.006249e-01 
7.006249e-01 
7.006249e-01 
7.006249e-01 
7.006249e-01 
7.006249e-01 
7.006249e-01 
7.006249e-01 
7.006249e-01 
7.006249e-01 
7.006249e-01 
7.006249e-01 
7.006249e-01 
7.006249e-01 
7.006249e-01 
7.006249e-01 
7.006249e-01 
7.006249e-01 
7.006249e-01 
7.006249e-01 
7.006249e-01 
7.006249e-01 
7.006249e-01 
7.006249e-01 
7.006249e-01 
7.006249e-01 
7.006249e-01 
7.006249e-01 
7.006249e-01 
7.006249e-01 
7.006249e-01 
7.006249e-01 
7.006249e-01 
7.006249e-01 
7.006249e-01 
7.006249e-01 
7.006249e-01 
7.006249e-01 
7.006249e-01 
7.006249e-01 
7.006249e-01 
7.006249e-01 
7.006249e-01 
7.006249e-01 
7.006249e-01 
7.006249e-01 
7.006249e-01 
7.006249e-01 
7.006249e-01 
7.006249e-01 
7.006249e-01 
7.006249e-01 
7.006249e-01 
7.006249e-01 
7.006249e-01 
7.006249e-01 
7.006249e-01 
7.006249e-01 
7.006249e-01 
7.006249e-01 
7.006249e-01 
7.006249e-01 
7.006249e-01 
7.006249e-01 
7.006249e-01 
7.006249e-01 
7.006249e-01 
7.006249e-01 
7.006249e-01 
7.006249e-01 
7.006249e-01 
7.006249e-01 
7.006249e-01 
7.006249e-01 
7.006249e-01 
7.006249e-01 
7.006249e-01 
7.006249e-01 
7.006249e-01 
7.006249e-01 
7.006249e-01 
7.006249e-01 
7.006249e-01 
7.006249e-01 
7.006249e-01 
7.006249e-01 
7.006249e-01 
7.006249e-01 
7.006249e-01 
7.006249e-01 
7.006249e-01 
7.006249e-01 
7.006249e-01 
7.006249e-01 
7.006249e-01 
7.006249e-01 
7.006249e-01 
7.006249e-01 
7.006249e-01 
7.006249e-01 
7.006249e-01 
7.006249e-01 
7.006249e-01 
7.006249e-01 
7.006249e-01 
7.006249e-01 
7.006249e-01 
7.006249e-01 
7.006249e-01 
7.006249e-01 
7.006249e-01 
7.006249e-01 
7.006249e-01 
7.006249e-01 
7.006249e-01 
7.006249e-01 
7.006249e-01 
7.006249e-01 
7.006249e-01 
7.006249e-01 
7.006249e-01 
7.006249e-01 
7.006249e-01 
7.006249e-01 
7.006249e-01 
7.006249e-01 
7.006249e-01 
7.006249e-01 
7.006249e-01 
7.006249e-01 
7.006249e-01 
7.006249e-01 
7.006249e-01 
7.006249e-01 
7.006249e-01 
7.006249e-01 
7.006249e-01 
7.006249e-01 
7.006249e-01 
7.006249e-01 
7.006249e-01 
7.006249e-01 
7.006249e-01 
7.006249e-01 
7.006249e-01 
7.006249e-01 
7.006249e-01 
7.006249e-01 
7.006249e-01 
7.006249e-01 
7.006249e-01 
7.006249e-01 
7.006249e-01 
7.006249e-01 
7.006249e-01 
7.006249e-01 
7.006249e-01 
7.006249e-01 
7.006249e-01 
7.006249e-01 
7.006249e-01 
7.006249e-01 
7.006249e-01 
7.006249e-01 
7.006249e-01 
7.006249e-01 
7.006249e-01 
7.006249e-01 
7.006249e-01 
7.006249e-01 
7.006249e-01 
7.006249e-01 
7.006249e-01 
7.006249e-01 
7.006249e-01 
7.006249e-01 
7.006249e-01 
7.006249e-01 
7.006249e-01 
7.006249e-01 
7.006249e-01 
7.006249e-01 
7.006249e-01 
7.006249e-01 
7.006249e-01 
7.006249e-01 
7.006249e-01 
7.006249e-01 
7.006249e-01 
7.006249e-01 
7.006249e-01 
7.006249e-01 
7.006249e-01 
7.006249e-01 
7.006249e-01 
7.006249e-01 
7.006249e-01 
7.006249e-01 
7.006249e-01 
7.006249e-01 
7.006249e-01 
7.006249e-01 
7.006249e-01 
7.006249e-01 
7.006249e-01 
7.006249e-01 
7.006249e-01 
7.006249e-01 
7.006249e-01 
7.006249e-01 
7.006249e-01 
7.006249e-01 
7.006249e-01 
7.006249e-01 
7.006249e-01 
7.006249e-01 
7.006249e-01 
7.006249e-01 
7.006249e-01 
7.006249e-01 
7.006249e-01 
7.006249e-01 
7.006249e-01 
7.006249e-01 
7.006249e-01 
7.006249e-01 
7.006249e-01 
7.006249e-01 
7.006249e-01 
7.006249e-01 
7.006249e-01 
7.006249e-01 
7.006249e-01 
7.006249e-01 
7.006249e-01 
7.006249e-01 
7.006249e-01 
7.006249e-01 
7.006249e-01 
7.006249e-01 
7.006249e-01 
7.006249e-01 
7.006249e-01 
7.006249e-01 
7.006249e-01 
7.006249e-01 
7.006249e-01 
7.006249e-01 
7.006249e-01 
7.006249e-01 
7.006249e-01 
7.006249e-01 
7.006249e-01 
7.006249e-01 
7.006249e-01 
7.006249e-01 
7.006249e-01 
7.006249e-01 
7.006249e-01 
7.006249e-01 
7.006249e-01 
5.733231e-01 
5.733231e-01 
5.733231e-01 
5.733231e-01 
5.733231e-01 
5.733231e-01 
5.733231e-01 
5.733231e-01 
5.733231e-01 
5.733231e-01 
5.733231e-01 
5.733231e-01 
5.733231e-01 
5.733231e-01 
5.733231e-01 
5.733231e-01 
5.733231e-01 
5.733231e-01 
5.681807e-01 
5.681807e-01 
5.681807e-01 
5.681807e-01 
5.681807e-01 
5.681807e-01 
5.681807e-01 
5.472655e-01 
5.472655e-01 
5.472655e-01 
5.472655e-01 
5.472655e-01 
5.472655e-01 
5.472655e-01 
5.458718e-01 
5.458718e-01 
5.458718e-01 
5.458718e-01 
5.458718e-01 
5.295080e-01 
5.295080e-01 
5.295080e-01 
5.295080e-01 
5.295080e-01 
5.195642e-01 
5.177575e-01 
5.177575e-01 
5.177575e-01 
5.154324e-01 
5.106389e-01 
5.059248e-01 
5.059248e-01 
5.059248e-01 
5.059248e-01 
5.059248e-01 
5.059248e-01 
5.059248e-01 
5.059248e-01 
5.059248e-01 
5.059248e-01 
5.059248e-01 
5.059248e-01 
5.059248e-01 
5.059248e-01 
5.059248e-01 
5.059248e-01 
5.059248e-01 
5.059248e-01 
5.059248e-01 
5.059248e-01 
5.059248e-01 
5.059248e-01 
5.059248e-01 
5.059248e-01 
5.059248e-01 
5.059248e-01 
5.020739e-01 
5.020739e-01 
5.020739e-01 
5.020739e-01 
5.020739e-01 
5.020739e-01 
5.020739e-01 
5.020739e-01 
5.020739e-01 
5.020739e-01 
5.020739e-01 
5.020739e-01 
5.020739e-01 
5.020739e-01 
5.020739e-01 
5.010642e-01 
5.010642e-01 
5.010642e-01 
5.010642e-01 
5.010642e-01 
5.010642e-01 
5.010642e-01 
5.010642e-01 
5.010642e-01 
5.010642e-01 
4.992402e-01 
4.992402e-01 
4.992402e-01 
4.992402e-01 
4.987340e-01 
4.987340e-01 
4.987340e-01 
4.987340e-01 
4.987340e-01 
4.987340e-01 
4.987340e-01 
4.987340e-01 
4.987340e-01 
4.987340e-01 
4.987340e-01 
4.987340e-01 
4.987340e-01 
4.987340e-01 
4.987340e-01 
4.987340e-01 
4.987340e-01 
4.987340e-01 
4.987340e-01 
4.987340e-01 
4.987340e-01 
4.987340e-01 
4.987340e-01 
4.987340e-01 
4.987340e-01 
4.987340e-01 
4.987340e-01 
4.987340e-01 
4.987340e-01 
4.987340e-01 
4.987340e-01 
4.987340e-01 
4.987340e-01 
4.987340e-01 
4.987340e-01 
4.987340e-01 
4.987340e-01 
4.987340e-01 
4.987340e-01 
4.987340e-01 
4.987340e-01 
4.987340e-01 
4.987340e-01 
4.987340e-01 
4.987340e-01 
4.987340e-01 
4.987340e-01 
4.987340e-01 
4.987340e-01 
4.987340e-01 
4.987340e-01 
4.987340e-01 
4.985742e-01 
4.985742e-01 
4.985742e-01 
4.985742e-01 
4.985742e-01 
4.985742e-01 
4.985742e-01 
4.985742e-01 
4.985742e-01 
4.985742e-01 
4.985742e-01 
4.985742e-01 
4.985742e-01 
4.985742e-01 
4.985742e-01 
4.985742e-01 
4.985742e-01 
4.985742e-01 
4.985742e-01 
4.984704e-01 
4.984704e-01 
4.984704e-01 
4.984704e-01 
4.984704e-01 
4.984704e-01 
4.984704e-01 
4.984704e-01 
4.984704e-01 
4.984704e-01 
4.984704e-01 
4.984704e-01 
4.984704e-01 
4.984704e-01 
4.984704e-01 
4.984704e-01 
4.984704e-01 
4.984704e-01 
4.984704e-01 
4.984704e-01 
4.984704e-01 
4.984704e-01 
4.984704e-01 
4.984704e-01 
4.984704e-01 
4.984704e-01 
4.984704e-01 
4.984704e-01 
4.984704e-01 
4.984704e-01 
4.984704e-01 
4.984704e-01 
4.984704e-01 
4.984704e-01 
4.984704e-01 
4.984704e-01 
4.984704e-01 
4.984704e-01 
4.984704e-01 
4.984704e-01 
4.984704e-01 
4.984704e-01 
4.984704e-01 
4.984704e-01 
4.984704e-01 
4.984704e-01 
4.984704e-01 
4.984704e-01 
4.984704e-01 
4.984704e-01 
4.984704e-01 
4.984704e-01 
4.984704e-01 
4.984704e-01 
4.984704e-01 
4.984704e-01 
4.984704e-01 
4.984704e-01 
4.984704e-01 
4.984704e-01 
4.984704e-01 
4.984704e-01 
4.984704e-01 
4.984704e-01 
4.984704e-01 
4.984704e-01 
4.984704e-01 
4.984704e-01 
4.984704e-01 
4.984704e-01 
4.984704e-01 
4.984704e-01 
4.984704e-01 
4.984704e-01 
4.984704e-01 
4.984704e-01 
4.984704e-01 
4.984704e-01 
4.984704e-01 
4.984704e-01 
4.984704e-01 
4.984704e-01 
4.984704e-01 
4.984704e-01 
4.984704e-01 
4.984704e-01 
4.984704e-01 
4.984704e-01 
4.984704e-01 
4.984704e-01 
4.984704e-01 
4.984704e-01 
4.984704e-01 
4.984704e-01 
4.984704e-01 
4.984704e-01 
4.984704e-01 
4.984704e-01 
4.984704e-01 
4.984704e-01 
4.984704e-01 
4.984704e-01 
4.984704e-01 
4.984704e-01 
4.984704e-01 
4.984704e-01 
4.984704e-01 
4.984704e-01 
4.984704e-01 
4.984704e-01 
4.976772e-01 
4.976772e-01 
4.976772e-01 
4.976772e-01 
4.976772e-01 
4.976772e-01 
4.976772e-01 
4.976772e-01 
4.976772e-01 
4.888852e-01 
4.888852e-01 
4.885302e-01 
4.793195e-01 
4.793195e-01 
4.793195e-01 
4.757741e-01 
4.757741e-01 
4.757741e-01 
4.750198e-01 
4.750198e-01 
4.750198e-01 
4.750198e-01 
4.750198e-01 
4.750198e-01 
4.750198e-01 
4.740367e-01 
4.740367e-01 
4.740367e-01 
4.740367e-01 
4.740367e-01 
4.740367e-01 
4.740367e-01 
4.740367e-01 
4.740367e-01 
4.670912e-01 
4.670912e-01 
4.670912e-01 
4.670912e-01 
4.670912e-01 
4.670912e-01 
4.670912e-01 
4.670912e-01 
4.670912e-01 
4.670912e-01 
4.670912e-01 
4.656757e-01 
4.656757e-01 
4.656757e-01 
4.656757e-01 
4.656757e-01 
4.656757e-01 
4.656757e-01 
4.656757e-01 
4.656757e-01 
4.656757e-01 
4.656757e-01 
4.656757e-01 
4.656757e-01 
4.656757e-01 
4.656757e-01 
4.656757e-01 
4.656757e-01 
4.656757e-01 
4.656757e-01 
4.656757e-01 
4.656757e-01 
4.656757e-01 
4.656757e-01 
4.646438e-01 
4.646438e-01 
4.646438e-01 
4.646438e-01 
4.646438e-01 
4.646438e-01 
4.646438e-01 
4.639052e-01 
4.639052e-01 
4.639052e-01 
4.639052e-01 
4.639052e-01 
4.639052e-01 
4.639052e-01 
4.639052e-01 
4.639052e-01 
4.639052e-01 
4.637700e-01 
4.637700e-01 
4.636560e-01 
4.636560e-01 
4.635519e-01 
4.635519e-01 
4.635519e-01 
4.635519e-01 
4.635519e-01 
4.635519e-01 
4.635519e-01 
4.635519e-01 
4.635519e-01 
4.635519e-01 
4.635519e-01 
4.635519e-01 
4.635519e-01 
4.635519e-01 
4.635519e-01 
4.635519e-01 
4.635519e-01 
4.635519e-01 
4.635519e-01 
4.635519e-01 
4.635519e-01 
4.635519e-01 
4.635519e-01 
4.635519e-01 
4.634789e-01 
4.634789e-01 
4.634789e-01 
4.634789e-01 
4.634789e-01 
4.634789e-01 
4.634789e-01 
4.634789e-01 
4.634652e-01 
4.634652e-01 
4.634652e-01 
4.634652e-01 
4.607084e-01 
4.607084e-01 
4.607084e-01 
4.607084e-01 
4.607084e-01 
4.607084e-01 
4.607084e-01 
4.607084e-01 
4.607084e-01 
4.607084e-01 
4.607084e-01 
4.607084e-01 
4.607084e-01 
4.607084e-01 
4.607084e-01 
4.607084e-01 
4.607084e-01 
4.607084e-01 
4.607084e-01 
4.607084e-01 
4.607084e-01 
4.607084e-01 
4.607084e-01 
4.607084e-01 
4.604877e-01 
4.604877e-01 
4.604877e-01 
4.604877e-01 
4.604877e-01 
4.604877e-01 
4.604877e-01 
4.599357e-01 
4.599357e-01 
4.599357e-01 
4.599357e-01 
4.599357e-01 
4.599357e-01 
4.599357e-01 
4.599357e-01 
4.599357e-01 
4.599357e-01 
4.599357e-01 
4.599357e-01 
4.599357e-01 
4.599357e-01 
4.599357e-01 
4.599357e-01 
4.599357e-01 
4.598048e-01 
4.594768e-01 
4.594768e-01 
4.593632e-01 
4.593632e-01 
4.593132e-01 
4.592884e-01 
4.592884e-01 
4.590860e-01 
4.589531e-01 
4.589309e-01 
4.589309e-01 
4.588694e-01 
4.588694e-01 
4.588694e-01 
4.588694e-01 
4.588694e-01 
4.588694e-01 
4.588499e-01 
4.588499e-01 
4.588499e-01 
4.587106e-01 
4.587106e-01 
4.587106e-01 
4.587106e-01 
4.587106e-01 
4.587106e-01 
4.587106e-01 
4.586668e-01 
4.586044e-01 
4.586044e-01 
4.586044e-01 
4.586044e-01 
4.586044e-01 
4.586044e-01 
4.586044e-01 
4.586044e-01 
4.586044e-01 
4.585876e-01 
4.585688e-01 
4.585504e-01 
4.585500e-01 
4.585500e-01 
4.585461e-01 
4.585461e-01 
4.585461e-01 
4.585461e-01 
4.584368e-01 
4.584368e-01 
4.584368e-01 
4.584368e-01 
4.584368e-01 
4.584368e-01 
4.584368e-01 
4.582873e-01 
4.582873e-01 
4.582873e-01 
4.582873e-01 
4.580962e-01 
4.580962e-01 
4.580962e-01 
4.580962e-01 
4.580854e-01 
4.580854e-01 
4.580854e-01 
4.577220e-01 
4.568486e-01 
4.566730e-01 
4.566730e-01 
4.566730e-01 
4.566730e-01 
4.565448e-01 
4.564348e-01 
4.564233e-01 
4.564233e-01 
4.563668e-01 
4.563261e-01 
4.563050e-01 
4.562937e-01 
4.562875e-01 
4.562839e-01 
4.562819e-01 
4.562806e-01 
4.562798e-01 
4.562793e-01 
4.562790e-01 
4.562788e-01 
4.562786e-01 
4.562785e-01 
4.562785e-01 
4.562784e-01 
4.562784e-01 
4.562784e-01 
4.562783e-01 
4.562783e-01 
4.562783e-01 
4.562783e-01 
4.560306e-01 
4.554650e-01 
4.554650e-01 
4.554650e-01 
4.553561e-01 
4.553561e-01 
4.553542e-01 
4.553542e-01 
4.553542e-01 
4.553344e-01 
4.551914e-01 
4.551914e-01 
4.551914e-01 
4.551914e-01 
4.551883e-01 
4.551645e-01 
4.551645e-01 
4.551645e-01 
4.551478e-01 
4.551189e-01 
4.551074e-01 
4.551036e-01 
4.551030e-01 
4.551030e-01 
4.551017e-01 
4.551011e-01 
4.551009e-01 
4.551009e-01 
4.551009e-01 
4.550970e-01 
4.550941e-01 
4.550921e-01 
4.550907e-01 
4.550897e-01 
4.550891e-01 
4.550886e-01 
4.550883e-01 
4.550881e-01 
4.550879e-01 
4.550878e-01 
4.550878e-01 
4.550877e-01 
4.550877e-01 
4.550877e-01 
4.550876e-01 
4.550876e-01 
4.550876e-01 
4.550876e-01 
4.550876e-01 
4.550876e-01 
4.550876e-01 
4.550876e-01 
4.550876e-01 
4.550876e-01 
4.550876e-01 
4.550876e-01 
4.550876e-01 
4.550876e-01 
4.550876e-01 
4.550876e-01 
4.550876e-01 
4.550876e-01 
4.550876e-01 
4.550876e-01 
4.550876e-01 
4.550876e-01 
4.550876e-01 
4.550876e-01 
4.550876e-01 
4.550876e-01 
4.550876e-01 
4.550876e-01 
4.548393e-01 
4.548393e-01 
4.548393e-01 
4.548393e-01 
4.548393e-01 
4.548393e-01 
4.548393e-01 
4.548393e-01 
4.548393e-01 
4.548393e-01 
4.548393e-01 
4.548393e-01 
4.548393e-01 
4.548393e-01 
4.548393e-01 
4.548393e-01 
4.548393e-01 
4.548393e-01 
4.548393e-01 
4.548393e-01 
4.548393e-01 
4.548393e-01 
4.548393e-01 
4.548393e-01 
4.548393e-01 
4.548393e-01 
4.548393e-01 
4.548393e-01 
4.548393e-01 
4.548393e-01 
4.548393e-01 
4.548393e-01 
4.548393e-01 
4.548393e-01 
4.548393e-01 
4.548393e-01 
4.548393e-01 
4.548393e-01 
4.548393e-01 
4.548393e-01 
4.548393e-01 
4.548393e-01 
4.548393e-01 
4.548393e-01 
4.548393e-01 
4.546782e-01 
4.546782e-01 
4.546782e-01 
4.546782e-01 
4.546782e-01 
4.546782e-01 
4.546782e-01 
4.546338e-01 
4.546338e-01 
4.546338e-01 
4.546338e-01 
4.546338e-01 
4.546338e-01 
4.546338e-01 
4.546338e-01 
4.546338e-01 
4.544716e-01 
4.544716e-01 
4.544716e-01 
4.544716e-01 
4.544716e-01 
4.544716e-01 
4.544716e-01 
4.544716e-01 
4.544716e-01 
4.544716e-01 
4.544716e-01 
4.544716e-01 
4.544716e-01 
4.544716e-01 
4.544716e-01 
4.544716e-01 
4.544716e-01 
4.544716e-01 
4.544716e-01 
4.544210e-01 
4.544210e-01 
4.544210e-01 
4.539382e-01 
4.539382e-01 
4.539382e-01 
4.539382e-01 
4.539382e-01 
4.539382e-01 
4.539382e-01 
4.539382e-01 
4.539382e-01 
4.539382e-01 
4.539382e-01 
4.539382e-01 
4.539382e-01 
4.539382e-01 
4.539382e-01 
4.539382e-01 
4.539382e-01 
4.539382e-01 
4.539382e-01 
4.539382e-01 
4.539382e-01 
4.539382e-01 
4.539382e-01 
4.539382e-01 
4.539382e-01 
4.539382e-01 
4.539382e-01 
4.539382e-01 
4.539382e-01 
4.539382e-01 
4.539382e-01 
4.539382e-01 
4.539382e-01 
4.539382e-01 
4.539382e-01 
4.539382e-01 
4.539382e-01 
4.539382e-01 
4.539382e-01 
4.538906e-01 
4.538906e-01 
4.538906e-01 
4.536525e-01 
4.535869e-01 
4.535869e-01 
4.535633e-01 
4.535633e-01 
4.535633e-01 
4.535633e-01 
4.535633e-01 
4.535633e-01 
4.535633e-01 
4.535633e-01 
4.535633e-01 
4.535633e-01 
4.535633e-01 
4.535633e-01 
4.535633e-01 
4.535633e-01 
4.535633e-01 
4.535446e-01 
4.535446e-01 
4.535446e-01 
4.535446e-01 
4.535446e-01 
4.535446e-01 
4.535446e-01 
4.535446e-01 
4.535077e-01 
4.535077e-01 
4.535077e-01 
4.535077e-01 
4.535077e-01 
4.535077e-01 
4.535077e-01 
4.535077e-01 
4.534940e-01 
4.534940e-01 
4.534940e-01 
4.534856e-01 
4.534856e-01 
4.534056e-01 
4.532480e-01 
4.532480e-01 
4.532480e-01 
4.532480e-01 
4.532480e-01 
4.532480e-01 
4.532480e-01 
4.532480e-01 
4.532480e-01 
4.532480e-01 
4.532480e-01 
4.532480e-01 
4.532480e-01 
4.532480e-01 
4.532311e-01 
4.532311e-01 
4.532311e-01 
4.532311e-01 
4.532311e-01 
4.532311e-01 
4.532311e-01 
4.532311e-01 
4.532311e-01 
4.532311e-01 
4.532311e-01 
4.532268e-01 
4.531954e-01 
4.531842e-01 
4.531811e-01 
4.531811e-01 
4.531811e-01 
4.531768e-01 
4.531714e-01 
4.531676e-01 
4.531676e-01 
4.531676e-01 
4.531676e-01 
4.531676e-01 
4.531676e-01 
4.531676e-01 
4.531676e-01 
4.531676e-01 
4.531676e-01 
4.531676e-01 
4.531676e-01 
4.531643e-01 
4.531643e-01 
4.531643e-01 
4.531643e-01 
4.531643e-01 
4.531643e-01 
4.531643e-01 
4.531643e-01 
4.531643e-01 
4.531643e-01 
4.531643e-01 
4.531643e-01 
4.531643e-01 
4.531643e-01 
4.531641e-01 
4.531641e-01 
4.531641e-01 
4.531641e-01 
4.531641e-01 
4.531641e-01 
4.531641e-01 
4.531641e-01 
4.531641e-01 
4.531641e-01 
4.531641e-01 
4.531641e-01 
4.531641e-01 
4.531641e-01 
4.531641e-01 
4.531641e-01 
4.531641e-01 
4.531641e-01 
4.531641e-01 
4.531641e-01 
4.531641e-01 
4.531641e-01 
4.531641e-01 
4.531641e-01 
4.531641e-01 
4.531641e-01 
4.531641e-01 
4.531641e-01 
4.531641e-01 
4.531641e-01 
4.531641e-01 
4.531641e-01 
4.531641e-01 
4.531641e-01 
4.531641e-01 
4.531641e-01 
4.531641e-01 
4.531641e-01 
4.531417e-01 
4.531417e-01 
4.531417e-01 
4.531417e-01 
4.531417e-01 
4.531417e-01 
4.531417e-01 
4.531417e-01 
4.531417e-01 
4.531417e-01 
4.531417e-01 
4.531417e-01 
4.531417e-01 
4.531417e-01 
4.531417e-01 
4.531417e-01 
4.531417e-01 
4.531417e-01 
4.531417e-01 
4.531417e-01 
4.531417e-01 
4.531417e-01 
4.531417e-01 
4.531417e-01 
4.531417e-01 
4.531417e-01 
4.531417e-01 
4.531097e-01 
4.531097e-01 
4.531090e-01 
4.531056e-01 
4.531056e-01 
4.530778e-01 
4.530778e-01 
4.530778e-01 
4.530778e-01 
4.530778e-01 
4.530778e-01 
4.530778e-01 
4.530778e-01 
4.530778e-01 
4.530778e-01 
4.530717e-01 
4.530717e-01 
4.530717e-01 
4.530717e-01 
4.530717e-01 
4.530717e-01 
4.530717e-01 
4.530717e-01 
4.530717e-01 
4.530717e-01 
4.530683e-01 
4.530666e-01 
4.530666e-01 
4.530644e-01 
4.530644e-01 
4.530644e-01 
4.530644e-01 
4.530644e-01 
4.530634e-01 
4.530634e-01 
4.530634e-01 
4.530634e-01 
4.530634e-01 
4.530630e-01 
4.530563e-01 
4.530563e-01 
4.530563e-01 
4.530563e-01 
4.530563e-01 
4.530563e-01 
4.530563e-01 
4.530563e-01 
4.530563e-01 
4.530563e-01 
4.530563e-01 
4.530563e-01 
4.530563e-01 
4.530563e-01 
4.530563e-01 
4.530563e-01 
4.530563e-01 
4.530563e-01 
4.530563e-01 
4.530540e-01 
4.530540e-01 
4.530540e-01 
4.530540e-01 
4.530540e-01 
4.530540e-01 
4.530540e-01 
4.530540e-01 
4.530540e-01 
4.530540e-01 
4.530540e-01 
4.530540e-01 
4.530540e-01 
4.530538e-01 
4.530538e-01 
4.530538e-01 
4.530518e-01 
4.530518e-01 
4.530518e-01 
4.530518e-01 
4.530518e-01 
4.530518e-01 
4.530518e-01 
4.530518e-01 
4.530518e-01 
4.530518e-01 
4.530518e-01 
4.530518e-01 
4.530518e-01 
4.530518e-01 
4.530518e-01 
4.530518e-01 
4.530518e-01 
4.530518e-01 
4.530518e-01 
4.530518e-01 
4.530518e-01 
4.530518e-01 
4.530518e-01 
4.530518e-01 
4.530518e-01 
4.530502e-01 
4.530502e-01 
4.530502e-01 
4.530502e-01 
4.530502e-01 
4.530502e-01 
4.530502e-01 
4.530502e-01 
4.530502e-01 
4.530502e-01 
4.530502e-01 
4.530502e-01 
4.530502e-01 
4.530502e-01 
4.530502e-01 
4.530502e-01 
4.530502e-01 
4.530502e-01 
4.530502e-01 
4.530502e-01 
4.530502e-01 
4.530502e-01 
4.530502e-01 
4.530502e-01 
4.530502e-01 
4.530502e-01 
4.530502e-01 
4.530502e-01 
4.530502e-01 
4.530502e-01 
4.530502e-01 
4.530502e-01 
4.530502e-01 
4.530502e-01 
4.530502e-01 
4.530502e-01 
4.530502e-01 
4.530502e-01 
4.530501e-01 
4.530498e-01 
4.530495e-01 
4.530495e-01 
4.530495e-01 
4.530495e-01 
4.530494e-01 
4.530494e-01 
4.530494e-01 
4.530494e-01 
4.530494e-01 
4.530494e-01 
4.530494e-01 
4.530494e-01 
4.530494e-01 
4.530494e-01 
4.530494e-01 
4.530494e-01 
4.530494e-01 
4.530494e-01 
4.530494e-01 
4.530494e-01 
4.530494e-01 
4.530494e-01 
4.530494e-01 
4.530494e-01 
4.530494e-01 
4.530494e-01 
4.530494e-01 
4.530494e-01 
4.530494e-01 
4.530494e-01 
4.530494e-01 
4.530494e-01 
4.530494e-01 
4.530494e-01 
4.530494e-01 
4.530494e-01 
4.530494e-01 
4.530494e-01 
4.530494e-01 
4.530494e-01 
4.530494e-01 
4.530494e-01 
4.530494e-01 
4.530494e-01 
4.530494e-01 
4.530494e-01 
4.530494e-01 
4.530494e-01 
4.530494e-01 
4.530494e-01 
4.530494e-01 
4.530494e-01 
4.530494e-01 
4.530465e-01 
4.530411e-01 
4.530356e-01 
4.530329e-01 
4.530317e-01 
4.530220e-01 
4.530220e-01 
4.530220e-01 
4.530220e-01 
4.530220e-01 
4.530194e-01 
4.530058e-01 
4.529984e-01 
4.529897e-01 
4.529897e-01 
4.529625e-01 
4.529605e-01 
4.529605e-01 
4.529464e-01 
4.529464e-01 
4.529464e-01 
4.529398e-01 
4.529398e-01 
4.529398e-01 
4.529398e-01 
4.529285e-01 
4.529285e-01 
4.529237e-01 
4.528877e-01 
4.528780e-01 
4.527799e-01 
4.527349e-01 
4.527349e-01 
4.527052e-01 
4.526811e-01 
4.526175e-01 
4.525859e-01 
4.525665e-01 
4.525502e-01 
4.525258e-01 
4.525116e-01 
4.525046e-01 
4.524042e-01 
4.523531e-01 
4.522755e-01 
4.522070e-01 
4.521302e-01 
4.520724e-01 
4.519846e-01 
4.519068e-01 
4.518972e-01 
4.518972e-01 
4.518838e-01 
4.518437e-01 
4.517979e-01 
4.517892e-01 
4.517617e-01 
4.517617e-01 
4.516532e-01 
4.516515e-01 
4.516116e-01 
4.516116e-01 
4.516116e-01 
4.516116e-01 
4.516084e-01 
4.514600e-01 
4.514004e-01 
4.512747e-01 
4.512747e-01 
4.512175e-01 
4.511729e-01 
4.508603e-01 
4.507466e-01 
4.506033e-01 
4.505625e-01 
4.505595e-01 
4.505595e-01 
4.501740e-01 
4.501740e-01 
4.501740e-01 
4.501740e-01 
4.501740e-01 
4.492784e-01 
4.492784e-01 
4.492784e-01 
4.492784e-01 
4.492784e-01 
4.490415e-01 
4.490415e-01 
4.490415e-01 
4.490415e-01 
4.490415e-01 
4.490415e-01 
4.490415e-01 
4.490415e-01 
4.490415e-01 
4.489336e-01 
4.489336e-01 
4.489336e-01 
4.489336e-01 
4.489336e-01 
4.488977e-01 
4.488977e-01 
4.488977e-01 
4.488977e-01 
4.488977e-01 
4.488977e-01 
4.488977e-01 
4.488977e-01 
4.488977e-01 
4.488977e-01 
4.488977e-01 
4.488977e-01 
4.488977e-01 
4.488907e-01 
4.488907e-01 
4.488420e-01 
4.488420e-01 
4.488420e-01 
4.488420e-01 
4.488420e-01 
4.488167e-01 
4.488167e-01 
4.488167e-01 
4.488167e-01 
4.488167e-01 
4.488167e-01 
4.488167e-01 
4.488167e-01 
4.488167e-01 
4.488167e-01 
4.488167e-01 
4.488167e-01 
4.488167e-01 
4.488167e-01 
4.488167e-01 
4.488167e-01 
4.488167e-01 
4.488167e-01 
4.488167e-01 
4.488167e-01 
4.488167e-01 
4.488167e-01 
4.488167e-01 
4.488167e-01 
4.488167e-01 
4.488167e-01 
4.488167e-01 
4.488167e-01 
4.488167e-01 
4.488167e-01 
4.488167e-01 
4.488167e-01 
4.488167e-01 
4.488167e-01 
4.488167e-01 
4.488167e-01 
4.488167e-01 
4.488167e-01 
4.488167e-01 
4.488167e-01 
4.488167e-01 
4.488167e-01 
4.488167e-01 
4.488167e-01 
4.488167e-01 
4.488167e-01 
4.488167e-01 
4.488147e-01 
4.488147e-01 
4.488147e-01 
4.488147e-01 
4.488147e-01 
4.488144e-01 
4.488136e-01 
4.487816e-01 
4.487816e-01 
4.487394e-01 
4.487394e-01 
4.487277e-01 
4.487277e-01 
4.487277e-01 
4.487169e-01 
4.487169e-01 
4.487169e-01 
4.487168e-01 
4.487168e-01 
4.487168e-01 
4.487101e-01 
4.487037e-01 
4.487019e-01 
4.487014e-01 
4.487010e-01 
4.487004e-01 
4.486997e-01 
4.486988e-01 
4.486976e-01 
4.486959e-01 
4.486959e-01 
4.486959e-01 
4.486959e-01 
4.486959e-01 
4.486959e-01 
4.486957e-01 
4.486951e-01 
4.486951e-01 
4.486951e-01 
4.486945e-01 
4.486945e-01 
4.486945e-01 
4.486945e-01 
4.486945e-01 
4.486942e-01 
4.486942e-01 
4.486942e-01 
4.486942e-01 
4.486942e-01 
4.486942e-01 
4.486941e-01 
4.486941e-01 
4.486941e-01 
4.486941e-01 
4.486941e-01 
4.486941e-01 
4.486941e-01 
4.486941e-01 
4.486941e-01 
4.486941e-01 
4.486941e-01 
4.486941e-01 
4.486941e-01 
4.486941e-01 
4.486941e-01 
4.486941e-01 
4.486941e-01 
4.486940e-01 
4.486940e-01 
4.486940e-01 
4.486940e-01 
4.486940e-01 
4.486940e-01 
4.486940e-01 
4.486940e-01 
4.486940e-01 
4.486940e-01 
4.486940e-01 
4.486940e-01 
4.486940e-01 
4.486940e-01 
4.486940e-01 
4.486940e-01 
4.486940e-01 
4.486940e-01 
4.486940e-01 
4.486940e-01 
4.486940e-01 
4.486940e-01 
4.486940e-01 
4.486940e-01 
4.486940e-01 
4.486940e-01 
4.486940e-01 
4.486937e-01 
4.486937e-01 
4.486937e-01 
4.486937e-01 
4.486937e-01 
4.486937e-01 
4.486937e-01 
4.486937e-01 
4.486937e-01 
4.486937e-01 
4.486937e-01 
4.486937e-01 
4.486937e-01 
4.486937e-01 
4.486937e-01 
4.486937e-01 
4.486937e-01 
4.486937e-01 
4.486937e-01 
4.486937e-01 
4.486937e-01 
4.486937e-01 
4.486937e-01 
4.486937e-01 
4.486937e-01 
4.486937e-01 
4.486937e-01 
4.486937e-01 
4.486937e-01 
4.486937e-01 
4.486937e-01 
4.486937e-01 
4.486937e-01 
4.486937e-01 
4.486937e-01 
4.486937e-01 
4.486937e-01 
4.486937e-01 
4.486937e-01 
4.486937e-01 
4.486937e-01 
4.486937e-01 
4.486937e-01 
4.486937e-01 
4.486937e-01 
4.486937e-01 
4.486937e-01 
4.486937e-01 
4.486937e-01 
4.486937e-01 
4.486937e-01 
4.486937e-01 
4.486937e-01 
4.486937e-01 
4.486937e-01 
4.486937e-01 
4.486937e-01 
4.486937e-01 
4.486937e-01 
4.486937e-01 
4.486937e-01 
4.486937e-01 
4.486937e-01 
4.486937e-01 
4.486937e-01 
4.486937e-01 
4.486937e-01 
4.486937e-01 
4.486937e-01 
4.486937e-01 
4.486937e-01 
4.486937e-01 
4.486937e-01 
4.486937e-01 
4.486937e-01 
4.486937e-01 
4.486937e-01 
4.486937e-01 
4.486937e-01 
4.486937e-01 
4.486937e-01 
4.486937e-01 
4.486937e-01 
4.486937e-01 
4.486937e-01 
4.486937e-01 
4.486937e-01 
4.486937e-01 
4.486937e-01 
4.486937e-01 
4.486937e-01 
4.486937e-01 
4.486937e-01 
4.486937e-01 
4.486937e-01 
4.486937e-01 
4.486937e-01 
4.486937e-01 
4.486937e-01 
4.486937e-01 
4.486937e-01 
4.486937e-01 
4.486937e-01 
4.486937e-01 
4.486937e-01 
4.486937e-01 
4.486937e-01 
4.486937e-01 
4.486937e-01 
4.486937e-01 
4.486937e-01 
4.486937e-01 
4.486937e-01 
4.486937e-01 
4.486751e-01 
4.486751e-01 
4.486751e-01 
4.486674e-01 
4.486525e-01 
4.486525e-01 
4.486525e-01 
4.486525e-01 
4.486525e-01 
4.486458e-01 
4.486458e-01 
4.486458e-01 
4.486458e-01 
4.486458e-01 
4.486458e-01 
4.486458e-01 
4.486458e-01 
4.486458e-01 
4.486458e-01 
4.486458e-01 
4.486458e-01 
4.486458e-01 
4.486458e-01 
4.486456e-01 
4.486456e-01 
4.486456e-01 
4.486456e-01 
4.486456e-01 
4.486456e-01 
4.486152e-01 
4.486152e-01 
4.486152e-01 
4.486152e-01 
4.486152e-01 
4.486152e-01 
4.486152e-01 
4.486152e-01 
4.486152e-01 
4.486152e-01 
4.486152e-01 
4.486152e-01 
4.486131e-01 
4.486131e-01 
4.486105e-01 
4.486017e-01 
4.486017e-01 
4.486017e-01 
4.486017e-01 
4.486017e-01 
4.486017e-01 
4.486017e-01 
4.486017e-01 
4.486017e-01 
4.486017e-01 
4.486017e-01 
4.486017e-01 
4.486017e-01 
4.486017e-01 
4.485647e-01 
4.485647e-01 
4.485647e-01 
4.485647e-01 
4.485647e-01 
4.485614e-01 
4.485614e-01 
4.485614e-01 
4.485614e-01 
4.485614e-01 
4.485614e-01 
4.485614e-01 
4.485582e-01 
4.485582e-01 
4.485582e-01 
4.485582e-01 
4.485582e-01 
4.485554e-01 
4.485554e-01 
4.485413e-01 
4.485413e-01 
4.485393e-01 
4.485393e-01 
4.485393e-01 
4.485277e-01 
4.485277e-01 
4.484957e-01 
4.484957e-01 
4.484825e-01 
4.484825e-01 
4.484825e-01 
4.484825e-01 
4.484825e-01 
4.483591e-01 
4.482694e-01 
4.482565e-01 
4.482425e-01 
4.482425e-01 
4.482425e-01 
4.482425e-01 
4.482425e-01 
4.482425e-01 
4.481894e-01 
4.481894e-01 
4.481894e-01 
4.479175e-01 
4.479175e-01 
4.479175e-01 
4.479175e-01 
4.479175e-01 
4.479175e-01 
4.479175e-01 
4.479175e-01 
4.479175e-01 
4.479175e-01 
4.479175e-01 
4.478060e-01 
4.478060e-01 
4.478060e-01 
4.478060e-01 
4.478060e-01 
4.477422e-01 
4.477422e-01 
4.477422e-01 
4.477422e-01 
4.477422e-01 
4.477422e-01 
4.477422e-01 
4.477422e-01 
4.477422e-01 
4.477422e-01 
4.477422e-01 
4.477422e-01 
4.477422e-01 
4.477422e-01 
4.477422e-01 
4.477422e-01 
4.473923e-01 
4.473923e-01 
4.473923e-01 
4.473923e-01 
4.473923e-01 
4.473923e-01 
4.473923e-01 
4.473923e-01 
4.473923e-01 
4.473923e-01 
4.473923e-01 
4.473923e-01 
4.473923e-01 
4.472025e-01 
4.472025e-01 
4.472025e-01 
4.471286e-01 
4.471286e-01 
4.471286e-01 
4.471286e-01 
4.471286e-01 
4.471286e-01 
4.471286e-01 
4.471286e-01 
4.468897e-01 
4.468897e-01 
4.468897e-01 
4.468897e-01 
4.468897e-01 
4.468897e-01 
4.468897e-01 
4.468897e-01 
4.466596e-01 
4.466596e-01 
4.466596e-01 
4.466596e-01 
4.466596e-01 
4.466596e-01 
4.466596e-01 
4.466596e-01 
4.466596e-01 
4.466077e-01 
4.466077e-01 
4.466077e-01 
4.466077e-01 
4.466077e-01 
4.465371e-01 
4.465371e-01 
4.465371e-01 
4.465371e-01 
4.465371e-01 
4.465371e-01 
4.465371e-01 
4.465371e-01 
4.465371e-01 
4.465371e-01 
4.464976e-01 
4.464976e-01 
4.464721e-01 
4.464721e-01 
4.464721e-01 
4.464721e-01 
4.464721e-01 
4.464721e-01 
4.464700e-01 
4.464700e-01 
4.464425e-01 
4.464102e-01 
4.464102e-01 
4.464102e-01 
4.464102e-01 
4.464102e-01 
4.463465e-01 
4.463465e-01 
4.463465e-01 
4.463465e-01 
4.463465e-01 
4.463465e-01 
4.463465e-01 
4.463465e-01 
4.463465e-01 
4.463465e-01 
4.462929e-01 
4.462929e-01 
4.462929e-01 
4.462929e-01 
4.462929e-01 
4.462929e-01 
4.462929e-01 
4.462872e-01 
4.462872e-01 
4.462872e-01 
4.462872e-01 
4.462840e-01 
4.462840e-01 
4.462840e-01 
4.462840e-01 
4.462840e-01 
4.462840e-01 
4.462824e-01 
4.462824e-01 
4.462801e-01 
4.462765e-01 
4.462748e-01 
4.462713e-01 
4.462594e-01 
4.462544e-01 
4.462502e-01 
4.462476e-01 
4.462437e-01 
4.462437e-01 
4.462427e-01 
4.462427e-01 
4.462427e-01 
4.462427e-01 
4.462427e-01 
4.462427e-01 
4.462390e-01 
4.462390e-01 
4.462374e-01 
4.462374e-01 
4.462176e-01 
4.462090e-01 
4.461851e-01 
4.461851e-01 
4.461851e-01 
4.461851e-01 
4.461851e-01 
4.461727e-01 
4.461727e-01 
4.461727e-01 
4.461727e-01 
4.461727e-01 
4.461432e-01 
4.461432e-01 
4.461432e-01 
4.461432e-01 
4.461432e-01 
4.461371e-01 
4.461060e-01 
4.461060e-01 
4.461060e-01 
4.460677e-01 
4.460677e-01 
4.460677e-01 
4.460677e-01 
4.460652e-01 
4.460532e-01 
4.460532e-01 
4.460532e-01 
4.460532e-01 
4.460532e-01 
4.460532e-01 
4.460532e-01 
4.460532e-01 
4.460532e-01 
4.460532e-01 
4.460532e-01 
4.460532e-01 
4.460532e-01 
4.460532e-01 
4.460532e-01 
4.460532e-01 
4.460532e-01 
4.460532e-01 
4.460532e-01 
4.460532e-01 
4.460532e-01 
4.460532e-01 
4.460532e-01 
4.460532e-01 
4.460532e-01 
4.460532e-01 
4.460532e-01 
4.460532e-01 
4.460532e-01 
4.460532e-01 
4.460532e-01 
4.460532e-01 
4.460532e-01 
4.460532e-01 
4.460532e-01 
4.460419e-01 
4.460064e-01 
4.459891e-01 
4.459838e-01 
4.459827e-01 
4.459818e-01 
4.459818e-01 
4.459784e-01 
4.459784e-01 
4.459784e-01 
4.459722e-01 
4.459721e-01 
4.459684e-01 
4.459652e-01 
4.459652e-01 
4.459640e-01 
4.459640e-01 
4.459640e-01 
4.459640e-01 
4.459640e-01 
4.459593e-01 
4.459575e-01 
4.459562e-01 
4.459539e-01 
4.459527e-01 
4.459527e-01 
4.459518e-01 
4.459514e-01 
4.459514e-01 
4.459486e-01 
4.459485e-01 
4.459485e-01 
4.459477e-01 
4.459468e-01 
4.459467e-01 
4.459467e-01 
4.459466e-01 
4.459446e-01 
4.459446e-01 
4.459437e-01 
4.459437e-01 
4.459429e-01 
4.459429e-01 
4.459414e-01 
4.459414e-01 
4.459414e-01 
4.459414e-01 
4.459414e-01 
4.459414e-01 
4.459414e-01 
4.459411e-01 
4.459411e-01 
4.459411e-01 
4.459409e-01 
4.459409e-01 
4.459409e-01 
4.459409e-01 
4.459409e-01 
4.459409e-01 
4.459409e-01 
4.459404e-01 
4.459404e-01 
4.459384e-01 
4.459370e-01 
4.459370e-01 
4.459354e-01 
4.459315e-01 
4.459297e-01 
4.459287e-01 
4.459282e-01 
4.459271e-01 
4.459271e-01 
4.459271e-01 
4.459270e-01 
4.459262e-01 
4.459253e-01 
4.459244e-01 
4.459239e-01 
4.459232e-01 
4.459189e-01 
4.459167e-01 
4.459167e-01 
4.459167e-01 
4.459167e-01 
4.459167e-01 
4.459167e-01 
4.459167e-01 
4.459166e-01 
4.459166e-01 
4.459112e-01 
4.459089e-01 
4.458995e-01 
4.458940e-01 
4.458887e-01 
4.458863e-01 
4.458863e-01 
4.458833e-01 
4.458819e-01 
4.458819e-01 
4.458811e-01 
4.458775e-01 
4.458775e-01 
4.458775e-01 
4.458746e-01 
4.458740e-01 
4.458740e-01 
4.458740e-01 
4.458376e-01 
4.458345e-01 
4.458219e-01 
4.458090e-01 
4.458067e-01 
4.458067e-01 
4.457683e-01 
4.457683e-01 
4.457683e-01 
4.457683e-01 
4.457683e-01 
4.457638e-01 
4.457629e-01 
4.456675e-01 
4.456675e-01 
4.456582e-01 
4.456472e-01 
4.456428e-01 
4.456412e-01 
4.456406e-01 
4.456404e-01 
4.456403e-01 
4.456403e-01 
4.455726e-01 
4.455699e-01 
4.455699e-01 
4.455699e-01 
4.455690e-01 
4.455690e-01 
4.455653e-01 
4.455653e-01 
4.455653e-01 
4.455071e-01 
4.454887e-01 
4.454887e-01 
4.454887e-01 
4.454546e-01 
4.454546e-01 
4.454546e-01 
4.454546e-01 
4.454546e-01 
4.454546e-01 
4.454546e-01 
4.454546e-01 
4.454546e-01 
4.454546e-01 
4.454546e-01 
4.454546e-01 
4.454546e-01 
4.454546e-01 
4.454465e-01 
4.454465e-01 
4.454436e-01 
4.454436e-01 
4.454310e-01 
4.454310e-01 
4.454152e-01 
4.453778e-01 
4.453510e-01 
4.453214e-01 
4.453214e-01 
4.452924e-01 
4.452924e-01 
4.452924e-01 
4.452885e-01 
4.452885e-01 
4.452885e-01 
4.452086e-01 
4.452086e-01 
4.452052e-01 
4.451738e-01 
4.451437e-01 
4.451156e-01 
4.451156e-01 
4.451156e-01 
4.451156e-01 
4.451156e-01 
4.451156e-01 
4.451121e-01 
4.451121e-01 
4.451121e-01 
4.451017e-01 
4.451017e-01 
4.451017e-01 
4.451017e-01 
4.450990e-01 
4.450883e-01 
4.450883e-01 
4.450883e-01 
4.450883e-01 
4.450883e-01 
4.450883e-01 
4.450883e-01 
4.450883e-01 
4.450765e-01 
4.450699e-01 
4.450475e-01 
4.450410e-01 
4.450410e-01 
4.450328e-01 
4.450100e-01 
4.449990e-01 
4.449933e-01 
4.449903e-01 
4.449886e-01 
4.449876e-01 
4.449806e-01 
4.449806e-01 
4.449806e-01 
4.449770e-01 
4.449735e-01 
4.449703e-01 
4.449703e-01 
4.449703e-01 
4.449694e-01 
4.449670e-01 
4.449633e-01 
4.449633e-01 
4.449629e-01 
4.449629e-01 
4.449629e-01 
4.447259e-01 
4.446744e-01 
4.444696e-01 
4.444696e-01 
4.444696e-01 
4.444696e-01 
4.443690e-01 
4.443690e-01 
4.443690e-01 
4.443414e-01 
4.442788e-01 
4.442788e-01 
4.442788e-01 
4.442788e-01 
4.442486e-01 
4.442486e-01 
4.442486e-01 
4.442353e-01 
4.442353e-01 
4.442353e-01 
4.442353e-01 
4.442353e-01 
4.442353e-01 
4.441687e-01 
4.441454e-01 
4.441454e-01 
4.441373e-01 
4.441373e-01 
4.441373e-01 
4.441373e-01 
4.441373e-01 
4.441373e-01 
4.441359e-01 
4.441359e-01 
4.441359e-01 
4.441359e-01 
4.441359e-01 
4.441359e-01 
4.441359e-01 
4.441359e-01 
4.441359e-01 
4.441359e-01 
4.441359e-01 
4.441359e-01 
4.441318e-01 
4.441318e-01 
4.441318e-01 
4.441318e-01 
4.441318e-01 
4.441318e-01 
4.441318e-01 
4.441318e-01 
4.441109e-01 
4.441109e-01 
4.441109e-01 
4.441109e-01 
4.441109e-01 
4.440372e-01 
4.438510e-01 
4.437994e-01 
4.437929e-01 
4.437929e-01 
4.437394e-01 
4.437394e-01 
4.437394e-01 
4.437394e-01 
4.437394e-01 
4.437394e-01 
4.437394e-01 
4.437394e-01 
4.437394e-01 
4.437394e-01 
4.437394e-01 
4.437394e-01 
4.436047e-01 
4.436047e-01 
4.436047e-01 
4.436047e-01 
4.436047e-01 
4.436047e-01 
4.436047e-01 
4.436047e-01 
4.436047e-01 
4.436047e-01 
4.436047e-01 
4.436047e-01 
4.436047e-01 
4.436047e-01 
4.436047e-01 
4.436047e-01 
4.436047e-01 
4.436047e-01 
4.436047e-01 
4.436047e-01 
4.436047e-01 
4.436047e-01 
4.436047e-01 
4.436047e-01 
4.436047e-01 
4.436047e-01 
4.436044e-01 
4.436044e-01 
4.436044e-01 
4.435995e-01 
4.435987e-01 
4.435987e-01 
4.435974e-01 
4.435970e-01 
4.435145e-01 
4.435145e-01 
4.435145e-01 
4.435145e-01 
4.435145e-01 
4.435145e-01 
4.435145e-01 
4.435145e-01 
4.435145e-01 
4.435145e-01 
4.435145e-01 
4.435145e-01 
4.435145e-01 
4.435145e-01 
4.435145e-01 
4.435145e-01 
4.435145e-01 
4.435145e-01 
4.435145e-01 
4.435145e-01 
4.435145e-01 
4.435145e-01 
4.435145e-01 
4.435145e-01 
4.435145e-01 
4.435145e-01 
4.435145e-01 
4.434321e-01 
4.434321e-01 
4.434321e-01 
4.434191e-01 
4.434191e-01 
4.434191e-01 
4.434081e-01 
4.434081e-01 
4.434052e-01 
4.434052e-01 
4.434052e-01 
4.434052e-01 
4.434052e-01 
4.434052e-01 
4.434052e-01 
4.434052e-01 
4.434052e-01 
4.434052e-01 
4.434052e-01 
4.434052e-01 
4.434052e-01 
4.434052e-01 
4.434052e-01 
4.434052e-01 
4.434052e-01 
4.431845e-01 
4.431845e-01 
4.431840e-01 
4.431840e-01 
4.431840e-01 
4.431473e-01 
4.431473e-01 
4.431473e-01 
4.431080e-01 
4.431080e-01 
4.431080e-01 
4.431080e-01 
4.431080e-01 
4.431080e-01 
4.431080e-01 
4.431068e-01 
4.430702e-01 
4.430702e-01 
4.430606e-01 
4.430606e-01 
4.430606e-01 
4.430606e-01 
4.430606e-01 
4.430606e-01 
4.430606e-01 
4.430606e-01 
4.430606e-01 
4.430606e-01 
4.430606e-01 
4.430606e-01 
4.430606e-01 
4.430525e-01 
4.430525e-01 
4.430525e-01 
4.430525e-01 
4.430232e-01 
4.430124e-01 
4.430072e-01 
4.430046e-01 
4.430032e-01 
4.430025e-01 
4.430021e-01 
4.430018e-01 
4.430017e-01 
4.430016e-01 
4.428632e-01 
4.428632e-01 
4.427306e-01 
4.427306e-01 
4.427306e-01 
4.427306e-01 
4.427306e-01 
4.427306e-01 
4.427306e-01 
4.427306e-01 
4.427306e-01 
4.427306e-01 
4.427306e-01 
4.427306e-01 
4.427306e-01 
4.427306e-01 
4.427306e-01 
4.427306e-01 
4.427306e-01 
4.427306e-01 
4.427306e-01 
4.427306e-01 
4.427306e-01 
4.427306e-01 
4.427306e-01 
4.427306e-01 
4.427306e-01 
4.427306e-01 
4.427306e-01 
4.427306e-01 
4.427306e-01 
4.427219e-01 
4.425743e-01 
4.425466e-01 
4.425466e-01 
4.425466e-01 
4.425466e-01 
4.425466e-01 
4.425466e-01 
4.425466e-01 
4.424525e-01 
4.424525e-01 
4.424525e-01 
4.424525e-01 
4.424525e-01 
4.424525e-01 
4.424525e-01 
4.424525e-01 
4.424525e-01 
4.424525e-01 
4.424525e-01 
4.424525e-01 
4.424327e-01 
4.424327e-01 
4.424327e-01 
4.424327e-01 
4.424327e-01 
4.424188e-01 
4.424188e-01 
4.423916e-01 
4.423916e-01 
4.423916e-01 
4.423916e-01 
4.423916e-01 
4.423916e-01 
4.423916e-01 
4.423916e-01 
4.423916e-01 
4.423751e-01 
4.423751e-01 
4.423751e-01 
4.423751e-01 
4.423751e-01 
4.423751e-01 
4.423751e-01 
4.423751e-01 
4.423627e-01 
4.423492e-01 
4.423492e-01 
4.423492e-01 
4.423492e-01 
4.423492e-01 
4.423492e-01 
4.423492e-01 
4.423489e-01 
4.423489e-01 
4.423489e-01 
4.423421e-01 
4.423421e-01 
4.423311e-01 
4.423258e-01 
4.423258e-01 
4.423258e-01 
4.423258e-01 
4.423258e-01 
4.423156e-01 
4.423156e-01 
4.423149e-01 
4.423149e-01 
4.423149e-01 
4.423141e-01 
4.423141e-01 
4.423141e-01 
4.423141e-01 
4.423135e-01 
4.423135e-01 
4.423133e-01 
4.423133e-01 
4.423127e-01 
4.423125e-01 
4.423125e-01 
4.423087e-01 
4.423030e-01 
4.423030e-01 
4.423030e-01 
4.423030e-01 
4.423027e-01 
4.423027e-01 
4.423027e-01 
4.423019e-01 
4.423019e-01 
4.423019e-01 
4.423007e-01 
4.423007e-01 
4.422897e-01 
4.422897e-01 
4.422843e-01 
4.422843e-01 
4.422843e-01 
4.422843e-01 
4.422841e-01 
4.422841e-01 
4.422841e-01 
4.422837e-01 
4.422837e-01 
4.422837e-01 
4.422748e-01 
4.422748e-01 
4.422748e-01 
4.422742e-01 
4.422742e-01 
4.422742e-01 
4.422742e-01 
4.422727e-01 
4.422670e-01 
4.422670e-01 
4.422670e-01 
4.422667e-01 
4.422667e-01 
4.422636e-01 
4.422636e-01 
4.422636e-01 
4.422636e-01 
4.422636e-01 
4.422636e-01 
4.422623e-01 
4.422623e-01 
4.422600e-01 
4.422600e-01 
4.422596e-01 
4.422596e-01 
4.422582e-01 
4.422582e-01 
4.422582e-01 
4.422578e-01 
4.422548e-01 
4.422538e-01 
4.422502e-01 
4.422458e-01 
4.422444e-01 
4.422428e-01 
4.422376e-01 
4.422376e-01 
4.422376e-01 
4.422376e-01 
4.422376e-01 
4.422376e-01 
4.422376e-01 
4.422366e-01 
4.422366e-01 
4.422352e-01 
4.422352e-01 
4.422352e-01 
4.422352e-01 
4.422352e-01 
4.422333e-01 
4.422329e-01 
4.422329e-01 
4.422281e-01 
4.422255e-01 
4.422193e-01 
4.422167e-01 
4.422155e-01 
4.422155e-01 
4.422149e-01 
4.422134e-01 
4.422134e-01 
4.422123e-01 
4.422107e-01 
4.422107e-01 
4.422107e-01 
4.422083e-01 
4.422083e-01 
4.422083e-01 
4.422083e-01 
4.422083e-01 
4.422082e-01 
4.422082e-01 
4.422082e-01 
4.422082e-01 
4.422069e-01 
4.422069e-01 
4.422069e-01 
4.422069e-01 
4.422069e-01 
4.422024e-01 
4.422024e-01 
4.422024e-01 
4.422024e-01 
4.422024e-01 
4.422024e-01 
4.421903e-01 
4.421903e-01 
4.421903e-01 
4.421903e-01 
4.421886e-01 
4.421886e-01 
4.421838e-01 
4.421643e-01 
4.421572e-01 
4.421513e-01 
4.421404e-01 
4.421340e-01 
4.421258e-01 
4.421258e-01 
4.421211e-01 
4.421143e-01 
4.420847e-01 
4.420846e-01 
4.420846e-01 
4.420813e-01 
4.420782e-01 
4.420782e-01 
4.420531e-01 
4.420314e-01 
4.420314e-01 
4.420314e-01 
4.420314e-01 
4.420314e-01 
4.420314e-01 
4.420210e-01 
4.420210e-01 
4.420210e-01 
4.420155e-01 
4.420155e-01 
4.420155e-01 
4.420155e-01 
4.420127e-01 
4.420127e-01 
4.420127e-01 
4.420127e-01 
4.420127e-01 
4.420127e-01 
4.420116e-01 
4.420116e-01 
4.420116e-01 
4.420116e-01 
4.420116e-01 
4.420116e-01 
4.420116e-01 
4.420116e-01 
4.420116e-01 
4.420116e-01 
4.420116e-01 
4.420116e-01 
4.420116e-01 
4.420116e-01 
4.420116e-01 
4.420116e-01 
4.420116e-01 
4.420116e-01 
4.420116e-01 
4.420116e-01 
4.420116e-01 
4.420116e-01 
4.420116e-01 
4.420116e-01 
4.420116e-01 
4.420116e-01 
4.420116e-01 
4.420116e-01 
4.420116e-01 
4.420116e-01 
4.420116e-01 
4.420098e-01 
4.420098e-01 
4.420077e-01 
4.420069e-01 
4.420068e-01 
4.420068e-01 
4.420047e-01 
4.420047e-01 
4.420041e-01 
4.420041e-01 
4.420024e-01 
4.420024e-01 
4.420024e-01 
4.420024e-01 
4.419974e-01 
4.419974e-01 
4.419916e-01 
4.419916e-01 
4.419912e-01 
4.419912e-01 
4.419912e-01 
4.419912e-01 
4.419901e-01 
4.419899e-01 
4.419867e-01 
4.419846e-01 
4.419815e-01 
4.419815e-01 
4.419700e-01 
4.419700e-01 
4.419700e-01 
4.419700e-01 
4.419700e-01 
4.419700e-01 
4.419700e-01 
4.419700e-01 
4.419699e-01 
4.419699e-01 
4.419699e-01 
4.419692e-01 
4.419685e-01 
4.419685e-01 
4.419685e-01 
4.419685e-01 
4.419507e-01 
4.419507e-01 
4.419507e-01 
4.419507e-01 
4.419507e-01 
4.419507e-01 
4.419507e-01 
4.419507e-01 
4.419507e-01 
4.419507e-01 
4.419504e-01 
4.419504e-01 
4.419442e-01 
4.419400e-01 
4.419387e-01 
4.419383e-01 
4.419383e-01 
4.419383e-01 
4.419383e-01 
4.419383e-01 
4.419376e-01 
4.418875e-01 
4.418875e-01 
4.418875e-01 
4.418875e-01 
4.418875e-01 
4.418875e-01 
4.418875e-01 
4.418875e-01 
4.418837e-01 
4.418796e-01 
4.418796e-01 
4.418796e-01 
4.418796e-01 
4.418047e-01 
4.418047e-01 
4.418047e-01 
4.418047e-01 
4.418047e-01 
4.418047e-01 
4.418047e-01 
4.418047e-01 
4.417977e-01 
4.417977e-01 
4.417977e-01 
4.417679e-01 
4.417679e-01 
4.417538e-01 
4.417538e-01 
4.417538e-01 
4.417537e-01 
4.417537e-01 
4.417537e-01 
4.417537e-01 
4.417537e-01 
4.417537e-01 
4.417537e-01 
4.417456e-01 
4.417456e-01 
4.417456e-01 
4.417456e-01 
4.417456e-01 
4.417456e-01 
4.417456e-01 
4.417456e-01 
4.417430e-01 
4.417430e-01 
4.417430e-01 
4.417430e-01 
4.417430e-01 
4.417420e-01 
4.417420e-01 
4.417420e-01 
4.417420e-01 
4.417420e-01 
4.417420e-01 
4.417401e-01 
4.417401e-01 
4.417305e-01 
4.416784e-01 
4.416664e-01 
4.416664e-01 
4.416664e-01 
4.416664e-01 
4.416664e-01 
4.416560e-01 
4.416494e-01 
4.416333e-01 
4.416333e-01 
4.416333e-01 
4.416333e-01 
4.416333e-01 
4.416333e-01 
4.416333e-01 
4.416333e-01 
4.416333e-01 
4.416079e-01 
4.416079e-01 
4.416079e-01 
4.414878e-01 
4.414878e-01 
4.414878e-01 
4.414878e-01 
4.414118e-01 
4.414118e-01 
4.414118e-01 
4.414118e-01 
4.414118e-01 
4.414118e-01 
4.414118e-01 
4.414118e-01 
4.414118e-01 
4.414072e-01 
4.414072e-01 
4.414072e-01 
4.413971e-01 
4.413908e-01 
4.413908e-01 
4.413778e-01 
4.413755e-01 
4.413755e-01 
4.413752e-01 
4.413752e-01 
4.413730e-01 
4.413722e-01 
4.413721e-01 
4.413721e-01 
4.413721e-01 
4.413478e-01 
4.413478e-01 
4.413478e-01 
4.413405e-01 
4.413405e-01 
4.413405e-01 
4.413405e-01 
4.413352e-01 
4.413352e-01 
4.413352e-01 
4.413246e-01 
4.413246e-01 
4.413246e-01 
4.413244e-01 
4.413244e-01 
4.413244e-01 
4.413244e-01 
4.413244e-01 
4.413244e-01 
4.413244e-01 
4.413221e-01 
4.413221e-01 
4.413221e-01 
4.413221e-01 
4.413135e-01 
4.413135e-01 
4.413135e-01 
4.413087e-01 
4.413087e-01 
4.413087e-01 
4.413087e-01 
4.413087e-01 
4.412957e-01 
4.412957e-01 
4.412957e-01 
4.412957e-01 
4.412957e-01 
4.412957e-01 
4.412957e-01 
4.412908e-01 
4.412908e-01 
4.412908e-01 
4.412900e-01 
4.412900e-01 
4.412900e-01 
4.412900e-01 
4.412900e-01 
4.412900e-01 
4.412900e-01 
4.412900e-01 
4.412900e-01 
4.412900e-01 
4.412900e-01 
4.410246e-01 
4.410246e-01 
4.410246e-01 
4.410246e-01 
4.410246e-01 
4.410246e-01 
4.410246e-01 
4.410246e-01 
4.410246e-01 
4.410246e-01 
4.410246e-01 
4.410246e-01 
4.410246e-01 
4.410091e-01 
4.410091e-01 
4.410091e-01 
4.410091e-01 
4.410091e-01 
4.410091e-01 
4.410091e-01 
4.410091e-01 
4.410091e-01 
4.410063e-01 
4.410063e-01 
4.408794e-01 
4.408794e-01 
4.408794e-01 
4.408794e-01 
4.408794e-01 
4.407842e-01 
4.407842e-01 
4.407842e-01 
4.407842e-01 
4.407842e-01 
4.407842e-01 
4.407842e-01 
4.407842e-01 
4.407842e-01 
4.407842e-01 
4.407711e-01 
4.407711e-01 
4.407711e-01 
4.407488e-01 
4.407488e-01 
4.407445e-01 
4.407445e-01 
4.407445e-01 
4.407445e-01 
4.407445e-01 
4.407445e-01 
4.407445e-01 
4.407445e-01 
4.407445e-01 
4.407445e-01 
4.407445e-01 
4.407445e-01 
4.407445e-01 
4.407445e-01 
4.407422e-01 
4.407422e-01 
4.407422e-01 
4.407422e-01 
4.407422e-01 
4.407250e-01 
4.407250e-01 
4.407250e-01 
4.407250e-01 
4.407250e-01 
4.407190e-01 
4.407071e-01 
4.407071e-01 
4.407071e-01 
4.407071e-01 
4.407057e-01 
4.407050e-01 
4.407050e-01 
4.407050e-01 
4.407050e-01 
4.407046e-01 
4.407046e-01 
4.407045e-01 
4.407041e-01 
4.407039e-01 
4.407038e-01 
4.407038e-01 
4.407037e-01 
4.407037e-01 
4.407037e-01 
4.407037e-01 
4.407037e-01 
4.407037e-01 
4.407037e-01 
4.407037e-01 
4.407037e-01 
4.407037e-01 
4.407022e-01 
4.406985e-01 
4.406979e-01 
4.406979e-01 
4.406978e-01 
4.406978e-01 
4.406978e-01 
4.406977e-01 
4.406977e-01 
4.406871e-01 
4.406768e-01 
4.406757e-01 
4.406757e-01 
4.406757e-01 
4.406757e-01 
4.406757e-01 
4.406757e-01 
4.406757e-01 
4.406693e-01 
4.406693e-01 
4.406579e-01 
4.406579e-01 
4.406579e-01 
4.406579e-01 
4.406579e-01 
4.406579e-01 
4.406579e-01 
4.406579e-01 
4.406579e-01 
4.406579e-01 
4.406579e-01 
4.406579e-01 
4.406579e-01 
4.406579e-01 
4.406579e-01 
4.406535e-01 
4.406466e-01 
4.406378e-01 
4.406378e-01 
4.406375e-01 
4.406375e-01 
4.406375e-01 
4.406342e-01 
4.406342e-01 
4.406342e-01 
4.406342e-01 
4.406321e-01 
4.406307e-01 
4.406307e-01 
4.406307e-01 
4.406307e-01 
4.406307e-01 
4.406307e-01 
4.406307e-01 
4.406307e-01 
4.406307e-01 
4.406301e-01 
4.406295e-01 
4.406285e-01 
4.406285e-01 
4.406285e-01 
4.406285e-01 
4.406279e-01 
4.406279e-01 
4.406279e-01 
4.406279e-01 
4.406279e-01 
4.406257e-01 
4.406257e-01 
4.406226e-01 
4.406226e-01 
4.406226e-01 
4.406226e-01 
4.406216e-01 
4.406216e-01 
4.406212e-01 
4.406212e-01 
4.406212e-01 
4.406212e-01 
4.406212e-01 
4.406181e-01 
4.406181e-01 
4.406181e-01 
4.406181e-01 
4.406181e-01 
4.406181e-01 
4.406181e-01 
4.406181e-01 
4.406181e-01 
4.406178e-01 
4.406178e-01 
4.406178e-01 
4.406174e-01 
4.406168e-01 
4.406144e-01 
4.406129e-01 
4.406126e-01 
4.406122e-01 
4.406122e-01 
4.406107e-01 
4.406101e-01 
4.406083e-01 
4.406076e-01 
4.406076e-01 
4.406076e-01 
4.406064e-01 
4.406045e-01 
4.406016e-01 
4.405987e-01 
4.405944e-01 
4.405908e-01 
4.405880e-01 
4.405851e-01 
4.405834e-01 
4.405775e-01 
4.405661e-01 
4.405661e-01 
4.405661e-01 
4.405661e-01 
4.405661e-01 
4.405661e-01 
4.405521e-01 
4.405521e-01 
4.405521e-01 
4.405521e-01 
4.405521e-01 
4.405521e-01 
4.405521e-01 
4.405521e-01 
4.405521e-01 
4.405521e-01 
4.405521e-01 
4.405521e-01 
4.405521e-01 
4.405521e-01 
4.405447e-01 
4.405447e-01 
4.405447e-01 
4.405125e-01 
4.405016e-01 
4.404377e-01 
4.404301e-01 
4.404301e-01 
4.404301e-01 
4.404301e-01 
4.404301e-01 
4.404301e-01 
4.404301e-01 
4.404301e-01 
4.404133e-01 
4.404133e-01 
4.404133e-01 
4.404133e-01 
4.404092e-01 
4.404092e-01 
4.404087e-01 
4.404087e-01 
4.404087e-01 
4.404039e-01 
4.404033e-01 
4.404033e-01 
4.403339e-01 
4.403339e-01 
4.403339e-01 
4.403339e-01 
4.403339e-01 
4.403336e-01 
4.402646e-01 
4.402619e-01 
4.402619e-01 
4.402610e-01 
4.402610e-01 
4.402610e-01 
4.402585e-01 
4.402585e-01 
4.402580e-01 
4.402580e-01 
4.402509e-01 
4.402509e-01 
4.402509e-01 
4.402509e-01 
4.402425e-01 
4.402425e-01 
4.402425e-01 
4.402425e-01 
4.402425e-01 
4.402395e-01 
4.402395e-01 
4.402319e-01 
4.402319e-01 
4.402297e-01 
4.402297e-01 
4.402297e-01 
4.402291e-01 
4.402291e-01 
4.402291e-01 
4.402291e-01 
4.402276e-01 
4.402276e-01 
4.402276e-01 
4.402268e-01 
4.402268e-01 
4.402267e-01 
4.402267e-01 
4.402256e-01 
4.402256e-01 
4.402256e-01 
4.402227e-01 
4.402168e-01 
4.402138e-01 
4.402138e-01 
4.402138e-01 
4.402138e-01 
4.402138e-01 
4.402128e-01 
4.402078e-01 
4.402078e-01 
4.402074e-01 
4.402074e-01 
4.402074e-01 
4.402074e-01 
4.402074e-01 
4.402074e-01 
4.402074e-01 
4.402074e-01 
4.402074e-01 
4.402071e-01 
4.402071e-01 
4.402071e-01 
4.402071e-01 
4.402071e-01 
4.402071e-01 
4.402071e-01 
4.402070e-01 
4.402070e-01 
4.402070e-01 
4.402070e-01 
4.402070e-01 
4.402070e-01 
4.402070e-01 
4.402070e-01 
4.402070e-01 
4.402070e-01 
4.402070e-01 
4.402070e-01 
4.402070e-01 
4.402069e-01 
4.402069e-01 
4.402069e-01 
4.402068e-01 
4.402064e-01 
4.402064e-01 
4.402064e-01 
4.402064e-01 
4.402062e-01 
4.402062e-01 
4.402058e-01 
4.402058e-01 
4.402058e-01 
4.402058e-01 
4.402058e-01 
4.402058e-01 
4.402058e-01 
4.402054e-01 
4.402054e-01 
4.402054e-01 
4.402054e-01 
4.402054e-01 
4.402019e-01 
4.401763e-01 
4.401763e-01 
4.401763e-01 
4.401763e-01 
4.401763e-01 
4.401763e-01 
4.401763e-01 
4.401763e-01 
4.401763e-01 
4.401763e-01 
4.401763e-01 
4.401763e-01 
4.401763e-01 
4.401763e-01 
4.401763e-01 
4.401763e-01 
4.401763e-01 
4.401763e-01 
4.401736e-01 
4.401736e-01 
4.401736e-01 
4.401736e-01 
4.401736e-01 
4.401736e-01 
4.401736e-01 
4.401736e-01 
4.401385e-01 
4.401385e-01 
4.401385e-01 
4.401385e-01 
4.401385e-01 
4.401317e-01 
4.401317e-01 
4.401317e-01 
4.401304e-01 
4.401304e-01 
4.401304e-01 
4.401304e-01 
4.401304e-01 
4.401304e-01 
4.401304e-01 
4.401304e-01 
4.401299e-01 
4.401299e-01 
4.401299e-01 
4.401298e-01 
4.401298e-01 
4.401298e-01 
4.401298e-01 
4.401298e-01 
4.401298e-01 
4.401298e-01 
4.401282e-01 
4.401275e-01 
4.401266e-01 
4.401251e-01 
4.401245e-01 
4.401242e-01 
4.401203e-01 
4.401203e-01 
4.401182e-01 
4.401182e-01 
4.401182e-01 
4.401182e-01 
4.401182e-01 
4.401177e-01 
4.401153e-01 
4.401150e-01 
4.401150e-01 
4.401139e-01 
4.400950e-01 
4.400950e-01 
4.400950e-01 
4.400950e-01 
4.400950e-01 
4.400950e-01 
4.400950e-01 
4.400950e-01 
4.400950e-01 
4.400950e-01 
4.400950e-01 
4.400950e-01 
4.400950e-01 
4.400950e-01 
4.400950e-01 
4.400949e-01 
4.400949e-01 
4.400872e-01 
4.400872e-01 
4.400872e-01 
4.400705e-01 
4.400656e-01 
4.400656e-01 
4.400648e-01 
4.400570e-01 
4.400570e-01 
4.400570e-01 
4.400570e-01 
4.400544e-01 
4.400544e-01 
4.400544e-01 
4.400533e-01 
4.400509e-01 
4.400509e-01 
4.400509e-01 
4.400509e-01 
4.400509e-01 
4.400500e-01 
4.400385e-01 
4.400385e-01 
4.400382e-01 
4.400382e-01 
4.400382e-01 
4.400382e-01 
4.400382e-01 
4.400176e-01 
4.400176e-01 
4.400176e-01 
4.400176e-01 
4.400176e-01 
4.400176e-01 
4.400176e-01 
4.400176e-01 
4.400176e-01 
4.400176e-01 
4.400176e-01 
4.400176e-01 
4.400176e-01 
4.400176e-01 
4.400176e-01 
4.400176e-01 
4.400176e-01 
4.400176e-01 
4.400176e-01 
4.400176e-01 
4.400176e-01 
4.400176e-01 
4.400176e-01 
4.400176e-01 
4.400176e-01 
4.400176e-01 
4.400176e-01 
4.400176e-01 
4.400176e-01 
4.400158e-01 
4.400158e-01 
4.400158e-01 
4.400158e-01 
4.400158e-01 
4.400158e-01 
4.400158e-01 
4.400158e-01 
4.400158e-01 
4.400158e-01 
4.400158e-01 
4.400158e-01 
4.400158e-01 
4.400158e-01 
4.400158e-01 
4.400158e-01 
4.400158e-01 
4.400158e-01 
4.400158e-01 
4.400156e-01 
4.400156e-01 
4.400156e-01 
4.400156e-01 
4.400156e-01 
4.400156e-01 
4.400156e-01 
4.400156e-01 
4.400156e-01 
4.400156e-01 
4.400156e-01 
4.400156e-01 
4.400122e-01 
4.400122e-01 
4.400101e-01 
4.400101e-01 
4.400101e-01 
4.400101e-01 
4.400100e-01 
4.400100e-01 
4.400100e-01 
4.400100e-01 
4.400100e-01 
4.400100e-01 
4.400100e-01 
4.400100e-01 
4.400100e-01 
4.400100e-01 
4.400100e-01 
4.400100e-01 
4.400100e-01 
4.400100e-01 
4.400100e-01 
4.400100e-01 
4.400100e-01 
4.400100e-01 
4.400100e-01 
4.400100e-01 
4.400095e-01 
4.400095e-01 
4.400095e-01 
4.400095e-01 
4.400095e-01 
4.400095e-01 
4.400095e-01 
4.400095e-01 
4.400095e-01 
4.400049e-01 
4.400025e-01 
4.400016e-01 
4.400016e-01 
4.400016e-01 
4.400016e-01 
4.400016e-01 
4.400016e-01 
4.400016e-01 
4.400016e-01 
4.400016e-01 
4.400014e-01 
4.400014e-01 
4.400013e-01 
4.400013e-01 
4.400013e-01 
4.400013e-01 
4.400013e-01 
4.400013e-01 
4.400013e-01 
4.400013e-01 
4.400010e-01 
4.400010e-01 
4.400002e-01 
4.400002e-01 
4.399997e-01 
4.399997e-01 
4.399994e-01 
4.399994e-01 
4.399994e-01 
4.399994e-01 
4.399986e-01 
4.399986e-01 
4.399985e-01 
4.399985e-01 
4.399985e-01 
4.399985e-01 
4.399985e-01 
4.399985e-01 
4.399985e-01 
4.399985e-01 
4.399985e-01 
4.399985e-01 
4.399985e-01 
4.399985e-01 
4.399985e-01 
4.399985e-01 
4.399985e-01 
4.399980e-01 
4.399980e-01 
4.399980e-01 
4.399979e-01 
4.399979e-01 
4.399979e-01 
4.399976e-01 
4.399973e-01 
4.399970e-01 
4.399969e-01 
4.399968e-01 
4.399968e-01 
4.399966e-01 
4.399964e-01 
4.399950e-01 
4.399948e-01 
4.399948e-01 
4.399948e-01 
4.399946e-01 
4.399946e-01 
4.399938e-01 
4.399938e-01 
4.399938e-01 
4.399938e-01 
4.399938e-01 
4.399938e-01 
4.399938e-01 
4.399938e-01 
4.399938e-01 
4.399938e-01 
4.399938e-01 
4.399938e-01 
4.399938e-01 
4.399938e-01 
4.399938e-01 
4.399938e-01 
4.399938e-01 
4.399938e-01 
4.399938e-01 
4.399938e-01 
4.399938e-01 
4.399938e-01 
4.399938e-01 
4.399938e-01 
4.399938e-01 
4.399938e-01 
4.399937e-01 
4.399937e-01 
4.399937e-01 
4.399937e-01 
4.399937e-01 
4.399937e-01 
4.399937e-01 
4.399937e-01 
4.399937e-01 
4.399937e-01 
4.399937e-01 
4.399937e-01 
4.399937e-01 
4.399936e-01 
4.399936e-01 
4.399936e-01 
4.399936e-01 
4.399936e-01 
4.399936e-01 
4.399936e-01 
4.399936e-01 
4.399936e-01 
4.399936e-01 
4.399936e-01 
4.399936e-01 
4.399936e-01 
4.399936e-01 
4.399935e-01 
4.399935e-01 
4.399935e-01 
4.399935e-01 
4.399935e-01 
4.399935e-01 
4.399931e-01 
4.399926e-01 
4.399923e-01 
4.399920e-01 
4.399920e-01 
4.399920e-01 
4.399920e-01 
4.399920e-01 
4.399920e-01 
4.399920e-01 
4.399920e-01 
4.399920e-01 
4.399920e-01 
4.399920e-01 
4.399920e-01 
4.399920e-01 
4.399920e-01 
4.399920e-01 
4.399919e-01 
4.399919e-01 
4.399919e-01 
4.399919e-01 
4.399919e-01 
4.399919e-01 
4.399919e-01 
4.399919e-01 
4.399919e-01 
4.399919e-01 
4.399919e-01 
4.399919e-01 
4.399918e-01 
4.399918e-01 
4.399918e-01 
4.399918e-01 
4.399918e-01 
4.399918e-01 
4.399918e-01 
4.399918e-01 
4.399918e-01 
4.399917e-01 
4.399917e-01 
4.399917e-01 
4.399917e-01 
4.399917e-01 
4.399917e-01 
4.399917e-01 
4.399917e-01 
4.399895e-01 
4.399895e-01 
4.399895e-01 
4.399888e-01 
4.399870e-01 
4.399863e-01 
4.399862e-01 
4.399843e-01 
4.399843e-01 
4.399837e-01 
4.399837e-01 
4.399837e-01 
4.399830e-01 
4.399813e-01 
4.399808e-01 
4.399800e-01 
4.399797e-01 
4.399795e-01 
4.399781e-01 
4.399780e-01 
4.399780e-01 
4.399778e-01 
4.399778e-01 
4.399778e-01 
4.399778e-01 
4.399778e-01 
4.399778e-01 
4.399778e-01 
4.399778e-01 
4.399778e-01 
4.399774e-01 
4.399773e-01 
4.399772e-01 
4.399757e-01 
4.399757e-01 
4.399757e-01 
4.399757e-01 
4.399746e-01 
4.399746e-01 
4.399742e-01 
4.399742e-01 
4.399742e-01 
4.399740e-01 
4.399738e-01 
4.399738e-01 
4.399736e-01 
4.399731e-01 
4.399728e-01 
4.399727e-01 
4.399721e-01 
4.399717e-01 
4.399715e-01 
4.399714e-01 
4.399709e-01 
4.399707e-01 
4.399706e-01 
4.399703e-01 
4.399703e-01 
4.399694e-01 
4.399694e-01 
4.399694e-01 
4.399694e-01 
4.399694e-01 
4.399691e-01 
4.399690e-01 
4.399690e-01 
4.399690e-01 
4.399690e-01 
4.399690e-01 
4.399690e-01 
4.399690e-01 
4.399690e-01 
4.399690e-01 
4.399690e-01 
4.399690e-01 
4.399689e-01 
4.399688e-01 
4.399687e-01 
4.399686e-01 
4.399684e-01 
4.399681e-01 
4.399677e-01 
4.399677e-01 
4.399677e-01 
4.399677e-01 
4.399676e-01 
4.399619e-01 
4.399619e-01 
4.399609e-01 
4.399609e-01 
4.399573e-01 
4.399570e-01 
4.399570e-01 
4.399570e-01 
4.399567e-01 
4.399567e-01 
4.399567e-01 
4.399567e-01 
4.399567e-01 
4.399564e-01 
4.399564e-01 
4.399555e-01 
4.399555e-01 
4.399500e-01 
4.399487e-01 
4.399487e-01 
4.399487e-01 
4.399485e-01 
4.399485e-01 
4.399485e-01 
4.399485e-01 
4.399467e-01 
4.399467e-01 
4.399465e-01 
4.399462e-01 
4.399461e-01 
4.399428e-01 
4.399396e-01 
4.399355e-01 
4.399343e-01 
4.399337e-01 
4.399334e-01 
4.399333e-01 
4.399332e-01 
4.399332e-01 
4.399285e-01 
4.399285e-01 
4.399277e-01 
4.399277e-01 
4.399275e-01 
4.399271e-01 
4.399271e-01 
4.399271e-01 
4.399271e-01 
4.399260e-01 
4.399260e-01 
4.399260e-01 
4.399260e-01 
4.399260e-01 
4.399254e-01 
4.399254e-01 
4.399254e-01 
4.399254e-01 
4.399254e-01 
4.399254e-01 
4.399252e-01 
4.399250e-01 
4.399249e-01 
4.399249e-01 
4.399248e-01 
4.399248e-01 
4.399248e-01 
4.399225e-01 
4.399225e-01 
4.399225e-01 
4.399225e-01 
4.399214e-01 
4.399214e-01 
4.399214e-01 
4.399214e-01 
4.399214e-01 
4.399214e-01 
4.399213e-01 
4.399213e-01 
4.399208e-01 
4.399205e-01 
4.399194e-01 
4.399194e-01 
4.399194e-01 
4.399194e-01 
4.399193e-01 
4.399193e-01 
4.399193e-01 
4.399193e-01 
4.399187e-01 
4.399184e-01 
4.399184e-01 
4.399184e-01 
4.399184e-01 
4.399184e-01 
4.399184e-01 
4.399184e-01 
4.399184e-01 
4.399184e-01 
4.399182e-01 
4.399182e-01 
4.399182e-01 
4.399182e-01 
4.399048e-01 
4.399048e-01 
4.399048e-01 
4.399048e-01 
4.399048e-01 
4.399048e-01 
4.399048e-01 
4.399048e-01 
4.399048e-01 
4.399048e-01 
4.399003e-01 
4.399003e-01 
4.399003e-01 
4.399003e-01 
4.399003e-01 
4.399003e-01 
4.399003e-01 
4.399003e-01 
4.398960e-01 
4.398960e-01 
4.398960e-01 
4.398960e-01 
4.398960e-01 
4.398960e-01 
4.398960e-01 
4.398933e-01 
4.398933e-01 
4.398933e-01 
4.398933e-01 
4.398928e-01 
4.398928e-01 
4.398928e-01 
4.398928e-01 
4.398928e-01 
4.398928e-01 
4.398924e-01 
4.398909e-01 
4.398909e-01 
4.398909e-01 
4.398871e-01 
4.398871e-01 
4.398840e-01 
4.398835e-01 
4.398835e-01 
4.398832e-01 
4.398831e-01 
4.398831e-01 
4.398831e-01 
4.398828e-01 
4.398828e-01 
4.398826e-01 
4.398826e-01 
4.398825e-01 
4.398825e-01 
4.398825e-01 
4.398825e-01 
4.398825e-01 
4.398825e-01 
4.398825e-01 
4.398825e-01 
4.398821e-01 
4.398821e-01 
4.398819e-01 
4.398818e-01 
4.398818e-01 
4.398818e-01 
4.398816e-01 
4.398816e-01 
4.398816e-01 
4.398815e-01 
4.398815e-01 
4.398815e-01 
4.398815e-01 
4.398785e-01 
4.398785e-01 
4.398753e-01 
4.398746e-01 
4.398746e-01 
4.398746e-01 
4.398736e-01 
4.398723e-01 
4.398719e-01 
4.398717e-01 
4.398717e-01 
4.398717e-01 
4.398717e-01 
4.398717e-01 
4.398717e-01 
4.398717e-01 
4.398717e-01 
4.398717e-01 
4.398695e-01 
4.398681e-01 
4.398679e-01 
4.398679e-01 
4.398674e-01 
4.398672e-01 
4.398672e-01 
4.398672e-01 
4.398672e-01 
4.398671e-01 
4.398671e-01 
4.398671e-01 
4.398671e-01 
4.398671e-01 
4.398670e-01 
4.398670e-01 
4.398666e-01 
4.398666e-01 
4.398666e-01 
4.398663e-01 
4.398663e-01 
4.398663e-01 
4.398663e-01 
4.398663e-01 
4.398663e-01 
4.398663e-01 
4.398663e-01 
4.398663e-01 
4.398654e-01 
4.398654e-01 
4.398654e-01 
4.398654e-01 
4.398654e-01 
4.398652e-01 
4.398652e-01 
4.398652e-01 
4.398652e-01 
4.398652e-01 
4.398651e-01 
4.398651e-01 
4.398651e-01 
4.398645e-01 
4.398645e-01 
4.398645e-01 
4.398641e-01 
4.398638e-01 
4.398638e-01 
4.398637e-01 
4.398630e-01 
4.398630e-01 
4.398626e-01 
4.398626e-01 
4.398625e-01 
4.398625e-01 
4.398625e-01 
4.398625e-01 
4.398623e-01 
4.398617e-01 
4.398608e-01 
4.398601e-01 
4.398601e-01 
4.398601e-01 
4.398600e-01 
4.398600e-01 
4.398600e-01 
4.398599e-01 
4.398599e-01 
4.398592e-01 
4.398587e-01 
4.398585e-01 
4.398580e-01 
4.398578e-01 
4.398575e-01 
4.398575e-01 
4.398572e-01 
4.398568e-01 
4.398568e-01 
4.398564e-01 
4.398564e-01 
4.398555e-01 
4.398546e-01 
4.398542e-01 
4.398540e-01 
4.398540e-01 
4.398539e-01 
4.398539e-01 
4.398537e-01 
4.398537e-01 
4.398537e-01 
4.398534e-01 
4.398532e-01 
4.398532e-01 
4.398532e-01 
4.398528e-01 
4.398526e-01 
4.398524e-01 
4.398522e-01 
4.398520e-01 
4.398519e-01 
4.398519e-01 
4.398519e-01 
4.398518e-01 
4.398518e-01 
4.398518e-01 
4.398518e-01 
4.398518e-01 
4.398517e-01 
4.398517e-01 
4.398517e-01 
4.398517e-01 
4.398517e-01 
4.398517e-01 
4.398517e-01 
4.398517e-01 
4.398517e-01 
4.398517e-01 
4.398517e-01 
4.398517e-01 
4.398517e-01 
4.398515e-01 
4.398515e-01 
4.398514e-01 
4.398514e-01 
4.398514e-01 
4.398513e-01 
4.398513e-01 
4.398512e-01 
4.398512e-01 
4.398512e-01 
4.398512e-01 
4.398512e-01 
4.398511e-01 
4.398511e-01 
4.398511e-01 
4.398511e-01 
4.398511e-01 
4.398511e-01 
4.398511e-01 
4.398511e-01 
4.398511e-01 
4.398510e-01 
4.398510e-01 
4.398510e-01 
4.398510e-01 
4.398510e-01 
4.398510e-01 
4.398509e-01 
4.398507e-01 
4.398506e-01 
4.398504e-01 
4.398503e-01 
4.398503e-01 
4.398502e-01 
4.398502e-01 
4.398501e-01 
4.398500e-01 
4.398499e-01 
4.398498e-01 
4.398498e-01 
4.398498e-01 
4.398497e-01 
4.398497e-01 
4.398497e-01 
4.398496e-01 
4.398471e-01 
4.398461e-01 
4.398456e-01 
4.398456e-01 
4.398456e-01 
4.398439e-01 
4.398422e-01 
4.398422e-01 
4.398422e-01 
4.398421e-01 
4.398421e-01 
4.398421e-01 
4.398421e-01 
4.398420e-01 
4.398420e-01 
4.398420e-01 
4.398420e-01 
4.398420e-01 
4.398420e-01 
4.398420e-01 
4.398420e-01 
4.398392e-01 
4.398392e-01 
4.398388e-01 
4.398388e-01 
4.398374e-01 
4.398374e-01 
4.398365e-01 
4.398365e-01 
4.398365e-01 
4.398365e-01 
4.398365e-01 
4.398365e-01 
4.398359e-01 
4.398357e-01 
4.398357e-01 
4.398352e-01 
4.398352e-01 
4.398352e-01 
4.398351e-01 
4.398351e-01 
4.398351e-01 
4.398351e-01 
4.398351e-01 
4.398350e-01 
4.398350e-01 
4.398350e-01 
4.398350e-01 
4.398350e-01 
4.398350e-01 
4.398350e-01 
4.398350e-01 
4.398339e-01 
4.398339e-01 
4.398339e-01 
4.398339e-01 
4.398339e-01 
4.398339e-01 
4.398339e-01 
4.398339e-01 
4.398336e-01 
4.398333e-01 
4.398333e-01 
4.398326e-01 
4.398326e-01 
4.398326e-01 
4.398321e-01 
4.398321e-01 
4.398321e-01 
4.398319e-01 
4.398319e-01 
4.398319e-01 
4.398319e-01 
4.398319e-01 
4.398319e-01 
4.398318e-01 
4.398318e-01 
4.398318e-01 
4.398318e-01 
4.398317e-01 
4.398317e-01 
4.398316e-01 
4.398316e-01 
4.398316e-01 
4.398316e-01 
4.398316e-01 
4.398316e-01 
4.398316e-01 
4.398316e-01 
4.398316e-01 
4.398316e-01 
4.398315e-01 
4.398315e-01 
4.398315e-01 
4.398315e-01 
4.398315e-01 
4.398315e-01 
4.398315e-01 
4.398315e-01 
4.398315e-01 
4.398315e-01 
4.398315e-01 
4.398314e-01 
4.398314e-01 
4.398314e-01 
4.398314e-01 
4.398313e-01 
4.398313e-01 
4.398313e-01 
4.398313e-01 
4.398313e-01 
4.398313e-01 
4.398313e-01 
4.398313e-01 
4.398313e-01 
4.398313e-01 
4.398312e-01 
4.398312e-01 
4.398312e-01 
4.398312e-01 
4.398312e-01 
4.398312e-01 
4.398312e-01 
4.398312e-01 
4.398312e-01 
4.398312e-01 
4.398312e-01 
4.398312e-01 
4.398312e-01 
4.398312e-01 
4.398312e-01 
4.398312e-01 
4.398312e-01 
4.398311e-01 
4.398311e-01 
4.398311e-01 
4.398311e-01 
4.398311e-01 
4.398311e-01 
4.398311e-01 
4.398311e-01 
4.398311e-01 
4.398311e-01 
4.398302e-01 
4.398302e-01 
4.398302e-01 
4.398302e-01 
4.398302e-01 
4.398266e-01 
4.398266e-01 
4.398266e-01 
4.398266e-01 
4.398251e-01 
4.398251e-01 
4.398240e-01 
4.398240e-01 
4.398236e-01 
4.398236e-01 
4.398230e-01 
4.398224e-01 
4.398224e-01 
4.398224e-01 
4.398224e-01 
4.398224e-01 
4.398224e-01 
4.398223e-01 
4.398223e-01 
4.398223e-01 
4.398216e-01 
4.398216e-01 
4.398216e-01 
4.398216e-01 
4.398215e-01 
4.398213e-01 
4.398211e-01 
4.398210e-01 
4.398210e-01 
4.398210e-01 
4.398210e-01 
4.398210e-01 
4.398210e-01 
4.398210e-01 
4.398210e-01 
4.398210e-01 
4.398210e-01 
4.398210e-01 
4.398210e-01 
4.398210e-01 
4.398210e-01 
4.398210e-01 
4.398210e-01 
4.398210e-01 
4.398210e-01 
4.398210e-01 
4.398210e-01 
4.398209e-01 
4.398189e-01 
4.398180e-01 
4.398180e-01 
4.398172e-01 
4.398172e-01 
4.398172e-01 
4.398172e-01 
4.398172e-01 
4.398172e-01 
4.398172e-01 
4.398158e-01 
4.398158e-01 
4.398158e-01 
4.398158e-01 
4.398158e-01 
4.398158e-01 
4.398158e-01 
4.398158e-01 
4.398158e-01 
4.398157e-01 
4.398152e-01 
4.398137e-01 
4.398132e-01 
4.398131e-01 
4.398131e-01 
4.398130e-01 
4.398130e-01 
4.398130e-01 
4.398130e-01 
4.398130e-01 
4.398130e-01 
4.398130e-01 
4.398130e-01 
4.398130e-01 
4.398130e-01 
4.398130e-01 
4.398130e-01 
4.398130e-01 
4.398130e-01 
4.398130e-01 
4.398121e-01 
4.398118e-01 
4.398118e-01 
4.398117e-01 
4.398117e-01 
4.398117e-01 
4.398117e-01 
4.398117e-01 
4.398116e-01 
4.398115e-01 
4.398114e-01 
4.398107e-01 
4.398065e-01 
4.398065e-01 
4.398065e-01 
4.398065e-01 
4.398065e-01 
4.398065e-01 
4.398065e-01 
4.398065e-01 
4.398065e-01 
4.398065e-01 
4.398065e-01 
4.398063e-01 
4.398062e-01 
4.398062e-01 
4.398062e-01 
4.398062e-01 
4.398061e-01 
4.398011e-01 
4.398011e-01 
4.398011e-01 
4.398011e-01 
4.398004e-01 
4.398004e-01 
4.398004e-01 
4.398004e-01 
4.398004e-01 
4.398004e-01 
4.398004e-01 
4.398004e-01 
4.398004e-01 
4.398004e-01 
4.398004e-01 
4.398004e-01 
4.397989e-01 
4.397989e-01 
4.397984e-01 
4.397984e-01 
4.397981e-01 
4.397981e-01 
4.397981e-01 
4.397981e-01 
4.397981e-01 
4.397981e-01 
4.397981e-01 
4.397981e-01 
4.397981e-01 
4.397981e-01 
4.397981e-01 
4.397981e-01 
4.397981e-01 
4.397981e-01 
4.397981e-01 
4.397981e-01 
4.397981e-01 
4.397980e-01 
4.397980e-01 
4.397980e-01 
4.397980e-01 
4.397980e-01 
4.397976e-01 
4.397975e-01 
4.397973e-01 
4.397973e-01 
4.397972e-01 
4.397968e-01 
4.397964e-01 
4.397962e-01 
4.397960e-01 
4.397960e-01 
4.397960e-01 
4.397960e-01 
4.397960e-01 
4.397960e-01 
4.397960e-01 
4.397960e-01 
4.397960e-01 
4.397960e-01 
4.397960e-01 
4.397960e-01 
4.397960e-01 
4.397960e-01 
4.397960e-01 
4.397960e-01 
4.397960e-01 
4.397960e-01 
4.397960e-01 
4.397960e-01 
4.397960e-01 
4.397960e-01 
4.397960e-01 
4.397960e-01 
4.397960e-01 
4.397960e-01 
4.397960e-01 
4.397960e-01 
4.397960e-01 
4.397959e-01 
4.397959e-01 
4.397959e-01 
4.397959e-01 
4.397959e-01 
4.397959e-01 
4.397959e-01 
4.397959e-01 
4.397959e-01 
4.397959e-01 
4.397959e-01 
4.397959e-01 
4.397959e-01 
4.397958e-01 
4.397958e-01 
4.397958e-01 
4.397958e-01 
4.397958e-01 
4.397958e-01 
4.397958e-01 
4.397958e-01 
4.397958e-01 
4.397951e-01 
4.397951e-01 
4.397951e-01 
4.397951e-01 
4.397951e-01 
4.397951e-01 
4.397951e-01 
4.397951e-01 
4.397951e-01 
4.397950e-01 
4.397950e-01 
4.397950e-01 
4.397950e-01 
4.397950e-01 
4.397950e-01 
4.397950e-01 
4.397950e-01 
4.397950e-01 
4.397950e-01 
4.397950e-01 
4.397947e-01 
4.397947e-01 
4.397947e-01 
4.397944e-01 
4.397944e-01 
4.397944e-01 
4.397944e-01 
4.397944e-01 
4.397944e-01 
4.397944e-01 
4.397944e-01 
4.397944e-01 
4.397944e-01 
4.397944e-01 
4.397944e-01 
4.397944e-01 
4.397944e-01 
4.397944e-01 
4.397944e-01 
4.397944e-01 
4.397941e-01 
4.397941e-01 
4.397941e-01 
4.397941e-01 
4.397941e-01 
4.397941e-01 
4.397941e-01 
4.397941e-01 
4.397941e-01 
4.397941e-01 
4.397941e-01 
4.397941e-01 
4.397941e-01 
4.397941e-01 
4.397941e-01 
4.397941e-01 
4.397941e-01 
4.397941e-01 
4.397941e-01 
4.397941e-01 
4.397941e-01 
4.397941e-01 
4.397941e-01 
4.397941e-01 
4.397941e-01 
4.397941e-01 
4.397941e-01 
4.397941e-01 
4.397941e-01 
4.397941e-01 
4.397941e-01 
4.397941e-01 
4.397941e-01 
4.397941e-01 
4.397941e-01 
4.397941e-01 
4.397941e-01 
4.397941e-01 
4.397941e-01 
4.397941e-01 
4.397941e-01 
4.397941e-01 
4.397941e-01 
4.397941e-01 
4.397941e-01 
4.397941e-01 
4.397941e-01 
4.397941e-01 
4.397940e-01 
4.397940e-01 
4.397940e-01 
4.397940e-01 
4.397940e-01 
4.397940e-01 
4.397940e-01 
4.397940e-01 
4.397940e-01 
4.397939e-01 
4.397939e-01 
4.397939e-01 
4.397939e-01 
4.397939e-01 
4.397938e-01 
4.397938e-01 
4.397938e-01 
4.397938e-01 
4.397937e-01 
4.397937e-01 
4.397936e-01 
4.397935e-01 
4.397935e-01 
4.397935e-01 
4.397934e-01 
4.397934e-01 
4.397933e-01 
4.397932e-01 
4.397931e-01 
4.397930e-01 
4.397929e-01 
4.397929e-01 
4.397929e-01 
4.397929e-01 
4.397928e-01 
4.397928e-01 
4.397928e-01 
4.397928e-01 
4.397928e-01 
4.397928e-01 
4.397928e-01 
4.397928e-01 
4.397928e-01 
4.397928e-01 
4.397928e-01 
4.397927e-01 
4.397927e-01 
4.397927e-01 
4.397927e-01 
4.397927e-01 
4.397927e-01 
4.397927e-01 
4.397927e-01 
4.397927e-01 
4.397927e-01 
4.397927e-01 
4.397927e-01 
4.397927e-01 
4.397926e-01 
4.397926e-01 
4.397926e-01 
4.397926e-01 
4.397926e-01 
4.397926e-01 
4.397925e-01 
4.397925e-01 
4.397925e-01 
4.397925e-01 
4.397925e-01 
4.397924e-01 
4.397924e-01 
4.397924e-01 
4.397924e-01 
4.397924e-01 
4.397924e-01 
4.397924e-01 
4.397924e-01 
4.397924e-01 
4.397924e-01 
4.397924e-01 
4.397924e-01 
4.397924e-01 
4.397924e-01 
4.397924e-01 
4.397924e-01 
4.397924e-01 
4.397924e-01 
4.397924e-01 
4.397923e-01 
4.397923e-01 
4.397923e-01 
4.397923e-01 
4.397923e-01 
4.397923e-01 
4.397923e-01 
4.397923e-01 
4.397923e-01 
4.397923e-01 
4.397923e-01 
4.397923e-01 
4.397922e-01 
4.397922e-01 
4.397922e-01 
4.397922e-01 
4.397922e-01 
4.397922e-01 
4.397921e-01 
4.397921e-01 
4.397921e-01 
4.397921e-01 
4.397920e-01 
4.397920e-01 
4.397920e-01 
4.397920e-01 
4.397919e-01 
4.397917e-01 
4.397917e-01 
4.397917e-01 
4.397917e-01 
4.397915e-01 
4.397915e-01 
4.397915e-01 
4.397914e-01 
4.397914e-01 
4.397914e-01 
4.397914e-01 
4.397914e-01 
4.397914e-01 
4.397914e-01 
4.397914e-01 
4.397914e-01 
4.397914e-01 
4.397914e-01 
4.397914e-01 
4.397914e-01 
4.397914e-01 
4.397914e-01 
4.397914e-01 
4.397911e-01 
4.397911e-01 
4.397909e-01 
4.397908e-01 
4.397907e-01 
4.397906e-01 
4.397905e-01 
4.397905e-01 
4.397905e-01 
4.397905e-01 
4.397905e-01 
4.397905e-01 
4.397904e-01 
4.397904e-01 
4.397904e-01 
4.397904e-01 
4.397904e-01 
4.397903e-01 
4.397903e-01 
4.397903e-01 
4.397903e-01 
4.397903e-01 
4.397902e-01 
4.397902e-01 
4.397900e-01 
4.397900e-01 
4.397899e-01 
4.397899e-01 
4.397898e-01 
4.397898e-01 
4.397898e-01 
4.397897e-01 
4.397896e-01 
4.397895e-01 
4.397891e-01 
4.397889e-01 
4.397889e-01 
4.397889e-01 
4.397887e-01 
4.397884e-01 
4.397883e-01 
4.397883e-01 
4.397882e-01 
4.397882e-01 
4.397881e-01 
4.397880e-01 
4.397880e-01 
4.397880e-01 
4.397880e-01 
4.397880e-01 
4.397876e-01 
4.397876e-01 
4.397876e-01 
4.397876e-01 
4.397876e-01 
4.397873e-01 
4.397873e-01 
4.397873e-01 
4.397873e-01 
4.397873e-01 
4.397873e-01 
4.397873e-01 
4.397873e-01 
4.397872e-01 
4.397871e-01 
4.397871e-01 
4.397871e-01 
4.397870e-01 
4.397870e-01 
4.397870e-01 
4.397870e-01 
4.397870e-01 
4.397870e-01 
4.397870e-01 
4.397870e-01 
4.397870e-01 
4.397870e-01 
4.397870e-01 
4.397870e-01 
4.397869e-01 
4.397869e-01 
4.397869e-01 
4.397869e-01 
4.397869e-01 
4.397869e-01 
4.397868e-01 
4.397868e-01 
4.397868e-01 
4.397868e-01 
4.397868e-01 
4.397868e-01 
4.397868e-01 
4.397868e-01 
4.397868e-01 
4.397868e-01 
4.397868e-01 
4.397868e-01 
4.397868e-01 
4.397868e-01 
4.397868e-01 
4.397868e-01 
4.397868e-01 
4.397868e-01 
4.397868e-01 
4.397868e-01 
4.397867e-01 
4.397867e-01 
4.397867e-01 
4.397866e-01 
4.397866e-01 
4.397866e-01 
4.397866e-01 
4.397866e-01 
4.397866e-01 
4.397866e-01 
4.397866e-01 
4.397866e-01 
4.397866e-01 
4.397866e-01 
4.397866e-01 
4.397866e-01 
4.397866e-01 
4.397866e-01 
4.397866e-01 
4.397866e-01 
4.397866e-01 
4.397866e-01 
4.397866e-01 
4.397866e-01 
4.397861e-01 
4.397861e-01 
4.397861e-01 
4.397859e-01 
4.397859e-01 
4.397854e-01 
4.397854e-01 
4.397854e-01 
4.397854e-01 
4.397854e-01 
4.397854e-01 
4.397854e-01 
4.397854e-01 
4.397852e-01 
4.397851e-01 
4.397850e-01 
4.397850e-01 
4.397850e-01 
4.397849e-01 
4.397849e-01 
4.397849e-01 
4.397849e-01 
4.397849e-01 
4.397848e-01 
4.397848e-01 
4.397848e-01 
4.397848e-01 
4.397848e-01 
4.397848e-01 
4.397848e-01 
4.397848e-01 
4.397848e-01 
4.397848e-01 
4.397848e-01 
4.397848e-01 
4.397848e-01 
4.397830e-01 
4.397825e-01 
4.397825e-01 
4.397825e-01 
4.397825e-01 
4.397825e-01 
4.397825e-01 
4.397825e-01 
4.397825e-01 
4.397825e-01 
4.397820e-01 
4.397820e-01 
4.397820e-01 
4.397820e-01 
4.397819e-01 
4.397819e-01 
4.397819e-01 
4.397819e-01 
4.397819e-01 
4.397819e-01 
4.397793e-01 
4.397793e-01 
4.397793e-01 
4.397793e-01 
4.397793e-01 
4.397793e-01 
4.397793e-01 
4.397793e-01 
4.397793e-01 
4.397793e-01 
4.397793e-01 
4.397793e-01 
4.397793e-01 
4.397793e-01 
4.397793e-01 
4.397793e-01 
4.397793e-01 
4.397793e-01 
4.397793e-01 
4.397792e-01 
4.397792e-01 
4.397792e-01 
4.397792e-01 
4.397792e-01 
4.397786e-01 
4.397786e-01 
4.397786e-01 
4.397785e-01 
4.397785e-01 
4.397785e-01 
4.397785e-01 
4.397785e-01 
4.397785e-01 
4.397781e-01 
4.397781e-01 
4.397781e-01 
4.397781e-01 
4.397781e-01 
4.397781e-01 
4.397781e-01 
4.397779e-01 
4.397779e-01 
4.397778e-01 
4.397778e-01 
4.397778e-01 
4.397778e-01 
4.397778e-01 
4.397776e-01 
4.397776e-01 
4.397776e-01 
4.397776e-01 
4.397776e-01 
4.397776e-01 
4.397776e-01 
4.397776e-01 
4.397775e-01 
4.397775e-01 
4.397775e-01 
4.397775e-01 
4.397775e-01 
4.397775e-01 
4.397775e-01 
4.397775e-01 
4.397775e-01 
4.397775e-01 
4.397774e-01 
4.397773e-01 
4.397773e-01 
4.397773e-01 
4.397773e-01 
4.397773e-01 
4.397773e-01 
4.397773e-01 
4.397773e-01 
4.397773e-01 
4.397773e-01 
4.397773e-01 
4.397773e-01 
4.397773e-01 
4.397773e-01 
4.397773e-01 
4.397773e-01 
4.397773e-01 
4.397772e-01 
4.397772e-01 
4.397772e-01 
4.397772e-01 
4.397772e-01 
4.397772e-01 
4.397772e-01 
4.397772e-01 
4.397772e-01 
4.397771e-01 
4.397771e-01 
4.397771e-01 
4.397771e-01 
4.397771e-01 
4.397771e-01 
4.397771e-01 
4.397771e-01 
4.397771e-01 
4.397771e-01 
4.397771e-01 
4.397771e-01 
4.397771e-01 
4.397771e-01 
4.397771e-01 
4.397771e-01 
4.397771e-01 
4.397771e-01 
4.397771e-01 
4.397771e-01 
4.397771e-01 
4.397771e-01 
4.397771e-01 
4.397771e-01 
4.397771e-01 
4.397771e-01 
4.397771e-01 
4.397771e-01 
4.397771e-01 
4.397771e-01 
4.397771e-01 
4.397771e-01 
4.397771e-01 
4.397771e-01 
4.397771e-01 
4.397771e-01 
4.397771e-01 
4.397771e-01 
4.397771e-01 
4.397771e-01 
4.397771e-01 
4.397770e-01 
4.397770e-01 
4.397770e-01 
4.397770e-01 
4.397770e-01 
4.397770e-01 
4.397770e-01 
4.397770e-01 
4.397770e-01 
4.397770e-01 
4.397770e-01 
4.397770e-01 
4.397770e-01 
4.397770e-01 
4.397770e-01 
4.397770e-01 
4.397770e-01 
4.397770e-01 
4.397770e-01 
4.397770e-01 
4.397770e-01 
4.397770e-01 
4.397770e-01 
4.397770e-01 
4.397770e-01 
4.397770e-01 
4.397770e-01 
4.397770e-01 
4.397770e-01 
4.397770e-01 
4.397770e-01 
4.397770e-01 
4.397770e-01 
4.397770e-01 
4.397770e-01 
4.397770e-01 
4.397770e-01 
4.397770e-01 
4.397770e-01 
4.397770e-01 
4.397770e-01 
4.397770e-01 
4.397770e-01 
4.397770e-01 
4.397770e-01 
4.397770e-01 
4.397770e-01 
4.397770e-01 
4.397770e-01 
4.397770e-01 
4.397770e-01 
4.397770e-01 
4.397770e-01 
4.397770e-01 
4.397770e-01 
4.397770e-01 
4.397770e-01 
4.397770e-01 
4.397770e-01 
4.397770e-01 
4.397770e-01 
4.397770e-01 
4.397770e-01 
4.397770e-01 
4.397770e-01 
4.397770e-01 
4.397770e-01 
4.397770e-01 
4.397770e-01 
4.397770e-01 
4.397770e-01 
4.397770e-01 
4.397770e-01 
4.397770e-01 
4.397770e-01 
4.397770e-01 
4.397770e-01 
4.397770e-01 
4.397770e-01 
4.397770e-01 
4.397770e-01 
4.397770e-01 
4.397770e-01 
4.397770e-01 
4.397770e-01 
4.397770e-01 
4.397770e-01 
4.397770e-01 
4.397770e-01 
4.397770e-01 
4.397770e-01 
4.397770e-01 
4.397770e-01 
4.397770e-01 
4.397770e-01 
4.397770e-01 
4.397770e-01 
4.397770e-01 
4.397770e-01 
4.397770e-01 
4.397770e-01 
4.397770e-01 
4.397770e-01 
4.397770e-01 
4.397770e-01 
4.397770e-01 
4.397770e-01 
4.397770e-01 
4.397770e-01 
4.397770e-01 
4.397770e-01 
4.397770e-01 
4.397770e-01 
4.397770e-01 
4.397770e-01 
4.397770e-01 
4.397770e-01 
4.397770e-01 
4.397770e-01 
4.397770e-01 
4.397770e-01 
4.397770e-01 
4.397770e-01 
4.397770e-01 
4.397770e-01 
4.397770e-01 
4.397770e-01 
4.397770e-01 
4.397770e-01 
4.397770e-01 
4.397770e-01 
4.397770e-01 
4.397770e-01 
4.397770e-01 
4.397770e-01 
4.397770e-01 
4.397770e-01 
4.397770e-01 
4.397770e-01 
4.397770e-01 
4.397770e-01 
4.397770e-01 
4.397770e-01 
4.397770e-01 
4.397770e-01 
4.397769e-01 
4.397769e-01 
4.397769e-01 
4.397769e-01 
4.397769e-01 
4.397769e-01 
4.397769e-01 
4.397769e-01 
4.397769e-01 
4.397769e-01 
4.397769e-01 
4.397769e-01 
4.397769e-01 
4.397769e-01 
4.397769e-01 
4.397769e-01 
4.397769e-01 
4.397769e-01 
4.397769e-01 
4.397769e-01 
4.397769e-01 
4.397769e-01 
4.397769e-01 
4.397769e-01 
4.397769e-01 
4.397769e-01 
4.397769e-01 
4.397769e-01 
4.397769e-01 
4.397769e-01 
4.397769e-01 
4.397769e-01 
4.397769e-01 
4.397769e-01 
4.397769e-01 
4.397769e-01 
4.397769e-01 
4.397769e-01 
4.397769e-01 
4.397769e-01 
4.397769e-01 
4.397769e-01 
4.397769e-01 
4.397769e-01 
4.397769e-01 
4.397769e-01 
4.397769e-01 
4.397769e-01 
4.397769e-01 
4.397769e-01 
4.397769e-01 
4.397769e-01 
4.397769e-01 
4.397769e-01 
4.397769e-01 
4.397769e-01 
4.397769e-01 
4.397769e-01 
4.397769e-01 
4.397769e-01 
4.397769e-01 
4.397769e-01 
4.397769e-01 
4.397769e-01 
4.397769e-01 
4.397769e-01 
4.397769e-01 
4.397769e-01 
4.397769e-01 
4.397769e-01 
4.397769e-01 
4.397769e-01 
4.397769e-01 
4.397769e-01 
4.397769e-01 
4.397769e-01 
4.397769e-01 
4.397769e-01 
4.397769e-01 
4.397769e-01 
4.397769e-01 
4.397769e-01 
4.397769e-01 
4.397769e-01 
4.397769e-01 
4.397769e-01 
4.397769e-01 
4.397769e-01 
4.397769e-01 
4.397769e-01 
4.397769e-01 
4.397769e-01 
4.397769e-01 
4.397769e-01 
4.397769e-01 
4.397769e-01 
4.397769e-01 
4.397769e-01 
4.397769e-01 
4.397769e-01 
4.397769e-01 
4.397769e-01 
4.397769e-01 
4.397769e-01 
4.397769e-01 
4.397769e-01 
4.397769e-01 
4.397769e-01 
4.397769e-01 
4.397769e-01 
4.397769e-01 
4.397769e-01 
4.397769e-01 
4.397769e-01 
4.397769e-01 
4.397769e-01 
4.397769e-01 
4.397769e-01 
4.397769e-01 
4.397769e-01 
4.397769e-01 
4.397769e-01 
4.397769e-01 
4.397769e-01 
4.397769e-01 
4.397769e-01 
4.397769e-01 
4.397769e-01 
4.397768e-01 
4.397766e-01 
4.397765e-01 
4.397765e-01 
4.397764e-01 
4.397764e-01 
4.397764e-01 
4.397764e-01 
4.397764e-01 
4.397764e-01 
4.397764e-01 
4.397764e-01 
4.397764e-01 
4.397764e-01 
4.397763e-01 
4.397763e-01 
4.397763e-01 
4.397763e-01 
4.397763e-01 
4.397763e-01 
4.397762e-01 
4.397762e-01 
4.397762e-01 
4.397762e-01 
4.397762e-01 
4.397762e-01 
4.397762e-01 
4.397762e-01 
4.397762e-01 
4.397762e-01 
4.397762e-01 
4.397762e-01 
4.397762e-01 
4.397762e-01 
4.397762e-01 
4.397762e-01 
4.397762e-01 
4.397762e-01 
4.397762e-01 
4.397762e-01 
4.397762e-01 
4.397762e-01 
4.397762e-01 
4.397762e-01 
4.397761e-01 
4.397761e-01 
4.397761e-01 
4.397761e-01 
4.397761e-01 
4.397761e-01 
4.397761e-01 
4.397761e-01 
4.397761e-01 
4.397761e-01 
4.397761e-01 
4.397761e-01 
4.397761e-01 
4.397761e-01 
4.397761e-01 
4.397761e-01 
4.397761e-01 
4.397761e-01 
4.397761e-01 
4.397761e-01 
4.397761e-01 
4.397761e-01 
4.397761e-01 
4.397761e-01 
4.397761e-01 
4.397761e-01 
4.397761e-01 
4.397761e-01 
4.397761e-01 
4.397761e-01 
4.397761e-01 
4.397761e-01 
4.397761e-01 
4.397761e-01 
4.397761e-01 
4.397761e-01 
4.397761e-01 
4.397761e-01 
4.397761e-01 
4.397761e-01 
4.397761e-01 
4.397761e-01 
4.397761e-01 
4.397760e-01 
4.397760e-01 
4.397760e-01 
4.397760e-01 
4.397760e-01 
4.397760e-01 
4.397760e-01 
4.397760e-01 
4.397760e-01 
4.397760e-01 
4.397760e-01 
4.397760e-01 
4.397760e-01 
4.397760e-01 
4.397760e-01 
4.397760e-01 
4.397760e-01 
4.397760e-01 
4.397760e-01 
4.397760e-01 
4.397760e-01 
4.397760e-01 
4.397760e-01 
4.397760e-01 
4.397760e-01 
4.397760e-01 
4.397760e-01 
4.397760e-01 
4.397760e-01 
4.397760e-01 
4.397760e-01 
4.397760e-01 
4.397760e-01 
4.397760e-01 
4.397760e-01 
4.397760e-01 
4.397760e-01 
4.397760e-01 
4.397760e-01 
4.397760e-01 
4.397760e-01 
4.397760e-01 
4.397760e-01 
4.397760e-01 
4.397760e-01 
4.397760e-01 
4.397760e-01 
4.397760e-01 
4.397760e-01 
4.397760e-01 
4.397760e-01 
4.397760e-01 
4.397760e-01 
4.397760e-01 
4.397760e-01 
4.397760e-01 
4.397760e-01 
4.397759e-01 
4.397759e-01 
4.397759e-01 
4.397759e-01 
4.397759e-01 
4.397759e-01 
4.397759e-01 
4.397759e-01 
4.397759e-01 
4.397759e-01 
4.397759e-01 
4.397759e-01 
4.397759e-01 
4.397759e-01 
4.397759e-01 
4.397759e-01 
4.397759e-01 
4.397759e-01 
4.397759e-01 
4.397759e-01 
4.397758e-01 
4.397758e-01 
4.397758e-01 
4.397758e-01 
4.397758e-01 
4.397758e-01 
4.397758e-01 
4.397758e-01 
4.397758e-01 
4.397758e-01 
4.397758e-01 
4.397758e-01 
4.397758e-01 
4.397758e-01 
4.397758e-01 
4.397758e-01 
4.397758e-01 
4.397758e-01 
4.397758e-01 
4.397758e-01 
4.397758e-01 
4.397758e-01 
4.397758e-01 
4.397758e-01 
4.397758e-01 
4.397758e-01 
4.397758e-01 
4.397758e-01 
4.397758e-01 
4.397758e-01 
4.397758e-01 
4.397758e-01 
4.397758e-01 
4.397758e-01 
4.397758e-01 
4.397758e-01 
4.397758e-01 
4.397758e-01 
4.397758e-01 
4.397758e-01 
4.397758e-01 
4.397758e-01 
4.397758e-01 
4.397758e-01 
4.397758e-01 
4.397758e-01 
4.397758e-01 
4.397758e-01 
4.397758e-01 
4.397758e-01 
4.397758e-01 
4.397758e-01 
4.397758e-01 
4.397758e-01 
4.397758e-01 
4.397758e-01 
4.397758e-01 
4.397758e-01 
4.397758e-01 
4.397758e-01 
4.397758e-01 
4.397758e-01 
4.397758e-01 
4.397758e-01 
4.397758e-01 
4.397758e-01 
4.397758e-01 
4.397758e-01 
4.397758e-01 
4.397758e-01 
4.397758e-01 
4.397758e-01 
4.397758e-01 
4.397758e-01 
4.397758e-01 
4.397758e-01 
4.397758e-01 
4.397758e-01 
4.397758e-01 
4.397758e-01 
4.397758e-01 
4.397758e-01 
4.397758e-01 
4.397758e-01 
4.397758e-01 
4.397758e-01 
4.397758e-01 
4.397758e-01 
4.397758e-01 
4.397758e-01 
4.397758e-01 
4.397758e-01 
4.397758e-01 
4.397758e-01 
4.397758e-01 
4.397758e-01 
4.397758e-01 
4.397758e-01 
4.397758e-01 
4.397758e-01 
4.397758e-01 
4.397758e-01 
4.397758e-01 
4.397758e-01 
4.397758e-01 
4.397758e-01 
4.397758e-01 
4.397758e-01 
4.397758e-01 
4.397758e-01 
4.397758e-01 
4.397758e-01 
4.397758e-01 
4.397758e-01 
4.397758e-01 
4.397758e-01 
4.397758e-01 
4.397758e-01 
4.397758e-01 
4.397758e-01 
4.397758e-01 
4.397758e-01 
4.397758e-01 
4.397758e-01 
4.397758e-01 
4.397758e-01 
4.397758e-01 
4.397758e-01 
4.397758e-01 
4.397758e-01 
4.397758e-01 
4.397758e-01 
4.397758e-01 
4.397758e-01 
4.397758e-01 
4.397758e-01 
4.397758e-01 
4.397758e-01 
4.397758e-01 
4.397758e-01 
4.397758e-01 
4.397758e-01 
4.397758e-01 
4.397758e-01 
4.397758e-01 
4.397758e-01 
4.397758e-01 
4.397758e-01 
4.397758e-01 
4.397758e-01 
4.397758e-01 
4.397758e-01 
4.397758e-01 
4.397757e-01 
4.397757e-01 
4.397757e-01 
4.397757e-01 
4.397757e-01 
4.397757e-01 
4.397757e-01 
4.397757e-01 
4.397757e-01 
4.397757e-01 
4.397757e-01 
4.397757e-01 
4.397757e-01 
4.397757e-01 
4.397757e-01 
4.397757e-01 
4.397757e-01 
4.397757e-01 
4.397757e-01 
4.397756e-01 
4.397756e-01 
4.397756e-01 
4.397756e-01 
4.397756e-01 
4.397756e-01 
4.397756e-01 
4.397756e-01 
4.397756e-01 
4.397756e-01 
4.397756e-01 
4.397756e-01 
4.397756e-01 
4.397756e-01 
4.397756e-01 
4.397756e-01 
4.397756e-01 
4.397756e-01 
4.397756e-01 
4.397756e-01 
4.397756e-01 
4.397756e-01 
4.397756e-01 
4.397756e-01 
4.397756e-01 
4.397756e-01 
4.397756e-01 
4.397756e-01 
4.397756e-01 
4.397756e-01 
4.397756e-01 
4.397756e-01 
4.397756e-01 
4.397755e-01 
4.397755e-01 
4.397755e-01 
4.397755e-01 
4.397755e-01 
4.397755e-01 
4.397755e-01 
4.397755e-01 
4.397755e-01 
4.397755e-01 
4.397755e-01 
4.397755e-01 
4.397755e-01 
4.397755e-01 
4.397755e-01 
4.397755e-01 
4.397755e-01 
4.397755e-01 
4.397755e-01 
4.397755e-01 
4.397755e-01 
4.397755e-01 
4.397755e-01 
4.397755e-01 
4.397755e-01 
4.397755e-01 
4.397755e-01 
4.397755e-01 
4.397755e-01 
4.397755e-01 
4.397755e-01 
4.397755e-01 
4.397755e-01 
4.397755e-01 
4.397755e-01 
4.397755e-01 
4.397755e-01 
4.397755e-01 
4.397755e-01 
4.397755e-01 
4.397755e-01 
4.397755e-01 
4.397755e-01 
4.397755e-01 
4.397755e-01 
4.397755e-01 
4.397755e-01 
4.397755e-01 
4.397755e-01 
4.397755e-01 
4.397755e-01 
4.397755e-01 
4.397755e-01 
4.397755e-01 
4.397755e-01 
4.397755e-01 
4.397755e-01 
4.397755e-01 
4.397755e-01 
4.397755e-01 
4.397755e-01 
4.397755e-01 
4.397755e-01 
4.397755e-01 
4.397755e-01 
4.397755e-01 
4.397755e-01 
4.397755e-01 
4.397755e-01 
4.397755e-01 
4.397755e-01 
4.397755e-01 
4.397755e-01 
4.397755e-01 
4.397755e-01 
4.397755e-01 
4.397754e-01 
4.397754e-01 
4.397754e-01 
4.397754e-01 
4.397754e-01 
4.397754e-01 
4.397754e-01 
4.397754e-01 
4.397754e-01 
4.397754e-01 
4.397754e-01 
4.397754e-01 
4.397754e-01 
4.397754e-01 
4.397754e-01 
4.397754e-01 
4.397754e-01 
4.397754e-01 
4.397754e-01 
4.397754e-01 
4.397754e-01 
4.397754e-01 
4.397754e-01 
4.397754e-01 
4.397754e-01 
4.397754e-01 
4.397754e-01 
4.397753e-01 
4.397753e-01 
4.397753e-01 
4.397753e-01 
4.397753e-01 
4.397753e-01 
4.397753e-01 
4.397753e-01 
4.397753e-01 
4.397753e-01 
4.397753e-01 
4.397753e-01 
4.397753e-01 
4.397753e-01 
4.397753e-01 
4.397753e-01 
4.397753e-01 
4.397753e-01 
4.397753e-01 
4.397753e-01 
4.397753e-01 
4.397753e-01 
4.397753e-01 
4.397753e-01 
4.397753e-01 
4.397753e-01 
4.397753e-01 
4.397753e-01 
4.397753e-01 
4.397753e-01 
4.397753e-01 
4.397753e-01 
4.397753e-01 
4.397753e-01 
4.397753e-01 
4.397753e-01 
4.397753e-01 
4.397753e-01 
4.397753e-01 
4.397753e-01 
4.397753e-01 
4.397753e-01 
4.397753e-01 
4.397753e-01 
4.397753e-01 
4.397753e-01 
4.397753e-01 
4.397753e-01 
4.397753e-01 
4.397753e-01 
4.397753e-01 
4.397753e-01 
4.397753e-01 
4.397753e-01 
4.397753e-01 
4.397753e-01 
4.397753e-01 
4.397753e-01 
4.397753e-01 
4.397753e-01 
4.397753e-01 
4.397752e-01 
4.397752e-01 
4.397752e-01 
4.397752e-01 
4.397752e-01 
4.397752e-01 
4.397752e-01 
4.397752e-01 
4.397752e-01 
4.397752e-01 
4.397752e-01 
4.397752e-01 
4.397752e-01 
4.397752e-01 
4.397752e-01 
4.397752e-01 
4.397752e-01 
4.397752e-01 
4.397752e-01 
4.397752e-01 
4.397752e-01 
4.397752e-01 
4.397752e-01 
4.397752e-01 
4.397752e-01 
4.397751e-01 
4.397751e-01 
4.397751e-01 
4.397751e-01 
4.397751e-01 
4.397751e-01 
4.397751e-01 
4.397751e-01 
4.397751e-01 
4.397751e-01 
4.397751e-01 
4.397751e-01 
4.397751e-01 
4.397751e-01 
4.397751e-01 
4.397751e-01 
4.397751e-01 
4.397751e-01 
4.397751e-01 
4.397751e-01 
4.397751e-01 
4.397751e-01 
4.397751e-01 
4.397751e-01 
4.397751e-01 
4.397751e-01 
4.397751e-01 
4.397751e-01 
4.397751e-01 
4.397751e-01 
4.397751e-01 
4.397751e-01 
4.397751e-01 
4.397751e-01 
4.397751e-01 
4.397751e-01 
4.397751e-01 
4.397751e-01 
4.397751e-01 
4.397751e-01 
4.397751e-01 
4.397751e-01 
4.397751e-01 
4.397751e-01 
4.397751e-01 
4.397751e-01 
4.397751e-01 
4.397751e-01 
4.397751e-01 
4.397751e-01 
4.397751e-01 
4.397751e-01 
4.397751e-01 
4.397751e-01 
4.397751e-01 
4.397751e-01 
4.397751e-01 
4.397751e-01 
4.397751e-01 
4.397751e-01 
4.397751e-01 
4.397751e-01 
4.397751e-01 
4.397751e-01 
4.397751e-01 
4.397751e-01 
4.397751e-01 
4.397751e-01 
4.397751e-01 
4.397751e-01 
4.397751e-01 
4.397751e-01 
4.397751e-01 
4.397751e-01 
4.397751e-01 
4.397751e-01 
4.397751e-01 
4.397751e-01 
4.397751e-01 
4.397751e-01 
4.397751e-01 
4.397751e-01 
4.397751e-01 
4.397751e-01 
4.397751e-01 
4.397751e-01 
4.397751e-01 
4.397751e-01 
4.397751e-01 
4.397751e-01 
4.397750e-01 
4.397750e-01 
4.397750e-01 
4.397750e-01 
4.397750e-01 
4.397750e-01 
4.397750e-01 
4.397750e-01 
4.397750e-01 
4.397750e-01 
4.397750e-01 
4.397750e-01 
4.397750e-01 
4.397750e-01 
4.397750e-01 
4.397750e-01 
4.397750e-01 
4.397750e-01 
4.397750e-01 
4.397750e-01 
4.397750e-01 
4.397750e-01 
4.397750e-01 
4.397750e-01 
4.397750e-01 
4.397750e-01 
4.397750e-01 
4.397750e-01 
4.397750e-01 
4.397750e-01 
4.397750e-01 
4.397750e-01 
4.397750e-01 
4.397750e-01 
4.397750e-01 
4.397750e-01 
4.397750e-01 
4.397750e-01 
4.397750e-01 
4.397750e-01 
4.397750e-01 
4.397750e-01 
4.397750e-01 
4.397750e-01 
4.397750e-01 
4.397750e-01 
4.397750e-01 
4.397750e-01 
4.397750e-01 
4.397750e-01 
4.397750e-01 
4.397750e-01 
4.397750e-01 
4.397750e-01 
4.397750e-01 
4.397750e-01 
4.397750e-01 
4.397750e-01 
4.397750e-01 
4.397750e-01 
4.397750e-01 
4.397750e-01 
4.397750e-01 
4.397750e-01 
4.397750e-01 
4.397750e-01 
4.397750e-01 
4.397750e-01 
4.397750e-01 
4.397750e-01 
4.397750e-01 
4.397750e-01 
4.397750e-01 
4.397750e-01 
4.397750e-01 
4.397750e-01 
4.397750e-01 
4.397750e-01 
4.397750e-01 
4.397750e-01 
4.397750e-01 
4.397750e-01 
4.397750e-01 
4.397750e-01 
4.397750e-01 
4.397750e-01 
4.397750e-01 
4.397750e-01 
4.397750e-01 
4.397750e-01 
4.397750e-01 
4.397750e-01 
4.397750e-01 
4.397750e-01 
4.397750e-01 
4.397750e-01 
4.397750e-01 
4.397750e-01 
4.397750e-01 
4.397750e-01 
4.397750e-01 
4.397750e-01 
4.397750e-01 
4.397750e-01 
4.397750e-01 
4.397750e-01 
4.397750e-01 
4.397750e-01 
4.397749e-01 
4.397749e-01 
4.397749e-01 
4.397749e-01 
4.397749e-01 
4.397749e-01 
4.397749e-01 
4.397749e-01 
4.397749e-01 
4.397749e-01 
4.397749e-01 
4.397749e-01 
4.397749e-01 
4.397749e-01 
4.397749e-01 
4.397749e-01 
4.397749e-01 
4.397749e-01 
4.397749e-01 
4.397749e-01 
4.397749e-01 
4.397749e-01 
4.397749e-01 
4.397749e-01 
4.397749e-01 
4.397749e-01 
4.397749e-01 
4.397749e-01 
4.397749e-01 
4.397749e-01 
4.397749e-01 
4.397749e-01 
4.397749e-01 
4.397749e-01 
4.397749e-01 
4.397749e-01 
4.397749e-01 
4.397749e-01 
4.397749e-01 
4.397749e-01 
4.397749e-01 
4.397749e-01 
4.397749e-01 
4.397749e-01 
4.397749e-01 
4.397749e-01 
4.397749e-01 
4.397749e-01 
4.397749e-01 
4.397749e-01 
4.397749e-01 
4.397749e-01 
4.397749e-01 
4.397749e-01 
4.397749e-01 
4.397749e-01 
4.397749e-01 
4.397748e-01 
4.397748e-01 
4.397748e-01 
4.397748e-01 
4.397748e-01 
4.397748e-01 
4.397748e-01 
4.397748e-01 
4.397748e-01 
4.397748e-01 
4.397748e-01 
4.397748e-01 
4.397748e-01 
4.397748e-01 
4.397748e-01 
4.397748e-01 
4.397748e-01 
4.397748e-01 
4.397748e-01 
4.397748e-01 
4.397748e-01 
4.397748e-01 
4.397748e-01 
4.397748e-01 
4.397748e-01 
4.397748e-01 
4.397748e-01 
4.397748e-01 
4.397748e-01 
4.397748e-01 
4.397748e-01 
4.397748e-01 
4.397748e-01 
4.397748e-01 
4.397748e-01 
4.397748e-01 
4.397748e-01 
4.397748e-01 
4.397748e-01 
4.397748e-01 
4.397748e-01 
4.397748e-01 
4.397748e-01 
4.397748e-01 
4.397747e-01 
4.397747e-01 
4.397747e-01 
4.397747e-01 
4.397747e-01 
4.397747e-01 
4.397747e-01 
4.397747e-01 
4.397747e-01 
4.397747e-01 
4.397747e-01 
4.397747e-01 
4.397747e-01 
4.397747e-01 
4.397747e-01 
4.397747e-01 
4.397747e-01 
4.397747e-01 
4.397747e-01 
4.397747e-01 
4.397747e-01 
4.397747e-01 
4.397747e-01 
4.397747e-01 
4.397747e-01 
4.397747e-01 
4.397747e-01 
4.397747e-01 
4.397747e-01 
4.397747e-01 
4.397747e-01 
4.397747e-01 
4.397747e-01 
4.397747e-01 
4.397747e-01 
4.397747e-01 
4.397747e-01 
4.397747e-01 
4.397747e-01 
4.397747e-01 
4.397747e-01 
4.397747e-01 
4.397747e-01 
4.397747e-01 
4.397747e-01 
4.397747e-01 
4.397747e-01 
4.397747e-01 
4.397747e-01 
4.397747e-01 
4.397747e-01 
4.397747e-01 
4.397747e-01 
4.397747e-01 
4.397747e-01 
4.397747e-01 
4.397747e-01 
4.397747e-01 
4.397747e-01 
4.397747e-01 
4.397747e-01 
4.397747e-01 
4.397747e-01 
4.397747e-01 
4.397747e-01 
4.397747e-01 
4.397747e-01 
4.397747e-01 
4.397747e-01 
4.397747e-01 
4.397747e-01 
4.397747e-01 
4.397747e-01 
4.397747e-01 
4.397747e-01 
4.397747e-01 
4.397747e-01 
4.397747e-01 
4.397747e-01 
4.397747e-01 
4.397747e-01 
4.397747e-01 
4.397747e-01 
4.397747e-01 
4.397747e-01 
4.397747e-01 
4.397747e-01 
4.397747e-01 
4.397747e-01 
4.397747e-01 
4.397747e-01 
4.397747e-01 
4.397747e-01 
4.397747e-01 
