2.652982e+02 
1.816377e+02 
1.816377e+02 
1.651055e+02 
1.651055e+02 
1.281165e+02 
1.281165e+02 
1.281165e+02 
1.281165e+02 
1.281165e+02 
1.102878e+02 
1.102878e+02 
1.102878e+02 
1.102878e+02 
1.102878e+02 
9.501459e+01 
9.501459e+01 
9.501459e+01 
9.501459e+01 
9.501459e+01 
9.501459e+01 
9.501459e+01 
9.501459e+01 
9.501459e+01 
9.501459e+01 
9.501459e+01 
9.501459e+01 
9.501459e+01 
9.501459e+01 
9.501459e+01 
9.501459e+01 
9.501459e+01 
9.501459e+01 
9.501459e+01 
9.501459e+01 
9.501459e+01 
9.501459e+01 
9.501459e+01 
9.501459e+01 
9.501459e+01 
9.501459e+01 
9.501459e+01 
9.501459e+01 
8.724985e+01 
8.724985e+01 
8.724985e+01 
8.724985e+01 
8.724985e+01 
8.724985e+01 
8.724985e+01 
8.724985e+01 
8.724985e+01 
8.724985e+01 
8.724985e+01 
8.724985e+01 
8.724985e+01 
8.724985e+01 
8.724985e+01 
8.724985e+01 
8.724985e+01 
8.724985e+01 
8.724985e+01 
8.724985e+01 
8.724985e+01 
8.724985e+01 
8.724985e+01 
8.724985e+01 
8.724985e+01 
8.724985e+01 
8.724985e+01 
8.724985e+01 
8.724985e+01 
8.724985e+01 
8.724985e+01 
8.724985e+01 
8.724985e+01 
8.724985e+01 
8.724985e+01 
8.724985e+01 
8.724985e+01 
8.724985e+01 
8.724985e+01 
8.724985e+01 
8.724985e+01 
8.724985e+01 
8.724985e+01 
8.724985e+01 
8.724985e+01 
8.724985e+01 
8.724985e+01 
8.724985e+01 
8.724985e+01 
8.724985e+01 
8.724985e+01 
8.724985e+01 
8.724985e+01 
8.724985e+01 
8.724985e+01 
8.724985e+01 
8.724985e+01 
8.724985e+01 
8.724985e+01 
8.724985e+01 
8.724985e+01 
8.724985e+01 
8.724985e+01 
8.724985e+01 
8.724985e+01 
8.724985e+01 
8.724985e+01 
8.724985e+01 
8.724985e+01 
8.724985e+01 
8.724985e+01 
8.724985e+01 
8.724985e+01 
8.724985e+01 
8.724985e+01 
8.724985e+01 
8.724985e+01 
8.724985e+01 
8.724985e+01 
8.724985e+01 
8.724985e+01 
8.724985e+01 
8.724985e+01 
8.724985e+01 
8.724985e+01 
8.724985e+01 
8.724985e+01 
8.724985e+01 
8.724985e+01 
8.724985e+01 
8.724985e+01 
8.724985e+01 
8.724985e+01 
8.724985e+01 
8.724985e+01 
8.724985e+01 
8.724985e+01 
8.724985e+01 
8.724985e+01 
8.724985e+01 
8.724985e+01 
8.724985e+01 
8.724985e+01 
8.724985e+01 
8.724985e+01 
8.724985e+01 
8.724985e+01 
8.724985e+01 
8.724985e+01 
8.724985e+01 
8.724985e+01 
8.724985e+01 
8.724985e+01 
8.724985e+01 
8.724985e+01 
8.724985e+01 
8.724985e+01 
8.724985e+01 
8.724985e+01 
8.724985e+01 
8.724985e+01 
8.724985e+01 
8.724985e+01 
8.523336e+01 
8.523336e+01 
8.523336e+01 
8.523336e+01 
8.523336e+01 
8.523336e+01 
8.523336e+01 
8.523336e+01 
8.523336e+01 
8.523336e+01 
8.523336e+01 
8.523336e+01 
8.523336e+01 
8.523336e+01 
8.523336e+01 
8.523336e+01 
8.523336e+01 
8.523336e+01 
8.523336e+01 
8.523336e+01 
8.523336e+01 
8.523336e+01 
8.523336e+01 
8.523336e+01 
8.523336e+01 
8.523336e+01 
8.523336e+01 
8.523336e+01 
8.523336e+01 
8.523336e+01 
8.523336e+01 
8.523336e+01 
8.523336e+01 
8.523336e+01 
8.523336e+01 
8.523336e+01 
8.523336e+01 
8.523336e+01 
8.523336e+01 
8.523336e+01 
8.523336e+01 
8.523336e+01 
8.523336e+01 
8.523336e+01 
8.523336e+01 
8.523336e+01 
8.523336e+01 
8.523336e+01 
8.523336e+01 
8.523336e+01 
8.523336e+01 
8.523336e+01 
8.523336e+01 
8.523336e+01 
8.523336e+01 
8.523336e+01 
8.523336e+01 
8.523336e+01 
8.523336e+01 
8.523336e+01 
8.523336e+01 
8.523336e+01 
8.523336e+01 
8.523336e+01 
8.523336e+01 
8.523336e+01 
8.523336e+01 
8.523336e+01 
8.523336e+01 
8.523336e+01 
8.523336e+01 
8.523336e+01 
8.523336e+01 
8.523336e+01 
8.523336e+01 
8.523336e+01 
8.523336e+01 
6.524013e+01 
6.524013e+01 
6.524013e+01 
6.524013e+01 
6.524013e+01 
6.524013e+01 
6.524013e+01 
6.524013e+01 
6.524013e+01 
6.524013e+01 
6.524013e+01 
6.524013e+01 
6.524013e+01 
6.524013e+01 
6.524013e+01 
6.524013e+01 
6.524013e+01 
6.524013e+01 
6.524013e+01 
6.524013e+01 
6.524013e+01 
6.524013e+01 
6.524013e+01 
6.524013e+01 
6.524013e+01 
6.524013e+01 
6.524013e+01 
6.524013e+01 
6.524013e+01 
6.524013e+01 
6.524013e+01 
6.524013e+01 
6.524013e+01 
6.524013e+01 
6.524013e+01 
6.524013e+01 
6.524013e+01 
6.524013e+01 
6.524013e+01 
6.524013e+01 
6.524013e+01 
6.524013e+01 
6.524013e+01 
6.524013e+01 
6.524013e+01 
6.524013e+01 
6.524013e+01 
6.524013e+01 
6.524013e+01 
6.524013e+01 
6.524013e+01 
6.524013e+01 
6.524013e+01 
6.524013e+01 
6.524013e+01 
6.524013e+01 
6.524013e+01 
6.524013e+01 
6.524013e+01 
6.524013e+01 
6.524013e+01 
6.524013e+01 
6.524013e+01 
6.524013e+01 
6.524013e+01 
6.524013e+01 
6.524013e+01 
6.524013e+01 
6.524013e+01 
6.524013e+01 
6.524013e+01 
6.524013e+01 
6.524013e+01 
6.524013e+01 
6.524013e+01 
6.524013e+01 
6.524013e+01 
6.524013e+01 
6.524013e+01 
6.524013e+01 
6.524013e+01 
6.524013e+01 
6.524013e+01 
6.524013e+01 
6.524013e+01 
6.524013e+01 
6.524013e+01 
6.524013e+01 
6.524013e+01 
6.524013e+01 
6.524013e+01 
6.524013e+01 
6.524013e+01 
6.524013e+01 
6.524013e+01 
6.524013e+01 
6.524013e+01 
6.524013e+01 
6.524013e+01 
6.524013e+01 
6.524013e+01 
6.524013e+01 
6.524013e+01 
6.524013e+01 
6.524013e+01 
6.524013e+01 
6.524013e+01 
6.524013e+01 
6.524013e+01 
6.524013e+01 
6.524013e+01 
6.524013e+01 
6.524013e+01 
6.524013e+01 
6.524013e+01 
6.524013e+01 
6.524013e+01 
6.524013e+01 
6.524013e+01 
6.524013e+01 
6.524013e+01 
6.524013e+01 
6.524013e+01 
6.524013e+01 
6.524013e+01 
6.524013e+01 
6.524013e+01 
6.524013e+01 
6.524013e+01 
6.524013e+01 
6.524013e+01 
6.524013e+01 
6.524013e+01 
6.524013e+01 
6.524013e+01 
6.524013e+01 
6.524013e+01 
6.524013e+01 
6.524013e+01 
6.524013e+01 
6.524013e+01 
6.524013e+01 
6.524013e+01 
6.524013e+01 
6.524013e+01 
6.524013e+01 
6.524013e+01 
6.524013e+01 
6.524013e+01 
6.524013e+01 
6.524013e+01 
6.524013e+01 
6.524013e+01 
6.524013e+01 
6.524013e+01 
6.524013e+01 
6.524013e+01 
6.524013e+01 
6.524013e+01 
6.524013e+01 
6.524013e+01 
6.524013e+01 
6.524013e+01 
6.524013e+01 
6.524013e+01 
6.524013e+01 
6.524013e+01 
6.524013e+01 
6.524013e+01 
6.524013e+01 
6.524013e+01 
6.524013e+01 
6.524013e+01 
6.524013e+01 
6.524013e+01 
6.524013e+01 
6.524013e+01 
6.524013e+01 
6.524013e+01 
6.524013e+01 
6.524013e+01 
6.524013e+01 
6.524013e+01 
6.524013e+01 
6.524013e+01 
6.524013e+01 
6.524013e+01 
6.524013e+01 
6.524013e+01 
6.524013e+01 
6.524013e+01 
6.524013e+01 
6.524013e+01 
6.524013e+01 
6.524013e+01 
6.524013e+01 
6.524013e+01 
6.524013e+01 
6.524013e+01 
6.524013e+01 
6.524013e+01 
6.524013e+01 
6.524013e+01 
6.524013e+01 
6.524013e+01 
6.524013e+01 
6.524013e+01 
6.524013e+01 
6.524013e+01 
6.524013e+01 
6.524013e+01 
6.524013e+01 
6.524013e+01 
6.524013e+01 
6.524013e+01 
6.524013e+01 
6.524013e+01 
6.524013e+01 
6.524013e+01 
6.524013e+01 
6.524013e+01 
6.524013e+01 
6.524013e+01 
6.524013e+01 
6.524013e+01 
6.524013e+01 
6.524013e+01 
4.814477e+01 
4.814477e+01 
4.814477e+01 
4.814477e+01 
4.814477e+01 
4.814477e+01 
4.814477e+01 
4.814477e+01 
4.814477e+01 
4.814477e+01 
4.814477e+01 
4.814477e+01 
4.814477e+01 
4.814477e+01 
4.814477e+01 
4.814477e+01 
4.814477e+01 
4.814477e+01 
4.814477e+01 
4.814477e+01 
4.814477e+01 
4.814477e+01 
4.814477e+01 
4.814477e+01 
4.814477e+01 
4.814477e+01 
4.814477e+01 
4.814477e+01 
4.814477e+01 
4.814477e+01 
4.814477e+01 
4.814477e+01 
4.814477e+01 
4.814477e+01 
4.814477e+01 
4.814477e+01 
4.814477e+01 
4.814477e+01 
4.814477e+01 
4.814477e+01 
4.814477e+01 
4.814477e+01 
4.814477e+01 
4.814477e+01 
4.814477e+01 
4.814477e+01 
4.814477e+01 
4.814477e+01 
4.814477e+01 
4.814477e+01 
4.814477e+01 
4.814477e+01 
4.814477e+01 
4.814477e+01 
4.814477e+01 
4.814477e+01 
4.814477e+01 
4.814477e+01 
4.814477e+01 
4.814477e+01 
4.814477e+01 
4.814477e+01 
4.814477e+01 
4.814477e+01 
4.814477e+01 
4.814477e+01 
4.814477e+01 
4.814477e+01 
4.814477e+01 
4.814477e+01 
4.814477e+01 
4.814477e+01 
4.814477e+01 
4.814477e+01 
4.814477e+01 
4.814477e+01 
4.814477e+01 
4.814477e+01 
4.814477e+01 
4.814477e+01 
4.814477e+01 
4.814477e+01 
4.814477e+01 
4.814477e+01 
4.814477e+01 
4.814477e+01 
4.814477e+01 
4.814477e+01 
4.814477e+01 
4.814477e+01 
4.814477e+01 
4.814477e+01 
4.814477e+01 
4.814477e+01 
4.814477e+01 
4.814477e+01 
4.814477e+01 
4.814477e+01 
4.814477e+01 
4.814477e+01 
4.814477e+01 
4.814477e+01 
4.814477e+01 
4.814477e+01 
4.814477e+01 
4.814477e+01 
4.814477e+01 
4.814477e+01 
4.814477e+01 
4.814477e+01 
4.814477e+01 
4.814477e+01 
4.814477e+01 
4.814477e+01 
4.814477e+01 
4.814477e+01 
4.814477e+01 
4.814477e+01 
4.814477e+01 
4.814477e+01 
4.814477e+01 
4.814477e+01 
4.814477e+01 
4.814477e+01 
4.814477e+01 
4.814477e+01 
4.814477e+01 
4.814477e+01 
4.814477e+01 
4.814477e+01 
4.814477e+01 
4.814477e+01 
4.814477e+01 
4.814477e+01 
4.814477e+01 
4.814477e+01 
4.814477e+01 
4.814477e+01 
4.814477e+01 
4.814477e+01 
4.814477e+01 
4.814477e+01 
4.814477e+01 
4.814477e+01 
4.814477e+01 
4.814477e+01 
4.814477e+01 
4.814477e+01 
4.814477e+01 
4.814477e+01 
4.814477e+01 
4.814477e+01 
4.814477e+01 
4.814477e+01 
4.814477e+01 
4.814477e+01 
4.814477e+01 
4.814477e+01 
4.814477e+01 
4.814477e+01 
4.814477e+01 
4.814477e+01 
4.814477e+01 
4.814477e+01 
4.814477e+01 
4.814477e+01 
4.814477e+01 
4.814477e+01 
4.814477e+01 
4.814477e+01 
4.814477e+01 
4.814477e+01 
4.814477e+01 
4.814477e+01 
4.814477e+01 
4.814477e+01 
4.814477e+01 
4.814477e+01 
4.814477e+01 
4.814477e+01 
4.814477e+01 
4.814477e+01 
4.814477e+01 
4.814477e+01 
4.814477e+01 
4.814477e+01 
4.814477e+01 
4.814477e+01 
4.814477e+01 
4.814477e+01 
4.814477e+01 
4.814477e+01 
4.814477e+01 
4.814477e+01 
4.814477e+01 
4.814477e+01 
4.814477e+01 
4.814477e+01 
4.814477e+01 
4.814477e+01 
4.814477e+01 
4.814477e+01 
4.814477e+01 
4.814477e+01 
4.814477e+01 
4.814477e+01 
4.814477e+01 
4.814477e+01 
4.814477e+01 
4.814477e+01 
4.814477e+01 
4.814477e+01 
4.814477e+01 
4.814477e+01 
4.814477e+01 
4.814477e+01 
4.814477e+01 
4.814477e+01 
4.814477e+01 
4.814477e+01 
4.814477e+01 
4.814477e+01 
4.814477e+01 
4.814477e+01 
4.814477e+01 
4.814477e+01 
4.814477e+01 
4.814477e+01 
4.814477e+01 
4.814477e+01 
4.814477e+01 
4.814477e+01 
4.814477e+01 
4.814477e+01 
4.814477e+01 
4.814477e+01 
4.814477e+01 
4.814477e+01 
4.814477e+01 
4.814477e+01 
4.814477e+01 
4.814477e+01 
4.814477e+01 
4.814477e+01 
4.814477e+01 
4.814477e+01 
4.814477e+01 
4.814477e+01 
4.814477e+01 
4.814477e+01 
4.814477e+01 
4.814477e+01 
4.814477e+01 
4.814477e+01 
4.814477e+01 
4.814477e+01 
4.814477e+01 
4.814477e+01 
4.814477e+01 
4.814477e+01 
4.814477e+01 
4.814477e+01 
4.814477e+01 
4.814477e+01 
4.814477e+01 
4.814477e+01 
4.814477e+01 
4.814477e+01 
4.814477e+01 
4.814477e+01 
4.814477e+01 
4.814477e+01 
4.814477e+01 
4.814477e+01 
4.814477e+01 
4.814477e+01 
4.814477e+01 
4.814477e+01 
4.814477e+01 
4.814477e+01 
4.814477e+01 
4.814477e+01 
4.814477e+01 
4.814477e+01 
4.814477e+01 
4.814477e+01 
4.814477e+01 
4.814477e+01 
4.814477e+01 
4.814477e+01 
4.814477e+01 
4.814477e+01 
4.814477e+01 
4.814477e+01 
4.814477e+01 
4.814477e+01 
4.814477e+01 
4.814477e+01 
4.814477e+01 
4.814477e+01 
4.814477e+01 
4.814477e+01 
4.814477e+01 
4.814477e+01 
4.814477e+01 
4.814477e+01 
4.814477e+01 
4.814477e+01 
4.814477e+01 
4.814477e+01 
4.814477e+01 
4.814477e+01 
4.814477e+01 
4.814477e+01 
4.814477e+01 
4.814477e+01 
4.814477e+01 
4.814477e+01 
4.814477e+01 
4.814477e+01 
4.814477e+01 
4.814477e+01 
4.814477e+01 
4.814477e+01 
4.814477e+01 
4.814477e+01 
4.814477e+01 
4.814477e+01 
4.814477e+01 
4.814477e+01 
4.814477e+01 
4.814477e+01 
4.814477e+01 
4.814477e+01 
4.814477e+01 
4.814477e+01 
4.814477e+01 
4.814477e+01 
4.814477e+01 
4.814477e+01 
4.814477e+01 
4.814477e+01 
4.814477e+01 
4.814477e+01 
4.814477e+01 
4.814477e+01 
4.814477e+01 
4.814477e+01 
4.814477e+01 
4.814477e+01 
4.814477e+01 
4.814477e+01 
4.814477e+01 
4.814477e+01 
4.814477e+01 
4.814477e+01 
4.814477e+01 
4.814477e+01 
4.814477e+01 
4.814477e+01 
4.814477e+01 
4.814477e+01 
4.814477e+01 
4.814477e+01 
4.814477e+01 
4.814477e+01 
4.814477e+01 
4.814477e+01 
4.814477e+01 
4.814477e+01 
4.814477e+01 
4.814477e+01 
4.814477e+01 
4.814477e+01 
4.814477e+01 
4.814477e+01 
4.814477e+01 
4.814477e+01 
4.814477e+01 
4.814477e+01 
4.814477e+01 
4.814477e+01 
4.814477e+01 
4.814477e+01 
4.814477e+01 
4.814477e+01 
4.814477e+01 
4.814477e+01 
4.814477e+01 
4.814477e+01 
4.814477e+01 
4.814477e+01 
4.814477e+01 
4.814477e+01 
4.814477e+01 
4.814477e+01 
4.814477e+01 
4.814477e+01 
4.814477e+01 
4.814477e+01 
4.814477e+01 
4.814477e+01 
4.814477e+01 
4.814477e+01 
4.814477e+01 
4.814477e+01 
4.814477e+01 
4.814477e+01 
4.814477e+01 
4.814477e+01 
4.814477e+01 
4.814477e+01 
4.814477e+01 
4.814477e+01 
4.814477e+01 
4.814477e+01 
4.814477e+01 
4.814477e+01 
4.814477e+01 
4.814477e+01 
4.814477e+01 
4.814477e+01 
4.814477e+01 
4.814477e+01 
4.814477e+01 
4.814477e+01 
4.814477e+01 
4.814477e+01 
4.814477e+01 
4.814477e+01 
4.814477e+01 
4.814477e+01 
4.814477e+01 
4.814477e+01 
4.814477e+01 
4.814477e+01 
4.814477e+01 
4.814477e+01 
4.814477e+01 
4.814477e+01 
4.814477e+01 
4.814477e+01 
4.814477e+01 
4.814477e+01 
4.814477e+01 
4.814477e+01 
4.814477e+01 
4.814477e+01 
4.814477e+01 
4.814477e+01 
4.814477e+01 
4.814477e+01 
4.814477e+01 
4.814477e+01 
4.814477e+01 
4.814477e+01 
4.814477e+01 
4.814477e+01 
4.814477e+01 
4.814477e+01 
4.814477e+01 
4.814477e+01 
4.814477e+01 
4.814477e+01 
4.814477e+01 
4.814477e+01 
4.814477e+01 
4.814477e+01 
4.814477e+01 
4.814477e+01 
4.814477e+01 
4.814477e+01 
4.814477e+01 
4.814477e+01 
4.814477e+01 
4.814477e+01 
4.814477e+01 
4.814477e+01 
4.814477e+01 
4.814477e+01 
4.814477e+01 
4.814477e+01 
4.814477e+01 
4.814477e+01 
4.814477e+01 
4.814477e+01 
4.814477e+01 
4.814477e+01 
4.814477e+01 
4.814477e+01 
4.814477e+01 
4.814477e+01 
4.814477e+01 
4.814477e+01 
4.814477e+01 
4.814477e+01 
4.814477e+01 
4.814477e+01 
4.814477e+01 
4.814477e+01 
4.814477e+01 
4.814477e+01 
4.814477e+01 
4.814477e+01 
4.814477e+01 
4.814477e+01 
4.814477e+01 
4.814477e+01 
4.814477e+01 
4.814477e+01 
4.814477e+01 
4.814477e+01 
4.814477e+01 
4.814477e+01 
4.814477e+01 
4.814477e+01 
4.814477e+01 
4.814477e+01 
4.814477e+01 
4.814477e+01 
4.814477e+01 
4.814477e+01 
4.814477e+01 
4.814477e+01 
4.814477e+01 
4.814477e+01 
4.814477e+01 
4.814477e+01 
4.814477e+01 
4.814477e+01 
4.814477e+01 
4.814477e+01 
4.814477e+01 
4.814477e+01 
4.814477e+01 
4.814477e+01 
4.814477e+01 
4.814477e+01 
4.814477e+01 
4.814477e+01 
4.814477e+01 
4.814477e+01 
4.814477e+01 
4.814477e+01 
4.814477e+01 
4.814477e+01 
4.814477e+01 
4.814477e+01 
4.814477e+01 
4.814477e+01 
4.814477e+01 
4.814477e+01 
4.814477e+01 
4.814477e+01 
4.814477e+01 
4.814477e+01 
4.814477e+01 
4.814477e+01 
4.814477e+01 
4.814477e+01 
4.814477e+01 
4.814477e+01 
4.814477e+01 
4.814477e+01 
4.814477e+01 
4.814477e+01 
4.814477e+01 
4.814477e+01 
4.814477e+01 
4.814477e+01 
4.814477e+01 
4.814477e+01 
4.814477e+01 
4.814477e+01 
4.814477e+01 
4.814477e+01 
4.814477e+01 
4.814477e+01 
4.814477e+01 
4.814477e+01 
4.814477e+01 
4.814477e+01 
4.814477e+01 
4.814477e+01 
4.814477e+01 
4.814477e+01 
4.814477e+01 
4.814477e+01 
4.814477e+01 
4.814477e+01 
4.814477e+01 
4.814477e+01 
4.814477e+01 
4.814477e+01 
4.814477e+01 
4.814477e+01 
4.814477e+01 
4.814477e+01 
4.814477e+01 
4.814477e+01 
4.814477e+01 
4.814477e+01 
4.814477e+01 
4.814477e+01 
4.814477e+01 
4.814477e+01 
4.814477e+01 
4.034605e+01 
4.034605e+01 
4.034605e+01 
4.034605e+01 
4.034605e+01 
4.034605e+01 
4.034605e+01 
4.034605e+01 
4.034605e+01 
4.034605e+01 
4.034605e+01 
4.034605e+01 
4.034605e+01 
4.034605e+01 
4.034605e+01 
4.034605e+01 
4.034605e+01 
4.034605e+01 
4.034605e+01 
4.034605e+01 
4.034605e+01 
4.034605e+01 
4.034605e+01 
4.034605e+01 
4.034605e+01 
4.034605e+01 
4.034605e+01 
4.034605e+01 
4.034605e+01 
4.034605e+01 
4.034605e+01 
4.034605e+01 
4.034605e+01 
4.034605e+01 
4.034605e+01 
4.034605e+01 
4.034605e+01 
4.034605e+01 
4.034605e+01 
4.034605e+01 
4.034605e+01 
4.034605e+01 
4.034605e+01 
4.034605e+01 
4.034605e+01 
4.034605e+01 
4.034605e+01 
4.034605e+01 
4.034605e+01 
4.034605e+01 
4.034605e+01 
4.034605e+01 
4.034605e+01 
4.034605e+01 
4.034605e+01 
4.034605e+01 
4.034605e+01 
4.034605e+01 
4.034605e+01 
4.034605e+01 
4.034605e+01 
4.034605e+01 
4.034605e+01 
4.034605e+01 
4.034605e+01 
4.034605e+01 
4.034605e+01 
4.034605e+01 
4.034605e+01 
4.034605e+01 
4.034605e+01 
4.034605e+01 
4.034605e+01 
4.034605e+01 
4.034605e+01 
4.034605e+01 
4.034605e+01 
4.034605e+01 
4.034605e+01 
4.034605e+01 
4.034605e+01 
4.034605e+01 
4.034605e+01 
4.034605e+01 
4.034605e+01 
4.034605e+01 
4.034605e+01 
4.034605e+01 
4.034605e+01 
4.034605e+01 
4.034605e+01 
4.034605e+01 
4.034605e+01 
4.034605e+01 
4.034605e+01 
4.034605e+01 
4.034605e+01 
4.034605e+01 
4.034605e+01 
4.034605e+01 
4.034605e+01 
4.034605e+01 
4.034605e+01 
4.034605e+01 
4.034605e+01 
4.034605e+01 
4.034605e+01 
4.034605e+01 
4.034605e+01 
4.034605e+01 
4.034605e+01 
4.034605e+01 
4.034605e+01 
4.034605e+01 
4.034605e+01 
4.034605e+01 
4.034605e+01 
4.034605e+01 
4.034605e+01 
4.034605e+01 
4.034605e+01 
4.034605e+01 
4.034605e+01 
4.034605e+01 
4.034605e+01 
4.034605e+01 
4.034605e+01 
4.034605e+01 
4.034605e+01 
4.034605e+01 
4.034605e+01 
4.034605e+01 
4.034605e+01 
4.034605e+01 
4.034605e+01 
4.034605e+01 
4.034605e+01 
4.034605e+01 
4.034605e+01 
4.034605e+01 
4.034605e+01 
4.034605e+01 
4.034605e+01 
4.034605e+01 
4.034605e+01 
4.034605e+01 
4.034605e+01 
4.034605e+01 
4.034605e+01 
4.034605e+01 
4.034605e+01 
4.034605e+01 
4.034605e+01 
4.034605e+01 
4.034605e+01 
4.034605e+01 
4.034605e+01 
4.034605e+01 
4.034605e+01 
4.034605e+01 
4.034605e+01 
4.034605e+01 
4.034605e+01 
4.034605e+01 
4.034605e+01 
4.034605e+01 
4.034605e+01 
4.034605e+01 
4.034605e+01 
4.034605e+01 
4.034605e+01 
4.034605e+01 
4.034605e+01 
4.034605e+01 
4.034605e+01 
4.034605e+01 
4.034605e+01 
4.034605e+01 
4.034605e+01 
4.034605e+01 
4.034605e+01 
4.034605e+01 
4.034605e+01 
4.034605e+01 
4.034605e+01 
4.034605e+01 
4.034605e+01 
4.034605e+01 
4.034605e+01 
4.034605e+01 
4.034605e+01 
4.034605e+01 
4.034605e+01 
4.034605e+01 
4.034605e+01 
4.034605e+01 
4.034605e+01 
4.034605e+01 
4.034605e+01 
4.034605e+01 
4.034605e+01 
4.034605e+01 
4.034605e+01 
4.034605e+01 
4.034605e+01 
4.034605e+01 
4.034605e+01 
4.034605e+01 
4.034605e+01 
4.034605e+01 
4.034605e+01 
4.034605e+01 
4.034605e+01 
4.034605e+01 
4.034605e+01 
4.034605e+01 
4.034605e+01 
4.034605e+01 
4.034605e+01 
4.034605e+01 
4.034605e+01 
4.034605e+01 
4.034605e+01 
4.034605e+01 
4.034605e+01 
4.034605e+01 
4.034605e+01 
4.034605e+01 
4.034605e+01 
4.034605e+01 
4.034605e+01 
4.034605e+01 
4.034605e+01 
4.034605e+01 
4.034605e+01 
4.034605e+01 
4.034605e+01 
4.034605e+01 
4.034605e+01 
4.034605e+01 
4.034605e+01 
4.034605e+01 
4.034605e+01 
4.034605e+01 
4.034605e+01 
4.034605e+01 
4.034605e+01 
4.034605e+01 
4.034605e+01 
4.034605e+01 
4.034605e+01 
4.034605e+01 
4.034605e+01 
4.034605e+01 
4.034605e+01 
4.034605e+01 
4.034605e+01 
4.034605e+01 
4.034605e+01 
4.034605e+01 
4.034605e+01 
4.034605e+01 
4.034605e+01 
4.034605e+01 
4.034605e+01 
4.034605e+01 
4.034605e+01 
4.034605e+01 
4.034605e+01 
4.034605e+01 
4.034605e+01 
4.034605e+01 
4.034605e+01 
4.034605e+01 
4.034605e+01 
4.034605e+01 
4.034605e+01 
4.034605e+01 
4.034605e+01 
4.034605e+01 
4.034605e+01 
4.034605e+01 
4.034605e+01 
4.034605e+01 
4.034605e+01 
4.034605e+01 
4.034605e+01 
4.034605e+01 
4.034605e+01 
4.034605e+01 
4.034605e+01 
4.034605e+01 
4.034605e+01 
4.034605e+01 
4.034605e+01 
4.034605e+01 
4.034605e+01 
4.034605e+01 
4.034605e+01 
4.034605e+01 
4.034605e+01 
4.034605e+01 
4.034605e+01 
4.034605e+01 
4.034605e+01 
4.034605e+01 
4.034605e+01 
4.034605e+01 
4.034605e+01 
4.034605e+01 
4.034605e+01 
4.034605e+01 
4.034605e+01 
4.034605e+01 
4.034605e+01 
4.034605e+01 
4.034605e+01 
4.034605e+01 
4.034605e+01 
4.034605e+01 
4.034605e+01 
4.034605e+01 
4.034605e+01 
4.034605e+01 
4.034605e+01 
4.034605e+01 
4.034605e+01 
4.034605e+01 
4.034605e+01 
4.034605e+01 
4.034605e+01 
4.034605e+01 
4.034605e+01 
4.034605e+01 
4.034605e+01 
4.034605e+01 
4.034605e+01 
4.034605e+01 
4.034605e+01 
4.034605e+01 
4.034605e+01 
4.034605e+01 
4.034605e+01 
4.034605e+01 
4.034605e+01 
4.034605e+01 
4.034605e+01 
4.034605e+01 
4.034605e+01 
4.034605e+01 
4.034605e+01 
4.034605e+01 
4.034605e+01 
4.034605e+01 
4.034605e+01 
4.034605e+01 
4.034605e+01 
4.034605e+01 
4.034605e+01 
4.034605e+01 
4.034605e+01 
4.034605e+01 
4.034605e+01 
4.034605e+01 
4.034605e+01 
4.034605e+01 
4.034605e+01 
4.034605e+01 
4.034605e+01 
4.034605e+01 
4.034605e+01 
4.034605e+01 
4.034605e+01 
4.034605e+01 
4.034605e+01 
4.034605e+01 
4.034605e+01 
4.034605e+01 
4.034605e+01 
4.034605e+01 
4.034605e+01 
4.034605e+01 
4.034605e+01 
4.034605e+01 
4.034605e+01 
4.034605e+01 
4.034605e+01 
4.034605e+01 
4.034605e+01 
4.034605e+01 
4.034605e+01 
4.034605e+01 
4.034605e+01 
4.034605e+01 
4.034605e+01 
4.034605e+01 
4.034605e+01 
4.034605e+01 
4.034605e+01 
4.034605e+01 
4.034605e+01 
4.034605e+01 
4.034605e+01 
4.034605e+01 
4.034605e+01 
4.034605e+01 
4.034605e+01 
4.034605e+01 
4.034605e+01 
4.034605e+01 
4.034605e+01 
4.034605e+01 
4.034605e+01 
4.034605e+01 
4.034605e+01 
4.034605e+01 
4.034605e+01 
4.034605e+01 
4.034605e+01 
4.034605e+01 
4.034605e+01 
4.034605e+01 
4.034605e+01 
4.034605e+01 
4.034605e+01 
4.034605e+01 
4.034605e+01 
4.034605e+01 
4.034605e+01 
4.034605e+01 
4.034605e+01 
4.034605e+01 
4.034605e+01 
4.034605e+01 
4.034605e+01 
4.034605e+01 
4.034605e+01 
4.034605e+01 
4.034605e+01 
4.034605e+01 
4.034605e+01 
4.034605e+01 
4.034605e+01 
4.034605e+01 
4.034605e+01 
4.034605e+01 
4.034605e+01 
4.034605e+01 
4.034605e+01 
4.034605e+01 
4.034605e+01 
4.034605e+01 
4.034605e+01 
4.034605e+01 
4.034605e+01 
4.034605e+01 
4.034605e+01 
4.034605e+01 
4.034605e+01 
4.034605e+01 
4.034605e+01 
4.034605e+01 
4.034605e+01 
4.034605e+01 
4.034605e+01 
4.034605e+01 
4.034605e+01 
4.034605e+01 
4.034605e+01 
4.034605e+01 
4.034605e+01 
4.034605e+01 
4.034605e+01 
4.034605e+01 
4.034605e+01 
4.034605e+01 
4.034605e+01 
4.034605e+01 
4.034605e+01 
4.034605e+01 
4.034605e+01 
4.034605e+01 
4.034605e+01 
4.034605e+01 
4.034605e+01 
4.034605e+01 
4.034605e+01 
4.034605e+01 
4.034605e+01 
4.034605e+01 
4.034605e+01 
4.034605e+01 
4.034605e+01 
4.034605e+01 
4.034605e+01 
4.034605e+01 
4.034605e+01 
4.034605e+01 
4.034605e+01 
4.034605e+01 
4.034605e+01 
4.034605e+01 
4.034605e+01 
4.034605e+01 
4.034605e+01 
4.034605e+01 
4.034605e+01 
4.034605e+01 
4.034605e+01 
4.034605e+01 
4.034605e+01 
4.034605e+01 
4.034605e+01 
4.034605e+01 
4.034605e+01 
4.034605e+01 
4.034605e+01 
4.034605e+01 
4.034605e+01 
4.034605e+01 
4.034605e+01 
4.034605e+01 
4.034605e+01 
4.034605e+01 
4.034605e+01 
4.034605e+01 
4.034605e+01 
4.034605e+01 
4.034605e+01 
4.034605e+01 
4.034605e+01 
4.034605e+01 
4.034605e+01 
4.034605e+01 
4.034605e+01 
4.034605e+01 
4.034605e+01 
4.034605e+01 
4.034605e+01 
4.034605e+01 
4.034605e+01 
4.034605e+01 
4.034605e+01 
4.034605e+01 
4.034605e+01 
4.034605e+01 
4.034605e+01 
4.034605e+01 
3.895976e+01 
3.895976e+01 
3.895976e+01 
3.895976e+01 
3.895976e+01 
3.895976e+01 
3.895976e+01 
3.895976e+01 
3.895976e+01 
3.895976e+01 
3.895976e+01 
3.895976e+01 
3.895976e+01 
3.895976e+01 
3.895976e+01 
3.895976e+01 
3.895976e+01 
3.895976e+01 
3.895976e+01 
3.895976e+01 
3.895976e+01 
3.895976e+01 
3.895976e+01 
3.895976e+01 
3.895976e+01 
3.895976e+01 
3.895976e+01 
3.895976e+01 
3.895976e+01 
3.895976e+01 
3.895976e+01 
3.895976e+01 
3.895976e+01 
3.895976e+01 
3.895976e+01 
3.895976e+01 
3.895976e+01 
3.895976e+01 
3.895976e+01 
3.895976e+01 
3.895976e+01 
3.895976e+01 
3.895976e+01 
3.895976e+01 
3.895976e+01 
3.895976e+01 
3.895976e+01 
3.895976e+01 
3.895976e+01 
3.895976e+01 
3.895976e+01 
3.895976e+01 
3.895976e+01 
3.895976e+01 
3.895976e+01 
3.895976e+01 
3.895976e+01 
3.895976e+01 
3.895976e+01 
3.895976e+01 
3.895976e+01 
3.895976e+01 
3.895976e+01 
3.895976e+01 
3.895976e+01 
3.895976e+01 
3.895976e+01 
3.895976e+01 
3.895976e+01 
3.895976e+01 
3.895976e+01 
3.895976e+01 
3.895976e+01 
3.895976e+01 
3.895976e+01 
3.895976e+01 
3.895976e+01 
3.895976e+01 
3.895976e+01 
3.895976e+01 
3.895976e+01 
3.895976e+01 
3.895976e+01 
3.895976e+01 
3.895976e+01 
3.895976e+01 
3.895976e+01 
3.895976e+01 
3.895976e+01 
3.895976e+01 
3.895976e+01 
3.895976e+01 
3.895976e+01 
3.895976e+01 
3.895976e+01 
3.895976e+01 
3.895976e+01 
3.895976e+01 
3.895976e+01 
3.895976e+01 
3.895976e+01 
3.895976e+01 
3.895976e+01 
3.895976e+01 
3.895976e+01 
3.895976e+01 
3.895976e+01 
3.867529e+01 
3.867529e+01 
3.867529e+01 
3.867529e+01 
3.867529e+01 
3.867529e+01 
3.867529e+01 
3.867529e+01 
3.804373e+01 
3.804373e+01 
3.758701e+01 
3.758701e+01 
3.758701e+01 
3.758701e+01 
3.758701e+01 
3.758701e+01 
3.758701e+01 
3.758701e+01 
3.758701e+01 
3.758701e+01 
3.758701e+01 
3.758701e+01 
3.758701e+01 
3.758701e+01 
3.758701e+01 
3.758701e+01 
3.758701e+01 
3.758701e+01 
3.758701e+01 
3.758701e+01 
3.758701e+01 
3.758701e+01 
3.758701e+01 
3.758701e+01 
3.758701e+01 
3.758701e+01 
3.758701e+01 
3.758701e+01 
3.758701e+01 
3.758701e+01 
3.758701e+01 
3.758701e+01 
3.758701e+01 
3.758701e+01 
3.758701e+01 
3.758701e+01 
3.758701e+01 
3.758701e+01 
3.758701e+01 
3.758701e+01 
3.758701e+01 
3.758701e+01 
3.758701e+01 
3.758701e+01 
3.758701e+01 
3.758701e+01 
3.758701e+01 
3.758701e+01 
3.758701e+01 
3.758701e+01 
3.758701e+01 
3.720649e+01 
3.720649e+01 
3.720649e+01 
3.720649e+01 
3.689681e+01 
3.689681e+01 
3.689681e+01 
3.689681e+01 
3.689681e+01 
3.689681e+01 
3.689681e+01 
3.689681e+01 
3.689681e+01 
3.687341e+01 
3.687341e+01 
3.687341e+01 
3.687341e+01 
3.687341e+01 
3.687341e+01 
3.687341e+01 
3.687341e+01 
3.687341e+01 
3.687341e+01 
3.687341e+01 
3.687341e+01 
3.687341e+01 
3.687341e+01 
3.687341e+01 
3.687341e+01 
3.687341e+01 
3.687341e+01 
3.687341e+01 
3.687341e+01 
3.687341e+01 
3.687341e+01 
3.681841e+01 
3.681841e+01 
3.681841e+01 
3.681841e+01 
3.681841e+01 
3.681841e+01 
3.681841e+01 
3.681841e+01 
3.681841e+01 
3.681841e+01 
3.681841e+01 
3.681841e+01 
3.674132e+01 
3.629626e+01 
3.629590e+01 
3.629590e+01 
3.618593e+01 
3.608478e+01 
3.608478e+01 
3.608478e+01 
3.608478e+01 
3.608478e+01 
3.608478e+01 
3.608478e+01 
3.608478e+01 
3.608478e+01 
3.608478e+01 
3.608478e+01 
3.608478e+01 
3.608478e+01 
3.608478e+01 
3.608478e+01 
3.608478e+01 
3.608478e+01 
3.608478e+01 
3.608478e+01 
3.608478e+01 
3.608478e+01 
3.608478e+01 
3.608478e+01 
3.608478e+01 
3.608478e+01 
3.608478e+01 
3.608478e+01 
3.608478e+01 
3.608478e+01 
3.608478e+01 
3.608478e+01 
3.608478e+01 
3.608478e+01 
3.608478e+01 
3.608478e+01 
3.608478e+01 
3.608478e+01 
3.608478e+01 
3.608478e+01 
3.608478e+01 
3.608478e+01 
3.608478e+01 
3.608478e+01 
3.608478e+01 
3.608478e+01 
3.608478e+01 
3.608478e+01 
3.608435e+01 
3.608435e+01 
3.608435e+01 
3.608435e+01 
3.608435e+01 
3.608435e+01 
3.608435e+01 
3.608435e+01 
3.608435e+01 
3.608435e+01 
3.608435e+01 
3.608435e+01 
3.608435e+01 
3.608435e+01 
3.608435e+01 
3.608435e+01 
3.608435e+01 
3.608435e+01 
3.608435e+01 
3.608435e+01 
3.608435e+01 
3.608435e+01 
3.608435e+01 
3.608435e+01 
3.608435e+01 
3.608435e+01 
3.608435e+01 
3.608435e+01 
3.608345e+01 
3.608345e+01 
3.608170e+01 
3.608170e+01 
3.608170e+01 
3.608170e+01 
3.608170e+01 
3.608170e+01 
3.608170e+01 
3.608170e+01 
3.607843e+01 
3.607843e+01 
3.607843e+01 
3.607843e+01 
3.607843e+01 
3.607843e+01 
3.607843e+01 
3.607507e+01 
3.607507e+01 
3.607363e+01 
3.607363e+01 
3.607363e+01 
3.607363e+01 
3.607363e+01 
3.607363e+01 
3.607363e+01 
3.607363e+01 
3.607363e+01 
3.607363e+01 
3.607363e+01 
3.607363e+01 
3.607363e+01 
3.607363e+01 
3.607363e+01 
3.607363e+01 
3.607363e+01 
3.607363e+01 
3.607363e+01 
3.607363e+01 
3.607363e+01 
3.607363e+01 
3.607363e+01 
3.607363e+01 
3.607363e+01 
3.607363e+01 
3.607363e+01 
3.607363e+01 
3.607363e+01 
3.607363e+01 
3.607363e+01 
3.607363e+01 
3.607363e+01 
3.607363e+01 
3.607363e+01 
3.607363e+01 
3.607363e+01 
3.607363e+01 
3.607363e+01 
3.607363e+01 
3.607363e+01 
3.607363e+01 
3.607363e+01 
3.607363e+01 
3.607363e+01 
3.607363e+01 
3.607363e+01 
3.607363e+01 
3.607363e+01 
3.607363e+01 
3.607363e+01 
3.607363e+01 
3.607363e+01 
3.607363e+01 
3.607363e+01 
3.607363e+01 
3.607266e+01 
3.607266e+01 
3.607253e+01 
3.607253e+01 
3.607253e+01 
3.607253e+01 
3.607253e+01 
3.607253e+01 
3.607253e+01 
3.607253e+01 
3.607253e+01 
3.607253e+01 
3.607253e+01 
3.607253e+01 
3.607253e+01 
3.607253e+01 
3.607253e+01 
3.607253e+01 
3.607253e+01 
3.607253e+01 
3.607253e+01 
3.607253e+01 
3.607253e+01 
3.607253e+01 
3.607253e+01 
3.607253e+01 
3.607253e+01 
3.607253e+01 
3.607253e+01 
3.607253e+01 
3.607253e+01 
3.607253e+01 
3.607253e+01 
3.607253e+01 
3.607253e+01 
3.607253e+01 
3.607253e+01 
3.607253e+01 
3.607243e+01 
3.607243e+01 
3.607243e+01 
3.607243e+01 
3.607214e+01 
3.607200e+01 
3.607200e+01 
3.607186e+01 
3.607186e+01 
3.607168e+01 
3.607154e+01 
3.607154e+01 
3.607133e+01 
3.607133e+01 
3.607133e+01 
3.607133e+01 
3.607133e+01 
3.607133e+01 
3.607070e+01 
3.607012e+01 
3.606970e+01 
3.606939e+01 
3.606916e+01 
3.606899e+01 
3.606886e+01 
3.606875e+01 
3.606868e+01 
3.606862e+01 
3.606857e+01 
3.606853e+01 
3.606850e+01 
3.606848e+01 
3.606846e+01 
3.606845e+01 
3.606844e+01 
3.606843e+01 
3.606842e+01 
3.606841e+01 
3.606841e+01 
3.606841e+01 
3.606840e+01 
3.606840e+01 
3.606840e+01 
3.606840e+01 
3.606840e+01 
3.606840e+01 
3.606839e+01 
3.606839e+01 
3.606839e+01 
3.606839e+01 
3.606839e+01 
3.606839e+01 
3.606839e+01 
3.606839e+01 
3.606839e+01 
3.606839e+01 
3.606839e+01 
3.606839e+01 
3.606839e+01 
3.606839e+01 
3.606839e+01 
3.606839e+01 
3.606839e+01 
3.606839e+01 
3.606839e+01 
3.606839e+01 
3.606839e+01 
3.606839e+01 
3.606839e+01 
3.606839e+01 
3.606839e+01 
3.606839e+01 
3.606839e+01 
3.606839e+01 
3.606839e+01 
3.606839e+01 
3.606839e+01 
3.606839e+01 
3.606839e+01 
3.606839e+01 
3.606839e+01 
3.606839e+01 
3.606839e+01 
3.606839e+01 
3.606839e+01 
3.606839e+01 
3.606839e+01 
3.606839e+01 
3.606839e+01 
3.606839e+01 
3.606568e+01 
3.604171e+01 
3.604171e+01 
3.604171e+01 
3.604171e+01 
3.604171e+01 
3.603364e+01 
3.603364e+01 
3.601266e+01 
3.601266e+01 
3.601266e+01 
3.600991e+01 
3.600991e+01 
3.600991e+01 
3.600991e+01 
3.600991e+01 
3.600991e+01 
3.600991e+01 
3.600991e+01 
3.600991e+01 
3.600991e+01 
3.600991e+01 
3.600991e+01 
3.600991e+01 
3.600991e+01 
3.600991e+01 
3.600991e+01 
3.600991e+01 
3.496155e+01 
3.190033e+01 
3.075359e+01 
3.075359e+01 
3.075359e+01 
3.075359e+01 
3.075359e+01 
3.075359e+01 
3.075359e+01 
3.075359e+01 
3.075359e+01 
3.075359e+01 
3.075359e+01 
3.075359e+01 
3.075359e+01 
3.075359e+01 
3.075359e+01 
3.075359e+01 
3.075359e+01 
3.075359e+01 
3.075359e+01 
3.075359e+01 
3.075359e+01 
3.075359e+01 
3.008528e+01 
3.008528e+01 
3.008528e+01 
3.008528e+01 
3.008528e+01 
3.008528e+01 
3.008528e+01 
3.008528e+01 
3.008528e+01 
3.008528e+01 
3.008528e+01 
3.008528e+01 
3.008528e+01 
3.008528e+01 
3.008528e+01 
3.008528e+01 
3.008528e+01 
3.008528e+01 
2.368535e+01 
2.368535e+01 
2.368535e+01 
2.368535e+01 
2.368535e+01 
2.368535e+01 
2.368535e+01 
2.368535e+01 
2.368535e+01 
2.368535e+01 
2.368535e+01 
2.368535e+01 
2.368535e+01 
2.368535e+01 
2.368535e+01 
2.368535e+01 
2.368535e+01 
2.368535e+01 
2.368535e+01 
2.368535e+01 
2.368535e+01 
2.368535e+01 
2.368535e+01 
2.368535e+01 
2.368535e+01 
2.368535e+01 
2.337248e+01 
2.337248e+01 
2.337248e+01 
2.337248e+01 
2.337248e+01 
2.337248e+01 
2.337248e+01 
2.196809e+01 
2.196809e+01 
2.196809e+01 
2.196809e+01 
2.196809e+01 
2.196809e+01 
2.196809e+01 
2.196809e+01 
2.196809e+01 
2.196809e+01 
2.196809e+01 
2.194609e+01 
2.194609e+01 
2.194609e+01 
2.194609e+01 
2.192143e+01 
2.192143e+01 
2.192143e+01 
2.192143e+01 
2.192143e+01 
2.192143e+01 
2.192143e+01 
2.192143e+01 
2.192143e+01 
2.192143e+01 
2.192143e+01 
2.192143e+01 
2.192143e+01 
2.192143e+01 
2.192143e+01 
2.192143e+01 
2.192143e+01 
2.192143e+01 
2.192143e+01 
2.192143e+01 
2.192143e+01 
2.192143e+01 
2.192143e+01 
2.192143e+01 
2.192143e+01 
2.192143e+01 
2.192143e+01 
2.192143e+01 
2.192143e+01 
2.192143e+01 
2.192143e+01 
2.192143e+01 
2.192143e+01 
2.192143e+01 
2.192143e+01 
2.192143e+01 
2.192143e+01 
2.192143e+01 
2.192143e+01 
2.192143e+01 
2.192143e+01 
2.192143e+01 
2.192143e+01 
2.192143e+01 
2.192143e+01 
2.192143e+01 
2.192143e+01 
2.192143e+01 
2.192143e+01 
2.192143e+01 
2.192143e+01 
2.192143e+01 
2.192143e+01 
2.192143e+01 
2.192143e+01 
2.192143e+01 
2.192143e+01 
2.192143e+01 
2.192143e+01 
2.192143e+01 
2.192143e+01 
2.192143e+01 
2.192143e+01 
2.192143e+01 
2.192143e+01 
2.192143e+01 
2.192143e+01 
2.192143e+01 
2.192143e+01 
2.192143e+01 
2.192143e+01 
2.192143e+01 
2.192143e+01 
2.192143e+01 
2.192143e+01 
2.192143e+01 
2.192143e+01 
2.192143e+01 
2.192143e+01 
2.192143e+01 
2.192143e+01 
2.192143e+01 
2.192143e+01 
2.192143e+01 
2.192143e+01 
2.192143e+01 
2.192143e+01 
2.192143e+01 
2.192143e+01 
2.192143e+01 
2.192143e+01 
2.192143e+01 
2.192143e+01 
2.192143e+01 
2.192143e+01 
2.191849e+01 
2.191849e+01 
2.191849e+01 
2.191849e+01 
2.191849e+01 
2.191849e+01 
2.191849e+01 
2.191849e+01 
2.191849e+01 
2.191849e+01 
2.191849e+01 
2.191849e+01 
2.191849e+01 
2.191849e+01 
2.191849e+01 
2.191849e+01 
2.191842e+01 
2.191842e+01 
2.191842e+01 
2.191842e+01 
2.191842e+01 
2.191842e+01 
2.191842e+01 
2.191842e+01 
2.191842e+01 
2.191842e+01 
2.191842e+01 
2.191842e+01 
2.191842e+01 
2.191842e+01 
2.191842e+01 
2.191842e+01 
2.191842e+01 
2.191842e+01 
2.191770e+01 
2.191770e+01 
2.191770e+01 
2.191770e+01 
2.191770e+01 
2.191770e+01 
2.191770e+01 
2.191770e+01 
2.191770e+01 
2.191770e+01 
2.191770e+01 
2.191770e+01 
2.191770e+01 
2.191770e+01 
2.191770e+01 
2.191260e+01 
2.191260e+01 
2.191256e+01 
2.191256e+01 
2.191256e+01 
2.191256e+01 
2.191256e+01 
2.191256e+01 
2.191256e+01 
2.191256e+01 
2.191242e+01 
2.191226e+01 
2.191226e+01 
2.191226e+01 
2.191226e+01 
2.191226e+01 
2.191226e+01 
2.191226e+01 
2.191226e+01 
2.191226e+01 
2.191226e+01 
2.191226e+01 
2.191226e+01 
2.191218e+01 
2.191210e+01 
2.191210e+01 
2.191210e+01 
2.191210e+01 
2.191210e+01 
2.191210e+01 
2.191209e+01 
2.191209e+01 
2.191209e+01 
2.191209e+01 
2.191209e+01 
2.191209e+01 
2.191209e+01 
2.191209e+01 
2.191209e+01 
2.191209e+01 
2.191209e+01 
2.191209e+01 
2.191209e+01 
2.191209e+01 
2.191209e+01 
2.191209e+01 
2.191209e+01 
2.191209e+01 
2.191209e+01 
2.191209e+01 
2.191209e+01 
2.191209e+01 
2.191209e+01 
2.191209e+01 
2.191209e+01 
2.191209e+01 
2.191209e+01 
2.191209e+01 
2.191209e+01 
2.191209e+01 
2.191209e+01 
2.191209e+01 
2.191209e+01 
2.191209e+01 
2.191209e+01 
2.191209e+01 
2.191209e+01 
2.191209e+01 
2.191209e+01 
2.191209e+01 
2.191209e+01 
2.191209e+01 
2.191209e+01 
2.191209e+01 
2.191209e+01 
2.191209e+01 
2.191209e+01 
2.191209e+01 
2.191209e+01 
2.191209e+01 
2.191209e+01 
2.191209e+01 
2.191209e+01 
2.191209e+01 
2.191209e+01 
2.191209e+01 
2.191209e+01 
2.191209e+01 
2.191209e+01 
2.191209e+01 
2.191209e+01 
2.191209e+01 
2.191209e+01 
2.191209e+01 
2.191209e+01 
2.191209e+01 
2.191209e+01 
2.191209e+01 
2.191209e+01 
2.191209e+01 
2.191209e+01 
2.191209e+01 
2.191209e+01 
2.191209e+01 
2.191209e+01 
2.191209e+01 
2.191209e+01 
2.191209e+01 
2.191209e+01 
2.191209e+01 
2.191209e+01 
2.191209e+01 
2.191209e+01 
2.191209e+01 
2.191209e+01 
2.191209e+01 
2.191209e+01 
2.191209e+01 
2.191209e+01 
2.191209e+01 
2.191209e+01 
2.191209e+01 
2.191209e+01 
2.191209e+01 
2.191209e+01 
2.191209e+01 
2.191209e+01 
2.191209e+01 
2.191209e+01 
2.191209e+01 
2.191209e+01 
2.191209e+01 
2.191209e+01 
2.191209e+01 
2.191209e+01 
2.191209e+01 
2.191209e+01 
2.191209e+01 
2.191209e+01 
2.191209e+01 
2.191209e+01 
2.191209e+01 
2.191209e+01 
2.191209e+01 
2.191209e+01 
2.191209e+01 
2.191209e+01 
2.191209e+01 
2.191209e+01 
2.191209e+01 
2.191209e+01 
2.191209e+01 
2.191209e+01 
2.191209e+01 
2.191209e+01 
2.191209e+01 
2.191209e+01 
2.191209e+01 
2.191209e+01 
2.191209e+01 
2.191209e+01 
2.191209e+01 
2.191209e+01 
2.191209e+01 
2.191209e+01 
2.191209e+01 
2.191209e+01 
2.191209e+01 
2.191209e+01 
2.191209e+01 
2.191209e+01 
2.191209e+01 
2.191209e+01 
2.191209e+01 
2.191209e+01 
2.191209e+01 
2.191209e+01 
2.191209e+01 
2.191209e+01 
2.191209e+01 
2.191209e+01 
2.191209e+01 
2.191209e+01 
2.191209e+01 
2.191209e+01 
2.191209e+01 
2.191209e+01 
2.191209e+01 
2.191209e+01 
2.191209e+01 
2.191209e+01 
2.191209e+01 
2.191209e+01 
2.191209e+01 
2.191209e+01 
2.191209e+01 
2.191209e+01 
2.191209e+01 
2.191209e+01 
2.191209e+01 
2.191209e+01 
2.191209e+01 
2.191209e+01 
2.191209e+01 
2.191209e+01 
2.191209e+01 
2.191209e+01 
2.191209e+01 
2.191209e+01 
2.191209e+01 
2.191209e+01 
2.191209e+01 
2.191209e+01 
2.191209e+01 
2.191209e+01 
2.191209e+01 
2.191209e+01 
2.191209e+01 
2.191209e+01 
2.191209e+01 
2.191209e+01 
2.191209e+01 
2.191209e+01 
2.191209e+01 
2.191209e+01 
2.191209e+01 
2.191209e+01 
2.191209e+01 
2.191209e+01 
2.191209e+01 
2.191209e+01 
2.191209e+01 
2.191209e+01 
2.191209e+01 
2.191209e+01 
2.191209e+01 
2.191209e+01 
2.191209e+01 
2.191209e+01 
2.191209e+01 
2.191209e+01 
2.191209e+01 
2.191209e+01 
2.191209e+01 
2.191209e+01 
2.191209e+01 
2.191209e+01 
2.191209e+01 
2.191209e+01 
2.191209e+01 
2.191209e+01 
2.191209e+01 
2.191209e+01 
2.191209e+01 
2.191209e+01 
2.191209e+01 
2.191209e+01 
2.191209e+01 
2.191209e+01 
2.191209e+01 
2.191209e+01 
2.191209e+01 
2.191209e+01 
2.191209e+01 
2.191209e+01 
2.191209e+01 
2.191209e+01 
2.191209e+01 
2.191209e+01 
2.191209e+01 
2.191209e+01 
2.191209e+01 
2.191209e+01 
2.191209e+01 
2.191209e+01 
2.191209e+01 
2.191209e+01 
2.191209e+01 
2.191209e+01 
2.191209e+01 
2.191209e+01 
2.191209e+01 
2.191209e+01 
2.191209e+01 
2.191209e+01 
2.191209e+01 
2.191209e+01 
2.191209e+01 
2.191209e+01 
2.191209e+01 
2.191209e+01 
2.191209e+01 
2.191209e+01 
2.191209e+01 
2.191209e+01 
2.191209e+01 
2.191209e+01 
2.191209e+01 
2.191209e+01 
2.191209e+01 
2.191209e+01 
2.191209e+01 
2.191209e+01 
2.191209e+01 
2.191209e+01 
2.191209e+01 
2.191209e+01 
2.191209e+01 
2.191209e+01 
2.191209e+01 
2.191209e+01 
2.191209e+01 
2.191209e+01 
2.191209e+01 
2.191209e+01 
2.191209e+01 
2.191209e+01 
2.191209e+01 
2.191209e+01 
2.191209e+01 
2.191209e+01 
2.191209e+01 
2.191209e+01 
2.191209e+01 
2.191209e+01 
2.191209e+01 
2.191209e+01 
2.191209e+01 
2.191209e+01 
2.191209e+01 
2.191209e+01 
2.191209e+01 
2.191209e+01 
2.191209e+01 
2.191209e+01 
2.191209e+01 
2.191209e+01 
2.191209e+01 
2.191209e+01 
2.191209e+01 
2.191209e+01 
2.191209e+01 
2.191209e+01 
2.191209e+01 
2.191209e+01 
2.191209e+01 
2.191209e+01 
2.191209e+01 
2.191209e+01 
2.191209e+01 
2.191209e+01 
2.191209e+01 
2.191209e+01 
2.191209e+01 
2.191209e+01 
2.191209e+01 
2.191209e+01 
2.191209e+01 
2.191209e+01 
2.191209e+01 
2.191209e+01 
2.191209e+01 
2.191209e+01 
2.191209e+01 
2.191209e+01 
2.191209e+01 
2.191209e+01 
2.191209e+01 
2.191209e+01 
2.191209e+01 
2.191209e+01 
2.191209e+01 
2.191209e+01 
2.191209e+01 
2.191209e+01 
2.191209e+01 
2.191209e+01 
2.191209e+01 
2.191209e+01 
2.191209e+01 
2.191209e+01 
2.191209e+01 
2.191209e+01 
2.191209e+01 
2.191209e+01 
2.191209e+01 
2.191209e+01 
2.191209e+01 
2.191209e+01 
2.191209e+01 
2.191209e+01 
2.191209e+01 
2.191209e+01 
2.191209e+01 
2.191209e+01 
2.191209e+01 
2.191209e+01 
2.191209e+01 
2.191209e+01 
2.191209e+01 
2.191209e+01 
2.191209e+01 
2.191209e+01 
2.191209e+01 
2.191209e+01 
2.191209e+01 
2.191209e+01 
2.191209e+01 
2.191209e+01 
2.191209e+01 
2.191209e+01 
2.191209e+01 
2.191209e+01 
2.191209e+01 
2.191209e+01 
2.191209e+01 
2.191209e+01 
2.191209e+01 
2.191209e+01 
2.191209e+01 
2.191209e+01 
2.191209e+01 
2.191209e+01 
2.191209e+01 
2.191209e+01 
2.191209e+01 
2.191209e+01 
2.191209e+01 
2.191209e+01 
2.191209e+01 
2.191209e+01 
2.191209e+01 
2.191209e+01 
2.191209e+01 
2.191209e+01 
2.191209e+01 
2.191209e+01 
2.191209e+01 
2.191209e+01 
2.191209e+01 
2.191209e+01 
2.191209e+01 
2.191209e+01 
2.191209e+01 
2.191209e+01 
2.191209e+01 
2.191209e+01 
2.191209e+01 
2.191209e+01 
2.191209e+01 
2.191209e+01 
2.191209e+01 
2.191209e+01 
2.191209e+01 
2.191209e+01 
2.191209e+01 
2.191209e+01 
2.191209e+01 
2.191209e+01 
2.191209e+01 
2.191209e+01 
2.191209e+01 
2.191209e+01 
2.191209e+01 
2.191209e+01 
2.191209e+01 
2.191209e+01 
2.191209e+01 
2.191209e+01 
2.191209e+01 
2.191209e+01 
2.191209e+01 
2.191209e+01 
2.191209e+01 
2.191209e+01 
2.191209e+01 
2.191209e+01 
2.191209e+01 
2.191209e+01 
2.191209e+01 
2.191209e+01 
2.191209e+01 
2.191209e+01 
2.191209e+01 
2.191209e+01 
2.191209e+01 
2.191209e+01 
2.191209e+01 
2.191209e+01 
2.191209e+01 
2.191209e+01 
2.191209e+01 
2.191209e+01 
2.191209e+01 
2.191209e+01 
2.191209e+01 
2.191209e+01 
2.191209e+01 
2.191209e+01 
2.191209e+01 
2.191209e+01 
2.191209e+01 
2.191209e+01 
2.191209e+01 
2.191209e+01 
2.191209e+01 
2.191209e+01 
2.191209e+01 
2.191209e+01 
2.191209e+01 
2.191209e+01 
2.191209e+01 
2.191209e+01 
2.191209e+01 
2.191209e+01 
2.191209e+01 
2.191209e+01 
2.191209e+01 
2.191209e+01 
2.191209e+01 
2.191209e+01 
2.191209e+01 
2.191209e+01 
2.191209e+01 
2.191209e+01 
2.191209e+01 
2.191209e+01 
2.191209e+01 
2.191209e+01 
2.191209e+01 
2.191209e+01 
2.191209e+01 
2.191209e+01 
2.191209e+01 
2.191209e+01 
2.191209e+01 
2.191209e+01 
2.191209e+01 
2.191209e+01 
2.191209e+01 
2.191209e+01 
2.191209e+01 
2.191209e+01 
2.191209e+01 
2.191209e+01 
2.191209e+01 
2.191209e+01 
2.191209e+01 
2.191209e+01 
2.191209e+01 
2.191209e+01 
2.191209e+01 
2.108740e+01 
2.108740e+01 
2.002600e+01 
2.002600e+01 
2.002600e+01 
2.002600e+01 
2.002600e+01 
2.002600e+01 
2.002600e+01 
2.002600e+01 
2.002600e+01 
2.002600e+01 
2.002600e+01 
2.002600e+01 
2.002600e+01 
2.002600e+01 
2.002600e+01 
2.002600e+01 
2.002600e+01 
2.002600e+01 
2.002600e+01 
2.002600e+01 
2.002600e+01 
2.002600e+01 
2.002600e+01 
2.002600e+01 
2.002600e+01 
2.002600e+01 
2.002600e+01 
2.002600e+01 
2.002600e+01 
2.002600e+01 
2.002600e+01 
2.002600e+01 
2.002600e+01 
2.002600e+01 
2.002600e+01 
2.002600e+01 
2.002600e+01 
2.002600e+01 
2.002600e+01 
2.002600e+01 
2.002600e+01 
2.002600e+01 
2.002600e+01 
2.002600e+01 
2.002600e+01 
1.985979e+01 
1.985979e+01 
1.985979e+01 
1.985979e+01 
1.985979e+01 
1.985979e+01 
1.985979e+01 
1.985979e+01 
1.985979e+01 
1.975592e+01 
1.975592e+01 
1.975592e+01 
1.975592e+01 
1.953746e+01 
1.953746e+01 
1.951314e+01 
1.951314e+01 
1.951314e+01 
1.951314e+01 
1.951314e+01 
1.951314e+01 
1.951314e+01 
1.951314e+01 
1.951314e+01 
1.945851e+01 
1.945851e+01 
1.945725e+01 
1.945725e+01 
1.945725e+01 
1.945725e+01 
1.945725e+01 
1.945725e+01 
1.945725e+01 
1.945105e+01 
1.945105e+01 
1.944972e+01 
1.870771e+01 
1.870771e+01 
1.870771e+01 
1.870771e+01 
1.870771e+01 
1.870771e+01 
1.870771e+01 
1.870771e+01 
1.870771e+01 
1.870771e+01 
1.870771e+01 
1.870771e+01 
1.870771e+01 
1.870771e+01 
1.870771e+01 
1.870771e+01 
1.870771e+01 
1.870771e+01 
1.870771e+01 
1.870771e+01 
1.870771e+01 
1.870771e+01 
1.870771e+01 
1.870771e+01 
1.870771e+01 
1.870771e+01 
1.870771e+01 
1.870771e+01 
1.870771e+01 
1.870771e+01 
1.870771e+01 
1.870771e+01 
1.870771e+01 
1.870771e+01 
1.870771e+01 
1.870771e+01 
1.870771e+01 
1.870771e+01 
1.870771e+01 
1.870771e+01 
1.870771e+01 
1.870771e+01 
1.870771e+01 
1.870771e+01 
1.870771e+01 
1.870771e+01 
1.870771e+01 
1.870771e+01 
1.870771e+01 
1.870771e+01 
1.870771e+01 
1.870771e+01 
1.870771e+01 
1.870771e+01 
1.870771e+01 
1.870771e+01 
1.870771e+01 
1.870771e+01 
1.813258e+01 
1.813258e+01 
1.813258e+01 
1.813258e+01 
1.813258e+01 
1.813258e+01 
1.813258e+01 
1.813258e+01 
1.813258e+01 
1.813258e+01 
1.813258e+01 
1.813258e+01 
1.813258e+01 
1.813258e+01 
1.813258e+01 
1.813258e+01 
1.813258e+01 
1.813258e+01 
1.813258e+01 
1.813258e+01 
1.813258e+01 
1.813258e+01 
1.813258e+01 
1.813258e+01 
1.813258e+01 
1.813258e+01 
1.813258e+01 
1.813258e+01 
1.813258e+01 
1.813258e+01 
1.673439e+01 
1.673439e+01 
1.673439e+01 
1.673439e+01 
1.673439e+01 
1.673439e+01 
1.673439e+01 
1.673439e+01 
1.673439e+01 
1.673439e+01 
1.673439e+01 
1.673439e+01 
1.673439e+01 
1.673439e+01 
1.673439e+01 
1.673439e+01 
1.673439e+01 
1.673439e+01 
1.673439e+01 
1.673439e+01 
1.673439e+01 
1.673439e+01 
1.673439e+01 
1.673439e+01 
1.673439e+01 
1.673439e+01 
1.673439e+01 
1.673439e+01 
1.673439e+01 
1.673439e+01 
1.673439e+01 
1.673439e+01 
1.673439e+01 
1.673439e+01 
1.673439e+01 
1.673439e+01 
1.673439e+01 
1.673439e+01 
1.673439e+01 
1.673439e+01 
1.673439e+01 
1.673439e+01 
1.673439e+01 
1.673439e+01 
1.673439e+01 
1.673439e+01 
1.673439e+01 
1.653012e+01 
1.653012e+01 
1.653012e+01 
1.653012e+01 
1.653012e+01 
1.653012e+01 
1.653012e+01 
1.653012e+01 
1.653012e+01 
1.653012e+01 
1.653012e+01 
1.653012e+01 
1.653012e+01 
1.650163e+01 
1.650163e+01 
1.650163e+01 
1.650163e+01 
1.650163e+01 
1.650163e+01 
1.650163e+01 
1.650163e+01 
1.650163e+01 
1.650163e+01 
1.650163e+01 
1.650163e+01 
1.650163e+01 
1.650163e+01 
1.650163e+01 
1.650163e+01 
1.650163e+01 
1.650163e+01 
1.650163e+01 
1.650163e+01 
1.650163e+01 
1.650163e+01 
1.650163e+01 
1.650163e+01 
1.650163e+01 
1.650163e+01 
1.650163e+01 
1.650163e+01 
1.650163e+01 
1.650163e+01 
1.650161e+01 
1.650141e+01 
1.650141e+01 
1.650112e+01 
1.650112e+01 
1.650111e+01 
1.650111e+01 
1.650110e+01 
1.650110e+01 
1.650110e+01 
1.650110e+01 
1.650110e+01 
1.650110e+01 
1.650110e+01 
1.650110e+01 
1.650110e+01 
1.650110e+01 
1.650109e+01 
1.650109e+01 
1.650109e+01 
1.650109e+01 
1.650109e+01 
1.650109e+01 
1.650109e+01 
1.650109e+01 
1.650109e+01 
1.650109e+01 
1.650108e+01 
1.650108e+01 
1.650108e+01 
1.650108e+01 
1.650108e+01 
1.650108e+01 
1.650108e+01 
1.650107e+01 
1.650107e+01 
1.650107e+01 
1.650107e+01 
1.650107e+01 
1.650107e+01 
1.650107e+01 
1.650107e+01 
1.650107e+01 
1.650107e+01 
1.650107e+01 
1.650107e+01 
1.650107e+01 
1.650107e+01 
1.650107e+01 
1.650107e+01 
1.650107e+01 
1.650107e+01 
1.650107e+01 
1.650107e+01 
1.650107e+01 
1.650107e+01 
1.650107e+01 
1.650107e+01 
1.650107e+01 
1.650107e+01 
1.650107e+01 
1.650107e+01 
1.650107e+01 
1.650107e+01 
1.650107e+01 
1.650107e+01 
1.650107e+01 
1.650107e+01 
1.650107e+01 
1.650107e+01 
1.650107e+01 
1.650107e+01 
1.650107e+01 
1.650107e+01 
1.650107e+01 
1.650107e+01 
1.650107e+01 
1.650107e+01 
1.650107e+01 
1.650107e+01 
1.650107e+01 
1.650107e+01 
1.650107e+01 
1.650107e+01 
1.650107e+01 
1.650107e+01 
1.650107e+01 
1.650107e+01 
1.650107e+01 
1.650107e+01 
1.650107e+01 
1.650107e+01 
1.650107e+01 
1.650107e+01 
1.650107e+01 
1.650107e+01 
1.650107e+01 
1.650107e+01 
1.650107e+01 
1.650107e+01 
1.650107e+01 
1.650107e+01 
1.650107e+01 
1.650107e+01 
1.650107e+01 
1.650107e+01 
1.650107e+01 
1.650107e+01 
1.650107e+01 
1.650107e+01 
1.650107e+01 
1.650107e+01 
1.650107e+01 
1.650107e+01 
1.650107e+01 
1.650107e+01 
1.650107e+01 
1.650107e+01 
1.650107e+01 
1.650107e+01 
1.650107e+01 
1.650107e+01 
1.650107e+01 
1.650107e+01 
1.650107e+01 
1.650107e+01 
1.650107e+01 
1.650107e+01 
1.650107e+01 
1.650107e+01 
1.650107e+01 
1.650107e+01 
1.650107e+01 
1.650107e+01 
1.650107e+01 
1.650107e+01 
1.650107e+01 
1.650107e+01 
1.650107e+01 
1.650107e+01 
1.650107e+01 
1.650107e+01 
1.650107e+01 
1.650107e+01 
1.650107e+01 
1.650107e+01 
1.650107e+01 
1.650107e+01 
1.650107e+01 
1.650107e+01 
1.650107e+01 
1.650107e+01 
1.650107e+01 
1.650107e+01 
1.650107e+01 
1.650107e+01 
1.650107e+01 
1.650107e+01 
1.650107e+01 
1.650107e+01 
1.650107e+01 
1.650107e+01 
1.650107e+01 
1.650107e+01 
1.650107e+01 
1.650107e+01 
1.650107e+01 
1.650107e+01 
1.650107e+01 
1.650107e+01 
1.650107e+01 
1.650107e+01 
1.537750e+01 
1.537750e+01 
1.537750e+01 
1.537750e+01 
1.537750e+01 
1.537750e+01 
1.537750e+01 
1.537750e+01 
1.537750e+01 
1.537750e+01 
1.537750e+01 
1.537750e+01 
1.537750e+01 
1.537750e+01 
1.537750e+01 
1.537750e+01 
1.537750e+01 
1.537750e+01 
1.537750e+01 
1.537750e+01 
1.537750e+01 
1.537750e+01 
1.537750e+01 
1.537750e+01 
1.537750e+01 
1.537750e+01 
1.537750e+01 
1.537750e+01 
1.537750e+01 
1.537750e+01 
1.537750e+01 
1.537750e+01 
1.537750e+01 
1.537750e+01 
1.537750e+01 
1.537750e+01 
1.537750e+01 
1.537750e+01 
1.537750e+01 
1.537750e+01 
1.537750e+01 
1.537750e+01 
1.537750e+01 
1.537750e+01 
1.537750e+01 
1.537750e+01 
1.537750e+01 
1.537750e+01 
1.537750e+01 
1.537750e+01 
1.537750e+01 
1.537750e+01 
1.537750e+01 
1.537750e+01 
1.537750e+01 
1.537750e+01 
1.537750e+01 
1.537750e+01 
1.537750e+01 
1.537750e+01 
1.537750e+01 
1.537750e+01 
1.537750e+01 
1.537750e+01 
1.537750e+01 
1.523027e+01 
1.523027e+01 
1.523027e+01 
1.523027e+01 
1.523027e+01 
1.507345e+01 
1.491553e+01 
1.491553e+01 
1.491060e+01 
1.491060e+01 
1.490745e+01 
1.490745e+01 
1.490745e+01 
1.490745e+01 
1.490745e+01 
1.490745e+01 
1.490745e+01 
1.490745e+01 
1.490745e+01 
1.490745e+01 
1.490745e+01 
1.490745e+01 
1.490380e+01 
1.490380e+01 
1.490380e+01 
1.490380e+01 
1.490380e+01 
1.490380e+01 
1.490380e+01 
1.490380e+01 
1.490380e+01 
1.490380e+01 
1.490380e+01 
1.490380e+01 
1.490380e+01 
1.490380e+01 
1.490380e+01 
1.490380e+01 
1.490380e+01 
1.490380e+01 
1.490380e+01 
1.490380e+01 
1.490380e+01 
1.490380e+01 
1.490380e+01 
1.490380e+01 
1.490380e+01 
1.490380e+01 
1.490380e+01 
1.490380e+01 
1.490380e+01 
1.490380e+01 
1.490380e+01 
1.490380e+01 
1.490380e+01 
1.490380e+01 
1.490380e+01 
1.490380e+01 
1.490380e+01 
1.490380e+01 
1.490380e+01 
1.490380e+01 
1.490380e+01 
1.490380e+01 
1.490380e+01 
1.490380e+01 
1.490380e+01 
1.490380e+01 
1.490380e+01 
1.490380e+01 
1.490380e+01 
1.490380e+01 
1.490380e+01 
1.490380e+01 
1.490380e+01 
1.490380e+01 
1.490380e+01 
1.490380e+01 
1.490380e+01 
1.490380e+01 
1.490380e+01 
1.490380e+01 
1.490380e+01 
1.490380e+01 
1.490380e+01 
1.490380e+01 
1.490380e+01 
1.490380e+01 
1.490380e+01 
1.490380e+01 
1.490380e+01 
1.490377e+01 
1.490375e+01 
1.490374e+01 
1.490373e+01 
1.490373e+01 
1.490373e+01 
1.490373e+01 
1.490373e+01 
1.490372e+01 
1.490372e+01 
1.490372e+01 
1.490372e+01 
1.490372e+01 
1.490372e+01 
1.490372e+01 
1.490372e+01 
1.490372e+01 
1.490372e+01 
1.490372e+01 
1.490372e+01 
1.490372e+01 
1.490372e+01 
1.490372e+01 
1.490372e+01 
1.490372e+01 
1.490372e+01 
1.490372e+01 
1.490372e+01 
1.490372e+01 
1.490372e+01 
1.490372e+01 
1.490372e+01 
1.490372e+01 
1.490372e+01 
1.490372e+01 
1.490372e+01 
1.490372e+01 
1.490372e+01 
1.490372e+01 
1.490372e+01 
1.490372e+01 
1.490372e+01 
1.490372e+01 
1.490372e+01 
1.490372e+01 
1.490372e+01 
1.490372e+01 
1.490372e+01 
1.490372e+01 
1.490372e+01 
1.490372e+01 
1.490372e+01 
1.490372e+01 
1.490372e+01 
1.490372e+01 
1.490372e+01 
1.490372e+01 
1.490372e+01 
1.490372e+01 
1.490372e+01 
1.490372e+01 
1.490372e+01 
1.490372e+01 
1.490372e+01 
1.490372e+01 
1.490372e+01 
1.490372e+01 
1.490372e+01 
1.490372e+01 
1.490372e+01 
1.490372e+01 
1.490372e+01 
1.490372e+01 
1.490372e+01 
1.490372e+01 
1.490372e+01 
1.490372e+01 
1.490372e+01 
1.490372e+01 
1.490372e+01 
1.490372e+01 
1.490372e+01 
1.490372e+01 
1.490372e+01 
1.490372e+01 
1.490372e+01 
1.490372e+01 
1.490372e+01 
1.490372e+01 
1.490372e+01 
1.490372e+01 
1.490372e+01 
1.490372e+01 
1.490372e+01 
1.490372e+01 
1.490372e+01 
1.490372e+01 
1.490372e+01 
1.490372e+01 
1.490372e+01 
1.490372e+01 
1.490372e+01 
1.490372e+01 
1.490372e+01 
1.490372e+01 
1.490372e+01 
1.490372e+01 
1.490372e+01 
1.490372e+01 
1.490372e+01 
1.490372e+01 
1.490372e+01 
1.490372e+01 
1.490372e+01 
1.490372e+01 
1.490372e+01 
1.490372e+01 
1.490372e+01 
1.490372e+01 
1.490372e+01 
1.490372e+01 
1.490372e+01 
1.490372e+01 
1.490372e+01 
1.490372e+01 
1.490372e+01 
1.490372e+01 
1.490372e+01 
1.490372e+01 
1.490372e+01 
1.490372e+01 
1.490372e+01 
1.490372e+01 
1.490372e+01 
1.490372e+01 
1.490372e+01 
1.490372e+01 
1.490372e+01 
1.490372e+01 
1.490372e+01 
1.490372e+01 
1.490372e+01 
1.490372e+01 
1.490372e+01 
1.490372e+01 
1.490372e+01 
1.490372e+01 
1.490372e+01 
1.490372e+01 
1.490372e+01 
1.490372e+01 
1.490372e+01 
1.490372e+01 
1.490372e+01 
1.490372e+01 
1.490372e+01 
1.490372e+01 
1.490372e+01 
1.490372e+01 
1.490372e+01 
1.490372e+01 
1.490372e+01 
1.490372e+01 
1.490372e+01 
1.490372e+01 
1.490372e+01 
1.417333e+01 
1.417333e+01 
1.404109e+01 
1.404109e+01 
1.404109e+01 
1.404109e+01 
1.404109e+01 
1.396654e+01 
1.396654e+01 
1.396654e+01 
1.396654e+01 
1.396654e+01 
1.396654e+01 
1.396654e+01 
1.396654e+01 
1.396654e+01 
1.396654e+01 
1.375487e+01 
1.375487e+01 
1.375487e+01 
1.375487e+01 
1.375487e+01 
1.375487e+01 
1.375487e+01 
1.375487e+01 
1.375487e+01 
1.375487e+01 
1.375487e+01 
1.375487e+01 
1.375487e+01 
1.375487e+01 
1.375487e+01 
1.375487e+01 
1.375487e+01 
1.375487e+01 
1.367349e+01 
1.367349e+01 
1.367349e+01 
1.367349e+01 
1.367349e+01 
1.367349e+01 
1.367349e+01 
1.367349e+01 
1.367349e+01 
1.367349e+01 
1.367349e+01 
1.367349e+01 
1.367349e+01 
1.367349e+01 
1.367085e+01 
1.367085e+01 
1.367085e+01 
1.367085e+01 
1.367085e+01 
1.367085e+01 
1.367085e+01 
1.367085e+01 
1.366557e+01 
1.366557e+01 
1.366557e+01 
1.366557e+01 
1.366557e+01 
1.366557e+01 
1.366557e+01 
1.366557e+01 
1.366557e+01 
1.366557e+01 
1.366557e+01 
1.366557e+01 
1.366557e+01 
1.366557e+01 
1.366557e+01 
1.366557e+01 
1.366557e+01 
1.366557e+01 
1.366557e+01 
1.366557e+01 
1.366557e+01 
1.366557e+01 
1.366557e+01 
1.366557e+01 
1.366557e+01 
1.366557e+01 
1.362111e+01 
1.362111e+01 
1.362111e+01 
1.362111e+01 
1.362111e+01 
1.362111e+01 
1.362111e+01 
1.362111e+01 
1.362111e+01 
1.362111e+01 
1.362111e+01 
1.362111e+01 
1.362111e+01 
1.362111e+01 
1.362111e+01 
1.362111e+01 
1.362111e+01 
1.362111e+01 
1.362111e+01 
1.362111e+01 
1.362111e+01 
1.357318e+01 
1.357318e+01 
1.357318e+01 
1.357318e+01 
1.357318e+01 
1.357318e+01 
1.357318e+01 
1.357318e+01 
1.355594e+01 
1.355594e+01 
1.355594e+01 
1.355594e+01 
1.355594e+01 
1.355594e+01 
1.355594e+01 
1.355594e+01 
1.355594e+01 
1.355594e+01 
1.355594e+01 
1.352446e+01 
1.352446e+01 
1.352446e+01 
1.350446e+01 
1.350446e+01 
1.350446e+01 
1.350446e+01 
1.350446e+01 
1.350446e+01 
1.350446e+01 
1.350446e+01 
1.350446e+01 
1.350446e+01 
1.350446e+01 
1.350446e+01 
1.350446e+01 
1.347803e+01 
1.347803e+01 
1.340345e+01 
1.340345e+01 
1.340345e+01 
1.340345e+01 
1.340345e+01 
1.340345e+01 
1.340345e+01 
1.340345e+01 
1.340345e+01 
1.339539e+01 
1.339539e+01 
1.339539e+01 
1.339539e+01 
1.339539e+01 
1.339539e+01 
1.339539e+01 
1.339539e+01 
1.339539e+01 
1.339539e+01 
1.339539e+01 
1.339539e+01 
1.339539e+01 
1.339539e+01 
1.339539e+01 
1.339539e+01 
1.339539e+01 
1.339539e+01 
1.339539e+01 
1.339539e+01 
1.339539e+01 
1.339539e+01 
1.339539e+01 
1.339539e+01 
1.339539e+01 
1.339539e+01 
1.339539e+01 
1.339539e+01 
1.339539e+01 
1.339539e+01 
1.339539e+01 
1.339539e+01 
1.339539e+01 
1.339539e+01 
1.339539e+01 
1.339539e+01 
1.339539e+01 
1.339539e+01 
1.339539e+01 
1.338494e+01 
1.338494e+01 
1.338494e+01 
1.338235e+01 
1.338235e+01 
1.338235e+01 
1.337792e+01 
1.337792e+01 
1.337490e+01 
1.337218e+01 
1.337218e+01 
1.337218e+01 
1.336871e+01 
1.336871e+01 
1.336871e+01 
1.336871e+01 
1.336871e+01 
1.336871e+01 
1.336871e+01 
1.336871e+01 
1.336871e+01 
1.336841e+01 
1.336673e+01 
1.336590e+01 
1.336549e+01 
1.332750e+01 
1.331388e+01 
1.331388e+01 
1.331388e+01 
1.331388e+01 
1.331388e+01 
1.330452e+01 
1.330452e+01 
1.330452e+01 
1.330452e+01 
1.330452e+01 
1.330452e+01 
1.330277e+01 
1.330277e+01 
1.330277e+01 
1.330277e+01 
1.330277e+01 
1.330277e+01 
1.330277e+01 
1.330277e+01 
1.330277e+01 
1.330277e+01 
1.330277e+01 
1.330277e+01 
1.330277e+01 
1.330277e+01 
1.330277e+01 
1.330277e+01 
1.330277e+01 
1.330277e+01 
1.330277e+01 
1.330277e+01 
1.330277e+01 
1.330277e+01 
1.330277e+01 
1.330277e+01 
1.330277e+01 
1.330277e+01 
1.330277e+01 
1.330277e+01 
1.330277e+01 
1.330277e+01 
1.330277e+01 
1.330277e+01 
1.330277e+01 
1.330277e+01 
1.330277e+01 
1.330277e+01 
1.330277e+01 
1.330277e+01 
1.330277e+01 
1.330277e+01 
1.330277e+01 
1.330277e+01 
1.330277e+01 
1.330277e+01 
1.330277e+01 
1.330277e+01 
1.330277e+01 
1.330277e+01 
1.330277e+01 
1.330277e+01 
1.330277e+01 
1.330277e+01 
1.330277e+01 
1.330277e+01 
1.330277e+01 
1.330277e+01 
1.330277e+01 
1.330277e+01 
1.330277e+01 
1.330277e+01 
1.330133e+01 
1.330133e+01 
1.330133e+01 
1.330133e+01 
1.329993e+01 
1.329993e+01 
1.329993e+01 
1.329993e+01 
1.329993e+01 
1.329993e+01 
1.329993e+01 
1.329993e+01 
1.329993e+01 
1.329993e+01 
1.329993e+01 
1.329993e+01 
1.329993e+01 
1.329993e+01 
1.329993e+01 
1.329993e+01 
1.329993e+01 
1.329993e+01 
1.329993e+01 
1.329993e+01 
1.329860e+01 
1.329860e+01 
1.329860e+01 
1.329860e+01 
1.329860e+01 
1.329860e+01 
1.329860e+01 
1.329634e+01 
1.329634e+01 
1.329634e+01 
1.329634e+01 
1.329634e+01 
1.329634e+01 
1.329634e+01 
1.329634e+01 
1.329634e+01 
1.329634e+01 
1.329634e+01 
1.329634e+01 
1.329634e+01 
1.329634e+01 
1.329634e+01 
1.329634e+01 
1.329630e+01 
1.329617e+01 
1.329617e+01 
1.329603e+01 
1.329579e+01 
1.329569e+01 
1.329566e+01 
1.329566e+01 
1.329566e+01 
1.329561e+01 
1.329557e+01 
1.329555e+01 
1.329554e+01 
1.329554e+01 
1.329553e+01 
1.329451e+01 
1.329451e+01 
1.329451e+01 
1.329400e+01 
1.329400e+01 
1.329400e+01 
1.329400e+01 
1.329400e+01 
1.329400e+01 
1.329400e+01 
1.329400e+01 
1.329400e+01 
1.329400e+01 
1.329400e+01 
1.329400e+01 
1.329400e+01 
1.329400e+01 
1.329400e+01 
1.329390e+01 
1.329390e+01 
1.329371e+01 
1.329361e+01 
1.329361e+01 
1.329361e+01 
1.329349e+01 
1.329329e+01 
1.329329e+01 
1.329325e+01 
1.329325e+01 
1.329325e+01 
1.329325e+01 
1.329325e+01 
1.329325e+01 
1.329325e+01 
1.329306e+01 
1.329306e+01 
1.329275e+01 
1.329275e+01 
1.329268e+01 
1.329268e+01 
1.329268e+01 
1.329268e+01 
1.329268e+01 
1.329268e+01 
1.329268e+01 
1.329252e+01 
1.329171e+01 
1.329171e+01 
1.329147e+01 
1.329147e+01 
1.329147e+01 
1.329147e+01 
1.329147e+01 
1.329097e+01 
1.329097e+01 
1.329097e+01 
1.329097e+01 
1.329097e+01 
1.329097e+01 
1.329097e+01 
1.329097e+01 
1.329097e+01 
1.329097e+01 
1.329097e+01 
1.329097e+01 
1.329097e+01 
1.329097e+01 
1.329097e+01 
1.329097e+01 
1.329097e+01 
1.329097e+01 
1.329097e+01 
1.329097e+01 
1.329097e+01 
1.329097e+01 
1.329092e+01 
1.329092e+01 
1.329092e+01 
1.329092e+01 
1.329092e+01 
1.329092e+01 
1.329092e+01 
1.329092e+01 
1.329086e+01 
1.329086e+01 
1.329086e+01 
1.329086e+01 
1.329086e+01 
1.329086e+01 
1.329086e+01 
1.329086e+01 
1.329086e+01 
1.329085e+01 
1.329085e+01 
1.329082e+01 
1.329082e+01 
1.329082e+01 
1.329082e+01 
1.329082e+01 
1.329082e+01 
1.329082e+01 
1.329082e+01 
1.329082e+01 
1.329082e+01 
1.329082e+01 
1.329082e+01 
1.329082e+01 
1.329082e+01 
1.329082e+01 
1.329081e+01 
1.329081e+01 
1.329080e+01 
1.329079e+01 
1.329079e+01 
1.329079e+01 
1.329079e+01 
1.329079e+01 
1.329079e+01 
1.329078e+01 
1.329078e+01 
1.329078e+01 
1.329078e+01 
1.329078e+01 
1.329078e+01 
1.329078e+01 
1.329078e+01 
1.329078e+01 
1.329077e+01 
1.329077e+01 
1.329077e+01 
1.329077e+01 
1.329077e+01 
1.329077e+01 
1.329077e+01 
1.329077e+01 
1.329077e+01 
1.329077e+01 
1.329077e+01 
1.329077e+01 
1.329077e+01 
1.329069e+01 
1.329069e+01 
1.329069e+01 
1.329069e+01 
1.329061e+01 
1.329061e+01 
1.329061e+01 
1.329061e+01 
1.329061e+01 
1.329061e+01 
1.329061e+01 
1.329061e+01 
1.329061e+01 
1.329061e+01 
1.329061e+01 
1.329061e+01 
1.329061e+01 
1.329061e+01 
1.329061e+01 
1.329061e+01 
1.329061e+01 
1.329061e+01 
1.329061e+01 
1.329061e+01 
1.329061e+01 
1.329061e+01 
1.329061e+01 
1.329061e+01 
1.329061e+01 
1.329061e+01 
1.329061e+01 
1.329061e+01 
1.329061e+01 
1.329061e+01 
1.329061e+01 
1.329061e+01 
1.329059e+01 
1.329059e+01 
1.329059e+01 
1.329059e+01 
1.329059e+01 
1.329059e+01 
1.329059e+01 
1.329059e+01 
1.329059e+01 
1.329059e+01 
1.329059e+01 
1.329059e+01 
1.329059e+01 
1.329059e+01 
1.329059e+01 
1.329059e+01 
1.329059e+01 
1.329059e+01 
1.329059e+01 
1.329059e+01 
1.329059e+01 
1.329059e+01 
1.329059e+01 
1.329059e+01 
1.329059e+01 
1.329059e+01 
1.329059e+01 
1.329059e+01 
1.329059e+01 
1.329059e+01 
1.329059e+01 
1.329059e+01 
1.329059e+01 
1.329059e+01 
1.329059e+01 
1.329059e+01 
1.329059e+01 
1.329059e+01 
1.329059e+01 
1.329059e+01 
1.329059e+01 
1.329059e+01 
1.329059e+01 
1.329059e+01 
1.329059e+01 
1.329059e+01 
1.329059e+01 
1.329059e+01 
1.329059e+01 
1.329059e+01 
1.329059e+01 
1.329059e+01 
1.329059e+01 
1.329059e+01 
1.329059e+01 
1.329059e+01 
1.329059e+01 
1.329059e+01 
1.329059e+01 
1.329059e+01 
1.329058e+01 
1.329057e+01 
1.329057e+01 
1.329057e+01 
1.329057e+01 
1.329057e+01 
1.329057e+01 
1.329057e+01 
1.329057e+01 
1.329057e+01 
1.329057e+01 
1.329057e+01 
1.329057e+01 
1.329057e+01 
1.329057e+01 
1.329057e+01 
1.329057e+01 
1.329057e+01 
1.329057e+01 
1.329057e+01 
1.329056e+01 
1.329056e+01 
1.329056e+01 
1.329056e+01 
1.329056e+01 
1.329056e+01 
1.329056e+01 
1.329056e+01 
1.329056e+01 
1.329056e+01 
1.329056e+01 
1.329056e+01 
1.329056e+01 
1.329056e+01 
1.329056e+01 
1.329056e+01 
1.329056e+01 
1.329056e+01 
1.329056e+01 
1.329056e+01 
1.329056e+01 
1.329056e+01 
1.329056e+01 
1.329056e+01 
1.329056e+01 
1.329056e+01 
1.329056e+01 
1.329056e+01 
1.329056e+01 
1.329056e+01 
1.329056e+01 
1.329056e+01 
1.329056e+01 
1.329056e+01 
1.329056e+01 
1.329056e+01 
1.329056e+01 
1.329056e+01 
1.329056e+01 
1.329056e+01 
1.329056e+01 
1.329056e+01 
1.329056e+01 
1.329056e+01 
1.329055e+01 
1.329055e+01 
1.329055e+01 
1.329055e+01 
1.329055e+01 
1.329054e+01 
1.329054e+01 
1.329054e+01 
1.329054e+01 
1.329054e+01 
1.329054e+01 
1.329054e+01 
1.329054e+01 
1.329054e+01 
1.329054e+01 
1.329054e+01 
1.329053e+01 
1.329053e+01 
1.329053e+01 
1.329053e+01 
1.329053e+01 
1.329053e+01 
1.329053e+01 
1.329053e+01 
1.329053e+01 
1.329053e+01 
1.329053e+01 
1.329053e+01 
1.329053e+01 
1.329053e+01 
1.329053e+01 
1.329053e+01 
1.329052e+01 
1.329052e+01 
1.329052e+01 
1.329052e+01 
1.329052e+01 
1.329052e+01 
1.329052e+01 
1.329052e+01 
1.329052e+01 
1.329052e+01 
1.329052e+01 
1.329052e+01 
1.329052e+01 
1.329052e+01 
1.329051e+01 
1.329051e+01 
1.329051e+01 
1.329051e+01 
1.329051e+01 
1.329051e+01 
1.329051e+01 
1.329051e+01 
1.329051e+01 
1.329051e+01 
1.329051e+01 
1.329051e+01 
1.329051e+01 
1.329051e+01 
1.329051e+01 
1.329051e+01 
1.329051e+01 
1.329051e+01 
1.329051e+01 
1.329051e+01 
1.329051e+01 
1.329051e+01 
1.329051e+01 
1.329051e+01 
1.329051e+01 
1.329051e+01 
1.329051e+01 
1.329051e+01 
1.329051e+01 
1.329051e+01 
1.329051e+01 
1.329051e+01 
1.329051e+01 
1.329051e+01 
1.329051e+01 
1.329051e+01 
1.329051e+01 
1.329051e+01 
1.329051e+01 
1.329051e+01 
1.329051e+01 
1.329051e+01 
1.329051e+01 
1.329051e+01 
1.329051e+01 
1.329051e+01 
1.329051e+01 
1.329051e+01 
1.329051e+01 
1.329051e+01 
1.329051e+01 
1.329051e+01 
1.329051e+01 
1.329051e+01 
1.329051e+01 
1.329051e+01 
1.329051e+01 
1.329051e+01 
1.329051e+01 
1.329051e+01 
1.329051e+01 
1.306874e+01 
1.241715e+01 
1.241704e+01 
1.224962e+01 
1.191274e+01 
1.191274e+01 
1.191274e+01 
1.191274e+01 
1.191274e+01 
1.191274e+01 
1.191274e+01 
1.191274e+01 
1.191274e+01 
1.191274e+01 
1.191274e+01 
1.191274e+01 
1.191274e+01 
1.191274e+01 
1.191274e+01 
1.191274e+01 
1.191274e+01 
1.191274e+01 
1.191274e+01 
1.190832e+01 
1.190832e+01 
1.190832e+01 
1.190832e+01 
1.190832e+01 
1.190832e+01 
1.190832e+01 
1.190832e+01 
1.190832e+01 
1.190832e+01 
1.190832e+01 
1.190832e+01 
1.190832e+01 
1.190832e+01 
1.190832e+01 
1.190832e+01 
1.190832e+01 
1.190832e+01 
1.190832e+01 
1.190832e+01 
1.190832e+01 
1.190832e+01 
1.190832e+01 
1.190832e+01 
1.190832e+01 
1.190832e+01 
1.190832e+01 
1.190832e+01 
1.190832e+01 
1.190569e+01 
1.190569e+01 
1.190569e+01 
1.190569e+01 
1.190569e+01 
1.190569e+01 
1.190569e+01 
1.190569e+01 
1.190569e+01 
1.190569e+01 
1.190569e+01 
1.190569e+01 
1.190569e+01 
1.190569e+01 
1.190569e+01 
1.190569e+01 
1.187946e+01 
1.187946e+01 
1.187946e+01 
1.187946e+01 
1.187946e+01 
1.187946e+01 
1.187946e+01 
1.187946e+01 
1.187946e+01 
1.187946e+01 
1.187946e+01 
1.187946e+01 
1.187814e+01 
1.187814e+01 
1.187814e+01 
1.187814e+01 
1.187814e+01 
1.187814e+01 
1.187814e+01 
1.187814e+01 
1.187814e+01 
1.187814e+01 
1.186833e+01 
1.186441e+01 
1.186441e+01 
1.186441e+01 
1.186441e+01 
1.186441e+01 
1.186441e+01 
1.186441e+01 
1.186441e+01 
1.186441e+01 
1.186441e+01 
1.186403e+01 
1.186403e+01 
1.186403e+01 
1.186403e+01 
1.186403e+01 
1.186403e+01 
1.186403e+01 
1.186403e+01 
1.186403e+01 
1.186403e+01 
1.186403e+01 
1.186384e+01 
1.186384e+01 
1.186384e+01 
1.186384e+01 
1.186384e+01 
1.186384e+01 
1.186384e+01 
1.186384e+01 
1.186384e+01 
1.186378e+01 
1.186376e+01 
1.186376e+01 
1.186375e+01 
1.186375e+01 
1.186375e+01 
1.186346e+01 
1.186346e+01 
1.186323e+01 
1.186323e+01 
1.186323e+01 
1.186323e+01 
1.186323e+01 
1.186323e+01 
1.186323e+01 
1.186323e+01 
1.186323e+01 
1.186323e+01 
1.186323e+01 
1.186323e+01 
1.186296e+01 
1.186296e+01 
1.186296e+01 
1.186296e+01 
1.186290e+01 
1.186279e+01 
1.186279e+01 
1.186279e+01 
1.186226e+01 
1.186102e+01 
1.186102e+01 
1.186102e+01 
1.186070e+01 
1.186070e+01 
1.186012e+01 
1.186012e+01 
1.185992e+01 
1.185992e+01 
1.185992e+01 
1.185992e+01 
1.185986e+01 
1.185986e+01 
1.185965e+01 
1.185965e+01 
1.185965e+01 
1.185962e+01 
1.185889e+01 
1.185889e+01 
1.185889e+01 
1.185889e+01 
1.185829e+01 
1.185792e+01 
1.185789e+01 
1.185789e+01 
1.185783e+01 
1.185782e+01 
1.185782e+01 
1.185781e+01 
1.185776e+01 
1.185757e+01 
1.185757e+01 
1.185757e+01 
1.185747e+01 
1.185747e+01 
1.185747e+01 
1.185747e+01 
1.185747e+01 
1.185747e+01 
1.185747e+01 
1.185733e+01 
1.185733e+01 
1.185733e+01 
1.185733e+01 
1.185733e+01 
1.185733e+01 
1.185733e+01 
1.185733e+01 
1.185733e+01 
1.185733e+01 
1.185733e+01 
1.185733e+01 
1.185733e+01 
1.185733e+01 
1.185733e+01 
1.185733e+01 
1.185733e+01 
1.185733e+01 
1.185733e+01 
1.185733e+01 
1.185733e+01 
1.185733e+01 
1.185733e+01 
1.185733e+01 
1.185733e+01 
1.185733e+01 
1.185733e+01 
1.185733e+01 
1.185733e+01 
1.185733e+01 
1.185733e+01 
1.185733e+01 
1.185733e+01 
1.185733e+01 
1.185733e+01 
1.185733e+01 
1.185733e+01 
1.185733e+01 
1.185733e+01 
1.185729e+01 
1.185729e+01 
1.185722e+01 
1.185722e+01 
1.185722e+01 
1.185722e+01 
1.185722e+01 
1.185722e+01 
1.185722e+01 
1.185722e+01 
1.185722e+01 
1.185722e+01 
1.185720e+01 
1.185720e+01 
1.185718e+01 
1.185717e+01 
1.185717e+01 
1.185716e+01 
1.185716e+01 
1.185715e+01 
1.185715e+01 
1.185714e+01 
1.185714e+01 
1.185713e+01 
1.185713e+01 
1.185713e+01 
1.185712e+01 
1.185712e+01 
1.185712e+01 
1.185712e+01 
1.185712e+01 
1.185712e+01 
1.185712e+01 
1.185696e+01 
1.185696e+01 
1.185696e+01 
1.185696e+01 
1.185696e+01 
1.185696e+01 
1.185696e+01 
1.185696e+01 
1.185691e+01 
1.185691e+01 
1.185691e+01 
1.185691e+01 
1.185691e+01 
1.185691e+01 
1.185691e+01 
1.185691e+01 
1.185691e+01 
1.185691e+01 
1.185691e+01 
1.185691e+01 
1.185690e+01 
1.185690e+01 
1.185690e+01 
1.185690e+01 
1.185690e+01 
1.185690e+01 
1.185690e+01 
1.185689e+01 
1.185689e+01 
1.185689e+01 
1.185689e+01 
1.185689e+01 
1.185689e+01 
1.185689e+01 
1.185689e+01 
1.185689e+01 
1.185689e+01 
1.185689e+01 
1.185689e+01 
1.185689e+01 
1.185689e+01 
1.185689e+01 
1.185689e+01 
1.185689e+01 
1.185689e+01 
1.185689e+01 
1.185686e+01 
1.185686e+01 
1.185686e+01 
1.185686e+01 
1.185686e+01 
1.185686e+01 
1.185686e+01 
1.185686e+01 
1.185686e+01 
1.185686e+01 
1.185686e+01 
1.185686e+01 
1.185686e+01 
1.185686e+01 
1.185686e+01 
1.185686e+01 
1.185686e+01 
1.185686e+01 
1.185686e+01 
1.185686e+01 
1.185686e+01 
1.185686e+01 
1.185686e+01 
1.185686e+01 
1.185686e+01 
1.185686e+01 
1.185686e+01 
1.185686e+01 
1.185686e+01 
1.185686e+01 
1.185686e+01 
1.185686e+01 
1.185686e+01 
1.185686e+01 
1.185686e+01 
1.185686e+01 
1.185685e+01 
1.185685e+01 
1.185685e+01 
1.185685e+01 
1.185685e+01 
1.185685e+01 
1.185685e+01 
1.185685e+01 
1.185685e+01 
1.185685e+01 
1.185685e+01 
1.185685e+01 
1.185685e+01 
1.185685e+01 
1.185685e+01 
1.185685e+01 
1.185685e+01 
1.185685e+01 
1.185685e+01 
1.185685e+01 
1.185685e+01 
1.185685e+01 
1.185685e+01 
1.185685e+01 
1.185685e+01 
1.185685e+01 
1.185685e+01 
1.185684e+01 
1.185684e+01 
1.185684e+01 
1.185684e+01 
1.185684e+01 
1.185684e+01 
1.185684e+01 
1.185684e+01 
1.185684e+01 
1.185684e+01 
1.185684e+01 
1.185684e+01 
1.185684e+01 
1.185684e+01 
1.185684e+01 
1.185684e+01 
1.185684e+01 
1.185684e+01 
1.185684e+01 
1.185684e+01 
1.185684e+01 
1.185684e+01 
1.185684e+01 
1.185684e+01 
1.185684e+01 
1.185684e+01 
1.185684e+01 
1.185684e+01 
1.185684e+01 
1.185684e+01 
1.185684e+01 
1.185684e+01 
1.185684e+01 
1.185684e+01 
1.185684e+01 
1.185684e+01 
1.185684e+01 
1.185684e+01 
1.185684e+01 
1.185684e+01 
1.185684e+01 
1.185684e+01 
1.185684e+01 
1.185684e+01 
1.185684e+01 
1.185684e+01 
1.185684e+01 
1.185684e+01 
1.185684e+01 
1.185684e+01 
1.185684e+01 
1.185684e+01 
1.185684e+01 
1.185684e+01 
1.185684e+01 
1.185684e+01 
1.185684e+01 
1.185684e+01 
1.185684e+01 
1.185684e+01 
1.185684e+01 
1.185684e+01 
1.185684e+01 
1.185684e+01 
1.185684e+01 
1.185684e+01 
1.185684e+01 
1.185684e+01 
1.185684e+01 
1.185684e+01 
1.185684e+01 
1.185684e+01 
1.185684e+01 
1.185684e+01 
1.185684e+01 
1.185684e+01 
1.185684e+01 
1.185684e+01 
1.185684e+01 
1.185684e+01 
1.185684e+01 
1.185684e+01 
1.185684e+01 
1.185684e+01 
1.185684e+01 
1.185684e+01 
1.185684e+01 
1.185684e+01 
1.185684e+01 
1.185684e+01 
1.185684e+01 
1.185684e+01 
1.185684e+01 
1.185684e+01 
1.185684e+01 
1.185684e+01 
1.185684e+01 
1.185684e+01 
1.185684e+01 
1.185684e+01 
1.185684e+01 
1.185684e+01 
1.185684e+01 
1.185684e+01 
1.185684e+01 
1.185684e+01 
1.185684e+01 
1.185684e+01 
1.185684e+01 
1.185684e+01 
1.185684e+01 
1.185684e+01 
1.185684e+01 
1.185684e+01 
1.185684e+01 
1.185684e+01 
1.185684e+01 
1.185684e+01 
1.185684e+01 
1.185684e+01 
1.185684e+01 
1.185684e+01 
1.185684e+01 
1.185684e+01 
1.185684e+01 
1.185684e+01 
1.185684e+01 
1.185684e+01 
1.185684e+01 
1.185684e+01 
1.185684e+01 
1.185684e+01 
1.185684e+01 
1.185684e+01 
1.185684e+01 
1.185684e+01 
1.185684e+01 
1.185684e+01 
1.185684e+01 
1.185684e+01 
1.185684e+01 
1.185684e+01 
1.185684e+01 
1.185684e+01 
1.185684e+01 
1.185684e+01 
1.185684e+01 
1.185684e+01 
1.185684e+01 
1.185684e+01 
1.185684e+01 
1.185684e+01 
1.185684e+01 
1.185684e+01 
1.185684e+01 
1.185684e+01 
1.185684e+01 
1.185684e+01 
1.185684e+01 
1.185684e+01 
1.185684e+01 
1.185684e+01 
1.185684e+01 
1.185684e+01 
1.185684e+01 
1.185684e+01 
1.185684e+01 
1.185684e+01 
1.185684e+01 
1.185684e+01 
1.185684e+01 
1.185684e+01 
1.185684e+01 
1.185684e+01 
1.185684e+01 
1.185684e+01 
1.185684e+01 
1.185684e+01 
1.185684e+01 
1.185684e+01 
1.185684e+01 
1.185684e+01 
1.185684e+01 
1.185684e+01 
1.185684e+01 
1.185684e+01 
1.185684e+01 
1.185684e+01 
1.185684e+01 
1.185684e+01 
1.185684e+01 
1.185684e+01 
1.185684e+01 
1.184976e+01 
1.184976e+01 
1.184976e+01 
1.172333e+01 
1.172333e+01 
1.169768e+01 
1.169768e+01 
1.169768e+01 
1.169768e+01 
1.169768e+01 
1.169768e+01 
1.169768e+01 
1.169768e+01 
1.169768e+01 
1.169768e+01 
1.169768e+01 
1.169768e+01 
1.169768e+01 
1.169768e+01 
1.169768e+01 
1.169674e+01 
1.169674e+01 
1.169674e+01 
1.169674e+01 
1.169674e+01 
1.169674e+01 
1.169674e+01 
1.169674e+01 
1.169674e+01 
1.169674e+01 
1.169674e+01 
1.169674e+01 
1.169674e+01 
1.169674e+01 
1.169674e+01 
1.169674e+01 
1.169674e+01 
1.169674e+01 
1.169674e+01 
1.169674e+01 
1.169674e+01 
1.169674e+01 
1.169674e+01 
1.169674e+01 
1.169618e+01 
1.169618e+01 
1.169618e+01 
1.169582e+01 
1.169582e+01 
1.169582e+01 
1.169582e+01 
1.169582e+01 
1.169582e+01 
1.169582e+01 
1.169539e+01 
1.169539e+01 
1.169539e+01 
1.169539e+01 
1.169539e+01 
1.169539e+01 
1.169539e+01 
1.169539e+01 
1.169520e+01 
1.169520e+01 
1.169520e+01 
1.169520e+01 
1.169480e+01 
1.169480e+01 
1.169480e+01 
1.169480e+01 
1.169443e+01 
1.169438e+01 
1.169438e+01 
1.169438e+01 
1.169419e+01 
1.169411e+01 
1.169411e+01 
1.169410e+01 
1.169410e+01 
1.169410e+01 
1.169410e+01 
1.169410e+01 
1.169410e+01 
1.169410e+01 
1.169410e+01 
1.169410e+01 
1.169410e+01 
1.169410e+01 
1.169385e+01 
1.169329e+01 
1.169329e+01 
1.169329e+01 
1.169329e+01 
1.169329e+01 
1.169329e+01 
1.169329e+01 
1.169329e+01 
1.169329e+01 
1.169321e+01 
1.169321e+01 
1.169321e+01 
1.169321e+01 
1.169321e+01 
1.169321e+01 
1.169313e+01 
1.169313e+01 
1.169313e+01 
1.169313e+01 
1.169313e+01 
1.169313e+01 
1.169313e+01 
1.169312e+01 
1.169312e+01 
1.169312e+01 
1.169310e+01 
1.169310e+01 
1.169310e+01 
1.169310e+01 
1.169310e+01 
1.169310e+01 
1.169306e+01 
1.169306e+01 
1.169304e+01 
1.169304e+01 
1.169304e+01 
1.169304e+01 
1.169304e+01 
1.169304e+01 
1.169304e+01 
1.169304e+01 
1.169304e+01 
1.169304e+01 
1.169304e+01 
1.169304e+01 
1.169304e+01 
1.169304e+01 
1.169304e+01 
1.169304e+01 
1.169304e+01 
1.169304e+01 
1.169304e+01 
1.169304e+01 
1.169304e+01 
1.169303e+01 
1.169303e+01 
1.169302e+01 
1.169302e+01 
1.169302e+01 
1.169302e+01 
1.169302e+01 
1.169302e+01 
1.169302e+01 
1.169302e+01 
1.169302e+01 
1.169301e+01 
1.169301e+01 
1.169301e+01 
1.169301e+01 
1.169301e+01 
1.169301e+01 
1.169300e+01 
1.169300e+01 
1.169300e+01 
1.169300e+01 
1.169300e+01 
1.169300e+01 
1.169300e+01 
1.169300e+01 
1.169300e+01 
1.169300e+01 
1.169300e+01 
1.169299e+01 
1.169299e+01 
1.169299e+01 
1.169299e+01 
1.169299e+01 
1.169299e+01 
1.169299e+01 
1.169299e+01 
1.169299e+01 
1.169299e+01 
1.169299e+01 
1.169299e+01 
1.169299e+01 
1.169299e+01 
1.169299e+01 
1.169299e+01 
1.169299e+01 
1.169299e+01 
1.169299e+01 
1.169299e+01 
1.169299e+01 
1.169299e+01 
1.169299e+01 
1.169299e+01 
1.169299e+01 
1.169299e+01 
1.169299e+01 
1.169299e+01 
1.169299e+01 
1.169299e+01 
1.169299e+01 
1.169299e+01 
1.169299e+01 
1.169299e+01 
1.169299e+01 
1.169299e+01 
1.169299e+01 
1.169299e+01 
1.169299e+01 
1.169299e+01 
1.169299e+01 
1.169299e+01 
1.169298e+01 
1.169298e+01 
1.169298e+01 
1.169298e+01 
1.169298e+01 
1.169298e+01 
1.169298e+01 
1.169298e+01 
1.169298e+01 
1.169298e+01 
1.169298e+01 
1.169298e+01 
1.169298e+01 
1.169298e+01 
1.169298e+01 
1.169298e+01 
1.169298e+01 
1.169298e+01 
1.169298e+01 
1.169298e+01 
1.169298e+01 
1.169298e+01 
1.169298e+01 
1.169298e+01 
1.169298e+01 
1.169298e+01 
1.169298e+01 
1.169298e+01 
1.169298e+01 
1.169298e+01 
1.169298e+01 
1.169298e+01 
1.169298e+01 
1.169298e+01 
1.169298e+01 
1.169298e+01 
1.169298e+01 
1.169298e+01 
1.169298e+01 
1.169298e+01 
1.169298e+01 
1.169298e+01 
1.169298e+01 
1.169298e+01 
1.169298e+01 
1.169298e+01 
1.169298e+01 
1.169298e+01 
1.169298e+01 
1.169298e+01 
1.169298e+01 
1.169298e+01 
1.169298e+01 
1.169298e+01 
1.169298e+01 
1.169298e+01 
1.169298e+01 
1.169298e+01 
1.169298e+01 
1.169298e+01 
1.169298e+01 
1.169298e+01 
1.169298e+01 
1.169298e+01 
1.169298e+01 
1.169298e+01 
1.169298e+01 
1.169298e+01 
1.169298e+01 
1.169298e+01 
1.169298e+01 
1.169298e+01 
1.169298e+01 
1.169298e+01 
1.169298e+01 
1.169298e+01 
1.169298e+01 
1.169298e+01 
1.169298e+01 
1.169298e+01 
1.169298e+01 
1.169298e+01 
1.169298e+01 
1.169298e+01 
1.169298e+01 
1.169298e+01 
1.169298e+01 
1.169298e+01 
1.169298e+01 
1.169298e+01 
1.169298e+01 
1.169298e+01 
1.169298e+01 
1.169298e+01 
1.169298e+01 
1.169298e+01 
1.169298e+01 
1.169298e+01 
1.169298e+01 
1.169298e+01 
1.169298e+01 
1.169298e+01 
1.169298e+01 
1.169298e+01 
1.169298e+01 
1.169298e+01 
1.169298e+01 
1.169298e+01 
1.169298e+01 
1.169298e+01 
1.169298e+01 
1.169298e+01 
1.169298e+01 
1.169298e+01 
1.169298e+01 
1.169298e+01 
1.169298e+01 
1.169298e+01 
1.169298e+01 
1.169298e+01 
1.169298e+01 
1.169298e+01 
1.169298e+01 
1.169298e+01 
1.169298e+01 
1.169298e+01 
1.169298e+01 
1.169298e+01 
1.169298e+01 
1.169298e+01 
1.169298e+01 
1.169298e+01 
1.169298e+01 
1.169298e+01 
1.169298e+01 
1.169298e+01 
1.169298e+01 
1.169298e+01 
1.169298e+01 
1.169298e+01 
1.169298e+01 
1.169298e+01 
1.169298e+01 
1.169298e+01 
1.169298e+01 
1.169298e+01 
1.169298e+01 
1.169298e+01 
1.169298e+01 
1.169298e+01 
1.169298e+01 
1.169298e+01 
1.169298e+01 
1.169298e+01 
1.169298e+01 
1.169298e+01 
1.169298e+01 
1.169298e+01 
1.169298e+01 
1.169298e+01 
1.169298e+01 
1.169298e+01 
1.169298e+01 
1.169298e+01 
1.169298e+01 
1.169298e+01 
1.169298e+01 
1.169298e+01 
1.169298e+01 
1.169298e+01 
1.169298e+01 
1.169298e+01 
1.169298e+01 
1.169298e+01 
1.169298e+01 
1.169298e+01 
1.169298e+01 
1.169298e+01 
1.169298e+01 
1.169298e+01 
1.169298e+01 
1.169298e+01 
1.169298e+01 
1.169298e+01 
1.169298e+01 
1.169298e+01 
1.169298e+01 
1.169298e+01 
1.169298e+01 
1.169298e+01 
1.169298e+01 
1.169298e+01 
1.169298e+01 
1.169298e+01 
1.169298e+01 
1.169298e+01 
1.169298e+01 
1.169298e+01 
1.169298e+01 
1.169298e+01 
1.169298e+01 
1.169298e+01 
1.169298e+01 
1.169298e+01 
1.169298e+01 
1.169298e+01 
1.169298e+01 
1.169298e+01 
1.169298e+01 
1.169298e+01 
1.169298e+01 
1.169298e+01 
1.169298e+01 
1.169298e+01 
1.169298e+01 
1.169298e+01 
1.169298e+01 
1.169298e+01 
1.169298e+01 
1.169298e+01 
1.169298e+01 
1.169298e+01 
1.169298e+01 
1.169298e+01 
1.169298e+01 
1.169298e+01 
1.169298e+01 
1.169298e+01 
1.169298e+01 
1.169298e+01 
1.169298e+01 
1.169298e+01 
1.169298e+01 
1.169298e+01 
1.169298e+01 
1.169298e+01 
1.169298e+01 
1.169298e+01 
1.169298e+01 
1.169298e+01 
1.169298e+01 
1.169298e+01 
1.169298e+01 
1.169298e+01 
1.169298e+01 
1.169298e+01 
1.169298e+01 
1.169298e+01 
1.169298e+01 
1.169298e+01 
1.169298e+01 
1.169298e+01 
1.169298e+01 
1.169298e+01 
1.169298e+01 
1.169298e+01 
1.169298e+01 
1.169298e+01 
1.169298e+01 
1.169298e+01 
1.169298e+01 
1.169298e+01 
1.169298e+01 
1.169298e+01 
1.169298e+01 
1.169298e+01 
1.169298e+01 
1.169298e+01 
1.169298e+01 
1.169298e+01 
1.169298e+01 
1.169298e+01 
1.169298e+01 
1.169298e+01 
1.169298e+01 
1.169298e+01 
1.169298e+01 
1.169298e+01 
1.169298e+01 
1.169298e+01 
1.169298e+01 
1.169298e+01 
1.169298e+01 
1.169298e+01 
1.169298e+01 
1.169298e+01 
1.169298e+01 
1.169298e+01 
1.169298e+01 
1.169298e+01 
1.169298e+01 
1.169298e+01 
1.169298e+01 
1.169298e+01 
1.169298e+01 
1.169298e+01 
1.169298e+01 
1.169298e+01 
1.169298e+01 
1.169298e+01 
1.169298e+01 
1.169298e+01 
1.169298e+01 
1.169298e+01 
1.169298e+01 
1.169298e+01 
1.169298e+01 
1.169298e+01 
1.169298e+01 
1.169298e+01 
1.169298e+01 
1.169298e+01 
1.169298e+01 
1.169298e+01 
1.169298e+01 
1.169298e+01 
1.169298e+01 
1.169298e+01 
1.169298e+01 
1.169298e+01 
1.169298e+01 
1.169298e+01 
1.169298e+01 
1.169298e+01 
1.169298e+01 
1.169298e+01 
1.169298e+01 
1.169298e+01 
1.169298e+01 
1.169298e+01 
1.169298e+01 
1.169298e+01 
1.169298e+01 
1.169298e+01 
1.169298e+01 
1.169298e+01 
1.169298e+01 
1.169298e+01 
1.169298e+01 
1.169298e+01 
1.169298e+01 
1.169298e+01 
1.169298e+01 
1.169298e+01 
1.169298e+01 
1.169298e+01 
1.169298e+01 
1.169298e+01 
1.169298e+01 
1.169298e+01 
1.169298e+01 
1.169298e+01 
1.169298e+01 
1.169298e+01 
1.169298e+01 
1.169298e+01 
1.169298e+01 
1.169298e+01 
1.169298e+01 
1.169298e+01 
1.169298e+01 
1.169298e+01 
1.169298e+01 
1.169298e+01 
1.169298e+01 
1.169298e+01 
1.169298e+01 
1.169298e+01 
1.169298e+01 
1.169298e+01 
1.169298e+01 
1.169298e+01 
1.169298e+01 
1.169298e+01 
1.169298e+01 
1.169298e+01 
1.169298e+01 
1.169298e+01 
1.169298e+01 
1.169298e+01 
1.169298e+01 
1.169298e+01 
1.169298e+01 
1.169298e+01 
1.169298e+01 
1.169298e+01 
1.169298e+01 
1.169298e+01 
1.169298e+01 
1.169298e+01 
1.169298e+01 
1.169298e+01 
1.169298e+01 
1.169298e+01 
1.169298e+01 
1.169298e+01 
1.169298e+01 
1.169298e+01 
1.169298e+01 
1.169298e+01 
1.169298e+01 
1.169298e+01 
1.169298e+01 
1.169298e+01 
1.169298e+01 
1.169298e+01 
1.169298e+01 
1.169298e+01 
1.169298e+01 
1.169298e+01 
1.169298e+01 
1.169298e+01 
1.169298e+01 
1.169298e+01 
1.169298e+01 
1.169298e+01 
1.169298e+01 
1.169298e+01 
1.169298e+01 
1.169298e+01 
1.169298e+01 
1.169298e+01 
1.169298e+01 
1.169298e+01 
1.169298e+01 
1.169298e+01 
1.169298e+01 
1.169298e+01 
1.169298e+01 
1.169298e+01 
1.169298e+01 
1.169298e+01 
1.169298e+01 
1.169298e+01 
1.169298e+01 
1.169298e+01 
1.169298e+01 
1.169298e+01 
1.169298e+01 
1.169298e+01 
1.169298e+01 
1.169298e+01 
1.169298e+01 
1.169298e+01 
1.169298e+01 
1.169298e+01 
1.169298e+01 
1.169298e+01 
1.169298e+01 
1.169298e+01 
1.169298e+01 
1.169298e+01 
1.169298e+01 
1.169298e+01 
1.169298e+01 
1.169298e+01 
1.169298e+01 
1.169298e+01 
1.169298e+01 
1.169298e+01 
1.169298e+01 
1.169298e+01 
1.169298e+01 
1.169298e+01 
1.169298e+01 
1.169298e+01 
1.169298e+01 
1.169298e+01 
1.169298e+01 
1.169298e+01 
1.169298e+01 
1.169298e+01 
1.169298e+01 
1.169298e+01 
1.169298e+01 
1.169298e+01 
1.169298e+01 
1.169298e+01 
1.169298e+01 
1.169298e+01 
1.169298e+01 
1.169298e+01 
1.169298e+01 
1.169298e+01 
1.169298e+01 
1.169298e+01 
1.169298e+01 
1.169298e+01 
1.169298e+01 
1.169298e+01 
1.169298e+01 
1.169298e+01 
1.169298e+01 
1.169298e+01 
1.169298e+01 
1.169298e+01 
1.169298e+01 
1.169298e+01 
1.169298e+01 
1.169298e+01 
1.169298e+01 
1.169298e+01 
1.169298e+01 
1.169298e+01 
1.169298e+01 
1.169298e+01 
1.169298e+01 
1.169298e+01 
1.169298e+01 
1.169298e+01 
1.169298e+01 
1.169298e+01 
1.169298e+01 
1.169298e+01 
1.169298e+01 
1.169298e+01 
1.169298e+01 
1.169298e+01 
1.169298e+01 
1.169298e+01 
1.169298e+01 
1.169298e+01 
1.169298e+01 
1.169298e+01 
1.169298e+01 
1.169298e+01 
1.169298e+01 
1.169298e+01 
1.169298e+01 
1.169298e+01 
1.169298e+01 
1.169298e+01 
1.169298e+01 
1.169298e+01 
1.169298e+01 
1.169298e+01 
1.169298e+01 
1.169298e+01 
1.169298e+01 
1.169298e+01 
1.169298e+01 
1.169298e+01 
1.169298e+01 
1.169298e+01 
1.169298e+01 
1.169298e+01 
1.169298e+01 
1.169298e+01 
1.169298e+01 
1.169298e+01 
1.169298e+01 
1.169298e+01 
1.169298e+01 
1.169298e+01 
1.169298e+01 
1.169298e+01 
1.169298e+01 
1.169298e+01 
1.169298e+01 
1.169298e+01 
1.169298e+01 
1.169298e+01 
1.169298e+01 
1.169298e+01 
1.169298e+01 
1.169298e+01 
1.169298e+01 
1.169298e+01 
1.169298e+01 
1.169298e+01 
1.169298e+01 
1.169298e+01 
1.169298e+01 
1.169298e+01 
1.169298e+01 
1.169298e+01 
1.169298e+01 
1.169298e+01 
1.169298e+01 
1.169298e+01 
1.169298e+01 
1.169298e+01 
1.169298e+01 
1.169298e+01 
1.169298e+01 
1.169298e+01 
1.169298e+01 
1.169298e+01 
1.169298e+01 
1.169298e+01 
1.169298e+01 
1.169298e+01 
1.169298e+01 
1.169298e+01 
1.169298e+01 
1.169298e+01 
1.169298e+01 
1.169298e+01 
1.169298e+01 
1.169298e+01 
1.169298e+01 
1.169298e+01 
1.169298e+01 
1.169298e+01 
1.169298e+01 
1.169298e+01 
1.169298e+01 
1.169298e+01 
1.169298e+01 
1.169298e+01 
1.169298e+01 
1.169298e+01 
1.169298e+01 
1.169298e+01 
1.169298e+01 
1.169298e+01 
1.169298e+01 
1.169298e+01 
1.169298e+01 
1.169298e+01 
1.169298e+01 
1.169298e+01 
1.169298e+01 
1.169298e+01 
1.169298e+01 
1.169298e+01 
1.169298e+01 
1.169298e+01 
1.169298e+01 
1.169298e+01 
1.169298e+01 
1.169298e+01 
1.169298e+01 
1.169298e+01 
1.169298e+01 
1.169298e+01 
1.169298e+01 
1.169298e+01 
1.169298e+01 
1.169298e+01 
1.169298e+01 
1.169298e+01 
1.169298e+01 
1.169298e+01 
1.169298e+01 
1.169298e+01 
1.169298e+01 
1.169298e+01 
1.169298e+01 
1.169298e+01 
1.169298e+01 
1.169298e+01 
1.169298e+01 
1.169298e+01 
1.169298e+01 
1.169298e+01 
1.169298e+01 
1.169298e+01 
1.169298e+01 
1.169298e+01 
1.169298e+01 
1.169298e+01 
1.169298e+01 
1.169298e+01 
1.169298e+01 
1.169298e+01 
1.169298e+01 
1.169298e+01 
1.169298e+01 
1.169298e+01 
1.169298e+01 
1.169298e+01 
1.169298e+01 
1.169298e+01 
1.169298e+01 
1.169298e+01 
1.169298e+01 
1.169298e+01 
1.169298e+01 
1.169298e+01 
1.169298e+01 
1.169298e+01 
1.169298e+01 
1.169298e+01 
1.169298e+01 
1.169298e+01 
1.169298e+01 
1.169298e+01 
1.169298e+01 
1.169298e+01 
1.169298e+01 
1.169298e+01 
1.169298e+01 
1.169298e+01 
1.169298e+01 
1.169298e+01 
1.169298e+01 
1.169298e+01 
1.169298e+01 
1.169298e+01 
1.169298e+01 
1.169298e+01 
1.169298e+01 
1.169298e+01 
1.169298e+01 
1.169298e+01 
1.169298e+01 
1.169298e+01 
1.169298e+01 
1.169298e+01 
1.169298e+01 
1.169298e+01 
1.169298e+01 
1.169298e+01 
1.169298e+01 
1.169298e+01 
1.169298e+01 
1.169298e+01 
1.169298e+01 
1.169298e+01 
1.169298e+01 
1.169298e+01 
1.169298e+01 
1.169298e+01 
1.169298e+01 
1.169298e+01 
1.169298e+01 
1.169298e+01 
1.169298e+01 
1.169298e+01 
1.169298e+01 
1.169298e+01 
1.169298e+01 
1.169298e+01 
1.169298e+01 
1.169298e+01 
1.169298e+01 
1.169298e+01 
1.169298e+01 
1.169298e+01 
1.169298e+01 
1.169298e+01 
1.169298e+01 
1.169298e+01 
1.169298e+01 
1.169298e+01 
1.169298e+01 
1.169298e+01 
1.169298e+01 
1.169298e+01 
1.169298e+01 
1.169298e+01 
1.169298e+01 
1.169298e+01 
1.169298e+01 
1.169298e+01 
1.169298e+01 
1.169298e+01 
1.169298e+01 
1.169298e+01 
1.169298e+01 
1.169298e+01 
1.169298e+01 
1.169298e+01 
1.169298e+01 
1.169298e+01 
1.169298e+01 
1.169298e+01 
1.169298e+01 
1.169298e+01 
1.169298e+01 
1.169298e+01 
1.169298e+01 
1.169298e+01 
1.169298e+01 
1.169298e+01 
1.169298e+01 
1.169298e+01 
1.169298e+01 
1.169298e+01 
1.169298e+01 
1.169298e+01 
1.169298e+01 
1.169298e+01 
1.169298e+01 
1.169298e+01 
1.169298e+01 
1.169298e+01 
1.169298e+01 
1.169298e+01 
1.169298e+01 
1.169298e+01 
1.169298e+01 
1.169298e+01 
1.169298e+01 
1.169298e+01 
1.169298e+01 
1.169298e+01 
1.169298e+01 
1.169298e+01 
1.169298e+01 
1.169298e+01 
1.169298e+01 
1.169298e+01 
1.169298e+01 
1.169298e+01 
1.169298e+01 
1.169298e+01 
1.169298e+01 
1.169298e+01 
1.169298e+01 
1.169298e+01 
1.169298e+01 
1.169298e+01 
1.169298e+01 
1.169298e+01 
1.169298e+01 
1.169298e+01 
1.169298e+01 
1.169298e+01 
1.169298e+01 
1.169298e+01 
1.169298e+01 
1.169298e+01 
1.169298e+01 
1.169298e+01 
1.169298e+01 
1.169298e+01 
1.169298e+01 
1.169298e+01 
1.169298e+01 
1.169298e+01 
1.169298e+01 
1.169298e+01 
1.169298e+01 
1.169298e+01 
1.169298e+01 
1.169298e+01 
1.169298e+01 
1.169298e+01 
1.169298e+01 
1.169298e+01 
1.169298e+01 
1.169298e+01 
1.169298e+01 
1.169298e+01 
1.169298e+01 
1.169298e+01 
1.169298e+01 
1.169298e+01 
1.169298e+01 
1.169298e+01 
1.169298e+01 
1.169298e+01 
1.169298e+01 
1.169298e+01 
1.169298e+01 
1.169298e+01 
1.169298e+01 
1.169298e+01 
1.169298e+01 
1.169298e+01 
1.169298e+01 
1.169298e+01 
1.169298e+01 
1.169298e+01 
1.169298e+01 
1.169298e+01 
1.169298e+01 
1.169298e+01 
1.169298e+01 
1.169298e+01 
1.169298e+01 
1.169298e+01 
1.169298e+01 
1.169298e+01 
1.169298e+01 
1.169298e+01 
1.169298e+01 
1.169298e+01 
1.169298e+01 
1.169298e+01 
1.169298e+01 
1.169298e+01 
1.169298e+01 
1.169298e+01 
1.169298e+01 
1.169298e+01 
1.169298e+01 
1.169298e+01 
1.169298e+01 
1.169298e+01 
1.169298e+01 
1.169298e+01 
1.169298e+01 
1.169298e+01 
1.169298e+01 
1.169298e+01 
1.169298e+01 
1.169298e+01 
1.169298e+01 
1.169298e+01 
1.169298e+01 
1.169298e+01 
1.169298e+01 
1.169298e+01 
1.169298e+01 
1.169298e+01 
1.169298e+01 
1.169298e+01 
1.169298e+01 
1.169298e+01 
1.169298e+01 
1.169298e+01 
1.169298e+01 
1.169298e+01 
1.169298e+01 
1.169298e+01 
1.169298e+01 
1.169298e+01 
1.169298e+01 
1.169298e+01 
1.169298e+01 
1.169298e+01 
1.169298e+01 
1.169298e+01 
1.169298e+01 
1.169298e+01 
1.169298e+01 
1.169298e+01 
1.169298e+01 
1.169298e+01 
1.169298e+01 
1.169298e+01 
1.169298e+01 
1.169298e+01 
1.169298e+01 
1.169298e+01 
1.169298e+01 
1.169298e+01 
1.169298e+01 
1.169298e+01 
1.169298e+01 
1.169298e+01 
1.169298e+01 
1.169298e+01 
1.169298e+01 
1.169298e+01 
1.169298e+01 
1.169298e+01 
1.169298e+01 
1.169298e+01 
1.169298e+01 
1.169298e+01 
1.169298e+01 
1.169298e+01 
1.169298e+01 
1.169298e+01 
1.169298e+01 
1.169298e+01 
1.169298e+01 
1.169298e+01 
1.169298e+01 
1.169298e+01 
1.169298e+01 
1.169298e+01 
1.169298e+01 
1.169298e+01 
1.169298e+01 
1.169298e+01 
1.169298e+01 
1.169298e+01 
1.169298e+01 
1.169298e+01 
1.169298e+01 
1.169298e+01 
1.169298e+01 
1.169298e+01 
1.169298e+01 
1.169298e+01 
1.169298e+01 
1.169298e+01 
1.169298e+01 
1.169298e+01 
1.169298e+01 
1.169298e+01 
1.169298e+01 
1.169298e+01 
1.169298e+01 
1.169298e+01 
1.169298e+01 
1.169298e+01 
1.169298e+01 
1.169298e+01 
1.169298e+01 
1.169298e+01 
1.169298e+01 
1.169298e+01 
1.169298e+01 
1.169298e+01 
1.169298e+01 
1.169298e+01 
1.169298e+01 
1.169298e+01 
1.169298e+01 
1.169298e+01 
1.169298e+01 
1.169298e+01 
1.169298e+01 
1.169298e+01 
1.169298e+01 
1.169298e+01 
1.169298e+01 
1.169298e+01 
1.169298e+01 
1.169298e+01 
1.169298e+01 
1.169298e+01 
1.169298e+01 
1.169298e+01 
1.169298e+01 
1.169298e+01 
1.169298e+01 
1.169298e+01 
1.169298e+01 
1.169298e+01 
1.169298e+01 
1.169298e+01 
1.169298e+01 
1.169298e+01 
1.169298e+01 
1.169298e+01 
1.169298e+01 
1.169298e+01 
1.169298e+01 
1.169298e+01 
1.169298e+01 
1.169298e+01 
1.169298e+01 
1.169298e+01 
1.169298e+01 
1.169298e+01 
1.169298e+01 
1.169298e+01 
1.169298e+01 
1.169298e+01 
1.169298e+01 
1.169298e+01 
1.169298e+01 
1.169298e+01 
1.169298e+01 
1.169298e+01 
1.169298e+01 
1.169298e+01 
1.169298e+01 
1.169298e+01 
1.169298e+01 
1.169298e+01 
1.169298e+01 
1.169298e+01 
1.169298e+01 
1.169298e+01 
1.169298e+01 
1.169298e+01 
1.169298e+01 
1.169298e+01 
1.169298e+01 
1.169298e+01 
1.169298e+01 
1.169298e+01 
1.169298e+01 
1.169298e+01 
1.169298e+01 
1.169298e+01 
1.169298e+01 
1.169298e+01 
1.169298e+01 
1.169298e+01 
1.169298e+01 
1.169298e+01 
1.169298e+01 
1.169298e+01 
1.169298e+01 
1.169298e+01 
1.169298e+01 
1.169298e+01 
1.169298e+01 
1.169298e+01 
1.169298e+01 
1.169298e+01 
1.169298e+01 
1.169298e+01 
1.169298e+01 
1.169298e+01 
1.169298e+01 
1.169298e+01 
1.169298e+01 
1.169298e+01 
1.169298e+01 
1.169298e+01 
1.169298e+01 
1.169298e+01 
1.169298e+01 
1.169298e+01 
1.169298e+01 
1.169298e+01 
1.169298e+01 
1.169298e+01 
1.169298e+01 
1.169298e+01 
1.169298e+01 
1.169298e+01 
1.169298e+01 
1.169298e+01 
1.169298e+01 
1.169298e+01 
1.169298e+01 
1.169298e+01 
1.169298e+01 
1.169298e+01 
1.169298e+01 
1.169298e+01 
1.169298e+01 
1.169298e+01 
1.169298e+01 
1.169298e+01 
1.169298e+01 
1.169298e+01 
1.169298e+01 
1.169298e+01 
1.169298e+01 
1.169298e+01 
1.169298e+01 
1.169298e+01 
1.169298e+01 
1.169298e+01 
1.169298e+01 
1.169298e+01 
1.169298e+01 
1.169298e+01 
1.169298e+01 
1.169298e+01 
1.169298e+01 
1.169298e+01 
1.169298e+01 
1.169298e+01 
1.169298e+01 
1.169298e+01 
1.169298e+01 
1.169298e+01 
1.169298e+01 
1.169298e+01 
1.169298e+01 
1.169298e+01 
1.169298e+01 
1.169298e+01 
1.169298e+01 
1.169298e+01 
1.169298e+01 
1.169298e+01 
1.169298e+01 
1.169298e+01 
1.169298e+01 
1.169298e+01 
1.169298e+01 
1.169298e+01 
1.169298e+01 
1.169298e+01 
1.169298e+01 
1.169298e+01 
1.169298e+01 
1.169298e+01 
1.169298e+01 
1.169298e+01 
1.169298e+01 
1.169298e+01 
1.169298e+01 
1.169298e+01 
1.169298e+01 
1.169298e+01 
1.169298e+01 
1.169298e+01 
1.169298e+01 
1.169298e+01 
1.169298e+01 
1.169298e+01 
1.169298e+01 
1.169298e+01 
1.169298e+01 
1.169298e+01 
1.169298e+01 
1.169298e+01 
1.169298e+01 
1.169298e+01 
1.169298e+01 
1.169298e+01 
1.169298e+01 
1.169298e+01 
1.169298e+01 
1.169298e+01 
1.169298e+01 
1.169298e+01 
1.169298e+01 
1.169298e+01 
1.169298e+01 
1.169298e+01 
1.169298e+01 
1.169298e+01 
1.169298e+01 
1.169298e+01 
1.169298e+01 
1.169298e+01 
1.169298e+01 
1.169298e+01 
1.169298e+01 
1.169298e+01 
1.169298e+01 
1.169298e+01 
1.169298e+01 
1.169298e+01 
1.169298e+01 
1.169298e+01 
1.169298e+01 
1.169298e+01 
1.169298e+01 
1.169298e+01 
1.169298e+01 
1.169298e+01 
1.169298e+01 
1.169298e+01 
1.169298e+01 
1.169298e+01 
1.169298e+01 
1.169298e+01 
1.169298e+01 
1.169298e+01 
1.169298e+01 
1.169298e+01 
1.169298e+01 
1.169298e+01 
1.169298e+01 
1.169298e+01 
1.169298e+01 
1.169298e+01 
1.169298e+01 
1.169298e+01 
1.169298e+01 
1.169298e+01 
1.169298e+01 
1.169298e+01 
1.169298e+01 
1.169298e+01 
1.169298e+01 
1.169298e+01 
1.169298e+01 
1.169298e+01 
1.169298e+01 
1.169298e+01 
1.169298e+01 
1.169298e+01 
1.169298e+01 
1.169298e+01 
1.169298e+01 
1.169298e+01 
1.169298e+01 
1.169298e+01 
1.169298e+01 
1.169298e+01 
1.169298e+01 
1.169298e+01 
1.169298e+01 
1.169298e+01 
1.169298e+01 
1.169298e+01 
1.169298e+01 
1.169298e+01 
1.169298e+01 
1.169298e+01 
1.169298e+01 
1.169298e+01 
1.169298e+01 
1.169298e+01 
1.169298e+01 
1.169298e+01 
1.169298e+01 
1.169298e+01 
1.169298e+01 
1.169298e+01 
1.169298e+01 
1.169298e+01 
1.169298e+01 
1.169298e+01 
1.169298e+01 
1.169298e+01 
1.169298e+01 
1.169298e+01 
1.169298e+01 
1.169298e+01 
1.169298e+01 
1.169298e+01 
1.169298e+01 
1.169298e+01 
1.169298e+01 
1.169298e+01 
1.169298e+01 
1.169298e+01 
1.169298e+01 
1.169298e+01 
1.169298e+01 
1.169298e+01 
1.169298e+01 
1.169298e+01 
1.169298e+01 
1.169298e+01 
1.169298e+01 
1.169298e+01 
1.169298e+01 
1.169298e+01 
1.169298e+01 
1.169298e+01 
1.169298e+01 
1.169298e+01 
1.169298e+01 
1.169298e+01 
1.169298e+01 
1.169298e+01 
1.169298e+01 
1.169298e+01 
1.169298e+01 
1.169298e+01 
1.169298e+01 
1.169298e+01 
1.169298e+01 
1.169298e+01 
1.169298e+01 
1.169298e+01 
1.169298e+01 
1.169298e+01 
1.169298e+01 
1.169298e+01 
1.169298e+01 
1.169298e+01 
1.169298e+01 
1.169298e+01 
1.169298e+01 
1.169298e+01 
1.169298e+01 
1.169298e+01 
1.169298e+01 
1.169298e+01 
1.169298e+01 
1.169298e+01 
1.169298e+01 
1.169298e+01 
1.169298e+01 
1.169298e+01 
1.169298e+01 
1.169298e+01 
1.169298e+01 
1.169298e+01 
1.169298e+01 
1.169298e+01 
1.169298e+01 
1.169298e+01 
1.169298e+01 
1.169298e+01 
1.169298e+01 
1.169298e+01 
1.169298e+01 
1.169298e+01 
1.169298e+01 
1.169298e+01 
1.169298e+01 
1.169298e+01 
1.169298e+01 
1.169298e+01 
1.169298e+01 
1.169298e+01 
1.169298e+01 
1.169298e+01 
1.169298e+01 
1.169298e+01 
1.169298e+01 
1.169298e+01 
1.169298e+01 
1.169298e+01 
1.169298e+01 
1.169298e+01 
1.169298e+01 
1.169298e+01 
1.169298e+01 
1.169298e+01 
1.169298e+01 
1.169298e+01 
1.169298e+01 
1.169298e+01 
1.169298e+01 
1.169298e+01 
1.169298e+01 
1.169298e+01 
1.169298e+01 
1.169298e+01 
1.169298e+01 
1.169298e+01 
1.169298e+01 
1.169298e+01 
1.169298e+01 
1.169298e+01 
1.169298e+01 
1.169298e+01 
1.169298e+01 
1.169298e+01 
1.169298e+01 
1.169298e+01 
1.169298e+01 
1.169298e+01 
1.169298e+01 
1.169298e+01 
1.169298e+01 
1.169298e+01 
1.169298e+01 
1.169298e+01 
1.169298e+01 
1.169298e+01 
1.169298e+01 
1.169298e+01 
1.169298e+01 
1.169298e+01 
1.169298e+01 
1.169298e+01 
1.169298e+01 
1.169298e+01 
1.169298e+01 
1.169298e+01 
1.169298e+01 
1.169298e+01 
1.169298e+01 
1.169298e+01 
1.169298e+01 
1.169298e+01 
1.169298e+01 
1.169298e+01 
1.169298e+01 
1.169298e+01 
1.169298e+01 
1.169298e+01 
1.169298e+01 
1.169298e+01 
1.169298e+01 
1.169298e+01 
1.169298e+01 
1.169298e+01 
1.169298e+01 
1.169298e+01 
1.169298e+01 
1.169298e+01 
1.169298e+01 
1.169298e+01 
1.169298e+01 
1.169298e+01 
1.169298e+01 
1.169298e+01 
1.169298e+01 
1.169298e+01 
1.169298e+01 
1.169298e+01 
1.169298e+01 
1.169298e+01 
1.169298e+01 
1.169298e+01 
1.169298e+01 
1.169298e+01 
1.169298e+01 
1.169298e+01 
1.169298e+01 
1.169298e+01 
1.169298e+01 
1.169298e+01 
1.169298e+01 
1.169298e+01 
1.169298e+01 
1.169298e+01 
1.169298e+01 
1.169298e+01 
1.169298e+01 
1.169298e+01 
1.169298e+01 
1.169298e+01 
1.169298e+01 
1.169298e+01 
1.169298e+01 
1.169298e+01 
1.169298e+01 
1.169298e+01 
1.169298e+01 
1.169298e+01 
1.169298e+01 
1.169298e+01 
1.169298e+01 
1.169298e+01 
1.169298e+01 
1.169298e+01 
1.169298e+01 
1.169298e+01 
1.169298e+01 
1.169298e+01 
1.169298e+01 
1.169298e+01 
1.169298e+01 
1.169298e+01 
1.169298e+01 
1.169298e+01 
1.169298e+01 
1.169298e+01 
1.169298e+01 
1.169298e+01 
1.169298e+01 
1.169298e+01 
1.169298e+01 
1.169298e+01 
1.169298e+01 
1.169298e+01 
1.169298e+01 
1.169298e+01 
1.169298e+01 
1.169298e+01 
1.169298e+01 
1.169298e+01 
1.169298e+01 
1.169298e+01 
1.169298e+01 
1.169298e+01 
1.169298e+01 
1.169298e+01 
1.169298e+01 
1.169298e+01 
1.169298e+01 
1.169298e+01 
1.169298e+01 
1.169298e+01 
1.169298e+01 
1.169298e+01 
1.169298e+01 
1.169298e+01 
1.169298e+01 
1.169298e+01 
1.169298e+01 
1.169298e+01 
1.169298e+01 
1.169298e+01 
1.169298e+01 
1.169298e+01 
1.169298e+01 
1.169298e+01 
1.169298e+01 
1.169298e+01 
1.169298e+01 
1.169298e+01 
1.169298e+01 
1.169298e+01 
1.169298e+01 
1.169298e+01 
1.169298e+01 
1.169298e+01 
1.169298e+01 
1.169298e+01 
1.169298e+01 
1.169298e+01 
1.169298e+01 
1.169298e+01 
1.169298e+01 
1.169298e+01 
1.169298e+01 
1.169298e+01 
1.169298e+01 
1.169298e+01 
1.169298e+01 
1.169298e+01 
1.169298e+01 
1.169298e+01 
1.169298e+01 
1.169298e+01 
1.169298e+01 
1.169298e+01 
1.169298e+01 
1.169298e+01 
1.169298e+01 
1.169298e+01 
1.169298e+01 
1.169298e+01 
1.169298e+01 
1.169298e+01 
1.169298e+01 
1.169298e+01 
1.169298e+01 
1.169298e+01 
1.169298e+01 
1.169298e+01 
1.169298e+01 
1.169298e+01 
1.169298e+01 
1.169298e+01 
1.169298e+01 
1.169298e+01 
1.169298e+01 
1.169298e+01 
1.169298e+01 
1.169298e+01 
1.169298e+01 
1.169298e+01 
1.169298e+01 
1.169298e+01 
1.169298e+01 
1.169298e+01 
1.169298e+01 
1.169298e+01 
1.169298e+01 
1.169298e+01 
1.169298e+01 
1.169298e+01 
1.169298e+01 
1.169298e+01 
1.169298e+01 
1.169298e+01 
1.169298e+01 
1.169298e+01 
1.169298e+01 
1.169298e+01 
1.169298e+01 
1.169298e+01 
1.169298e+01 
1.169298e+01 
1.169298e+01 
1.169298e+01 
1.169298e+01 
1.169298e+01 
1.169298e+01 
1.169298e+01 
1.169298e+01 
1.169298e+01 
1.169298e+01 
1.169298e+01 
1.169298e+01 
1.169298e+01 
1.169298e+01 
1.169298e+01 
1.169298e+01 
1.169298e+01 
1.169298e+01 
1.169298e+01 
1.169298e+01 
1.169298e+01 
1.169298e+01 
1.169298e+01 
1.169298e+01 
1.169298e+01 
1.169298e+01 
1.169298e+01 
1.169298e+01 
1.169298e+01 
1.169298e+01 
1.169298e+01 
1.169298e+01 
1.169298e+01 
1.169298e+01 
1.169298e+01 
1.169298e+01 
1.169298e+01 
1.169298e+01 
1.169298e+01 
1.169298e+01 
1.169298e+01 
1.169298e+01 
1.169298e+01 
1.169298e+01 
1.169298e+01 
1.169298e+01 
1.169298e+01 
1.169298e+01 
1.169298e+01 
1.169298e+01 
1.169298e+01 
1.169298e+01 
1.169298e+01 
1.169298e+01 
1.169298e+01 
1.169298e+01 
1.169298e+01 
1.169298e+01 
1.169298e+01 
1.169298e+01 
1.169298e+01 
1.169298e+01 
1.169298e+01 
1.169298e+01 
1.169298e+01 
1.169298e+01 
1.169298e+01 
1.169298e+01 
1.169298e+01 
1.169298e+01 
1.169298e+01 
1.169298e+01 
1.169298e+01 
1.169298e+01 
1.169298e+01 
1.169298e+01 
1.169298e+01 
1.169298e+01 
1.169298e+01 
1.169298e+01 
1.169298e+01 
1.169298e+01 
1.169298e+01 
1.169298e+01 
1.169298e+01 
1.169298e+01 
1.169298e+01 
1.169298e+01 
1.169298e+01 
1.169298e+01 
1.169298e+01 
1.169298e+01 
1.169298e+01 
1.169298e+01 
1.169298e+01 
1.169298e+01 
1.169298e+01 
1.169298e+01 
1.169298e+01 
1.169298e+01 
1.169298e+01 
1.169298e+01 
1.169298e+01 
1.169298e+01 
1.169298e+01 
1.169298e+01 
1.169298e+01 
1.169298e+01 
1.169298e+01 
1.169298e+01 
1.169298e+01 
1.169298e+01 
1.169298e+01 
1.169298e+01 
1.169298e+01 
1.169298e+01 
1.169298e+01 
1.169298e+01 
1.169298e+01 
1.169298e+01 
1.169298e+01 
1.169298e+01 
1.169298e+01 
1.169298e+01 
1.169298e+01 
1.169298e+01 
1.169298e+01 
1.169298e+01 
1.169298e+01 
1.169298e+01 
1.169298e+01 
1.169298e+01 
1.169298e+01 
1.169298e+01 
1.169298e+01 
1.169298e+01 
1.169298e+01 
1.169298e+01 
1.169298e+01 
1.169298e+01 
1.169298e+01 
1.169298e+01 
1.169298e+01 
1.169298e+01 
1.169298e+01 
1.169298e+01 
1.169298e+01 
1.169298e+01 
1.169298e+01 
1.169298e+01 
1.169298e+01 
1.169298e+01 
1.169298e+01 
1.169298e+01 
1.169298e+01 
1.169298e+01 
1.169298e+01 
1.169298e+01 
1.169298e+01 
1.169298e+01 
1.169298e+01 
1.169298e+01 
1.169298e+01 
1.169298e+01 
1.169298e+01 
1.169298e+01 
1.169298e+01 
1.169298e+01 
1.169298e+01 
1.169298e+01 
1.169298e+01 
1.169298e+01 
1.169298e+01 
1.169298e+01 
1.169298e+01 
1.169298e+01 
1.169298e+01 
1.169298e+01 
1.169298e+01 
1.169298e+01 
1.169298e+01 
1.169298e+01 
1.169298e+01 
1.169298e+01 
1.169298e+01 
1.169298e+01 
1.169298e+01 
1.169298e+01 
1.169298e+01 
1.169298e+01 
1.169298e+01 
1.169298e+01 
1.169298e+01 
1.169298e+01 
1.169298e+01 
1.169298e+01 
1.169298e+01 
1.169298e+01 
1.169298e+01 
1.169298e+01 
1.169298e+01 
1.169298e+01 
1.169298e+01 
1.169298e+01 
1.169298e+01 
1.169298e+01 
1.169298e+01 
1.169298e+01 
1.169298e+01 
1.169298e+01 
1.169298e+01 
1.169298e+01 
1.169298e+01 
1.169298e+01 
1.169298e+01 
1.169298e+01 
1.169298e+01 
1.169298e+01 
1.169298e+01 
1.169298e+01 
1.169298e+01 
1.169298e+01 
1.169298e+01 
1.169298e+01 
1.169298e+01 
1.169298e+01 
1.169298e+01 
1.169298e+01 
1.169298e+01 
1.169298e+01 
1.169298e+01 
1.169298e+01 
1.169298e+01 
1.169298e+01 
1.169298e+01 
1.169298e+01 
1.169298e+01 
1.169298e+01 
1.169298e+01 
1.169298e+01 
1.169298e+01 
1.169298e+01 
1.169298e+01 
1.169298e+01 
1.169298e+01 
1.169298e+01 
1.169298e+01 
1.169298e+01 
1.169298e+01 
1.169298e+01 
1.169298e+01 
1.169298e+01 
1.169298e+01 
1.169298e+01 
1.169298e+01 
1.169298e+01 
1.169298e+01 
1.169298e+01 
1.169298e+01 
1.169298e+01 
1.169298e+01 
1.169298e+01 
1.169298e+01 
1.169298e+01 
1.169298e+01 
1.169298e+01 
1.169298e+01 
1.169298e+01 
1.169298e+01 
1.169298e+01 
1.169298e+01 
1.169298e+01 
1.169298e+01 
1.169298e+01 
1.169298e+01 
1.169298e+01 
1.169298e+01 
1.169298e+01 
1.169298e+01 
1.169298e+01 
1.169298e+01 
1.169298e+01 
1.169298e+01 
1.169298e+01 
1.169298e+01 
1.169298e+01 
1.169298e+01 
1.169298e+01 
1.169298e+01 
1.169298e+01 
1.169298e+01 
1.169298e+01 
1.169298e+01 
1.169298e+01 
1.169298e+01 
1.169298e+01 
1.169298e+01 
1.169298e+01 
1.169298e+01 
1.169298e+01 
1.169298e+01 
1.169298e+01 
1.169298e+01 
1.169298e+01 
1.169298e+01 
1.169298e+01 
1.169298e+01 
1.169298e+01 
1.169298e+01 
1.169298e+01 
1.169298e+01 
1.169298e+01 
1.169298e+01 
1.169298e+01 
1.169298e+01 
1.169298e+01 
1.169298e+01 
1.169298e+01 
1.169298e+01 
1.169298e+01 
1.169298e+01 
1.169298e+01 
1.169298e+01 
1.169298e+01 
1.169298e+01 
1.169298e+01 
1.169298e+01 
1.169298e+01 
1.169298e+01 
1.169298e+01 
1.169298e+01 
1.169298e+01 
1.169298e+01 
1.169298e+01 
1.169298e+01 
1.169298e+01 
1.169298e+01 
1.169298e+01 
1.169298e+01 
1.169298e+01 
1.169298e+01 
1.169298e+01 
1.169298e+01 
1.169298e+01 
1.169298e+01 
1.169298e+01 
1.169298e+01 
1.169298e+01 
1.169298e+01 
1.169298e+01 
1.169298e+01 
1.169298e+01 
1.169298e+01 
1.169298e+01 
1.169298e+01 
1.169298e+01 
1.169298e+01 
1.169298e+01 
1.169298e+01 
1.169298e+01 
1.169298e+01 
1.169298e+01 
1.169298e+01 
1.169298e+01 
1.169298e+01 
1.169298e+01 
1.169298e+01 
1.169298e+01 
1.169298e+01 
1.169298e+01 
1.169298e+01 
1.169298e+01 
1.169298e+01 
1.169298e+01 
1.169298e+01 
1.169298e+01 
1.169298e+01 
1.169298e+01 
1.169298e+01 
1.169298e+01 
1.169298e+01 
1.169298e+01 
1.169298e+01 
1.169298e+01 
1.169298e+01 
1.169298e+01 
1.169298e+01 
1.169298e+01 
1.169298e+01 
1.169298e+01 
1.169298e+01 
1.169298e+01 
1.169298e+01 
1.169298e+01 
1.169298e+01 
1.169298e+01 
1.169298e+01 
1.169298e+01 
1.169298e+01 
1.169298e+01 
1.169298e+01 
1.169298e+01 
1.169298e+01 
1.169298e+01 
1.169298e+01 
1.169298e+01 
1.169298e+01 
1.169298e+01 
1.169298e+01 
1.169298e+01 
1.169298e+01 
1.169298e+01 
1.169298e+01 
1.169298e+01 
1.169298e+01 
1.169298e+01 
1.169298e+01 
1.169298e+01 
1.169298e+01 
1.169298e+01 
1.169298e+01 
1.169298e+01 
1.169298e+01 
1.169298e+01 
1.169298e+01 
1.169298e+01 
1.169298e+01 
1.169298e+01 
1.169298e+01 
1.169298e+01 
1.169298e+01 
1.169298e+01 
1.169298e+01 
1.169298e+01 
1.169298e+01 
1.169298e+01 
1.169298e+01 
1.169298e+01 
1.169298e+01 
1.169298e+01 
1.169298e+01 
1.169298e+01 
1.169298e+01 
1.169298e+01 
1.169298e+01 
1.169298e+01 
1.169298e+01 
1.169298e+01 
1.169298e+01 
1.169298e+01 
1.169298e+01 
1.169298e+01 
1.169298e+01 
1.169298e+01 
1.169298e+01 
1.169298e+01 
1.169298e+01 
1.169298e+01 
1.169298e+01 
1.169298e+01 
1.169298e+01 
1.169298e+01 
1.169298e+01 
1.169298e+01 
1.169298e+01 
1.169298e+01 
1.169298e+01 
1.169298e+01 
1.169298e+01 
1.169298e+01 
1.169298e+01 
1.169298e+01 
1.169298e+01 
1.169298e+01 
1.169298e+01 
1.169298e+01 
1.169298e+01 
1.169298e+01 
1.169298e+01 
1.169298e+01 
1.169298e+01 
1.169298e+01 
1.169298e+01 
1.169298e+01 
1.169298e+01 
1.169298e+01 
1.169298e+01 
1.169298e+01 
1.169298e+01 
1.169298e+01 
1.169298e+01 
1.169298e+01 
1.169298e+01 
1.169298e+01 
1.169298e+01 
1.169298e+01 
1.169298e+01 
1.169298e+01 
1.169298e+01 
1.169298e+01 
1.169298e+01 
1.169298e+01 
1.169298e+01 
1.169298e+01 
1.169298e+01 
1.169298e+01 
1.169298e+01 
1.169298e+01 
1.169298e+01 
1.169298e+01 
1.169298e+01 
1.169298e+01 
1.169298e+01 
1.169298e+01 
1.169298e+01 
1.169298e+01 
1.169298e+01 
1.169298e+01 
1.169298e+01 
1.169298e+01 
1.169298e+01 
1.169298e+01 
1.169298e+01 
1.169298e+01 
1.169298e+01 
1.169298e+01 
1.169298e+01 
1.169298e+01 
1.169298e+01 
1.169298e+01 
1.169298e+01 
1.169298e+01 
1.169298e+01 
1.169298e+01 
1.169298e+01 
1.169298e+01 
1.169298e+01 
1.169298e+01 
1.169298e+01 
1.169298e+01 
1.169298e+01 
1.169298e+01 
1.169298e+01 
1.169298e+01 
1.169298e+01 
1.169298e+01 
1.169298e+01 
1.169298e+01 
1.169298e+01 
1.169298e+01 
1.169298e+01 
1.169298e+01 
1.169298e+01 
1.169298e+01 
1.169298e+01 
1.169298e+01 
1.169298e+01 
1.169298e+01 
1.169298e+01 
1.169298e+01 
1.169298e+01 
1.169298e+01 
1.169298e+01 
1.169298e+01 
1.169298e+01 
1.169298e+01 
1.169298e+01 
1.169298e+01 
1.169298e+01 
1.169298e+01 
1.169298e+01 
1.169298e+01 
1.169298e+01 
1.169298e+01 
1.169298e+01 
1.169298e+01 
1.169298e+01 
1.169298e+01 
1.169298e+01 
1.169298e+01 
1.169298e+01 
1.169298e+01 
1.169298e+01 
1.169298e+01 
1.169298e+01 
1.169298e+01 
1.169298e+01 
1.169298e+01 
1.169298e+01 
1.169298e+01 
1.169298e+01 
1.169298e+01 
1.169298e+01 
1.169298e+01 
1.169298e+01 
1.169298e+01 
1.169298e+01 
1.169298e+01 
1.169298e+01 
1.169298e+01 
1.169298e+01 
1.169298e+01 
1.169298e+01 
1.169298e+01 
1.169298e+01 
1.169298e+01 
1.169298e+01 
1.169298e+01 
1.169298e+01 
1.169298e+01 
1.169298e+01 
1.169298e+01 
1.169298e+01 
1.169298e+01 
1.169298e+01 
1.169298e+01 
1.169298e+01 
1.169298e+01 
1.169298e+01 
1.169298e+01 
1.169298e+01 
1.169298e+01 
1.169298e+01 
1.169298e+01 
1.169298e+01 
1.169298e+01 
1.169298e+01 
1.169298e+01 
1.169298e+01 
1.169298e+01 
1.169298e+01 
1.169298e+01 
1.169298e+01 
1.169298e+01 
1.169298e+01 
1.169298e+01 
1.169298e+01 
1.169298e+01 
1.169298e+01 
1.169298e+01 
1.169298e+01 
1.169298e+01 
1.169298e+01 
1.169298e+01 
1.169298e+01 
1.169298e+01 
1.169298e+01 
1.169298e+01 
1.169298e+01 
1.169298e+01 
1.169298e+01 
1.169298e+01 
1.169298e+01 
1.169298e+01 
1.169298e+01 
1.169298e+01 
1.169298e+01 
1.169298e+01 
1.169298e+01 
1.169298e+01 
1.169298e+01 
1.169298e+01 
1.169298e+01 
1.169298e+01 
1.169298e+01 
1.169298e+01 
1.169298e+01 
1.169298e+01 
1.169298e+01 
1.169298e+01 
1.169298e+01 
1.169298e+01 
1.169298e+01 
1.169298e+01 
1.169298e+01 
1.169298e+01 
1.169298e+01 
1.169298e+01 
1.169298e+01 
1.169298e+01 
1.169298e+01 
1.169298e+01 
1.169298e+01 
1.169298e+01 
1.169298e+01 
1.169298e+01 
1.169298e+01 
1.169298e+01 
1.169298e+01 
1.169298e+01 
1.169298e+01 
1.169298e+01 
1.169298e+01 
1.169298e+01 
1.169298e+01 
1.169298e+01 
1.169298e+01 
1.169298e+01 
1.169298e+01 
1.169298e+01 
1.169298e+01 
1.169298e+01 
1.169298e+01 
1.169298e+01 
1.169298e+01 
1.169298e+01 
1.169298e+01 
1.169298e+01 
1.169298e+01 
1.169298e+01 
1.169298e+01 
1.169298e+01 
1.169298e+01 
1.169298e+01 
1.169298e+01 
1.169298e+01 
1.169298e+01 
1.169298e+01 
1.169298e+01 
1.169298e+01 
1.169298e+01 
1.169298e+01 
1.169298e+01 
1.169298e+01 
1.169298e+01 
1.169298e+01 
1.169298e+01 
1.169298e+01 
1.169298e+01 
1.169298e+01 
1.169298e+01 
1.169298e+01 
1.169298e+01 
1.169298e+01 
1.169298e+01 
1.169298e+01 
1.169298e+01 
1.169298e+01 
1.169298e+01 
1.169298e+01 
1.169298e+01 
1.169298e+01 
1.169298e+01 
1.169298e+01 
1.169298e+01 
1.169298e+01 
1.169298e+01 
1.169298e+01 
1.169298e+01 
1.169298e+01 
1.169298e+01 
1.169298e+01 
1.169298e+01 
1.169298e+01 
1.169298e+01 
1.169298e+01 
1.169298e+01 
1.169298e+01 
1.169298e+01 
1.169298e+01 
1.169298e+01 
1.169298e+01 
1.169298e+01 
1.169298e+01 
1.169298e+01 
1.169298e+01 
1.169298e+01 
1.169298e+01 
1.169298e+01 
1.169298e+01 
1.169298e+01 
1.169298e+01 
1.169298e+01 
1.169298e+01 
1.169298e+01 
1.169298e+01 
1.169298e+01 
1.169298e+01 
1.169298e+01 
1.169298e+01 
1.169298e+01 
1.169298e+01 
1.169298e+01 
1.169298e+01 
1.169298e+01 
1.169298e+01 
1.169298e+01 
1.169298e+01 
1.169298e+01 
1.169298e+01 
1.169298e+01 
1.169298e+01 
1.169298e+01 
1.169298e+01 
1.169298e+01 
1.169298e+01 
1.169298e+01 
1.169298e+01 
1.169298e+01 
1.169298e+01 
1.169298e+01 
1.169298e+01 
1.169298e+01 
1.169298e+01 
1.169298e+01 
1.169298e+01 
1.169298e+01 
1.169298e+01 
1.169298e+01 
1.169298e+01 
1.169298e+01 
1.169298e+01 
1.169298e+01 
1.169298e+01 
1.169298e+01 
1.169298e+01 
1.169298e+01 
1.169298e+01 
1.169298e+01 
1.169298e+01 
1.169298e+01 
1.169298e+01 
1.169298e+01 
1.169298e+01 
1.169298e+01 
1.169298e+01 
1.169298e+01 
1.169298e+01 
1.169298e+01 
1.169298e+01 
1.169298e+01 
1.169298e+01 
1.169298e+01 
1.169298e+01 
1.169298e+01 
1.169298e+01 
1.169298e+01 
1.169298e+01 
1.169298e+01 
1.169298e+01 
1.169298e+01 
1.169298e+01 
1.169298e+01 
1.169298e+01 
1.169298e+01 
1.169298e+01 
1.169298e+01 
1.169298e+01 
1.169298e+01 
1.169298e+01 
1.169298e+01 
1.169298e+01 
1.169298e+01 
1.169298e+01 
1.169298e+01 
1.169298e+01 
1.169298e+01 
1.169298e+01 
1.169298e+01 
1.169298e+01 
1.169298e+01 
1.169298e+01 
1.169298e+01 
1.169298e+01 
1.169298e+01 
1.169298e+01 
1.169298e+01 
1.169298e+01 
1.169298e+01 
1.169298e+01 
1.169298e+01 
1.169298e+01 
1.169298e+01 
1.169298e+01 
1.169298e+01 
1.169298e+01 
1.169298e+01 
1.169298e+01 
1.169298e+01 
1.169298e+01 
1.169298e+01 
1.169298e+01 
1.169298e+01 
1.169298e+01 
1.169298e+01 
1.169298e+01 
1.169298e+01 
1.169298e+01 
1.169298e+01 
1.169298e+01 
1.169298e+01 
1.169298e+01 
1.169298e+01 
1.169298e+01 
1.169298e+01 
1.169298e+01 
1.169298e+01 
1.169298e+01 
1.169298e+01 
1.169298e+01 
1.169298e+01 
1.169298e+01 
1.169298e+01 
1.169298e+01 
1.169298e+01 
1.169298e+01 
1.169298e+01 
1.169298e+01 
1.169298e+01 
1.169298e+01 
1.169298e+01 
1.169298e+01 
1.169298e+01 
1.169298e+01 
1.169298e+01 
1.169298e+01 
1.169298e+01 
1.169298e+01 
1.169298e+01 
1.169298e+01 
1.169298e+01 
1.169298e+01 
1.169298e+01 
1.169298e+01 
1.169298e+01 
1.169298e+01 
1.169298e+01 
1.169298e+01 
1.169298e+01 
1.169298e+01 
1.169298e+01 
1.169298e+01 
1.169298e+01 
1.169298e+01 
1.169298e+01 
1.169298e+01 
1.169298e+01 
1.169298e+01 
1.169298e+01 
1.169298e+01 
1.169298e+01 
1.169298e+01 
1.169298e+01 
1.169298e+01 
1.169298e+01 
1.169298e+01 
1.169298e+01 
1.169298e+01 
1.169298e+01 
1.169298e+01 
1.169298e+01 
1.169298e+01 
1.169298e+01 
1.169298e+01 
1.169298e+01 
1.169298e+01 
1.169298e+01 
1.169298e+01 
1.169298e+01 
1.169298e+01 
1.169298e+01 
1.169298e+01 
1.169298e+01 
1.169298e+01 
1.169298e+01 
1.169298e+01 
1.169298e+01 
1.169298e+01 
1.169298e+01 
1.169298e+01 
1.169298e+01 
1.169298e+01 
1.169298e+01 
1.169298e+01 
1.169298e+01 
1.169298e+01 
1.169298e+01 
1.169298e+01 
1.169298e+01 
1.169298e+01 
1.169298e+01 
1.169298e+01 
1.169298e+01 
1.169298e+01 
1.169298e+01 
1.169298e+01 
1.169298e+01 
1.169298e+01 
1.169298e+01 
1.169298e+01 
1.169298e+01 
1.169298e+01 
1.169298e+01 
1.169298e+01 
1.169298e+01 
1.169298e+01 
1.169298e+01 
1.169298e+01 
1.169298e+01 
1.169298e+01 
1.169298e+01 
1.169298e+01 
1.169298e+01 
1.169298e+01 
1.169298e+01 
1.169298e+01 
1.169298e+01 
1.169298e+01 
1.169298e+01 
1.169298e+01 
1.169298e+01 
1.169298e+01 
1.169298e+01 
1.169298e+01 
1.169298e+01 
1.169298e+01 
1.169298e+01 
1.169298e+01 
1.169298e+01 
1.169298e+01 
1.169298e+01 
1.169298e+01 
1.169298e+01 
1.169298e+01 
1.169298e+01 
1.169298e+01 
1.169298e+01 
1.169298e+01 
1.169298e+01 
1.169298e+01 
1.169298e+01 
1.169298e+01 
1.169298e+01 
1.169298e+01 
1.169298e+01 
1.169298e+01 
1.169298e+01 
1.169298e+01 
1.169298e+01 
1.169298e+01 
1.169298e+01 
1.169298e+01 
1.169298e+01 
1.169298e+01 
1.169298e+01 
1.169298e+01 
1.169298e+01 
1.169298e+01 
1.169298e+01 
1.169298e+01 
1.169298e+01 
1.169298e+01 
1.169298e+01 
1.169298e+01 
1.169298e+01 
1.169298e+01 
1.169298e+01 
1.169298e+01 
1.169298e+01 
1.169298e+01 
1.169298e+01 
1.169298e+01 
1.169298e+01 
1.169298e+01 
1.169298e+01 
1.169298e+01 
1.169298e+01 
1.169298e+01 
1.169298e+01 
1.169298e+01 
1.169298e+01 
1.169298e+01 
1.169298e+01 
1.169298e+01 
1.169298e+01 
1.169298e+01 
1.169298e+01 
1.169298e+01 
1.169298e+01 
1.169298e+01 
1.169298e+01 
1.169298e+01 
1.169298e+01 
1.169298e+01 
1.169298e+01 
1.169298e+01 
1.169298e+01 
1.169298e+01 
1.169298e+01 
1.169298e+01 
1.169298e+01 
1.169298e+01 
1.169298e+01 
1.169298e+01 
1.169298e+01 
1.169298e+01 
1.169298e+01 
1.169298e+01 
1.169298e+01 
1.169298e+01 
1.169298e+01 
1.169298e+01 
1.169298e+01 
1.169298e+01 
1.169298e+01 
1.169298e+01 
1.169298e+01 
1.169298e+01 
1.169298e+01 
1.169298e+01 
1.169298e+01 
1.169298e+01 
1.169298e+01 
1.169298e+01 
1.169298e+01 
1.169298e+01 
1.169298e+01 
1.169298e+01 
1.169298e+01 
1.169298e+01 
1.169298e+01 
1.169298e+01 
1.169298e+01 
1.169298e+01 
1.169298e+01 
1.169298e+01 
1.169298e+01 
1.169298e+01 
1.169298e+01 
1.169298e+01 
1.169298e+01 
1.169298e+01 
1.169298e+01 
1.169298e+01 
1.169298e+01 
1.169298e+01 
1.169298e+01 
1.169298e+01 
1.169298e+01 
1.169298e+01 
1.169298e+01 
1.169298e+01 
1.169298e+01 
1.169298e+01 
1.169298e+01 
1.169298e+01 
1.169298e+01 
1.169298e+01 
1.169298e+01 
1.169298e+01 
1.169298e+01 
1.169298e+01 
1.169298e+01 
1.169298e+01 
1.169298e+01 
1.169298e+01 
1.169298e+01 
1.169298e+01 
1.169298e+01 
1.169298e+01 
1.169298e+01 
1.169298e+01 
1.169298e+01 
1.169298e+01 
1.169298e+01 
1.169298e+01 
1.169298e+01 
1.169298e+01 
1.169298e+01 
1.169298e+01 
1.169298e+01 
1.169298e+01 
1.169298e+01 
1.169298e+01 
1.169298e+01 
1.169298e+01 
1.169298e+01 
1.169298e+01 
1.169298e+01 
1.169298e+01 
1.169298e+01 
1.169298e+01 
1.169298e+01 
1.169298e+01 
1.169298e+01 
1.169298e+01 
1.169298e+01 
1.169298e+01 
1.169298e+01 
1.169298e+01 
1.169298e+01 
1.169298e+01 
1.169298e+01 
1.169298e+01 
1.169298e+01 
1.169298e+01 
1.169298e+01 
1.169298e+01 
1.169298e+01 
1.169298e+01 
1.169298e+01 
1.169298e+01 
1.169298e+01 
1.169298e+01 
1.169298e+01 
1.169298e+01 
1.169298e+01 
1.169298e+01 
1.169298e+01 
1.169298e+01 
1.169298e+01 
1.169298e+01 
1.169298e+01 
1.169298e+01 
1.169298e+01 
1.169298e+01 
1.169298e+01 
1.169298e+01 
1.169298e+01 
1.169298e+01 
1.169298e+01 
1.169298e+01 
1.169298e+01 
1.169298e+01 
1.169298e+01 
1.169298e+01 
1.169298e+01 
1.169298e+01 
1.169298e+01 
1.169298e+01 
1.169298e+01 
1.169298e+01 
1.169298e+01 
1.169298e+01 
1.169298e+01 
1.169298e+01 
1.169298e+01 
1.169298e+01 
1.169298e+01 
1.169298e+01 
1.169298e+01 
1.169298e+01 
1.169298e+01 
1.169298e+01 
1.169298e+01 
1.169298e+01 
1.169298e+01 
1.169298e+01 
1.169298e+01 
1.169298e+01 
1.169298e+01 
1.169298e+01 
1.169298e+01 
1.169298e+01 
1.169298e+01 
1.169298e+01 
1.169298e+01 
1.169298e+01 
1.169298e+01 
1.169298e+01 
1.169298e+01 
1.169298e+01 
1.169298e+01 
1.169298e+01 
1.169298e+01 
1.169298e+01 
1.169298e+01 
1.169298e+01 
1.169298e+01 
1.169298e+01 
1.169298e+01 
1.169298e+01 
1.169298e+01 
1.169298e+01 
1.169298e+01 
1.169298e+01 
1.169298e+01 
1.169298e+01 
1.169298e+01 
1.169298e+01 
1.169298e+01 
1.169298e+01 
1.169298e+01 
1.169298e+01 
1.169298e+01 
1.169298e+01 
1.169298e+01 
1.169298e+01 
1.169298e+01 
1.169298e+01 
1.169298e+01 
1.169298e+01 
1.169298e+01 
1.169298e+01 
1.169298e+01 
1.169298e+01 
1.169298e+01 
1.169298e+01 
1.169298e+01 
1.169298e+01 
1.169298e+01 
1.169298e+01 
1.169298e+01 
1.169298e+01 
1.169298e+01 
1.169298e+01 
1.169298e+01 
1.169298e+01 
1.169298e+01 
1.169298e+01 
1.169298e+01 
1.169298e+01 
1.169298e+01 
1.169298e+01 
1.169298e+01 
1.169298e+01 
1.169298e+01 
1.169298e+01 
1.169298e+01 
1.169298e+01 
1.169298e+01 
1.169298e+01 
1.169298e+01 
1.169298e+01 
1.169298e+01 
1.169298e+01 
1.169298e+01 
1.169298e+01 
1.169298e+01 
1.169298e+01 
1.169298e+01 
1.169298e+01 
1.169298e+01 
1.169298e+01 
1.169298e+01 
1.169298e+01 
1.169298e+01 
1.169298e+01 
1.169298e+01 
1.169298e+01 
1.169298e+01 
1.169298e+01 
1.169298e+01 
1.169298e+01 
1.169298e+01 
1.169298e+01 
1.169298e+01 
1.169298e+01 
1.169298e+01 
1.169298e+01 
1.169298e+01 
1.169298e+01 
1.169298e+01 
1.169298e+01 
1.169298e+01 
1.169298e+01 
1.169298e+01 
1.169298e+01 
1.169298e+01 
1.169298e+01 
1.169298e+01 
1.169298e+01 
1.169298e+01 
1.169298e+01 
1.169298e+01 
1.169298e+01 
1.169298e+01 
1.169298e+01 
1.169298e+01 
1.169298e+01 
1.169298e+01 
1.169298e+01 
1.169298e+01 
1.169298e+01 
1.169298e+01 
1.169298e+01 
1.169298e+01 
1.169298e+01 
1.169298e+01 
1.169298e+01 
1.169298e+01 
1.169298e+01 
1.169298e+01 
1.169298e+01 
1.169298e+01 
1.169298e+01 
1.169298e+01 
1.169298e+01 
1.169298e+01 
1.169298e+01 
1.169298e+01 
1.169298e+01 
1.169298e+01 
1.169298e+01 
1.169298e+01 
1.169298e+01 
1.169298e+01 
1.169298e+01 
1.169298e+01 
1.169298e+01 
1.169298e+01 
1.169298e+01 
1.169298e+01 
1.169298e+01 
1.169298e+01 
1.169298e+01 
1.169298e+01 
1.169298e+01 
1.169298e+01 
1.169298e+01 
1.169298e+01 
1.169298e+01 
1.169298e+01 
1.169298e+01 
1.169298e+01 
1.169298e+01 
1.169298e+01 
1.169298e+01 
1.169298e+01 
1.169298e+01 
1.169298e+01 
1.169298e+01 
1.169298e+01 
1.169298e+01 
1.169298e+01 
1.169298e+01 
1.169298e+01 
1.169298e+01 
1.169298e+01 
1.169298e+01 
1.169298e+01 
1.169298e+01 
1.169298e+01 
1.169298e+01 
1.169298e+01 
1.169298e+01 
1.169298e+01 
1.169298e+01 
1.169298e+01 
1.169298e+01 
1.169298e+01 
1.169298e+01 
1.169298e+01 
1.169298e+01 
1.169298e+01 
1.169298e+01 
1.169298e+01 
1.169298e+01 
1.169298e+01 
1.169298e+01 
1.169298e+01 
1.169298e+01 
1.169298e+01 
1.169298e+01 
1.169298e+01 
1.169298e+01 
1.169298e+01 
1.169298e+01 
1.169298e+01 
1.169298e+01 
1.169298e+01 
1.169298e+01 
1.169298e+01 
1.169298e+01 
1.169298e+01 
1.169298e+01 
1.169298e+01 
1.169298e+01 
1.169298e+01 
1.169298e+01 
1.169298e+01 
1.169298e+01 
1.169298e+01 
1.169298e+01 
1.169298e+01 
1.169298e+01 
1.169298e+01 
1.169298e+01 
1.169298e+01 
1.169298e+01 
1.169298e+01 
1.169298e+01 
1.169298e+01 
1.169298e+01 
1.169298e+01 
1.169298e+01 
1.169298e+01 
1.169298e+01 
1.169298e+01 
1.169298e+01 
1.169298e+01 
1.169298e+01 
1.169298e+01 
1.169298e+01 
1.169298e+01 
1.169298e+01 
1.169298e+01 
1.169298e+01 
1.169298e+01 
1.169298e+01 
1.169298e+01 
1.169298e+01 
1.169298e+01 
1.169298e+01 
1.169298e+01 
1.169298e+01 
1.169298e+01 
1.169298e+01 
1.169298e+01 
1.169298e+01 
1.169298e+01 
1.169298e+01 
1.169298e+01 
1.169298e+01 
1.169298e+01 
1.169298e+01 
1.169298e+01 
1.169298e+01 
1.169298e+01 
1.169298e+01 
1.169298e+01 
1.169298e+01 
1.169298e+01 
1.169298e+01 
1.169298e+01 
1.169298e+01 
1.169298e+01 
1.169298e+01 
1.169298e+01 
1.169298e+01 
1.169298e+01 
1.169298e+01 
1.169298e+01 
1.169298e+01 
1.169298e+01 
1.169298e+01 
1.169298e+01 
1.169298e+01 
1.169298e+01 
1.169298e+01 
1.169298e+01 
1.169298e+01 
1.169298e+01 
1.169298e+01 
1.169298e+01 
1.169298e+01 
1.169298e+01 
1.169298e+01 
1.169298e+01 
1.169298e+01 
1.169298e+01 
1.169298e+01 
1.169298e+01 
1.169298e+01 
1.169298e+01 
1.169298e+01 
1.169298e+01 
1.169298e+01 
1.169298e+01 
1.169298e+01 
1.169298e+01 
1.169298e+01 
1.169298e+01 
1.169298e+01 
1.169298e+01 
1.169298e+01 
1.169298e+01 
1.169298e+01 
1.169298e+01 
1.169298e+01 
1.169298e+01 
1.169298e+01 
1.169298e+01 
1.169298e+01 
1.169298e+01 
1.169298e+01 
1.169298e+01 
1.169298e+01 
1.169298e+01 
1.169298e+01 
1.169298e+01 
1.169298e+01 
1.169298e+01 
1.169298e+01 
1.169298e+01 
1.169298e+01 
1.169298e+01 
1.169298e+01 
1.169298e+01 
1.169298e+01 
1.169298e+01 
1.169298e+01 
1.169298e+01 
1.169298e+01 
1.169298e+01 
1.169298e+01 
1.169298e+01 
1.169298e+01 
1.169298e+01 
1.169298e+01 
1.169298e+01 
1.169298e+01 
1.169298e+01 
1.169298e+01 
1.169298e+01 
1.169298e+01 
1.169298e+01 
1.169298e+01 
1.169298e+01 
1.169298e+01 
1.169298e+01 
1.169298e+01 
1.169298e+01 
1.169298e+01 
1.169298e+01 
1.169298e+01 
1.169298e+01 
1.169298e+01 
1.169298e+01 
1.169298e+01 
1.169298e+01 
1.169298e+01 
1.169298e+01 
1.169298e+01 
1.169298e+01 
1.169298e+01 
1.169298e+01 
1.169298e+01 
1.169298e+01 
1.169298e+01 
1.169298e+01 
1.169298e+01 
1.169298e+01 
1.169298e+01 
1.169298e+01 
1.169298e+01 
1.169298e+01 
1.169298e+01 
1.169298e+01 
1.169298e+01 
1.169298e+01 
1.169298e+01 
1.169298e+01 
1.169298e+01 
1.169298e+01 
1.169298e+01 
1.169298e+01 
1.169298e+01 
1.169298e+01 
1.169298e+01 
1.169298e+01 
1.169298e+01 
1.169298e+01 
1.169298e+01 
1.169298e+01 
1.169298e+01 
1.169298e+01 
1.169298e+01 
1.169298e+01 
1.169298e+01 
1.169298e+01 
1.169298e+01 
1.169298e+01 
1.169298e+01 
1.169298e+01 
1.169298e+01 
1.169298e+01 
1.169298e+01 
1.169298e+01 
1.169298e+01 
1.169298e+01 
1.169298e+01 
1.169298e+01 
1.169298e+01 
1.169298e+01 
1.169298e+01 
1.169298e+01 
1.169298e+01 
1.169298e+01 
1.169298e+01 
1.169298e+01 
1.169298e+01 
1.169298e+01 
1.169298e+01 
1.169298e+01 
1.169298e+01 
1.169298e+01 
1.169298e+01 
1.169298e+01 
1.169298e+01 
1.169298e+01 
1.169298e+01 
1.169298e+01 
1.169298e+01 
1.169298e+01 
1.169298e+01 
1.169298e+01 
1.169298e+01 
1.169298e+01 
1.169298e+01 
1.169298e+01 
1.169298e+01 
1.169298e+01 
1.169298e+01 
1.169298e+01 
1.169298e+01 
1.169298e+01 
1.169298e+01 
1.169298e+01 
1.169298e+01 
1.169298e+01 
1.169298e+01 
1.169298e+01 
1.169298e+01 
1.169298e+01 
1.169298e+01 
1.169298e+01 
1.169298e+01 
1.169298e+01 
1.169298e+01 
1.169298e+01 
1.169298e+01 
1.169298e+01 
1.169298e+01 
1.169298e+01 
1.169298e+01 
1.169298e+01 
1.169298e+01 
1.169298e+01 
1.169298e+01 
1.169298e+01 
1.169298e+01 
1.169298e+01 
1.169298e+01 
1.169298e+01 
1.169298e+01 
1.169298e+01 
1.169298e+01 
1.169298e+01 
1.169298e+01 
1.169298e+01 
1.169298e+01 
1.169298e+01 
1.169298e+01 
1.169298e+01 
1.169298e+01 
1.169298e+01 
1.169298e+01 
1.169298e+01 
1.169298e+01 
1.169298e+01 
1.169298e+01 
1.169298e+01 
1.169298e+01 
1.169298e+01 
1.169298e+01 
1.169298e+01 
1.169298e+01 
1.169298e+01 
1.169298e+01 
1.169298e+01 
1.169298e+01 
1.169298e+01 
1.169298e+01 
1.169298e+01 
1.169298e+01 
1.169298e+01 
1.169298e+01 
1.169298e+01 
1.169298e+01 
1.169298e+01 
1.169298e+01 
1.169298e+01 
1.169298e+01 
1.169298e+01 
1.169298e+01 
1.169298e+01 
1.169298e+01 
1.169298e+01 
1.169298e+01 
1.169298e+01 
1.169298e+01 
1.169298e+01 
1.169298e+01 
1.169298e+01 
1.169298e+01 
1.169298e+01 
1.169298e+01 
1.169298e+01 
1.169298e+01 
1.169298e+01 
1.169298e+01 
1.169298e+01 
1.169298e+01 
1.169298e+01 
1.169298e+01 
1.169298e+01 
1.169298e+01 
1.169298e+01 
1.169298e+01 
1.169298e+01 
1.169298e+01 
1.169298e+01 
1.169298e+01 
1.169298e+01 
1.169298e+01 
1.169298e+01 
1.169298e+01 
1.169298e+01 
1.169298e+01 
1.169298e+01 
1.169298e+01 
1.169298e+01 
1.169298e+01 
1.169298e+01 
1.169298e+01 
1.169298e+01 
1.169298e+01 
1.169298e+01 
1.169298e+01 
1.169298e+01 
1.169298e+01 
1.169298e+01 
1.169298e+01 
1.169298e+01 
1.169298e+01 
1.169298e+01 
1.169298e+01 
1.169298e+01 
1.169298e+01 
1.169298e+01 
1.169298e+01 
1.169298e+01 
1.169298e+01 
1.169298e+01 
1.169298e+01 
1.169298e+01 
1.169298e+01 
1.169298e+01 
1.169298e+01 
1.169298e+01 
1.169298e+01 
1.169298e+01 
1.169298e+01 
1.169298e+01 
1.169298e+01 
1.169298e+01 
1.169298e+01 
1.169298e+01 
1.169298e+01 
1.169298e+01 
1.169298e+01 
1.169298e+01 
1.169298e+01 
1.169298e+01 
1.169298e+01 
1.169298e+01 
1.169298e+01 
1.169298e+01 
1.169298e+01 
1.169298e+01 
1.169298e+01 
1.169298e+01 
1.169298e+01 
1.169298e+01 
1.169298e+01 
1.169298e+01 
1.169298e+01 
1.169298e+01 
1.169298e+01 
1.169298e+01 
1.169298e+01 
1.169298e+01 
1.169298e+01 
1.169298e+01 
1.169298e+01 
1.169298e+01 
1.169298e+01 
1.169298e+01 
1.169298e+01 
1.169298e+01 
1.169298e+01 
1.169298e+01 
1.169298e+01 
1.169298e+01 
1.169298e+01 
1.169298e+01 
1.169298e+01 
1.169298e+01 
1.169298e+01 
1.169298e+01 
1.169298e+01 
1.169298e+01 
1.169298e+01 
1.169298e+01 
1.169298e+01 
1.169298e+01 
1.169298e+01 
1.169298e+01 
1.169298e+01 
1.169298e+01 
1.169298e+01 
1.169298e+01 
1.169298e+01 
1.169298e+01 
1.169298e+01 
1.169298e+01 
1.169298e+01 
1.169298e+01 
1.169298e+01 
1.169298e+01 
1.169298e+01 
1.169298e+01 
1.169298e+01 
1.169298e+01 
1.169298e+01 
1.169298e+01 
1.169298e+01 
1.169298e+01 
1.169298e+01 
1.169298e+01 
1.169298e+01 
1.169298e+01 
1.169298e+01 
1.169298e+01 
1.169298e+01 
1.169298e+01 
1.169298e+01 
1.169298e+01 
1.169298e+01 
1.169298e+01 
1.169298e+01 
1.169298e+01 
1.169298e+01 
1.169298e+01 
1.169298e+01 
1.169298e+01 
1.169298e+01 
1.169298e+01 
1.169298e+01 
1.169298e+01 
1.169298e+01 
1.169298e+01 
1.169298e+01 
1.169298e+01 
1.169298e+01 
1.169298e+01 
1.169298e+01 
1.169298e+01 
1.169298e+01 
1.169298e+01 
1.169298e+01 
1.169298e+01 
1.169298e+01 
1.169298e+01 
1.169298e+01 
1.169298e+01 
1.169298e+01 
1.169298e+01 
1.169298e+01 
1.169298e+01 
1.169298e+01 
1.169298e+01 
1.169298e+01 
1.169298e+01 
1.169298e+01 
1.169298e+01 
1.169298e+01 
1.169298e+01 
1.169298e+01 
1.169298e+01 
1.169298e+01 
1.169298e+01 
1.169298e+01 
1.169298e+01 
1.169298e+01 
1.169298e+01 
1.169298e+01 
1.169298e+01 
1.169298e+01 
1.169298e+01 
1.169298e+01 
1.169298e+01 
1.169298e+01 
1.169298e+01 
1.169298e+01 
1.169298e+01 
1.169298e+01 
1.169298e+01 
1.169298e+01 
1.169298e+01 
1.169298e+01 
1.169298e+01 
1.169298e+01 
1.169298e+01 
1.169298e+01 
1.169298e+01 
1.169298e+01 
1.169298e+01 
1.169298e+01 
1.169298e+01 
1.169298e+01 
1.169298e+01 
1.169298e+01 
1.169298e+01 
1.169298e+01 
1.169298e+01 
1.169298e+01 
1.169298e+01 
1.169298e+01 
1.169298e+01 
1.169298e+01 
1.169298e+01 
1.169298e+01 
1.169298e+01 
1.169298e+01 
1.169298e+01 
1.169298e+01 
1.169298e+01 
1.169298e+01 
1.169298e+01 
1.169298e+01 
1.169298e+01 
1.169298e+01 
1.169298e+01 
1.169298e+01 
1.169298e+01 
1.169298e+01 
1.169298e+01 
1.169298e+01 
1.169298e+01 
1.169298e+01 
1.169298e+01 
1.169298e+01 
1.169298e+01 
1.169298e+01 
1.169298e+01 
1.169298e+01 
1.169298e+01 
1.169298e+01 
1.169298e+01 
1.169298e+01 
1.169298e+01 
1.169298e+01 
1.169298e+01 
1.169298e+01 
1.169298e+01 
1.169298e+01 
1.169298e+01 
1.169298e+01 
1.169298e+01 
1.169298e+01 
1.169298e+01 
1.169298e+01 
1.169298e+01 
1.169298e+01 
1.169298e+01 
1.169298e+01 
1.169298e+01 
1.169298e+01 
1.169298e+01 
1.169298e+01 
1.169298e+01 
1.169298e+01 
1.169298e+01 
1.169298e+01 
1.169298e+01 
1.169298e+01 
1.169298e+01 
1.169298e+01 
1.169298e+01 
1.169298e+01 
1.169298e+01 
1.169298e+01 
1.169298e+01 
1.169298e+01 
1.169298e+01 
1.169298e+01 
1.169298e+01 
1.169298e+01 
1.169298e+01 
1.169298e+01 
1.169298e+01 
1.169298e+01 
1.169298e+01 
1.169298e+01 
1.169298e+01 
1.169298e+01 
1.169298e+01 
1.169298e+01 
1.169298e+01 
1.169298e+01 
1.169298e+01 
1.169298e+01 
1.169298e+01 
1.169298e+01 
1.169298e+01 
1.169298e+01 
1.169298e+01 
1.169298e+01 
1.169298e+01 
1.169298e+01 
1.169298e+01 
1.169298e+01 
1.169298e+01 
1.169298e+01 
1.169298e+01 
1.169298e+01 
1.169298e+01 
1.169298e+01 
1.169298e+01 
1.169298e+01 
1.169298e+01 
1.169298e+01 
1.169298e+01 
1.169298e+01 
1.169298e+01 
1.169298e+01 
1.169298e+01 
1.169298e+01 
1.169298e+01 
1.169298e+01 
1.169298e+01 
1.169298e+01 
1.169298e+01 
1.169298e+01 
1.169298e+01 
1.169298e+01 
1.169298e+01 
1.169298e+01 
1.169298e+01 
1.169298e+01 
1.169298e+01 
1.169298e+01 
1.169298e+01 
1.169298e+01 
1.169298e+01 
1.169298e+01 
1.169298e+01 
1.169298e+01 
1.169298e+01 
1.169298e+01 
1.169298e+01 
1.169298e+01 
1.169298e+01 
1.169298e+01 
1.169298e+01 
1.169298e+01 
1.169298e+01 
1.169298e+01 
1.169298e+01 
1.169298e+01 
1.169298e+01 
1.169298e+01 
1.169298e+01 
1.169298e+01 
1.169298e+01 
1.169298e+01 
1.169298e+01 
1.169298e+01 
1.169298e+01 
1.169298e+01 
1.169298e+01 
1.169298e+01 
1.169298e+01 
1.169298e+01 
1.169298e+01 
1.169298e+01 
1.169298e+01 
1.169298e+01 
1.169298e+01 
1.169298e+01 
1.169298e+01 
1.169298e+01 
1.169298e+01 
1.169298e+01 
1.169298e+01 
1.169298e+01 
1.169298e+01 
1.169298e+01 
1.169298e+01 
1.169298e+01 
1.169298e+01 
1.169298e+01 
1.169298e+01 
1.169298e+01 
1.169298e+01 
1.169298e+01 
1.169298e+01 
1.169298e+01 
1.169298e+01 
1.169298e+01 
1.169298e+01 
1.169298e+01 
1.169298e+01 
1.169298e+01 
1.169298e+01 
1.169298e+01 
1.169298e+01 
1.169298e+01 
1.169298e+01 
1.169298e+01 
1.169298e+01 
1.169298e+01 
1.169298e+01 
1.169298e+01 
1.169298e+01 
1.169298e+01 
1.169298e+01 
1.169298e+01 
1.169298e+01 
1.169298e+01 
1.169298e+01 
1.169298e+01 
1.169298e+01 
1.169298e+01 
1.169298e+01 
1.169298e+01 
1.169298e+01 
1.169298e+01 
1.169298e+01 
1.169298e+01 
1.169298e+01 
1.169298e+01 
1.169298e+01 
1.169298e+01 
1.169298e+01 
1.169298e+01 
1.169298e+01 
1.169298e+01 
1.169298e+01 
1.169298e+01 
1.169298e+01 
1.169298e+01 
1.169298e+01 
1.169298e+01 
1.169298e+01 
1.169298e+01 
1.169298e+01 
1.169298e+01 
1.169298e+01 
1.169298e+01 
1.169298e+01 
1.169298e+01 
1.169298e+01 
1.169298e+01 
1.169298e+01 
1.169298e+01 
1.169298e+01 
1.169298e+01 
1.169298e+01 
1.169298e+01 
1.169298e+01 
1.169298e+01 
1.169298e+01 
1.169298e+01 
1.169298e+01 
1.169298e+01 
1.169298e+01 
1.169298e+01 
1.169298e+01 
1.169298e+01 
1.169298e+01 
1.169298e+01 
1.169298e+01 
1.169298e+01 
1.169298e+01 
1.169298e+01 
1.169298e+01 
1.169298e+01 
1.169298e+01 
1.169298e+01 
1.169298e+01 
1.169298e+01 
1.169298e+01 
1.169298e+01 
1.169298e+01 
1.169298e+01 
1.169298e+01 
1.169298e+01 
1.169298e+01 
1.169298e+01 
1.169298e+01 
1.169298e+01 
1.169298e+01 
1.169298e+01 
1.169298e+01 
1.169298e+01 
1.169298e+01 
1.169298e+01 
1.169298e+01 
1.169298e+01 
1.169298e+01 
1.169298e+01 
1.169298e+01 
1.169298e+01 
1.169298e+01 
1.169298e+01 
1.169298e+01 
1.169298e+01 
1.169298e+01 
1.169298e+01 
1.169298e+01 
1.169298e+01 
1.169298e+01 
1.169298e+01 
1.169298e+01 
1.169298e+01 
1.169298e+01 
1.169298e+01 
1.169298e+01 
1.169298e+01 
1.169298e+01 
1.169298e+01 
1.169298e+01 
1.169298e+01 
1.169298e+01 
1.169298e+01 
1.169298e+01 
1.169298e+01 
1.169298e+01 
1.169298e+01 
1.169298e+01 
1.169298e+01 
1.169298e+01 
1.169298e+01 
1.169298e+01 
1.169298e+01 
1.169298e+01 
1.169298e+01 
1.169298e+01 
1.169298e+01 
1.169298e+01 
1.169298e+01 
1.169298e+01 
1.169298e+01 
1.169298e+01 
1.169298e+01 
1.169298e+01 
1.169298e+01 
1.169298e+01 
1.169298e+01 
1.169298e+01 
1.169298e+01 
1.169298e+01 
1.169298e+01 
1.169298e+01 
1.169298e+01 
1.169298e+01 
1.169298e+01 
1.169298e+01 
1.169298e+01 
1.169298e+01 
1.169298e+01 
1.169298e+01 
1.169298e+01 
1.169298e+01 
1.169298e+01 
1.169298e+01 
1.169298e+01 
1.169298e+01 
1.169298e+01 
1.169298e+01 
1.169298e+01 
1.169298e+01 
1.169298e+01 
1.169298e+01 
1.169298e+01 
1.169298e+01 
1.169298e+01 
1.169298e+01 
1.169298e+01 
1.169298e+01 
1.169298e+01 
1.169298e+01 
1.169298e+01 
1.169298e+01 
1.169298e+01 
1.169298e+01 
1.169298e+01 
1.169298e+01 
1.169298e+01 
1.169298e+01 
1.169298e+01 
1.169298e+01 
1.169298e+01 
1.169298e+01 
1.169298e+01 
1.169298e+01 
1.169298e+01 
1.169298e+01 
1.169298e+01 
1.169298e+01 
1.169298e+01 
1.169298e+01 
1.169298e+01 
1.169298e+01 
1.169298e+01 
1.169298e+01 
1.169298e+01 
1.169298e+01 
1.169298e+01 
1.169298e+01 
1.169298e+01 
1.169298e+01 
1.169298e+01 
1.169298e+01 
1.169298e+01 
1.169298e+01 
1.169298e+01 
1.169298e+01 
1.169298e+01 
1.169298e+01 
1.169298e+01 
1.169298e+01 
1.169298e+01 
1.169298e+01 
1.169298e+01 
1.169298e+01 
1.169298e+01 
1.169298e+01 
1.169298e+01 
1.169298e+01 
1.169298e+01 
1.169298e+01 
1.169298e+01 
1.169298e+01 
1.169298e+01 
1.169298e+01 
1.169298e+01 
1.169298e+01 
1.169298e+01 
1.169298e+01 
1.169298e+01 
1.169298e+01 
1.169298e+01 
1.169298e+01 
1.169298e+01 
1.169298e+01 
1.169298e+01 
1.169298e+01 
1.169298e+01 
1.169298e+01 
1.169298e+01 
1.169298e+01 
1.169298e+01 
1.169298e+01 
1.169298e+01 
1.169298e+01 
1.169298e+01 
1.169298e+01 
1.169298e+01 
1.169298e+01 
1.169298e+01 
1.169298e+01 
1.169298e+01 
1.169298e+01 
1.169298e+01 
1.169298e+01 
1.169298e+01 
1.169298e+01 
1.169298e+01 
1.169298e+01 
1.169298e+01 
1.169298e+01 
1.169298e+01 
1.169298e+01 
1.169298e+01 
1.169298e+01 
1.169298e+01 
1.169298e+01 
1.169298e+01 
1.169298e+01 
1.169298e+01 
1.169298e+01 
1.169298e+01 
1.169298e+01 
1.169298e+01 
1.169298e+01 
1.169298e+01 
1.169298e+01 
1.169298e+01 
1.169298e+01 
1.169298e+01 
1.169298e+01 
1.169298e+01 
1.169298e+01 
1.169298e+01 
1.169298e+01 
1.169298e+01 
1.169298e+01 
1.169298e+01 
1.169298e+01 
1.169298e+01 
1.169298e+01 
1.169298e+01 
1.169298e+01 
1.169298e+01 
1.169298e+01 
1.169298e+01 
1.169298e+01 
1.169298e+01 
1.169298e+01 
1.169298e+01 
1.169298e+01 
1.169298e+01 
1.169298e+01 
1.169298e+01 
1.169298e+01 
1.169298e+01 
1.169298e+01 
1.169298e+01 
1.169298e+01 
1.169298e+01 
1.169298e+01 
1.169298e+01 
1.169298e+01 
1.169298e+01 
1.169298e+01 
1.169298e+01 
1.169298e+01 
1.169298e+01 
1.169298e+01 
1.169298e+01 
1.169298e+01 
1.169298e+01 
1.169298e+01 
1.169298e+01 
1.169298e+01 
1.169298e+01 
1.169298e+01 
1.169298e+01 
1.169298e+01 
1.169298e+01 
1.169298e+01 
1.169298e+01 
1.169298e+01 
1.169298e+01 
1.169298e+01 
1.169298e+01 
1.169298e+01 
1.169298e+01 
1.169298e+01 
1.169298e+01 
1.169298e+01 
1.169298e+01 
1.169298e+01 
1.169298e+01 
1.169298e+01 
1.169298e+01 
1.169298e+01 
1.169298e+01 
1.169298e+01 
1.169298e+01 
1.169298e+01 
1.169298e+01 
1.169298e+01 
1.169298e+01 
1.169298e+01 
1.169298e+01 
1.169298e+01 
1.169298e+01 
1.169298e+01 
1.169298e+01 
1.169298e+01 
1.169298e+01 
1.169298e+01 
1.169298e+01 
1.169298e+01 
1.169298e+01 
1.169298e+01 
1.169298e+01 
1.169298e+01 
1.169298e+01 
1.169298e+01 
1.169298e+01 
1.169298e+01 
1.169298e+01 
1.169298e+01 
1.169298e+01 
1.169298e+01 
1.169298e+01 
1.169298e+01 
1.169298e+01 
1.169298e+01 
1.169298e+01 
1.169298e+01 
1.169298e+01 
1.169298e+01 
1.169298e+01 
1.169298e+01 
1.169298e+01 
1.169298e+01 
1.169298e+01 
1.169298e+01 
1.169298e+01 
1.169298e+01 
1.169298e+01 
1.169298e+01 
1.169298e+01 
1.169298e+01 
1.169298e+01 
1.169298e+01 
1.169298e+01 
1.169298e+01 
1.169298e+01 
1.169298e+01 
1.169298e+01 
1.169298e+01 
1.169298e+01 
1.169298e+01 
1.169298e+01 
1.169298e+01 
1.169298e+01 
1.169298e+01 
1.169298e+01 
1.169298e+01 
1.169298e+01 
1.169298e+01 
1.169298e+01 
1.169298e+01 
1.169298e+01 
1.169298e+01 
1.169298e+01 
1.169298e+01 
1.169298e+01 
1.169298e+01 
1.169298e+01 
1.169298e+01 
1.169298e+01 
1.169298e+01 
1.169298e+01 
1.169298e+01 
1.169298e+01 
1.169298e+01 
1.169298e+01 
1.169298e+01 
1.169298e+01 
1.169298e+01 
1.169298e+01 
1.169298e+01 
1.169298e+01 
1.169298e+01 
1.169298e+01 
1.169298e+01 
1.169298e+01 
1.169298e+01 
1.169298e+01 
1.169298e+01 
1.169298e+01 
1.169298e+01 
1.169298e+01 
1.169298e+01 
1.169298e+01 
1.169298e+01 
1.169298e+01 
1.169298e+01 
1.169298e+01 
1.169298e+01 
1.169298e+01 
1.169298e+01 
1.169298e+01 
1.169298e+01 
1.169298e+01 
1.169298e+01 
1.169298e+01 
1.169298e+01 
1.169298e+01 
1.169298e+01 
1.169298e+01 
1.169298e+01 
1.169298e+01 
1.169298e+01 
1.169298e+01 
1.169298e+01 
1.169298e+01 
1.169298e+01 
1.169298e+01 
1.169298e+01 
1.169298e+01 
1.169298e+01 
1.169298e+01 
1.169298e+01 
1.169298e+01 
1.169298e+01 
1.169298e+01 
1.169298e+01 
1.169298e+01 
1.169298e+01 
1.169298e+01 
1.169298e+01 
1.169298e+01 
1.169298e+01 
1.169298e+01 
1.169298e+01 
1.169298e+01 
1.169298e+01 
1.169298e+01 
1.169298e+01 
1.169298e+01 
1.169298e+01 
1.169298e+01 
1.169298e+01 
1.169298e+01 
1.169298e+01 
1.169298e+01 
1.169298e+01 
1.169298e+01 
1.169298e+01 
1.169298e+01 
1.169298e+01 
1.169298e+01 
1.169298e+01 
1.169298e+01 
1.169298e+01 
1.169298e+01 
1.169298e+01 
1.169298e+01 
1.169298e+01 
1.169298e+01 
1.169298e+01 
1.169298e+01 
1.169298e+01 
1.169298e+01 
1.169298e+01 
1.169298e+01 
1.169298e+01 
1.169298e+01 
1.169298e+01 
1.169298e+01 
1.169298e+01 
1.169298e+01 
1.169298e+01 
1.169298e+01 
1.169298e+01 
1.169298e+01 
1.169298e+01 
1.169298e+01 
1.169298e+01 
1.169298e+01 
1.169298e+01 
1.169298e+01 
1.169298e+01 
1.169298e+01 
1.169298e+01 
1.169298e+01 
1.169298e+01 
1.169298e+01 
1.169298e+01 
1.169298e+01 
1.169298e+01 
1.169298e+01 
1.169298e+01 
1.169298e+01 
1.169298e+01 
1.169298e+01 
1.169298e+01 
1.169298e+01 
1.169298e+01 
1.169298e+01 
1.169298e+01 
1.169298e+01 
1.169298e+01 
1.169298e+01 
1.169298e+01 
1.169298e+01 
1.169298e+01 
1.169298e+01 
1.169298e+01 
1.169298e+01 
1.169298e+01 
1.169298e+01 
1.169298e+01 
1.169298e+01 
1.169298e+01 
1.169298e+01 
1.169298e+01 
1.169298e+01 
1.169298e+01 
1.169298e+01 
1.169298e+01 
1.169298e+01 
1.169298e+01 
1.169298e+01 
1.169298e+01 
1.169298e+01 
1.169298e+01 
1.169298e+01 
1.169298e+01 
1.169298e+01 
1.169298e+01 
1.169298e+01 
1.169298e+01 
1.169298e+01 
1.169298e+01 
1.169298e+01 
1.169298e+01 
1.169298e+01 
1.169298e+01 
1.169298e+01 
1.169298e+01 
1.169298e+01 
1.169298e+01 
1.169298e+01 
1.169298e+01 
1.169298e+01 
1.169298e+01 
1.169298e+01 
1.169298e+01 
1.169298e+01 
1.169298e+01 
1.169298e+01 
1.169298e+01 
1.169298e+01 
1.169298e+01 
1.169298e+01 
1.169298e+01 
1.169298e+01 
1.169298e+01 
1.169298e+01 
1.169298e+01 
1.169298e+01 
1.169298e+01 
