6.972848e+03 
1.497572e+02 
1.497572e+02 
1.497572e+02 
1.210922e+02 
1.210922e+02 
1.210922e+02 
1.210922e+02 
1.210922e+02 
1.210922e+02 
1.210922e+02 
7.361701e+01 
6.493505e+01 
6.493505e+01 
6.493505e+01 
6.493505e+01 
3.282680e+01 
3.282680e+01 
3.282680e+01 
3.282680e+01 
3.242419e+01 
2.319432e+01 
2.319432e+01 
2.319432e+01 
2.319432e+01 
1.681680e+01 
1.681680e+01 
1.675658e+01 
1.675658e+01 
1.477227e+01 
1.477227e+01 
1.477227e+01 
1.477227e+01 
1.199139e+01 
1.199139e+01 
1.199139e+01 
1.199139e+01 
1.099738e+01 
1.099738e+01 
1.099738e+01 
1.099738e+01 
1.099738e+01 
1.099738e+01 
1.099738e+01 
1.099738e+01 
1.099738e+01 
1.099738e+01 
1.099738e+01 
1.099738e+01 
1.099738e+01 
1.099738e+01 
1.099738e+01 
1.011389e+01 
1.011389e+01 
1.011389e+01 
1.011389e+01 
1.011389e+01 
1.011389e+01 
1.011389e+01 
1.011389e+01 
1.011389e+01 
1.011389e+01 
1.011389e+01 
1.011389e+01 
1.011389e+01 
1.011389e+01 
1.011389e+01 
1.011389e+01 
1.011389e+01 
1.011389e+01 
1.011389e+01 
1.011389e+01 
1.011389e+01 
6.259455e+00 
6.259455e+00 
6.259455e+00 
6.259455e+00 
6.259455e+00 
6.259455e+00 
6.259455e+00 
6.259455e+00 
6.259455e+00 
6.259455e+00 
6.259455e+00 
6.259455e+00 
6.259455e+00 
6.259455e+00 
6.259455e+00 
6.259455e+00 
6.259455e+00 
6.259455e+00 
6.259455e+00 
6.259455e+00 
6.259455e+00 
6.259455e+00 
6.259455e+00 
6.259455e+00 
6.259455e+00 
6.259455e+00 
6.259455e+00 
6.259455e+00 
6.259455e+00 
6.259455e+00 
6.259455e+00 
6.259455e+00 
6.259455e+00 
6.259455e+00 
6.259455e+00 
6.259455e+00 
6.259455e+00 
6.259455e+00 
6.259455e+00 
6.259455e+00 
6.259455e+00 
6.259455e+00 
6.259455e+00 
6.259455e+00 
6.259455e+00 
6.259455e+00 
6.259455e+00 
6.259455e+00 
6.259455e+00 
6.259455e+00 
6.259455e+00 
6.259455e+00 
6.259455e+00 
6.259455e+00 
6.259455e+00 
6.259455e+00 
6.259455e+00 
6.259455e+00 
6.259455e+00 
6.259455e+00 
6.259455e+00 
6.259455e+00 
6.259455e+00 
6.259455e+00 
6.259455e+00 
6.259455e+00 
6.259455e+00 
6.259455e+00 
6.259455e+00 
6.259455e+00 
6.259455e+00 
6.259455e+00 
6.259455e+00 
6.259455e+00 
6.259455e+00 
6.259455e+00 
6.259455e+00 
6.259455e+00 
6.259455e+00 
6.259455e+00 
6.259455e+00 
6.259455e+00 
6.259455e+00 
6.259455e+00 
6.259455e+00 
6.259455e+00 
6.259455e+00 
6.259455e+00 
6.259455e+00 
6.259455e+00 
6.259455e+00 
6.259455e+00 
6.259455e+00 
6.259455e+00 
6.259455e+00 
6.259455e+00 
6.259455e+00 
6.259455e+00 
6.259455e+00 
6.259455e+00 
6.259455e+00 
6.259455e+00 
6.259455e+00 
6.259455e+00 
6.259455e+00 
6.259455e+00 
6.259455e+00 
6.259455e+00 
6.259455e+00 
6.259455e+00 
6.259455e+00 
6.259455e+00 
6.259455e+00 
6.259455e+00 
6.259455e+00 
6.259455e+00 
6.259455e+00 
6.259455e+00 
6.259455e+00 
6.259455e+00 
6.259455e+00 
6.259455e+00 
6.259455e+00 
6.259455e+00 
6.259455e+00 
6.259455e+00 
6.259455e+00 
6.204820e+00 
6.204820e+00 
6.204820e+00 
6.204820e+00 
6.204820e+00 
6.204820e+00 
6.204820e+00 
6.204820e+00 
6.204820e+00 
6.204820e+00 
6.204820e+00 
6.204820e+00 
6.204820e+00 
6.204820e+00 
6.204820e+00 
6.204820e+00 
6.204820e+00 
6.204820e+00 
6.204820e+00 
6.204820e+00 
6.204820e+00 
6.204820e+00 
6.204820e+00 
6.204820e+00 
6.204820e+00 
6.204820e+00 
6.204820e+00 
6.204820e+00 
6.204820e+00 
6.204820e+00 
6.204820e+00 
6.204820e+00 
6.204820e+00 
6.204820e+00 
6.204820e+00 
6.204820e+00 
6.204820e+00 
6.204820e+00 
6.204820e+00 
6.204820e+00 
6.204820e+00 
6.204820e+00 
6.204820e+00 
6.204820e+00 
6.204820e+00 
6.204820e+00 
6.204820e+00 
6.204820e+00 
6.204820e+00 
6.204820e+00 
6.204820e+00 
6.204820e+00 
6.204820e+00 
6.204820e+00 
6.204820e+00 
6.204820e+00 
6.204820e+00 
6.204820e+00 
6.204820e+00 
6.204820e+00 
6.204820e+00 
6.204820e+00 
6.204820e+00 
6.204820e+00 
6.204820e+00 
6.204820e+00 
6.204820e+00 
6.204820e+00 
6.204820e+00 
6.204820e+00 
6.204820e+00 
6.204820e+00 
6.204820e+00 
6.204820e+00 
6.204820e+00 
6.204820e+00 
6.204820e+00 
6.204820e+00 
6.204820e+00 
6.204820e+00 
6.204820e+00 
6.204820e+00 
6.204820e+00 
6.204820e+00 
6.204820e+00 
6.204820e+00 
6.204820e+00 
6.204820e+00 
6.204820e+00 
6.204820e+00 
6.204820e+00 
6.204820e+00 
6.204820e+00 
6.204820e+00 
6.204820e+00 
6.204820e+00 
6.204820e+00 
6.204820e+00 
6.204820e+00 
6.204820e+00 
6.204820e+00 
6.204820e+00 
6.204820e+00 
6.204820e+00 
6.204820e+00 
6.204820e+00 
6.204820e+00 
6.204820e+00 
6.204820e+00 
6.204820e+00 
6.204820e+00 
6.204820e+00 
6.204820e+00 
6.204820e+00 
6.204820e+00 
6.204820e+00 
6.204820e+00 
6.204820e+00 
6.204820e+00 
6.204820e+00 
6.204820e+00 
6.204820e+00 
6.204820e+00 
6.204820e+00 
6.204820e+00 
6.204820e+00 
6.204820e+00 
6.204820e+00 
6.204820e+00 
6.204820e+00 
6.204820e+00 
6.204820e+00 
6.204820e+00 
6.204820e+00 
6.204820e+00 
6.204820e+00 
6.204820e+00 
6.204820e+00 
6.204820e+00 
6.204820e+00 
6.204820e+00 
6.204820e+00 
6.204820e+00 
6.204820e+00 
6.204820e+00 
6.204820e+00 
6.204820e+00 
6.204820e+00 
6.204820e+00 
6.204820e+00 
6.204820e+00 
6.204820e+00 
6.204820e+00 
6.204820e+00 
6.204820e+00 
6.204820e+00 
5.914832e+00 
5.914832e+00 
5.914832e+00 
5.914832e+00 
5.914832e+00 
5.914832e+00 
5.914832e+00 
5.914832e+00 
5.914832e+00 
5.914832e+00 
5.914832e+00 
5.914832e+00 
5.914832e+00 
5.914832e+00 
5.914832e+00 
5.914832e+00 
5.914832e+00 
5.914832e+00 
5.914832e+00 
5.914832e+00 
5.914832e+00 
5.914832e+00 
5.914832e+00 
5.914832e+00 
5.914832e+00 
5.914832e+00 
5.914832e+00 
5.914832e+00 
5.914832e+00 
5.914832e+00 
5.914832e+00 
5.914832e+00 
5.914832e+00 
5.914832e+00 
5.914832e+00 
5.914832e+00 
5.914832e+00 
5.914832e+00 
5.914832e+00 
5.914832e+00 
5.914832e+00 
5.914832e+00 
5.914832e+00 
5.914832e+00 
5.914832e+00 
5.914832e+00 
5.914832e+00 
5.914832e+00 
5.914832e+00 
5.914832e+00 
5.914832e+00 
5.914832e+00 
5.914832e+00 
5.914832e+00 
5.914832e+00 
5.914832e+00 
5.914832e+00 
5.914832e+00 
5.914832e+00 
5.914832e+00 
5.914832e+00 
5.914832e+00 
5.914832e+00 
5.914832e+00 
5.914832e+00 
5.914832e+00 
5.914832e+00 
5.914832e+00 
5.914832e+00 
5.914832e+00 
5.914832e+00 
5.914832e+00 
5.914832e+00 
5.914832e+00 
5.914832e+00 
5.914832e+00 
5.914832e+00 
5.914832e+00 
5.914832e+00 
5.914832e+00 
5.914832e+00 
5.914832e+00 
5.914832e+00 
5.914832e+00 
5.914832e+00 
5.914832e+00 
5.914832e+00 
5.914832e+00 
5.914832e+00 
5.914832e+00 
5.914832e+00 
5.914832e+00 
5.914832e+00 
5.914832e+00 
5.914832e+00 
5.914832e+00 
5.914832e+00 
5.914832e+00 
5.914832e+00 
5.914832e+00 
5.914832e+00 
5.914832e+00 
5.914832e+00 
5.914832e+00 
5.914832e+00 
5.914832e+00 
5.914832e+00 
5.914832e+00 
5.914832e+00 
5.914832e+00 
5.914832e+00 
5.914832e+00 
5.914832e+00 
5.914832e+00 
5.914832e+00 
5.914832e+00 
5.914832e+00 
5.914832e+00 
5.914832e+00 
5.914832e+00 
5.914832e+00 
5.914832e+00 
5.914832e+00 
5.914832e+00 
5.914832e+00 
5.914832e+00 
5.914832e+00 
5.914832e+00 
5.914832e+00 
5.914832e+00 
5.914832e+00 
5.914832e+00 
5.914832e+00 
5.914832e+00 
5.914832e+00 
5.914832e+00 
5.914832e+00 
5.914832e+00 
5.914832e+00 
5.914832e+00 
5.914832e+00 
5.914832e+00 
5.914832e+00 
5.914832e+00 
5.914832e+00 
5.914832e+00 
5.914832e+00 
5.914832e+00 
5.914832e+00 
5.914832e+00 
5.914832e+00 
5.914832e+00 
5.914832e+00 
5.914832e+00 
5.914832e+00 
5.914832e+00 
5.914832e+00 
5.914832e+00 
5.914832e+00 
5.914832e+00 
5.914832e+00 
5.914832e+00 
5.914832e+00 
5.914832e+00 
5.914832e+00 
5.914832e+00 
5.914832e+00 
5.914832e+00 
5.914832e+00 
5.914832e+00 
5.914832e+00 
5.914832e+00 
5.914832e+00 
5.914832e+00 
5.914832e+00 
5.914832e+00 
5.914832e+00 
5.914832e+00 
5.914832e+00 
5.914832e+00 
5.914832e+00 
5.914832e+00 
5.914832e+00 
5.914832e+00 
5.914832e+00 
5.914832e+00 
5.914832e+00 
5.914832e+00 
5.914832e+00 
5.914832e+00 
5.914832e+00 
5.914832e+00 
5.914832e+00 
5.914832e+00 
5.914832e+00 
5.914832e+00 
5.914832e+00 
5.914832e+00 
5.914832e+00 
5.914832e+00 
5.914832e+00 
5.914832e+00 
5.914832e+00 
5.914832e+00 
5.914832e+00 
5.914832e+00 
5.914832e+00 
5.914832e+00 
5.914832e+00 
5.914832e+00 
5.914832e+00 
5.914832e+00 
5.914832e+00 
5.914832e+00 
5.914832e+00 
5.914832e+00 
5.914832e+00 
5.914832e+00 
5.914832e+00 
5.914832e+00 
5.914832e+00 
5.914832e+00 
5.914832e+00 
5.914832e+00 
5.914832e+00 
5.914832e+00 
5.914832e+00 
5.914832e+00 
5.914832e+00 
5.914832e+00 
5.914832e+00 
5.914832e+00 
5.914832e+00 
5.914832e+00 
5.914832e+00 
5.914832e+00 
5.914832e+00 
5.914832e+00 
5.914832e+00 
5.914832e+00 
5.914832e+00 
5.914832e+00 
5.914832e+00 
5.914832e+00 
5.914832e+00 
5.914832e+00 
5.914832e+00 
5.914832e+00 
5.914832e+00 
5.914832e+00 
5.914832e+00 
5.914832e+00 
5.914832e+00 
5.914832e+00 
5.914832e+00 
5.914832e+00 
5.914832e+00 
5.914832e+00 
5.914832e+00 
5.914832e+00 
5.914832e+00 
5.914832e+00 
5.914832e+00 
5.914832e+00 
5.914832e+00 
5.914832e+00 
5.914832e+00 
5.914832e+00 
5.914832e+00 
5.914832e+00 
5.914832e+00 
5.914832e+00 
5.914832e+00 
5.914832e+00 
5.914832e+00 
5.914832e+00 
5.914832e+00 
5.914832e+00 
5.914832e+00 
5.914832e+00 
5.914832e+00 
5.914832e+00 
5.914832e+00 
5.914832e+00 
5.914832e+00 
5.914832e+00 
5.914832e+00 
5.914832e+00 
5.914832e+00 
5.914832e+00 
5.914832e+00 
5.914832e+00 
5.914832e+00 
5.914832e+00 
5.914832e+00 
5.914832e+00 
5.914832e+00 
5.914832e+00 
5.914832e+00 
5.914832e+00 
5.914832e+00 
5.914832e+00 
5.914832e+00 
5.914832e+00 
5.914832e+00 
5.914832e+00 
5.914832e+00 
5.914832e+00 
5.914832e+00 
5.914832e+00 
5.914832e+00 
5.914832e+00 
5.914832e+00 
5.914832e+00 
5.914832e+00 
5.914832e+00 
5.914832e+00 
5.914832e+00 
5.914832e+00 
5.914832e+00 
5.914832e+00 
5.914832e+00 
5.914832e+00 
5.914832e+00 
5.914832e+00 
5.914832e+00 
5.914832e+00 
5.914832e+00 
5.914832e+00 
5.914832e+00 
5.914832e+00 
5.914832e+00 
5.914832e+00 
5.914832e+00 
5.914832e+00 
5.914832e+00 
5.914832e+00 
5.914832e+00 
5.914832e+00 
5.914832e+00 
5.914832e+00 
5.914832e+00 
5.914832e+00 
5.914832e+00 
5.914832e+00 
5.914832e+00 
5.914832e+00 
5.914832e+00 
5.914832e+00 
5.914832e+00 
5.914832e+00 
5.914832e+00 
5.914832e+00 
5.914832e+00 
5.914832e+00 
5.914832e+00 
5.914832e+00 
5.914832e+00 
5.914832e+00 
5.914832e+00 
5.914832e+00 
5.914832e+00 
5.914832e+00 
5.914832e+00 
5.914832e+00 
5.914832e+00 
5.914832e+00 
5.914832e+00 
5.914832e+00 
5.914832e+00 
5.914832e+00 
5.914832e+00 
5.914832e+00 
5.914832e+00 
5.914832e+00 
5.914832e+00 
5.914832e+00 
5.914832e+00 
5.914832e+00 
5.914832e+00 
5.914832e+00 
5.914832e+00 
5.914832e+00 
5.914832e+00 
5.914832e+00 
5.914832e+00 
5.914832e+00 
5.914832e+00 
5.914832e+00 
5.914832e+00 
5.914832e+00 
5.914832e+00 
5.914832e+00 
5.914832e+00 
5.914832e+00 
3.557594e+00 
3.557594e+00 
3.557594e+00 
3.557594e+00 
3.557594e+00 
3.557594e+00 
3.557594e+00 
3.557594e+00 
3.557594e+00 
3.557594e+00 
3.557594e+00 
3.557594e+00 
3.557594e+00 
3.557594e+00 
3.557594e+00 
3.557594e+00 
3.557594e+00 
3.557594e+00 
3.557594e+00 
3.557594e+00 
3.557594e+00 
3.557594e+00 
3.557594e+00 
3.557594e+00 
3.557594e+00 
3.557594e+00 
3.557594e+00 
3.557594e+00 
3.557594e+00 
3.557594e+00 
3.557594e+00 
3.557594e+00 
3.557594e+00 
3.557594e+00 
3.557594e+00 
3.557594e+00 
3.557594e+00 
3.557594e+00 
3.557594e+00 
3.557594e+00 
3.557594e+00 
3.557594e+00 
3.557594e+00 
3.557594e+00 
3.557594e+00 
3.557594e+00 
3.557594e+00 
3.557594e+00 
3.557594e+00 
3.557594e+00 
3.557594e+00 
3.557594e+00 
3.557594e+00 
3.557594e+00 
3.557594e+00 
3.557594e+00 
3.557594e+00 
3.557594e+00 
3.557594e+00 
3.557594e+00 
3.557594e+00 
3.557594e+00 
3.557594e+00 
3.557594e+00 
3.557594e+00 
3.557594e+00 
3.557594e+00 
3.557594e+00 
3.557594e+00 
3.557594e+00 
3.557594e+00 
3.557594e+00 
3.557594e+00 
3.557594e+00 
3.557594e+00 
3.557594e+00 
3.557594e+00 
3.557594e+00 
3.557594e+00 
3.557594e+00 
3.557594e+00 
3.557594e+00 
3.557594e+00 
3.557594e+00 
3.557594e+00 
3.557594e+00 
3.557594e+00 
3.557594e+00 
3.557594e+00 
3.557594e+00 
3.557594e+00 
3.557594e+00 
3.557594e+00 
3.557594e+00 
3.557594e+00 
3.557594e+00 
3.557594e+00 
3.557594e+00 
3.557594e+00 
3.557594e+00 
3.557594e+00 
3.557594e+00 
3.557594e+00 
3.557594e+00 
3.557594e+00 
3.557594e+00 
3.557594e+00 
3.557594e+00 
3.557594e+00 
3.557594e+00 
3.557594e+00 
3.557594e+00 
3.557594e+00 
3.557594e+00 
3.557594e+00 
3.557594e+00 
3.557594e+00 
3.557594e+00 
3.557594e+00 
3.557594e+00 
3.557594e+00 
3.557594e+00 
3.557594e+00 
3.557594e+00 
3.557594e+00 
3.557594e+00 
3.557594e+00 
3.557594e+00 
3.557594e+00 
3.557594e+00 
3.557594e+00 
3.557594e+00 
3.557594e+00 
3.557594e+00 
3.557594e+00 
3.557594e+00 
3.557594e+00 
3.557594e+00 
3.557594e+00 
3.557594e+00 
3.557594e+00 
3.557594e+00 
3.557594e+00 
3.557594e+00 
3.557594e+00 
3.557594e+00 
3.557594e+00 
3.557594e+00 
3.557594e+00 
3.557594e+00 
3.557594e+00 
3.557594e+00 
3.557594e+00 
3.557594e+00 
3.557594e+00 
3.557594e+00 
3.557594e+00 
3.557594e+00 
3.557594e+00 
3.557594e+00 
3.557594e+00 
3.557594e+00 
3.557594e+00 
3.557594e+00 
3.557594e+00 
3.557594e+00 
3.557594e+00 
3.557594e+00 
3.557594e+00 
3.557594e+00 
3.557594e+00 
3.557594e+00 
3.557594e+00 
3.557594e+00 
3.557594e+00 
3.557594e+00 
3.557594e+00 
3.557594e+00 
3.557594e+00 
3.557594e+00 
3.557594e+00 
3.557594e+00 
3.557594e+00 
3.557594e+00 
3.557594e+00 
3.557594e+00 
3.557594e+00 
3.557594e+00 
3.557594e+00 
3.557594e+00 
3.557594e+00 
3.557594e+00 
3.557594e+00 
3.557594e+00 
3.557594e+00 
3.557594e+00 
3.557594e+00 
3.557594e+00 
3.557594e+00 
3.557594e+00 
3.557594e+00 
3.557594e+00 
3.557594e+00 
3.557594e+00 
3.557594e+00 
3.557594e+00 
3.557594e+00 
3.557594e+00 
3.557594e+00 
3.557594e+00 
3.557594e+00 
3.557594e+00 
3.557594e+00 
3.557594e+00 
3.557594e+00 
3.557594e+00 
3.557594e+00 
3.557594e+00 
3.557594e+00 
3.557594e+00 
3.557594e+00 
3.557594e+00 
3.557594e+00 
3.557594e+00 
3.557594e+00 
3.557594e+00 
3.557594e+00 
3.557594e+00 
3.557594e+00 
3.557594e+00 
3.557594e+00 
3.557594e+00 
3.557594e+00 
3.557594e+00 
3.557594e+00 
3.557594e+00 
3.557594e+00 
3.557594e+00 
3.557594e+00 
3.557594e+00 
3.557594e+00 
3.557594e+00 
3.557594e+00 
3.557594e+00 
3.557594e+00 
3.557594e+00 
3.557594e+00 
3.557594e+00 
3.557594e+00 
3.557594e+00 
3.557594e+00 
3.557594e+00 
3.557594e+00 
3.557594e+00 
3.557594e+00 
3.557594e+00 
3.557594e+00 
3.557594e+00 
3.557594e+00 
3.557594e+00 
3.557594e+00 
3.557594e+00 
3.557594e+00 
3.557594e+00 
3.557594e+00 
3.557594e+00 
3.557594e+00 
3.557594e+00 
3.557594e+00 
3.557594e+00 
3.557594e+00 
3.557594e+00 
3.557594e+00 
3.557594e+00 
3.557594e+00 
3.557594e+00 
3.557594e+00 
3.557594e+00 
3.557594e+00 
3.557594e+00 
3.557594e+00 
3.557594e+00 
3.557594e+00 
3.557594e+00 
3.557594e+00 
3.557594e+00 
3.557594e+00 
3.557594e+00 
3.557594e+00 
3.557594e+00 
3.557594e+00 
3.557594e+00 
3.557594e+00 
3.557594e+00 
3.557594e+00 
3.557594e+00 
3.557594e+00 
3.557594e+00 
3.557594e+00 
3.557594e+00 
3.557594e+00 
3.557594e+00 
3.557594e+00 
3.557594e+00 
3.557594e+00 
3.557594e+00 
3.557594e+00 
3.557594e+00 
3.557594e+00 
3.557594e+00 
3.557594e+00 
3.557594e+00 
3.557594e+00 
3.557594e+00 
3.557594e+00 
3.557594e+00 
3.557594e+00 
3.557594e+00 
3.557594e+00 
3.557594e+00 
3.557594e+00 
3.557594e+00 
3.557594e+00 
3.557594e+00 
3.557594e+00 
3.557594e+00 
3.557594e+00 
3.557594e+00 
3.557594e+00 
3.557594e+00 
3.557594e+00 
3.557594e+00 
3.557594e+00 
3.557594e+00 
3.557594e+00 
3.557594e+00 
3.557594e+00 
3.557594e+00 
3.557594e+00 
3.557594e+00 
3.557594e+00 
3.557594e+00 
3.557594e+00 
3.557594e+00 
3.557594e+00 
3.557594e+00 
3.557594e+00 
3.557594e+00 
3.557594e+00 
3.557594e+00 
3.557594e+00 
3.557594e+00 
3.557594e+00 
3.557594e+00 
3.557594e+00 
3.557594e+00 
3.557594e+00 
3.557594e+00 
3.557594e+00 
3.557594e+00 
3.557594e+00 
3.557594e+00 
3.557594e+00 
3.557594e+00 
3.557594e+00 
3.557594e+00 
3.557594e+00 
3.557594e+00 
3.557594e+00 
3.557594e+00 
3.557594e+00 
3.557594e+00 
3.557594e+00 
3.557594e+00 
3.557594e+00 
3.557594e+00 
3.557594e+00 
3.557594e+00 
3.557594e+00 
3.557594e+00 
3.557594e+00 
3.557594e+00 
3.557594e+00 
3.557594e+00 
3.557594e+00 
3.557594e+00 
3.557594e+00 
3.557594e+00 
3.557594e+00 
3.557594e+00 
3.557594e+00 
3.557594e+00 
3.557594e+00 
3.557594e+00 
3.557594e+00 
3.557594e+00 
3.557594e+00 
3.557594e+00 
3.557594e+00 
3.557594e+00 
3.557594e+00 
3.557594e+00 
3.557594e+00 
3.557594e+00 
3.557594e+00 
3.557594e+00 
3.557594e+00 
3.557594e+00 
3.557594e+00 
3.557594e+00 
3.557594e+00 
3.557594e+00 
3.557594e+00 
3.557594e+00 
3.557594e+00 
3.557594e+00 
3.557594e+00 
3.557594e+00 
3.557594e+00 
3.557594e+00 
3.557594e+00 
3.557594e+00 
3.557594e+00 
3.557594e+00 
3.557594e+00 
3.557594e+00 
3.557594e+00 
3.557594e+00 
3.557594e+00 
3.557594e+00 
3.557594e+00 
3.557594e+00 
3.557594e+00 
3.557594e+00 
3.557594e+00 
3.557594e+00 
3.557594e+00 
3.557594e+00 
3.557594e+00 
3.557594e+00 
3.557594e+00 
3.557594e+00 
3.557594e+00 
3.557594e+00 
3.557594e+00 
3.557594e+00 
3.557594e+00 
3.557594e+00 
3.557594e+00 
3.557594e+00 
3.557594e+00 
3.557594e+00 
3.557594e+00 
3.557594e+00 
3.557594e+00 
3.557594e+00 
3.557594e+00 
3.557594e+00 
3.557594e+00 
3.557594e+00 
3.557594e+00 
3.557594e+00 
3.557594e+00 
3.557594e+00 
3.557594e+00 
3.557594e+00 
3.557594e+00 
3.557594e+00 
3.557594e+00 
3.557594e+00 
3.557594e+00 
3.557594e+00 
3.557594e+00 
3.557594e+00 
3.557594e+00 
3.557594e+00 
3.557594e+00 
3.557594e+00 
3.557594e+00 
3.557594e+00 
3.557594e+00 
3.557594e+00 
3.557594e+00 
3.557594e+00 
3.557594e+00 
3.557594e+00 
3.557594e+00 
3.557594e+00 
3.557594e+00 
3.557594e+00 
3.557594e+00 
3.557594e+00 
3.557594e+00 
3.557594e+00 
3.557594e+00 
3.557594e+00 
3.557594e+00 
3.557594e+00 
3.557594e+00 
3.557594e+00 
3.557594e+00 
3.557594e+00 
3.557594e+00 
3.557594e+00 
3.557594e+00 
3.557594e+00 
3.557594e+00 
3.557594e+00 
3.557594e+00 
3.557594e+00 
3.557594e+00 
3.557594e+00 
3.557594e+00 
3.557594e+00 
3.557594e+00 
3.557594e+00 
3.557594e+00 
3.557594e+00 
3.557594e+00 
3.557594e+00 
3.557594e+00 
3.557594e+00 
3.557594e+00 
3.557594e+00 
3.557594e+00 
3.557594e+00 
3.557594e+00 
3.557594e+00 
3.557594e+00 
3.557594e+00 
3.557594e+00 
3.557594e+00 
3.557594e+00 
3.557594e+00 
3.557594e+00 
3.557594e+00 
3.557594e+00 
3.557594e+00 
3.557594e+00 
3.557594e+00 
3.557594e+00 
3.557594e+00 
3.557594e+00 
3.557594e+00 
3.557594e+00 
3.557594e+00 
3.557594e+00 
3.557594e+00 
3.557594e+00 
3.557594e+00 
3.557594e+00 
3.557594e+00 
3.557594e+00 
3.557594e+00 
3.557594e+00 
3.557594e+00 
3.557594e+00 
3.557594e+00 
3.557594e+00 
3.557594e+00 
3.557594e+00 
3.557594e+00 
3.557594e+00 
3.557594e+00 
3.557594e+00 
3.557594e+00 
3.557594e+00 
3.557594e+00 
3.557594e+00 
3.557594e+00 
3.557594e+00 
3.557594e+00 
3.557594e+00 
3.557594e+00 
3.557594e+00 
3.557594e+00 
3.557594e+00 
3.557594e+00 
3.557594e+00 
3.557594e+00 
3.557594e+00 
3.557594e+00 
3.557594e+00 
3.557594e+00 
3.557594e+00 
3.557594e+00 
3.557594e+00 
3.557594e+00 
3.557594e+00 
3.557594e+00 
3.557594e+00 
3.557594e+00 
3.557594e+00 
3.557594e+00 
3.557594e+00 
3.557594e+00 
3.557594e+00 
3.557594e+00 
3.557594e+00 
3.557594e+00 
3.557594e+00 
3.557594e+00 
3.557594e+00 
3.557594e+00 
3.557594e+00 
3.557594e+00 
3.557594e+00 
3.557594e+00 
3.557594e+00 
3.557594e+00 
3.557594e+00 
3.557594e+00 
3.557594e+00 
3.557594e+00 
3.557594e+00 
3.557594e+00 
3.557594e+00 
3.557594e+00 
3.557594e+00 
3.557594e+00 
3.557594e+00 
3.557594e+00 
3.557594e+00 
3.557594e+00 
3.557594e+00 
3.557594e+00 
3.557594e+00 
3.557594e+00 
3.557594e+00 
3.557594e+00 
3.557594e+00 
3.557594e+00 
3.557594e+00 
3.557594e+00 
3.557594e+00 
3.557594e+00 
3.557594e+00 
3.557594e+00 
3.557594e+00 
3.557594e+00 
3.557594e+00 
3.557594e+00 
3.557594e+00 
3.557594e+00 
3.557594e+00 
3.557594e+00 
3.557594e+00 
3.557594e+00 
3.557594e+00 
3.557594e+00 
3.557594e+00 
3.557594e+00 
3.557594e+00 
3.557594e+00 
3.557594e+00 
3.557594e+00 
3.557594e+00 
3.557594e+00 
3.557594e+00 
3.557594e+00 
3.557594e+00 
3.557594e+00 
3.557594e+00 
3.557594e+00 
3.557594e+00 
3.557594e+00 
3.557594e+00 
3.557594e+00 
3.557594e+00 
3.557594e+00 
3.557594e+00 
3.557594e+00 
3.557594e+00 
3.557594e+00 
3.557594e+00 
3.557594e+00 
3.557594e+00 
3.557594e+00 
3.557594e+00 
3.557594e+00 
3.557594e+00 
3.557594e+00 
3.557594e+00 
3.557594e+00 
3.557594e+00 
3.557594e+00 
3.557594e+00 
3.557594e+00 
3.557594e+00 
3.557594e+00 
3.557594e+00 
3.557594e+00 
3.557594e+00 
3.557594e+00 
3.557594e+00 
3.557594e+00 
3.557594e+00 
3.557594e+00 
3.557594e+00 
3.557594e+00 
3.557594e+00 
3.557594e+00 
3.557594e+00 
3.557594e+00 
3.557594e+00 
3.557594e+00 
3.557594e+00 
3.557594e+00 
3.557594e+00 
3.557594e+00 
3.557594e+00 
3.557594e+00 
3.557594e+00 
3.557594e+00 
3.557594e+00 
3.557594e+00 
3.557594e+00 
3.557594e+00 
3.557594e+00 
3.557594e+00 
3.557594e+00 
3.557594e+00 
3.557594e+00 
3.557594e+00 
3.557594e+00 
3.557594e+00 
3.557594e+00 
3.557594e+00 
3.557594e+00 
3.557594e+00 
3.557594e+00 
3.557594e+00 
3.557594e+00 
3.557594e+00 
3.557594e+00 
3.557594e+00 
3.557594e+00 
3.557594e+00 
3.557594e+00 
3.557594e+00 
3.557594e+00 
3.557594e+00 
3.557594e+00 
3.557594e+00 
3.557594e+00 
3.557594e+00 
3.557594e+00 
3.557594e+00 
3.557594e+00 
3.557594e+00 
3.557594e+00 
3.557594e+00 
3.557594e+00 
3.557594e+00 
3.557594e+00 
3.557594e+00 
3.557594e+00 
3.557594e+00 
3.557594e+00 
3.557594e+00 
3.557594e+00 
3.557594e+00 
3.557594e+00 
3.557594e+00 
3.557594e+00 
3.557594e+00 
3.557594e+00 
3.557594e+00 
3.557594e+00 
3.557594e+00 
3.557594e+00 
3.557594e+00 
3.557594e+00 
3.557594e+00 
3.557594e+00 
3.557594e+00 
3.557594e+00 
3.557594e+00 
3.557594e+00 
3.557594e+00 
3.557594e+00 
3.557594e+00 
3.557594e+00 
3.557594e+00 
3.557594e+00 
3.557594e+00 
3.557594e+00 
3.557594e+00 
3.557594e+00 
3.557594e+00 
3.557594e+00 
3.557594e+00 
3.557594e+00 
3.557594e+00 
3.557594e+00 
3.557594e+00 
3.557594e+00 
3.557594e+00 
3.557594e+00 
3.557594e+00 
3.557594e+00 
3.557594e+00 
3.557594e+00 
3.557594e+00 
3.557594e+00 
3.557594e+00 
3.557594e+00 
3.557594e+00 
3.557594e+00 
3.557594e+00 
3.557594e+00 
3.557594e+00 
3.557594e+00 
3.557594e+00 
3.557594e+00 
3.557594e+00 
3.557594e+00 
3.557594e+00 
3.557594e+00 
3.557594e+00 
3.557594e+00 
3.557594e+00 
3.557594e+00 
3.557594e+00 
3.557594e+00 
3.557594e+00 
3.557594e+00 
3.557594e+00 
3.557594e+00 
3.557594e+00 
3.557594e+00 
3.557594e+00 
3.557594e+00 
3.557594e+00 
3.557594e+00 
3.557594e+00 
3.557594e+00 
3.557594e+00 
3.557594e+00 
3.557594e+00 
3.557594e+00 
3.557594e+00 
3.557594e+00 
3.557594e+00 
3.557594e+00 
3.557594e+00 
3.557594e+00 
3.557594e+00 
3.557594e+00 
3.557594e+00 
3.557594e+00 
3.557594e+00 
3.557594e+00 
3.557594e+00 
3.557594e+00 
3.557594e+00 
3.557594e+00 
3.557594e+00 
3.557594e+00 
3.557594e+00 
3.557594e+00 
3.557594e+00 
3.557594e+00 
3.557594e+00 
3.557594e+00 
3.557594e+00 
3.557594e+00 
3.557594e+00 
3.557594e+00 
3.557594e+00 
3.557594e+00 
3.557594e+00 
3.557594e+00 
3.557594e+00 
3.557594e+00 
3.557594e+00 
3.557594e+00 
3.557594e+00 
3.557594e+00 
3.557594e+00 
3.557594e+00 
3.557594e+00 
3.557594e+00 
3.557594e+00 
3.557594e+00 
3.557594e+00 
3.557594e+00 
3.557594e+00 
3.557594e+00 
3.557594e+00 
3.557594e+00 
3.557594e+00 
3.557594e+00 
3.557594e+00 
3.557594e+00 
3.557594e+00 
3.557594e+00 
3.557594e+00 
3.557594e+00 
3.557594e+00 
3.557594e+00 
3.557594e+00 
3.557594e+00 
3.557594e+00 
3.557594e+00 
3.557594e+00 
3.557594e+00 
3.557594e+00 
3.557594e+00 
3.557594e+00 
3.557594e+00 
3.557594e+00 
3.557594e+00 
3.557594e+00 
3.557594e+00 
3.557594e+00 
3.402449e+00 
3.402449e+00 
3.402449e+00 
3.402449e+00 
3.402449e+00 
3.402449e+00 
3.402449e+00 
3.402449e+00 
3.402449e+00 
3.402449e+00 
3.402449e+00 
3.402449e+00 
3.402449e+00 
3.402449e+00 
3.402449e+00 
3.402449e+00 
3.402449e+00 
3.402449e+00 
3.402449e+00 
3.402449e+00 
3.402449e+00 
3.402449e+00 
3.402449e+00 
3.402449e+00 
3.402449e+00 
3.402449e+00 
3.402449e+00 
3.402449e+00 
3.402449e+00 
3.402449e+00 
3.402449e+00 
3.402449e+00 
3.402449e+00 
3.402449e+00 
3.402449e+00 
3.402449e+00 
3.402449e+00 
3.402449e+00 
3.402449e+00 
3.402449e+00 
3.402449e+00 
3.402449e+00 
3.402449e+00 
3.402449e+00 
3.402449e+00 
3.402449e+00 
3.402449e+00 
3.402449e+00 
3.402449e+00 
3.402449e+00 
3.402449e+00 
3.402449e+00 
3.402449e+00 
3.402449e+00 
3.402449e+00 
3.402449e+00 
3.402449e+00 
3.402449e+00 
3.402449e+00 
3.402449e+00 
3.402449e+00 
3.402449e+00 
3.402449e+00 
3.402449e+00 
3.402449e+00 
3.402449e+00 
3.402449e+00 
3.402449e+00 
3.402449e+00 
3.402449e+00 
3.402449e+00 
3.402449e+00 
3.402449e+00 
3.402449e+00 
3.402449e+00 
3.402449e+00 
3.402449e+00 
3.402449e+00 
3.402449e+00 
3.402449e+00 
3.402449e+00 
3.402449e+00 
3.402449e+00 
3.402449e+00 
3.402449e+00 
3.402449e+00 
3.402449e+00 
3.402449e+00 
3.402449e+00 
3.402449e+00 
3.402449e+00 
3.402449e+00 
3.402449e+00 
3.402449e+00 
3.402449e+00 
3.402449e+00 
3.402449e+00 
3.402449e+00 
3.402449e+00 
3.402449e+00 
3.402449e+00 
3.402449e+00 
3.402449e+00 
3.402449e+00 
3.402449e+00 
3.402449e+00 
3.402449e+00 
3.402449e+00 
3.402449e+00 
3.402449e+00 
3.402449e+00 
3.402449e+00 
3.402449e+00 
3.402449e+00 
3.402449e+00 
3.402449e+00 
3.402449e+00 
3.402449e+00 
3.402449e+00 
3.402449e+00 
3.402449e+00 
3.402449e+00 
3.402449e+00 
2.655669e+00 
2.655669e+00 
2.655669e+00 
2.655669e+00 
2.655669e+00 
2.655669e+00 
2.655669e+00 
2.655669e+00 
2.655669e+00 
2.655669e+00 
2.655669e+00 
2.655669e+00 
2.655669e+00 
2.655669e+00 
2.655669e+00 
2.655669e+00 
2.655669e+00 
2.655669e+00 
2.655669e+00 
2.655669e+00 
2.655669e+00 
2.655669e+00 
2.655669e+00 
2.655669e+00 
2.655669e+00 
2.655669e+00 
2.655669e+00 
2.655669e+00 
2.655669e+00 
2.655669e+00 
2.655669e+00 
2.655669e+00 
2.655669e+00 
2.655669e+00 
2.655669e+00 
2.655669e+00 
2.655669e+00 
2.655669e+00 
2.655669e+00 
2.655669e+00 
2.655669e+00 
2.655669e+00 
2.655669e+00 
2.655669e+00 
2.655669e+00 
2.655669e+00 
2.655669e+00 
2.655669e+00 
2.655669e+00 
2.655669e+00 
2.655669e+00 
2.655669e+00 
2.655669e+00 
2.655669e+00 
2.655669e+00 
2.655669e+00 
2.655669e+00 
2.655669e+00 
2.655669e+00 
2.655669e+00 
2.655669e+00 
2.655669e+00 
2.655669e+00 
2.655669e+00 
2.655669e+00 
2.655669e+00 
2.655669e+00 
2.655669e+00 
2.655669e+00 
2.655669e+00 
2.655669e+00 
2.655669e+00 
2.655669e+00 
2.655669e+00 
2.655669e+00 
2.655669e+00 
2.655669e+00 
2.655669e+00 
2.655669e+00 
2.655669e+00 
2.655669e+00 
2.655669e+00 
2.655669e+00 
2.655669e+00 
2.655669e+00 
2.655669e+00 
2.655669e+00 
2.655669e+00 
2.655669e+00 
2.655669e+00 
2.655669e+00 
2.655669e+00 
2.655669e+00 
2.655669e+00 
2.655669e+00 
2.655669e+00 
2.655669e+00 
2.655669e+00 
2.655669e+00 
2.655669e+00 
2.655669e+00 
2.655669e+00 
2.655669e+00 
2.655669e+00 
2.655669e+00 
2.655669e+00 
2.655669e+00 
2.655669e+00 
2.655669e+00 
2.655669e+00 
2.655669e+00 
2.655669e+00 
2.655669e+00 
2.655669e+00 
2.655669e+00 
2.655669e+00 
2.655669e+00 
2.655669e+00 
2.655669e+00 
2.655669e+00 
2.655669e+00 
2.655669e+00 
2.655669e+00 
2.655669e+00 
2.655669e+00 
2.655669e+00 
2.655669e+00 
2.655669e+00 
2.655669e+00 
2.655669e+00 
2.655669e+00 
2.655669e+00 
2.655669e+00 
2.655669e+00 
2.655669e+00 
2.655669e+00 
2.655669e+00 
2.655669e+00 
2.655669e+00 
2.655669e+00 
2.655669e+00 
2.655669e+00 
2.655669e+00 
2.655669e+00 
2.655669e+00 
2.655669e+00 
2.655669e+00 
2.655669e+00 
2.655669e+00 
2.655669e+00 
2.655669e+00 
2.655669e+00 
2.655669e+00 
2.655669e+00 
2.655669e+00 
2.655669e+00 
2.655669e+00 
2.655669e+00 
2.655669e+00 
2.655669e+00 
2.655669e+00 
2.655669e+00 
2.655669e+00 
2.655669e+00 
2.655669e+00 
2.655669e+00 
2.655669e+00 
2.655669e+00 
2.655669e+00 
2.655669e+00 
2.655669e+00 
2.655669e+00 
2.655669e+00 
2.655669e+00 
2.655669e+00 
2.655669e+00 
2.655669e+00 
2.655669e+00 
2.655669e+00 
2.655669e+00 
2.655669e+00 
2.655669e+00 
2.655669e+00 
2.655669e+00 
2.655669e+00 
2.655669e+00 
2.655669e+00 
2.655669e+00 
2.655669e+00 
2.655669e+00 
2.655669e+00 
2.655669e+00 
2.655669e+00 
2.655669e+00 
2.655669e+00 
2.655669e+00 
2.655669e+00 
2.655669e+00 
2.655669e+00 
2.655669e+00 
2.655669e+00 
2.655669e+00 
2.655669e+00 
2.655669e+00 
2.655669e+00 
2.655669e+00 
2.655669e+00 
2.655669e+00 
2.655669e+00 
2.655669e+00 
2.655669e+00 
2.655669e+00 
2.655669e+00 
2.655669e+00 
2.655669e+00 
2.655669e+00 
2.655669e+00 
2.655669e+00 
2.655669e+00 
2.655669e+00 
2.655669e+00 
2.655669e+00 
2.655669e+00 
2.655669e+00 
2.655669e+00 
2.655669e+00 
2.655669e+00 
2.655669e+00 
2.655669e+00 
2.655669e+00 
2.655669e+00 
2.655669e+00 
2.655669e+00 
2.655669e+00 
2.655669e+00 
2.655669e+00 
2.655669e+00 
2.655669e+00 
2.655669e+00 
2.655669e+00 
2.655669e+00 
2.655669e+00 
2.655669e+00 
2.655669e+00 
2.655669e+00 
2.655669e+00 
2.655669e+00 
2.655669e+00 
2.655669e+00 
2.655669e+00 
2.655669e+00 
2.655669e+00 
2.655669e+00 
2.655669e+00 
2.655669e+00 
2.655669e+00 
2.655669e+00 
2.655669e+00 
2.655669e+00 
2.655669e+00 
2.655669e+00 
2.655669e+00 
2.655669e+00 
2.655669e+00 
2.655669e+00 
2.655669e+00 
2.655669e+00 
2.655669e+00 
2.655669e+00 
2.655669e+00 
2.655669e+00 
2.655669e+00 
2.655669e+00 
2.655669e+00 
2.655669e+00 
2.655669e+00 
2.655669e+00 
2.655669e+00 
2.655669e+00 
2.655669e+00 
2.655669e+00 
2.655669e+00 
2.655669e+00 
2.655669e+00 
2.655669e+00 
2.655669e+00 
2.655669e+00 
2.655669e+00 
2.655669e+00 
2.655669e+00 
2.655669e+00 
2.655669e+00 
2.655669e+00 
2.655669e+00 
2.655669e+00 
2.655669e+00 
2.655669e+00 
2.655669e+00 
2.655669e+00 
2.655669e+00 
2.655669e+00 
2.655669e+00 
2.655669e+00 
2.655669e+00 
2.655669e+00 
2.655669e+00 
2.655669e+00 
2.655669e+00 
2.655669e+00 
2.655669e+00 
2.655669e+00 
2.655669e+00 
2.655669e+00 
2.655669e+00 
2.655669e+00 
2.655669e+00 
2.655669e+00 
2.655669e+00 
2.655669e+00 
2.655669e+00 
2.655669e+00 
2.655669e+00 
2.655669e+00 
2.655669e+00 
2.655669e+00 
2.655669e+00 
2.655669e+00 
2.655669e+00 
2.655669e+00 
2.655669e+00 
2.655669e+00 
2.655669e+00 
2.655669e+00 
2.655669e+00 
2.655669e+00 
2.655669e+00 
2.655669e+00 
2.655669e+00 
2.655669e+00 
2.655669e+00 
2.655669e+00 
2.655669e+00 
2.655669e+00 
2.655669e+00 
2.655669e+00 
2.655669e+00 
2.655669e+00 
2.655669e+00 
2.655669e+00 
2.655669e+00 
2.655669e+00 
2.655669e+00 
2.655669e+00 
2.655669e+00 
2.655669e+00 
2.655669e+00 
2.655669e+00 
2.655669e+00 
2.655669e+00 
2.655669e+00 
2.655669e+00 
2.655669e+00 
2.655669e+00 
2.655669e+00 
2.655669e+00 
2.655669e+00 
2.655669e+00 
2.655669e+00 
2.655669e+00 
2.655669e+00 
2.655669e+00 
2.655669e+00 
2.655669e+00 
2.655669e+00 
2.655669e+00 
2.655669e+00 
2.655669e+00 
2.655669e+00 
2.655669e+00 
2.655669e+00 
2.655669e+00 
2.655669e+00 
2.655669e+00 
2.655669e+00 
2.655669e+00 
2.655669e+00 
2.655669e+00 
2.655669e+00 
2.655669e+00 
2.655669e+00 
2.655669e+00 
2.655669e+00 
2.655669e+00 
2.655669e+00 
2.655669e+00 
2.655669e+00 
2.655669e+00 
2.655669e+00 
2.655669e+00 
2.655669e+00 
2.655669e+00 
2.655669e+00 
2.655669e+00 
2.655669e+00 
2.655669e+00 
2.655669e+00 
2.655669e+00 
2.655669e+00 
2.655669e+00 
2.655669e+00 
2.655669e+00 
2.655669e+00 
2.655669e+00 
2.655669e+00 
2.655669e+00 
2.655669e+00 
2.655669e+00 
2.655669e+00 
2.655669e+00 
2.655669e+00 
2.655669e+00 
2.655669e+00 
2.655669e+00 
2.655669e+00 
2.655669e+00 
2.655669e+00 
2.655669e+00 
2.655669e+00 
2.655669e+00 
2.655669e+00 
2.655669e+00 
2.655669e+00 
2.655669e+00 
2.655669e+00 
2.655669e+00 
2.655669e+00 
2.655669e+00 
2.655669e+00 
2.655669e+00 
2.655669e+00 
2.655669e+00 
2.655669e+00 
2.655669e+00 
2.655669e+00 
2.655669e+00 
2.655669e+00 
2.655669e+00 
2.655669e+00 
2.655669e+00 
2.655669e+00 
2.655669e+00 
2.655669e+00 
2.655669e+00 
2.655669e+00 
2.655669e+00 
2.655669e+00 
2.655669e+00 
2.655669e+00 
2.655669e+00 
2.655669e+00 
2.655669e+00 
2.655669e+00 
2.655669e+00 
2.655669e+00 
2.655669e+00 
2.655669e+00 
2.655669e+00 
2.655669e+00 
2.655669e+00 
2.655669e+00 
2.655669e+00 
2.655669e+00 
2.655669e+00 
2.655669e+00 
2.655669e+00 
2.655669e+00 
2.655669e+00 
2.655669e+00 
2.655669e+00 
2.655669e+00 
2.655669e+00 
2.655669e+00 
2.655669e+00 
2.655669e+00 
2.655669e+00 
2.655669e+00 
2.655669e+00 
2.655669e+00 
2.655669e+00 
2.655669e+00 
2.655669e+00 
2.655669e+00 
2.655669e+00 
2.655669e+00 
2.655669e+00 
2.655669e+00 
2.655669e+00 
2.655669e+00 
2.655669e+00 
2.655669e+00 
2.655669e+00 
2.655669e+00 
2.655669e+00 
2.655669e+00 
2.655669e+00 
2.655669e+00 
2.655669e+00 
2.655669e+00 
2.655669e+00 
2.655669e+00 
2.655669e+00 
2.655669e+00 
2.655669e+00 
2.655669e+00 
2.655669e+00 
2.655669e+00 
2.655669e+00 
2.655669e+00 
2.655669e+00 
2.655669e+00 
2.655669e+00 
2.655669e+00 
2.655669e+00 
2.655669e+00 
2.655669e+00 
2.655669e+00 
2.655669e+00 
2.655669e+00 
2.655669e+00 
2.655669e+00 
2.655669e+00 
2.655669e+00 
2.655669e+00 
2.655669e+00 
2.655669e+00 
2.655669e+00 
2.655669e+00 
2.655669e+00 
2.655669e+00 
2.655669e+00 
2.655669e+00 
2.655669e+00 
2.655669e+00 
2.655669e+00 
2.655669e+00 
2.655669e+00 
2.655669e+00 
2.655669e+00 
2.655669e+00 
2.655669e+00 
2.655669e+00 
2.655669e+00 
2.655669e+00 
2.655669e+00 
2.655669e+00 
2.655669e+00 
2.655669e+00 
2.655669e+00 
2.655669e+00 
2.655669e+00 
2.655669e+00 
2.655669e+00 
2.655669e+00 
2.655669e+00 
2.655669e+00 
2.655669e+00 
2.655669e+00 
2.655669e+00 
2.655669e+00 
2.655669e+00 
2.655669e+00 
2.655669e+00 
2.655669e+00 
2.655669e+00 
2.655669e+00 
2.655669e+00 
2.655669e+00 
2.655669e+00 
2.655669e+00 
2.655669e+00 
2.655669e+00 
2.655669e+00 
2.655669e+00 
2.655669e+00 
2.655669e+00 
2.655669e+00 
2.655669e+00 
2.655669e+00 
2.655669e+00 
2.655669e+00 
2.655669e+00 
2.655669e+00 
2.655669e+00 
2.655669e+00 
2.655669e+00 
2.655669e+00 
2.655669e+00 
2.655669e+00 
2.655669e+00 
2.655669e+00 
2.655669e+00 
2.655669e+00 
2.655669e+00 
2.655669e+00 
2.655669e+00 
2.655669e+00 
2.655669e+00 
2.655669e+00 
2.655669e+00 
2.655669e+00 
2.562401e+00 
2.562401e+00 
2.562401e+00 
2.562401e+00 
2.562401e+00 
2.562401e+00 
2.562401e+00 
2.482948e+00 
2.482948e+00 
2.482948e+00 
2.482948e+00 
2.482948e+00 
2.482948e+00 
2.482948e+00 
2.482948e+00 
2.482948e+00 
2.482948e+00 
2.482948e+00 
2.478520e+00 
2.478520e+00 
2.478520e+00 
2.478520e+00 
2.437339e+00 
2.437339e+00 
2.437339e+00 
2.437339e+00 
2.437339e+00 
2.437339e+00 
2.436586e+00 
2.436586e+00 
2.436586e+00 
2.436586e+00 
2.436586e+00 
2.436586e+00 
2.435175e+00 
2.435175e+00 
2.435175e+00 
2.435175e+00 
2.435175e+00 
2.435175e+00 
2.434497e+00 
2.434322e+00 
2.434322e+00 
2.434322e+00 
2.434075e+00 
2.433745e+00 
2.433531e+00 
2.433392e+00 
2.433299e+00 
2.433237e+00 
2.433194e+00 
2.433165e+00 
2.433144e+00 
2.433129e+00 
2.433118e+00 
2.433110e+00 
2.433104e+00 
2.433099e+00 
2.433096e+00 
2.433094e+00 
2.433092e+00 
2.433090e+00 
2.433089e+00 
2.433088e+00 
2.433088e+00 
2.433087e+00 
2.433087e+00 
2.433086e+00 
2.433086e+00 
2.433086e+00 
2.433086e+00 
2.433086e+00 
2.433086e+00 
2.433085e+00 
2.433085e+00 
2.433085e+00 
2.433085e+00 
2.433085e+00 
2.433085e+00 
2.433085e+00 
2.433085e+00 
2.433085e+00 
2.433085e+00 
2.433085e+00 
2.433085e+00 
2.433085e+00 
2.433085e+00 
2.433085e+00 
2.433085e+00 
2.433085e+00 
2.433085e+00 
2.433085e+00 
2.433085e+00 
2.433085e+00 
2.433085e+00 
2.433085e+00 
2.433085e+00 
2.433085e+00 
2.433085e+00 
2.433085e+00 
2.433085e+00 
2.433085e+00 
2.433085e+00 
2.433085e+00 
2.433085e+00 
2.433085e+00 
2.433085e+00 
2.433085e+00 
2.433085e+00 
2.433085e+00 
2.433085e+00 
2.433085e+00 
2.433085e+00 
2.433085e+00 
2.433085e+00 
2.433085e+00 
2.433085e+00 
2.433085e+00 
2.433085e+00 
2.433085e+00 
2.433085e+00 
2.433085e+00 
2.433085e+00 
2.433085e+00 
2.433085e+00 
2.433085e+00 
2.433085e+00 
2.433085e+00 
2.433085e+00 
2.433085e+00 
2.433085e+00 
2.433085e+00 
2.433085e+00 
2.433085e+00 
2.433085e+00 
2.433085e+00 
2.433085e+00 
2.433085e+00 
2.432900e+00 
2.432897e+00 
2.432763e+00 
2.432667e+00 
2.432329e+00 
2.432129e+00 
2.432129e+00 
2.432129e+00 
2.432129e+00 
2.432129e+00 
2.432129e+00 
2.432129e+00 
2.432129e+00 
2.432129e+00 
2.432129e+00 
2.432119e+00 
2.432033e+00 
2.432033e+00 
2.431913e+00 
2.431913e+00 
2.431913e+00 
2.431913e+00 
2.431895e+00 
2.431895e+00 
2.431895e+00 
2.431895e+00 
2.431854e+00 
2.431838e+00 
2.431838e+00 
2.431838e+00 
2.431838e+00 
2.431816e+00 
2.431814e+00 
2.431814e+00 
2.431781e+00 
2.431781e+00 
2.431781e+00 
2.431781e+00 
2.431781e+00 
2.431747e+00 
2.431709e+00 
2.431681e+00 
2.431662e+00 
2.431647e+00 
2.431637e+00 
2.431629e+00 
2.431623e+00 
2.431619e+00 
2.431615e+00 
2.431613e+00 
2.431611e+00 
2.431609e+00 
2.431608e+00 
2.431607e+00 
2.431607e+00 
2.431606e+00 
2.431606e+00 
2.431606e+00 
2.431605e+00 
2.431605e+00 
2.431605e+00 
2.431605e+00 
2.431605e+00 
2.431605e+00 
2.431605e+00 
2.431605e+00 
2.431605e+00 
2.431605e+00 
2.431605e+00 
2.431605e+00 
2.431605e+00 
2.431605e+00 
2.431605e+00 
2.431605e+00 
2.431605e+00 
2.431605e+00 
2.431605e+00 
2.431605e+00 
2.431605e+00 
2.431567e+00 
2.431567e+00 
2.431483e+00 
2.431365e+00 
2.431298e+00 
2.431260e+00 
2.431240e+00 
2.431229e+00 
2.431223e+00 
2.431221e+00 
2.431220e+00 
2.431220e+00 
2.431220e+00 
2.431216e+00 
2.431213e+00 
2.431211e+00 
2.431210e+00 
2.431208e+00 
2.431207e+00 
2.431204e+00 
2.431204e+00 
2.431184e+00 
2.431184e+00 
2.431184e+00 
2.431099e+00 
2.431034e+00 
2.431034e+00 
2.431034e+00 
2.431034e+00 
2.431034e+00 
2.431034e+00 
2.431034e+00 
2.430989e+00 
2.430989e+00 
2.430989e+00 
2.430989e+00 
2.430989e+00 
2.430989e+00 
2.430989e+00 
2.430989e+00 
2.430989e+00 
2.430923e+00 
2.430920e+00 
2.430920e+00 
2.430893e+00 
2.430893e+00 
2.430893e+00 
2.430882e+00 
2.430870e+00 
2.430870e+00 
2.430870e+00 
2.430863e+00 
2.430852e+00 
2.430846e+00 
2.430841e+00 
2.430839e+00 
2.430837e+00 
2.430835e+00 
2.430835e+00 
2.430834e+00 
2.430834e+00 
2.430833e+00 
2.430833e+00 
2.430833e+00 
2.430833e+00 
2.430833e+00 
2.430833e+00 
2.430833e+00 
2.430833e+00 
2.430833e+00 
2.430833e+00 
2.430833e+00 
2.430833e+00 
2.430833e+00 
2.430832e+00 
2.430832e+00 
2.430832e+00 
2.430832e+00 
2.430832e+00 
2.430832e+00 
2.430832e+00 
2.430832e+00 
2.430832e+00 
2.430832e+00 
2.430832e+00 
2.430832e+00 
2.430832e+00 
2.430832e+00 
2.430832e+00 
2.430832e+00 
2.430832e+00 
2.430832e+00 
2.430832e+00 
2.430832e+00 
2.430832e+00 
2.430832e+00 
2.430824e+00 
2.430824e+00 
2.430824e+00 
2.430824e+00 
2.430807e+00 
2.430807e+00 
2.430735e+00 
2.430732e+00 
2.430732e+00 
2.430732e+00 
2.430732e+00 
2.430732e+00 
2.430732e+00 
2.430732e+00 
2.430732e+00 
2.430732e+00 
2.430732e+00 
2.430732e+00 
2.430732e+00 
2.430732e+00 
2.430732e+00 
2.430732e+00 
2.430732e+00 
2.430718e+00 
2.430712e+00 
2.430712e+00 
2.430712e+00 
2.430703e+00 
2.430703e+00 
2.430703e+00 
2.430703e+00 
2.430703e+00 
2.430703e+00 
2.430703e+00 
2.430701e+00 
2.430701e+00 
2.430701e+00 
2.430701e+00 
2.430701e+00 
2.430701e+00 
2.430701e+00 
2.430701e+00 
2.430701e+00 
2.430701e+00 
2.430701e+00 
2.430699e+00 
2.430699e+00 
2.430699e+00 
2.430699e+00 
2.430699e+00 
2.430699e+00 
2.430699e+00 
2.430699e+00 
2.430699e+00 
2.430699e+00 
2.430699e+00 
2.430698e+00 
2.430698e+00 
2.430698e+00 
2.430698e+00 
2.430698e+00 
2.430698e+00 
2.430698e+00 
2.430698e+00 
2.430698e+00 
2.430698e+00 
2.430698e+00 
2.430698e+00 
2.430698e+00 
2.430698e+00 
2.430698e+00 
2.430698e+00 
2.430698e+00 
2.430698e+00 
2.430698e+00 
2.430698e+00 
2.430698e+00 
2.430698e+00 
2.430698e+00 
2.430698e+00 
2.430698e+00 
2.430698e+00 
2.430698e+00 
2.430698e+00 
2.430697e+00 
2.430697e+00 
2.430696e+00 
2.430696e+00 
2.430696e+00 
2.430696e+00 
2.430696e+00 
2.430696e+00 
2.430696e+00 
2.430696e+00 
2.430696e+00 
2.430696e+00 
2.430696e+00 
2.430696e+00 
2.430696e+00 
2.430696e+00 
2.430696e+00 
2.430696e+00 
2.430696e+00 
2.430696e+00 
2.430696e+00 
2.430696e+00 
2.430696e+00 
2.430696e+00 
2.430696e+00 
2.430696e+00 
2.430696e+00 
2.430696e+00 
2.430696e+00 
2.430696e+00 
2.430696e+00 
2.430696e+00 
2.430696e+00 
2.430696e+00 
2.430696e+00 
2.430696e+00 
2.430696e+00 
2.430696e+00 
2.430696e+00 
2.430696e+00 
2.430696e+00 
2.430696e+00 
2.430696e+00 
2.430696e+00 
2.430696e+00 
2.430696e+00 
2.430696e+00 
2.430696e+00 
2.430696e+00 
2.430696e+00 
2.430696e+00 
2.430696e+00 
2.430696e+00 
2.430696e+00 
2.430696e+00 
2.430696e+00 
2.430696e+00 
2.430696e+00 
2.430696e+00 
2.430696e+00 
2.430696e+00 
2.430696e+00 
2.430696e+00 
2.430696e+00 
2.430696e+00 
2.430696e+00 
2.430696e+00 
2.430696e+00 
2.430696e+00 
2.430696e+00 
2.430696e+00 
2.430696e+00 
2.430696e+00 
2.430696e+00 
2.430696e+00 
2.430696e+00 
2.430696e+00 
2.430696e+00 
2.430696e+00 
2.430696e+00 
2.430696e+00 
2.430696e+00 
2.430696e+00 
2.430696e+00 
2.430696e+00 
2.430696e+00 
2.430696e+00 
2.430696e+00 
2.430696e+00 
2.430696e+00 
2.430696e+00 
2.430694e+00 
2.430694e+00 
2.430680e+00 
2.430679e+00 
2.430678e+00 
2.430678e+00 
2.430649e+00 
2.430649e+00 
2.430649e+00 
2.430649e+00 
2.430649e+00 
2.430643e+00 
2.430643e+00 
2.430581e+00 
2.430581e+00 
2.430581e+00 
2.430581e+00 
2.430574e+00 
2.430574e+00 
2.430574e+00 
2.430574e+00 
2.430574e+00 
2.430574e+00 
2.430574e+00 
2.430574e+00 
2.430574e+00 
2.430574e+00 
2.430574e+00 
2.430574e+00 
2.430574e+00 
2.430574e+00 
2.430574e+00 
2.430574e+00 
2.430574e+00 
2.430574e+00 
2.430574e+00 
2.430574e+00 
2.430574e+00 
2.430574e+00 
2.430574e+00 
2.430574e+00 
2.430574e+00 
2.430574e+00 
2.430574e+00 
2.430574e+00 
2.430574e+00 
2.430574e+00 
2.430574e+00 
2.430574e+00 
2.430574e+00 
2.430574e+00 
2.430574e+00 
2.430574e+00 
2.430573e+00 
2.430573e+00 
2.430573e+00 
2.430573e+00 
2.430573e+00 
2.430573e+00 
2.430573e+00 
2.430573e+00 
2.430573e+00 
2.430573e+00 
2.430573e+00 
2.430573e+00 
2.430573e+00 
2.430573e+00 
2.430573e+00 
2.430573e+00 
2.430573e+00 
2.430573e+00 
2.430573e+00 
2.430573e+00 
2.430573e+00 
2.430573e+00 
2.430571e+00 
2.430571e+00 
2.430571e+00 
2.430571e+00 
2.430571e+00 
2.430571e+00 
2.430571e+00 
2.430571e+00 
2.430570e+00 
2.430570e+00 
2.430569e+00 
2.430569e+00 
2.430569e+00 
2.430569e+00 
2.430569e+00 
2.430569e+00 
2.430569e+00 
2.430568e+00 
2.430568e+00 
2.430568e+00 
2.430568e+00 
2.430568e+00 
2.430568e+00 
2.430568e+00 
2.430568e+00 
2.430568e+00 
2.430568e+00 
2.430568e+00 
2.430568e+00 
2.430568e+00 
2.430568e+00 
2.430568e+00 
2.430568e+00 
2.430568e+00 
2.430568e+00 
2.430568e+00 
2.430568e+00 
2.430568e+00 
2.430568e+00 
2.430568e+00 
2.430568e+00 
2.430568e+00 
2.430568e+00 
2.430568e+00 
2.430568e+00 
2.430568e+00 
2.430552e+00 
2.430548e+00 
2.430548e+00 
2.430548e+00 
2.430548e+00 
2.430548e+00 
2.430548e+00 
2.430548e+00 
2.430548e+00 
2.430548e+00 
2.430548e+00 
2.430548e+00 
2.430548e+00 
2.430548e+00 
2.430548e+00 
2.430548e+00 
2.430548e+00 
2.430548e+00 
2.430548e+00 
2.430548e+00 
2.430548e+00 
2.430548e+00 
2.430548e+00 
2.430548e+00 
2.430504e+00 
2.430464e+00 
2.430393e+00 
2.430380e+00 
2.430380e+00 
2.430380e+00 
2.430380e+00 
2.430380e+00 
2.430349e+00 
2.430323e+00 
2.430307e+00 
2.430296e+00 
2.430290e+00 
2.430285e+00 
2.430282e+00 
2.430280e+00 
2.430247e+00 
2.430247e+00 
2.430247e+00 
2.430168e+00 
2.430168e+00 
2.430168e+00 
2.430168e+00 
2.429799e+00 
2.429509e+00 
2.429294e+00 
2.429133e+00 
2.429013e+00 
2.428924e+00 
2.428858e+00 
2.428808e+00 
2.428771e+00 
2.428743e+00 
2.428723e+00 
2.428707e+00 
2.428696e+00 
2.428687e+00 
2.428681e+00 
2.428676e+00 
2.428673e+00 
2.428670e+00 
2.428668e+00 
2.428666e+00 
2.428665e+00 
2.428664e+00 
2.428664e+00 
2.428663e+00 
2.428663e+00 
2.428663e+00 
2.428663e+00 
2.428662e+00 
2.428614e+00 
2.428552e+00 
2.428503e+00 
2.428503e+00 
2.428503e+00 
2.428381e+00 
2.428351e+00 
2.428351e+00 
2.428351e+00 
2.428351e+00 
2.428351e+00 
2.428316e+00 
2.428278e+00 
2.428260e+00 
2.428251e+00 
2.428155e+00 
2.428131e+00 
2.428074e+00 
2.428048e+00 
2.428037e+00 
2.428035e+00 
2.428035e+00 
2.427959e+00 
2.427906e+00 
2.427867e+00 
2.427840e+00 
2.427820e+00 
2.427806e+00 
2.427795e+00 
2.426944e+00 
2.426321e+00 
2.425266e+00 
2.424501e+00 
2.423943e+00 
2.423533e+00 
2.423232e+00 
2.423010e+00 
2.422846e+00 
2.422725e+00 
2.422634e+00 
2.422568e+00 
2.422518e+00 
2.422481e+00 
2.422454e+00 
2.422433e+00 
2.422418e+00 
2.422407e+00 
2.422399e+00 
2.422393e+00 
2.422388e+00 
2.422385e+00 
2.422382e+00 
2.422380e+00 
2.422379e+00 
2.422378e+00 
2.422377e+00 
2.422376e+00 
2.422376e+00 
2.422376e+00 
2.422375e+00 
2.422375e+00 
2.422375e+00 
2.422375e+00 
2.422375e+00 
2.422375e+00 
2.422375e+00 
2.422375e+00 
2.422375e+00 
2.422375e+00 
2.422375e+00 
2.422375e+00 
2.422375e+00 
2.422375e+00 
2.422375e+00 
2.422375e+00 
2.422375e+00 
2.422067e+00 
2.418898e+00 
2.418680e+00 
2.416397e+00 
2.414823e+00 
2.413721e+00 
2.412940e+00 
2.412381e+00 
2.411977e+00 
2.411684e+00 
2.411470e+00 
2.411312e+00 
2.411197e+00 
2.411112e+00 
2.411049e+00 
2.411003e+00 
2.410969e+00 
2.410943e+00 
2.409019e+00 
2.409019e+00 
2.408984e+00 
2.408984e+00 
2.408963e+00 
2.408685e+00 
2.408660e+00 
2.408660e+00 
2.408660e+00 
2.408602e+00 
2.408576e+00 
2.408576e+00 
2.408576e+00 
2.408576e+00 
2.408576e+00 
2.408575e+00 
2.408565e+00 
2.408559e+00 
2.408555e+00 
2.408553e+00 
2.408551e+00 
2.406568e+00 
2.403719e+00 
2.400635e+00 
2.398620e+00 
2.397277e+00 
2.396363e+00 
2.395731e+00 
2.395288e+00 
2.394973e+00 
2.394747e+00 
2.394584e+00 
2.393673e+00 
2.393673e+00 
2.393673e+00 
2.387234e+00 
2.380937e+00 
2.377773e+00 
2.376249e+00 
2.375568e+00 
2.375308e+00 
2.375249e+00 
2.375249e+00 
2.375249e+00 
2.374658e+00 
2.374658e+00 
2.359751e+00 
2.346640e+00 
2.339964e+00 
2.336671e+00 
2.335132e+00 
2.334482e+00 
2.334266e+00 
2.334251e+00 
2.334251e+00 
2.329097e+00 
2.325474e+00 
2.322926e+00 
2.321115e+00 
2.319815e+00 
2.318877e+00 
2.318195e+00 
2.317699e+00 
2.317335e+00 
2.317069e+00 
2.316874e+00 
2.316730e+00 
2.316624e+00 
2.316546e+00 
2.316489e+00 
2.316447e+00 
2.316416e+00 
2.316393e+00 
2.316376e+00 
2.314112e+00 
2.314112e+00 
2.314112e+00 
2.307324e+00 
2.304706e+00 
2.304706e+00 
2.304706e+00 
2.296870e+00 
2.290756e+00 
2.286418e+00 
2.283312e+00 
2.281073e+00 
2.279450e+00 
2.278269e+00 
2.277407e+00 
2.276776e+00 
2.276314e+00 
2.275975e+00 
2.275726e+00 
2.275543e+00 
2.275408e+00 
2.275309e+00 
2.275236e+00 
2.275182e+00 
2.275143e+00 
2.275114e+00 
2.275093e+00 
2.275077e+00 
2.275065e+00 
2.275057e+00 
2.275051e+00 
2.275046e+00 
2.275043e+00 
2.275040e+00 
2.275038e+00 
2.275037e+00 
2.275036e+00 
2.275035e+00 
2.275035e+00 
2.271817e+00 
2.267855e+00 
2.267855e+00 
2.267855e+00 
2.267855e+00 
2.267579e+00 
2.266897e+00 
2.266897e+00 
2.266897e+00 
2.266655e+00 
2.266562e+00 
2.266562e+00 
2.266562e+00 
2.249752e+00 
2.249752e+00 
2.249752e+00 
2.242819e+00 
2.236198e+00 
2.231700e+00 
2.228594e+00 
2.226419e+00 
2.224879e+00 
2.223779e+00 
2.222988e+00 
2.222416e+00 
2.222001e+00 
2.221699e+00 
2.221479e+00 
2.221318e+00 
2.221200e+00 
2.221114e+00 
2.221051e+00 
2.210410e+00 
2.210410e+00 
2.210410e+00 
2.210410e+00 
2.204466e+00 
2.204466e+00 
2.204466e+00 
2.204466e+00 
2.203573e+00 
2.203573e+00 
2.203573e+00 
2.173884e+00 
2.162739e+00 
2.162739e+00 
2.162739e+00 
2.162739e+00 
2.162739e+00 
2.162739e+00 
2.150559e+00 
2.150240e+00 
2.150240e+00 
2.149881e+00 
2.149881e+00 
2.149881e+00 
2.149881e+00 
2.147389e+00 
2.147246e+00 
2.147246e+00 
2.147246e+00 
2.146367e+00 
2.145679e+00 
2.145679e+00 
2.145679e+00 
2.145679e+00 
2.144894e+00 
2.144894e+00 
2.144894e+00 
2.144017e+00 
2.144017e+00 
2.144017e+00 
2.144017e+00 
2.144017e+00 
2.144017e+00 
2.143831e+00 
2.143682e+00 
2.143682e+00 
2.143682e+00 
2.143682e+00 
2.143633e+00 
2.143604e+00 
2.127266e+00 
2.114039e+00 
2.098127e+00 
2.089507e+00 
2.084800e+00 
2.082206e+00 
2.080760e+00 
2.079941e+00 
2.079470e+00 
2.079194e+00 
2.079028e+00 
2.078926e+00 
2.078862e+00 
2.078820e+00 
2.078793e+00 
2.078775e+00 
2.078762e+00 
2.078753e+00 
2.078747e+00 
2.078743e+00 
2.078739e+00 
2.078737e+00 
2.078736e+00 
2.078734e+00 
2.078734e+00 
2.078733e+00 
2.078733e+00 
2.044832e+00 
2.044832e+00 
2.042627e+00 
2.029481e+00 
2.023225e+00 
2.020395e+00 
2.019237e+00 
2.018868e+00 
2.018850e+00 
2.018850e+00 
2.018850e+00 
2.015749e+00 
2.012711e+00 
2.010748e+00 
2.009451e+00 
2.008577e+00 
2.007978e+00 
2.007562e+00 
2.007269e+00 
2.007061e+00 
2.006913e+00 
2.006806e+00 
2.006729e+00 
2.006674e+00 
2.006633e+00 
2.006604e+00 
2.006583e+00 
2.006568e+00 
2.006556e+00 
2.006548e+00 
2.006542e+00 
2.006538e+00 
1.999802e+00 
1.999802e+00 
1.999802e+00 
1.999802e+00 
1.999802e+00 
1.999802e+00 
1.999802e+00 
1.999802e+00 
1.999802e+00 
1.999802e+00 
1.999802e+00 
1.979424e+00 
1.979424e+00 
1.979424e+00 
1.979424e+00 
1.979424e+00 
1.979424e+00 
1.979424e+00 
1.979424e+00 
1.979424e+00 
1.979424e+00 
1.979424e+00 
1.979424e+00 
1.979424e+00 
1.979424e+00 
1.979424e+00 
1.979424e+00 
1.972874e+00 
1.972409e+00 
1.972409e+00 
1.972409e+00 
1.970234e+00 
1.970234e+00 
1.970234e+00 
1.970234e+00 
1.964491e+00 
1.964491e+00 
1.964491e+00 
1.964491e+00 
1.959494e+00 
1.958245e+00 
1.958245e+00 
1.956250e+00 
1.954872e+00 
1.954274e+00 
1.954049e+00 
1.953995e+00 
1.953995e+00 
1.953995e+00 
1.953700e+00 
1.953396e+00 
1.953201e+00 
1.953072e+00 
1.952986e+00 
1.952928e+00 
1.952887e+00 
1.952858e+00 
1.952838e+00 
1.952824e+00 
1.952814e+00 
1.952806e+00 
1.952801e+00 
1.952797e+00 
1.952795e+00 
1.952793e+00 
1.952791e+00 
1.951199e+00 
1.951199e+00 
1.951199e+00 
1.939566e+00 
1.939566e+00 
1.939566e+00 
1.939566e+00 
1.939566e+00 
1.939566e+00 
1.939566e+00 
1.939566e+00 
1.938368e+00 
1.938368e+00 
1.936189e+00 
1.936189e+00 
1.934638e+00 
1.934638e+00 
1.934638e+00 
1.934638e+00 
1.934638e+00 
1.934638e+00 
1.934638e+00 
1.934638e+00 
1.934638e+00 
1.934638e+00 
1.934638e+00 
1.934638e+00 
1.934638e+00 
1.934638e+00 
1.934638e+00 
1.934638e+00 
1.934638e+00 
1.934571e+00 
1.934056e+00 
1.934056e+00 
1.933989e+00 
1.933989e+00 
1.933989e+00 
1.933989e+00 
1.933989e+00 
1.933845e+00 
1.933845e+00 
1.933814e+00 
1.933814e+00 
1.933814e+00 
1.933814e+00 
1.933814e+00 
1.933814e+00 
1.933718e+00 
1.933531e+00 
1.933471e+00 
1.933466e+00 
1.933466e+00 
1.933466e+00 
1.933446e+00 
1.933422e+00 
1.933409e+00 
1.933403e+00 
1.933399e+00 
1.933397e+00 
1.933396e+00 
1.933396e+00 
1.933396e+00 
1.933395e+00 
1.933395e+00 
1.931233e+00 
1.931233e+00 
1.931233e+00 
1.931233e+00 
1.930180e+00 
1.930180e+00 
1.930180e+00 
1.930171e+00 
1.930171e+00 
1.930171e+00 
1.930171e+00 
1.930171e+00 
1.930171e+00 
1.930171e+00 
1.930171e+00 
1.930171e+00 
1.930171e+00 
1.930171e+00 
1.930171e+00 
1.930171e+00 
1.930171e+00 
1.930171e+00 
1.930171e+00 
1.930171e+00 
1.930171e+00 
1.930171e+00 
1.930171e+00 
1.930171e+00 
1.930171e+00 
1.930171e+00 
1.930171e+00 
1.930171e+00 
1.930171e+00 
1.930171e+00 
1.930171e+00 
1.930171e+00 
1.930171e+00 
1.930171e+00 
1.930171e+00 
1.930171e+00 
1.930171e+00 
1.930171e+00 
1.930171e+00 
1.930171e+00 
1.930171e+00 
1.930171e+00 
1.930171e+00 
1.930171e+00 
1.930171e+00 
1.930171e+00 
1.930171e+00 
1.930171e+00 
1.930171e+00 
1.930171e+00 
1.930171e+00 
1.930171e+00 
1.930171e+00 
1.930171e+00 
1.930171e+00 
1.930171e+00 
1.930123e+00 
1.930123e+00 
1.930123e+00 
1.930123e+00 
1.930123e+00 
1.929940e+00 
1.929940e+00 
1.929940e+00 
1.929940e+00 
1.929940e+00 
1.929940e+00 
1.929940e+00 
1.929940e+00 
1.929940e+00 
1.929940e+00 
1.929940e+00 
1.929940e+00 
1.929940e+00 
1.929940e+00 
1.929940e+00 
1.929940e+00 
1.929940e+00 
1.929940e+00 
1.929940e+00 
1.929940e+00 
1.929940e+00 
1.929940e+00 
1.929940e+00 
1.929940e+00 
1.929940e+00 
1.929940e+00 
1.929940e+00 
1.929940e+00 
1.929940e+00 
1.929940e+00 
1.929940e+00 
1.929940e+00 
1.929940e+00 
1.929940e+00 
1.929940e+00 
1.929940e+00 
1.929940e+00 
1.929940e+00 
1.929940e+00 
1.929923e+00 
1.929923e+00 
1.929923e+00 
1.929923e+00 
1.929923e+00 
1.929923e+00 
1.929923e+00 
1.929923e+00 
1.929923e+00 
1.929923e+00 
1.929923e+00 
1.929922e+00 
1.929922e+00 
1.929922e+00 
1.929922e+00 
1.929922e+00 
1.929922e+00 
1.929922e+00 
1.929921e+00 
1.929921e+00 
1.929921e+00 
1.929920e+00 
1.929920e+00 
1.929920e+00 
1.929920e+00 
1.929920e+00 
1.929920e+00 
1.929920e+00 
1.929920e+00 
1.929920e+00 
1.929920e+00 
1.929920e+00 
1.929920e+00 
1.929920e+00 
1.929920e+00 
1.929920e+00 
1.929920e+00 
1.929920e+00 
1.929920e+00 
1.929920e+00 
1.929920e+00 
1.929920e+00 
1.929920e+00 
1.929920e+00 
1.929920e+00 
1.929920e+00 
1.929920e+00 
1.929920e+00 
1.929920e+00 
1.929920e+00 
1.929920e+00 
1.929920e+00 
1.929920e+00 
1.929920e+00 
1.929920e+00 
1.929920e+00 
1.929920e+00 
1.929920e+00 
1.929920e+00 
1.929920e+00 
1.929920e+00 
1.929920e+00 
1.929920e+00 
1.929920e+00 
1.929920e+00 
1.929920e+00 
1.929920e+00 
1.929920e+00 
1.929920e+00 
1.929920e+00 
1.929920e+00 
1.929920e+00 
1.929920e+00 
1.929920e+00 
1.929920e+00 
1.929920e+00 
1.929920e+00 
1.929920e+00 
1.929920e+00 
1.929920e+00 
1.929920e+00 
1.929920e+00 
1.929920e+00 
1.929920e+00 
1.929920e+00 
1.929920e+00 
1.929920e+00 
1.929920e+00 
1.929920e+00 
1.929920e+00 
1.929920e+00 
1.929920e+00 
1.929920e+00 
1.929920e+00 
1.929920e+00 
1.929920e+00 
1.929920e+00 
1.929920e+00 
1.929920e+00 
1.929920e+00 
1.929920e+00 
1.929920e+00 
1.929920e+00 
1.929920e+00 
1.929920e+00 
1.929920e+00 
1.929920e+00 
1.929920e+00 
1.929920e+00 
1.929920e+00 
1.929920e+00 
1.929920e+00 
1.929920e+00 
1.929920e+00 
1.929920e+00 
1.929920e+00 
1.929920e+00 
1.929920e+00 
1.929920e+00 
1.929920e+00 
1.929920e+00 
1.929920e+00 
1.929920e+00 
1.929920e+00 
1.929920e+00 
1.929920e+00 
1.929920e+00 
1.929920e+00 
1.929920e+00 
1.929920e+00 
1.929920e+00 
1.929920e+00 
1.929920e+00 
1.929920e+00 
1.929920e+00 
1.929920e+00 
1.929920e+00 
1.929920e+00 
1.929920e+00 
1.929920e+00 
1.929920e+00 
1.929920e+00 
1.929920e+00 
1.929920e+00 
1.929920e+00 
1.929920e+00 
1.929920e+00 
1.929920e+00 
1.929920e+00 
1.929920e+00 
1.929920e+00 
1.929920e+00 
1.929920e+00 
1.929920e+00 
1.929920e+00 
1.929920e+00 
1.929920e+00 
1.929920e+00 
1.929920e+00 
1.929920e+00 
1.929920e+00 
1.929920e+00 
1.929920e+00 
1.929920e+00 
1.929920e+00 
1.929920e+00 
1.929920e+00 
1.929920e+00 
1.929920e+00 
1.929920e+00 
1.929920e+00 
1.929920e+00 
1.929920e+00 
1.929920e+00 
1.929920e+00 
1.929920e+00 
1.929920e+00 
1.929920e+00 
1.929920e+00 
1.929920e+00 
1.929920e+00 
1.929920e+00 
1.929920e+00 
1.929920e+00 
1.929920e+00 
1.929920e+00 
1.929920e+00 
1.929920e+00 
1.929920e+00 
1.929920e+00 
1.929920e+00 
1.929920e+00 
1.929920e+00 
1.929920e+00 
1.929920e+00 
1.929920e+00 
1.929920e+00 
1.929920e+00 
1.929920e+00 
1.929920e+00 
1.929920e+00 
1.929920e+00 
1.929920e+00 
1.929920e+00 
1.929920e+00 
1.929920e+00 
1.929920e+00 
1.929920e+00 
1.929920e+00 
1.929920e+00 
1.929920e+00 
1.929920e+00 
1.929920e+00 
1.929920e+00 
1.929920e+00 
1.929920e+00 
1.929920e+00 
1.929920e+00 
1.929920e+00 
1.929920e+00 
1.929920e+00 
1.929920e+00 
1.929920e+00 
1.929920e+00 
1.929920e+00 
1.929920e+00 
1.929920e+00 
1.929920e+00 
1.929920e+00 
1.929920e+00 
1.929920e+00 
1.929920e+00 
1.929920e+00 
1.929920e+00 
1.929920e+00 
1.929920e+00 
1.929920e+00 
1.929920e+00 
1.929920e+00 
1.929920e+00 
1.929920e+00 
1.929920e+00 
1.929920e+00 
1.929920e+00 
1.929920e+00 
1.929920e+00 
1.929920e+00 
1.929920e+00 
1.929920e+00 
1.929920e+00 
1.929920e+00 
1.929920e+00 
1.929920e+00 
1.929920e+00 
1.929920e+00 
1.929920e+00 
1.929920e+00 
1.929920e+00 
1.929920e+00 
1.929920e+00 
1.929920e+00 
1.929920e+00 
1.929920e+00 
1.929920e+00 
1.929920e+00 
1.929920e+00 
1.929920e+00 
1.929920e+00 
1.929920e+00 
1.929920e+00 
1.929920e+00 
1.929920e+00 
1.929920e+00 
1.929920e+00 
1.929920e+00 
1.929920e+00 
1.929920e+00 
1.929920e+00 
1.929920e+00 
1.929920e+00 
1.929920e+00 
1.929920e+00 
1.929920e+00 
1.929920e+00 
1.929920e+00 
1.929920e+00 
1.929920e+00 
1.929920e+00 
1.929920e+00 
1.929920e+00 
1.929920e+00 
1.929920e+00 
1.929920e+00 
1.929920e+00 
1.929920e+00 
1.929920e+00 
1.929920e+00 
1.929920e+00 
1.929920e+00 
1.929920e+00 
1.929920e+00 
1.929920e+00 
1.929920e+00 
1.929920e+00 
1.929920e+00 
1.929920e+00 
1.929920e+00 
1.929920e+00 
1.929920e+00 
1.929920e+00 
1.929920e+00 
1.929920e+00 
1.929920e+00 
1.929920e+00 
1.929920e+00 
1.929920e+00 
1.929920e+00 
1.929920e+00 
1.929920e+00 
1.929920e+00 
1.929920e+00 
1.929920e+00 
1.929920e+00 
1.929920e+00 
1.929920e+00 
1.929920e+00 
1.929920e+00 
1.929920e+00 
1.929920e+00 
1.929920e+00 
1.929920e+00 
1.929920e+00 
1.929920e+00 
1.929920e+00 
1.929920e+00 
1.929920e+00 
1.929920e+00 
1.929920e+00 
1.929920e+00 
1.929920e+00 
1.929920e+00 
1.929920e+00 
1.929920e+00 
1.929920e+00 
1.929920e+00 
1.929920e+00 
1.929920e+00 
1.929920e+00 
1.929920e+00 
1.929920e+00 
1.929920e+00 
1.929920e+00 
1.929920e+00 
1.929920e+00 
1.929920e+00 
1.929920e+00 
1.929920e+00 
1.929920e+00 
1.929920e+00 
1.929920e+00 
1.929920e+00 
1.929920e+00 
1.929920e+00 
1.929920e+00 
1.929920e+00 
1.929920e+00 
1.929920e+00 
1.929920e+00 
1.929920e+00 
1.929920e+00 
1.929920e+00 
1.929920e+00 
1.929920e+00 
1.929920e+00 
1.929920e+00 
1.929920e+00 
1.929920e+00 
1.929920e+00 
1.929920e+00 
1.929920e+00 
1.929920e+00 
1.929920e+00 
1.929920e+00 
1.929920e+00 
1.929920e+00 
1.929920e+00 
1.929920e+00 
1.929920e+00 
1.929920e+00 
1.929920e+00 
1.929920e+00 
1.929920e+00 
1.929920e+00 
1.929920e+00 
1.929920e+00 
1.929920e+00 
1.929920e+00 
1.929920e+00 
1.929920e+00 
1.929920e+00 
1.929920e+00 
1.929920e+00 
1.929920e+00 
1.929920e+00 
1.929920e+00 
1.929920e+00 
1.929920e+00 
1.929920e+00 
1.929920e+00 
1.929920e+00 
1.929920e+00 
1.929920e+00 
1.929920e+00 
1.929920e+00 
1.929920e+00 
1.929920e+00 
1.929920e+00 
1.929920e+00 
1.929920e+00 
1.929920e+00 
1.929920e+00 
1.929920e+00 
1.929920e+00 
1.929920e+00 
1.929920e+00 
1.929920e+00 
1.929920e+00 
1.929920e+00 
1.929920e+00 
1.929920e+00 
1.929920e+00 
1.929920e+00 
1.929920e+00 
1.929920e+00 
1.929920e+00 
1.929920e+00 
1.929920e+00 
1.929920e+00 
1.929920e+00 
1.929920e+00 
1.929920e+00 
1.929920e+00 
1.929920e+00 
1.929920e+00 
1.929920e+00 
1.929920e+00 
1.929920e+00 
1.929920e+00 
1.929920e+00 
1.929920e+00 
1.929920e+00 
1.929920e+00 
1.929920e+00 
1.929920e+00 
1.929920e+00 
1.929920e+00 
1.929920e+00 
1.929920e+00 
1.929920e+00 
1.929920e+00 
1.929920e+00 
1.929920e+00 
1.929920e+00 
1.929920e+00 
1.929920e+00 
1.929920e+00 
1.929920e+00 
1.929920e+00 
1.929920e+00 
1.929920e+00 
1.929920e+00 
1.929920e+00 
1.929920e+00 
1.929920e+00 
1.929920e+00 
1.929920e+00 
1.929920e+00 
1.929920e+00 
1.929920e+00 
1.929920e+00 
1.929920e+00 
1.929920e+00 
1.929920e+00 
1.926986e+00 
1.898368e+00 
1.898368e+00 
1.898368e+00 
1.898356e+00 
1.898356e+00 
1.879151e+00 
1.879151e+00 
1.879151e+00 
1.879151e+00 
1.879151e+00 
1.879151e+00 
1.879151e+00 
1.879151e+00 
1.879151e+00 
1.879151e+00 
1.879151e+00 
1.879151e+00 
1.879151e+00 
1.879151e+00 
1.879151e+00 
1.879151e+00 
1.879151e+00 
1.879151e+00 
1.879151e+00 
1.879151e+00 
1.879151e+00 
1.879151e+00 
1.879151e+00 
1.879151e+00 
1.879151e+00 
1.879151e+00 
1.879151e+00 
1.879151e+00 
1.879149e+00 
1.879149e+00 
1.879149e+00 
1.878284e+00 
1.878060e+00 
1.878060e+00 
1.878060e+00 
1.878060e+00 
1.878060e+00 
1.878032e+00 
1.878032e+00 
1.878030e+00 
1.878030e+00 
1.878030e+00 
1.878030e+00 
1.878030e+00 
1.878030e+00 
1.878030e+00 
1.878030e+00 
1.878015e+00 
1.878015e+00 
1.878015e+00 
1.878015e+00 
1.878015e+00 
1.878015e+00 
1.878015e+00 
1.878015e+00 
1.878015e+00 
1.878015e+00 
1.878009e+00 
1.878009e+00 
1.878009e+00 
1.878009e+00 
1.878004e+00 
1.877996e+00 
1.877990e+00 
1.877986e+00 
1.877983e+00 
1.877981e+00 
1.877980e+00 
1.877979e+00 
1.877979e+00 
1.877978e+00 
1.877978e+00 
1.877978e+00 
1.877977e+00 
1.877977e+00 
1.877977e+00 
1.877977e+00 
1.877977e+00 
1.877977e+00 
1.877977e+00 
1.877977e+00 
1.877977e+00 
1.877977e+00 
1.877977e+00 
1.877977e+00 
1.877977e+00 
1.877977e+00 
1.877977e+00 
1.877977e+00 
1.877977e+00 
1.877977e+00 
1.877977e+00 
1.877977e+00 
1.877977e+00 
1.877977e+00 
1.877977e+00 
1.877977e+00 
1.877977e+00 
1.877977e+00 
1.877977e+00 
1.877977e+00 
1.877977e+00 
1.877977e+00 
1.877977e+00 
1.877977e+00 
1.877977e+00 
1.877977e+00 
1.877977e+00 
1.877977e+00 
1.877977e+00 
1.877977e+00 
1.877977e+00 
1.877977e+00 
1.877977e+00 
1.877977e+00 
1.877977e+00 
1.877977e+00 
1.877977e+00 
1.877977e+00 
1.877977e+00 
1.877977e+00 
1.877977e+00 
1.877977e+00 
1.877977e+00 
1.877977e+00 
1.877977e+00 
1.877977e+00 
1.877977e+00 
1.877977e+00 
1.877977e+00 
1.877977e+00 
1.877977e+00 
1.877977e+00 
1.877977e+00 
1.877977e+00 
1.877977e+00 
1.877977e+00 
1.877977e+00 
1.877977e+00 
1.877977e+00 
1.877977e+00 
1.874723e+00 
1.871300e+00 
1.871145e+00 
1.871145e+00 
1.870446e+00 
1.870446e+00 
1.870097e+00 
1.870097e+00 
1.870097e+00 
1.870097e+00 
1.870097e+00 
1.870097e+00 
1.869404e+00 
1.868454e+00 
1.867957e+00 
1.867690e+00 
1.867540e+00 
1.867454e+00 
1.867402e+00 
1.867370e+00 
1.867349e+00 
1.867336e+00 
1.867328e+00 
1.867322e+00 
1.867318e+00 
1.867316e+00 
1.867314e+00 
1.867313e+00 
1.867312e+00 
1.867311e+00 
1.867311e+00 
1.867311e+00 
1.867310e+00 
1.867310e+00 
1.867310e+00 
1.867310e+00 
1.867310e+00 
1.867310e+00 
1.867310e+00 
1.867310e+00 
1.867310e+00 
1.867310e+00 
1.867310e+00 
1.867310e+00 
1.867310e+00 
1.867310e+00 
1.867310e+00 
1.867310e+00 
1.866882e+00 
1.866882e+00 
1.866882e+00 
1.866882e+00 
1.866882e+00 
1.866882e+00 
1.866882e+00 
1.866882e+00 
1.866882e+00 
1.866882e+00 
1.866882e+00 
1.866882e+00 
1.866882e+00 
1.866882e+00 
1.863722e+00 
1.863722e+00 
1.863722e+00 
1.863722e+00 
1.863722e+00 
1.863722e+00 
1.863722e+00 
1.863722e+00 
1.863722e+00 
1.863722e+00 
1.863722e+00 
1.863722e+00 
1.863722e+00 
1.863722e+00 
1.863722e+00 
1.852505e+00 
1.835181e+00 
1.831278e+00 
1.831278e+00 
1.831278e+00 
1.817169e+00 
1.817169e+00 
1.817169e+00 
1.812683e+00 
1.812683e+00 
1.811369e+00 
1.811369e+00 
1.811369e+00 
1.811369e+00 
1.811369e+00 
1.811369e+00 
1.811369e+00 
1.811369e+00 
1.811369e+00 
1.811369e+00 
1.811369e+00 
1.811369e+00 
1.811369e+00 
1.809524e+00 
1.805607e+00 
1.803575e+00 
1.802486e+00 
1.801880e+00 
1.801529e+00 
1.801320e+00 
1.800447e+00 
1.794948e+00 
1.792343e+00 
1.791093e+00 
1.790484e+00 
1.787347e+00 
1.787347e+00 
1.787347e+00 
1.787347e+00 
1.787347e+00 
1.787347e+00 
1.784621e+00 
1.784621e+00 
1.784621e+00 
1.784621e+00 
1.784621e+00 
1.783862e+00 
1.781917e+00 
1.780907e+00 
1.780365e+00 
1.780063e+00 
1.779888e+00 
1.779784e+00 
1.779719e+00 
1.779678e+00 
1.779652e+00 
1.779635e+00 
1.779623e+00 
1.779616e+00 
1.779611e+00 
1.779607e+00 
1.779605e+00 
1.779603e+00 
1.779602e+00 
1.779602e+00 
1.779601e+00 
1.779589e+00 
1.779589e+00 
1.779412e+00 
1.779412e+00 
1.778614e+00 
1.778358e+00 
1.778358e+00 
1.778358e+00 
1.778358e+00 
1.777852e+00 
1.777852e+00 
1.776058e+00 
1.775152e+00 
1.774643e+00 
1.774643e+00 
1.773449e+00 
1.773449e+00 
1.773449e+00 
1.773449e+00 
1.773449e+00 
1.772952e+00 
1.772952e+00 
1.772952e+00 
1.772952e+00 
1.772868e+00 
1.772868e+00 
1.772868e+00 
1.772868e+00 
1.772868e+00 
1.772868e+00 
1.772868e+00 
1.772868e+00 
1.772868e+00 
1.772868e+00 
1.772868e+00 
1.772868e+00 
1.772868e+00 
1.772868e+00 
1.772868e+00 
1.772868e+00 
1.772868e+00 
1.772868e+00 
1.772844e+00 
1.772844e+00 
1.772844e+00 
1.772844e+00 
1.772844e+00 
1.772805e+00 
1.772702e+00 
1.772565e+00 
1.772565e+00 
1.772481e+00 
1.772377e+00 
1.772338e+00 
1.772327e+00 
1.772325e+00 
1.772325e+00 
1.772325e+00 
1.772324e+00 
1.772324e+00 
1.772324e+00 
1.772324e+00 
1.772324e+00 
1.772323e+00 
1.772323e+00 
1.772323e+00 
1.772323e+00 
1.772323e+00 
1.772323e+00 
1.772323e+00 
1.772323e+00 
1.772323e+00 
1.772286e+00 
1.772286e+00 
1.772141e+00 
1.771987e+00 
1.771853e+00 
1.771847e+00 
1.771834e+00 
1.771834e+00 
1.771834e+00 
1.771834e+00 
1.771834e+00 
1.771813e+00 
1.771764e+00 
1.764405e+00 
1.764405e+00 
1.763814e+00 
1.763814e+00 
1.763814e+00 
1.763814e+00 
1.763814e+00 
1.762652e+00 
1.759946e+00 
1.757728e+00 
1.757728e+00 
1.757191e+00 
1.757191e+00 
1.757191e+00 
1.757191e+00 
1.757191e+00 
1.757191e+00 
1.757191e+00 
1.757191e+00 
1.757191e+00 
1.756741e+00 
1.755475e+00 
1.753705e+00 
1.753304e+00 
1.753304e+00 
1.752962e+00 
1.752957e+00 
1.752713e+00 
1.752713e+00 
1.752564e+00 
1.751983e+00 
1.751983e+00 
1.751983e+00 
1.750582e+00 
1.750582e+00 
1.750582e+00 
1.750582e+00 
1.750582e+00 
1.750582e+00 
1.750582e+00 
1.750582e+00 
1.750582e+00 
1.750582e+00 
1.750582e+00 
1.750582e+00 
1.750582e+00 
1.750582e+00 
1.750582e+00 
1.750582e+00 
1.750582e+00 
1.750582e+00 
1.750451e+00 
1.750451e+00 
1.750451e+00 
1.750451e+00 
1.750451e+00 
1.750451e+00 
1.750451e+00 
1.750451e+00 
1.750451e+00 
1.750451e+00 
1.750451e+00 
1.750451e+00 
1.750451e+00 
1.750451e+00 
1.750451e+00 
1.750451e+00 
1.750406e+00 
1.750406e+00 
1.750406e+00 
1.750406e+00 
1.750406e+00 
1.750406e+00 
1.750405e+00 
1.750405e+00 
1.750405e+00 
1.750383e+00 
1.750383e+00 
1.750383e+00 
1.750383e+00 
1.750383e+00 
1.750383e+00 
1.750273e+00 
1.750273e+00 
1.750273e+00 
1.750273e+00 
1.750273e+00 
1.750273e+00 
1.750273e+00 
1.750267e+00 
1.750267e+00 
1.750249e+00 
1.750249e+00 
1.750249e+00 
1.750249e+00 
1.750235e+00 
1.750235e+00 
1.750235e+00 
1.750235e+00 
1.750235e+00 
1.750235e+00 
1.750235e+00 
1.750235e+00 
1.750234e+00 
1.750234e+00 
1.750234e+00 
1.750234e+00 
1.750234e+00 
1.750234e+00 
1.748196e+00 
1.747433e+00 
1.747433e+00 
1.747433e+00 
1.747429e+00 
1.747379e+00 
1.747379e+00 
1.747379e+00 
1.747376e+00 
1.747357e+00 
1.747357e+00 
1.747198e+00 
1.747198e+00 
1.747198e+00 
1.747111e+00 
1.747026e+00 
1.746972e+00 
1.746781e+00 
1.746717e+00 
1.746675e+00 
1.746675e+00 
1.746611e+00 
1.746571e+00 
1.746571e+00 
1.746571e+00 
1.746564e+00 
1.746518e+00 
1.746499e+00 
1.746499e+00 
1.746499e+00 
1.746499e+00 
1.746103e+00 
1.746103e+00 
1.745997e+00 
1.745978e+00 
1.745978e+00 
1.745978e+00 
1.745978e+00 
1.745911e+00 
1.745780e+00 
1.745686e+00 
1.745628e+00 
1.745543e+00 
1.745435e+00 
1.745276e+00 
1.744939e+00 
1.744758e+00 
1.744657e+00 
1.744488e+00 
1.742712e+00 
1.742712e+00 
1.742712e+00 
1.742557e+00 
1.742557e+00 
1.742557e+00 
1.742557e+00 
1.742557e+00 
1.742557e+00 
1.742557e+00 
1.741743e+00 
1.741743e+00 
1.741743e+00 
1.741743e+00 
1.741743e+00 
1.741743e+00 
1.741743e+00 
1.741743e+00 
1.741743e+00 
1.741743e+00 
1.741743e+00 
1.741743e+00 
1.741743e+00 
1.741743e+00 
1.741743e+00 
1.741743e+00 
1.741743e+00 
1.741743e+00 
1.741743e+00 
1.741739e+00 
1.741739e+00 
1.741739e+00 
1.741739e+00 
1.741739e+00 
1.741607e+00 
1.741607e+00 
1.741607e+00 
1.741607e+00 
1.741607e+00 
1.741607e+00 
1.741607e+00 
1.741544e+00 
1.741017e+00 
1.741017e+00 
1.741017e+00 
1.741017e+00 
1.741017e+00 
1.740988e+00 
1.740311e+00 
1.739903e+00 
1.739650e+00 
1.739491e+00 
1.739389e+00 
1.739322e+00 
1.739279e+00 
1.739251e+00 
1.739232e+00 
1.739220e+00 
1.739211e+00 
1.739206e+00 
1.739202e+00 
1.739200e+00 
1.739199e+00 
1.739198e+00 
1.739197e+00 
1.513476e+00 
1.513476e+00 
1.513476e+00 
1.513476e+00 
1.513476e+00 
1.513476e+00 
1.513476e+00 
1.513476e+00 
1.513476e+00 
1.513476e+00 
1.513476e+00 
1.513476e+00 
1.513476e+00 
1.513476e+00 
1.513476e+00 
1.513476e+00 
1.513476e+00 
1.513476e+00 
1.513476e+00 
1.513476e+00 
1.513476e+00 
1.513476e+00 
1.513476e+00 
1.513476e+00 
1.513476e+00 
1.513476e+00 
1.500837e+00 
1.500837e+00 
1.500837e+00 
1.500837e+00 
1.500837e+00 
1.500837e+00 
1.500837e+00 
1.500837e+00 
1.500837e+00 
1.442243e+00 
1.442243e+00 
1.442243e+00 
1.418071e+00 
1.418071e+00 
1.418071e+00 
1.418071e+00 
1.418071e+00 
1.418071e+00 
1.418071e+00 
1.418071e+00 
1.418071e+00 
1.418071e+00 
1.418071e+00 
1.418071e+00 
1.418071e+00 
1.418071e+00 
1.418071e+00 
1.418071e+00 
1.418071e+00 
1.418071e+00 
1.418071e+00 
1.418071e+00 
1.418071e+00 
1.418071e+00 
1.418071e+00 
1.418071e+00 
1.418071e+00 
1.418071e+00 
1.418071e+00 
1.418071e+00 
1.386893e+00 
1.386893e+00 
1.386893e+00 
1.386893e+00 
1.028999e+00 
1.028999e+00 
1.028999e+00 
1.028999e+00 
1.028999e+00 
1.028999e+00 
1.028999e+00 
1.028999e+00 
1.028999e+00 
1.028999e+00 
1.028999e+00 
1.028999e+00 
1.028999e+00 
1.028999e+00 
1.028999e+00 
1.028999e+00 
1.028999e+00 
1.028999e+00 
1.028999e+00 
1.028999e+00 
1.028999e+00 
1.028999e+00 
7.805041e-01 
7.805041e-01 
7.805041e-01 
7.805041e-01 
7.531537e-01 
7.531537e-01 
7.531537e-01 
7.531537e-01 
7.531537e-01 
7.531537e-01 
7.492075e-01 
7.492075e-01 
7.492075e-01 
7.492075e-01 
7.492075e-01 
7.492075e-01 
7.492075e-01 
7.492075e-01 
7.492075e-01 
7.492075e-01 
7.492075e-01 
7.492075e-01 
7.478239e-01 
7.478239e-01 
7.478239e-01 
7.478239e-01 
7.478239e-01 
7.478239e-01 
7.478239e-01 
7.478239e-01 
7.473461e-01 
7.472687e-01 
7.472687e-01 
7.472687e-01 
7.467478e-01 
7.462807e-01 
7.460047e-01 
7.458366e-01 
7.457320e-01 
7.456659e-01 
7.456235e-01 
7.455961e-01 
7.455784e-01 
7.455669e-01 
7.455593e-01 
7.455544e-01 
7.455512e-01 
7.455490e-01 
7.455477e-01 
7.455468e-01 
7.455462e-01 
7.455458e-01 
7.455455e-01 
7.455454e-01 
7.455452e-01 
7.455452e-01 
7.455451e-01 
7.455451e-01 
7.455451e-01 
7.455451e-01 
7.455450e-01 
7.455450e-01 
7.455450e-01 
7.455450e-01 
7.455450e-01 
7.455450e-01 
7.455450e-01 
7.455450e-01 
7.455450e-01 
7.455450e-01 
7.455450e-01 
7.455450e-01 
7.455450e-01 
7.455450e-01 
7.455450e-01 
7.455450e-01 
7.455450e-01 
7.455450e-01 
7.455450e-01 
7.455450e-01 
7.455450e-01 
7.455450e-01 
7.455450e-01 
7.455450e-01 
7.455450e-01 
7.455450e-01 
7.455450e-01 
7.455450e-01 
7.455450e-01 
7.455450e-01 
7.455450e-01 
7.455450e-01 
7.455450e-01 
7.455450e-01 
7.455450e-01 
7.455450e-01 
7.336144e-01 
7.322806e-01 
7.322806e-01 
7.322806e-01 
7.322806e-01 
7.297649e-01 
7.297649e-01 
7.297649e-01 
7.296294e-01 
7.296294e-01 
7.296294e-01 
7.281290e-01 
7.281290e-01 
7.281290e-01 
7.280169e-01 
7.267622e-01 
7.252715e-01 
7.236933e-01 
7.227350e-01 
7.221402e-01 
7.217652e-01 
7.215261e-01 
7.212977e-01 
7.208861e-01 
7.206021e-01 
7.204310e-01 
7.195733e-01 
7.183717e-01 
7.172275e-01 
7.161796e-01 
7.155625e-01 
7.149102e-01 
7.144404e-01 
7.139912e-01 
7.137348e-01 
7.134538e-01 
7.132892e-01 
7.132114e-01 
7.129771e-01 
7.128392e-01 
7.127595e-01 
7.127119e-01 
7.126827e-01 
7.126122e-01 
7.125320e-01 
7.124812e-01 
7.124488e-01 
7.124029e-01 
7.123469e-01 
7.122870e-01 
7.098320e-01 
7.098320e-01 
7.087684e-01 
7.085422e-01 
7.085422e-01 
7.085422e-01 
7.085422e-01 
7.085422e-01 
7.085422e-01 
7.083887e-01 
7.082781e-01 
7.082781e-01 
7.082781e-01 
7.082781e-01 
7.082781e-01 
7.082781e-01 
7.079883e-01 
7.079883e-01 
7.077280e-01 
7.077280e-01 
7.077280e-01 
7.077280e-01 
7.077280e-01 
7.077280e-01 
7.077280e-01 
7.077280e-01 
7.077129e-01 
7.077024e-01 
7.077024e-01 
7.077024e-01 
7.077024e-01 
7.077024e-01 
7.077024e-01 
7.076843e-01 
7.076770e-01 
7.076756e-01 
7.076756e-01 
7.076730e-01 
7.076724e-01 
7.076724e-01 
7.076721e-01 
7.076721e-01 
7.076721e-01 
7.076697e-01 
7.076647e-01 
7.076616e-01 
7.076595e-01 
7.076582e-01 
7.076573e-01 
7.076568e-01 
7.076564e-01 
7.076562e-01 
7.076560e-01 
7.076559e-01 
7.076559e-01 
7.076558e-01 
7.076558e-01 
7.076558e-01 
7.076558e-01 
7.076558e-01 
7.076558e-01 
7.076558e-01 
7.076558e-01 
7.076558e-01 
7.076558e-01 
7.076558e-01 
7.066216e-01 
7.064287e-01 
7.064287e-01 
7.064287e-01 
7.027130e-01 
7.004375e-01 
6.997245e-01 
6.995839e-01 
6.995839e-01 
6.986114e-01 
6.981251e-01 
6.978817e-01 
6.977538e-01 
6.976834e-01 
6.976431e-01 
6.976191e-01 
6.976045e-01 
6.975955e-01 
6.975898e-01 
6.975861e-01 
6.975838e-01 
6.970715e-01 
6.968060e-01 
6.963558e-01 
6.960864e-01 
6.956542e-01 
6.954046e-01 
6.952595e-01 
6.951608e-01 
6.950990e-01 
6.950824e-01 
6.950813e-01 
6.949019e-01 
6.947766e-01 
6.947298e-01 
6.947138e-01 
6.946512e-01 
6.946191e-01 
6.944932e-01 
6.943881e-01 
6.912285e-01 
6.896139e-01 
6.871915e-01 
6.843690e-01 
6.823170e-01 
6.813350e-01 
6.806112e-01 
6.798124e-01 
6.794086e-01 
6.787462e-01 
6.783695e-01 
6.781545e-01 
6.780276e-01 
6.776910e-01 
6.774476e-01 
6.772968e-01 
6.770588e-01 
6.769194e-01 
6.768354e-01 
6.767580e-01 
6.767095e-01 
6.766822e-01 
6.766617e-01 
6.766483e-01 
6.766363e-01 
6.766316e-01 
6.766303e-01 
6.766301e-01 
6.766150e-01 
6.766048e-01 
6.765992e-01 
6.765961e-01 
6.765943e-01 
6.765932e-01 
6.765925e-01 
6.761661e-01 
6.759401e-01 
6.759401e-01 
6.745134e-01 
6.743070e-01 
6.733409e-01 
6.728483e-01 
6.725851e-01 
6.724380e-01 
6.723526e-01 
6.699203e-01 
6.686657e-01 
6.686657e-01 
6.684935e-01 
6.684527e-01 
6.678009e-01 
6.677618e-01 
6.677618e-01 
6.677618e-01 
6.677618e-01 
6.673358e-01 
6.673358e-01 
6.673358e-01 
6.673358e-01 
6.673358e-01 
6.673358e-01 
6.673358e-01 
6.673358e-01 
6.673358e-01 
6.663815e-01 
6.662208e-01 
6.662208e-01 
6.660159e-01 
6.660159e-01 
6.660159e-01 
6.660159e-01 
6.660159e-01 
6.655871e-01 
6.654237e-01 
6.653795e-01 
6.653762e-01 
6.653762e-01 
6.653750e-01 
6.653750e-01 
6.653405e-01 
6.653167e-01 
6.650348e-01 
6.646236e-01 
6.643904e-01 
6.643246e-01 
6.643172e-01 
6.643172e-01 
6.643172e-01 
6.642202e-01 
6.642202e-01 
6.642202e-01 
6.637881e-01 
6.635255e-01 
6.635255e-01 
6.634249e-01 
6.634249e-01 
6.631475e-01 
6.629021e-01 
6.628187e-01 
6.626895e-01 
6.626332e-01 
6.626201e-01 
6.626201e-01 
6.626142e-01 
6.625913e-01 
6.625577e-01 
6.625390e-01 
6.625282e-01 
6.624565e-01 
6.624067e-01 
6.624030e-01 
6.624030e-01 
6.623992e-01 
6.623992e-01 
6.623755e-01 
6.623513e-01 
6.584901e-01 
6.584901e-01 
6.579010e-01 
6.575965e-01 
6.575965e-01 
6.556464e-01 
6.556464e-01 
6.535237e-01 
6.535237e-01 
6.535237e-01 
6.506697e-01 
6.493696e-01 
6.493696e-01 
6.493696e-01 
6.493696e-01 
6.486698e-01 
6.484674e-01 
6.480105e-01 
6.480105e-01 
6.479075e-01 
6.476866e-01 
6.455701e-01 
6.455701e-01 
6.455701e-01 
6.455701e-01 
6.455701e-01 
6.455701e-01 
6.455701e-01 
6.455701e-01 
6.455701e-01 
6.455701e-01 
6.455701e-01 
6.455701e-01 
6.454640e-01 
6.454640e-01 
6.454640e-01 
6.452197e-01 
6.452197e-01 
6.452197e-01 
6.442046e-01 
6.442046e-01 
6.442046e-01 
6.442046e-01 
6.442046e-01 
6.442020e-01 
6.442020e-01 
6.442020e-01 
6.442020e-01 
6.442020e-01 
6.442020e-01 
6.147181e-01 
6.147181e-01 
6.147181e-01 
6.147181e-01 
6.147181e-01 
6.147181e-01 
6.147181e-01 
6.147181e-01 
6.147181e-01 
6.147181e-01 
6.147181e-01 
6.147181e-01 
6.147181e-01 
6.147181e-01 
6.147181e-01 
6.147181e-01 
6.147181e-01 
6.147181e-01 
6.147181e-01 
6.147181e-01 
6.147181e-01 
6.147181e-01 
6.147181e-01 
6.147181e-01 
6.147181e-01 
6.147181e-01 
6.147181e-01 
6.147181e-01 
6.147181e-01 
6.147181e-01 
6.147181e-01 
6.147181e-01 
6.128804e-01 
6.128804e-01 
5.981098e-01 
5.981098e-01 
5.981098e-01 
5.981098e-01 
5.981098e-01 
5.981098e-01 
5.981098e-01 
5.981098e-01 
5.979555e-01 
5.979555e-01 
5.979555e-01 
5.979555e-01 
5.979555e-01 
5.979555e-01 
5.979555e-01 
5.979555e-01 
5.979555e-01 
5.979555e-01 
5.979555e-01 
5.965759e-01 
5.965759e-01 
5.965759e-01 
5.965759e-01 
5.965759e-01 
5.965759e-01 
5.965759e-01 
5.965759e-01 
5.965759e-01 
5.965759e-01 
5.965759e-01 
5.965759e-01 
5.965759e-01 
5.965759e-01 
5.965759e-01 
5.965759e-01 
5.964735e-01 
5.964735e-01 
5.961978e-01 
5.961978e-01 
5.961978e-01 
5.961978e-01 
5.961978e-01 
5.961978e-01 
5.961978e-01 
5.961978e-01 
5.961978e-01 
5.961978e-01 
5.961978e-01 
5.961978e-01 
5.961978e-01 
5.961978e-01 
5.961978e-01 
5.958338e-01 
5.956826e-01 
5.954190e-01 
5.943882e-01 
5.939475e-01 
5.939475e-01 
5.934264e-01 
5.934264e-01 
5.934264e-01 
5.934264e-01 
5.934264e-01 
5.932713e-01 
5.932713e-01 
5.932713e-01 
5.924705e-01 
5.924705e-01 
5.921075e-01 
5.906994e-01 
5.903023e-01 
5.893337e-01 
5.879581e-01 
5.879581e-01 
5.858104e-01 
5.858104e-01 
5.858104e-01 
5.858104e-01 
5.849840e-01 
5.839151e-01 
5.836933e-01 
5.836933e-01 
5.836933e-01 
5.836357e-01 
5.836357e-01 
5.836357e-01 
5.835906e-01 
5.832862e-01 
5.832862e-01 
5.832467e-01 
5.832467e-01 
5.832467e-01 
5.832467e-01 
5.831730e-01 
5.831642e-01 
5.829361e-01 
5.822973e-01 
5.821058e-01 
5.821058e-01 
5.821058e-01 
5.821058e-01 
5.819386e-01 
5.816605e-01 
5.815025e-01 
5.814099e-01 
5.813542e-01 
5.800774e-01 
5.800774e-01 
5.791901e-01 
5.791901e-01 
5.791901e-01 
5.791901e-01 
5.788341e-01 
5.786821e-01 
5.786821e-01 
5.784007e-01 
5.780599e-01 
5.778213e-01 
5.775102e-01 
5.773707e-01 
5.773053e-01 
5.772730e-01 
5.772561e-01 
5.771036e-01 
5.770030e-01 
5.770030e-01 
5.770030e-01 
5.770030e-01 
5.770030e-01 
5.768096e-01 
5.766515e-01 
5.765937e-01 
5.765739e-01 
5.758127e-01 
5.754937e-01 
5.751696e-01 
5.751696e-01 
5.751696e-01 
5.743963e-01 
5.743963e-01 
5.743963e-01 
5.743963e-01 
5.743963e-01 
5.730296e-01 
5.730296e-01 
5.730296e-01 
5.723406e-01 
5.720225e-01 
5.719787e-01 
5.719787e-01 
5.719787e-01 
5.719787e-01 
5.719787e-01 
5.719787e-01 
5.719497e-01 
5.719466e-01 
5.719466e-01 
5.719466e-01 
5.719363e-01 
5.719266e-01 
5.719211e-01 
5.719178e-01 
5.714945e-01 
5.714945e-01 
5.706972e-01 
5.705420e-01 
5.703026e-01 
5.703026e-01 
5.703026e-01 
5.703026e-01 
5.703026e-01 
5.700963e-01 
5.699950e-01 
5.699950e-01 
5.699950e-01 
5.694827e-01 
5.693700e-01 
5.693103e-01 
5.691550e-01 
5.691550e-01 
5.691013e-01 
5.691013e-01 
5.691013e-01 
5.688236e-01 
5.687137e-01 
5.687137e-01 
5.686618e-01 
5.686618e-01 
5.686618e-01 
5.685254e-01 
5.682246e-01 
5.682246e-01 
5.674320e-01 
5.672199e-01 
5.667104e-01 
5.665132e-01 
5.664373e-01 
5.664084e-01 
5.663976e-01 
5.663937e-01 
5.663923e-01 
5.663919e-01 
5.657635e-01 
5.657635e-01 
5.657635e-01 
5.657635e-01 
5.657635e-01 
5.657635e-01 
5.657635e-01 
5.657635e-01 
5.657635e-01 
5.657635e-01 
5.657635e-01 
5.657635e-01 
5.657635e-01 
5.657635e-01 
5.657635e-01 
5.657635e-01 
5.657635e-01 
5.657635e-01 
5.657635e-01 
5.657635e-01 
5.657635e-01 
5.657635e-01 
5.657635e-01 
5.657635e-01 
5.657635e-01 
5.657635e-01 
5.657635e-01 
5.657635e-01 
5.657635e-01 
5.657635e-01 
5.657635e-01 
5.657635e-01 
5.657635e-01 
5.657635e-01 
5.657635e-01 
5.657635e-01 
5.657635e-01 
5.657635e-01 
5.655136e-01 
5.655136e-01 
5.655136e-01 
5.655136e-01 
5.655136e-01 
5.655136e-01 
5.655136e-01 
5.655136e-01 
5.655136e-01 
5.655136e-01 
5.655136e-01 
5.655136e-01 
5.655136e-01 
5.655136e-01 
5.655136e-01 
5.655136e-01 
5.655136e-01 
5.655136e-01 
5.655136e-01 
5.655136e-01 
5.655136e-01 
5.655136e-01 
5.655136e-01 
5.655136e-01 
5.655136e-01 
5.655136e-01 
5.655136e-01 
5.653686e-01 
5.653686e-01 
5.650591e-01 
5.650591e-01 
5.650591e-01 
5.642912e-01 
5.634268e-01 
5.632023e-01 
5.631838e-01 
5.631838e-01 
5.631589e-01 
5.631451e-01 
5.631451e-01 
5.631421e-01 
5.631421e-01 
5.631421e-01 
5.631379e-01 
5.631327e-01 
5.631326e-01 
5.631326e-01 
5.631326e-01 
5.631300e-01 
5.631277e-01 
5.631264e-01 
5.631256e-01 
5.631251e-01 
5.631247e-01 
5.631246e-01 
5.631244e-01 
5.631244e-01 
5.631243e-01 
5.631243e-01 
5.631243e-01 
5.631243e-01 
5.631243e-01 
5.631242e-01 
5.631242e-01 
5.624547e-01 
5.624547e-01 
5.621777e-01 
5.613046e-01 
5.613046e-01 
5.613046e-01 
5.611866e-01 
5.611866e-01 
5.611866e-01 
5.609867e-01 
5.609867e-01 
5.605738e-01 
5.604802e-01 
5.604802e-01 
5.604802e-01 
5.604464e-01 
5.604464e-01 
5.604185e-01 
5.604185e-01 
5.604185e-01 
5.604185e-01 
5.604185e-01 
5.604185e-01 
5.598457e-01 
5.594513e-01 
5.594513e-01 
5.594132e-01 
5.594132e-01 
5.593601e-01 
5.593601e-01 
5.593601e-01 
5.593601e-01 
5.590223e-01 
5.586928e-01 
5.586379e-01 
5.586379e-01 
5.583471e-01 
5.583471e-01 
5.583471e-01 
5.583471e-01 
5.582814e-01 
5.582814e-01 
5.582814e-01 
5.580178e-01 
5.576434e-01 
5.567966e-01 
5.567966e-01 
5.566616e-01 
5.561350e-01 
5.559972e-01 
5.558125e-01 
5.553710e-01 
5.549641e-01 
5.549641e-01 
5.549641e-01 
5.546187e-01 
5.546187e-01 
5.546187e-01 
5.546187e-01 
5.546187e-01 
5.544176e-01 
5.542640e-01 
5.540953e-01 
5.540953e-01 
5.540953e-01 
5.540413e-01 
5.532438e-01 
5.532438e-01 
5.532438e-01 
5.532438e-01 
5.530629e-01 
5.529402e-01 
5.529402e-01 
5.529402e-01 
5.513032e-01 
5.512864e-01 
5.512864e-01 
5.512864e-01 
5.511316e-01 
5.511316e-01 
5.510599e-01 
5.508524e-01 
5.507216e-01 
5.506791e-01 
5.506673e-01 
5.484749e-01 
5.467185e-01 
5.462200e-01 
5.459769e-01 
5.459430e-01 
5.459430e-01 
5.458647e-01 
5.457369e-01 
5.453059e-01 
5.453059e-01 
5.452530e-01 
5.451207e-01 
5.450496e-01 
5.450099e-01 
5.449090e-01 
5.446430e-01 
5.445472e-01 
5.445141e-01 
5.441559e-01 
5.440902e-01 
5.440902e-01 
5.440902e-01 
5.440902e-01 
5.440902e-01 
5.440902e-01 
5.438204e-01 
5.438204e-01 
5.438204e-01 
5.434601e-01 
5.432511e-01 
5.429055e-01 
5.425042e-01 
5.415646e-01 
5.409693e-01 
5.409693e-01 
5.409693e-01 
5.406525e-01 
5.402058e-01 
5.402058e-01 
5.401269e-01 
5.396060e-01 
5.386145e-01 
5.385751e-01 
5.385107e-01 
5.380252e-01 
5.376460e-01 
5.376460e-01 
5.374406e-01 
5.365600e-01 
5.360930e-01 
5.360930e-01 
5.358491e-01 
5.358491e-01 
5.358491e-01 
5.358491e-01 
5.356923e-01 
5.356078e-01 
5.354461e-01 
5.354461e-01 
5.352097e-01 
5.351714e-01 
5.351714e-01 
5.351714e-01 
5.351295e-01 
5.350924e-01 
5.350829e-01 
5.348153e-01 
5.347806e-01 
5.346566e-01 
5.346035e-01 
5.345530e-01 
5.344395e-01 
5.336298e-01 
5.329790e-01 
5.319109e-01 
5.310768e-01 
5.309197e-01 
5.308704e-01 
5.308360e-01 
5.307860e-01 
5.307860e-01 
5.307860e-01 
5.305915e-01 
5.305915e-01 
5.304862e-01 
5.302300e-01 
5.302300e-01 
5.301677e-01 
5.300609e-01 
5.300058e-01 
5.299759e-01 
5.297810e-01 
5.297810e-01 
5.297810e-01 
5.297810e-01 
5.297810e-01 
5.294572e-01 
5.293111e-01 
5.292540e-01 
5.292540e-01 
5.292540e-01 
5.290348e-01 
5.288517e-01 
5.286827e-01 
5.285920e-01 
5.285518e-01 
5.285329e-01 
5.285103e-01 
5.284328e-01 
5.284067e-01 
5.284067e-01 
5.282072e-01 
5.281573e-01 
5.281573e-01 
5.281573e-01 
5.277716e-01 
5.275124e-01 
5.275124e-01 
5.275124e-01 
5.274255e-01 
5.269805e-01 
5.268425e-01 
5.268425e-01 
5.267938e-01 
5.267938e-01 
5.267328e-01 
5.262597e-01 
5.262597e-01 
5.262597e-01 
5.255819e-01 
5.255819e-01 
5.255819e-01 
5.251335e-01 
5.251335e-01 
5.250342e-01 
5.249862e-01 
5.249862e-01 
5.237091e-01 
5.237091e-01 
5.237091e-01 
5.237091e-01 
5.237091e-01 
5.237091e-01 
5.237091e-01 
5.237091e-01 
5.237091e-01 
5.236973e-01 
5.236973e-01 
5.234278e-01 
5.234278e-01 
5.232858e-01 
5.228157e-01 
5.228157e-01 
5.227156e-01 
5.226638e-01 
5.226620e-01 
5.226620e-01 
5.226510e-01 
5.226451e-01 
5.225367e-01 
5.225367e-01 
5.225367e-01 
5.225367e-01 
5.224357e-01 
5.224357e-01 
5.220220e-01 
5.220220e-01 
5.220220e-01 
5.220220e-01 
5.219741e-01 
5.219741e-01 
5.217477e-01 
5.217477e-01 
5.217477e-01 
5.217477e-01 
5.217477e-01 
5.217477e-01 
5.198817e-01 
5.198817e-01 
5.198817e-01 
5.198817e-01 
5.198817e-01 
5.198817e-01 
5.198817e-01 
5.198817e-01 
5.198817e-01 
5.193184e-01 
5.182651e-01 
5.182651e-01 
5.182651e-01 
5.182651e-01 
5.176674e-01 
5.176674e-01 
5.176046e-01 
5.176046e-01 
5.176046e-01 
5.176046e-01 
5.175805e-01 
5.175805e-01 
5.175805e-01 
5.175805e-01 
5.172648e-01 
5.170975e-01 
5.170975e-01 
5.169942e-01 
5.169942e-01 
5.169942e-01 
5.168667e-01 
5.168510e-01 
5.161863e-01 
5.161863e-01 
5.161863e-01 
5.161863e-01 
5.161863e-01 
5.161863e-01 
5.161863e-01 
5.161863e-01 
5.161863e-01 
5.161863e-01 
5.161863e-01 
5.161863e-01 
5.161863e-01 
5.161863e-01 
5.159674e-01 
5.159405e-01 
5.159405e-01 
5.159405e-01 
5.158907e-01 
5.153081e-01 
5.153081e-01 
5.153081e-01 
5.146484e-01 
5.143386e-01 
5.141424e-01 
5.141424e-01 
5.141424e-01 
5.141424e-01 
5.141424e-01 
5.141424e-01 
5.137897e-01 
5.137441e-01 
5.137441e-01 
5.137441e-01 
5.134953e-01 
5.134953e-01 
5.134953e-01 
5.134709e-01 
5.134709e-01 
5.134436e-01 
5.134436e-01 
5.134436e-01 
5.134411e-01 
5.134411e-01 
5.134411e-01 
5.131104e-01 
5.131104e-01 
5.131104e-01 
5.131104e-01 
5.131104e-01 
5.131104e-01 
5.131104e-01 
5.131104e-01 
5.120573e-01 
5.120573e-01 
5.120573e-01 
5.120573e-01 
5.120573e-01 
5.120573e-01 
5.120573e-01 
5.120573e-01 
5.120185e-01 
5.120185e-01 
5.119857e-01 
5.119857e-01 
5.119857e-01 
5.119857e-01 
5.119657e-01 
5.119657e-01 
5.119657e-01 
5.119462e-01 
5.118046e-01 
5.117680e-01 
5.117635e-01 
5.117635e-01 
5.117595e-01 
5.117595e-01 
5.117595e-01 
5.114920e-01 
5.114920e-01 
5.114920e-01 
5.112645e-01 
5.112645e-01 
5.112645e-01 
5.112643e-01 
5.112643e-01 
5.112643e-01 
5.112643e-01 
5.112643e-01 
5.111300e-01 
5.109039e-01 
5.109039e-01 
5.109039e-01 
5.105592e-01 
5.105592e-01 
5.105592e-01 
5.105592e-01 
5.105592e-01 
5.105592e-01 
5.096453e-01 
5.096453e-01 
5.094495e-01 
5.094495e-01 
5.093683e-01 
5.093683e-01 
5.093683e-01 
5.093683e-01 
5.091541e-01 
5.090874e-01 
5.090874e-01 
5.090140e-01 
5.089629e-01 
5.087150e-01 
5.087150e-01 
5.087150e-01 
5.086356e-01 
5.086356e-01 
5.085332e-01 
5.085157e-01 
5.085157e-01 
5.085139e-01 
5.085139e-01 
5.085139e-01 
5.085019e-01 
5.084878e-01 
5.084811e-01 
5.084777e-01 
5.084759e-01 
5.084749e-01 
5.084744e-01 
5.084740e-01 
5.084738e-01 
5.084737e-01 
5.084736e-01 
5.084736e-01 
5.084736e-01 
5.084736e-01 
5.084736e-01 
5.084736e-01 
5.084404e-01 
5.084198e-01 
5.084198e-01 
5.084120e-01 
5.084120e-01 
5.083735e-01 
5.083012e-01 
5.082904e-01 
5.081939e-01 
5.081589e-01 
5.081253e-01 
5.081078e-01 
5.081007e-01 
5.080883e-01 
5.078186e-01 
5.078186e-01 
5.075473e-01 
5.075473e-01 
5.072421e-01 
5.072421e-01 
5.072421e-01 
5.072421e-01 
5.068515e-01 
5.068515e-01 
5.068515e-01 
5.065582e-01 
5.065582e-01 
5.064959e-01 
5.064959e-01 
5.064959e-01 
5.064959e-01 
5.064959e-01 
5.064366e-01 
5.063936e-01 
5.063936e-01 
5.063936e-01 
5.063757e-01 
5.063757e-01 
5.063509e-01 
5.063236e-01 
5.063110e-01 
5.063048e-01 
5.063016e-01 
5.062998e-01 
5.062988e-01 
5.062983e-01 
5.062979e-01 
5.062978e-01 
5.062976e-01 
5.062976e-01 
5.062975e-01 
5.062975e-01 
5.062975e-01 
5.062975e-01 
5.062975e-01 
5.062975e-01 
5.062975e-01 
5.062975e-01 
5.062975e-01 
5.062975e-01 
5.062975e-01 
5.062975e-01 
5.062975e-01 
5.059316e-01 
5.058622e-01 
5.058622e-01 
5.058292e-01 
5.058292e-01 
5.055285e-01 
5.055285e-01 
5.055285e-01 
5.054467e-01 
5.054467e-01 
5.052485e-01 
5.052485e-01 
5.052485e-01 
5.052485e-01 
5.052355e-01 
5.051756e-01 
5.051689e-01 
5.051689e-01 
5.051689e-01 
5.051023e-01 
5.050659e-01 
5.050603e-01 
5.050603e-01 
5.050085e-01 
5.049873e-01 
5.049685e-01 
5.049505e-01 
5.049477e-01 
5.049116e-01 
5.049116e-01 
5.049116e-01 
5.049116e-01 
5.049051e-01 
5.048978e-01 
5.048950e-01 
5.047568e-01 
5.047568e-01 
5.047568e-01 
5.046762e-01 
5.046762e-01 
5.046762e-01 
5.046730e-01 
5.046730e-01 
5.046730e-01 
5.044044e-01 
5.044008e-01 
5.043869e-01 
5.043750e-01 
5.042504e-01 
5.042504e-01 
5.041974e-01 
5.041974e-01 
5.041974e-01 
5.041968e-01 
5.041968e-01 
5.041960e-01 
5.041960e-01 
5.041960e-01 
5.041927e-01 
5.041156e-01 
5.040577e-01 
5.040577e-01 
5.038415e-01 
5.038415e-01 
5.038415e-01 
5.037304e-01 
5.035550e-01 
5.035550e-01 
5.035550e-01 
5.034610e-01 
5.034037e-01 
5.032765e-01 
5.032202e-01 
5.031323e-01 
5.029936e-01 
5.027789e-01 
5.026410e-01 
5.026289e-01 
5.025743e-01 
5.025743e-01 
5.025743e-01 
5.024930e-01 
5.024930e-01 
5.016610e-01 
5.016610e-01 
5.009203e-01 
4.995322e-01 
4.995322e-01 
4.990241e-01 
4.990241e-01 
4.990241e-01 
4.982532e-01 
4.978549e-01 
4.970657e-01 
4.970657e-01 
4.966510e-01 
4.966032e-01 
4.965078e-01 
4.961546e-01 
4.961546e-01 
4.960874e-01 
4.960874e-01 
4.960874e-01 
4.960874e-01 
4.960874e-01 
4.960874e-01 
4.960874e-01 
4.960787e-01 
4.960787e-01 
4.959110e-01 
4.954268e-01 
4.948618e-01 
4.946671e-01 
4.946671e-01 
4.946671e-01 
4.946671e-01 
4.941559e-01 
4.935593e-01 
4.920569e-01 
4.913871e-01 
4.907742e-01 
4.905835e-01 
4.905835e-01 
4.905835e-01 
4.905176e-01 
4.903868e-01 
4.898671e-01 
4.898671e-01 
4.898671e-01 
4.898671e-01 
4.897499e-01 
4.897499e-01 
4.893627e-01 
4.893548e-01 
4.893548e-01 
4.893548e-01 
4.893442e-01 
4.893442e-01 
4.893422e-01 
4.890522e-01 
4.889606e-01 
4.889606e-01 
4.888419e-01 
4.888419e-01 
4.888419e-01 
4.888419e-01 
4.887363e-01 
4.886816e-01 
4.886816e-01 
4.886816e-01 
4.886816e-01 
4.886813e-01 
4.886813e-01 
4.886600e-01 
4.882232e-01 
4.882232e-01 
4.878668e-01 
4.872930e-01 
4.869832e-01 
4.869832e-01 
4.864734e-01 
4.864734e-01 
4.864734e-01 
4.862997e-01 
4.861618e-01 
4.861618e-01 
4.861454e-01 
4.861454e-01 
4.857452e-01 
4.854881e-01 
4.854881e-01 
4.854881e-01 
4.854309e-01 
4.853326e-01 
4.852357e-01 
4.847413e-01 
4.847413e-01 
4.847413e-01 
4.846623e-01 
4.845296e-01 
4.841065e-01 
4.841065e-01 
4.841065e-01 
4.841065e-01 
4.839227e-01 
4.839227e-01 
4.834247e-01 
4.831718e-01 
4.830358e-01 
4.829805e-01 
4.829565e-01 
4.829453e-01 
4.829397e-01 
4.829368e-01 
4.829352e-01 
4.824381e-01 
4.821930e-01 
4.821930e-01 
4.821930e-01 
4.821930e-01 
4.820787e-01 
4.816425e-01 
4.816425e-01 
4.814327e-01 
4.814327e-01 
4.814327e-01 
4.814240e-01 
4.814240e-01 
4.814240e-01 
4.814240e-01 
4.814240e-01 
4.814044e-01 
4.814044e-01 
4.814044e-01 
4.814044e-01 
4.814044e-01 
4.814027e-01 
4.814027e-01 
4.814027e-01 
4.814027e-01 
4.812449e-01 
4.805789e-01 
4.805789e-01 
4.805789e-01 
4.805789e-01 
4.802493e-01 
4.802493e-01 
4.802493e-01 
4.802493e-01 
4.802421e-01 
4.802421e-01 
4.802421e-01 
4.798960e-01 
4.798240e-01 
4.797994e-01 
4.797994e-01 
4.797572e-01 
4.796834e-01 
4.796622e-01 
4.796601e-01 
4.796601e-01 
4.796310e-01 
4.795962e-01 
4.795760e-01 
4.795677e-01 
4.795677e-01 
4.795062e-01 
4.794805e-01 
4.794693e-01 
4.794461e-01 
4.794369e-01 
4.794331e-01 
4.794331e-01 
4.794225e-01 
4.794147e-01 
4.794105e-01 
4.792812e-01 
4.792774e-01 
4.792355e-01 
4.792355e-01 
4.792355e-01 
4.792192e-01 
4.792192e-01 
4.791771e-01 
4.791327e-01 
4.791181e-01 
4.791135e-01 
4.791121e-01 
4.791117e-01 
4.791117e-01 
4.791018e-01 
4.790980e-01 
4.790980e-01 
4.790931e-01 
4.790931e-01 
4.790931e-01 
4.790931e-01 
4.790931e-01 
4.790931e-01 
4.790931e-01 
4.790931e-01 
4.790931e-01 
4.790891e-01 
4.790860e-01 
4.790835e-01 
4.790835e-01 
4.790835e-01 
4.790820e-01 
4.790820e-01 
4.790820e-01 
4.790812e-01 
4.790806e-01 
4.790806e-01 
4.790806e-01 
4.790796e-01 
4.790796e-01 
4.790796e-01 
4.790796e-01 
4.790794e-01 
4.790794e-01 
4.790436e-01 
4.790436e-01 
4.790436e-01 
4.790301e-01 
4.790246e-01 
4.790246e-01 
4.789282e-01 
4.785730e-01 
4.785042e-01 
4.780948e-01 
4.778861e-01 
4.778861e-01 
4.778861e-01 
4.775288e-01 
4.775165e-01 
4.773382e-01 
4.773251e-01 
4.773251e-01 
4.773251e-01 
4.773251e-01 
4.772306e-01 
4.771350e-01 
4.771350e-01 
4.768733e-01 
4.768733e-01 
4.768733e-01 
4.768481e-01 
4.768481e-01 
4.768481e-01 
4.768460e-01 
4.768460e-01 
4.767241e-01 
4.767046e-01 
4.766262e-01 
4.766262e-01 
4.766262e-01 
4.763391e-01 
4.763391e-01 
4.763391e-01 
4.762794e-01 
4.762794e-01 
4.762794e-01 
4.762794e-01 
4.762794e-01 
4.762794e-01 
4.762794e-01 
4.762794e-01 
4.762794e-01 
4.762794e-01 
4.762794e-01 
4.762635e-01 
4.762635e-01 
4.762342e-01 
4.762342e-01 
4.761737e-01 
4.761737e-01 
4.761060e-01 
4.760773e-01 
4.759307e-01 
4.757301e-01 
4.755827e-01 
4.754643e-01 
4.753584e-01 
4.751167e-01 
4.750378e-01 
4.748807e-01 
4.748303e-01 
4.747525e-01 
4.746946e-01 
4.744075e-01 
4.744075e-01 
4.744075e-01 
4.744075e-01 
4.743998e-01 
4.743998e-01 
4.743998e-01 
4.743936e-01 
4.743879e-01 
4.743670e-01 
4.743670e-01 
4.743670e-01 
4.743515e-01 
4.743363e-01 
4.743363e-01 
4.743338e-01 
4.743125e-01 
4.743125e-01 
4.742819e-01 
4.742633e-01 
4.737195e-01 
4.737195e-01 
4.734862e-01 
4.729262e-01 
4.729262e-01 
4.725720e-01 
4.721423e-01 
4.721423e-01 
4.721423e-01 
4.720008e-01 
4.720008e-01 
4.720008e-01 
4.716180e-01 
4.713525e-01 
4.713144e-01 
4.711247e-01 
4.711247e-01 
4.711247e-01 
4.711247e-01 
4.711247e-01 
4.711247e-01 
4.709346e-01 
4.705596e-01 
4.705596e-01 
4.705596e-01 
4.704209e-01 
4.704209e-01 
4.702821e-01 
4.702821e-01 
4.702821e-01 
4.700000e-01 
4.699711e-01 
4.699711e-01 
4.699711e-01 
4.699182e-01 
4.699182e-01 
4.695998e-01 
4.695998e-01 
4.695505e-01 
4.695505e-01 
4.695505e-01 
4.694778e-01 
4.693907e-01 
4.693907e-01 
4.693907e-01 
4.693322e-01 
4.686524e-01 
4.682706e-01 
4.682706e-01 
4.682706e-01 
4.682197e-01 
4.682197e-01 
4.682197e-01 
4.678340e-01 
4.670090e-01 
4.667323e-01 
4.667323e-01 
4.667323e-01 
4.667323e-01 
4.667323e-01 
4.667322e-01 
4.667322e-01 
4.662482e-01 
4.662087e-01 
4.662087e-01 
4.659441e-01 
4.659441e-01 
4.659441e-01 
4.659441e-01 
4.659441e-01 
4.659441e-01 
4.659441e-01 
4.656915e-01 
4.655402e-01 
4.655303e-01 
4.655303e-01 
4.655303e-01 
4.655303e-01 
4.655303e-01 
4.654763e-01 
4.654763e-01 
4.654763e-01 
4.653742e-01 
4.653742e-01 
4.653579e-01 
4.652631e-01 
4.652180e-01 
4.651582e-01 
4.650566e-01 
4.650566e-01 
4.649130e-01 
4.648579e-01 
4.648579e-01 
4.647002e-01 
4.646759e-01 
4.646388e-01 
4.646322e-01 
4.646322e-01 
4.646322e-01 
4.643245e-01 
4.640651e-01 
4.637396e-01 
4.635660e-01 
4.634076e-01 
4.629826e-01 
4.629826e-01 
4.629826e-01 
4.629826e-01 
4.629826e-01 
4.626596e-01 
4.626596e-01 
4.624375e-01 
4.623361e-01 
4.623361e-01 
4.623361e-01 
4.620521e-01 
4.620521e-01 
4.620521e-01 
4.618367e-01 
4.618367e-01 
4.618367e-01 
4.618023e-01 
4.617025e-01 
4.616008e-01 
4.616008e-01 
4.615771e-01 
4.615771e-01 
4.615771e-01 
4.615771e-01 
4.615771e-01 
4.611197e-01 
4.611197e-01 
4.611197e-01 
4.611197e-01 
4.610554e-01 
4.610137e-01 
4.610113e-01 
4.610113e-01 
4.610113e-01 
4.610113e-01 
4.610113e-01 
4.610052e-01 
4.610019e-01 
4.610002e-01 
4.609994e-01 
4.609990e-01 
4.609987e-01 
4.609869e-01 
4.609196e-01 
4.609196e-01 
4.609196e-01 
4.608628e-01 
4.608135e-01 
4.608092e-01 
4.607825e-01 
4.607825e-01 
4.606793e-01 
4.606716e-01 
4.606716e-01 
4.606331e-01 
4.606331e-01 
4.605687e-01 
4.605687e-01 
4.605687e-01 
4.605632e-01 
4.605377e-01 
4.605322e-01 
4.605319e-01 
4.605123e-01 
4.605123e-01 
4.604392e-01 
4.604043e-01 
4.603986e-01 
4.603986e-01 
4.603890e-01 
4.603860e-01 
4.603854e-01 
4.603495e-01 
4.603456e-01 
4.602873e-01 
4.602873e-01 
4.602873e-01 
4.600194e-01 
4.600194e-01 
4.599652e-01 
4.599652e-01 
4.598414e-01 
4.598302e-01 
4.598302e-01 
4.598036e-01 
4.597499e-01 
4.597499e-01 
4.597493e-01 
4.597493e-01 
4.597493e-01 
4.597493e-01 
4.597488e-01 
4.597464e-01 
4.597464e-01 
4.597464e-01 
4.597457e-01 
4.597447e-01 
4.597446e-01 
4.597040e-01 
4.597040e-01 
4.596650e-01 
4.596650e-01 
4.596264e-01 
4.596097e-01 
4.595604e-01 
4.595604e-01 
4.595589e-01 
4.595589e-01 
4.595589e-01 
4.595446e-01 
4.595446e-01 
4.595446e-01 
4.595446e-01 
4.595295e-01 
4.594753e-01 
4.594753e-01 
4.594753e-01 
4.594753e-01 
4.594753e-01 
4.594753e-01 
4.594753e-01 
4.594753e-01 
4.593866e-01 
4.591305e-01 
4.591039e-01 
4.589928e-01 
4.588398e-01 
4.587442e-01 
4.587263e-01 
4.587263e-01 
4.587263e-01 
4.587263e-01 
4.585549e-01 
4.585057e-01 
4.581513e-01 
4.581513e-01 
4.581513e-01 
4.581427e-01 
4.580695e-01 
4.580695e-01 
4.580695e-01 
4.575402e-01 
4.572783e-01 
4.571943e-01 
4.569488e-01 
4.569488e-01 
4.566376e-01 
4.562547e-01 
4.562547e-01 
4.562547e-01 
4.562547e-01 
4.561800e-01 
4.561800e-01 
4.561787e-01 
4.561787e-01 
4.561787e-01 
4.559965e-01 
4.559880e-01 
4.559052e-01 
4.558830e-01 
4.558830e-01 
4.558049e-01 
4.558049e-01 
4.557989e-01 
4.556580e-01 
4.556580e-01 
4.556506e-01 
4.556506e-01 
4.555451e-01 
4.553139e-01 
4.551594e-01 
4.551420e-01 
4.551420e-01 
4.550356e-01 
4.550356e-01 
4.550356e-01 
4.550356e-01 
4.550356e-01 
4.550356e-01 
4.550335e-01 
4.549914e-01 
4.549739e-01 
4.549739e-01 
4.549739e-01 
4.549202e-01 
4.548720e-01 
4.548443e-01 
4.548344e-01 
4.547963e-01 
4.547963e-01 
4.547963e-01 
4.547963e-01 
4.547683e-01 
4.547683e-01 
4.547157e-01 
4.547077e-01 
4.546660e-01 
4.546276e-01 
4.546276e-01 
4.546024e-01 
4.545444e-01 
4.545444e-01 
4.545384e-01 
4.545384e-01 
4.545384e-01 
4.545384e-01 
4.544543e-01 
4.544087e-01 
4.542437e-01 
4.541721e-01 
4.541360e-01 
4.539614e-01 
4.539614e-01 
4.536544e-01 
4.532311e-01 
4.529391e-01 
4.526527e-01 
4.518717e-01 
4.517642e-01 
4.517642e-01 
4.517642e-01 
4.517356e-01 
4.516768e-01 
4.516734e-01 
4.516734e-01 
4.516734e-01 
4.516726e-01 
4.514914e-01 
4.514914e-01 
4.514539e-01 
4.510960e-01 
4.508789e-01 
4.508207e-01 
4.508081e-01 
4.508071e-01 
4.507605e-01 
4.506617e-01 
4.506217e-01 
4.506217e-01 
4.504148e-01 
4.504148e-01 
4.503481e-01 
4.503481e-01 
4.503150e-01 
4.502675e-01 
4.502587e-01 
4.502587e-01 
4.502137e-01 
4.502137e-01 
4.502137e-01 
4.502137e-01 
4.502055e-01 
4.500945e-01 
4.500483e-01 
4.500483e-01 
4.499822e-01 
4.499822e-01 
4.499822e-01 
4.499324e-01 
4.499324e-01 
4.497825e-01 
4.497825e-01 
4.497825e-01 
4.497825e-01 
4.496087e-01 
4.493336e-01 
4.492461e-01 
4.492461e-01 
4.490603e-01 
4.487599e-01 
4.486790e-01 
4.485760e-01 
4.483634e-01 
4.483364e-01 
4.481722e-01 
4.481038e-01 
4.480812e-01 
4.480734e-01 
4.480081e-01 
4.480081e-01 
4.480081e-01 
4.480024e-01 
4.479786e-01 
4.479679e-01 
4.479628e-01 
4.479302e-01 
4.478791e-01 
4.478566e-01 
4.478566e-01 
4.478566e-01 
4.478566e-01 
4.478566e-01 
4.478566e-01 
4.478255e-01 
4.475675e-01 
4.475675e-01 
4.474634e-01 
4.473411e-01 
4.473411e-01 
4.473411e-01 
4.473411e-01 
4.473017e-01 
4.473017e-01 
4.470767e-01 
4.470440e-01 
4.470261e-01 
4.467798e-01 
4.467798e-01 
4.467798e-01 
4.467798e-01 
4.467798e-01 
4.465888e-01 
4.465181e-01 
4.465084e-01 
4.464260e-01 
4.464260e-01 
4.464260e-01 
4.462815e-01 
4.462815e-01 
4.461217e-01 
4.460612e-01 
4.460612e-01 
4.460612e-01 
4.460320e-01 
4.460320e-01 
4.459754e-01 
4.458424e-01 
4.456351e-01 
4.455173e-01 
4.451781e-01 
4.451781e-01 
4.447930e-01 
4.447930e-01 
4.443043e-01 
4.443043e-01 
4.443043e-01 
4.443043e-01 
4.442017e-01 
4.442017e-01 
4.442017e-01 
4.441416e-01 
4.441416e-01 
4.440566e-01 
4.440566e-01 
4.440566e-01 
4.436793e-01 
4.436793e-01 
4.436793e-01 
4.436793e-01 
4.436692e-01 
4.436692e-01 
4.434125e-01 
4.434105e-01 
4.433014e-01 
4.432281e-01 
4.432281e-01 
4.429891e-01 
4.429891e-01 
4.427857e-01 
4.427857e-01 
4.427239e-01 
4.427239e-01 
4.427036e-01 
4.426847e-01 
4.426805e-01 
4.426802e-01 
4.426802e-01 
4.425773e-01 
4.424729e-01 
4.424729e-01 
4.424580e-01 
4.421537e-01 
4.421187e-01 
4.420439e-01 
4.420439e-01 
4.420071e-01 
4.419863e-01 
4.419863e-01 
4.419863e-01 
4.419863e-01 
4.419863e-01 
4.419863e-01 
4.419863e-01 
4.418853e-01 
4.418839e-01 
4.418839e-01 
4.416933e-01 
4.416933e-01 
4.416933e-01 
4.416933e-01 
4.416933e-01 
4.416368e-01 
4.416368e-01 
4.416368e-01 
4.415313e-01 
4.414041e-01 
4.409851e-01 
4.409851e-01 
4.409851e-01 
4.406468e-01 
4.402410e-01 
4.400952e-01 
4.400952e-01 
4.399932e-01 
4.398951e-01 
4.398951e-01 
4.396590e-01 
4.396590e-01 
4.396590e-01 
4.396590e-01 
4.395088e-01 
4.388739e-01 
4.384164e-01 
4.384164e-01 
4.382942e-01 
4.381150e-01 
4.376454e-01 
4.376454e-01 
4.376454e-01 
4.376454e-01 
4.376426e-01 
4.373980e-01 
4.372126e-01 
4.368584e-01 
4.368584e-01 
4.367875e-01 
4.367875e-01 
4.367875e-01 
4.367875e-01 
4.367875e-01 
4.367796e-01 
4.367796e-01 
4.367796e-01 
4.367796e-01 
4.367224e-01 
4.367224e-01 
4.367224e-01 
4.367224e-01 
4.366998e-01 
4.366929e-01 
4.366157e-01 
4.363523e-01 
4.363307e-01 
4.355956e-01 
4.355956e-01 
4.355674e-01 
4.354948e-01 
4.352868e-01 
4.352625e-01 
4.352220e-01 
4.351528e-01 
4.351393e-01 
4.351393e-01 
4.351234e-01 
4.349762e-01 
4.347933e-01 
4.347933e-01 
4.347933e-01 
4.347933e-01 
4.347933e-01 
4.347896e-01 
4.347808e-01 
4.347145e-01 
4.347049e-01 
4.346082e-01 
4.345109e-01 
4.344656e-01 
4.344403e-01 
4.343770e-01 
4.343599e-01 
4.343249e-01 
4.343249e-01 
4.343163e-01 
4.343015e-01 
4.342702e-01 
4.342567e-01 
4.342249e-01 
4.342017e-01 
4.340951e-01 
4.340715e-01 
4.340617e-01 
4.340170e-01 
4.340170e-01 
4.340112e-01 
4.338979e-01 
4.338979e-01 
4.338766e-01 
4.338114e-01 
4.337907e-01 
4.337838e-01 
4.336414e-01 
4.336414e-01 
4.335808e-01 
4.335709e-01 
4.335293e-01 
4.335293e-01 
4.334104e-01 
4.334104e-01 
4.333971e-01 
4.333113e-01 
4.332883e-01 
4.332713e-01 
4.330343e-01 
4.330131e-01 
4.330131e-01 
4.329167e-01 
4.329167e-01 
4.328600e-01 
4.328450e-01 
4.328450e-01 
4.327851e-01 
4.327851e-01 
4.326951e-01 
4.326336e-01 
4.324793e-01 
4.324793e-01 
4.324697e-01 
4.324697e-01 
4.324098e-01 
4.324098e-01 
4.323597e-01 
4.323597e-01 
4.323167e-01 
4.320494e-01 
4.320494e-01 
4.320315e-01 
4.320087e-01 
4.318027e-01 
4.316970e-01 
4.316334e-01 
4.316093e-01 
4.314979e-01 
4.314979e-01 
4.314979e-01 
4.314157e-01 
4.310776e-01 
4.310267e-01 
4.310080e-01 
4.309825e-01 
4.307931e-01 
4.306462e-01 
4.306462e-01 
4.306462e-01 
4.306462e-01 
4.305268e-01 
4.304249e-01 
4.297103e-01 
4.294136e-01 
4.294136e-01 
4.294136e-01 
4.294136e-01 
4.294136e-01 
4.293657e-01 
4.293657e-01 
4.293005e-01 
4.289488e-01 
4.289182e-01 
4.288773e-01 
4.287600e-01 
4.287600e-01 
4.287600e-01 
4.286950e-01 
4.283455e-01 
4.283421e-01 
4.276383e-01 
4.276383e-01 
4.276383e-01 
4.276383e-01 
4.276383e-01 
4.276383e-01 
4.276383e-01 
4.276383e-01 
4.276383e-01 
4.272064e-01 
4.272064e-01 
4.272064e-01 
4.270306e-01 
4.270306e-01 
4.270306e-01 
4.264434e-01 
4.264434e-01 
4.254964e-01 
4.254964e-01 
4.254964e-01 
4.254964e-01 
4.254964e-01 
4.254964e-01 
4.254964e-01 
4.254964e-01 
4.254964e-01 
4.254964e-01 
4.254964e-01 
4.254964e-01 
4.254964e-01 
4.254964e-01 
4.253368e-01 
4.253368e-01 
4.252673e-01 
4.252673e-01 
4.252673e-01 
4.252673e-01 
4.251628e-01 
4.251178e-01 
4.250553e-01 
4.250553e-01 
4.250203e-01 
4.249285e-01 
4.248196e-01 
4.247912e-01 
4.247912e-01 
4.246790e-01 
4.246790e-01 
4.246790e-01 
4.246790e-01 
4.246628e-01 
4.246280e-01 
4.246280e-01 
4.244530e-01 
4.244530e-01 
4.244530e-01 
4.244530e-01 
4.244013e-01 
4.244013e-01 
4.243284e-01 
4.242474e-01 
4.241746e-01 
4.241404e-01 
4.240862e-01 
4.240365e-01 
4.239832e-01 
4.239150e-01 
4.239008e-01 
4.238866e-01 
4.238113e-01 
4.237943e-01 
4.237706e-01 
4.237434e-01 
4.237331e-01 
4.236810e-01 
4.236401e-01 
4.236109e-01 
4.235769e-01 
4.235769e-01 
4.235769e-01 
4.234920e-01 
4.234564e-01 
4.234442e-01 
4.234198e-01 
4.233815e-01 
4.233815e-01 
4.233609e-01 
4.233200e-01 
4.233027e-01 
4.233027e-01 
4.232868e-01 
4.232742e-01 
4.232742e-01 
4.232732e-01 
4.232732e-01 
4.232601e-01 
4.232465e-01 
4.232398e-01 
4.232342e-01 
4.232201e-01 
4.232123e-01 
4.230346e-01 
4.230104e-01 
4.230104e-01 
4.229351e-01 
4.229038e-01 
4.228165e-01 
4.227131e-01 
4.226266e-01 
4.225476e-01 
4.225237e-01 
4.224984e-01 
4.224984e-01 
4.223953e-01 
4.223814e-01 
4.222675e-01 
4.220056e-01 
4.219487e-01 
4.219487e-01 
4.219340e-01 
4.219340e-01 
4.219340e-01 
4.219340e-01 
4.219241e-01 
4.218196e-01 
4.214207e-01 
4.213891e-01 
4.213891e-01 
4.211032e-01 
4.211032e-01 
4.208421e-01 
4.207627e-01 
4.207627e-01 
4.201766e-01 
4.201766e-01 
4.201766e-01 
4.201766e-01 
4.200921e-01 
4.200921e-01 
4.199996e-01 
4.199996e-01 
4.197843e-01 
4.197368e-01 
4.197368e-01 
4.197368e-01 
4.197368e-01 
4.195682e-01 
4.195682e-01 
4.195682e-01 
4.195682e-01 
4.194710e-01 
4.194233e-01 
4.194233e-01 
4.194233e-01 
4.194132e-01 
4.194132e-01 
4.194111e-01 
4.194111e-01 
4.193760e-01 
4.193760e-01 
4.193232e-01 
4.193197e-01 
4.193197e-01 
4.193197e-01 
4.193197e-01 
4.193030e-01 
4.193030e-01 
4.193030e-01 
4.193018e-01 
4.193018e-01 
4.193018e-01 
4.192737e-01 
4.191707e-01 
4.191707e-01 
4.191707e-01 
4.191707e-01 
4.191156e-01 
4.191156e-01 
4.191156e-01 
4.191156e-01 
4.190630e-01 
4.190630e-01 
4.189733e-01 
4.189733e-01 
4.188343e-01 
4.188343e-01 
4.188242e-01 
4.188242e-01 
4.187117e-01 
4.187117e-01 
4.186102e-01 
4.186102e-01 
4.186102e-01 
4.186102e-01 
4.184633e-01 
4.184633e-01 
4.184633e-01 
4.184524e-01 
4.183544e-01 
4.182505e-01 
4.182505e-01 
4.182505e-01 
4.181903e-01 
4.181885e-01 
4.181694e-01 
4.181694e-01 
4.181694e-01 
4.181356e-01 
4.181356e-01 
4.180144e-01 
4.180144e-01 
4.180144e-01 
4.180144e-01 
4.180144e-01 
4.180144e-01 
4.180144e-01 
4.180144e-01 
4.180021e-01 
4.179879e-01 
4.179484e-01 
4.179084e-01 
4.179084e-01 
4.179084e-01 
4.179084e-01 
4.178329e-01 
4.177807e-01 
4.177366e-01 
4.177219e-01 
4.176147e-01 
4.174704e-01 
4.172900e-01 
4.172900e-01 
4.172900e-01 
4.171825e-01 
4.170587e-01 
4.170587e-01 
4.169828e-01 
4.169828e-01 
4.169828e-01 
4.169728e-01 
4.169296e-01 
4.169152e-01 
4.169152e-01 
4.165552e-01 
4.164434e-01 
4.164434e-01 
4.164434e-01 
4.164434e-01 
4.164434e-01 
4.164434e-01 
4.162727e-01 
4.161819e-01 
4.161577e-01 
4.161516e-01 
4.161502e-01 
4.161500e-01 
4.161500e-01 
4.161500e-01 
4.161495e-01 
4.161212e-01 
4.161055e-01 
4.160834e-01 
4.160834e-01 
4.160811e-01 
4.160793e-01 
4.160793e-01 
4.159951e-01 
4.159951e-01 
4.159951e-01 
4.159951e-01 
4.159951e-01 
4.159951e-01 
4.159951e-01 
4.159951e-01 
4.159951e-01 
4.159951e-01 
4.159951e-01 
4.159951e-01 
4.159936e-01 
4.159789e-01 
4.159749e-01 
4.159749e-01 
4.159701e-01 
4.159701e-01 
4.159701e-01 
4.159694e-01 
4.159694e-01 
4.159694e-01 
4.159686e-01 
4.159686e-01 
4.158760e-01 
4.158219e-01 
4.156904e-01 
4.156904e-01 
4.156323e-01 
4.154734e-01 
4.152866e-01 
4.151814e-01 
4.151411e-01 
4.148274e-01 
4.146191e-01 
4.145405e-01 
4.145077e-01 
4.144190e-01 
4.142341e-01 
4.141028e-01 
4.141028e-01 
4.140093e-01 
4.139684e-01 
4.139684e-01 
4.139206e-01 
4.136075e-01 
4.135299e-01 
4.135299e-01 
4.135299e-01 
4.135299e-01 
4.135123e-01 
4.135123e-01 
4.135123e-01 
4.134838e-01 
4.134479e-01 
4.134358e-01 
4.134337e-01 
4.134316e-01 
4.134087e-01 
4.133902e-01 
4.133882e-01 
4.133882e-01 
4.133869e-01 
4.133869e-01 
4.133285e-01 
4.133160e-01 
4.132626e-01 
4.131500e-01 
4.131056e-01 
4.130525e-01 
4.130202e-01 
4.129918e-01 
4.129639e-01 
4.129559e-01 
4.129217e-01 
4.129060e-01 
4.128791e-01 
4.128475e-01 
4.128422e-01 
4.128331e-01 
4.128248e-01 
4.128248e-01 
4.128193e-01 
4.128161e-01 
4.128155e-01 
4.128045e-01 
4.128003e-01 
4.127553e-01 
4.127228e-01 
4.127205e-01 
4.127205e-01 
4.126993e-01 
4.126771e-01 
4.126520e-01 
4.126405e-01 
4.126405e-01 
4.125662e-01 
4.124925e-01 
4.124925e-01 
4.124601e-01 
4.124601e-01 
4.124551e-01 
4.124397e-01 
4.124191e-01 
4.124165e-01 
4.124100e-01 
4.123767e-01 
4.122783e-01 
4.122783e-01 
4.122783e-01 
4.122783e-01 
4.122571e-01 
4.122571e-01 
4.122510e-01 
4.122365e-01 
4.122266e-01 
4.122266e-01 
4.122214e-01 
4.122214e-01 
4.122214e-01 
4.122200e-01 
4.122187e-01 
4.122182e-01 
4.122179e-01 
4.122174e-01 
4.122174e-01 
4.121863e-01 
4.121682e-01 
4.121682e-01 
4.121538e-01 
4.121417e-01 
4.121157e-01 
4.120692e-01 
4.120579e-01 
4.119950e-01 
4.119870e-01 
4.119235e-01 
4.118814e-01 
4.118789e-01 
4.118789e-01 
4.118264e-01 
4.117999e-01 
4.117190e-01 
4.116978e-01 
4.116806e-01 
4.116718e-01 
4.116445e-01 
4.116349e-01 
4.115767e-01 
4.114836e-01 
4.114516e-01 
4.114334e-01 
4.114093e-01 
4.113596e-01 
4.113298e-01 
4.112603e-01 
4.112505e-01 
4.112505e-01 
4.112416e-01 
4.112106e-01 
4.111958e-01 
4.111958e-01 
4.111388e-01 
4.111388e-01 
4.110866e-01 
4.110381e-01 
4.110035e-01 
4.109872e-01 
4.109456e-01 
4.109191e-01 
4.109069e-01 
4.108812e-01 
4.108698e-01 
4.108627e-01 
4.108340e-01 
4.108150e-01 
4.108081e-01 
4.107802e-01 
4.107538e-01 
4.107174e-01 
4.106992e-01 
4.106548e-01 
4.106268e-01 
4.105711e-01 
4.105069e-01 
4.104357e-01 
4.104103e-01 
4.104002e-01 
4.103399e-01 
4.102999e-01 
4.102646e-01 
4.102348e-01 
4.102149e-01 
4.101481e-01 
4.100684e-01 
4.100520e-01 
4.100323e-01 
4.099981e-01 
4.099038e-01 
4.098179e-01 
4.097688e-01 
4.096877e-01 
4.096372e-01 
4.096372e-01 
4.096149e-01 
4.096046e-01 
4.095945e-01 
4.095945e-01 
4.095891e-01 
4.095834e-01 
4.095680e-01 
4.095670e-01 
4.095670e-01 
4.095670e-01 
4.095425e-01 
4.095024e-01 
4.094847e-01 
4.094115e-01 
4.093882e-01 
4.093882e-01 
4.092969e-01 
4.092675e-01 
4.092290e-01 
4.092033e-01 
4.091982e-01 
4.091939e-01 
4.091937e-01 
4.091596e-01 
4.091111e-01 
4.091111e-01 
4.090829e-01 
4.090682e-01 
4.090442e-01 
4.090428e-01 
4.090428e-01 
4.090428e-01 
4.090428e-01 
4.090428e-01 
4.090174e-01 
4.090141e-01 
4.090060e-01 
4.089817e-01 
4.089728e-01 
4.089378e-01 
4.089378e-01 
4.089378e-01 
4.089342e-01 
4.088900e-01 
4.088259e-01 
4.087601e-01 
4.087211e-01 
4.087041e-01 
4.086067e-01 
4.085531e-01 
4.085109e-01 
4.084092e-01 
4.083088e-01 
4.082533e-01 
4.082439e-01 
4.081950e-01 
4.081393e-01 
4.080380e-01 
4.079922e-01 
4.078049e-01 
4.077133e-01 
4.076625e-01 
4.075691e-01 
4.074612e-01 
4.073779e-01 
4.073125e-01 
4.072273e-01 
4.071340e-01 
4.070613e-01 
4.070086e-01 
4.069801e-01 
4.068875e-01 
4.068562e-01 
4.068326e-01 
4.067024e-01 
4.066814e-01 
4.066814e-01 
4.066405e-01 
4.066151e-01 
4.065691e-01 
4.065498e-01 
4.065421e-01 
4.065207e-01 
4.064748e-01 
4.063522e-01 
4.063522e-01 
4.063522e-01 
4.063522e-01 
4.063436e-01 
4.063310e-01 
4.063310e-01 
4.063310e-01 
4.063203e-01 
4.063203e-01 
4.063159e-01 
4.063159e-01 
4.063159e-01 
4.062916e-01 
4.062795e-01 
4.062752e-01 
4.062752e-01 
4.062752e-01 
4.062712e-01 
4.062260e-01 
4.061981e-01 
4.061525e-01 
4.060758e-01 
4.060494e-01 
4.060288e-01 
4.060141e-01 
4.060035e-01 
4.060035e-01 
4.059938e-01 
4.059855e-01 
4.059823e-01 
4.059809e-01 
4.059802e-01 
4.059292e-01 
4.059273e-01 
4.058789e-01 
4.058052e-01 
4.058052e-01 
4.057946e-01 
4.056653e-01 
4.056304e-01 
4.056304e-01 
4.055967e-01 
4.055907e-01 
4.055643e-01 
4.055521e-01 
4.055521e-01 
4.055382e-01 
4.053725e-01 
4.053665e-01 
4.053173e-01 
4.053173e-01 
4.053050e-01 
4.053050e-01 
4.052824e-01 
4.048287e-01 
4.048287e-01 
4.048287e-01 
4.048287e-01 
4.035424e-01 
4.035424e-01 
4.035424e-01 
4.035424e-01 
4.035424e-01 
4.035424e-01 
4.035424e-01 
4.035424e-01 
4.032807e-01 
4.032807e-01 
4.032228e-01 
4.032228e-01 
4.032228e-01 
4.032228e-01 
4.032228e-01 
4.032228e-01 
4.024929e-01 
4.024929e-01 
4.024929e-01 
4.024929e-01 
4.024929e-01 
4.024929e-01 
4.024929e-01 
4.024929e-01 
4.024929e-01 
4.023060e-01 
4.023060e-01 
4.023060e-01 
4.023060e-01 
4.023060e-01 
4.023060e-01 
4.019750e-01 
4.019750e-01 
4.019750e-01 
4.019750e-01 
4.019145e-01 
4.018813e-01 
4.018813e-01 
4.018813e-01 
4.018199e-01 
4.018199e-01 
4.018199e-01 
4.018021e-01 
4.017699e-01 
4.017699e-01 
4.017444e-01 
4.017231e-01 
4.017231e-01 
4.016961e-01 
4.016893e-01 
4.002821e-01 
3.996356e-01 
3.996151e-01 
3.996151e-01 
3.996151e-01 
3.986137e-01 
3.986137e-01 
3.986137e-01 
3.986137e-01 
3.985764e-01 
3.985764e-01 
3.985017e-01 
3.985017e-01 
3.985017e-01 
3.984095e-01 
3.984095e-01 
3.984095e-01 
3.982433e-01 
3.982433e-01 
3.981752e-01 
3.980618e-01 
3.980618e-01 
3.980461e-01 
3.979872e-01 
3.979355e-01 
3.978892e-01 
3.978892e-01 
3.978892e-01 
3.978451e-01 
3.978165e-01 
3.978072e-01 
3.977641e-01 
3.977523e-01 
3.977510e-01 
3.977510e-01 
3.977476e-01 
3.977465e-01 
3.977461e-01 
3.977446e-01 
3.977385e-01 
3.977385e-01 
3.977311e-01 
3.977256e-01 
3.977215e-01 
3.977201e-01 
3.977195e-01 
3.977185e-01 
3.977185e-01 
3.977178e-01 
3.977178e-01 
3.977016e-01 
3.977016e-01 
3.977016e-01 
3.977016e-01 
3.976987e-01 
3.976945e-01 
3.976885e-01 
3.976871e-01 
3.976871e-01 
3.976871e-01 
3.976871e-01 
3.976871e-01 
3.976849e-01 
3.976817e-01 
3.976792e-01 
3.976761e-01 
3.976730e-01 
3.976716e-01 
3.976689e-01 
3.976667e-01 
3.976650e-01 
3.976635e-01 
3.976627e-01 
3.976592e-01 
3.976568e-01 
3.976551e-01 
3.976550e-01 
3.976550e-01 
3.976547e-01 
3.976542e-01 
3.976539e-01 
3.976538e-01 
3.976537e-01 
3.976536e-01 
3.976527e-01 
3.976518e-01 
3.976512e-01 
3.976290e-01 
3.976285e-01 
3.976104e-01 
3.976000e-01 
3.975890e-01 
3.975817e-01 
3.975761e-01 
3.975705e-01 
3.975675e-01 
3.975647e-01 
3.975633e-01 
3.975604e-01 
3.975584e-01 
3.975567e-01 
3.975551e-01 
3.975540e-01 
3.975529e-01 
3.975523e-01 
3.975519e-01 
3.975516e-01 
3.975513e-01 
3.975511e-01 
3.975509e-01 
3.975507e-01 
3.975506e-01 
3.975452e-01 
3.975433e-01 
3.975398e-01 
3.975363e-01 
3.975349e-01 
3.975345e-01 
3.975329e-01 
3.975277e-01 
3.975238e-01 
3.975220e-01 
3.975180e-01 
3.975162e-01 
3.975140e-01 
3.975121e-01 
3.975103e-01 
3.975094e-01 
3.975084e-01 
3.975077e-01 
3.975072e-01 
3.975068e-01 
3.975065e-01 
3.975064e-01 
3.975063e-01 
3.974911e-01 
3.974890e-01 
3.974836e-01 
3.974779e-01 
3.974723e-01 
3.974677e-01 
3.974656e-01 
3.974656e-01 
3.974637e-01 
3.974584e-01 
3.974550e-01 
3.974533e-01 
3.974487e-01 
3.974463e-01 
3.974421e-01 
3.974402e-01 
3.974374e-01 
3.974353e-01 
3.974335e-01 
3.974321e-01 
3.974312e-01 
3.974305e-01 
3.974299e-01 
3.974295e-01 
3.974289e-01 
3.974284e-01 
3.974277e-01 
3.974235e-01 
3.974148e-01 
3.974119e-01 
3.974098e-01 
3.974053e-01 
3.974023e-01 
3.973990e-01 
3.973989e-01 
3.973989e-01 
3.973954e-01 
3.973906e-01 
3.973856e-01 
3.973809e-01 
3.973809e-01 
3.973709e-01 
3.973679e-01 
3.973650e-01 
3.973336e-01 
3.973170e-01 
3.973035e-01 
3.972854e-01 
3.972727e-01 
3.972727e-01 
3.972704e-01 
3.972628e-01 
3.972461e-01 
3.972313e-01 
3.972217e-01 
3.972217e-01 
3.972215e-01 
3.972215e-01 
3.972175e-01 
3.972175e-01 
3.972175e-01 
3.972175e-01 
3.972175e-01 
3.971993e-01 
3.971993e-01 
3.971993e-01 
3.971993e-01 
3.971982e-01 
3.971950e-01 
3.971950e-01 
3.971940e-01 
3.971927e-01 
3.971915e-01 
3.971902e-01 
3.971902e-01 
3.971869e-01 
3.971858e-01 
3.971858e-01 
3.971825e-01 
3.971819e-01 
3.971769e-01 
3.971749e-01 
3.971732e-01 
3.971709e-01 
3.971683e-01 
3.971654e-01 
3.971647e-01 
3.971647e-01 
3.971613e-01 
3.971602e-01 
3.971577e-01 
3.971533e-01 
3.971476e-01 
3.971430e-01 
3.971397e-01 
3.971365e-01 
3.971348e-01 
3.971327e-01 
3.971296e-01 
3.971270e-01 
3.971248e-01 
3.971152e-01 
3.971150e-01 
3.971108e-01 
3.971090e-01 
3.971083e-01 
3.971076e-01 
3.971071e-01 
3.971066e-01 
3.971047e-01 
3.971043e-01 
3.971043e-01 
3.971043e-01 
3.971035e-01 
3.971023e-01 
3.970931e-01 
3.970921e-01 
3.970842e-01 
3.970749e-01 
3.970715e-01 
3.970686e-01 
3.970624e-01 
3.970596e-01 
3.970584e-01 
3.970537e-01 
3.970518e-01 
3.970466e-01 
3.970406e-01 
3.970388e-01 
3.970388e-01 
3.970365e-01 
3.970365e-01 
3.970328e-01 
3.970262e-01 
3.970226e-01 
3.970225e-01 
3.970187e-01 
3.970179e-01 
3.970158e-01 
3.970158e-01 
3.970130e-01 
3.970106e-01 
3.970055e-01 
3.970007e-01 
3.969994e-01 
3.969968e-01 
3.969962e-01 
3.969962e-01 
3.969940e-01 
3.969931e-01 
3.969927e-01 
3.969921e-01 
3.969906e-01 
3.969896e-01 
3.969874e-01 
3.969874e-01 
3.969872e-01 
3.969830e-01 
3.969822e-01 
3.969821e-01 
3.969779e-01 
3.969779e-01 
3.969765e-01 
3.969761e-01 
3.969761e-01 
3.969757e-01 
3.969757e-01 
3.969757e-01 
3.969747e-01 
3.969725e-01 
3.969715e-01 
3.969715e-01 
3.967427e-01 
3.967427e-01 
3.967427e-01 
3.966625e-01 
3.966143e-01 
3.965296e-01 
3.964833e-01 
3.964675e-01 
3.963408e-01 
3.963151e-01 
3.962955e-01 
3.962955e-01 
3.962955e-01 
3.962955e-01 
3.962536e-01 
3.962536e-01 
3.962403e-01 
3.962081e-01 
3.961883e-01 
3.961883e-01 
3.961829e-01 
3.961456e-01 
3.961210e-01 
3.960733e-01 
3.960656e-01 
3.960412e-01 
3.960112e-01 
3.960002e-01 
3.959512e-01 
3.958985e-01 
3.958959e-01 
3.958959e-01 
3.958688e-01 
3.958424e-01 
3.957916e-01 
3.957645e-01 
3.957061e-01 
3.956604e-01 
3.956282e-01 
3.956100e-01 
3.955900e-01 
3.955778e-01 
3.955622e-01 
3.955582e-01 
3.955501e-01 
3.955501e-01 
3.954344e-01 
3.954263e-01 
3.954263e-01 
3.952057e-01 
3.952057e-01 
3.952057e-01 
3.952043e-01 
3.952010e-01 
3.952010e-01 
3.951902e-01 
3.951720e-01 
3.951558e-01 
3.951558e-01 
3.951539e-01 
3.951207e-01 
3.951200e-01 
3.951103e-01 
3.951088e-01 
3.950636e-01 
3.950446e-01 
3.950267e-01 
3.950267e-01 
3.950218e-01 
3.950218e-01 
3.949892e-01 
3.949892e-01 
3.949787e-01 
3.949787e-01 
3.949787e-01 
3.949495e-01 
3.949495e-01 
3.949495e-01 
3.949445e-01 
3.949134e-01 
3.948983e-01 
3.948675e-01 
3.948643e-01 
3.948452e-01 
3.948310e-01 
3.948079e-01 
3.947558e-01 
3.947284e-01 
3.947075e-01 
3.946973e-01 
3.946897e-01 
3.946533e-01 
3.946445e-01 
3.946349e-01 
3.946349e-01 
3.946281e-01 
3.946260e-01 
3.946186e-01 
3.946130e-01 
3.946078e-01 
3.946078e-01 
3.946044e-01 
3.946004e-01 
3.945998e-01 
3.945998e-01 
3.945852e-01 
3.945688e-01 
3.945299e-01 
3.945139e-01 
3.944979e-01 
3.944918e-01 
3.944620e-01 
3.944620e-01 
3.944522e-01 
3.944444e-01 
3.944268e-01 
3.944167e-01 
3.943944e-01 
3.943778e-01 
3.943578e-01 
3.943404e-01 
3.943125e-01 
3.942900e-01 
3.942802e-01 
3.942764e-01 
3.942709e-01 
3.942666e-01 
3.942639e-01 
3.942617e-01 
3.942614e-01 
3.942606e-01 
3.942605e-01 
3.942505e-01 
3.942451e-01 
3.942395e-01 
3.942348e-01 
3.942322e-01 
3.942297e-01 
3.942286e-01 
3.942129e-01 
3.942129e-01 
3.942025e-01 
3.942011e-01 
3.941924e-01 
3.941737e-01 
3.941668e-01 
3.941544e-01 
3.941505e-01 
3.941391e-01 
3.941295e-01 
3.941094e-01 
3.940987e-01 
3.940933e-01 
3.940763e-01 
3.940484e-01 
3.940198e-01 
3.940004e-01 
3.939885e-01 
3.939782e-01 
3.939702e-01 
3.939423e-01 
3.939233e-01 
3.939090e-01 
3.938853e-01 
3.938671e-01 
3.938552e-01 
3.938503e-01 
3.938331e-01 
3.938269e-01 
3.938144e-01 
3.938013e-01 
3.937957e-01 
3.937944e-01 
3.937844e-01 
3.937805e-01 
3.937779e-01 
3.937779e-01 
3.937743e-01 
3.937716e-01 
3.937667e-01 
3.937667e-01 
3.937657e-01 
3.937606e-01 
3.937606e-01 
3.937541e-01 
3.937541e-01 
3.937510e-01 
3.937471e-01 
3.937400e-01 
3.937332e-01 
3.937273e-01 
3.937204e-01 
3.937124e-01 
3.937047e-01 
3.936982e-01 
3.936950e-01 
3.936904e-01 
3.936867e-01 
3.936825e-01 
3.936791e-01 
3.936755e-01 
3.936741e-01 
3.936741e-01 
3.936741e-01 
3.936741e-01 
3.936740e-01 
3.936736e-01 
3.936734e-01 
3.936733e-01 
3.936730e-01 
3.936728e-01 
3.936726e-01 
3.936723e-01 
3.936721e-01 
3.936719e-01 
3.936701e-01 
3.936685e-01 
3.936669e-01 
3.936655e-01 
3.936644e-01 
3.936635e-01 
3.936628e-01 
3.936624e-01 
3.936620e-01 
3.936613e-01 
3.936609e-01 
3.936605e-01 
3.936599e-01 
3.936595e-01 
3.936590e-01 
3.936583e-01 
3.936577e-01 
3.936573e-01 
3.936567e-01 
3.936559e-01 
3.936526e-01 
3.936514e-01 
3.936502e-01 
3.936478e-01 
3.936463e-01 
3.936450e-01 
3.936433e-01 
3.936423e-01 
3.936410e-01 
3.936400e-01 
3.936386e-01 
3.936377e-01 
3.936367e-01 
3.936358e-01 
3.936350e-01 
3.936345e-01 
3.936339e-01 
3.936335e-01 
3.936330e-01 
3.936326e-01 
3.936324e-01 
3.936321e-01 
3.936318e-01 
3.936316e-01 
3.936315e-01 
3.936313e-01 
3.936312e-01 
3.936311e-01 
3.936310e-01 
3.936309e-01 
3.936299e-01 
3.936294e-01 
3.936291e-01 
3.936289e-01 
3.936281e-01 
3.936270e-01 
3.936264e-01 
3.936252e-01 
3.936247e-01 
3.936238e-01 
3.936228e-01 
3.936220e-01 
3.936216e-01 
3.936213e-01 
3.936206e-01 
3.936206e-01 
3.936206e-01 
3.936202e-01 
3.936192e-01 
3.936188e-01 
3.936186e-01 
3.936170e-01 
3.936159e-01 
3.936147e-01 
3.936138e-01 
3.936125e-01 
3.936114e-01 
3.936107e-01 
3.936098e-01 
3.936092e-01 
3.936085e-01 
3.936083e-01 
3.936080e-01 
3.936062e-01 
3.936050e-01 
3.936034e-01 
3.936020e-01 
3.936014e-01 
3.936005e-01 
3.935988e-01 
3.935981e-01 
3.935967e-01 
3.935957e-01 
3.935937e-01 
3.935929e-01 
3.935764e-01 
3.935667e-01 
3.935602e-01 
3.935576e-01 
3.935350e-01 
3.935172e-01 
3.935038e-01 
3.934920e-01 
3.934819e-01 
3.934758e-01 
3.934640e-01 
3.934601e-01 
3.934542e-01 
3.934512e-01 
3.934422e-01 
3.934029e-01 
3.933548e-01 
3.933535e-01 
3.933535e-01 
3.932049e-01 
3.931151e-01 
3.931063e-01 
3.931044e-01 
3.930755e-01 
3.930755e-01 
3.930755e-01 
3.930538e-01 
3.930429e-01 
3.930429e-01 
3.930369e-01 
3.930369e-01 
3.930000e-01 
3.929906e-01 
3.929791e-01 
3.929767e-01 
3.928835e-01 
3.928506e-01 
3.928121e-01 
3.928121e-01 
3.928121e-01 
3.928121e-01 
3.928121e-01 
3.928032e-01 
3.928032e-01 
3.927994e-01 
3.927994e-01 
3.927579e-01 
3.927553e-01 
3.927553e-01 
3.927553e-01 
3.926693e-01 
3.926451e-01 
3.926152e-01 
3.925655e-01 
3.925558e-01 
3.925255e-01 
3.925255e-01 
3.925125e-01 
3.925125e-01 
3.925125e-01 
3.924941e-01 
3.924941e-01 
3.924839e-01 
3.924507e-01 
3.924507e-01 
3.924507e-01 
3.924404e-01 
3.924404e-01 
3.924404e-01 
3.924404e-01 
3.924404e-01 
3.924404e-01 
3.924393e-01 
3.924056e-01 
3.924056e-01 
3.923938e-01 
3.923938e-01 
3.923938e-01 
3.923878e-01 
3.923802e-01 
3.923802e-01 
3.923802e-01 
3.923766e-01 
3.923652e-01 
3.923646e-01 
3.923568e-01 
3.923568e-01 
3.923477e-01 
3.923477e-01 
3.923437e-01 
3.923437e-01 
3.923412e-01 
3.923142e-01 
3.923129e-01 
3.922769e-01 
3.922747e-01 
3.922631e-01 
3.922518e-01 
3.922275e-01 
3.922252e-01 
3.922003e-01 
3.921581e-01 
3.921394e-01 
3.921394e-01 
3.921382e-01 
3.921282e-01 
3.921247e-01 
3.921182e-01 
3.921036e-01 
3.920940e-01 
3.920813e-01 
3.920724e-01 
3.920630e-01 
3.920601e-01 
3.920536e-01 
3.920505e-01 
3.920327e-01 
3.920068e-01 
3.919933e-01 
3.919671e-01 
3.919468e-01 
3.919208e-01 
3.919085e-01 
3.919037e-01 
3.919010e-01 
3.919010e-01 
3.918892e-01 
3.918848e-01 
3.918837e-01 
3.918797e-01 
3.918771e-01 
3.918762e-01 
3.918759e-01 
3.918757e-01 
3.918642e-01 
3.918631e-01 
3.918608e-01 
3.918515e-01 
3.918470e-01 
3.918436e-01 
3.918267e-01 
3.917869e-01 
3.917477e-01 
3.917189e-01 
3.917028e-01 
3.916768e-01 
3.916692e-01 
3.916462e-01 
3.916219e-01 
3.916045e-01 
3.915694e-01 
3.915694e-01 
3.915345e-01 
3.915196e-01 
3.914979e-01 
3.914926e-01 
3.914865e-01 
3.914758e-01 
3.914678e-01 
3.914641e-01 
3.914608e-01 
3.914608e-01 
3.914608e-01 
3.914552e-01 
3.914453e-01 
3.914411e-01 
3.914347e-01 
3.914270e-01 
3.914231e-01 
3.913192e-01 
3.912718e-01 
3.912361e-01 
3.911869e-01 
3.911162e-01 
3.910446e-01 
3.910001e-01 
3.909873e-01 
3.909776e-01 
3.909624e-01 
3.909593e-01 
3.909591e-01 
3.909591e-01 
3.909591e-01 
3.909494e-01 
3.909460e-01 
3.909460e-01 
3.909141e-01 
3.909141e-01 
3.909084e-01 
3.909084e-01 
3.909084e-01 
3.909033e-01 
3.908969e-01 
3.908959e-01 
3.908847e-01 
3.908803e-01 
3.908780e-01 
3.908780e-01 
3.908780e-01 
3.908711e-01 
3.908464e-01 
3.908464e-01 
3.908464e-01 
3.908464e-01 
3.908431e-01 
3.908329e-01 
3.908285e-01 
3.908271e-01 
3.908271e-01 
3.908271e-01 
3.908197e-01 
3.908197e-01 
3.908146e-01 
3.908146e-01 
3.908138e-01 
3.908079e-01 
3.907836e-01 
3.907747e-01 
3.907604e-01 
3.907514e-01 
3.907412e-01 
3.907360e-01 
3.907331e-01 
3.907287e-01 
3.907228e-01 
3.907198e-01 
3.907184e-01 
3.907175e-01 
3.907117e-01 
3.907085e-01 
3.907074e-01 
3.907053e-01 
3.907042e-01 
3.907025e-01 
3.907020e-01 
3.907000e-01 
3.906989e-01 
3.906976e-01 
3.906887e-01 
3.906840e-01 
3.906804e-01 
3.906774e-01 
3.906730e-01 
3.906712e-01 
3.906680e-01 
3.906677e-01 
3.906665e-01 
3.906610e-01 
3.906574e-01 
3.906507e-01 
3.906435e-01 
3.906412e-01 
3.906383e-01 
3.906329e-01 
3.906324e-01 
3.906302e-01 
3.906302e-01 
3.906293e-01 
3.906173e-01 
3.906010e-01 
3.905894e-01 
3.905837e-01 
3.905731e-01 
3.905650e-01 
3.905415e-01 
3.905225e-01 
3.904931e-01 
3.904476e-01 
3.903834e-01 
3.903330e-01 
3.902922e-01 
3.902527e-01 
3.902271e-01 
3.902074e-01 
3.901999e-01 
3.901887e-01 
3.901800e-01 
3.901787e-01 
3.901746e-01 
3.901691e-01 
3.901627e-01 
3.901592e-01 
3.901522e-01 
3.901503e-01 
3.901489e-01 
3.901483e-01 
3.901476e-01 
3.901467e-01 
3.901463e-01 
3.901449e-01 
3.901437e-01 
3.901425e-01 
3.901421e-01 
3.901416e-01 
3.901407e-01 
3.901403e-01 
3.901401e-01 
3.901394e-01 
3.901392e-01 
3.901392e-01 
3.901389e-01 
3.901384e-01 
3.901378e-01 
3.901377e-01 
3.901372e-01 
3.901363e-01 
3.901360e-01 
3.901358e-01 
3.901353e-01 
3.901345e-01 
3.901332e-01 
3.901327e-01 
3.901321e-01 
3.901315e-01 
3.901311e-01 
3.901310e-01 
3.901310e-01 
3.901297e-01 
3.901285e-01 
3.901277e-01 
3.901275e-01 
3.901260e-01 
3.901237e-01 
3.901211e-01 
3.901193e-01 
3.901187e-01 
3.901184e-01 
3.901178e-01 
3.901175e-01 
3.901172e-01 
3.901170e-01 
3.901166e-01 
3.901163e-01 
3.901161e-01 
3.901155e-01 
3.901146e-01 
3.901141e-01 
3.901138e-01 
3.901134e-01 
3.901131e-01 
3.901127e-01 
3.901123e-01 
3.901121e-01 
3.901118e-01 
3.901116e-01 
3.901114e-01 
3.901111e-01 
3.901109e-01 
3.901106e-01 
3.901104e-01 
3.901102e-01 
3.901099e-01 
3.901098e-01 
3.901098e-01 
3.901097e-01 
3.901096e-01 
3.901095e-01 
3.901094e-01 
3.901093e-01 
3.901092e-01 
3.901090e-01 
3.901088e-01 
3.901086e-01 
3.901083e-01 
3.901080e-01 
3.901078e-01 
3.901076e-01 
3.901074e-01 
3.901072e-01 
3.901071e-01 
3.901070e-01 
3.901070e-01 
3.901069e-01 
3.901068e-01 
3.901068e-01 
3.901068e-01 
3.901067e-01 
3.901067e-01 
3.901066e-01 
3.901066e-01 
3.901066e-01 
3.901066e-01 
3.901066e-01 
3.901066e-01 
3.901066e-01 
3.901066e-01 
3.901066e-01 
3.901066e-01 
3.901066e-01 
3.901066e-01 
3.901066e-01 
3.901066e-01 
3.901065e-01 
3.901065e-01 
3.901065e-01 
3.901065e-01 
3.901065e-01 
3.901065e-01 
3.901065e-01 
3.901064e-01 
3.901064e-01 
3.901064e-01 
3.901064e-01 
3.901064e-01 
3.901064e-01 
3.901064e-01 
3.901063e-01 
3.901063e-01 
3.901063e-01 
3.901063e-01 
3.901062e-01 
3.901062e-01 
3.901062e-01 
3.901061e-01 
3.901061e-01 
3.901060e-01 
3.901060e-01 
3.901059e-01 
3.901059e-01 
3.901058e-01 
3.901058e-01 
3.901058e-01 
3.901058e-01 
3.901058e-01 
3.901058e-01 
3.901058e-01 
3.901058e-01 
3.901058e-01 
3.901058e-01 
3.901058e-01 
3.901058e-01 
3.901058e-01 
3.901058e-01 
3.901058e-01 
3.901058e-01 
3.901058e-01 
3.901058e-01 
3.901058e-01 
3.901058e-01 
3.901058e-01 
3.901058e-01 
3.901058e-01 
3.901058e-01 
3.901058e-01 
3.901058e-01 
3.901057e-01 
3.901057e-01 
3.901057e-01 
3.901057e-01 
3.901057e-01 
3.901057e-01 
3.901057e-01 
3.901057e-01 
3.901057e-01 
3.900642e-01 
3.900498e-01 
3.900268e-01 
3.900020e-01 
3.899823e-01 
3.899739e-01 
3.899507e-01 
3.899398e-01 
3.899280e-01 
3.899168e-01 
3.899059e-01 
3.898983e-01 
3.898914e-01 
3.898853e-01 
3.898805e-01 
3.898762e-01 
3.898688e-01 
3.898630e-01 
3.898547e-01 
3.898461e-01 
3.898391e-01 
3.898304e-01 
3.898244e-01 
3.898186e-01 
3.898136e-01 
3.898066e-01 
3.898010e-01 
3.897970e-01 
3.897939e-01 
3.897886e-01 
3.897838e-01 
3.897785e-01 
3.897726e-01 
3.897684e-01 
3.897636e-01 
3.897586e-01 
3.897551e-01 
3.897519e-01 
3.897484e-01 
3.897458e-01 
3.897439e-01 
3.897424e-01 
3.897415e-01 
3.897401e-01 
3.897388e-01 
3.897377e-01 
3.897368e-01 
3.897357e-01 
3.897350e-01 
3.897343e-01 
3.897334e-01 
3.897324e-01 
3.897317e-01 
3.897308e-01 
3.897298e-01 
3.897289e-01 
3.897282e-01 
3.897275e-01 
3.897271e-01 
3.897263e-01 
3.897256e-01 
3.897249e-01 
3.897238e-01 
3.897230e-01 
3.897222e-01 
3.897216e-01 
3.897212e-01 
3.897211e-01 
3.897210e-01 
3.897208e-01 
3.897206e-01 
3.897204e-01 
3.897201e-01 
3.897199e-01 
3.897197e-01 
3.897195e-01 
3.897193e-01 
3.897192e-01 
3.897190e-01 
3.897188e-01 
3.897186e-01 
3.897185e-01 
3.897184e-01 
3.897182e-01 
3.897179e-01 
3.897176e-01 
3.897173e-01 
3.897170e-01 
3.897168e-01 
3.897165e-01 
3.897162e-01 
3.897159e-01 
3.897156e-01 
3.897153e-01 
3.897150e-01 
3.897147e-01 
3.897145e-01 
3.897144e-01 
3.897144e-01 
3.897144e-01 
3.897143e-01 
3.897143e-01 
3.897143e-01 
3.897143e-01 
3.897143e-01 
3.897142e-01 
3.897142e-01 
3.897142e-01 
3.897142e-01 
3.897141e-01 
3.897141e-01 
3.897141e-01 
3.897140e-01 
3.897140e-01 
3.897139e-01 
3.897139e-01 
3.897139e-01 
3.897139e-01 
3.897138e-01 
3.897138e-01 
3.897138e-01 
3.897138e-01 
3.897138e-01 
3.897137e-01 
3.897137e-01 
3.897137e-01 
3.897136e-01 
3.897136e-01 
3.897136e-01 
3.897136e-01 
3.897136e-01 
3.897135e-01 
3.897135e-01 
3.897135e-01 
3.897135e-01 
3.897135e-01 
3.897135e-01 
3.897135e-01 
3.897134e-01 
3.897134e-01 
3.897134e-01 
3.897134e-01 
3.897134e-01 
3.897134e-01 
3.897134e-01 
3.897134e-01 
3.897133e-01 
3.897133e-01 
3.897133e-01 
3.897133e-01 
3.897132e-01 
3.897120e-01 
3.897118e-01 
3.897108e-01 
3.897098e-01 
3.897089e-01 
3.897073e-01 
3.897052e-01 
3.897031e-01 
3.897003e-01 
3.896966e-01 
3.896929e-01 
3.896882e-01 
3.896839e-01 
3.896814e-01 
3.896808e-01 
3.896798e-01 
3.896751e-01 
3.896698e-01 
3.896674e-01 
3.896653e-01 
3.896634e-01 
3.896614e-01 
3.896604e-01 
3.896592e-01 
3.896572e-01 
3.896563e-01 
3.896553e-01 
3.896540e-01 
3.896534e-01 
3.896527e-01 
3.896518e-01 
3.896516e-01 
3.896509e-01 
3.896503e-01 
3.896495e-01 
3.896486e-01 
3.896476e-01 
3.896469e-01 
3.896454e-01 
3.896439e-01 
3.896422e-01 
3.896404e-01 
3.896386e-01 
3.896360e-01 
3.896347e-01 
3.896327e-01 
3.896307e-01 
3.896290e-01 
3.896271e-01 
3.896257e-01 
3.896243e-01 
3.896223e-01 
3.896206e-01 
3.896189e-01 
3.896178e-01 
3.896166e-01 
3.896156e-01 
3.896149e-01 
3.896141e-01 
3.896134e-01 
3.896127e-01 
3.896114e-01 
3.896098e-01 
3.896081e-01 
3.896057e-01 
3.896033e-01 
3.896008e-01 
3.895985e-01 
3.895961e-01 
3.895942e-01 
3.895910e-01 
3.895880e-01 
3.895859e-01 
3.895831e-01 
3.895801e-01 
3.895765e-01 
3.895732e-01 
3.895701e-01 
3.895663e-01 
3.895628e-01 
3.895606e-01 
3.895589e-01 
3.895589e-01 
3.895589e-01 
3.895589e-01 
3.895589e-01 
3.895589e-01 
3.895589e-01 
3.895589e-01 
3.895589e-01 
3.895589e-01 
3.895588e-01 
3.895588e-01 
3.895588e-01 
3.895587e-01 
3.895587e-01 
3.895586e-01 
3.895586e-01 
3.895585e-01 
3.895584e-01 
3.895584e-01 
3.895583e-01 
3.895583e-01 
3.895582e-01 
3.895581e-01 
3.895580e-01 
3.895579e-01 
3.895578e-01 
3.895578e-01 
3.895577e-01 
3.895576e-01 
3.895576e-01 
3.895575e-01 
3.895575e-01 
3.895575e-01 
3.895574e-01 
3.895574e-01 
3.895573e-01 
3.895573e-01 
3.895572e-01 
3.895572e-01 
3.895570e-01 
3.895569e-01 
3.895568e-01 
3.895567e-01 
3.895565e-01 
3.895563e-01 
3.895561e-01 
3.895559e-01 
3.895558e-01 
3.895556e-01 
3.895555e-01 
3.895552e-01 
3.895549e-01 
3.895545e-01 
3.895541e-01 
3.895538e-01 
3.895534e-01 
3.895531e-01 
3.895526e-01 
3.895518e-01 
3.895512e-01 
3.895505e-01 
3.895499e-01 
3.895494e-01 
3.895491e-01 
3.895486e-01 
3.895483e-01 
3.895481e-01 
3.895477e-01 
3.895476e-01 
3.895476e-01 
3.895476e-01 
3.895476e-01 
3.895476e-01 
3.895476e-01 
3.895476e-01 
3.895476e-01 
3.895476e-01 
3.895476e-01 
3.895475e-01 
3.895475e-01 
3.895475e-01 
3.895475e-01 
3.895475e-01 
3.895475e-01 
3.895475e-01 
3.895475e-01 
3.895474e-01 
3.895474e-01 
3.895474e-01 
3.895473e-01 
3.895472e-01 
3.895471e-01 
3.895470e-01 
3.895470e-01 
3.895469e-01 
3.895467e-01 
3.895466e-01 
3.895464e-01 
3.895463e-01 
3.895461e-01 
3.895459e-01 
3.895455e-01 
3.895452e-01 
3.895448e-01 
3.895442e-01 
3.895436e-01 
3.895429e-01 
3.895422e-01 
3.895416e-01 
3.895407e-01 
3.895399e-01 
3.895390e-01 
3.895380e-01 
3.895368e-01 
3.895358e-01 
3.895349e-01 
3.895335e-01 
3.895317e-01 
3.895302e-01 
3.895288e-01 
3.895275e-01 
3.895266e-01 
3.895255e-01 
3.895243e-01 
3.895235e-01 
3.895225e-01 
3.895211e-01 
3.895202e-01 
3.895190e-01 
3.895181e-01 
3.895165e-01 
3.895154e-01 
3.895146e-01 
3.895139e-01 
3.895135e-01 
3.895134e-01 
3.895134e-01 
3.895134e-01 
3.895134e-01 
3.895134e-01 
3.895134e-01 
3.895134e-01 
3.895134e-01 
3.895134e-01 
3.895134e-01 
3.895134e-01 
3.895134e-01 
3.895134e-01 
3.895134e-01 
3.895134e-01 
3.895134e-01 
3.895134e-01 
3.895134e-01 
3.895134e-01 
3.895134e-01 
3.895134e-01 
3.895134e-01 
3.895134e-01 
3.895134e-01 
3.895134e-01 
3.895134e-01 
3.895134e-01 
3.895134e-01 
3.895134e-01 
3.895134e-01 
3.895134e-01 
3.895134e-01 
3.895134e-01 
3.895134e-01 
3.895134e-01 
3.895134e-01 
3.895134e-01 
3.895134e-01 
3.895134e-01 
3.895134e-01 
3.895133e-01 
3.895133e-01 
3.895133e-01 
3.895133e-01 
3.895133e-01 
3.895133e-01 
3.895133e-01 
3.895133e-01 
3.895133e-01 
3.895133e-01 
3.895133e-01 
3.895133e-01 
3.895133e-01 
3.895133e-01 
3.895133e-01 
3.895133e-01 
3.895133e-01 
3.895133e-01 
3.895133e-01 
3.895133e-01 
3.895133e-01 
3.895133e-01 
3.895133e-01 
3.895133e-01 
3.895133e-01 
3.895133e-01 
3.895133e-01 
3.895133e-01 
3.895133e-01 
3.895133e-01 
3.895133e-01 
3.895133e-01 
3.895133e-01 
3.895133e-01 
3.895133e-01 
3.895133e-01 
3.895133e-01 
3.895133e-01 
3.895133e-01 
3.895133e-01 
3.895133e-01 
3.895133e-01 
3.895133e-01 
3.895133e-01 
3.895133e-01 
3.895133e-01 
3.895133e-01 
3.895133e-01 
3.895133e-01 
3.895133e-01 
3.895133e-01 
3.895133e-01 
3.895133e-01 
3.895133e-01 
3.895133e-01 
3.895133e-01 
3.895133e-01 
3.895133e-01 
3.895133e-01 
3.895133e-01 
3.895133e-01 
3.895133e-01 
3.895133e-01 
3.895133e-01 
3.895133e-01 
3.895133e-01 
3.895133e-01 
3.895133e-01 
3.895133e-01 
3.895133e-01 
3.895133e-01 
3.895133e-01 
3.895132e-01 
3.895132e-01 
3.895132e-01 
3.895132e-01 
3.895132e-01 
3.895132e-01 
3.895132e-01 
3.895132e-01 
3.895132e-01 
3.895132e-01 
3.895132e-01 
3.895132e-01 
3.895131e-01 
3.895131e-01 
3.895131e-01 
3.895131e-01 
3.895131e-01 
3.895130e-01 
3.895130e-01 
3.895129e-01 
3.895129e-01 
3.895128e-01 
3.895128e-01 
3.895127e-01 
3.895126e-01 
3.895126e-01 
3.895125e-01 
3.895124e-01 
3.895123e-01 
3.895122e-01 
3.895120e-01 
3.895118e-01 
3.895115e-01 
3.895113e-01 
3.895111e-01 
3.895109e-01 
3.895106e-01 
3.895090e-01 
3.895044e-01 
3.895010e-01 
3.894988e-01 
3.894947e-01 
3.894912e-01 
3.894889e-01 
3.894853e-01 
3.894808e-01 
3.894792e-01 
3.894779e-01 
3.894735e-01 
3.894722e-01 
3.894708e-01 
3.894674e-01 
3.894657e-01 
3.894608e-01 
3.894583e-01 
3.894564e-01 
3.894536e-01 
3.894505e-01 
3.894481e-01 
3.894467e-01 
3.894451e-01 
3.894446e-01 
3.894421e-01 
3.894404e-01 
3.894393e-01 
3.894379e-01 
3.894370e-01 
3.894361e-01 
3.894354e-01 
3.894346e-01 
3.894340e-01 
3.894333e-01 
3.894327e-01 
3.894324e-01 
3.894314e-01 
3.894310e-01 
3.894301e-01 
3.894298e-01 
3.894295e-01 
3.894291e-01 
3.894285e-01 
3.894279e-01 
3.894274e-01 
3.894270e-01 
3.894260e-01 
3.894258e-01 
3.894249e-01 
3.894246e-01 
3.894243e-01 
3.894239e-01 
3.894235e-01 
3.894229e-01 
3.894224e-01 
3.894221e-01 
3.894215e-01 
3.894212e-01 
3.894208e-01 
3.894205e-01 
3.894202e-01 
3.894200e-01 
3.894198e-01 
3.894195e-01 
3.894192e-01 
3.894189e-01 
3.894185e-01 
3.894184e-01 
3.894181e-01 
3.894179e-01 
3.894177e-01 
3.894175e-01 
3.894174e-01 
3.894172e-01 
3.894170e-01 
3.894169e-01 
3.894168e-01 
3.894167e-01 
3.894165e-01 
3.894164e-01 
3.894162e-01 
3.894161e-01 
3.894160e-01 
3.894159e-01 
3.894158e-01 
3.894157e-01 
3.894156e-01 
3.894156e-01 
3.894155e-01 
3.894155e-01 
3.894154e-01 
3.894153e-01 
3.894152e-01 
3.894152e-01 
3.894152e-01 
3.894151e-01 
3.894151e-01 
3.894150e-01 
3.894150e-01 
3.894150e-01 
3.894149e-01 
3.894149e-01 
3.894149e-01 
3.894149e-01 
3.894149e-01 
3.894149e-01 
3.894149e-01 
3.894149e-01 
3.894149e-01 
3.894149e-01 
3.894149e-01 
3.894149e-01 
3.894149e-01 
3.894149e-01 
3.894149e-01 
3.894149e-01 
3.894149e-01 
3.894149e-01 
3.894149e-01 
3.894149e-01 
3.894148e-01 
3.894148e-01 
3.894148e-01 
3.894148e-01 
3.894148e-01 
3.894148e-01 
3.894148e-01 
3.894148e-01 
3.894148e-01 
3.894148e-01 
3.894148e-01 
3.894148e-01 
3.894148e-01 
3.894148e-01 
3.894148e-01 
3.894148e-01 
3.894148e-01 
3.894148e-01 
3.894148e-01 
3.894148e-01 
3.894148e-01 
3.894148e-01 
3.894147e-01 
3.894147e-01 
3.894147e-01 
3.894147e-01 
3.894147e-01 
3.894147e-01 
3.894147e-01 
3.894147e-01 
3.894147e-01 
3.894147e-01 
3.894147e-01 
3.894147e-01 
3.894146e-01 
3.894146e-01 
3.894146e-01 
3.894146e-01 
3.894146e-01 
3.894146e-01 
3.894146e-01 
3.894146e-01 
3.894146e-01 
3.894146e-01 
3.894146e-01 
3.894146e-01 
3.894146e-01 
3.894146e-01 
3.894145e-01 
3.894145e-01 
3.894145e-01 
3.894145e-01 
3.894145e-01 
3.894145e-01 
3.894145e-01 
3.894145e-01 
3.894145e-01 
3.894145e-01 
3.894145e-01 
3.894145e-01 
3.894145e-01 
3.894145e-01 
3.894145e-01 
3.894145e-01 
3.894145e-01 
3.894145e-01 
3.894145e-01 
3.894145e-01 
3.894145e-01 
3.894145e-01 
3.894145e-01 
3.894145e-01 
3.894145e-01 
3.894145e-01 
3.894145e-01 
3.894145e-01 
3.894145e-01 
3.894145e-01 
3.894145e-01 
3.894145e-01 
3.894145e-01 
3.894145e-01 
3.894145e-01 
3.894145e-01 
3.894145e-01 
3.894145e-01 
3.894145e-01 
3.894145e-01 
3.894145e-01 
3.894145e-01 
3.894145e-01 
3.894145e-01 
3.894145e-01 
3.894145e-01 
3.894145e-01 
3.894145e-01 
3.894145e-01 
3.894145e-01 
3.894145e-01 
3.894144e-01 
3.894144e-01 
3.894144e-01 
3.894144e-01 
3.894144e-01 
3.894144e-01 
3.894144e-01 
3.894144e-01 
3.894143e-01 
3.894143e-01 
3.894143e-01 
3.894143e-01 
3.894143e-01 
3.894143e-01 
3.894143e-01 
3.894143e-01 
3.894143e-01 
3.894142e-01 
3.894142e-01 
3.894142e-01 
3.894142e-01 
3.894142e-01 
3.894142e-01 
3.894142e-01 
3.894142e-01 
3.894142e-01 
3.894142e-01 
3.894142e-01 
3.894142e-01 
3.894142e-01 
3.894141e-01 
3.894141e-01 
3.894141e-01 
3.894141e-01 
3.894141e-01 
3.894141e-01 
3.894140e-01 
3.894140e-01 
3.894140e-01 
3.894140e-01 
3.893723e-01 
3.893447e-01 
3.893235e-01 
3.893148e-01 
3.893127e-01 
3.893127e-01 
3.893126e-01 
3.893123e-01 
3.893122e-01 
3.893122e-01 
3.893122e-01 
3.893120e-01 
3.893120e-01 
3.893119e-01 
3.893117e-01 
3.893115e-01 
3.893114e-01 
