4.501313e+06 
2.415587e+06 
1.194381e+06 
8.619618e+05 
8.619618e+05 
8.619618e+05 
8.619618e+05 
8.619618e+05 
8.619618e+05 
8.619618e+05 
8.619618e+05 
8.619618e+05 
8.619618e+05 
8.619618e+05 
8.619618e+05 
8.619618e+05 
8.619618e+05 
8.619618e+05 
8.619618e+05 
8.619618e+05 
8.619618e+05 
8.619618e+05 
8.619618e+05 
8.619618e+05 
6.376101e+05 
6.376101e+05 
6.376101e+05 
6.376101e+05 
6.376101e+05 
6.376101e+05 
6.376101e+05 
5.754181e+05 
5.754181e+05 
2.985319e+05 
2.985319e+05 
2.630380e+05 
2.630380e+05 
2.630380e+05 
2.630380e+05 
2.630380e+05 
2.630380e+05 
2.630380e+05 
2.630380e+05 
2.630380e+05 
2.630380e+05 
2.630380e+05 
2.630380e+05 
2.630380e+05 
2.630380e+05 
9.280357e+04 
9.280357e+04 
9.280357e+04 
9.280357e+04 
9.280357e+04 
9.280357e+04 
9.280357e+04 
9.280357e+04 
9.280357e+04 
9.280357e+04 
9.280357e+04 
9.280357e+04 
9.280357e+04 
9.280357e+04 
9.280357e+04 
9.280357e+04 
9.280357e+04 
9.280357e+04 
9.280357e+04 
9.280357e+04 
9.280357e+04 
9.280357e+04 
9.280357e+04 
9.280357e+04 
9.280357e+04 
9.280357e+04 
9.280357e+04 
9.280357e+04 
9.280357e+04 
9.280357e+04 
9.280357e+04 
9.280357e+04 
9.280357e+04 
9.280357e+04 
9.280357e+04 
9.280357e+04 
9.280357e+04 
7.528765e+04 
7.528765e+04 
7.528765e+04 
7.528765e+04 
7.528765e+04 
7.528765e+04 
7.528765e+04 
7.528765e+04 
7.528765e+04 
7.528765e+04 
7.528765e+04 
7.528765e+04 
7.528765e+04 
7.528765e+04 
7.528765e+04 
7.528765e+04 
7.528765e+04 
7.528765e+04 
7.528765e+04 
7.528765e+04 
7.528765e+04 
7.528765e+04 
7.528765e+04 
7.528765e+04 
7.528765e+04 
7.528765e+04 
7.528765e+04 
7.528765e+04 
6.579595e+04 
6.579595e+04 
6.579595e+04 
6.579595e+04 
6.579595e+04 
4.738030e+04 
4.738030e+04 
4.738030e+04 
4.738030e+04 
1.874933e+04 
1.874933e+04 
1.874933e+04 
1.874933e+04 
1.874933e+04 
1.874933e+04 
1.874933e+04 
1.874933e+04 
4.118264e+03 
4.118264e+03 
4.118264e+03 
4.118264e+03 
4.118264e+03 
4.118264e+03 
4.118264e+03 
4.118264e+03 
4.118264e+03 
4.118264e+03 
4.118264e+03 
4.118264e+03 
4.118264e+03 
4.118264e+03 
4.118264e+03 
4.118264e+03 
4.118264e+03 
4.118264e+03 
4.118264e+03 
4.118264e+03 
4.118264e+03 
4.118264e+03 
4.118264e+03 
4.118264e+03 
4.118264e+03 
4.118264e+03 
4.118264e+03 
4.118264e+03 
4.118264e+03 
4.118264e+03 
4.118264e+03 
4.118264e+03 
4.118264e+03 
3.912420e+03 
3.912420e+03 
3.912420e+03 
3.912420e+03 
3.912420e+03 
3.912420e+03 
3.912420e+03 
3.912420e+03 
3.912420e+03 
3.912420e+03 
3.912420e+03 
3.912420e+03 
3.912420e+03 
3.256104e+03 
1.842973e+03 
1.806035e+03 
1.109388e+03 
1.101298e+03 
1.055968e+03 
1.055968e+03 
1.055968e+03 
7.424389e+02 
7.424389e+02 
7.424389e+02 
7.424389e+02 
7.424389e+02 
7.424389e+02 
7.424389e+02 
7.424389e+02 
7.424389e+02 
7.424389e+02 
7.424389e+02 
7.424389e+02 
7.424389e+02 
7.424389e+02 
7.424389e+02 
7.424389e+02 
7.424389e+02 
7.424389e+02 
7.424389e+02 
7.424389e+02 
7.424389e+02 
7.424389e+02 
7.424389e+02 
7.424389e+02 
7.424389e+02 
7.424389e+02 
7.424389e+02 
7.424389e+02 
7.424389e+02 
7.424389e+02 
7.424389e+02 
7.424389e+02 
7.424389e+02 
7.424389e+02 
7.424389e+02 
7.424389e+02 
7.424389e+02 
7.424389e+02 
7.424389e+02 
7.424389e+02 
7.424389e+02 
7.424389e+02 
7.424389e+02 
7.424389e+02 
7.424389e+02 
7.424389e+02 
7.424389e+02 
7.424389e+02 
7.424389e+02 
7.424389e+02 
7.424389e+02 
7.424389e+02 
7.424389e+02 
7.424389e+02 
7.424389e+02 
7.424389e+02 
7.424389e+02 
7.424389e+02 
7.424389e+02 
7.424389e+02 
7.424389e+02 
7.424389e+02 
7.424389e+02 
7.424389e+02 
7.424389e+02 
7.424389e+02 
7.424389e+02 
7.424389e+02 
7.424389e+02 
7.424389e+02 
7.424389e+02 
7.424389e+02 
7.424389e+02 
7.424389e+02 
7.424389e+02 
7.424389e+02 
7.424389e+02 
7.424389e+02 
7.424389e+02 
7.424389e+02 
7.424389e+02 
7.424389e+02 
7.424389e+02 
7.424389e+02 
7.424389e+02 
7.424389e+02 
7.424389e+02 
7.424389e+02 
7.424389e+02 
7.424389e+02 
7.424389e+02 
7.424389e+02 
7.424389e+02 
7.424389e+02 
7.424389e+02 
7.424389e+02 
7.424389e+02 
7.424389e+02 
7.424389e+02 
7.424389e+02 
7.424389e+02 
7.424389e+02 
7.424389e+02 
7.424389e+02 
7.424389e+02 
7.424389e+02 
7.424389e+02 
7.424389e+02 
7.424389e+02 
7.424389e+02 
7.424389e+02 
7.424389e+02 
7.424389e+02 
7.424389e+02 
7.424389e+02 
7.424389e+02 
7.424389e+02 
7.424389e+02 
7.424389e+02 
7.424389e+02 
7.424389e+02 
7.424389e+02 
7.424389e+02 
7.424389e+02 
7.424389e+02 
7.424389e+02 
7.424389e+02 
7.424389e+02 
7.424389e+02 
7.424389e+02 
7.090975e+02 
7.090975e+02 
7.090975e+02 
7.090975e+02 
7.090975e+02 
7.090975e+02 
7.090975e+02 
7.090975e+02 
7.090975e+02 
7.090975e+02 
7.090975e+02 
7.090975e+02 
7.090975e+02 
7.090975e+02 
7.090975e+02 
7.090975e+02 
7.090975e+02 
7.090975e+02 
7.090975e+02 
7.090975e+02 
7.090975e+02 
7.090975e+02 
7.090975e+02 
7.090975e+02 
7.090975e+02 
7.090975e+02 
7.090975e+02 
7.090975e+02 
7.090975e+02 
7.090975e+02 
7.090975e+02 
7.090975e+02 
7.090975e+02 
7.090975e+02 
7.090975e+02 
7.090975e+02 
7.090975e+02 
7.090975e+02 
7.090975e+02 
7.090975e+02 
7.090975e+02 
7.090975e+02 
7.090975e+02 
7.090975e+02 
7.090975e+02 
7.090975e+02 
7.090975e+02 
7.090975e+02 
7.090975e+02 
7.090975e+02 
7.090975e+02 
7.090975e+02 
7.090975e+02 
7.090975e+02 
7.090975e+02 
7.090975e+02 
7.090975e+02 
7.090975e+02 
7.090975e+02 
7.090975e+02 
7.090975e+02 
7.090975e+02 
7.090975e+02 
7.090975e+02 
7.090975e+02 
7.090975e+02 
7.090975e+02 
7.090975e+02 
7.090975e+02 
7.090975e+02 
7.090975e+02 
7.090975e+02 
7.090975e+02 
7.090975e+02 
7.090975e+02 
7.090975e+02 
7.090975e+02 
7.090975e+02 
7.090975e+02 
7.090975e+02 
7.090975e+02 
7.090975e+02 
7.090975e+02 
7.090975e+02 
7.090975e+02 
7.090975e+02 
7.090975e+02 
7.090975e+02 
7.090975e+02 
7.090975e+02 
7.090975e+02 
7.090975e+02 
7.090975e+02 
7.090975e+02 
7.090975e+02 
7.090975e+02 
7.090975e+02 
7.090975e+02 
7.090975e+02 
7.090975e+02 
7.090975e+02 
7.090975e+02 
7.090975e+02 
7.090975e+02 
7.090975e+02 
7.090975e+02 
7.090975e+02 
7.090975e+02 
7.090975e+02 
7.090975e+02 
7.090975e+02 
7.090975e+02 
7.090975e+02 
7.090975e+02 
7.090975e+02 
7.090975e+02 
7.090975e+02 
7.090975e+02 
7.090975e+02 
7.090975e+02 
7.090975e+02 
7.090975e+02 
7.090975e+02 
7.090975e+02 
7.090975e+02 
7.090975e+02 
7.090975e+02 
7.090975e+02 
7.090975e+02 
7.090975e+02 
7.090975e+02 
7.090975e+02 
7.090975e+02 
7.090975e+02 
7.090975e+02 
7.090975e+02 
7.090975e+02 
7.090975e+02 
7.090975e+02 
7.090975e+02 
7.090975e+02 
7.090975e+02 
7.090975e+02 
7.090975e+02 
7.090975e+02 
7.090975e+02 
7.090975e+02 
7.090975e+02 
7.090975e+02 
7.090975e+02 
7.090975e+02 
7.090975e+02 
7.090975e+02 
7.090975e+02 
7.090975e+02 
7.090975e+02 
7.090975e+02 
7.090975e+02 
7.090975e+02 
7.090975e+02 
7.090975e+02 
7.090975e+02 
7.090975e+02 
7.090975e+02 
7.090975e+02 
7.090975e+02 
7.090975e+02 
7.090975e+02 
7.090975e+02 
7.090975e+02 
7.090975e+02 
7.090975e+02 
7.090975e+02 
7.090975e+02 
7.090975e+02 
7.090975e+02 
7.090975e+02 
7.090975e+02 
7.090975e+02 
7.090975e+02 
7.090975e+02 
7.090975e+02 
7.090975e+02 
7.090975e+02 
7.090975e+02 
7.090975e+02 
7.090975e+02 
7.090975e+02 
7.090975e+02 
7.090975e+02 
7.090975e+02 
7.090975e+02 
7.090975e+02 
7.090975e+02 
7.090975e+02 
7.090975e+02 
7.090975e+02 
7.090975e+02 
7.090975e+02 
7.090975e+02 
7.090975e+02 
7.090975e+02 
7.090975e+02 
7.090975e+02 
7.090975e+02 
7.090975e+02 
7.090975e+02 
7.090975e+02 
7.090975e+02 
7.090975e+02 
7.090975e+02 
7.090975e+02 
7.090975e+02 
7.090975e+02 
7.090975e+02 
7.090975e+02 
7.090975e+02 
7.090975e+02 
7.090975e+02 
7.090975e+02 
7.090975e+02 
7.090975e+02 
7.090975e+02 
7.090975e+02 
7.090975e+02 
7.090975e+02 
7.090975e+02 
7.090975e+02 
7.090975e+02 
7.090975e+02 
7.090975e+02 
7.090975e+02 
7.090975e+02 
7.090975e+02 
7.090975e+02 
7.090975e+02 
7.090975e+02 
7.090975e+02 
7.090975e+02 
7.090975e+02 
7.090975e+02 
7.090975e+02 
7.090975e+02 
7.090975e+02 
7.090975e+02 
7.090975e+02 
7.090975e+02 
7.090975e+02 
7.090975e+02 
7.090975e+02 
7.090975e+02 
7.090975e+02 
7.090975e+02 
7.090975e+02 
7.090975e+02 
7.090975e+02 
7.090975e+02 
7.090975e+02 
7.090975e+02 
7.090975e+02 
7.090975e+02 
7.090975e+02 
7.090975e+02 
7.090975e+02 
7.090975e+02 
7.090975e+02 
7.090975e+02 
7.090975e+02 
7.090975e+02 
7.090975e+02 
7.090975e+02 
7.090975e+02 
7.090975e+02 
7.090975e+02 
7.090975e+02 
7.090975e+02 
7.090975e+02 
7.090975e+02 
7.090975e+02 
7.090975e+02 
7.090975e+02 
7.090975e+02 
7.090975e+02 
7.090975e+02 
7.090975e+02 
7.090975e+02 
7.090975e+02 
7.090975e+02 
7.090975e+02 
7.090975e+02 
7.090975e+02 
7.090975e+02 
7.090975e+02 
7.090975e+02 
7.090975e+02 
7.090975e+02 
7.090975e+02 
7.090975e+02 
7.090975e+02 
7.090975e+02 
7.090975e+02 
7.090975e+02 
7.090975e+02 
7.090975e+02 
7.090975e+02 
7.090975e+02 
7.090975e+02 
7.090975e+02 
7.090975e+02 
7.090975e+02 
7.090975e+02 
7.090975e+02 
7.090975e+02 
7.090975e+02 
7.090975e+02 
7.090975e+02 
7.090975e+02 
7.090975e+02 
7.090975e+02 
7.090975e+02 
7.090975e+02 
7.090975e+02 
7.090975e+02 
7.090975e+02 
7.090975e+02 
7.090975e+02 
7.090975e+02 
7.090975e+02 
7.090975e+02 
7.090975e+02 
7.090975e+02 
7.090975e+02 
7.090975e+02 
7.090975e+02 
7.090975e+02 
7.090975e+02 
7.090975e+02 
7.090975e+02 
7.090975e+02 
7.090975e+02 
7.090975e+02 
7.090975e+02 
7.090975e+02 
7.090975e+02 
7.090975e+02 
7.090975e+02 
7.090975e+02 
7.090975e+02 
7.090975e+02 
7.090975e+02 
7.090975e+02 
7.090975e+02 
7.090975e+02 
7.090975e+02 
7.090975e+02 
7.090975e+02 
7.090975e+02 
7.090975e+02 
7.090975e+02 
7.090975e+02 
5.605507e+02 
5.605507e+02 
5.605507e+02 
5.605507e+02 
5.605507e+02 
5.605507e+02 
5.605507e+02 
5.605507e+02 
5.605507e+02 
5.605507e+02 
5.605507e+02 
5.605507e+02 
5.605507e+02 
5.605507e+02 
5.605507e+02 
5.605507e+02 
5.605507e+02 
5.605507e+02 
5.605507e+02 
5.605507e+02 
5.605507e+02 
5.605507e+02 
5.605507e+02 
5.605507e+02 
5.605507e+02 
5.605507e+02 
5.605507e+02 
5.605507e+02 
5.605507e+02 
5.605507e+02 
5.605507e+02 
5.605507e+02 
5.605507e+02 
5.605507e+02 
5.605507e+02 
5.605507e+02 
5.605507e+02 
5.605507e+02 
5.605507e+02 
5.605507e+02 
5.605507e+02 
5.605507e+02 
5.605507e+02 
5.605507e+02 
5.605507e+02 
5.605507e+02 
5.605507e+02 
5.605507e+02 
5.605507e+02 
5.605507e+02 
5.605507e+02 
5.605507e+02 
5.605507e+02 
5.605507e+02 
5.605507e+02 
5.605507e+02 
5.605507e+02 
5.605507e+02 
5.605507e+02 
5.605507e+02 
5.605507e+02 
5.605507e+02 
5.605507e+02 
5.605507e+02 
5.605507e+02 
5.605507e+02 
5.605507e+02 
5.605507e+02 
5.605507e+02 
5.605507e+02 
5.605507e+02 
5.605507e+02 
5.605507e+02 
5.605507e+02 
5.605507e+02 
5.605507e+02 
5.605507e+02 
5.605507e+02 
5.605507e+02 
5.605507e+02 
5.605507e+02 
5.605507e+02 
5.605507e+02 
5.605507e+02 
5.605507e+02 
5.605507e+02 
5.605507e+02 
5.605507e+02 
5.605507e+02 
5.605507e+02 
5.605507e+02 
5.605507e+02 
5.605507e+02 
5.605507e+02 
5.605507e+02 
5.605507e+02 
5.605507e+02 
5.605507e+02 
5.605507e+02 
5.605507e+02 
5.605507e+02 
5.605507e+02 
5.605507e+02 
5.605507e+02 
5.605507e+02 
5.605507e+02 
5.605507e+02 
5.605507e+02 
5.605507e+02 
5.605507e+02 
5.605507e+02 
5.605507e+02 
5.605507e+02 
5.605507e+02 
5.605507e+02 
5.605507e+02 
5.605507e+02 
5.605507e+02 
5.605507e+02 
5.605507e+02 
5.605507e+02 
5.605507e+02 
5.605507e+02 
5.605507e+02 
5.605507e+02 
5.605507e+02 
5.605507e+02 
5.605507e+02 
5.605507e+02 
5.605507e+02 
5.605507e+02 
5.605507e+02 
5.605507e+02 
5.605507e+02 
5.605507e+02 
5.605507e+02 
5.605507e+02 
5.605507e+02 
5.605507e+02 
5.605507e+02 
5.605507e+02 
5.605507e+02 
5.605507e+02 
5.605507e+02 
5.605507e+02 
5.605507e+02 
5.605507e+02 
5.605507e+02 
5.605507e+02 
5.605507e+02 
5.605507e+02 
5.605507e+02 
5.605507e+02 
5.605507e+02 
5.605507e+02 
5.605507e+02 
5.605507e+02 
5.605507e+02 
5.605507e+02 
5.605507e+02 
5.605507e+02 
5.605507e+02 
5.605507e+02 
5.605507e+02 
5.605507e+02 
5.605507e+02 
5.605507e+02 
5.605507e+02 
5.605507e+02 
5.605507e+02 
5.605507e+02 
5.605507e+02 
5.605507e+02 
5.605507e+02 
5.605507e+02 
5.605507e+02 
5.605507e+02 
5.605507e+02 
5.605507e+02 
5.605507e+02 
5.605507e+02 
5.605507e+02 
5.605507e+02 
5.605507e+02 
5.605507e+02 
5.605507e+02 
5.605507e+02 
5.605507e+02 
5.605507e+02 
5.605507e+02 
5.605507e+02 
5.605507e+02 
5.605507e+02 
5.605507e+02 
5.605507e+02 
5.605507e+02 
5.605507e+02 
5.605507e+02 
5.605507e+02 
5.605507e+02 
5.605507e+02 
5.605507e+02 
5.605507e+02 
5.605507e+02 
5.605507e+02 
5.605507e+02 
5.605507e+02 
5.605507e+02 
5.605507e+02 
5.605507e+02 
5.605507e+02 
5.605507e+02 
5.605507e+02 
5.605507e+02 
5.605507e+02 
5.605507e+02 
5.605507e+02 
5.605507e+02 
5.605507e+02 
5.605507e+02 
5.605507e+02 
5.605507e+02 
5.605507e+02 
5.605507e+02 
5.605507e+02 
5.605507e+02 
5.605507e+02 
5.605507e+02 
5.605507e+02 
5.605507e+02 
5.605507e+02 
5.605507e+02 
5.605507e+02 
5.605507e+02 
5.605507e+02 
5.605507e+02 
5.605507e+02 
5.605507e+02 
5.605507e+02 
5.605507e+02 
5.605507e+02 
5.605507e+02 
5.605507e+02 
5.605507e+02 
5.605507e+02 
5.605507e+02 
5.605507e+02 
5.605507e+02 
5.605507e+02 
5.605507e+02 
5.605507e+02 
5.605507e+02 
5.605507e+02 
5.605507e+02 
5.605507e+02 
5.605507e+02 
5.605507e+02 
5.605507e+02 
5.605507e+02 
5.605507e+02 
5.605507e+02 
5.605507e+02 
5.605507e+02 
5.605507e+02 
5.605507e+02 
5.605507e+02 
5.605507e+02 
5.605507e+02 
5.605507e+02 
5.605507e+02 
5.605507e+02 
5.605507e+02 
5.605507e+02 
5.605507e+02 
5.605507e+02 
5.605507e+02 
5.605507e+02 
5.605507e+02 
5.605507e+02 
5.605507e+02 
5.605507e+02 
5.605507e+02 
5.605507e+02 
5.605507e+02 
5.605507e+02 
5.605507e+02 
5.605507e+02 
5.605507e+02 
5.605507e+02 
5.605507e+02 
5.605507e+02 
5.605507e+02 
5.605507e+02 
5.605507e+02 
5.605507e+02 
5.605507e+02 
5.605507e+02 
5.605507e+02 
5.605507e+02 
5.605507e+02 
5.605507e+02 
5.605507e+02 
5.605507e+02 
5.605507e+02 
5.605507e+02 
5.605507e+02 
5.605507e+02 
5.605507e+02 
5.605507e+02 
5.605507e+02 
5.605507e+02 
5.605507e+02 
5.605507e+02 
5.605507e+02 
5.605507e+02 
5.605507e+02 
5.605507e+02 
5.605507e+02 
5.605507e+02 
5.605507e+02 
5.605507e+02 
5.605507e+02 
5.605507e+02 
5.605507e+02 
5.605507e+02 
5.605507e+02 
5.605507e+02 
5.605507e+02 
5.605507e+02 
5.605507e+02 
5.605507e+02 
5.605507e+02 
5.605507e+02 
5.605507e+02 
5.605507e+02 
5.605507e+02 
5.605507e+02 
5.586314e+02 
5.586314e+02 
5.586314e+02 
5.586314e+02 
5.586314e+02 
5.586314e+02 
5.586314e+02 
5.586314e+02 
5.586314e+02 
5.586314e+02 
5.586314e+02 
5.586314e+02 
5.586314e+02 
5.586314e+02 
5.586314e+02 
5.586314e+02 
5.586314e+02 
5.586314e+02 
5.586314e+02 
5.586314e+02 
5.586314e+02 
5.586314e+02 
5.586314e+02 
5.586314e+02 
5.586314e+02 
5.586314e+02 
5.586314e+02 
5.586314e+02 
5.586314e+02 
5.586314e+02 
5.586314e+02 
5.586314e+02 
5.586314e+02 
5.586314e+02 
5.586314e+02 
5.586314e+02 
5.586314e+02 
5.586314e+02 
5.455614e+02 
5.455614e+02 
5.455614e+02 
5.455614e+02 
5.325492e+02 
5.325492e+02 
4.816612e+02 
4.816612e+02 
3.631040e+02 
3.631040e+02 
3.631040e+02 
3.631040e+02 
3.631040e+02 
3.631040e+02 
3.631040e+02 
3.631040e+02 
3.631040e+02 
3.631040e+02 
3.631040e+02 
3.459981e+02 
3.459981e+02 
3.459981e+02 
3.459981e+02 
3.459981e+02 
3.459981e+02 
3.459981e+02 
3.459981e+02 
3.459981e+02 
3.459981e+02 
3.459981e+02 
3.459981e+02 
3.459981e+02 
3.459981e+02 
3.459981e+02 
3.459981e+02 
3.459981e+02 
3.459981e+02 
3.459981e+02 
3.459981e+02 
3.459981e+02 
3.459981e+02 
3.459981e+02 
3.459981e+02 
3.459981e+02 
3.459981e+02 
3.459981e+02 
3.459981e+02 
3.459981e+02 
3.459981e+02 
3.459981e+02 
3.459981e+02 
3.459981e+02 
3.459981e+02 
3.459981e+02 
3.459981e+02 
3.459981e+02 
3.459981e+02 
3.459981e+02 
3.459981e+02 
3.459981e+02 
3.459981e+02 
3.459981e+02 
3.459981e+02 
3.459981e+02 
3.459981e+02 
3.459981e+02 
3.459981e+02 
3.459981e+02 
3.459981e+02 
3.459981e+02 
3.459981e+02 
3.459981e+02 
3.459981e+02 
3.459981e+02 
3.459981e+02 
3.459981e+02 
3.459981e+02 
3.459981e+02 
3.459981e+02 
3.459981e+02 
3.459981e+02 
3.459981e+02 
3.459981e+02 
3.459981e+02 
3.459981e+02 
3.459981e+02 
3.459981e+02 
3.459981e+02 
3.459981e+02 
3.459981e+02 
3.459981e+02 
3.459981e+02 
3.459981e+02 
3.459981e+02 
3.459981e+02 
3.459981e+02 
3.459981e+02 
3.459981e+02 
3.459981e+02 
3.459981e+02 
3.459981e+02 
3.459981e+02 
3.459981e+02 
3.459981e+02 
3.459981e+02 
3.459981e+02 
3.459981e+02 
3.459981e+02 
3.459981e+02 
3.459981e+02 
3.459981e+02 
3.459981e+02 
3.459981e+02 
3.459981e+02 
3.459981e+02 
3.459981e+02 
3.459981e+02 
3.459981e+02 
3.459981e+02 
3.459981e+02 
3.459981e+02 
3.459981e+02 
3.459981e+02 
3.459981e+02 
3.459981e+02 
3.459981e+02 
3.459981e+02 
3.459981e+02 
3.459981e+02 
3.459981e+02 
3.459981e+02 
3.459981e+02 
3.459981e+02 
3.459981e+02 
3.459981e+02 
3.459981e+02 
3.459981e+02 
3.459981e+02 
3.459981e+02 
3.459981e+02 
3.459981e+02 
3.459981e+02 
3.459981e+02 
3.459981e+02 
3.459981e+02 
3.459981e+02 
3.459981e+02 
3.459981e+02 
3.459981e+02 
3.459981e+02 
3.459981e+02 
3.459981e+02 
3.459981e+02 
3.459981e+02 
3.459981e+02 
3.459981e+02 
3.459981e+02 
3.459981e+02 
3.459981e+02 
3.459981e+02 
3.459981e+02 
3.459981e+02 
3.459981e+02 
3.459981e+02 
3.459981e+02 
3.459981e+02 
3.459981e+02 
3.459981e+02 
3.459981e+02 
3.459981e+02 
3.459981e+02 
3.459981e+02 
3.459981e+02 
3.459981e+02 
3.459981e+02 
3.459981e+02 
3.459981e+02 
3.459981e+02 
3.459981e+02 
3.459981e+02 
3.459981e+02 
3.459981e+02 
3.459981e+02 
3.459981e+02 
3.459981e+02 
3.459981e+02 
3.459981e+02 
3.459981e+02 
3.459981e+02 
3.459981e+02 
3.459981e+02 
3.459981e+02 
3.459981e+02 
3.459981e+02 
3.459981e+02 
3.459981e+02 
3.459981e+02 
3.459981e+02 
3.459981e+02 
3.459981e+02 
3.459981e+02 
3.459981e+02 
3.459981e+02 
3.459981e+02 
3.459981e+02 
3.459981e+02 
3.459981e+02 
3.459981e+02 
3.459981e+02 
3.459981e+02 
3.459981e+02 
3.459981e+02 
3.459981e+02 
3.459981e+02 
3.459981e+02 
3.459981e+02 
3.459981e+02 
3.459981e+02 
3.459981e+02 
3.459981e+02 
3.459981e+02 
3.459981e+02 
3.459981e+02 
3.459981e+02 
3.459981e+02 
3.459981e+02 
3.459981e+02 
3.459981e+02 
3.459981e+02 
3.459981e+02 
3.459981e+02 
3.459981e+02 
3.459981e+02 
3.459981e+02 
3.459981e+02 
3.459981e+02 
3.459981e+02 
3.459981e+02 
3.459981e+02 
3.459981e+02 
3.459981e+02 
3.459981e+02 
3.459981e+02 
3.459981e+02 
3.459981e+02 
3.459981e+02 
3.459981e+02 
3.459981e+02 
3.459981e+02 
3.216330e+02 
3.216330e+02 
3.216330e+02 
3.216330e+02 
3.216330e+02 
3.216330e+02 
3.216330e+02 
3.216330e+02 
3.216330e+02 
3.216330e+02 
3.216330e+02 
3.216330e+02 
3.216330e+02 
3.216330e+02 
3.216330e+02 
3.216330e+02 
3.216330e+02 
3.216330e+02 
3.216330e+02 
3.216330e+02 
3.216330e+02 
3.216330e+02 
3.216330e+02 
3.216330e+02 
3.216330e+02 
3.216330e+02 
3.216330e+02 
3.216330e+02 
3.216330e+02 
3.216330e+02 
3.216330e+02 
3.216330e+02 
3.216330e+02 
3.216330e+02 
3.216330e+02 
3.216330e+02 
3.216330e+02 
3.216330e+02 
3.216330e+02 
3.216330e+02 
3.216330e+02 
3.216330e+02 
3.216330e+02 
3.216330e+02 
3.216330e+02 
3.216330e+02 
3.216330e+02 
3.216330e+02 
3.216330e+02 
3.216330e+02 
3.216330e+02 
3.216330e+02 
3.216330e+02 
3.216330e+02 
3.216330e+02 
3.216330e+02 
3.216330e+02 
3.216330e+02 
3.216330e+02 
3.216330e+02 
3.216330e+02 
3.216330e+02 
3.216330e+02 
3.216330e+02 
3.216330e+02 
3.216330e+02 
3.216330e+02 
3.216330e+02 
3.216330e+02 
3.216330e+02 
3.216330e+02 
3.216330e+02 
3.216330e+02 
3.216330e+02 
3.216330e+02 
3.216330e+02 
3.216330e+02 
3.216330e+02 
3.216330e+02 
3.216330e+02 
3.216330e+02 
3.216330e+02 
3.216330e+02 
3.216330e+02 
3.216330e+02 
3.216330e+02 
3.216330e+02 
3.216330e+02 
3.216330e+02 
3.216330e+02 
3.216330e+02 
3.216330e+02 
3.216330e+02 
3.216330e+02 
3.216330e+02 
3.216330e+02 
3.216330e+02 
3.216330e+02 
3.216330e+02 
3.216330e+02 
3.216330e+02 
3.216330e+02 
3.216330e+02 
3.216330e+02 
3.216330e+02 
3.216330e+02 
3.216330e+02 
3.216330e+02 
3.216330e+02 
3.216330e+02 
3.216330e+02 
3.216330e+02 
3.216330e+02 
3.216330e+02 
3.216330e+02 
3.216330e+02 
3.216330e+02 
3.216330e+02 
3.216330e+02 
3.216330e+02 
3.216330e+02 
3.216330e+02 
3.216330e+02 
3.216330e+02 
3.216330e+02 
3.216330e+02 
3.216330e+02 
3.216330e+02 
3.216330e+02 
3.216330e+02 
3.216330e+02 
3.216330e+02 
3.216330e+02 
3.216330e+02 
3.216330e+02 
3.216330e+02 
3.216330e+02 
3.216330e+02 
3.216330e+02 
3.216330e+02 
3.216330e+02 
3.216330e+02 
3.216330e+02 
3.216330e+02 
3.216330e+02 
3.216330e+02 
3.216330e+02 
3.216330e+02 
3.216330e+02 
3.216330e+02 
3.216330e+02 
3.216330e+02 
3.216330e+02 
3.216330e+02 
3.216330e+02 
3.216330e+02 
3.216330e+02 
3.216330e+02 
3.216330e+02 
3.216330e+02 
3.216330e+02 
3.216330e+02 
3.216330e+02 
3.216330e+02 
3.216330e+02 
3.216330e+02 
3.216330e+02 
3.216330e+02 
3.216330e+02 
3.216330e+02 
3.216330e+02 
3.216330e+02 
3.216330e+02 
3.216330e+02 
3.216330e+02 
3.216330e+02 
3.216330e+02 
3.216330e+02 
3.216330e+02 
3.216330e+02 
3.216330e+02 
3.216330e+02 
3.216330e+02 
3.216330e+02 
3.216330e+02 
3.216330e+02 
3.216330e+02 
3.216330e+02 
3.216330e+02 
3.216330e+02 
3.216330e+02 
3.216330e+02 
3.216330e+02 
3.216330e+02 
3.216330e+02 
3.216330e+02 
3.216330e+02 
3.216330e+02 
3.216330e+02 
3.216330e+02 
3.216330e+02 
3.216330e+02 
3.216330e+02 
3.002023e+02 
3.002023e+02 
3.002023e+02 
3.002023e+02 
3.002023e+02 
3.002023e+02 
3.002023e+02 
3.002023e+02 
3.002023e+02 
3.002023e+02 
3.002023e+02 
3.002023e+02 
3.002023e+02 
3.002023e+02 
3.002023e+02 
3.002023e+02 
3.002023e+02 
3.002023e+02 
3.002023e+02 
3.002023e+02 
3.002023e+02 
3.002023e+02 
3.002023e+02 
3.002023e+02 
3.002023e+02 
3.002023e+02 
3.002023e+02 
3.002023e+02 
3.002023e+02 
3.002023e+02 
3.002023e+02 
3.002023e+02 
3.002023e+02 
3.002023e+02 
3.002023e+02 
3.002023e+02 
3.002023e+02 
3.002023e+02 
3.002023e+02 
3.002023e+02 
3.002023e+02 
3.002023e+02 
3.002023e+02 
3.002023e+02 
3.002023e+02 
3.002023e+02 
3.002023e+02 
3.002023e+02 
3.002023e+02 
3.002023e+02 
3.002023e+02 
3.002023e+02 
3.002023e+02 
3.002023e+02 
3.002023e+02 
3.002023e+02 
3.002023e+02 
3.002023e+02 
3.002023e+02 
3.002023e+02 
3.002023e+02 
3.002023e+02 
3.002023e+02 
3.002023e+02 
3.002023e+02 
3.002023e+02 
3.002023e+02 
3.002023e+02 
3.002023e+02 
3.002023e+02 
3.002023e+02 
3.002023e+02 
3.002023e+02 
3.002023e+02 
3.002023e+02 
3.002023e+02 
3.002023e+02 
3.002023e+02 
3.002023e+02 
3.002023e+02 
3.002023e+02 
3.002023e+02 
3.002023e+02 
3.002023e+02 
3.002023e+02 
3.002023e+02 
3.002023e+02 
3.002023e+02 
3.002023e+02 
3.002023e+02 
3.002023e+02 
3.002023e+02 
3.002023e+02 
3.002023e+02 
3.002023e+02 
3.002023e+02 
3.002023e+02 
3.002023e+02 
3.002023e+02 
3.002023e+02 
3.002023e+02 
3.002023e+02 
3.002023e+02 
3.002023e+02 
3.002023e+02 
3.002023e+02 
3.002023e+02 
3.002023e+02 
3.002023e+02 
3.002023e+02 
3.002023e+02 
3.002023e+02 
3.002023e+02 
3.002023e+02 
3.002023e+02 
3.002023e+02 
3.002023e+02 
3.002023e+02 
3.002023e+02 
3.002023e+02 
3.002023e+02 
3.002023e+02 
3.002023e+02 
3.002023e+02 
3.002023e+02 
3.002023e+02 
3.002023e+02 
3.002023e+02 
3.002023e+02 
3.002023e+02 
3.002023e+02 
3.002023e+02 
3.002023e+02 
3.002023e+02 
3.002023e+02 
3.002023e+02 
3.002023e+02 
3.002023e+02 
3.002023e+02 
3.002023e+02 
3.002023e+02 
3.002023e+02 
3.002023e+02 
3.002023e+02 
3.002023e+02 
3.002023e+02 
3.002023e+02 
3.002023e+02 
3.002023e+02 
3.002023e+02 
3.002023e+02 
3.002023e+02 
3.002023e+02 
3.002023e+02 
3.002023e+02 
3.002023e+02 
3.002023e+02 
3.002023e+02 
3.002023e+02 
3.002023e+02 
3.002023e+02 
3.002023e+02 
3.002023e+02 
3.002023e+02 
3.002023e+02 
3.002023e+02 
3.002023e+02 
3.002023e+02 
3.002023e+02 
3.002023e+02 
3.002023e+02 
3.002023e+02 
3.002023e+02 
3.002023e+02 
3.002023e+02 
3.002023e+02 
3.002023e+02 
3.002023e+02 
3.002023e+02 
3.002023e+02 
3.002023e+02 
3.002023e+02 
3.002023e+02 
3.002023e+02 
3.002023e+02 
3.002023e+02 
3.002023e+02 
3.002023e+02 
3.002023e+02 
3.002023e+02 
3.002023e+02 
3.002023e+02 
3.002023e+02 
3.002023e+02 
3.002023e+02 
3.002023e+02 
3.002023e+02 
3.002023e+02 
3.002023e+02 
3.002023e+02 
3.002023e+02 
3.002023e+02 
3.002023e+02 
3.002023e+02 
3.002023e+02 
3.002023e+02 
3.002023e+02 
3.002023e+02 
3.002023e+02 
3.002023e+02 
3.002023e+02 
3.002023e+02 
3.002023e+02 
3.002023e+02 
3.002023e+02 
3.002023e+02 
3.002023e+02 
3.002023e+02 
3.002023e+02 
3.002023e+02 
3.002023e+02 
3.002023e+02 
3.002023e+02 
3.002023e+02 
3.002023e+02 
3.002023e+02 
3.002023e+02 
3.002023e+02 
3.002023e+02 
3.002023e+02 
3.002023e+02 
3.002023e+02 
3.002023e+02 
3.002023e+02 
3.002023e+02 
3.002023e+02 
3.002023e+02 
3.002023e+02 
3.002023e+02 
3.002023e+02 
3.002023e+02 
3.002023e+02 
3.002023e+02 
3.002023e+02 
3.002023e+02 
3.002023e+02 
3.002023e+02 
3.002023e+02 
3.002023e+02 
3.002023e+02 
3.002023e+02 
3.002023e+02 
3.002023e+02 
3.002023e+02 
3.002023e+02 
3.002023e+02 
3.002023e+02 
3.002023e+02 
3.002023e+02 
3.002023e+02 
3.002023e+02 
3.002023e+02 
3.002023e+02 
3.002023e+02 
3.002023e+02 
3.002023e+02 
3.002023e+02 
3.002023e+02 
3.002023e+02 
3.002023e+02 
3.002023e+02 
3.002023e+02 
3.002023e+02 
3.002023e+02 
3.002023e+02 
3.002023e+02 
3.002023e+02 
3.002023e+02 
3.002023e+02 
3.002023e+02 
3.002023e+02 
3.002023e+02 
3.002023e+02 
3.002023e+02 
3.002023e+02 
3.002023e+02 
3.002023e+02 
3.002023e+02 
3.002023e+02 
3.002023e+02 
3.002023e+02 
3.002023e+02 
3.002023e+02 
3.002023e+02 
3.002023e+02 
3.002023e+02 
3.002023e+02 
3.002023e+02 
3.002023e+02 
3.002023e+02 
3.002023e+02 
3.002023e+02 
3.002023e+02 
3.002023e+02 
3.002023e+02 
3.002023e+02 
3.002023e+02 
3.002023e+02 
3.002023e+02 
3.002023e+02 
3.002023e+02 
3.002023e+02 
3.002023e+02 
3.002023e+02 
3.002023e+02 
3.002023e+02 
3.002023e+02 
3.002023e+02 
3.002023e+02 
3.002023e+02 
3.002023e+02 
3.002023e+02 
3.002023e+02 
3.002023e+02 
3.002023e+02 
3.002023e+02 
3.002023e+02 
3.002023e+02 
3.002023e+02 
3.002023e+02 
3.002023e+02 
3.002023e+02 
3.002023e+02 
3.002023e+02 
3.002023e+02 
3.002023e+02 
3.002023e+02 
3.002023e+02 
3.002023e+02 
3.002023e+02 
3.002023e+02 
3.002023e+02 
3.002023e+02 
3.002023e+02 
3.002023e+02 
3.002023e+02 
3.002023e+02 
3.002023e+02 
3.002023e+02 
3.002023e+02 
3.002023e+02 
3.002023e+02 
3.002023e+02 
3.002023e+02 
3.002023e+02 
3.002023e+02 
3.002023e+02 
3.002023e+02 
3.002023e+02 
3.002023e+02 
3.002023e+02 
3.002023e+02 
3.002023e+02 
3.002023e+02 
3.002023e+02 
3.002023e+02 
3.002023e+02 
3.002023e+02 
3.002023e+02 
3.002023e+02 
3.002023e+02 
3.002023e+02 
3.002023e+02 
3.002023e+02 
3.002023e+02 
3.002023e+02 
3.002023e+02 
3.002023e+02 
3.002023e+02 
3.002023e+02 
3.002023e+02 
3.002023e+02 
3.002023e+02 
3.002023e+02 
3.002023e+02 
3.002023e+02 
3.002023e+02 
3.002023e+02 
3.002023e+02 
3.002023e+02 
3.002023e+02 
3.002023e+02 
3.002023e+02 
3.002023e+02 
3.002023e+02 
3.002023e+02 
3.002023e+02 
3.002023e+02 
3.002023e+02 
3.002023e+02 
3.002023e+02 
3.002023e+02 
3.002023e+02 
3.002023e+02 
3.002023e+02 
3.002023e+02 
3.002023e+02 
3.002023e+02 
3.002023e+02 
3.002023e+02 
3.002023e+02 
3.002023e+02 
3.002023e+02 
3.002023e+02 
3.002023e+02 
3.002023e+02 
3.002023e+02 
3.002023e+02 
3.002023e+02 
3.002023e+02 
3.002023e+02 
3.002023e+02 
3.002023e+02 
3.002023e+02 
3.002023e+02 
3.002023e+02 
3.002023e+02 
3.002023e+02 
3.002023e+02 
3.002023e+02 
3.002023e+02 
3.002023e+02 
3.002023e+02 
3.002023e+02 
3.002023e+02 
3.002023e+02 
3.002023e+02 
3.002023e+02 
3.002023e+02 
3.002023e+02 
3.002023e+02 
3.002023e+02 
3.002023e+02 
3.002023e+02 
3.002023e+02 
3.002023e+02 
3.002023e+02 
3.002023e+02 
3.002023e+02 
3.002023e+02 
3.002023e+02 
3.002023e+02 
3.002023e+02 
3.002023e+02 
3.002023e+02 
3.002023e+02 
3.002023e+02 
3.002023e+02 
3.002023e+02 
3.002023e+02 
3.002023e+02 
3.002023e+02 
3.002023e+02 
3.002023e+02 
3.002023e+02 
3.002023e+02 
3.002023e+02 
3.002023e+02 
3.002023e+02 
3.002023e+02 
3.002023e+02 
3.002023e+02 
3.002023e+02 
3.002023e+02 
3.002023e+02 
3.002023e+02 
3.002023e+02 
3.002023e+02 
3.002023e+02 
3.002023e+02 
3.002023e+02 
3.002023e+02 
3.002023e+02 
3.002023e+02 
3.002023e+02 
3.002023e+02 
3.002023e+02 
2.578595e+02 
2.578595e+02 
2.578595e+02 
2.578595e+02 
2.578595e+02 
2.578595e+02 
2.578595e+02 
2.578595e+02 
2.578595e+02 
2.578595e+02 
2.578595e+02 
2.578595e+02 
2.578595e+02 
2.578595e+02 
2.578595e+02 
2.578595e+02 
2.578595e+02 
2.578595e+02 
2.578595e+02 
2.578595e+02 
2.578595e+02 
2.578595e+02 
2.578595e+02 
2.578595e+02 
2.578595e+02 
2.578595e+02 
2.578595e+02 
2.578595e+02 
2.578595e+02 
2.578595e+02 
2.578595e+02 
2.578595e+02 
2.578595e+02 
2.578595e+02 
2.578595e+02 
2.578595e+02 
2.578595e+02 
2.578595e+02 
2.578595e+02 
2.578595e+02 
2.578595e+02 
2.578595e+02 
2.578595e+02 
2.578595e+02 
2.578595e+02 
2.578595e+02 
2.578595e+02 
2.578595e+02 
2.578595e+02 
2.578595e+02 
2.578595e+02 
2.578595e+02 
2.578595e+02 
2.578595e+02 
2.578595e+02 
2.578595e+02 
2.578595e+02 
2.578595e+02 
2.578595e+02 
2.578595e+02 
2.578595e+02 
2.578595e+02 
2.578595e+02 
2.578595e+02 
2.578595e+02 
2.578595e+02 
2.578595e+02 
2.578595e+02 
2.578595e+02 
2.578595e+02 
2.578595e+02 
2.578595e+02 
2.578595e+02 
2.578595e+02 
2.578595e+02 
2.578595e+02 
2.578595e+02 
2.578595e+02 
2.578595e+02 
2.578595e+02 
2.578595e+02 
2.578595e+02 
2.578595e+02 
2.578595e+02 
2.578595e+02 
2.578595e+02 
2.578595e+02 
2.578595e+02 
2.578595e+02 
2.578595e+02 
2.578595e+02 
2.578595e+02 
2.578595e+02 
2.578595e+02 
2.578595e+02 
2.578595e+02 
2.578595e+02 
2.578595e+02 
2.578595e+02 
2.578595e+02 
2.578595e+02 
2.578595e+02 
2.578595e+02 
2.318608e+02 
2.318608e+02 
2.318608e+02 
2.318608e+02 
2.318608e+02 
2.286538e+02 
2.286538e+02 
2.286538e+02 
2.286538e+02 
2.286538e+02 
2.286538e+02 
2.238119e+02 
2.238119e+02 
2.238119e+02 
2.238119e+02 
2.238119e+02 
2.238119e+02 
2.238119e+02 
2.238119e+02 
2.238119e+02 
2.238119e+02 
2.238119e+02 
2.238119e+02 
2.238119e+02 
2.228023e+02 
2.221452e+02 
2.221452e+02 
2.221452e+02 
2.210727e+02 
2.210727e+02 
2.208272e+02 
2.208272e+02 
2.208272e+02 
2.208272e+02 
2.208272e+02 
2.193559e+02 
2.182383e+02 
2.182383e+02 
2.182383e+02 
2.182383e+02 
2.182383e+02 
2.172676e+02 
2.170201e+02 
2.170201e+02 
2.162773e+02 
2.153287e+02 
2.146458e+02 
2.141497e+02 
2.137858e+02 
2.135161e+02 
2.133145e+02 
2.131623e+02 
2.130465e+02 
2.129578e+02 
2.128894e+02 
2.128365e+02 
2.127953e+02 
2.127631e+02 
2.127379e+02 
2.127182e+02 
2.127027e+02 
2.126904e+02 
2.126808e+02 
2.126732e+02 
2.126672e+02 
2.126624e+02 
2.126587e+02 
2.126557e+02 
2.126533e+02 
2.126515e+02 
2.126500e+02 
2.126488e+02 
2.126479e+02 
2.126472e+02 
2.126466e+02 
2.126462e+02 
2.126458e+02 
2.126455e+02 
2.126453e+02 
2.126451e+02 
2.126450e+02 
2.126449e+02 
2.126448e+02 
2.126447e+02 
2.126446e+02 
2.126446e+02 
2.126446e+02 
2.126445e+02 
2.126445e+02 
2.126445e+02 
2.126445e+02 
2.126445e+02 
2.126445e+02 
2.126445e+02 
2.126445e+02 
2.126444e+02 
2.126444e+02 
2.126444e+02 
2.126444e+02 
2.126444e+02 
2.126444e+02 
2.126444e+02 
2.126444e+02 
2.126444e+02 
2.126444e+02 
2.126444e+02 
2.126444e+02 
2.126444e+02 
2.126444e+02 
2.126444e+02 
2.126444e+02 
2.126444e+02 
2.126444e+02 
2.126444e+02 
2.126444e+02 
2.126444e+02 
1.914844e+02 
1.914844e+02 
1.914844e+02 
1.901272e+02 
1.901272e+02 
1.901272e+02 
1.901272e+02 
1.901272e+02 
1.834227e+02 
1.834227e+02 
1.834227e+02 
1.834227e+02 
1.834227e+02 
1.834227e+02 
1.834227e+02 
1.834227e+02 
1.834227e+02 
1.834227e+02 
1.834227e+02 
1.834227e+02 
1.834227e+02 
1.834227e+02 
1.834227e+02 
1.834227e+02 
1.834227e+02 
1.834227e+02 
1.834227e+02 
1.834227e+02 
1.834227e+02 
1.834227e+02 
1.834227e+02 
1.834227e+02 
1.834227e+02 
1.834227e+02 
1.834227e+02 
1.834227e+02 
1.834227e+02 
1.834227e+02 
1.834227e+02 
1.834227e+02 
1.834227e+02 
1.834227e+02 
1.834227e+02 
1.834227e+02 
1.834227e+02 
1.834227e+02 
1.834227e+02 
1.834227e+02 
1.834227e+02 
1.834227e+02 
1.834227e+02 
1.834227e+02 
1.834227e+02 
1.834227e+02 
1.834227e+02 
1.834227e+02 
1.834227e+02 
1.834227e+02 
1.834227e+02 
1.834227e+02 
1.834227e+02 
1.834227e+02 
1.834227e+02 
1.834227e+02 
1.834227e+02 
1.834227e+02 
1.834227e+02 
1.834227e+02 
1.834227e+02 
1.834227e+02 
1.834227e+02 
1.834227e+02 
1.834227e+02 
1.834227e+02 
1.834227e+02 
1.552484e+02 
1.552484e+02 
1.552484e+02 
1.552484e+02 
1.552484e+02 
1.552484e+02 
1.552484e+02 
1.552484e+02 
1.552484e+02 
1.552484e+02 
1.552484e+02 
1.552484e+02 
1.552484e+02 
1.552484e+02 
1.552484e+02 
1.552484e+02 
1.552484e+02 
1.552484e+02 
1.552484e+02 
1.552484e+02 
1.552484e+02 
1.552484e+02 
1.552484e+02 
1.552484e+02 
1.552484e+02 
1.552484e+02 
1.552484e+02 
1.552484e+02 
1.552484e+02 
1.552484e+02 
1.552484e+02 
1.552484e+02 
1.552484e+02 
1.552484e+02 
1.552484e+02 
1.552484e+02 
1.552484e+02 
1.552484e+02 
1.552484e+02 
1.552484e+02 
1.552484e+02 
1.552484e+02 
1.552484e+02 
1.552484e+02 
1.552484e+02 
1.552484e+02 
1.552484e+02 
1.552484e+02 
1.552484e+02 
1.552484e+02 
1.552484e+02 
1.552484e+02 
1.552484e+02 
1.552484e+02 
1.552484e+02 
1.552484e+02 
1.552484e+02 
1.552484e+02 
1.552484e+02 
1.552484e+02 
1.552484e+02 
1.552484e+02 
1.552484e+02 
1.552484e+02 
1.552484e+02 
1.552484e+02 
1.552484e+02 
1.552484e+02 
1.552484e+02 
1.552484e+02 
1.552484e+02 
1.552484e+02 
1.552484e+02 
1.552484e+02 
1.552484e+02 
1.552484e+02 
1.552484e+02 
1.552484e+02 
1.552484e+02 
1.552484e+02 
1.552484e+02 
1.552484e+02 
1.552484e+02 
1.552484e+02 
1.552484e+02 
1.552484e+02 
1.552484e+02 
1.552484e+02 
1.552484e+02 
1.552484e+02 
1.552484e+02 
1.552484e+02 
1.552484e+02 
1.552484e+02 
1.552484e+02 
1.552484e+02 
1.552484e+02 
1.552484e+02 
1.552484e+02 
1.552484e+02 
1.552484e+02 
1.552484e+02 
1.552484e+02 
1.552484e+02 
1.552484e+02 
1.552484e+02 
1.552484e+02 
1.552484e+02 
1.552484e+02 
1.552484e+02 
1.552484e+02 
1.552484e+02 
1.552484e+02 
1.552484e+02 
1.552484e+02 
1.552484e+02 
1.552484e+02 
1.552484e+02 
1.552484e+02 
1.552484e+02 
1.552484e+02 
1.552484e+02 
1.552484e+02 
1.552484e+02 
1.552484e+02 
1.552484e+02 
1.552484e+02 
1.552484e+02 
1.552484e+02 
1.552484e+02 
1.552484e+02 
1.552484e+02 
1.552484e+02 
1.552484e+02 
1.552484e+02 
1.552484e+02 
1.552484e+02 
1.552484e+02 
1.552484e+02 
1.552484e+02 
1.552484e+02 
1.552484e+02 
1.552484e+02 
1.552484e+02 
1.552484e+02 
1.552484e+02 
1.552484e+02 
1.552484e+02 
1.552484e+02 
1.552484e+02 
1.552484e+02 
1.552484e+02 
1.552484e+02 
1.552484e+02 
1.552484e+02 
1.552484e+02 
1.552484e+02 
1.552484e+02 
1.552484e+02 
1.552484e+02 
1.552484e+02 
1.552484e+02 
1.552484e+02 
1.552484e+02 
1.552484e+02 
1.552484e+02 
1.552484e+02 
1.552484e+02 
1.552484e+02 
1.552484e+02 
1.552484e+02 
1.552484e+02 
1.552484e+02 
1.552484e+02 
1.552484e+02 
1.552484e+02 
1.552484e+02 
1.552484e+02 
1.552484e+02 
1.552484e+02 
1.552484e+02 
1.552484e+02 
1.552484e+02 
1.552484e+02 
1.469903e+02 
1.469903e+02 
1.452291e+02 
1.452291e+02 
1.452291e+02 
1.452291e+02 
1.452291e+02 
1.452291e+02 
1.452291e+02 
1.452108e+02 
1.452108e+02 
1.452108e+02 
1.452108e+02 
1.452108e+02 
1.452108e+02 
1.452108e+02 
1.452108e+02 
1.452108e+02 
1.452108e+02 
1.452108e+02 
1.452108e+02 
1.452108e+02 
1.452108e+02 
1.452108e+02 
1.452108e+02 
1.452108e+02 
1.452108e+02 
1.452108e+02 
1.452108e+02 
1.452108e+02 
1.452108e+02 
1.452108e+02 
1.452108e+02 
1.452108e+02 
1.452108e+02 
1.452108e+02 
1.452108e+02 
1.452108e+02 
1.452108e+02 
1.452108e+02 
1.452108e+02 
1.452108e+02 
1.452108e+02 
1.452108e+02 
1.452108e+02 
1.452108e+02 
1.452108e+02 
1.452108e+02 
1.452108e+02 
1.452108e+02 
1.452108e+02 
1.452108e+02 
1.452108e+02 
1.452108e+02 
1.452108e+02 
1.452108e+02 
1.452108e+02 
1.452108e+02 
1.452108e+02 
1.452108e+02 
1.452108e+02 
1.452108e+02 
1.452108e+02 
1.452108e+02 
1.452108e+02 
1.452108e+02 
1.452108e+02 
1.452108e+02 
1.452108e+02 
1.452108e+02 
1.452108e+02 
1.452108e+02 
1.452108e+02 
1.452108e+02 
1.452108e+02 
1.452108e+02 
1.452108e+02 
1.452108e+02 
1.452108e+02 
1.452108e+02 
1.452108e+02 
1.452108e+02 
1.452108e+02 
1.452108e+02 
1.452108e+02 
1.452108e+02 
1.452108e+02 
1.452108e+02 
1.452108e+02 
1.449459e+02 
1.449459e+02 
1.449459e+02 
1.432367e+02 
1.432367e+02 
1.432367e+02 
1.432367e+02 
1.432367e+02 
1.432367e+02 
1.432367e+02 
1.432367e+02 
1.432367e+02 
1.432367e+02 
1.432367e+02 
1.432367e+02 
1.432367e+02 
1.432367e+02 
1.432367e+02 
1.432367e+02 
1.432367e+02 
1.432367e+02 
1.432367e+02 
1.432367e+02 
1.432367e+02 
1.426315e+02 
1.426315e+02 
1.426315e+02 
1.426315e+02 
1.426315e+02 
1.426315e+02 
1.426315e+02 
1.426315e+02 
1.426315e+02 
1.426315e+02 
1.426315e+02 
1.426315e+02 
1.426315e+02 
1.426315e+02 
1.426315e+02 
1.426315e+02 
1.426315e+02 
1.426315e+02 
1.413775e+02 
1.413775e+02 
1.413775e+02 
1.413775e+02 
1.413775e+02 
1.413775e+02 
1.413775e+02 
1.413775e+02 
1.413775e+02 
1.413775e+02 
1.413775e+02 
1.413775e+02 
1.413775e+02 
1.413775e+02 
1.413775e+02 
1.413775e+02 
1.413775e+02 
1.413775e+02 
1.413775e+02 
1.413775e+02 
1.413775e+02 
1.413775e+02 
1.413775e+02 
1.413775e+02 
1.413775e+02 
1.413775e+02 
1.413775e+02 
1.413775e+02 
1.413775e+02 
1.413775e+02 
1.413775e+02 
1.413775e+02 
1.413775e+02 
1.413775e+02 
1.413775e+02 
1.413775e+02 
1.413775e+02 
1.413775e+02 
1.413775e+02 
1.413775e+02 
1.413775e+02 
1.413775e+02 
1.413775e+02 
1.413775e+02 
1.413775e+02 
1.413775e+02 
1.412662e+02 
1.412662e+02 
1.412662e+02 
1.412662e+02 
1.412662e+02 
1.412662e+02 
1.412662e+02 
1.412662e+02 
1.412662e+02 
1.412662e+02 
1.412662e+02 
1.412662e+02 
1.412662e+02 
1.412391e+02 
1.412391e+02 
1.412391e+02 
1.412391e+02 
1.412391e+02 
1.412391e+02 
1.412391e+02 
1.412391e+02 
1.412391e+02 
1.412391e+02 
1.412391e+02 
1.412391e+02 
1.412391e+02 
1.412391e+02 
1.412391e+02 
1.412391e+02 
1.411116e+02 
1.410227e+02 
1.410227e+02 
1.409077e+02 
1.408502e+02 
1.408502e+02 
1.408502e+02 
1.408502e+02 
1.408502e+02 
1.408502e+02 
1.408502e+02 
1.408502e+02 
1.408373e+02 
1.408267e+02 
1.408202e+02 
1.408160e+02 
1.408134e+02 
1.408117e+02 
1.408105e+02 
1.408098e+02 
1.408092e+02 
1.408089e+02 
1.408086e+02 
1.408084e+02 
1.408083e+02 
1.408082e+02 
1.408081e+02 
1.408081e+02 
1.408081e+02 
1.408080e+02 
1.408080e+02 
1.408080e+02 
1.408080e+02 
1.408080e+02 
1.408080e+02 
1.408079e+02 
1.408079e+02 
1.408079e+02 
1.408079e+02 
1.408079e+02 
1.408079e+02 
1.408079e+02 
1.408079e+02 
1.408079e+02 
1.408079e+02 
1.408079e+02 
1.408079e+02 
1.408079e+02 
1.408079e+02 
1.408079e+02 
1.408079e+02 
1.408079e+02 
1.408079e+02 
1.408079e+02 
1.408079e+02 
1.408079e+02 
1.408079e+02 
1.408079e+02 
1.408079e+02 
1.408079e+02 
1.408079e+02 
1.408079e+02 
1.408079e+02 
1.408079e+02 
1.408079e+02 
1.408079e+02 
1.408079e+02 
1.408079e+02 
1.408079e+02 
1.408079e+02 
1.408079e+02 
1.408079e+02 
1.408079e+02 
1.408079e+02 
1.408079e+02 
1.408079e+02 
1.408079e+02 
1.408079e+02 
1.408079e+02 
1.408079e+02 
1.408079e+02 
1.368558e+02 
1.368558e+02 
1.368558e+02 
1.368558e+02 
1.367068e+02 
1.367068e+02 
1.367068e+02 
1.367068e+02 
1.367068e+02 
1.367068e+02 
1.367068e+02 
1.367068e+02 
1.367068e+02 
1.361318e+02 
1.361318e+02 
1.361318e+02 
1.361318e+02 
1.361318e+02 
1.361318e+02 
1.356819e+02 
1.356819e+02 
1.356819e+02 
1.356819e+02 
1.349910e+02 
1.349910e+02 
1.349910e+02 
1.349910e+02 
1.349910e+02 
1.349910e+02 
1.349910e+02 
1.349910e+02 
1.349910e+02 
1.349910e+02 
1.349910e+02 
1.349910e+02 
1.349910e+02 
1.349910e+02 
1.349910e+02 
1.349910e+02 
1.349910e+02 
1.349910e+02 
1.349910e+02 
1.349910e+02 
1.349910e+02 
1.349910e+02 
1.349910e+02 
1.349910e+02 
1.349910e+02 
1.349910e+02 
1.349910e+02 
1.349910e+02 
1.349910e+02 
1.349910e+02 
1.349910e+02 
1.349910e+02 
1.349910e+02 
1.349910e+02 
1.349910e+02 
1.349910e+02 
1.349910e+02 
1.349910e+02 
1.349910e+02 
1.349910e+02 
1.349910e+02 
1.349910e+02 
1.349910e+02 
1.349910e+02 
1.349910e+02 
1.349910e+02 
1.349910e+02 
1.349910e+02 
1.349910e+02 
1.349910e+02 
1.349910e+02 
1.349910e+02 
1.349910e+02 
1.349910e+02 
1.349910e+02 
1.349910e+02 
1.349910e+02 
1.349910e+02 
1.349910e+02 
1.349910e+02 
1.349910e+02 
1.349910e+02 
1.349910e+02 
1.349910e+02 
1.349910e+02 
1.349910e+02 
1.349910e+02 
1.349910e+02 
1.349910e+02 
1.349910e+02 
1.349910e+02 
1.349910e+02 
1.349910e+02 
1.349910e+02 
1.349910e+02 
1.349910e+02 
1.349910e+02 
1.349910e+02 
1.349910e+02 
1.349910e+02 
1.349910e+02 
1.349910e+02 
1.349910e+02 
1.349910e+02 
1.349910e+02 
1.349910e+02 
1.349910e+02 
1.349910e+02 
1.349910e+02 
1.349910e+02 
1.349910e+02 
1.349910e+02 
1.349910e+02 
1.349910e+02 
1.349910e+02 
1.349910e+02 
1.348389e+02 
1.348389e+02 
1.348389e+02 
1.348389e+02 
1.348389e+02 
1.348389e+02 
1.348389e+02 
1.348389e+02 
1.348389e+02 
1.348389e+02 
1.348389e+02 
1.348389e+02 
1.348389e+02 
1.348389e+02 
1.348389e+02 
1.348389e+02 
1.348389e+02 
1.348389e+02 
1.348389e+02 
1.348389e+02 
1.348389e+02 
1.348389e+02 
1.348389e+02 
1.348389e+02 
1.348389e+02 
1.348389e+02 
1.348389e+02 
1.348389e+02 
1.348389e+02 
1.348389e+02 
1.348389e+02 
1.348389e+02 
1.348389e+02 
1.348389e+02 
1.348389e+02 
1.348389e+02 
1.348389e+02 
1.348389e+02 
1.347605e+02 
1.347605e+02 
1.347605e+02 
1.347605e+02 
1.347605e+02 
1.347605e+02 
1.347605e+02 
1.347605e+02 
1.347605e+02 
1.347605e+02 
1.347605e+02 
1.347605e+02 
1.347605e+02 
1.347605e+02 
1.347305e+02 
1.347305e+02 
1.347305e+02 
1.347305e+02 
1.347305e+02 
1.347305e+02 
1.347305e+02 
1.347305e+02 
1.341204e+02 
1.341204e+02 
1.341204e+02 
1.341204e+02 
1.341204e+02 
1.341204e+02 
1.341204e+02 
1.341204e+02 
1.341204e+02 
1.341204e+02 
1.341204e+02 
1.341204e+02 
1.341204e+02 
1.341204e+02 
1.341204e+02 
1.341204e+02 
1.341204e+02 
1.341204e+02 
1.341204e+02 
1.341204e+02 
1.341204e+02 
1.341204e+02 
1.341204e+02 
1.341204e+02 
1.341204e+02 
1.341204e+02 
1.341204e+02 
1.341204e+02 
1.341204e+02 
1.341204e+02 
1.341204e+02 
1.341204e+02 
1.341204e+02 
1.341204e+02 
1.340011e+02 
1.340011e+02 
1.340011e+02 
1.340011e+02 
1.340011e+02 
1.340011e+02 
1.340011e+02 
1.338551e+02 
1.338551e+02 
1.338551e+02 
1.338551e+02 
1.338551e+02 
1.338551e+02 
1.338551e+02 
1.338551e+02 
1.338551e+02 
1.338188e+02 
1.337824e+02 
1.337824e+02 
1.337436e+02 
1.337436e+02 
1.337436e+02 
1.337436e+02 
1.337436e+02 
1.337436e+02 
1.337436e+02 
1.337436e+02 
1.337436e+02 
1.337436e+02 
1.337436e+02 
1.337436e+02 
1.337436e+02 
1.337436e+02 
1.337436e+02 
1.337436e+02 
1.337436e+02 
1.337436e+02 
1.337436e+02 
1.337436e+02 
1.337436e+02 
1.337436e+02 
1.337436e+02 
1.337436e+02 
1.337436e+02 
1.337436e+02 
1.337436e+02 
1.337436e+02 
1.337266e+02 
1.337266e+02 
1.337266e+02 
1.337266e+02 
1.337266e+02 
1.337266e+02 
1.337266e+02 
1.337176e+02 
1.337176e+02 
1.337176e+02 
1.337176e+02 
1.337176e+02 
1.337176e+02 
1.337176e+02 
1.337176e+02 
1.337176e+02 
1.336709e+02 
1.336709e+02 
1.336709e+02 
1.336709e+02 
1.336709e+02 
1.336709e+02 
1.336709e+02 
1.336709e+02 
1.336709e+02 
1.336709e+02 
1.336709e+02 
1.336709e+02 
1.336709e+02 
1.336709e+02 
1.336709e+02 
1.336709e+02 
1.336709e+02 
1.336709e+02 
1.336709e+02 
1.336709e+02 
1.336709e+02 
1.336709e+02 
1.336709e+02 
1.336709e+02 
1.336709e+02 
1.336709e+02 
1.336709e+02 
1.336709e+02 
1.336709e+02 
1.336709e+02 
1.336709e+02 
1.336709e+02 
1.336709e+02 
1.336709e+02 
1.336709e+02 
1.336709e+02 
1.336709e+02 
1.336709e+02 
1.336709e+02 
1.336709e+02 
1.336709e+02 
1.336709e+02 
1.336709e+02 
1.336709e+02 
1.336709e+02 
1.336709e+02 
1.336709e+02 
1.336709e+02 
1.336709e+02 
1.336709e+02 
1.336709e+02 
1.336709e+02 
1.336709e+02 
1.336709e+02 
1.336709e+02 
1.336709e+02 
1.336709e+02 
1.336709e+02 
1.336709e+02 
1.336709e+02 
1.336709e+02 
1.336709e+02 
1.336709e+02 
1.336709e+02 
1.336709e+02 
1.336709e+02 
1.336709e+02 
1.336709e+02 
1.336709e+02 
1.336709e+02 
1.336709e+02 
1.336709e+02 
1.336709e+02 
1.336709e+02 
1.336709e+02 
1.336709e+02 
1.336709e+02 
1.336676e+02 
1.336676e+02 
1.336676e+02 
1.336676e+02 
1.336676e+02 
1.336676e+02 
1.336676e+02 
1.336676e+02 
1.336676e+02 
1.336676e+02 
1.336676e+02 
1.336675e+02 
1.336675e+02 
1.336668e+02 
1.336668e+02 
1.336653e+02 
1.336650e+02 
1.336650e+02 
1.336646e+02 
1.336643e+02 
1.336643e+02 
1.336643e+02 
1.336638e+02 
1.336635e+02 
1.336633e+02 
1.336632e+02 
1.336631e+02 
1.336631e+02 
1.336630e+02 
1.336630e+02 
1.336630e+02 
1.336630e+02 
1.336630e+02 
1.336630e+02 
1.336629e+02 
1.336629e+02 
1.336629e+02 
1.336629e+02 
1.336629e+02 
1.336629e+02 
1.336629e+02 
1.336629e+02 
1.336629e+02 
1.336629e+02 
1.336629e+02 
1.336629e+02 
1.336629e+02 
1.336629e+02 
1.336629e+02 
1.336629e+02 
1.336629e+02 
1.336629e+02 
1.336629e+02 
1.336629e+02 
1.336629e+02 
1.336629e+02 
1.336629e+02 
1.336629e+02 
1.336629e+02 
1.336629e+02 
1.336629e+02 
1.336629e+02 
1.336629e+02 
1.336629e+02 
1.336629e+02 
1.336629e+02 
1.336629e+02 
1.336629e+02 
1.336629e+02 
1.336629e+02 
1.336629e+02 
1.336629e+02 
1.336629e+02 
1.336629e+02 
1.336629e+02 
1.336629e+02 
1.336629e+02 
1.336629e+02 
1.336629e+02 
1.336629e+02 
1.336629e+02 
1.336629e+02 
1.336629e+02 
1.336629e+02 
1.336629e+02 
1.336629e+02 
1.336629e+02 
1.336629e+02 
1.336629e+02 
1.336629e+02 
1.336629e+02 
1.336629e+02 
1.336568e+02 
1.336568e+02 
1.336568e+02 
1.336557e+02 
1.336557e+02 
1.336557e+02 
1.336557e+02 
1.336557e+02 
1.336554e+02 
1.336554e+02 
1.336554e+02 
1.336488e+02 
1.336488e+02 
1.336488e+02 
1.336488e+02 
1.336488e+02 
1.336488e+02 
1.336488e+02 
1.336488e+02 
1.336488e+02 
1.336488e+02 
1.336401e+02 
1.336401e+02 
1.336401e+02 
1.336401e+02 
1.336401e+02 
1.336401e+02 
1.336401e+02 
1.336401e+02 
1.336401e+02 
1.336401e+02 
1.336401e+02 
1.336401e+02 
1.336401e+02 
1.336401e+02 
1.336401e+02 
1.336401e+02 
1.336401e+02 
1.336401e+02 
1.336401e+02 
1.336401e+02 
1.336401e+02 
1.336325e+02 
1.336325e+02 
1.336288e+02 
1.336288e+02 
1.336288e+02 
1.336288e+02 
1.336288e+02 
1.336288e+02 
1.336288e+02 
1.336288e+02 
1.336288e+02 
1.336288e+02 
1.336288e+02 
1.336288e+02 
1.336288e+02 
1.336288e+02 
1.336288e+02 
1.336288e+02 
1.336288e+02 
1.336288e+02 
1.336288e+02 
1.336288e+02 
1.336288e+02 
1.336288e+02 
1.336279e+02 
1.336279e+02 
1.336279e+02 
1.336279e+02 
1.336279e+02 
1.336279e+02 
1.336279e+02 
1.336279e+02 
1.336279e+02 
1.336279e+02 
1.336279e+02 
1.336279e+02 
1.336279e+02 
1.336279e+02 
1.336279e+02 
1.336279e+02 
1.336279e+02 
1.336279e+02 
1.336279e+02 
1.336279e+02 
1.336279e+02 
1.336279e+02 
1.336279e+02 
1.336279e+02 
1.336279e+02 
1.336279e+02 
1.336212e+02 
1.336212e+02 
1.336212e+02 
1.336212e+02 
1.336212e+02 
1.336212e+02 
1.336212e+02 
1.336212e+02 
1.336212e+02 
1.336212e+02 
1.336212e+02 
1.336212e+02 
1.336190e+02 
1.336190e+02 
1.336190e+02 
1.336190e+02 
1.336190e+02 
1.336190e+02 
1.336190e+02 
1.336190e+02 
1.336190e+02 
1.336190e+02 
1.336190e+02 
1.336190e+02 
1.336190e+02 
1.336190e+02 
1.336190e+02 
1.336190e+02 
1.336190e+02 
1.336190e+02 
1.336190e+02 
1.336190e+02 
1.336190e+02 
1.336190e+02 
1.336190e+02 
1.336190e+02 
1.336190e+02 
1.336190e+02 
1.336190e+02 
1.336190e+02 
1.336190e+02 
1.336190e+02 
1.336190e+02 
1.336190e+02 
1.336190e+02 
1.336190e+02 
1.336190e+02 
1.336190e+02 
1.336190e+02 
1.336190e+02 
1.336190e+02 
1.336190e+02 
1.336190e+02 
1.336190e+02 
1.336190e+02 
1.336190e+02 
1.336190e+02 
1.336185e+02 
1.336185e+02 
1.336185e+02 
1.336185e+02 
1.336185e+02 
1.336185e+02 
1.336185e+02 
1.336185e+02 
1.336185e+02 
1.336185e+02 
1.336185e+02 
1.336185e+02 
1.336185e+02 
1.336185e+02 
1.336185e+02 
1.336185e+02 
1.336132e+02 
1.336132e+02 
1.336132e+02 
1.336132e+02 
1.336132e+02 
1.336132e+02 
1.336132e+02 
1.336132e+02 
1.336132e+02 
1.336132e+02 
1.336132e+02 
1.336132e+02 
1.336132e+02 
1.336132e+02 
1.336132e+02 
1.336132e+02 
1.336132e+02 
1.336132e+02 
1.336132e+02 
1.336132e+02 
1.336132e+02 
1.336132e+02 
1.336132e+02 
1.336093e+02 
1.336093e+02 
1.336093e+02 
1.336093e+02 
1.336093e+02 
1.336093e+02 
1.336093e+02 
1.336093e+02 
1.336093e+02 
1.336093e+02 
1.336093e+02 
1.336093e+02 
1.336093e+02 
1.336093e+02 
1.336093e+02 
1.336093e+02 
1.336093e+02 
1.336093e+02 
1.336093e+02 
1.336093e+02 
1.336093e+02 
1.336093e+02 
1.336093e+02 
1.336093e+02 
1.336093e+02 
1.336093e+02 
1.336093e+02 
1.336093e+02 
1.336093e+02 
1.336093e+02 
1.336093e+02 
1.336093e+02 
1.336093e+02 
1.336093e+02 
1.336093e+02 
1.336093e+02 
1.336093e+02 
1.336093e+02 
1.336093e+02 
1.336093e+02 
1.336093e+02 
1.336093e+02 
1.336093e+02 
1.336093e+02 
1.336093e+02 
1.336093e+02 
1.336093e+02 
1.336093e+02 
1.336093e+02 
1.336093e+02 
1.336093e+02 
1.336093e+02 
1.336093e+02 
1.336093e+02 
1.336093e+02 
1.336093e+02 
1.336093e+02 
1.336093e+02 
1.336093e+02 
1.336093e+02 
1.336093e+02 
1.336093e+02 
1.336093e+02 
1.336093e+02 
1.336083e+02 
1.336083e+02 
1.336083e+02 
1.336083e+02 
1.336083e+02 
1.336083e+02 
1.336083e+02 
1.336083e+02 
1.336083e+02 
1.336083e+02 
1.336083e+02 
1.336034e+02 
1.336034e+02 
1.336034e+02 
1.336034e+02 
1.336034e+02 
1.336034e+02 
1.336034e+02 
1.336034e+02 
1.336034e+02 
1.336034e+02 
1.336034e+02 
1.336034e+02 
1.336034e+02 
1.336034e+02 
1.336034e+02 
1.336034e+02 
1.335997e+02 
1.335997e+02 
1.335997e+02 
1.335997e+02 
1.335997e+02 
1.335997e+02 
1.314768e+02 
1.314167e+02 
1.314167e+02 
1.314167e+02 
1.314167e+02 
1.314167e+02 
1.309068e+02 
1.309068e+02 
1.309068e+02 
1.306393e+02 
1.306393e+02 
1.306393e+02 
1.306393e+02 
1.301100e+02 
1.301100e+02 
1.301100e+02 
1.301100e+02 
1.301100e+02 
1.301100e+02 
1.301100e+02 
1.301100e+02 
1.301100e+02 
1.301100e+02 
1.301100e+02 
1.301100e+02 
1.301100e+02 
1.301100e+02 
1.301100e+02 
1.301100e+02 
1.301100e+02 
1.301100e+02 
1.301100e+02 
1.301100e+02 
1.301100e+02 
1.301100e+02 
1.301100e+02 
1.301100e+02 
1.301100e+02 
1.301100e+02 
1.301100e+02 
1.301100e+02 
1.300000e+02 
1.300000e+02 
1.299682e+02 
1.299682e+02 
1.299682e+02 
1.299109e+02 
1.299109e+02 
1.299109e+02 
1.299109e+02 
1.299109e+02 
1.299109e+02 
1.299109e+02 
1.299109e+02 
1.299109e+02 
1.298825e+02 
1.298825e+02 
1.298825e+02 
1.298825e+02 
1.298825e+02 
1.298825e+02 
1.298825e+02 
1.298825e+02 
1.298825e+02 
1.298391e+02 
1.298391e+02 
1.298391e+02 
1.298391e+02 
1.298391e+02 
1.298391e+02 
1.298391e+02 
1.298391e+02 
1.298391e+02 
1.298391e+02 
1.298233e+02 
1.298233e+02 
1.298233e+02 
1.298233e+02 
1.298233e+02 
1.298233e+02 
1.298233e+02 
1.298233e+02 
1.298233e+02 
1.298233e+02 
1.298233e+02 
1.298185e+02 
1.298185e+02 
1.298185e+02 
1.298185e+02 
1.298185e+02 
1.298185e+02 
1.298185e+02 
1.298185e+02 
1.298185e+02 
1.298185e+02 
1.298185e+02 
1.298185e+02 
1.298132e+02 
1.298132e+02 
1.298132e+02 
1.298132e+02 
1.298132e+02 
1.298132e+02 
1.298132e+02 
1.298106e+02 
1.298106e+02 
1.298106e+02 
1.298061e+02 
1.297915e+02 
1.297840e+02 
1.297800e+02 
1.297780e+02 
1.297769e+02 
1.297763e+02 
1.297760e+02 
1.297759e+02 
1.297758e+02 
1.297758e+02 
1.297757e+02 
1.297757e+02 
1.297757e+02 
1.297757e+02 
1.297757e+02 
1.297757e+02 
1.297757e+02 
1.297757e+02 
1.297757e+02 
1.297757e+02 
1.297757e+02 
1.297757e+02 
1.297757e+02 
1.297757e+02 
1.297757e+02 
1.297757e+02 
1.297757e+02 
1.297757e+02 
1.297757e+02 
1.297757e+02 
1.297757e+02 
1.297757e+02 
1.297324e+02 
1.297324e+02 
1.297324e+02 
1.297324e+02 
1.297324e+02 
1.297324e+02 
1.297324e+02 
1.297324e+02 
1.297324e+02 
1.297324e+02 
1.297196e+02 
1.297143e+02 
1.297143e+02 
1.297140e+02 
1.297140e+02 
1.297140e+02 
1.297131e+02 
1.297131e+02 
1.297131e+02 
1.297131e+02 
1.297131e+02 
1.297131e+02 
1.297131e+02 
1.297131e+02 
1.297131e+02 
1.297131e+02 
1.297131e+02 
1.297129e+02 
1.297129e+02 
1.297129e+02 
1.297129e+02 
1.297129e+02 
1.297129e+02 
1.297129e+02 
1.297129e+02 
1.296959e+02 
1.296776e+02 
1.296776e+02 
1.296776e+02 
1.296776e+02 
1.296776e+02 
1.296776e+02 
1.296776e+02 
1.296776e+02 
1.296776e+02 
1.296676e+02 
1.296587e+02 
1.296587e+02 
1.296583e+02 
1.296582e+02 
1.296582e+02 
1.296582e+02 
1.296582e+02 
1.296582e+02 
1.296582e+02 
1.296582e+02 
1.296582e+02 
1.296582e+02 
1.296582e+02 
1.296581e+02 
1.296581e+02 
1.296581e+02 
1.296581e+02 
1.296579e+02 
1.296579e+02 
1.296579e+02 
1.296579e+02 
1.296578e+02 
1.296578e+02 
1.296578e+02 
1.296578e+02 
1.296578e+02 
1.296578e+02 
1.296577e+02 
1.296577e+02 
1.296577e+02 
1.296576e+02 
1.296576e+02 
1.296576e+02 
1.296576e+02 
1.296576e+02 
1.296576e+02 
1.296576e+02 
1.296576e+02 
1.296576e+02 
1.296576e+02 
1.296576e+02 
1.296576e+02 
1.296576e+02 
1.296576e+02 
1.296576e+02 
1.296576e+02 
1.296576e+02 
1.296575e+02 
1.296575e+02 
1.296575e+02 
1.296575e+02 
1.296575e+02 
1.296575e+02 
1.296575e+02 
1.296575e+02 
1.296575e+02 
1.296575e+02 
1.296575e+02 
1.296575e+02 
1.296575e+02 
1.296575e+02 
1.296575e+02 
1.296575e+02 
1.296575e+02 
1.296575e+02 
1.296575e+02 
1.296575e+02 
1.296575e+02 
1.296575e+02 
1.296575e+02 
1.296575e+02 
1.296548e+02 
1.296548e+02 
1.296548e+02 
1.296548e+02 
1.296548e+02 
1.296507e+02 
1.296507e+02 
1.296507e+02 
1.296293e+02 
1.296293e+02 
1.296264e+02 
1.296264e+02 
1.296251e+02 
1.296230e+02 
1.296230e+02 
1.296201e+02 
1.296201e+02 
1.296201e+02 
1.296183e+02 
1.296183e+02 
1.296160e+02 
1.296160e+02 
1.296156e+02 
1.296156e+02 
1.296156e+02 
1.296156e+02 
1.296156e+02 
1.296156e+02 
1.296156e+02 
1.296156e+02 
1.296156e+02 
1.296156e+02 
1.296156e+02 
1.296156e+02 
1.296156e+02 
1.296156e+02 
1.296155e+02 
1.296155e+02 
1.296155e+02 
1.296155e+02 
1.296138e+02 
1.296138e+02 
1.296136e+02 
1.296136e+02 
1.296129e+02 
1.296129e+02 
1.296129e+02 
1.296129e+02 
1.296129e+02 
1.296129e+02 
1.296129e+02 
1.296129e+02 
1.296129e+02 
1.296129e+02 
1.296129e+02 
1.296129e+02 
1.296129e+02 
1.296129e+02 
1.296129e+02 
1.296129e+02 
1.296129e+02 
1.296129e+02 
1.296129e+02 
1.296127e+02 
1.296127e+02 
1.296127e+02 
1.296127e+02 
1.296127e+02 
1.296125e+02 
1.296125e+02 
1.296125e+02 
1.296125e+02 
1.296125e+02 
1.296122e+02 
1.296122e+02 
1.296122e+02 
1.296122e+02 
1.296120e+02 
1.296117e+02 
1.296117e+02 
1.296117e+02 
1.296117e+02 
1.296117e+02 
1.296117e+02 
1.296117e+02 
1.296117e+02 
1.296117e+02 
1.296117e+02 
1.296117e+02 
1.296116e+02 
1.296116e+02 
1.296116e+02 
1.296116e+02 
1.296116e+02 
1.296116e+02 
1.296116e+02 
1.296116e+02 
1.296116e+02 
1.296115e+02 
1.296115e+02 
1.296115e+02 
1.296115e+02 
1.296115e+02 
1.296115e+02 
1.296115e+02 
1.296115e+02 
1.296115e+02 
1.296115e+02 
1.296115e+02 
1.296115e+02 
1.296114e+02 
1.296114e+02 
1.296114e+02 
1.296114e+02 
1.296114e+02 
1.296114e+02 
1.296114e+02 
1.296114e+02 
1.296114e+02 
1.296114e+02 
1.296114e+02 
1.296114e+02 
1.296114e+02 
1.296114e+02 
1.296114e+02 
1.296114e+02 
1.296114e+02 
1.296114e+02 
1.296114e+02 
1.296114e+02 
1.296114e+02 
1.296114e+02 
1.296114e+02 
1.296114e+02 
1.296114e+02 
1.296114e+02 
1.296114e+02 
1.296114e+02 
1.296114e+02 
1.296114e+02 
1.296114e+02 
1.296114e+02 
1.296114e+02 
1.296114e+02 
1.296114e+02 
1.296114e+02 
1.296114e+02 
1.296114e+02 
1.296114e+02 
1.296114e+02 
1.296114e+02 
1.296114e+02 
1.296114e+02 
1.296114e+02 
1.296114e+02 
1.296114e+02 
1.296114e+02 
1.296114e+02 
1.296114e+02 
1.296114e+02 
1.296113e+02 
1.296113e+02 
1.296113e+02 
1.296113e+02 
1.296113e+02 
1.296113e+02 
1.296113e+02 
1.296113e+02 
1.296113e+02 
1.296113e+02 
1.296113e+02 
1.296113e+02 
1.296113e+02 
1.296113e+02 
1.296113e+02 
1.296113e+02 
1.296113e+02 
1.296113e+02 
1.296113e+02 
1.296113e+02 
1.296113e+02 
1.296113e+02 
1.296113e+02 
1.296113e+02 
1.296113e+02 
1.296113e+02 
1.296113e+02 
1.296113e+02 
1.296113e+02 
1.296113e+02 
1.296113e+02 
1.296113e+02 
1.296113e+02 
1.296113e+02 
1.296113e+02 
1.296113e+02 
1.296113e+02 
1.296113e+02 
1.296113e+02 
1.296113e+02 
1.296113e+02 
1.296113e+02 
1.296113e+02 
1.296113e+02 
1.296113e+02 
1.296113e+02 
1.296113e+02 
1.296113e+02 
1.296113e+02 
1.296113e+02 
1.296113e+02 
1.296113e+02 
1.296113e+02 
1.296113e+02 
1.296113e+02 
1.296113e+02 
1.296113e+02 
1.296113e+02 
1.296113e+02 
1.296113e+02 
1.296113e+02 
1.296113e+02 
1.296113e+02 
1.296113e+02 
1.296113e+02 
1.296113e+02 
1.296113e+02 
1.296113e+02 
1.296113e+02 
1.296113e+02 
1.296113e+02 
1.296113e+02 
1.296113e+02 
1.296113e+02 
1.296113e+02 
1.296113e+02 
1.296113e+02 
1.296113e+02 
1.296113e+02 
1.296113e+02 
1.296113e+02 
1.296113e+02 
1.296113e+02 
1.296113e+02 
1.296113e+02 
1.296113e+02 
1.296113e+02 
1.296113e+02 
1.296113e+02 
1.296113e+02 
1.296113e+02 
1.296113e+02 
1.296113e+02 
1.296113e+02 
1.296113e+02 
1.296113e+02 
1.296113e+02 
1.296113e+02 
1.296113e+02 
1.296113e+02 
1.296113e+02 
1.296113e+02 
1.296113e+02 
1.296113e+02 
1.296113e+02 
1.296113e+02 
1.296113e+02 
1.296113e+02 
1.296113e+02 
1.296113e+02 
1.296113e+02 
1.296113e+02 
1.296113e+02 
1.296113e+02 
1.296113e+02 
1.296113e+02 
1.296113e+02 
1.296113e+02 
1.296113e+02 
1.296113e+02 
1.296113e+02 
1.296113e+02 
1.296113e+02 
1.296113e+02 
1.296113e+02 
1.296113e+02 
1.296113e+02 
1.296113e+02 
1.296113e+02 
1.296113e+02 
1.296113e+02 
1.296113e+02 
1.296113e+02 
1.296113e+02 
1.296113e+02 
1.296113e+02 
1.296113e+02 
1.296113e+02 
1.296113e+02 
1.296113e+02 
1.296113e+02 
1.296113e+02 
1.296113e+02 
1.296113e+02 
1.296113e+02 
1.296113e+02 
1.296113e+02 
1.296113e+02 
1.296113e+02 
1.296113e+02 
1.296113e+02 
1.296113e+02 
1.296113e+02 
1.296113e+02 
1.296113e+02 
1.296113e+02 
1.296113e+02 
1.296113e+02 
1.296113e+02 
1.296113e+02 
1.296113e+02 
1.296113e+02 
1.296113e+02 
1.296113e+02 
1.296113e+02 
1.296113e+02 
1.296113e+02 
1.296113e+02 
1.296113e+02 
1.296113e+02 
1.296113e+02 
1.296113e+02 
1.296113e+02 
1.296113e+02 
1.296113e+02 
1.296113e+02 
1.296113e+02 
1.296113e+02 
1.296113e+02 
1.296113e+02 
1.296113e+02 
1.296113e+02 
1.296113e+02 
1.296113e+02 
1.296113e+02 
1.296113e+02 
1.296113e+02 
1.296113e+02 
1.296113e+02 
1.296113e+02 
1.296113e+02 
1.296113e+02 
1.296113e+02 
1.296113e+02 
1.296113e+02 
1.296113e+02 
1.296113e+02 
1.296113e+02 
1.296113e+02 
1.296113e+02 
1.296113e+02 
1.296113e+02 
1.296113e+02 
1.296113e+02 
1.296113e+02 
1.296113e+02 
1.296113e+02 
1.296113e+02 
1.296113e+02 
1.296113e+02 
1.296113e+02 
1.296113e+02 
1.296113e+02 
1.296113e+02 
1.296113e+02 
1.296113e+02 
1.296113e+02 
1.296113e+02 
1.296113e+02 
1.296113e+02 
1.296113e+02 
1.296113e+02 
1.296113e+02 
1.296113e+02 
1.296113e+02 
1.296113e+02 
1.296113e+02 
1.296113e+02 
1.296113e+02 
1.296113e+02 
1.296113e+02 
1.296113e+02 
1.296113e+02 
1.296113e+02 
1.296113e+02 
1.296113e+02 
1.296113e+02 
1.296113e+02 
1.296113e+02 
1.296113e+02 
1.296113e+02 
1.296113e+02 
1.296113e+02 
1.296113e+02 
1.296113e+02 
1.296113e+02 
1.296113e+02 
1.296113e+02 
1.296113e+02 
1.296113e+02 
1.296113e+02 
1.296113e+02 
1.296113e+02 
1.296113e+02 
1.296113e+02 
1.296113e+02 
1.296113e+02 
1.296113e+02 
1.296113e+02 
1.296113e+02 
1.296113e+02 
1.296113e+02 
1.296113e+02 
1.296113e+02 
1.296113e+02 
1.296113e+02 
1.296113e+02 
1.296113e+02 
1.296113e+02 
1.296113e+02 
1.296113e+02 
1.296113e+02 
1.296113e+02 
1.296113e+02 
1.296113e+02 
1.296113e+02 
1.296113e+02 
1.296113e+02 
1.296113e+02 
1.296113e+02 
1.296113e+02 
1.296113e+02 
1.296113e+02 
1.296113e+02 
1.296113e+02 
1.296113e+02 
1.296113e+02 
1.296113e+02 
1.296113e+02 
1.296113e+02 
1.296113e+02 
1.296113e+02 
1.296113e+02 
1.296113e+02 
1.296113e+02 
1.296113e+02 
1.296113e+02 
1.296113e+02 
1.296113e+02 
1.296113e+02 
1.296113e+02 
1.296113e+02 
1.296113e+02 
1.296113e+02 
1.296113e+02 
1.296113e+02 
1.296113e+02 
1.296113e+02 
1.296113e+02 
1.296113e+02 
1.296113e+02 
1.296113e+02 
1.296113e+02 
1.296113e+02 
1.296113e+02 
1.296113e+02 
1.296113e+02 
1.296113e+02 
1.296113e+02 
1.296113e+02 
1.296113e+02 
1.296113e+02 
1.296113e+02 
1.296113e+02 
1.296113e+02 
1.296113e+02 
1.296113e+02 
1.296113e+02 
1.296113e+02 
1.296113e+02 
1.296113e+02 
1.296113e+02 
1.296113e+02 
1.296113e+02 
1.296113e+02 
1.296113e+02 
1.296113e+02 
1.296113e+02 
1.296113e+02 
1.296113e+02 
1.296113e+02 
1.296113e+02 
1.296113e+02 
1.296113e+02 
1.296113e+02 
1.296113e+02 
1.296113e+02 
1.296113e+02 
1.296113e+02 
1.296113e+02 
1.296113e+02 
1.296113e+02 
1.296113e+02 
1.296113e+02 
1.296113e+02 
1.296113e+02 
1.296113e+02 
1.296113e+02 
1.296113e+02 
1.296113e+02 
1.296113e+02 
1.296113e+02 
1.296113e+02 
1.296113e+02 
1.296113e+02 
1.296113e+02 
1.296113e+02 
1.296113e+02 
1.296113e+02 
1.296113e+02 
1.296113e+02 
1.296113e+02 
1.296113e+02 
1.296113e+02 
1.296113e+02 
1.296113e+02 
1.296113e+02 
1.296113e+02 
1.296113e+02 
1.296113e+02 
1.296113e+02 
1.296113e+02 
1.296113e+02 
1.296113e+02 
1.296113e+02 
1.296113e+02 
1.296113e+02 
1.296113e+02 
1.296113e+02 
1.296113e+02 
1.296113e+02 
1.296113e+02 
1.296113e+02 
1.296113e+02 
1.296113e+02 
1.296113e+02 
1.296113e+02 
1.296113e+02 
1.296113e+02 
1.296113e+02 
1.296113e+02 
1.296113e+02 
1.296113e+02 
1.296113e+02 
1.296113e+02 
1.296113e+02 
1.296113e+02 
1.296113e+02 
1.296113e+02 
1.296113e+02 
1.296113e+02 
1.296113e+02 
1.296113e+02 
1.296113e+02 
1.296113e+02 
1.296113e+02 
1.296113e+02 
1.296113e+02 
1.296113e+02 
1.296113e+02 
1.296113e+02 
1.296113e+02 
1.296113e+02 
1.296113e+02 
1.296113e+02 
1.296113e+02 
1.296113e+02 
1.296113e+02 
1.296113e+02 
1.296113e+02 
1.296113e+02 
1.296113e+02 
1.296113e+02 
1.296113e+02 
1.296113e+02 
1.296113e+02 
1.296113e+02 
1.296113e+02 
1.296113e+02 
1.296113e+02 
1.296113e+02 
1.296113e+02 
1.296113e+02 
1.296113e+02 
1.296113e+02 
1.296113e+02 
1.296113e+02 
1.296113e+02 
1.296113e+02 
1.296113e+02 
1.296113e+02 
1.296113e+02 
1.296113e+02 
1.296113e+02 
1.296113e+02 
1.296113e+02 
1.296113e+02 
1.296113e+02 
1.296113e+02 
1.296113e+02 
1.296113e+02 
1.296113e+02 
1.296113e+02 
1.296113e+02 
1.296113e+02 
1.296113e+02 
1.296113e+02 
1.296113e+02 
1.296113e+02 
1.296113e+02 
1.296113e+02 
1.296113e+02 
1.296113e+02 
1.296113e+02 
1.296113e+02 
1.296113e+02 
1.296113e+02 
1.296113e+02 
1.296113e+02 
1.296113e+02 
1.296113e+02 
1.296113e+02 
1.296113e+02 
1.296113e+02 
1.296113e+02 
1.296113e+02 
1.296113e+02 
1.296113e+02 
1.296113e+02 
1.296113e+02 
1.296113e+02 
1.296113e+02 
1.296113e+02 
1.296113e+02 
1.296113e+02 
1.296113e+02 
1.296113e+02 
1.296113e+02 
1.296113e+02 
1.296113e+02 
1.296113e+02 
1.296113e+02 
1.296113e+02 
1.296113e+02 
1.296113e+02 
1.296113e+02 
1.296113e+02 
1.296113e+02 
1.296113e+02 
1.296113e+02 
1.296113e+02 
1.296113e+02 
1.296113e+02 
1.296113e+02 
1.296113e+02 
1.296113e+02 
1.296113e+02 
1.296113e+02 
1.296113e+02 
1.296113e+02 
1.296113e+02 
1.296113e+02 
1.296113e+02 
1.296113e+02 
1.296113e+02 
1.296113e+02 
1.296113e+02 
1.296113e+02 
1.296113e+02 
1.296113e+02 
1.296113e+02 
1.296113e+02 
1.296113e+02 
1.296113e+02 
1.296113e+02 
1.296113e+02 
1.296113e+02 
1.296113e+02 
1.296113e+02 
1.296113e+02 
1.296113e+02 
1.296113e+02 
1.296113e+02 
1.296113e+02 
1.296113e+02 
1.296113e+02 
1.296113e+02 
1.296113e+02 
1.296113e+02 
1.296113e+02 
1.296113e+02 
1.296113e+02 
1.296113e+02 
1.296113e+02 
1.296113e+02 
1.296113e+02 
1.296113e+02 
1.296113e+02 
1.296113e+02 
1.296113e+02 
1.296113e+02 
1.296113e+02 
1.296113e+02 
1.296113e+02 
1.296113e+02 
1.296113e+02 
1.296113e+02 
1.296113e+02 
1.296113e+02 
1.296113e+02 
1.296113e+02 
1.296113e+02 
1.296113e+02 
1.296113e+02 
1.296113e+02 
1.296113e+02 
1.296113e+02 
1.296113e+02 
1.296113e+02 
1.296113e+02 
1.296113e+02 
1.296113e+02 
1.296113e+02 
1.296113e+02 
1.296113e+02 
1.296113e+02 
1.296113e+02 
1.296113e+02 
1.296113e+02 
1.296113e+02 
1.296113e+02 
1.296113e+02 
1.296113e+02 
1.296113e+02 
1.296113e+02 
1.296113e+02 
1.296113e+02 
1.296113e+02 
1.296113e+02 
1.296113e+02 
1.296113e+02 
1.296113e+02 
1.296113e+02 
1.296113e+02 
1.296113e+02 
1.296113e+02 
1.296113e+02 
1.296113e+02 
1.296113e+02 
1.296113e+02 
1.296113e+02 
1.296113e+02 
1.296113e+02 
1.296113e+02 
1.296113e+02 
1.296113e+02 
1.296113e+02 
1.296113e+02 
1.296113e+02 
1.296113e+02 
1.296113e+02 
1.296113e+02 
1.296113e+02 
1.296113e+02 
1.296113e+02 
1.296113e+02 
1.296113e+02 
1.296113e+02 
1.296113e+02 
1.296113e+02 
1.296113e+02 
1.296113e+02 
1.296113e+02 
1.296113e+02 
1.296113e+02 
1.296113e+02 
1.296113e+02 
1.296113e+02 
1.296113e+02 
1.296113e+02 
1.296113e+02 
1.296113e+02 
1.296113e+02 
1.296113e+02 
1.296113e+02 
1.296113e+02 
1.296113e+02 
1.296113e+02 
1.296113e+02 
1.296113e+02 
1.296113e+02 
1.296113e+02 
1.296113e+02 
1.296113e+02 
1.296113e+02 
1.296113e+02 
1.296113e+02 
1.296113e+02 
1.296113e+02 
1.296113e+02 
1.296113e+02 
1.296113e+02 
1.296113e+02 
1.296113e+02 
1.296113e+02 
1.296113e+02 
1.296113e+02 
1.296113e+02 
1.296113e+02 
1.296113e+02 
1.296113e+02 
1.296113e+02 
1.296113e+02 
1.296113e+02 
1.296113e+02 
1.296113e+02 
1.296113e+02 
1.296113e+02 
1.296113e+02 
1.296113e+02 
1.296113e+02 
1.296113e+02 
1.296113e+02 
1.296113e+02 
1.296113e+02 
1.296113e+02 
1.296113e+02 
1.296113e+02 
1.296113e+02 
1.296113e+02 
1.296113e+02 
1.296113e+02 
1.296113e+02 
1.296113e+02 
1.296113e+02 
1.296113e+02 
1.296113e+02 
1.296113e+02 
1.296113e+02 
1.296113e+02 
1.296113e+02 
1.296113e+02 
1.296113e+02 
1.296113e+02 
1.296113e+02 
1.296113e+02 
1.296113e+02 
1.296113e+02 
1.296113e+02 
1.296113e+02 
1.296113e+02 
1.296113e+02 
1.296113e+02 
1.296113e+02 
1.296113e+02 
1.296113e+02 
1.296113e+02 
1.296113e+02 
1.296113e+02 
1.296113e+02 
1.296113e+02 
1.296113e+02 
1.296113e+02 
1.296113e+02 
1.296113e+02 
1.296113e+02 
1.296113e+02 
1.296113e+02 
1.296113e+02 
1.296113e+02 
1.296113e+02 
1.296113e+02 
1.296113e+02 
1.296113e+02 
1.296113e+02 
1.296113e+02 
1.296113e+02 
1.296113e+02 
1.296113e+02 
1.296113e+02 
1.296113e+02 
1.296113e+02 
1.296113e+02 
1.296113e+02 
1.296113e+02 
1.296113e+02 
1.296113e+02 
1.296113e+02 
1.296113e+02 
1.296113e+02 
1.296113e+02 
1.296113e+02 
1.296113e+02 
1.296113e+02 
1.296113e+02 
1.296113e+02 
1.296113e+02 
1.296113e+02 
1.296113e+02 
1.296113e+02 
1.296113e+02 
1.296113e+02 
1.296113e+02 
1.296113e+02 
1.296113e+02 
1.296113e+02 
1.296113e+02 
1.296113e+02 
1.296113e+02 
1.296113e+02 
1.296113e+02 
1.296113e+02 
1.296113e+02 
1.296113e+02 
1.296113e+02 
1.296113e+02 
1.296113e+02 
1.296113e+02 
1.296113e+02 
1.296113e+02 
1.296113e+02 
1.296113e+02 
1.296113e+02 
1.296113e+02 
1.296113e+02 
1.296113e+02 
1.296113e+02 
1.296113e+02 
1.296113e+02 
1.296113e+02 
1.296113e+02 
1.296113e+02 
1.296113e+02 
1.296113e+02 
1.296113e+02 
1.296113e+02 
1.296113e+02 
1.296113e+02 
1.296113e+02 
1.296113e+02 
1.296113e+02 
1.296113e+02 
1.296113e+02 
1.296113e+02 
1.296113e+02 
1.296113e+02 
1.296113e+02 
1.296113e+02 
1.296113e+02 
1.296113e+02 
1.296113e+02 
1.296113e+02 
1.296113e+02 
1.296113e+02 
1.296113e+02 
1.296113e+02 
1.296113e+02 
1.296113e+02 
1.296113e+02 
1.296113e+02 
1.296113e+02 
1.296113e+02 
1.296113e+02 
1.296113e+02 
1.296113e+02 
1.296113e+02 
1.296113e+02 
1.296113e+02 
1.296113e+02 
1.296113e+02 
1.296113e+02 
1.296113e+02 
1.296113e+02 
1.296113e+02 
1.296113e+02 
1.296113e+02 
1.296113e+02 
1.296113e+02 
1.296113e+02 
1.296113e+02 
1.296113e+02 
1.296113e+02 
1.296113e+02 
1.296113e+02 
1.296113e+02 
1.296113e+02 
1.296113e+02 
1.296113e+02 
1.296113e+02 
1.296113e+02 
1.296113e+02 
1.296113e+02 
1.296113e+02 
1.296113e+02 
1.296113e+02 
1.296113e+02 
1.296113e+02 
1.296113e+02 
1.296113e+02 
1.296113e+02 
1.296113e+02 
1.296113e+02 
1.296113e+02 
1.296113e+02 
1.296113e+02 
1.296113e+02 
1.296113e+02 
1.296113e+02 
1.296113e+02 
1.296113e+02 
1.296113e+02 
1.296113e+02 
1.296113e+02 
1.296113e+02 
1.296113e+02 
1.296113e+02 
1.296113e+02 
1.296113e+02 
1.296113e+02 
1.296113e+02 
1.296113e+02 
1.296113e+02 
1.296113e+02 
1.296113e+02 
1.296113e+02 
1.296113e+02 
1.296113e+02 
1.296113e+02 
1.296113e+02 
1.296113e+02 
1.296113e+02 
1.296113e+02 
1.296113e+02 
1.296113e+02 
1.296113e+02 
1.296113e+02 
1.296113e+02 
1.296113e+02 
1.296113e+02 
1.296113e+02 
1.296113e+02 
1.296113e+02 
1.296113e+02 
1.296113e+02 
1.296113e+02 
1.296113e+02 
1.296113e+02 
1.296113e+02 
1.296113e+02 
1.296113e+02 
1.296113e+02 
1.296113e+02 
1.296113e+02 
1.296113e+02 
1.296113e+02 
1.296113e+02 
1.296113e+02 
1.296113e+02 
1.296113e+02 
1.296113e+02 
1.296113e+02 
1.296113e+02 
1.296113e+02 
1.296113e+02 
1.296113e+02 
1.296113e+02 
1.296113e+02 
1.296113e+02 
1.296113e+02 
1.296113e+02 
1.296113e+02 
1.296113e+02 
1.296113e+02 
1.296113e+02 
1.296113e+02 
1.296113e+02 
1.296113e+02 
1.296113e+02 
1.296113e+02 
1.296113e+02 
1.296113e+02 
1.296113e+02 
1.296113e+02 
1.296113e+02 
1.296113e+02 
1.296113e+02 
1.296113e+02 
1.296113e+02 
1.296113e+02 
1.296113e+02 
1.296113e+02 
1.296113e+02 
1.296113e+02 
1.296113e+02 
1.296113e+02 
1.296113e+02 
1.296113e+02 
1.296113e+02 
1.296113e+02 
1.296113e+02 
1.296113e+02 
1.296113e+02 
1.296113e+02 
1.296113e+02 
1.296113e+02 
1.296113e+02 
1.296113e+02 
1.296113e+02 
1.296113e+02 
1.296113e+02 
1.296113e+02 
1.296113e+02 
1.296113e+02 
1.296113e+02 
1.296113e+02 
1.296113e+02 
1.296113e+02 
1.296113e+02 
1.296113e+02 
1.296113e+02 
1.296113e+02 
1.296113e+02 
1.296113e+02 
1.296113e+02 
1.296113e+02 
1.296113e+02 
1.296113e+02 
1.296113e+02 
1.296113e+02 
1.296113e+02 
1.296113e+02 
1.296113e+02 
1.296113e+02 
1.296113e+02 
1.296113e+02 
1.296113e+02 
1.296113e+02 
1.296113e+02 
1.296113e+02 
1.296113e+02 
1.296113e+02 
1.296113e+02 
1.296113e+02 
1.296113e+02 
1.296113e+02 
1.296113e+02 
1.296113e+02 
1.296113e+02 
1.296113e+02 
1.296113e+02 
1.296113e+02 
1.296113e+02 
1.296113e+02 
1.296113e+02 
1.296113e+02 
1.296113e+02 
1.296113e+02 
1.296113e+02 
1.296113e+02 
1.296113e+02 
1.296113e+02 
1.296113e+02 
1.296113e+02 
1.296113e+02 
1.296113e+02 
1.296113e+02 
1.296113e+02 
1.296113e+02 
1.296113e+02 
1.296113e+02 
1.296113e+02 
1.296113e+02 
1.296113e+02 
1.296113e+02 
1.296113e+02 
1.296113e+02 
1.296113e+02 
1.296113e+02 
1.296113e+02 
1.296113e+02 
1.296113e+02 
1.296113e+02 
1.296113e+02 
1.296113e+02 
1.296113e+02 
1.296113e+02 
1.296113e+02 
1.296113e+02 
1.296113e+02 
1.296113e+02 
1.296113e+02 
1.296113e+02 
1.296113e+02 
1.296113e+02 
1.296113e+02 
1.296113e+02 
1.296113e+02 
1.296113e+02 
1.296113e+02 
1.296113e+02 
1.296113e+02 
1.296113e+02 
1.296113e+02 
1.296113e+02 
1.296113e+02 
1.296113e+02 
1.296113e+02 
1.296113e+02 
1.296113e+02 
1.296113e+02 
1.296113e+02 
1.296113e+02 
1.296113e+02 
1.296113e+02 
1.296113e+02 
1.296113e+02 
1.296113e+02 
1.296113e+02 
1.296113e+02 
1.296113e+02 
1.296113e+02 
1.296113e+02 
1.296113e+02 
1.296113e+02 
1.296113e+02 
1.296113e+02 
1.296113e+02 
1.296113e+02 
1.296113e+02 
1.296113e+02 
1.296113e+02 
1.296113e+02 
1.296113e+02 
1.296113e+02 
1.296113e+02 
1.296113e+02 
1.296113e+02 
1.296113e+02 
1.296113e+02 
1.296113e+02 
1.296113e+02 
1.296113e+02 
1.296113e+02 
1.296113e+02 
1.296113e+02 
1.296113e+02 
1.296113e+02 
1.296113e+02 
1.296113e+02 
1.296113e+02 
1.296113e+02 
1.296113e+02 
1.296113e+02 
1.296113e+02 
1.296113e+02 
1.296113e+02 
1.296113e+02 
1.296113e+02 
1.296113e+02 
1.296113e+02 
1.296113e+02 
1.296113e+02 
1.296113e+02 
1.296113e+02 
1.296113e+02 
1.296113e+02 
1.296113e+02 
1.296113e+02 
1.296113e+02 
1.296113e+02 
1.296113e+02 
1.296113e+02 
1.296113e+02 
1.296113e+02 
1.296113e+02 
1.296113e+02 
1.296113e+02 
1.296113e+02 
1.296113e+02 
1.296113e+02 
1.296113e+02 
1.296113e+02 
1.296113e+02 
1.296113e+02 
1.296113e+02 
1.296113e+02 
1.296113e+02 
1.296113e+02 
1.296113e+02 
1.296113e+02 
1.296113e+02 
1.296113e+02 
1.296113e+02 
1.296113e+02 
1.296113e+02 
1.296113e+02 
1.296113e+02 
1.296113e+02 
1.296113e+02 
1.296113e+02 
1.296113e+02 
1.296113e+02 
1.296113e+02 
1.296113e+02 
1.296113e+02 
1.296113e+02 
1.296113e+02 
1.296113e+02 
1.296113e+02 
1.296113e+02 
1.296113e+02 
1.296113e+02 
1.296113e+02 
1.296113e+02 
1.296113e+02 
1.296113e+02 
1.296113e+02 
1.296113e+02 
1.296113e+02 
1.296113e+02 
1.296113e+02 
1.296113e+02 
1.296113e+02 
1.296113e+02 
1.296113e+02 
1.296113e+02 
1.296113e+02 
1.296113e+02 
1.296113e+02 
1.296113e+02 
1.296113e+02 
1.296113e+02 
1.296113e+02 
1.296113e+02 
1.296113e+02 
1.296113e+02 
1.296113e+02 
1.296113e+02 
1.296113e+02 
1.296113e+02 
1.296113e+02 
1.296113e+02 
1.296113e+02 
1.296113e+02 
1.296113e+02 
1.296113e+02 
1.296113e+02 
1.296113e+02 
1.296113e+02 
1.296113e+02 
1.296113e+02 
1.296113e+02 
1.296113e+02 
1.296113e+02 
1.296113e+02 
1.296113e+02 
1.296113e+02 
1.296113e+02 
1.296113e+02 
1.296113e+02 
1.296113e+02 
1.296113e+02 
1.296113e+02 
1.296113e+02 
1.296113e+02 
1.296113e+02 
1.296113e+02 
1.296113e+02 
1.296113e+02 
1.296113e+02 
1.296113e+02 
1.296113e+02 
1.296113e+02 
1.296113e+02 
1.296113e+02 
1.296113e+02 
1.296113e+02 
1.296113e+02 
1.296113e+02 
1.296113e+02 
1.296113e+02 
1.296113e+02 
1.296113e+02 
1.296113e+02 
1.296113e+02 
1.296113e+02 
1.296113e+02 
1.296113e+02 
1.296113e+02 
1.296113e+02 
1.296113e+02 
1.296113e+02 
1.296113e+02 
1.296113e+02 
1.296113e+02 
1.296113e+02 
1.296113e+02 
1.296113e+02 
1.296113e+02 
1.296113e+02 
1.296113e+02 
1.296113e+02 
1.296113e+02 
1.296113e+02 
1.296113e+02 
1.296113e+02 
1.296113e+02 
1.296113e+02 
1.296113e+02 
1.296113e+02 
1.296113e+02 
1.296113e+02 
1.296113e+02 
1.296113e+02 
1.296113e+02 
1.296113e+02 
1.296113e+02 
1.296113e+02 
1.296113e+02 
1.296113e+02 
1.296113e+02 
1.296113e+02 
1.296113e+02 
1.296113e+02 
1.296113e+02 
1.296113e+02 
1.296113e+02 
1.296113e+02 
1.296113e+02 
1.296113e+02 
1.296113e+02 
1.296113e+02 
1.296113e+02 
1.296113e+02 
1.296113e+02 
1.296113e+02 
1.296113e+02 
1.296113e+02 
1.296113e+02 
1.296113e+02 
1.296113e+02 
1.296113e+02 
1.296113e+02 
1.296113e+02 
1.296113e+02 
1.296113e+02 
1.296113e+02 
1.296113e+02 
1.296113e+02 
1.296113e+02 
1.296113e+02 
1.296113e+02 
1.296113e+02 
1.296113e+02 
1.296113e+02 
1.296113e+02 
1.296113e+02 
1.296113e+02 
1.296113e+02 
1.296113e+02 
1.296113e+02 
1.296113e+02 
1.296113e+02 
1.296113e+02 
1.296113e+02 
1.296113e+02 
1.296113e+02 
1.296113e+02 
1.296113e+02 
1.296113e+02 
1.296113e+02 
1.296113e+02 
1.296113e+02 
1.296113e+02 
1.296113e+02 
1.296113e+02 
1.296113e+02 
1.296113e+02 
1.296113e+02 
1.296113e+02 
1.296113e+02 
1.296113e+02 
1.296113e+02 
1.296113e+02 
1.296113e+02 
1.296113e+02 
1.296113e+02 
1.296113e+02 
1.296113e+02 
1.296113e+02 
1.296113e+02 
1.296113e+02 
1.296113e+02 
1.296113e+02 
1.296113e+02 
1.296113e+02 
1.296113e+02 
1.296113e+02 
1.296113e+02 
1.296113e+02 
1.296113e+02 
1.296113e+02 
1.296113e+02 
1.296113e+02 
1.296113e+02 
1.296113e+02 
1.296113e+02 
1.296113e+02 
1.296113e+02 
1.296113e+02 
1.296113e+02 
1.296113e+02 
1.296113e+02 
1.296113e+02 
1.296113e+02 
1.296113e+02 
1.296113e+02 
1.296113e+02 
1.296113e+02 
1.296113e+02 
1.296113e+02 
1.296113e+02 
1.296113e+02 
1.296113e+02 
1.296113e+02 
1.296113e+02 
1.296113e+02 
1.296113e+02 
1.296113e+02 
1.296113e+02 
1.296113e+02 
1.296113e+02 
1.296113e+02 
1.296113e+02 
1.296113e+02 
1.296113e+02 
1.296113e+02 
1.296113e+02 
1.296113e+02 
1.296113e+02 
1.296113e+02 
1.296113e+02 
1.296113e+02 
1.296113e+02 
1.296113e+02 
1.296113e+02 
1.296113e+02 
1.296113e+02 
1.296113e+02 
1.296113e+02 
1.296113e+02 
1.296113e+02 
1.296113e+02 
1.296113e+02 
1.296113e+02 
1.296113e+02 
1.296113e+02 
1.296113e+02 
1.296113e+02 
1.296113e+02 
1.296113e+02 
1.296113e+02 
1.296113e+02 
1.296113e+02 
1.296113e+02 
1.296113e+02 
1.296113e+02 
1.296113e+02 
1.296113e+02 
1.296113e+02 
1.296113e+02 
1.296113e+02 
1.296113e+02 
1.296113e+02 
1.296113e+02 
1.296113e+02 
1.296113e+02 
1.296113e+02 
1.296113e+02 
1.296113e+02 
1.296113e+02 
1.296113e+02 
1.296113e+02 
1.296113e+02 
1.296113e+02 
1.296113e+02 
1.296113e+02 
1.296113e+02 
1.296113e+02 
1.296113e+02 
1.296113e+02 
1.296113e+02 
1.296113e+02 
1.296113e+02 
1.296113e+02 
1.296113e+02 
1.296113e+02 
1.296113e+02 
1.296113e+02 
1.296113e+02 
1.296113e+02 
1.296113e+02 
1.296113e+02 
1.296113e+02 
1.296113e+02 
1.296113e+02 
1.296113e+02 
1.296113e+02 
1.296113e+02 
1.296113e+02 
1.296113e+02 
1.296113e+02 
1.296113e+02 
1.296113e+02 
1.296113e+02 
1.296113e+02 
1.296113e+02 
1.296113e+02 
1.296113e+02 
1.296113e+02 
1.296113e+02 
1.296113e+02 
1.296113e+02 
1.296113e+02 
1.296113e+02 
1.296113e+02 
1.296113e+02 
1.296113e+02 
1.296113e+02 
1.296113e+02 
1.296113e+02 
1.296113e+02 
1.296113e+02 
1.296113e+02 
1.296113e+02 
1.296113e+02 
1.296113e+02 
1.296113e+02 
1.296113e+02 
1.296113e+02 
1.296113e+02 
1.296113e+02 
1.296113e+02 
1.296113e+02 
1.296113e+02 
1.296113e+02 
1.296113e+02 
1.296113e+02 
1.296113e+02 
1.296113e+02 
1.296113e+02 
1.296113e+02 
1.296113e+02 
1.296113e+02 
1.296113e+02 
1.296113e+02 
1.296113e+02 
1.296113e+02 
1.296113e+02 
1.296113e+02 
1.296113e+02 
1.296113e+02 
1.296113e+02 
1.296113e+02 
1.296113e+02 
1.296113e+02 
1.296113e+02 
1.296113e+02 
1.296113e+02 
1.296113e+02 
1.296113e+02 
1.296113e+02 
1.296113e+02 
1.296113e+02 
1.296113e+02 
1.296113e+02 
1.296113e+02 
1.296113e+02 
1.296113e+02 
1.296113e+02 
1.296113e+02 
1.296113e+02 
1.296113e+02 
1.296113e+02 
1.296113e+02 
1.296113e+02 
1.296113e+02 
1.296113e+02 
1.296113e+02 
1.296113e+02 
1.296113e+02 
1.296113e+02 
1.296113e+02 
1.296113e+02 
1.296113e+02 
1.296113e+02 
1.296113e+02 
1.296113e+02 
1.296113e+02 
1.296113e+02 
1.296113e+02 
1.296113e+02 
1.296113e+02 
1.296113e+02 
1.296113e+02 
1.296113e+02 
1.296113e+02 
1.296113e+02 
1.296113e+02 
1.296113e+02 
1.296113e+02 
1.296113e+02 
1.296113e+02 
1.296113e+02 
1.296113e+02 
1.296113e+02 
1.296113e+02 
1.296113e+02 
1.296113e+02 
1.296113e+02 
1.296113e+02 
1.296113e+02 
1.296113e+02 
1.296113e+02 
1.296113e+02 
1.296113e+02 
1.296113e+02 
1.296113e+02 
1.296113e+02 
1.296113e+02 
1.296113e+02 
1.296113e+02 
1.296113e+02 
1.296113e+02 
1.296113e+02 
1.296113e+02 
1.296113e+02 
1.296113e+02 
1.296113e+02 
1.296113e+02 
1.296113e+02 
1.296113e+02 
1.296113e+02 
1.296113e+02 
1.296113e+02 
1.296113e+02 
1.296113e+02 
1.296113e+02 
1.296113e+02 
1.296113e+02 
1.296113e+02 
1.296113e+02 
1.296113e+02 
1.296113e+02 
1.296113e+02 
1.296113e+02 
1.296113e+02 
1.296113e+02 
1.296113e+02 
1.296113e+02 
1.296113e+02 
1.296113e+02 
1.296113e+02 
1.296113e+02 
1.296113e+02 
1.296113e+02 
1.296113e+02 
1.296113e+02 
1.296113e+02 
1.296113e+02 
1.296113e+02 
1.296113e+02 
1.296113e+02 
1.296113e+02 
1.296113e+02 
1.296113e+02 
1.296113e+02 
1.296113e+02 
1.296113e+02 
1.296113e+02 
1.296113e+02 
1.296113e+02 
1.296113e+02 
1.296113e+02 
1.296113e+02 
1.296113e+02 
1.296113e+02 
1.296113e+02 
1.296113e+02 
1.296113e+02 
1.296113e+02 
1.296113e+02 
1.296113e+02 
1.296113e+02 
1.296113e+02 
1.296113e+02 
1.296113e+02 
1.296113e+02 
1.296113e+02 
1.296113e+02 
1.296113e+02 
1.296113e+02 
1.296113e+02 
1.296113e+02 
1.296113e+02 
1.296113e+02 
1.296113e+02 
1.296113e+02 
1.296113e+02 
1.296113e+02 
1.296113e+02 
1.296113e+02 
1.296113e+02 
1.296113e+02 
1.296113e+02 
1.296113e+02 
1.296113e+02 
1.296113e+02 
1.296113e+02 
1.296113e+02 
1.296113e+02 
1.296113e+02 
1.296113e+02 
1.296113e+02 
1.296113e+02 
1.296113e+02 
1.296113e+02 
1.296113e+02 
1.296113e+02 
1.296113e+02 
1.296113e+02 
1.296113e+02 
1.296113e+02 
1.296113e+02 
1.296113e+02 
1.296113e+02 
1.296113e+02 
1.296113e+02 
1.296113e+02 
1.296113e+02 
1.296113e+02 
1.296113e+02 
1.296113e+02 
1.296113e+02 
1.296113e+02 
1.296113e+02 
1.296113e+02 
1.296113e+02 
1.296113e+02 
1.296113e+02 
1.296113e+02 
1.296113e+02 
1.296113e+02 
1.296113e+02 
1.296113e+02 
1.296113e+02 
1.296113e+02 
1.296113e+02 
1.296113e+02 
1.296113e+02 
1.296113e+02 
1.296113e+02 
1.296113e+02 
1.296113e+02 
1.296113e+02 
1.296113e+02 
1.296113e+02 
1.296113e+02 
1.296113e+02 
1.296113e+02 
1.296113e+02 
1.296113e+02 
1.296113e+02 
1.296113e+02 
1.296113e+02 
1.296113e+02 
1.296113e+02 
1.296113e+02 
1.296113e+02 
1.296113e+02 
1.296113e+02 
1.296113e+02 
1.296113e+02 
1.296113e+02 
1.296113e+02 
1.296113e+02 
1.296113e+02 
1.296113e+02 
1.296113e+02 
1.296113e+02 
1.296113e+02 
1.296113e+02 
1.296113e+02 
1.296113e+02 
1.296113e+02 
1.296113e+02 
1.296113e+02 
1.296113e+02 
1.296113e+02 
1.296113e+02 
1.296113e+02 
1.296113e+02 
1.296113e+02 
1.296113e+02 
1.296113e+02 
1.296113e+02 
1.296113e+02 
1.296113e+02 
1.296113e+02 
1.296113e+02 
1.296113e+02 
1.296113e+02 
1.296113e+02 
1.296113e+02 
1.296113e+02 
1.296113e+02 
1.296113e+02 
1.296113e+02 
1.296113e+02 
1.296113e+02 
1.296113e+02 
1.296113e+02 
1.296113e+02 
1.296113e+02 
1.296113e+02 
1.296113e+02 
1.296113e+02 
1.296113e+02 
1.296113e+02 
1.296113e+02 
1.296113e+02 
1.296113e+02 
1.296113e+02 
1.296113e+02 
1.296113e+02 
1.296113e+02 
1.296113e+02 
1.296113e+02 
1.296113e+02 
1.296113e+02 
1.296113e+02 
1.296113e+02 
1.296113e+02 
1.296113e+02 
1.296113e+02 
1.296113e+02 
1.296113e+02 
1.296113e+02 
1.296113e+02 
1.296113e+02 
1.296113e+02 
1.296113e+02 
1.296113e+02 
1.296113e+02 
1.296113e+02 
1.296113e+02 
1.296113e+02 
1.296113e+02 
1.296113e+02 
1.296113e+02 
1.296113e+02 
1.296113e+02 
1.296113e+02 
1.296113e+02 
1.296113e+02 
1.296113e+02 
1.296113e+02 
1.296113e+02 
1.296113e+02 
1.296113e+02 
1.296113e+02 
1.296113e+02 
1.296113e+02 
1.296113e+02 
1.296113e+02 
1.296113e+02 
1.296113e+02 
1.296113e+02 
1.296113e+02 
1.296113e+02 
1.296113e+02 
1.296113e+02 
1.296113e+02 
1.296113e+02 
1.296113e+02 
1.296113e+02 
1.296113e+02 
1.296113e+02 
1.296113e+02 
1.296113e+02 
1.296113e+02 
1.296113e+02 
1.296113e+02 
1.296113e+02 
1.296113e+02 
1.296113e+02 
1.296113e+02 
1.296113e+02 
1.296113e+02 
1.296113e+02 
1.296113e+02 
1.296113e+02 
1.296113e+02 
1.296113e+02 
1.296113e+02 
1.296113e+02 
1.296113e+02 
1.296113e+02 
1.296113e+02 
1.296113e+02 
1.296113e+02 
1.296113e+02 
1.296113e+02 
1.296113e+02 
1.296113e+02 
1.296113e+02 
1.296113e+02 
1.296113e+02 
1.296113e+02 
1.296113e+02 
1.296113e+02 
1.296113e+02 
1.296113e+02 
1.296113e+02 
1.296113e+02 
1.296113e+02 
1.296113e+02 
1.296113e+02 
1.296113e+02 
1.296113e+02 
1.296113e+02 
1.296113e+02 
1.296113e+02 
1.296113e+02 
1.296113e+02 
1.296113e+02 
1.296113e+02 
1.296113e+02 
1.296113e+02 
1.296113e+02 
1.296113e+02 
1.296113e+02 
1.296113e+02 
1.296113e+02 
1.296113e+02 
1.296113e+02 
1.296113e+02 
1.296113e+02 
1.296113e+02 
1.296113e+02 
1.296113e+02 
1.296113e+02 
1.296113e+02 
1.296113e+02 
1.296113e+02 
1.296113e+02 
1.296113e+02 
1.296113e+02 
1.296113e+02 
1.296113e+02 
1.296113e+02 
1.296113e+02 
1.296113e+02 
1.296113e+02 
1.296113e+02 
1.296113e+02 
1.296113e+02 
1.296113e+02 
1.296113e+02 
1.296113e+02 
1.296113e+02 
1.296113e+02 
1.296113e+02 
1.296113e+02 
1.296113e+02 
1.296113e+02 
1.296113e+02 
1.296113e+02 
1.296113e+02 
1.296113e+02 
1.296113e+02 
1.296113e+02 
1.296113e+02 
1.296113e+02 
1.296113e+02 
1.296113e+02 
1.296113e+02 
1.296113e+02 
1.296113e+02 
1.296113e+02 
1.296113e+02 
1.296113e+02 
1.296113e+02 
1.296113e+02 
1.296113e+02 
1.296113e+02 
1.296113e+02 
1.296113e+02 
1.296113e+02 
1.296113e+02 
1.296113e+02 
1.296113e+02 
1.296113e+02 
1.296113e+02 
1.296113e+02 
1.296113e+02 
1.296113e+02 
1.296113e+02 
1.296113e+02 
1.296113e+02 
1.296113e+02 
1.296113e+02 
1.296113e+02 
1.296113e+02 
1.296113e+02 
1.296113e+02 
1.296113e+02 
1.296113e+02 
1.296113e+02 
1.296113e+02 
1.296113e+02 
1.296113e+02 
1.296113e+02 
1.296113e+02 
1.296113e+02 
1.296113e+02 
1.296113e+02 
1.296113e+02 
1.296113e+02 
1.296113e+02 
1.296113e+02 
1.296113e+02 
1.296113e+02 
1.296113e+02 
1.296113e+02 
1.296113e+02 
1.296113e+02 
1.296113e+02 
1.296113e+02 
1.296113e+02 
1.296113e+02 
1.296113e+02 
1.296113e+02 
1.296113e+02 
1.296113e+02 
1.296113e+02 
1.296113e+02 
1.296113e+02 
1.296113e+02 
1.296113e+02 
1.296113e+02 
1.296113e+02 
1.296113e+02 
1.296113e+02 
1.296113e+02 
1.296113e+02 
1.296113e+02 
1.296113e+02 
1.296113e+02 
1.296113e+02 
1.296113e+02 
1.296113e+02 
1.296113e+02 
1.296113e+02 
1.296113e+02 
1.296113e+02 
1.296113e+02 
1.296113e+02 
1.296113e+02 
1.296113e+02 
1.296113e+02 
1.296113e+02 
1.296113e+02 
1.296113e+02 
1.296113e+02 
1.296113e+02 
1.296113e+02 
1.296113e+02 
1.296113e+02 
1.296113e+02 
1.296113e+02 
1.296113e+02 
1.296113e+02 
1.296113e+02 
1.296113e+02 
1.296113e+02 
1.296113e+02 
1.296113e+02 
1.296113e+02 
1.296113e+02 
1.296113e+02 
1.296113e+02 
1.296113e+02 
1.296113e+02 
1.296113e+02 
1.296113e+02 
1.296113e+02 
1.296113e+02 
1.296113e+02 
1.296113e+02 
1.296113e+02 
1.296113e+02 
1.296113e+02 
1.296113e+02 
1.296113e+02 
1.296113e+02 
1.296113e+02 
1.296113e+02 
1.296113e+02 
1.296113e+02 
1.296113e+02 
1.296113e+02 
1.296113e+02 
1.296113e+02 
1.296113e+02 
1.296113e+02 
1.296113e+02 
1.296113e+02 
1.296113e+02 
1.296113e+02 
1.296113e+02 
1.296113e+02 
1.296113e+02 
1.296113e+02 
1.296113e+02 
1.296113e+02 
1.296113e+02 
1.296113e+02 
1.296113e+02 
1.296113e+02 
1.296113e+02 
1.296113e+02 
1.296113e+02 
1.296113e+02 
1.296113e+02 
1.296113e+02 
1.296113e+02 
1.296113e+02 
1.296113e+02 
1.296113e+02 
1.296113e+02 
1.296113e+02 
1.296113e+02 
1.296113e+02 
1.296113e+02 
1.296113e+02 
1.296113e+02 
1.296113e+02 
1.296113e+02 
1.296113e+02 
1.296113e+02 
1.296113e+02 
1.296113e+02 
1.296113e+02 
1.296113e+02 
1.296113e+02 
1.296113e+02 
1.296113e+02 
1.296113e+02 
1.296113e+02 
1.296113e+02 
1.296113e+02 
1.296113e+02 
1.296113e+02 
1.296113e+02 
1.296113e+02 
1.296113e+02 
1.296113e+02 
1.296113e+02 
1.296113e+02 
1.296113e+02 
1.296113e+02 
1.296113e+02 
1.296113e+02 
1.296113e+02 
1.296113e+02 
1.296113e+02 
1.296113e+02 
1.296113e+02 
1.296113e+02 
1.296113e+02 
1.296113e+02 
1.296113e+02 
1.296113e+02 
1.296113e+02 
1.296113e+02 
1.296113e+02 
1.296113e+02 
1.296113e+02 
1.296113e+02 
1.296113e+02 
1.296113e+02 
1.296113e+02 
1.296113e+02 
1.296113e+02 
1.296113e+02 
1.296113e+02 
1.296113e+02 
1.296113e+02 
1.296113e+02 
1.296113e+02 
1.296113e+02 
1.296113e+02 
1.296113e+02 
1.296113e+02 
1.296113e+02 
1.296113e+02 
1.296113e+02 
1.296113e+02 
1.296113e+02 
1.296113e+02 
1.296113e+02 
1.296113e+02 
1.296113e+02 
1.296113e+02 
1.296113e+02 
1.296113e+02 
1.296113e+02 
1.296113e+02 
1.296113e+02 
1.296113e+02 
1.296113e+02 
1.296113e+02 
1.296113e+02 
1.296113e+02 
1.296113e+02 
1.296113e+02 
1.296113e+02 
1.296113e+02 
1.296113e+02 
1.296113e+02 
1.296113e+02 
1.296113e+02 
1.296113e+02 
1.296113e+02 
1.296113e+02 
1.296113e+02 
1.296113e+02 
1.296113e+02 
1.296113e+02 
1.296113e+02 
1.296113e+02 
1.296113e+02 
1.296113e+02 
1.296113e+02 
1.296113e+02 
1.296113e+02 
1.296113e+02 
1.296113e+02 
1.296113e+02 
1.296113e+02 
1.296113e+02 
1.296113e+02 
1.296113e+02 
1.296113e+02 
1.296113e+02 
1.296113e+02 
1.296113e+02 
1.296113e+02 
1.296113e+02 
1.296113e+02 
1.296113e+02 
1.296113e+02 
1.296113e+02 
1.296113e+02 
1.296113e+02 
1.296113e+02 
1.296113e+02 
1.296113e+02 
1.296113e+02 
1.296113e+02 
1.296113e+02 
1.296113e+02 
1.296113e+02 
1.296113e+02 
1.296113e+02 
1.296113e+02 
1.296113e+02 
1.296113e+02 
1.296113e+02 
1.296113e+02 
1.296113e+02 
1.296113e+02 
1.296113e+02 
1.296113e+02 
1.296113e+02 
1.296113e+02 
1.296113e+02 
1.296113e+02 
1.296113e+02 
1.296113e+02 
1.296113e+02 
1.296113e+02 
1.296113e+02 
1.296113e+02 
1.296113e+02 
1.296113e+02 
1.296113e+02 
1.296113e+02 
1.296113e+02 
1.296113e+02 
1.296113e+02 
1.296113e+02 
1.296113e+02 
1.296113e+02 
1.296113e+02 
1.296113e+02 
1.296113e+02 
1.296113e+02 
1.296113e+02 
1.296113e+02 
1.296113e+02 
1.296113e+02 
1.296113e+02 
1.296113e+02 
1.296113e+02 
1.296113e+02 
1.296113e+02 
1.296113e+02 
1.296113e+02 
1.296113e+02 
1.296113e+02 
1.296113e+02 
1.296113e+02 
1.296113e+02 
1.296113e+02 
1.296113e+02 
1.296113e+02 
1.296113e+02 
1.296113e+02 
1.296113e+02 
1.296113e+02 
1.296113e+02 
1.296113e+02 
1.296113e+02 
1.296113e+02 
1.296113e+02 
1.296113e+02 
1.296113e+02 
1.296113e+02 
1.296113e+02 
1.296113e+02 
1.296113e+02 
1.296113e+02 
1.296113e+02 
1.296113e+02 
1.296113e+02 
1.296113e+02 
1.296113e+02 
1.296113e+02 
1.296113e+02 
1.296113e+02 
1.296113e+02 
1.296113e+02 
1.296113e+02 
1.296113e+02 
1.296113e+02 
1.296113e+02 
1.296113e+02 
1.296113e+02 
1.296113e+02 
1.296113e+02 
1.296113e+02 
1.296113e+02 
1.296113e+02 
1.296113e+02 
1.296113e+02 
1.296113e+02 
1.296113e+02 
1.296113e+02 
1.296113e+02 
1.296113e+02 
1.296113e+02 
1.296113e+02 
1.296113e+02 
1.296113e+02 
1.296113e+02 
1.296113e+02 
1.296113e+02 
1.296113e+02 
1.296113e+02 
1.296113e+02 
1.296113e+02 
1.296113e+02 
1.296113e+02 
1.296113e+02 
1.296113e+02 
1.296113e+02 
1.296113e+02 
1.296113e+02 
1.296113e+02 
1.296113e+02 
1.296113e+02 
1.296113e+02 
1.296113e+02 
1.296113e+02 
1.296113e+02 
1.296113e+02 
1.296113e+02 
1.296113e+02 
1.296113e+02 
1.296113e+02 
1.296113e+02 
1.296113e+02 
1.296113e+02 
1.296113e+02 
1.296113e+02 
1.296113e+02 
1.296113e+02 
1.296113e+02 
1.296113e+02 
1.296113e+02 
1.296113e+02 
1.296113e+02 
1.296113e+02 
1.296113e+02 
1.296113e+02 
1.296113e+02 
1.296113e+02 
1.296113e+02 
1.296113e+02 
1.296113e+02 
1.296113e+02 
1.296113e+02 
1.296113e+02 
1.296113e+02 
1.296113e+02 
1.296113e+02 
1.296113e+02 
1.296113e+02 
1.296113e+02 
1.296113e+02 
1.296113e+02 
1.296113e+02 
1.296113e+02 
1.296113e+02 
1.296113e+02 
1.296113e+02 
1.296113e+02 
1.296113e+02 
1.296113e+02 
1.296113e+02 
1.296113e+02 
1.296113e+02 
1.296113e+02 
1.296113e+02 
1.296113e+02 
1.296113e+02 
1.296113e+02 
1.296113e+02 
1.296113e+02 
1.296113e+02 
1.296113e+02 
1.296113e+02 
1.296113e+02 
1.296113e+02 
1.296113e+02 
1.296113e+02 
1.296113e+02 
1.296113e+02 
1.296113e+02 
1.296113e+02 
1.296113e+02 
1.296113e+02 
1.296113e+02 
1.296113e+02 
1.296113e+02 
1.296113e+02 
1.296113e+02 
1.296113e+02 
1.296113e+02 
1.296113e+02 
1.296113e+02 
1.296113e+02 
1.296113e+02 
1.296113e+02 
1.296113e+02 
1.296113e+02 
1.296113e+02 
1.296113e+02 
1.296113e+02 
1.296113e+02 
1.296113e+02 
1.296113e+02 
1.296113e+02 
1.296113e+02 
1.296113e+02 
1.296113e+02 
1.296113e+02 
1.296113e+02 
1.296113e+02 
1.296113e+02 
1.296113e+02 
1.296113e+02 
1.296113e+02 
1.296113e+02 
1.296113e+02 
1.296113e+02 
1.296113e+02 
1.296113e+02 
1.296113e+02 
1.296113e+02 
1.296113e+02 
1.296113e+02 
1.296113e+02 
1.296113e+02 
1.296113e+02 
1.296113e+02 
1.296113e+02 
1.296113e+02 
1.296113e+02 
1.296113e+02 
1.296113e+02 
1.296113e+02 
1.296113e+02 
1.296113e+02 
1.296113e+02 
1.296113e+02 
1.296113e+02 
1.296113e+02 
1.296113e+02 
1.296113e+02 
1.296113e+02 
1.296113e+02 
1.296113e+02 
1.296113e+02 
1.296113e+02 
1.296113e+02 
1.296113e+02 
1.296113e+02 
1.296113e+02 
1.296113e+02 
1.296113e+02 
1.296113e+02 
1.296113e+02 
1.296113e+02 
1.296113e+02 
1.296113e+02 
1.296113e+02 
1.296113e+02 
1.296113e+02 
1.296113e+02 
1.296113e+02 
1.296113e+02 
1.296113e+02 
1.296113e+02 
1.296113e+02 
1.296113e+02 
1.296113e+02 
1.296113e+02 
1.296113e+02 
1.296113e+02 
1.296113e+02 
1.296113e+02 
1.296113e+02 
1.296113e+02 
1.296113e+02 
1.296113e+02 
1.296113e+02 
1.296113e+02 
1.296113e+02 
1.296113e+02 
1.296113e+02 
1.296113e+02 
1.296113e+02 
1.296113e+02 
1.296113e+02 
1.296113e+02 
1.296113e+02 
1.296113e+02 
1.296113e+02 
1.296113e+02 
1.296113e+02 
1.296113e+02 
1.296113e+02 
1.296113e+02 
1.296113e+02 
1.296113e+02 
1.296113e+02 
1.296113e+02 
1.296113e+02 
1.296113e+02 
1.296113e+02 
1.296113e+02 
1.296113e+02 
1.296113e+02 
1.296113e+02 
1.296113e+02 
1.296113e+02 
1.296113e+02 
1.296113e+02 
1.296113e+02 
1.296113e+02 
1.296113e+02 
1.296113e+02 
1.296113e+02 
1.296113e+02 
1.296113e+02 
1.296113e+02 
1.296113e+02 
1.296113e+02 
1.296113e+02 
1.296113e+02 
1.296113e+02 
1.296113e+02 
1.296113e+02 
1.296113e+02 
1.296113e+02 
1.296113e+02 
1.296113e+02 
1.296113e+02 
1.296113e+02 
1.296113e+02 
1.296113e+02 
1.296113e+02 
1.296113e+02 
1.296113e+02 
1.296113e+02 
1.296113e+02 
1.296113e+02 
1.296113e+02 
1.296113e+02 
1.296113e+02 
1.296113e+02 
1.296113e+02 
1.296113e+02 
1.296113e+02 
1.296113e+02 
1.296113e+02 
1.296113e+02 
1.296113e+02 
1.296113e+02 
1.296113e+02 
1.296113e+02 
1.296113e+02 
1.296113e+02 
1.296113e+02 
1.296113e+02 
1.296113e+02 
1.296113e+02 
1.296113e+02 
1.296113e+02 
1.296113e+02 
1.296113e+02 
1.296113e+02 
1.296113e+02 
1.296113e+02 
1.296113e+02 
1.296113e+02 
1.296113e+02 
1.296113e+02 
1.296113e+02 
1.296113e+02 
1.296113e+02 
1.296113e+02 
1.296113e+02 
1.296113e+02 
1.296113e+02 
1.296113e+02 
1.296113e+02 
1.296113e+02 
1.296113e+02 
1.296113e+02 
1.296113e+02 
1.296113e+02 
1.296113e+02 
1.296113e+02 
1.296113e+02 
1.296113e+02 
1.296113e+02 
1.296113e+02 
1.296113e+02 
1.296113e+02 
1.296113e+02 
1.296113e+02 
1.296113e+02 
1.296113e+02 
1.296113e+02 
1.296113e+02 
1.296113e+02 
1.296113e+02 
1.296113e+02 
1.296113e+02 
1.296113e+02 
1.296113e+02 
1.296113e+02 
1.296113e+02 
1.296113e+02 
1.296113e+02 
1.296113e+02 
1.296113e+02 
1.296113e+02 
1.296113e+02 
1.296113e+02 
1.296113e+02 
1.296113e+02 
1.296113e+02 
1.296113e+02 
1.296113e+02 
1.296113e+02 
1.296113e+02 
1.296113e+02 
1.296113e+02 
1.296113e+02 
1.296113e+02 
1.296113e+02 
1.296113e+02 
1.296113e+02 
1.296113e+02 
1.296113e+02 
1.296113e+02 
1.296113e+02 
1.296113e+02 
1.296113e+02 
1.296113e+02 
1.296113e+02 
1.296113e+02 
1.296113e+02 
1.296113e+02 
1.296113e+02 
1.296113e+02 
1.296113e+02 
1.296113e+02 
1.296113e+02 
1.296113e+02 
1.296113e+02 
1.296113e+02 
1.296113e+02 
1.296113e+02 
1.296113e+02 
1.296113e+02 
1.296113e+02 
1.296113e+02 
1.296113e+02 
1.296113e+02 
1.296113e+02 
1.296113e+02 
1.296113e+02 
1.296113e+02 
1.296113e+02 
1.296113e+02 
1.296113e+02 
1.296113e+02 
1.296113e+02 
1.296113e+02 
1.296113e+02 
1.296113e+02 
1.296113e+02 
1.296113e+02 
1.296113e+02 
1.296113e+02 
1.296113e+02 
1.296113e+02 
1.296113e+02 
1.296113e+02 
1.296113e+02 
1.296113e+02 
1.296113e+02 
1.296113e+02 
1.296113e+02 
1.296113e+02 
1.296113e+02 
1.296113e+02 
1.296113e+02 
1.296113e+02 
1.296113e+02 
1.296113e+02 
1.296113e+02 
1.296113e+02 
1.296113e+02 
1.296113e+02 
1.296113e+02 
1.296113e+02 
1.296113e+02 
1.296113e+02 
1.296113e+02 
1.296113e+02 
1.296113e+02 
1.296113e+02 
1.296113e+02 
1.296113e+02 
1.296113e+02 
1.296113e+02 
1.296113e+02 
1.296113e+02 
1.296113e+02 
1.296113e+02 
1.296113e+02 
1.296113e+02 
1.296113e+02 
1.296113e+02 
1.296113e+02 
1.296113e+02 
1.296113e+02 
1.296113e+02 
1.296113e+02 
1.296113e+02 
1.296113e+02 
1.296113e+02 
1.296113e+02 
1.296113e+02 
1.296113e+02 
1.296113e+02 
1.296113e+02 
1.296113e+02 
1.296113e+02 
1.296113e+02 
1.296113e+02 
1.296113e+02 
1.296113e+02 
1.296113e+02 
1.296113e+02 
1.296113e+02 
1.296113e+02 
1.296113e+02 
1.296113e+02 
1.296113e+02 
1.296113e+02 
1.296113e+02 
1.296113e+02 
1.296113e+02 
1.296113e+02 
1.296113e+02 
1.296113e+02 
1.296113e+02 
1.296113e+02 
1.296113e+02 
1.296113e+02 
1.296113e+02 
1.296113e+02 
1.296113e+02 
1.296113e+02 
1.296113e+02 
1.296113e+02 
1.296113e+02 
1.296113e+02 
1.296113e+02 
1.296113e+02 
1.296113e+02 
1.296113e+02 
1.296113e+02 
1.296113e+02 
1.296113e+02 
1.296113e+02 
1.296113e+02 
1.296113e+02 
1.296113e+02 
1.296113e+02 
1.296113e+02 
1.296113e+02 
1.296113e+02 
1.296113e+02 
1.296113e+02 
1.296113e+02 
1.296113e+02 
1.296113e+02 
1.296113e+02 
1.296113e+02 
1.296113e+02 
1.296113e+02 
1.296113e+02 
1.296113e+02 
1.296113e+02 
1.296113e+02 
1.296113e+02 
1.296113e+02 
1.296113e+02 
1.296113e+02 
1.296113e+02 
1.296113e+02 
1.296113e+02 
1.296113e+02 
1.296113e+02 
1.296113e+02 
1.296113e+02 
1.296113e+02 
1.296113e+02 
1.296113e+02 
1.296113e+02 
1.296113e+02 
1.296113e+02 
1.296113e+02 
1.296113e+02 
1.296113e+02 
1.296113e+02 
1.296113e+02 
1.296113e+02 
1.296113e+02 
1.296113e+02 
1.296113e+02 
1.296113e+02 
1.296113e+02 
1.296113e+02 
1.296113e+02 
1.296113e+02 
1.296113e+02 
1.296113e+02 
1.296113e+02 
1.296113e+02 
1.296113e+02 
1.296113e+02 
1.296113e+02 
1.296113e+02 
1.296113e+02 
1.296113e+02 
1.296113e+02 
1.296113e+02 
1.296113e+02 
1.296113e+02 
1.296113e+02 
1.296113e+02 
1.296113e+02 
1.296113e+02 
1.296113e+02 
1.296113e+02 
1.296113e+02 
1.296113e+02 
1.296113e+02 
1.296113e+02 
1.296113e+02 
1.296113e+02 
1.296113e+02 
1.296113e+02 
1.296113e+02 
1.296113e+02 
1.296113e+02 
1.296113e+02 
1.296113e+02 
1.296113e+02 
1.296113e+02 
1.296113e+02 
1.296113e+02 
1.296113e+02 
1.296113e+02 
1.296113e+02 
1.296113e+02 
1.296113e+02 
1.296113e+02 
1.296113e+02 
1.296113e+02 
1.296113e+02 
1.296113e+02 
1.296113e+02 
1.296113e+02 
1.296113e+02 
1.296113e+02 
1.296113e+02 
1.296113e+02 
1.296113e+02 
1.296113e+02 
1.296113e+02 
1.296113e+02 
1.296113e+02 
1.296113e+02 
1.296113e+02 
1.296113e+02 
1.296113e+02 
1.296113e+02 
1.296113e+02 
1.296113e+02 
1.296113e+02 
1.296113e+02 
1.296113e+02 
1.296113e+02 
1.296113e+02 
1.296113e+02 
1.296113e+02 
1.296113e+02 
1.296113e+02 
1.296113e+02 
1.296113e+02 
1.296113e+02 
1.296113e+02 
1.296113e+02 
1.296113e+02 
1.296113e+02 
1.296113e+02 
1.296113e+02 
1.296113e+02 
1.296113e+02 
1.296113e+02 
1.296113e+02 
1.296113e+02 
1.296113e+02 
1.296113e+02 
1.296113e+02 
1.296113e+02 
1.296113e+02 
1.296113e+02 
1.296113e+02 
1.296113e+02 
1.296113e+02 
1.296113e+02 
1.296113e+02 
1.296113e+02 
1.296113e+02 
1.296113e+02 
1.296113e+02 
1.296113e+02 
1.296113e+02 
1.296113e+02 
1.296113e+02 
1.296113e+02 
1.296113e+02 
1.296113e+02 
1.296113e+02 
1.296113e+02 
1.296113e+02 
1.296113e+02 
1.296113e+02 
1.296113e+02 
1.296113e+02 
1.296113e+02 
1.296113e+02 
1.296113e+02 
1.296113e+02 
1.296113e+02 
1.296113e+02 
1.296113e+02 
1.296113e+02 
1.296113e+02 
1.296113e+02 
1.296113e+02 
1.296113e+02 
1.296113e+02 
1.296113e+02 
1.296113e+02 
1.296113e+02 
1.296113e+02 
1.296113e+02 
1.296113e+02 
1.296113e+02 
1.296113e+02 
1.296113e+02 
1.296113e+02 
1.296113e+02 
1.296113e+02 
1.296113e+02 
1.296113e+02 
1.296113e+02 
1.296113e+02 
1.296113e+02 
1.296113e+02 
1.296113e+02 
1.296113e+02 
1.296113e+02 
1.296113e+02 
1.296113e+02 
1.296113e+02 
1.296113e+02 
1.296113e+02 
1.296113e+02 
1.296113e+02 
1.296113e+02 
1.296113e+02 
1.296113e+02 
1.296113e+02 
1.296113e+02 
1.296113e+02 
1.296113e+02 
1.296113e+02 
1.296113e+02 
1.296113e+02 
1.296113e+02 
1.296113e+02 
1.296113e+02 
1.296113e+02 
1.296113e+02 
1.296113e+02 
1.296113e+02 
1.296113e+02 
1.296113e+02 
1.296113e+02 
1.296113e+02 
1.296113e+02 
1.296113e+02 
1.296113e+02 
1.296113e+02 
1.296113e+02 
1.296113e+02 
1.296113e+02 
1.296113e+02 
1.296113e+02 
1.296113e+02 
1.296113e+02 
1.296113e+02 
1.296113e+02 
1.296113e+02 
1.296113e+02 
1.296113e+02 
1.296113e+02 
1.296113e+02 
1.296113e+02 
1.296113e+02 
1.296113e+02 
1.296113e+02 
1.296113e+02 
1.296113e+02 
1.296113e+02 
1.296113e+02 
1.296113e+02 
1.296113e+02 
1.296113e+02 
1.296113e+02 
1.296113e+02 
1.296113e+02 
1.296113e+02 
1.296113e+02 
1.296113e+02 
1.296113e+02 
1.296113e+02 
1.296113e+02 
1.296113e+02 
1.296113e+02 
1.296113e+02 
1.296113e+02 
1.296113e+02 
1.296113e+02 
1.296113e+02 
1.296113e+02 
1.296113e+02 
1.296113e+02 
1.296113e+02 
1.296113e+02 
1.296113e+02 
1.296113e+02 
1.296113e+02 
1.296113e+02 
1.296113e+02 
1.296113e+02 
1.296113e+02 
1.296113e+02 
1.296113e+02 
1.296113e+02 
1.296113e+02 
1.296113e+02 
1.296113e+02 
1.296113e+02 
1.296113e+02 
1.296113e+02 
1.296113e+02 
1.296113e+02 
1.296113e+02 
1.296113e+02 
1.296113e+02 
1.296113e+02 
1.296113e+02 
1.296113e+02 
1.296113e+02 
1.296113e+02 
1.296113e+02 
1.296113e+02 
1.296113e+02 
1.296113e+02 
1.296113e+02 
1.296113e+02 
1.296113e+02 
1.296113e+02 
1.296113e+02 
1.296113e+02 
1.296113e+02 
1.296113e+02 
1.296113e+02 
1.296113e+02 
1.296113e+02 
1.296113e+02 
1.296113e+02 
1.296113e+02 
1.296113e+02 
1.296113e+02 
1.296113e+02 
1.296113e+02 
1.296113e+02 
1.296113e+02 
1.296113e+02 
1.296113e+02 
1.296113e+02 
1.296113e+02 
1.296113e+02 
1.296113e+02 
1.296113e+02 
1.296113e+02 
1.296113e+02 
1.296113e+02 
1.296113e+02 
1.296113e+02 
1.296113e+02 
1.296113e+02 
1.296113e+02 
1.296113e+02 
1.296113e+02 
1.296113e+02 
1.296113e+02 
1.296113e+02 
1.296113e+02 
1.296113e+02 
1.296113e+02 
1.296113e+02 
1.296113e+02 
1.296113e+02 
1.296113e+02 
1.296113e+02 
1.296113e+02 
1.296113e+02 
1.296113e+02 
1.296113e+02 
1.296113e+02 
1.296113e+02 
1.296113e+02 
1.296113e+02 
1.296113e+02 
1.296113e+02 
1.296113e+02 
1.296113e+02 
1.296113e+02 
1.296113e+02 
1.296113e+02 
1.296113e+02 
1.296113e+02 
1.296113e+02 
1.296113e+02 
1.296113e+02 
1.296113e+02 
1.296113e+02 
1.296113e+02 
1.296113e+02 
1.296113e+02 
1.296113e+02 
1.296113e+02 
1.296113e+02 
1.296113e+02 
1.296113e+02 
1.296113e+02 
1.296113e+02 
1.296113e+02 
1.296113e+02 
1.296113e+02 
1.296113e+02 
1.296113e+02 
1.296113e+02 
1.296113e+02 
1.296113e+02 
1.296113e+02 
1.296113e+02 
1.296113e+02 
1.296113e+02 
1.296113e+02 
1.296113e+02 
1.296113e+02 
1.296113e+02 
1.296113e+02 
1.296113e+02 
1.296113e+02 
1.296113e+02 
1.296113e+02 
1.296113e+02 
1.296113e+02 
1.296113e+02 
1.296113e+02 
1.296113e+02 
1.296113e+02 
1.296113e+02 
1.296113e+02 
1.296113e+02 
1.296113e+02 
1.296113e+02 
1.296113e+02 
1.296113e+02 
1.296113e+02 
1.296113e+02 
1.296113e+02 
1.296113e+02 
1.296113e+02 
1.296113e+02 
1.296113e+02 
1.296113e+02 
1.296113e+02 
1.296113e+02 
1.296113e+02 
1.296113e+02 
1.296113e+02 
1.296113e+02 
1.296113e+02 
1.296113e+02 
1.296113e+02 
1.296113e+02 
1.296113e+02 
1.296113e+02 
1.296113e+02 
1.296113e+02 
1.296113e+02 
1.296113e+02 
1.296113e+02 
1.296113e+02 
1.296113e+02 
1.296113e+02 
1.296113e+02 
1.296113e+02 
1.296113e+02 
1.296113e+02 
1.296113e+02 
1.296113e+02 
1.296113e+02 
1.296113e+02 
1.296113e+02 
1.296113e+02 
1.296113e+02 
1.296113e+02 
1.296113e+02 
1.296113e+02 
1.296113e+02 
1.296113e+02 
1.296113e+02 
1.296113e+02 
1.296113e+02 
1.296113e+02 
1.296113e+02 
1.296113e+02 
1.296113e+02 
1.296113e+02 
1.296113e+02 
1.296113e+02 
1.296113e+02 
1.296113e+02 
1.296113e+02 
1.296113e+02 
1.296113e+02 
1.296113e+02 
1.296113e+02 
1.296113e+02 
1.296113e+02 
1.296113e+02 
1.296113e+02 
1.296113e+02 
1.296113e+02 
1.296113e+02 
1.296113e+02 
1.296113e+02 
1.296113e+02 
1.296113e+02 
1.296113e+02 
1.296113e+02 
1.296113e+02 
1.296113e+02 
1.296113e+02 
1.296113e+02 
1.296113e+02 
1.296113e+02 
1.296113e+02 
1.296113e+02 
1.296113e+02 
1.296113e+02 
1.296113e+02 
1.296113e+02 
1.296113e+02 
1.296113e+02 
1.296113e+02 
1.296113e+02 
1.296113e+02 
1.296113e+02 
1.296113e+02 
1.296113e+02 
1.296113e+02 
1.296113e+02 
1.296113e+02 
1.296113e+02 
1.296113e+02 
1.296113e+02 
1.296113e+02 
1.296113e+02 
1.296113e+02 
1.296113e+02 
1.296113e+02 
1.296113e+02 
1.296113e+02 
1.296113e+02 
1.296113e+02 
1.296113e+02 
1.296113e+02 
1.296113e+02 
1.296113e+02 
1.296113e+02 
1.296113e+02 
1.296113e+02 
1.296113e+02 
1.296113e+02 
1.296113e+02 
1.296113e+02 
1.296113e+02 
1.296113e+02 
1.296113e+02 
1.296113e+02 
1.296113e+02 
1.296113e+02 
1.296113e+02 
1.296113e+02 
1.296113e+02 
1.296113e+02 
1.296113e+02 
1.296113e+02 
1.296113e+02 
1.296113e+02 
1.296113e+02 
1.296113e+02 
1.296113e+02 
1.296113e+02 
1.296113e+02 
1.296113e+02 
1.296113e+02 
1.296113e+02 
1.296113e+02 
1.296113e+02 
1.296113e+02 
1.296113e+02 
1.296113e+02 
1.296113e+02 
1.296113e+02 
1.296113e+02 
1.296113e+02 
1.296113e+02 
1.296113e+02 
1.296113e+02 
1.296113e+02 
1.296113e+02 
1.296113e+02 
1.296113e+02 
1.296113e+02 
1.296113e+02 
1.296113e+02 
1.296113e+02 
1.296113e+02 
1.296113e+02 
1.296113e+02 
1.296113e+02 
1.296113e+02 
1.296113e+02 
1.296113e+02 
1.296113e+02 
1.296113e+02 
1.296113e+02 
1.296113e+02 
1.296113e+02 
1.296113e+02 
1.296113e+02 
1.296113e+02 
1.296113e+02 
1.296113e+02 
1.296113e+02 
1.296113e+02 
1.296113e+02 
1.296113e+02 
1.296113e+02 
1.296113e+02 
1.296113e+02 
1.296113e+02 
1.296113e+02 
1.296113e+02 
1.296113e+02 
1.296113e+02 
1.296113e+02 
1.296113e+02 
1.296113e+02 
1.296113e+02 
1.296113e+02 
1.296113e+02 
1.296113e+02 
1.296113e+02 
1.296113e+02 
1.296113e+02 
1.296113e+02 
1.296113e+02 
1.296113e+02 
1.296113e+02 
1.296113e+02 
1.296113e+02 
1.296113e+02 
1.296113e+02 
1.296113e+02 
1.296113e+02 
1.296113e+02 
1.296113e+02 
1.296113e+02 
1.296113e+02 
1.296113e+02 
1.296113e+02 
1.296113e+02 
1.296113e+02 
1.296113e+02 
1.296113e+02 
1.296113e+02 
1.296113e+02 
1.296113e+02 
1.296113e+02 
1.296113e+02 
1.296113e+02 
1.296113e+02 
1.296113e+02 
1.296113e+02 
1.296113e+02 
1.296113e+02 
1.296113e+02 
1.296113e+02 
1.296113e+02 
1.296113e+02 
1.296113e+02 
1.296113e+02 
1.296113e+02 
1.296113e+02 
1.296113e+02 
1.296113e+02 
1.296113e+02 
1.296113e+02 
1.296113e+02 
1.296113e+02 
1.296113e+02 
1.296113e+02 
1.296113e+02 
1.296113e+02 
1.296113e+02 
1.296113e+02 
1.296113e+02 
1.296113e+02 
1.296113e+02 
1.296113e+02 
1.296113e+02 
1.296113e+02 
1.296113e+02 
1.296113e+02 
1.296113e+02 
1.296113e+02 
1.296113e+02 
1.296113e+02 
1.296113e+02 
1.296113e+02 
1.296113e+02 
1.296113e+02 
1.296113e+02 
1.296113e+02 
1.296113e+02 
1.296113e+02 
1.296113e+02 
1.296113e+02 
1.296113e+02 
1.296113e+02 
1.296113e+02 
1.296113e+02 
1.296113e+02 
1.296113e+02 
1.296113e+02 
1.296113e+02 
1.296113e+02 
1.296113e+02 
1.296113e+02 
1.296113e+02 
1.296113e+02 
1.296113e+02 
1.296113e+02 
1.296113e+02 
1.296113e+02 
1.296113e+02 
1.296113e+02 
1.296113e+02 
1.296113e+02 
1.296113e+02 
1.296113e+02 
1.296113e+02 
1.296113e+02 
1.296113e+02 
1.296113e+02 
1.296113e+02 
1.296113e+02 
1.296113e+02 
1.296113e+02 
1.296113e+02 
1.296113e+02 
1.296113e+02 
1.296113e+02 
1.296113e+02 
1.296113e+02 
1.296113e+02 
1.296113e+02 
1.296113e+02 
1.296113e+02 
1.296113e+02 
1.296113e+02 
1.296113e+02 
1.296113e+02 
1.296113e+02 
1.296113e+02 
1.296113e+02 
1.296113e+02 
1.296113e+02 
1.296113e+02 
1.296113e+02 
1.296113e+02 
1.296113e+02 
1.296113e+02 
1.296113e+02 
1.296113e+02 
1.296113e+02 
1.296113e+02 
1.296113e+02 
1.296113e+02 
1.296113e+02 
1.296113e+02 
1.296113e+02 
1.296113e+02 
1.296113e+02 
1.296113e+02 
1.296113e+02 
1.296113e+02 
1.296113e+02 
1.296113e+02 
1.296113e+02 
1.296113e+02 
1.296113e+02 
1.296113e+02 
1.296113e+02 
1.296113e+02 
1.296113e+02 
1.296113e+02 
1.296113e+02 
1.296113e+02 
1.296113e+02 
1.296113e+02 
1.296113e+02 
1.296113e+02 
1.296113e+02 
1.296113e+02 
1.296113e+02 
1.296113e+02 
1.296113e+02 
1.296113e+02 
1.296113e+02 
1.296113e+02 
1.296113e+02 
1.296113e+02 
1.296113e+02 
1.296113e+02 
1.296113e+02 
1.296113e+02 
1.296113e+02 
1.296113e+02 
1.296113e+02 
1.296113e+02 
1.296113e+02 
1.296113e+02 
1.296113e+02 
1.296113e+02 
1.296113e+02 
1.296113e+02 
1.296113e+02 
1.296113e+02 
1.296113e+02 
1.296113e+02 
1.296113e+02 
1.296113e+02 
1.296113e+02 
1.296113e+02 
1.296113e+02 
1.296113e+02 
1.296113e+02 
1.296113e+02 
1.296113e+02 
1.296113e+02 
1.296113e+02 
1.296113e+02 
1.296113e+02 
1.296113e+02 
1.296113e+02 
1.296113e+02 
1.296113e+02 
1.296113e+02 
1.296113e+02 
1.296113e+02 
1.296113e+02 
1.296113e+02 
1.296113e+02 
1.296113e+02 
1.296113e+02 
1.296113e+02 
1.296113e+02 
1.296113e+02 
1.296113e+02 
1.296113e+02 
1.296113e+02 
1.296113e+02 
1.296113e+02 
1.296113e+02 
1.296113e+02 
1.296113e+02 
1.296113e+02 
1.296113e+02 
1.296113e+02 
1.296113e+02 
1.296113e+02 
1.296113e+02 
1.296113e+02 
1.296113e+02 
1.296113e+02 
1.296113e+02 
1.296113e+02 
1.296113e+02 
1.296113e+02 
1.296113e+02 
1.296113e+02 
1.296113e+02 
1.296113e+02 
1.296113e+02 
1.296113e+02 
1.296113e+02 
1.296113e+02 
1.296113e+02 
1.296113e+02 
1.296113e+02 
1.296113e+02 
1.296113e+02 
1.296113e+02 
1.296113e+02 
1.296113e+02 
1.296113e+02 
1.296113e+02 
1.296113e+02 
1.296113e+02 
1.296113e+02 
1.296113e+02 
1.296113e+02 
1.296113e+02 
1.296113e+02 
1.296113e+02 
1.296113e+02 
1.296113e+02 
1.296113e+02 
1.296113e+02 
1.296113e+02 
1.296113e+02 
1.296113e+02 
1.296113e+02 
1.296113e+02 
1.296113e+02 
1.296113e+02 
1.296113e+02 
1.296113e+02 
1.296113e+02 
1.296113e+02 
1.296113e+02 
1.296113e+02 
1.296113e+02 
1.296113e+02 
1.296113e+02 
1.296113e+02 
1.296113e+02 
1.296113e+02 
1.296113e+02 
1.296113e+02 
1.296113e+02 
1.296113e+02 
1.296113e+02 
1.296113e+02 
1.296113e+02 
1.296113e+02 
1.296113e+02 
1.296113e+02 
1.296113e+02 
1.296113e+02 
1.296113e+02 
1.296113e+02 
1.296113e+02 
1.296113e+02 
1.296113e+02 
1.296113e+02 
1.296113e+02 
1.296113e+02 
1.296113e+02 
1.296113e+02 
1.296113e+02 
1.296113e+02 
1.296113e+02 
1.296113e+02 
1.296113e+02 
1.296113e+02 
1.296113e+02 
1.296113e+02 
1.296113e+02 
1.296113e+02 
1.296113e+02 
1.296113e+02 
1.296113e+02 
1.296113e+02 
1.296113e+02 
1.296113e+02 
1.296113e+02 
1.296113e+02 
1.296113e+02 
1.296113e+02 
1.296113e+02 
1.296113e+02 
1.296113e+02 
1.296113e+02 
1.296113e+02 
1.296113e+02 
1.296113e+02 
1.296113e+02 
1.296113e+02 
1.296113e+02 
1.296113e+02 
1.296113e+02 
1.296113e+02 
1.296113e+02 
1.296113e+02 
1.296113e+02 
1.296113e+02 
1.296113e+02 
1.296113e+02 
1.296113e+02 
1.296113e+02 
1.296113e+02 
1.296113e+02 
1.296113e+02 
1.296113e+02 
1.296113e+02 
1.296113e+02 
1.296113e+02 
1.296113e+02 
1.296113e+02 
1.296113e+02 
1.296113e+02 
1.296113e+02 
1.296113e+02 
1.296113e+02 
1.296113e+02 
1.296113e+02 
1.296113e+02 
1.296113e+02 
1.296113e+02 
1.296113e+02 
1.296113e+02 
1.296113e+02 
1.296113e+02 
1.296113e+02 
1.296113e+02 
1.296113e+02 
1.296113e+02 
1.296113e+02 
1.296113e+02 
1.296113e+02 
1.296113e+02 
1.296113e+02 
1.296113e+02 
1.296113e+02 
1.296113e+02 
1.296113e+02 
1.296113e+02 
1.296113e+02 
1.296113e+02 
1.296113e+02 
1.296113e+02 
1.296113e+02 
1.296113e+02 
1.296113e+02 
1.296113e+02 
1.296113e+02 
1.296113e+02 
1.296113e+02 
1.296113e+02 
1.296113e+02 
1.296113e+02 
1.296113e+02 
1.296113e+02 
1.296113e+02 
1.296113e+02 
1.296113e+02 
1.296113e+02 
1.296113e+02 
1.296113e+02 
1.296113e+02 
1.296113e+02 
1.296113e+02 
1.296113e+02 
1.296113e+02 
1.296113e+02 
1.296113e+02 
1.296113e+02 
1.296113e+02 
1.296113e+02 
1.296113e+02 
1.296113e+02 
1.296113e+02 
1.296113e+02 
1.296113e+02 
1.296113e+02 
1.296113e+02 
1.296113e+02 
1.296113e+02 
1.296113e+02 
1.296113e+02 
1.296113e+02 
1.296113e+02 
1.296113e+02 
1.296113e+02 
1.296113e+02 
1.296113e+02 
1.296113e+02 
1.296113e+02 
1.296113e+02 
1.296113e+02 
1.296113e+02 
1.296113e+02 
1.296113e+02 
1.296113e+02 
1.296113e+02 
1.296113e+02 
1.296113e+02 
1.296113e+02 
1.296113e+02 
1.296113e+02 
1.296113e+02 
1.296113e+02 
1.296113e+02 
1.296113e+02 
1.296113e+02 
1.296113e+02 
1.296113e+02 
1.296113e+02 
1.296113e+02 
1.296113e+02 
1.296113e+02 
1.296113e+02 
1.296113e+02 
1.296113e+02 
1.296113e+02 
1.296113e+02 
1.296113e+02 
1.296113e+02 
1.296113e+02 
1.296113e+02 
1.296113e+02 
1.296113e+02 
1.296113e+02 
1.296113e+02 
1.296113e+02 
1.296113e+02 
1.296113e+02 
1.296113e+02 
1.296113e+02 
1.296113e+02 
1.296113e+02 
1.296113e+02 
1.296113e+02 
1.296113e+02 
1.296113e+02 
1.296113e+02 
1.296113e+02 
1.296113e+02 
1.296113e+02 
1.296113e+02 
1.296113e+02 
1.296113e+02 
1.296113e+02 
1.296113e+02 
1.296113e+02 
1.296113e+02 
1.296113e+02 
1.296113e+02 
1.296113e+02 
1.296113e+02 
1.296113e+02 
1.296113e+02 
1.296113e+02 
1.296113e+02 
1.296113e+02 
1.296113e+02 
1.296113e+02 
1.296113e+02 
1.296113e+02 
1.296113e+02 
1.296113e+02 
1.296113e+02 
1.296113e+02 
1.296113e+02 
1.296113e+02 
1.296113e+02 
1.296113e+02 
1.296113e+02 
1.296113e+02 
1.296113e+02 
1.296113e+02 
1.296113e+02 
1.296113e+02 
1.296113e+02 
1.296113e+02 
1.296113e+02 
1.296113e+02 
1.296113e+02 
1.296113e+02 
1.296113e+02 
1.296113e+02 
1.296113e+02 
1.296113e+02 
1.296113e+02 
1.296113e+02 
1.296113e+02 
1.296113e+02 
1.296113e+02 
1.296113e+02 
1.296113e+02 
1.296113e+02 
1.296113e+02 
1.296113e+02 
1.296113e+02 
1.296113e+02 
1.296113e+02 
1.296113e+02 
1.296113e+02 
1.296113e+02 
1.296113e+02 
1.296113e+02 
1.296113e+02 
1.296113e+02 
1.296113e+02 
1.296113e+02 
1.296113e+02 
1.296113e+02 
1.296113e+02 
1.296113e+02 
1.296113e+02 
1.296113e+02 
1.296113e+02 
1.296113e+02 
1.296113e+02 
1.296113e+02 
1.296113e+02 
1.296113e+02 
1.296113e+02 
1.296113e+02 
1.296113e+02 
1.296113e+02 
1.296113e+02 
1.296113e+02 
1.296113e+02 
1.296113e+02 
1.296113e+02 
1.296113e+02 
1.296113e+02 
1.296113e+02 
1.296113e+02 
1.296113e+02 
1.296113e+02 
1.296113e+02 
1.296113e+02 
1.296113e+02 
1.296113e+02 
1.296113e+02 
1.296113e+02 
1.296113e+02 
1.296113e+02 
1.296113e+02 
1.296113e+02 
1.296113e+02 
1.296113e+02 
1.296113e+02 
1.296113e+02 
1.296113e+02 
1.296113e+02 
1.296113e+02 
1.296113e+02 
1.296113e+02 
1.296113e+02 
1.296113e+02 
1.296113e+02 
1.296113e+02 
1.296113e+02 
1.296113e+02 
1.296113e+02 
1.296113e+02 
1.296113e+02 
1.296113e+02 
1.296113e+02 
1.296113e+02 
1.296113e+02 
1.296113e+02 
1.296113e+02 
1.296113e+02 
1.296113e+02 
1.296113e+02 
1.296113e+02 
1.296113e+02 
1.296113e+02 
1.296113e+02 
1.296113e+02 
1.296113e+02 
1.296113e+02 
1.296113e+02 
1.296113e+02 
1.296113e+02 
1.296113e+02 
1.296113e+02 
1.296113e+02 
1.296113e+02 
1.296113e+02 
1.296113e+02 
1.296113e+02 
1.296113e+02 
1.296113e+02 
1.296113e+02 
1.296113e+02 
1.296113e+02 
1.296113e+02 
1.296113e+02 
1.296113e+02 
1.296113e+02 
1.296113e+02 
1.296113e+02 
1.296113e+02 
1.296113e+02 
1.296113e+02 
1.296113e+02 
1.296113e+02 
1.296113e+02 
1.296113e+02 
1.296113e+02 
1.296113e+02 
1.296113e+02 
1.296113e+02 
1.296113e+02 
1.296113e+02 
1.296113e+02 
1.296113e+02 
1.296113e+02 
1.296113e+02 
1.296113e+02 
1.296113e+02 
1.296113e+02 
1.296113e+02 
1.296113e+02 
1.296113e+02 
1.296113e+02 
1.296113e+02 
1.296113e+02 
1.296113e+02 
1.296113e+02 
1.296113e+02 
1.296113e+02 
1.296113e+02 
1.296113e+02 
1.296113e+02 
1.296113e+02 
1.296113e+02 
1.296113e+02 
1.296113e+02 
1.296113e+02 
1.296113e+02 
1.296113e+02 
1.296113e+02 
1.296113e+02 
1.296113e+02 
1.296113e+02 
1.296113e+02 
1.296113e+02 
1.296113e+02 
1.296113e+02 
1.296113e+02 
1.296113e+02 
1.296113e+02 
1.296113e+02 
1.296113e+02 
1.296113e+02 
1.296113e+02 
1.296113e+02 
1.296113e+02 
1.296113e+02 
1.296113e+02 
1.296113e+02 
1.296113e+02 
1.296113e+02 
1.296113e+02 
1.296113e+02 
1.296113e+02 
1.296113e+02 
1.296113e+02 
1.296113e+02 
1.296113e+02 
1.296113e+02 
1.296113e+02 
1.296113e+02 
1.296113e+02 
1.296113e+02 
1.296113e+02 
1.296113e+02 
1.296113e+02 
1.296113e+02 
1.296113e+02 
1.296113e+02 
1.296113e+02 
1.296113e+02 
1.296113e+02 
1.296113e+02 
1.296113e+02 
1.296113e+02 
1.296113e+02 
1.296113e+02 
1.296113e+02 
1.296113e+02 
1.296113e+02 
1.296113e+02 
1.296113e+02 
1.296113e+02 
1.296113e+02 
1.296113e+02 
1.296113e+02 
1.296113e+02 
1.296113e+02 
1.296113e+02 
1.296113e+02 
1.296113e+02 
1.296113e+02 
1.296113e+02 
1.296113e+02 
1.296113e+02 
1.296113e+02 
1.296113e+02 
1.296113e+02 
1.296113e+02 
1.296113e+02 
1.296113e+02 
1.296113e+02 
1.296113e+02 
1.296113e+02 
1.296113e+02 
1.296113e+02 
1.296113e+02 
1.296113e+02 
1.296113e+02 
1.296113e+02 
1.296113e+02 
1.296113e+02 
1.296113e+02 
1.296113e+02 
1.296113e+02 
1.296113e+02 
1.296113e+02 
1.296113e+02 
1.296113e+02 
1.296113e+02 
1.296113e+02 
1.296113e+02 
1.296113e+02 
1.296113e+02 
1.296113e+02 
1.296113e+02 
1.296113e+02 
1.296113e+02 
1.296113e+02 
1.296113e+02 
1.296113e+02 
1.296113e+02 
1.296113e+02 
1.296113e+02 
1.296113e+02 
1.296113e+02 
1.296113e+02 
1.296113e+02 
1.296113e+02 
1.296113e+02 
1.296113e+02 
1.296113e+02 
1.296113e+02 
1.296113e+02 
1.296113e+02 
1.296113e+02 
1.296113e+02 
1.296113e+02 
1.296113e+02 
1.296113e+02 
1.296113e+02 
1.296113e+02 
1.296113e+02 
1.296113e+02 
1.296113e+02 
1.296113e+02 
1.296113e+02 
1.296113e+02 
1.296113e+02 
1.296113e+02 
1.296113e+02 
1.296113e+02 
1.296113e+02 
1.296113e+02 
1.296113e+02 
1.296113e+02 
1.296113e+02 
1.296113e+02 
1.296113e+02 
1.296113e+02 
1.296113e+02 
1.296113e+02 
1.296113e+02 
1.296113e+02 
1.296113e+02 
1.296113e+02 
1.296113e+02 
1.296113e+02 
1.296113e+02 
1.296113e+02 
1.296113e+02 
1.296113e+02 
1.296113e+02 
1.296113e+02 
1.296113e+02 
1.296113e+02 
1.296113e+02 
1.296113e+02 
1.296113e+02 
1.296113e+02 
1.296113e+02 
1.296113e+02 
1.296113e+02 
1.296113e+02 
1.296113e+02 
1.296113e+02 
1.296113e+02 
1.296113e+02 
1.296113e+02 
1.296113e+02 
1.296113e+02 
1.296113e+02 
1.296113e+02 
1.296113e+02 
1.296113e+02 
1.296113e+02 
1.296113e+02 
1.296113e+02 
1.296113e+02 
1.296113e+02 
1.296113e+02 
1.296113e+02 
1.296113e+02 
1.296113e+02 
1.296113e+02 
1.296113e+02 
1.296113e+02 
1.296113e+02 
1.296113e+02 
1.296113e+02 
1.296113e+02 
1.296113e+02 
1.296113e+02 
1.296113e+02 
1.296113e+02 
1.296113e+02 
1.296113e+02 
1.296113e+02 
1.296113e+02 
1.296113e+02 
1.296113e+02 
1.296113e+02 
1.296113e+02 
1.296113e+02 
1.296113e+02 
1.296113e+02 
1.296113e+02 
1.296113e+02 
1.296113e+02 
1.296113e+02 
1.296113e+02 
1.296113e+02 
1.296113e+02 
1.296113e+02 
1.296113e+02 
1.296113e+02 
1.296113e+02 
1.296113e+02 
1.296113e+02 
1.296113e+02 
1.296113e+02 
1.296113e+02 
1.296113e+02 
1.296113e+02 
1.296113e+02 
1.296113e+02 
1.296113e+02 
1.296113e+02 
1.296113e+02 
1.296113e+02 
1.296113e+02 
1.296113e+02 
1.296113e+02 
1.296113e+02 
1.296113e+02 
1.296113e+02 
1.296113e+02 
1.296113e+02 
1.296113e+02 
1.296113e+02 
1.296113e+02 
1.296113e+02 
1.296113e+02 
1.296113e+02 
1.296113e+02 
1.296113e+02 
1.296113e+02 
1.296113e+02 
1.296113e+02 
1.296113e+02 
1.296113e+02 
1.296113e+02 
1.296113e+02 
1.296113e+02 
1.296113e+02 
1.296113e+02 
1.296113e+02 
1.296113e+02 
1.296113e+02 
1.296113e+02 
1.296113e+02 
1.296113e+02 
1.296113e+02 
1.296113e+02 
1.296113e+02 
1.296113e+02 
1.296113e+02 
1.296113e+02 
1.296113e+02 
1.296113e+02 
1.296113e+02 
1.296113e+02 
1.296113e+02 
1.296113e+02 
1.296113e+02 
1.296113e+02 
1.296113e+02 
1.296113e+02 
1.296113e+02 
1.296113e+02 
1.296113e+02 
1.296113e+02 
1.296113e+02 
1.296113e+02 
1.296113e+02 
1.296113e+02 
1.296113e+02 
1.296113e+02 
1.296113e+02 
1.296113e+02 
1.296113e+02 
1.296113e+02 
1.296113e+02 
1.296113e+02 
1.296113e+02 
1.296113e+02 
1.296113e+02 
1.296113e+02 
1.296113e+02 
1.296113e+02 
1.296113e+02 
1.296113e+02 
1.296113e+02 
1.296113e+02 
1.296113e+02 
1.296113e+02 
1.296113e+02 
1.296113e+02 
1.296113e+02 
1.296113e+02 
1.296113e+02 
1.296113e+02 
1.296113e+02 
1.296113e+02 
1.296113e+02 
1.296113e+02 
1.296113e+02 
1.296113e+02 
1.296113e+02 
1.296113e+02 
1.296113e+02 
1.296113e+02 
1.296113e+02 
1.296113e+02 
1.296113e+02 
1.296113e+02 
1.296113e+02 
1.296113e+02 
1.296113e+02 
1.296113e+02 
1.296113e+02 
1.296113e+02 
1.296113e+02 
1.296113e+02 
1.296113e+02 
1.296113e+02 
1.296113e+02 
1.296113e+02 
1.296113e+02 
1.296113e+02 
1.296113e+02 
1.296113e+02 
1.296113e+02 
1.296113e+02 
1.296113e+02 
1.296113e+02 
1.296113e+02 
1.296113e+02 
1.296113e+02 
1.296113e+02 
1.296113e+02 
1.296113e+02 
1.296113e+02 
1.296113e+02 
1.296113e+02 
1.296113e+02 
1.296113e+02 
1.296113e+02 
1.296113e+02 
1.296113e+02 
1.296113e+02 
1.296113e+02 
1.296113e+02 
1.296113e+02 
1.296113e+02 
1.296113e+02 
1.296113e+02 
1.296113e+02 
1.296113e+02 
1.296113e+02 
1.296113e+02 
1.296113e+02 
1.296113e+02 
1.296113e+02 
1.296113e+02 
1.296113e+02 
1.296113e+02 
1.296113e+02 
1.296113e+02 
1.296113e+02 
1.296113e+02 
1.296113e+02 
1.296113e+02 
1.296113e+02 
1.296113e+02 
1.296113e+02 
1.296113e+02 
1.296113e+02 
1.296113e+02 
1.296113e+02 
1.296113e+02 
1.296113e+02 
1.296113e+02 
1.296113e+02 
1.296113e+02 
1.296113e+02 
1.296113e+02 
1.296113e+02 
1.296113e+02 
1.296113e+02 
1.296113e+02 
1.296113e+02 
1.296113e+02 
1.296113e+02 
1.296113e+02 
1.296113e+02 
1.296113e+02 
1.296113e+02 
1.296113e+02 
1.296113e+02 
1.296113e+02 
1.296113e+02 
1.296113e+02 
1.296113e+02 
1.296113e+02 
1.296113e+02 
1.296113e+02 
1.296113e+02 
1.296113e+02 
1.296113e+02 
1.296113e+02 
1.296113e+02 
1.296113e+02 
1.296113e+02 
1.296113e+02 
1.296113e+02 
1.296113e+02 
1.296113e+02 
1.296113e+02 
1.296113e+02 
1.296113e+02 
1.296113e+02 
1.296113e+02 
1.296113e+02 
1.296113e+02 
1.296113e+02 
1.296113e+02 
1.296113e+02 
1.296113e+02 
1.296113e+02 
1.296113e+02 
1.296113e+02 
1.296113e+02 
1.296113e+02 
1.296113e+02 
1.296113e+02 
1.296113e+02 
1.296113e+02 
1.296113e+02 
1.296113e+02 
1.296113e+02 
1.296113e+02 
1.296113e+02 
1.296113e+02 
1.296113e+02 
1.296113e+02 
1.296113e+02 
1.296113e+02 
1.296113e+02 
1.296113e+02 
1.296113e+02 
1.296113e+02 
1.296113e+02 
1.296113e+02 
1.296113e+02 
1.296113e+02 
1.296113e+02 
1.296113e+02 
1.296113e+02 
1.296113e+02 
1.296113e+02 
1.296113e+02 
1.296113e+02 
1.296113e+02 
1.296113e+02 
1.296113e+02 
1.296113e+02 
1.296113e+02 
1.296113e+02 
1.296113e+02 
1.296113e+02 
1.296113e+02 
1.296113e+02 
1.296113e+02 
1.296113e+02 
1.296113e+02 
1.296113e+02 
1.296113e+02 
1.296113e+02 
1.296113e+02 
1.296113e+02 
1.296113e+02 
1.296113e+02 
1.296113e+02 
1.296113e+02 
1.296113e+02 
1.296113e+02 
1.296113e+02 
1.296113e+02 
1.296113e+02 
1.296113e+02 
1.296113e+02 
1.296113e+02 
1.296113e+02 
1.296113e+02 
1.296113e+02 
1.296113e+02 
1.296113e+02 
1.296113e+02 
1.296113e+02 
1.296113e+02 
1.296113e+02 
1.296113e+02 
1.296113e+02 
1.296113e+02 
1.296113e+02 
1.296113e+02 
1.296113e+02 
1.296113e+02 
1.296113e+02 
1.296113e+02 
1.296113e+02 
1.296113e+02 
1.296113e+02 
1.296113e+02 
1.296113e+02 
1.296113e+02 
1.296113e+02 
1.296113e+02 
1.296113e+02 
1.296113e+02 
1.296113e+02 
1.296113e+02 
1.296113e+02 
1.296113e+02 
1.296113e+02 
1.296113e+02 
1.296113e+02 
1.296113e+02 
1.296113e+02 
1.296113e+02 
1.296113e+02 
1.296113e+02 
1.296113e+02 
1.296113e+02 
1.296113e+02 
1.296113e+02 
1.296113e+02 
1.296113e+02 
1.296113e+02 
1.296113e+02 
1.296113e+02 
1.296113e+02 
1.296113e+02 
1.296113e+02 
1.296113e+02 
1.296113e+02 
1.296113e+02 
1.296113e+02 
1.296113e+02 
1.296113e+02 
1.296113e+02 
1.296113e+02 
1.296113e+02 
1.296113e+02 
1.296113e+02 
1.296113e+02 
1.296113e+02 
1.296113e+02 
1.296113e+02 
1.296113e+02 
1.296113e+02 
1.296113e+02 
1.296113e+02 
1.296113e+02 
1.296113e+02 
1.296113e+02 
1.296113e+02 
1.296113e+02 
1.296113e+02 
1.296113e+02 
1.296113e+02 
1.296113e+02 
1.296113e+02 
1.296113e+02 
1.296113e+02 
1.296113e+02 
1.296113e+02 
1.296113e+02 
1.296113e+02 
1.296113e+02 
1.296113e+02 
1.296113e+02 
1.296113e+02 
1.296113e+02 
1.296113e+02 
1.296113e+02 
1.296113e+02 
1.296113e+02 
1.296113e+02 
1.296113e+02 
1.296113e+02 
1.296113e+02 
1.296113e+02 
1.296113e+02 
1.296113e+02 
1.296113e+02 
1.296113e+02 
1.296113e+02 
1.296113e+02 
1.296113e+02 
1.296113e+02 
1.296113e+02 
1.296113e+02 
1.296113e+02 
1.296113e+02 
1.296113e+02 
1.296113e+02 
1.296113e+02 
1.296113e+02 
1.296113e+02 
1.296113e+02 
1.296113e+02 
1.296113e+02 
1.296113e+02 
1.296113e+02 
1.296113e+02 
1.296113e+02 
1.296113e+02 
1.296113e+02 
1.296113e+02 
1.296113e+02 
1.296113e+02 
1.296113e+02 
1.296113e+02 
1.296113e+02 
1.296113e+02 
1.296113e+02 
1.296113e+02 
1.296113e+02 
1.296113e+02 
1.296113e+02 
1.296113e+02 
1.296113e+02 
1.296113e+02 
1.296113e+02 
1.296113e+02 
1.296113e+02 
1.296113e+02 
1.296113e+02 
1.296113e+02 
1.296113e+02 
1.296113e+02 
1.296113e+02 
1.296113e+02 
1.296113e+02 
1.296113e+02 
1.296113e+02 
1.296113e+02 
1.296113e+02 
1.296113e+02 
1.296113e+02 
1.296113e+02 
1.296113e+02 
1.296113e+02 
1.296113e+02 
1.296113e+02 
1.296113e+02 
1.296113e+02 
1.296113e+02 
1.296113e+02 
1.296113e+02 
1.296113e+02 
1.296113e+02 
1.296113e+02 
1.296113e+02 
1.296113e+02 
1.296113e+02 
1.296113e+02 
1.296113e+02 
1.296113e+02 
1.296113e+02 
1.296113e+02 
1.296113e+02 
1.296113e+02 
1.296113e+02 
1.296113e+02 
1.296113e+02 
1.296113e+02 
1.296113e+02 
1.296113e+02 
1.296113e+02 
1.296113e+02 
1.296113e+02 
1.296113e+02 
1.296113e+02 
1.296113e+02 
1.296113e+02 
1.296113e+02 
1.296113e+02 
1.296113e+02 
1.296113e+02 
1.296113e+02 
1.296113e+02 
1.296113e+02 
1.296113e+02 
1.296113e+02 
1.296113e+02 
1.296113e+02 
1.296113e+02 
1.296113e+02 
1.296113e+02 
1.296113e+02 
1.296113e+02 
1.296113e+02 
1.296113e+02 
1.296113e+02 
1.296113e+02 
1.296113e+02 
1.296113e+02 
1.296113e+02 
1.296113e+02 
1.296113e+02 
1.296113e+02 
1.296113e+02 
1.296113e+02 
1.296113e+02 
1.296113e+02 
1.296113e+02 
1.296113e+02 
1.296113e+02 
1.296113e+02 
1.296113e+02 
1.296113e+02 
1.296113e+02 
1.296113e+02 
1.296113e+02 
1.296113e+02 
1.296113e+02 
1.296113e+02 
1.296113e+02 
1.296113e+02 
1.296113e+02 
1.296113e+02 
1.296113e+02 
1.296113e+02 
1.296113e+02 
1.296113e+02 
1.296113e+02 
1.296113e+02 
1.296113e+02 
1.296113e+02 
1.296113e+02 
1.296113e+02 
1.296113e+02 
1.296113e+02 
1.296113e+02 
1.296113e+02 
1.296113e+02 
1.296113e+02 
1.296113e+02 
1.296113e+02 
1.296113e+02 
1.296113e+02 
1.296113e+02 
1.296113e+02 
1.296113e+02 
1.296113e+02 
1.296113e+02 
1.296113e+02 
1.296113e+02 
1.296113e+02 
1.296113e+02 
1.296113e+02 
1.296113e+02 
1.296113e+02 
1.296113e+02 
1.296113e+02 
1.296113e+02 
1.296113e+02 
1.296113e+02 
1.296113e+02 
1.296113e+02 
1.296113e+02 
1.296113e+02 
1.296113e+02 
1.296113e+02 
1.296113e+02 
1.296113e+02 
1.296113e+02 
1.296113e+02 
1.296113e+02 
1.296113e+02 
1.296113e+02 
1.296113e+02 
1.296113e+02 
1.296113e+02 
1.296113e+02 
1.296113e+02 
1.296113e+02 
1.296113e+02 
1.296113e+02 
1.296113e+02 
1.296113e+02 
1.296113e+02 
1.296113e+02 
1.296113e+02 
1.296113e+02 
1.296113e+02 
1.296113e+02 
1.296113e+02 
1.296113e+02 
1.296113e+02 
1.296113e+02 
1.296113e+02 
1.296113e+02 
1.296113e+02 
1.296113e+02 
1.296113e+02 
1.296113e+02 
1.296113e+02 
1.296113e+02 
1.296113e+02 
1.296113e+02 
1.296113e+02 
1.296113e+02 
1.296113e+02 
1.296113e+02 
1.296113e+02 
1.296113e+02 
1.296113e+02 
1.296113e+02 
1.296113e+02 
1.296113e+02 
1.296113e+02 
1.296113e+02 
1.296113e+02 
1.296113e+02 
1.296113e+02 
1.296113e+02 
1.296113e+02 
1.296113e+02 
1.296113e+02 
1.296113e+02 
1.296113e+02 
1.296113e+02 
1.296113e+02 
1.296113e+02 
1.296113e+02 
1.296113e+02 
1.296113e+02 
1.296113e+02 
1.296113e+02 
1.296113e+02 
1.296113e+02 
1.296113e+02 
1.296113e+02 
1.296113e+02 
1.296113e+02 
1.296113e+02 
1.296113e+02 
1.296113e+02 
1.296113e+02 
1.296113e+02 
1.296113e+02 
1.296113e+02 
1.296113e+02 
1.296113e+02 
1.296113e+02 
1.296113e+02 
1.296113e+02 
1.296113e+02 
1.296113e+02 
1.296113e+02 
1.296113e+02 
1.296113e+02 
1.296113e+02 
1.296113e+02 
1.296113e+02 
1.296113e+02 
1.296113e+02 
1.296113e+02 
1.296113e+02 
1.296113e+02 
1.296113e+02 
1.296113e+02 
1.296113e+02 
1.296113e+02 
1.296113e+02 
1.296113e+02 
1.296113e+02 
1.296113e+02 
1.296113e+02 
1.296113e+02 
1.296113e+02 
1.296113e+02 
1.296113e+02 
1.296113e+02 
1.296113e+02 
1.296113e+02 
1.296113e+02 
1.296113e+02 
1.296113e+02 
1.296113e+02 
1.296113e+02 
1.296113e+02 
1.296113e+02 
1.296113e+02 
1.296113e+02 
1.296113e+02 
1.296113e+02 
1.296113e+02 
1.296113e+02 
1.296113e+02 
1.296113e+02 
1.296113e+02 
1.296113e+02 
1.296113e+02 
1.296113e+02 
1.296113e+02 
1.296113e+02 
1.296113e+02 
1.296113e+02 
1.296113e+02 
1.296113e+02 
1.296113e+02 
1.296113e+02 
1.296113e+02 
1.296113e+02 
1.296113e+02 
1.296113e+02 
1.296113e+02 
1.296113e+02 
1.296113e+02 
1.296113e+02 
1.296113e+02 
1.296113e+02 
1.296113e+02 
1.296113e+02 
1.296113e+02 
1.296113e+02 
1.296113e+02 
1.296113e+02 
1.296113e+02 
1.296113e+02 
1.296113e+02 
1.296113e+02 
1.296113e+02 
1.296113e+02 
1.296113e+02 
1.296113e+02 
1.296113e+02 
1.296113e+02 
1.296113e+02 
1.296113e+02 
1.296113e+02 
1.296113e+02 
1.296113e+02 
1.296113e+02 
1.296113e+02 
1.296113e+02 
1.296113e+02 
1.296113e+02 
1.296113e+02 
1.296113e+02 
1.296113e+02 
1.296113e+02 
1.296113e+02 
1.296113e+02 
1.296113e+02 
1.296113e+02 
1.296113e+02 
1.296113e+02 
1.296113e+02 
1.296113e+02 
1.296113e+02 
1.296113e+02 
1.296113e+02 
1.296113e+02 
1.296113e+02 
1.296113e+02 
1.296113e+02 
1.296113e+02 
1.296113e+02 
1.296113e+02 
1.296113e+02 
1.296113e+02 
1.296113e+02 
1.296113e+02 
1.296113e+02 
1.296113e+02 
1.296113e+02 
1.296113e+02 
1.296113e+02 
1.296113e+02 
1.296113e+02 
1.296113e+02 
1.296113e+02 
1.296113e+02 
1.296113e+02 
1.296113e+02 
1.296113e+02 
1.296113e+02 
1.296113e+02 
1.296113e+02 
1.296113e+02 
1.296113e+02 
1.296113e+02 
1.296113e+02 
1.296113e+02 
1.296113e+02 
1.296113e+02 
1.296113e+02 
1.296113e+02 
1.296113e+02 
1.296113e+02 
1.296113e+02 
1.296113e+02 
1.296113e+02 
1.296113e+02 
1.296113e+02 
1.296113e+02 
1.296113e+02 
1.296113e+02 
1.296113e+02 
1.296113e+02 
1.296113e+02 
1.296113e+02 
1.296113e+02 
1.296113e+02 
1.296113e+02 
1.296113e+02 
1.296113e+02 
1.296113e+02 
1.296113e+02 
1.296113e+02 
1.296113e+02 
1.296113e+02 
1.296113e+02 
1.296113e+02 
1.296113e+02 
1.296113e+02 
1.296113e+02 
1.296113e+02 
1.296113e+02 
1.296113e+02 
1.296113e+02 
1.296113e+02 
1.296113e+02 
1.296113e+02 
1.296113e+02 
1.296113e+02 
1.296113e+02 
1.296113e+02 
1.296113e+02 
1.296113e+02 
1.296113e+02 
1.296113e+02 
1.296113e+02 
1.296113e+02 
1.296113e+02 
1.296113e+02 
1.296113e+02 
1.296113e+02 
1.296113e+02 
1.296113e+02 
1.296113e+02 
1.296113e+02 
1.296113e+02 
1.296113e+02 
1.296113e+02 
1.296113e+02 
1.296113e+02 
1.296113e+02 
1.296113e+02 
1.296113e+02 
1.296113e+02 
1.296113e+02 
1.296113e+02 
1.296113e+02 
1.296113e+02 
1.296113e+02 
1.296113e+02 
1.296113e+02 
1.296113e+02 
1.296113e+02 
1.296113e+02 
1.296113e+02 
1.296113e+02 
1.296113e+02 
1.296113e+02 
1.296113e+02 
1.296113e+02 
1.296113e+02 
1.296113e+02 
1.296113e+02 
1.296113e+02 
1.296113e+02 
1.296113e+02 
1.296113e+02 
1.296113e+02 
1.296113e+02 
1.296113e+02 
1.296113e+02 
1.296113e+02 
1.296113e+02 
1.296113e+02 
1.296113e+02 
1.296113e+02 
1.296113e+02 
1.296113e+02 
1.296113e+02 
1.296113e+02 
1.296113e+02 
1.296113e+02 
1.296113e+02 
1.296113e+02 
1.296113e+02 
1.296113e+02 
1.296113e+02 
1.296113e+02 
1.296113e+02 
1.296113e+02 
1.296113e+02 
1.296113e+02 
1.296113e+02 
1.296113e+02 
1.296113e+02 
1.296113e+02 
1.296113e+02 
1.296113e+02 
1.296113e+02 
1.296113e+02 
1.296113e+02 
1.296113e+02 
1.296113e+02 
1.296113e+02 
1.296113e+02 
1.296113e+02 
1.296113e+02 
1.296113e+02 
1.296113e+02 
1.296113e+02 
1.296113e+02 
1.296113e+02 
1.296113e+02 
1.296113e+02 
1.296113e+02 
1.296113e+02 
1.296113e+02 
1.296113e+02 
1.296113e+02 
1.296113e+02 
1.296113e+02 
1.296113e+02 
1.296113e+02 
1.296113e+02 
1.296113e+02 
1.296113e+02 
1.296113e+02 
1.296113e+02 
1.296113e+02 
1.296113e+02 
1.296113e+02 
1.296113e+02 
1.296113e+02 
1.296113e+02 
1.296113e+02 
1.296113e+02 
1.296113e+02 
1.296113e+02 
1.296113e+02 
1.296113e+02 
1.296113e+02 
1.296113e+02 
1.296113e+02 
1.296113e+02 
1.296113e+02 
1.296113e+02 
1.296113e+02 
1.296113e+02 
1.296113e+02 
1.296113e+02 
1.296113e+02 
1.296113e+02 
1.296113e+02 
1.296113e+02 
1.296113e+02 
1.296113e+02 
1.296113e+02 
1.296113e+02 
1.296113e+02 
1.296113e+02 
1.296113e+02 
1.296113e+02 
1.296113e+02 
1.296113e+02 
1.296113e+02 
1.296113e+02 
1.296113e+02 
1.296113e+02 
1.296113e+02 
1.296113e+02 
1.296113e+02 
1.296113e+02 
1.296113e+02 
1.296113e+02 
1.296113e+02 
1.296113e+02 
1.296113e+02 
1.296113e+02 
1.296113e+02 
1.296113e+02 
1.296113e+02 
1.296113e+02 
1.296113e+02 
1.296113e+02 
1.296113e+02 
1.296113e+02 
1.296113e+02 
1.296113e+02 
1.296113e+02 
1.296113e+02 
1.296113e+02 
1.296113e+02 
1.296113e+02 
1.296113e+02 
1.296113e+02 
1.296113e+02 
1.296113e+02 
1.296113e+02 
1.296113e+02 
1.296113e+02 
1.296113e+02 
1.296113e+02 
1.296113e+02 
1.296113e+02 
1.296113e+02 
1.296113e+02 
1.296113e+02 
1.296113e+02 
1.296113e+02 
1.296113e+02 
1.296113e+02 
1.296113e+02 
1.296113e+02 
1.296113e+02 
1.296113e+02 
1.296113e+02 
1.296113e+02 
1.296113e+02 
1.296113e+02 
1.296113e+02 
1.296113e+02 
1.296113e+02 
1.296113e+02 
1.296113e+02 
1.296113e+02 
1.296113e+02 
1.296113e+02 
1.296113e+02 
1.296113e+02 
1.296113e+02 
1.296113e+02 
1.296113e+02 
1.296113e+02 
1.296113e+02 
1.296113e+02 
1.296113e+02 
1.296113e+02 
1.296113e+02 
1.296113e+02 
1.296113e+02 
1.296113e+02 
1.296113e+02 
1.296113e+02 
1.296113e+02 
1.296113e+02 
1.296113e+02 
1.296113e+02 
1.296113e+02 
1.296113e+02 
1.296113e+02 
1.296113e+02 
1.296113e+02 
1.296113e+02 
1.296113e+02 
1.296113e+02 
1.296113e+02 
1.296113e+02 
1.296113e+02 
1.296113e+02 
1.296113e+02 
1.296113e+02 
1.296113e+02 
1.296113e+02 
1.296113e+02 
1.296113e+02 
1.296113e+02 
1.296113e+02 
1.296113e+02 
1.296113e+02 
1.296113e+02 
1.296113e+02 
1.296113e+02 
1.296113e+02 
1.296113e+02 
1.296113e+02 
1.296113e+02 
1.296113e+02 
1.296113e+02 
1.296113e+02 
1.296113e+02 
1.296113e+02 
1.296113e+02 
1.296113e+02 
1.296113e+02 
1.296113e+02 
1.296113e+02 
1.296113e+02 
1.296113e+02 
1.296113e+02 
1.296113e+02 
1.296113e+02 
1.296113e+02 
1.296113e+02 
1.296113e+02 
1.296113e+02 
1.296113e+02 
1.296113e+02 
1.296113e+02 
1.296113e+02 
1.296113e+02 
1.296113e+02 
1.296113e+02 
1.296113e+02 
1.296113e+02 
1.296113e+02 
1.296113e+02 
1.296113e+02 
1.296113e+02 
1.296113e+02 
1.296113e+02 
1.296113e+02 
1.296113e+02 
1.296113e+02 
1.296113e+02 
1.296113e+02 
1.296113e+02 
1.296113e+02 
1.296113e+02 
1.296113e+02 
1.296113e+02 
1.296113e+02 
1.296113e+02 
1.296113e+02 
1.296113e+02 
1.296113e+02 
1.296113e+02 
1.296113e+02 
1.296113e+02 
1.296113e+02 
1.296113e+02 
1.296113e+02 
1.296113e+02 
1.296113e+02 
1.296113e+02 
1.296113e+02 
1.296113e+02 
1.296113e+02 
1.296113e+02 
1.296113e+02 
1.296113e+02 
1.296113e+02 
1.296113e+02 
1.296113e+02 
1.296113e+02 
1.296113e+02 
1.296113e+02 
1.296113e+02 
1.296113e+02 
1.296113e+02 
1.296113e+02 
1.296113e+02 
1.296113e+02 
1.296113e+02 
1.296113e+02 
1.296113e+02 
1.296113e+02 
1.296113e+02 
1.296113e+02 
1.296113e+02 
1.296113e+02 
1.296113e+02 
1.296113e+02 
1.296113e+02 
1.296113e+02 
1.296113e+02 
1.296113e+02 
1.296113e+02 
1.296113e+02 
1.296113e+02 
1.296113e+02 
1.296113e+02 
1.296113e+02 
1.296113e+02 
1.296113e+02 
1.296113e+02 
1.296113e+02 
1.296113e+02 
1.296113e+02 
1.296113e+02 
1.296113e+02 
1.296113e+02 
1.296113e+02 
1.296113e+02 
1.296113e+02 
1.296113e+02 
1.296113e+02 
1.296113e+02 
1.296113e+02 
1.296113e+02 
1.296113e+02 
1.296113e+02 
1.296113e+02 
1.296113e+02 
1.296113e+02 
1.296113e+02 
1.296113e+02 
1.296113e+02 
1.296113e+02 
1.296113e+02 
1.296113e+02 
1.296113e+02 
1.296113e+02 
1.296113e+02 
1.296113e+02 
1.296113e+02 
1.296113e+02 
1.296113e+02 
1.296113e+02 
1.296113e+02 
1.296113e+02 
1.296113e+02 
1.296113e+02 
1.296113e+02 
1.296113e+02 
1.296113e+02 
1.296113e+02 
1.296113e+02 
1.296113e+02 
1.296113e+02 
1.296113e+02 
1.296113e+02 
1.296113e+02 
1.296113e+02 
1.296113e+02 
1.296113e+02 
1.296113e+02 
1.296113e+02 
1.296113e+02 
1.296113e+02 
1.296113e+02 
1.296113e+02 
1.296113e+02 
1.296113e+02 
1.296113e+02 
1.296113e+02 
1.296113e+02 
1.296113e+02 
1.296113e+02 
1.296113e+02 
1.296113e+02 
1.296113e+02 
1.296113e+02 
1.296113e+02 
1.296113e+02 
1.296113e+02 
1.296113e+02 
1.296113e+02 
1.296113e+02 
1.296113e+02 
1.296113e+02 
1.296113e+02 
1.296113e+02 
1.296113e+02 
1.296113e+02 
1.296113e+02 
1.296113e+02 
1.296113e+02 
1.296113e+02 
1.296113e+02 
1.296113e+02 
1.296113e+02 
1.296113e+02 
1.296113e+02 
1.296113e+02 
1.296113e+02 
1.296113e+02 
1.296113e+02 
1.296113e+02 
1.296113e+02 
1.296113e+02 
1.296113e+02 
1.296113e+02 
1.296113e+02 
1.296113e+02 
1.296113e+02 
1.296113e+02 
1.296113e+02 
1.296113e+02 
1.296113e+02 
1.296113e+02 
1.296113e+02 
1.296113e+02 
1.296113e+02 
1.296113e+02 
1.296113e+02 
1.296113e+02 
1.296113e+02 
1.296113e+02 
1.296113e+02 
1.296113e+02 
1.296113e+02 
1.296113e+02 
1.296113e+02 
1.296113e+02 
1.296113e+02 
1.296113e+02 
1.296113e+02 
1.296113e+02 
1.296113e+02 
1.296113e+02 
1.296113e+02 
1.296113e+02 
1.296113e+02 
1.296113e+02 
1.296113e+02 
1.296113e+02 
1.296113e+02 
1.296113e+02 
1.296113e+02 
1.296113e+02 
1.296113e+02 
1.296113e+02 
1.296113e+02 
1.296113e+02 
1.296113e+02 
1.296113e+02 
1.296113e+02 
1.296113e+02 
1.296113e+02 
1.296113e+02 
1.296113e+02 
1.296113e+02 
1.296113e+02 
1.296113e+02 
1.296113e+02 
1.296113e+02 
1.296113e+02 
1.296113e+02 
1.296113e+02 
1.296113e+02 
1.296113e+02 
1.296113e+02 
1.296113e+02 
1.296113e+02 
1.296113e+02 
1.296113e+02 
1.296113e+02 
1.296113e+02 
1.296113e+02 
1.296113e+02 
1.296113e+02 
1.296113e+02 
1.296113e+02 
1.296113e+02 
1.296113e+02 
1.296113e+02 
1.296113e+02 
1.296113e+02 
1.296113e+02 
1.296113e+02 
1.296113e+02 
1.296113e+02 
1.296113e+02 
1.296113e+02 
1.296113e+02 
1.296113e+02 
1.296113e+02 
1.296113e+02 
1.296113e+02 
1.296113e+02 
1.296113e+02 
1.296113e+02 
1.296113e+02 
1.296113e+02 
1.296113e+02 
1.296113e+02 
1.296113e+02 
1.296113e+02 
1.296113e+02 
1.296113e+02 
1.296113e+02 
1.296113e+02 
1.296113e+02 
1.296113e+02 
1.296113e+02 
1.296113e+02 
1.296113e+02 
1.296113e+02 
1.296113e+02 
1.296113e+02 
1.296113e+02 
1.296113e+02 
1.296113e+02 
1.296113e+02 
1.296113e+02 
1.296113e+02 
1.296113e+02 
1.296113e+02 
1.296113e+02 
1.296113e+02 
1.296113e+02 
1.296113e+02 
1.296113e+02 
1.296113e+02 
1.296113e+02 
1.296113e+02 
1.296113e+02 
1.296113e+02 
1.296113e+02 
1.296113e+02 
1.296113e+02 
1.296113e+02 
1.296113e+02 
1.296113e+02 
1.296113e+02 
1.296113e+02 
1.296113e+02 
1.296113e+02 
1.296113e+02 
1.296113e+02 
1.296113e+02 
1.296113e+02 
1.296113e+02 
1.296113e+02 
1.296113e+02 
1.296113e+02 
1.296113e+02 
1.296113e+02 
1.296113e+02 
1.296113e+02 
1.296113e+02 
1.296113e+02 
1.296113e+02 
1.296113e+02 
1.296113e+02 
1.296113e+02 
1.296113e+02 
1.296113e+02 
1.296113e+02 
1.296113e+02 
