2.594103e+06 
2.375115e+06 
4.753648e+04 
4.753648e+04 
4.753648e+04 
4.753648e+04 
4.753648e+04 
4.753648e+04 
4.753648e+04 
4.753648e+04 
4.753648e+04 
4.753648e+04 
4.753648e+04 
4.753648e+04 
4.753648e+04 
4.753648e+04 
4.753648e+04 
4.753648e+04 
4.753648e+04 
4.753648e+04 
4.753648e+04 
4.753648e+04 
4.753648e+04 
3.532711e+04 
3.532711e+04 
3.532711e+04 
3.532711e+04 
3.532711e+04 
3.532711e+04 
3.532711e+04 
3.532711e+04 
3.532711e+04 
3.532711e+04 
3.532711e+04 
3.532711e+04 
3.532711e+04 
8.123148e+03 
8.123148e+03 
8.123148e+03 
8.123148e+03 
8.123148e+03 
8.123148e+03 
8.123148e+03 
8.123148e+03 
8.123148e+03 
8.123148e+03 
8.123148e+03 
8.123148e+03 
8.123148e+03 
8.123148e+03 
8.123148e+03 
8.123148e+03 
8.123148e+03 
8.123148e+03 
8.123148e+03 
8.123148e+03 
8.123148e+03 
8.123148e+03 
8.123148e+03 
8.123148e+03 
8.123148e+03 
8.123148e+03 
8.123148e+03 
8.123148e+03 
8.123148e+03 
8.123148e+03 
8.123148e+03 
8.123148e+03 
8.123148e+03 
8.123148e+03 
8.123148e+03 
8.123148e+03 
8.123148e+03 
8.123148e+03 
8.123148e+03 
8.123148e+03 
8.123148e+03 
8.123148e+03 
8.123148e+03 
8.123148e+03 
8.123148e+03 
8.123148e+03 
8.123148e+03 
8.123148e+03 
8.123148e+03 
8.123148e+03 
8.123148e+03 
8.123148e+03 
8.123148e+03 
8.123148e+03 
8.123148e+03 
8.123148e+03 
8.123148e+03 
8.123148e+03 
8.123148e+03 
8.123148e+03 
8.123148e+03 
8.123148e+03 
8.123148e+03 
8.123148e+03 
4.371977e+03 
4.371977e+03 
4.371977e+03 
4.371977e+03 
4.371977e+03 
4.371977e+03 
4.371977e+03 
4.371977e+03 
4.371977e+03 
4.285446e+03 
4.285446e+03 
4.285446e+03 
4.285446e+03 
4.285446e+03 
4.285446e+03 
4.285446e+03 
4.285446e+03 
4.285446e+03 
4.285446e+03 
4.285446e+03 
4.285446e+03 
4.285446e+03 
4.285446e+03 
4.285446e+03 
4.285446e+03 
4.285446e+03 
4.285446e+03 
4.285446e+03 
4.285446e+03 
4.285446e+03 
4.285446e+03 
4.285446e+03 
4.285446e+03 
4.285446e+03 
4.285446e+03 
4.285446e+03 
4.285446e+03 
4.285446e+03 
4.285446e+03 
4.285446e+03 
4.285446e+03 
4.285446e+03 
4.285446e+03 
4.285446e+03 
4.285446e+03 
4.285446e+03 
4.285446e+03 
4.285446e+03 
4.285446e+03 
4.285446e+03 
4.285446e+03 
4.285446e+03 
4.285446e+03 
4.285446e+03 
4.285446e+03 
4.285446e+03 
4.285446e+03 
4.285446e+03 
4.285446e+03 
4.285446e+03 
4.285446e+03 
4.285446e+03 
4.285446e+03 
4.285446e+03 
4.285446e+03 
4.285446e+03 
4.285446e+03 
4.285446e+03 
4.285446e+03 
4.285446e+03 
3.650680e+03 
3.650680e+03 
1.677119e+03 
1.677119e+03 
1.677119e+03 
1.677119e+03 
1.677119e+03 
1.677119e+03 
1.677119e+03 
1.677119e+03 
1.677119e+03 
1.677119e+03 
1.677119e+03 
1.677119e+03 
1.677119e+03 
1.677119e+03 
1.677119e+03 
1.677119e+03 
1.677119e+03 
1.677119e+03 
1.677119e+03 
1.677119e+03 
1.677119e+03 
1.677119e+03 
1.677119e+03 
1.677119e+03 
1.677119e+03 
1.677119e+03 
1.677119e+03 
1.677119e+03 
1.677119e+03 
1.677119e+03 
1.677119e+03 
1.677119e+03 
1.677119e+03 
1.677119e+03 
1.677119e+03 
1.677119e+03 
1.677119e+03 
1.677119e+03 
1.677119e+03 
1.677119e+03 
1.677119e+03 
1.677119e+03 
1.677119e+03 
1.677119e+03 
1.677119e+03 
1.677119e+03 
1.677119e+03 
1.677119e+03 
1.677119e+03 
1.677119e+03 
1.677119e+03 
1.677119e+03 
1.677119e+03 
1.677119e+03 
1.677119e+03 
1.677119e+03 
1.677119e+03 
1.677119e+03 
1.677119e+03 
1.677119e+03 
1.677119e+03 
1.677119e+03 
1.677119e+03 
1.677119e+03 
1.677119e+03 
1.677119e+03 
1.677119e+03 
1.677119e+03 
1.677119e+03 
1.677119e+03 
1.677119e+03 
1.677119e+03 
1.677119e+03 
1.677119e+03 
1.677119e+03 
1.677119e+03 
1.677119e+03 
1.677119e+03 
1.677119e+03 
1.677119e+03 
1.677119e+03 
1.677119e+03 
1.677119e+03 
1.677119e+03 
1.677119e+03 
1.677119e+03 
1.677119e+03 
1.677119e+03 
1.677119e+03 
1.677119e+03 
1.677119e+03 
1.677119e+03 
1.677119e+03 
1.677119e+03 
1.677119e+03 
1.677119e+03 
1.677119e+03 
1.677119e+03 
1.677119e+03 
1.677119e+03 
1.677119e+03 
1.677119e+03 
1.677119e+03 
1.677119e+03 
1.677119e+03 
1.677119e+03 
1.677119e+03 
1.677119e+03 
1.677119e+03 
1.677119e+03 
1.677119e+03 
1.677119e+03 
1.677119e+03 
1.677119e+03 
1.677119e+03 
1.677119e+03 
1.677119e+03 
1.677119e+03 
1.677119e+03 
1.677119e+03 
1.677119e+03 
1.677119e+03 
1.677119e+03 
1.677119e+03 
1.677119e+03 
1.677119e+03 
1.677119e+03 
1.677119e+03 
1.677119e+03 
1.677119e+03 
1.677119e+03 
1.677119e+03 
1.677119e+03 
1.677119e+03 
1.677119e+03 
1.677119e+03 
1.677119e+03 
1.677119e+03 
1.677119e+03 
1.677119e+03 
1.677119e+03 
1.677119e+03 
1.677119e+03 
1.677119e+03 
1.677119e+03 
1.677119e+03 
1.677119e+03 
1.677119e+03 
1.677119e+03 
1.677119e+03 
1.677119e+03 
1.677119e+03 
1.677119e+03 
1.677119e+03 
1.677119e+03 
1.677119e+03 
1.677119e+03 
1.677119e+03 
1.677119e+03 
1.677119e+03 
1.677119e+03 
1.677119e+03 
1.677119e+03 
1.677119e+03 
1.677119e+03 
1.677119e+03 
1.677119e+03 
1.677119e+03 
1.677119e+03 
1.677119e+03 
1.677119e+03 
1.677119e+03 
1.677119e+03 
1.677119e+03 
1.677119e+03 
1.677119e+03 
1.677119e+03 
1.677119e+03 
1.677119e+03 
1.677119e+03 
1.677119e+03 
1.677119e+03 
1.677119e+03 
1.677119e+03 
1.677119e+03 
1.677119e+03 
1.677119e+03 
1.677119e+03 
1.677119e+03 
1.677119e+03 
1.677119e+03 
1.614462e+03 
1.614462e+03 
1.614462e+03 
1.614462e+03 
1.614462e+03 
1.614462e+03 
1.614462e+03 
1.614462e+03 
1.614462e+03 
1.614462e+03 
1.614462e+03 
1.614462e+03 
1.614462e+03 
1.614462e+03 
1.614462e+03 
1.614462e+03 
1.614462e+03 
1.614462e+03 
1.614462e+03 
1.614462e+03 
1.614462e+03 
1.614462e+03 
1.614462e+03 
1.614462e+03 
1.614462e+03 
1.614462e+03 
1.614462e+03 
1.614462e+03 
1.614462e+03 
1.614462e+03 
1.614462e+03 
1.614462e+03 
1.614462e+03 
1.614462e+03 
1.614462e+03 
1.614462e+03 
1.614462e+03 
1.614462e+03 
1.614462e+03 
1.614462e+03 
1.614462e+03 
1.614462e+03 
1.614462e+03 
1.614462e+03 
1.614462e+03 
1.614462e+03 
1.614462e+03 
1.614462e+03 
1.614462e+03 
1.614462e+03 
1.614462e+03 
1.614462e+03 
1.614462e+03 
1.614462e+03 
1.614462e+03 
1.614462e+03 
1.614462e+03 
1.614462e+03 
1.614462e+03 
1.614462e+03 
1.614462e+03 
1.614462e+03 
1.614462e+03 
1.614462e+03 
1.614462e+03 
1.614462e+03 
1.614462e+03 
1.614462e+03 
1.614462e+03 
1.614462e+03 
1.614462e+03 
1.614462e+03 
1.614462e+03 
1.614462e+03 
1.614462e+03 
1.614462e+03 
1.614462e+03 
1.614462e+03 
1.614462e+03 
1.614462e+03 
1.614462e+03 
1.614462e+03 
1.614462e+03 
1.614462e+03 
1.614462e+03 
1.614462e+03 
1.614462e+03 
1.614462e+03 
1.614462e+03 
1.614462e+03 
1.614462e+03 
1.449039e+03 
1.449039e+03 
1.449039e+03 
1.302486e+03 
1.302486e+03 
1.302486e+03 
1.302486e+03 
1.302486e+03 
1.302486e+03 
1.302486e+03 
1.302486e+03 
1.302486e+03 
1.302486e+03 
9.626461e+02 
9.626461e+02 
9.626461e+02 
9.626461e+02 
9.626461e+02 
9.626461e+02 
9.626461e+02 
8.911231e+02 
8.477630e+02 
8.477630e+02 
8.477630e+02 
8.477630e+02 
8.477630e+02 
8.477630e+02 
8.477630e+02 
8.477630e+02 
8.477630e+02 
8.477630e+02 
6.662945e+02 
6.662945e+02 
6.662945e+02 
6.662945e+02 
6.662945e+02 
6.662945e+02 
6.662945e+02 
6.662945e+02 
6.662945e+02 
6.662945e+02 
6.662945e+02 
6.662945e+02 
6.662945e+02 
6.662945e+02 
6.662945e+02 
6.662945e+02 
6.662945e+02 
6.662945e+02 
6.662945e+02 
6.662945e+02 
6.662945e+02 
6.662945e+02 
6.662945e+02 
6.662945e+02 
6.662945e+02 
6.662945e+02 
6.662945e+02 
6.662945e+02 
6.662945e+02 
6.662945e+02 
6.662945e+02 
6.662945e+02 
6.662945e+02 
6.662945e+02 
6.662945e+02 
6.662945e+02 
6.662945e+02 
6.662945e+02 
6.662945e+02 
6.662945e+02 
6.223645e+02 
6.223645e+02 
6.223645e+02 
6.223645e+02 
6.223645e+02 
6.223645e+02 
6.223645e+02 
4.359446e+02 
4.359446e+02 
4.359446e+02 
4.359446e+02 
4.359446e+02 
4.359446e+02 
4.359446e+02 
4.359446e+02 
4.359446e+02 
4.359446e+02 
4.359446e+02 
4.359446e+02 
4.359446e+02 
4.359446e+02 
4.359446e+02 
4.359446e+02 
4.359446e+02 
4.359446e+02 
4.359446e+02 
4.359446e+02 
4.359446e+02 
4.359446e+02 
4.359446e+02 
4.359446e+02 
4.359446e+02 
4.359446e+02 
4.359446e+02 
4.359446e+02 
4.359446e+02 
4.359446e+02 
4.359446e+02 
4.359446e+02 
4.359446e+02 
4.359446e+02 
4.359446e+02 
4.359446e+02 
4.359446e+02 
4.359446e+02 
4.359446e+02 
4.359446e+02 
4.359446e+02 
4.359446e+02 
4.359446e+02 
4.359446e+02 
4.359446e+02 
4.359446e+02 
4.359446e+02 
4.359446e+02 
4.359446e+02 
4.359446e+02 
4.359446e+02 
4.359446e+02 
4.359446e+02 
4.359446e+02 
4.359446e+02 
4.359446e+02 
4.359446e+02 
4.359446e+02 
4.359446e+02 
4.359446e+02 
4.359446e+02 
4.359446e+02 
4.359446e+02 
4.359446e+02 
4.359446e+02 
4.359446e+02 
4.359446e+02 
4.359446e+02 
4.359446e+02 
4.359446e+02 
4.359446e+02 
4.359446e+02 
4.359446e+02 
4.359446e+02 
4.359446e+02 
4.359446e+02 
4.359446e+02 
4.359446e+02 
4.359446e+02 
4.359446e+02 
4.359446e+02 
4.359446e+02 
4.359446e+02 
4.359446e+02 
4.359446e+02 
4.359446e+02 
4.359446e+02 
4.359446e+02 
4.359446e+02 
4.359446e+02 
4.359446e+02 
4.359446e+02 
4.359446e+02 
4.359446e+02 
4.359446e+02 
4.359446e+02 
4.359446e+02 
3.480919e+02 
3.480919e+02 
3.480919e+02 
3.480919e+02 
3.480919e+02 
3.480919e+02 
3.480919e+02 
3.480919e+02 
3.480919e+02 
3.480919e+02 
3.480919e+02 
3.480919e+02 
3.480919e+02 
3.480919e+02 
3.480919e+02 
3.480919e+02 
3.480919e+02 
3.480919e+02 
3.480919e+02 
3.480919e+02 
3.480919e+02 
3.480919e+02 
3.480919e+02 
3.480919e+02 
3.480919e+02 
3.480919e+02 
3.480919e+02 
3.480919e+02 
3.480919e+02 
3.480919e+02 
3.480919e+02 
3.480919e+02 
3.480919e+02 
3.480919e+02 
3.480919e+02 
3.480919e+02 
3.480919e+02 
3.480919e+02 
3.480919e+02 
3.480919e+02 
3.480919e+02 
3.480919e+02 
3.480919e+02 
3.480919e+02 
3.480919e+02 
3.480919e+02 
3.480919e+02 
3.480919e+02 
3.480919e+02 
3.480919e+02 
3.480919e+02 
3.480919e+02 
3.480919e+02 
3.480919e+02 
3.480919e+02 
3.480919e+02 
3.480919e+02 
3.480919e+02 
3.480919e+02 
3.480919e+02 
3.480919e+02 
3.480919e+02 
3.480919e+02 
3.480919e+02 
3.480919e+02 
3.480919e+02 
3.480919e+02 
3.480919e+02 
3.480919e+02 
3.480919e+02 
3.480919e+02 
3.480919e+02 
3.480919e+02 
3.480919e+02 
3.480919e+02 
3.480919e+02 
3.480919e+02 
3.480919e+02 
3.480919e+02 
3.480919e+02 
3.480919e+02 
3.480919e+02 
3.480919e+02 
3.480919e+02 
3.480919e+02 
3.480919e+02 
3.480919e+02 
3.480919e+02 
3.480919e+02 
3.480919e+02 
3.480919e+02 
3.480919e+02 
3.480919e+02 
3.480919e+02 
3.480919e+02 
3.480919e+02 
3.480919e+02 
3.480919e+02 
3.480919e+02 
3.480919e+02 
3.480919e+02 
3.480919e+02 
3.480919e+02 
3.480919e+02 
3.480919e+02 
3.480919e+02 
3.480919e+02 
3.480919e+02 
3.480919e+02 
3.480919e+02 
3.480919e+02 
3.480919e+02 
3.480919e+02 
3.480919e+02 
3.480919e+02 
3.480919e+02 
3.480919e+02 
3.480919e+02 
3.480919e+02 
3.480919e+02 
3.480919e+02 
3.480919e+02 
3.480919e+02 
3.480919e+02 
3.480919e+02 
3.480919e+02 
3.480919e+02 
3.480919e+02 
3.480919e+02 
3.480919e+02 
3.480919e+02 
3.480919e+02 
3.480919e+02 
3.480919e+02 
3.480919e+02 
3.480919e+02 
3.480919e+02 
3.480919e+02 
3.480919e+02 
3.480919e+02 
3.480919e+02 
3.480919e+02 
3.480919e+02 
3.480919e+02 
3.480919e+02 
3.480919e+02 
3.480919e+02 
3.480919e+02 
3.480919e+02 
3.480919e+02 
3.480919e+02 
3.480919e+02 
3.480919e+02 
3.480919e+02 
3.480919e+02 
3.480919e+02 
3.480919e+02 
3.480919e+02 
3.480919e+02 
3.480919e+02 
3.480919e+02 
3.480919e+02 
3.480919e+02 
3.480919e+02 
3.480919e+02 
3.480919e+02 
3.480919e+02 
3.480919e+02 
3.480919e+02 
3.480919e+02 
3.480919e+02 
3.480919e+02 
3.480919e+02 
3.480919e+02 
3.480919e+02 
3.480919e+02 
3.480919e+02 
3.480919e+02 
3.480919e+02 
3.480919e+02 
3.480919e+02 
3.480919e+02 
3.480919e+02 
3.480919e+02 
3.480919e+02 
3.480919e+02 
3.480919e+02 
3.480919e+02 
3.480919e+02 
3.480919e+02 
3.480919e+02 
3.480919e+02 
3.480919e+02 
3.480919e+02 
3.480919e+02 
3.480919e+02 
3.480919e+02 
3.480919e+02 
3.480919e+02 
3.480919e+02 
3.480919e+02 
3.480919e+02 
3.480919e+02 
3.480919e+02 
3.480919e+02 
3.480919e+02 
3.480919e+02 
3.480919e+02 
3.480919e+02 
3.480919e+02 
3.480919e+02 
3.480919e+02 
3.480919e+02 
3.480919e+02 
3.480919e+02 
3.480919e+02 
3.480919e+02 
3.480919e+02 
3.480919e+02 
3.480919e+02 
3.480919e+02 
3.480919e+02 
3.480919e+02 
3.480919e+02 
3.480919e+02 
3.480919e+02 
3.480919e+02 
3.480919e+02 
3.480919e+02 
3.480919e+02 
3.480919e+02 
3.480919e+02 
3.480919e+02 
3.480919e+02 
3.480919e+02 
3.480919e+02 
3.480919e+02 
3.480919e+02 
3.480919e+02 
3.480919e+02 
3.480919e+02 
3.480919e+02 
3.480919e+02 
3.480919e+02 
3.480919e+02 
3.480919e+02 
3.480919e+02 
3.480919e+02 
3.480919e+02 
3.480919e+02 
3.480919e+02 
3.480919e+02 
3.480919e+02 
3.480919e+02 
3.480919e+02 
3.480919e+02 
3.480919e+02 
3.480919e+02 
3.480919e+02 
3.480919e+02 
3.480919e+02 
3.480919e+02 
3.480919e+02 
3.480919e+02 
3.480919e+02 
3.480919e+02 
3.480919e+02 
3.480919e+02 
3.480919e+02 
3.480919e+02 
3.480919e+02 
3.480919e+02 
3.480919e+02 
3.480919e+02 
3.480919e+02 
3.480919e+02 
3.480919e+02 
3.480919e+02 
3.480919e+02 
3.480919e+02 
3.480919e+02 
3.480919e+02 
3.480919e+02 
3.480919e+02 
3.480919e+02 
3.480919e+02 
3.480919e+02 
3.480919e+02 
3.480919e+02 
3.480919e+02 
3.480919e+02 
3.480919e+02 
3.480919e+02 
3.480919e+02 
3.480919e+02 
3.480919e+02 
3.480919e+02 
3.480919e+02 
3.480919e+02 
3.480919e+02 
3.480919e+02 
3.480919e+02 
3.480919e+02 
3.480919e+02 
3.480919e+02 
3.480919e+02 
3.480919e+02 
3.480919e+02 
3.480919e+02 
3.480919e+02 
3.480919e+02 
3.480919e+02 
3.480919e+02 
3.480919e+02 
3.480919e+02 
3.480919e+02 
3.480919e+02 
3.480919e+02 
3.480919e+02 
3.480919e+02 
3.480919e+02 
3.480919e+02 
3.480919e+02 
3.480919e+02 
3.480919e+02 
3.480919e+02 
3.480919e+02 
3.480919e+02 
3.480919e+02 
3.480919e+02 
3.480919e+02 
3.480919e+02 
3.480919e+02 
3.480919e+02 
3.480919e+02 
3.480919e+02 
3.480919e+02 
3.480919e+02 
3.480919e+02 
3.480919e+02 
3.480919e+02 
3.480919e+02 
3.480919e+02 
3.480919e+02 
3.480919e+02 
3.480919e+02 
3.480919e+02 
3.480919e+02 
3.480919e+02 
3.480919e+02 
3.480919e+02 
3.480919e+02 
3.480919e+02 
3.480919e+02 
3.480919e+02 
3.480919e+02 
3.480919e+02 
3.480919e+02 
3.480919e+02 
3.480919e+02 
3.480919e+02 
3.480919e+02 
3.480919e+02 
3.480919e+02 
3.480919e+02 
3.480919e+02 
3.480919e+02 
3.480919e+02 
3.480919e+02 
3.480919e+02 
3.480919e+02 
3.480919e+02 
3.480919e+02 
3.480919e+02 
3.480919e+02 
3.480919e+02 
3.480919e+02 
3.480919e+02 
3.480919e+02 
3.480919e+02 
3.480919e+02 
3.480919e+02 
3.480919e+02 
3.480919e+02 
3.480919e+02 
3.480919e+02 
3.480919e+02 
3.480919e+02 
3.480919e+02 
3.480919e+02 
3.480919e+02 
3.480919e+02 
3.480919e+02 
3.480919e+02 
3.480919e+02 
3.480919e+02 
3.480919e+02 
3.480919e+02 
3.480919e+02 
3.480919e+02 
3.480919e+02 
3.480919e+02 
3.480919e+02 
3.480919e+02 
3.480919e+02 
3.480919e+02 
3.480919e+02 
3.480919e+02 
3.480919e+02 
3.480919e+02 
3.480919e+02 
3.480919e+02 
3.480919e+02 
3.480919e+02 
3.480919e+02 
3.480919e+02 
3.480919e+02 
3.480919e+02 
3.480919e+02 
3.480919e+02 
3.480919e+02 
3.480919e+02 
3.480919e+02 
3.480919e+02 
3.480919e+02 
3.480919e+02 
3.480919e+02 
3.480919e+02 
3.480919e+02 
3.480919e+02 
3.480919e+02 
3.480919e+02 
3.480919e+02 
3.480919e+02 
3.480919e+02 
3.480919e+02 
3.480919e+02 
3.480919e+02 
3.480919e+02 
3.480919e+02 
3.480919e+02 
3.480919e+02 
3.480919e+02 
3.480919e+02 
3.480919e+02 
3.480919e+02 
3.480919e+02 
3.480919e+02 
3.480919e+02 
3.480919e+02 
3.480919e+02 
3.480919e+02 
3.480919e+02 
3.480919e+02 
3.480919e+02 
3.480919e+02 
3.480919e+02 
3.480919e+02 
3.480919e+02 
3.480919e+02 
3.480919e+02 
3.480919e+02 
3.480919e+02 
3.480919e+02 
3.480919e+02 
3.480919e+02 
3.480919e+02 
3.480919e+02 
3.480919e+02 
3.480919e+02 
3.480919e+02 
3.480919e+02 
3.480919e+02 
3.480919e+02 
3.480919e+02 
3.480919e+02 
3.480919e+02 
3.480919e+02 
3.480919e+02 
3.480919e+02 
3.480919e+02 
3.480919e+02 
3.480919e+02 
3.480919e+02 
3.480919e+02 
3.480919e+02 
3.480919e+02 
3.480919e+02 
3.480919e+02 
3.480919e+02 
3.480919e+02 
3.480919e+02 
3.480919e+02 
3.480919e+02 
3.480919e+02 
3.480919e+02 
3.480919e+02 
3.480919e+02 
3.480919e+02 
3.480919e+02 
3.480919e+02 
3.480919e+02 
3.480919e+02 
3.480919e+02 
3.480919e+02 
3.480919e+02 
3.480919e+02 
3.480919e+02 
2.106156e+02 
2.106156e+02 
2.106156e+02 
2.106156e+02 
2.106156e+02 
2.106156e+02 
2.106156e+02 
2.106156e+02 
2.106156e+02 
2.106156e+02 
2.106156e+02 
2.106156e+02 
2.106156e+02 
2.106156e+02 
2.106156e+02 
2.106156e+02 
2.106156e+02 
2.106156e+02 
2.106156e+02 
2.106156e+02 
2.106156e+02 
2.106156e+02 
2.106156e+02 
2.106156e+02 
2.106156e+02 
2.106156e+02 
2.106156e+02 
2.106156e+02 
2.106156e+02 
2.106156e+02 
2.106156e+02 
2.106156e+02 
2.106156e+02 
2.106156e+02 
2.048516e+02 
2.048516e+02 
2.048516e+02 
2.048516e+02 
2.048516e+02 
2.048516e+02 
2.048516e+02 
2.048516e+02 
2.048516e+02 
2.048516e+02 
2.048516e+02 
2.048516e+02 
2.048516e+02 
2.048516e+02 
2.048516e+02 
2.048516e+02 
2.048516e+02 
2.048516e+02 
2.048516e+02 
2.048516e+02 
2.048516e+02 
2.048516e+02 
2.048516e+02 
2.048516e+02 
2.048516e+02 
2.048516e+02 
2.048516e+02 
2.048516e+02 
2.048516e+02 
2.048516e+02 
2.048516e+02 
2.048516e+02 
2.048516e+02 
2.048516e+02 
2.048516e+02 
2.048516e+02 
2.048516e+02 
2.048516e+02 
2.048516e+02 
2.048516e+02 
2.048516e+02 
2.048516e+02 
2.048516e+02 
2.048516e+02 
2.048516e+02 
2.048516e+02 
2.048516e+02 
2.048516e+02 
2.048516e+02 
2.048516e+02 
2.048516e+02 
2.048516e+02 
2.048516e+02 
2.048516e+02 
2.048516e+02 
2.048516e+02 
2.048516e+02 
2.048516e+02 
2.048516e+02 
2.048516e+02 
2.048516e+02 
2.048516e+02 
2.048516e+02 
2.048516e+02 
2.048516e+02 
2.048516e+02 
2.048516e+02 
2.048516e+02 
2.048516e+02 
2.048516e+02 
2.048516e+02 
2.048516e+02 
2.048516e+02 
1.917671e+02 
1.917671e+02 
1.917671e+02 
1.917671e+02 
1.917671e+02 
1.917671e+02 
1.917671e+02 
1.917671e+02 
1.917671e+02 
1.917671e+02 
1.917671e+02 
1.917671e+02 
1.917671e+02 
1.917671e+02 
1.917671e+02 
1.917671e+02 
1.917671e+02 
1.917671e+02 
1.917671e+02 
1.917671e+02 
1.917671e+02 
1.917671e+02 
1.917671e+02 
1.917671e+02 
1.917671e+02 
1.917671e+02 
1.917671e+02 
1.917671e+02 
1.917671e+02 
1.917671e+02 
1.917671e+02 
1.917671e+02 
1.917671e+02 
1.917671e+02 
1.917671e+02 
1.917671e+02 
1.917671e+02 
1.917671e+02 
1.917671e+02 
1.917671e+02 
1.917671e+02 
1.917671e+02 
1.917671e+02 
1.917671e+02 
1.917671e+02 
1.917671e+02 
1.917671e+02 
1.917671e+02 
1.917671e+02 
1.917671e+02 
1.917671e+02 
1.917671e+02 
1.917671e+02 
1.917671e+02 
1.917671e+02 
1.917671e+02 
1.917671e+02 
1.917671e+02 
1.917671e+02 
1.917671e+02 
1.917671e+02 
1.917671e+02 
1.917671e+02 
1.917671e+02 
1.917671e+02 
1.917671e+02 
1.917671e+02 
1.917671e+02 
1.917671e+02 
1.917671e+02 
1.917671e+02 
1.917671e+02 
1.917671e+02 
1.917671e+02 
1.917671e+02 
1.917671e+02 
1.917671e+02 
1.917671e+02 
1.917671e+02 
1.917671e+02 
1.917671e+02 
1.917671e+02 
1.917671e+02 
1.917671e+02 
1.917671e+02 
1.917671e+02 
1.917671e+02 
1.917671e+02 
1.917671e+02 
1.917671e+02 
1.917671e+02 
1.917671e+02 
1.917671e+02 
1.917671e+02 
1.917671e+02 
1.917671e+02 
1.917671e+02 
1.917671e+02 
1.917671e+02 
1.917671e+02 
1.917671e+02 
1.917671e+02 
1.917671e+02 
1.917671e+02 
1.917671e+02 
1.917671e+02 
1.917671e+02 
1.917671e+02 
1.917671e+02 
1.917671e+02 
1.917671e+02 
1.917671e+02 
1.917671e+02 
1.917671e+02 
1.917671e+02 
1.917671e+02 
1.917671e+02 
1.917671e+02 
1.917671e+02 
1.917671e+02 
1.917671e+02 
1.917671e+02 
1.917671e+02 
1.917671e+02 
1.917671e+02 
1.917671e+02 
1.917671e+02 
1.917671e+02 
1.917671e+02 
1.917671e+02 
1.917671e+02 
1.917671e+02 
1.917671e+02 
1.917671e+02 
1.917671e+02 
1.917671e+02 
1.917671e+02 
1.917671e+02 
1.917671e+02 
1.917671e+02 
1.917671e+02 
1.917671e+02 
1.917671e+02 
1.917671e+02 
1.917671e+02 
1.917671e+02 
1.917671e+02 
1.917671e+02 
1.917671e+02 
1.917671e+02 
1.917671e+02 
1.917671e+02 
1.917671e+02 
1.917671e+02 
1.917671e+02 
1.917671e+02 
1.917671e+02 
1.917671e+02 
1.917671e+02 
1.917671e+02 
1.917671e+02 
1.917671e+02 
1.917671e+02 
1.917671e+02 
1.917671e+02 
1.917671e+02 
1.917671e+02 
1.917671e+02 
1.917671e+02 
1.917671e+02 
1.917671e+02 
1.917671e+02 
1.917671e+02 
1.917671e+02 
1.917671e+02 
1.917671e+02 
1.917671e+02 
1.917671e+02 
1.917671e+02 
1.917671e+02 
1.917671e+02 
1.917671e+02 
1.917671e+02 
1.917671e+02 
1.917671e+02 
1.917671e+02 
1.917671e+02 
1.917671e+02 
1.917671e+02 
1.917671e+02 
1.917671e+02 
1.917671e+02 
1.917671e+02 
1.917671e+02 
1.917671e+02 
1.917671e+02 
1.917671e+02 
1.917671e+02 
1.917671e+02 
1.917671e+02 
1.917671e+02 
1.917671e+02 
1.917671e+02 
1.917671e+02 
1.917671e+02 
1.917671e+02 
1.917671e+02 
1.917671e+02 
1.917671e+02 
1.917671e+02 
1.917671e+02 
1.917671e+02 
1.917671e+02 
1.917671e+02 
1.917671e+02 
1.917671e+02 
1.917671e+02 
1.917671e+02 
1.917671e+02 
1.917671e+02 
1.917671e+02 
1.917671e+02 
1.917671e+02 
1.917671e+02 
1.917671e+02 
1.917671e+02 
1.917671e+02 
1.917671e+02 
1.917671e+02 
1.917671e+02 
1.917671e+02 
1.917671e+02 
1.917671e+02 
1.917671e+02 
1.917671e+02 
1.917671e+02 
1.917671e+02 
1.917671e+02 
1.917671e+02 
1.917671e+02 
1.917671e+02 
1.917671e+02 
1.917671e+02 
1.917671e+02 
1.917671e+02 
1.917671e+02 
1.917671e+02 
1.917671e+02 
1.917671e+02 
1.917671e+02 
1.917671e+02 
1.917671e+02 
1.917671e+02 
1.917671e+02 
1.917671e+02 
1.917671e+02 
1.917671e+02 
1.917671e+02 
1.917671e+02 
1.917671e+02 
1.917671e+02 
1.917671e+02 
1.917671e+02 
1.917671e+02 
1.917671e+02 
1.917671e+02 
1.917671e+02 
1.917671e+02 
1.917671e+02 
1.917671e+02 
1.894823e+02 
1.894823e+02 
1.894823e+02 
1.878731e+02 
1.878731e+02 
1.878731e+02 
1.878731e+02 
1.878731e+02 
1.878731e+02 
1.878731e+02 
1.878731e+02 
1.878731e+02 
1.878731e+02 
1.850699e+02 
1.850699e+02 
1.850699e+02 
1.850699e+02 
1.758742e+02 
1.754888e+02 
1.754888e+02 
1.754888e+02 
1.754888e+02 
1.754888e+02 
1.754888e+02 
1.754888e+02 
1.754888e+02 
1.754888e+02 
1.754888e+02 
1.754888e+02 
1.719048e+02 
1.719048e+02 
1.719048e+02 
1.719048e+02 
1.679275e+02 
1.679275e+02 
1.679275e+02 
1.657328e+02 
1.624837e+02 
1.616902e+02 
1.616902e+02 
1.616902e+02 
1.616902e+02 
1.590520e+02 
1.579098e+02 
1.578540e+02 
1.578540e+02 
1.578540e+02 
1.578540e+02 
1.577031e+02 
1.577031e+02 
1.570221e+02 
1.570221e+02 
1.570221e+02 
1.570221e+02 
1.570221e+02 
1.570221e+02 
1.570221e+02 
1.570221e+02 
1.570221e+02 
1.528065e+02 
1.528065e+02 
1.528065e+02 
1.519754e+02 
1.509125e+02 
1.509125e+02 
1.505138e+02 
1.503602e+02 
1.503602e+02 
1.503602e+02 
1.503602e+02 
1.500267e+02 
1.476392e+02 
1.476392e+02 
1.476392e+02 
1.476392e+02 
1.476392e+02 
1.476392e+02 
1.469575e+02 
1.469575e+02 
1.469575e+02 
1.457934e+02 
1.457934e+02 
1.449433e+02 
1.441364e+02 
1.438373e+02 
1.438373e+02 
1.438373e+02 
1.438373e+02 
1.438373e+02 
1.437444e+02 
1.437444e+02 
1.437444e+02 
1.437444e+02 
1.437444e+02 
1.437444e+02 
1.437444e+02 
1.434296e+02 
1.427175e+02 
1.427175e+02 
1.427175e+02 
1.427175e+02 
1.427167e+02 
1.427167e+02 
1.427167e+02 
1.427167e+02 
1.427167e+02 
1.427167e+02 
1.427167e+02 
1.421747e+02 
1.421747e+02 
1.421747e+02 
1.421747e+02 
1.421747e+02 
1.421747e+02 
1.421747e+02 
1.421747e+02 
1.421747e+02 
1.412062e+02 
1.412062e+02 
1.412062e+02 
1.412062e+02 
1.412062e+02 
1.412062e+02 
1.412062e+02 
1.412062e+02 
1.412062e+02 
1.412062e+02 
1.412062e+02 
1.411244e+02 
1.411244e+02 
1.409528e+02 
1.409528e+02 
1.409528e+02 
1.406547e+02 
1.406547e+02 
1.406547e+02 
1.406547e+02 
1.406547e+02 
1.406547e+02 
1.406547e+02 
1.406547e+02 
1.406547e+02 
1.406547e+02 
1.406547e+02 
1.406547e+02 
1.406547e+02 
1.406547e+02 
1.405957e+02 
1.405957e+02 
1.405957e+02 
1.405957e+02 
1.405957e+02 
1.405957e+02 
1.405957e+02 
1.405957e+02 
1.405957e+02 
1.405957e+02 
1.405957e+02 
1.405957e+02 
1.405957e+02 
1.405957e+02 
1.405864e+02 
1.405864e+02 
1.405864e+02 
1.405864e+02 
1.405864e+02 
1.405864e+02 
1.405864e+02 
1.405646e+02 
1.405646e+02 
1.405646e+02 
1.405646e+02 
1.405646e+02 
1.405646e+02 
1.405646e+02 
1.405646e+02 
1.405646e+02 
1.405646e+02 
1.405646e+02 
1.405646e+02 
1.405646e+02 
1.405131e+02 
1.405114e+02 
1.405114e+02 
1.405114e+02 
1.405114e+02 
1.404946e+02 
1.404459e+02 
1.404208e+02 
1.404208e+02 
1.403851e+02 
1.403851e+02 
1.403602e+02 
1.403163e+02 
1.403163e+02 
1.403163e+02 
1.403163e+02 
1.403163e+02 
1.403163e+02 
1.403163e+02 
1.403163e+02 
1.403015e+02 
1.403015e+02 
1.403015e+02 
1.403015e+02 
1.403013e+02 
1.403013e+02 
1.403013e+02 
1.403013e+02 
1.403013e+02 
1.403013e+02 
1.403013e+02 
1.403013e+02 
1.403013e+02 
1.403013e+02 
1.403013e+02 
1.403013e+02 
1.403013e+02 
1.403013e+02 
1.402842e+02 
1.402842e+02 
1.402842e+02 
1.402842e+02 
1.402842e+02 
1.402842e+02 
1.402801e+02 
1.402801e+02 
1.402801e+02 
1.402801e+02 
1.402473e+02 
1.402473e+02 
1.402473e+02 
1.402473e+02 
1.402473e+02 
1.402473e+02 
1.402473e+02 
1.402473e+02 
1.402473e+02 
1.402473e+02 
1.402473e+02 
1.402473e+02 
1.402473e+02 
1.402473e+02 
1.401985e+02 
1.401985e+02 
1.401985e+02 
1.401985e+02 
1.401985e+02 
1.401985e+02 
1.401985e+02 
1.399981e+02 
1.399981e+02 
1.399981e+02 
1.396172e+02 
1.396172e+02 
1.395383e+02 
1.378396e+02 
1.378396e+02 
1.377027e+02 
1.377027e+02 
1.377027e+02 
1.377027e+02 
1.377027e+02 
1.377027e+02 
1.377027e+02 
1.376598e+02 
1.376598e+02 
1.376598e+02 
1.376598e+02 
1.376598e+02 
1.376598e+02 
1.376598e+02 
1.376598e+02 
1.376598e+02 
1.376598e+02 
1.376598e+02 
1.376598e+02 
1.376598e+02 
1.376598e+02 
1.376598e+02 
1.376598e+02 
1.376598e+02 
1.376598e+02 
1.376598e+02 
1.376598e+02 
1.376598e+02 
1.376598e+02 
1.376598e+02 
1.376598e+02 
1.376598e+02 
1.376598e+02 
1.376598e+02 
1.376598e+02 
1.376598e+02 
1.376598e+02 
1.375281e+02 
1.375281e+02 
1.375281e+02 
1.373568e+02 
1.373568e+02 
1.373568e+02 
1.373568e+02 
1.373568e+02 
1.373568e+02 
1.373568e+02 
1.373568e+02 
1.373568e+02 
1.373568e+02 
1.373568e+02 
1.373568e+02 
1.373568e+02 
1.373568e+02 
1.373568e+02 
1.373568e+02 
1.373568e+02 
1.373568e+02 
1.373568e+02 
1.373568e+02 
1.373568e+02 
1.373568e+02 
1.373568e+02 
1.373568e+02 
1.373568e+02 
1.373568e+02 
1.373568e+02 
1.373568e+02 
1.373568e+02 
1.373568e+02 
1.373568e+02 
1.373568e+02 
1.373568e+02 
1.373568e+02 
1.373568e+02 
1.373568e+02 
1.373568e+02 
1.373568e+02 
1.373568e+02 
1.373568e+02 
1.373568e+02 
1.373568e+02 
1.373568e+02 
1.373568e+02 
1.373568e+02 
1.373568e+02 
1.373568e+02 
1.373568e+02 
1.373568e+02 
1.373568e+02 
1.373568e+02 
1.373568e+02 
1.373568e+02 
1.373568e+02 
1.373568e+02 
1.373568e+02 
1.373568e+02 
1.373568e+02 
1.373568e+02 
1.373568e+02 
1.373568e+02 
1.373568e+02 
1.373568e+02 
1.373568e+02 
1.373568e+02 
1.373568e+02 
1.373568e+02 
1.373568e+02 
1.373568e+02 
1.373568e+02 
1.373568e+02 
1.373568e+02 
1.373568e+02 
1.373568e+02 
1.373568e+02 
1.373568e+02 
1.373568e+02 
1.373568e+02 
1.373568e+02 
1.373114e+02 
1.373114e+02 
1.373114e+02 
1.373114e+02 
1.373114e+02 
1.373114e+02 
1.373114e+02 
1.373114e+02 
1.373114e+02 
1.373114e+02 
1.373114e+02 
1.373114e+02 
1.373114e+02 
1.373114e+02 
1.373114e+02 
1.373114e+02 
1.373114e+02 
1.373114e+02 
1.373114e+02 
1.373114e+02 
1.373114e+02 
1.373114e+02 
1.373114e+02 
1.373114e+02 
1.373114e+02 
1.373114e+02 
1.373114e+02 
1.373114e+02 
1.373114e+02 
1.373114e+02 
1.373114e+02 
1.373114e+02 
1.373114e+02 
1.373114e+02 
1.373114e+02 
1.373114e+02 
1.373114e+02 
1.372766e+02 
1.372766e+02 
1.372766e+02 
1.372766e+02 
1.372766e+02 
1.372766e+02 
1.372766e+02 
1.372766e+02 
1.372766e+02 
1.372766e+02 
1.372766e+02 
1.372766e+02 
1.372744e+02 
1.372744e+02 
1.372744e+02 
1.372180e+02 
1.372180e+02 
1.372180e+02 
1.372180e+02 
1.372180e+02 
1.372180e+02 
1.371776e+02 
1.371776e+02 
1.371776e+02 
1.371776e+02 
1.371776e+02 
1.371776e+02 
1.371776e+02 
1.371776e+02 
1.371776e+02 
1.371776e+02 
1.371776e+02 
1.371776e+02 
1.371776e+02 
1.371776e+02 
1.371776e+02 
1.371776e+02 
1.371776e+02 
1.371776e+02 
1.371776e+02 
1.371776e+02 
1.371776e+02 
1.371776e+02 
1.371658e+02 
1.371658e+02 
1.371658e+02 
1.371653e+02 
1.371558e+02 
1.371438e+02 
1.371438e+02 
1.371438e+02 
1.371438e+02 
1.371438e+02 
1.371438e+02 
1.371438e+02 
1.371438e+02 
1.371430e+02 
1.371430e+02 
1.371430e+02 
1.371430e+02 
1.371429e+02 
1.371429e+02 
1.371429e+02 
1.371429e+02 
1.371429e+02 
1.371429e+02 
1.371429e+02 
1.371429e+02 
1.371429e+02 
1.371429e+02 
1.371429e+02 
1.371429e+02 
1.371429e+02 
1.371429e+02 
1.371429e+02 
1.371429e+02 
1.371429e+02 
1.371429e+02 
1.371429e+02 
1.371429e+02 
1.371429e+02 
1.371429e+02 
1.371429e+02 
1.371429e+02 
1.371429e+02 
1.371429e+02 
1.371429e+02 
1.371429e+02 
1.371429e+02 
1.371429e+02 
1.371429e+02 
1.371429e+02 
1.371429e+02 
1.371429e+02 
1.371429e+02 
1.371429e+02 
1.371429e+02 
1.371429e+02 
1.371429e+02 
1.371429e+02 
1.371429e+02 
1.371429e+02 
1.371429e+02 
1.371429e+02 
1.371429e+02 
1.371429e+02 
1.371429e+02 
1.371425e+02 
1.371425e+02 
1.371425e+02 
1.371425e+02 
1.371425e+02 
1.371425e+02 
1.371425e+02 
1.371425e+02 
1.371425e+02 
1.371425e+02 
1.371425e+02 
1.371425e+02 
1.371425e+02 
1.371425e+02 
1.371425e+02 
1.371425e+02 
1.371425e+02 
1.371425e+02 
1.371425e+02 
1.371425e+02 
1.371425e+02 
1.371425e+02 
1.371425e+02 
1.371425e+02 
1.371425e+02 
1.371425e+02 
1.371425e+02 
1.371425e+02 
1.371425e+02 
1.371425e+02 
1.371425e+02 
1.371425e+02 
1.371425e+02 
1.371425e+02 
1.371425e+02 
1.371425e+02 
1.371425e+02 
1.371425e+02 
1.371425e+02 
1.371425e+02 
1.371425e+02 
1.371425e+02 
1.371425e+02 
1.371410e+02 
1.371410e+02 
1.371410e+02 
1.371410e+02 
1.371410e+02 
1.371410e+02 
1.371410e+02 
1.371410e+02 
1.371410e+02 
1.371410e+02 
1.371410e+02 
1.371410e+02 
1.371410e+02 
1.371410e+02 
1.371410e+02 
1.371410e+02 
1.371410e+02 
1.371410e+02 
1.371410e+02 
1.371410e+02 
1.371410e+02 
1.371410e+02 
1.371410e+02 
1.371410e+02 
1.371410e+02 
1.371410e+02 
1.371410e+02 
1.371410e+02 
1.371410e+02 
1.371410e+02 
1.371410e+02 
1.371410e+02 
1.371410e+02 
1.371410e+02 
1.371410e+02 
1.371410e+02 
1.371410e+02 
1.371410e+02 
1.371410e+02 
1.371410e+02 
1.371410e+02 
1.371410e+02 
1.371410e+02 
1.371410e+02 
1.371410e+02 
1.371410e+02 
1.371410e+02 
1.371410e+02 
1.371410e+02 
1.371410e+02 
1.371405e+02 
1.368619e+02 
1.368619e+02 
1.368619e+02 
1.368619e+02 
1.368619e+02 
1.368619e+02 
1.368619e+02 
1.368619e+02 
1.368619e+02 
1.368619e+02 
1.368619e+02 
1.368084e+02 
1.367640e+02 
1.367640e+02 
1.367166e+02 
1.367166e+02 
1.367166e+02 
1.367166e+02 
1.367166e+02 
1.367166e+02 
1.367166e+02 
1.367085e+02 
1.367085e+02 
1.367085e+02 
1.367085e+02 
1.367085e+02 
1.367085e+02 
1.367085e+02 
1.366965e+02 
1.366965e+02 
1.366965e+02 
1.366965e+02 
1.366965e+02 
1.366965e+02 
1.366965e+02 
1.366965e+02 
1.366965e+02 
1.366965e+02 
1.366965e+02 
1.366584e+02 
1.366584e+02 
1.366584e+02 
1.366584e+02 
1.366584e+02 
1.366584e+02 
1.366584e+02 
1.366584e+02 
1.366584e+02 
1.366584e+02 
1.366584e+02 
1.366584e+02 
1.366584e+02 
1.366584e+02 
1.366470e+02 
1.366470e+02 
1.366470e+02 
1.366470e+02 
1.366470e+02 
1.366470e+02 
1.366470e+02 
1.366470e+02 
1.366470e+02 
1.366470e+02 
1.366470e+02 
1.366470e+02 
1.366470e+02 
1.366470e+02 
1.366470e+02 
1.366470e+02 
1.366470e+02 
1.366470e+02 
1.366470e+02 
1.366470e+02 
1.365863e+02 
1.365863e+02 
1.365863e+02 
1.365432e+02 
1.365432e+02 
1.365432e+02 
1.365432e+02 
1.365432e+02 
1.365432e+02 
1.365432e+02 
1.365432e+02 
1.365093e+02 
1.365093e+02 
1.365093e+02 
1.365093e+02 
1.365093e+02 
1.365093e+02 
1.365093e+02 
1.365093e+02 
1.365093e+02 
1.365093e+02 
1.365093e+02 
1.365093e+02 
1.365093e+02 
1.365078e+02 
1.365078e+02 
1.365078e+02 
1.365078e+02 
1.365071e+02 
1.364868e+02 
1.364638e+02 
1.364638e+02 
1.364638e+02 
1.364638e+02 
1.364638e+02 
1.364638e+02 
1.364638e+02 
1.364638e+02 
1.364638e+02 
1.364638e+02 
1.364638e+02 
1.364638e+02 
1.364638e+02 
1.364638e+02 
1.364638e+02 
1.364638e+02 
1.364638e+02 
1.364638e+02 
1.364638e+02 
1.364638e+02 
1.364638e+02 
1.364638e+02 
1.364638e+02 
1.364638e+02 
1.364638e+02 
1.364638e+02 
1.364638e+02 
1.364638e+02 
1.364638e+02 
1.364562e+02 
1.364534e+02 
1.364534e+02 
1.364534e+02 
1.364534e+02 
1.364534e+02 
1.364534e+02 
1.364534e+02 
1.364534e+02 
1.364526e+02 
1.364526e+02 
1.364526e+02 
1.364526e+02 
1.364526e+02 
1.364526e+02 
1.364526e+02 
1.364526e+02 
1.364526e+02 
1.364526e+02 
1.364526e+02 
1.364526e+02 
1.364526e+02 
1.364526e+02 
1.364526e+02 
1.364526e+02 
1.364526e+02 
1.364526e+02 
1.364526e+02 
1.364526e+02 
1.364526e+02 
1.364526e+02 
1.364526e+02 
1.364526e+02 
1.364526e+02 
1.364526e+02 
1.364526e+02 
1.364523e+02 
1.364523e+02 
1.364523e+02 
1.364517e+02 
1.364517e+02 
1.364517e+02 
1.364517e+02 
1.364517e+02 
1.364517e+02 
1.364517e+02 
1.364517e+02 
1.364517e+02 
1.364517e+02 
1.364517e+02 
1.364517e+02 
1.364517e+02 
1.364513e+02 
1.364513e+02 
1.364513e+02 
1.364513e+02 
1.364513e+02 
1.364513e+02 
1.364513e+02 
1.364513e+02 
1.364513e+02 
1.364513e+02 
1.364513e+02 
1.364513e+02 
1.364513e+02 
1.364513e+02 
1.364513e+02 
1.364513e+02 
1.364513e+02 
1.364513e+02 
1.364513e+02 
1.364513e+02 
1.364513e+02 
1.364513e+02 
1.364513e+02 
1.364512e+02 
1.364512e+02 
1.364512e+02 
1.364512e+02 
1.364512e+02 
1.364512e+02 
1.364512e+02 
1.364512e+02 
1.364512e+02 
1.364512e+02 
1.364512e+02 
1.364512e+02 
1.364512e+02 
1.364512e+02 
1.364512e+02 
1.364512e+02 
1.364512e+02 
1.364512e+02 
1.364512e+02 
1.364512e+02 
1.364512e+02 
1.364512e+02 
1.364512e+02 
1.364512e+02 
1.364512e+02 
9.724069e+01 
9.724069e+01 
9.724069e+01 
9.724069e+01 
9.724069e+01 
9.724069e+01 
9.724069e+01 
9.724069e+01 
9.724069e+01 
9.724069e+01 
9.192434e+01 
9.192434e+01 
9.192434e+01 
5.612230e+01 
5.612230e+01 
5.612230e+01 
5.612230e+01 
5.612230e+01 
5.612230e+01 
5.612230e+01 
5.612230e+01 
5.612230e+01 
5.612230e+01 
5.170545e+01 
5.170545e+01 
5.170545e+01 
5.170545e+01 
5.170545e+01 
5.170545e+01 
5.170545e+01 
4.635577e+01 
4.635577e+01 
4.635577e+01 
4.635577e+01 
4.635577e+01 
4.635577e+01 
4.635577e+01 
4.635577e+01 
4.635577e+01 
4.635577e+01 
4.635577e+01 
4.635577e+01 
4.635577e+01 
3.301534e+01 
3.301534e+01 
3.301534e+01 
3.301534e+01 
3.301534e+01 
3.301534e+01 
2.119141e+01 
2.119141e+01 
2.119141e+01 
2.119141e+01 
2.119141e+01 
2.119141e+01 
2.119141e+01 
2.119141e+01 
2.119141e+01 
2.119141e+01 
2.119141e+01 
2.119141e+01 
2.119141e+01 
2.119141e+01 
2.119141e+01 
2.119141e+01 
2.119141e+01 
2.119141e+01 
2.119141e+01 
2.119141e+01 
2.119141e+01 
2.119141e+01 
2.119141e+01 
2.119141e+01 
2.119141e+01 
2.119141e+01 
2.119141e+01 
2.119141e+01 
2.119141e+01 
2.119141e+01 
2.119141e+01 
2.119141e+01 
2.119141e+01 
2.119141e+01 
2.119141e+01 
2.119141e+01 
2.119141e+01 
2.119141e+01 
2.119141e+01 
2.119141e+01 
2.119141e+01 
2.119141e+01 
2.119141e+01 
2.119141e+01 
2.119141e+01 
2.106972e+01 
2.106972e+01 
2.106972e+01 
2.010267e+01 
2.010267e+01 
2.010267e+01 
2.010267e+01 
2.010267e+01 
2.010267e+01 
2.010267e+01 
2.010267e+01 
2.010267e+01 
2.010267e+01 
2.010267e+01 
2.010267e+01 
2.010267e+01 
2.010267e+01 
2.010267e+01 
2.010267e+01 
2.010267e+01 
2.010267e+01 
2.010267e+01 
2.010267e+01 
2.010267e+01 
2.010267e+01 
2.010267e+01 
2.010267e+01 
2.010267e+01 
2.010267e+01 
2.010267e+01 
2.010267e+01 
2.010267e+01 
2.010267e+01 
2.010267e+01 
2.010267e+01 
2.010267e+01 
1.986280e+01 
1.986280e+01 
1.986280e+01 
1.986280e+01 
1.986280e+01 
1.986280e+01 
1.986280e+01 
1.986280e+01 
1.984454e+01 
1.979578e+01 
1.979578e+01 
1.973146e+01 
1.972599e+01 
1.972599e+01 
1.972599e+01 
1.966587e+01 
1.966587e+01 
1.966587e+01 
1.965070e+01 
1.964384e+01 
1.964384e+01 
1.964384e+01 
1.964384e+01 
1.959893e+01 
1.959608e+01 
1.959608e+01 
1.959475e+01 
1.959475e+01 
1.959475e+01 
1.958548e+01 
1.958548e+01 
1.958548e+01 
1.958548e+01 
1.958548e+01 
1.958548e+01 
1.958548e+01 
1.958548e+01 
1.958548e+01 
1.958282e+01 
1.958282e+01 
1.957419e+01 
1.956827e+01 
1.956537e+01 
1.956412e+01 
1.956374e+01 
1.956374e+01 
1.956100e+01 
1.955927e+01 
1.955819e+01 
1.955751e+01 
1.955708e+01 
1.955681e+01 
1.955663e+01 
1.955651e+01 
1.955643e+01 
1.955638e+01 
1.955634e+01 
1.955631e+01 
1.955629e+01 
1.955628e+01 
1.955627e+01 
1.955626e+01 
1.955625e+01 
1.955625e+01 
1.955625e+01 
1.955624e+01 
1.955624e+01 
1.955624e+01 
1.955624e+01 
1.955624e+01 
1.955624e+01 
1.955624e+01 
1.955624e+01 
1.955624e+01 
1.955624e+01 
1.955624e+01 
1.955624e+01 
1.955624e+01 
1.955624e+01 
1.955624e+01 
1.955624e+01 
1.955624e+01 
1.955624e+01 
1.955624e+01 
1.955624e+01 
1.955624e+01 
1.955624e+01 
1.955624e+01 
1.955624e+01 
1.955624e+01 
1.955624e+01 
1.955624e+01 
1.955624e+01 
1.955624e+01 
1.955624e+01 
1.955624e+01 
1.955624e+01 
1.955624e+01 
1.955624e+01 
1.955624e+01 
1.955624e+01 
1.955624e+01 
1.955624e+01 
1.955624e+01 
1.955624e+01 
1.955624e+01 
1.955624e+01 
1.955624e+01 
1.955624e+01 
1.955624e+01 
1.955624e+01 
1.955624e+01 
1.955624e+01 
1.955624e+01 
1.955624e+01 
1.955624e+01 
1.944796e+01 
1.944796e+01 
1.944796e+01 
1.944796e+01 
1.944796e+01 
1.944796e+01 
1.944796e+01 
1.944796e+01 
1.944796e+01 
1.944796e+01 
1.930117e+01 
1.930117e+01 
1.930117e+01 
1.930117e+01 
1.930117e+01 
1.885389e+01 
1.885389e+01 
1.885389e+01 
1.885389e+01 
1.885389e+01 
1.885389e+01 
1.885389e+01 
1.885389e+01 
1.885389e+01 
1.885389e+01 
1.885389e+01 
1.885389e+01 
1.885389e+01 
1.885389e+01 
1.885389e+01 
1.885389e+01 
1.885389e+01 
1.885389e+01 
1.885389e+01 
1.885389e+01 
1.885389e+01 
1.885389e+01 
1.876728e+01 
1.876728e+01 
1.876728e+01 
1.876728e+01 
1.876728e+01 
1.876728e+01 
1.876728e+01 
1.876728e+01 
1.876728e+01 
1.876728e+01 
1.876728e+01 
1.876728e+01 
1.876728e+01 
1.876728e+01 
1.876728e+01 
1.876728e+01 
1.876728e+01 
1.876728e+01 
1.876728e+01 
1.876728e+01 
1.876728e+01 
1.876728e+01 
1.876728e+01 
1.876728e+01 
1.876728e+01 
1.876728e+01 
1.876728e+01 
1.876728e+01 
1.876728e+01 
1.876728e+01 
1.876728e+01 
1.876728e+01 
1.876728e+01 
1.876728e+01 
1.876728e+01 
1.876728e+01 
1.876728e+01 
1.876728e+01 
1.876728e+01 
1.876728e+01 
1.876728e+01 
1.876728e+01 
1.876728e+01 
1.876728e+01 
1.876728e+01 
1.876728e+01 
1.876728e+01 
1.876728e+01 
1.876728e+01 
1.876728e+01 
1.876728e+01 
1.876728e+01 
1.876728e+01 
1.876728e+01 
1.876728e+01 
1.876728e+01 
1.876728e+01 
1.876728e+01 
1.876728e+01 
1.876728e+01 
1.876728e+01 
1.876728e+01 
1.876728e+01 
1.876728e+01 
1.876728e+01 
1.876728e+01 
1.876728e+01 
1.876728e+01 
1.876728e+01 
1.876728e+01 
1.876728e+01 
1.876728e+01 
1.876728e+01 
1.876728e+01 
1.876728e+01 
1.876728e+01 
1.872778e+01 
1.872778e+01 
1.860250e+01 
1.860250e+01 
1.860250e+01 
1.860250e+01 
1.860250e+01 
1.860250e+01 
1.860250e+01 
1.852901e+01 
1.852901e+01 
1.852901e+01 
1.852901e+01 
1.852901e+01 
1.852901e+01 
1.852901e+01 
1.852901e+01 
1.852901e+01 
1.852901e+01 
1.852901e+01 
1.852901e+01 
1.852901e+01 
1.852901e+01 
1.852901e+01 
1.852901e+01 
1.852901e+01 
1.852901e+01 
1.852901e+01 
1.852901e+01 
1.852901e+01 
1.852901e+01 
1.852901e+01 
1.852901e+01 
1.852901e+01 
1.852901e+01 
1.852901e+01 
1.852901e+01 
1.852901e+01 
1.852901e+01 
1.852901e+01 
1.852901e+01 
1.850203e+01 
1.850203e+01 
1.850203e+01 
1.850203e+01 
1.850203e+01 
1.850203e+01 
1.850203e+01 
1.850203e+01 
1.850203e+01 
1.850203e+01 
1.850203e+01 
1.850203e+01 
1.850203e+01 
1.850203e+01 
1.850203e+01 
1.850203e+01 
1.850203e+01 
1.850203e+01 
1.850203e+01 
1.850203e+01 
1.850203e+01 
1.850203e+01 
1.850203e+01 
1.850203e+01 
1.850203e+01 
1.849721e+01 
1.849721e+01 
1.849721e+01 
1.809630e+01 
1.809630e+01 
1.809630e+01 
1.809630e+01 
1.809630e+01 
1.809630e+01 
1.809630e+01 
1.809630e+01 
1.809630e+01 
1.809630e+01 
1.809630e+01 
1.809630e+01 
1.809630e+01 
1.809630e+01 
1.809630e+01 
1.809630e+01 
1.809630e+01 
1.809630e+01 
1.809630e+01 
1.809630e+01 
1.809630e+01 
1.809630e+01 
1.809630e+01 
1.809630e+01 
1.809630e+01 
1.809630e+01 
1.809630e+01 
1.809630e+01 
1.809630e+01 
1.809630e+01 
1.809630e+01 
1.809630e+01 
1.809630e+01 
1.809630e+01 
1.809630e+01 
1.809630e+01 
1.809630e+01 
1.809630e+01 
1.809630e+01 
1.809630e+01 
1.809630e+01 
1.809630e+01 
1.809630e+01 
1.809630e+01 
1.809630e+01 
1.809630e+01 
1.809630e+01 
1.809630e+01 
1.809630e+01 
1.809630e+01 
1.809630e+01 
1.809630e+01 
1.809630e+01 
1.809630e+01 
1.809630e+01 
1.809630e+01 
1.809630e+01 
1.809630e+01 
1.809630e+01 
1.809630e+01 
1.809630e+01 
1.809630e+01 
1.809630e+01 
1.809630e+01 
1.809630e+01 
1.798917e+01 
1.798917e+01 
1.798917e+01 
1.798917e+01 
1.798917e+01 
1.798917e+01 
1.798917e+01 
1.798917e+01 
1.798917e+01 
1.798917e+01 
1.798917e+01 
1.798917e+01 
1.798917e+01 
1.798917e+01 
1.798917e+01 
1.798917e+01 
1.798917e+01 
1.798917e+01 
1.798917e+01 
1.798917e+01 
1.798917e+01 
1.798917e+01 
1.798917e+01 
1.798917e+01 
1.798917e+01 
1.798917e+01 
1.798917e+01 
1.798917e+01 
1.788461e+01 
1.788461e+01 
1.788461e+01 
1.788461e+01 
1.788461e+01 
1.788461e+01 
1.788461e+01 
1.788461e+01 
1.788461e+01 
1.788461e+01 
1.788461e+01 
1.788461e+01 
1.788461e+01 
1.788461e+01 
1.788461e+01 
1.788461e+01 
1.788461e+01 
1.788461e+01 
1.788461e+01 
1.788461e+01 
1.788461e+01 
1.788461e+01 
1.788461e+01 
1.788461e+01 
1.788461e+01 
1.788461e+01 
1.788461e+01 
1.788461e+01 
1.788461e+01 
1.788461e+01 
1.788461e+01 
1.788461e+01 
1.788461e+01 
1.788461e+01 
1.788461e+01 
1.788461e+01 
1.788461e+01 
1.788461e+01 
1.788461e+01 
1.788461e+01 
1.788461e+01 
1.788461e+01 
1.788461e+01 
1.788461e+01 
1.788461e+01 
1.788461e+01 
1.788461e+01 
1.788461e+01 
1.788461e+01 
1.788461e+01 
1.788461e+01 
1.788461e+01 
1.788461e+01 
1.788461e+01 
1.788461e+01 
1.788461e+01 
1.788461e+01 
1.788461e+01 
1.788461e+01 
1.788461e+01 
1.788461e+01 
1.788461e+01 
1.788461e+01 
1.788461e+01 
1.788461e+01 
1.788461e+01 
1.788461e+01 
1.788461e+01 
1.782856e+01 
1.782856e+01 
1.782856e+01 
1.782856e+01 
1.782856e+01 
1.782856e+01 
1.782856e+01 
1.782856e+01 
1.782856e+01 
1.782856e+01 
1.782856e+01 
1.782856e+01 
1.782856e+01 
1.782856e+01 
1.782856e+01 
1.782856e+01 
1.782856e+01 
1.782856e+01 
1.782856e+01 
1.782856e+01 
1.782856e+01 
1.782856e+01 
1.782856e+01 
1.782856e+01 
1.782856e+01 
1.782856e+01 
1.782856e+01 
1.782856e+01 
1.782856e+01 
1.782856e+01 
1.782856e+01 
1.782856e+01 
1.782856e+01 
1.782856e+01 
1.782856e+01 
1.782856e+01 
1.782856e+01 
1.782856e+01 
1.782856e+01 
1.782856e+01 
1.782856e+01 
1.782856e+01 
1.782856e+01 
1.782856e+01 
1.782856e+01 
1.782856e+01 
1.782856e+01 
1.782856e+01 
1.782856e+01 
1.782856e+01 
1.782856e+01 
1.782856e+01 
1.782856e+01 
1.782856e+01 
1.782856e+01 
1.782856e+01 
1.782856e+01 
1.782856e+01 
1.782856e+01 
1.782856e+01 
1.782856e+01 
1.782856e+01 
1.782856e+01 
1.782856e+01 
1.782856e+01 
1.782856e+01 
1.782856e+01 
1.782856e+01 
1.782856e+01 
1.782856e+01 
1.782856e+01 
1.782856e+01 
1.782856e+01 
1.782856e+01 
1.782856e+01 
1.782856e+01 
1.782856e+01 
1.782856e+01 
1.782856e+01 
1.782856e+01 
1.782856e+01 
1.782856e+01 
1.782856e+01 
1.782856e+01 
1.782856e+01 
1.782856e+01 
1.782856e+01 
1.782856e+01 
1.782856e+01 
1.782856e+01 
1.782856e+01 
1.782856e+01 
1.782856e+01 
1.782856e+01 
1.782856e+01 
1.782856e+01 
1.782856e+01 
1.782856e+01 
1.782856e+01 
1.782856e+01 
1.782856e+01 
1.782856e+01 
1.782856e+01 
1.782856e+01 
1.782856e+01 
1.782856e+01 
1.782856e+01 
1.782856e+01 
1.782856e+01 
1.781018e+01 
1.781018e+01 
1.781018e+01 
1.780198e+01 
1.780198e+01 
1.779912e+01 
1.779912e+01 
1.779912e+01 
1.779912e+01 
1.778151e+01 
1.778151e+01 
1.778151e+01 
1.778151e+01 
1.778151e+01 
1.778151e+01 
1.778151e+01 
1.778151e+01 
1.778151e+01 
1.778151e+01 
1.778151e+01 
1.778151e+01 
1.778151e+01 
1.778151e+01 
1.778151e+01 
1.778151e+01 
1.778151e+01 
1.778151e+01 
1.778151e+01 
1.778151e+01 
1.778151e+01 
1.778151e+01 
1.778151e+01 
1.778151e+01 
1.778151e+01 
1.778151e+01 
1.778151e+01 
1.778151e+01 
1.778151e+01 
1.778151e+01 
1.778151e+01 
1.778151e+01 
1.778151e+01 
1.778151e+01 
1.778151e+01 
1.778151e+01 
1.778151e+01 
1.778151e+01 
1.778151e+01 
1.778151e+01 
1.778151e+01 
1.778151e+01 
1.772244e+01 
1.772244e+01 
1.772244e+01 
1.772244e+01 
1.772244e+01 
1.772244e+01 
1.772244e+01 
1.772244e+01 
1.772244e+01 
1.772244e+01 
1.772244e+01 
1.772244e+01 
1.772244e+01 
1.772244e+01 
1.772244e+01 
1.772244e+01 
1.772244e+01 
1.772244e+01 
1.772244e+01 
1.772244e+01 
1.772244e+01 
1.772244e+01 
1.772244e+01 
1.772244e+01 
1.772244e+01 
1.772244e+01 
1.772244e+01 
1.772244e+01 
1.772244e+01 
1.772244e+01 
1.772244e+01 
1.772244e+01 
1.772244e+01 
1.772244e+01 
1.772244e+01 
1.772244e+01 
1.772244e+01 
1.772244e+01 
1.772244e+01 
1.772244e+01 
1.772244e+01 
1.771256e+01 
1.771256e+01 
1.770162e+01 
1.770162e+01 
1.770162e+01 
1.770162e+01 
1.770162e+01 
1.770162e+01 
1.770162e+01 
1.770162e+01 
1.769372e+01 
1.769372e+01 
1.769372e+01 
1.769372e+01 
1.769372e+01 
1.769372e+01 
1.769372e+01 
1.769372e+01 
1.769372e+01 
1.769372e+01 
1.769372e+01 
1.768686e+01 
1.768686e+01 
1.768686e+01 
1.768686e+01 
1.768686e+01 
1.768686e+01 
1.768686e+01 
1.768686e+01 
1.768686e+01 
1.768686e+01 
1.768686e+01 
1.768686e+01 
1.768686e+01 
1.768686e+01 
1.768686e+01 
1.768686e+01 
1.768686e+01 
1.768686e+01 
1.767079e+01 
1.767079e+01 
1.767079e+01 
1.767079e+01 
1.767079e+01 
1.766318e+01 
1.766318e+01 
1.766318e+01 
1.766318e+01 
1.766318e+01 
1.766318e+01 
1.766318e+01 
1.764655e+01 
1.764655e+01 
1.764655e+01 
1.764655e+01 
1.764655e+01 
1.764655e+01 
1.764655e+01 
1.762865e+01 
1.762865e+01 
1.762865e+01 
1.762865e+01 
1.762865e+01 
1.762865e+01 
1.760868e+01 
1.760868e+01 
1.760868e+01 
1.760868e+01 
1.760868e+01 
1.760868e+01 
1.760868e+01 
1.760868e+01 
1.760868e+01 
1.760868e+01 
1.760868e+01 
1.760868e+01 
1.760868e+01 
1.760868e+01 
1.760868e+01 
1.760868e+01 
1.760868e+01 
1.760520e+01 
1.760520e+01 
1.760520e+01 
1.760520e+01 
1.760520e+01 
1.760520e+01 
1.760520e+01 
1.760520e+01 
1.760520e+01 
1.760520e+01 
1.760520e+01 
1.760520e+01 
1.760520e+01 
1.760520e+01 
1.760520e+01 
1.760520e+01 
1.760520e+01 
1.760520e+01 
1.760520e+01 
1.760520e+01 
1.760520e+01 
1.760520e+01 
1.760520e+01 
1.760520e+01 
1.760520e+01 
1.760520e+01 
1.760520e+01 
1.760520e+01 
1.760520e+01 
1.760520e+01 
1.760520e+01 
1.760520e+01 
1.760520e+01 
1.760520e+01 
1.760520e+01 
1.760520e+01 
1.760520e+01 
1.760520e+01 
1.760520e+01 
1.760520e+01 
1.760520e+01 
1.760520e+01 
1.760520e+01 
1.760482e+01 
1.760482e+01 
1.759913e+01 
1.759913e+01 
1.759913e+01 
1.759913e+01 
1.759913e+01 
1.758847e+01 
1.758847e+01 
1.758847e+01 
1.758847e+01 
1.758785e+01 
1.758785e+01 
1.758633e+01 
1.758633e+01 
1.758633e+01 
1.758633e+01 
1.758633e+01 
1.758633e+01 
1.758633e+01 
1.758633e+01 
1.758540e+01 
1.758540e+01 
1.758326e+01 
1.758326e+01 
1.758326e+01 
1.758326e+01 
1.758326e+01 
1.758326e+01 
1.758326e+01 
1.758326e+01 
1.758326e+01 
1.758326e+01 
1.758326e+01 
1.758326e+01 
1.758326e+01 
1.758326e+01 
1.758326e+01 
1.758326e+01 
1.758326e+01 
1.758299e+01 
1.758299e+01 
1.758299e+01 
1.758299e+01 
1.758299e+01 
1.758299e+01 
1.758299e+01 
1.758299e+01 
1.248253e+01 
1.248253e+01 
4.861559e+00 
4.861559e+00 
4.861559e+00 
4.861559e+00 
4.861559e+00 
4.861559e+00 
4.861559e+00 
4.861559e+00 
4.861559e+00 
4.861559e+00 
4.861559e+00 
4.861559e+00 
4.861559e+00 
4.861559e+00 
4.861559e+00 
4.861559e+00 
4.861559e+00 
4.861559e+00 
4.861559e+00 
4.861559e+00 
4.861559e+00 
4.861559e+00 
4.861559e+00 
4.861559e+00 
4.356355e+00 
4.155749e+00 
4.155749e+00 
4.155749e+00 
4.155749e+00 
3.644149e+00 
3.644149e+00 
3.644149e+00 
3.644149e+00 
3.644149e+00 
3.644149e+00 
3.644149e+00 
3.644149e+00 
3.644149e+00 
3.644149e+00 
3.644149e+00 
3.644149e+00 
3.644149e+00 
3.644149e+00 
3.644149e+00 
3.644149e+00 
3.644149e+00 
3.644149e+00 
3.644149e+00 
3.644149e+00 
3.644149e+00 
3.644149e+00 
3.644149e+00 
3.644149e+00 
3.644149e+00 
3.644149e+00 
2.670459e+00 
2.487030e+00 
2.487030e+00 
2.487030e+00 
2.427647e+00 
2.427647e+00 
2.427647e+00 
2.427647e+00 
2.427647e+00 
2.427647e+00 
2.425143e+00 
2.425143e+00 
2.425143e+00 
2.115811e+00 
2.115811e+00 
2.115811e+00 
2.115811e+00 
2.115811e+00 
2.115811e+00 
2.115811e+00 
2.115811e+00 
2.115811e+00 
2.115811e+00 
2.115811e+00 
2.115811e+00 
2.115811e+00 
2.115811e+00 
2.115811e+00 
2.115811e+00 
2.115811e+00 
2.115811e+00 
2.115811e+00 
2.115811e+00 
2.115811e+00 
2.115811e+00 
2.115811e+00 
2.115811e+00 
2.115811e+00 
2.115811e+00 
2.115811e+00 
2.115811e+00 
2.115811e+00 
2.115811e+00 
2.115811e+00 
2.115811e+00 
2.115811e+00 
2.115811e+00 
2.115811e+00 
2.115811e+00 
2.115811e+00 
2.115811e+00 
2.115811e+00 
2.115811e+00 
2.115811e+00 
2.115811e+00 
2.115811e+00 
2.115811e+00 
2.115811e+00 
2.115811e+00 
2.115811e+00 
2.115811e+00 
2.115811e+00 
2.115811e+00 
2.115811e+00 
2.115811e+00 
2.115811e+00 
2.115811e+00 
2.115811e+00 
2.115811e+00 
2.115811e+00 
2.115811e+00 
2.115811e+00 
2.115811e+00 
2.115811e+00 
2.115811e+00 
2.115811e+00 
2.115811e+00 
2.115811e+00 
2.115811e+00 
2.115811e+00 
2.015359e+00 
2.015359e+00 
2.015359e+00 
2.015359e+00 
1.969362e+00 
1.969362e+00 
1.969362e+00 
1.969362e+00 
1.793941e+00 
1.793941e+00 
1.793941e+00 
1.793941e+00 
1.793941e+00 
1.793941e+00 
1.793941e+00 
1.793941e+00 
1.793941e+00 
1.793941e+00 
1.793941e+00 
1.793941e+00 
1.793941e+00 
1.793941e+00 
1.793941e+00 
1.793941e+00 
1.737179e+00 
1.737179e+00 
1.737179e+00 
1.737179e+00 
1.737179e+00 
1.737179e+00 
1.737179e+00 
1.737179e+00 
1.477035e+00 
1.477035e+00 
1.477035e+00 
1.477035e+00 
1.477035e+00 
1.477035e+00 
1.477035e+00 
1.477035e+00 
1.477035e+00 
1.477035e+00 
1.477035e+00 
1.477035e+00 
1.477035e+00 
1.477035e+00 
1.477035e+00 
1.477035e+00 
1.477035e+00 
1.454988e+00 
1.454988e+00 
1.454988e+00 
1.454988e+00 
1.454988e+00 
1.454988e+00 
1.454988e+00 
1.454988e+00 
1.454988e+00 
1.454988e+00 
1.454988e+00 
1.454988e+00 
1.454988e+00 
1.454988e+00 
1.454988e+00 
1.454988e+00 
1.450772e+00 
1.450772e+00 
1.450772e+00 
1.450772e+00 
1.450772e+00 
1.450772e+00 
1.450772e+00 
1.450772e+00 
1.450772e+00 
1.450772e+00 
1.450772e+00 
1.450772e+00 
1.450772e+00 
1.450772e+00 
1.450772e+00 
1.450772e+00 
1.450772e+00 
1.450772e+00 
1.450772e+00 
1.450772e+00 
1.450772e+00 
1.450772e+00 
1.433572e+00 
1.433572e+00 
1.433572e+00 
1.433572e+00 
1.433572e+00 
1.433572e+00 
1.432542e+00 
1.432542e+00 
1.432542e+00 
1.432542e+00 
1.432542e+00 
1.432542e+00 
1.432542e+00 
1.432542e+00 
1.425595e+00 
1.425595e+00 
1.364002e+00 
1.364002e+00 
1.364002e+00 
1.364002e+00 
1.364002e+00 
1.318431e+00 
1.318431e+00 
1.318431e+00 
1.318431e+00 
1.318431e+00 
1.318431e+00 
1.318431e+00 
1.318431e+00 
1.318431e+00 
1.318431e+00 
1.318431e+00 
1.318431e+00 
1.318431e+00 
1.295764e+00 
1.280497e+00 
1.280497e+00 
1.280497e+00 
1.280497e+00 
1.280497e+00 
1.280497e+00 
1.280497e+00 
1.280497e+00 
1.280497e+00 
1.280497e+00 
1.280497e+00 
1.280497e+00 
1.280497e+00 
1.280497e+00 
1.280497e+00 
1.280497e+00 
1.280497e+00 
1.280497e+00 
1.280497e+00 
1.280497e+00 
1.280497e+00 
1.280497e+00 
1.280497e+00 
1.280497e+00 
1.280497e+00 
1.280497e+00 
1.280497e+00 
1.279743e+00 
1.279743e+00 
1.279743e+00 
1.279743e+00 
1.279743e+00 
1.279743e+00 
1.279743e+00 
1.279743e+00 
1.279743e+00 
1.279743e+00 
1.279743e+00 
1.279743e+00 
1.279743e+00 
1.279743e+00 
1.279743e+00 
1.279743e+00 
1.279743e+00 
1.279743e+00 
1.279743e+00 
1.272861e+00 
1.272861e+00 
1.272861e+00 
1.272861e+00 
1.272861e+00 
1.272861e+00 
1.272861e+00 
1.272861e+00 
1.272861e+00 
1.272861e+00 
1.272861e+00 
1.272861e+00 
1.272861e+00 
1.272861e+00 
1.272861e+00 
1.272861e+00 
1.272861e+00 
1.272861e+00 
1.272861e+00 
1.272861e+00 
1.272861e+00 
1.272861e+00 
1.272861e+00 
1.266186e+00 
1.266186e+00 
1.266186e+00 
1.266186e+00 
1.260266e+00 
1.260266e+00 
1.260266e+00 
1.260266e+00 
1.260266e+00 
1.260266e+00 
1.260266e+00 
1.260266e+00 
1.260266e+00 
1.260266e+00 
1.260266e+00 
1.260266e+00 
1.250732e+00 
1.250732e+00 
1.246496e+00 
1.246496e+00 
1.246496e+00 
1.246496e+00 
1.246496e+00 
1.246496e+00 
1.246496e+00 
1.246496e+00 
1.246496e+00 
1.246496e+00 
1.246496e+00 
1.246496e+00 
1.246496e+00 
1.246496e+00 
1.246496e+00 
1.246496e+00 
1.246496e+00 
1.246496e+00 
1.243901e+00 
1.243901e+00 
1.243901e+00 
1.243901e+00 
1.243901e+00 
1.243901e+00 
1.243901e+00 
1.243901e+00 
1.243901e+00 
1.243901e+00 
1.243901e+00 
1.243901e+00 
1.243901e+00 
1.243901e+00 
1.243901e+00 
1.243901e+00 
1.243901e+00 
1.243901e+00 
1.243901e+00 
1.243901e+00 
1.243901e+00 
1.243901e+00 
1.243901e+00 
1.243901e+00 
1.243901e+00 
1.243901e+00 
1.243901e+00 
1.243901e+00 
1.243901e+00 
1.243901e+00 
1.232099e+00 
1.232099e+00 
1.232099e+00 
1.106738e+00 
1.106738e+00 
1.106738e+00 
1.106738e+00 
1.106738e+00 
1.106738e+00 
1.106738e+00 
1.085454e+00 
1.085454e+00 
1.085454e+00 
1.085454e+00 
1.085454e+00 
1.085454e+00 
1.078134e+00 
1.060026e+00 
1.060026e+00 
1.060026e+00 
8.157949e-01 
8.157949e-01 
8.157949e-01 
8.157949e-01 
8.157949e-01 
8.157949e-01 
8.157949e-01 
8.157949e-01 
8.157949e-01 
8.157949e-01 
8.157949e-01 
8.157949e-01 
8.157949e-01 
8.157949e-01 
8.157949e-01 
8.157949e-01 
8.157949e-01 
8.157949e-01 
8.157949e-01 
8.157949e-01 
8.157949e-01 
8.157949e-01 
8.157949e-01 
8.157949e-01 
8.157949e-01 
8.157949e-01 
8.157949e-01 
8.157949e-01 
8.157949e-01 
8.157949e-01 
8.157949e-01 
8.157949e-01 
8.157949e-01 
8.157949e-01 
8.157949e-01 
8.157949e-01 
8.157949e-01 
8.157949e-01 
8.157949e-01 
8.157949e-01 
8.157949e-01 
8.157949e-01 
8.157949e-01 
8.157949e-01 
8.157949e-01 
8.157949e-01 
8.157949e-01 
8.157949e-01 
8.157949e-01 
8.157949e-01 
8.157949e-01 
8.157949e-01 
8.157949e-01 
8.157949e-01 
8.157949e-01 
8.157949e-01 
8.106892e-01 
8.106892e-01 
8.106892e-01 
8.106892e-01 
8.106892e-01 
8.106892e-01 
8.106892e-01 
8.106892e-01 
8.106892e-01 
8.106892e-01 
8.106892e-01 
8.106892e-01 
8.106892e-01 
8.106892e-01 
8.106892e-01 
8.106892e-01 
8.106892e-01 
8.106892e-01 
8.106892e-01 
8.106892e-01 
8.106892e-01 
8.106892e-01 
8.106892e-01 
8.106892e-01 
8.057372e-01 
8.057372e-01 
8.057372e-01 
8.057372e-01 
8.057372e-01 
8.057372e-01 
8.057372e-01 
8.057372e-01 
8.057372e-01 
8.057372e-01 
7.838082e-01 
7.838082e-01 
7.838082e-01 
7.838082e-01 
7.838082e-01 
7.838082e-01 
7.838082e-01 
7.838082e-01 
7.838082e-01 
7.838082e-01 
7.838082e-01 
7.838082e-01 
7.838082e-01 
7.838082e-01 
7.838082e-01 
7.838082e-01 
7.838082e-01 
7.838082e-01 
7.838082e-01 
7.838082e-01 
7.838082e-01 
7.838082e-01 
7.838082e-01 
7.838082e-01 
7.838082e-01 
7.838082e-01 
7.838082e-01 
7.821540e-01 
7.821540e-01 
7.821540e-01 
7.821540e-01 
7.821540e-01 
7.821540e-01 
7.821540e-01 
7.821540e-01 
7.821540e-01 
7.821540e-01 
7.821540e-01 
7.821540e-01 
7.821540e-01 
7.821540e-01 
7.821540e-01 
7.821540e-01 
7.821540e-01 
7.821540e-01 
7.821540e-01 
7.821540e-01 
7.821540e-01 
7.821540e-01 
7.821540e-01 
7.821540e-01 
7.821540e-01 
7.821540e-01 
7.821540e-01 
7.821540e-01 
7.821540e-01 
7.821540e-01 
7.821540e-01 
7.821540e-01 
7.821540e-01 
7.821540e-01 
7.821540e-01 
7.821540e-01 
7.821540e-01 
7.821540e-01 
7.821540e-01 
7.821540e-01 
7.821540e-01 
7.821540e-01 
7.821540e-01 
7.821540e-01 
7.821540e-01 
7.821540e-01 
7.821540e-01 
7.821540e-01 
7.821540e-01 
7.808314e-01 
7.808314e-01 
7.808314e-01 
7.808314e-01 
7.808314e-01 
7.808314e-01 
7.808314e-01 
7.808314e-01 
7.808314e-01 
7.808314e-01 
7.808314e-01 
7.808314e-01 
7.808314e-01 
7.808314e-01 
7.808314e-01 
7.808314e-01 
7.808314e-01 
7.808314e-01 
7.808314e-01 
7.808314e-01 
7.808314e-01 
7.808314e-01 
7.808314e-01 
7.808314e-01 
7.808314e-01 
7.808314e-01 
7.808314e-01 
7.769024e-01 
7.769024e-01 
7.769024e-01 
7.769024e-01 
7.769024e-01 
7.769024e-01 
7.769024e-01 
7.769024e-01 
7.769024e-01 
7.769024e-01 
7.769024e-01 
7.769024e-01 
7.769024e-01 
7.769024e-01 
7.769024e-01 
7.749085e-01 
7.749085e-01 
7.749085e-01 
7.749085e-01 
7.748807e-01 
7.748807e-01 
7.748807e-01 
7.748807e-01 
7.748807e-01 
7.748807e-01 
7.748807e-01 
7.748807e-01 
7.748807e-01 
7.748807e-01 
7.748807e-01 
7.748807e-01 
7.748807e-01 
7.748807e-01 
7.748807e-01 
7.748807e-01 
7.748807e-01 
7.748807e-01 
7.748807e-01 
7.748807e-01 
7.748807e-01 
7.748807e-01 
7.748807e-01 
7.741966e-01 
7.741966e-01 
7.741966e-01 
7.741966e-01 
7.741966e-01 
7.741966e-01 
7.741966e-01 
7.741966e-01 
7.741966e-01 
7.741966e-01 
7.741966e-01 
7.741966e-01 
7.741966e-01 
7.741966e-01 
7.741966e-01 
7.741966e-01 
7.741966e-01 
7.741966e-01 
7.741966e-01 
7.741966e-01 
7.741966e-01 
7.741966e-01 
7.741966e-01 
7.741966e-01 
7.741966e-01 
7.741966e-01 
7.741966e-01 
7.741966e-01 
7.741966e-01 
7.741966e-01 
7.741966e-01 
7.741966e-01 
7.741966e-01 
7.741966e-01 
7.741966e-01 
7.741966e-01 
7.741966e-01 
7.741966e-01 
7.741966e-01 
7.741966e-01 
7.741966e-01 
7.741966e-01 
7.741966e-01 
7.741966e-01 
7.741966e-01 
7.741966e-01 
7.741966e-01 
7.741966e-01 
7.741966e-01 
7.741966e-01 
7.741966e-01 
7.741966e-01 
7.741966e-01 
7.741966e-01 
7.741966e-01 
7.741966e-01 
7.741966e-01 
7.741966e-01 
7.741966e-01 
7.741966e-01 
7.741966e-01 
7.741966e-01 
7.741966e-01 
7.667036e-01 
7.667036e-01 
7.667036e-01 
7.667036e-01 
7.667036e-01 
7.667036e-01 
7.667036e-01 
7.667036e-01 
7.667036e-01 
7.667036e-01 
7.667036e-01 
7.667036e-01 
7.667036e-01 
7.667036e-01 
7.667036e-01 
7.667036e-01 
7.667036e-01 
7.667036e-01 
7.667036e-01 
7.667036e-01 
7.667036e-01 
7.667036e-01 
7.624487e-01 
7.624487e-01 
7.624487e-01 
7.624487e-01 
7.624487e-01 
7.624487e-01 
7.624487e-01 
7.621214e-01 
7.621214e-01 
7.621214e-01 
7.621214e-01 
7.621214e-01 
7.621214e-01 
7.621214e-01 
7.621214e-01 
7.621214e-01 
7.621214e-01 
7.621214e-01 
7.621214e-01 
7.621214e-01 
7.556851e-01 
7.556851e-01 
7.556851e-01 
7.556851e-01 
7.556851e-01 
7.556851e-01 
7.556851e-01 
7.556851e-01 
7.556851e-01 
7.556851e-01 
7.556851e-01 
7.556851e-01 
7.556851e-01 
7.556851e-01 
7.556851e-01 
7.556851e-01 
7.556851e-01 
7.556851e-01 
7.556851e-01 
7.556851e-01 
7.556851e-01 
7.556851e-01 
7.556851e-01 
7.556851e-01 
7.556851e-01 
7.556851e-01 
7.556851e-01 
7.556851e-01 
7.556851e-01 
7.556851e-01 
7.556851e-01 
7.556851e-01 
7.556851e-01 
7.556851e-01 
7.556851e-01 
7.556851e-01 
7.556851e-01 
7.556851e-01 
7.556851e-01 
7.556851e-01 
7.556851e-01 
7.555615e-01 
7.551206e-01 
7.551206e-01 
7.548764e-01 
7.548731e-01 
7.548731e-01 
7.548731e-01 
7.538906e-01 
7.538906e-01 
7.538906e-01 
7.538906e-01 
7.538906e-01 
7.538906e-01 
7.538906e-01 
7.538906e-01 
7.538906e-01 
7.538906e-01 
7.538906e-01 
7.538906e-01 
7.538906e-01 
7.538906e-01 
7.538906e-01 
7.537606e-01 
7.537606e-01 
7.537565e-01 
7.537565e-01 
7.537565e-01 
7.537565e-01 
7.537565e-01 
7.537025e-01 
7.537025e-01 
7.537025e-01 
7.537025e-01 
7.537025e-01 
7.537025e-01 
7.537025e-01 
7.537025e-01 
7.537025e-01 
7.537025e-01 
7.537025e-01 
7.537025e-01 
7.537025e-01 
7.537025e-01 
7.537025e-01 
7.537025e-01 
7.537025e-01 
7.537025e-01 
7.537025e-01 
7.537025e-01 
7.537025e-01 
7.537025e-01 
7.537025e-01 
7.536635e-01 
7.536635e-01 
7.535999e-01 
7.535999e-01 
7.535999e-01 
7.535999e-01 
7.535999e-01 
7.535999e-01 
7.535807e-01 
7.535807e-01 
7.535807e-01 
7.535807e-01 
7.535807e-01 
7.535807e-01 
7.461191e-01 
7.461191e-01 
7.461191e-01 
7.461191e-01 
7.461191e-01 
7.461191e-01 
7.461191e-01 
7.461191e-01 
7.461191e-01 
7.461191e-01 
7.461191e-01 
7.461191e-01 
7.461191e-01 
7.461191e-01 
7.461191e-01 
7.461191e-01 
7.461191e-01 
7.461191e-01 
7.461191e-01 
7.461191e-01 
7.461191e-01 
7.461191e-01 
7.461191e-01 
7.442235e-01 
7.442235e-01 
7.442235e-01 
7.442235e-01 
7.442235e-01 
7.442235e-01 
7.442235e-01 
7.442235e-01 
7.442235e-01 
7.439035e-01 
7.439035e-01 
7.439035e-01 
7.439035e-01 
7.439035e-01 
7.439035e-01 
7.439035e-01 
7.439035e-01 
7.439035e-01 
7.439035e-01 
7.439035e-01 
7.439035e-01 
7.439035e-01 
7.439035e-01 
7.439035e-01 
7.439035e-01 
7.439035e-01 
7.433893e-01 
7.433893e-01 
7.433893e-01 
7.433893e-01 
7.433893e-01 
7.433370e-01 
7.433370e-01 
7.433370e-01 
7.433370e-01 
7.397751e-01 
7.397751e-01 
7.397751e-01 
7.397751e-01 
7.397751e-01 
7.397751e-01 
7.397751e-01 
7.397751e-01 
7.397751e-01 
7.397751e-01 
7.397751e-01 
7.397751e-01 
7.397751e-01 
7.397751e-01 
7.397751e-01 
7.397751e-01 
7.397751e-01 
7.397751e-01 
7.397751e-01 
7.397751e-01 
7.397751e-01 
7.397751e-01 
7.397751e-01 
7.397751e-01 
7.397751e-01 
7.397751e-01 
7.397751e-01 
7.397751e-01 
7.397751e-01 
7.397751e-01 
7.397306e-01 
7.394917e-01 
7.394917e-01 
7.391779e-01 
7.391779e-01 
7.386343e-01 
7.386343e-01 
7.386343e-01 
7.386343e-01 
7.382924e-01 
7.380252e-01 
7.376685e-01 
7.368991e-01 
7.368991e-01 
7.368991e-01 
7.367932e-01 
7.367932e-01 
7.367932e-01 
7.367257e-01 
7.364436e-01 
7.362527e-01 
7.361179e-01 
7.359051e-01 
7.359051e-01 
7.359051e-01 
7.359051e-01 
7.358563e-01 
7.358046e-01 
7.358046e-01 
7.358046e-01 
7.358046e-01 
7.356778e-01 
7.355716e-01 
7.353717e-01 
7.352404e-01 
7.104638e-01 
7.055718e-01 
7.055718e-01 
7.055718e-01 
7.055718e-01 
7.055718e-01 
7.055718e-01 
7.055718e-01 
7.055718e-01 
7.055718e-01 
7.055718e-01 
7.055718e-01 
7.055718e-01 
7.055718e-01 
7.055718e-01 
7.055718e-01 
7.055718e-01 
7.055718e-01 
7.055718e-01 
6.981023e-01 
6.981023e-01 
6.981023e-01 
6.981023e-01 
6.981023e-01 
6.981023e-01 
6.981023e-01 
6.981023e-01 
6.981023e-01 
6.981023e-01 
6.981023e-01 
6.981023e-01 
6.981023e-01 
6.981023e-01 
6.981023e-01 
6.981023e-01 
6.882558e-01 
6.882558e-01 
6.876839e-01 
6.876839e-01 
6.876839e-01 
6.876839e-01 
6.876839e-01 
6.876839e-01 
6.876839e-01 
6.876839e-01 
6.876839e-01 
6.876839e-01 
6.876839e-01 
6.876839e-01 
6.876839e-01 
6.876839e-01 
6.876839e-01 
6.876839e-01 
6.876839e-01 
6.876839e-01 
6.876839e-01 
6.876839e-01 
6.876839e-01 
6.876839e-01 
6.876839e-01 
6.876839e-01 
6.876839e-01 
6.876839e-01 
6.876839e-01 
6.876839e-01 
6.876839e-01 
6.876839e-01 
6.876839e-01 
6.876839e-01 
6.876839e-01 
6.876839e-01 
6.876839e-01 
6.876839e-01 
6.876839e-01 
6.876839e-01 
6.876839e-01 
6.876839e-01 
6.876839e-01 
6.876839e-01 
6.876839e-01 
6.876839e-01 
6.876839e-01 
6.876839e-01 
6.876839e-01 
6.876839e-01 
6.866869e-01 
6.866869e-01 
6.866869e-01 
6.866869e-01 
6.866869e-01 
6.866869e-01 
6.866869e-01 
6.866869e-01 
6.866869e-01 
6.866869e-01 
6.862816e-01 
6.862816e-01 
6.862816e-01 
6.862816e-01 
6.862816e-01 
6.862816e-01 
6.862816e-01 
6.862816e-01 
6.862816e-01 
6.862816e-01 
6.862816e-01 
6.862816e-01 
6.862816e-01 
6.862816e-01 
6.862816e-01 
6.862816e-01 
6.862816e-01 
6.862816e-01 
6.862816e-01 
6.862816e-01 
6.862816e-01 
6.862816e-01 
6.862816e-01 
6.862816e-01 
6.862816e-01 
6.862816e-01 
6.862816e-01 
6.862816e-01 
6.862816e-01 
6.862816e-01 
6.858063e-01 
6.858063e-01 
6.858063e-01 
6.858063e-01 
6.858063e-01 
6.858063e-01 
6.858063e-01 
6.858063e-01 
6.858063e-01 
6.858063e-01 
6.858063e-01 
6.858063e-01 
6.858063e-01 
6.858063e-01 
6.858063e-01 
6.858063e-01 
6.858063e-01 
6.858063e-01 
6.858063e-01 
6.858063e-01 
6.858063e-01 
6.858063e-01 
6.858063e-01 
6.858063e-01 
6.855732e-01 
6.855732e-01 
6.855732e-01 
6.855732e-01 
6.855732e-01 
6.855732e-01 
6.855732e-01 
6.843170e-01 
6.843170e-01 
6.843170e-01 
6.843170e-01 
6.843170e-01 
6.843170e-01 
6.843170e-01 
6.843170e-01 
6.843170e-01 
6.843170e-01 
6.843170e-01 
6.843170e-01 
6.843170e-01 
6.843170e-01 
6.843170e-01 
6.843170e-01 
6.843170e-01 
6.843170e-01 
6.843170e-01 
6.843170e-01 
6.843170e-01 
6.843170e-01 
6.843170e-01 
6.843170e-01 
6.843170e-01 
6.843170e-01 
6.843170e-01 
6.843170e-01 
6.843170e-01 
6.843170e-01 
6.843170e-01 
6.843170e-01 
6.843170e-01 
6.843170e-01 
6.843170e-01 
6.843170e-01 
6.843170e-01 
6.843170e-01 
6.843170e-01 
6.843170e-01 
6.843170e-01 
6.843170e-01 
6.843170e-01 
6.843170e-01 
6.843170e-01 
6.843170e-01 
6.843170e-01 
6.843170e-01 
6.843170e-01 
6.843170e-01 
6.843170e-01 
6.843170e-01 
6.843170e-01 
6.843170e-01 
6.843170e-01 
6.843170e-01 
6.843170e-01 
6.843170e-01 
6.843170e-01 
6.843170e-01 
6.843170e-01 
6.832059e-01 
6.832059e-01 
6.832059e-01 
6.832059e-01 
6.832059e-01 
6.832059e-01 
6.832059e-01 
6.832059e-01 
6.832059e-01 
6.832059e-01 
6.832059e-01 
6.832059e-01 
6.832059e-01 
6.832059e-01 
6.832059e-01 
6.832059e-01 
6.832059e-01 
6.832059e-01 
6.832059e-01 
6.832059e-01 
6.804667e-01 
6.804667e-01 
6.804667e-01 
6.804667e-01 
6.804667e-01 
6.804667e-01 
6.804667e-01 
6.804667e-01 
6.804667e-01 
6.804667e-01 
6.804667e-01 
6.804667e-01 
6.804667e-01 
6.804667e-01 
6.804667e-01 
6.804667e-01 
6.804667e-01 
6.804667e-01 
6.804667e-01 
6.804667e-01 
6.804667e-01 
6.804667e-01 
6.804667e-01 
6.804667e-01 
6.804667e-01 
6.802306e-01 
6.802306e-01 
6.802306e-01 
6.800540e-01 
6.800540e-01 
6.798563e-01 
6.798563e-01 
6.798563e-01 
6.798563e-01 
6.795369e-01 
6.787464e-01 
6.787464e-01 
6.787464e-01 
6.785571e-01 
6.785571e-01 
6.785558e-01 
6.785558e-01 
6.785558e-01 
6.785558e-01 
6.785558e-01 
6.785558e-01 
6.783839e-01 
6.783486e-01 
6.783439e-01 
6.783439e-01 
6.783188e-01 
6.782941e-01 
6.782751e-01 
6.782602e-01 
6.782486e-01 
6.782395e-01 
6.782325e-01 
6.782273e-01 
6.782235e-01 
6.782208e-01 
6.782188e-01 
6.782175e-01 
6.782166e-01 
6.782159e-01 
6.782155e-01 
6.782152e-01 
6.782150e-01 
6.782149e-01 
6.782148e-01 
6.782147e-01 
6.782147e-01 
6.782147e-01 
6.782146e-01 
6.782146e-01 
6.782146e-01 
6.782146e-01 
6.782146e-01 
6.782146e-01 
6.782146e-01 
6.782146e-01 
6.782146e-01 
6.782146e-01 
6.782146e-01 
6.782146e-01 
6.782146e-01 
6.782146e-01 
6.782146e-01 
6.782146e-01 
6.782146e-01 
6.782146e-01 
6.782146e-01 
6.782146e-01 
6.782146e-01 
6.782146e-01 
6.782146e-01 
6.782146e-01 
6.782146e-01 
6.782146e-01 
6.782146e-01 
6.782146e-01 
6.782146e-01 
6.782146e-01 
6.782146e-01 
6.782146e-01 
6.782146e-01 
6.782146e-01 
6.782146e-01 
6.782146e-01 
6.782146e-01 
6.782146e-01 
6.782146e-01 
6.782146e-01 
6.782146e-01 
6.782146e-01 
6.782146e-01 
6.782146e-01 
6.782146e-01 
6.782146e-01 
6.782146e-01 
6.782146e-01 
6.782146e-01 
6.782146e-01 
6.782146e-01 
6.782146e-01 
6.781565e-01 
6.781565e-01 
6.781565e-01 
6.780795e-01 
6.696530e-01 
6.696530e-01 
6.679860e-01 
6.679860e-01 
6.679860e-01 
6.679860e-01 
6.679860e-01 
6.679860e-01 
6.679860e-01 
6.679860e-01 
6.679860e-01 
6.679860e-01 
6.664789e-01 
6.664789e-01 
6.664789e-01 
6.664789e-01 
6.624304e-01 
6.624304e-01 
6.624304e-01 
6.624304e-01 
6.624304e-01 
6.624304e-01 
6.624304e-01 
6.624304e-01 
6.624304e-01 
6.624304e-01 
6.624304e-01 
6.624304e-01 
6.624304e-01 
6.624304e-01 
6.624304e-01 
6.624304e-01 
6.624304e-01 
6.624304e-01 
6.624304e-01 
6.624304e-01 
6.624304e-01 
6.624304e-01 
6.624304e-01 
6.624304e-01 
6.624304e-01 
6.624304e-01 
6.624304e-01 
6.624304e-01 
6.624304e-01 
6.624304e-01 
6.624304e-01 
6.624304e-01 
6.624304e-01 
6.624304e-01 
6.624035e-01 
6.624035e-01 
6.624035e-01 
6.624035e-01 
6.624035e-01 
6.624035e-01 
6.624035e-01 
6.624035e-01 
6.624035e-01 
6.624035e-01 
6.624035e-01 
6.624035e-01 
6.624035e-01 
6.624035e-01 
6.609689e-01 
6.605069e-01 
6.605069e-01 
6.605069e-01 
6.605069e-01 
6.605069e-01 
6.605069e-01 
6.605069e-01 
6.605069e-01 
6.603891e-01 
6.603891e-01 
6.603891e-01 
6.603891e-01 
6.603891e-01 
6.603891e-01 
6.603891e-01 
6.603891e-01 
6.603815e-01 
6.603815e-01 
6.603446e-01 
6.603446e-01 
6.603444e-01 
6.603444e-01 
6.603444e-01 
6.603444e-01 
6.600826e-01 
6.600156e-01 
6.600156e-01 
6.598241e-01 
6.598241e-01 
6.598241e-01 
6.598241e-01 
6.598241e-01 
6.598241e-01 
6.598241e-01 
6.598241e-01 
6.598241e-01 
6.598241e-01 
6.598241e-01 
6.597995e-01 
6.597995e-01 
6.597995e-01 
6.597995e-01 
6.597972e-01 
6.597972e-01 
6.597885e-01 
6.597885e-01 
6.596902e-01 
6.596902e-01 
6.596902e-01 
6.596489e-01 
6.596489e-01 
6.595942e-01 
6.595942e-01 
6.595942e-01 
6.595793e-01 
6.595793e-01 
6.595793e-01 
6.595547e-01 
6.595329e-01 
6.595329e-01 
6.595291e-01 
6.595291e-01 
6.595291e-01 
6.595291e-01 
6.595291e-01 
6.595161e-01 
6.595161e-01 
6.593374e-01 
6.592422e-01 
6.590889e-01 
6.590889e-01 
6.584870e-01 
6.584870e-01 
6.584870e-01 
6.584870e-01 
6.584870e-01 
6.584870e-01 
6.584870e-01 
6.584870e-01 
6.584870e-01 
6.584870e-01 
6.584870e-01 
6.584870e-01 
6.584870e-01 
6.584870e-01 
6.584870e-01 
6.584870e-01 
6.584870e-01 
6.584870e-01 
6.584870e-01 
6.584870e-01 
6.584517e-01 
6.584517e-01 
6.584144e-01 
6.583729e-01 
6.583729e-01 
6.583729e-01 
6.583729e-01 
6.582878e-01 
6.581993e-01 
6.526046e-01 
6.526046e-01 
6.503557e-01 
6.503557e-01 
6.503557e-01 
6.503557e-01 
6.503557e-01 
6.503557e-01 
6.503557e-01 
6.503557e-01 
6.503557e-01 
6.503557e-01 
6.503557e-01 
6.503557e-01 
6.503557e-01 
6.503557e-01 
6.503557e-01 
6.503557e-01 
6.503557e-01 
6.503557e-01 
6.503557e-01 
6.503557e-01 
6.503557e-01 
6.503557e-01 
6.503557e-01 
6.503557e-01 
6.503557e-01 
6.503557e-01 
6.503557e-01 
6.503557e-01 
6.503557e-01 
6.503557e-01 
6.502401e-01 
6.502401e-01 
6.501387e-01 
6.501387e-01 
6.486471e-01 
6.486471e-01 
6.483826e-01 
6.476004e-01 
6.471909e-01 
6.469550e-01 
6.468011e-01 
6.466821e-01 
6.465690e-01 
6.465690e-01 
6.465690e-01 
6.454073e-01 
6.454073e-01 
6.454073e-01 
6.454073e-01 
6.454073e-01 
6.454073e-01 
6.454073e-01 
6.454073e-01 
6.454073e-01 
6.454073e-01 
6.454073e-01 
6.454073e-01 
6.454073e-01 
6.454073e-01 
6.454073e-01 
6.454073e-01 
6.454073e-01 
6.454073e-01 
6.454073e-01 
6.454073e-01 
6.454073e-01 
6.454073e-01 
6.454073e-01 
6.454073e-01 
6.454073e-01 
6.454073e-01 
6.454073e-01 
6.454073e-01 
6.454073e-01 
6.453755e-01 
6.453755e-01 
6.449261e-01 
6.449261e-01 
6.449261e-01 
6.447250e-01 
6.445167e-01 
6.443827e-01 
6.443827e-01 
6.443827e-01 
6.443827e-01 
6.443827e-01 
6.443748e-01 
6.442881e-01 
6.442881e-01 
6.442881e-01 
6.442881e-01 
6.440601e-01 
6.440601e-01 
6.440601e-01 
6.440601e-01 
6.440601e-01 
6.440293e-01 
6.440293e-01 
6.437710e-01 
6.437710e-01 
6.435910e-01 
6.435910e-01 
6.435910e-01 
6.435910e-01 
6.435910e-01 
6.435910e-01 
6.435910e-01 
6.435910e-01 
6.435910e-01 
6.435910e-01 
6.435910e-01 
6.435910e-01 
6.435910e-01 
6.432118e-01 
6.428114e-01 
6.428114e-01 
6.428114e-01 
6.425300e-01 
6.425300e-01 
6.425300e-01 
6.425300e-01 
6.424881e-01 
6.424881e-01 
6.424438e-01 
6.423048e-01 
6.423048e-01 
6.423048e-01 
6.423048e-01 
6.423048e-01 
6.423048e-01 
6.423048e-01 
6.423048e-01 
6.423048e-01 
6.423048e-01 
6.422942e-01 
6.422942e-01 
6.422942e-01 
6.422942e-01 
6.422942e-01 
6.422867e-01 
6.422852e-01 
6.422852e-01 
6.422852e-01 
6.422663e-01 
6.422459e-01 
6.422317e-01 
6.422317e-01 
6.422317e-01 
6.422317e-01 
6.422317e-01 
6.422317e-01 
6.422317e-01 
6.422317e-01 
6.422317e-01 
6.422317e-01 
6.420126e-01 
6.420126e-01 
6.417999e-01 
6.417999e-01 
6.417999e-01 
6.416517e-01 
6.413633e-01 
6.397170e-01 
6.397170e-01 
6.397170e-01 
6.397170e-01 
6.397170e-01 
6.397170e-01 
6.385091e-01 
6.385091e-01 
6.385091e-01 
6.385091e-01 
6.385091e-01 
6.385091e-01 
6.385091e-01 
6.385091e-01 
6.385091e-01 
6.385091e-01 
6.385091e-01 
6.385091e-01 
6.385091e-01 
6.385091e-01 
6.385091e-01 
6.385091e-01 
6.385091e-01 
6.385091e-01 
6.385091e-01 
6.385091e-01 
6.385091e-01 
6.385091e-01 
6.385091e-01 
6.385091e-01 
6.384824e-01 
6.384598e-01 
6.384598e-01 
6.384598e-01 
6.384055e-01 
6.383770e-01 
6.383770e-01 
6.382995e-01 
6.382467e-01 
6.382164e-01 
6.381984e-01 
6.381874e-01 
6.381806e-01 
6.381763e-01 
6.381736e-01 
6.381718e-01 
6.381707e-01 
6.381700e-01 
6.381695e-01 
6.381692e-01 
6.381690e-01 
6.381689e-01 
6.381688e-01 
6.381688e-01 
6.377762e-01 
6.377374e-01 
6.377374e-01 
6.375030e-01 
6.375030e-01 
6.375030e-01 
6.375030e-01 
6.375030e-01 
6.375030e-01 
6.375030e-01 
6.375030e-01 
6.375030e-01 
6.375030e-01 
6.375030e-01 
6.375030e-01 
6.375030e-01 
6.375030e-01 
6.375030e-01 
6.375030e-01 
6.375030e-01 
6.374720e-01 
6.372860e-01 
6.371991e-01 
6.371991e-01 
6.371991e-01 
6.371733e-01 
6.371733e-01 
6.371733e-01 
6.371526e-01 
6.371526e-01 
6.371526e-01 
6.371526e-01 
6.371526e-01 
6.371526e-01 
6.371526e-01 
6.371526e-01 
6.371526e-01 
6.371526e-01 
6.371526e-01 
6.371526e-01 
6.371526e-01 
6.371526e-01 
6.371526e-01 
6.371526e-01 
6.371526e-01 
6.371526e-01 
6.371526e-01 
6.371526e-01 
6.371526e-01 
6.371526e-01 
6.371526e-01 
6.371526e-01 
6.371526e-01 
6.371526e-01 
6.371526e-01 
6.371526e-01 
6.371526e-01 
6.371526e-01 
6.371526e-01 
6.371526e-01 
6.371526e-01 
6.371526e-01 
6.371526e-01 
6.371526e-01 
6.371526e-01 
6.371526e-01 
6.371526e-01 
6.371526e-01 
6.371526e-01 
6.371526e-01 
6.371363e-01 
6.371363e-01 
6.371363e-01 
6.371151e-01 
6.371151e-01 
6.370810e-01 
6.370810e-01 
6.370373e-01 
6.369919e-01 
6.369670e-01 
6.369527e-01 
6.369442e-01 
6.369391e-01 
6.369359e-01 
6.369339e-01 
6.369086e-01 
6.369086e-01 
6.369086e-01 
6.369086e-01 
6.369086e-01 
6.369053e-01 
6.368857e-01 
6.368842e-01 
6.368842e-01 
6.368837e-01 
6.368837e-01 
6.368837e-01 
6.368834e-01 
6.368822e-01 
6.368815e-01 
6.368811e-01 
6.368808e-01 
6.368807e-01 
6.368806e-01 
6.368805e-01 
6.368805e-01 
6.368805e-01 
6.368804e-01 
6.368804e-01 
6.368804e-01 
6.368804e-01 
6.368804e-01 
6.368804e-01 
6.368804e-01 
6.368804e-01 
6.368804e-01 
6.368804e-01 
6.368804e-01 
6.368804e-01 
6.368672e-01 
6.368672e-01 
6.368672e-01 
6.368592e-01 
6.368541e-01 
6.368493e-01 
6.368395e-01 
6.368258e-01 
6.368258e-01 
6.368258e-01 
6.368237e-01 
6.368187e-01 
6.368102e-01 
6.368102e-01 
6.368102e-01 
6.368102e-01 
6.368102e-01 
6.368102e-01 
6.367960e-01 
6.367960e-01 
6.367960e-01 
6.367960e-01 
6.367960e-01 
6.367960e-01 
6.367960e-01 
6.367960e-01 
6.367960e-01 
6.367960e-01 
6.367960e-01 
6.367960e-01 
6.367960e-01 
6.367960e-01 
6.367960e-01 
6.367960e-01 
6.367960e-01 
6.367960e-01 
6.367960e-01 
6.367960e-01 
6.367960e-01 
6.367960e-01 
6.367960e-01 
6.367960e-01 
6.367960e-01 
6.367960e-01 
6.367960e-01 
6.367960e-01 
6.367960e-01 
6.367960e-01 
6.367960e-01 
6.367951e-01 
6.367941e-01 
6.365300e-01 
6.365300e-01 
6.365300e-01 
6.365300e-01 
6.365300e-01 
6.365300e-01 
6.365300e-01 
6.365300e-01 
6.365300e-01 
6.365300e-01 
6.365300e-01 
6.356770e-01 
6.356650e-01 
6.356650e-01 
6.356650e-01 
6.356650e-01 
6.353117e-01 
6.353117e-01 
6.353117e-01 
6.353117e-01 
6.353117e-01 
6.353117e-01 
6.353117e-01 
6.353117e-01 
6.353117e-01 
6.353117e-01 
6.353117e-01 
6.353117e-01 
6.353117e-01 
6.353117e-01 
6.353117e-01 
6.353117e-01 
6.353117e-01 
6.353117e-01 
6.353117e-01 
6.353117e-01 
6.353117e-01 
6.353117e-01 
6.353117e-01 
6.353117e-01 
6.353117e-01 
6.353117e-01 
6.353117e-01 
6.353117e-01 
6.353117e-01 
6.353117e-01 
6.353117e-01 
6.353117e-01 
6.353117e-01 
6.353117e-01 
6.353117e-01 
6.352492e-01 
6.352492e-01 
6.352492e-01 
6.352492e-01 
6.352492e-01 
6.352492e-01 
6.352492e-01 
6.352492e-01 
6.352492e-01 
6.352492e-01 
6.352492e-01 
6.352492e-01 
6.352492e-01 
6.352492e-01 
6.352492e-01 
6.352492e-01 
6.352492e-01 
6.352492e-01 
6.352492e-01 
6.352492e-01 
6.352492e-01 
6.352492e-01 
6.352492e-01 
6.350072e-01 
6.350072e-01 
6.350072e-01 
6.350072e-01 
6.350072e-01 
6.350072e-01 
6.350072e-01 
6.350072e-01 
6.350072e-01 
6.350072e-01 
6.350072e-01 
6.350072e-01 
6.350072e-01 
6.350072e-01 
6.350072e-01 
6.350072e-01 
6.350072e-01 
6.350072e-01 
6.350072e-01 
6.350072e-01 
6.350072e-01 
6.350072e-01 
6.350072e-01 
6.350072e-01 
6.350072e-01 
6.350072e-01 
6.350072e-01 
6.350072e-01 
6.350072e-01 
6.350072e-01 
6.350072e-01 
6.350072e-01 
6.350072e-01 
6.350072e-01 
6.350072e-01 
6.350072e-01 
6.350072e-01 
6.350072e-01 
6.350072e-01 
6.350072e-01 
6.350072e-01 
6.350072e-01 
6.350019e-01 
6.350019e-01 
6.350019e-01 
6.350019e-01 
6.350019e-01 
6.350019e-01 
6.350019e-01 
6.349561e-01 
6.349174e-01 
6.348840e-01 
6.348526e-01 
6.348098e-01 
6.348098e-01 
6.348098e-01 
6.348098e-01 
6.348098e-01 
6.348098e-01 
6.348098e-01 
6.348098e-01 
6.348098e-01 
6.348098e-01 
6.348098e-01 
6.348098e-01 
6.348098e-01 
6.348098e-01 
6.348098e-01 
6.348098e-01 
6.348098e-01 
6.348098e-01 
6.348098e-01 
6.348098e-01 
6.348014e-01 
6.348014e-01 
6.348014e-01 
6.348014e-01 
6.348014e-01 
6.348014e-01 
6.348014e-01 
6.348014e-01 
6.348014e-01 
6.348014e-01 
6.348014e-01 
6.348014e-01 
6.348014e-01 
6.348014e-01 
6.348014e-01 
6.348014e-01 
6.348014e-01 
6.348014e-01 
6.348008e-01 
6.348008e-01 
6.348008e-01 
6.348008e-01 
6.348006e-01 
6.348006e-01 
6.348006e-01 
6.347981e-01 
6.347981e-01 
6.347981e-01 
6.347981e-01 
6.347981e-01 
6.347981e-01 
6.347981e-01 
6.347981e-01 
6.347977e-01 
6.347977e-01 
6.347977e-01 
6.347977e-01 
6.347977e-01 
6.347977e-01 
6.347977e-01 
6.347977e-01 
6.347977e-01 
6.347977e-01 
6.347977e-01 
6.347977e-01 
6.347977e-01 
6.347977e-01 
6.347977e-01 
6.347977e-01 
6.347977e-01 
6.347977e-01 
6.347977e-01 
6.347977e-01 
6.347977e-01 
6.347977e-01 
6.347977e-01 
6.347977e-01 
6.347976e-01 
6.347976e-01 
6.347976e-01 
6.347976e-01 
6.347976e-01 
6.347976e-01 
6.347976e-01 
6.347976e-01 
6.347976e-01 
6.347976e-01 
6.347976e-01 
6.347976e-01 
6.347976e-01 
6.347976e-01 
6.347976e-01 
6.347975e-01 
6.347975e-01 
6.347975e-01 
6.347975e-01 
6.347975e-01 
6.347975e-01 
6.347975e-01 
6.347975e-01 
6.347975e-01 
6.347975e-01 
6.347975e-01 
6.347493e-01 
6.347493e-01 
6.347493e-01 
6.347493e-01 
6.347493e-01 
6.347493e-01 
6.347493e-01 
6.347493e-01 
6.347493e-01 
6.347493e-01 
6.347493e-01 
6.347493e-01 
6.346252e-01 
6.346252e-01 
6.346252e-01 
6.346252e-01 
6.346252e-01 
6.346252e-01 
6.346252e-01 
6.346252e-01 
6.346252e-01 
6.346252e-01 
6.346252e-01 
6.346252e-01 
6.346252e-01 
6.346252e-01 
6.346252e-01 
6.346252e-01 
6.345081e-01 
6.345081e-01 
6.345081e-01 
6.345081e-01 
6.345081e-01 
6.344806e-01 
6.344806e-01 
6.344806e-01 
6.344806e-01 
6.344806e-01 
6.344806e-01 
6.344787e-01 
6.344787e-01 
6.344787e-01 
6.344787e-01 
6.344517e-01 
6.344517e-01 
6.344517e-01 
6.344517e-01 
6.344517e-01 
6.344517e-01 
6.344517e-01 
6.344517e-01 
6.344517e-01 
6.344517e-01 
6.344517e-01 
6.344517e-01 
6.344517e-01 
6.344517e-01 
6.344517e-01 
6.344517e-01 
6.344517e-01 
6.344517e-01 
6.344517e-01 
6.344517e-01 
6.344517e-01 
6.344517e-01 
6.344517e-01 
6.344517e-01 
6.344517e-01 
6.344487e-01 
6.344378e-01 
6.344352e-01 
6.344352e-01 
6.344323e-01 
6.344323e-01 
6.344323e-01 
6.344323e-01 
6.344323e-01 
6.344323e-01 
6.344323e-01 
6.344323e-01 
6.344323e-01 
6.344323e-01 
6.344306e-01 
6.344306e-01 
6.344306e-01 
6.344306e-01 
6.344306e-01 
6.344306e-01 
6.344306e-01 
6.344306e-01 
6.344306e-01 
6.344306e-01 
6.344306e-01 
6.344285e-01 
6.344285e-01 
6.344285e-01 
6.344285e-01 
6.344285e-01 
6.344285e-01 
6.344285e-01 
6.344285e-01 
6.344285e-01 
6.344285e-01 
6.344285e-01 
6.344285e-01 
6.344285e-01 
6.344285e-01 
6.344285e-01 
6.344285e-01 
6.344285e-01 
6.344285e-01 
6.344285e-01 
6.344270e-01 
6.344270e-01 
6.344261e-01 
6.344261e-01 
6.344261e-01 
6.344261e-01 
6.344261e-01 
6.344261e-01 
6.344261e-01 
6.344261e-01 
6.344259e-01 
6.344259e-01 
6.344259e-01 
6.344259e-01 
6.344259e-01 
6.344259e-01 
6.344259e-01 
6.344259e-01 
6.344259e-01 
6.344259e-01 
6.344259e-01 
6.344259e-01 
6.344258e-01 
6.344258e-01 
6.344258e-01 
6.344258e-01 
6.344258e-01 
6.344229e-01 
6.344229e-01 
6.344085e-01 
6.344085e-01 
6.344085e-01 
6.344085e-01 
6.344011e-01 
6.344011e-01 
6.343953e-01 
6.343953e-01 
6.343948e-01 
6.343948e-01 
6.343946e-01 
6.343946e-01 
6.343946e-01 
6.343946e-01 
6.343946e-01 
6.343946e-01 
6.343946e-01 
6.343946e-01 
6.343946e-01 
6.343946e-01 
6.343946e-01 
6.343946e-01 
6.343946e-01 
6.343942e-01 
6.343942e-01 
6.343942e-01 
6.343942e-01 
6.343905e-01 
6.343905e-01 
6.343905e-01 
6.343905e-01 
6.343905e-01 
6.343905e-01 
6.343905e-01 
6.343905e-01 
6.343905e-01 
6.343905e-01 
6.343905e-01 
6.343905e-01 
6.343905e-01 
6.343905e-01 
6.343905e-01 
6.343905e-01 
6.343905e-01 
6.343888e-01 
6.343888e-01 
6.343888e-01 
6.343888e-01 
6.343888e-01 
6.343888e-01 
6.343888e-01 
6.343888e-01 
6.343888e-01 
6.343888e-01 
6.343888e-01 
6.343888e-01 
6.343888e-01 
6.343888e-01 
6.343888e-01 
6.343888e-01 
6.343885e-01 
6.343885e-01 
6.343885e-01 
6.343885e-01 
6.343885e-01 
6.343885e-01 
6.343885e-01 
6.343885e-01 
6.343883e-01 
6.343881e-01 
6.343880e-01 
6.343879e-01 
6.343879e-01 
6.343879e-01 
6.343879e-01 
6.343878e-01 
6.343878e-01 
6.343875e-01 
6.343875e-01 
6.343875e-01 
6.343875e-01 
6.343875e-01 
6.343875e-01 
6.343875e-01 
6.343873e-01 
6.343873e-01 
6.343872e-01 
6.343872e-01 
6.343871e-01 
6.343871e-01 
6.343871e-01 
6.343871e-01 
6.343871e-01 
6.343871e-01 
6.343871e-01 
6.343871e-01 
6.343871e-01 
6.343871e-01 
6.343871e-01 
6.343871e-01 
6.343871e-01 
6.343871e-01 
6.343871e-01 
6.343871e-01 
6.343870e-01 
6.343870e-01 
6.343869e-01 
6.343869e-01 
6.343867e-01 
6.343865e-01 
6.343865e-01 
6.343864e-01 
6.343864e-01 
6.343864e-01 
6.343864e-01 
6.343864e-01 
6.343864e-01 
6.343863e-01 
6.343863e-01 
6.343863e-01 
6.343863e-01 
6.343863e-01 
6.343863e-01 
6.343863e-01 
6.343862e-01 
6.343861e-01 
6.343861e-01 
6.343861e-01 
6.343861e-01 
6.343861e-01 
6.343861e-01 
6.343861e-01 
6.343861e-01 
6.343861e-01 
6.343861e-01 
6.343861e-01 
6.343861e-01 
6.343861e-01 
6.343861e-01 
6.343861e-01 
6.343861e-01 
6.343861e-01 
6.343861e-01 
6.343861e-01 
6.343861e-01 
6.343861e-01 
6.343861e-01 
6.343861e-01 
6.343861e-01 
6.343861e-01 
6.343861e-01 
6.343861e-01 
6.343861e-01 
6.343860e-01 
6.343860e-01 
6.343860e-01 
6.343860e-01 
6.343860e-01 
6.343860e-01 
6.343860e-01 
6.343860e-01 
6.343860e-01 
6.343860e-01 
6.343860e-01 
6.343860e-01 
6.343860e-01 
6.343860e-01 
6.343860e-01 
6.343860e-01 
6.343860e-01 
6.343860e-01 
6.343860e-01 
6.343860e-01 
6.343860e-01 
6.343860e-01 
6.343860e-01 
6.343860e-01 
6.343860e-01 
6.343860e-01 
6.343859e-01 
6.343854e-01 
6.343851e-01 
6.343849e-01 
6.343847e-01 
6.343847e-01 
6.343847e-01 
6.343847e-01 
6.343847e-01 
6.343843e-01 
6.343842e-01 
6.343842e-01 
6.343842e-01 
6.343842e-01 
6.343842e-01 
6.343842e-01 
6.343842e-01 
6.343842e-01 
6.343842e-01 
6.343842e-01 
6.343842e-01 
6.343842e-01 
6.343842e-01 
6.343842e-01 
6.343842e-01 
6.343842e-01 
6.343842e-01 
6.343842e-01 
6.343842e-01 
6.343842e-01 
6.343842e-01 
6.343842e-01 
6.343842e-01 
6.343842e-01 
6.343842e-01 
6.343842e-01 
6.343841e-01 
6.343840e-01 
6.343840e-01 
6.343840e-01 
6.343839e-01 
6.343839e-01 
6.343839e-01 
6.343839e-01 
6.343839e-01 
6.343839e-01 
6.343839e-01 
6.343839e-01 
6.343839e-01 
6.343839e-01 
6.343839e-01 
6.343839e-01 
6.343839e-01 
6.343839e-01 
6.343839e-01 
6.343839e-01 
6.343839e-01 
6.343839e-01 
6.343839e-01 
6.343839e-01 
6.343839e-01 
6.343839e-01 
6.343839e-01 
6.343838e-01 
6.343838e-01 
6.343838e-01 
6.343838e-01 
6.343838e-01 
6.343838e-01 
6.343837e-01 
6.343837e-01 
6.343837e-01 
6.343837e-01 
6.343837e-01 
6.343837e-01 
6.343837e-01 
6.343837e-01 
6.343837e-01 
6.343837e-01 
6.343837e-01 
6.343837e-01 
6.343837e-01 
6.343837e-01 
6.343837e-01 
6.343837e-01 
6.343837e-01 
6.343836e-01 
6.343836e-01 
6.343836e-01 
6.343836e-01 
6.343836e-01 
6.343836e-01 
6.343836e-01 
6.343836e-01 
6.343836e-01 
6.343836e-01 
6.343836e-01 
6.343836e-01 
6.343836e-01 
6.343836e-01 
6.343836e-01 
6.343836e-01 
6.343836e-01 
6.343836e-01 
6.343836e-01 
6.343836e-01 
6.343836e-01 
6.343836e-01 
6.343836e-01 
6.343836e-01 
6.343836e-01 
6.343836e-01 
6.343836e-01 
6.343836e-01 
6.343836e-01 
6.343836e-01 
6.343836e-01 
6.343836e-01 
6.343836e-01 
6.343836e-01 
6.343836e-01 
6.343836e-01 
6.343836e-01 
6.343836e-01 
6.343836e-01 
6.343836e-01 
6.343836e-01 
6.343836e-01 
6.343836e-01 
6.343836e-01 
6.343836e-01 
6.343836e-01 
6.343836e-01 
6.343836e-01 
6.343836e-01 
6.343836e-01 
6.343836e-01 
6.343836e-01 
6.343836e-01 
6.343836e-01 
6.343836e-01 
6.343836e-01 
6.343836e-01 
6.343836e-01 
6.343836e-01 
6.343836e-01 
6.343836e-01 
6.343836e-01 
6.343836e-01 
6.343836e-01 
6.343836e-01 
6.343836e-01 
6.343836e-01 
6.343836e-01 
6.343836e-01 
6.343836e-01 
6.343836e-01 
6.343836e-01 
6.343836e-01 
6.343836e-01 
6.343836e-01 
6.343836e-01 
6.343836e-01 
6.343836e-01 
6.343836e-01 
6.343836e-01 
6.343836e-01 
6.343836e-01 
6.343836e-01 
6.343834e-01 
6.343834e-01 
6.343834e-01 
6.343834e-01 
6.343834e-01 
6.343834e-01 
6.343834e-01 
6.343834e-01 
6.343834e-01 
6.343834e-01 
6.343834e-01 
6.343834e-01 
6.343834e-01 
6.343834e-01 
6.343834e-01 
6.343834e-01 
6.343834e-01 
6.343834e-01 
6.343834e-01 
6.343834e-01 
6.343834e-01 
6.343834e-01 
6.343834e-01 
6.343834e-01 
6.343834e-01 
6.343834e-01 
6.343834e-01 
6.343834e-01 
6.343834e-01 
6.343834e-01 
6.343834e-01 
6.343834e-01 
6.343834e-01 
6.343834e-01 
6.343834e-01 
6.343834e-01 
6.343834e-01 
6.343834e-01 
6.343834e-01 
6.343834e-01 
6.343834e-01 
6.343834e-01 
6.343834e-01 
6.343834e-01 
6.343834e-01 
6.343834e-01 
6.343834e-01 
6.343833e-01 
6.343833e-01 
6.343833e-01 
6.343833e-01 
6.343833e-01 
6.343833e-01 
6.343833e-01 
6.343833e-01 
6.343833e-01 
6.343833e-01 
6.343833e-01 
6.343833e-01 
6.343833e-01 
6.343833e-01 
6.343833e-01 
6.343833e-01 
6.343833e-01 
6.343833e-01 
6.343833e-01 
6.343833e-01 
6.343833e-01 
6.343833e-01 
6.343833e-01 
6.343833e-01 
6.343833e-01 
6.343833e-01 
6.343833e-01 
6.343833e-01 
6.343833e-01 
6.343833e-01 
6.343833e-01 
6.343833e-01 
6.343833e-01 
6.343833e-01 
6.343833e-01 
6.343833e-01 
6.343833e-01 
6.343833e-01 
6.343833e-01 
6.343833e-01 
6.343833e-01 
6.343833e-01 
6.343833e-01 
6.343833e-01 
6.343833e-01 
6.343833e-01 
6.343833e-01 
6.343833e-01 
6.343833e-01 
6.343833e-01 
6.343833e-01 
6.343833e-01 
6.343833e-01 
6.343833e-01 
6.343833e-01 
6.343833e-01 
6.343833e-01 
6.343833e-01 
6.343833e-01 
6.343833e-01 
6.343833e-01 
6.343833e-01 
6.343833e-01 
6.343833e-01 
6.343833e-01 
6.343833e-01 
6.343833e-01 
6.343833e-01 
6.343833e-01 
6.343833e-01 
6.343833e-01 
6.343833e-01 
6.343833e-01 
6.343833e-01 
6.343833e-01 
6.343833e-01 
6.343833e-01 
6.343833e-01 
6.343833e-01 
6.343833e-01 
6.343833e-01 
6.343833e-01 
6.343833e-01 
6.343833e-01 
6.343833e-01 
6.343833e-01 
6.343833e-01 
6.343833e-01 
6.343833e-01 
6.343833e-01 
6.343833e-01 
6.343833e-01 
6.343833e-01 
6.343833e-01 
6.343833e-01 
6.343833e-01 
6.343833e-01 
6.343833e-01 
6.343833e-01 
6.343833e-01 
6.343833e-01 
6.343833e-01 
6.343833e-01 
6.343833e-01 
6.343833e-01 
6.343832e-01 
6.343832e-01 
6.343832e-01 
6.343832e-01 
6.343832e-01 
6.343832e-01 
6.343832e-01 
6.343832e-01 
6.343832e-01 
6.343832e-01 
6.343832e-01 
6.343832e-01 
6.343832e-01 
6.343832e-01 
6.343832e-01 
6.343832e-01 
6.343832e-01 
6.343832e-01 
6.343832e-01 
6.343832e-01 
6.343831e-01 
6.343831e-01 
6.343830e-01 
6.343829e-01 
6.343829e-01 
6.343828e-01 
6.343826e-01 
6.343825e-01 
6.343824e-01 
6.343824e-01 
6.343823e-01 
6.343823e-01 
6.343823e-01 
6.343821e-01 
6.343821e-01 
6.343821e-01 
6.343821e-01 
6.343820e-01 
6.343820e-01 
6.343820e-01 
6.343820e-01 
6.343820e-01 
6.343820e-01 
6.343820e-01 
6.343820e-01 
6.343820e-01 
6.343820e-01 
6.343819e-01 
6.343819e-01 
6.343819e-01 
6.343819e-01 
6.343819e-01 
6.343819e-01 
6.343819e-01 
6.343819e-01 
6.343819e-01 
6.343819e-01 
6.343819e-01 
6.343819e-01 
6.343819e-01 
6.343819e-01 
6.343819e-01 
6.343819e-01 
6.343819e-01 
6.343819e-01 
6.343818e-01 
6.343818e-01 
6.343817e-01 
6.343816e-01 
6.343816e-01 
6.343816e-01 
6.343814e-01 
6.343814e-01 
6.343810e-01 
6.343806e-01 
6.343802e-01 
6.343800e-01 
6.343800e-01 
6.343800e-01 
6.343800e-01 
6.343798e-01 
6.343798e-01 
6.343797e-01 
6.343797e-01 
6.343797e-01 
6.343796e-01 
6.343796e-01 
6.343792e-01 
6.343785e-01 
6.343785e-01 
6.343785e-01 
6.343785e-01 
6.343785e-01 
6.343785e-01 
6.343782e-01 
6.343771e-01 
6.343771e-01 
6.343771e-01 
6.343771e-01 
6.343765e-01 
6.343765e-01 
6.343765e-01 
6.343765e-01 
6.343765e-01 
6.343765e-01 
6.343765e-01 
6.343765e-01 
6.343765e-01 
6.343765e-01 
6.343765e-01 
6.343765e-01 
6.343765e-01 
6.343765e-01 
6.343765e-01 
6.343765e-01 
6.343765e-01 
6.343765e-01 
6.343765e-01 
6.343765e-01 
6.343765e-01 
6.343765e-01 
6.343765e-01 
6.343765e-01 
6.343765e-01 
6.343765e-01 
6.343765e-01 
6.343765e-01 
6.343765e-01 
6.343765e-01 
6.343765e-01 
6.343765e-01 
6.343765e-01 
6.343765e-01 
6.343765e-01 
6.343765e-01 
6.343765e-01 
6.343765e-01 
6.343765e-01 
6.343765e-01 
6.343765e-01 
6.343765e-01 
6.343765e-01 
6.343765e-01 
6.343765e-01 
6.343765e-01 
6.343765e-01 
6.343765e-01 
6.343765e-01 
6.343765e-01 
6.343765e-01 
6.343765e-01 
6.343765e-01 
6.343763e-01 
6.343763e-01 
6.343763e-01 
6.343763e-01 
6.343763e-01 
6.343763e-01 
6.343763e-01 
6.343763e-01 
6.343763e-01 
6.343763e-01 
6.343761e-01 
6.343761e-01 
6.343761e-01 
6.343761e-01 
6.343761e-01 
6.343760e-01 
6.343754e-01 
6.343754e-01 
6.343754e-01 
6.343754e-01 
6.343754e-01 
6.343754e-01 
6.343754e-01 
6.343754e-01 
6.343748e-01 
6.343748e-01 
6.343748e-01 
6.343748e-01 
6.343748e-01 
6.343748e-01 
6.343748e-01 
6.343748e-01 
6.343748e-01 
6.343744e-01 
6.343743e-01 
6.343743e-01 
6.343743e-01 
6.343743e-01 
6.343743e-01 
6.343743e-01 
6.343743e-01 
6.343743e-01 
6.343742e-01 
6.343742e-01 
6.343742e-01 
6.343742e-01 
6.343742e-01 
6.343742e-01 
6.343742e-01 
6.343742e-01 
6.343742e-01 
6.343742e-01 
6.343742e-01 
6.343742e-01 
6.343742e-01 
6.343740e-01 
6.343740e-01 
6.343740e-01 
6.343740e-01 
6.343740e-01 
6.343740e-01 
6.343740e-01 
6.343740e-01 
6.343740e-01 
6.343740e-01 
6.343740e-01 
6.343740e-01 
6.343740e-01 
6.343740e-01 
6.343740e-01 
6.343740e-01 
6.343740e-01 
6.343740e-01 
6.343740e-01 
6.343740e-01 
6.343740e-01 
6.343740e-01 
6.343740e-01 
6.343740e-01 
6.343740e-01 
6.343740e-01 
6.343740e-01 
6.343740e-01 
6.343740e-01 
6.343740e-01 
6.343740e-01 
6.343740e-01 
6.343740e-01 
6.343740e-01 
6.343740e-01 
6.343740e-01 
6.343740e-01 
6.343740e-01 
6.343740e-01 
6.343740e-01 
6.343740e-01 
6.343740e-01 
6.343740e-01 
6.343740e-01 
6.343740e-01 
6.343740e-01 
6.343740e-01 
6.343740e-01 
6.343740e-01 
6.343740e-01 
6.343740e-01 
6.343740e-01 
6.343740e-01 
6.343740e-01 
6.343740e-01 
6.343740e-01 
6.343740e-01 
6.343740e-01 
6.343740e-01 
6.343740e-01 
6.343740e-01 
6.343740e-01 
6.343740e-01 
6.343740e-01 
6.343740e-01 
6.343740e-01 
6.343740e-01 
6.343740e-01 
6.343740e-01 
6.343740e-01 
6.343740e-01 
6.343740e-01 
6.343740e-01 
6.343740e-01 
6.343740e-01 
6.343740e-01 
6.343740e-01 
6.343740e-01 
6.343739e-01 
6.343737e-01 
6.343737e-01 
6.343737e-01 
6.343737e-01 
6.343737e-01 
6.343737e-01 
6.343737e-01 
6.343737e-01 
6.343737e-01 
6.343737e-01 
6.343737e-01 
6.343737e-01 
6.343736e-01 
6.343736e-01 
6.343735e-01 
6.343735e-01 
6.343734e-01 
6.343734e-01 
6.343734e-01 
6.343734e-01 
6.343733e-01 
6.343733e-01 
6.343733e-01 
6.343733e-01 
6.343733e-01 
6.343733e-01 
6.343733e-01 
6.343733e-01 
6.343733e-01 
6.343733e-01 
6.343733e-01 
6.343733e-01 
6.343733e-01 
6.343733e-01 
6.343732e-01 
6.343732e-01 
6.343732e-01 
6.343732e-01 
6.343732e-01 
6.343732e-01 
6.343732e-01 
6.343732e-01 
6.343732e-01 
6.343732e-01 
6.343732e-01 
6.343732e-01 
6.343732e-01 
6.343732e-01 
6.343732e-01 
6.343732e-01 
6.343732e-01 
6.343732e-01 
6.343732e-01 
6.343732e-01 
6.343732e-01 
6.343732e-01 
6.343732e-01 
6.343732e-01 
6.343732e-01 
6.343732e-01 
6.343732e-01 
6.343732e-01 
6.343732e-01 
6.343732e-01 
6.343732e-01 
6.343732e-01 
6.343732e-01 
6.343732e-01 
6.343731e-01 
6.343731e-01 
6.343731e-01 
6.343731e-01 
6.343731e-01 
6.343731e-01 
6.343731e-01 
6.343731e-01 
6.343731e-01 
6.343731e-01 
6.343731e-01 
6.343731e-01 
6.343731e-01 
6.343731e-01 
6.343731e-01 
6.343731e-01 
6.343731e-01 
6.343731e-01 
6.343731e-01 
6.343731e-01 
6.343731e-01 
6.343731e-01 
6.343731e-01 
6.343731e-01 
6.343731e-01 
6.343731e-01 
6.343731e-01 
6.343731e-01 
6.343731e-01 
6.343731e-01 
6.343731e-01 
6.343731e-01 
6.343731e-01 
6.343731e-01 
6.343731e-01 
6.343731e-01 
6.343731e-01 
6.343731e-01 
6.343731e-01 
6.343731e-01 
6.343731e-01 
6.343731e-01 
6.343731e-01 
6.343731e-01 
6.343731e-01 
6.343731e-01 
6.343731e-01 
6.343731e-01 
6.343731e-01 
6.343731e-01 
6.343731e-01 
6.343731e-01 
6.343731e-01 
6.343731e-01 
6.343731e-01 
6.343731e-01 
6.343731e-01 
6.343731e-01 
6.343731e-01 
6.343731e-01 
6.343731e-01 
6.343731e-01 
6.343731e-01 
6.343731e-01 
6.343731e-01 
6.343731e-01 
6.343731e-01 
6.343731e-01 
6.343731e-01 
6.343731e-01 
6.343731e-01 
6.343731e-01 
6.343731e-01 
6.343731e-01 
6.343731e-01 
6.343731e-01 
6.343731e-01 
6.343731e-01 
6.343731e-01 
6.343731e-01 
6.343731e-01 
6.343731e-01 
6.343731e-01 
6.343731e-01 
6.343731e-01 
6.343731e-01 
6.343731e-01 
6.343731e-01 
6.343731e-01 
6.343731e-01 
6.343731e-01 
6.343731e-01 
6.343731e-01 
6.343731e-01 
6.343731e-01 
6.343731e-01 
6.343731e-01 
6.343731e-01 
6.343731e-01 
6.343731e-01 
6.343731e-01 
6.343731e-01 
6.343731e-01 
6.343731e-01 
6.343731e-01 
6.343731e-01 
6.343731e-01 
6.343731e-01 
6.343731e-01 
6.343731e-01 
6.343731e-01 
6.343731e-01 
6.343731e-01 
6.343731e-01 
6.343731e-01 
6.343731e-01 
6.343731e-01 
6.343731e-01 
6.343731e-01 
6.343731e-01 
6.343731e-01 
6.343731e-01 
6.343731e-01 
6.343731e-01 
6.343731e-01 
6.343731e-01 
6.343731e-01 
6.343731e-01 
6.343731e-01 
6.343731e-01 
6.343731e-01 
6.343731e-01 
6.343731e-01 
6.343731e-01 
6.343731e-01 
6.343731e-01 
6.343731e-01 
6.343731e-01 
6.343731e-01 
6.343731e-01 
6.343731e-01 
6.343731e-01 
6.343731e-01 
6.343731e-01 
6.343731e-01 
6.343731e-01 
6.343731e-01 
6.343731e-01 
6.343731e-01 
6.343731e-01 
6.343731e-01 
6.343731e-01 
6.343731e-01 
6.343731e-01 
6.343731e-01 
6.343731e-01 
6.343731e-01 
6.343731e-01 
6.343731e-01 
6.343731e-01 
6.343731e-01 
6.343731e-01 
6.343731e-01 
6.343731e-01 
6.343731e-01 
6.343731e-01 
6.343731e-01 
6.343731e-01 
6.343731e-01 
6.343731e-01 
6.343731e-01 
6.343731e-01 
6.343731e-01 
6.343731e-01 
6.343731e-01 
6.343731e-01 
6.343731e-01 
6.343731e-01 
6.343731e-01 
6.343731e-01 
6.343731e-01 
6.343731e-01 
6.343731e-01 
6.343731e-01 
6.343731e-01 
6.343731e-01 
6.343731e-01 
6.343731e-01 
6.343731e-01 
6.343731e-01 
6.343731e-01 
6.343731e-01 
6.343731e-01 
6.343731e-01 
6.343731e-01 
6.343731e-01 
6.343731e-01 
6.343731e-01 
6.343731e-01 
6.343731e-01 
6.343731e-01 
6.343731e-01 
6.343731e-01 
6.343731e-01 
6.343731e-01 
6.343731e-01 
6.343731e-01 
6.343731e-01 
6.343731e-01 
6.343731e-01 
6.343731e-01 
6.343731e-01 
6.343731e-01 
6.343731e-01 
6.343731e-01 
6.343731e-01 
6.343731e-01 
6.343731e-01 
6.343731e-01 
6.343731e-01 
6.343731e-01 
6.343731e-01 
6.343731e-01 
6.343731e-01 
6.343731e-01 
6.343731e-01 
6.343731e-01 
6.343731e-01 
6.343731e-01 
6.343731e-01 
6.343731e-01 
6.343731e-01 
6.343731e-01 
6.343731e-01 
6.343731e-01 
6.343731e-01 
6.343731e-01 
6.343731e-01 
6.343731e-01 
6.343731e-01 
6.343731e-01 
6.343731e-01 
6.343731e-01 
6.343731e-01 
6.343731e-01 
6.343731e-01 
6.343731e-01 
6.343731e-01 
6.343731e-01 
6.343731e-01 
6.343731e-01 
6.343731e-01 
6.343731e-01 
6.343731e-01 
6.343731e-01 
6.343731e-01 
6.343731e-01 
6.343731e-01 
6.343731e-01 
6.343731e-01 
6.343731e-01 
6.343731e-01 
6.343731e-01 
6.343731e-01 
6.343731e-01 
6.343731e-01 
6.343731e-01 
6.343731e-01 
6.343731e-01 
6.343731e-01 
6.343731e-01 
6.343731e-01 
6.343731e-01 
6.343731e-01 
6.343731e-01 
6.343731e-01 
6.343731e-01 
6.343731e-01 
6.343731e-01 
6.343731e-01 
6.343731e-01 
6.343731e-01 
6.343731e-01 
6.343731e-01 
6.343731e-01 
6.343731e-01 
6.343731e-01 
6.343731e-01 
6.343731e-01 
6.343731e-01 
6.343731e-01 
6.343731e-01 
6.343731e-01 
6.343731e-01 
6.343731e-01 
6.343731e-01 
6.343731e-01 
6.343731e-01 
6.343731e-01 
6.343731e-01 
6.343731e-01 
6.343731e-01 
6.343731e-01 
6.343731e-01 
6.343731e-01 
6.343731e-01 
6.343731e-01 
6.343731e-01 
6.343731e-01 
6.343731e-01 
6.343731e-01 
6.343731e-01 
6.343731e-01 
6.343731e-01 
6.343731e-01 
6.343731e-01 
6.343731e-01 
6.343731e-01 
6.343731e-01 
6.343731e-01 
6.343731e-01 
6.343731e-01 
6.343731e-01 
6.343730e-01 
6.343730e-01 
6.343730e-01 
6.343730e-01 
6.343730e-01 
6.343730e-01 
6.343730e-01 
6.343730e-01 
6.343730e-01 
6.343730e-01 
6.343730e-01 
6.343730e-01 
6.343730e-01 
6.343730e-01 
6.343730e-01 
6.343730e-01 
6.343730e-01 
6.343730e-01 
6.343730e-01 
6.343730e-01 
6.343730e-01 
6.343730e-01 
6.343730e-01 
6.343730e-01 
6.343730e-01 
6.343730e-01 
6.343730e-01 
6.343730e-01 
6.343730e-01 
6.343730e-01 
6.343730e-01 
6.343730e-01 
6.343730e-01 
6.343730e-01 
6.343730e-01 
6.343730e-01 
6.343730e-01 
6.343730e-01 
6.343730e-01 
6.343730e-01 
6.343730e-01 
6.343730e-01 
6.343730e-01 
6.343730e-01 
6.343730e-01 
6.343730e-01 
6.343730e-01 
6.343730e-01 
6.343730e-01 
6.343730e-01 
6.343730e-01 
6.343730e-01 
6.343730e-01 
6.343730e-01 
6.343730e-01 
6.343730e-01 
6.343730e-01 
6.343730e-01 
6.343730e-01 
6.343730e-01 
6.343730e-01 
6.343730e-01 
6.343730e-01 
6.343730e-01 
6.343730e-01 
6.343730e-01 
6.343730e-01 
6.343730e-01 
6.343730e-01 
6.343730e-01 
6.343730e-01 
6.343730e-01 
6.343730e-01 
6.343730e-01 
6.343730e-01 
6.343730e-01 
6.343730e-01 
6.343730e-01 
6.343730e-01 
6.343730e-01 
6.343730e-01 
6.343730e-01 
6.343730e-01 
6.343730e-01 
6.343730e-01 
6.343730e-01 
6.343730e-01 
6.343730e-01 
6.343730e-01 
6.343730e-01 
6.343730e-01 
6.343730e-01 
6.343730e-01 
6.343730e-01 
6.343730e-01 
6.343730e-01 
6.343730e-01 
6.343730e-01 
6.343730e-01 
6.343730e-01 
6.343730e-01 
6.343730e-01 
6.343730e-01 
6.343730e-01 
6.343730e-01 
6.343730e-01 
6.343730e-01 
6.343730e-01 
6.343730e-01 
6.343730e-01 
6.343730e-01 
6.343730e-01 
6.343730e-01 
6.343730e-01 
6.343730e-01 
6.343730e-01 
6.343730e-01 
6.343730e-01 
6.343730e-01 
6.343730e-01 
6.343730e-01 
6.343730e-01 
6.343730e-01 
6.343730e-01 
6.343730e-01 
6.343730e-01 
6.343730e-01 
6.343730e-01 
6.343730e-01 
6.343730e-01 
6.343730e-01 
6.343730e-01 
6.343730e-01 
6.343730e-01 
6.343730e-01 
6.343730e-01 
6.343730e-01 
6.343730e-01 
6.343730e-01 
6.343730e-01 
6.343730e-01 
6.343730e-01 
6.343730e-01 
6.343730e-01 
6.343730e-01 
6.343730e-01 
6.343730e-01 
6.343730e-01 
6.343730e-01 
6.343730e-01 
6.343730e-01 
6.343730e-01 
6.343730e-01 
6.343730e-01 
6.343730e-01 
6.343730e-01 
6.343730e-01 
6.343730e-01 
6.343730e-01 
6.343730e-01 
6.343730e-01 
6.343730e-01 
6.343730e-01 
6.343730e-01 
6.343730e-01 
6.343730e-01 
6.343730e-01 
6.343730e-01 
6.343730e-01 
6.343730e-01 
6.343730e-01 
6.343730e-01 
6.343730e-01 
6.343730e-01 
6.343730e-01 
6.343730e-01 
6.343730e-01 
6.343730e-01 
6.343730e-01 
6.343730e-01 
6.343730e-01 
6.343730e-01 
6.343730e-01 
6.343730e-01 
6.343730e-01 
6.343730e-01 
6.343730e-01 
6.343730e-01 
6.343730e-01 
6.343730e-01 
6.343730e-01 
6.343730e-01 
6.343730e-01 
6.343730e-01 
6.343730e-01 
6.343730e-01 
6.343730e-01 
6.343730e-01 
6.343730e-01 
6.343730e-01 
6.343730e-01 
6.343730e-01 
6.343730e-01 
6.343730e-01 
6.343730e-01 
6.343730e-01 
6.343730e-01 
6.343730e-01 
6.343730e-01 
6.343730e-01 
6.343730e-01 
6.343730e-01 
6.343730e-01 
6.343730e-01 
6.343730e-01 
6.343730e-01 
6.343730e-01 
6.343730e-01 
6.343730e-01 
6.343730e-01 
6.343730e-01 
6.343730e-01 
6.343730e-01 
6.343730e-01 
6.343730e-01 
6.343730e-01 
6.343730e-01 
6.343730e-01 
6.343730e-01 
6.343730e-01 
6.343730e-01 
6.343730e-01 
6.343730e-01 
6.343730e-01 
6.343730e-01 
6.343730e-01 
6.343730e-01 
6.343730e-01 
6.343730e-01 
6.343730e-01 
6.343730e-01 
6.343730e-01 
6.343730e-01 
6.343730e-01 
6.343730e-01 
6.343730e-01 
6.343730e-01 
6.343730e-01 
6.343730e-01 
6.343730e-01 
6.343730e-01 
6.343730e-01 
6.343730e-01 
6.343730e-01 
6.343730e-01 
6.343730e-01 
6.343730e-01 
6.343730e-01 
6.343730e-01 
6.343730e-01 
6.343730e-01 
6.343730e-01 
6.343730e-01 
6.343730e-01 
6.343730e-01 
6.343730e-01 
6.343730e-01 
6.343730e-01 
6.343730e-01 
6.343730e-01 
6.343730e-01 
6.343730e-01 
6.343730e-01 
6.343730e-01 
6.343730e-01 
6.343730e-01 
6.343730e-01 
6.343730e-01 
6.343730e-01 
6.343730e-01 
6.343730e-01 
6.343730e-01 
6.343730e-01 
6.343730e-01 
6.343730e-01 
6.343730e-01 
6.343730e-01 
6.343730e-01 
6.343730e-01 
6.343730e-01 
6.343730e-01 
6.343730e-01 
6.343730e-01 
6.343730e-01 
6.343730e-01 
6.343730e-01 
6.343730e-01 
6.343730e-01 
6.343730e-01 
6.343730e-01 
6.343730e-01 
6.343730e-01 
6.343730e-01 
6.343730e-01 
6.343730e-01 
6.343730e-01 
6.343730e-01 
6.343730e-01 
6.343730e-01 
6.343730e-01 
6.343730e-01 
6.343730e-01 
6.343730e-01 
6.343730e-01 
6.343730e-01 
6.343730e-01 
6.343730e-01 
6.343730e-01 
6.343730e-01 
6.343730e-01 
6.343730e-01 
6.343730e-01 
6.343730e-01 
6.343730e-01 
6.343730e-01 
6.343730e-01 
6.343730e-01 
6.343730e-01 
6.343730e-01 
6.343730e-01 
6.343730e-01 
6.343730e-01 
6.343730e-01 
6.343730e-01 
6.343730e-01 
6.343730e-01 
6.343730e-01 
6.343730e-01 
6.343730e-01 
6.343730e-01 
6.343730e-01 
6.343730e-01 
6.343730e-01 
6.343730e-01 
6.343730e-01 
6.343730e-01 
6.343730e-01 
6.343730e-01 
6.343730e-01 
6.343730e-01 
6.343730e-01 
6.343730e-01 
6.343730e-01 
6.343730e-01 
6.343730e-01 
6.343730e-01 
6.343730e-01 
6.343730e-01 
6.343730e-01 
6.343730e-01 
6.343730e-01 
6.343730e-01 
6.343730e-01 
6.343730e-01 
6.343730e-01 
6.343730e-01 
6.343730e-01 
6.343730e-01 
6.343730e-01 
6.343730e-01 
6.343730e-01 
6.343730e-01 
6.343730e-01 
6.343730e-01 
6.343730e-01 
6.343730e-01 
6.343730e-01 
6.343730e-01 
6.343730e-01 
6.343730e-01 
6.343730e-01 
6.343730e-01 
6.343730e-01 
6.343730e-01 
6.343730e-01 
6.343730e-01 
6.343730e-01 
6.343730e-01 
6.343730e-01 
6.343730e-01 
6.343730e-01 
6.343730e-01 
6.343730e-01 
6.343730e-01 
6.343730e-01 
6.343730e-01 
6.343730e-01 
6.343730e-01 
6.343730e-01 
6.343730e-01 
6.343730e-01 
6.343730e-01 
6.343730e-01 
6.343730e-01 
6.343730e-01 
6.343730e-01 
6.343730e-01 
6.343730e-01 
6.343730e-01 
6.343730e-01 
6.343730e-01 
6.343730e-01 
6.343730e-01 
6.343730e-01 
6.343730e-01 
6.343730e-01 
6.343730e-01 
6.343730e-01 
6.343730e-01 
6.343730e-01 
6.343730e-01 
6.343730e-01 
6.343730e-01 
6.343730e-01 
6.343730e-01 
6.343730e-01 
6.343730e-01 
6.343730e-01 
6.343730e-01 
6.343730e-01 
6.343730e-01 
6.343730e-01 
6.343730e-01 
6.343730e-01 
6.343730e-01 
6.343730e-01 
6.343730e-01 
6.343730e-01 
6.343730e-01 
6.343730e-01 
6.343730e-01 
6.343730e-01 
6.343730e-01 
6.343730e-01 
6.343730e-01 
6.343730e-01 
6.343730e-01 
6.343730e-01 
6.343730e-01 
6.343730e-01 
6.343730e-01 
6.343730e-01 
6.343730e-01 
6.343730e-01 
6.343730e-01 
6.343730e-01 
6.343730e-01 
6.343730e-01 
6.343730e-01 
6.343730e-01 
6.343730e-01 
6.343730e-01 
6.343730e-01 
6.343730e-01 
6.343730e-01 
6.343730e-01 
6.343730e-01 
6.343730e-01 
6.343730e-01 
6.343730e-01 
6.343730e-01 
6.343730e-01 
6.343730e-01 
6.343730e-01 
6.343730e-01 
6.343730e-01 
6.343730e-01 
6.343730e-01 
6.343730e-01 
6.343730e-01 
6.343730e-01 
6.343730e-01 
6.343730e-01 
6.343730e-01 
6.343730e-01 
6.343730e-01 
6.343730e-01 
6.343730e-01 
6.343730e-01 
6.343730e-01 
6.343730e-01 
6.343730e-01 
6.343730e-01 
6.343730e-01 
6.343730e-01 
6.343730e-01 
6.343730e-01 
6.343730e-01 
6.343730e-01 
6.343730e-01 
6.343730e-01 
6.343730e-01 
6.343730e-01 
6.343730e-01 
6.343730e-01 
6.343730e-01 
6.343730e-01 
6.343730e-01 
6.343730e-01 
6.343730e-01 
6.343730e-01 
6.343730e-01 
6.343730e-01 
6.343730e-01 
6.343730e-01 
6.343730e-01 
6.343730e-01 
6.343730e-01 
6.343730e-01 
6.343730e-01 
6.343730e-01 
6.343730e-01 
6.343730e-01 
6.343730e-01 
6.343730e-01 
6.343730e-01 
6.343730e-01 
6.343730e-01 
6.343730e-01 
6.343730e-01 
6.343730e-01 
6.343730e-01 
6.343730e-01 
6.343730e-01 
6.343730e-01 
6.343730e-01 
6.343730e-01 
6.343730e-01 
6.343730e-01 
6.343730e-01 
6.343730e-01 
6.343730e-01 
6.343730e-01 
6.343730e-01 
6.343730e-01 
6.343730e-01 
6.343730e-01 
6.343730e-01 
6.343730e-01 
6.343730e-01 
6.343730e-01 
6.343730e-01 
6.343730e-01 
6.343730e-01 
6.343730e-01 
6.343730e-01 
6.343730e-01 
6.343730e-01 
6.343730e-01 
6.343730e-01 
6.343730e-01 
6.343730e-01 
6.343730e-01 
6.343730e-01 
6.343730e-01 
6.343730e-01 
6.343730e-01 
6.343730e-01 
6.343730e-01 
6.343730e-01 
6.343730e-01 
6.343730e-01 
6.343730e-01 
6.343730e-01 
6.343730e-01 
6.343730e-01 
6.343730e-01 
6.343730e-01 
6.343730e-01 
6.343730e-01 
6.343730e-01 
6.343730e-01 
6.343730e-01 
6.343730e-01 
6.343730e-01 
6.343730e-01 
6.343730e-01 
6.343730e-01 
6.343730e-01 
6.343730e-01 
6.343730e-01 
6.343730e-01 
6.343730e-01 
6.343730e-01 
6.343730e-01 
6.343730e-01 
6.343730e-01 
6.343730e-01 
6.343730e-01 
6.343730e-01 
6.343730e-01 
6.343730e-01 
6.343730e-01 
6.343730e-01 
6.343730e-01 
6.343730e-01 
6.343730e-01 
6.343730e-01 
6.343730e-01 
6.343730e-01 
6.343730e-01 
6.343730e-01 
6.343730e-01 
6.343730e-01 
6.343730e-01 
6.343730e-01 
6.343730e-01 
6.343730e-01 
6.343730e-01 
6.343730e-01 
6.343730e-01 
6.343730e-01 
6.343730e-01 
6.343730e-01 
6.343730e-01 
6.343730e-01 
6.343730e-01 
6.343730e-01 
6.343730e-01 
6.343730e-01 
6.343730e-01 
6.343730e-01 
6.343730e-01 
6.343730e-01 
6.343730e-01 
6.343730e-01 
6.343730e-01 
6.343730e-01 
6.343730e-01 
6.343730e-01 
6.343730e-01 
6.343730e-01 
6.343730e-01 
6.343730e-01 
6.343730e-01 
6.343730e-01 
6.343730e-01 
6.343730e-01 
6.343730e-01 
6.343730e-01 
6.343730e-01 
6.343730e-01 
6.343730e-01 
6.343730e-01 
6.343730e-01 
6.343730e-01 
6.343730e-01 
6.343730e-01 
6.343730e-01 
6.343730e-01 
6.343730e-01 
6.343730e-01 
6.343730e-01 
6.343730e-01 
6.343730e-01 
6.343730e-01 
6.343730e-01 
6.343730e-01 
6.343730e-01 
6.343730e-01 
6.343730e-01 
6.343730e-01 
6.343730e-01 
6.343730e-01 
6.343730e-01 
6.343730e-01 
6.343730e-01 
6.343730e-01 
6.343730e-01 
6.343730e-01 
6.343730e-01 
6.343730e-01 
6.343730e-01 
6.343730e-01 
6.343730e-01 
6.343730e-01 
6.343730e-01 
6.343730e-01 
6.343730e-01 
6.343730e-01 
6.343730e-01 
6.343730e-01 
6.343730e-01 
6.343730e-01 
6.343730e-01 
6.343730e-01 
6.343730e-01 
6.343730e-01 
6.343730e-01 
6.343730e-01 
6.343730e-01 
6.343730e-01 
6.343730e-01 
6.343730e-01 
6.343730e-01 
6.343730e-01 
6.343730e-01 
6.343730e-01 
6.343730e-01 
6.343730e-01 
6.343730e-01 
6.343730e-01 
6.343730e-01 
6.343730e-01 
6.343730e-01 
6.343730e-01 
6.343730e-01 
6.343730e-01 
6.343730e-01 
6.343730e-01 
6.343730e-01 
6.343730e-01 
6.343730e-01 
6.343730e-01 
6.343730e-01 
6.343730e-01 
6.343730e-01 
6.343730e-01 
6.343730e-01 
6.343730e-01 
6.343730e-01 
6.343730e-01 
6.343730e-01 
6.343730e-01 
6.343730e-01 
6.343730e-01 
6.343730e-01 
6.343730e-01 
6.343730e-01 
6.343730e-01 
6.343730e-01 
6.343730e-01 
6.343730e-01 
6.343730e-01 
6.343730e-01 
6.343730e-01 
6.343730e-01 
6.343730e-01 
6.343730e-01 
6.343730e-01 
6.343730e-01 
6.343730e-01 
6.343730e-01 
6.343730e-01 
6.343730e-01 
6.343730e-01 
6.343730e-01 
6.343730e-01 
6.343730e-01 
6.343730e-01 
6.343730e-01 
6.343730e-01 
6.343730e-01 
6.343730e-01 
6.343730e-01 
6.343730e-01 
6.343730e-01 
6.343730e-01 
6.343730e-01 
6.343730e-01 
6.343730e-01 
6.343730e-01 
6.343730e-01 
6.343730e-01 
6.343730e-01 
6.343730e-01 
6.343730e-01 
6.343730e-01 
6.343730e-01 
6.343730e-01 
6.343730e-01 
6.343730e-01 
6.343730e-01 
6.343730e-01 
6.343730e-01 
6.343730e-01 
6.343730e-01 
6.343730e-01 
6.343730e-01 
6.343730e-01 
6.343730e-01 
6.343730e-01 
6.343730e-01 
6.343730e-01 
6.343730e-01 
6.343730e-01 
6.343730e-01 
6.343730e-01 
6.343730e-01 
6.343730e-01 
6.343730e-01 
6.343730e-01 
6.343730e-01 
6.343730e-01 
6.343730e-01 
6.343730e-01 
6.343730e-01 
6.343730e-01 
6.343730e-01 
6.343730e-01 
6.343730e-01 
6.343730e-01 
6.343730e-01 
6.343730e-01 
6.343730e-01 
6.343730e-01 
6.343730e-01 
6.343730e-01 
6.343730e-01 
6.343730e-01 
6.343730e-01 
6.343730e-01 
6.343730e-01 
6.343730e-01 
6.343730e-01 
6.343730e-01 
6.343730e-01 
6.343730e-01 
6.343730e-01 
6.343730e-01 
6.343730e-01 
6.343730e-01 
6.343730e-01 
6.343730e-01 
6.343730e-01 
6.343730e-01 
6.343730e-01 
6.343730e-01 
6.343730e-01 
6.343730e-01 
6.343730e-01 
6.343730e-01 
6.343730e-01 
6.343730e-01 
6.343730e-01 
6.343730e-01 
6.343730e-01 
6.343730e-01 
6.343730e-01 
6.343730e-01 
6.343730e-01 
6.343730e-01 
6.343730e-01 
6.343730e-01 
6.343730e-01 
6.343730e-01 
6.343730e-01 
6.343730e-01 
6.343730e-01 
6.343730e-01 
6.343730e-01 
6.343730e-01 
6.343730e-01 
6.343730e-01 
6.343730e-01 
6.343730e-01 
6.343730e-01 
6.343730e-01 
6.343730e-01 
6.343730e-01 
6.343730e-01 
6.343730e-01 
6.343730e-01 
6.343730e-01 
6.343730e-01 
6.343730e-01 
6.343730e-01 
6.343730e-01 
6.343730e-01 
6.343730e-01 
6.343730e-01 
6.343730e-01 
6.343730e-01 
6.343730e-01 
6.343730e-01 
6.343730e-01 
6.343730e-01 
6.343730e-01 
6.343730e-01 
6.343730e-01 
6.343730e-01 
6.343730e-01 
6.343730e-01 
6.343730e-01 
6.343730e-01 
6.343730e-01 
6.343730e-01 
6.343730e-01 
6.343730e-01 
6.343730e-01 
6.343730e-01 
6.343730e-01 
6.343730e-01 
6.343730e-01 
6.343730e-01 
6.343730e-01 
6.343730e-01 
6.343730e-01 
6.343730e-01 
6.343730e-01 
6.343730e-01 
6.343730e-01 
6.343730e-01 
6.343730e-01 
6.343730e-01 
6.343730e-01 
6.343730e-01 
6.343730e-01 
6.343730e-01 
6.343730e-01 
6.343730e-01 
6.343730e-01 
6.343730e-01 
6.343730e-01 
6.343730e-01 
6.343730e-01 
6.343730e-01 
6.343730e-01 
6.343730e-01 
6.343730e-01 
6.343730e-01 
6.343730e-01 
6.343730e-01 
6.343730e-01 
6.343730e-01 
6.343730e-01 
6.343730e-01 
6.343730e-01 
6.343730e-01 
6.343730e-01 
6.343730e-01 
6.343730e-01 
6.343730e-01 
6.343730e-01 
6.343730e-01 
6.343730e-01 
6.343730e-01 
6.343730e-01 
6.343730e-01 
6.343730e-01 
6.343730e-01 
6.343730e-01 
6.343730e-01 
6.343730e-01 
6.343730e-01 
6.343730e-01 
6.343730e-01 
6.343730e-01 
6.343730e-01 
6.343730e-01 
6.343730e-01 
6.343730e-01 
6.343730e-01 
6.343730e-01 
6.343730e-01 
6.343730e-01 
6.343730e-01 
6.343730e-01 
6.343730e-01 
6.343730e-01 
6.343730e-01 
6.343730e-01 
6.343730e-01 
6.343730e-01 
6.343730e-01 
6.343730e-01 
6.343730e-01 
6.343730e-01 
6.343730e-01 
6.343730e-01 
6.343730e-01 
6.343730e-01 
6.343730e-01 
6.343730e-01 
6.343730e-01 
6.343730e-01 
6.343730e-01 
6.343730e-01 
6.343730e-01 
6.343730e-01 
6.343730e-01 
6.343730e-01 
6.343730e-01 
6.343730e-01 
6.343730e-01 
6.343730e-01 
6.343730e-01 
6.343730e-01 
6.343730e-01 
6.343730e-01 
6.343730e-01 
6.343730e-01 
6.343730e-01 
6.343730e-01 
6.343730e-01 
6.343730e-01 
6.343730e-01 
6.343730e-01 
6.343730e-01 
6.343730e-01 
6.343730e-01 
6.343730e-01 
6.343730e-01 
6.343730e-01 
6.343730e-01 
6.343730e-01 
6.343730e-01 
6.343730e-01 
6.343730e-01 
6.343730e-01 
6.343730e-01 
6.343730e-01 
6.343730e-01 
6.343730e-01 
6.343730e-01 
6.343730e-01 
6.343730e-01 
6.343730e-01 
6.343730e-01 
6.343730e-01 
6.343730e-01 
6.343730e-01 
6.343730e-01 
6.343730e-01 
6.343730e-01 
6.343730e-01 
6.343730e-01 
6.343730e-01 
6.343730e-01 
6.343730e-01 
6.343730e-01 
6.343730e-01 
6.343730e-01 
6.343730e-01 
6.343730e-01 
6.343730e-01 
6.343730e-01 
6.343730e-01 
6.343730e-01 
6.343730e-01 
6.343730e-01 
6.343730e-01 
6.343730e-01 
6.343730e-01 
6.343730e-01 
6.343730e-01 
6.343730e-01 
6.343730e-01 
6.343730e-01 
6.343730e-01 
6.343730e-01 
6.343730e-01 
6.343730e-01 
6.343730e-01 
6.343730e-01 
6.343730e-01 
6.343730e-01 
6.343730e-01 
6.343730e-01 
6.343730e-01 
6.343730e-01 
6.343730e-01 
6.343730e-01 
6.343730e-01 
6.343730e-01 
6.343730e-01 
6.343730e-01 
6.343730e-01 
6.343730e-01 
6.343730e-01 
6.343730e-01 
6.343730e-01 
6.343730e-01 
6.343730e-01 
6.343730e-01 
6.343730e-01 
6.343730e-01 
6.343730e-01 
6.343730e-01 
6.343730e-01 
6.343730e-01 
6.343730e-01 
6.343730e-01 
6.343730e-01 
6.343730e-01 
6.343730e-01 
6.343730e-01 
6.343730e-01 
6.343730e-01 
6.343730e-01 
6.343730e-01 
6.343730e-01 
6.343730e-01 
6.343730e-01 
6.343730e-01 
6.343730e-01 
6.343730e-01 
6.343730e-01 
6.343730e-01 
6.343730e-01 
6.343730e-01 
6.343730e-01 
6.343730e-01 
6.343730e-01 
6.343730e-01 
6.343730e-01 
6.343730e-01 
6.343730e-01 
6.343730e-01 
6.343730e-01 
6.343730e-01 
6.343730e-01 
6.343730e-01 
6.343730e-01 
6.343730e-01 
6.343730e-01 
6.343730e-01 
6.343730e-01 
6.343730e-01 
6.343730e-01 
6.343730e-01 
6.343730e-01 
6.343730e-01 
6.343730e-01 
6.343730e-01 
6.343730e-01 
6.343730e-01 
6.343730e-01 
6.343730e-01 
6.343730e-01 
6.343730e-01 
6.343730e-01 
6.343730e-01 
6.343730e-01 
6.343730e-01 
6.343730e-01 
6.343730e-01 
6.343730e-01 
6.343730e-01 
6.343730e-01 
6.343730e-01 
6.343730e-01 
6.343730e-01 
6.343730e-01 
6.343730e-01 
6.343730e-01 
6.343730e-01 
6.343730e-01 
6.343730e-01 
6.343730e-01 
6.343730e-01 
6.343730e-01 
6.343730e-01 
6.343730e-01 
6.343730e-01 
6.343730e-01 
6.343730e-01 
6.343730e-01 
6.343730e-01 
6.343730e-01 
6.343730e-01 
6.343730e-01 
6.343730e-01 
6.343730e-01 
6.343730e-01 
6.343730e-01 
6.343730e-01 
6.343730e-01 
6.343730e-01 
6.343730e-01 
6.343730e-01 
6.343730e-01 
6.343730e-01 
6.343730e-01 
6.343730e-01 
6.343730e-01 
6.343730e-01 
6.343730e-01 
6.343730e-01 
6.343730e-01 
6.343730e-01 
6.343730e-01 
6.343730e-01 
6.343730e-01 
6.343730e-01 
6.343730e-01 
6.343730e-01 
6.343730e-01 
6.343730e-01 
6.343730e-01 
6.343730e-01 
6.343730e-01 
6.343730e-01 
6.343730e-01 
6.343730e-01 
6.343730e-01 
6.343730e-01 
6.343730e-01 
6.343730e-01 
6.343730e-01 
6.343730e-01 
6.343730e-01 
6.343730e-01 
6.343730e-01 
6.343730e-01 
6.343730e-01 
6.343730e-01 
6.343730e-01 
6.343730e-01 
6.343730e-01 
6.343730e-01 
6.343730e-01 
6.343730e-01 
6.343730e-01 
6.343730e-01 
6.343730e-01 
6.343730e-01 
6.343730e-01 
6.343730e-01 
6.343730e-01 
6.343730e-01 
6.343730e-01 
6.343730e-01 
6.343730e-01 
6.343730e-01 
6.343730e-01 
6.343730e-01 
6.343730e-01 
6.343730e-01 
6.343730e-01 
6.343730e-01 
6.343730e-01 
6.343730e-01 
6.343730e-01 
6.343730e-01 
6.343730e-01 
6.343730e-01 
6.343730e-01 
6.343730e-01 
6.343730e-01 
6.343730e-01 
6.343730e-01 
6.343730e-01 
6.343730e-01 
6.343730e-01 
6.343730e-01 
6.343730e-01 
6.343730e-01 
6.343730e-01 
6.343730e-01 
6.343730e-01 
6.343730e-01 
6.343730e-01 
6.343730e-01 
6.343730e-01 
6.343730e-01 
6.343730e-01 
6.343730e-01 
6.343730e-01 
6.343730e-01 
6.343730e-01 
6.343730e-01 
6.343730e-01 
6.343730e-01 
6.343730e-01 
6.343730e-01 
6.343730e-01 
6.343730e-01 
6.343730e-01 
6.343730e-01 
6.343730e-01 
6.343730e-01 
6.343730e-01 
6.343730e-01 
6.343730e-01 
6.343730e-01 
6.343730e-01 
6.343730e-01 
6.343730e-01 
6.343730e-01 
6.343730e-01 
6.343730e-01 
6.343730e-01 
6.343730e-01 
6.343730e-01 
6.343730e-01 
6.343730e-01 
6.343730e-01 
6.343730e-01 
6.343730e-01 
6.343730e-01 
6.343730e-01 
6.343730e-01 
6.343730e-01 
6.343730e-01 
6.343730e-01 
6.343730e-01 
6.343730e-01 
6.343730e-01 
6.343730e-01 
6.343730e-01 
6.343730e-01 
6.343730e-01 
6.343730e-01 
6.343730e-01 
6.343730e-01 
6.343730e-01 
6.343730e-01 
6.343730e-01 
6.343730e-01 
6.343730e-01 
6.343730e-01 
6.343730e-01 
6.343730e-01 
6.343730e-01 
6.343730e-01 
6.343730e-01 
6.343730e-01 
6.343730e-01 
6.343730e-01 
6.343730e-01 
6.343730e-01 
6.343730e-01 
6.343730e-01 
6.343730e-01 
6.343730e-01 
6.343730e-01 
6.343730e-01 
6.343730e-01 
6.343730e-01 
6.343730e-01 
6.343730e-01 
6.343730e-01 
6.343730e-01 
6.343730e-01 
6.343730e-01 
6.343730e-01 
6.343730e-01 
6.343730e-01 
6.343730e-01 
6.343730e-01 
6.343730e-01 
6.343730e-01 
6.343730e-01 
6.343730e-01 
6.343730e-01 
6.343730e-01 
6.343730e-01 
6.343730e-01 
6.343730e-01 
6.343730e-01 
6.343730e-01 
6.343730e-01 
6.343730e-01 
6.343730e-01 
6.343730e-01 
6.343730e-01 
6.343730e-01 
6.343730e-01 
6.343730e-01 
6.343730e-01 
6.343730e-01 
6.343730e-01 
6.343730e-01 
6.343730e-01 
6.343730e-01 
6.343730e-01 
6.343730e-01 
6.343730e-01 
6.343730e-01 
6.343730e-01 
6.343730e-01 
6.343730e-01 
6.343730e-01 
6.343730e-01 
6.343730e-01 
6.343730e-01 
6.343730e-01 
6.343730e-01 
6.343730e-01 
6.343730e-01 
6.343730e-01 
6.343730e-01 
6.343730e-01 
6.343730e-01 
6.343730e-01 
6.343730e-01 
6.343730e-01 
6.343730e-01 
6.343730e-01 
6.343730e-01 
6.343730e-01 
6.343730e-01 
6.343730e-01 
6.343730e-01 
6.343730e-01 
6.343730e-01 
6.343730e-01 
6.343730e-01 
6.343730e-01 
6.343730e-01 
6.343730e-01 
6.343730e-01 
6.343730e-01 
6.343730e-01 
6.343730e-01 
6.343730e-01 
6.343730e-01 
6.343730e-01 
6.343730e-01 
6.343730e-01 
6.343730e-01 
6.343730e-01 
6.343730e-01 
6.343730e-01 
6.343730e-01 
6.343730e-01 
6.343730e-01 
6.343730e-01 
6.343730e-01 
6.343730e-01 
6.343730e-01 
6.343730e-01 
6.343730e-01 
6.343730e-01 
6.343730e-01 
6.343730e-01 
6.343730e-01 
6.343730e-01 
6.343730e-01 
6.343730e-01 
6.343730e-01 
6.343730e-01 
6.343730e-01 
6.343730e-01 
6.343730e-01 
6.343730e-01 
6.343730e-01 
6.343730e-01 
6.343730e-01 
6.343730e-01 
6.343730e-01 
6.343730e-01 
6.343730e-01 
6.343730e-01 
6.343730e-01 
6.343730e-01 
6.343730e-01 
6.343730e-01 
6.343730e-01 
6.343730e-01 
6.343730e-01 
6.343730e-01 
6.343730e-01 
6.343730e-01 
6.343730e-01 
6.343730e-01 
6.343730e-01 
6.343730e-01 
6.343730e-01 
6.343730e-01 
6.343730e-01 
6.343730e-01 
6.343730e-01 
6.343730e-01 
6.343730e-01 
6.343730e-01 
6.343730e-01 
6.343730e-01 
6.343730e-01 
6.343730e-01 
6.343730e-01 
6.343730e-01 
6.343730e-01 
6.343730e-01 
6.343730e-01 
6.343730e-01 
6.343730e-01 
6.343730e-01 
6.343730e-01 
6.343730e-01 
6.343730e-01 
6.343730e-01 
6.343730e-01 
6.343730e-01 
6.343730e-01 
6.343730e-01 
6.343730e-01 
6.343730e-01 
6.343730e-01 
6.343730e-01 
6.343730e-01 
6.343730e-01 
6.343730e-01 
6.343730e-01 
6.343730e-01 
6.343730e-01 
6.343730e-01 
6.343730e-01 
6.343730e-01 
6.343730e-01 
6.343730e-01 
6.343730e-01 
6.343730e-01 
6.343730e-01 
6.343730e-01 
6.343730e-01 
6.343730e-01 
6.343730e-01 
6.343730e-01 
6.343730e-01 
6.343730e-01 
6.343730e-01 
6.343730e-01 
6.343730e-01 
6.343730e-01 
6.343730e-01 
6.343730e-01 
6.343730e-01 
6.343730e-01 
6.343730e-01 
6.343730e-01 
6.343730e-01 
6.343730e-01 
6.343730e-01 
6.343730e-01 
6.343730e-01 
6.343730e-01 
6.343730e-01 
6.343730e-01 
6.343730e-01 
6.343730e-01 
6.343730e-01 
6.343730e-01 
6.343730e-01 
6.343730e-01 
6.343730e-01 
6.343730e-01 
6.343730e-01 
6.343730e-01 
6.343730e-01 
6.343730e-01 
6.343730e-01 
6.343730e-01 
6.343730e-01 
6.343730e-01 
6.343730e-01 
6.343730e-01 
6.343730e-01 
6.343730e-01 
6.343730e-01 
6.343730e-01 
6.343730e-01 
6.343730e-01 
6.343730e-01 
6.343730e-01 
6.343730e-01 
6.343730e-01 
6.343730e-01 
6.343730e-01 
6.343730e-01 
6.343730e-01 
6.343730e-01 
6.343730e-01 
6.343730e-01 
6.343730e-01 
6.343730e-01 
6.343730e-01 
6.343730e-01 
6.343730e-01 
6.343730e-01 
6.343730e-01 
6.343730e-01 
6.343730e-01 
6.343730e-01 
6.343730e-01 
6.343730e-01 
6.343730e-01 
6.343730e-01 
6.343730e-01 
6.343730e-01 
6.343730e-01 
6.343730e-01 
6.343730e-01 
6.343730e-01 
6.343730e-01 
6.343730e-01 
6.343730e-01 
6.343730e-01 
6.343730e-01 
6.343730e-01 
6.343730e-01 
6.343730e-01 
6.343730e-01 
6.343730e-01 
6.343730e-01 
6.343730e-01 
6.343730e-01 
6.343730e-01 
6.343730e-01 
6.343730e-01 
6.343730e-01 
6.343730e-01 
6.343730e-01 
6.343730e-01 
6.343730e-01 
6.343730e-01 
6.343730e-01 
6.343730e-01 
6.343730e-01 
6.343730e-01 
6.343730e-01 
6.343730e-01 
6.343730e-01 
6.343730e-01 
6.343730e-01 
6.343730e-01 
6.343730e-01 
6.343730e-01 
6.343730e-01 
6.343730e-01 
6.343730e-01 
6.343730e-01 
6.343730e-01 
6.343730e-01 
6.343730e-01 
6.343730e-01 
6.343730e-01 
6.343730e-01 
6.343730e-01 
6.343730e-01 
6.343730e-01 
6.343730e-01 
6.343730e-01 
6.343730e-01 
6.343730e-01 
6.343730e-01 
6.343730e-01 
6.343730e-01 
6.343730e-01 
6.343730e-01 
6.343730e-01 
6.343730e-01 
6.343730e-01 
6.343730e-01 
6.343730e-01 
6.343730e-01 
6.343730e-01 
6.343730e-01 
6.343730e-01 
6.343730e-01 
6.343730e-01 
6.343730e-01 
6.343730e-01 
6.343730e-01 
6.343730e-01 
6.343730e-01 
6.343730e-01 
6.343730e-01 
6.343730e-01 
6.343730e-01 
6.343730e-01 
6.343730e-01 
6.343730e-01 
6.343730e-01 
6.343730e-01 
6.343730e-01 
6.343730e-01 
6.343730e-01 
6.343730e-01 
6.343730e-01 
6.343730e-01 
6.343730e-01 
6.343730e-01 
6.343730e-01 
6.343730e-01 
6.343730e-01 
6.343730e-01 
6.343730e-01 
6.343730e-01 
6.343730e-01 
6.343730e-01 
6.343730e-01 
6.343730e-01 
6.343730e-01 
6.343730e-01 
6.343730e-01 
6.343730e-01 
6.343730e-01 
6.343730e-01 
6.343730e-01 
6.343730e-01 
6.343730e-01 
6.343730e-01 
6.343730e-01 
6.343730e-01 
6.343730e-01 
6.343730e-01 
6.343730e-01 
6.343730e-01 
6.343730e-01 
6.343730e-01 
6.343730e-01 
6.343730e-01 
6.343730e-01 
6.343730e-01 
6.343730e-01 
6.343730e-01 
6.343730e-01 
6.343730e-01 
6.343730e-01 
6.343730e-01 
6.343730e-01 
6.343730e-01 
6.343730e-01 
6.343730e-01 
6.343730e-01 
6.343730e-01 
6.343730e-01 
6.343730e-01 
6.343730e-01 
6.343730e-01 
6.343730e-01 
6.343730e-01 
6.343730e-01 
6.343730e-01 
6.343730e-01 
6.343730e-01 
6.343730e-01 
6.343730e-01 
6.343730e-01 
6.343730e-01 
6.343730e-01 
6.343730e-01 
6.343730e-01 
6.343730e-01 
6.343730e-01 
6.343730e-01 
6.343730e-01 
6.343730e-01 
6.343730e-01 
6.343730e-01 
6.343730e-01 
6.343730e-01 
6.343730e-01 
6.343730e-01 
6.343730e-01 
6.343730e-01 
6.343730e-01 
6.343730e-01 
6.343730e-01 
6.343730e-01 
6.343730e-01 
6.343730e-01 
6.343730e-01 
6.343730e-01 
6.343730e-01 
6.343730e-01 
6.343730e-01 
6.343730e-01 
6.343730e-01 
6.343730e-01 
6.343730e-01 
6.343730e-01 
6.343730e-01 
6.343730e-01 
6.343730e-01 
6.343730e-01 
6.343730e-01 
6.343730e-01 
6.343730e-01 
6.343730e-01 
6.343730e-01 
6.343730e-01 
6.343730e-01 
6.343730e-01 
6.343730e-01 
6.343730e-01 
6.343730e-01 
6.343730e-01 
6.343730e-01 
6.343730e-01 
6.343730e-01 
6.343730e-01 
6.343730e-01 
6.343730e-01 
6.343730e-01 
6.343730e-01 
6.343730e-01 
6.343730e-01 
6.343730e-01 
6.343730e-01 
6.343730e-01 
6.343730e-01 
6.343730e-01 
6.343730e-01 
6.343730e-01 
6.343730e-01 
6.343730e-01 
6.343730e-01 
6.343730e-01 
6.343730e-01 
6.343730e-01 
6.343730e-01 
6.343730e-01 
6.343730e-01 
6.343730e-01 
6.343730e-01 
6.343730e-01 
6.343730e-01 
6.343730e-01 
6.343730e-01 
6.343730e-01 
6.343730e-01 
6.343730e-01 
6.343730e-01 
6.343730e-01 
6.343730e-01 
6.343730e-01 
6.343730e-01 
6.343730e-01 
6.343730e-01 
6.343730e-01 
6.343730e-01 
6.343730e-01 
6.343730e-01 
6.343730e-01 
6.343730e-01 
6.343730e-01 
6.343730e-01 
6.343730e-01 
6.343730e-01 
6.343730e-01 
6.343730e-01 
6.343730e-01 
6.343730e-01 
6.343730e-01 
6.343730e-01 
6.343730e-01 
6.343730e-01 
6.343730e-01 
6.343730e-01 
6.343730e-01 
6.343730e-01 
6.343730e-01 
6.343730e-01 
6.343730e-01 
6.343730e-01 
6.343730e-01 
6.343730e-01 
6.343730e-01 
6.343730e-01 
6.343730e-01 
6.343730e-01 
6.343730e-01 
6.343730e-01 
6.343730e-01 
6.343730e-01 
6.343730e-01 
6.343730e-01 
6.343730e-01 
6.343730e-01 
6.343730e-01 
6.343730e-01 
6.343730e-01 
6.343730e-01 
6.343730e-01 
6.343730e-01 
6.343730e-01 
6.343730e-01 
6.343730e-01 
6.343730e-01 
6.343730e-01 
6.343730e-01 
6.343730e-01 
6.343730e-01 
6.343730e-01 
6.343730e-01 
6.343730e-01 
6.343730e-01 
6.343730e-01 
6.343730e-01 
6.343730e-01 
6.343730e-01 
6.343730e-01 
6.343730e-01 
6.343730e-01 
6.343730e-01 
6.343730e-01 
6.343730e-01 
6.343730e-01 
6.343730e-01 
6.343730e-01 
6.343730e-01 
6.343730e-01 
6.343730e-01 
6.343730e-01 
6.343730e-01 
6.343730e-01 
6.343730e-01 
6.343730e-01 
6.343730e-01 
6.343730e-01 
6.343730e-01 
6.343730e-01 
6.343730e-01 
6.343730e-01 
6.343730e-01 
6.343730e-01 
6.343730e-01 
6.343730e-01 
6.343730e-01 
6.343730e-01 
6.343730e-01 
6.343730e-01 
6.343730e-01 
6.343730e-01 
6.343730e-01 
6.343730e-01 
6.343730e-01 
6.343730e-01 
6.343730e-01 
6.343730e-01 
6.343730e-01 
6.343730e-01 
6.343730e-01 
6.343730e-01 
6.343730e-01 
6.343730e-01 
6.343730e-01 
6.343730e-01 
6.343730e-01 
6.343730e-01 
6.343730e-01 
6.343730e-01 
6.343730e-01 
6.343730e-01 
6.343730e-01 
6.343730e-01 
6.343730e-01 
6.343730e-01 
6.343730e-01 
6.343730e-01 
6.343730e-01 
6.343730e-01 
6.343730e-01 
6.343730e-01 
6.343730e-01 
6.343730e-01 
6.343730e-01 
6.343730e-01 
6.343730e-01 
6.343730e-01 
6.343730e-01 
6.343730e-01 
6.343730e-01 
6.343730e-01 
6.343730e-01 
6.343730e-01 
6.343730e-01 
6.343730e-01 
6.343730e-01 
6.343730e-01 
6.343730e-01 
6.343730e-01 
6.343730e-01 
6.343730e-01 
6.343730e-01 
6.343730e-01 
6.343730e-01 
6.343730e-01 
6.343730e-01 
6.343730e-01 
6.343730e-01 
6.343730e-01 
6.343730e-01 
6.343730e-01 
6.343730e-01 
6.343730e-01 
6.343730e-01 
6.343730e-01 
6.343730e-01 
6.343730e-01 
6.343730e-01 
6.343730e-01 
6.343730e-01 
6.343730e-01 
6.343730e-01 
6.343730e-01 
6.343730e-01 
6.343730e-01 
6.343730e-01 
6.343730e-01 
6.343730e-01 
6.343730e-01 
6.343730e-01 
6.343730e-01 
6.343730e-01 
6.343730e-01 
6.343730e-01 
6.343730e-01 
6.343730e-01 
6.343730e-01 
6.343730e-01 
6.343730e-01 
6.343730e-01 
6.343730e-01 
6.343730e-01 
6.343730e-01 
6.343730e-01 
6.343730e-01 
6.343730e-01 
6.343730e-01 
6.343730e-01 
6.343730e-01 
6.343730e-01 
6.343730e-01 
6.343730e-01 
6.343730e-01 
6.343730e-01 
6.343730e-01 
6.343730e-01 
6.343730e-01 
6.343730e-01 
6.343730e-01 
6.343730e-01 
6.343730e-01 
6.343730e-01 
6.343730e-01 
6.343730e-01 
6.343730e-01 
6.343730e-01 
6.343730e-01 
6.343730e-01 
6.343730e-01 
6.343730e-01 
6.343730e-01 
6.343730e-01 
6.343730e-01 
6.343730e-01 
6.343730e-01 
6.343730e-01 
6.343730e-01 
6.343730e-01 
6.343730e-01 
6.343730e-01 
6.343730e-01 
6.343730e-01 
6.343730e-01 
6.343730e-01 
6.343730e-01 
6.343730e-01 
6.343730e-01 
6.343730e-01 
6.343730e-01 
6.343730e-01 
6.343730e-01 
6.343730e-01 
6.343730e-01 
6.343730e-01 
6.343730e-01 
6.343730e-01 
6.343730e-01 
6.343730e-01 
6.343730e-01 
6.343730e-01 
6.343730e-01 
6.343730e-01 
6.343730e-01 
6.343730e-01 
6.343730e-01 
6.343730e-01 
6.343730e-01 
6.343730e-01 
6.343730e-01 
6.343730e-01 
6.343730e-01 
6.343730e-01 
6.343730e-01 
6.343730e-01 
6.343730e-01 
6.343730e-01 
6.343730e-01 
6.343730e-01 
6.343730e-01 
6.343730e-01 
6.343730e-01 
6.343730e-01 
6.343730e-01 
6.343730e-01 
6.343730e-01 
6.343730e-01 
6.343730e-01 
6.343730e-01 
6.343730e-01 
6.343730e-01 
6.343730e-01 
6.343730e-01 
6.343730e-01 
6.343730e-01 
6.343730e-01 
6.343730e-01 
6.343730e-01 
6.343730e-01 
6.343730e-01 
6.343730e-01 
6.343730e-01 
6.343730e-01 
6.343730e-01 
6.343730e-01 
6.343730e-01 
6.343730e-01 
6.343730e-01 
6.343730e-01 
6.343730e-01 
6.343730e-01 
6.343730e-01 
6.343730e-01 
6.343730e-01 
6.343730e-01 
6.343730e-01 
6.343730e-01 
6.343730e-01 
6.343730e-01 
6.343730e-01 
6.343730e-01 
6.343730e-01 
6.343730e-01 
6.343730e-01 
6.343730e-01 
6.343730e-01 
6.343730e-01 
6.343730e-01 
6.343730e-01 
6.343730e-01 
6.343730e-01 
6.343730e-01 
6.343730e-01 
6.343730e-01 
6.343730e-01 
6.343730e-01 
6.343730e-01 
6.343730e-01 
6.343730e-01 
6.343730e-01 
6.343730e-01 
6.343730e-01 
6.343730e-01 
6.343730e-01 
6.343730e-01 
6.343730e-01 
6.343730e-01 
6.343730e-01 
6.343730e-01 
6.343730e-01 
6.343730e-01 
6.343730e-01 
6.343730e-01 
6.343730e-01 
6.343730e-01 
6.343730e-01 
6.343730e-01 
6.343730e-01 
6.343730e-01 
6.343730e-01 
6.343730e-01 
6.343730e-01 
6.343730e-01 
6.343730e-01 
6.343730e-01 
6.343730e-01 
6.343730e-01 
6.343730e-01 
6.343730e-01 
6.343730e-01 
6.343730e-01 
6.343730e-01 
6.343730e-01 
6.343730e-01 
6.343730e-01 
6.343730e-01 
6.343730e-01 
6.343730e-01 
6.343730e-01 
6.343730e-01 
6.343730e-01 
6.343730e-01 
6.343730e-01 
6.343730e-01 
6.343730e-01 
6.343730e-01 
6.343730e-01 
6.343730e-01 
6.343730e-01 
6.343730e-01 
6.343730e-01 
6.343730e-01 
6.343730e-01 
6.343730e-01 
6.343730e-01 
6.343730e-01 
6.343730e-01 
6.343730e-01 
6.343730e-01 
6.343730e-01 
6.343730e-01 
6.343730e-01 
6.343730e-01 
6.343730e-01 
6.343730e-01 
6.343730e-01 
6.343730e-01 
6.343730e-01 
6.343730e-01 
6.343730e-01 
6.343730e-01 
6.343730e-01 
6.343730e-01 
6.343730e-01 
6.343730e-01 
6.343730e-01 
6.343730e-01 
6.343730e-01 
6.343730e-01 
6.343730e-01 
6.343730e-01 
6.343730e-01 
6.343730e-01 
6.343730e-01 
6.343730e-01 
6.343730e-01 
6.343730e-01 
6.343730e-01 
6.343730e-01 
6.343730e-01 
6.343730e-01 
6.343730e-01 
6.343730e-01 
6.343730e-01 
6.343730e-01 
6.343730e-01 
6.343730e-01 
6.343730e-01 
6.343730e-01 
6.343730e-01 
6.343730e-01 
6.343730e-01 
6.343730e-01 
6.343730e-01 
6.343730e-01 
6.343730e-01 
6.343730e-01 
6.343730e-01 
6.343730e-01 
6.343730e-01 
6.343730e-01 
6.343730e-01 
6.343730e-01 
6.343730e-01 
6.343730e-01 
6.343730e-01 
6.343730e-01 
6.343730e-01 
6.343730e-01 
6.343730e-01 
6.343730e-01 
6.343730e-01 
6.343730e-01 
6.343730e-01 
6.343730e-01 
6.343730e-01 
6.343730e-01 
6.343730e-01 
6.343730e-01 
6.343730e-01 
6.343730e-01 
6.343730e-01 
6.343730e-01 
6.343730e-01 
6.343730e-01 
6.343730e-01 
6.343730e-01 
6.343730e-01 
6.343730e-01 
6.343730e-01 
6.343730e-01 
6.343730e-01 
6.343730e-01 
6.343730e-01 
6.343730e-01 
6.343730e-01 
6.343730e-01 
6.343730e-01 
6.343730e-01 
6.343730e-01 
6.343730e-01 
6.343730e-01 
6.343730e-01 
6.343730e-01 
6.343730e-01 
6.343730e-01 
6.343730e-01 
6.343730e-01 
6.343730e-01 
6.343730e-01 
6.343730e-01 
6.343730e-01 
6.343730e-01 
6.343730e-01 
6.343730e-01 
6.343730e-01 
6.343730e-01 
6.343730e-01 
6.343730e-01 
6.343730e-01 
6.343730e-01 
6.343730e-01 
6.343730e-01 
6.343730e-01 
6.343730e-01 
6.343730e-01 
6.343730e-01 
6.343730e-01 
6.343730e-01 
6.343730e-01 
6.343730e-01 
6.343730e-01 
6.343730e-01 
6.343730e-01 
6.343730e-01 
6.343730e-01 
6.343730e-01 
6.343730e-01 
6.343730e-01 
6.343730e-01 
6.343730e-01 
6.343730e-01 
6.343730e-01 
6.343730e-01 
6.343730e-01 
6.343730e-01 
6.343730e-01 
6.343730e-01 
6.343730e-01 
6.343730e-01 
6.343730e-01 
6.343730e-01 
6.343730e-01 
6.343730e-01 
6.343730e-01 
6.343730e-01 
6.343730e-01 
6.343730e-01 
6.343730e-01 
6.343730e-01 
6.343730e-01 
6.343730e-01 
6.343730e-01 
6.343730e-01 
6.343730e-01 
6.343730e-01 
6.343730e-01 
6.343730e-01 
6.343730e-01 
6.343730e-01 
6.343730e-01 
6.343730e-01 
6.343730e-01 
6.343730e-01 
6.343730e-01 
6.343730e-01 
6.343730e-01 
6.343730e-01 
6.343730e-01 
6.343730e-01 
6.343730e-01 
6.343730e-01 
6.343730e-01 
6.343730e-01 
6.343730e-01 
6.343730e-01 
6.343730e-01 
6.343730e-01 
6.343730e-01 
6.343730e-01 
6.343730e-01 
6.343730e-01 
6.343730e-01 
6.343730e-01 
6.343730e-01 
6.343730e-01 
6.343730e-01 
6.343730e-01 
6.343730e-01 
6.343730e-01 
6.343730e-01 
6.343730e-01 
6.343730e-01 
6.343730e-01 
6.343730e-01 
6.343730e-01 
6.343730e-01 
6.343730e-01 
6.343730e-01 
6.343730e-01 
6.343730e-01 
6.343730e-01 
6.343730e-01 
6.343730e-01 
6.343730e-01 
6.343730e-01 
6.343730e-01 
6.343730e-01 
6.343730e-01 
6.343730e-01 
6.343730e-01 
6.343730e-01 
6.343730e-01 
6.343730e-01 
6.343730e-01 
6.343730e-01 
6.343730e-01 
6.343730e-01 
6.343730e-01 
6.343730e-01 
6.343730e-01 
6.343730e-01 
6.343730e-01 
6.343730e-01 
6.343730e-01 
6.343730e-01 
6.343730e-01 
6.343730e-01 
6.343730e-01 
6.343730e-01 
6.343730e-01 
6.343730e-01 
6.343730e-01 
6.343730e-01 
6.343730e-01 
6.343730e-01 
6.343730e-01 
6.343730e-01 
6.343730e-01 
6.343730e-01 
6.343730e-01 
6.343730e-01 
6.343730e-01 
6.343730e-01 
6.343730e-01 
6.343730e-01 
6.343730e-01 
6.343730e-01 
6.343730e-01 
6.343730e-01 
6.343730e-01 
6.343730e-01 
6.343730e-01 
6.343730e-01 
6.343730e-01 
6.343730e-01 
6.343730e-01 
6.343730e-01 
6.343730e-01 
6.343730e-01 
6.343730e-01 
6.343730e-01 
6.343730e-01 
6.343730e-01 
6.343730e-01 
6.343730e-01 
6.343730e-01 
6.343730e-01 
6.343730e-01 
6.343730e-01 
6.343730e-01 
6.343730e-01 
6.343730e-01 
6.343730e-01 
6.343730e-01 
6.343730e-01 
6.343730e-01 
6.343730e-01 
6.343730e-01 
6.343730e-01 
6.343730e-01 
6.343730e-01 
6.343730e-01 
6.343730e-01 
6.343730e-01 
6.343730e-01 
6.343730e-01 
6.343730e-01 
6.343730e-01 
6.343730e-01 
6.343730e-01 
6.343730e-01 
6.343730e-01 
6.343730e-01 
6.343730e-01 
6.343730e-01 
6.343730e-01 
6.343730e-01 
6.343730e-01 
6.343730e-01 
6.343730e-01 
6.343730e-01 
6.343730e-01 
6.343730e-01 
6.343730e-01 
6.343730e-01 
6.343730e-01 
6.343730e-01 
6.343730e-01 
6.343730e-01 
6.343730e-01 
6.343730e-01 
6.343730e-01 
6.343730e-01 
6.343730e-01 
6.343730e-01 
6.343730e-01 
6.343730e-01 
6.343730e-01 
6.343730e-01 
6.343730e-01 
6.343730e-01 
6.343730e-01 
6.343730e-01 
6.343730e-01 
6.343730e-01 
6.343730e-01 
6.343730e-01 
6.343730e-01 
6.343730e-01 
6.343730e-01 
6.343730e-01 
6.343730e-01 
6.343730e-01 
6.343730e-01 
6.343730e-01 
6.343730e-01 
6.343730e-01 
6.343730e-01 
6.343730e-01 
6.343730e-01 
6.343730e-01 
6.343730e-01 
6.343730e-01 
6.343730e-01 
6.343730e-01 
6.343730e-01 
6.343730e-01 
6.343730e-01 
6.343730e-01 
6.343730e-01 
6.343730e-01 
6.343730e-01 
6.343730e-01 
6.343730e-01 
6.343730e-01 
6.343730e-01 
6.343730e-01 
6.343730e-01 
6.343730e-01 
6.343730e-01 
6.343730e-01 
6.343730e-01 
6.343730e-01 
6.343730e-01 
6.343730e-01 
6.343730e-01 
6.343730e-01 
6.343730e-01 
6.343730e-01 
6.343730e-01 
6.343730e-01 
6.343730e-01 
6.343730e-01 
6.343730e-01 
6.343730e-01 
6.343730e-01 
6.343730e-01 
6.343730e-01 
6.343730e-01 
6.343730e-01 
6.343730e-01 
6.343730e-01 
6.343730e-01 
6.343730e-01 
6.343730e-01 
6.343730e-01 
6.343730e-01 
6.343730e-01 
6.343730e-01 
6.343730e-01 
6.343730e-01 
6.343730e-01 
6.343730e-01 
6.343730e-01 
6.343730e-01 
6.343730e-01 
6.343730e-01 
6.343730e-01 
6.343730e-01 
6.343730e-01 
6.343730e-01 
6.343730e-01 
6.343730e-01 
6.343730e-01 
6.343730e-01 
6.343730e-01 
6.343730e-01 
6.343730e-01 
6.343730e-01 
6.343730e-01 
6.343730e-01 
6.343730e-01 
6.343730e-01 
6.343730e-01 
6.343730e-01 
6.343730e-01 
6.343730e-01 
6.343730e-01 
6.343730e-01 
6.343730e-01 
6.343730e-01 
6.343730e-01 
6.343730e-01 
6.343730e-01 
6.343730e-01 
6.343730e-01 
6.343730e-01 
6.343730e-01 
6.343730e-01 
6.343730e-01 
6.343730e-01 
6.343730e-01 
6.343730e-01 
6.343730e-01 
6.343730e-01 
6.343730e-01 
6.343730e-01 
6.343730e-01 
6.343730e-01 
6.343730e-01 
6.343730e-01 
6.343730e-01 
6.343730e-01 
6.343730e-01 
6.343730e-01 
6.343730e-01 
6.343730e-01 
6.343730e-01 
6.343730e-01 
6.343730e-01 
6.343730e-01 
6.343730e-01 
6.343730e-01 
6.343730e-01 
6.343730e-01 
6.343730e-01 
6.343730e-01 
6.343730e-01 
6.343730e-01 
6.343730e-01 
6.343730e-01 
6.343730e-01 
6.343730e-01 
6.343730e-01 
6.343730e-01 
6.343730e-01 
6.343730e-01 
6.343730e-01 
6.343730e-01 
6.343730e-01 
6.343730e-01 
6.343730e-01 
6.343730e-01 
6.343730e-01 
6.343730e-01 
6.343730e-01 
6.343730e-01 
6.343730e-01 
6.343730e-01 
6.343730e-01 
6.343730e-01 
6.343730e-01 
6.343730e-01 
6.343730e-01 
6.343730e-01 
6.343730e-01 
6.343730e-01 
6.343730e-01 
6.343730e-01 
6.343730e-01 
6.343730e-01 
6.343730e-01 
6.343730e-01 
6.343730e-01 
6.343730e-01 
6.343730e-01 
6.343730e-01 
6.343730e-01 
6.343730e-01 
6.343730e-01 
6.343730e-01 
6.343730e-01 
6.343730e-01 
6.343730e-01 
6.343730e-01 
6.343730e-01 
6.343730e-01 
6.343730e-01 
6.343730e-01 
6.343730e-01 
6.343730e-01 
6.343730e-01 
6.343730e-01 
6.343730e-01 
6.343730e-01 
6.343730e-01 
6.343730e-01 
6.343730e-01 
6.343730e-01 
6.343730e-01 
6.343730e-01 
6.343730e-01 
6.343730e-01 
6.343730e-01 
6.343730e-01 
6.343730e-01 
6.343730e-01 
6.343730e-01 
6.343730e-01 
6.343730e-01 
6.343730e-01 
6.343730e-01 
6.343730e-01 
6.343730e-01 
6.343730e-01 
6.343730e-01 
6.343730e-01 
6.343730e-01 
6.343730e-01 
6.343730e-01 
6.343730e-01 
6.343730e-01 
6.343730e-01 
6.343730e-01 
6.343730e-01 
6.343730e-01 
6.343730e-01 
6.343730e-01 
6.343730e-01 
6.343730e-01 
6.343730e-01 
6.343730e-01 
6.343730e-01 
6.343730e-01 
6.343730e-01 
6.343730e-01 
6.343730e-01 
6.343730e-01 
6.343730e-01 
6.343730e-01 
6.343730e-01 
6.343730e-01 
6.343730e-01 
6.343730e-01 
6.343730e-01 
6.343730e-01 
6.343730e-01 
6.343730e-01 
6.343730e-01 
6.343730e-01 
6.343730e-01 
6.343730e-01 
6.343730e-01 
6.343730e-01 
6.343730e-01 
6.343730e-01 
6.343730e-01 
6.343730e-01 
6.343730e-01 
6.343730e-01 
6.343730e-01 
6.343730e-01 
6.343730e-01 
6.343730e-01 
6.343730e-01 
6.343730e-01 
6.343730e-01 
6.343730e-01 
6.343730e-01 
6.343730e-01 
6.343730e-01 
6.343730e-01 
6.343730e-01 
6.343730e-01 
6.343730e-01 
6.343730e-01 
6.343730e-01 
6.343730e-01 
6.343730e-01 
6.343730e-01 
6.343730e-01 
6.343730e-01 
6.343730e-01 
6.343730e-01 
6.343730e-01 
6.343730e-01 
6.343730e-01 
6.343730e-01 
6.343730e-01 
6.343730e-01 
6.343730e-01 
6.343730e-01 
6.343730e-01 
6.343730e-01 
6.343730e-01 
6.343730e-01 
6.343730e-01 
6.343730e-01 
6.343730e-01 
6.343730e-01 
6.343730e-01 
6.343730e-01 
6.343730e-01 
6.343730e-01 
6.343730e-01 
6.343730e-01 
6.343730e-01 
6.343730e-01 
6.343730e-01 
6.343730e-01 
6.343730e-01 
6.343730e-01 
6.343730e-01 
6.343730e-01 
6.343730e-01 
6.343730e-01 
6.343730e-01 
6.343730e-01 
6.343730e-01 
6.343730e-01 
6.343730e-01 
6.343730e-01 
6.343730e-01 
6.343730e-01 
6.343730e-01 
6.343730e-01 
6.343730e-01 
6.343730e-01 
6.343730e-01 
6.343730e-01 
6.343730e-01 
6.343730e-01 
6.343730e-01 
6.343730e-01 
6.343730e-01 
6.343730e-01 
6.343730e-01 
6.343730e-01 
6.343730e-01 
6.343730e-01 
6.343730e-01 
6.343730e-01 
6.343730e-01 
6.343730e-01 
6.343730e-01 
6.343730e-01 
6.343730e-01 
6.343730e-01 
6.343730e-01 
6.343730e-01 
6.343730e-01 
6.343730e-01 
6.343730e-01 
6.343730e-01 
6.343730e-01 
6.343730e-01 
6.343730e-01 
6.343730e-01 
6.343730e-01 
6.343730e-01 
6.343730e-01 
6.343730e-01 
6.343730e-01 
6.343730e-01 
6.343730e-01 
6.343730e-01 
6.343730e-01 
6.343730e-01 
6.343730e-01 
