6.495791e+09 
3.029087e+09 
2.401742e+09 
2.047151e+09 
2.047151e+09 
1.965352e+09 
1.159259e+09 
1.159259e+09 
1.159259e+09 
1.012343e+09 
1.012343e+09 
8.447499e+08 
4.371097e+08 
4.371097e+08 
4.371097e+08 
4.371097e+08 
4.371097e+08 
4.371097e+08 
4.371097e+08 
4.371097e+08 
4.371097e+08 
4.371097e+08 
4.371097e+08 
4.371097e+08 
4.371097e+08 
4.371097e+08 
4.371097e+08 
4.371097e+08 
4.371097e+08 
4.371097e+08 
4.371097e+08 
4.371097e+08 
4.371097e+08 
1.438884e+08 
1.438884e+08 
1.438884e+08 
1.438884e+08 
1.438884e+08 
1.438884e+08 
1.438884e+08 
1.438884e+08 
1.438884e+08 
1.438884e+08 
1.438884e+08 
1.438884e+08 
1.438884e+08 
1.438884e+08 
1.438884e+08 
1.438884e+08 
1.438884e+08 
1.438884e+08 
1.438884e+08 
1.438884e+08 
1.438884e+08 
1.438884e+08 
1.438884e+08 
1.438884e+08 
1.438884e+08 
1.438884e+08 
1.438884e+08 
1.438884e+08 
1.438884e+08 
1.438884e+08 
1.438884e+08 
1.438884e+08 
1.438884e+08 
1.438884e+08 
1.438884e+08 
1.438884e+08 
1.438884e+08 
1.438884e+08 
1.438884e+08 
1.438884e+08 
1.438884e+08 
1.438884e+08 
1.438884e+08 
1.438884e+08 
1.438884e+08 
1.438884e+08 
1.438884e+08 
1.438884e+08 
1.438884e+08 
1.438884e+08 
1.438884e+08 
1.438884e+08 
1.438884e+08 
1.438884e+08 
1.438884e+08 
1.438884e+08 
1.438884e+08 
1.438884e+08 
1.438884e+08 
1.438884e+08 
1.438884e+08 
1.438884e+08 
1.438884e+08 
1.438884e+08 
1.438884e+08 
1.438884e+08 
1.438884e+08 
1.438884e+08 
1.438884e+08 
1.438884e+08 
1.438884e+08 
1.438884e+08 
1.438884e+08 
1.438884e+08 
1.438884e+08 
1.438884e+08 
1.438884e+08 
1.438884e+08 
1.438884e+08 
1.438884e+08 
1.438884e+08 
1.438884e+08 
1.438884e+08 
1.438884e+08 
1.438884e+08 
1.438884e+08 
1.438884e+08 
1.438884e+08 
1.438884e+08 
1.438884e+08 
1.438884e+08 
1.438884e+08 
1.438884e+08 
1.438884e+08 
1.438884e+08 
1.438884e+08 
1.438884e+08 
1.438884e+08 
1.438884e+08 
1.438884e+08 
1.438884e+08 
1.438884e+08 
1.438884e+08 
1.438884e+08 
1.438884e+08 
1.438884e+08 
1.438884e+08 
1.438884e+08 
1.438884e+08 
1.438884e+08 
1.150824e+08 
1.150824e+08 
1.150824e+08 
1.150824e+08 
1.150824e+08 
1.150824e+08 
1.150824e+08 
1.150824e+08 
1.150824e+08 
1.150824e+08 
1.150824e+08 
1.150824e+08 
1.150824e+08 
1.150824e+08 
1.150824e+08 
1.150824e+08 
1.150824e+08 
1.150824e+08 
1.150824e+08 
1.150824e+08 
1.150824e+08 
1.150824e+08 
1.150824e+08 
1.150824e+08 
1.150824e+08 
1.150824e+08 
1.150824e+08 
1.150824e+08 
1.150824e+08 
1.150824e+08 
1.150824e+08 
1.150824e+08 
1.150824e+08 
1.150824e+08 
1.150824e+08 
1.150824e+08 
1.150824e+08 
1.150824e+08 
1.150824e+08 
1.150824e+08 
1.150824e+08 
1.150824e+08 
1.150824e+08 
1.150824e+08 
1.150824e+08 
1.150824e+08 
1.150824e+08 
1.150824e+08 
1.150824e+08 
1.150824e+08 
1.150824e+08 
1.150824e+08 
1.150824e+08 
1.150824e+08 
1.150824e+08 
1.150824e+08 
1.150824e+08 
1.150824e+08 
1.150824e+08 
1.150824e+08 
1.150824e+08 
1.150824e+08 
1.150824e+08 
1.150824e+08 
1.150824e+08 
1.150824e+08 
1.150824e+08 
1.150824e+08 
1.150824e+08 
1.150824e+08 
1.150824e+08 
1.150824e+08 
1.150824e+08 
1.150824e+08 
1.150824e+08 
1.150824e+08 
1.150824e+08 
1.150824e+08 
1.150824e+08 
1.150824e+08 
1.150824e+08 
1.150824e+08 
1.150824e+08 
1.150824e+08 
1.150824e+08 
1.150824e+08 
1.150824e+08 
1.150824e+08 
1.150824e+08 
1.150824e+08 
1.150824e+08 
1.150824e+08 
1.150824e+08 
1.150824e+08 
1.150824e+08 
1.150824e+08 
1.150824e+08 
1.150824e+08 
1.150824e+08 
1.150824e+08 
1.150824e+08 
1.150824e+08 
1.150824e+08 
1.150824e+08 
1.150824e+08 
1.150824e+08 
1.150824e+08 
1.150824e+08 
1.150824e+08 
1.150824e+08 
1.150824e+08 
1.150824e+08 
1.150824e+08 
1.150824e+08 
1.150824e+08 
1.150824e+08 
1.150824e+08 
1.150824e+08 
1.150824e+08 
1.150824e+08 
1.150824e+08 
1.150824e+08 
1.150824e+08 
1.150824e+08 
1.150824e+08 
1.150824e+08 
1.150824e+08 
1.150824e+08 
1.150824e+08 
1.150824e+08 
1.150824e+08 
1.150824e+08 
1.150824e+08 
1.150824e+08 
1.150824e+08 
1.150824e+08 
1.150824e+08 
1.150824e+08 
1.150824e+08 
1.150824e+08 
1.150824e+08 
1.150824e+08 
1.150824e+08 
1.150824e+08 
1.150824e+08 
1.150824e+08 
1.150824e+08 
1.150824e+08 
1.150824e+08 
1.150824e+08 
1.150824e+08 
1.150824e+08 
1.150824e+08 
1.150824e+08 
1.150824e+08 
1.150824e+08 
1.150824e+08 
1.150824e+08 
1.150824e+08 
1.150824e+08 
1.150824e+08 
1.150824e+08 
1.150824e+08 
1.150824e+08 
1.150824e+08 
1.150824e+08 
1.150824e+08 
1.150824e+08 
1.150824e+08 
1.150824e+08 
1.150824e+08 
1.150824e+08 
1.150824e+08 
1.150824e+08 
1.150824e+08 
1.150824e+08 
1.150824e+08 
1.150824e+08 
1.150824e+08 
1.150824e+08 
1.150824e+08 
1.150824e+08 
1.150824e+08 
1.150824e+08 
1.150824e+08 
1.150824e+08 
1.150824e+08 
1.150824e+08 
1.150824e+08 
1.150824e+08 
1.150824e+08 
1.150824e+08 
1.150824e+08 
1.150824e+08 
1.150824e+08 
1.150824e+08 
1.150824e+08 
1.150824e+08 
1.150824e+08 
1.150824e+08 
1.150824e+08 
1.150824e+08 
1.150824e+08 
1.150824e+08 
1.150824e+08 
1.150824e+08 
1.150824e+08 
1.150824e+08 
1.150824e+08 
1.150824e+08 
1.150824e+08 
1.150824e+08 
1.150824e+08 
1.150824e+08 
1.150824e+08 
1.150824e+08 
1.150824e+08 
1.150824e+08 
1.150824e+08 
1.150824e+08 
1.150824e+08 
1.150824e+08 
1.150824e+08 
1.150824e+08 
1.150824e+08 
1.150824e+08 
1.150824e+08 
1.150824e+08 
1.150824e+08 
1.150824e+08 
1.150824e+08 
1.150824e+08 
1.150824e+08 
1.150824e+08 
1.150824e+08 
1.150824e+08 
1.150824e+08 
1.150824e+08 
1.150824e+08 
1.150824e+08 
1.150824e+08 
1.150824e+08 
1.150824e+08 
1.150824e+08 
1.150824e+08 
1.150824e+08 
1.150824e+08 
1.150824e+08 
1.150824e+08 
1.150824e+08 
1.150824e+08 
1.150824e+08 
1.150824e+08 
1.150824e+08 
1.150824e+08 
1.150824e+08 
9.560508e+07 
9.560508e+07 
9.560508e+07 
9.560508e+07 
9.560508e+07 
9.560508e+07 
9.560508e+07 
9.560508e+07 
9.560508e+07 
9.560508e+07 
9.560508e+07 
9.560508e+07 
9.560508e+07 
9.560508e+07 
9.560508e+07 
9.560508e+07 
9.560508e+07 
9.560508e+07 
9.560508e+07 
9.560508e+07 
9.560508e+07 
9.560508e+07 
9.560508e+07 
9.560508e+07 
9.560508e+07 
9.560508e+07 
9.560508e+07 
9.560508e+07 
9.560508e+07 
9.560508e+07 
9.560508e+07 
9.560508e+07 
9.560508e+07 
9.560508e+07 
9.560508e+07 
9.560508e+07 
9.560508e+07 
9.560508e+07 
9.560508e+07 
9.560508e+07 
9.560508e+07 
9.560508e+07 
9.560508e+07 
9.560508e+07 
9.560508e+07 
9.560508e+07 
9.560508e+07 
9.560508e+07 
9.560508e+07 
9.560508e+07 
9.560508e+07 
9.560508e+07 
9.560508e+07 
9.560508e+07 
9.560508e+07 
9.560508e+07 
9.560508e+07 
9.560508e+07 
9.560508e+07 
9.560508e+07 
9.560508e+07 
9.560508e+07 
9.560508e+07 
9.560508e+07 
9.560508e+07 
9.560508e+07 
9.560508e+07 
8.519762e+07 
8.519762e+07 
8.519762e+07 
8.519762e+07 
8.519762e+07 
8.519762e+07 
8.519762e+07 
8.519762e+07 
8.519762e+07 
8.519762e+07 
8.519762e+07 
8.519762e+07 
8.519762e+07 
8.519762e+07 
8.519762e+07 
8.519762e+07 
8.519762e+07 
8.519762e+07 
8.519762e+07 
8.519762e+07 
8.519762e+07 
8.519762e+07 
8.519762e+07 
8.519762e+07 
8.519762e+07 
8.519762e+07 
8.519762e+07 
8.519762e+07 
8.519762e+07 
8.519762e+07 
8.519762e+07 
8.519762e+07 
8.519762e+07 
8.519762e+07 
7.521418e+07 
7.521418e+07 
7.521418e+07 
7.521418e+07 
7.521418e+07 
7.521418e+07 
7.521418e+07 
7.521418e+07 
7.521418e+07 
7.521418e+07 
7.521418e+07 
7.521418e+07 
7.521418e+07 
7.521418e+07 
7.521418e+07 
7.521418e+07 
7.521418e+07 
7.521418e+07 
7.521418e+07 
7.521418e+07 
7.521418e+07 
7.521418e+07 
7.521418e+07 
7.521418e+07 
7.521418e+07 
7.521418e+07 
7.521418e+07 
7.521418e+07 
7.521418e+07 
7.521418e+07 
7.521418e+07 
7.521418e+07 
7.521418e+07 
7.521418e+07 
7.521418e+07 
7.521418e+07 
7.521418e+07 
7.521418e+07 
7.521418e+07 
7.521418e+07 
7.521418e+07 
7.521418e+07 
7.521418e+07 
7.521418e+07 
7.521418e+07 
7.521418e+07 
7.521418e+07 
7.521418e+07 
7.521418e+07 
7.521418e+07 
7.521418e+07 
7.521418e+07 
7.521418e+07 
7.521418e+07 
7.521418e+07 
7.521418e+07 
7.521418e+07 
7.521418e+07 
7.521418e+07 
7.521418e+07 
7.521418e+07 
7.521418e+07 
7.521418e+07 
7.521418e+07 
7.521418e+07 
7.521418e+07 
7.521418e+07 
7.521418e+07 
7.521418e+07 
7.521418e+07 
7.521418e+07 
7.521418e+07 
7.521418e+07 
7.521418e+07 
7.521418e+07 
7.521418e+07 
7.521418e+07 
7.521418e+07 
7.521418e+07 
7.521418e+07 
7.521418e+07 
7.521418e+07 
7.521418e+07 
7.521418e+07 
7.521418e+07 
7.521418e+07 
7.521418e+07 
7.521418e+07 
7.521418e+07 
7.521418e+07 
7.521418e+07 
7.521418e+07 
7.521418e+07 
7.521418e+07 
7.521418e+07 
7.521418e+07 
7.521418e+07 
7.521418e+07 
7.521418e+07 
7.521418e+07 
7.521418e+07 
7.521418e+07 
7.521418e+07 
7.521418e+07 
7.521418e+07 
7.521418e+07 
7.521418e+07 
7.521418e+07 
7.521418e+07 
7.521418e+07 
7.521418e+07 
7.521418e+07 
7.521418e+07 
7.521418e+07 
7.521418e+07 
7.521418e+07 
7.521418e+07 
7.521418e+07 
7.521418e+07 
7.521418e+07 
7.521418e+07 
7.521418e+07 
7.521418e+07 
7.521418e+07 
7.521418e+07 
7.521418e+07 
7.521418e+07 
7.521418e+07 
7.521418e+07 
7.521418e+07 
7.521418e+07 
7.521418e+07 
7.521418e+07 
7.521418e+07 
7.521418e+07 
7.521418e+07 
7.521418e+07 
7.521418e+07 
7.521418e+07 
7.521418e+07 
7.521418e+07 
7.521418e+07 
7.521418e+07 
7.521418e+07 
7.521418e+07 
7.521418e+07 
7.521418e+07 
7.521418e+07 
7.521418e+07 
7.521418e+07 
7.521418e+07 
7.521418e+07 
7.521418e+07 
7.521418e+07 
7.521418e+07 
7.521418e+07 
5.132580e+07 
5.132580e+07 
5.132580e+07 
5.132580e+07 
5.132580e+07 
5.132580e+07 
5.132580e+07 
5.132580e+07 
5.132580e+07 
5.132580e+07 
5.132580e+07 
5.132580e+07 
5.132580e+07 
5.132580e+07 
5.132580e+07 
5.132580e+07 
5.132580e+07 
5.132580e+07 
5.132580e+07 
5.132580e+07 
5.132580e+07 
5.132580e+07 
5.132580e+07 
5.132580e+07 
5.132580e+07 
5.132580e+07 
5.132580e+07 
5.132580e+07 
5.132580e+07 
5.132580e+07 
5.132580e+07 
5.132580e+07 
5.132580e+07 
5.132580e+07 
5.132580e+07 
5.132580e+07 
5.132580e+07 
5.132580e+07 
5.132580e+07 
5.132580e+07 
5.132580e+07 
5.132580e+07 
5.132580e+07 
5.132580e+07 
5.132580e+07 
5.132580e+07 
5.132580e+07 
5.132580e+07 
5.132580e+07 
5.132580e+07 
5.132580e+07 
5.132580e+07 
5.132580e+07 
5.132580e+07 
5.132580e+07 
5.132580e+07 
5.132580e+07 
5.132580e+07 
5.132580e+07 
5.132580e+07 
5.132580e+07 
5.132580e+07 
5.132580e+07 
5.132580e+07 
5.132580e+07 
5.132580e+07 
5.132580e+07 
5.132580e+07 
5.132580e+07 
5.132580e+07 
5.132580e+07 
5.132580e+07 
5.132580e+07 
5.132580e+07 
5.132580e+07 
5.132580e+07 
5.132580e+07 
5.132580e+07 
5.132580e+07 
5.132580e+07 
5.132580e+07 
5.132580e+07 
5.132580e+07 
5.132580e+07 
5.132580e+07 
5.132580e+07 
5.132580e+07 
5.132580e+07 
5.132580e+07 
5.132580e+07 
5.132580e+07 
5.132580e+07 
5.132580e+07 
5.132580e+07 
5.132580e+07 
5.132580e+07 
5.132580e+07 
5.132580e+07 
5.132580e+07 
5.132580e+07 
5.132580e+07 
5.132580e+07 
5.132580e+07 
5.132580e+07 
5.132580e+07 
5.132580e+07 
5.132580e+07 
5.132580e+07 
5.132580e+07 
5.132580e+07 
5.132580e+07 
5.132580e+07 
5.132580e+07 
5.132580e+07 
5.132580e+07 
5.132580e+07 
5.132580e+07 
5.132580e+07 
5.132580e+07 
5.132580e+07 
5.132580e+07 
5.132580e+07 
5.132580e+07 
5.132580e+07 
5.132580e+07 
5.132580e+07 
5.132580e+07 
5.132580e+07 
5.132580e+07 
5.132580e+07 
5.132580e+07 
5.132580e+07 
5.132580e+07 
5.132580e+07 
5.132580e+07 
5.132580e+07 
5.132580e+07 
5.132580e+07 
5.132580e+07 
5.132580e+07 
5.132580e+07 
5.132580e+07 
5.132580e+07 
5.132580e+07 
5.132580e+07 
5.132580e+07 
5.132580e+07 
5.132580e+07 
5.132580e+07 
5.132580e+07 
5.132580e+07 
5.132580e+07 
5.132580e+07 
5.132580e+07 
5.132580e+07 
5.132580e+07 
5.132580e+07 
5.132580e+07 
5.132580e+07 
5.132580e+07 
5.132580e+07 
5.132580e+07 
5.132580e+07 
5.132580e+07 
1.945518e+07 
1.945518e+07 
1.945518e+07 
1.945518e+07 
1.945518e+07 
1.945518e+07 
1.945518e+07 
1.945518e+07 
1.945518e+07 
1.945518e+07 
1.945518e+07 
1.945518e+07 
1.945518e+07 
1.945518e+07 
1.945518e+07 
1.945518e+07 
1.945518e+07 
1.945518e+07 
1.945518e+07 
1.945518e+07 
1.945518e+07 
1.945518e+07 
1.945518e+07 
1.945518e+07 
1.945518e+07 
1.945518e+07 
1.945518e+07 
1.945518e+07 
1.945518e+07 
1.945518e+07 
1.945518e+07 
1.945518e+07 
1.945518e+07 
1.945518e+07 
1.945518e+07 
1.945518e+07 
1.945518e+07 
1.945518e+07 
1.945518e+07 
1.945518e+07 
1.945518e+07 
1.945518e+07 
1.945518e+07 
1.945518e+07 
1.945518e+07 
1.945518e+07 
1.945518e+07 
1.945518e+07 
1.945518e+07 
1.945518e+07 
1.945518e+07 
1.945518e+07 
1.945518e+07 
1.945518e+07 
1.945518e+07 
1.945518e+07 
1.945518e+07 
1.945518e+07 
1.945518e+07 
1.945518e+07 
1.945518e+07 
1.945518e+07 
1.945518e+07 
1.945518e+07 
1.945518e+07 
1.945518e+07 
1.945518e+07 
1.945518e+07 
1.945518e+07 
1.945518e+07 
1.945518e+07 
1.945518e+07 
1.945518e+07 
1.945518e+07 
1.945518e+07 
1.945518e+07 
1.945518e+07 
1.945518e+07 
1.945518e+07 
1.945518e+07 
1.945518e+07 
1.945518e+07 
1.945518e+07 
1.945518e+07 
1.945518e+07 
1.945518e+07 
1.945518e+07 
1.945518e+07 
1.945518e+07 
1.945518e+07 
1.945518e+07 
1.945518e+07 
1.945518e+07 
1.945518e+07 
1.945518e+07 
1.945518e+07 
1.945518e+07 
1.945518e+07 
1.945518e+07 
1.945518e+07 
1.945518e+07 
1.945518e+07 
1.945518e+07 
1.945518e+07 
1.945518e+07 
1.945518e+07 
1.945518e+07 
1.945518e+07 
1.945518e+07 
1.945518e+07 
1.945518e+07 
1.945518e+07 
1.945518e+07 
1.945518e+07 
1.945518e+07 
1.945518e+07 
1.945518e+07 
1.945518e+07 
1.945518e+07 
1.945518e+07 
1.945518e+07 
1.945518e+07 
1.945518e+07 
1.945518e+07 
1.945518e+07 
1.945518e+07 
1.945518e+07 
1.945518e+07 
1.945518e+07 
1.945518e+07 
1.945518e+07 
1.945518e+07 
1.945518e+07 
1.945518e+07 
1.945518e+07 
1.945518e+07 
1.945518e+07 
1.945518e+07 
1.945518e+07 
1.945518e+07 
1.945518e+07 
1.945518e+07 
1.945518e+07 
1.945518e+07 
1.945518e+07 
1.945518e+07 
1.945518e+07 
1.945518e+07 
1.945518e+07 
1.945518e+07 
1.945518e+07 
1.945518e+07 
1.945518e+07 
1.945518e+07 
1.945518e+07 
1.945518e+07 
1.945518e+07 
1.945518e+07 
1.945518e+07 
1.945518e+07 
1.945518e+07 
1.945518e+07 
1.945518e+07 
1.945518e+07 
1.945518e+07 
1.945518e+07 
1.945518e+07 
1.945518e+07 
1.945518e+07 
1.945518e+07 
1.945518e+07 
1.945518e+07 
1.945518e+07 
1.945518e+07 
1.945518e+07 
1.945518e+07 
1.945518e+07 
1.945518e+07 
1.945518e+07 
1.945518e+07 
1.945518e+07 
1.945518e+07 
1.945518e+07 
1.945518e+07 
1.945518e+07 
1.945518e+07 
1.945518e+07 
1.945518e+07 
1.945518e+07 
1.945518e+07 
1.945518e+07 
1.945518e+07 
1.945518e+07 
1.945518e+07 
1.945518e+07 
1.945518e+07 
1.945518e+07 
1.945518e+07 
1.945518e+07 
1.945518e+07 
1.945518e+07 
1.945518e+07 
1.945518e+07 
1.945518e+07 
1.945518e+07 
1.945518e+07 
1.945518e+07 
1.945518e+07 
1.945518e+07 
1.945518e+07 
1.945518e+07 
1.945518e+07 
1.945518e+07 
1.945518e+07 
1.945518e+07 
1.945518e+07 
1.945518e+07 
1.945518e+07 
1.945518e+07 
1.945518e+07 
1.945518e+07 
1.945518e+07 
1.945518e+07 
1.945518e+07 
1.945518e+07 
1.945518e+07 
1.945518e+07 
1.945518e+07 
1.945518e+07 
1.945518e+07 
1.945518e+07 
1.945518e+07 
1.945518e+07 
1.945518e+07 
1.945518e+07 
1.945518e+07 
1.926375e+07 
1.926375e+07 
1.926375e+07 
1.926375e+07 
1.926375e+07 
1.926375e+07 
1.832191e+07 
1.832191e+07 
1.832191e+07 
1.832191e+07 
1.832191e+07 
1.832191e+07 
1.832191e+07 
1.816770e+07 
1.816770e+07 
1.816770e+07 
1.607949e+07 
1.607949e+07 
1.607243e+07 
1.607243e+07 
1.607243e+07 
1.607243e+07 
1.582553e+07 
1.582553e+07 
1.529634e+07 
1.503886e+07 
1.503886e+07 
1.503886e+07 
1.503886e+07 
1.421858e+07 
1.344652e+07 
1.287964e+07 
1.246180e+07 
1.215247e+07 
1.192236e+07 
1.175030e+07 
1.162089e+07 
1.152298e+07 
1.144841e+07 
1.139125e+07 
1.134712e+07 
1.131281e+07 
1.128595e+07 
1.126478e+07 
1.124798e+07 
1.123456e+07 
1.122378e+07 
1.121507e+07 
1.120799e+07 
1.120222e+07 
1.119748e+07 
1.119358e+07 
1.119037e+07 
1.118770e+07 
1.118549e+07 
1.118364e+07 
1.118210e+07 
1.118082e+07 
1.117975e+07 
1.117884e+07 
1.117809e+07 
1.117746e+07 
1.117692e+07 
1.117647e+07 
1.117610e+07 
1.117578e+07 
1.117551e+07 
1.117529e+07 
1.117510e+07 
1.117494e+07 
1.117481e+07 
1.117469e+07 
1.117460e+07 
1.117452e+07 
1.117445e+07 
1.117439e+07 
1.117434e+07 
1.117430e+07 
1.117427e+07 
1.117424e+07 
1.117421e+07 
1.117419e+07 
1.117418e+07 
1.117416e+07 
1.117415e+07 
1.117414e+07 
1.117413e+07 
1.117412e+07 
1.117412e+07 
1.117411e+07 
1.117411e+07 
1.117410e+07 
1.117410e+07 
1.117410e+07 
1.117410e+07 
1.117409e+07 
1.117409e+07 
1.117409e+07 
1.117409e+07 
1.117409e+07 
1.117409e+07 
1.117409e+07 
1.117409e+07 
1.117409e+07 
1.117409e+07 
1.117409e+07 
9.351608e+06 
9.351608e+06 
9.351608e+06 
9.351608e+06 
9.351608e+06 
9.351608e+06 
7.876108e+06 
7.876108e+06 
7.632851e+06 
7.632851e+06 
7.632851e+06 
7.632851e+06 
7.632851e+06 
7.632851e+06 
7.632851e+06 
7.632851e+06 
7.632851e+06 
7.632851e+06 
7.632851e+06 
7.632851e+06 
7.632851e+06 
7.632851e+06 
7.632851e+06 
7.632851e+06 
7.392259e+06 
7.392259e+06 
7.392259e+06 
7.392259e+06 
7.392259e+06 
7.392259e+06 
7.392259e+06 
7.392259e+06 
7.392259e+06 
7.392259e+06 
7.392259e+06 
7.392259e+06 
7.392259e+06 
7.392259e+06 
7.392259e+06 
7.392259e+06 
7.392259e+06 
7.392259e+06 
7.392259e+06 
7.392259e+06 
7.392259e+06 
7.392259e+06 
5.524796e+06 
5.524796e+06 
5.524796e+06 
5.524796e+06 
5.524796e+06 
5.524796e+06 
5.524796e+06 
5.524796e+06 
5.524796e+06 
5.524796e+06 
5.524796e+06 
5.524796e+06 
5.524796e+06 
5.524796e+06 
5.524796e+06 
5.524796e+06 
5.524796e+06 
5.524796e+06 
5.524796e+06 
5.524796e+06 
5.524796e+06 
5.524796e+06 
5.524796e+06 
5.524796e+06 
5.524796e+06 
5.524796e+06 
5.524796e+06 
5.524796e+06 
5.524796e+06 
5.524796e+06 
5.524796e+06 
5.524796e+06 
5.524796e+06 
5.524796e+06 
5.524796e+06 
5.524796e+06 
5.524796e+06 
5.524796e+06 
5.524796e+06 
5.524796e+06 
5.524796e+06 
5.524796e+06 
5.524796e+06 
5.524796e+06 
5.524796e+06 
5.524796e+06 
5.524796e+06 
5.524796e+06 
5.524796e+06 
5.524796e+06 
5.524796e+06 
5.524796e+06 
5.524796e+06 
5.524796e+06 
5.524796e+06 
5.524796e+06 
5.524796e+06 
5.524796e+06 
5.524796e+06 
5.524796e+06 
5.524796e+06 
5.524796e+06 
5.524796e+06 
5.524796e+06 
5.524796e+06 
5.524796e+06 
5.524796e+06 
5.524796e+06 
5.524796e+06 
5.524796e+06 
5.524796e+06 
5.524796e+06 
5.524796e+06 
5.524796e+06 
5.524796e+06 
5.524796e+06 
5.524796e+06 
5.524796e+06 
5.524796e+06 
5.524796e+06 
5.524796e+06 
5.524796e+06 
5.524796e+06 
5.524796e+06 
5.524796e+06 
5.524796e+06 
5.524796e+06 
5.524796e+06 
5.524796e+06 
5.524796e+06 
5.524796e+06 
5.524796e+06 
5.524796e+06 
5.524796e+06 
5.524796e+06 
5.524796e+06 
5.524796e+06 
5.524796e+06 
5.524796e+06 
5.524796e+06 
5.524796e+06 
5.524796e+06 
5.524796e+06 
5.524796e+06 
5.524796e+06 
5.524796e+06 
5.524796e+06 
5.524796e+06 
5.524796e+06 
5.524796e+06 
5.524796e+06 
5.524796e+06 
5.524796e+06 
5.497554e+06 
5.497554e+06 
5.497554e+06 
5.497554e+06 
5.497554e+06 
5.497554e+06 
5.497554e+06 
5.497554e+06 
5.497554e+06 
5.497554e+06 
5.497554e+06 
5.497554e+06 
5.497554e+06 
5.497554e+06 
5.497554e+06 
5.497554e+06 
5.497554e+06 
5.497554e+06 
4.847259e+06 
4.847259e+06 
4.847259e+06 
4.847259e+06 
4.847259e+06 
4.847259e+06 
4.847259e+06 
4.847259e+06 
4.847259e+06 
4.847259e+06 
4.847259e+06 
4.847259e+06 
4.847259e+06 
4.847259e+06 
4.847259e+06 
4.847259e+06 
4.847259e+06 
4.847259e+06 
4.847259e+06 
4.847259e+06 
4.847259e+06 
4.847259e+06 
4.847259e+06 
4.847259e+06 
4.847259e+06 
4.847259e+06 
3.178480e+06 
3.178480e+06 
3.178480e+06 
3.178480e+06 
3.178480e+06 
3.178480e+06 
3.178480e+06 
3.178480e+06 
3.178480e+06 
3.178480e+06 
3.178480e+06 
3.178480e+06 
3.178480e+06 
3.178480e+06 
3.178480e+06 
3.178480e+06 
3.178480e+06 
3.178480e+06 
3.178480e+06 
3.178480e+06 
3.178480e+06 
3.178480e+06 
3.178480e+06 
3.178480e+06 
3.178480e+06 
3.178480e+06 
3.178480e+06 
3.178480e+06 
3.178480e+06 
3.178480e+06 
3.178480e+06 
3.178480e+06 
3.178480e+06 
3.178480e+06 
3.178480e+06 
3.178480e+06 
3.178480e+06 
3.178480e+06 
3.178480e+06 
3.178480e+06 
3.178480e+06 
3.178480e+06 
3.178480e+06 
3.178480e+06 
3.178480e+06 
3.178480e+06 
3.178480e+06 
3.178480e+06 
3.178480e+06 
3.178480e+06 
3.178480e+06 
3.178480e+06 
3.178480e+06 
3.178480e+06 
3.178480e+06 
3.178480e+06 
3.178480e+06 
3.178480e+06 
3.178480e+06 
3.178480e+06 
3.178480e+06 
3.178480e+06 
3.178480e+06 
3.178480e+06 
3.178480e+06 
3.178480e+06 
3.178480e+06 
3.178480e+06 
3.178480e+06 
3.178480e+06 
3.178480e+06 
3.178480e+06 
3.178480e+06 
3.178480e+06 
3.178480e+06 
3.178480e+06 
3.178480e+06 
3.178480e+06 
3.178480e+06 
3.178480e+06 
3.178480e+06 
3.178480e+06 
3.178480e+06 
3.178480e+06 
3.178480e+06 
3.178480e+06 
3.178480e+06 
3.178480e+06 
3.178480e+06 
3.178480e+06 
3.178480e+06 
3.178480e+06 
3.178480e+06 
3.178480e+06 
3.178480e+06 
3.178480e+06 
3.178480e+06 
3.178480e+06 
3.178480e+06 
3.178480e+06 
3.178480e+06 
3.178480e+06 
3.178480e+06 
3.178480e+06 
3.178480e+06 
3.178480e+06 
3.178480e+06 
3.178480e+06 
3.178480e+06 
3.178480e+06 
3.178480e+06 
3.178480e+06 
3.178480e+06 
3.178480e+06 
3.178480e+06 
3.178480e+06 
3.178480e+06 
3.178480e+06 
3.178480e+06 
3.178480e+06 
3.178480e+06 
3.178480e+06 
3.178480e+06 
3.178480e+06 
3.178480e+06 
3.178480e+06 
3.178480e+06 
3.178480e+06 
3.178480e+06 
3.178480e+06 
3.178480e+06 
3.178480e+06 
3.178480e+06 
3.008937e+06 
3.008937e+06 
3.008937e+06 
3.008937e+06 
3.008937e+06 
3.008937e+06 
3.008937e+06 
3.008937e+06 
3.008937e+06 
3.008937e+06 
3.008937e+06 
3.008937e+06 
3.008937e+06 
3.008937e+06 
3.008937e+06 
3.008937e+06 
3.008937e+06 
3.008937e+06 
3.008937e+06 
3.008937e+06 
3.008937e+06 
3.008937e+06 
3.008937e+06 
3.008937e+06 
3.008937e+06 
3.008937e+06 
3.008937e+06 
3.008937e+06 
3.008937e+06 
3.008937e+06 
3.008937e+06 
3.008937e+06 
3.008937e+06 
3.008937e+06 
3.008937e+06 
3.008937e+06 
3.008937e+06 
3.008937e+06 
3.008937e+06 
3.008937e+06 
3.008937e+06 
3.008937e+06 
3.008937e+06 
3.008937e+06 
3.008937e+06 
3.008937e+06 
3.008937e+06 
3.008937e+06 
3.008937e+06 
3.008937e+06 
3.008937e+06 
3.008937e+06 
3.008937e+06 
3.008937e+06 
3.008937e+06 
3.008937e+06 
3.008937e+06 
3.008937e+06 
3.008937e+06 
3.008937e+06 
3.008937e+06 
3.008937e+06 
3.008937e+06 
3.008937e+06 
3.008937e+06 
3.008937e+06 
3.008937e+06 
3.008937e+06 
3.008937e+06 
3.008937e+06 
3.008937e+06 
3.008937e+06 
3.008937e+06 
3.008937e+06 
3.008937e+06 
3.008937e+06 
3.008937e+06 
3.008937e+06 
3.008937e+06 
3.008937e+06 
3.008937e+06 
3.008937e+06 
3.008937e+06 
3.008937e+06 
3.008937e+06 
3.008937e+06 
3.008937e+06 
3.008937e+06 
3.008937e+06 
3.008937e+06 
3.008937e+06 
3.008937e+06 
3.008937e+06 
3.008937e+06 
3.008937e+06 
3.008937e+06 
3.008937e+06 
3.008937e+06 
3.008937e+06 
3.008937e+06 
3.008937e+06 
3.008937e+06 
3.008937e+06 
3.008937e+06 
3.008937e+06 
3.008937e+06 
3.008937e+06 
3.008937e+06 
3.008937e+06 
3.008937e+06 
3.008937e+06 
3.008937e+06 
3.008937e+06 
3.008937e+06 
3.008937e+06 
3.008937e+06 
3.008937e+06 
3.008937e+06 
3.008937e+06 
3.008937e+06 
3.008937e+06 
3.008937e+06 
3.008937e+06 
3.008937e+06 
3.008937e+06 
3.008937e+06 
3.008937e+06 
3.008937e+06 
3.008937e+06 
3.008937e+06 
3.008937e+06 
3.008937e+06 
3.008937e+06 
3.008937e+06 
3.008937e+06 
3.008937e+06 
3.008937e+06 
3.008937e+06 
3.008937e+06 
3.008937e+06 
3.008937e+06 
3.008937e+06 
3.008937e+06 
3.008937e+06 
3.008937e+06 
3.008937e+06 
3.008937e+06 
3.008937e+06 
3.008937e+06 
3.008937e+06 
3.008937e+06 
3.008937e+06 
3.008937e+06 
3.008937e+06 
3.008937e+06 
3.008937e+06 
3.008937e+06 
3.008937e+06 
3.008937e+06 
3.008937e+06 
3.008937e+06 
3.008937e+06 
3.008937e+06 
3.008937e+06 
3.008937e+06 
3.008937e+06 
3.008937e+06 
2.096279e+06 
2.096279e+06 
2.096279e+06 
2.096279e+06 
2.096279e+06 
2.096279e+06 
2.096279e+06 
2.096279e+06 
2.096279e+06 
2.096279e+06 
2.096279e+06 
2.096279e+06 
2.096279e+06 
2.096279e+06 
2.096279e+06 
2.096279e+06 
2.096279e+06 
2.096279e+06 
2.096279e+06 
2.096279e+06 
2.096279e+06 
2.096279e+06 
2.096279e+06 
2.096279e+06 
2.096279e+06 
2.096279e+06 
2.096279e+06 
2.096279e+06 
2.096279e+06 
2.096279e+06 
2.096279e+06 
2.096279e+06 
2.096279e+06 
2.096279e+06 
2.096279e+06 
2.096279e+06 
2.096279e+06 
2.096279e+06 
2.096279e+06 
2.096279e+06 
2.096279e+06 
2.096279e+06 
2.096279e+06 
2.096279e+06 
2.096279e+06 
2.096279e+06 
2.096279e+06 
2.096279e+06 
2.096279e+06 
2.096279e+06 
2.096279e+06 
2.096279e+06 
2.096279e+06 
2.096279e+06 
2.096279e+06 
2.096279e+06 
2.096279e+06 
2.096279e+06 
2.096279e+06 
2.096279e+06 
2.096279e+06 
2.096279e+06 
2.096279e+06 
2.096279e+06 
2.096279e+06 
2.096279e+06 
2.096279e+06 
2.096279e+06 
2.096279e+06 
2.096279e+06 
2.096279e+06 
2.096279e+06 
2.096279e+06 
2.096279e+06 
2.096279e+06 
2.096279e+06 
2.096279e+06 
2.096279e+06 
2.096279e+06 
2.096279e+06 
2.096279e+06 
2.096279e+06 
2.096279e+06 
2.096279e+06 
2.096279e+06 
2.096279e+06 
2.096279e+06 
2.096279e+06 
2.096279e+06 
2.096279e+06 
2.096279e+06 
2.096279e+06 
2.096279e+06 
2.096279e+06 
2.096279e+06 
2.096279e+06 
2.096279e+06 
2.096279e+06 
2.096279e+06 
2.096279e+06 
2.096279e+06 
2.096279e+06 
2.096279e+06 
2.096279e+06 
2.096279e+06 
2.096279e+06 
2.096279e+06 
2.096279e+06 
2.096279e+06 
2.096279e+06 
2.096279e+06 
2.096279e+06 
2.096279e+06 
2.096279e+06 
2.096279e+06 
2.096279e+06 
2.096279e+06 
2.096279e+06 
2.096279e+06 
2.096279e+06 
2.096279e+06 
2.096279e+06 
2.096279e+06 
2.096279e+06 
2.096279e+06 
2.096279e+06 
2.096279e+06 
2.096279e+06 
2.096279e+06 
2.096279e+06 
2.096279e+06 
2.096279e+06 
2.096279e+06 
2.096279e+06 
2.096279e+06 
2.096279e+06 
2.096279e+06 
2.096279e+06 
2.096279e+06 
2.096279e+06 
2.096279e+06 
2.096279e+06 
2.096279e+06 
2.096279e+06 
2.096279e+06 
2.096279e+06 
2.096279e+06 
2.096279e+06 
2.096279e+06 
2.096279e+06 
2.096279e+06 
2.096279e+06 
2.096279e+06 
2.096279e+06 
2.096279e+06 
2.096279e+06 
2.096279e+06 
2.096279e+06 
2.096279e+06 
2.096279e+06 
2.096279e+06 
2.096279e+06 
2.096279e+06 
2.096279e+06 
2.096279e+06 
2.096279e+06 
2.096279e+06 
2.096279e+06 
2.096279e+06 
2.096279e+06 
2.096279e+06 
2.096279e+06 
2.096279e+06 
2.096279e+06 
2.096279e+06 
2.096279e+06 
2.096279e+06 
2.096279e+06 
2.096279e+06 
2.096279e+06 
2.096279e+06 
2.096279e+06 
2.096279e+06 
2.096279e+06 
2.096279e+06 
2.096279e+06 
2.096279e+06 
2.096279e+06 
2.096279e+06 
2.096279e+06 
2.096279e+06 
2.096279e+06 
2.096279e+06 
2.096279e+06 
2.096279e+06 
2.096279e+06 
2.096279e+06 
2.096279e+06 
2.096279e+06 
2.096279e+06 
2.096279e+06 
2.096279e+06 
2.096279e+06 
1.950334e+06 
1.950334e+06 
1.950334e+06 
1.950334e+06 
1.950334e+06 
1.950334e+06 
1.950334e+06 
1.769345e+06 
1.769345e+06 
1.662455e+06 
1.662455e+06 
1.662455e+06 
1.662455e+06 
1.662455e+06 
1.662455e+06 
1.662455e+06 
1.662455e+06 
1.662455e+06 
1.662455e+06 
1.662455e+06 
1.500767e+06 
1.500767e+06 
1.500767e+06 
1.500767e+06 
1.500767e+06 
1.500767e+06 
1.500767e+06 
1.500767e+06 
1.500767e+06 
1.500767e+06 
1.500767e+06 
1.089577e+06 
1.089577e+06 
1.089577e+06 
1.089577e+06 
1.089577e+06 
1.089577e+06 
1.089577e+06 
1.089577e+06 
1.089577e+06 
1.089577e+06 
1.089577e+06 
1.089577e+06 
1.089577e+06 
1.089577e+06 
1.089577e+06 
1.089577e+06 
1.089577e+06 
1.089577e+06 
1.089577e+06 
1.089577e+06 
1.089577e+06 
1.089577e+06 
1.089577e+06 
1.075835e+06 
1.075835e+06 
1.075835e+06 
1.061646e+06 
1.061646e+06 
1.061646e+06 
1.061646e+06 
1.061646e+06 
1.061646e+06 
1.061646e+06 
1.061646e+06 
1.061646e+06 
1.061646e+06 
1.061646e+06 
1.061646e+06 
1.061646e+06 
1.061646e+06 
1.061646e+06 
1.061646e+06 
1.061646e+06 
1.061646e+06 
1.061646e+06 
1.061646e+06 
1.061646e+06 
1.061646e+06 
1.061646e+06 
1.061646e+06 
1.061646e+06 
1.061646e+06 
1.061646e+06 
1.061646e+06 
1.061646e+06 
1.061646e+06 
1.061646e+06 
1.061646e+06 
1.061646e+06 
1.061646e+06 
1.061646e+06 
1.061646e+06 
1.061646e+06 
1.061646e+06 
1.061646e+06 
1.061646e+06 
1.061646e+06 
1.061646e+06 
1.061646e+06 
1.061646e+06 
1.061646e+06 
1.061646e+06 
1.061646e+06 
1.061646e+06 
1.061646e+06 
1.061646e+06 
1.061646e+06 
1.061646e+06 
1.061646e+06 
1.061646e+06 
1.061646e+06 
1.061646e+06 
1.061646e+06 
1.061646e+06 
1.061646e+06 
1.061646e+06 
1.061646e+06 
1.061646e+06 
1.061646e+06 
1.061646e+06 
1.061646e+06 
1.061646e+06 
1.061646e+06 
1.061646e+06 
1.061646e+06 
1.061646e+06 
1.061646e+06 
1.061646e+06 
1.061646e+06 
1.061646e+06 
1.061646e+06 
1.061646e+06 
1.061646e+06 
1.061646e+06 
1.061646e+06 
1.061646e+06 
1.061646e+06 
1.061646e+06 
1.061646e+06 
1.061646e+06 
1.061646e+06 
1.061646e+06 
1.061646e+06 
1.061646e+06 
1.061646e+06 
1.061646e+06 
1.061646e+06 
1.061646e+06 
1.061646e+06 
1.061646e+06 
1.061646e+06 
1.061646e+06 
1.061646e+06 
1.061646e+06 
1.061646e+06 
1.061646e+06 
1.061646e+06 
1.061646e+06 
1.061646e+06 
1.061646e+06 
1.061646e+06 
1.061646e+06 
1.061646e+06 
1.061646e+06 
1.061646e+06 
1.061646e+06 
1.061646e+06 
1.061646e+06 
1.061646e+06 
1.061646e+06 
1.061646e+06 
1.061646e+06 
1.061646e+06 
1.061646e+06 
1.061646e+06 
1.061646e+06 
1.061646e+06 
1.061646e+06 
1.061646e+06 
1.061646e+06 
1.061646e+06 
1.061646e+06 
1.061646e+06 
1.061646e+06 
1.061646e+06 
1.061646e+06 
1.061646e+06 
1.061646e+06 
1.061646e+06 
1.061646e+06 
1.061646e+06 
1.061646e+06 
1.061646e+06 
1.061646e+06 
1.061646e+06 
1.061646e+06 
1.061646e+06 
1.061646e+06 
1.061646e+06 
1.061646e+06 
1.061646e+06 
1.061646e+06 
1.061646e+06 
1.061646e+06 
1.061646e+06 
1.061646e+06 
1.061646e+06 
1.061646e+06 
1.061646e+06 
1.061646e+06 
1.061646e+06 
1.061646e+06 
1.061646e+06 
1.061646e+06 
1.061646e+06 
1.061646e+06 
1.061646e+06 
1.061646e+06 
1.061646e+06 
1.061646e+06 
1.061646e+06 
1.061646e+06 
1.061646e+06 
1.061646e+06 
1.061646e+06 
1.061646e+06 
1.061646e+06 
1.061646e+06 
1.061646e+06 
1.061646e+06 
1.061646e+06 
1.061646e+06 
1.061646e+06 
1.061646e+06 
1.061646e+06 
1.061646e+06 
1.061646e+06 
1.061646e+06 
1.061646e+06 
1.061646e+06 
1.061646e+06 
1.061646e+06 
1.061646e+06 
1.061646e+06 
1.061646e+06 
1.061646e+06 
1.061646e+06 
1.061646e+06 
1.061646e+06 
1.061646e+06 
1.061646e+06 
1.061646e+06 
1.061646e+06 
1.061646e+06 
1.061646e+06 
1.061646e+06 
1.061646e+06 
1.061646e+06 
1.061646e+06 
1.061646e+06 
1.061646e+06 
1.061646e+06 
1.061646e+06 
9.772848e+05 
9.772848e+05 
9.772848e+05 
9.772848e+05 
9.772848e+05 
9.772848e+05 
9.772848e+05 
9.772848e+05 
9.772848e+05 
9.772848e+05 
9.772848e+05 
9.772848e+05 
9.772848e+05 
9.772848e+05 
9.772848e+05 
9.772848e+05 
9.772848e+05 
9.772848e+05 
9.772848e+05 
9.772848e+05 
9.772848e+05 
9.772848e+05 
9.772848e+05 
9.772848e+05 
9.772848e+05 
9.772848e+05 
9.772848e+05 
9.045625e+05 
9.045625e+05 
9.045625e+05 
9.045625e+05 
9.045625e+05 
9.045625e+05 
9.045625e+05 
8.794162e+05 
8.794162e+05 
8.794162e+05 
8.794162e+05 
8.794162e+05 
8.794162e+05 
8.794162e+05 
8.794162e+05 
8.794162e+05 
8.753508e+05 
8.750985e+05 
8.750985e+05 
8.719059e+05 
8.712222e+05 
8.712222e+05 
8.712222e+05 
8.647661e+05 
8.647661e+05 
8.647661e+05 
8.610630e+05 
8.497797e+05 
8.416307e+05 
8.356708e+05 
8.312608e+05 
8.279633e+05 
8.254746e+05 
8.235811e+05 
8.221305e+05 
8.210128e+05 
8.201475e+05 
8.194750e+05 
8.189505e+05 
8.185405e+05 
8.182193e+05 
8.179673e+05 
8.177693e+05 
8.176135e+05 
8.174909e+05 
8.173943e+05 
8.173182e+05 
8.172582e+05 
8.172108e+05 
8.171735e+05 
8.171441e+05 
8.171208e+05 
8.171025e+05 
8.170880e+05 
8.170766e+05 
8.170676e+05 
8.170605e+05 
8.170549e+05 
8.170505e+05 
8.170470e+05 
8.170442e+05 
8.170420e+05 
8.170403e+05 
8.170390e+05 
8.170379e+05 
8.170371e+05 
8.170364e+05 
8.170359e+05 
8.170355e+05 
8.170351e+05 
8.170349e+05 
8.170347e+05 
8.170345e+05 
8.170344e+05 
8.170343e+05 
8.170342e+05 
8.170342e+05 
8.170341e+05 
8.170341e+05 
8.170340e+05 
8.170340e+05 
8.170340e+05 
8.170340e+05 
8.170340e+05 
8.170340e+05 
8.170339e+05 
6.684258e+05 
6.684258e+05 
5.838552e+05 
5.838552e+05 
5.838552e+05 
5.676819e+05 
5.676819e+05 
5.676819e+05 
5.676819e+05 
5.676819e+05 
5.549956e+05 
5.549956e+05 
5.549956e+05 
5.549956e+05 
5.182118e+05 
5.062405e+05 
5.062405e+05 
4.896832e+05 
4.051222e+05 
4.051222e+05 
4.051222e+05 
2.797051e+05 
2.797051e+05 
2.797051e+05 
2.797051e+05 
2.797051e+05 
2.797051e+05 
2.797051e+05 
2.797051e+05 
2.797051e+05 
2.797051e+05 
2.797051e+05 
2.797051e+05 
2.797051e+05 
2.797051e+05 
2.797051e+05 
2.797051e+05 
2.797051e+05 
2.797051e+05 
2.797051e+05 
2.797051e+05 
2.797051e+05 
2.797051e+05 
2.797051e+05 
2.797051e+05 
2.797051e+05 
2.797051e+05 
2.797051e+05 
2.797051e+05 
2.797051e+05 
2.797051e+05 
2.797051e+05 
2.797051e+05 
2.797051e+05 
2.797051e+05 
2.797051e+05 
2.797051e+05 
2.797051e+05 
2.797051e+05 
2.797051e+05 
2.779337e+05 
2.779337e+05 
2.779337e+05 
2.779337e+05 
2.779337e+05 
2.779337e+05 
2.779337e+05 
2.779337e+05 
2.258679e+05 
2.258679e+05 
2.258679e+05 
2.258679e+05 
2.258679e+05 
2.258679e+05 
2.258679e+05 
2.258679e+05 
2.258679e+05 
2.258679e+05 
2.258679e+05 
2.258679e+05 
2.258679e+05 
2.258679e+05 
2.258679e+05 
2.258679e+05 
2.258679e+05 
2.258679e+05 
2.258679e+05 
2.258679e+05 
2.258679e+05 
2.258679e+05 
2.258679e+05 
2.258679e+05 
2.258679e+05 
2.258679e+05 
2.258679e+05 
2.258679e+05 
2.258679e+05 
2.258679e+05 
2.258679e+05 
2.258679e+05 
2.258679e+05 
2.258679e+05 
2.258679e+05 
2.258679e+05 
2.258679e+05 
2.258679e+05 
2.258679e+05 
2.258679e+05 
2.258679e+05 
2.258679e+05 
2.258679e+05 
2.258679e+05 
2.258679e+05 
2.258679e+05 
2.258679e+05 
2.258679e+05 
2.258679e+05 
2.258679e+05 
2.258679e+05 
2.258679e+05 
2.258679e+05 
2.258679e+05 
2.258679e+05 
2.258679e+05 
2.258679e+05 
2.258679e+05 
2.258679e+05 
2.258679e+05 
2.258679e+05 
2.258679e+05 
2.258679e+05 
2.258679e+05 
2.258679e+05 
2.258679e+05 
2.258679e+05 
2.258679e+05 
2.258679e+05 
2.258679e+05 
2.258679e+05 
2.258679e+05 
2.258679e+05 
2.258679e+05 
2.258679e+05 
2.258679e+05 
2.258679e+05 
2.258679e+05 
2.258679e+05 
2.258679e+05 
2.258679e+05 
2.258679e+05 
2.258679e+05 
2.258679e+05 
2.258679e+05 
2.258679e+05 
2.258679e+05 
2.258679e+05 
2.258679e+05 
2.258679e+05 
2.258679e+05 
2.258679e+05 
2.258679e+05 
2.258679e+05 
2.258679e+05 
2.258679e+05 
2.258679e+05 
2.258679e+05 
2.258679e+05 
2.258679e+05 
2.258679e+05 
2.258679e+05 
2.258679e+05 
2.258679e+05 
2.258679e+05 
2.258679e+05 
2.258679e+05 
2.258679e+05 
2.258679e+05 
2.258679e+05 
2.258679e+05 
2.258679e+05 
2.258679e+05 
2.258679e+05 
2.258679e+05 
2.258679e+05 
2.258679e+05 
2.258679e+05 
2.258679e+05 
2.258679e+05 
2.258679e+05 
2.258679e+05 
2.258679e+05 
2.258679e+05 
2.258679e+05 
2.258679e+05 
2.258679e+05 
2.258679e+05 
2.258679e+05 
2.258679e+05 
2.258679e+05 
2.258679e+05 
2.258679e+05 
2.258679e+05 
2.258679e+05 
2.258679e+05 
2.258679e+05 
2.258679e+05 
2.258679e+05 
2.258679e+05 
2.258679e+05 
2.258679e+05 
2.258679e+05 
2.258679e+05 
2.258679e+05 
2.258679e+05 
2.258679e+05 
2.258679e+05 
2.258679e+05 
2.258679e+05 
2.258679e+05 
2.258679e+05 
2.258679e+05 
2.258679e+05 
2.258679e+05 
2.258679e+05 
2.258679e+05 
2.258679e+05 
2.258679e+05 
2.258679e+05 
2.258679e+05 
2.258679e+05 
2.258679e+05 
2.258679e+05 
2.258679e+05 
2.258679e+05 
2.258679e+05 
2.258679e+05 
2.258679e+05 
2.258679e+05 
2.258679e+05 
2.258679e+05 
2.258679e+05 
2.258679e+05 
2.258679e+05 
2.258679e+05 
2.258679e+05 
2.258679e+05 
2.258679e+05 
2.258679e+05 
2.258679e+05 
2.258679e+05 
2.258679e+05 
2.258679e+05 
2.258679e+05 
2.258679e+05 
2.258679e+05 
2.258679e+05 
2.258679e+05 
2.258679e+05 
2.258679e+05 
2.258679e+05 
2.258679e+05 
2.258679e+05 
2.258679e+05 
2.258679e+05 
2.258679e+05 
2.258679e+05 
2.258679e+05 
2.258679e+05 
2.258679e+05 
2.258679e+05 
2.258679e+05 
2.258679e+05 
2.258679e+05 
2.258679e+05 
2.168196e+05 
2.168196e+05 
2.168196e+05 
2.168196e+05 
2.168196e+05 
2.168196e+05 
2.168196e+05 
2.168196e+05 
2.168196e+05 
2.168196e+05 
2.168196e+05 
2.168196e+05 
2.168196e+05 
2.168196e+05 
2.168196e+05 
2.168196e+05 
2.168196e+05 
2.168196e+05 
2.168196e+05 
2.168196e+05 
2.168196e+05 
2.168196e+05 
2.168196e+05 
2.168196e+05 
2.168196e+05 
2.168196e+05 
2.168196e+05 
2.168196e+05 
2.168196e+05 
2.168196e+05 
2.168196e+05 
2.168196e+05 
2.168196e+05 
2.168196e+05 
2.168196e+05 
2.168196e+05 
2.168196e+05 
2.168196e+05 
2.168196e+05 
2.168196e+05 
2.168196e+05 
2.168196e+05 
2.168196e+05 
1.685225e+05 
1.685225e+05 
1.685225e+05 
1.685225e+05 
1.685225e+05 
1.685225e+05 
1.685225e+05 
1.685225e+05 
1.685225e+05 
1.685225e+05 
1.685225e+05 
1.685225e+05 
1.685225e+05 
1.685225e+05 
1.685225e+05 
1.685225e+05 
1.685225e+05 
1.685225e+05 
1.685225e+05 
1.685225e+05 
1.685225e+05 
1.685225e+05 
1.685225e+05 
1.685225e+05 
1.685225e+05 
1.685225e+05 
1.685225e+05 
1.685225e+05 
1.685225e+05 
1.685225e+05 
1.685225e+05 
1.685225e+05 
1.685225e+05 
1.685225e+05 
1.685225e+05 
1.685225e+05 
1.685225e+05 
1.685225e+05 
1.685225e+05 
1.685225e+05 
1.685225e+05 
1.685225e+05 
1.685225e+05 
1.685225e+05 
1.685225e+05 
1.685225e+05 
1.685225e+05 
1.685225e+05 
1.685225e+05 
1.685225e+05 
1.685225e+05 
1.685225e+05 
1.685225e+05 
1.685225e+05 
1.685225e+05 
1.685225e+05 
1.685225e+05 
1.685225e+05 
1.685225e+05 
1.685225e+05 
1.685225e+05 
1.685225e+05 
1.685225e+05 
1.685225e+05 
1.685225e+05 
1.685225e+05 
1.685225e+05 
1.685225e+05 
1.685225e+05 
1.685225e+05 
1.685225e+05 
1.685225e+05 
1.685225e+05 
1.685225e+05 
1.685225e+05 
1.685225e+05 
1.685225e+05 
1.685225e+05 
1.685225e+05 
1.685225e+05 
1.685225e+05 
1.685225e+05 
1.685225e+05 
1.685225e+05 
1.685225e+05 
1.685225e+05 
1.685225e+05 
1.685225e+05 
1.685225e+05 
1.685225e+05 
1.685225e+05 
1.685225e+05 
1.685225e+05 
1.685225e+05 
1.685225e+05 
1.685225e+05 
1.685225e+05 
1.685225e+05 
1.685225e+05 
1.685225e+05 
1.685225e+05 
1.685225e+05 
1.685225e+05 
1.685225e+05 
1.685225e+05 
1.514544e+05 
1.514544e+05 
1.514544e+05 
1.514544e+05 
1.514544e+05 
1.514544e+05 
1.514544e+05 
1.514544e+05 
1.514544e+05 
1.514544e+05 
1.514544e+05 
1.514544e+05 
1.174276e+05 
1.174276e+05 
1.174276e+05 
1.174276e+05 
1.074523e+05 
1.074523e+05 
1.074523e+05 
1.074523e+05 
1.074523e+05 
1.074523e+05 
1.074523e+05 
1.074523e+05 
1.074523e+05 
1.062276e+05 
1.062276e+05 
1.062276e+05 
1.062276e+05 
1.062276e+05 
1.062276e+05 
1.062276e+05 
1.062276e+05 
1.062276e+05 
1.062276e+05 
1.062276e+05 
9.130431e+04 
9.130431e+04 
9.130431e+04 
9.130431e+04 
9.130431e+04 
7.439600e+04 
7.439600e+04 
7.439600e+04 
7.439600e+04 
7.439600e+04 
7.439600e+04 
7.439600e+04 
7.439600e+04 
7.439600e+04 
7.439600e+04 
7.439600e+04 
7.439600e+04 
7.439600e+04 
7.439600e+04 
7.439600e+04 
7.439600e+04 
7.439600e+04 
7.439600e+04 
7.439600e+04 
7.439600e+04 
7.439600e+04 
7.439600e+04 
7.439600e+04 
7.439600e+04 
7.439600e+04 
7.439600e+04 
7.439600e+04 
7.407610e+04 
7.073974e+04 
7.073974e+04 
7.073974e+04 
7.073974e+04 
7.073974e+04 
7.073974e+04 
7.073974e+04 
7.073974e+04 
7.073974e+04 
7.073974e+04 
7.073974e+04 
7.073974e+04 
7.073974e+04 
7.073974e+04 
7.073974e+04 
7.073974e+04 
7.073974e+04 
7.073974e+04 
7.073974e+04 
7.073974e+04 
7.073974e+04 
7.073974e+04 
7.073974e+04 
7.073974e+04 
7.073974e+04 
7.073974e+04 
7.073974e+04 
7.073974e+04 
7.073974e+04 
7.073974e+04 
7.073974e+04 
7.073974e+04 
7.073974e+04 
7.073974e+04 
7.073974e+04 
7.073974e+04 
7.073974e+04 
7.073974e+04 
7.073974e+04 
7.073974e+04 
7.073974e+04 
7.073974e+04 
7.073974e+04 
7.073974e+04 
7.073974e+04 
7.073974e+04 
7.073974e+04 
7.073974e+04 
7.073974e+04 
7.073974e+04 
7.073974e+04 
7.073974e+04 
7.073974e+04 
7.073974e+04 
7.073974e+04 
7.073974e+04 
7.073974e+04 
7.073974e+04 
7.073974e+04 
6.028649e+04 
6.028649e+04 
6.028649e+04 
6.028649e+04 
6.028649e+04 
5.956326e+04 
5.956326e+04 
4.668021e+04 
4.668021e+04 
4.668021e+04 
4.668021e+04 
4.263593e+04 
4.263593e+04 
4.263593e+04 
4.263593e+04 
4.263593e+04 
4.263593e+04 
4.263593e+04 
4.263593e+04 
4.263593e+04 
3.937595e+04 
3.937595e+04 
3.937595e+04 
3.937595e+04 
3.937595e+04 
3.937595e+04 
3.937595e+04 
3.937595e+04 
3.937595e+04 
3.937595e+04 
3.937595e+04 
3.937595e+04 
3.937595e+04 
3.937595e+04 
3.937595e+04 
3.937595e+04 
3.937595e+04 
3.937595e+04 
3.937595e+04 
3.937595e+04 
3.937595e+04 
3.937595e+04 
3.937595e+04 
3.937595e+04 
3.937595e+04 
3.937595e+04 
3.937595e+04 
3.937595e+04 
3.937595e+04 
3.937595e+04 
3.937595e+04 
3.937595e+04 
3.937595e+04 
3.937595e+04 
3.937595e+04 
3.937595e+04 
3.937595e+04 
3.937595e+04 
3.937595e+04 
3.937595e+04 
3.937595e+04 
3.937595e+04 
3.937595e+04 
3.937595e+04 
3.937595e+04 
3.937595e+04 
3.937595e+04 
3.937595e+04 
3.937595e+04 
3.937595e+04 
3.937595e+04 
3.937595e+04 
3.937595e+04 
3.937595e+04 
3.460791e+04 
3.460791e+04 
3.460791e+04 
3.460791e+04 
3.460791e+04 
3.460791e+04 
3.460791e+04 
3.460791e+04 
3.460791e+04 
3.460791e+04 
3.460791e+04 
3.460791e+04 
3.460791e+04 
3.460791e+04 
3.460791e+04 
3.460791e+04 
3.460791e+04 
3.460791e+04 
3.460791e+04 
3.460791e+04 
3.460791e+04 
3.460791e+04 
3.460791e+04 
2.952744e+04 
2.952744e+04 
2.952744e+04 
2.952744e+04 
2.952744e+04 
2.952744e+04 
2.952744e+04 
2.952744e+04 
2.952744e+04 
2.952744e+04 
2.952744e+04 
2.952744e+04 
2.952744e+04 
2.952744e+04 
2.952744e+04 
2.952744e+04 
2.952744e+04 
2.952744e+04 
2.952744e+04 
2.333990e+04 
2.333990e+04 
2.333990e+04 
2.333990e+04 
2.333990e+04 
2.333990e+04 
2.333990e+04 
2.333990e+04 
2.333990e+04 
2.333990e+04 
2.333990e+04 
2.333990e+04 
2.333990e+04 
2.167775e+04 
2.167775e+04 
2.167775e+04 
2.167775e+04 
2.167775e+04 
2.167775e+04 
2.167775e+04 
2.167775e+04 
2.167775e+04 
2.167775e+04 
2.167775e+04 
2.167775e+04 
2.167775e+04 
2.167775e+04 
2.167775e+04 
2.167775e+04 
2.167775e+04 
2.167775e+04 
2.167775e+04 
2.167775e+04 
2.167775e+04 
2.167775e+04 
2.167775e+04 
2.167775e+04 
2.167775e+04 
2.167775e+04 
2.167775e+04 
2.167775e+04 
2.167775e+04 
2.167775e+04 
2.167775e+04 
2.167775e+04 
2.167775e+04 
2.167775e+04 
2.083095e+04 
2.083095e+04 
2.083095e+04 
2.083095e+04 
2.083095e+04 
2.083095e+04 
2.083095e+04 
1.632315e+04 
1.632315e+04 
1.632315e+04 
1.632315e+04 
1.614245e+04 
1.614245e+04 
1.614245e+04 
1.614245e+04 
1.614245e+04 
1.567172e+04 
1.567172e+04 
1.567172e+04 
1.567172e+04 
1.567172e+04 
1.567172e+04 
1.567172e+04 
1.518861e+04 
1.518861e+04 
1.518861e+04 
1.518861e+04 
1.258155e+04 
1.070066e+04 
9.994772e+03 
9.862720e+03 
9.862720e+03 
9.862720e+03 
9.862720e+03 
9.862720e+03 
9.824329e+03 
9.824329e+03 
9.824329e+03 
9.824329e+03 
9.824329e+03 
9.824329e+03 
9.824329e+03 
9.824329e+03 
9.824329e+03 
9.824329e+03 
9.824329e+03 
9.824329e+03 
9.824329e+03 
9.240428e+03 
9.240428e+03 
9.211547e+03 
9.211547e+03 
9.211547e+03 
9.211547e+03 
9.211547e+03 
9.211547e+03 
9.211547e+03 
9.211547e+03 
9.211547e+03 
9.211547e+03 
9.211547e+03 
9.211547e+03 
9.211547e+03 
9.211547e+03 
9.211547e+03 
8.978644e+03 
8.978644e+03 
8.978644e+03 
8.978644e+03 
8.978644e+03 
8.978644e+03 
8.978644e+03 
8.786943e+03 
8.786943e+03 
8.786943e+03 
8.458793e+03 
8.458793e+03 
8.227635e+03 
8.227635e+03 
8.227635e+03 
5.347185e+03 
5.347185e+03 
5.347185e+03 
5.347185e+03 
5.347185e+03 
5.347185e+03 
5.347185e+03 
4.858655e+03 
4.858655e+03 
4.858655e+03 
3.911687e+03 
3.911687e+03 
3.911687e+03 
3.151370e+03 
2.558951e+03 
1.227835e+03 
9.687418e+02 
9.687418e+02 
9.488214e+02 
9.488214e+02 
9.238379e+02 
9.238379e+02 
7.419514e+02 
7.419514e+02 
7.419514e+02 
7.419514e+02 
7.419514e+02 
7.419514e+02 
7.419514e+02 
7.419514e+02 
7.419514e+02 
7.419514e+02 
5.146120e+02 
5.146120e+02 
5.146120e+02 
4.915554e+02 
4.915554e+02 
4.915554e+02 
4.915554e+02 
4.915554e+02 
4.915554e+02 
4.915554e+02 
4.915554e+02 
4.915554e+02 
4.915554e+02 
4.915554e+02 
4.840657e+02 
4.840657e+02 
4.840657e+02 
4.421884e+02 
4.421884e+02 
4.421884e+02 
4.421884e+02 
4.421884e+02 
4.299593e+02 
4.299593e+02 
4.299593e+02 
4.299593e+02 
4.299593e+02 
4.299593e+02 
3.965383e+02 
3.965383e+02 
3.965383e+02 
3.965383e+02 
3.933633e+02 
3.652308e+02 
3.652308e+02 
3.552322e+02 
3.552322e+02 
3.552322e+02 
3.525812e+02 
3.475623e+02 
3.475623e+02 
3.405754e+02 
3.404812e+02 
3.404812e+02 
3.404812e+02 
3.404812e+02 
3.404812e+02 
3.404812e+02 
3.404812e+02 
3.404812e+02 
3.404812e+02 
3.404812e+02 
3.394715e+02 
3.394715e+02 
3.394715e+02 
3.394715e+02 
3.394715e+02 
3.394715e+02 
3.394715e+02 
3.394715e+02 
3.394715e+02 
3.394715e+02 
3.366247e+02 
3.366247e+02 
3.366247e+02 
3.366247e+02 
3.366247e+02 
3.366247e+02 
3.366247e+02 
3.366247e+02 
3.366247e+02 
3.366247e+02 
3.361858e+02 
3.361858e+02 
3.361858e+02 
3.361858e+02 
3.361858e+02 
3.361858e+02 
3.361858e+02 
3.361858e+02 
3.358447e+02 
3.358447e+02 
3.358447e+02 
3.358447e+02 
3.358447e+02 
3.358447e+02 
3.358447e+02 
3.358447e+02 
3.358447e+02 
3.350364e+02 
3.347852e+02 
3.347852e+02 
3.347852e+02 
3.342200e+02 
3.342200e+02 
3.342200e+02 
3.342200e+02 
3.342200e+02 
3.342200e+02 
3.342200e+02 
3.342200e+02 
3.342200e+02 
3.341213e+02 
3.341213e+02 
3.339356e+02 
3.338257e+02 
3.337601e+02 
3.337202e+02 
3.336955e+02 
3.336798e+02 
3.336696e+02 
3.336628e+02 
3.336582e+02 
3.336551e+02 
3.336529e+02 
3.336513e+02 
3.336502e+02 
3.336494e+02 
3.336488e+02 
3.336484e+02 
3.336481e+02 
3.336478e+02 
3.336477e+02 
3.336476e+02 
3.336475e+02 
3.336474e+02 
3.336473e+02 
3.336473e+02 
3.336473e+02 
3.336473e+02 
3.336472e+02 
3.336472e+02 
3.336472e+02 
3.336472e+02 
3.336472e+02 
3.336472e+02 
3.336472e+02 
3.336472e+02 
3.336472e+02 
3.336472e+02 
3.336472e+02 
3.336472e+02 
3.336472e+02 
3.336472e+02 
3.336472e+02 
3.336472e+02 
3.336472e+02 
3.336472e+02 
3.336472e+02 
3.336472e+02 
3.336472e+02 
3.336472e+02 
3.336472e+02 
3.336472e+02 
3.336472e+02 
3.336472e+02 
3.336472e+02 
3.336472e+02 
3.336472e+02 
3.336472e+02 
3.072228e+02 
3.059243e+02 
3.059243e+02 
3.059243e+02 
3.059243e+02 
3.059243e+02 
3.059243e+02 
3.059243e+02 
3.059243e+02 
3.059243e+02 
3.059243e+02 
3.059243e+02 
3.059243e+02 
3.059243e+02 
3.059243e+02 
3.059243e+02 
2.498244e+02 
2.405736e+02 
2.405736e+02 
2.405736e+02 
2.405736e+02 
2.405736e+02 
2.405736e+02 
2.405736e+02 
2.100128e+02 
2.100128e+02 
2.100128e+02 
2.100128e+02 
2.100128e+02 
2.100128e+02 
2.100128e+02 
2.100128e+02 
2.100128e+02 
2.100128e+02 
2.100128e+02 
2.100128e+02 
2.100128e+02 
2.100128e+02 
2.100128e+02 
2.100128e+02 
2.100128e+02 
2.100128e+02 
2.100128e+02 
2.100128e+02 
2.100128e+02 
2.100128e+02 
2.100128e+02 
2.100128e+02 
2.100128e+02 
2.100128e+02 
2.100128e+02 
2.100128e+02 
2.100128e+02 
1.086275e+02 
1.086275e+02 
9.943556e+01 
9.943556e+01 
9.943556e+01 
9.943556e+01 
9.943556e+01 
9.943556e+01 
9.943556e+01 
9.943556e+01 
9.943556e+01 
9.943556e+01 
9.943556e+01 
9.943556e+01 
9.943556e+01 
9.943556e+01 
9.943556e+01 
9.943556e+01 
9.557612e+01 
9.557612e+01 
9.557612e+01 
9.557612e+01 
9.557612e+01 
9.557612e+01 
9.557612e+01 
9.557612e+01 
9.557612e+01 
9.557612e+01 
9.557612e+01 
9.557612e+01 
9.557612e+01 
9.557612e+01 
9.557612e+01 
9.557612e+01 
9.557612e+01 
9.557612e+01 
9.557612e+01 
9.557612e+01 
7.842307e+01 
7.842307e+01 
7.842307e+01 
7.842307e+01 
7.842307e+01 
7.842307e+01 
7.842307e+01 
7.842307e+01 
7.842307e+01 
7.842307e+01 
7.842307e+01 
7.842307e+01 
7.842307e+01 
7.842307e+01 
7.842307e+01 
7.842307e+01 
7.842307e+01 
7.842307e+01 
7.842307e+01 
7.842307e+01 
7.842307e+01 
7.841387e+01 
7.841387e+01 
7.841387e+01 
7.841387e+01 
7.841387e+01 
7.841387e+01 
7.841387e+01 
7.841387e+01 
7.841387e+01 
7.841387e+01 
7.841387e+01 
7.841387e+01 
7.841387e+01 
7.841387e+01 
7.482028e+01 
7.482028e+01 
7.482028e+01 
7.482028e+01 
7.482028e+01 
7.482028e+01 
7.482028e+01 
7.482028e+01 
7.482028e+01 
7.482028e+01 
7.482028e+01 
7.482028e+01 
7.482028e+01 
7.482028e+01 
7.482028e+01 
7.482028e+01 
7.482028e+01 
7.482028e+01 
7.482028e+01 
7.482028e+01 
7.482028e+01 
7.368914e+01 
7.315827e+01 
7.315827e+01 
7.315827e+01 
7.315827e+01 
7.310994e+01 
7.310994e+01 
7.310994e+01 
7.302270e+01 
7.291132e+01 
7.284200e+01 
7.279780e+01 
7.276894e+01 
7.274970e+01 
7.273662e+01 
7.272759e+01 
7.272128e+01 
7.271681e+01 
7.271363e+01 
7.271135e+01 
7.270971e+01 
7.270852e+01 
7.270766e+01 
7.270704e+01 
7.270658e+01 
7.270625e+01 
7.270601e+01 
7.270584e+01 
7.270571e+01 
7.270562e+01 
7.270555e+01 
5.868937e+01 
5.868937e+01 
4.972909e+01 
4.972909e+01 
4.972909e+01 
4.959064e+01 
4.959064e+01 
4.959064e+01 
4.959064e+01 
4.866779e+01 
4.866779e+01 
4.866779e+01 
4.866779e+01 
4.866779e+01 
4.866779e+01 
4.866779e+01 
4.866779e+01 
4.866779e+01 
4.866779e+01 
4.866779e+01 
4.866779e+01 
4.866779e+01 
4.866779e+01 
4.866779e+01 
4.866779e+01 
4.580313e+01 
4.580313e+01 
4.580313e+01 
4.580313e+01 
4.580313e+01 
4.580313e+01 
4.580313e+01 
4.580313e+01 
4.580313e+01 
4.580313e+01 
4.580313e+01 
4.580313e+01 
4.580313e+01 
4.580313e+01 
4.580313e+01 
4.580313e+01 
4.580313e+01 
4.580313e+01 
4.580313e+01 
4.580313e+01 
4.580313e+01 
4.580313e+01 
4.580313e+01 
4.580313e+01 
4.580313e+01 
4.580313e+01 
4.580313e+01 
4.580313e+01 
4.580313e+01 
4.580313e+01 
4.393362e+01 
4.393362e+01 
4.393362e+01 
4.393362e+01 
4.393362e+01 
4.393362e+01 
4.393362e+01 
4.386397e+01 
4.187614e+01 
4.187614e+01 
4.187614e+01 
4.187614e+01 
4.187614e+01 
4.187614e+01 
4.187614e+01 
4.187614e+01 
4.187614e+01 
4.165696e+01 
4.165696e+01 
4.165696e+01 
4.165696e+01 
4.165696e+01 
4.165696e+01 
4.159891e+01 
4.159891e+01 
4.159891e+01 
4.159891e+01 
4.159891e+01 
4.159891e+01 
4.159891e+01 
4.159891e+01 
4.159891e+01 
4.159891e+01 
4.159891e+01 
4.159891e+01 
4.159891e+01 
4.159891e+01 
4.159891e+01 
4.159891e+01 
4.159891e+01 
4.159891e+01 
4.159891e+01 
4.159891e+01 
4.159891e+01 
4.159891e+01 
4.159891e+01 
4.159891e+01 
4.159891e+01 
4.159891e+01 
4.159891e+01 
4.159891e+01 
4.159891e+01 
4.159891e+01 
4.159891e+01 
4.159891e+01 
4.159891e+01 
4.159891e+01 
4.159891e+01 
4.159891e+01 
4.159891e+01 
4.159891e+01 
4.159891e+01 
4.159891e+01 
3.181509e+01 
3.181509e+01 
3.181509e+01 
3.181509e+01 
3.181509e+01 
3.181509e+01 
3.181509e+01 
3.162750e+01 
3.162750e+01 
3.162750e+01 
3.162750e+01 
3.162750e+01 
3.162750e+01 
3.162750e+01 
3.162750e+01 
3.162750e+01 
3.162750e+01 
3.162750e+01 
2.448201e+01 
2.396591e+01 
2.396591e+01 
2.207893e+01 
1.257842e+01 
1.067478e+01 
1.067478e+01 
9.133258e+00 
9.133258e+00 
9.133258e+00 
9.133258e+00 
9.133258e+00 
9.133258e+00 
9.097182e+00 
9.097182e+00 
7.363951e+00 
7.363951e+00 
7.363951e+00 
7.363951e+00 
7.363951e+00 
7.363951e+00 
7.363951e+00 
7.363951e+00 
7.363951e+00 
7.363951e+00 
7.363951e+00 
7.363951e+00 
7.363951e+00 
7.363951e+00 
7.363951e+00 
7.363951e+00 
7.363951e+00 
7.363951e+00 
7.363951e+00 
7.363951e+00 
7.363951e+00 
7.363951e+00 
7.363951e+00 
7.363951e+00 
7.363951e+00 
6.962853e+00 
5.524199e+00 
5.524199e+00 
5.524199e+00 
5.524199e+00 
5.524199e+00 
5.524199e+00 
5.524199e+00 
5.524199e+00 
5.524199e+00 
5.524199e+00 
5.325255e+00 
5.325255e+00 
4.519188e+00 
4.519188e+00 
4.519188e+00 
4.519188e+00 
4.519188e+00 
4.519188e+00 
4.519188e+00 
4.519188e+00 
4.519188e+00 
4.519188e+00 
4.519188e+00 
3.551923e+00 
3.551923e+00 
3.551923e+00 
3.551923e+00 
3.551923e+00 
3.551923e+00 
3.551923e+00 
3.551923e+00 
3.551923e+00 
3.551923e+00 
3.551923e+00 
3.430048e+00 
3.430048e+00 
3.430048e+00 
3.430048e+00 
3.430048e+00 
3.430048e+00 
2.186377e+00 
2.186377e+00 
2.186377e+00 
2.186377e+00 
2.186377e+00 
2.186377e+00 
2.186377e+00 
2.186377e+00 
2.186377e+00 
2.186377e+00 
2.186377e+00 
2.186377e+00 
2.186377e+00 
2.186377e+00 
2.106381e+00 
2.106381e+00 
2.106381e+00 
2.106381e+00 
1.844769e+00 
1.844769e+00 
1.844769e+00 
1.844769e+00 
1.793665e+00 
1.793665e+00 
1.793665e+00 
1.708697e+00 
1.708697e+00 
1.642200e+00 
1.642200e+00 
1.632138e+00 
1.632138e+00 
1.632138e+00 
1.632138e+00 
1.632138e+00 
1.618962e+00 
1.618962e+00 
1.618962e+00 
1.618962e+00 
1.618962e+00 
1.597104e+00 
1.597104e+00 
1.597104e+00 
1.597104e+00 
1.597104e+00 
1.597104e+00 
1.597104e+00 
1.597104e+00 
1.597104e+00 
1.597104e+00 
1.596551e+00 
1.596551e+00 
1.524920e+00 
1.388609e+00 
1.388609e+00 
1.335830e+00 
1.094006e+00 
9.781971e-01 
9.781971e-01 
8.574328e-01 
8.574328e-01 
8.574328e-01 
8.574328e-01 
8.109241e-01 
8.109241e-01 
8.109241e-01 
8.109241e-01 
5.809891e-01 
5.809891e-01 
5.809891e-01 
5.809891e-01 
5.809891e-01 
5.809891e-01 
5.809891e-01 
5.809891e-01 
5.809891e-01 
5.809891e-01 
5.809891e-01 
5.809891e-01 
5.809891e-01 
5.809891e-01 
5.809891e-01 
5.809891e-01 
5.710250e-01 
5.710250e-01 
5.710250e-01 
5.166751e-01 
4.291385e-01 
4.291385e-01 
4.291385e-01 
4.291385e-01 
4.291385e-01 
4.291385e-01 
3.617629e-01 
3.617629e-01 
3.617629e-01 
3.617629e-01 
3.617629e-01 
3.617629e-01 
3.617629e-01 
3.211719e-01 
3.211719e-01 
2.741253e-01 
2.741253e-01 
2.741253e-01 
2.741253e-01 
2.741253e-01 
2.741253e-01 
2.741253e-01 
2.741253e-01 
2.741253e-01 
2.741253e-01 
2.741253e-01 
2.741253e-01 
2.741253e-01 
2.741253e-01 
2.741253e-01 
2.741253e-01 
2.741253e-01 
2.741253e-01 
2.741253e-01 
2.741253e-01 
2.741253e-01 
2.741253e-01 
2.741253e-01 
2.741253e-01 
2.741253e-01 
2.741253e-01 
2.741253e-01 
2.741253e-01 
2.741253e-01 
2.545346e-01 
2.443289e-01 
2.443289e-01 
2.443289e-01 
2.405108e-01 
2.405108e-01 
2.405108e-01 
2.405108e-01 
2.405108e-01 
2.405108e-01 
2.405108e-01 
2.405108e-01 
2.405108e-01 
2.405108e-01 
2.405108e-01 
2.405108e-01 
2.405108e-01 
2.405108e-01 
2.405108e-01 
2.405108e-01 
2.405108e-01 
2.405108e-01 
2.405108e-01 
2.405108e-01 
2.405108e-01 
2.405108e-01 
2.405108e-01 
2.405108e-01 
2.405108e-01 
2.405108e-01 
2.405108e-01 
2.405108e-01 
2.405108e-01 
2.405108e-01 
2.405108e-01 
2.405108e-01 
2.405108e-01 
2.405108e-01 
2.405108e-01 
2.405108e-01 
2.405108e-01 
2.405108e-01 
2.405108e-01 
2.405108e-01 
2.405108e-01 
2.405108e-01 
2.405108e-01 
2.405108e-01 
2.405108e-01 
2.405108e-01 
2.405108e-01 
2.405108e-01 
2.405108e-01 
2.405108e-01 
2.405108e-01 
2.405108e-01 
2.405108e-01 
2.405108e-01 
2.405108e-01 
2.405108e-01 
2.405108e-01 
2.398273e-01 
2.398273e-01 
2.398273e-01 
2.398273e-01 
2.398273e-01 
2.398273e-01 
2.398273e-01 
2.398273e-01 
2.398273e-01 
2.398273e-01 
2.398273e-01 
2.398273e-01 
2.398273e-01 
2.398273e-01 
2.398273e-01 
2.398273e-01 
2.398273e-01 
2.398273e-01 
2.398273e-01 
2.398273e-01 
2.398273e-01 
2.398273e-01 
2.398273e-01 
2.398273e-01 
2.398273e-01 
2.398273e-01 
2.398273e-01 
2.392199e-01 
2.392199e-01 
2.392199e-01 
2.392199e-01 
2.392199e-01 
2.392199e-01 
2.392199e-01 
1.842762e-01 
1.842762e-01 
1.842762e-01 
1.842762e-01 
1.842762e-01 
1.842762e-01 
1.722478e-01 
1.722478e-01 
1.403030e-01 
1.403030e-01 
1.307183e-01 
1.307183e-01 
1.283155e-01 
1.226338e-01 
1.198120e-01 
1.184141e-01 
1.177241e-01 
1.173853e-01 
1.172201e-01 
1.171405e-01 
1.171028e-01 
1.170854e-01 
1.170777e-01 
1.170745e-01 
1.170735e-01 
1.170733e-01 
1.170733e-01 
1.170733e-01 
1.170500e-01 
1.170030e-01 
1.169698e-01 
1.169465e-01 
1.169301e-01 
1.169185e-01 
1.169103e-01 
1.116434e-01 
1.116434e-01 
1.116434e-01 
1.035518e-01 
9.028192e-02 
9.028192e-02 
7.011202e-02 
6.447005e-02 
6.447005e-02 
6.447005e-02 
6.447005e-02 
6.447005e-02 
6.447005e-02 
6.447005e-02 
6.447005e-02 
6.447005e-02 
6.447005e-02 
6.447005e-02 
6.447005e-02 
6.343083e-02 
6.343083e-02 
6.343083e-02 
5.087659e-02 
5.087659e-02 
5.087659e-02 
5.087659e-02 
4.653568e-02 
4.653568e-02 
4.462994e-02 
4.439902e-02 
4.439902e-02 
4.439902e-02 
4.024436e-02 
4.024436e-02 
4.024436e-02 
4.024436e-02 
3.728191e-02 
3.728191e-02 
3.728191e-02 
3.482817e-02 
3.369601e-02 
3.369601e-02 
3.216669e-02 
3.216669e-02 
3.135013e-02 
3.106400e-02 
3.103336e-02 
3.103336e-02 
3.103336e-02 
3.092808e-02 
3.082224e-02 
3.080346e-02 
3.080346e-02 
3.080346e-02 
3.077860e-02 
3.074394e-02 
3.072590e-02 
3.071635e-02 
3.071118e-02 
3.070832e-02 
3.070668e-02 
3.070571e-02 
3.070513e-02 
3.070476e-02 
3.070453e-02 
3.070437e-02 
3.070427e-02 
3.070420e-02 
3.070415e-02 
3.070412e-02 
3.070410e-02 
3.070408e-02 
3.070407e-02 
2.937197e-02 
2.132520e-02 
2.120134e-02 
2.120134e-02 
2.120134e-02 
2.120134e-02 
2.120134e-02 
2.120134e-02 
2.120134e-02 
2.120134e-02 
2.120134e-02 
1.902862e-02 
1.656297e-02 
1.656297e-02 
1.656297e-02 
1.656297e-02 
1.656297e-02 
1.656297e-02 
1.656297e-02 
1.656297e-02 
1.656297e-02 
1.656297e-02 
1.656297e-02 
1.656297e-02 
1.656297e-02 
1.656297e-02 
1.656297e-02 
1.138310e-02 
1.138310e-02 
8.314529e-03 
8.314529e-03 
8.314529e-03 
8.314529e-03 
8.314529e-03 
8.314529e-03 
8.314529e-03 
8.314529e-03 
8.314529e-03 
8.314529e-03 
8.314529e-03 
8.314529e-03 
8.314529e-03 
8.314529e-03 
8.314529e-03 
8.314529e-03 
8.314529e-03 
7.603914e-03 
7.603914e-03 
7.603914e-03 
7.603914e-03 
7.603914e-03 
7.242707e-03 
7.242707e-03 
7.242707e-03 
7.242707e-03 
7.242707e-03 
7.242707e-03 
7.242707e-03 
7.242707e-03 
7.242707e-03 
7.242707e-03 
7.242707e-03 
7.242707e-03 
7.242707e-03 
7.242707e-03 
6.859471e-03 
6.859471e-03 
6.859471e-03 
5.500373e-03 
5.500373e-03 
5.500373e-03 
5.500373e-03 
2.758101e-03 
2.758101e-03 
2.758101e-03 
2.758101e-03 
2.758101e-03 
2.758101e-03 
2.758101e-03 
2.758101e-03 
2.758101e-03 
2.758101e-03 
2.758101e-03 
2.758101e-03 
2.758101e-03 
2.758101e-03 
2.758101e-03 
2.758101e-03 
2.758101e-03 
2.758101e-03 
2.758101e-03 
2.758101e-03 
2.758101e-03 
2.758101e-03 
2.758101e-03 
2.758101e-03 
2.709475e-03 
2.469161e-03 
2.469161e-03 
2.469161e-03 
2.459996e-03 
2.459996e-03 
2.427548e-03 
2.378323e-03 
2.378323e-03 
2.378323e-03 
2.378323e-03 
2.356770e-03 
2.330168e-03 
2.324287e-03 
2.324287e-03 
2.318042e-03 
2.314709e-03 
2.313571e-03 
2.313353e-03 
2.313353e-03 
2.309212e-03 
2.063019e-03 
2.063019e-03 
1.415445e-03 
1.415445e-03 
1.415445e-03 
1.415445e-03 
1.415445e-03 
1.415445e-03 
1.415445e-03 
1.415445e-03 
1.415445e-03 
1.415445e-03 
1.415445e-03 
1.259551e-03 
1.259551e-03 
1.259551e-03 
1.259551e-03 
1.012120e-03 
1.012120e-03 
1.012120e-03 
1.012120e-03 
1.012120e-03 
9.219044e-04 
9.219044e-04 
8.767256e-04 
8.767256e-04 
8.767256e-04 
8.130368e-04 
8.130368e-04 
8.130368e-04 
6.851215e-04 
6.851215e-04 
6.851215e-04 
4.316059e-04 
4.316059e-04 
4.316059e-04 
4.316059e-04 
4.316059e-04 
4.316059e-04 
4.316059e-04 
4.316059e-04 
3.613682e-04 
3.613682e-04 
3.613682e-04 
3.613682e-04 
3.613682e-04 
3.613682e-04 
3.613682e-04 
3.613682e-04 
3.613682e-04 
3.613682e-04 
3.393881e-04 
3.393881e-04 
3.393881e-04 
3.393881e-04 
3.393881e-04 
3.393881e-04 
3.393881e-04 
3.393881e-04 
3.393881e-04 
3.393881e-04 
3.393881e-04 
3.393881e-04 
3.393881e-04 
3.393881e-04 
3.393881e-04 
3.393881e-04 
3.393881e-04 
3.385279e-04 
3.385279e-04 
3.385279e-04 
3.385279e-04 
3.382853e-04 
3.382853e-04 
3.382853e-04 
3.382853e-04 
3.369245e-04 
3.361878e-04 
3.359033e-04 
3.358145e-04 
3.358048e-04 
2.708510e-04 
2.708510e-04 
2.708510e-04 
2.708510e-04 
2.708510e-04 
2.708510e-04 
2.464524e-04 
2.464524e-04 
2.464524e-04 
2.464524e-04 
2.464524e-04 
2.464524e-04 
2.464524e-04 
2.464524e-04 
2.464524e-04 
2.464524e-04 
2.464524e-04 
2.464524e-04 
2.464524e-04 
2.464524e-04 
2.464524e-04 
2.464524e-04 
2.221643e-04 
2.221643e-04 
1.359901e-04 
9.393568e-05 
9.393568e-05 
9.393568e-05 
9.393568e-05 
9.393568e-05 
9.393568e-05 
7.929734e-05 
7.929734e-05 
7.929734e-05 
7.929734e-05 
7.929734e-05 
7.929734e-05 
7.929734e-05 
7.141119e-05 
7.141119e-05 
7.141119e-05 
7.141119e-05 
7.141119e-05 
7.141119e-05 
7.141119e-05 
7.141119e-05 
7.141119e-05 
7.141119e-05 
7.141119e-05 
5.838800e-05 
5.838800e-05 
5.838800e-05 
5.838800e-05 
5.838800e-05 
5.838800e-05 
5.838800e-05 
5.838800e-05 
5.838800e-05 
5.838800e-05 
5.838800e-05 
5.838800e-05 
5.838800e-05 
5.838800e-05 
5.838800e-05 
5.838800e-05 
5.838800e-05 
5.838800e-05 
5.838800e-05 
5.838800e-05 
5.838800e-05 
5.838800e-05 
5.838800e-05 
5.838800e-05 
5.838800e-05 
5.838800e-05 
5.838800e-05 
5.838800e-05 
5.838800e-05 
5.838800e-05 
5.838800e-05 
5.838800e-05 
5.838800e-05 
5.838800e-05 
5.838800e-05 
5.838800e-05 
5.838800e-05 
5.838800e-05 
5.838800e-05 
5.838800e-05 
5.838800e-05 
5.838800e-05 
4.666020e-05 
4.666020e-05 
4.666020e-05 
4.666020e-05 
4.666020e-05 
4.666020e-05 
4.666020e-05 
4.666020e-05 
4.666020e-05 
4.666020e-05 
4.666020e-05 
4.666020e-05 
4.666020e-05 
4.666020e-05 
4.666020e-05 
4.666020e-05 
4.666020e-05 
4.666020e-05 
4.666020e-05 
4.666020e-05 
4.666020e-05 
4.666020e-05 
2.382298e-05 
2.382298e-05 
2.382298e-05 
2.382298e-05 
2.382298e-05 
2.382298e-05 
2.382298e-05 
2.382298e-05 
2.382298e-05 
2.382298e-05 
2.382298e-05 
2.382298e-05 
2.382298e-05 
2.382298e-05 
2.382298e-05 
2.382298e-05 
2.382298e-05 
2.382298e-05 
1.855884e-05 
1.855884e-05 
1.742931e-05 
1.742931e-05 
1.742931e-05 
1.742931e-05 
1.742931e-05 
1.742931e-05 
1.742931e-05 
1.742931e-05 
1.742931e-05 
1.742931e-05 
1.742931e-05 
1.520828e-05 
1.520828e-05 
1.406715e-05 
1.406715e-05 
1.406715e-05 
1.406715e-05 
1.406715e-05 
1.406715e-05 
1.406715e-05 
1.406715e-05 
1.406715e-05 
1.406715e-05 
1.406715e-05 
1.221679e-05 
7.475317e-06 
7.475317e-06 
7.475317e-06 
7.475317e-06 
7.475317e-06 
7.475317e-06 
7.475317e-06 
7.475317e-06 
7.475317e-06 
7.475317e-06 
7.475317e-06 
7.475317e-06 
7.475317e-06 
7.475317e-06 
7.475317e-06 
7.475317e-06 
7.475317e-06 
7.054360e-06 
6.858812e-06 
6.858812e-06 
6.858812e-06 
6.623856e-06 
6.623856e-06 
6.214171e-06 
5.854319e-06 
5.854319e-06 
5.854319e-06 
5.092044e-06 
5.092044e-06 
4.997293e-06 
4.997293e-06 
4.997293e-06 
4.923168e-06 
4.793784e-06 
4.793784e-06 
4.575425e-06 
4.575425e-06 
3.465369e-06 
3.465369e-06 
3.465369e-06 
3.465369e-06 
3.465369e-06 
3.465369e-06 
3.465369e-06 
3.465369e-06 
3.454105e-06 
3.454105e-06 
3.454105e-06 
3.361250e-06 
3.123436e-06 
2.862653e-06 
2.604094e-06 
2.220714e-06 
2.220714e-06 
2.220714e-06 
2.220714e-06 
1.969905e-06 
1.496619e-06 
1.399243e-06 
1.399243e-06 
8.943879e-07 
8.943879e-07 
8.943879e-07 
8.943879e-07 
8.943879e-07 
8.943879e-07 
8.943879e-07 
6.465167e-07 
6.465167e-07 
6.465167e-07 
6.465167e-07 
6.465167e-07 
6.465167e-07 
6.465167e-07 
6.465167e-07 
6.465167e-07 
6.465167e-07 
6.465167e-07 
6.465167e-07 
6.465167e-07 
5.918200e-07 
5.918200e-07 
5.918200e-07 
5.918200e-07 
5.918200e-07 
5.918200e-07 
5.747994e-07 
5.747994e-07 
5.747994e-07 
3.497223e-07 
3.497223e-07 
3.497223e-07 
2.089793e-07 
1.626470e-07 
1.626470e-07 
1.626470e-07 
1.467159e-07 
1.467159e-07 
1.334074e-07 
1.129409e-07 
1.005714e-07 
1.005714e-07 
8.063237e-08 
8.063237e-08 
8.063237e-08 
8.063237e-08 
7.062473e-08 
7.062473e-08 
6.805257e-08 
6.805257e-08 
6.805257e-08 
6.805257e-08 
6.805257e-08 
6.805257e-08 
6.805257e-08 
6.315934e-08 
6.315934e-08 
5.217069e-08 
5.217069e-08 
5.080180e-08 
5.080180e-08 
5.080180e-08 
5.080180e-08 
5.080180e-08 
5.080180e-08 
4.920467e-08 
4.920467e-08 
4.920467e-08 
4.415683e-08 
4.415683e-08 
4.415683e-08 
4.286574e-08 
4.286574e-08 
3.318315e-08 
3.177227e-08 
3.177227e-08 
2.184137e-08 
2.184137e-08 
2.184137e-08 
2.184137e-08 
2.184137e-08 
2.184137e-08 
2.184137e-08 
2.184137e-08 
2.184137e-08 
2.184137e-08 
2.184137e-08 
2.184137e-08 
2.184137e-08 
2.184137e-08 
2.184137e-08 
2.184137e-08 
2.184137e-08 
2.184137e-08 
2.184137e-08 
1.841943e-08 
1.841943e-08 
1.841943e-08 
1.841943e-08 
1.841943e-08 
1.841943e-08 
1.841943e-08 
1.841943e-08 
1.754392e-08 
1.754392e-08 
1.754392e-08 
1.754392e-08 
1.744425e-08 
1.732314e-08 
1.732314e-08 
1.732314e-08 
1.732314e-08 
1.732314e-08 
1.732314e-08 
1.730655e-08 
1.724858e-08 
1.721520e-08 
1.719529e-08 
1.718304e-08 
1.717532e-08 
1.717035e-08 
1.716712e-08 
1.716498e-08 
1.716357e-08 
1.716262e-08 
1.716199e-08 
1.716156e-08 
1.716127e-08 
1.716108e-08 
1.663114e-08 
1.663114e-08 
1.383254e-08 
1.383254e-08 
1.383254e-08 
1.383254e-08 
1.383254e-08 
1.383254e-08 
1.383254e-08 
1.383254e-08 
1.383254e-08 
1.383254e-08 
1.383254e-08 
1.260857e-08 
1.260857e-08 
1.260857e-08 
1.221927e-08 
1.221927e-08 
1.221927e-08 
7.647448e-09 
7.647448e-09 
7.647448e-09 
7.647448e-09 
7.647448e-09 
7.647448e-09 
7.647448e-09 
7.647448e-09 
7.647448e-09 
7.647448e-09 
7.630390e-09 
7.630390e-09 
7.630390e-09 
7.630390e-09 
7.530986e-09 
7.530986e-09 
6.989914e-09 
6.989914e-09 
6.989914e-09 
6.989914e-09 
6.989914e-09 
4.481868e-09 
4.481868e-09 
4.481868e-09 
4.481868e-09 
4.183952e-09 
4.183952e-09 
4.081569e-09 
4.081569e-09 
4.081569e-09 
3.983081e-09 
3.983081e-09 
3.983081e-09 
3.983081e-09 
3.325976e-09 
2.970713e-09 
2.849887e-09 
2.821958e-09 
2.821958e-09 
2.821958e-09 
2.624354e-09 
2.419792e-09 
2.306967e-09 
2.193130e-09 
2.193130e-09 
2.020309e-09 
2.020309e-09 
1.602682e-09 
1.602682e-09 
1.602682e-09 
1.602682e-09 
1.444987e-09 
1.444987e-09 
9.749182e-10 
9.749182e-10 
9.577498e-10 
9.577498e-10 
8.601534e-10 
8.601534e-10 
8.601534e-10 
8.601534e-10 
8.601534e-10 
8.601534e-10 
8.601534e-10 
8.601534e-10 
8.315227e-10 
8.315227e-10 
6.594736e-10 
6.594736e-10 
6.594736e-10 
6.594736e-10 
6.594736e-10 
6.594736e-10 
6.594736e-10 
4.809222e-10 
4.809222e-10 
3.834619e-10 
3.834619e-10 
3.834619e-10 
3.834619e-10 
3.646690e-10 
3.646690e-10 
3.646690e-10 
3.646690e-10 
3.646690e-10 
3.646690e-10 
3.646690e-10 
3.646690e-10 
3.646690e-10 
3.646690e-10 
3.646690e-10 
3.646690e-10 
3.646690e-10 
1.958822e-10 
1.958822e-10 
1.958822e-10 
1.958822e-10 
1.790580e-10 
1.790580e-10 
1.678239e-10 
1.678239e-10 
1.596907e-10 
1.596907e-10 
1.534354e-10 
1.534354e-10 
1.529701e-10 
1.529701e-10 
1.529701e-10 
1.529701e-10 
1.475210e-10 
1.475210e-10 
1.475210e-10 
1.348912e-10 
1.348912e-10 
1.242218e-10 
1.242218e-10 
1.242218e-10 
1.119719e-10 
1.119719e-10 
1.117018e-10 
1.117018e-10 
7.345178e-11 
7.345178e-11 
7.345178e-11 
7.345178e-11 
6.873517e-11 
6.873517e-11 
6.873517e-11 
5.718317e-11 
5.718317e-11 
5.291510e-11 
5.291510e-11 
5.291510e-11 
5.291510e-11 
5.291510e-11 
5.291510e-11 
5.291510e-11 
5.291510e-11 
5.291510e-11 
5.291510e-11 
5.291510e-11 
5.291510e-11 
5.291510e-11 
5.291510e-11 
5.141039e-11 
5.141039e-11 
5.141039e-11 
4.185710e-11 
4.185710e-11 
4.036772e-11 
4.036772e-11 
2.672565e-11 
2.672565e-11 
2.672565e-11 
2.672565e-11 
2.672565e-11 
2.672565e-11 
2.672565e-11 
2.672565e-11 
2.672565e-11 
2.672565e-11 
2.418485e-11 
2.418485e-11 
2.409207e-11 
2.409207e-11 
2.409207e-11 
2.390013e-11 
2.390013e-11 
2.390013e-11 
2.378525e-11 
2.378525e-11 
2.378525e-11 
2.378525e-11 
2.378525e-11 
2.378525e-11 
2.378525e-11 
2.378525e-11 
2.378525e-11 
2.318773e-11 
1.824258e-11 
1.824258e-11 
1.824258e-11 
1.824258e-11 
1.824258e-11 
1.820325e-11 
1.820325e-11 
1.820325e-11 
1.758030e-11 
1.527205e-11 
1.527205e-11 
1.330352e-11 
1.330352e-11 
1.330352e-11 
1.330352e-11 
1.046509e-11 
5.063322e-12 
5.063322e-12 
5.063322e-12 
5.063322e-12 
5.063322e-12 
4.944821e-12 
4.944821e-12 
4.541024e-12 
4.528267e-12 
4.528267e-12 
4.528267e-12 
2.811241e-12 
2.666904e-12 
2.581987e-12 
2.581987e-12 
2.581987e-12 
2.581987e-12 
2.581987e-12 
2.581987e-12 
2.581987e-12 
2.581987e-12 
2.581987e-12 
2.581987e-12 
2.581987e-12 
1.956263e-12 
1.908750e-12 
1.908750e-12 
1.908750e-12 
1.757645e-12 
1.757645e-12 
1.757645e-12 
1.470283e-12 
1.107385e-12 
1.107385e-12 
1.107385e-12 
1.107385e-12 
1.093988e-12 
1.093988e-12 
1.093988e-12 
1.093988e-12 
1.093988e-12 
9.500009e-13 
9.500009e-13 
9.500009e-13 
9.500009e-13 
7.607178e-13 
7.379419e-13 
7.379419e-13 
4.804212e-13 
4.733300e-13 
4.733300e-13 
3.369959e-13 
3.369959e-13 
3.369959e-13 
3.369959e-13 
3.369959e-13 
3.369959e-13 
3.369959e-13 
3.369959e-13 
3.369959e-13 
3.369959e-13 
3.182645e-13 
3.182645e-13 
3.182645e-13 
3.182645e-13 
1.570666e-13 
1.320013e-13 
1.320013e-13 
9.143193e-14 
9.143193e-14 
9.143193e-14 
9.143193e-14 
7.908348e-14 
7.908348e-14 
7.908348e-14 
7.908348e-14 
7.908348e-14 
7.908348e-14 
7.908348e-14 
7.908348e-14 
7.728967e-14 
7.728967e-14 
7.728967e-14 
7.728967e-14 
7.728967e-14 
7.728967e-14 
7.286120e-14 
7.286120e-14 
7.286120e-14 
7.133625e-14 
7.133625e-14 
7.133625e-14 
7.133625e-14 
6.499040e-14 
6.499040e-14 
6.499040e-14 
6.499040e-14 
6.466054e-14 
6.466054e-14 
6.466054e-14 
6.466054e-14 
6.466054e-14 
6.197927e-14 
6.197927e-14 
6.197927e-14 
6.197927e-14 
6.197927e-14 
6.197927e-14 
6.197927e-14 
4.302320e-14 
4.302320e-14 
4.302320e-14 
4.302320e-14 
4.302320e-14 
4.302320e-14 
4.302320e-14 
4.248712e-14 
4.241691e-14 
4.241691e-14 
4.241691e-14 
3.156091e-14 
3.156091e-14 
3.156091e-14 
3.156091e-14 
3.156091e-14 
3.156091e-14 
3.156091e-14 
3.156091e-14 
3.156091e-14 
3.156091e-14 
3.106633e-14 
2.868989e-14 
2.868989e-14 
2.346340e-14 
2.346340e-14 
2.346340e-14 
2.346340e-14 
2.346340e-14 
2.346340e-14 
2.346340e-14 
2.346340e-14 
2.346340e-14 
2.346340e-14 
2.346340e-14 
1.974322e-14 
1.974322e-14 
1.969466e-14 
1.969466e-14 
1.969466e-14 
1.969466e-14 
1.814956e-14 
1.530907e-14 
1.530907e-14 
1.530907e-14 
1.530907e-14 
1.530907e-14 
1.530907e-14 
1.530907e-14 
1.016232e-14 
1.016232e-14 
1.016232e-14 
1.016232e-14 
1.016232e-14 
1.016232e-14 
1.016232e-14 
1.016232e-14 
1.016232e-14 
1.016232e-14 
1.001470e-14 
1.001470e-14 
9.780813e-15 
9.780813e-15 
9.254695e-15 
9.254695e-15 
9.254695e-15 
9.254695e-15 
6.836497e-15 
6.836497e-15 
6.836497e-15 
5.788148e-15 
5.788148e-15 
5.788148e-15 
5.788148e-15 
5.788148e-15 
5.788148e-15 
5.788148e-15 
5.788148e-15 
5.788148e-15 
5.788148e-15 
5.646973e-15 
5.646973e-15 
4.841920e-15 
4.491029e-15 
4.491029e-15 
4.491029e-15 
4.378509e-15 
4.378509e-15 
3.912601e-15 
3.912601e-15 
3.217707e-15 
3.217707e-15 
3.217707e-15 
3.217707e-15 
3.032498e-15 
3.032498e-15 
3.032498e-15 
3.032498e-15 
3.032498e-15 
3.032498e-15 
3.032498e-15 
2.819012e-15 
2.819012e-15 
2.819012e-15 
2.060691e-15 
2.060691e-15 
1.888292e-15 
1.603867e-15 
1.603867e-15 
1.603867e-15 
9.412262e-16 
9.412262e-16 
9.412262e-16 
9.412262e-16 
9.412262e-16 
9.412262e-16 
9.412262e-16 
9.311435e-16 
9.311435e-16 
9.311435e-16 
9.311435e-16 
8.732085e-16 
8.732085e-16 
7.866489e-16 
7.866489e-16 
7.866489e-16 
7.536765e-16 
4.496486e-16 
4.323074e-16 
4.323074e-16 
4.323074e-16 
4.323074e-16 
4.323074e-16 
4.323074e-16 
4.323074e-16 
4.323074e-16 
4.323074e-16 
3.356668e-16 
3.356668e-16 
3.356668e-16 
3.356668e-16 
3.356668e-16 
3.356668e-16 
3.356668e-16 
3.356668e-16 
3.356668e-16 
3.356668e-16 
3.356668e-16 
3.318522e-16 
3.318522e-16 
3.318522e-16 
3.318522e-16 
2.796026e-16 
2.796026e-16 
2.796026e-16 
2.796026e-16 
2.796026e-16 
2.796026e-16 
2.796026e-16 
2.796026e-16 
2.796026e-16 
1.709935e-16 
1.519021e-16 
1.519021e-16 
1.519021e-16 
1.519021e-16 
1.519021e-16 
1.519021e-16 
1.298020e-16 
1.298020e-16 
9.619731e-17 
9.619731e-17 
9.497863e-17 
9.497863e-17 
9.497863e-17 
8.928835e-17 
7.508865e-17 
7.508865e-17 
7.508865e-17 
5.579644e-17 
2.389293e-17 
2.389293e-17 
1.357091e-17 
1.104819e-17 
1.104819e-17 
1.104819e-17 
7.005161e-18 
6.122427e-18 
6.122427e-18 
6.122427e-18 
5.919352e-18 
5.791262e-18 
3.910999e-18 
3.910999e-18 
3.910999e-18 
3.910999e-18 
3.910999e-18 
3.910999e-18 
3.910999e-18 
3.910999e-18 
3.910999e-18 
3.910999e-18 
3.910999e-18 
3.802412e-18 
3.802412e-18 
3.802412e-18 
3.802412e-18 
3.652565e-18 
3.652565e-18 
3.652565e-18 
3.436475e-18 
3.340323e-18 
3.335594e-18 
3.335594e-18 
3.315194e-18 
3.315194e-18 
3.209885e-18 
2.655210e-18 
2.540124e-18 
2.540124e-18 
2.451743e-18 
2.451743e-18 
2.451743e-18 
2.451743e-18 
2.120062e-18 
1.773103e-18 
1.773103e-18 
1.651363e-18 
1.651363e-18 
1.650581e-18 
1.650581e-18 
1.650581e-18 
1.242879e-18 
1.242879e-18 
1.242879e-18 
1.242879e-18 
1.242879e-18 
1.221515e-18 
1.221515e-18 
1.120743e-18 
1.120743e-18 
8.408174e-19 
8.408174e-19 
8.408174e-19 
8.408174e-19 
8.311673e-19 
8.311673e-19 
7.186942e-19 
3.991555e-19 
3.991555e-19 
3.991555e-19 
9.797979e-20 
9.797979e-20 
9.797979e-20 
9.797979e-20 
9.797979e-20 
9.797979e-20 
9.797979e-20 
9.797979e-20 
9.797979e-20 
9.797979e-20 
9.797979e-20 
6.898392e-20 
6.898392e-20 
4.990628e-20 
4.990628e-20 
4.990628e-20 
4.990628e-20 
4.990628e-20 
4.990628e-20 
4.990628e-20 
4.990628e-20 
4.990628e-20 
4.990628e-20 
4.990628e-20 
4.990628e-20 
4.990628e-20 
4.990628e-20 
4.990628e-20 
4.990628e-20 
4.963914e-20 
4.963914e-20 
4.963914e-20 
4.963914e-20 
4.963914e-20 
4.963914e-20 
4.963914e-20 
4.963914e-20 
4.963914e-20 
4.963914e-20 
4.963914e-20 
4.963914e-20 
4.963914e-20 
4.963914e-20 
4.963914e-20 
4.963914e-20 
4.020318e-20 
3.476913e-20 
3.476913e-20 
3.476913e-20 
3.476913e-20 
3.184712e-20 
3.014575e-20 
3.014575e-20 
3.014575e-20 
3.014575e-20 
3.014575e-20 
2.959910e-20 
1.436924e-20 
1.436924e-20 
1.212308e-20 
1.212308e-20 
1.212308e-20 
1.128588e-20 
9.547320e-21 
9.547320e-21 
9.113257e-21 
9.113257e-21 
7.431520e-21 
7.431520e-21 
7.431520e-21 
7.286529e-21 
6.171225e-21 
6.083050e-21 
6.083050e-21 
6.083050e-21 
6.083050e-21 
6.083050e-21 
6.083050e-21 
6.083050e-21 
1.961567e-21 
1.961567e-21 
1.961567e-21 
1.961567e-21 
1.961567e-21 
1.961567e-21 
1.961567e-21 
1.961567e-21 
1.915432e-21 
1.915432e-21 
1.915432e-21 
1.915432e-21 
1.915432e-21 
1.915432e-21 
1.915432e-21 
1.915432e-21 
1.915432e-21 
1.915432e-21 
1.915432e-21 
1.598308e-21 
1.598308e-21 
1.598308e-21 
1.598308e-21 
1.598308e-21 
9.736345e-22 
8.724181e-22 
8.724181e-22 
8.724181e-22 
8.724181e-22 
8.724181e-22 
8.724181e-22 
8.504276e-22 
8.504276e-22 
8.377114e-22 
7.946125e-22 
7.946125e-22 
6.515845e-22 
6.515845e-22 
6.356140e-22 
6.356140e-22 
5.484931e-22 
5.484931e-22 
5.484931e-22 
5.290722e-22 
5.290722e-22 
5.290722e-22 
5.290722e-22 
5.290722e-22 
4.259460e-22 
4.103932e-22 
4.103932e-22 
4.103932e-22 
4.103932e-22 
4.103932e-22 
4.103932e-22 
4.067102e-22 
4.067102e-22 
3.759371e-22 
3.759371e-22 
3.733590e-22 
3.639204e-22 
3.330053e-22 
2.182642e-22 
2.182642e-22 
1.761689e-22 
1.761689e-22 
1.761689e-22 
1.761689e-22 
1.761689e-22 
1.761689e-22 
1.761689e-22 
1.761689e-22 
1.523425e-22 
1.229072e-22 
1.093381e-22 
1.028049e-22 
9.950236e-23 
9.774793e-23 
9.677223e-23 
9.620822e-23 
9.587218e-23 
9.566748e-23 
9.554083e-23 
9.546163e-23 
9.541176e-23 
8.575832e-23 
8.489088e-23 
8.357357e-23 
7.380289e-23 
7.380289e-23 
6.698614e-23 
5.952285e-23 
5.952285e-23 
5.952285e-23 
5.952285e-23 
5.094451e-23 
4.335163e-23 
4.199004e-23 
4.199004e-23 
4.093201e-23 
4.093201e-23 
3.905010e-23 
3.905010e-23 
3.856873e-23 
3.856873e-23 
3.856873e-23 
3.811936e-23 
3.277897e-23 
3.277897e-23 
3.277897e-23 
2.687198e-23 
2.687198e-23 
2.375127e-23 
1.594722e-23 
1.594722e-23 
1.594722e-23 
1.594722e-23 
6.787426e-24 
4.667546e-24 
4.667546e-24 
3.964615e-24 
3.964615e-24 
3.964615e-24 
3.964615e-24 
3.964615e-24 
3.647522e-24 
3.647522e-24 
3.328828e-24 
3.178596e-24 
3.178596e-24 
3.178596e-24 
2.860419e-24 
2.212986e-24 
2.154079e-24 
2.154079e-24 
1.729428e-24 
1.729428e-24 
1.152659e-24 
1.152659e-24 
1.152659e-24 
1.152659e-24 
1.152659e-24 
1.152659e-24 
8.657730e-25 
7.909527e-25 
7.909527e-25 
7.909527e-25 
7.847886e-25 
7.847886e-25 
7.847886e-25 
6.923576e-25 
6.923576e-25 
6.778181e-25 
6.778181e-25 
6.778181e-25 
6.375517e-25 
6.375517e-25 
6.375517e-25 
6.375517e-25 
4.100319e-25 
4.100319e-25 
4.100319e-25 
4.100319e-25 
4.100319e-25 
2.900042e-25 
2.900042e-25 
2.900042e-25 
2.900042e-25 
2.900042e-25 
2.900042e-25 
2.900042e-25 
2.900042e-25 
2.900042e-25 
2.900042e-25 
2.193982e-25 
1.693344e-25 
1.693344e-25 
8.208794e-26 
8.208794e-26 
8.208794e-26 
8.208794e-26 
8.208794e-26 
6.273209e-26 
6.273209e-26 
6.273209e-26 
6.273209e-26 
6.273209e-26 
6.273209e-26 
6.273209e-26 
6.273209e-26 
6.126159e-26 
6.126159e-26 
5.288731e-26 
5.288731e-26 
5.010601e-26 
5.010601e-26 
4.365914e-26 
4.365914e-26 
4.365914e-26 
4.365914e-26 
4.270680e-26 
4.270680e-26 
3.752417e-26 
3.752417e-26 
3.752417e-26 
3.752417e-26 
3.405283e-26 
3.405283e-26 
3.405283e-26 
3.405283e-26 
3.405283e-26 
2.953423e-26 
2.665793e-26 
2.665793e-26 
1.561208e-26 
1.561208e-26 
1.528267e-26 
1.528267e-26 
1.277832e-26 
1.277832e-26 
1.135450e-26 
1.135450e-26 
1.135450e-26 
9.206149e-27 
9.206149e-27 
9.206149e-27 
9.206149e-27 
9.206149e-27 
5.036904e-27 
5.036904e-27 
5.036904e-27 
3.257334e-27 
3.257334e-27 
2.756535e-27 
2.756535e-27 
2.756535e-27 
8.502124e-28 
8.502124e-28 
8.502124e-28 
8.502124e-28 
8.502124e-28 
8.502124e-28 
8.502124e-28 
8.502124e-28 
8.502124e-28 
8.502124e-28 
8.502124e-28 
7.703377e-28 
7.703377e-28 
7.703377e-28 
7.703377e-28 
7.703377e-28 
7.703377e-28 
7.703377e-28 
7.703377e-28 
7.703377e-28 
7.276986e-28 
7.276986e-28 
7.276986e-28 
7.276986e-28 
6.782772e-28 
6.782772e-28 
6.782772e-28 
4.143407e-28 
4.143407e-28 
4.143407e-28 
4.143407e-28 
2.220043e-28 
2.220043e-28 
2.220043e-28 
1.892009e-28 
1.892009e-28 
1.892009e-28 
1.892009e-28 
1.892009e-28 
1.892009e-28 
1.892009e-28 
1.874109e-28 
1.874109e-28 
1.874109e-28 
1.867553e-28 
1.867553e-28 
1.255318e-28 
1.255318e-28 
1.255318e-28 
1.255318e-28 
1.255318e-28 
1.201310e-28 
1.201310e-28 
1.127908e-28 
1.127908e-28 
1.127908e-28 
1.057375e-28 
8.526759e-29 
8.526759e-29 
8.526759e-29 
7.844899e-29 
7.844899e-29 
5.138413e-29 
5.138413e-29 
5.138413e-29 
4.886439e-29 
4.688807e-29 
4.688807e-29 
4.223805e-29 
4.223805e-29 
4.058918e-29 
4.058918e-29 
4.058918e-29 
3.517052e-29 
3.517052e-29 
3.517052e-29 
3.517052e-29 
3.517052e-29 
3.517052e-29 
3.517052e-29 
3.517052e-29 
3.517052e-29 
3.517052e-29 
3.517052e-29 
3.517052e-29 
3.517052e-29 
3.517052e-29 
2.432627e-29 
2.432627e-29 
2.432627e-29 
2.432627e-29 
2.432627e-29 
2.432627e-29 
2.432627e-29 
2.432627e-29 
2.168694e-29 
2.168694e-29 
2.168694e-29 
2.168694e-29 
2.019855e-29 
2.019855e-29 
2.019855e-29 
1.993533e-29 
1.993533e-29 
1.993533e-29 
1.993533e-29 
1.798817e-29 
1.798817e-29 
1.798817e-29 
1.798817e-29 
1.798817e-29 
1.688228e-29 
9.397423e-30 
9.397423e-30 
8.725324e-30 
8.725324e-30 
8.543414e-30 
7.660488e-30 
7.660488e-30 
5.596842e-30 
5.596842e-30 
5.596842e-30 
5.596842e-30 
5.596842e-30 
5.596842e-30 
5.596842e-30 
3.776162e-30 
3.776162e-30 
3.776162e-30 
3.776162e-30 
3.776162e-30 
3.776162e-30 
3.776162e-30 
3.776162e-30 
3.776162e-30 
2.846267e-30 
2.756527e-30 
2.756527e-30 
2.756527e-30 
2.606606e-30 
2.430594e-30 
2.387763e-30 
2.387053e-30 
2.387053e-30 
2.370825e-30 
2.361738e-30 
2.358809e-30 
2.347197e-30 
1.052506e-30 
1.052506e-30 
1.052506e-30 
1.052506e-30 
1.052506e-30 
8.324685e-31 
7.806710e-31 
7.806710e-31 
7.047004e-31 
2.875228e-31 
2.875228e-31 
2.875228e-31 
2.875228e-31 
2.875228e-31 
2.875228e-31 
2.875228e-31 
2.875228e-31 
2.875228e-31 
2.875228e-31 
2.875228e-31 
2.875228e-31 
2.256083e-31 
2.256083e-31 
2.256083e-31 
1.787557e-31 
1.257822e-31 
1.257822e-31 
1.257822e-31 
1.198817e-31 
1.121617e-31 
1.050006e-31 
1.050006e-31 
1.050006e-31 
1.050006e-31 
1.050006e-31 
1.050006e-31 
1.050006e-31 
9.631906e-32 
8.465206e-32 
4.044834e-32 
3.986826e-32 
3.986826e-32 
3.986826e-32 
3.986826e-32 
3.823562e-32 
3.823562e-32 
3.823562e-32 
3.382346e-32 
3.382346e-32 
3.382346e-32 
3.382346e-32 
2.941296e-32 
2.879005e-32 
2.879005e-32 
2.614261e-32 
2.434432e-32 
2.357548e-32 
2.323193e-32 
2.307014e-32 
2.298952e-32 
2.175701e-32 
2.107436e-32 
2.107436e-32 
1.556470e-32 
1.556470e-32 
1.238865e-32 
1.238865e-32 
1.238865e-32 
1.238865e-32 
1.238865e-32 
1.238865e-32 
1.238865e-32 
1.238865e-32 
1.238865e-32 
1.039131e-32 
9.104631e-33 
9.104631e-33 
9.104631e-33 
9.104631e-33 
7.297294e-33 
7.297294e-33 
7.297294e-33 
7.297294e-33 
7.297294e-33 
6.919126e-33 
6.919126e-33 
6.826736e-33 
6.826736e-33 
6.826736e-33 
6.826736e-33 
6.826736e-33 
6.132420e-33 
6.132420e-33 
5.763457e-33 
5.763457e-33 
5.702496e-33 
5.702496e-33 
5.702496e-33 
5.702496e-33 
4.651282e-33 
4.651282e-33 
4.541757e-33 
4.541757e-33 
4.402391e-33 
4.402391e-33 
4.106714e-33 
4.106714e-33 
4.094543e-33 
4.094543e-33 
4.094543e-33 
4.094543e-33 
3.629823e-33 
3.629823e-33 
3.629823e-33 
2.217200e-33 
1.980841e-33 
1.980841e-33 
1.980841e-33 
1.800917e-33 
1.800917e-33 
1.800917e-33 
1.800917e-33 
1.800917e-33 
1.800917e-33 
1.800917e-33 
1.800917e-33 
1.800917e-33 
1.689119e-33 
9.708495e-34 
9.708495e-34 
9.029025e-34 
9.029025e-34 
8.142955e-34 
8.142955e-34 
8.142955e-34 
8.142955e-34 
7.190532e-34 
7.190532e-34 
5.972360e-34 
5.972360e-34 
5.972360e-34 
5.972360e-34 
5.972360e-34 
5.972360e-34 
5.972360e-34 
5.972360e-34 
5.972360e-34 
5.702421e-34 
5.702421e-34 
5.702421e-34 
5.158057e-34 
5.158057e-34 
5.158015e-34 
5.158015e-34 
5.158015e-34 
5.079681e-34 
5.079681e-34 
5.079681e-34 
3.226932e-34 
2.830346e-34 
2.830346e-34 
2.830346e-34 
2.468018e-34 
2.468018e-34 
2.468018e-34 
2.468018e-34 
2.349105e-34 
2.349105e-34 
2.349105e-34 
2.349105e-34 
2.157613e-34 
1.915766e-34 
1.915766e-34 
1.915766e-34 
1.750858e-34 
1.397799e-34 
1.283730e-34 
1.283730e-34 
1.234778e-34 
1.234778e-34 
1.234778e-34 
1.234778e-34 
1.234778e-34 
9.858790e-35 
9.858790e-35 
9.858790e-35 
9.742194e-35 
9.742194e-35 
9.742194e-35 
6.839053e-35 
6.635039e-35 
5.210999e-35 
5.210999e-35 
4.849377e-35 
4.849377e-35 
2.827798e-35 
2.827798e-35 
2.827798e-35 
2.827798e-35 
2.827798e-35 
2.827798e-35 
2.827798e-35 
2.827798e-35 
2.827798e-35 
2.827798e-35 
2.827798e-35 
2.827798e-35 
2.827798e-35 
2.827798e-35 
2.827798e-35 
2.827798e-35 
2.827798e-35 
2.297973e-35 
2.297973e-35 
2.231671e-35 
2.231671e-35 
1.514954e-35 
1.514954e-35 
1.514954e-35 
1.367514e-35 
1.005072e-35 
6.000893e-36 
6.000893e-36 
6.000893e-36 
6.000893e-36 
6.000893e-36 
6.000893e-36 
3.672024e-36 
3.672024e-36 
1.987071e-36 
1.987071e-36 
1.987071e-36 
1.987071e-36 
1.987071e-36 
1.987071e-36 
1.987071e-36 
1.987071e-36 
1.987071e-36 
1.758866e-36 
1.758866e-36 
1.637368e-36 
1.637368e-36 
1.637368e-36 
9.903350e-37 
9.903350e-37 
9.903350e-37 
9.903350e-37 
9.903350e-37 
9.903350e-37 
9.903350e-37 
9.903350e-37 
9.882044e-37 
9.882044e-37 
9.882044e-37 
9.558833e-37 
9.558833e-37 
8.375535e-37 
6.412662e-37 
6.412662e-37 
6.412662e-37 
6.412662e-37 
6.412662e-37 
6.412662e-37 
6.412662e-37 
6.412662e-37 
5.722799e-37 
3.481726e-37 
3.481726e-37 
3.481726e-37 
3.481726e-37 
3.481726e-37 
3.481726e-37 
3.481726e-37 
3.481726e-37 
3.481726e-37 
3.481726e-37 
3.481726e-37 
2.035789e-37 
2.035789e-37 
2.035789e-37 
1.755095e-37 
1.122391e-37 
1.122391e-37 
1.122391e-37 
7.908401e-38 
6.462517e-38 
6.462517e-38 
6.462517e-38 
6.462517e-38 
5.013005e-38 
4.286432e-38 
4.175469e-38 
2.765597e-38 
2.765597e-38 
2.765597e-38 
2.765597e-38 
2.765597e-38 
2.365277e-38 
1.367899e-38 
1.367899e-38 
1.367899e-38 
1.367899e-38 
9.568815e-39 
9.374684e-39 
9.374684e-39 
9.374684e-39 
9.137770e-39 
9.137770e-39 
9.137770e-39 
8.913935e-39 
8.913935e-39 
8.913935e-39 
8.913935e-39 
8.239850e-39 
8.138685e-39 
8.138685e-39 
7.517525e-39 
5.937146e-39 
5.937146e-39 
5.937146e-39 
5.143526e-39 
5.143526e-39 
5.143526e-39 
5.143526e-39 
5.143526e-39 
4.852275e-39 
4.852275e-39 
4.852275e-39 
4.852275e-39 
3.964717e-39 
3.964717e-39 
1.482140e-39 
1.482140e-39 
1.482140e-39 
1.482140e-39 
1.482140e-39 
6.784531e-40 
6.575018e-40 
6.575018e-40 
5.690674e-40 
5.690674e-40 
5.690674e-40 
5.690674e-40 
5.690674e-40 
5.690674e-40 
4.729479e-40 
4.729479e-40 
4.686241e-40 
4.686241e-40 
4.051138e-40 
4.051138e-40 
3.743054e-40 
3.323402e-40 
3.323402e-40 
3.203837e-40 
3.203837e-40 
3.203837e-40 
3.203837e-40 
2.693152e-40 
2.558181e-40 
2.001526e-40 
2.001526e-40 
2.001526e-40 
1.823101e-40 
1.756924e-40 
1.756924e-40 
1.756924e-40 
1.756924e-40 
1.737655e-40 
1.710990e-40 
1.507330e-40 
1.507330e-40 
1.422060e-40 
1.313149e-40 
1.313149e-40 
1.046452e-40 
1.046452e-40 
1.046452e-40 
1.046452e-40 
7.739317e-41 
5.980990e-41 
5.980990e-41 
5.980990e-41 
5.980990e-41 
5.980990e-41 
5.980990e-41 
5.980990e-41 
5.980990e-41 
5.980990e-41 
5.980990e-41 
5.980990e-41 
5.630915e-41 
4.278639e-41 
4.278639e-41 
4.278639e-41 
3.208775e-41 
1.398498e-41 
1.068298e-41 
6.567358e-42 
6.567358e-42 
4.737677e-42 
4.737677e-42 
4.737677e-42 
4.737677e-42 
4.493124e-42 
4.493124e-42 
4.493124e-42 
4.395372e-42 
4.395372e-42 
4.395372e-42 
4.395372e-42 
3.818689e-42 
3.818689e-42 
3.053429e-42 
3.053429e-42 
3.014661e-42 
3.014661e-42 
3.014661e-42 
3.014661e-42 
3.014661e-42 
3.014661e-42 
3.014661e-42 
3.014386e-42 
3.011020e-42 
2.650803e-42 
1.432395e-42 
1.432395e-42 
1.128216e-42 
1.128216e-42 
1.128216e-42 
1.128216e-42 
1.128216e-42 
1.128216e-42 
1.128216e-42 
1.128216e-42 
1.128216e-42 
1.128216e-42 
9.953157e-43 
9.686905e-43 
9.686905e-43 
9.686905e-43 
9.686905e-43 
9.686905e-43 
5.156154e-43 
5.156154e-43 
4.806019e-43 
4.806019e-43 
2.955751e-43 
2.694649e-43 
2.694649e-43 
2.694649e-43 
2.694649e-43 
2.694649e-43 
2.694649e-43 
2.694649e-43 
1.772030e-43 
1.772030e-43 
1.772030e-43 
1.772030e-43 
1.224935e-43 
1.224935e-43 
1.224935e-43 
1.224935e-43 
1.159519e-43 
1.051188e-43 
8.956011e-44 
8.956011e-44 
8.956011e-44 
8.956011e-44 
8.956011e-44 
8.747752e-44 
6.184862e-44 
2.569089e-44 
2.569089e-44 
2.569089e-44 
2.569089e-44 
2.569089e-44 
2.569089e-44 
2.569089e-44 
2.569089e-44 
2.506782e-44 
2.506782e-44 
2.506782e-44 
2.196239e-44 
2.196239e-44 
2.196239e-44 
2.196239e-44 
1.861972e-44 
1.861972e-44 
1.762831e-44 
1.762831e-44 
1.762831e-44 
1.433597e-44 
1.433597e-44 
1.433597e-44 
1.289892e-44 
1.126842e-44 
1.126842e-44 
9.092227e-45 
9.092227e-45 
9.092227e-45 
9.092227e-45 
9.092227e-45 
7.421711e-45 
6.776779e-45 
4.812643e-45 
4.812643e-45 
4.812643e-45 
3.751494e-45 
3.751494e-45 
3.751494e-45 
3.067795e-45 
2.058313e-45 
2.058313e-45 
1.567931e-45 
1.567931e-45 
1.567931e-45 
1.567931e-45 
1.319718e-45 
1.319718e-45 
1.248558e-45 
1.248558e-45 
1.248558e-45 
1.211618e-45 
1.211618e-45 
1.211618e-45 
1.154844e-45 
1.154844e-45 
1.154844e-45 
1.154844e-45 
1.106822e-45 
1.088163e-45 
9.916907e-46 
8.061734e-46 
7.486108e-46 
7.486108e-46 
6.241121e-46 
6.241121e-46 
6.087065e-46 
6.087065e-46 
6.087065e-46 
5.300814e-46 
3.842081e-46 
3.842081e-46 
3.842081e-46 
3.842081e-46 
2.611898e-46 
2.611898e-46 
2.611898e-46 
2.611898e-46 
2.375369e-46 
2.195576e-46 
1.706895e-46 
1.706895e-46 
1.652005e-46 
1.652005e-46 
1.455223e-46 
1.455223e-46 
1.367681e-46 
1.215000e-46 
9.298578e-47 
9.298578e-47 
5.258011e-47 
5.258011e-47 
5.258011e-47 
5.258011e-47 
5.258011e-47 
4.726066e-47 
4.380379e-47 
4.380379e-47 
4.133756e-47 
3.551929e-47 
3.551929e-47 
3.436847e-47 
3.408809e-47 
1.309557e-47 
1.309557e-47 
1.309557e-47 
1.309557e-47 
1.309557e-47 
1.262631e-47 
1.262631e-47 
1.262631e-47 
1.262631e-47 
1.262631e-47 
1.262631e-47 
1.247503e-47 
1.247503e-47 
1.247503e-47 
1.247503e-47 
1.247503e-47 
9.290705e-48 
9.290705e-48 
9.290705e-48 
9.290705e-48 
5.948037e-48 
5.948037e-48 
3.972192e-48 
3.972192e-48 
3.972192e-48 
3.972192e-48 
3.160196e-48 
2.618218e-48 
2.499118e-48 
2.499118e-48 
2.434566e-48 
2.434566e-48 
2.254034e-48 
1.761454e-48 
1.556278e-48 
1.509177e-48 
1.129299e-48 
1.089727e-48 
1.089727e-48 
1.089727e-48 
1.089727e-48 
1.089727e-48 
8.554529e-49 
8.554529e-49 
8.554529e-49 
8.554529e-49 
8.554529e-49 
8.554529e-49 
4.269356e-49 
4.269356e-49 
4.269356e-49 
4.269356e-49 
2.994935e-49 
2.994935e-49 
2.994935e-49 
2.070374e-49 
1.956627e-49 
1.956627e-49 
1.795300e-49 
1.795300e-49 
1.557252e-49 
1.538081e-49 
1.538081e-49 
1.538081e-49 
1.485456e-49 
1.423904e-49 
1.396228e-49 
1.382912e-49 
1.376104e-49 
1.372452e-49 
1.370423e-49 
1.369270e-49 
1.211515e-49 
9.260320e-50 
9.260320e-50 
9.260320e-50 
7.546436e-50 
7.546436e-50 
7.546436e-50 
6.456226e-50 
4.708763e-50 
4.708763e-50 
4.708763e-50 
3.396860e-50 
3.096879e-50 
3.096879e-50 
2.701169e-50 
2.701169e-50 
2.448080e-50 
2.448080e-50 
2.332224e-50 
2.332224e-50 
2.332224e-50 
2.332224e-50 
2.332224e-50 
2.332224e-50 
2.332224e-50 
2.332224e-50 
2.061261e-50 
1.842771e-50 
1.842771e-50 
1.842771e-50 
1.032167e-50 
1.032167e-50 
1.032167e-50 
1.032167e-50 
1.032167e-50 
1.032167e-50 
1.032167e-50 
9.656167e-51 
8.269193e-51 
8.269193e-51 
8.269193e-51 
8.269193e-51 
8.269193e-51 
7.217591e-51 
7.217591e-51 
5.050219e-51 
5.050219e-51 
5.050219e-51 
5.050219e-51 
4.563879e-51 
4.563879e-51 
4.563879e-51 
4.126396e-51 
4.126396e-51 
4.126396e-51 
3.985974e-51 
3.985974e-51 
3.050951e-51 
3.050951e-51 
3.050951e-51 
3.050951e-51 
3.050951e-51 
3.050951e-51 
1.688007e-51 
1.477808e-51 
1.477808e-51 
1.477808e-51 
1.477808e-51 
1.477808e-51 
1.477808e-51 
1.385607e-51 
1.385607e-51 
1.127082e-51 
1.012443e-51 
9.227655e-52 
7.159999e-52 
6.848260e-52 
6.848260e-52 
6.848260e-52 
6.848260e-52 
6.848260e-52 
6.468403e-52 
5.368444e-52 
5.368444e-52 
5.095914e-52 
5.095914e-52 
5.095914e-52 
4.517519e-52 
4.517519e-52 
2.041411e-52 
1.486453e-52 
1.486453e-52 
1.486453e-52 
1.231381e-52 
1.231381e-52 
1.231381e-52 
1.231381e-52 
1.176976e-52 
1.176976e-52 
1.176976e-52 
1.125672e-52 
1.125672e-52 
1.125672e-52 
1.091317e-52 
1.069094e-52 
1.059238e-52 
1.054550e-52 
1.052176e-52 
1.050913e-52 
1.050218e-52 
1.049826e-52 
1.049602e-52 
1.047584e-52 
8.866680e-53 
7.172486e-53 
7.172486e-53 
7.172486e-53 
5.134599e-53 
5.134599e-53 
5.134599e-53 
4.973759e-53 
4.973759e-53 
4.973759e-53 
4.973759e-53 
4.431345e-53 
4.431345e-53 
4.404844e-53 
4.404844e-53 
4.404844e-53 
3.913835e-53 
3.913835e-53 
3.676371e-53 
3.676371e-53 
3.676371e-53 
3.676371e-53 
2.406387e-53 
2.406387e-53 
2.406387e-53 
2.406387e-53 
2.406387e-53 
2.406387e-53 
2.406387e-53 
2.406387e-53 
2.406387e-53 
2.200740e-53 
2.200740e-53 
2.200740e-53 
2.200740e-53 
1.726102e-53 
1.726102e-53 
1.371903e-53 
1.263287e-53 
9.411468e-54 
8.073467e-54 
8.073467e-54 
8.073467e-54 
8.073467e-54 
3.386184e-54 
3.386184e-54 
3.386184e-54 
3.280971e-54 
3.280971e-54 
2.923999e-54 
2.923999e-54 
2.687712e-54 
2.687712e-54 
2.687712e-54 
2.687712e-54 
2.478273e-54 
2.478273e-54 
2.227347e-54 
1.523161e-54 
9.667893e-55 
9.667893e-55 
9.667893e-55 
9.049286e-55 
9.049286e-55 
9.049286e-55 
9.049286e-55 
9.049286e-55 
9.049286e-55 
7.407717e-55 
7.407717e-55 
5.379980e-55 
5.351059e-55 
5.351059e-55 
5.351059e-55 
3.584850e-55 
3.584850e-55 
3.584850e-55 
2.522730e-55 
2.522730e-55 
2.522730e-55 
1.788529e-55 
1.788529e-55 
1.788529e-55 
1.777072e-55 
1.777072e-55 
1.777072e-55 
1.777072e-55 
1.777072e-55 
1.703227e-55 
1.703227e-55 
1.516766e-55 
1.159323e-55 
1.159323e-55 
1.159323e-55 
1.159323e-55 
1.159323e-55 
1.159323e-55 
1.135557e-55 
7.092103e-56 
6.721196e-56 
6.605266e-56 
5.049578e-56 
5.049578e-56 
3.367198e-56 
2.381333e-56 
2.381333e-56 
2.381333e-56 
2.381333e-56 
1.815486e-56 
1.815486e-56 
1.815486e-56 
1.815486e-56 
1.159568e-56 
1.159568e-56 
1.159568e-56 
7.418571e-57 
7.418571e-57 
7.418571e-57 
7.418571e-57 
7.418571e-57 
7.418571e-57 
7.418571e-57 
7.418571e-57 
7.418571e-57 
7.038440e-57 
7.038440e-57 
7.038440e-57 
7.038440e-57 
4.643414e-57 
3.931351e-57 
3.430621e-57 
3.430621e-57 
3.290000e-57 
2.060738e-57 
2.060738e-57 
2.060738e-57 
2.060738e-57 
1.633813e-57 
1.633813e-57 
1.633813e-57 
1.633813e-57 
1.633813e-57 
1.609903e-57 
1.609903e-57 
1.443573e-57 
1.150724e-57 
1.120369e-57 
1.120369e-57 
1.120369e-57 
9.251540e-58 
8.603305e-58 
8.603305e-58 
7.488991e-58 
7.488991e-58 
7.488991e-58 
7.488991e-58 
6.946319e-58 
6.946319e-58 
3.813307e-58 
3.813307e-58 
2.601201e-58 
2.601201e-58 
2.601201e-58 
2.601201e-58 
1.404392e-58 
1.323696e-58 
1.238054e-58 
1.205838e-58 
8.007008e-59 
8.007008e-59 
8.007008e-59 
8.007008e-59 
8.007008e-59 
7.057620e-59 
7.057620e-59 
6.157614e-59 
5.953035e-59 
5.953035e-59 
5.676126e-59 
4.870842e-59 
4.870842e-59 
3.878928e-59 
3.878928e-59 
3.878928e-59 
3.878928e-59 
3.878928e-59 
3.631942e-59 
3.371353e-59 
3.371353e-59 
2.284626e-59 
2.262823e-59 
2.262823e-59 
2.262823e-59 
2.262823e-59 
2.106927e-59 
2.106927e-59 
1.519102e-59 
1.015642e-59 
1.015642e-59 
1.015642e-59 
7.693779e-60 
7.693779e-60 
7.693779e-60 
6.514857e-60 
6.514857e-60 
4.500925e-60 
4.500925e-60 
4.137726e-60 
4.137726e-60 
3.785783e-60 
3.785783e-60 
3.785783e-60 
3.561050e-60 
3.561050e-60 
3.392545e-60 
3.392545e-60 
3.008742e-60 
3.008742e-60 
3.008742e-60 
1.893961e-60 
1.893961e-60 
1.893961e-60 
1.893961e-60 
1.550744e-60 
1.550744e-60 
1.550744e-60 
1.550744e-60 
1.550744e-60 
1.550744e-60 
1.550744e-60 
1.092711e-60 
1.092711e-60 
1.092711e-60 
1.040004e-60 
9.909787e-61 
3.308333e-61 
3.308333e-61 
3.308333e-61 
2.316335e-61 
2.316335e-61 
2.316335e-61 
2.316335e-61 
2.316335e-61 
2.316335e-61 
2.316335e-61 
2.316335e-61 
2.316335e-61 
1.877182e-61 
1.177082e-61 
7.376207e-62 
7.066744e-62 
7.066744e-62 
7.066744e-62 
7.066744e-62 
7.066744e-62 
7.066744e-62 
7.066744e-62 
5.444108e-62 
5.187972e-62 
5.187972e-62 
5.187972e-62 
3.446082e-62 
3.446082e-62 
3.446082e-62 
3.367436e-62 
3.367436e-62 
3.367436e-62 
2.706860e-62 
2.612562e-62 
2.612562e-62 
2.612562e-62 
1.948365e-62 
1.948365e-62 
1.948365e-62 
1.948365e-62 
1.948365e-62 
1.489482e-62 
1.402242e-62 
1.402242e-62 
9.681429e-63 
7.418188e-63 
7.418188e-63 
6.179849e-63 
6.179849e-63 
6.179849e-63 
1.661262e-63 
1.661262e-63 
1.661262e-63 
1.661262e-63 
1.661262e-63 
1.661262e-63 
1.661262e-63 
1.661262e-63 
1.046259e-63 
1.046259e-63 
1.046259e-63 
1.046259e-63 
9.163996e-64 
8.988743e-64 
8.988743e-64 
8.988743e-64 
6.149328e-64 
6.149328e-64 
5.625584e-64 
4.807411e-64 
4.763109e-64 
4.763109e-64 
4.763109e-64 
4.674653e-64 
4.674653e-64 
4.501561e-64 
4.148973e-64 
3.922391e-64 
3.922391e-64 
3.922391e-64 
2.391290e-64 
2.391290e-64 
2.391290e-64 
2.391290e-64 
2.391290e-64 
2.391290e-64 
2.391290e-64 
2.391290e-64 
2.391290e-64 
2.391290e-64 
2.391290e-64 
2.391290e-64 
2.391290e-64 
2.317827e-64 
2.317827e-64 
1.453261e-64 
1.453261e-64 
1.453261e-64 
1.453261e-64 
1.147933e-64 
1.147933e-64 
1.147933e-64 
9.755099e-65 
9.755099e-65 
9.755099e-65 
7.302182e-65 
5.887622e-65 
2.243286e-65 
2.243286e-65 
2.243286e-65 
2.243286e-65 
2.243286e-65 
2.243286e-65 
2.175752e-65 
2.123101e-65 
1.988447e-65 
1.988447e-65 
1.775020e-65 
1.775020e-65 
1.730199e-65 
1.658212e-65 
1.658212e-65 
1.487702e-65 
1.487702e-65 
1.028843e-65 
9.851598e-66 
8.019770e-66 
8.019770e-66 
6.426288e-66 
6.426288e-66 
6.426288e-66 
6.409877e-66 
3.533701e-66 
3.533701e-66 
3.533701e-66 
2.049895e-66 
2.049895e-66 
2.049895e-66 
7.795363e-67 
7.795363e-67 
7.795363e-67 
7.795363e-67 
7.795363e-67 
3.682646e-67 
3.682646e-67 
3.682646e-67 
3.682646e-67 
3.682646e-67 
3.682646e-67 
3.682646e-67 
3.070606e-67 
3.070606e-67 
3.070606e-67 
3.070606e-67 
2.643873e-67 
2.643873e-67 
1.802651e-67 
1.802651e-67 
1.802651e-67 
1.511664e-67 
1.511664e-67 
1.511664e-67 
1.364498e-67 
1.364498e-67 
1.364498e-67 
1.364498e-67 
1.127349e-67 
1.127349e-67 
9.129551e-68 
5.461644e-68 
5.461644e-68 
3.847582e-68 
3.725870e-68 
3.313630e-68 
3.313630e-68 
3.313630e-68 
3.313630e-68 
2.481978e-68 
2.481978e-68 
2.481978e-68 
2.481978e-68 
2.481978e-68 
2.481978e-68 
2.481978e-68 
2.406855e-68 
2.406855e-68 
2.406855e-68 
1.625174e-68 
1.601590e-68 
1.601590e-68 
1.601590e-68 
1.601590e-68 
1.471648e-68 
1.471648e-68 
1.471648e-68 
9.902938e-69 
9.902938e-69 
9.902938e-69 
5.910759e-69 
5.525259e-69 
5.525259e-69 
4.786218e-69 
4.786218e-69 
3.864031e-69 
2.091038e-69 
2.091038e-69 
2.091038e-69 
2.091038e-69 
2.091038e-69 
2.091038e-69 
2.091038e-69 
1.909379e-69 
1.909379e-69 
1.909379e-69 
1.585703e-69 
1.585703e-69 
1.547839e-69 
1.547839e-69 
1.266199e-69 
1.266199e-69 
9.374572e-70 
9.374572e-70 
4.398379e-70 
4.398379e-70 
4.398379e-70 
4.101302e-70 
4.101302e-70 
4.101302e-70 
4.101302e-70 
4.101302e-70 
3.486511e-70 
3.486511e-70 
3.166031e-70 
3.166031e-70 
3.008038e-70 
3.008038e-70 
3.008038e-70 
1.589025e-70 
1.589025e-70 
1.589025e-70 
1.589025e-70 
1.321688e-70 
1.271515e-70 
1.271515e-70 
8.803279e-71 
8.803279e-71 
8.803279e-71 
8.529169e-71 
7.715059e-71 
7.715059e-71 
7.715059e-71 
7.715059e-71 
7.139206e-71 
7.139206e-71 
7.139206e-71 
7.139206e-71 
7.139206e-71 
6.843520e-71 
4.089318e-71 
4.089318e-71 
4.089318e-71 
3.519829e-71 
3.519829e-71 
3.389909e-71 
3.389909e-71 
3.034432e-71 
3.034432e-71 
3.034432e-71 
3.034432e-71 
2.763456e-71 
2.700749e-71 
2.700749e-71 
1.761618e-71 
1.761618e-71 
1.761618e-71 
1.761618e-71 
1.761618e-71 
1.717110e-71 
1.516560e-71 
1.516560e-71 
1.358721e-71 
1.186812e-71 
1.186812e-71 
1.108360e-71 
1.105710e-71 
1.105710e-71 
9.518725e-72 
7.427163e-72 
7.427163e-72 
3.826335e-72 
3.382365e-72 
2.715381e-72 
2.715381e-72 
2.715381e-72 
2.697864e-72 
2.697864e-72 
2.619738e-72 
2.619738e-72 
2.537372e-72 
2.537248e-72 
2.537248e-72 
2.537248e-72 
2.314343e-72 
1.536423e-72 
1.497108e-72 
1.497108e-72 
1.497108e-72 
1.497108e-72 
1.497108e-72 
1.497108e-72 
1.497108e-72 
1.455007e-72 
1.455007e-72 
1.237821e-72 
1.084187e-72 
8.808583e-73 
8.257096e-73 
8.257096e-73 
7.792957e-73 
7.792957e-73 
7.792957e-73 
7.792957e-73 
7.792957e-73 
7.792957e-73 
7.792957e-73 
7.792957e-73 
7.792957e-73 
7.792957e-73 
7.792957e-73 
7.792957e-73 
7.541825e-73 
6.976597e-73 
6.976597e-73 
6.976597e-73 
4.004780e-73 
3.740771e-73 
3.740771e-73 
2.966245e-73 
2.966245e-73 
2.966245e-73 
2.350749e-73 
2.350749e-73 
1.537432e-73 
1.537432e-73 
1.537432e-73 
5.254115e-74 
5.254115e-74 
5.254115e-74 
5.254115e-74 
5.254115e-74 
5.254115e-74 
5.254115e-74 
5.254115e-74 
5.254115e-74 
5.254115e-74 
3.749376e-74 
3.237134e-74 
3.237134e-74 
3.237134e-74 
3.092996e-74 
3.092996e-74 
3.092996e-74 
2.524140e-74 
2.524140e-74 
2.524140e-74 
2.231239e-74 
2.231239e-74 
2.168793e-74 
1.957659e-74 
1.576135e-74 
1.576135e-74 
1.466666e-74 
1.231584e-74 
1.128331e-74 
1.097561e-74 
9.100429e-75 
7.209002e-75 
6.913064e-75 
4.722245e-75 
2.468646e-75 
2.036276e-75 
2.036276e-75 
2.036276e-75 
2.036276e-75 
2.036276e-75 
2.036276e-75 
2.036276e-75 
2.036276e-75 
1.966101e-75 
1.966101e-75 
1.966101e-75 
1.144280e-75 
1.144280e-75 
1.036175e-75 
1.036175e-75 
9.038903e-76 
7.683913e-76 
7.683913e-76 
7.683913e-76 
7.683913e-76 
7.064076e-76 
6.006118e-76 
6.006118e-76 
6.006118e-76 
4.020177e-76 
4.020177e-76 
4.020177e-76 
4.020177e-76 
4.020177e-76 
4.020177e-76 
4.020177e-76 
4.020177e-76 
3.522273e-76 
3.294976e-76 
3.294976e-76 
3.118074e-76 
3.118074e-76 
2.863780e-76 
2.863780e-76 
2.278160e-76 
1.623589e-76 
1.623589e-76 
1.623589e-76 
1.623589e-76 
1.623589e-76 
1.623589e-76 
1.623589e-76 
1.623589e-76 
1.523790e-76 
1.523790e-76 
9.791443e-77 
9.791443e-77 
9.791443e-77 
9.762380e-77 
9.762380e-77 
9.762380e-77 
8.296782e-77 
8.296782e-77 
8.296782e-77 
7.201464e-77 
7.201464e-77 
7.201464e-77 
6.677446e-77 
6.112179e-77 
6.112179e-77 
6.112179e-77 
6.112179e-77 
5.903858e-77 
4.767423e-77 
4.170948e-77 
4.170948e-77 
3.938849e-77 
3.799936e-77 
3.799936e-77 
3.648901e-77 
2.522180e-77 
1.821504e-77 
1.821504e-77 
1.145251e-77 
1.145251e-77 
1.145251e-77 
1.145251e-77 
1.145251e-77 
1.145251e-77 
1.085587e-77 
1.085587e-77 
5.926973e-78 
5.926973e-78 
5.926973e-78 
5.926973e-78 
5.926973e-78 
5.926973e-78 
4.851463e-78 
4.668045e-78 
3.659063e-78 
2.107261e-78 
2.107261e-78 
1.094069e-78 
1.094069e-78 
8.407522e-79 
8.407522e-79 
8.407522e-79 
7.651505e-79 
7.651505e-79 
7.577329e-79 
7.577329e-79 
6.916944e-79 
6.916944e-79 
5.875881e-79 
4.071545e-79 
4.071545e-79 
4.071545e-79 
3.030736e-79 
3.030736e-79 
3.030736e-79 
3.030736e-79 
3.012814e-79 
2.770124e-79 
2.554844e-79 
2.554844e-79 
2.191339e-79 
2.191339e-79 
2.191339e-79 
2.191339e-79 
1.531362e-79 
1.417436e-79 
1.417436e-79 
1.281624e-79 
9.772500e-80 
9.772500e-80 
9.772500e-80 
9.357303e-80 
9.357303e-80 
9.357303e-80 
9.357303e-80 
9.357303e-80 
8.624820e-80 
8.624820e-80 
8.166965e-80 
8.166965e-80 
8.166965e-80 
4.464642e-80 
3.859738e-80 
3.859738e-80 
3.859738e-80 
3.813682e-80 
3.813682e-80 
2.716586e-80 
2.716586e-80 
2.444275e-80 
2.444275e-80 
2.444275e-80 
2.444275e-80 
2.444275e-80 
2.444275e-80 
2.444275e-80 
2.195572e-80 
1.781176e-80 
1.430178e-80 
1.430178e-80 
1.430178e-80 
1.430178e-80 
1.053667e-80 
1.053667e-80 
8.563074e-81 
8.563074e-81 
5.809101e-81 
3.986210e-81 
3.986210e-81 
3.986210e-81 
2.912791e-81 
1.881642e-81 
1.881642e-81 
1.690122e-81 
1.690122e-81 
1.690122e-81 
1.690122e-81 
1.001025e-81 
1.001025e-81 
1.001025e-81 
1.001025e-81 
6.867358e-82 
6.867358e-82 
2.474384e-82 
2.474384e-82 
2.474384e-82 
2.474384e-82 
2.474384e-82 
2.474384e-82 
1.350577e-82 
1.350577e-82 
1.350577e-82 
1.350577e-82 
1.169915e-82 
7.284539e-83 
7.284539e-83 
7.284539e-83 
4.419190e-83 
4.419190e-83 
4.419190e-83 
4.145718e-83 
4.145718e-83 
4.145718e-83 
4.145718e-83 
4.049819e-83 
3.143500e-83 
3.143500e-83 
2.689683e-83 
2.689683e-83 
2.689683e-83 
2.689683e-83 
2.689683e-83 
2.653884e-83 
2.653884e-83 
2.174766e-83 
2.174766e-83 
1.639491e-83 
1.639491e-83 
1.639491e-83 
1.639491e-83 
1.032726e-83 
8.585145e-84 
8.585145e-84 
8.342198e-84 
7.866452e-84 
7.271557e-84 
6.554936e-84 
4.678289e-84 
4.678289e-84 
4.678289e-84 
4.306651e-84 
4.306651e-84 
3.535794e-84 
2.892648e-84 
2.892648e-84 
2.549674e-84 
2.416007e-84 
2.416007e-84 
2.416007e-84 
2.106461e-84 
1.792569e-84 
1.792569e-84 
1.792569e-84 
1.792569e-84 
1.768708e-84 
1.483664e-84 
1.483664e-84 
1.356024e-84 
9.777974e-85 
7.996970e-85 
7.583552e-85 
7.521427e-85 
7.521427e-85 
7.419532e-85 
7.392711e-85 
5.359763e-85 
5.156731e-85 
5.156731e-85 
5.156731e-85 
5.156731e-85 
4.581934e-85 
4.126622e-85 
2.772660e-85 
2.673292e-85 
2.396989e-85 
1.744272e-85 
1.731858e-85 
1.731858e-85 
1.651178e-85 
1.117626e-85 
7.676103e-86 
7.676103e-86 
7.676103e-86 
4.078522e-86 
4.078522e-86 
4.078522e-86 
4.078522e-86 
4.078522e-86 
4.078522e-86 
4.078522e-86 
4.078522e-86 
4.078522e-86 
3.861285e-86 
3.018864e-86 
2.233960e-86 
1.353174e-86 
1.353174e-86 
1.353174e-86 
1.088425e-86 
6.502813e-87 
5.598044e-87 
3.549293e-87 
3.549293e-87 
3.549293e-87 
3.549293e-87 
2.695360e-87 
1.933957e-87 
1.933957e-87 
1.933957e-87 
1.933957e-87 
1.917361e-87 
1.344707e-87 
1.344707e-87 
1.117181e-87 
1.117181e-87 
1.117181e-87 
1.117181e-87 
4.898366e-88 
4.898366e-88 
4.898366e-88 
4.898366e-88 
3.698122e-88 
3.064062e-88 
3.064062e-88 
2.238059e-88 
2.238059e-88 
2.238059e-88 
2.238059e-88 
2.050216e-88 
2.050216e-88 
1.425758e-88 
1.425758e-88 
1.289799e-88 
1.289799e-88 
1.289799e-88 
1.176690e-88 
1.176690e-88 
1.176690e-88 
1.081598e-88 
9.218468e-89 
4.286912e-89 
4.087696e-89 
4.087696e-89 
4.087696e-89 
3.419345e-89 
3.419345e-89 
3.419345e-89 
3.419345e-89 
3.419345e-89 
3.419345e-89 
1.758463e-89 
1.758463e-89 
1.758463e-89 
1.758463e-89 
1.758463e-89 
1.342824e-89 
1.342824e-89 
1.342824e-89 
1.004956e-89 
7.024430e-90 
6.810125e-90 
6.810125e-90 
1.832978e-90 
1.832978e-90 
1.832978e-90 
1.226217e-90 
1.226217e-90 
1.226217e-90 
1.226217e-90 
1.226217e-90 
1.119166e-90 
1.119166e-90 
8.151336e-91 
8.151336e-91 
5.831932e-91 
5.831932e-91 
5.831932e-91 
5.831932e-91 
5.585867e-91 
5.585867e-91 
5.585867e-91 
4.026904e-91 
4.026904e-91 
4.026904e-91 
4.026904e-91 
4.026904e-91 
4.026904e-91 
3.148889e-91 
3.148889e-91 
3.148889e-91 
3.148889e-91 
2.855475e-91 
2.801190e-91 
1.602656e-91 
1.602656e-91 
1.602656e-91 
1.533422e-91 
1.533422e-91 
1.393818e-91 
1.393818e-91 
1.393818e-91 
1.355245e-91 
1.075178e-91 
6.679780e-92 
6.679780e-92 
6.679780e-92 
6.679780e-92 
5.214991e-92 
5.214991e-92 
4.961712e-92 
4.961712e-92 
4.938294e-92 
3.983991e-92 
3.983991e-92 
3.460421e-92 
2.286018e-92 
2.286018e-92 
2.286018e-92 
2.063784e-92 
2.063784e-92 
2.063784e-92 
1.727570e-92 
1.727570e-92 
1.727570e-92 
1.146612e-92 
1.146612e-92 
1.107977e-92 
1.040329e-92 
1.040329e-92 
1.040329e-92 
6.314388e-93 
6.314388e-93 
5.388393e-93 
4.127176e-93 
4.127176e-93 
3.047349e-93 
3.047349e-93 
3.047349e-93 
3.047349e-93 
3.047349e-93 
2.549926e-93 
2.549926e-93 
2.549926e-93 
2.549926e-93 
2.549926e-93 
2.545024e-93 
2.046967e-93 
2.046967e-93 
2.046967e-93 
2.019351e-93 
1.735825e-93 
1.136899e-93 
1.136899e-93 
1.052582e-93 
1.052582e-93 
7.778632e-94 
7.778632e-94 
7.778632e-94 
7.049804e-94 
6.957154e-94 
6.957154e-94 
6.522995e-94 
5.504943e-94 
3.649334e-94 
3.649334e-94 
3.649334e-94 
2.932942e-94 
1.452541e-94 
1.452541e-94 
1.452541e-94 
1.237793e-94 
1.237793e-94 
1.059451e-94 
1.059451e-94 
1.020853e-94 
1.020853e-94 
1.020853e-94 
9.625265e-95 
7.176154e-95 
7.169871e-95 
7.169871e-95 
5.966052e-95 
5.966052e-95 
5.966052e-95 
3.220049e-95 
3.220049e-95 
2.339953e-95 
2.339953e-95 
2.339953e-95 
2.339953e-95 
2.181269e-95 
2.181269e-95 
2.064124e-95 
1.897449e-95 
1.897449e-95 
1.492502e-95 
1.261937e-95 
1.261937e-95 
1.133498e-95 
8.124512e-96 
4.876572e-96 
4.876572e-96 
4.876572e-96 
4.856713e-96 
4.856713e-96 
4.589415e-96 
2.901589e-96 
1.446651e-96 
6.447202e-97 
6.101657e-97 
6.101657e-97 
4.676481e-97 
4.676481e-97 
4.676481e-97 
4.676481e-97 
4.676481e-97 
4.676481e-97 
4.676481e-97 
4.676481e-97 
4.676481e-97 
3.818620e-97 
2.721822e-97 
2.721822e-97 
1.419279e-97 
1.419279e-97 
1.419279e-97 
1.419279e-97 
1.419279e-97 
1.419279e-97 
1.419279e-97 
1.234043e-97 
1.145279e-97 
1.093049e-97 
1.093049e-97 
9.021576e-98 
9.021576e-98 
9.021576e-98 
7.509956e-98 
7.509956e-98 
7.509956e-98 
3.412342e-98 
3.412342e-98 
2.989872e-98 
2.947691e-98 
2.947691e-98 
2.324833e-98 
2.324833e-98 
1.471596e-98 
1.471596e-98 
1.471596e-98 
1.426586e-98 
1.426586e-98 
1.426586e-98 
7.919458e-99 
5.701398e-99 
4.037013e-99 
4.037013e-99 
4.037013e-99 
3.807071e-99 
3.807071e-99 
3.583059e-99 
3.280298e-99 
3.280298e-99 
3.137586e-99 
3.137586e-99 
3.137586e-99 
3.137586e-99 
3.137586e-99 
2.134549e-99 
2.134549e-99 
2.134549e-99 
1.505330e-99 
1.376911e-99 
1.073020e-99 
1.073020e-99 
1.073020e-99 
1.073020e-99 
9.323307e-100 
9.323307e-100 
5.239478e-100 
5.239478e-100 
4.021401e-100 
3.089973e-100 
2.324028e-100 
2.324028e-100 
2.324028e-100 
2.324028e-100 
2.324028e-100 
2.324028e-100 
2.324028e-100 
2.324028e-100 
2.324028e-100 
1.226836e-100 
9.000666e-101 
8.106268e-101 
6.844576e-101 
2.541150e-101 
2.541150e-101 
2.541150e-101 
2.541150e-101 
2.541150e-101 
1.891045e-101 
1.891045e-101 
1.703482e-101 
1.703482e-101 
1.703482e-101 
1.649583e-101 
1.491996e-101 
1.294401e-101 
1.271996e-101 
1.271996e-101 
1.266754e-101 
1.266754e-101 
1.262796e-101 
1.080805e-101 
1.080805e-101 
3.914989e-102 
3.914989e-102 
3.914989e-102 
3.186529e-102 
1.815954e-102 
1.815954e-102 
1.800604e-102 
1.800604e-102 
1.800604e-102 
1.641877e-102 
1.036118e-102 
1.036118e-102 
1.036118e-102 
6.129994e-103 
6.129994e-103 
5.278246e-103 
5.278246e-103 
3.670297e-103 
3.670297e-103 
2.358096e-103 
1.609366e-103 
1.609366e-103 
1.609366e-103 
1.010673e-103 
1.010673e-103 
1.010673e-103 
1.000250e-103 
1.000250e-103 
8.101132e-104 
7.423334e-104 
6.882903e-104 
6.211946e-104 
5.374824e-104 
5.374824e-104 
5.374824e-104 
3.825137e-104 
3.651749e-104 
3.651749e-104 
3.651749e-104 
2.637427e-104 
2.362155e-104 
1.921408e-104 
1.130271e-104 
7.072367e-105 
7.072367e-105 
7.072367e-105 
7.072367e-105 
7.072367e-105 
7.072367e-105 
7.072367e-105 
6.843190e-105 
6.843190e-105 
6.788763e-105 
6.347944e-105 
6.347944e-105 
6.347944e-105 
6.347944e-105 
5.743360e-105 
4.173744e-105 
3.568378e-105 
3.080518e-105 
3.080518e-105 
2.393068e-105 
1.803123e-105 
1.803123e-105 
1.803123e-105 
1.803123e-105 
1.693186e-105 
1.632839e-105 
1.632839e-105 
1.599594e-105 
1.599594e-105 
1.599594e-105 
1.192317e-105 
8.124027e-106 
8.124027e-106 
8.124027e-106 
8.124027e-106 
4.953801e-106 
4.953801e-106 
4.314727e-106 
4.314727e-106 
4.314727e-106 
4.314727e-106 
4.314727e-106 
4.294980e-106 
4.294980e-106 
4.294980e-106 
3.771334e-106 
3.771334e-106 
2.836078e-106 
1.484604e-106 
1.484604e-106 
1.484604e-106 
1.017425e-106 
8.637076e-107 
8.637076e-107 
5.443615e-107 
5.443615e-107 
4.215136e-107 
2.871044e-107 
2.480742e-107 
2.360925e-107 
2.321022e-107 
2.052728e-107 
1.268881e-107 
1.099587e-107 
1.099587e-107 
1.099587e-107 
1.093254e-107 
1.093254e-107 
1.093254e-107 
9.337203e-108 
6.386960e-108 
4.735249e-108 
4.735249e-108 
3.821070e-108 
3.481179e-108 
2.309872e-108 
2.309872e-108 
2.006228e-108 
1.565305e-108 
1.565305e-108 
1.565305e-108 
1.418127e-108 
1.418127e-108 
1.310127e-108 
1.310127e-108 
1.279891e-108 
1.279891e-108 
1.182660e-108 
1.182660e-108 
7.086307e-109 
5.634769e-109 
5.358770e-109 
5.358770e-109 
5.358770e-109 
5.358770e-109 
4.476782e-109 
2.195080e-109 
2.195080e-109 
2.195080e-109 
1.889691e-109 
1.245329e-109 
1.245329e-109 
7.979337e-110 
7.979337e-110 
7.979337e-110 
7.686033e-110 
7.009763e-110 
7.009763e-110 
5.622473e-110 
5.622473e-110 
4.752438e-110 
3.721084e-110 
3.721084e-110 
3.721084e-110 
3.721084e-110 
3.597897e-110 
3.358221e-110 
3.358221e-110 
3.358221e-110 
2.822239e-110 
2.667849e-110 
1.813807e-110 
1.813807e-110 
1.813807e-110 
1.813807e-110 
1.482226e-110 
1.482226e-110 
1.482226e-110 
1.238638e-110 
7.314591e-111 
7.314591e-111 
7.314591e-111 
6.408755e-111 
6.408755e-111 
6.346263e-111 
5.607144e-111 
5.607144e-111 
3.853824e-111 
3.853824e-111 
2.905991e-111 
2.905991e-111 
2.905991e-111 
2.516802e-111 
2.516802e-111 
2.516802e-111 
2.516802e-111 
2.516802e-111 
2.516802e-111 
2.516802e-111 
1.583870e-111 
7.130928e-112 
4.288613e-112 
4.288613e-112 
4.288613e-112 
4.288613e-112 
4.201113e-112 
4.147194e-112 
3.243052e-112 
3.015712e-112 
2.281927e-112 
2.281927e-112 
2.281927e-112 
1.620473e-112 
1.327951e-112 
1.327951e-112 
1.275292e-112 
1.275292e-112 
5.381284e-113 
5.381284e-113 
5.381284e-113 
5.381284e-113 
5.381284e-113 
5.381284e-113 
5.381284e-113 
4.942216e-113 
4.942216e-113 
3.987738e-113 
3.761180e-113 
3.761180e-113 
3.761180e-113 
2.871322e-113 
2.790438e-113 
2.616470e-113 
2.616470e-113 
2.616470e-113 
2.384034e-113 
2.094814e-113 
1.979433e-113 
1.893442e-113 
1.860722e-113 
1.860722e-113 
1.785557e-113 
9.967610e-114 
6.233297e-114 
6.233297e-114 
6.233297e-114 
5.436368e-114 
5.436368e-114 
5.436368e-114 
5.436368e-114 
3.943869e-114 
3.943869e-114 
3.943869e-114 
3.943869e-114 
3.150150e-114 
3.150150e-114 
3.150150e-114 
2.436247e-114 
2.436247e-114 
2.436247e-114 
2.039255e-114 
2.039255e-114 
2.039255e-114 
2.039255e-114 
2.039255e-114 
1.686874e-114 
1.600736e-114 
1.600736e-114 
1.058726e-114 
1.058726e-114 
1.058726e-114 
8.308768e-115 
8.308768e-115 
8.308768e-115 
6.604420e-115 
6.542396e-115 
6.542396e-115 
6.215766e-115 
5.902839e-115 
5.902839e-115 
3.844722e-115 
3.559412e-115 
2.991799e-115 
2.991799e-115 
2.991799e-115 
2.991799e-115 
2.991799e-115 
2.469576e-115 
2.469576e-115 
2.107880e-115 
2.107880e-115 
1.763330e-115 
1.763330e-115 
1.753970e-115 
1.436985e-115 
1.436985e-115 
1.122620e-115 
1.052107e-115 
1.052107e-115 
8.268709e-116 
8.268709e-116 
7.372778e-116 
5.811094e-116 
5.323270e-116 
5.323270e-116 
5.323270e-116 
3.629907e-116 
3.339137e-116 
3.339137e-116 
3.227203e-116 
3.137053e-116 
2.902072e-116 
2.443412e-116 
2.443412e-116 
2.443412e-116 
2.443412e-116 
2.406965e-116 
2.406965e-116 
2.052547e-116 
9.738318e-117 
6.717525e-117 
5.956165e-117 
5.956165e-117 
4.026649e-117 
2.105930e-117 
2.001001e-117 
2.001001e-117 
2.001001e-117 
1.962022e-117 
1.381998e-117 
1.373837e-117 
4.752620e-118 
4.752620e-118 
4.752620e-118 
4.752620e-118 
4.752620e-118 
4.752620e-118 
4.752620e-118 
4.752620e-118 
4.600989e-118 
4.600989e-118 
4.568284e-118 
3.768111e-118 
3.602982e-118 
3.424055e-118 
3.111852e-118 
3.111852e-118 
2.144622e-118 
2.134351e-118 
2.134351e-118 
1.706453e-118 
1.630244e-118 
1.630244e-118 
1.324782e-118 
1.324782e-118 
9.007502e-119 
9.007502e-119 
9.007502e-119 
9.007502e-119 
9.007502e-119 
8.303744e-119 
7.608643e-119 
7.164167e-119 
7.164167e-119 
7.164167e-119 
6.386098e-119 
6.386098e-119 
5.410845e-119 
5.410845e-119 
4.979382e-119 
2.839903e-119 
2.813578e-119 
2.813578e-119 
2.813578e-119 
2.788050e-119 
2.788050e-119 
2.788050e-119 
2.520569e-119 
2.151116e-119 
1.619841e-119 
1.399696e-119 
1.399696e-119 
1.399696e-119 
1.192290e-119 
1.192290e-119 
1.192290e-119 
1.192290e-119 
6.915473e-120 
6.915473e-120 
6.915473e-120 
6.915473e-120 
6.915473e-120 
5.383549e-120 
5.383549e-120 
5.383549e-120 
4.331100e-120 
4.331100e-120 
3.384939e-120 
3.384939e-120 
2.688568e-120 
2.688568e-120 
2.688568e-120 
2.688568e-120 
2.654139e-120 
2.119672e-120 
1.839372e-120 
1.750938e-120 
1.511307e-120 
1.511307e-120 
1.511307e-120 
1.511307e-120 
1.086117e-120 
1.086117e-120 
1.086117e-120 
1.043513e-120 
1.043513e-120 
9.303843e-121 
7.910774e-121 
7.910774e-121 
7.300384e-121 
7.300384e-121 
6.881759e-121 
3.211465e-121 
3.211465e-121 
3.211465e-121 
3.211465e-121 
2.884663e-121 
2.884663e-121 
2.884663e-121 
2.378379e-121 
2.337259e-121 
1.659522e-121 
1.054712e-121 
1.054712e-121 
1.054712e-121 
1.054369e-121 
1.054369e-121 
1.054369e-121 
1.020036e-121 
1.020036e-121 
7.944743e-122 
7.553025e-122 
7.553025e-122 
6.485066e-122 
4.907528e-122 
3.252624e-122 
3.252624e-122 
3.252624e-122 
3.252624e-122 
2.381706e-122 
2.381706e-122 
2.381706e-122 
2.381706e-122 
2.132883e-122 
2.086904e-122 
2.086904e-122 
1.830883e-122 
1.830883e-122 
1.425875e-122 
1.425875e-122 
1.334382e-122 
1.334382e-122 
9.061428e-123 
9.061428e-123 
5.799456e-123 
5.680473e-123 
5.680473e-123 
5.235939e-123 
5.235939e-123 
2.663264e-123 
2.663264e-123 
2.663264e-123 
2.663264e-123 
2.187782e-123 
2.187782e-123 
2.187782e-123 
1.884722e-123 
1.827442e-123 
8.241930e-124 
8.241930e-124 
8.241930e-124 
6.399202e-124 
6.046685e-124 
6.046685e-124 
5.205890e-124 
5.205890e-124 
5.205890e-124 
4.780824e-124 
4.780824e-124 
3.542160e-124 
3.542160e-124 
3.542160e-124 
3.542160e-124 
3.542160e-124 
1.832757e-124 
1.832757e-124 
1.832757e-124 
1.194095e-124 
1.194095e-124 
8.485212e-125 
8.485212e-125 
8.485212e-125 
8.485212e-125 
8.485212e-125 
7.441902e-125 
7.441902e-125 
7.441902e-125 
4.677896e-125 
4.677896e-125 
4.677896e-125 
4.677896e-125 
4.553519e-125 
4.070994e-125 
4.070994e-125 
4.070994e-125 
1.036700e-125 
1.036700e-125 
1.036700e-125 
1.036700e-125 
7.407954e-126 
7.407954e-126 
6.293951e-126 
5.815062e-126 
4.987053e-126 
1.432694e-126 
1.432694e-126 
1.432694e-126 
1.432694e-126 
1.432694e-126 
1.432694e-126 
1.254974e-126 
1.254974e-126 
1.193290e-126 
7.403822e-127 
7.403822e-127 
4.818964e-127 
4.588414e-127 
4.588414e-127 
3.876454e-127 
3.876454e-127 
2.671739e-127 
2.671739e-127 
2.396746e-127 
2.396746e-127 
2.396746e-127 
2.396746e-127 
2.396746e-127 
1.956732e-127 
1.956732e-127 
1.956732e-127 
1.652290e-127 
1.652290e-127 
1.167605e-127 
8.970088e-128 
8.083432e-128 
5.699721e-128 
5.699721e-128 
5.699721e-128 
5.699721e-128 
5.699721e-128 
4.583878e-128 
4.583878e-128 
4.583878e-128 
4.119944e-128 
2.854967e-128 
2.706340e-128 
2.273578e-128 
1.698297e-128 
1.583353e-128 
1.583353e-128 
1.583353e-128 
1.583353e-128 
1.583353e-128 
1.496591e-128 
1.189492e-128 
9.659304e-129 
9.659304e-129 
9.659304e-129 
6.220160e-129 
5.478151e-129 
4.570597e-129 
3.535985e-129 
3.204627e-129 
3.204627e-129 
2.890595e-129 
2.253259e-129 
2.253259e-129 
1.603240e-129 
1.603240e-129 
1.587419e-129 
1.587419e-129 
1.474591e-129 
1.108271e-129 
9.893188e-130 
5.695157e-130 
5.695157e-130 
4.923391e-130 
3.599420e-130 
3.599420e-130 
3.599420e-130 
3.599420e-130 
3.599420e-130 
3.445545e-130 
2.127834e-130 
1.396277e-130 
1.396277e-130 
1.396277e-130 
1.396277e-130 
1.248621e-130 
1.248621e-130 
1.105800e-130 
9.095428e-131 
9.095428e-131 
7.201848e-131 
6.096919e-131 
3.980821e-131 
3.980821e-131 
3.830410e-131 
3.830410e-131 
1.985343e-131 
1.985343e-131 
1.985343e-131 
1.831145e-131 
1.831145e-131 
9.062066e-132 
9.062066e-132 
8.883805e-132 
8.883805e-132 
8.883805e-132 
7.504893e-132 
5.025102e-132 
5.025102e-132 
5.025102e-132 
3.774991e-132 
3.774991e-132 
3.774991e-132 
3.774991e-132 
2.598429e-132 
2.598429e-132 
2.049800e-132 
2.049800e-132 
1.665370e-132 
4.078989e-133 
4.078989e-133 
3.743887e-133 
3.743887e-133 
3.743887e-133 
2.675122e-133 
2.564954e-133 
2.564954e-133 
2.088443e-133 
1.944692e-133 
1.944692e-133 
1.944692e-133 
1.737371e-133 
1.587159e-133 
1.587159e-133 
1.441698e-133 
8.833143e-134 
5.484829e-134 
5.077388e-134 
4.541883e-134 
2.822427e-134 
2.822427e-134 
2.822427e-134 
1.931968e-134 
1.931968e-134 
1.815841e-134 
1.284822e-134 
9.829167e-135 
9.029121e-135 
9.029121e-135 
7.406099e-135 
7.406099e-135 
7.406099e-135 
4.160889e-135 
4.022851e-135 
3.125948e-135 
3.125948e-135 
3.125948e-135 
3.125948e-135 
2.377535e-135 
2.044552e-135 
1.660911e-135 
1.660911e-135 
1.021817e-135 
9.927130e-136 
9.927130e-136 
8.959437e-136 
8.959437e-136 
8.201404e-136 
8.201404e-136 
6.502475e-136 
6.502475e-136 
4.439648e-136 
3.746330e-136 
3.746330e-136 
3.644634e-136 
3.644634e-136 
3.427475e-136 
3.427475e-136 
3.184982e-136 
3.184982e-136 
1.323492e-136 
1.323492e-136 
1.323492e-136 
1.250288e-136 
1.250288e-136 
1.250288e-136 
6.647646e-137 
6.647646e-137 
6.647646e-137 
6.647646e-137 
6.647646e-137 
6.420986e-137 
4.194415e-137 
3.229831e-137 
3.229831e-137 
1.992386e-137 
1.992386e-137 
1.695842e-137 
1.695842e-137 
1.695842e-137 
1.695842e-137 
9.362386e-138 
9.362386e-138 
9.362386e-138 
8.202303e-138 
7.022956e-138 
6.719897e-138 
5.670823e-138 
5.452865e-138 
5.452865e-138 
5.181267e-138 
5.092912e-138 
3.760605e-138 
2.845869e-138 
2.845869e-138 
2.076279e-138 
2.076279e-138 
2.076279e-138 
1.631528e-138 
1.540765e-138 
1.276022e-138 
1.276022e-138 
1.276022e-138 
1.276022e-138 
1.276022e-138 
1.150414e-138 
3.170516e-139 
3.170516e-139 
3.170516e-139 
3.170516e-139 
3.170516e-139 
2.778322e-139 
2.740252e-139 
2.740252e-139 
2.242303e-139 
2.242303e-139 
1.593035e-139 
8.439435e-140 
6.853090e-140 
2.443873e-140 
2.443873e-140 
2.443873e-140 
2.443873e-140 
2.443873e-140 
2.443873e-140 
2.443873e-140 
2.443873e-140 
2.443873e-140 
2.443873e-140 
1.061301e-140 
9.476235e-141 
9.476235e-141 
9.421501e-141 
9.421501e-141 
8.199644e-141 
8.199644e-141 
6.505826e-141 
6.505826e-141 
4.926179e-141 
4.926179e-141 
4.926179e-141 
4.926179e-141 
2.941745e-141 
2.226024e-141 
1.944354e-141 
1.944354e-141 
1.944354e-141 
1.944354e-141 
1.944354e-141 
1.944354e-141 
1.944354e-141 
1.788824e-141 
1.608281e-141 
1.526574e-141 
1.506920e-141 
1.506920e-141 
1.372893e-141 
1.231020e-141 
1.019881e-141 
1.019881e-141 
9.658974e-142 
9.170969e-142 
9.170969e-142 
8.335157e-142 
1.656209e-142 
1.656209e-142 
1.656209e-142 
1.656209e-142 
1.656209e-142 
1.299790e-142 
1.299790e-142 
1.299790e-142 
1.299790e-142 
1.299790e-142 
1.232849e-142 
1.088708e-142 
4.599868e-143 
3.635168e-143 
3.635168e-143 
2.161397e-143 
1.987532e-143 
1.987532e-143 
1.987532e-143 
1.829160e-143 
1.829160e-143 
1.829160e-143 
1.394441e-143 
1.394441e-143 
1.394441e-143 
7.604983e-144 
7.604983e-144 
7.604983e-144 
4.626658e-144 
3.978485e-144 
3.978485e-144 
2.515578e-144 
2.515578e-144 
1.886064e-144 
1.724935e-144 
9.222044e-145 
9.222044e-145 
9.222044e-145 
8.424452e-145 
8.424452e-145 
8.424452e-145 
7.888608e-145 
7.888608e-145 
3.938685e-145 
3.938685e-145 
3.938685e-145 
3.938685e-145 
2.650573e-145 
2.416619e-145 
1.993225e-145 
1.912726e-145 
1.912726e-145 
8.663287e-146 
8.663287e-146 
8.663287e-146 
8.663287e-146 
7.512942e-146 
5.628909e-146 
5.628909e-146 
5.489252e-146 
5.489252e-146 
4.419898e-146 
3.577650e-146 
3.577650e-146 
3.577650e-146 
3.577650e-146 
3.577650e-146 
3.577650e-146 
2.869745e-146 
2.826432e-146 
2.826432e-146 
2.709906e-146 
2.709906e-146 
2.709906e-146 
2.259846e-146 
2.067282e-146 
1.374691e-146 
1.374691e-146 
1.158933e-146 
1.158933e-146 
1.158933e-146 
1.158933e-146 
4.927627e-147 
4.927627e-147 
1.765422e-147 
1.765422e-147 
1.765422e-147 
1.765422e-147 
1.765422e-147 
1.539580e-147 
1.539580e-147 
1.539580e-147 
1.320163e-147 
1.320163e-147 
1.320163e-147 
8.172067e-148 
6.212638e-148 
6.212638e-148 
5.669632e-148 
5.669632e-148 
4.408551e-148 
4.408551e-148 
4.137476e-148 
4.137476e-148 
4.137476e-148 
3.217884e-148 
3.217884e-148 
1.628499e-148 
1.628499e-148 
1.628499e-148 
1.628499e-148 
1.628499e-148 
1.628499e-148 
1.179324e-148 
8.657314e-149 
7.846677e-149 
6.902558e-149 
6.458492e-149 
6.458492e-149 
5.578656e-149 
5.578656e-149 
5.578656e-149 
4.449325e-149 
4.449325e-149 
4.429831e-149 
3.771573e-149 
3.553369e-149 
3.553369e-149 
2.749941e-149 
2.749941e-149 
2.511081e-149 
2.511081e-149 
1.879264e-149 
1.665579e-149 
1.665579e-149 
1.665579e-149 
1.513516e-149 
1.513516e-149 
1.513516e-149 
1.460516e-149 
1.460516e-149 
1.166032e-149 
1.166032e-149 
1.147201e-149 
1.147201e-149 
9.425246e-150 
8.020576e-150 
8.020576e-150 
8.020576e-150 
8.020576e-150 
4.894871e-150 
4.894871e-150 
4.894871e-150 
2.029044e-150 
2.029044e-150 
2.029044e-150 
2.029044e-150 
1.783891e-150 
1.657745e-150 
1.657745e-150 
1.657745e-150 
1.657745e-150 
1.657745e-150 
1.353449e-150 
1.353449e-150 
9.940325e-151 
9.940325e-151 
9.940325e-151 
5.323761e-151 
5.323761e-151 
5.323761e-151 
5.323761e-151 
5.323761e-151 
4.661220e-151 
4.661220e-151 
2.860514e-151 
2.860514e-151 
2.619493e-151 
1.996422e-151 
1.996422e-151 
1.826309e-151 
1.383363e-151 
1.158172e-151 
1.158172e-151 
1.158172e-151 
1.046298e-151 
1.046298e-151 
1.046298e-151 
9.462127e-152 
7.228101e-152 
7.228101e-152 
5.622245e-152 
5.622245e-152 
5.622245e-152 
4.494041e-152 
4.494041e-152 
3.621157e-152 
3.621157e-152 
2.179771e-152 
2.179771e-152 
1.991029e-152 
1.991029e-152 
1.991029e-152 
1.211727e-152 
1.211727e-152 
1.211727e-152 
6.435459e-153 
6.435459e-153 
6.435459e-153 
4.278554e-153 
4.278554e-153 
3.816218e-153 
3.816218e-153 
3.816218e-153 
2.097768e-153 
1.721899e-153 
1.152203e-153 
1.152203e-153 
1.026911e-153 
7.685515e-154 
7.685515e-154 
5.245072e-154 
5.245072e-154 
4.745053e-154 
3.512560e-154 
3.512560e-154 
2.930609e-154 
1.517243e-154 
1.517243e-154 
1.517243e-154 
1.517243e-154 
1.243762e-154 
7.611693e-155 
5.597428e-155 
5.597428e-155 
5.597428e-155 
5.597428e-155 
5.597428e-155 
4.636681e-155 
4.636681e-155 
4.636681e-155 
2.436328e-155 
1.728131e-155 
1.728131e-155 
1.728131e-155 
1.272380e-155 
1.181991e-155 
1.181991e-155 
1.181991e-155 
1.083804e-155 
1.036854e-155 
1.036854e-155 
1.036854e-155 
8.810702e-156 
6.482178e-156 
5.067586e-156 
4.933458e-156 
4.933458e-156 
4.691635e-156 
4.691635e-156 
4.691635e-156 
3.276699e-156 
3.276699e-156 
3.276699e-156 
3.215971e-156 
2.961450e-156 
2.961450e-156 
2.902973e-156 
2.188817e-156 
1.734013e-156 
1.734013e-156 
1.734013e-156 
1.454552e-156 
1.454552e-156 
1.399039e-156 
1.399039e-156 
1.276426e-156 
1.276426e-156 
1.164920e-156 
8.525564e-157 
8.525564e-157 
8.525564e-157 
8.525564e-157 
7.736998e-157 
6.990547e-157 
6.990547e-157 
6.110533e-157 
4.421748e-157 
3.415898e-157 
3.124603e-157 
2.803336e-157 
2.481626e-157 
1.904275e-157 
1.745601e-157 
1.745601e-157 
7.568274e-158 
6.179492e-158 
6.179492e-158 
6.179492e-158 
4.556554e-158 
3.392651e-158 
2.867871e-158 
2.867871e-158 
2.867871e-158 
2.867871e-158 
2.867871e-158 
2.545801e-158 
2.453548e-158 
2.157019e-158 
1.474420e-158 
1.474420e-158 
1.057671e-158 
1.057671e-158 
1.057671e-158 
9.303852e-159 
6.266662e-159 
6.266662e-159 
4.719542e-159 
4.719542e-159 
2.982197e-159 
1.939808e-159 
1.939808e-159 
1.797148e-159 
1.797148e-159 
1.676814e-159 
1.493616e-159 
1.493616e-159 
1.493616e-159 
5.467874e-160 
5.467874e-160 
5.467874e-160 
5.467874e-160 
3.114827e-160 
3.114827e-160 
3.114827e-160 
2.880265e-160 
2.508606e-160 
2.138589e-160 
2.138589e-160 
2.002385e-160 
2.002385e-160 
2.002385e-160 
1.834499e-160 
1.366165e-160 
7.417537e-161 
7.417537e-161 
6.769382e-161 
6.710699e-161 
5.500716e-161 
5.267350e-161 
5.267350e-161 
5.267350e-161 
2.566873e-161 
2.566873e-161 
1.663404e-161 
1.446904e-161 
1.446904e-161 
1.446904e-161 
1.173429e-161 
9.367198e-162 
9.367198e-162 
6.502878e-162 
4.332801e-162 
4.332801e-162 
4.332801e-162 
3.711305e-162 
3.711305e-162 
2.498594e-162 
1.916886e-162 
1.502900e-162 
1.502900e-162 
1.502900e-162 
1.073415e-162 
1.073415e-162 
1.073415e-162 
1.073415e-162 
5.783691e-163 
5.783691e-163 
5.783691e-163 
5.175310e-163 
4.486310e-163 
2.201904e-163 
2.201904e-163 
1.457001e-163 
1.457001e-163 
1.457001e-163 
1.291593e-163 
1.291593e-163 
6.171851e-164 
6.171851e-164 
6.149180e-164 
5.821148e-164 
5.097472e-164 
3.789327e-164 
3.210203e-164 
3.210203e-164 
3.079285e-164 
3.079285e-164 
3.079285e-164 
3.079285e-164 
1.969780e-164 
1.278294e-164 
1.032817e-164 
1.032817e-164 
1.011807e-164 
7.623418e-165 
6.276360e-165 
5.885262e-165 
5.570743e-165 
3.475198e-165 
3.475198e-165 
3.475198e-165 
1.911989e-165 
1.911989e-165 
1.468779e-165 
1.468779e-165 
8.778446e-166 
8.778446e-166 
8.545670e-166 
8.545670e-166 
8.545670e-166 
7.937871e-166 
7.937871e-166 
6.520961e-166 
6.087052e-166 
6.087052e-166 
4.796624e-166 
4.571880e-166 
4.213617e-166 
3.588578e-166 
2.418777e-166 
1.293606e-166 
8.915554e-167 
6.016313e-167 
4.572299e-167 
3.842938e-167 
3.254951e-167 
2.500394e-167 
2.500394e-167 
2.500394e-167 
2.088853e-167 
2.088853e-167 
1.913758e-167 
1.231069e-167 
9.831743e-168 
7.650140e-168 
4.740240e-168 
4.740240e-168 
4.740240e-168 
4.740240e-168 
3.598032e-168 
3.598032e-168 
3.598032e-168 
3.598032e-168 
3.598032e-168 
2.195428e-168 
2.195428e-168 
1.438999e-168 
1.438999e-168 
1.327185e-168 
1.121269e-168 
1.121269e-168 
7.811828e-169 
6.382480e-169 
6.309110e-169 
6.063953e-169 
3.949550e-169 
3.949550e-169 
3.782304e-169 
3.744176e-169 
2.763044e-169 
2.401823e-169 
2.401823e-169 
1.077029e-169 
1.077029e-169 
1.077029e-169 
8.869379e-170 
8.743640e-170 
6.711524e-170 
6.436618e-170 
5.027918e-170 
3.671704e-170 
3.301344e-170 
3.301344e-170 
3.301344e-170 
3.040699e-170 
2.748529e-170 
2.748529e-170 
2.748529e-170 
1.779162e-170 
1.336270e-170 
1.135417e-170 
1.133038e-170 
7.435519e-171 
7.435519e-171 
6.297815e-171 
6.297815e-171 
6.297815e-171 
6.213561e-171 
3.878497e-171 
3.878497e-171 
3.878497e-171 
3.670619e-171 
2.613427e-171 
2.613427e-171 
2.613427e-171 
2.406179e-171 
2.096956e-171 
2.050895e-171 
2.050895e-171 
1.887161e-171 
1.887161e-171 
1.019776e-171 
1.019776e-171 
1.019776e-171 
9.009288e-172 
9.009288e-172 
8.444500e-172 
8.444500e-172 
6.920293e-172 
6.920293e-172 
6.920293e-172 
6.453324e-172 
5.485506e-172 
5.124346e-172 
5.124346e-172 
5.124346e-172 
3.506451e-172 
3.184137e-172 
3.055133e-172 
2.852603e-172 
2.202057e-172 
2.202057e-172 
2.024777e-172 
2.024777e-172 
2.024777e-172 
1.929350e-172 
1.929350e-172 
1.214344e-172 
1.214344e-172 
1.188020e-172 
1.188020e-172 
1.188020e-172 
1.115654e-172 
9.537547e-173 
7.855281e-173 
5.828098e-173 
5.240512e-173 
5.240512e-173 
3.246598e-173 
1.867429e-173 
1.853209e-173 
1.853209e-173 
1.771000e-173 
1.771000e-173 
1.093155e-173 
1.093155e-173 
9.967454e-174 
9.967454e-174 
8.363317e-174 
4.524232e-174 
4.524232e-174 
3.844843e-174 
3.844843e-174 
3.844843e-174 
3.012452e-174 
2.560033e-174 
2.218991e-174 
2.073328e-174 
2.073328e-174 
2.073328e-174 
2.073328e-174 
1.517331e-174 
1.517331e-174 
1.517331e-174 
1.330153e-174 
1.168113e-174 
1.057337e-174 
1.057337e-174 
9.890689e-175 
9.657957e-175 
9.657957e-175 
6.047963e-175 
5.044205e-175 
2.434173e-175 
2.434173e-175 
2.310725e-175 
2.221938e-175 
2.221938e-175 
1.627199e-175 
1.627199e-175 
1.524018e-175 
1.211146e-175 
9.928905e-176 
7.709319e-176 
7.709319e-176 
7.709319e-176 
5.652631e-176 
3.673889e-176 
1.923179e-176 
1.096791e-176 
1.096791e-176 
1.096791e-176 
8.357711e-177 
7.747228e-177 
6.225408e-177 
3.729835e-177 
3.321398e-177 
3.321398e-177 
2.259104e-177 
2.259104e-177 
1.036755e-177 
1.036755e-177 
1.036755e-177 
1.036755e-177 
1.036755e-177 
7.593480e-178 
7.593480e-178 
7.593480e-178 
5.814965e-178 
5.814965e-178 
5.814965e-178 
4.234279e-178 
4.234279e-178 
4.221424e-178 
3.679940e-178 
3.679940e-178 
2.597588e-178 
2.079769e-178 
1.429627e-178 
1.242947e-178 
1.242947e-178 
9.071629e-179 
9.071629e-179 
9.071629e-179 
3.702363e-179 
3.702363e-179 
3.702363e-179 
3.702363e-179 
1.706163e-179 
1.635833e-179 
1.635833e-179 
1.635833e-179 
1.400119e-179 
1.159037e-179 
1.159037e-179 
9.436859e-180 
8.031664e-180 
8.031664e-180 
8.031664e-180 
6.676267e-180 
5.336236e-180 
3.876374e-180 
3.597789e-180 
1.810952e-180 
1.810952e-180 
1.810952e-180 
1.537750e-180 
1.537750e-180 
1.446093e-180 
1.446093e-180 
1.446093e-180 
1.029519e-180 
1.029519e-180 
7.025423e-181 
3.541533e-181 
3.541533e-181 
3.179701e-181 
3.179701e-181 
3.179701e-181 
3.179701e-181 
2.440234e-181 
2.440234e-181 
2.165722e-181 
2.104330e-181 
2.104330e-181 
2.104330e-181 
1.688526e-181 
1.543463e-181 
1.156953e-181 
1.156953e-181 
1.156953e-181 
7.727817e-182 
3.015719e-182 
3.015719e-182 
3.015719e-182 
3.015719e-182 
2.636418e-182 
2.636418e-182 
1.936740e-182 
1.936740e-182 
1.859880e-182 
1.859880e-182 
1.101606e-182 
1.101606e-182 
6.706518e-183 
3.566187e-183 
3.566187e-183 
3.566187e-183 
3.566187e-183 
3.263920e-183 
2.651384e-183 
2.651384e-183 
2.406863e-183 
2.406863e-183 
2.406863e-183 
1.909446e-183 
1.376113e-183 
9.655824e-184 
9.655824e-184 
9.241742e-184 
8.795952e-184 
5.901012e-184 
5.901012e-184 
3.912923e-184 
3.796132e-184 
3.796132e-184 
3.413463e-184 
3.261745e-184 
3.261745e-184 
2.850055e-184 
2.656456e-184 
2.621890e-184 
2.616866e-184 
1.958751e-184 
1.646249e-184 
1.394829e-184 
1.394829e-184 
1.013478e-184 
1.013478e-184 
1.013478e-184 
1.013478e-184 
7.074074e-185 
4.418987e-185 
3.867013e-185 
3.867013e-185 
3.867013e-185 
3.867013e-185 
3.565380e-185 
2.406115e-185 
2.227455e-185 
1.720952e-185 
9.228495e-186 
9.228495e-186 
9.228495e-186 
9.228495e-186 
9.228495e-186 
9.228495e-186 
6.048622e-186 
6.048622e-186 
6.048622e-186 
4.761191e-186 
3.876315e-186 
3.794458e-186 
3.794458e-186 
3.340188e-186 
3.020282e-186 
2.808376e-186 
2.572557e-186 
2.405679e-186 
2.405679e-186 
2.405679e-186 
1.081325e-186 
9.172030e-187 
8.702025e-187 
8.702025e-187 
7.447939e-187 
7.447939e-187 
4.243061e-187 
4.243061e-187 
4.243061e-187 
3.846278e-187 
3.595075e-187 
3.437683e-187 
3.437683e-187 
3.012215e-187 
1.972640e-187 
6.742318e-188 
5.614762e-188 
5.614762e-188 
5.614762e-188 
5.614762e-188 
4.410957e-188 
2.711884e-188 
2.711884e-188 
2.711884e-188 
1.409613e-188 
1.409613e-188 
1.409613e-188 
1.379976e-188 
1.379976e-188 
7.979250e-189 
7.979250e-189 
6.578936e-189 
6.578936e-189 
6.403015e-189 
6.403015e-189 
6.318521e-189 
6.318521e-189 
5.015668e-189 
3.960865e-189 
3.149493e-189 
2.762893e-189 
2.063064e-189 
1.977351e-189 
1.173873e-189 
1.042493e-189 
1.042493e-189 
7.816913e-190 
4.960062e-190 
4.960062e-190 
4.422291e-190 
4.422291e-190 
2.382725e-190 
2.382725e-190 
2.382725e-190 
2.382725e-190 
1.597971e-190 
1.498128e-190 
1.498128e-190 
1.264188e-190 
1.071519e-190 
1.071519e-190 
1.071519e-190 
1.071519e-190 
6.825832e-191 
5.576554e-191 
5.561345e-191 
4.387508e-191 
4.285697e-191 
2.879768e-191 
1.381330e-191 
1.381330e-191 
1.381330e-191 
1.321602e-191 
1.230654e-191 
1.230654e-191 
1.230654e-191 
1.023226e-191 
1.023226e-191 
9.640060e-192 
9.640060e-192 
9.640060e-192 
7.616595e-192 
4.826726e-192 
4.806785e-192 
3.421260e-192 
3.060551e-192 
3.060551e-192 
3.060551e-192 
2.634229e-192 
1.795881e-192 
1.795881e-192 
1.795881e-192 
1.795881e-192 
1.451794e-192 
1.293835e-192 
1.154210e-192 
7.896635e-193 
4.270873e-193 
4.270873e-193 
4.015930e-193 
4.015930e-193 
4.015930e-193 
4.015930e-193 
3.568386e-193 
3.568386e-193 
2.594878e-193 
1.130497e-193 
5.521972e-194 
5.521972e-194 
5.521972e-194 
3.230052e-194 
2.935145e-194 
2.732643e-194 
2.732643e-194 
2.732643e-194 
2.732643e-194 
2.371928e-194 
2.371928e-194 
2.371928e-194 
2.040552e-194 
1.709947e-194 
1.478895e-194 
6.838698e-195 
5.590831e-195 
5.590831e-195 
4.748122e-195 
3.850286e-195 
3.676925e-195 
2.754473e-195 
2.149564e-195 
2.149564e-195 
1.806175e-195 
1.603682e-195 
1.603682e-195 
1.058371e-195 
1.058371e-195 
1.058371e-195 
1.058371e-195 
1.014738e-195 
1.014572e-195 
7.117836e-196 
7.117836e-196 
4.152720e-196 
4.152720e-196 
4.152720e-196 
4.152720e-196 
2.752135e-196 
2.752135e-196 
2.752135e-196 
2.358477e-196 
2.081450e-196 
2.081450e-196 
1.300805e-196 
1.208286e-196 
1.208286e-196 
1.208286e-196 
6.228601e-197 
6.228601e-197 
6.228601e-197 
6.228601e-197 
4.715197e-197 
4.715197e-197 
4.063216e-197 
3.237266e-197 
3.237266e-197 
2.742663e-197 
2.722717e-197 
2.431820e-197 
1.684494e-197 
1.684494e-197 
1.372639e-197 
8.819790e-198 
8.819790e-198 
8.484800e-198 
6.765701e-198 
6.765701e-198 
6.765701e-198 
4.214873e-198 
3.140128e-198 
3.140128e-198 
2.990615e-198 
2.990615e-198 
2.563881e-198 
2.395495e-198 
2.185251e-198 
1.939604e-198 
1.939604e-198 
1.469815e-198 
1.304338e-198 
1.276867e-198 
1.218991e-198 
9.940740e-199 
7.324579e-199 
6.334001e-199 
6.334001e-199 
3.733857e-199 
3.733857e-199 
2.325428e-199 
2.325428e-199 
1.983992e-199 
1.983992e-199 
1.983992e-199 
1.983992e-199 
1.983992e-199 
1.983992e-199 
1.908399e-199 
1.908399e-199 
1.738569e-199 
1.738569e-199 
1.738569e-199 
1.738569e-199 
1.421870e-199 
9.695125e-200 
8.355538e-200 
8.355538e-200 
5.482385e-200 
5.482385e-200 
5.210560e-200 
5.210560e-200 
5.210560e-200 
2.226598e-200 
1.902161e-200 
1.902161e-200 
1.664625e-200 
1.498798e-200 
1.498798e-200 
1.456153e-200 
9.825794e-201 
9.474085e-201 
9.474085e-201 
9.474085e-201 
3.365147e-201 
2.504081e-201 
2.080061e-201 
1.182938e-201 
1.182938e-201 
1.182938e-201 
1.117295e-201 
1.093114e-201 
1.085416e-201 
1.085416e-201 
1.000373e-201 
1.000373e-201 
7.794632e-202 
6.889441e-202 
6.889441e-202 
3.575086e-202 
3.344371e-202 
2.744922e-202 
2.744922e-202 
2.591346e-202 
2.168725e-202 
2.168725e-202 
2.168725e-202 
2.168725e-202 
1.900258e-202 
1.581187e-202 
1.386045e-202 
1.386045e-202 
1.346409e-202 
1.346409e-202 
9.752425e-203 
9.752425e-203 
7.677393e-203 
7.677393e-203 
6.897530e-203 
5.812822e-203 
3.764752e-203 
2.286955e-203 
2.286955e-203 
1.791102e-203 
1.791102e-203 
1.791102e-203 
1.605532e-203 
1.131981e-203 
8.466310e-204 
8.466310e-204 
6.057904e-204 
6.057904e-204 
6.057904e-204 
6.057904e-204 
6.033082e-204 
6.033082e-204 
3.928568e-204 
3.356624e-204 
3.261251e-204 
3.100180e-204 
3.100180e-204 
3.045330e-204 
3.045330e-204 
2.161056e-204 
2.007793e-204 
1.801873e-204 
1.513835e-204 
1.508012e-204 
1.508012e-204 
8.350645e-205 
8.350645e-205 
6.510966e-205 
6.510966e-205 
6.510966e-205 
5.672759e-205 
5.672759e-205 
4.350687e-205 
3.337913e-205 
3.337913e-205 
3.337913e-205 
3.337913e-205 
3.186055e-205 
2.716826e-205 
2.492732e-205 
2.314161e-205 
1.304776e-205 
1.264003e-205 
1.122987e-205 
1.004487e-205 
9.520044e-206 
5.593139e-206 
5.593139e-206 
5.593139e-206 
5.226335e-206 
3.479024e-206 
2.936744e-206 
2.359120e-206 
2.359120e-206 
1.331115e-206 
1.259340e-206 
2.995845e-207 
2.995845e-207 
2.995845e-207 
2.995845e-207 
1.563700e-207 
1.563700e-207 
1.472900e-207 
5.395100e-208 
5.395100e-208 
5.395100e-208 
5.395100e-208 
2.943141e-208 
2.861710e-208 
2.861710e-208 
1.642526e-208 
1.642526e-208 
1.642526e-208 
9.800666e-209 
9.800666e-209 
9.800666e-209 
9.561115e-209 
9.561115e-209 
7.820354e-209 
5.101335e-209 
4.836821e-209 
4.461536e-209 
4.298939e-209 
4.298939e-209 
2.815101e-209 
2.440362e-209 
2.270722e-209 
2.266972e-209 
2.043881e-209 
1.645485e-209 
1.584314e-209 
1.235256e-209 
1.235256e-209 
1.017627e-209 
8.715105e-210 
7.415925e-210 
4.692467e-210 
4.247557e-210 
4.247557e-210 
3.489252e-210 
3.489252e-210 
3.244225e-210 
3.018436e-210 
2.251999e-210 
1.981157e-210 
1.329257e-210 
1.329257e-210 
8.999328e-211 
6.115933e-211 
6.115933e-211 
5.614633e-211 
4.279530e-211 
2.998854e-211 
2.998854e-211 
2.998854e-211 
2.662637e-211 
2.662637e-211 
2.202977e-211 
7.398083e-212 
4.580853e-212 
4.580853e-212 
4.580853e-212 
4.580853e-212 
4.052161e-212 
2.514091e-212 
2.514091e-212 
2.170848e-212 
1.662434e-212 
1.662434e-212 
1.252203e-212 
1.252203e-212 
1.252203e-212 
9.035418e-213 
9.035418e-213 
7.518179e-213 
7.518179e-213 
4.985208e-213 
4.985208e-213 
4.182842e-213 
4.182842e-213 
4.182842e-213 
2.662223e-213 
2.483541e-213 
2.483541e-213 
2.483541e-213 
1.493594e-213 
1.040947e-213 
7.530002e-214 
7.139912e-214 
4.105207e-214 
3.760462e-214 
3.760462e-214 
3.760462e-214 
2.246376e-214 
2.246376e-214 
1.910374e-214 
1.910374e-214 
1.808399e-214 
9.990777e-215 
7.265815e-215 
6.018831e-215 
5.433216e-215 
5.433216e-215 
5.115144e-215 
5.115144e-215 
4.322904e-215 
4.322904e-215 
3.242990e-215 
2.934950e-215 
2.781879e-215 
2.781879e-215 
2.089530e-215 
1.798477e-215 
1.798477e-215 
1.798477e-215 
1.575327e-215 
1.371464e-215 
1.371464e-215 
1.371464e-215 
1.371464e-215 
7.765015e-216 
6.782894e-216 
4.140667e-216 
4.140667e-216 
4.140667e-216 
2.614348e-216 
2.471691e-216 
2.450603e-216 
2.450603e-216 
1.937425e-216 
1.432320e-216 
1.388636e-216 
1.150267e-216 
8.952284e-217 
8.599476e-217 
5.991533e-217 
4.222831e-217 
3.400852e-217 
3.400852e-217 
3.188745e-217 
1.058178e-217 
1.058178e-217 
1.058178e-217 
1.021022e-217 
1.021022e-217 
8.886006e-218 
8.886006e-218 
8.886006e-218 
8.886006e-218 
6.206415e-218 
4.970748e-218 
4.365736e-218 
4.249260e-218 
4.005322e-218 
3.981476e-218 
2.270390e-218 
2.075504e-218 
1.909370e-218 
1.530547e-218 
1.249762e-218 
8.773170e-219 
8.773170e-219 
8.773170e-219 
6.987638e-219 
6.987638e-219 
5.007511e-219 
3.802863e-219 
3.802863e-219 
2.816396e-219 
2.816396e-219 
2.614824e-219 
1.074483e-219 
1.074483e-219 
1.042881e-219 
1.042881e-219 
1.042881e-219 
4.771556e-220 
4.771556e-220 
4.484867e-220 
2.741529e-220 
2.741529e-220 
2.605088e-220 
2.605088e-220 
2.605088e-220 
2.605088e-220 
2.605088e-220 
2.148188e-220 
1.678647e-220 
1.023506e-220 
1.023506e-220 
9.890786e-221 
7.860219e-221 
7.860219e-221 
5.960751e-221 
5.960751e-221 
5.960751e-221 
3.952368e-221 
3.952368e-221 
3.952368e-221 
2.627782e-221 
2.271826e-221 
2.271826e-221 
2.150168e-221 
1.824380e-221 
9.788305e-222 
6.927329e-222 
6.927329e-222 
6.927329e-222 
6.116313e-222 
5.389383e-222 
5.389383e-222 
5.389383e-222 
3.029185e-222 
3.029185e-222 
2.529315e-222 
2.526879e-222 
2.526879e-222 
2.245692e-222 
2.140783e-222 
2.140783e-222 
4.250244e-223 
4.250244e-223 
4.250244e-223 
4.250244e-223 
4.250244e-223 
4.250244e-223 
3.879333e-223 
3.377461e-223 
2.486196e-223 
2.316848e-223 
1.559235e-223 
1.559235e-223 
1.559235e-223 
1.406218e-223 
9.254380e-224 
8.400619e-224 
8.230381e-224 
8.230381e-224 
7.984769e-224 
7.196465e-224 
7.196465e-224 
6.333285e-224 
6.333285e-224 
6.333285e-224 
3.206335e-224 
2.381168e-224 
1.792138e-224 
1.792138e-224 
1.345338e-224 
8.967304e-225 
8.967304e-225 
8.860073e-225 
8.860073e-225 
8.860073e-225 
7.063889e-225 
5.298528e-225 
3.959393e-225 
1.750376e-225 
1.632388e-225 
1.632388e-225 
1.363637e-225 
1.065368e-225 
1.065368e-225 
9.890617e-226 
