9.798059e+03 
9.798059e+03 
9.798059e+03 
9.798059e+03 
9.636308e+03 
9.636308e+03 
9.350492e+03 
9.350492e+03 
9.350492e+03 
9.350492e+03 
9.350492e+03 
9.350492e+03 
9.350492e+03 
9.260130e+03 
9.161146e+03 
9.161146e+03 
9.161146e+03 
9.161146e+03 
9.161146e+03 
9.161146e+03 
9.161146e+03 
9.161146e+03 
9.161146e+03 
9.161146e+03 
9.161146e+03 
9.067825e+03 
9.067825e+03 
9.067825e+03 
9.067825e+03 
9.067825e+03 
8.603684e+03 
8.603684e+03 
8.603684e+03 
8.603684e+03 
8.603684e+03 
8.603684e+03 
8.603684e+03 
8.603684e+03 
8.603684e+03 
8.603684e+03 
8.603684e+03 
8.603684e+03 
8.603684e+03 
8.603684e+03 
8.603684e+03 
8.603684e+03 
8.603684e+03 
8.603684e+03 
8.603684e+03 
8.603684e+03 
8.603684e+03 
8.603684e+03 
8.603684e+03 
8.603684e+03 
8.603684e+03 
8.603684e+03 
8.603684e+03 
8.603684e+03 
8.603684e+03 
8.603684e+03 
8.603684e+03 
8.603684e+03 
8.603684e+03 
8.603684e+03 
8.603684e+03 
8.603684e+03 
8.603684e+03 
8.603684e+03 
8.603684e+03 
8.603684e+03 
8.603684e+03 
8.603684e+03 
8.603684e+03 
8.603684e+03 
8.603684e+03 
8.603684e+03 
8.603684e+03 
8.603684e+03 
8.603684e+03 
8.603684e+03 
8.603684e+03 
8.603684e+03 
8.603684e+03 
8.603684e+03 
8.603684e+03 
8.603684e+03 
8.603684e+03 
8.603684e+03 
8.603684e+03 
8.603684e+03 
8.603684e+03 
8.603684e+03 
8.603684e+03 
8.603684e+03 
8.603684e+03 
8.603684e+03 
8.603684e+03 
8.603684e+03 
8.603684e+03 
8.603684e+03 
8.603684e+03 
8.603684e+03 
8.603684e+03 
8.603684e+03 
8.603684e+03 
8.603684e+03 
8.603684e+03 
8.603684e+03 
8.603684e+03 
8.603684e+03 
8.603684e+03 
8.603684e+03 
8.603684e+03 
8.603684e+03 
8.603684e+03 
8.603684e+03 
8.603684e+03 
8.603684e+03 
8.603684e+03 
8.603684e+03 
8.603684e+03 
8.603684e+03 
8.603684e+03 
8.603684e+03 
8.603684e+03 
8.603684e+03 
8.603684e+03 
8.603684e+03 
8.603684e+03 
8.603684e+03 
8.603684e+03 
8.603684e+03 
8.603684e+03 
8.603684e+03 
8.603684e+03 
8.603684e+03 
8.603684e+03 
8.603684e+03 
8.603684e+03 
8.603684e+03 
8.603684e+03 
8.603684e+03 
8.603684e+03 
8.603684e+03 
8.603684e+03 
8.603684e+03 
8.603684e+03 
8.603684e+03 
8.603684e+03 
8.603684e+03 
8.603684e+03 
8.603684e+03 
8.603684e+03 
8.603684e+03 
8.603684e+03 
8.603684e+03 
8.603684e+03 
8.603684e+03 
8.603684e+03 
8.603684e+03 
8.603684e+03 
8.442114e+03 
8.442114e+03 
8.442114e+03 
8.442114e+03 
8.442114e+03 
8.442114e+03 
8.442114e+03 
8.442114e+03 
8.442114e+03 
8.442114e+03 
8.442114e+03 
8.442114e+03 
8.442114e+03 
8.442114e+03 
8.442114e+03 
8.442114e+03 
8.442114e+03 
8.442114e+03 
8.442114e+03 
8.442114e+03 
8.442114e+03 
8.442114e+03 
8.442114e+03 
8.442114e+03 
8.442114e+03 
8.442114e+03 
8.442114e+03 
8.442114e+03 
8.442114e+03 
8.442114e+03 
8.442114e+03 
8.442114e+03 
8.442114e+03 
8.442114e+03 
8.442114e+03 
8.442114e+03 
8.442114e+03 
8.442114e+03 
8.442114e+03 
8.442114e+03 
8.442114e+03 
8.442114e+03 
8.442114e+03 
8.442114e+03 
8.442114e+03 
8.442114e+03 
8.442114e+03 
8.442114e+03 
8.442114e+03 
8.442114e+03 
8.442114e+03 
8.442114e+03 
8.442114e+03 
8.442114e+03 
8.442114e+03 
8.105906e+03 
8.105906e+03 
8.105906e+03 
8.105906e+03 
8.105906e+03 
8.105906e+03 
8.105906e+03 
8.105906e+03 
8.105906e+03 
8.105906e+03 
8.105906e+03 
8.105906e+03 
8.105906e+03 
8.105906e+03 
8.105906e+03 
8.105906e+03 
8.105906e+03 
8.105906e+03 
8.105906e+03 
8.105906e+03 
8.105906e+03 
8.105906e+03 
8.105906e+03 
8.105906e+03 
8.105906e+03 
8.105906e+03 
8.105906e+03 
8.105906e+03 
8.105906e+03 
8.105906e+03 
8.105906e+03 
8.105906e+03 
8.105906e+03 
8.105906e+03 
8.105906e+03 
8.105906e+03 
8.105906e+03 
8.105906e+03 
8.105906e+03 
8.105906e+03 
8.105906e+03 
8.105906e+03 
8.105906e+03 
8.105906e+03 
8.105906e+03 
8.105906e+03 
8.105906e+03 
8.105906e+03 
8.105906e+03 
8.105906e+03 
8.105906e+03 
8.105906e+03 
8.105906e+03 
8.105906e+03 
8.105906e+03 
8.105906e+03 
8.105906e+03 
8.105906e+03 
8.105906e+03 
8.105906e+03 
8.105906e+03 
8.105906e+03 
8.105906e+03 
8.105906e+03 
8.105906e+03 
8.105906e+03 
8.105906e+03 
8.105906e+03 
8.105906e+03 
8.105906e+03 
8.105906e+03 
8.105906e+03 
8.105906e+03 
8.105906e+03 
8.105906e+03 
8.105906e+03 
8.105906e+03 
8.105906e+03 
8.105906e+03 
8.105906e+03 
8.105906e+03 
8.105906e+03 
8.105906e+03 
8.105906e+03 
8.105906e+03 
8.105906e+03 
8.105906e+03 
8.105906e+03 
8.105906e+03 
8.105906e+03 
8.105906e+03 
8.105906e+03 
8.105906e+03 
8.105906e+03 
8.105906e+03 
8.105906e+03 
8.105906e+03 
8.105906e+03 
8.105906e+03 
8.105906e+03 
8.105906e+03 
8.105906e+03 
8.105906e+03 
8.105906e+03 
8.105906e+03 
8.105906e+03 
8.105906e+03 
8.105906e+03 
8.105906e+03 
8.105906e+03 
8.105906e+03 
8.105906e+03 
8.105906e+03 
8.105906e+03 
8.105906e+03 
8.105906e+03 
8.105906e+03 
8.105906e+03 
8.105906e+03 
8.105906e+03 
8.105906e+03 
8.105906e+03 
8.105906e+03 
8.105906e+03 
8.105906e+03 
8.105906e+03 
8.105906e+03 
8.105906e+03 
8.105906e+03 
8.105906e+03 
8.105906e+03 
8.105906e+03 
8.105906e+03 
8.105906e+03 
8.105906e+03 
8.105906e+03 
8.105906e+03 
8.105906e+03 
8.105906e+03 
8.105906e+03 
8.105906e+03 
8.105906e+03 
8.105906e+03 
8.105906e+03 
8.105906e+03 
8.105906e+03 
8.105906e+03 
8.105906e+03 
8.105906e+03 
8.105906e+03 
8.105906e+03 
8.105906e+03 
8.105906e+03 
8.105906e+03 
8.105906e+03 
8.105906e+03 
8.105906e+03 
8.105906e+03 
8.105906e+03 
8.105906e+03 
8.105906e+03 
8.105906e+03 
8.105906e+03 
8.105906e+03 
8.105906e+03 
8.105906e+03 
8.105906e+03 
8.105906e+03 
8.105906e+03 
8.105906e+03 
8.105906e+03 
8.105906e+03 
8.105906e+03 
8.105906e+03 
8.105906e+03 
8.105906e+03 
8.105906e+03 
8.105906e+03 
8.105906e+03 
8.105906e+03 
8.105906e+03 
8.105906e+03 
8.105906e+03 
8.105906e+03 
8.105906e+03 
8.105906e+03 
8.105906e+03 
8.105906e+03 
8.105906e+03 
8.105906e+03 
8.105906e+03 
8.105906e+03 
8.105906e+03 
8.105906e+03 
8.105906e+03 
8.105906e+03 
8.105906e+03 
8.105906e+03 
8.105906e+03 
8.105906e+03 
8.105906e+03 
8.105906e+03 
8.105906e+03 
8.105906e+03 
8.105906e+03 
8.105906e+03 
8.105906e+03 
8.105906e+03 
8.105906e+03 
8.105906e+03 
8.105906e+03 
8.105906e+03 
8.105906e+03 
8.105906e+03 
8.105906e+03 
8.105906e+03 
8.105906e+03 
8.105906e+03 
7.621497e+03 
7.621497e+03 
7.621497e+03 
7.621497e+03 
7.621497e+03 
7.621497e+03 
7.621497e+03 
7.621497e+03 
7.451142e+03 
7.451142e+03 
7.451142e+03 
7.451142e+03 
7.451142e+03 
7.451142e+03 
7.451142e+03 
7.451142e+03 
7.451142e+03 
7.451142e+03 
7.451142e+03 
7.451142e+03 
7.451142e+03 
7.451142e+03 
7.451142e+03 
7.451142e+03 
7.451142e+03 
7.451142e+03 
7.451142e+03 
7.451142e+03 
7.451142e+03 
7.451142e+03 
7.451142e+03 
7.451142e+03 
7.451142e+03 
7.451142e+03 
7.451142e+03 
7.451142e+03 
7.451142e+03 
7.451142e+03 
7.451142e+03 
7.451142e+03 
7.451142e+03 
7.451142e+03 
7.451142e+03 
7.451142e+03 
7.451142e+03 
7.451142e+03 
7.451142e+03 
7.451142e+03 
7.451142e+03 
7.451142e+03 
7.451142e+03 
7.451142e+03 
7.451142e+03 
7.451142e+03 
7.451142e+03 
7.451142e+03 
7.451142e+03 
7.451142e+03 
7.451142e+03 
7.451142e+03 
7.451142e+03 
7.451142e+03 
7.451142e+03 
7.451142e+03 
7.451142e+03 
7.451142e+03 
7.451142e+03 
7.451142e+03 
7.451142e+03 
7.451142e+03 
7.451142e+03 
7.451142e+03 
7.451142e+03 
7.451142e+03 
7.451142e+03 
7.451142e+03 
7.451142e+03 
7.451142e+03 
7.451142e+03 
7.451142e+03 
7.451142e+03 
7.451142e+03 
7.451142e+03 
7.451142e+03 
7.451142e+03 
7.451142e+03 
7.451142e+03 
7.451142e+03 
7.451142e+03 
7.451142e+03 
7.451142e+03 
7.451142e+03 
7.451142e+03 
7.451142e+03 
7.451142e+03 
7.451142e+03 
7.451142e+03 
7.451142e+03 
7.451142e+03 
7.451142e+03 
7.451142e+03 
7.451142e+03 
7.451142e+03 
7.451142e+03 
7.451142e+03 
7.451142e+03 
7.451142e+03 
7.451142e+03 
7.451142e+03 
7.451142e+03 
7.451142e+03 
7.451142e+03 
7.451142e+03 
7.451142e+03 
7.451142e+03 
7.451142e+03 
7.451142e+03 
7.451142e+03 
7.451142e+03 
7.451142e+03 
7.451142e+03 
7.451142e+03 
7.451142e+03 
7.451142e+03 
7.451142e+03 
7.325219e+03 
7.325219e+03 
7.325219e+03 
7.325219e+03 
7.325219e+03 
7.325219e+03 
7.325219e+03 
7.325219e+03 
7.325219e+03 
7.325219e+03 
7.325219e+03 
7.325219e+03 
7.325219e+03 
7.325219e+03 
7.325219e+03 
7.325219e+03 
7.325219e+03 
7.325219e+03 
7.325219e+03 
7.325219e+03 
7.325219e+03 
7.325219e+03 
7.325219e+03 
7.325219e+03 
7.325219e+03 
7.325219e+03 
7.325219e+03 
7.325219e+03 
7.325219e+03 
7.325219e+03 
7.325219e+03 
7.325219e+03 
7.325219e+03 
7.325219e+03 
7.325219e+03 
7.325219e+03 
7.325219e+03 
7.325219e+03 
7.325219e+03 
7.325219e+03 
7.325219e+03 
7.325219e+03 
7.325219e+03 
7.325219e+03 
7.325219e+03 
7.325219e+03 
7.325219e+03 
7.325219e+03 
7.325219e+03 
7.325219e+03 
7.325219e+03 
7.325219e+03 
7.325219e+03 
7.325219e+03 
7.325219e+03 
7.325219e+03 
7.325219e+03 
7.325219e+03 
7.325219e+03 
7.325219e+03 
7.325219e+03 
7.325219e+03 
7.325219e+03 
7.325219e+03 
7.325219e+03 
7.325219e+03 
7.325219e+03 
7.325219e+03 
7.325219e+03 
7.325219e+03 
7.325219e+03 
7.325219e+03 
7.325219e+03 
7.325219e+03 
7.325219e+03 
7.325219e+03 
7.325219e+03 
7.325219e+03 
7.325219e+03 
7.325219e+03 
7.325219e+03 
7.325219e+03 
7.325219e+03 
7.325219e+03 
7.325219e+03 
7.325219e+03 
7.325219e+03 
7.325219e+03 
7.325219e+03 
7.325219e+03 
7.325219e+03 
7.325219e+03 
7.325219e+03 
7.325219e+03 
7.325219e+03 
7.325219e+03 
7.325219e+03 
7.325219e+03 
7.325219e+03 
7.325219e+03 
7.325219e+03 
7.325219e+03 
7.325219e+03 
7.325219e+03 
7.325219e+03 
7.325219e+03 
7.325219e+03 
7.325219e+03 
7.325219e+03 
7.325219e+03 
7.325219e+03 
7.325219e+03 
7.325219e+03 
7.325219e+03 
7.325219e+03 
7.325219e+03 
7.325219e+03 
7.325219e+03 
7.325219e+03 
7.325219e+03 
7.325219e+03 
7.325219e+03 
7.325219e+03 
7.325219e+03 
7.325219e+03 
7.325219e+03 
7.325219e+03 
7.325219e+03 
7.325219e+03 
7.325219e+03 
7.325219e+03 
7.325219e+03 
7.325219e+03 
7.325219e+03 
7.325219e+03 
7.325219e+03 
7.325219e+03 
7.325219e+03 
7.325219e+03 
7.325219e+03 
7.325219e+03 
7.325219e+03 
7.325219e+03 
7.325219e+03 
7.325219e+03 
7.325219e+03 
7.325219e+03 
7.325219e+03 
7.325219e+03 
7.325219e+03 
7.325219e+03 
7.325219e+03 
7.325219e+03 
7.325219e+03 
7.325219e+03 
7.325219e+03 
7.325219e+03 
7.325219e+03 
7.325219e+03 
7.325219e+03 
7.325219e+03 
7.325219e+03 
7.325219e+03 
7.325219e+03 
7.325219e+03 
7.325219e+03 
7.325219e+03 
7.325219e+03 
7.325219e+03 
7.325219e+03 
7.325219e+03 
7.325219e+03 
7.325219e+03 
7.325219e+03 
7.325219e+03 
7.325219e+03 
7.325219e+03 
7.325219e+03 
7.325219e+03 
7.325219e+03 
7.325219e+03 
7.325219e+03 
7.325219e+03 
7.325219e+03 
7.325219e+03 
7.325219e+03 
7.325219e+03 
7.325219e+03 
7.325219e+03 
7.325219e+03 
7.325219e+03 
7.325219e+03 
7.325219e+03 
7.325219e+03 
7.325219e+03 
7.325219e+03 
7.325219e+03 
7.325219e+03 
7.325219e+03 
7.325219e+03 
7.325219e+03 
7.325219e+03 
7.325219e+03 
7.325219e+03 
7.325219e+03 
7.325219e+03 
7.325219e+03 
7.325219e+03 
7.325219e+03 
7.325219e+03 
7.325219e+03 
7.325219e+03 
7.325219e+03 
7.325219e+03 
7.325219e+03 
7.325219e+03 
7.325219e+03 
7.325219e+03 
7.325219e+03 
7.325219e+03 
7.325219e+03 
7.325219e+03 
7.325219e+03 
7.325219e+03 
7.325219e+03 
7.325219e+03 
7.325219e+03 
7.325219e+03 
7.325219e+03 
7.325219e+03 
7.325219e+03 
7.325219e+03 
7.325219e+03 
7.325219e+03 
7.325219e+03 
7.325219e+03 
7.325219e+03 
7.325219e+03 
7.325219e+03 
7.325219e+03 
7.325219e+03 
7.325219e+03 
7.325219e+03 
7.325219e+03 
7.325219e+03 
7.325219e+03 
7.325219e+03 
7.325219e+03 
7.325219e+03 
7.325219e+03 
7.325219e+03 
7.325219e+03 
7.325219e+03 
7.325219e+03 
7.325219e+03 
7.325219e+03 
7.325219e+03 
7.325219e+03 
7.325219e+03 
7.325219e+03 
7.325219e+03 
7.325219e+03 
7.325219e+03 
7.325219e+03 
7.325219e+03 
7.325219e+03 
7.325219e+03 
7.325219e+03 
7.325219e+03 
7.325219e+03 
7.325219e+03 
7.325219e+03 
7.325219e+03 
7.325219e+03 
7.325219e+03 
7.325219e+03 
7.325219e+03 
7.325219e+03 
7.325219e+03 
7.325219e+03 
7.325219e+03 
7.325219e+03 
7.325219e+03 
7.325219e+03 
7.325219e+03 
7.325219e+03 
7.325219e+03 
7.325219e+03 
7.325219e+03 
7.325219e+03 
7.325219e+03 
7.325219e+03 
7.325219e+03 
7.325219e+03 
7.325219e+03 
7.325219e+03 
7.325219e+03 
7.325219e+03 
7.325219e+03 
7.325219e+03 
7.325219e+03 
7.325219e+03 
7.325219e+03 
7.325219e+03 
7.325219e+03 
7.325219e+03 
7.325219e+03 
7.325219e+03 
7.325219e+03 
7.325219e+03 
7.325219e+03 
7.325219e+03 
7.325219e+03 
7.311225e+03 
7.311225e+03 
7.311225e+03 
7.311225e+03 
7.311225e+03 
7.311225e+03 
6.846923e+03 
6.846923e+03 
6.846923e+03 
6.846923e+03 
6.846923e+03 
6.846923e+03 
6.846923e+03 
6.846923e+03 
6.846923e+03 
6.846923e+03 
6.846923e+03 
6.846923e+03 
6.846923e+03 
6.846923e+03 
6.846923e+03 
6.382412e+03 
6.382412e+03 
6.382412e+03 
6.382412e+03 
6.382412e+03 
6.382412e+03 
6.382412e+03 
6.382412e+03 
6.382412e+03 
6.382412e+03 
6.382412e+03 
6.382412e+03 
6.382412e+03 
6.382412e+03 
6.382412e+03 
6.382412e+03 
6.382412e+03 
6.382412e+03 
6.382412e+03 
6.382412e+03 
6.382412e+03 
6.382412e+03 
6.382412e+03 
6.382412e+03 
6.382412e+03 
6.382412e+03 
6.382412e+03 
6.382412e+03 
6.382412e+03 
6.382412e+03 
6.382412e+03 
6.382412e+03 
6.382412e+03 
6.382412e+03 
6.382412e+03 
6.382412e+03 
6.382412e+03 
6.382412e+03 
6.382412e+03 
6.382412e+03 
6.382412e+03 
6.382412e+03 
6.382412e+03 
6.382412e+03 
6.382412e+03 
6.382412e+03 
6.382412e+03 
6.382412e+03 
6.382412e+03 
6.382412e+03 
6.382412e+03 
6.382412e+03 
6.382412e+03 
6.382412e+03 
6.382412e+03 
6.382412e+03 
6.382412e+03 
6.382412e+03 
6.382412e+03 
6.382412e+03 
6.382412e+03 
6.382412e+03 
6.382412e+03 
6.382412e+03 
6.382412e+03 
6.382412e+03 
6.382412e+03 
6.382412e+03 
6.382412e+03 
6.382412e+03 
6.382412e+03 
6.382412e+03 
6.382412e+03 
6.382412e+03 
6.382412e+03 
6.382412e+03 
6.382412e+03 
6.382412e+03 
6.382412e+03 
6.382412e+03 
6.382412e+03 
6.382412e+03 
6.382412e+03 
6.382412e+03 
6.382412e+03 
6.382412e+03 
6.382412e+03 
6.382412e+03 
6.382412e+03 
6.382412e+03 
6.382412e+03 
6.382412e+03 
6.382412e+03 
6.382412e+03 
6.382412e+03 
6.382412e+03 
6.382412e+03 
6.382412e+03 
6.382412e+03 
6.382412e+03 
6.382412e+03 
6.382412e+03 
6.382412e+03 
6.382412e+03 
6.382412e+03 
6.382412e+03 
6.382412e+03 
6.382412e+03 
6.382412e+03 
6.382412e+03 
6.382412e+03 
6.382412e+03 
6.382412e+03 
6.382412e+03 
6.382412e+03 
6.382412e+03 
6.382412e+03 
6.382412e+03 
6.382412e+03 
6.382412e+03 
6.382412e+03 
6.382412e+03 
6.382412e+03 
6.382412e+03 
6.382412e+03 
6.382412e+03 
6.382412e+03 
6.382412e+03 
6.382412e+03 
6.382412e+03 
6.382412e+03 
6.382412e+03 
6.382412e+03 
6.382412e+03 
6.382412e+03 
6.382412e+03 
6.382412e+03 
6.382412e+03 
6.382412e+03 
6.382412e+03 
6.382412e+03 
6.382412e+03 
6.382412e+03 
6.382412e+03 
6.382412e+03 
6.382412e+03 
6.382412e+03 
6.382412e+03 
6.382412e+03 
6.382412e+03 
6.382412e+03 
6.382412e+03 
6.382412e+03 
6.382412e+03 
6.382412e+03 
6.382412e+03 
6.382412e+03 
6.382412e+03 
6.382412e+03 
6.382412e+03 
6.382412e+03 
6.382412e+03 
6.382412e+03 
6.382412e+03 
6.382412e+03 
6.382412e+03 
6.382412e+03 
6.382412e+03 
6.382412e+03 
6.382412e+03 
6.382412e+03 
6.382412e+03 
6.382412e+03 
6.382412e+03 
6.382412e+03 
6.382412e+03 
6.382412e+03 
6.382412e+03 
6.382412e+03 
6.382412e+03 
6.382412e+03 
6.382412e+03 
6.382412e+03 
6.382412e+03 
6.382412e+03 
6.382412e+03 
6.382412e+03 
6.382412e+03 
6.382412e+03 
6.382412e+03 
6.382412e+03 
6.382412e+03 
6.382412e+03 
6.382412e+03 
6.382412e+03 
6.382412e+03 
6.382412e+03 
6.382412e+03 
6.382412e+03 
6.382412e+03 
6.382412e+03 
6.382412e+03 
6.382412e+03 
6.382412e+03 
6.382412e+03 
6.382412e+03 
6.382412e+03 
6.382412e+03 
6.382412e+03 
6.382412e+03 
6.382412e+03 
6.382412e+03 
6.382412e+03 
6.382412e+03 
6.382412e+03 
6.382412e+03 
6.382412e+03 
6.382412e+03 
6.382412e+03 
6.382412e+03 
6.382412e+03 
6.382412e+03 
6.382412e+03 
6.382412e+03 
6.382412e+03 
6.382412e+03 
6.382412e+03 
6.382412e+03 
6.382412e+03 
6.382412e+03 
6.382412e+03 
6.382412e+03 
6.382412e+03 
6.382412e+03 
6.382412e+03 
6.382412e+03 
6.382412e+03 
6.382412e+03 
6.382412e+03 
6.382412e+03 
6.382412e+03 
6.382412e+03 
6.382412e+03 
6.382412e+03 
6.382412e+03 
6.382412e+03 
6.382412e+03 
6.382412e+03 
6.382412e+03 
6.382412e+03 
6.382412e+03 
6.382412e+03 
6.382412e+03 
6.382412e+03 
6.382412e+03 
6.382412e+03 
6.382412e+03 
6.382412e+03 
6.382412e+03 
6.382412e+03 
6.382412e+03 
6.382412e+03 
6.382412e+03 
6.382412e+03 
6.382412e+03 
6.382412e+03 
6.382412e+03 
6.382412e+03 
6.382412e+03 
6.382412e+03 
6.382412e+03 
6.382412e+03 
6.382412e+03 
6.382412e+03 
6.382412e+03 
6.382412e+03 
6.382412e+03 
6.382412e+03 
6.382412e+03 
6.382412e+03 
6.382412e+03 
6.382412e+03 
6.382412e+03 
6.382412e+03 
6.382412e+03 
6.382412e+03 
6.382412e+03 
6.382412e+03 
6.382412e+03 
6.382412e+03 
6.382412e+03 
6.382412e+03 
6.382412e+03 
6.382412e+03 
6.382412e+03 
6.382412e+03 
6.382412e+03 
6.382412e+03 
6.382412e+03 
6.382412e+03 
6.382412e+03 
6.382412e+03 
6.382412e+03 
6.382412e+03 
6.382412e+03 
6.382412e+03 
6.382412e+03 
6.382412e+03 
6.382412e+03 
6.382412e+03 
6.382412e+03 
6.382412e+03 
6.382412e+03 
6.382412e+03 
6.382412e+03 
6.382412e+03 
6.382412e+03 
6.382412e+03 
6.382412e+03 
6.382412e+03 
6.382412e+03 
6.382412e+03 
6.382412e+03 
6.382412e+03 
6.382412e+03 
6.382412e+03 
6.382412e+03 
6.382412e+03 
6.382412e+03 
6.382412e+03 
6.382412e+03 
6.382412e+03 
6.382412e+03 
6.382412e+03 
6.382412e+03 
6.382412e+03 
6.382412e+03 
6.382412e+03 
6.382412e+03 
6.382412e+03 
6.382412e+03 
6.382412e+03 
6.382412e+03 
6.382412e+03 
6.382412e+03 
6.382412e+03 
6.382412e+03 
6.382412e+03 
6.382412e+03 
6.382412e+03 
6.382412e+03 
6.382412e+03 
6.382412e+03 
6.382412e+03 
6.382412e+03 
6.382412e+03 
6.382412e+03 
6.382412e+03 
6.382412e+03 
6.382412e+03 
6.382412e+03 
6.382412e+03 
6.382412e+03 
6.382412e+03 
6.382412e+03 
6.382412e+03 
6.382412e+03 
6.382412e+03 
6.382412e+03 
6.382412e+03 
6.382412e+03 
6.382412e+03 
6.382412e+03 
6.382412e+03 
6.382412e+03 
6.382412e+03 
6.382412e+03 
6.382412e+03 
6.382412e+03 
6.382412e+03 
6.382412e+03 
6.382412e+03 
6.382412e+03 
6.382412e+03 
6.382412e+03 
6.382412e+03 
6.382412e+03 
6.382412e+03 
6.382412e+03 
6.382412e+03 
6.382412e+03 
6.382412e+03 
6.382412e+03 
6.382412e+03 
6.227594e+03 
6.227594e+03 
6.227594e+03 
6.227594e+03 
6.227594e+03 
6.227594e+03 
6.227594e+03 
6.227594e+03 
6.227594e+03 
6.227594e+03 
6.227594e+03 
6.227594e+03 
6.227594e+03 
6.227594e+03 
6.227594e+03 
6.227594e+03 
6.227594e+03 
6.227594e+03 
6.227594e+03 
6.227594e+03 
6.227594e+03 
6.227594e+03 
6.227594e+03 
6.227594e+03 
6.227594e+03 
6.227594e+03 
6.227594e+03 
6.227594e+03 
6.227594e+03 
6.227594e+03 
6.227594e+03 
6.227594e+03 
6.227594e+03 
6.227594e+03 
6.227594e+03 
6.227594e+03 
6.227594e+03 
6.227594e+03 
6.227594e+03 
6.227594e+03 
6.227594e+03 
6.227594e+03 
6.227594e+03 
6.227594e+03 
6.227594e+03 
6.227594e+03 
6.227594e+03 
6.227594e+03 
6.227594e+03 
6.227594e+03 
6.227594e+03 
6.227594e+03 
6.227594e+03 
6.227594e+03 
6.227594e+03 
6.227594e+03 
6.227594e+03 
6.227594e+03 
6.227594e+03 
6.227594e+03 
6.227594e+03 
6.227594e+03 
6.227594e+03 
6.227594e+03 
6.227594e+03 
6.227594e+03 
6.227594e+03 
6.227594e+03 
6.227594e+03 
6.227594e+03 
6.227594e+03 
6.227594e+03 
6.227594e+03 
6.227594e+03 
6.227594e+03 
6.227594e+03 
6.227594e+03 
6.227594e+03 
6.227594e+03 
6.227594e+03 
6.227594e+03 
6.227594e+03 
6.227594e+03 
6.227594e+03 
6.227594e+03 
6.227594e+03 
6.227594e+03 
6.227594e+03 
6.227594e+03 
6.227594e+03 
6.227594e+03 
6.227594e+03 
6.227594e+03 
6.227594e+03 
6.227594e+03 
6.227594e+03 
6.227594e+03 
6.227594e+03 
6.227594e+03 
6.227594e+03 
6.227594e+03 
6.227594e+03 
6.227594e+03 
6.227594e+03 
6.227594e+03 
6.227594e+03 
6.227594e+03 
6.227594e+03 
6.227594e+03 
6.227594e+03 
6.227594e+03 
6.227594e+03 
6.227594e+03 
6.227594e+03 
6.227594e+03 
6.227594e+03 
6.227594e+03 
6.227594e+03 
6.227594e+03 
6.227594e+03 
6.227594e+03 
6.227594e+03 
6.227594e+03 
6.227594e+03 
6.227594e+03 
6.227594e+03 
6.227594e+03 
6.227594e+03 
6.227594e+03 
6.227594e+03 
6.227594e+03 
6.227594e+03 
6.227594e+03 
6.227594e+03 
6.227594e+03 
6.227594e+03 
6.227594e+03 
6.227594e+03 
6.227594e+03 
6.227594e+03 
6.227594e+03 
6.227594e+03 
6.227594e+03 
6.227594e+03 
6.227594e+03 
6.227594e+03 
6.227594e+03 
6.227594e+03 
6.227594e+03 
6.227594e+03 
6.227594e+03 
6.227594e+03 
6.227594e+03 
6.227594e+03 
6.227594e+03 
6.227594e+03 
6.227594e+03 
6.227594e+03 
6.227594e+03 
6.227594e+03 
6.227594e+03 
6.227594e+03 
6.227594e+03 
6.227594e+03 
6.227594e+03 
6.227594e+03 
6.227594e+03 
6.227594e+03 
6.227594e+03 
6.227594e+03 
6.227594e+03 
6.227594e+03 
6.227594e+03 
6.227594e+03 
6.227594e+03 
6.227594e+03 
6.227594e+03 
6.227594e+03 
6.227594e+03 
6.227594e+03 
6.227594e+03 
6.227594e+03 
6.227594e+03 
6.227594e+03 
6.227594e+03 
6.227594e+03 
6.227594e+03 
6.227594e+03 
6.227594e+03 
6.227594e+03 
6.227594e+03 
6.227594e+03 
6.227594e+03 
6.227594e+03 
6.227594e+03 
6.227594e+03 
6.227594e+03 
6.227594e+03 
6.227594e+03 
6.227594e+03 
6.227594e+03 
6.227594e+03 
6.227594e+03 
6.227594e+03 
6.227594e+03 
6.227594e+03 
6.227594e+03 
6.227594e+03 
6.227594e+03 
6.227594e+03 
6.227594e+03 
6.227594e+03 
6.227594e+03 
6.227594e+03 
6.227594e+03 
6.227594e+03 
6.227594e+03 
6.227594e+03 
6.227594e+03 
6.227594e+03 
6.227594e+03 
6.227594e+03 
6.227594e+03 
6.227594e+03 
6.227594e+03 
6.227594e+03 
6.227594e+03 
6.227594e+03 
6.227594e+03 
6.227594e+03 
6.227594e+03 
6.227594e+03 
6.227594e+03 
6.227594e+03 
6.227594e+03 
6.227594e+03 
6.227594e+03 
6.227594e+03 
6.227594e+03 
6.227594e+03 
6.227594e+03 
6.227594e+03 
6.227594e+03 
6.227594e+03 
6.227594e+03 
6.227594e+03 
6.227594e+03 
6.227594e+03 
6.227594e+03 
6.227594e+03 
6.227594e+03 
6.227594e+03 
6.227594e+03 
6.227594e+03 
6.227594e+03 
6.227594e+03 
6.227594e+03 
6.227594e+03 
6.227594e+03 
6.227594e+03 
6.227594e+03 
6.227594e+03 
6.227594e+03 
6.227594e+03 
6.227594e+03 
6.227594e+03 
6.227594e+03 
6.227594e+03 
6.227594e+03 
6.227594e+03 
6.227594e+03 
6.227594e+03 
6.227594e+03 
6.227594e+03 
6.227594e+03 
6.227594e+03 
6.227594e+03 
6.227594e+03 
6.227594e+03 
6.227594e+03 
6.227594e+03 
6.227594e+03 
6.227594e+03 
6.227594e+03 
6.227594e+03 
6.227594e+03 
6.227594e+03 
6.227594e+03 
6.227594e+03 
6.227594e+03 
6.227594e+03 
6.227594e+03 
6.227594e+03 
6.227594e+03 
6.227594e+03 
6.227594e+03 
6.227594e+03 
6.227594e+03 
5.931423e+03 
5.931423e+03 
5.931423e+03 
5.931423e+03 
5.931423e+03 
5.931423e+03 
5.931423e+03 
5.931423e+03 
5.931423e+03 
5.931423e+03 
5.931423e+03 
5.931423e+03 
5.931423e+03 
5.931423e+03 
5.931423e+03 
5.931423e+03 
5.931423e+03 
5.931423e+03 
5.931423e+03 
5.931423e+03 
5.931423e+03 
5.931423e+03 
5.931423e+03 
5.931423e+03 
5.931423e+03 
5.931423e+03 
5.931423e+03 
5.931423e+03 
5.931423e+03 
5.931423e+03 
5.931423e+03 
5.931423e+03 
5.931423e+03 
5.931423e+03 
5.931423e+03 
5.931423e+03 
5.931423e+03 
5.931423e+03 
5.931423e+03 
5.931423e+03 
5.931423e+03 
5.931423e+03 
5.931423e+03 
5.931423e+03 
5.931423e+03 
5.931423e+03 
5.931423e+03 
5.931423e+03 
5.931423e+03 
5.931423e+03 
5.931423e+03 
5.931423e+03 
5.931423e+03 
5.931423e+03 
5.931423e+03 
5.931423e+03 
5.931423e+03 
5.931423e+03 
5.931423e+03 
5.931423e+03 
5.931423e+03 
5.931423e+03 
5.931423e+03 
5.931423e+03 
5.931423e+03 
5.931423e+03 
5.931423e+03 
5.931423e+03 
5.931423e+03 
5.931423e+03 
5.931423e+03 
5.931423e+03 
5.931423e+03 
5.931423e+03 
5.931423e+03 
5.931423e+03 
5.931423e+03 
5.931423e+03 
5.931423e+03 
5.931423e+03 
5.931423e+03 
5.931423e+03 
5.931423e+03 
5.931423e+03 
5.931423e+03 
5.931423e+03 
5.931423e+03 
5.931423e+03 
5.931423e+03 
5.931423e+03 
5.931423e+03 
5.931423e+03 
5.931423e+03 
5.931423e+03 
5.931423e+03 
5.931423e+03 
5.931423e+03 
5.931423e+03 
5.931423e+03 
5.931423e+03 
5.931423e+03 
5.931423e+03 
5.931423e+03 
5.931423e+03 
5.931423e+03 
5.931423e+03 
5.931423e+03 
5.931423e+03 
5.931423e+03 
5.931423e+03 
5.873910e+03 
5.873910e+03 
5.873910e+03 
5.873910e+03 
5.873910e+03 
5.873910e+03 
5.873910e+03 
5.873910e+03 
5.873910e+03 
5.873910e+03 
5.873910e+03 
5.873910e+03 
5.873910e+03 
5.873910e+03 
5.873910e+03 
5.873910e+03 
5.416537e+03 
5.416537e+03 
5.416537e+03 
5.416537e+03 
5.416537e+03 
5.416537e+03 
5.416537e+03 
5.416537e+03 
5.416537e+03 
5.416537e+03 
5.416537e+03 
5.416537e+03 
5.416537e+03 
5.416537e+03 
5.416537e+03 
5.416537e+03 
5.416537e+03 
5.416537e+03 
5.416537e+03 
5.416537e+03 
5.416537e+03 
5.416537e+03 
5.416537e+03 
5.416537e+03 
5.416537e+03 
5.416537e+03 
5.416537e+03 
5.381706e+03 
5.381706e+03 
5.381706e+03 
5.381706e+03 
5.381706e+03 
5.138753e+03 
5.138753e+03 
5.138753e+03 
5.138753e+03 
5.138753e+03 
5.138753e+03 
5.138753e+03 
5.138753e+03 
5.138753e+03 
5.138753e+03 
5.138753e+03 
5.138753e+03 
5.138753e+03 
5.138753e+03 
5.138753e+03 
5.138753e+03 
5.138753e+03 
5.138753e+03 
5.138753e+03 
5.138753e+03 
5.138753e+03 
5.138753e+03 
5.138753e+03 
5.138753e+03 
5.138753e+03 
5.138753e+03 
5.138753e+03 
5.138753e+03 
5.138753e+03 
5.138753e+03 
5.138753e+03 
5.138753e+03 
5.138753e+03 
5.138753e+03 
5.138753e+03 
5.138753e+03 
5.138753e+03 
5.138753e+03 
5.138753e+03 
5.138753e+03 
5.138753e+03 
5.138753e+03 
5.138753e+03 
5.138753e+03 
5.138753e+03 
5.138753e+03 
5.138753e+03 
5.138753e+03 
5.138753e+03 
5.138753e+03 
5.138753e+03 
5.138753e+03 
5.138753e+03 
5.138753e+03 
5.138753e+03 
5.138753e+03 
5.138753e+03 
5.138753e+03 
5.138753e+03 
5.138753e+03 
5.138753e+03 
5.138753e+03 
5.138753e+03 
5.138753e+03 
5.138753e+03 
5.138753e+03 
5.138753e+03 
5.138753e+03 
5.138753e+03 
5.138753e+03 
5.138753e+03 
5.138753e+03 
5.138753e+03 
5.138753e+03 
5.138753e+03 
5.138753e+03 
5.138753e+03 
5.138753e+03 
5.138753e+03 
5.138753e+03 
5.138753e+03 
5.138753e+03 
5.138753e+03 
5.138753e+03 
5.138753e+03 
5.138753e+03 
5.138753e+03 
5.138753e+03 
5.138753e+03 
5.138753e+03 
5.138753e+03 
5.138753e+03 
5.138753e+03 
5.138753e+03 
5.138753e+03 
5.138753e+03 
5.138753e+03 
5.138753e+03 
5.138753e+03 
5.138753e+03 
5.138753e+03 
5.138753e+03 
5.138753e+03 
5.138753e+03 
5.138753e+03 
5.138753e+03 
5.138753e+03 
5.138753e+03 
5.138753e+03 
5.138753e+03 
5.138753e+03 
5.138753e+03 
5.138753e+03 
5.138753e+03 
5.138753e+03 
5.138753e+03 
5.065887e+03 
5.065887e+03 
5.065887e+03 
5.065887e+03 
5.065887e+03 
5.065887e+03 
5.065887e+03 
5.065887e+03 
5.065887e+03 
5.065887e+03 
5.065887e+03 
5.065887e+03 
5.065887e+03 
5.065887e+03 
5.065887e+03 
5.065887e+03 
5.065887e+03 
5.065887e+03 
5.065887e+03 
5.065887e+03 
5.065887e+03 
5.065887e+03 
5.065887e+03 
5.065887e+03 
5.065887e+03 
5.065887e+03 
5.065887e+03 
5.065887e+03 
5.014972e+03 
5.014972e+03 
5.014972e+03 
5.014972e+03 
5.014972e+03 
5.014972e+03 
5.014972e+03 
5.014972e+03 
5.014972e+03 
5.014972e+03 
5.014972e+03 
5.010233e+03 
5.010233e+03 
5.009721e+03 
5.009721e+03 
4.975276e+03 
4.975276e+03 
4.975276e+03 
4.975276e+03 
4.975276e+03 
4.975276e+03 
4.975276e+03 
4.975276e+03 
4.975276e+03 
4.975276e+03 
4.975276e+03 
4.975276e+03 
4.975276e+03 
4.975276e+03 
4.975276e+03 
4.975276e+03 
4.975276e+03 
4.975276e+03 
4.975276e+03 
4.975276e+03 
4.975276e+03 
4.975276e+03 
4.975276e+03 
4.975276e+03 
4.975276e+03 
4.975276e+03 
4.975276e+03 
4.975276e+03 
4.975276e+03 
4.857138e+03 
4.857138e+03 
4.857138e+03 
4.857138e+03 
4.857138e+03 
4.857138e+03 
4.857138e+03 
4.795466e+03 
4.795466e+03 
4.795466e+03 
4.795466e+03 
4.795466e+03 
4.795466e+03 
4.795466e+03 
4.795466e+03 
4.795466e+03 
4.795466e+03 
4.795466e+03 
4.795466e+03 
4.795466e+03 
4.795466e+03 
4.795466e+03 
4.795466e+03 
4.795466e+03 
4.795466e+03 
4.795466e+03 
4.795466e+03 
4.795466e+03 
4.795466e+03 
4.795466e+03 
4.795466e+03 
4.795466e+03 
4.681434e+03 
4.681434e+03 
4.681434e+03 
4.681434e+03 
4.675610e+03 
4.612700e+03 
4.612700e+03 
4.612700e+03 
4.612700e+03 
4.612700e+03 
4.612700e+03 
4.612700e+03 
4.612700e+03 
4.612700e+03 
4.612700e+03 
4.612700e+03 
4.612700e+03 
4.612700e+03 
4.612700e+03 
4.612700e+03 
4.612700e+03 
4.612700e+03 
4.612700e+03 
4.612700e+03 
4.612700e+03 
4.612700e+03 
4.612700e+03 
4.612700e+03 
4.612700e+03 
4.612700e+03 
4.612700e+03 
4.612700e+03 
4.612700e+03 
4.612700e+03 
4.612700e+03 
4.612700e+03 
4.612700e+03 
4.612700e+03 
4.610910e+03 
4.610910e+03 
4.610910e+03 
4.610910e+03 
4.610910e+03 
4.610566e+03 
4.610566e+03 
4.606182e+03 
4.600174e+03 
4.598535e+03 
4.598535e+03 
4.598535e+03 
4.593067e+03 
4.589421e+03 
4.589421e+03 
4.589421e+03 
4.589386e+03 
4.588655e+03 
4.588239e+03 
4.588013e+03 
4.587902e+03 
4.587856e+03 
4.587848e+03 
4.587848e+03 
4.587792e+03 
4.587746e+03 
4.587713e+03 
4.587690e+03 
4.587674e+03 
4.587662e+03 
4.587653e+03 
4.587646e+03 
4.587641e+03 
4.587637e+03 
4.587635e+03 
4.587632e+03 
4.587631e+03 
4.587629e+03 
4.587628e+03 
4.587627e+03 
4.587627e+03 
4.587626e+03 
4.587626e+03 
4.587625e+03 
4.587625e+03 
4.587625e+03 
4.587625e+03 
4.587625e+03 
4.587625e+03 
4.587625e+03 
4.587624e+03 
4.587624e+03 
4.587624e+03 
4.587624e+03 
4.587624e+03 
4.587624e+03 
4.587624e+03 
4.587624e+03 
4.587624e+03 
4.587624e+03 
4.587624e+03 
4.587624e+03 
4.587624e+03 
4.587624e+03 
4.587624e+03 
4.587624e+03 
4.587624e+03 
4.587624e+03 
4.587624e+03 
4.587624e+03 
4.587624e+03 
4.587624e+03 
4.587624e+03 
4.587624e+03 
4.587624e+03 
4.587624e+03 
4.587624e+03 
4.587624e+03 
4.587624e+03 
4.587624e+03 
4.587624e+03 
4.587624e+03 
4.587624e+03 
4.587624e+03 
4.587624e+03 
4.587624e+03 
4.587624e+03 
4.587624e+03 
4.587624e+03 
4.587624e+03 
4.587624e+03 
4.587624e+03 
4.587624e+03 
4.587624e+03 
4.587624e+03 
4.587624e+03 
4.587624e+03 
4.587624e+03 
4.587624e+03 
4.587624e+03 
4.587624e+03 
4.587624e+03 
4.587624e+03 
4.587624e+03 
4.587624e+03 
4.587624e+03 
4.587624e+03 
4.587624e+03 
4.587527e+03 
4.587147e+03 
4.587033e+03 
4.587033e+03 
4.587033e+03 
4.586808e+03 
4.586598e+03 
4.586465e+03 
4.586380e+03 
4.586327e+03 
4.586293e+03 
4.586271e+03 
4.586257e+03 
4.586248e+03 
4.586243e+03 
4.586239e+03 
4.586236e+03 
4.586235e+03 
4.586234e+03 
4.586233e+03 
4.586233e+03 
4.586232e+03 
4.586232e+03 
4.586232e+03 
4.586232e+03 
4.585993e+03 
4.585993e+03 
4.585709e+03 
4.585634e+03 
4.420835e+03 
4.420835e+03 
4.420835e+03 
4.407175e+03 
4.407175e+03 
4.407175e+03 
4.407175e+03 
4.407175e+03 
4.407175e+03 
4.407175e+03 
4.407175e+03 
4.407175e+03 
4.407175e+03 
4.407175e+03 
4.407175e+03 
4.407175e+03 
4.407175e+03 
4.385370e+03 
4.385370e+03 
4.385370e+03 
4.385370e+03 
4.385370e+03 
4.385370e+03 
4.385370e+03 
4.385370e+03 
4.385370e+03 
4.385370e+03 
4.385370e+03 
4.385370e+03 
4.385370e+03 
4.385370e+03 
4.385370e+03 
4.385370e+03 
4.385370e+03 
4.385370e+03 
4.385370e+03 
4.385370e+03 
4.385370e+03 
4.385370e+03 
4.385370e+03 
4.265189e+03 
4.265189e+03 
4.265189e+03 
4.265189e+03 
4.265189e+03 
4.265189e+03 
4.265189e+03 
4.265189e+03 
4.265189e+03 
4.265189e+03 
4.265189e+03 
4.265189e+03 
4.265189e+03 
4.265189e+03 
4.265189e+03 
4.265189e+03 
4.265189e+03 
4.265189e+03 
4.265189e+03 
4.265189e+03 
4.265189e+03 
4.265189e+03 
4.265189e+03 
4.265189e+03 
4.265189e+03 
4.265189e+03 
4.265189e+03 
4.265189e+03 
4.265189e+03 
4.261914e+03 
4.261914e+03 
4.261914e+03 
4.261914e+03 
4.261914e+03 
4.261914e+03 
4.261914e+03 
4.261914e+03 
4.261914e+03 
4.261914e+03 
4.261914e+03 
4.261914e+03 
4.261914e+03 
4.261914e+03 
4.261914e+03 
4.080549e+03 
4.080549e+03 
4.080549e+03 
4.080549e+03 
4.080549e+03 
4.080549e+03 
4.080549e+03 
4.080549e+03 
4.080549e+03 
4.080549e+03 
4.080549e+03 
4.080549e+03 
4.080549e+03 
4.080549e+03 
4.080549e+03 
4.080549e+03 
4.080549e+03 
4.080549e+03 
4.080549e+03 
4.080549e+03 
4.080549e+03 
4.080549e+03 
4.080549e+03 
4.080549e+03 
4.080549e+03 
4.080549e+03 
4.080549e+03 
4.080549e+03 
4.080549e+03 
4.080549e+03 
4.080549e+03 
4.080549e+03 
4.080549e+03 
4.080549e+03 
4.080549e+03 
4.080549e+03 
4.080549e+03 
4.080549e+03 
4.080549e+03 
4.080549e+03 
4.080549e+03 
4.080549e+03 
4.080549e+03 
4.080549e+03 
4.080549e+03 
4.080549e+03 
4.080549e+03 
4.080549e+03 
4.080549e+03 
4.080549e+03 
4.080549e+03 
4.080549e+03 
4.080549e+03 
4.080549e+03 
4.080549e+03 
4.080549e+03 
4.080549e+03 
4.080549e+03 
4.080549e+03 
4.080549e+03 
4.080549e+03 
4.080549e+03 
4.080549e+03 
4.080549e+03 
4.080549e+03 
4.080549e+03 
4.080549e+03 
4.080549e+03 
4.080549e+03 
4.080549e+03 
4.080549e+03 
4.080549e+03 
4.080549e+03 
4.080549e+03 
4.080549e+03 
4.080549e+03 
4.080549e+03 
4.080549e+03 
4.080549e+03 
4.080549e+03 
4.080549e+03 
4.080549e+03 
4.080549e+03 
4.080549e+03 
4.080549e+03 
4.080549e+03 
4.080549e+03 
4.080549e+03 
4.080549e+03 
4.080549e+03 
4.080549e+03 
4.080549e+03 
4.080549e+03 
4.080549e+03 
4.080549e+03 
4.080549e+03 
4.080549e+03 
4.080205e+03 
4.079942e+03 
4.079942e+03 
4.076459e+03 
4.076459e+03 
4.076459e+03 
4.076259e+03 
4.076259e+03 
4.076259e+03 
4.076259e+03 
4.075873e+03 
4.074776e+03 
4.074486e+03 
4.074486e+03 
4.072062e+03 
4.070361e+03 
4.069209e+03 
4.068418e+03 
4.067866e+03 
4.067476e+03 
4.067197e+03 
4.066994e+03 
4.066844e+03 
4.066733e+03 
4.066650e+03 
4.066587e+03 
4.066539e+03 
4.066503e+03 
4.066474e+03 
4.066453e+03 
4.066436e+03 
4.066423e+03 
4.066413e+03 
4.066405e+03 
4.066399e+03 
4.066394e+03 
4.066390e+03 
4.066387e+03 
4.066385e+03 
4.066383e+03 
4.066382e+03 
4.066381e+03 
4.066380e+03 
4.066379e+03 
4.066379e+03 
4.066378e+03 
4.066378e+03 
4.066378e+03 
4.066378e+03 
4.066377e+03 
4.066377e+03 
4.066377e+03 
4.066377e+03 
4.066377e+03 
4.066377e+03 
4.066377e+03 
4.066377e+03 
4.066377e+03 
4.066377e+03 
4.066377e+03 
4.066377e+03 
4.066377e+03 
4.066377e+03 
4.066377e+03 
4.066377e+03 
4.066377e+03 
4.066377e+03 
4.066377e+03 
4.066377e+03 
4.066377e+03 
4.066377e+03 
4.066377e+03 
4.066377e+03 
4.066377e+03 
4.066377e+03 
4.066377e+03 
4.066377e+03 
4.066377e+03 
4.066377e+03 
4.066377e+03 
4.066377e+03 
4.066377e+03 
4.066377e+03 
4.066377e+03 
4.066377e+03 
4.066377e+03 
4.066377e+03 
4.066377e+03 
4.066377e+03 
4.066377e+03 
4.066377e+03 
4.066377e+03 
4.066377e+03 
4.066377e+03 
4.066377e+03 
4.066377e+03 
4.066377e+03 
4.066377e+03 
4.066377e+03 
4.066377e+03 
4.066377e+03 
4.066377e+03 
4.066377e+03 
4.061038e+03 
4.017035e+03 
4.017035e+03 
4.017035e+03 
4.017035e+03 
4.012668e+03 
4.012668e+03 
4.007429e+03 
4.007429e+03 
4.007341e+03 
4.007341e+03 
4.002164e+03 
3.999008e+03 
3.999008e+03 
3.999008e+03 
3.889970e+03 
3.889970e+03 
3.889970e+03 
3.814925e+03 
3.814925e+03 
3.814925e+03 
3.814925e+03 
3.814925e+03 
3.814925e+03 
3.814925e+03 
3.814925e+03 
3.814925e+03 
3.814925e+03 
3.750713e+03 
3.750713e+03 
3.750713e+03 
3.713960e+03 
3.713960e+03 
3.593256e+03 
3.512379e+03 
3.512379e+03 
3.512379e+03 
3.512379e+03 
3.512379e+03 
3.512379e+03 
3.512379e+03 
3.512379e+03 
3.512379e+03 
3.512379e+03 
3.500245e+03 
3.500245e+03 
3.500245e+03 
3.473940e+03 
3.473940e+03 
3.466433e+03 
3.466433e+03 
3.466433e+03 
3.466433e+03 
3.466433e+03 
3.466433e+03 
3.466433e+03 
3.466433e+03 
3.466433e+03 
3.466433e+03 
3.466433e+03 
3.466433e+03 
3.466433e+03 
3.466433e+03 
3.466433e+03 
3.466433e+03 
3.466433e+03 
3.466433e+03 
3.466433e+03 
3.466433e+03 
3.466433e+03 
3.466433e+03 
3.466433e+03 
3.466433e+03 
3.466433e+03 
3.466433e+03 
3.466433e+03 
3.466433e+03 
3.466433e+03 
3.466433e+03 
3.466433e+03 
3.466433e+03 
3.466433e+03 
3.466433e+03 
3.466433e+03 
3.466433e+03 
3.466433e+03 
3.466433e+03 
3.466433e+03 
3.466433e+03 
3.466433e+03 
3.466433e+03 
3.466433e+03 
3.466433e+03 
3.466433e+03 
3.466433e+03 
3.466433e+03 
3.466433e+03 
3.466433e+03 
3.466433e+03 
3.466433e+03 
3.466433e+03 
3.466433e+03 
3.466433e+03 
3.466433e+03 
3.466433e+03 
3.466433e+03 
3.466433e+03 
3.466433e+03 
3.466433e+03 
3.466433e+03 
3.466433e+03 
3.466433e+03 
3.466433e+03 
3.466433e+03 
3.466433e+03 
3.466433e+03 
3.466433e+03 
3.466433e+03 
3.466433e+03 
3.466433e+03 
3.466433e+03 
3.466433e+03 
3.466433e+03 
3.466433e+03 
3.466433e+03 
3.466433e+03 
3.466433e+03 
3.466433e+03 
3.466433e+03 
3.466433e+03 
3.466433e+03 
3.466433e+03 
3.466433e+03 
3.466433e+03 
3.466433e+03 
3.466433e+03 
3.466433e+03 
3.466433e+03 
3.466433e+03 
3.466433e+03 
3.466433e+03 
3.466433e+03 
3.466433e+03 
3.466433e+03 
3.466433e+03 
3.466433e+03 
3.466433e+03 
3.466433e+03 
3.466433e+03 
3.466433e+03 
3.466433e+03 
3.466433e+03 
3.466433e+03 
3.466433e+03 
3.466433e+03 
3.466433e+03 
3.466433e+03 
3.466433e+03 
3.466433e+03 
3.466433e+03 
3.466433e+03 
3.466433e+03 
3.466433e+03 
3.466433e+03 
3.466433e+03 
3.466433e+03 
3.466433e+03 
3.466433e+03 
3.466433e+03 
3.466433e+03 
3.466433e+03 
3.466433e+03 
3.466433e+03 
3.466433e+03 
3.466433e+03 
3.466433e+03 
3.466433e+03 
3.466433e+03 
3.466433e+03 
3.466433e+03 
3.466433e+03 
3.466433e+03 
3.466433e+03 
3.466433e+03 
3.466433e+03 
3.466433e+03 
3.466433e+03 
3.466433e+03 
3.466433e+03 
3.466433e+03 
3.463772e+03 
3.463772e+03 
3.463772e+03 
3.463772e+03 
3.463772e+03 
3.463772e+03 
3.463772e+03 
3.463772e+03 
3.463772e+03 
3.463772e+03 
3.463772e+03 
3.463772e+03 
3.463772e+03 
3.463772e+03 
3.463772e+03 
3.463772e+03 
3.463772e+03 
3.463772e+03 
3.463772e+03 
3.463772e+03 
3.459011e+03 
3.459011e+03 
3.459011e+03 
3.459011e+03 
3.459011e+03 
3.459011e+03 
3.459011e+03 
3.459011e+03 
3.459011e+03 
3.456241e+03 
3.456241e+03 
3.456241e+03 
3.456241e+03 
3.456241e+03 
3.456241e+03 
3.456241e+03 
3.452418e+03 
3.452418e+03 
3.452418e+03 
3.452418e+03 
3.452418e+03 
3.452418e+03 
3.452418e+03 
3.452418e+03 
3.452418e+03 
3.451159e+03 
3.451159e+03 
3.451159e+03 
3.451159e+03 
3.451159e+03 
3.451159e+03 
3.451159e+03 
3.451017e+03 
3.451017e+03 
3.451017e+03 
3.451017e+03 
3.451017e+03 
3.451017e+03 
3.451017e+03 
3.451017e+03 
3.451017e+03 
3.451017e+03 
3.451017e+03 
3.451017e+03 
3.451017e+03 
3.450976e+03 
3.450976e+03 
3.450976e+03 
3.450976e+03 
3.450976e+03 
3.450736e+03 
3.450642e+03 
3.450642e+03 
3.450642e+03 
3.450642e+03 
3.450642e+03 
3.450642e+03 
3.450642e+03 
3.450624e+03 
3.450613e+03 
3.450611e+03 
3.450611e+03 
3.450611e+03 
3.450605e+03 
3.450586e+03 
3.450577e+03 
3.450573e+03 
3.450572e+03 
3.450572e+03 
3.450572e+03 
3.450572e+03 
3.450572e+03 
3.450572e+03 
3.450572e+03 
3.450572e+03 
3.450572e+03 
3.450572e+03 
3.450572e+03 
3.450572e+03 
3.450572e+03 
3.450572e+03 
3.450572e+03 
3.450572e+03 
3.450572e+03 
3.450572e+03 
3.450572e+03 
3.450572e+03 
3.450572e+03 
3.450572e+03 
3.450572e+03 
3.450572e+03 
3.450572e+03 
3.450572e+03 
3.450569e+03 
3.450566e+03 
3.450566e+03 
3.450566e+03 
3.450566e+03 
3.450566e+03 
3.450557e+03 
3.450539e+03 
3.450528e+03 
3.450521e+03 
3.450517e+03 
3.450514e+03 
3.450513e+03 
3.450511e+03 
3.450511e+03 
3.450510e+03 
3.450510e+03 
3.450509e+03 
3.450509e+03 
3.450509e+03 
3.450509e+03 
3.450509e+03 
3.450509e+03 
3.450509e+03 
3.450509e+03 
3.450509e+03 
3.450509e+03 
3.450509e+03 
3.450509e+03 
3.450509e+03 
3.450509e+03 
3.450509e+03 
3.450509e+03 
3.450509e+03 
3.450509e+03 
3.450509e+03 
3.450509e+03 
3.450509e+03 
3.450509e+03 
3.450509e+03 
3.450509e+03 
3.450509e+03 
3.450509e+03 
3.450509e+03 
3.450509e+03 
3.450509e+03 
3.450509e+03 
3.450509e+03 
3.450509e+03 
3.450509e+03 
3.450509e+03 
3.450509e+03 
3.450509e+03 
3.450509e+03 
3.450509e+03 
3.450509e+03 
3.450509e+03 
3.450509e+03 
3.450509e+03 
3.450509e+03 
3.450509e+03 
3.450509e+03 
3.450509e+03 
3.450509e+03 
3.450509e+03 
3.450509e+03 
3.374379e+03 
3.374379e+03 
3.374379e+03 
3.374379e+03 
3.374379e+03 
3.374379e+03 
3.374379e+03 
3.374379e+03 
3.336771e+03 
3.336771e+03 
3.336771e+03 
3.336771e+03 
3.336771e+03 
3.336771e+03 
3.116397e+03 
3.116397e+03 
3.116397e+03 
3.033196e+03 
2.935629e+03 
2.935629e+03 
2.935629e+03 
2.935629e+03 
2.935629e+03 
2.935629e+03 
2.935629e+03 
2.935629e+03 
2.935629e+03 
2.935629e+03 
2.935629e+03 
2.935629e+03 
2.935629e+03 
2.935629e+03 
2.935629e+03 
2.935629e+03 
2.935629e+03 
2.935629e+03 
2.935629e+03 
2.935629e+03 
2.935629e+03 
2.935629e+03 
2.935629e+03 
2.935629e+03 
2.935629e+03 
2.935629e+03 
2.935629e+03 
2.935629e+03 
2.935629e+03 
2.935629e+03 
2.935629e+03 
2.935629e+03 
2.935629e+03 
2.935629e+03 
2.935629e+03 
2.935629e+03 
2.935629e+03 
2.935629e+03 
2.935629e+03 
2.935629e+03 
2.935629e+03 
2.935629e+03 
2.935629e+03 
2.935629e+03 
2.935629e+03 
2.935629e+03 
2.935629e+03 
2.935629e+03 
2.935629e+03 
2.935629e+03 
2.935629e+03 
2.926100e+03 
2.926100e+03 
2.926100e+03 
2.926100e+03 
2.892521e+03 
2.892521e+03 
2.892521e+03 
2.892521e+03 
2.892521e+03 
2.892521e+03 
2.892521e+03 
2.892521e+03 
2.892521e+03 
2.892521e+03 
2.892521e+03 
2.854772e+03 
2.854772e+03 
2.717480e+03 
2.717480e+03 
2.717480e+03 
2.717480e+03 
2.717480e+03 
2.717480e+03 
2.717480e+03 
2.717480e+03 
2.717480e+03 
2.717480e+03 
2.717480e+03 
2.717480e+03 
2.717480e+03 
2.717480e+03 
2.717480e+03 
2.717480e+03 
2.717480e+03 
2.717480e+03 
2.717480e+03 
2.717480e+03 
2.717480e+03 
2.717480e+03 
2.717480e+03 
2.717480e+03 
2.591275e+03 
2.591275e+03 
2.591275e+03 
2.591275e+03 
2.591275e+03 
2.591275e+03 
2.591275e+03 
2.591275e+03 
2.591275e+03 
2.591275e+03 
2.591275e+03 
2.591275e+03 
2.591275e+03 
2.591275e+03 
2.591275e+03 
2.591275e+03 
2.591275e+03 
2.591275e+03 
2.591275e+03 
2.591275e+03 
2.591275e+03 
2.591275e+03 
2.591275e+03 
2.591275e+03 
2.591275e+03 
2.591275e+03 
2.591275e+03 
2.591275e+03 
2.591275e+03 
2.591275e+03 
2.591275e+03 
2.591275e+03 
2.591275e+03 
2.591275e+03 
2.591275e+03 
2.591275e+03 
2.591275e+03 
2.591275e+03 
2.591275e+03 
2.591275e+03 
2.591275e+03 
2.591275e+03 
2.591275e+03 
2.591275e+03 
2.591275e+03 
2.591275e+03 
2.591275e+03 
2.591275e+03 
2.591275e+03 
2.591275e+03 
2.591275e+03 
2.591275e+03 
2.591275e+03 
2.591275e+03 
2.591275e+03 
2.591275e+03 
2.591275e+03 
2.591275e+03 
2.591275e+03 
2.591275e+03 
2.591275e+03 
2.591275e+03 
2.591275e+03 
2.591275e+03 
2.591275e+03 
2.591275e+03 
2.591275e+03 
2.591275e+03 
2.591275e+03 
2.591275e+03 
2.591275e+03 
2.591275e+03 
2.591275e+03 
2.591275e+03 
2.591275e+03 
2.591275e+03 
2.591275e+03 
2.591275e+03 
2.591275e+03 
2.591275e+03 
2.591275e+03 
2.591275e+03 
2.591275e+03 
2.591275e+03 
2.591275e+03 
2.591275e+03 
2.591275e+03 
2.591275e+03 
2.591275e+03 
2.591275e+03 
2.591275e+03 
2.588038e+03 
2.583129e+03 
2.581916e+03 
2.581916e+03 
2.581916e+03 
2.581916e+03 
2.581916e+03 
2.579494e+03 
2.577973e+03 
2.577276e+03 
2.577004e+03 
2.576940e+03 
2.576940e+03 
2.576399e+03 
2.576033e+03 
2.575794e+03 
2.575634e+03 
2.575525e+03 
2.575450e+03 
2.575398e+03 
2.575360e+03 
2.575333e+03 
2.575313e+03 
2.575299e+03 
2.575288e+03 
2.575280e+03 
2.575275e+03 
2.575270e+03 
2.575267e+03 
2.575265e+03 
2.575263e+03 
2.575262e+03 
2.575261e+03 
2.575260e+03 
2.575259e+03 
2.575259e+03 
2.575259e+03 
2.575258e+03 
2.575258e+03 
2.575258e+03 
2.575258e+03 
2.575258e+03 
2.575258e+03 
2.575258e+03 
2.575258e+03 
2.575258e+03 
2.575258e+03 
2.575258e+03 
2.575258e+03 
2.575258e+03 
2.575258e+03 
2.575258e+03 
2.575258e+03 
2.575258e+03 
2.575258e+03 
2.575258e+03 
2.575258e+03 
2.575258e+03 
2.575258e+03 
2.575258e+03 
2.575258e+03 
2.575258e+03 
2.575258e+03 
2.575258e+03 
2.575258e+03 
2.575258e+03 
2.575258e+03 
2.575258e+03 
2.575258e+03 
2.575258e+03 
2.575258e+03 
2.575258e+03 
2.575258e+03 
2.575258e+03 
2.575258e+03 
2.575258e+03 
2.575258e+03 
2.575258e+03 
2.575258e+03 
2.575258e+03 
2.575258e+03 
2.575258e+03 
2.575258e+03 
2.575258e+03 
2.575258e+03 
2.575258e+03 
2.575258e+03 
2.575258e+03 
2.575258e+03 
2.575258e+03 
2.575258e+03 
2.575258e+03 
2.575258e+03 
2.575258e+03 
2.575258e+03 
2.575258e+03 
2.575258e+03 
2.575258e+03 
2.575258e+03 
2.575258e+03 
2.575258e+03 
2.575258e+03 
2.562261e+03 
2.549961e+03 
2.529979e+03 
2.529979e+03 
2.529979e+03 
2.529979e+03 
2.529979e+03 
2.529979e+03 
2.529979e+03 
2.463328e+03 
2.463328e+03 
2.463328e+03 
2.463328e+03 
2.463328e+03 
2.463328e+03 
2.463328e+03 
2.463328e+03 
2.463328e+03 
2.463328e+03 
2.463328e+03 
2.463328e+03 
2.463328e+03 
2.463328e+03 
2.463328e+03 
2.443406e+03 
2.443406e+03 
2.443406e+03 
2.443406e+03 
2.431907e+03 
2.431907e+03 
2.431907e+03 
2.431907e+03 
2.431907e+03 
2.431907e+03 
2.431907e+03 
2.431907e+03 
2.431907e+03 
2.431907e+03 
2.431907e+03 
2.431907e+03 
2.431907e+03 
2.431907e+03 
2.392090e+03 
2.392090e+03 
2.392090e+03 
2.392090e+03 
2.392090e+03 
2.392090e+03 
2.383542e+03 
2.383542e+03 
2.364131e+03 
2.364131e+03 
2.364131e+03 
2.364131e+03 
2.364131e+03 
2.364131e+03 
2.364131e+03 
2.347201e+03 
2.347201e+03 
2.347201e+03 
2.347201e+03 
2.347201e+03 
2.347201e+03 
2.347201e+03 
2.347201e+03 
2.347201e+03 
2.347201e+03 
2.346458e+03 
2.346458e+03 
2.337336e+03 
2.337336e+03 
2.337336e+03 
2.337336e+03 
2.335131e+03 
2.335131e+03 
2.331423e+03 
2.331423e+03 
2.331423e+03 
2.330739e+03 
2.330739e+03 
2.326562e+03 
2.326562e+03 
2.326562e+03 
2.326562e+03 
2.326562e+03 
2.324482e+03 
2.313997e+03 
2.308490e+03 
2.305658e+03 
2.304246e+03 
2.303575e+03 
2.303285e+03 
2.303183e+03 
2.303169e+03 
2.303169e+03 
2.303049e+03 
2.302960e+03 
2.302904e+03 
2.302867e+03 
2.302843e+03 
2.302827e+03 
2.302815e+03 
2.302807e+03 
2.302802e+03 
2.302798e+03 
2.302795e+03 
2.302793e+03 
2.302791e+03 
2.302790e+03 
2.302789e+03 
2.277258e+03 
2.277258e+03 
2.277258e+03 
2.277258e+03 
2.277258e+03 
2.277258e+03 
2.277258e+03 
2.277258e+03 
2.277258e+03 
2.277258e+03 
2.277258e+03 
2.277258e+03 
2.277258e+03 
2.277258e+03 
2.264808e+03 
2.264808e+03 
2.264808e+03 
2.264808e+03 
2.264808e+03 
2.264808e+03 
2.264808e+03 
2.264808e+03 
2.264808e+03 
2.264808e+03 
2.264808e+03 
2.264808e+03 
2.264808e+03 
2.264808e+03 
2.264808e+03 
2.264808e+03 
2.264808e+03 
2.264808e+03 
2.264808e+03 
2.264808e+03 
2.264808e+03 
2.264808e+03 
2.264808e+03 
2.264808e+03 
2.264808e+03 
2.264808e+03 
2.264808e+03 
2.264808e+03 
2.264808e+03 
2.264808e+03 
2.264808e+03 
2.264808e+03 
2.264808e+03 
2.264808e+03 
2.264808e+03 
2.264808e+03 
2.264808e+03 
2.264808e+03 
2.264808e+03 
2.264808e+03 
2.264808e+03 
2.259903e+03 
2.259903e+03 
2.259903e+03 
2.259903e+03 
2.259903e+03 
2.259903e+03 
2.259903e+03 
2.259903e+03 
2.259903e+03 
2.259903e+03 
2.259903e+03 
2.259903e+03 
2.259903e+03 
2.259903e+03 
2.259903e+03 
2.259903e+03 
2.259903e+03 
2.259903e+03 
2.259903e+03 
2.259903e+03 
2.259903e+03 
2.259903e+03 
2.259903e+03 
2.259903e+03 
2.259903e+03 
2.259903e+03 
2.259903e+03 
2.259903e+03 
2.259903e+03 
2.259903e+03 
2.259903e+03 
2.259903e+03 
2.250310e+03 
2.250310e+03 
2.250310e+03 
2.250310e+03 
2.250310e+03 
2.250310e+03 
2.250310e+03 
2.250310e+03 
2.250310e+03 
2.250310e+03 
2.250310e+03 
2.250310e+03 
2.250310e+03 
2.250310e+03 
2.250310e+03 
2.250310e+03 
2.250310e+03 
2.250310e+03 
2.250310e+03 
2.250310e+03 
2.250310e+03 
2.250310e+03 
2.250310e+03 
2.250310e+03 
2.250310e+03 
2.250310e+03 
2.250310e+03 
2.250310e+03 
2.250310e+03 
2.250310e+03 
2.250310e+03 
2.250310e+03 
2.250310e+03 
2.250310e+03 
2.250310e+03 
2.250310e+03 
2.250310e+03 
2.250310e+03 
2.250310e+03 
2.250310e+03 
2.250310e+03 
2.250310e+03 
2.250310e+03 
2.250310e+03 
2.250310e+03 
2.250310e+03 
2.250310e+03 
2.221422e+03 
2.221422e+03 
2.221422e+03 
2.221422e+03 
2.221422e+03 
2.221422e+03 
2.221422e+03 
2.221422e+03 
2.221422e+03 
2.221422e+03 
2.102204e+03 
2.102204e+03 
2.102204e+03 
2.102204e+03 
2.102204e+03 
2.102204e+03 
2.102204e+03 
2.102204e+03 
2.102204e+03 
2.102204e+03 
2.102204e+03 
2.102204e+03 
2.102204e+03 
2.102204e+03 
2.102204e+03 
2.102204e+03 
2.102204e+03 
2.102204e+03 
2.102204e+03 
2.102204e+03 
2.086778e+03 
2.086778e+03 
2.086778e+03 
2.086778e+03 
2.083166e+03 
2.083166e+03 
2.083166e+03 
2.083166e+03 
2.083166e+03 
2.083166e+03 
2.083166e+03 
2.083166e+03 
2.083166e+03 
2.083166e+03 
2.083166e+03 
2.083166e+03 
2.083166e+03 
2.083166e+03 
2.083166e+03 
2.083166e+03 
2.083166e+03 
2.083166e+03 
2.083166e+03 
2.083166e+03 
2.083166e+03 
2.083166e+03 
2.083166e+03 
2.082406e+03 
2.074594e+03 
2.074594e+03 
2.074594e+03 
2.072693e+03 
2.071168e+03 
2.071168e+03 
2.071168e+03 
2.071168e+03 
2.071168e+03 
2.070582e+03 
2.070216e+03 
2.070216e+03 
2.070216e+03 
2.070216e+03 
2.068950e+03 
2.068569e+03 
2.068569e+03 
2.068569e+03 
2.068322e+03 
2.068157e+03 
2.068157e+03 
2.068157e+03 
2.068157e+03 
2.068157e+03 
2.068151e+03 
2.068085e+03 
2.068073e+03 
2.068073e+03 
2.068073e+03 
2.068071e+03 
2.068070e+03 
2.068070e+03 
2.068070e+03 
2.068070e+03 
2.068070e+03 
2.068069e+03 
2.068065e+03 
2.068064e+03 
2.068064e+03 
2.068064e+03 
2.068061e+03 
2.068060e+03 
2.068060e+03 
2.068060e+03 
2.068060e+03 
2.068060e+03 
2.068058e+03 
2.068058e+03 
2.068058e+03 
2.068058e+03 
2.068058e+03 
2.068058e+03 
2.068058e+03 
2.068058e+03 
2.068058e+03 
2.068058e+03 
2.068058e+03 
2.068058e+03 
2.068058e+03 
2.068057e+03 
2.068057e+03 
2.068057e+03 
2.068057e+03 
2.068057e+03 
2.068057e+03 
2.068057e+03 
2.068057e+03 
2.068057e+03 
2.068057e+03 
2.068057e+03 
2.068057e+03 
2.068057e+03 
2.068057e+03 
2.068057e+03 
2.068057e+03 
2.068057e+03 
2.068057e+03 
2.068057e+03 
2.068057e+03 
2.068057e+03 
2.068057e+03 
2.068057e+03 
2.068057e+03 
2.068057e+03 
2.068057e+03 
2.068057e+03 
2.068057e+03 
2.068057e+03 
2.068057e+03 
2.068057e+03 
2.068057e+03 
2.068057e+03 
2.068057e+03 
2.068057e+03 
2.068057e+03 
2.068057e+03 
2.068057e+03 
2.068057e+03 
2.068057e+03 
2.068057e+03 
2.068057e+03 
2.068057e+03 
2.068057e+03 
2.068057e+03 
2.068057e+03 
2.068057e+03 
2.068057e+03 
2.068057e+03 
2.068057e+03 
2.068057e+03 
2.068057e+03 
2.068057e+03 
2.068057e+03 
2.068057e+03 
2.068057e+03 
2.068057e+03 
2.068057e+03 
2.068057e+03 
2.068057e+03 
2.068057e+03 
2.068057e+03 
2.068057e+03 
2.068057e+03 
2.068057e+03 
2.068057e+03 
2.068057e+03 
2.068057e+03 
2.068057e+03 
2.068057e+03 
2.068057e+03 
2.068057e+03 
2.068057e+03 
2.068057e+03 
2.068057e+03 
2.068057e+03 
2.068057e+03 
2.068057e+03 
2.068057e+03 
2.068057e+03 
2.068057e+03 
2.068057e+03 
2.068057e+03 
2.068057e+03 
2.068057e+03 
2.068057e+03 
2.068057e+03 
2.068057e+03 
2.068057e+03 
2.068057e+03 
2.068057e+03 
2.068057e+03 
2.068057e+03 
2.068057e+03 
2.068057e+03 
2.068057e+03 
2.068057e+03 
2.068057e+03 
2.068057e+03 
2.068057e+03 
2.068057e+03 
2.068057e+03 
2.053766e+03 
2.053766e+03 
2.053766e+03 
2.053766e+03 
2.053766e+03 
2.053766e+03 
2.053766e+03 
2.053766e+03 
2.053766e+03 
2.053766e+03 
2.053766e+03 
2.053766e+03 
2.053766e+03 
2.053766e+03 
2.053766e+03 
2.053766e+03 
2.053766e+03 
2.053766e+03 
2.053766e+03 
2.053766e+03 
2.053766e+03 
2.053766e+03 
2.053766e+03 
2.053766e+03 
2.045712e+03 
2.045712e+03 
2.045712e+03 
2.045712e+03 
2.045712e+03 
2.045712e+03 
2.045712e+03 
2.045712e+03 
2.045712e+03 
2.044428e+03 
2.044428e+03 
2.044428e+03 
2.044428e+03 
2.044428e+03 
2.044428e+03 
2.044428e+03 
2.044428e+03 
2.044428e+03 
2.044428e+03 
2.044428e+03 
2.044428e+03 
2.044428e+03 
2.044428e+03 
2.033626e+03 
2.033626e+03 
2.033626e+03 
2.033626e+03 
2.033626e+03 
2.033626e+03 
2.025465e+03 
2.017676e+03 
2.017676e+03 
2.017676e+03 
2.017676e+03 
2.017676e+03 
2.017676e+03 
2.017676e+03 
2.017676e+03 
2.017676e+03 
2.017676e+03 
2.017676e+03 
2.017676e+03 
2.017676e+03 
2.017676e+03 
2.017676e+03 
2.017676e+03 
2.017676e+03 
2.017676e+03 
2.017676e+03 
2.017676e+03 
2.017676e+03 
2.017676e+03 
2.017676e+03 
2.017676e+03 
2.017676e+03 
2.017676e+03 
2.017676e+03 
2.017676e+03 
2.017676e+03 
2.017676e+03 
2.017676e+03 
2.017676e+03 
2.017676e+03 
2.017676e+03 
2.017676e+03 
2.017676e+03 
2.017676e+03 
2.017676e+03 
2.017676e+03 
2.017676e+03 
2.017676e+03 
2.017676e+03 
2.017676e+03 
2.017676e+03 
2.017676e+03 
2.017676e+03 
2.017676e+03 
2.017676e+03 
2.017676e+03 
2.017676e+03 
2.017676e+03 
2.017676e+03 
2.017676e+03 
2.017676e+03 
2.017676e+03 
2.017676e+03 
2.017676e+03 
2.017676e+03 
2.017676e+03 
2.017676e+03 
2.017676e+03 
2.017676e+03 
2.017676e+03 
2.017676e+03 
2.017676e+03 
2.017676e+03 
2.017676e+03 
2.017676e+03 
2.017676e+03 
2.017676e+03 
2.017676e+03 
2.017676e+03 
2.017676e+03 
2.017676e+03 
2.017676e+03 
2.017676e+03 
2.017676e+03 
2.017676e+03 
2.017676e+03 
2.017676e+03 
2.017676e+03 
2.017676e+03 
2.017676e+03 
2.017676e+03 
2.017676e+03 
2.017676e+03 
2.017676e+03 
2.017676e+03 
2.017676e+03 
2.017676e+03 
2.017676e+03 
2.017676e+03 
2.017676e+03 
2.017676e+03 
2.017676e+03 
2.017676e+03 
2.017676e+03 
2.017257e+03 
2.017257e+03 
2.017257e+03 
2.017257e+03 
2.017257e+03 
2.017257e+03 
2.017257e+03 
2.017257e+03 
2.017257e+03 
2.017257e+03 
2.016996e+03 
2.016996e+03 
2.016996e+03 
2.016996e+03 
2.016431e+03 
2.016431e+03 
2.016431e+03 
2.016431e+03 
2.016431e+03 
2.016431e+03 
2.016431e+03 
2.016431e+03 
2.016431e+03 
2.016431e+03 
2.016138e+03 
2.015854e+03 
2.015854e+03 
2.015854e+03 
2.015854e+03 
2.015649e+03 
2.015649e+03 
2.015649e+03 
2.015649e+03 
2.015512e+03 
2.015512e+03 
2.015512e+03 
2.007528e+03 
2.005870e+03 
2.005870e+03 
2.001896e+03 
2.001896e+03 
2.001896e+03 
2.001896e+03 
2.001896e+03 
2.001896e+03 
2.001896e+03 
2.001896e+03 
2.001896e+03 
2.001896e+03 
2.001896e+03 
2.001896e+03 
2.001896e+03 
2.001896e+03 
2.001896e+03 
2.001896e+03 
2.001896e+03 
2.001896e+03 
2.001896e+03 
2.001896e+03 
2.001896e+03 
2.001896e+03 
2.001896e+03 
2.001896e+03 
2.001896e+03 
2.001896e+03 
2.001896e+03 
2.001896e+03 
2.001896e+03 
2.001896e+03 
2.001896e+03 
2.001896e+03 
2.001896e+03 
1.998492e+03 
1.998492e+03 
1.998492e+03 
1.998492e+03 
1.998492e+03 
1.998492e+03 
1.998492e+03 
1.998492e+03 
1.998492e+03 
1.998492e+03 
1.998492e+03 
1.998492e+03 
1.998492e+03 
1.998492e+03 
1.998492e+03 
1.998492e+03 
1.998492e+03 
1.998492e+03 
1.998492e+03 
1.998492e+03 
1.998492e+03 
1.998492e+03 
1.998492e+03 
1.998492e+03 
1.998492e+03 
1.998492e+03 
1.998492e+03 
1.998492e+03 
1.998492e+03 
1.998492e+03 
1.998492e+03 
1.998492e+03 
1.998492e+03 
1.998492e+03 
1.998492e+03 
1.998492e+03 
1.998492e+03 
1.998492e+03 
1.998492e+03 
1.998492e+03 
1.997322e+03 
1.997322e+03 
1.997322e+03 
1.997322e+03 
1.995860e+03 
1.995860e+03 
1.995860e+03 
1.995860e+03 
1.995860e+03 
1.994522e+03 
1.994522e+03 
1.994522e+03 
1.994522e+03 
1.994522e+03 
1.994522e+03 
1.994522e+03 
1.993080e+03 
1.993080e+03 
1.993080e+03 
1.993080e+03 
1.993011e+03 
1.993011e+03 
1.993011e+03 
1.993011e+03 
1.993011e+03 
1.992819e+03 
1.992819e+03 
1.992819e+03 
1.992819e+03 
1.992819e+03 
1.992819e+03 
1.992817e+03 
1.992817e+03 
1.992817e+03 
1.992817e+03 
1.992795e+03 
1.992795e+03 
1.992795e+03 
1.992795e+03 
1.992795e+03 
1.992795e+03 
1.992795e+03 
1.992795e+03 
1.992795e+03 
1.992795e+03 
1.992795e+03 
1.992789e+03 
1.992789e+03 
1.992774e+03 
1.992771e+03 
1.992771e+03 
1.992770e+03 
1.992770e+03 
1.992770e+03 
1.992770e+03 
1.992770e+03 
1.992770e+03 
1.992770e+03 
1.992770e+03 
1.992770e+03 
1.992770e+03 
1.992770e+03 
1.992770e+03 
1.992770e+03 
1.992770e+03 
1.992770e+03 
1.992770e+03 
1.992770e+03 
1.992769e+03 
1.992767e+03 
1.992765e+03 
1.992764e+03 
1.992764e+03 
1.992764e+03 
1.992763e+03 
1.992763e+03 
1.992763e+03 
1.992763e+03 
1.992763e+03 
1.992763e+03 
1.992763e+03 
1.992763e+03 
1.992763e+03 
1.992763e+03 
1.992763e+03 
1.992763e+03 
1.992763e+03 
1.992763e+03 
1.992763e+03 
1.992763e+03 
1.992763e+03 
1.992763e+03 
1.992763e+03 
1.992763e+03 
1.992763e+03 
1.992763e+03 
1.992763e+03 
1.992763e+03 
1.992763e+03 
1.992763e+03 
1.992763e+03 
1.992763e+03 
1.992763e+03 
1.992763e+03 
1.992763e+03 
1.992763e+03 
1.992763e+03 
1.992763e+03 
1.992763e+03 
1.992763e+03 
1.992763e+03 
1.992763e+03 
1.992763e+03 
1.992763e+03 
1.992763e+03 
1.992763e+03 
1.992763e+03 
1.992763e+03 
1.992763e+03 
1.992763e+03 
1.992763e+03 
1.992763e+03 
1.992763e+03 
1.992763e+03 
1.992763e+03 
1.992763e+03 
1.992763e+03 
1.992763e+03 
1.990524e+03 
1.988425e+03 
1.988425e+03 
1.988425e+03 
1.988425e+03 
1.988425e+03 
1.988425e+03 
1.985347e+03 
1.985347e+03 
1.985347e+03 
1.985347e+03 
1.985347e+03 
1.985347e+03 
1.985347e+03 
1.985347e+03 
1.985347e+03 
1.985347e+03 
1.985347e+03 
1.985347e+03 
1.985347e+03 
1.985347e+03 
1.883718e+03 
1.883718e+03 
1.883718e+03 
1.883718e+03 
1.883718e+03 
1.883718e+03 
1.882682e+03 
1.882682e+03 
1.882682e+03 
1.882682e+03 
1.843241e+03 
1.843241e+03 
1.843241e+03 
1.843241e+03 
1.843241e+03 
1.843241e+03 
1.843241e+03 
1.843241e+03 
1.843241e+03 
1.843241e+03 
1.843241e+03 
1.843241e+03 
1.843241e+03 
1.843241e+03 
1.801173e+03 
1.801173e+03 
1.801173e+03 
1.801173e+03 
1.801173e+03 
1.801173e+03 
1.801173e+03 
1.801173e+03 
1.801173e+03 
1.801173e+03 
1.801173e+03 
1.801173e+03 
1.801173e+03 
1.801173e+03 
1.801173e+03 
1.801173e+03 
1.801173e+03 
1.801173e+03 
1.801173e+03 
1.801173e+03 
1.801173e+03 
1.801173e+03 
1.801173e+03 
1.801173e+03 
1.801173e+03 
1.801173e+03 
1.801173e+03 
1.801173e+03 
1.801173e+03 
1.801173e+03 
1.801173e+03 
1.801173e+03 
1.801173e+03 
1.801173e+03 
1.801173e+03 
1.801173e+03 
1.801173e+03 
1.801173e+03 
1.801173e+03 
1.801173e+03 
1.801173e+03 
1.801173e+03 
1.801173e+03 
1.801173e+03 
1.801173e+03 
1.801173e+03 
1.801173e+03 
1.801173e+03 
1.801173e+03 
1.801173e+03 
1.801173e+03 
1.801173e+03 
1.798811e+03 
1.798811e+03 
1.798811e+03 
1.798811e+03 
1.798811e+03 
1.798811e+03 
1.798811e+03 
1.798811e+03 
1.798811e+03 
1.797953e+03 
1.797953e+03 
1.797953e+03 
1.797953e+03 
1.797953e+03 
1.774725e+03 
1.774725e+03 
1.774725e+03 
1.758061e+03 
1.758061e+03 
1.693195e+03 
1.693195e+03 
1.693195e+03 
1.693195e+03 
1.693195e+03 
1.693195e+03 
1.693195e+03 
1.693195e+03 
1.693195e+03 
1.693195e+03 
1.680712e+03 
1.680712e+03 
1.680712e+03 
1.680712e+03 
1.680712e+03 
1.680712e+03 
1.680712e+03 
1.680712e+03 
1.680712e+03 
1.680712e+03 
1.680712e+03 
1.666073e+03 
1.666073e+03 
1.666073e+03 
1.666073e+03 
1.658788e+03 
1.658788e+03 
1.658788e+03 
1.658788e+03 
1.643174e+03 
1.643174e+03 
1.643174e+03 
1.643174e+03 
1.643174e+03 
1.643174e+03 
1.643174e+03 
1.643174e+03 
1.643174e+03 
1.643174e+03 
1.643174e+03 
1.643174e+03 
1.643174e+03 
1.643174e+03 
1.643174e+03 
1.643098e+03 
1.642575e+03 
1.642440e+03 
1.642440e+03 
1.642209e+03 
1.642070e+03 
1.641989e+03 
1.641940e+03 
1.641910e+03 
1.641890e+03 
1.641878e+03 
1.641870e+03 
1.641864e+03 
1.641860e+03 
1.641858e+03 
1.641856e+03 
1.641855e+03 
1.641854e+03 
1.641853e+03 
1.641853e+03 
1.641852e+03 
1.641852e+03 
1.641852e+03 
1.635498e+03 
1.635498e+03 
1.635498e+03 
1.635498e+03 
1.635498e+03 
1.635498e+03 
1.635498e+03 
1.635498e+03 
1.635498e+03 
1.635498e+03 
1.633353e+03 
1.633353e+03 
1.633353e+03 
1.626325e+03 
1.626325e+03 
1.626325e+03 
1.626325e+03 
1.626325e+03 
1.626325e+03 
1.626325e+03 
1.626325e+03 
1.626325e+03 
1.626325e+03 
1.626325e+03 
1.626325e+03 
1.621833e+03 
1.621833e+03 
1.621833e+03 
1.621833e+03 
1.621833e+03 
1.621833e+03 
1.619845e+03 
1.619845e+03 
1.619845e+03 
1.619845e+03 
1.619845e+03 
1.619845e+03 
1.616051e+03 
1.582505e+03 
1.582505e+03 
1.582505e+03 
1.582505e+03 
1.582505e+03 
1.582505e+03 
1.570862e+03 
1.565318e+03 
1.565318e+03 
1.564925e+03 
1.561433e+03 
1.559006e+03 
1.557987e+03 
1.556713e+03 
1.556713e+03 
1.556713e+03 
1.555572e+03 
1.555572e+03 
1.552481e+03 
1.552481e+03 
1.552481e+03 
1.552481e+03 
1.552481e+03 
1.552325e+03 
1.552325e+03 
1.550910e+03 
1.550910e+03 
1.550591e+03 
1.550591e+03 
1.550591e+03 
1.550012e+03 
1.549636e+03 
1.549636e+03 
1.549636e+03 
1.549441e+03 
1.549393e+03 
1.549393e+03 
1.549230e+03 
1.549169e+03 
1.549169e+03 
1.549169e+03 
1.549169e+03 
1.549169e+03 
1.548389e+03 
1.548008e+03 
1.548008e+03 
1.548008e+03 
1.548008e+03 
1.548008e+03 
1.547225e+03 
1.546415e+03 
1.546374e+03 
1.546374e+03 
1.546374e+03 
1.546322e+03 
1.545966e+03 
1.545762e+03 
1.545640e+03 
1.545565e+03 
1.545518e+03 
1.545488e+03 
1.545468e+03 
1.545454e+03 
1.545445e+03 
1.545439e+03 
1.545435e+03 
1.545432e+03 
1.545430e+03 
1.545429e+03 
1.545428e+03 
1.545427e+03 
1.545427e+03 
1.545427e+03 
1.545427e+03 
1.539130e+03 
1.539130e+03 
1.539130e+03 
1.539130e+03 
1.539130e+03 
1.539130e+03 
1.539130e+03 
1.539130e+03 
1.539130e+03 
1.539130e+03 
1.539130e+03 
1.539130e+03 
1.539130e+03 
1.539130e+03 
1.539130e+03 
1.539130e+03 
1.539130e+03 
1.539130e+03 
1.539130e+03 
1.539130e+03 
1.539130e+03 
1.539130e+03 
1.539130e+03 
1.539130e+03 
1.539130e+03 
1.539130e+03 
1.539130e+03 
1.539130e+03 
1.539130e+03 
1.539130e+03 
1.539130e+03 
1.539130e+03 
1.539130e+03 
1.539130e+03 
1.539130e+03 
1.539130e+03 
1.539130e+03 
1.539130e+03 
1.539130e+03 
1.539130e+03 
1.539130e+03 
1.539130e+03 
1.539130e+03 
1.539130e+03 
1.539130e+03 
1.539130e+03 
1.539130e+03 
1.539130e+03 
1.539130e+03 
1.539130e+03 
1.539130e+03 
1.539130e+03 
1.539130e+03 
1.539130e+03 
1.539130e+03 
1.539130e+03 
1.539130e+03 
1.539130e+03 
1.539130e+03 
1.539130e+03 
1.539130e+03 
1.539130e+03 
1.539130e+03 
1.539130e+03 
1.539130e+03 
1.539130e+03 
1.539130e+03 
1.539130e+03 
1.539130e+03 
1.539130e+03 
1.539130e+03 
1.539130e+03 
1.539130e+03 
1.539130e+03 
1.539130e+03 
1.539130e+03 
1.539130e+03 
1.539130e+03 
1.539130e+03 
1.539130e+03 
1.539130e+03 
1.539130e+03 
1.539130e+03 
1.539130e+03 
1.539130e+03 
1.539130e+03 
1.539130e+03 
1.539130e+03 
1.539130e+03 
1.539130e+03 
1.539130e+03 
1.539130e+03 
1.539130e+03 
1.539130e+03 
1.539130e+03 
1.539130e+03 
1.539130e+03 
1.539130e+03 
1.539130e+03 
1.539130e+03 
1.539130e+03 
1.539130e+03 
1.539130e+03 
1.539130e+03 
1.539130e+03 
1.539130e+03 
1.539130e+03 
1.539130e+03 
1.539130e+03 
1.539130e+03 
1.539130e+03 
1.539130e+03 
1.539130e+03 
1.539130e+03 
1.539130e+03 
1.539130e+03 
1.539130e+03 
1.539130e+03 
1.539130e+03 
1.539130e+03 
1.539130e+03 
1.539130e+03 
1.539130e+03 
1.533620e+03 
1.533620e+03 
1.533620e+03 
1.533620e+03 
1.528722e+03 
1.528722e+03 
1.528722e+03 
1.528722e+03 
1.528722e+03 
1.528722e+03 
1.528722e+03 
1.527628e+03 
1.527628e+03 
1.527628e+03 
1.526618e+03 
1.526618e+03 
1.526618e+03 
1.526618e+03 
1.526618e+03 
1.526618e+03 
1.526618e+03 
1.526618e+03 
1.526618e+03 
1.526618e+03 
1.526618e+03 
1.526618e+03 
1.526618e+03 
1.526618e+03 
1.526618e+03 
1.526618e+03 
1.526618e+03 
1.526618e+03 
1.526618e+03 
1.526618e+03 
1.526618e+03 
1.526618e+03 
1.525667e+03 
1.525667e+03 
1.523685e+03 
1.523685e+03 
1.516454e+03 
1.516454e+03 
1.516454e+03 
1.516454e+03 
1.516454e+03 
1.516454e+03 
1.516454e+03 
1.515081e+03 
1.515081e+03 
1.515081e+03 
1.514959e+03 
1.514959e+03 
1.514959e+03 
1.514959e+03 
1.514583e+03 
1.514583e+03 
1.513705e+03 
1.513705e+03 
1.513705e+03 
1.513060e+03 
1.513060e+03 
1.513060e+03 
1.513060e+03 
1.513060e+03 
1.513060e+03 
1.513060e+03 
1.513060e+03 
1.513060e+03 
1.513060e+03 
1.513060e+03 
1.513060e+03 
1.513060e+03 
1.513060e+03 
1.513060e+03 
1.513060e+03 
1.513060e+03 
1.513060e+03 
1.513060e+03 
1.513060e+03 
1.513060e+03 
1.513060e+03 
1.511798e+03 
1.511798e+03 
1.511798e+03 
1.511798e+03 
1.511798e+03 
1.511798e+03 
1.511798e+03 
1.511410e+03 
1.511410e+03 
1.511410e+03 
1.511246e+03 
1.510789e+03 
1.510640e+03 
1.510612e+03 
1.510612e+03 
1.510607e+03 
1.510607e+03 
1.510607e+03 
1.510607e+03 
1.510607e+03 
1.510607e+03 
1.510594e+03 
1.510562e+03 
1.510543e+03 
1.510532e+03 
1.510525e+03 
1.510521e+03 
1.510518e+03 
1.510517e+03 
1.510515e+03 
1.510477e+03 
1.510477e+03 
1.510200e+03 
1.510200e+03 
1.510143e+03 
1.510143e+03 
1.510143e+03 
1.510143e+03 
1.510143e+03 
1.510143e+03 
1.510038e+03 
1.509921e+03 
1.509890e+03 
1.509890e+03 
1.509890e+03 
1.509890e+03 
1.509884e+03 
1.509862e+03 
1.509854e+03 
1.509851e+03 
1.509850e+03 
1.509850e+03 
1.509850e+03 
1.509784e+03 
1.509516e+03 
1.509378e+03 
1.509123e+03 
1.509005e+03 
1.509005e+03 
1.508991e+03 
1.508978e+03 
1.508978e+03 
1.508935e+03 
1.508832e+03 
1.508806e+03 
1.508806e+03 
1.508752e+03 
1.508718e+03 
1.508680e+03 
1.508680e+03 
1.507783e+03 
1.506978e+03 
1.506708e+03 
1.506143e+03 
1.506143e+03 
1.506143e+03 
1.506078e+03 
1.506078e+03 
1.506054e+03 
1.506054e+03 
1.506054e+03 
1.506054e+03 
1.506054e+03 
1.506054e+03 
1.506054e+03 
1.506054e+03 
1.506054e+03 
1.505747e+03 
1.505663e+03 
1.505663e+03 
1.505626e+03 
1.505626e+03 
1.505619e+03 
1.505619e+03 
1.505619e+03 
1.505584e+03 
1.505564e+03 
1.505555e+03 
1.505550e+03 
1.505548e+03 
1.505547e+03 
1.505546e+03 
1.505546e+03 
1.505545e+03 
1.505545e+03 
1.505545e+03 
1.505545e+03 
1.505545e+03 
1.505545e+03 
1.505545e+03 
1.505545e+03 
1.505545e+03 
1.505545e+03 
1.504834e+03 
1.504563e+03 
1.504401e+03 
1.504401e+03 
1.504401e+03 
1.504401e+03 
1.504401e+03 
1.504221e+03 
1.504221e+03 
1.504221e+03 
1.504221e+03 
1.504221e+03 
1.504221e+03 
1.504005e+03 
1.504005e+03 
1.504005e+03 
1.503515e+03 
1.503515e+03 
1.503515e+03 
1.503471e+03 
1.503471e+03 
1.503471e+03 
1.503452e+03 
1.503452e+03 
1.503452e+03 
1.503452e+03 
1.503375e+03 
1.503031e+03 
1.503031e+03 
1.503031e+03 
1.503031e+03 
1.503031e+03 
1.502356e+03 
1.502356e+03 
1.502356e+03 
1.502356e+03 
1.502356e+03 
1.502356e+03 
1.502356e+03 
1.502356e+03 
1.502356e+03 
1.502356e+03 
1.502356e+03 
1.502356e+03 
1.502275e+03 
1.502275e+03 
1.502275e+03 
1.502275e+03 
1.502275e+03 
1.502275e+03 
1.502275e+03 
1.502275e+03 
1.502275e+03 
1.502275e+03 
1.502275e+03 
1.502275e+03 
1.502275e+03 
1.502275e+03 
1.502275e+03 
1.502275e+03 
1.502275e+03 
1.502275e+03 
1.502275e+03 
1.502275e+03 
1.502275e+03 
1.502275e+03 
1.502275e+03 
1.502275e+03 
1.502275e+03 
1.502275e+03 
1.502263e+03 
1.502263e+03 
1.502263e+03 
1.502263e+03 
1.502263e+03 
1.502263e+03 
1.502258e+03 
1.502258e+03 
1.502258e+03 
1.502258e+03 
1.502256e+03 
1.502256e+03 
1.502251e+03 
1.502248e+03 
1.501245e+03 
1.501245e+03 
1.501245e+03 
1.501245e+03 
1.501245e+03 
1.501245e+03 
1.501245e+03 
1.501203e+03 
1.501203e+03 
1.501203e+03 
1.500860e+03 
1.500860e+03 
1.500860e+03 
1.500860e+03 
1.500860e+03 
1.500730e+03 
1.500730e+03 
1.500730e+03 
1.500730e+03 
1.500730e+03 
1.500718e+03 
1.500718e+03 
1.500573e+03 
1.500573e+03 
1.500573e+03 
1.500573e+03 
1.500573e+03 
1.500573e+03 
1.500573e+03 
1.500573e+03 
1.500573e+03 
1.500573e+03 
1.500573e+03 
1.500426e+03 
1.500426e+03 
1.500426e+03 
1.500426e+03 
1.500426e+03 
1.500426e+03 
1.500364e+03 
1.500364e+03 
1.500364e+03 
1.500364e+03 
1.500364e+03 
1.500356e+03 
1.500305e+03 
1.500276e+03 
1.500257e+03 
1.500246e+03 
1.500239e+03 
1.500234e+03 
1.500231e+03 
1.500229e+03 
1.500228e+03 
1.500227e+03 
1.500227e+03 
1.500226e+03 
1.500226e+03 
1.500226e+03 
1.500226e+03 
1.499751e+03 
1.499751e+03 
1.499751e+03 
1.499751e+03 
1.499180e+03 
1.499180e+03 
1.499180e+03 
1.499180e+03 
1.499180e+03 
1.499180e+03 
1.499180e+03 
1.499180e+03 
1.499180e+03 
1.499180e+03 
1.499180e+03 
1.499180e+03 
1.499180e+03 
1.499180e+03 
1.499180e+03 
1.499098e+03 
1.499052e+03 
1.499012e+03 
1.499012e+03 
1.498933e+03 
1.498933e+03 
1.498933e+03 
1.498933e+03 
1.498817e+03 
1.498817e+03 
1.498816e+03 
1.498816e+03 
1.498752e+03 
1.498750e+03 
1.498701e+03 
1.498701e+03 
1.498701e+03 
1.498701e+03 
1.498611e+03 
1.498611e+03 
1.498594e+03 
1.498580e+03 
1.498580e+03 
1.498431e+03 
1.498431e+03 
1.498431e+03 
1.498431e+03 
1.498345e+03 
1.498345e+03 
1.498345e+03 
1.498345e+03 
1.498345e+03 
1.498345e+03 
1.498345e+03 
1.498345e+03 
1.498246e+03 
1.498246e+03 
1.498246e+03 
1.498064e+03 
1.498064e+03 
1.498064e+03 
1.498064e+03 
1.498064e+03 
1.498029e+03 
1.498029e+03 
1.498029e+03 
1.498029e+03 
1.498029e+03 
1.498029e+03 
1.498029e+03 
1.498029e+03 
1.498020e+03 
1.498020e+03 
1.497966e+03 
1.497966e+03 
1.497966e+03 
1.497966e+03 
1.497966e+03 
1.497966e+03 
1.497966e+03 
1.497945e+03 
1.497945e+03 
1.497945e+03 
1.497945e+03 
1.497921e+03 
1.497892e+03 
1.497881e+03 
1.497877e+03 
1.497876e+03 
1.497876e+03 
1.497874e+03 
1.497872e+03 
1.497872e+03 
1.497871e+03 
1.497871e+03 
1.497871e+03 
1.497871e+03 
1.497871e+03 
1.497871e+03 
1.497871e+03 
1.497871e+03 
1.497871e+03 
1.497871e+03 
1.497871e+03 
1.497748e+03 
1.497748e+03 
1.497616e+03 
1.497616e+03 
1.497616e+03 
1.497616e+03 
1.497604e+03 
1.497604e+03 
1.497446e+03 
1.497446e+03 
1.497446e+03 
1.497446e+03 
1.497446e+03 
1.497446e+03 
1.497446e+03 
1.497446e+03 
1.497446e+03 
1.497446e+03 
1.497446e+03 
1.497416e+03 
1.497416e+03 
1.497416e+03 
1.497416e+03 
1.497416e+03 
1.497416e+03 
1.497416e+03 
1.497416e+03 
1.497416e+03 
1.497416e+03 
1.497416e+03 
1.497416e+03 
1.497416e+03 
1.497416e+03 
1.497416e+03 
1.497416e+03 
1.497416e+03 
1.497362e+03 
1.497362e+03 
1.497362e+03 
1.497362e+03 
1.497362e+03 
1.497362e+03 
1.497362e+03 
1.497362e+03 
1.497362e+03 
1.497362e+03 
1.497344e+03 
1.497344e+03 
1.497278e+03 
1.497278e+03 
1.497278e+03 
1.497278e+03 
1.497278e+03 
1.497278e+03 
1.497278e+03 
1.497232e+03 
1.497232e+03 
1.497232e+03 
1.497232e+03 
1.497232e+03 
1.497232e+03 
1.497232e+03 
1.497232e+03 
1.497232e+03 
1.497226e+03 
1.497226e+03 
1.497226e+03 
1.497226e+03 
1.497226e+03 
1.497226e+03 
1.497221e+03 
1.497221e+03 
1.497221e+03 
1.497221e+03 
1.497221e+03 
1.497221e+03 
1.497221e+03 
1.497213e+03 
1.497213e+03 
1.497211e+03 
1.497195e+03 
1.497195e+03 
1.497195e+03 
1.497167e+03 
1.497166e+03 
1.497166e+03 
1.497069e+03 
1.497069e+03 
1.497069e+03 
1.497069e+03 
1.497069e+03 
1.497069e+03 
1.497069e+03 
1.497069e+03 
1.497069e+03 
1.497069e+03 
1.497069e+03 
1.497069e+03 
1.497067e+03 
1.497067e+03 
1.497067e+03 
1.497067e+03 
1.497067e+03 
1.497067e+03 
1.497067e+03 
1.497067e+03 
1.497067e+03 
1.497029e+03 
1.497029e+03 
1.497029e+03 
1.497029e+03 
1.497029e+03 
1.497029e+03 
1.497021e+03 
1.497021e+03 
1.497021e+03 
1.497021e+03 
1.497021e+03 
1.497021e+03 
1.497021e+03 
1.497021e+03 
1.497021e+03 
1.497021e+03 
1.497021e+03 
1.497021e+03 
1.497013e+03 
1.497013e+03 
1.497007e+03 
1.496967e+03 
1.496967e+03 
1.496915e+03 
1.496915e+03 
1.496915e+03 
1.496915e+03 
1.496915e+03 
1.496905e+03 
1.496905e+03 
1.496905e+03 
1.496905e+03 
1.496905e+03 
1.496905e+03 
1.496905e+03 
1.496905e+03 
1.496891e+03 
1.496891e+03 
1.496869e+03 
1.496869e+03 
1.496860e+03 
1.496860e+03 
1.496860e+03 
1.496845e+03 
1.496845e+03 
1.496845e+03 
1.496845e+03 
1.496845e+03 
1.496845e+03 
1.496817e+03 
1.496793e+03 
1.496789e+03 
1.496789e+03 
1.496789e+03 
1.496789e+03 
1.496789e+03 
1.496789e+03 
1.496788e+03 
1.496785e+03 
1.496783e+03 
1.496782e+03 
1.496782e+03 
1.496781e+03 
1.496781e+03 
1.496781e+03 
1.496781e+03 
1.496781e+03 
1.496781e+03 
1.496781e+03 
1.496781e+03 
1.496781e+03 
1.496776e+03 
1.496776e+03 
1.496776e+03 
1.496776e+03 
1.496773e+03 
1.496773e+03 
1.496773e+03 
1.496772e+03 
1.496771e+03 
1.496771e+03 
1.496771e+03 
1.496768e+03 
1.496768e+03 
1.496768e+03 
1.496768e+03 
1.496768e+03 
1.496768e+03 
1.496768e+03 
1.496763e+03 
1.496722e+03 
1.496722e+03 
1.496722e+03 
1.496722e+03 
1.496717e+03 
1.496717e+03 
1.496717e+03 
1.496717e+03 
1.496717e+03 
1.496717e+03 
1.496717e+03 
1.496717e+03 
1.496706e+03 
1.496706e+03 
1.496706e+03 
1.496706e+03 
1.496706e+03 
1.496706e+03 
1.496706e+03 
1.496706e+03 
1.496706e+03 
1.496706e+03 
1.496706e+03 
1.496706e+03 
1.496706e+03 
1.496706e+03 
1.496706e+03 
1.496706e+03 
1.496706e+03 
1.496706e+03 
1.496703e+03 
1.496703e+03 
1.496703e+03 
1.496703e+03 
1.496703e+03 
1.496703e+03 
1.496703e+03 
1.496701e+03 
1.496701e+03 
1.496701e+03 
1.496701e+03 
1.496698e+03 
1.496698e+03 
1.496697e+03 
1.496696e+03 
1.496696e+03 
1.496694e+03 
1.496692e+03 
1.496692e+03 
1.496692e+03 
1.496692e+03 
1.496692e+03 
1.496692e+03 
1.496692e+03 
1.496692e+03 
1.496692e+03 
1.496692e+03 
1.496692e+03 
1.496692e+03 
1.496692e+03 
1.496692e+03 
1.496692e+03 
1.496692e+03 
1.496692e+03 
1.496692e+03 
1.496692e+03 
1.496692e+03 
1.496692e+03 
1.496692e+03 
1.496692e+03 
1.496692e+03 
1.496692e+03 
1.496692e+03 
1.496691e+03 
1.496691e+03 
1.496691e+03 
1.496688e+03 
1.496688e+03 
1.496688e+03 
1.496688e+03 
1.496688e+03 
1.496688e+03 
1.496685e+03 
1.496685e+03 
1.496685e+03 
1.496685e+03 
1.496685e+03 
1.496685e+03 
1.496685e+03 
1.496685e+03 
1.496685e+03 
1.496685e+03 
1.496685e+03 
1.496685e+03 
1.496685e+03 
1.496684e+03 
1.496684e+03 
1.496684e+03 
1.496684e+03 
1.496684e+03 
1.496684e+03 
1.496684e+03 
1.496683e+03 
1.496683e+03 
1.496683e+03 
1.496683e+03 
1.496680e+03 
1.496680e+03 
1.496680e+03 
1.496680e+03 
1.496678e+03 
1.496678e+03 
1.496678e+03 
1.496678e+03 
1.496678e+03 
1.496678e+03 
1.496678e+03 
1.496677e+03 
1.496677e+03 
1.496675e+03 
1.496675e+03 
1.496675e+03 
1.496675e+03 
1.496675e+03 
1.496675e+03 
1.496675e+03 
1.496675e+03 
1.496671e+03 
1.496671e+03 
1.496671e+03 
1.496670e+03 
1.496670e+03 
1.496670e+03 
1.496670e+03 
1.496670e+03 
1.496670e+03 
1.496670e+03 
1.496669e+03 
1.496669e+03 
1.496669e+03 
1.496669e+03 
1.496659e+03 
1.496659e+03 
1.496659e+03 
1.496659e+03 
1.496659e+03 
1.496659e+03 
1.496659e+03 
1.496659e+03 
1.496659e+03 
1.496659e+03 
1.496659e+03 
1.496659e+03 
1.496659e+03 
1.496659e+03 
1.496659e+03 
1.496659e+03 
1.496659e+03 
1.496659e+03 
1.496659e+03 
1.496659e+03 
1.496659e+03 
1.496659e+03 
1.496659e+03 
1.496659e+03 
1.496659e+03 
1.496659e+03 
1.496657e+03 
1.496655e+03 
1.496655e+03 
1.496655e+03 
1.496655e+03 
1.496653e+03 
1.496652e+03 
1.496652e+03 
1.496652e+03 
1.496652e+03 
1.496652e+03 
1.496650e+03 
1.496650e+03 
1.496650e+03 
1.496649e+03 
1.496649e+03 
1.496648e+03 
1.496648e+03 
1.496648e+03 
1.496648e+03 
1.496648e+03 
1.496647e+03 
1.496647e+03 
1.496647e+03 
1.496647e+03 
1.496647e+03 
1.496647e+03 
1.496647e+03 
1.496647e+03 
1.496646e+03 
1.496646e+03 
1.496646e+03 
1.496646e+03 
1.496644e+03 
1.496644e+03 
1.496644e+03 
1.496644e+03 
1.496644e+03 
1.496644e+03 
1.496644e+03 
1.496644e+03 
1.496644e+03 
1.496644e+03 
1.496644e+03 
1.496644e+03 
1.496644e+03 
1.496644e+03 
1.496644e+03 
1.496644e+03 
1.496644e+03 
1.496644e+03 
1.496644e+03 
1.496643e+03 
1.496642e+03 
1.496642e+03 
1.496642e+03 
1.496641e+03 
1.496641e+03 
1.496641e+03 
1.496641e+03 
1.496641e+03 
1.496640e+03 
1.496640e+03 
1.496640e+03 
1.496640e+03 
1.496640e+03 
1.496640e+03 
1.496640e+03 
1.496640e+03 
1.496640e+03 
1.496640e+03 
1.496640e+03 
1.496640e+03 
1.496639e+03 
1.496639e+03 
1.496639e+03 
1.496639e+03 
1.496639e+03 
1.496639e+03 
1.496637e+03 
1.496637e+03 
1.496637e+03 
1.496637e+03 
1.496637e+03 
1.496637e+03 
1.496637e+03 
1.496637e+03 
1.496637e+03 
1.496637e+03 
1.496637e+03 
1.496637e+03 
1.496637e+03 
1.496637e+03 
1.496637e+03 
1.496637e+03 
1.496637e+03 
1.496637e+03 
1.496637e+03 
1.496637e+03 
1.496637e+03 
1.496637e+03 
1.496637e+03 
1.496637e+03 
1.496637e+03 
1.496637e+03 
1.496637e+03 
1.496637e+03 
1.496637e+03 
1.496637e+03 
1.496637e+03 
1.496637e+03 
1.496637e+03 
1.496637e+03 
1.496637e+03 
1.496637e+03 
1.496637e+03 
1.496637e+03 
1.496637e+03 
1.496637e+03 
1.496637e+03 
1.496637e+03 
1.496637e+03 
1.496637e+03 
1.496637e+03 
1.496637e+03 
1.496637e+03 
1.496637e+03 
1.496637e+03 
1.496637e+03 
1.496637e+03 
1.496637e+03 
1.496637e+03 
1.496637e+03 
1.496637e+03 
1.496637e+03 
1.496637e+03 
1.496637e+03 
1.496636e+03 
1.496636e+03 
1.496635e+03 
1.496635e+03 
1.496635e+03 
1.496635e+03 
1.496635e+03 
1.496635e+03 
1.496635e+03 
1.496635e+03 
1.496635e+03 
1.496635e+03 
1.496635e+03 
1.496635e+03 
1.496635e+03 
1.496635e+03 
1.496635e+03 
1.496635e+03 
1.496635e+03 
1.496635e+03 
1.496635e+03 
1.496635e+03 
1.496635e+03 
1.496635e+03 
1.496634e+03 
1.496634e+03 
1.496634e+03 
1.496634e+03 
1.496634e+03 
1.496634e+03 
1.496634e+03 
1.496634e+03 
1.496634e+03 
1.496634e+03 
1.496634e+03 
1.496634e+03 
1.496634e+03 
1.496634e+03 
1.496634e+03 
1.496634e+03 
1.496634e+03 
1.496634e+03 
1.496634e+03 
1.496634e+03 
1.496634e+03 
1.496634e+03 
1.496634e+03 
1.496634e+03 
1.496634e+03 
1.496634e+03 
1.496634e+03 
1.496634e+03 
1.496634e+03 
1.496634e+03 
1.496634e+03 
1.496634e+03 
1.496634e+03 
1.496634e+03 
1.496634e+03 
1.496634e+03 
1.496634e+03 
1.496634e+03 
1.496634e+03 
1.496634e+03 
1.496634e+03 
1.496634e+03 
1.496634e+03 
1.496633e+03 
1.496633e+03 
1.496633e+03 
1.496633e+03 
1.496633e+03 
1.496633e+03 
1.496633e+03 
1.496633e+03 
1.496633e+03 
1.496633e+03 
1.496633e+03 
1.496633e+03 
1.496633e+03 
1.496633e+03 
1.496633e+03 
1.496633e+03 
1.496633e+03 
1.496633e+03 
1.496633e+03 
1.496633e+03 
1.496633e+03 
1.496633e+03 
1.496633e+03 
1.496633e+03 
1.496633e+03 
1.496633e+03 
1.496633e+03 
1.496633e+03 
1.496633e+03 
1.496633e+03 
1.496633e+03 
1.496633e+03 
1.496633e+03 
1.496633e+03 
1.496633e+03 
1.496633e+03 
1.496633e+03 
1.496633e+03 
1.496633e+03 
1.496633e+03 
1.496633e+03 
1.496633e+03 
1.496633e+03 
1.496633e+03 
1.496633e+03 
1.496633e+03 
1.496633e+03 
1.496633e+03 
1.496633e+03 
1.496633e+03 
1.496633e+03 
1.496633e+03 
1.496633e+03 
1.496633e+03 
1.496633e+03 
1.496633e+03 
1.496633e+03 
1.496633e+03 
1.496633e+03 
1.496633e+03 
1.496633e+03 
1.496633e+03 
1.496633e+03 
1.496633e+03 
1.496633e+03 
1.496633e+03 
1.496633e+03 
1.496633e+03 
1.496633e+03 
1.496633e+03 
1.496633e+03 
1.496633e+03 
1.496633e+03 
1.496633e+03 
1.496633e+03 
1.496633e+03 
1.496633e+03 
1.496633e+03 
1.496633e+03 
1.496633e+03 
1.496633e+03 
1.496633e+03 
1.496633e+03 
1.496633e+03 
1.496633e+03 
1.496633e+03 
1.496633e+03 
1.496633e+03 
1.496632e+03 
1.496632e+03 
1.496632e+03 
1.496632e+03 
1.496632e+03 
1.496632e+03 
1.496632e+03 
1.496632e+03 
1.496632e+03 
1.496632e+03 
1.496632e+03 
1.496632e+03 
1.496632e+03 
1.496632e+03 
1.496632e+03 
1.496632e+03 
1.496632e+03 
1.496632e+03 
1.496632e+03 
1.496632e+03 
1.496632e+03 
1.496632e+03 
1.496632e+03 
1.496632e+03 
1.496632e+03 
1.496632e+03 
1.496632e+03 
1.496632e+03 
1.496632e+03 
1.496632e+03 
1.496632e+03 
1.496632e+03 
1.496632e+03 
1.496632e+03 
1.496632e+03 
1.496632e+03 
1.496632e+03 
1.496632e+03 
1.496632e+03 
1.496632e+03 
1.496632e+03 
1.496632e+03 
1.496632e+03 
1.496632e+03 
1.496632e+03 
1.496632e+03 
1.496632e+03 
1.496632e+03 
1.496632e+03 
1.496632e+03 
1.496632e+03 
1.496632e+03 
1.496632e+03 
1.496632e+03 
1.496632e+03 
1.496632e+03 
1.496632e+03 
1.496632e+03 
1.496632e+03 
1.496632e+03 
1.496632e+03 
1.496632e+03 
1.496632e+03 
1.496632e+03 
1.496632e+03 
1.496632e+03 
1.496632e+03 
1.496632e+03 
1.496632e+03 
1.496632e+03 
1.496632e+03 
1.496632e+03 
1.496632e+03 
1.496632e+03 
1.496632e+03 
1.496632e+03 
1.496632e+03 
1.496632e+03 
1.496632e+03 
1.496632e+03 
1.496632e+03 
1.496632e+03 
1.496632e+03 
1.496632e+03 
1.496632e+03 
1.496632e+03 
1.496632e+03 
1.496632e+03 
1.496632e+03 
1.496632e+03 
1.496632e+03 
1.496632e+03 
1.496632e+03 
1.496632e+03 
1.496632e+03 
1.496632e+03 
1.496632e+03 
1.496632e+03 
1.496632e+03 
1.496632e+03 
1.496632e+03 
1.496632e+03 
1.496632e+03 
1.496632e+03 
1.496632e+03 
1.496632e+03 
1.496632e+03 
1.496632e+03 
1.496632e+03 
1.496632e+03 
1.496632e+03 
1.496632e+03 
1.496632e+03 
1.496632e+03 
1.496632e+03 
1.496632e+03 
1.496632e+03 
1.496632e+03 
1.496632e+03 
1.496632e+03 
1.496632e+03 
1.496632e+03 
1.496632e+03 
1.496632e+03 
1.496632e+03 
1.496632e+03 
1.496632e+03 
1.496632e+03 
1.496632e+03 
1.496632e+03 
1.496632e+03 
1.496632e+03 
1.496632e+03 
1.496632e+03 
1.496632e+03 
1.496632e+03 
1.496632e+03 
1.496632e+03 
1.496632e+03 
1.496632e+03 
1.496632e+03 
1.496632e+03 
1.496632e+03 
1.496632e+03 
1.496632e+03 
1.496632e+03 
1.496632e+03 
1.496632e+03 
1.496632e+03 
1.496632e+03 
1.496632e+03 
1.496632e+03 
1.496632e+03 
1.496632e+03 
1.496632e+03 
1.496632e+03 
1.496632e+03 
1.496632e+03 
1.496632e+03 
1.496632e+03 
1.496632e+03 
1.496632e+03 
1.496632e+03 
1.496632e+03 
1.496632e+03 
1.496632e+03 
1.496632e+03 
1.496632e+03 
1.496632e+03 
1.496632e+03 
1.496632e+03 
1.496632e+03 
1.496632e+03 
1.496632e+03 
1.496632e+03 
1.496632e+03 
1.496632e+03 
1.496632e+03 
1.496632e+03 
1.496632e+03 
1.496632e+03 
1.496632e+03 
1.496632e+03 
1.496632e+03 
1.496632e+03 
1.496632e+03 
1.496632e+03 
1.496632e+03 
1.496632e+03 
1.496632e+03 
1.496632e+03 
1.496632e+03 
1.496632e+03 
1.496632e+03 
1.496632e+03 
1.496632e+03 
1.496632e+03 
1.496632e+03 
1.496632e+03 
1.496632e+03 
1.496632e+03 
1.496632e+03 
1.496632e+03 
1.496632e+03 
1.496632e+03 
1.496632e+03 
1.496632e+03 
1.496632e+03 
1.496632e+03 
1.496632e+03 
1.496632e+03 
1.496632e+03 
1.496632e+03 
1.496632e+03 
1.496632e+03 
1.496632e+03 
1.496632e+03 
1.496632e+03 
1.496632e+03 
1.496632e+03 
1.496632e+03 
1.496632e+03 
1.496632e+03 
1.496632e+03 
1.496632e+03 
1.496632e+03 
1.496632e+03 
1.496632e+03 
1.496632e+03 
1.496632e+03 
1.496632e+03 
1.496632e+03 
1.496632e+03 
1.496632e+03 
1.496632e+03 
1.496632e+03 
1.496632e+03 
1.496632e+03 
1.496632e+03 
1.496632e+03 
1.496632e+03 
1.496632e+03 
1.496632e+03 
1.496632e+03 
1.496632e+03 
1.496632e+03 
1.496632e+03 
1.496632e+03 
1.496632e+03 
1.496632e+03 
1.496632e+03 
1.496632e+03 
1.496632e+03 
1.496632e+03 
1.496632e+03 
1.496632e+03 
1.496632e+03 
1.496632e+03 
1.496632e+03 
1.496632e+03 
1.496632e+03 
1.496632e+03 
1.496632e+03 
1.496632e+03 
1.496632e+03 
1.496632e+03 
1.496632e+03 
1.496632e+03 
1.496632e+03 
1.496632e+03 
1.496632e+03 
1.496632e+03 
1.496632e+03 
1.496632e+03 
1.496632e+03 
1.496632e+03 
1.496632e+03 
1.496632e+03 
1.496632e+03 
1.496632e+03 
1.496632e+03 
1.496632e+03 
1.496632e+03 
1.496632e+03 
1.496632e+03 
1.496632e+03 
1.496632e+03 
1.496632e+03 
1.496632e+03 
1.496632e+03 
1.496632e+03 
1.496632e+03 
1.496632e+03 
1.496632e+03 
1.496632e+03 
1.496632e+03 
1.496632e+03 
1.496632e+03 
1.496632e+03 
1.496632e+03 
1.496632e+03 
1.496632e+03 
1.496632e+03 
1.496632e+03 
1.496632e+03 
1.496632e+03 
1.496632e+03 
1.496632e+03 
1.496632e+03 
1.496632e+03 
1.496632e+03 
1.496632e+03 
1.496632e+03 
1.496632e+03 
1.496632e+03 
1.496632e+03 
1.496632e+03 
1.496632e+03 
1.496632e+03 
1.496632e+03 
1.496632e+03 
1.496632e+03 
1.496632e+03 
1.496632e+03 
1.496632e+03 
1.496632e+03 
1.496632e+03 
1.496632e+03 
1.496632e+03 
1.496632e+03 
1.496632e+03 
1.496632e+03 
1.496632e+03 
1.496632e+03 
1.496632e+03 
1.496632e+03 
1.496632e+03 
1.496632e+03 
1.496632e+03 
1.496632e+03 
1.496632e+03 
1.496632e+03 
1.496632e+03 
1.496632e+03 
1.496632e+03 
1.496632e+03 
1.496632e+03 
1.496632e+03 
1.496632e+03 
1.496632e+03 
1.496632e+03 
1.496632e+03 
1.496632e+03 
1.496632e+03 
1.496632e+03 
1.496632e+03 
1.496632e+03 
1.496632e+03 
1.496632e+03 
1.496632e+03 
1.496632e+03 
1.496632e+03 
1.496632e+03 
1.496632e+03 
1.496632e+03 
1.496632e+03 
1.496632e+03 
1.496632e+03 
1.496632e+03 
1.496632e+03 
1.496632e+03 
1.496632e+03 
1.496632e+03 
1.496632e+03 
1.496632e+03 
1.496632e+03 
1.496632e+03 
1.496632e+03 
1.496632e+03 
1.496632e+03 
1.496632e+03 
1.496632e+03 
1.496632e+03 
1.496632e+03 
1.496632e+03 
1.496632e+03 
1.496632e+03 
1.496632e+03 
1.496632e+03 
1.496632e+03 
1.496632e+03 
1.496632e+03 
1.496632e+03 
1.496632e+03 
1.496632e+03 
1.496632e+03 
1.496632e+03 
1.496632e+03 
1.496632e+03 
1.496632e+03 
1.496632e+03 
1.496632e+03 
1.496632e+03 
1.496632e+03 
1.496632e+03 
1.496632e+03 
1.496632e+03 
1.496632e+03 
1.496632e+03 
1.496632e+03 
1.496632e+03 
1.496632e+03 
1.496632e+03 
1.496632e+03 
1.496632e+03 
1.496632e+03 
1.496632e+03 
1.496632e+03 
1.496632e+03 
1.496632e+03 
1.496632e+03 
1.496632e+03 
1.496632e+03 
1.496632e+03 
1.496632e+03 
1.496632e+03 
1.496632e+03 
1.496632e+03 
1.496632e+03 
1.496632e+03 
1.496632e+03 
1.496632e+03 
1.496632e+03 
1.496632e+03 
1.496632e+03 
1.496632e+03 
1.496632e+03 
1.496632e+03 
1.496632e+03 
1.496632e+03 
1.496632e+03 
1.496632e+03 
1.496632e+03 
1.496632e+03 
1.496632e+03 
1.496632e+03 
1.496632e+03 
1.496632e+03 
1.496632e+03 
1.496632e+03 
1.496632e+03 
1.496632e+03 
1.496632e+03 
1.496632e+03 
1.496632e+03 
1.496632e+03 
1.496632e+03 
1.496632e+03 
1.496632e+03 
1.496632e+03 
1.496632e+03 
1.496632e+03 
1.496632e+03 
1.496632e+03 
1.496632e+03 
1.496632e+03 
1.496632e+03 
1.496632e+03 
1.496632e+03 
1.496632e+03 
1.496632e+03 
1.496632e+03 
1.496632e+03 
1.496632e+03 
1.496632e+03 
1.496632e+03 
1.496632e+03 
1.496632e+03 
1.496632e+03 
1.496632e+03 
1.496632e+03 
1.496632e+03 
1.496632e+03 
1.496632e+03 
1.496632e+03 
1.496632e+03 
1.496632e+03 
1.496632e+03 
1.496632e+03 
1.496632e+03 
1.496632e+03 
1.496632e+03 
1.496632e+03 
1.496632e+03 
1.496632e+03 
1.496632e+03 
1.496632e+03 
1.496632e+03 
1.496632e+03 
1.496632e+03 
1.496632e+03 
1.496632e+03 
1.496632e+03 
1.496632e+03 
1.496632e+03 
1.496632e+03 
1.496632e+03 
1.496632e+03 
1.496632e+03 
1.496632e+03 
1.496632e+03 
1.496632e+03 
1.496632e+03 
1.496632e+03 
1.496632e+03 
1.496632e+03 
1.496632e+03 
1.496632e+03 
1.496632e+03 
1.496632e+03 
1.496632e+03 
1.496632e+03 
1.496632e+03 
1.496632e+03 
1.496632e+03 
1.496632e+03 
1.496632e+03 
1.496632e+03 
1.496632e+03 
1.496632e+03 
1.496632e+03 
1.496632e+03 
1.496632e+03 
1.496632e+03 
1.496632e+03 
1.496632e+03 
1.496632e+03 
1.496632e+03 
1.496632e+03 
1.496632e+03 
1.496632e+03 
1.496632e+03 
1.496632e+03 
1.496632e+03 
1.496632e+03 
1.496632e+03 
1.496632e+03 
1.496632e+03 
1.496632e+03 
1.496632e+03 
1.496632e+03 
1.496632e+03 
1.496632e+03 
1.496632e+03 
1.496632e+03 
1.496632e+03 
1.496632e+03 
1.496632e+03 
1.496632e+03 
1.496632e+03 
1.496632e+03 
1.496632e+03 
1.496632e+03 
1.496632e+03 
1.496632e+03 
1.496632e+03 
1.496632e+03 
1.496632e+03 
1.496632e+03 
1.496632e+03 
1.496632e+03 
1.496632e+03 
1.496632e+03 
1.496632e+03 
1.496632e+03 
1.496632e+03 
1.496632e+03 
1.496632e+03 
1.496632e+03 
1.496632e+03 
1.496632e+03 
1.496632e+03 
1.496632e+03 
1.496632e+03 
1.496632e+03 
1.496632e+03 
1.496632e+03 
1.496632e+03 
1.496632e+03 
1.496632e+03 
1.496632e+03 
1.496632e+03 
1.496632e+03 
1.496632e+03 
1.496632e+03 
1.496632e+03 
1.496632e+03 
1.496632e+03 
1.496632e+03 
1.496632e+03 
1.496632e+03 
1.496632e+03 
1.496632e+03 
1.496632e+03 
1.496632e+03 
1.496632e+03 
1.496632e+03 
1.496632e+03 
1.496632e+03 
1.496632e+03 
1.496632e+03 
1.496632e+03 
1.496632e+03 
1.496632e+03 
1.496632e+03 
1.496632e+03 
1.496632e+03 
1.496632e+03 
1.496632e+03 
1.496632e+03 
1.496632e+03 
1.496632e+03 
1.496632e+03 
1.496632e+03 
1.496632e+03 
1.496632e+03 
1.496632e+03 
1.496632e+03 
1.496632e+03 
1.496632e+03 
1.496632e+03 
1.496632e+03 
1.496632e+03 
1.496632e+03 
1.496632e+03 
1.496632e+03 
1.496632e+03 
1.496632e+03 
1.496632e+03 
1.496632e+03 
1.496632e+03 
1.496632e+03 
1.496632e+03 
1.496632e+03 
1.496632e+03 
1.496632e+03 
1.496632e+03 
1.496632e+03 
1.496632e+03 
1.496632e+03 
1.496632e+03 
1.496632e+03 
1.496632e+03 
1.496632e+03 
1.496632e+03 
1.496632e+03 
1.496632e+03 
1.496632e+03 
1.496632e+03 
1.496632e+03 
1.496632e+03 
1.496632e+03 
1.496632e+03 
1.496632e+03 
1.496632e+03 
1.496632e+03 
1.496632e+03 
1.496632e+03 
1.496632e+03 
1.496632e+03 
1.496632e+03 
1.496632e+03 
1.496632e+03 
1.496632e+03 
1.496632e+03 
1.496632e+03 
1.496632e+03 
1.496632e+03 
1.496632e+03 
1.496632e+03 
1.496632e+03 
1.496632e+03 
1.496632e+03 
1.496632e+03 
1.496632e+03 
1.496632e+03 
1.496632e+03 
1.496632e+03 
1.496632e+03 
1.496632e+03 
1.496632e+03 
1.496632e+03 
1.496632e+03 
1.496632e+03 
1.496632e+03 
1.496632e+03 
1.496632e+03 
1.496632e+03 
1.496632e+03 
1.496632e+03 
1.496632e+03 
1.496632e+03 
1.496632e+03 
1.496632e+03 
1.496632e+03 
1.496632e+03 
1.496632e+03 
1.496632e+03 
1.496632e+03 
1.496632e+03 
1.496632e+03 
1.496632e+03 
1.496632e+03 
1.496632e+03 
1.496632e+03 
1.496632e+03 
1.496632e+03 
1.496632e+03 
1.496632e+03 
1.496632e+03 
1.496632e+03 
1.496632e+03 
1.496632e+03 
1.496632e+03 
1.496632e+03 
1.496632e+03 
1.496632e+03 
1.496632e+03 
1.496632e+03 
1.496632e+03 
1.496632e+03 
1.496632e+03 
1.496632e+03 
1.496632e+03 
1.496632e+03 
1.496632e+03 
1.496632e+03 
1.496632e+03 
1.496632e+03 
1.496632e+03 
1.496632e+03 
1.496632e+03 
1.496632e+03 
1.496632e+03 
1.496632e+03 
1.496632e+03 
1.496632e+03 
1.496632e+03 
1.496632e+03 
1.496632e+03 
1.496632e+03 
1.496632e+03 
1.496632e+03 
1.496632e+03 
1.496632e+03 
1.496632e+03 
1.496632e+03 
1.496632e+03 
1.496632e+03 
1.496632e+03 
1.496632e+03 
1.496632e+03 
1.496632e+03 
1.496632e+03 
1.496632e+03 
1.496632e+03 
1.496632e+03 
1.496632e+03 
1.496632e+03 
1.496632e+03 
1.496632e+03 
1.496632e+03 
1.496632e+03 
1.496632e+03 
1.496632e+03 
1.496632e+03 
1.496632e+03 
1.496632e+03 
1.496632e+03 
1.496632e+03 
1.496632e+03 
1.496632e+03 
1.496632e+03 
1.496632e+03 
1.496632e+03 
1.496632e+03 
1.496632e+03 
1.496632e+03 
1.496632e+03 
1.496632e+03 
1.496632e+03 
1.496632e+03 
1.496632e+03 
1.496632e+03 
1.496632e+03 
1.496632e+03 
1.496632e+03 
1.496632e+03 
1.496632e+03 
1.496632e+03 
1.496632e+03 
1.496632e+03 
1.496632e+03 
1.496632e+03 
1.496632e+03 
1.496632e+03 
1.496632e+03 
1.496632e+03 
1.496632e+03 
1.496632e+03 
1.496632e+03 
1.496632e+03 
1.496632e+03 
1.496632e+03 
1.496632e+03 
1.496632e+03 
1.496632e+03 
1.496632e+03 
1.496632e+03 
1.496632e+03 
1.496632e+03 
1.496632e+03 
1.496632e+03 
1.496632e+03 
1.496632e+03 
1.496632e+03 
1.496632e+03 
1.496632e+03 
1.496632e+03 
1.496632e+03 
1.496632e+03 
1.496632e+03 
1.496632e+03 
1.496632e+03 
1.496632e+03 
1.496632e+03 
1.496632e+03 
1.496632e+03 
1.496632e+03 
1.496632e+03 
1.496632e+03 
1.496632e+03 
1.496632e+03 
1.496632e+03 
1.496632e+03 
1.496632e+03 
1.496632e+03 
1.496632e+03 
1.496632e+03 
1.496632e+03 
1.496632e+03 
1.496632e+03 
1.496632e+03 
1.496632e+03 
1.496632e+03 
1.496632e+03 
1.496632e+03 
1.496632e+03 
1.496632e+03 
1.496632e+03 
1.496632e+03 
1.496632e+03 
1.496632e+03 
1.496632e+03 
1.496632e+03 
1.496632e+03 
1.496632e+03 
1.496632e+03 
1.496632e+03 
1.496632e+03 
1.496632e+03 
1.496632e+03 
1.496632e+03 
1.496632e+03 
1.496632e+03 
1.496632e+03 
1.496632e+03 
1.496632e+03 
1.496632e+03 
1.496632e+03 
1.496632e+03 
1.496632e+03 
1.496632e+03 
1.496632e+03 
1.496632e+03 
1.496632e+03 
1.496632e+03 
1.496632e+03 
1.496632e+03 
1.496632e+03 
1.496632e+03 
1.496632e+03 
1.496632e+03 
1.496632e+03 
1.496632e+03 
1.496632e+03 
1.496632e+03 
1.496632e+03 
1.496632e+03 
1.496632e+03 
1.496632e+03 
1.496632e+03 
1.496632e+03 
1.496632e+03 
1.496632e+03 
1.496632e+03 
1.496632e+03 
1.496632e+03 
1.496632e+03 
1.496632e+03 
1.496632e+03 
1.496632e+03 
1.496632e+03 
1.496632e+03 
1.496632e+03 
1.496632e+03 
1.496632e+03 
1.496632e+03 
1.496632e+03 
1.496632e+03 
1.496632e+03 
1.496632e+03 
1.496632e+03 
1.496632e+03 
1.496632e+03 
1.496632e+03 
1.496632e+03 
1.496632e+03 
1.496632e+03 
1.496632e+03 
1.496632e+03 
1.496632e+03 
1.496632e+03 
1.496632e+03 
1.496632e+03 
1.496632e+03 
1.496632e+03 
1.496632e+03 
1.496632e+03 
1.496632e+03 
1.496632e+03 
1.496632e+03 
1.496632e+03 
1.496632e+03 
1.496632e+03 
1.496632e+03 
1.496632e+03 
1.496632e+03 
1.496632e+03 
1.496632e+03 
1.496632e+03 
1.496632e+03 
1.496632e+03 
1.496632e+03 
1.496632e+03 
1.496632e+03 
1.496632e+03 
1.496632e+03 
1.496632e+03 
1.496632e+03 
1.496632e+03 
1.496632e+03 
1.496632e+03 
1.496632e+03 
1.496632e+03 
1.496632e+03 
1.496632e+03 
1.496632e+03 
1.496632e+03 
1.496632e+03 
1.496632e+03 
1.496632e+03 
1.496632e+03 
1.496632e+03 
1.496632e+03 
1.496632e+03 
1.496632e+03 
1.496632e+03 
1.496632e+03 
1.496632e+03 
1.496632e+03 
1.496632e+03 
1.496632e+03 
1.496632e+03 
1.496632e+03 
1.496632e+03 
1.496632e+03 
1.496632e+03 
1.496632e+03 
1.496632e+03 
1.496632e+03 
1.496632e+03 
1.496632e+03 
1.496632e+03 
1.496632e+03 
1.496632e+03 
1.496632e+03 
1.496632e+03 
1.496632e+03 
1.496632e+03 
1.496632e+03 
1.496632e+03 
1.496632e+03 
1.496632e+03 
1.496632e+03 
1.496632e+03 
1.496632e+03 
1.496632e+03 
1.496632e+03 
1.496632e+03 
1.496632e+03 
1.496632e+03 
1.496632e+03 
1.496632e+03 
1.496632e+03 
1.496632e+03 
1.496632e+03 
1.496632e+03 
1.496632e+03 
1.496632e+03 
1.496632e+03 
1.496632e+03 
1.496632e+03 
1.496632e+03 
1.496632e+03 
1.496632e+03 
1.496632e+03 
1.496632e+03 
1.496632e+03 
1.496632e+03 
1.496632e+03 
1.496632e+03 
1.496632e+03 
1.496632e+03 
1.496632e+03 
1.496632e+03 
1.496632e+03 
1.496632e+03 
1.496632e+03 
1.496632e+03 
1.496632e+03 
1.496632e+03 
1.496632e+03 
1.496632e+03 
1.496632e+03 
1.496632e+03 
1.496632e+03 
1.496632e+03 
1.496632e+03 
1.496632e+03 
1.496632e+03 
1.496632e+03 
1.496632e+03 
1.496632e+03 
1.496632e+03 
1.496632e+03 
1.496632e+03 
1.496632e+03 
1.496632e+03 
1.496632e+03 
1.496632e+03 
1.496632e+03 
1.496632e+03 
1.496632e+03 
1.496632e+03 
1.496632e+03 
1.496632e+03 
1.496632e+03 
1.496632e+03 
1.496632e+03 
1.496632e+03 
1.496632e+03 
1.496632e+03 
1.496632e+03 
1.496632e+03 
1.496632e+03 
1.496632e+03 
1.496632e+03 
1.496632e+03 
1.496632e+03 
1.496632e+03 
1.496632e+03 
1.496632e+03 
1.496632e+03 
1.496632e+03 
1.496632e+03 
1.496632e+03 
1.496632e+03 
1.496632e+03 
1.496632e+03 
1.496632e+03 
1.496632e+03 
1.496632e+03 
1.496632e+03 
1.496632e+03 
1.496632e+03 
1.496632e+03 
1.496632e+03 
1.496632e+03 
1.496632e+03 
1.496632e+03 
1.496632e+03 
1.496632e+03 
1.496632e+03 
1.496632e+03 
1.496632e+03 
1.496632e+03 
1.496632e+03 
1.496632e+03 
1.496632e+03 
1.496632e+03 
1.496632e+03 
1.496632e+03 
1.496632e+03 
1.496632e+03 
1.496632e+03 
1.496632e+03 
1.496632e+03 
1.496632e+03 
1.496632e+03 
1.496632e+03 
1.496632e+03 
1.496632e+03 
1.496632e+03 
1.496632e+03 
1.496632e+03 
1.496632e+03 
1.496632e+03 
1.496632e+03 
1.496632e+03 
1.496632e+03 
1.496632e+03 
1.496632e+03 
1.496632e+03 
1.496632e+03 
1.496632e+03 
1.496632e+03 
1.496632e+03 
1.496632e+03 
1.496632e+03 
1.496632e+03 
1.496632e+03 
1.496632e+03 
1.496632e+03 
1.496632e+03 
1.496632e+03 
1.496632e+03 
1.496632e+03 
1.496632e+03 
1.496632e+03 
1.496632e+03 
1.496632e+03 
1.496632e+03 
1.496632e+03 
1.496632e+03 
1.496632e+03 
1.496632e+03 
1.496632e+03 
1.496632e+03 
1.496632e+03 
1.496632e+03 
1.496632e+03 
1.496632e+03 
1.496632e+03 
1.496632e+03 
1.496632e+03 
1.496632e+03 
1.496632e+03 
1.496632e+03 
1.496632e+03 
1.496632e+03 
1.496632e+03 
1.496632e+03 
1.496632e+03 
1.496632e+03 
1.496632e+03 
1.496632e+03 
1.496632e+03 
1.496632e+03 
1.496632e+03 
1.496632e+03 
1.496632e+03 
1.496632e+03 
1.496632e+03 
1.496632e+03 
1.496632e+03 
1.496632e+03 
1.496632e+03 
1.496632e+03 
1.496632e+03 
1.496632e+03 
1.496632e+03 
1.496632e+03 
1.496632e+03 
1.496632e+03 
1.496632e+03 
1.496632e+03 
1.496632e+03 
1.496632e+03 
1.496632e+03 
1.496632e+03 
1.496632e+03 
1.496632e+03 
1.496632e+03 
1.496632e+03 
1.496632e+03 
1.496632e+03 
1.496632e+03 
1.496632e+03 
1.496632e+03 
1.496632e+03 
1.496632e+03 
1.496632e+03 
1.496632e+03 
1.496632e+03 
1.496632e+03 
1.496632e+03 
1.496632e+03 
1.496632e+03 
1.496632e+03 
1.496632e+03 
1.496632e+03 
1.496632e+03 
1.496632e+03 
1.496632e+03 
1.496632e+03 
1.496632e+03 
1.496632e+03 
1.496632e+03 
1.496632e+03 
1.496632e+03 
1.496632e+03 
1.496632e+03 
1.496632e+03 
1.496632e+03 
1.496632e+03 
1.496632e+03 
1.496632e+03 
1.496632e+03 
1.496632e+03 
1.496632e+03 
1.496632e+03 
1.496632e+03 
1.496632e+03 
1.496632e+03 
1.496632e+03 
1.496632e+03 
1.496632e+03 
1.496632e+03 
1.496632e+03 
1.496632e+03 
1.496632e+03 
1.496632e+03 
1.496632e+03 
1.496632e+03 
1.496632e+03 
1.496632e+03 
1.496632e+03 
1.496632e+03 
1.496632e+03 
1.496632e+03 
1.496632e+03 
1.496632e+03 
1.496632e+03 
1.496632e+03 
1.496632e+03 
1.496632e+03 
1.496632e+03 
1.496632e+03 
1.496632e+03 
1.496632e+03 
1.496632e+03 
1.496632e+03 
1.496632e+03 
1.496632e+03 
1.496632e+03 
1.496632e+03 
1.496632e+03 
1.496632e+03 
1.496632e+03 
1.496632e+03 
1.496632e+03 
1.496632e+03 
1.496632e+03 
1.496632e+03 
1.496632e+03 
1.496632e+03 
1.496632e+03 
1.496632e+03 
1.496632e+03 
1.496632e+03 
1.496632e+03 
1.496632e+03 
1.496632e+03 
1.496632e+03 
1.496632e+03 
1.496632e+03 
1.496632e+03 
1.496632e+03 
1.496632e+03 
1.496632e+03 
1.496632e+03 
1.496632e+03 
1.496632e+03 
1.496632e+03 
1.496632e+03 
1.496632e+03 
1.496632e+03 
1.496632e+03 
1.496632e+03 
1.496632e+03 
1.496632e+03 
1.496632e+03 
1.496632e+03 
1.496632e+03 
1.496632e+03 
1.496632e+03 
1.496632e+03 
1.496632e+03 
1.496632e+03 
1.496632e+03 
1.496632e+03 
1.496632e+03 
1.496632e+03 
1.496632e+03 
1.496632e+03 
1.496632e+03 
1.496632e+03 
1.496632e+03 
1.496632e+03 
1.496632e+03 
1.496632e+03 
1.496632e+03 
1.496632e+03 
1.496632e+03 
1.496632e+03 
1.496632e+03 
1.496632e+03 
1.496632e+03 
1.496632e+03 
1.496632e+03 
1.496632e+03 
1.496632e+03 
1.496632e+03 
1.496632e+03 
1.496632e+03 
1.496632e+03 
1.496632e+03 
1.496632e+03 
1.496632e+03 
1.496632e+03 
1.496632e+03 
1.496632e+03 
1.496632e+03 
1.496632e+03 
1.496632e+03 
1.496632e+03 
1.496632e+03 
1.496632e+03 
1.496632e+03 
1.496632e+03 
1.496632e+03 
1.496632e+03 
1.496632e+03 
1.496632e+03 
1.496632e+03 
1.496632e+03 
1.496632e+03 
1.496632e+03 
1.496632e+03 
1.496632e+03 
1.496632e+03 
1.496632e+03 
1.496632e+03 
1.496632e+03 
1.496632e+03 
1.496632e+03 
1.496632e+03 
1.496632e+03 
1.496632e+03 
1.496632e+03 
1.496632e+03 
1.496632e+03 
1.496632e+03 
1.496632e+03 
1.496632e+03 
1.496632e+03 
1.496632e+03 
1.496632e+03 
1.496632e+03 
1.496632e+03 
1.496632e+03 
1.496632e+03 
1.496632e+03 
1.496632e+03 
1.496632e+03 
1.496632e+03 
1.496632e+03 
1.496632e+03 
1.496632e+03 
1.496632e+03 
1.496632e+03 
1.496632e+03 
1.496632e+03 
1.496632e+03 
1.496632e+03 
1.496632e+03 
1.496632e+03 
1.496632e+03 
1.496632e+03 
1.496632e+03 
1.496632e+03 
1.496632e+03 
1.496632e+03 
1.496632e+03 
1.496632e+03 
1.496632e+03 
1.496632e+03 
1.496632e+03 
1.496632e+03 
1.496632e+03 
1.496632e+03 
1.496632e+03 
1.496632e+03 
1.496632e+03 
1.496632e+03 
1.496632e+03 
1.496632e+03 
1.496632e+03 
1.496632e+03 
1.496632e+03 
1.496632e+03 
1.496632e+03 
1.496632e+03 
1.496632e+03 
1.496632e+03 
1.496632e+03 
1.496632e+03 
1.496632e+03 
1.496632e+03 
1.496632e+03 
1.496632e+03 
1.496632e+03 
1.496632e+03 
1.496632e+03 
1.496632e+03 
1.496632e+03 
1.496632e+03 
1.496632e+03 
1.496632e+03 
1.496632e+03 
1.496632e+03 
1.496632e+03 
1.496632e+03 
1.496632e+03 
1.496632e+03 
1.496632e+03 
1.496632e+03 
1.496632e+03 
1.496632e+03 
1.496632e+03 
1.496632e+03 
1.496632e+03 
1.496632e+03 
1.496632e+03 
1.496632e+03 
1.496632e+03 
1.496632e+03 
1.496632e+03 
1.496632e+03 
1.496632e+03 
1.496632e+03 
1.496632e+03 
1.496632e+03 
1.496632e+03 
1.496632e+03 
1.496632e+03 
1.496632e+03 
1.496632e+03 
1.496632e+03 
1.496632e+03 
1.496632e+03 
1.496632e+03 
1.496632e+03 
1.496632e+03 
1.496632e+03 
1.496632e+03 
1.496632e+03 
1.496632e+03 
1.496632e+03 
1.496632e+03 
1.496632e+03 
1.496632e+03 
1.496632e+03 
1.496632e+03 
1.496632e+03 
1.496632e+03 
1.496632e+03 
1.496632e+03 
1.496632e+03 
1.496632e+03 
1.496632e+03 
1.496632e+03 
1.496632e+03 
1.496632e+03 
1.496632e+03 
1.496632e+03 
1.496632e+03 
1.496632e+03 
1.496632e+03 
1.496632e+03 
1.496632e+03 
1.496632e+03 
1.496632e+03 
1.496632e+03 
1.496632e+03 
1.496632e+03 
1.496632e+03 
1.496632e+03 
1.496632e+03 
1.496632e+03 
1.496632e+03 
1.496632e+03 
1.496632e+03 
1.496632e+03 
1.496632e+03 
1.496632e+03 
1.496632e+03 
1.496632e+03 
1.496632e+03 
1.496632e+03 
1.496632e+03 
1.496632e+03 
1.496632e+03 
1.496632e+03 
1.496632e+03 
1.496632e+03 
1.496632e+03 
1.496632e+03 
1.496632e+03 
1.496632e+03 
1.496632e+03 
1.496632e+03 
1.496632e+03 
1.496632e+03 
1.496632e+03 
1.496632e+03 
1.496632e+03 
1.496632e+03 
1.496632e+03 
1.496632e+03 
1.496632e+03 
1.496632e+03 
1.496632e+03 
1.496632e+03 
1.496632e+03 
1.496632e+03 
1.496632e+03 
1.496632e+03 
1.496632e+03 
1.496632e+03 
1.496632e+03 
1.496632e+03 
1.496632e+03 
1.496632e+03 
1.496632e+03 
1.496632e+03 
1.496632e+03 
1.496632e+03 
1.496632e+03 
1.496632e+03 
1.496632e+03 
1.496632e+03 
1.496632e+03 
1.496632e+03 
1.496632e+03 
1.496632e+03 
1.496632e+03 
1.496632e+03 
1.496632e+03 
1.496632e+03 
1.496632e+03 
1.496632e+03 
1.496632e+03 
1.496632e+03 
1.496632e+03 
1.496632e+03 
1.496632e+03 
1.496632e+03 
1.496632e+03 
1.496632e+03 
1.496632e+03 
1.496632e+03 
1.496632e+03 
1.496632e+03 
1.496632e+03 
1.496632e+03 
1.496632e+03 
1.496632e+03 
1.496632e+03 
1.496632e+03 
1.496632e+03 
1.496632e+03 
1.496632e+03 
1.496632e+03 
1.496632e+03 
1.496632e+03 
1.496632e+03 
1.496632e+03 
1.496632e+03 
1.496632e+03 
1.496632e+03 
1.496632e+03 
1.496632e+03 
1.496632e+03 
1.496632e+03 
1.496632e+03 
1.496632e+03 
1.496632e+03 
1.496632e+03 
1.496632e+03 
1.496632e+03 
1.496632e+03 
1.496632e+03 
1.496632e+03 
1.496632e+03 
1.496632e+03 
1.496632e+03 
1.496632e+03 
1.496632e+03 
1.496632e+03 
1.496632e+03 
1.496632e+03 
1.496632e+03 
1.496632e+03 
1.496632e+03 
1.496632e+03 
1.496632e+03 
1.496632e+03 
1.496632e+03 
1.496632e+03 
1.496632e+03 
1.496632e+03 
1.496632e+03 
1.496632e+03 
1.496632e+03 
1.496632e+03 
1.496632e+03 
1.496632e+03 
1.496632e+03 
1.496632e+03 
1.496632e+03 
1.496632e+03 
1.496632e+03 
1.496632e+03 
1.496632e+03 
1.496632e+03 
1.496632e+03 
1.496632e+03 
1.496632e+03 
1.496632e+03 
1.496632e+03 
1.496632e+03 
1.496632e+03 
1.496632e+03 
1.496632e+03 
1.496632e+03 
1.496632e+03 
1.496632e+03 
1.496632e+03 
1.496632e+03 
1.496632e+03 
1.496632e+03 
1.496632e+03 
1.496632e+03 
1.496632e+03 
1.496632e+03 
1.496632e+03 
1.496632e+03 
1.496632e+03 
1.496632e+03 
1.496632e+03 
1.496632e+03 
1.496632e+03 
1.496632e+03 
1.496632e+03 
1.496632e+03 
1.496632e+03 
1.496632e+03 
1.496632e+03 
1.496632e+03 
1.496632e+03 
1.496632e+03 
1.496632e+03 
1.496632e+03 
1.496632e+03 
1.496632e+03 
1.496632e+03 
1.496632e+03 
1.496632e+03 
1.496632e+03 
1.496632e+03 
1.496632e+03 
1.496632e+03 
1.496632e+03 
1.496632e+03 
1.496632e+03 
1.496632e+03 
1.496632e+03 
1.496632e+03 
1.496632e+03 
1.496632e+03 
1.496632e+03 
1.496632e+03 
1.496632e+03 
1.496632e+03 
1.496632e+03 
1.496632e+03 
1.496632e+03 
1.496632e+03 
1.496632e+03 
1.496632e+03 
1.496632e+03 
1.496632e+03 
1.496632e+03 
1.496632e+03 
1.496632e+03 
1.496632e+03 
1.496632e+03 
1.496632e+03 
1.496632e+03 
1.496632e+03 
1.496632e+03 
1.496632e+03 
1.496632e+03 
1.496632e+03 
1.496632e+03 
1.496632e+03 
1.496632e+03 
1.496632e+03 
1.496632e+03 
1.496632e+03 
1.496632e+03 
1.496632e+03 
1.496632e+03 
1.496632e+03 
1.496632e+03 
1.496632e+03 
1.496632e+03 
1.496632e+03 
1.496632e+03 
1.496632e+03 
1.496632e+03 
1.496632e+03 
1.496632e+03 
1.496632e+03 
1.496632e+03 
1.496632e+03 
1.496632e+03 
1.496632e+03 
1.496632e+03 
1.496632e+03 
1.496632e+03 
1.496632e+03 
1.496632e+03 
1.496632e+03 
1.496632e+03 
1.496632e+03 
1.496632e+03 
1.496632e+03 
1.496632e+03 
1.496632e+03 
1.496632e+03 
1.496632e+03 
1.496632e+03 
1.496632e+03 
1.496632e+03 
1.496632e+03 
1.496632e+03 
1.496632e+03 
1.496632e+03 
1.496632e+03 
1.496632e+03 
1.496632e+03 
1.496632e+03 
1.496632e+03 
1.496632e+03 
1.496632e+03 
1.496632e+03 
1.496632e+03 
1.496632e+03 
1.496632e+03 
1.496632e+03 
1.496632e+03 
1.496632e+03 
1.496632e+03 
1.496632e+03 
1.496632e+03 
1.496632e+03 
1.496632e+03 
1.496632e+03 
1.496632e+03 
1.496632e+03 
1.496632e+03 
1.496632e+03 
1.496632e+03 
1.496632e+03 
1.496632e+03 
1.496632e+03 
1.496632e+03 
1.496632e+03 
1.496632e+03 
1.496632e+03 
1.496632e+03 
1.496632e+03 
1.496632e+03 
1.496632e+03 
1.496632e+03 
1.496632e+03 
1.496632e+03 
1.496632e+03 
1.496632e+03 
1.496632e+03 
1.496632e+03 
1.496632e+03 
1.496632e+03 
1.496632e+03 
1.496632e+03 
1.496632e+03 
1.496632e+03 
1.496632e+03 
1.496632e+03 
1.496632e+03 
1.496632e+03 
1.496632e+03 
1.496632e+03 
1.496632e+03 
1.496632e+03 
1.496632e+03 
1.496632e+03 
1.496632e+03 
1.496632e+03 
1.496632e+03 
1.496632e+03 
1.496632e+03 
1.496632e+03 
1.496632e+03 
1.496632e+03 
1.496632e+03 
1.496632e+03 
1.496632e+03 
1.496632e+03 
1.496632e+03 
1.496632e+03 
1.496632e+03 
1.496632e+03 
1.496632e+03 
1.496632e+03 
1.496632e+03 
1.496632e+03 
1.496632e+03 
1.496632e+03 
1.496632e+03 
1.496632e+03 
1.496632e+03 
1.496632e+03 
1.496632e+03 
1.496632e+03 
1.496632e+03 
1.496632e+03 
1.496632e+03 
1.496632e+03 
1.496632e+03 
1.496632e+03 
1.496632e+03 
1.496632e+03 
1.496632e+03 
1.496632e+03 
1.496632e+03 
1.496632e+03 
1.496632e+03 
1.496632e+03 
1.496632e+03 
1.496632e+03 
1.496632e+03 
1.496632e+03 
1.496632e+03 
1.496632e+03 
1.496632e+03 
1.496632e+03 
1.496632e+03 
1.496632e+03 
1.496632e+03 
1.496632e+03 
1.496632e+03 
1.496632e+03 
1.496632e+03 
1.496632e+03 
1.496632e+03 
1.496632e+03 
1.496632e+03 
1.496632e+03 
1.496632e+03 
1.496632e+03 
1.496632e+03 
1.496632e+03 
1.496632e+03 
1.496632e+03 
1.496632e+03 
1.496632e+03 
1.496632e+03 
1.496632e+03 
1.496632e+03 
1.496632e+03 
1.496632e+03 
1.496632e+03 
1.496632e+03 
1.496632e+03 
1.496632e+03 
1.496632e+03 
1.496632e+03 
1.496632e+03 
1.496632e+03 
1.496632e+03 
1.496632e+03 
1.496632e+03 
1.496632e+03 
1.496632e+03 
1.496632e+03 
1.496632e+03 
1.496632e+03 
1.496632e+03 
1.496632e+03 
1.496632e+03 
1.496632e+03 
1.496632e+03 
1.496632e+03 
1.496632e+03 
1.496632e+03 
1.496632e+03 
1.496632e+03 
1.496632e+03 
1.496632e+03 
1.496632e+03 
1.496632e+03 
1.496632e+03 
1.496632e+03 
1.496632e+03 
1.496632e+03 
1.496632e+03 
1.496632e+03 
1.496632e+03 
1.496632e+03 
1.496632e+03 
1.496632e+03 
1.496632e+03 
1.496632e+03 
1.496632e+03 
1.496632e+03 
1.496632e+03 
1.496632e+03 
1.496632e+03 
1.496632e+03 
1.496632e+03 
1.496632e+03 
1.496632e+03 
1.496632e+03 
1.496632e+03 
1.496632e+03 
1.496632e+03 
1.496632e+03 
1.496632e+03 
1.496632e+03 
1.496632e+03 
1.496632e+03 
1.496632e+03 
1.496632e+03 
1.496632e+03 
1.496632e+03 
1.496632e+03 
1.496632e+03 
1.496632e+03 
1.496632e+03 
1.496632e+03 
1.496632e+03 
1.496632e+03 
1.496632e+03 
1.496632e+03 
1.496632e+03 
1.496632e+03 
1.496632e+03 
1.496632e+03 
1.496632e+03 
1.496632e+03 
1.496632e+03 
1.496632e+03 
1.496632e+03 
1.496632e+03 
1.496632e+03 
1.496632e+03 
1.496632e+03 
1.496632e+03 
1.496632e+03 
1.496632e+03 
1.496632e+03 
1.496632e+03 
1.496632e+03 
1.496632e+03 
1.496632e+03 
1.496632e+03 
1.496632e+03 
1.496632e+03 
1.496632e+03 
1.496632e+03 
1.496632e+03 
1.496632e+03 
1.496632e+03 
1.496632e+03 
1.496632e+03 
1.496632e+03 
1.496632e+03 
1.496632e+03 
1.496632e+03 
1.496632e+03 
1.496632e+03 
1.496632e+03 
1.496632e+03 
1.496632e+03 
1.496632e+03 
1.496632e+03 
1.496632e+03 
1.496632e+03 
1.496632e+03 
1.496632e+03 
1.496632e+03 
1.496632e+03 
1.496632e+03 
1.496632e+03 
1.496632e+03 
1.496632e+03 
1.496632e+03 
1.496632e+03 
1.496632e+03 
1.496632e+03 
1.496632e+03 
1.496632e+03 
1.496632e+03 
1.496632e+03 
1.496632e+03 
1.496632e+03 
1.496632e+03 
1.496632e+03 
1.496632e+03 
1.496632e+03 
1.496632e+03 
1.496632e+03 
1.496632e+03 
1.496632e+03 
1.496632e+03 
1.496632e+03 
1.496632e+03 
1.496632e+03 
1.496632e+03 
1.496632e+03 
1.496632e+03 
1.496632e+03 
1.496632e+03 
1.496632e+03 
1.496632e+03 
1.496632e+03 
1.496632e+03 
1.496632e+03 
1.496632e+03 
1.496632e+03 
1.496632e+03 
1.496632e+03 
1.496632e+03 
1.496632e+03 
1.496632e+03 
1.496632e+03 
1.496632e+03 
1.496632e+03 
1.496632e+03 
1.496632e+03 
1.496632e+03 
1.496632e+03 
1.496632e+03 
1.496632e+03 
1.496632e+03 
1.496632e+03 
1.496632e+03 
1.496632e+03 
1.496632e+03 
1.496632e+03 
1.496632e+03 
1.496632e+03 
1.496632e+03 
1.496632e+03 
1.496632e+03 
1.496632e+03 
1.496632e+03 
1.496632e+03 
1.496632e+03 
1.496632e+03 
1.496632e+03 
1.496632e+03 
1.496632e+03 
1.496632e+03 
1.496632e+03 
1.496632e+03 
1.496632e+03 
1.496632e+03 
1.496632e+03 
1.496632e+03 
1.496632e+03 
1.496632e+03 
1.496632e+03 
1.496632e+03 
1.496632e+03 
1.496632e+03 
1.496632e+03 
1.496632e+03 
1.496632e+03 
1.496632e+03 
1.496632e+03 
1.496632e+03 
1.496632e+03 
1.496632e+03 
1.496632e+03 
1.496632e+03 
1.496632e+03 
1.496632e+03 
1.496632e+03 
1.496632e+03 
1.496632e+03 
1.496632e+03 
1.496632e+03 
1.496632e+03 
1.496632e+03 
1.496632e+03 
1.496632e+03 
1.496632e+03 
1.496632e+03 
1.496632e+03 
1.496632e+03 
1.496632e+03 
1.496632e+03 
1.496632e+03 
1.496632e+03 
1.496632e+03 
1.496632e+03 
1.496632e+03 
1.496632e+03 
1.496632e+03 
1.496632e+03 
1.496632e+03 
1.496632e+03 
1.496632e+03 
1.496632e+03 
1.496632e+03 
1.496632e+03 
1.496632e+03 
1.496632e+03 
1.496632e+03 
1.496632e+03 
1.496632e+03 
1.496632e+03 
1.496632e+03 
1.496632e+03 
1.496632e+03 
1.496632e+03 
1.496632e+03 
1.496632e+03 
1.496632e+03 
1.496632e+03 
1.496632e+03 
1.496632e+03 
1.496632e+03 
1.496632e+03 
1.496632e+03 
1.496632e+03 
1.496632e+03 
1.496632e+03 
1.496632e+03 
1.496632e+03 
1.496632e+03 
1.496632e+03 
1.496632e+03 
1.496632e+03 
1.496632e+03 
1.496632e+03 
1.496632e+03 
1.496632e+03 
1.496632e+03 
1.496632e+03 
1.496632e+03 
1.496632e+03 
1.496632e+03 
1.496632e+03 
1.496632e+03 
1.496632e+03 
1.496632e+03 
1.496632e+03 
1.496632e+03 
1.496632e+03 
1.496632e+03 
1.496632e+03 
1.496632e+03 
1.496632e+03 
1.496632e+03 
1.496632e+03 
1.496632e+03 
1.496632e+03 
1.496632e+03 
1.496632e+03 
1.496632e+03 
1.496632e+03 
1.496632e+03 
1.496632e+03 
1.496632e+03 
1.496632e+03 
1.496632e+03 
1.496632e+03 
1.496632e+03 
1.496632e+03 
1.496632e+03 
1.496632e+03 
1.496632e+03 
1.496632e+03 
1.496632e+03 
1.496632e+03 
1.496632e+03 
1.496632e+03 
1.496632e+03 
1.496632e+03 
1.496632e+03 
1.496632e+03 
1.496632e+03 
1.496632e+03 
1.496632e+03 
1.496632e+03 
1.496632e+03 
1.496632e+03 
1.496632e+03 
1.496632e+03 
1.496632e+03 
1.496632e+03 
1.496632e+03 
1.496632e+03 
1.496632e+03 
1.496632e+03 
1.496632e+03 
1.496632e+03 
1.496632e+03 
1.496632e+03 
1.496632e+03 
1.496632e+03 
1.496632e+03 
1.496632e+03 
1.496632e+03 
1.496632e+03 
1.496632e+03 
1.496632e+03 
1.496632e+03 
1.496632e+03 
1.496632e+03 
1.496632e+03 
1.496632e+03 
1.496632e+03 
1.496632e+03 
1.496632e+03 
1.496632e+03 
1.496632e+03 
1.496632e+03 
1.496632e+03 
1.496632e+03 
1.496632e+03 
1.496632e+03 
1.496632e+03 
1.496632e+03 
1.496632e+03 
1.496632e+03 
1.496632e+03 
1.496632e+03 
1.496632e+03 
1.496632e+03 
1.496632e+03 
1.496632e+03 
1.496632e+03 
1.496632e+03 
1.496632e+03 
1.496632e+03 
1.496632e+03 
1.496632e+03 
1.496632e+03 
1.496632e+03 
1.496632e+03 
1.496632e+03 
1.496632e+03 
1.496632e+03 
1.496632e+03 
1.496632e+03 
1.496632e+03 
1.496632e+03 
1.496632e+03 
1.496632e+03 
1.496632e+03 
1.496632e+03 
1.496632e+03 
1.496632e+03 
1.496632e+03 
1.496632e+03 
1.496632e+03 
1.496632e+03 
1.496632e+03 
1.496632e+03 
1.496632e+03 
1.496632e+03 
1.496632e+03 
1.496632e+03 
1.496632e+03 
1.496632e+03 
1.496632e+03 
1.496632e+03 
1.496632e+03 
1.496632e+03 
1.496632e+03 
1.496632e+03 
1.496632e+03 
1.496632e+03 
1.496632e+03 
1.496632e+03 
1.496632e+03 
1.496632e+03 
1.496632e+03 
1.496632e+03 
1.496632e+03 
1.496632e+03 
1.496632e+03 
1.496632e+03 
1.496632e+03 
1.496632e+03 
1.496632e+03 
1.496632e+03 
1.496632e+03 
1.496632e+03 
1.496632e+03 
1.496632e+03 
1.496632e+03 
1.496632e+03 
1.496632e+03 
1.496632e+03 
1.496632e+03 
1.496632e+03 
1.496632e+03 
1.496632e+03 
1.496632e+03 
1.496632e+03 
1.496632e+03 
1.496632e+03 
1.496632e+03 
1.496632e+03 
1.496632e+03 
1.496632e+03 
1.496632e+03 
1.496632e+03 
1.496632e+03 
1.496632e+03 
1.496632e+03 
1.496632e+03 
1.496632e+03 
1.496632e+03 
1.496632e+03 
1.496632e+03 
1.496632e+03 
1.496632e+03 
1.496632e+03 
1.496632e+03 
1.496632e+03 
1.496632e+03 
1.496632e+03 
1.496632e+03 
1.496632e+03 
1.496632e+03 
1.496632e+03 
1.496632e+03 
1.496632e+03 
1.496632e+03 
1.496632e+03 
1.496632e+03 
1.496632e+03 
1.496632e+03 
1.496632e+03 
1.496632e+03 
1.496632e+03 
1.496632e+03 
1.496632e+03 
1.496632e+03 
1.496632e+03 
1.496632e+03 
1.496632e+03 
1.496632e+03 
1.496632e+03 
1.496632e+03 
1.496632e+03 
1.496632e+03 
1.496632e+03 
1.496632e+03 
1.496632e+03 
1.496632e+03 
1.496632e+03 
1.496632e+03 
1.496632e+03 
1.496632e+03 
1.496632e+03 
1.496632e+03 
1.496632e+03 
1.496632e+03 
1.496632e+03 
1.496632e+03 
1.496632e+03 
1.496632e+03 
1.496632e+03 
1.496632e+03 
1.496632e+03 
1.496632e+03 
1.496632e+03 
1.496632e+03 
1.496632e+03 
1.496632e+03 
1.496632e+03 
1.496632e+03 
1.496632e+03 
1.496632e+03 
1.496632e+03 
1.496632e+03 
1.496632e+03 
1.496632e+03 
1.496632e+03 
1.496632e+03 
1.496632e+03 
1.496632e+03 
1.496632e+03 
1.496632e+03 
1.496632e+03 
1.496632e+03 
1.496632e+03 
1.496632e+03 
1.496632e+03 
1.496632e+03 
1.496632e+03 
1.496632e+03 
1.496632e+03 
1.496632e+03 
1.496632e+03 
1.496632e+03 
1.496632e+03 
1.496632e+03 
1.496632e+03 
1.496632e+03 
1.496632e+03 
1.496632e+03 
1.496632e+03 
1.496632e+03 
1.496632e+03 
1.496632e+03 
1.496632e+03 
1.496632e+03 
1.496632e+03 
1.496632e+03 
1.496632e+03 
1.496632e+03 
1.496632e+03 
1.496632e+03 
1.496632e+03 
1.496632e+03 
1.496632e+03 
1.496632e+03 
1.496632e+03 
1.496632e+03 
1.496632e+03 
1.496632e+03 
1.496632e+03 
1.496632e+03 
1.496632e+03 
1.496632e+03 
1.496632e+03 
1.496632e+03 
1.496632e+03 
1.496632e+03 
1.496632e+03 
1.496632e+03 
1.496632e+03 
1.496632e+03 
1.496632e+03 
1.496632e+03 
1.496632e+03 
1.496632e+03 
1.496632e+03 
1.496632e+03 
1.496632e+03 
1.496632e+03 
1.496632e+03 
1.496632e+03 
1.496632e+03 
1.496632e+03 
1.496632e+03 
1.496632e+03 
1.496632e+03 
1.496632e+03 
1.496632e+03 
1.496632e+03 
1.496632e+03 
1.496632e+03 
1.496632e+03 
1.496632e+03 
1.496632e+03 
1.496632e+03 
1.496632e+03 
1.496632e+03 
1.496632e+03 
1.496632e+03 
1.496632e+03 
1.496632e+03 
1.496632e+03 
1.496632e+03 
1.496632e+03 
1.496632e+03 
1.496632e+03 
1.496632e+03 
1.496632e+03 
1.496632e+03 
1.496632e+03 
1.496632e+03 
1.496632e+03 
1.496632e+03 
1.496632e+03 
1.496632e+03 
1.496632e+03 
1.496632e+03 
1.496632e+03 
1.496632e+03 
1.496632e+03 
1.496632e+03 
1.496632e+03 
1.496632e+03 
1.496632e+03 
1.496632e+03 
1.496632e+03 
1.496632e+03 
1.496632e+03 
1.496632e+03 
1.496632e+03 
1.496632e+03 
1.496632e+03 
1.496632e+03 
1.496632e+03 
1.496632e+03 
1.496632e+03 
1.496632e+03 
1.496632e+03 
1.496632e+03 
1.496632e+03 
1.496632e+03 
1.496632e+03 
1.496632e+03 
1.496632e+03 
1.496632e+03 
1.496632e+03 
1.496632e+03 
1.496632e+03 
1.496632e+03 
1.496632e+03 
1.496632e+03 
1.496632e+03 
1.496632e+03 
1.496632e+03 
1.496632e+03 
1.496632e+03 
1.496632e+03 
1.496632e+03 
1.496632e+03 
1.496632e+03 
1.496632e+03 
1.496632e+03 
1.496632e+03 
1.496632e+03 
1.496632e+03 
1.496632e+03 
1.496632e+03 
1.496632e+03 
1.496632e+03 
1.496632e+03 
1.496632e+03 
1.496632e+03 
1.496632e+03 
1.496632e+03 
1.496632e+03 
1.496632e+03 
1.496632e+03 
1.496632e+03 
1.496632e+03 
1.496632e+03 
1.496632e+03 
1.496632e+03 
1.496632e+03 
1.496632e+03 
1.496632e+03 
1.496632e+03 
1.496632e+03 
1.496632e+03 
1.496632e+03 
1.496632e+03 
1.496632e+03 
1.496632e+03 
1.496632e+03 
1.496632e+03 
1.496632e+03 
1.496632e+03 
1.496632e+03 
1.496632e+03 
1.496632e+03 
1.496632e+03 
1.496632e+03 
1.496632e+03 
1.496632e+03 
1.496632e+03 
1.496632e+03 
1.496632e+03 
1.496632e+03 
1.496632e+03 
1.496632e+03 
1.496632e+03 
1.496632e+03 
1.496632e+03 
1.496632e+03 
1.496632e+03 
1.496632e+03 
1.496632e+03 
1.496632e+03 
1.496632e+03 
1.496632e+03 
1.496632e+03 
1.496632e+03 
1.496632e+03 
1.496632e+03 
1.496632e+03 
1.496632e+03 
1.496632e+03 
1.496632e+03 
1.496632e+03 
1.496632e+03 
1.496632e+03 
1.496632e+03 
1.496632e+03 
1.496632e+03 
1.496632e+03 
1.496632e+03 
1.496632e+03 
1.496632e+03 
1.496632e+03 
1.496632e+03 
1.496632e+03 
1.496632e+03 
1.496632e+03 
1.496632e+03 
1.496632e+03 
1.496632e+03 
1.496632e+03 
1.496632e+03 
1.496632e+03 
1.496632e+03 
1.496632e+03 
1.496632e+03 
1.496632e+03 
1.496632e+03 
1.496632e+03 
1.496632e+03 
1.496632e+03 
1.496632e+03 
1.496632e+03 
1.496632e+03 
1.496632e+03 
1.496632e+03 
1.496632e+03 
1.496632e+03 
1.496632e+03 
1.496632e+03 
1.496632e+03 
1.496632e+03 
1.496632e+03 
1.496632e+03 
1.496632e+03 
1.496632e+03 
1.496632e+03 
1.496632e+03 
1.496632e+03 
1.496632e+03 
1.496632e+03 
1.496632e+03 
1.496632e+03 
1.496632e+03 
1.496632e+03 
1.496632e+03 
1.496632e+03 
1.496632e+03 
1.496632e+03 
1.496632e+03 
1.496632e+03 
1.496632e+03 
1.496632e+03 
1.496632e+03 
1.496632e+03 
1.496632e+03 
1.496632e+03 
1.496632e+03 
1.496632e+03 
1.496632e+03 
1.496632e+03 
1.496632e+03 
1.496632e+03 
1.496632e+03 
1.496632e+03 
1.496632e+03 
1.496632e+03 
1.496632e+03 
1.496632e+03 
1.496632e+03 
1.496632e+03 
1.496632e+03 
1.496632e+03 
1.496632e+03 
1.496632e+03 
1.496632e+03 
1.496632e+03 
1.496632e+03 
1.496632e+03 
1.496632e+03 
1.496632e+03 
1.496632e+03 
1.496632e+03 
1.496632e+03 
1.496632e+03 
1.496632e+03 
1.496632e+03 
1.496632e+03 
1.496632e+03 
1.496632e+03 
1.496632e+03 
1.496632e+03 
1.496632e+03 
1.496632e+03 
1.496632e+03 
1.496632e+03 
1.496632e+03 
1.496632e+03 
1.496632e+03 
1.496632e+03 
1.496632e+03 
1.496632e+03 
1.496632e+03 
1.496632e+03 
1.496632e+03 
1.496632e+03 
1.496632e+03 
1.496632e+03 
1.496632e+03 
1.496632e+03 
1.496632e+03 
1.496632e+03 
1.496632e+03 
1.496632e+03 
1.496632e+03 
1.496632e+03 
1.496632e+03 
1.496632e+03 
1.496632e+03 
1.496632e+03 
1.496632e+03 
1.496632e+03 
1.496632e+03 
1.496632e+03 
1.496632e+03 
1.496632e+03 
1.496632e+03 
1.496632e+03 
1.496632e+03 
1.496632e+03 
1.496632e+03 
1.496632e+03 
1.496632e+03 
1.496632e+03 
1.496632e+03 
1.496632e+03 
1.496632e+03 
1.496632e+03 
1.496632e+03 
1.496632e+03 
1.496632e+03 
1.496632e+03 
1.496632e+03 
1.496632e+03 
1.496632e+03 
1.496632e+03 
1.496632e+03 
1.496632e+03 
1.496632e+03 
1.496632e+03 
1.496632e+03 
1.496632e+03 
1.496632e+03 
1.496632e+03 
1.496632e+03 
1.496632e+03 
1.496632e+03 
1.496632e+03 
1.496632e+03 
1.496632e+03 
1.496632e+03 
1.496632e+03 
1.496632e+03 
1.496632e+03 
1.496632e+03 
1.496632e+03 
1.496632e+03 
1.496632e+03 
1.496632e+03 
1.496632e+03 
1.496632e+03 
1.496632e+03 
1.496632e+03 
1.496632e+03 
1.496632e+03 
1.496632e+03 
1.496632e+03 
1.496632e+03 
1.496632e+03 
1.496632e+03 
1.496632e+03 
1.496632e+03 
1.496632e+03 
1.496632e+03 
1.496632e+03 
1.496632e+03 
1.496632e+03 
1.496632e+03 
1.496632e+03 
1.496632e+03 
1.496632e+03 
1.496632e+03 
1.496632e+03 
1.496632e+03 
1.496632e+03 
1.496632e+03 
1.496632e+03 
1.496632e+03 
1.496632e+03 
1.496632e+03 
1.496632e+03 
1.496632e+03 
1.496632e+03 
1.496632e+03 
1.496632e+03 
1.496632e+03 
1.496632e+03 
1.496632e+03 
1.496632e+03 
1.496632e+03 
1.496632e+03 
1.496632e+03 
1.496632e+03 
1.496632e+03 
1.496632e+03 
1.496632e+03 
1.496632e+03 
1.496632e+03 
1.496632e+03 
1.496632e+03 
1.496632e+03 
1.496632e+03 
1.496632e+03 
1.496632e+03 
1.496632e+03 
1.496632e+03 
1.496632e+03 
1.496632e+03 
1.496632e+03 
1.496632e+03 
1.496632e+03 
1.496632e+03 
1.496632e+03 
1.496632e+03 
1.496632e+03 
1.496632e+03 
1.496632e+03 
1.496632e+03 
1.496632e+03 
1.496632e+03 
1.496632e+03 
1.496632e+03 
1.496632e+03 
1.496632e+03 
1.496632e+03 
1.496632e+03 
1.496632e+03 
1.496632e+03 
1.496632e+03 
1.496632e+03 
1.496632e+03 
1.496632e+03 
1.496632e+03 
1.496632e+03 
1.496632e+03 
1.496632e+03 
1.496632e+03 
1.496632e+03 
1.496632e+03 
1.496632e+03 
1.496632e+03 
1.496632e+03 
1.496632e+03 
1.496632e+03 
1.496632e+03 
1.496632e+03 
1.496632e+03 
1.496632e+03 
1.496632e+03 
1.496632e+03 
1.496632e+03 
1.496632e+03 
1.496632e+03 
1.496632e+03 
1.496632e+03 
1.496632e+03 
1.496632e+03 
1.496632e+03 
1.496632e+03 
1.496632e+03 
1.496632e+03 
1.496632e+03 
1.496632e+03 
1.496632e+03 
1.496632e+03 
1.496632e+03 
1.496632e+03 
1.496632e+03 
1.496632e+03 
1.496632e+03 
1.496632e+03 
1.496632e+03 
1.496632e+03 
1.496632e+03 
1.496632e+03 
1.496632e+03 
1.496632e+03 
1.496632e+03 
1.496632e+03 
1.496632e+03 
1.496632e+03 
1.496632e+03 
1.496632e+03 
1.496632e+03 
1.496632e+03 
1.496632e+03 
1.496632e+03 
1.496632e+03 
1.496632e+03 
1.496632e+03 
1.496632e+03 
1.496632e+03 
1.496632e+03 
1.496632e+03 
1.496632e+03 
1.496632e+03 
1.496632e+03 
1.496632e+03 
1.496632e+03 
1.496632e+03 
1.496632e+03 
1.496632e+03 
1.496632e+03 
1.496632e+03 
1.496632e+03 
1.496632e+03 
1.496632e+03 
1.496632e+03 
1.496632e+03 
1.496632e+03 
1.496632e+03 
1.496632e+03 
1.496632e+03 
1.496632e+03 
1.496632e+03 
1.496632e+03 
1.496632e+03 
1.496632e+03 
1.496632e+03 
1.496632e+03 
1.496632e+03 
1.496632e+03 
1.496632e+03 
1.496632e+03 
1.496632e+03 
1.496632e+03 
1.496632e+03 
1.496632e+03 
1.496632e+03 
1.496632e+03 
1.496632e+03 
1.496632e+03 
1.496632e+03 
1.496632e+03 
1.496632e+03 
1.496632e+03 
1.496632e+03 
1.496632e+03 
1.496632e+03 
1.496632e+03 
1.496632e+03 
1.496632e+03 
1.496632e+03 
1.496632e+03 
1.496632e+03 
1.496632e+03 
1.496632e+03 
1.496632e+03 
1.496632e+03 
1.496632e+03 
1.496632e+03 
1.496632e+03 
1.496632e+03 
1.496632e+03 
1.496632e+03 
1.496632e+03 
1.496632e+03 
1.496632e+03 
1.496632e+03 
1.496632e+03 
1.496632e+03 
1.496632e+03 
1.496632e+03 
1.496632e+03 
1.496632e+03 
1.496632e+03 
1.496632e+03 
1.496632e+03 
1.496632e+03 
1.496632e+03 
1.496632e+03 
1.496632e+03 
1.496632e+03 
1.496632e+03 
1.496632e+03 
1.496632e+03 
1.496632e+03 
1.496632e+03 
1.496632e+03 
1.496632e+03 
1.496632e+03 
1.496632e+03 
1.496632e+03 
1.496632e+03 
1.496632e+03 
1.496632e+03 
1.496632e+03 
1.496632e+03 
1.496632e+03 
1.496632e+03 
1.496632e+03 
1.496632e+03 
1.496632e+03 
1.496632e+03 
1.496632e+03 
1.496632e+03 
1.496632e+03 
1.496632e+03 
1.496632e+03 
1.496632e+03 
1.496632e+03 
1.496632e+03 
1.496632e+03 
1.496632e+03 
1.496632e+03 
1.496632e+03 
1.496632e+03 
1.496632e+03 
1.496632e+03 
1.496632e+03 
1.496632e+03 
1.496632e+03 
1.496632e+03 
1.496632e+03 
1.496632e+03 
1.496632e+03 
1.496632e+03 
1.496632e+03 
1.496632e+03 
1.496632e+03 
1.496632e+03 
1.496632e+03 
1.496632e+03 
1.496632e+03 
1.496632e+03 
1.496632e+03 
1.496632e+03 
1.496632e+03 
1.496632e+03 
1.496632e+03 
1.496632e+03 
1.496632e+03 
1.496632e+03 
1.496632e+03 
1.496632e+03 
1.496632e+03 
1.496632e+03 
1.496632e+03 
1.496632e+03 
1.496632e+03 
1.496632e+03 
1.496632e+03 
1.496632e+03 
1.496632e+03 
1.496632e+03 
1.496632e+03 
1.496632e+03 
1.496632e+03 
1.496632e+03 
1.496632e+03 
1.496632e+03 
1.496632e+03 
1.496632e+03 
1.496632e+03 
1.496632e+03 
1.496632e+03 
1.496632e+03 
1.496632e+03 
1.496632e+03 
1.496632e+03 
1.496632e+03 
1.496632e+03 
1.496632e+03 
1.496632e+03 
1.496632e+03 
1.496632e+03 
1.496632e+03 
1.496632e+03 
1.496632e+03 
1.496632e+03 
1.496632e+03 
1.496632e+03 
1.496632e+03 
1.496632e+03 
1.496632e+03 
1.496632e+03 
1.496632e+03 
1.496632e+03 
1.496632e+03 
1.496632e+03 
1.496632e+03 
1.496632e+03 
1.496632e+03 
1.496632e+03 
1.496632e+03 
1.496632e+03 
1.496632e+03 
1.496632e+03 
1.496632e+03 
1.496632e+03 
1.496632e+03 
1.496632e+03 
1.496632e+03 
1.496632e+03 
1.496632e+03 
1.496632e+03 
1.496632e+03 
1.496632e+03 
1.496632e+03 
1.496632e+03 
1.496632e+03 
1.496632e+03 
1.496632e+03 
1.496632e+03 
1.496632e+03 
1.496632e+03 
1.496632e+03 
1.496632e+03 
1.496632e+03 
1.496632e+03 
1.496632e+03 
1.496632e+03 
1.496632e+03 
1.496632e+03 
1.496632e+03 
1.496632e+03 
1.496632e+03 
1.496632e+03 
1.496632e+03 
1.496632e+03 
1.496632e+03 
1.496632e+03 
1.496632e+03 
1.496632e+03 
1.496632e+03 
1.496632e+03 
1.496632e+03 
1.496632e+03 
1.496632e+03 
1.496632e+03 
1.496632e+03 
1.496632e+03 
1.496632e+03 
1.496632e+03 
1.496632e+03 
1.496632e+03 
1.496632e+03 
1.496632e+03 
1.496632e+03 
1.496632e+03 
1.496632e+03 
1.496632e+03 
1.496632e+03 
1.496632e+03 
1.496632e+03 
1.496632e+03 
1.496632e+03 
1.496632e+03 
1.496632e+03 
1.496632e+03 
1.496632e+03 
1.496632e+03 
1.496632e+03 
1.496632e+03 
1.496632e+03 
1.496632e+03 
1.496632e+03 
1.496632e+03 
1.496632e+03 
1.496632e+03 
1.496632e+03 
1.496632e+03 
1.496632e+03 
1.496632e+03 
1.496632e+03 
1.496632e+03 
1.496632e+03 
1.496632e+03 
1.496632e+03 
1.496632e+03 
1.496632e+03 
1.496632e+03 
1.496632e+03 
1.496632e+03 
1.496632e+03 
1.496632e+03 
1.496632e+03 
1.496632e+03 
1.496632e+03 
1.496632e+03 
1.496632e+03 
1.496632e+03 
1.496632e+03 
1.496632e+03 
1.496632e+03 
1.496632e+03 
1.496632e+03 
1.496632e+03 
1.496632e+03 
1.496632e+03 
1.496632e+03 
1.496632e+03 
1.496632e+03 
1.496632e+03 
1.496632e+03 
1.496632e+03 
1.496632e+03 
1.496632e+03 
1.496632e+03 
1.496632e+03 
1.496632e+03 
1.496632e+03 
1.496632e+03 
1.496632e+03 
1.496632e+03 
1.496632e+03 
1.496632e+03 
1.496632e+03 
1.496632e+03 
1.496632e+03 
1.496632e+03 
1.496632e+03 
1.496632e+03 
1.496632e+03 
1.496632e+03 
1.496632e+03 
1.496632e+03 
1.496632e+03 
1.496632e+03 
1.496632e+03 
1.496632e+03 
1.496632e+03 
1.496632e+03 
1.496632e+03 
1.496632e+03 
1.496632e+03 
1.496632e+03 
1.496632e+03 
1.496632e+03 
1.496632e+03 
1.496632e+03 
1.496632e+03 
1.496632e+03 
1.496632e+03 
1.496632e+03 
1.496632e+03 
1.496632e+03 
1.496632e+03 
1.496632e+03 
1.496632e+03 
1.496632e+03 
1.496632e+03 
1.496632e+03 
1.496632e+03 
1.496632e+03 
1.496632e+03 
1.496632e+03 
1.496632e+03 
1.496632e+03 
1.496632e+03 
1.496632e+03 
1.496632e+03 
1.496632e+03 
1.496632e+03 
1.496632e+03 
1.496632e+03 
1.496632e+03 
1.496632e+03 
1.496632e+03 
1.496632e+03 
1.496632e+03 
1.496632e+03 
1.496632e+03 
1.496632e+03 
1.496632e+03 
1.496632e+03 
1.496632e+03 
1.496632e+03 
1.496632e+03 
1.496632e+03 
1.496632e+03 
1.496632e+03 
1.496632e+03 
1.496632e+03 
1.496632e+03 
1.496632e+03 
1.496632e+03 
1.496632e+03 
1.496632e+03 
1.496632e+03 
1.496632e+03 
1.496632e+03 
1.496632e+03 
1.496632e+03 
1.496632e+03 
1.496632e+03 
1.496632e+03 
1.496632e+03 
1.496632e+03 
1.496632e+03 
1.496632e+03 
1.496632e+03 
1.496632e+03 
1.496632e+03 
1.496632e+03 
1.496632e+03 
1.496632e+03 
1.496632e+03 
1.496632e+03 
1.496632e+03 
1.496632e+03 
1.496632e+03 
1.496632e+03 
1.496632e+03 
1.496632e+03 
1.496632e+03 
1.496632e+03 
1.496632e+03 
1.496632e+03 
1.496632e+03 
1.496632e+03 
1.496632e+03 
1.496632e+03 
1.496632e+03 
1.496632e+03 
1.496632e+03 
1.496632e+03 
1.496632e+03 
1.496632e+03 
1.496632e+03 
1.496632e+03 
1.496632e+03 
1.496632e+03 
1.496632e+03 
1.496632e+03 
1.496632e+03 
1.496632e+03 
1.496632e+03 
1.496632e+03 
1.496632e+03 
1.496632e+03 
1.496632e+03 
1.496632e+03 
1.496632e+03 
1.496632e+03 
1.496632e+03 
1.496632e+03 
1.496632e+03 
1.496632e+03 
1.496632e+03 
1.496632e+03 
1.496632e+03 
1.496632e+03 
1.496632e+03 
1.496632e+03 
1.496632e+03 
1.496632e+03 
1.496632e+03 
1.496632e+03 
1.496632e+03 
1.496632e+03 
1.496632e+03 
1.496632e+03 
1.496632e+03 
1.496632e+03 
1.496632e+03 
1.496632e+03 
1.496632e+03 
1.496632e+03 
1.496632e+03 
1.496632e+03 
1.496632e+03 
1.496632e+03 
1.496632e+03 
1.496632e+03 
1.496632e+03 
1.496632e+03 
1.496632e+03 
1.496632e+03 
1.496632e+03 
1.496632e+03 
1.496632e+03 
1.496632e+03 
1.496632e+03 
1.496632e+03 
1.496632e+03 
1.496632e+03 
1.496632e+03 
1.496632e+03 
1.496632e+03 
1.496632e+03 
1.496632e+03 
1.496632e+03 
1.496632e+03 
1.496632e+03 
1.496632e+03 
1.496632e+03 
1.496632e+03 
1.496632e+03 
1.496632e+03 
1.496632e+03 
1.496632e+03 
1.496632e+03 
1.496632e+03 
1.496632e+03 
1.496632e+03 
1.496632e+03 
1.496632e+03 
1.496632e+03 
1.496632e+03 
1.496632e+03 
1.496632e+03 
1.496632e+03 
1.496632e+03 
1.496632e+03 
1.496632e+03 
1.496632e+03 
1.496632e+03 
1.496632e+03 
1.496632e+03 
1.496632e+03 
1.496632e+03 
1.496632e+03 
1.496632e+03 
1.496632e+03 
1.496632e+03 
1.496632e+03 
1.496632e+03 
1.496632e+03 
1.496632e+03 
1.496632e+03 
1.496632e+03 
1.496632e+03 
1.496632e+03 
1.496632e+03 
1.496632e+03 
1.496632e+03 
1.496632e+03 
1.496632e+03 
1.496632e+03 
1.496632e+03 
1.496632e+03 
1.496632e+03 
1.496632e+03 
1.496632e+03 
1.496632e+03 
1.496632e+03 
1.496632e+03 
1.496632e+03 
1.496632e+03 
1.496632e+03 
1.496632e+03 
1.496632e+03 
1.496632e+03 
1.496632e+03 
1.496632e+03 
1.496632e+03 
1.496632e+03 
1.496632e+03 
1.496632e+03 
1.496632e+03 
1.496632e+03 
1.496632e+03 
1.496632e+03 
1.496632e+03 
1.496632e+03 
1.496632e+03 
1.496632e+03 
1.496632e+03 
1.496632e+03 
1.496632e+03 
1.496632e+03 
1.496632e+03 
1.496632e+03 
1.496632e+03 
1.496632e+03 
1.496632e+03 
1.496632e+03 
1.496632e+03 
1.496632e+03 
1.496632e+03 
1.496632e+03 
1.496632e+03 
1.496632e+03 
1.496632e+03 
1.496632e+03 
1.496632e+03 
1.496632e+03 
1.496632e+03 
1.496632e+03 
1.496632e+03 
1.496632e+03 
1.496632e+03 
1.496632e+03 
1.496632e+03 
1.496632e+03 
1.496632e+03 
1.496632e+03 
1.496632e+03 
1.496632e+03 
1.496632e+03 
1.496632e+03 
1.496632e+03 
1.496632e+03 
1.496632e+03 
1.496632e+03 
1.496632e+03 
1.496632e+03 
1.496632e+03 
1.496632e+03 
1.496632e+03 
1.496632e+03 
1.496632e+03 
1.496632e+03 
1.496632e+03 
1.496632e+03 
1.496632e+03 
1.496632e+03 
1.496632e+03 
1.496632e+03 
1.496632e+03 
1.496632e+03 
1.496632e+03 
1.496632e+03 
1.496632e+03 
1.496632e+03 
1.496632e+03 
1.496632e+03 
1.496632e+03 
1.496632e+03 
1.496632e+03 
1.496632e+03 
1.496632e+03 
1.496632e+03 
1.496632e+03 
1.496632e+03 
1.496632e+03 
1.496632e+03 
1.496632e+03 
1.496632e+03 
1.496632e+03 
1.496632e+03 
1.496632e+03 
1.496632e+03 
1.496632e+03 
1.496632e+03 
1.496632e+03 
1.496632e+03 
1.496632e+03 
1.496632e+03 
1.496632e+03 
1.496632e+03 
1.496632e+03 
1.496632e+03 
1.496632e+03 
1.496632e+03 
1.496632e+03 
1.496632e+03 
1.496632e+03 
1.496632e+03 
1.496632e+03 
1.496632e+03 
1.496632e+03 
1.496632e+03 
1.496632e+03 
1.496632e+03 
1.496632e+03 
1.496632e+03 
1.496632e+03 
1.496632e+03 
1.496632e+03 
1.496632e+03 
1.496632e+03 
1.496632e+03 
1.496632e+03 
1.496632e+03 
1.496632e+03 
1.496632e+03 
1.496632e+03 
1.496632e+03 
1.496632e+03 
1.496632e+03 
1.496632e+03 
1.496632e+03 
1.496632e+03 
1.496632e+03 
1.496632e+03 
1.496632e+03 
1.496632e+03 
1.496632e+03 
1.496632e+03 
1.496632e+03 
1.496632e+03 
1.496632e+03 
1.496632e+03 
1.496632e+03 
1.496632e+03 
1.496632e+03 
1.496632e+03 
1.496632e+03 
1.496632e+03 
1.496632e+03 
1.496632e+03 
1.496632e+03 
1.496632e+03 
1.496632e+03 
1.496632e+03 
1.496632e+03 
1.496632e+03 
1.496632e+03 
1.496632e+03 
1.496632e+03 
1.496632e+03 
1.496632e+03 
1.496632e+03 
1.496632e+03 
1.496632e+03 
1.496632e+03 
1.496632e+03 
1.496632e+03 
1.496632e+03 
1.496632e+03 
1.496632e+03 
1.496632e+03 
1.496632e+03 
1.496632e+03 
1.496632e+03 
1.496632e+03 
1.496632e+03 
1.496632e+03 
1.496632e+03 
1.496632e+03 
1.496632e+03 
1.496632e+03 
1.496632e+03 
1.496632e+03 
1.496632e+03 
1.496632e+03 
1.496632e+03 
1.496632e+03 
1.496632e+03 
1.496632e+03 
1.496632e+03 
1.496632e+03 
1.496632e+03 
1.496632e+03 
1.496632e+03 
1.496632e+03 
1.496632e+03 
1.496632e+03 
1.496632e+03 
1.496632e+03 
1.496632e+03 
1.496632e+03 
1.496632e+03 
1.496632e+03 
1.496632e+03 
1.496632e+03 
1.496632e+03 
1.496632e+03 
1.496632e+03 
1.496632e+03 
1.496632e+03 
1.496632e+03 
1.496632e+03 
1.496632e+03 
1.496632e+03 
1.496632e+03 
1.496632e+03 
1.496632e+03 
1.496632e+03 
1.496632e+03 
1.496632e+03 
1.496632e+03 
1.496632e+03 
1.496632e+03 
1.496632e+03 
1.496632e+03 
1.496632e+03 
1.496632e+03 
1.496632e+03 
1.496632e+03 
1.496632e+03 
1.496632e+03 
1.496632e+03 
1.496632e+03 
1.496632e+03 
1.496632e+03 
1.496632e+03 
1.496632e+03 
1.496632e+03 
1.496632e+03 
1.496632e+03 
1.496632e+03 
1.496632e+03 
1.496632e+03 
1.496632e+03 
1.496632e+03 
1.496632e+03 
1.496632e+03 
1.496632e+03 
1.496632e+03 
1.496632e+03 
1.496632e+03 
1.496632e+03 
1.496632e+03 
1.496632e+03 
1.496632e+03 
1.496632e+03 
1.496632e+03 
1.496632e+03 
1.496632e+03 
1.496632e+03 
1.496632e+03 
1.496632e+03 
1.496632e+03 
1.496632e+03 
1.496632e+03 
1.496632e+03 
1.496632e+03 
1.496632e+03 
1.496632e+03 
1.496632e+03 
1.496632e+03 
1.496632e+03 
1.496632e+03 
1.496632e+03 
1.496632e+03 
1.496632e+03 
1.496632e+03 
1.496632e+03 
1.496632e+03 
1.496632e+03 
1.496632e+03 
1.496632e+03 
1.496632e+03 
1.496632e+03 
1.496632e+03 
1.496632e+03 
1.496632e+03 
1.496632e+03 
1.496632e+03 
1.496632e+03 
1.496632e+03 
1.496632e+03 
1.496632e+03 
1.496632e+03 
1.496632e+03 
1.496632e+03 
1.496632e+03 
1.496632e+03 
1.496632e+03 
1.496632e+03 
1.496632e+03 
1.496632e+03 
1.496632e+03 
1.496632e+03 
1.496632e+03 
1.496632e+03 
1.496632e+03 
1.496632e+03 
1.496632e+03 
1.496632e+03 
1.496632e+03 
1.496632e+03 
1.496632e+03 
1.496632e+03 
1.496632e+03 
1.496632e+03 
1.496632e+03 
1.496632e+03 
1.496632e+03 
1.496632e+03 
1.496632e+03 
1.496632e+03 
1.496632e+03 
1.496632e+03 
1.496632e+03 
1.496632e+03 
1.496632e+03 
1.496632e+03 
1.496632e+03 
1.496632e+03 
1.496632e+03 
1.496632e+03 
1.496632e+03 
1.496632e+03 
1.496632e+03 
1.496632e+03 
1.496632e+03 
1.496632e+03 
1.496632e+03 
1.496632e+03 
1.496632e+03 
1.496632e+03 
1.496632e+03 
1.496632e+03 
1.496632e+03 
1.496632e+03 
1.496632e+03 
1.496632e+03 
1.496632e+03 
1.496632e+03 
1.496632e+03 
1.496632e+03 
1.496632e+03 
1.496632e+03 
1.496632e+03 
1.496632e+03 
1.496632e+03 
1.496632e+03 
1.496632e+03 
1.496632e+03 
1.496632e+03 
1.496632e+03 
1.496632e+03 
1.496632e+03 
1.496632e+03 
1.496632e+03 
1.496632e+03 
1.496632e+03 
1.496632e+03 
1.496632e+03 
1.496632e+03 
1.496632e+03 
1.496632e+03 
1.496632e+03 
1.496632e+03 
1.496632e+03 
1.496632e+03 
1.496632e+03 
1.496632e+03 
1.496632e+03 
1.496632e+03 
1.496632e+03 
1.496632e+03 
1.496632e+03 
1.496632e+03 
1.496632e+03 
1.496632e+03 
1.496632e+03 
1.496632e+03 
1.496632e+03 
1.496632e+03 
1.496632e+03 
1.496632e+03 
1.496632e+03 
1.496632e+03 
1.496632e+03 
1.496632e+03 
1.496632e+03 
1.496632e+03 
1.496632e+03 
1.496632e+03 
1.496632e+03 
1.496632e+03 
1.496632e+03 
1.496632e+03 
1.496632e+03 
1.496632e+03 
1.496632e+03 
1.496632e+03 
1.496632e+03 
1.496632e+03 
1.496632e+03 
1.496632e+03 
1.496632e+03 
1.496632e+03 
1.496632e+03 
1.496632e+03 
1.496632e+03 
1.496632e+03 
1.496632e+03 
1.496632e+03 
1.496632e+03 
1.496632e+03 
1.496632e+03 
1.496632e+03 
1.496632e+03 
1.496632e+03 
1.496632e+03 
1.496632e+03 
1.496632e+03 
1.496632e+03 
1.496632e+03 
1.496632e+03 
1.496632e+03 
1.496632e+03 
1.496632e+03 
1.496632e+03 
1.496632e+03 
1.496632e+03 
1.496632e+03 
1.496632e+03 
1.496632e+03 
1.496632e+03 
1.496632e+03 
1.496632e+03 
1.496632e+03 
1.496632e+03 
1.496632e+03 
1.496632e+03 
1.496632e+03 
1.496632e+03 
1.496632e+03 
1.496632e+03 
1.496632e+03 
1.496632e+03 
1.496632e+03 
1.496632e+03 
1.496632e+03 
1.496632e+03 
1.496632e+03 
1.496632e+03 
1.496632e+03 
1.496632e+03 
1.496632e+03 
1.496632e+03 
1.496632e+03 
1.496632e+03 
1.496632e+03 
1.496632e+03 
1.496632e+03 
1.496632e+03 
1.496632e+03 
1.496632e+03 
1.496632e+03 
1.496632e+03 
1.496632e+03 
1.496632e+03 
1.496632e+03 
1.496632e+03 
1.496632e+03 
1.496632e+03 
1.496632e+03 
1.496632e+03 
1.496632e+03 
1.496632e+03 
1.496632e+03 
1.496632e+03 
1.496632e+03 
1.496632e+03 
1.496632e+03 
1.496632e+03 
1.496632e+03 
1.496632e+03 
1.496632e+03 
1.496632e+03 
1.496632e+03 
1.496632e+03 
1.496632e+03 
1.496632e+03 
1.496632e+03 
1.496632e+03 
1.496632e+03 
1.496632e+03 
1.496632e+03 
1.496632e+03 
1.496632e+03 
1.496632e+03 
1.496632e+03 
1.496632e+03 
1.496632e+03 
1.496632e+03 
1.496632e+03 
1.496632e+03 
1.496632e+03 
1.496632e+03 
1.496632e+03 
1.496632e+03 
1.496632e+03 
1.496632e+03 
1.496632e+03 
1.496632e+03 
1.496632e+03 
1.496632e+03 
1.496632e+03 
1.496632e+03 
1.496632e+03 
1.496632e+03 
1.496632e+03 
1.496632e+03 
1.496632e+03 
1.496632e+03 
1.496632e+03 
1.496632e+03 
1.496632e+03 
1.496632e+03 
1.496632e+03 
1.496632e+03 
1.496632e+03 
1.496632e+03 
1.496632e+03 
1.496632e+03 
1.496632e+03 
1.496632e+03 
1.496632e+03 
1.496632e+03 
1.496632e+03 
1.496632e+03 
1.496632e+03 
1.496632e+03 
1.496632e+03 
1.496632e+03 
1.496632e+03 
1.496632e+03 
1.496632e+03 
1.496632e+03 
1.496632e+03 
1.496632e+03 
1.496632e+03 
1.496632e+03 
1.496632e+03 
1.496632e+03 
1.496632e+03 
1.496632e+03 
1.496632e+03 
1.496632e+03 
1.496632e+03 
1.496632e+03 
1.496632e+03 
1.496632e+03 
1.496632e+03 
1.496632e+03 
1.496632e+03 
1.496632e+03 
1.496632e+03 
1.496632e+03 
1.496632e+03 
1.496632e+03 
1.496632e+03 
1.496632e+03 
1.496632e+03 
1.496632e+03 
1.496632e+03 
1.496632e+03 
1.496632e+03 
1.496632e+03 
1.496632e+03 
1.496632e+03 
1.496632e+03 
1.496632e+03 
1.496632e+03 
1.496632e+03 
1.496632e+03 
1.496632e+03 
1.496632e+03 
1.496632e+03 
1.496632e+03 
1.496632e+03 
1.496632e+03 
1.496632e+03 
1.496632e+03 
1.496632e+03 
1.496632e+03 
1.496632e+03 
1.496632e+03 
1.496632e+03 
1.496632e+03 
1.496632e+03 
1.496632e+03 
1.496632e+03 
1.496632e+03 
1.496632e+03 
1.496632e+03 
1.496632e+03 
1.496632e+03 
1.496632e+03 
1.496632e+03 
1.496632e+03 
1.496632e+03 
1.496632e+03 
1.496632e+03 
1.496632e+03 
1.496632e+03 
1.496632e+03 
1.496632e+03 
1.496632e+03 
1.496632e+03 
1.496632e+03 
1.496632e+03 
1.496632e+03 
1.496632e+03 
1.496632e+03 
1.496632e+03 
1.496632e+03 
1.496632e+03 
1.496632e+03 
1.496632e+03 
1.496632e+03 
1.496632e+03 
1.496632e+03 
1.496632e+03 
1.496632e+03 
1.496632e+03 
1.496632e+03 
1.496632e+03 
1.496632e+03 
1.496632e+03 
1.496632e+03 
1.496632e+03 
1.496632e+03 
1.496632e+03 
1.496632e+03 
1.496632e+03 
1.496632e+03 
1.496632e+03 
1.496632e+03 
1.496632e+03 
1.496632e+03 
1.496632e+03 
1.496632e+03 
1.496632e+03 
1.496632e+03 
1.496632e+03 
1.496632e+03 
1.496632e+03 
1.496632e+03 
1.496632e+03 
1.496632e+03 
1.496632e+03 
1.496632e+03 
1.496632e+03 
1.496632e+03 
1.496632e+03 
1.496632e+03 
1.496632e+03 
1.496632e+03 
1.496632e+03 
1.496632e+03 
1.496632e+03 
1.496632e+03 
1.496632e+03 
1.496632e+03 
1.496632e+03 
1.496632e+03 
1.496632e+03 
1.496632e+03 
1.496632e+03 
1.496632e+03 
1.496632e+03 
1.496632e+03 
1.496632e+03 
1.496632e+03 
1.496632e+03 
1.496632e+03 
1.496632e+03 
1.496632e+03 
1.496632e+03 
1.496632e+03 
1.496632e+03 
1.496632e+03 
1.496632e+03 
1.496632e+03 
1.496632e+03 
1.496632e+03 
1.496632e+03 
1.496632e+03 
1.496632e+03 
1.496632e+03 
1.496632e+03 
1.496632e+03 
1.496632e+03 
1.496632e+03 
1.496632e+03 
1.496632e+03 
1.496632e+03 
1.496632e+03 
1.496632e+03 
1.496632e+03 
1.496632e+03 
1.496632e+03 
1.496632e+03 
1.496632e+03 
1.496632e+03 
1.496632e+03 
1.496632e+03 
1.496632e+03 
1.496632e+03 
1.496632e+03 
1.496632e+03 
1.496632e+03 
1.496632e+03 
1.496632e+03 
1.496632e+03 
1.496632e+03 
1.496632e+03 
1.496632e+03 
1.496632e+03 
1.496632e+03 
1.496632e+03 
1.496632e+03 
1.496632e+03 
1.496632e+03 
1.496632e+03 
1.496632e+03 
1.496632e+03 
1.496632e+03 
1.496632e+03 
1.496632e+03 
1.496632e+03 
1.496632e+03 
1.496632e+03 
1.496632e+03 
1.496632e+03 
1.496632e+03 
1.496632e+03 
1.496632e+03 
1.496632e+03 
1.496632e+03 
1.496632e+03 
1.496632e+03 
1.496632e+03 
1.496632e+03 
1.496632e+03 
1.496632e+03 
1.496632e+03 
1.496632e+03 
1.496632e+03 
1.496632e+03 
1.496632e+03 
1.496632e+03 
1.496632e+03 
1.496632e+03 
1.496632e+03 
1.496632e+03 
1.496632e+03 
1.496632e+03 
1.496632e+03 
1.496632e+03 
1.496632e+03 
1.496632e+03 
1.496632e+03 
1.496632e+03 
1.496632e+03 
1.496632e+03 
1.496632e+03 
1.496632e+03 
1.496632e+03 
1.496632e+03 
1.496632e+03 
1.496632e+03 
1.496632e+03 
1.496632e+03 
1.496632e+03 
1.496632e+03 
1.496632e+03 
1.496632e+03 
1.496632e+03 
1.496632e+03 
1.496632e+03 
1.496632e+03 
1.496632e+03 
1.496632e+03 
1.496632e+03 
1.496632e+03 
1.496632e+03 
1.496632e+03 
1.496632e+03 
1.496632e+03 
1.496632e+03 
1.496632e+03 
1.496632e+03 
1.496632e+03 
1.496632e+03 
1.496632e+03 
1.496632e+03 
1.496632e+03 
1.496632e+03 
1.496632e+03 
1.496632e+03 
1.496632e+03 
1.496632e+03 
1.496632e+03 
1.496632e+03 
1.496632e+03 
1.496632e+03 
1.496632e+03 
1.496632e+03 
1.496632e+03 
1.496632e+03 
1.496632e+03 
1.496632e+03 
1.496632e+03 
1.496632e+03 
1.496632e+03 
1.496632e+03 
1.496632e+03 
1.496632e+03 
1.496632e+03 
1.496632e+03 
1.496632e+03 
1.496632e+03 
1.496632e+03 
1.496632e+03 
1.496632e+03 
1.496632e+03 
1.496632e+03 
1.496632e+03 
1.496632e+03 
1.496632e+03 
1.496632e+03 
1.496632e+03 
1.496632e+03 
1.496632e+03 
1.496632e+03 
1.496632e+03 
1.496632e+03 
1.496632e+03 
1.496632e+03 
1.496632e+03 
1.496632e+03 
1.496632e+03 
1.496632e+03 
1.496632e+03 
1.496632e+03 
1.496632e+03 
1.496632e+03 
1.496632e+03 
1.496632e+03 
1.496632e+03 
1.496632e+03 
1.496632e+03 
1.496632e+03 
1.496632e+03 
1.496632e+03 
1.496632e+03 
1.496632e+03 
1.496632e+03 
1.496632e+03 
1.496632e+03 
1.496632e+03 
1.496632e+03 
1.496632e+03 
1.496632e+03 
1.496632e+03 
1.496632e+03 
1.496632e+03 
1.496632e+03 
1.496632e+03 
1.496632e+03 
1.496632e+03 
1.496632e+03 
1.496632e+03 
1.496632e+03 
1.496632e+03 
1.496632e+03 
1.496632e+03 
1.496632e+03 
1.496632e+03 
1.496632e+03 
1.496632e+03 
1.496632e+03 
1.496632e+03 
1.496632e+03 
1.496632e+03 
1.496632e+03 
1.496632e+03 
1.496632e+03 
1.496632e+03 
