3.767306e+06 
1.011177e+06 
3.559105e+05 
9.762149e+04 
9.762149e+04 
9.762149e+04 
9.762149e+04 
9.762149e+04 
9.762149e+04 
9.762149e+04 
9.762149e+04 
9.762149e+04 
9.762149e+04 
9.762149e+04 
8.315307e+04 
8.315307e+04 
8.315307e+04 
8.315307e+04 
8.315307e+04 
8.315307e+04 
8.315307e+04 
8.315307e+04 
8.315307e+04 
8.315307e+04 
8.315307e+04 
8.212104e+04 
8.212104e+04 
8.212104e+04 
8.212104e+04 
6.165128e+04 
6.165128e+04 
6.165128e+04 
6.165128e+04 
6.165128e+04 
6.165128e+04 
6.165128e+04 
6.165128e+04 
6.165128e+04 
6.165128e+04 
6.165128e+04 
6.165128e+04 
6.165128e+04 
6.165128e+04 
6.165128e+04 
6.165128e+04 
6.165128e+04 
3.535242e+04 
3.535242e+04 
3.535242e+04 
3.535242e+04 
3.535242e+04 
3.535242e+04 
3.535242e+04 
3.535242e+04 
3.535242e+04 
3.535242e+04 
3.535242e+04 
3.535242e+04 
3.535242e+04 
3.535242e+04 
3.535242e+04 
3.535242e+04 
3.535242e+04 
3.535242e+04 
3.535242e+04 
3.195061e+04 
3.195061e+04 
3.195061e+04 
3.195061e+04 
3.195061e+04 
3.195061e+04 
3.195061e+04 
3.195061e+04 
3.195061e+04 
3.195061e+04 
3.195061e+04 
3.195061e+04 
3.195061e+04 
3.195061e+04 
3.195061e+04 
3.195061e+04 
3.195061e+04 
3.195061e+04 
3.195061e+04 
3.195061e+04 
3.195061e+04 
3.195061e+04 
3.195061e+04 
3.195061e+04 
3.195061e+04 
3.195061e+04 
3.195061e+04 
3.195061e+04 
3.195061e+04 
3.195061e+04 
3.195061e+04 
3.195061e+04 
3.195061e+04 
3.195061e+04 
3.195061e+04 
3.195061e+04 
3.195061e+04 
3.195061e+04 
3.195061e+04 
3.195061e+04 
3.195061e+04 
3.195061e+04 
3.195061e+04 
3.195061e+04 
3.195061e+04 
3.195061e+04 
3.195061e+04 
2.803165e+04 
2.803165e+04 
2.803165e+04 
2.803165e+04 
2.803165e+04 
2.803165e+04 
2.803165e+04 
2.803165e+04 
2.620395e+04 
2.620395e+04 
2.620395e+04 
2.620395e+04 
2.620395e+04 
2.334051e+04 
2.334051e+04 
2.334051e+04 
2.334051e+04 
2.334051e+04 
2.334051e+04 
2.334051e+04 
2.334051e+04 
2.334051e+04 
2.334051e+04 
2.334051e+04 
2.334051e+04 
2.334051e+04 
2.334051e+04 
2.334051e+04 
2.334051e+04 
2.334051e+04 
2.334051e+04 
2.334051e+04 
2.334051e+04 
2.334051e+04 
2.334051e+04 
2.334051e+04 
2.334051e+04 
2.334051e+04 
2.334051e+04 
2.334051e+04 
2.334051e+04 
2.334051e+04 
2.334051e+04 
2.334051e+04 
2.334051e+04 
2.334051e+04 
2.334051e+04 
2.334051e+04 
2.334051e+04 
2.334051e+04 
2.334051e+04 
2.334051e+04 
2.334051e+04 
2.334051e+04 
2.334051e+04 
2.334051e+04 
2.334051e+04 
2.334051e+04 
2.334051e+04 
2.334051e+04 
2.334051e+04 
2.334051e+04 
2.334051e+04 
2.334051e+04 
2.334051e+04 
2.334051e+04 
2.334051e+04 
2.334051e+04 
2.334051e+04 
2.334051e+04 
2.334051e+04 
2.334051e+04 
2.334051e+04 
2.334051e+04 
2.334051e+04 
2.334051e+04 
2.334051e+04 
2.334051e+04 
2.334051e+04 
2.334051e+04 
2.334051e+04 
2.334051e+04 
2.334051e+04 
2.334051e+04 
2.334051e+04 
2.334051e+04 
2.334051e+04 
2.334051e+04 
2.334051e+04 
2.334051e+04 
2.334051e+04 
2.334051e+04 
2.334051e+04 
2.334051e+04 
2.334051e+04 
2.334051e+04 
2.334051e+04 
2.334051e+04 
2.334051e+04 
2.334051e+04 
2.334051e+04 
2.334051e+04 
2.334051e+04 
2.334051e+04 
2.334051e+04 
2.334051e+04 
2.334051e+04 
2.334051e+04 
2.334051e+04 
2.334051e+04 
2.334051e+04 
2.232042e+04 
2.232042e+04 
2.232042e+04 
2.232042e+04 
2.232042e+04 
1.929981e+04 
1.929981e+04 
1.929981e+04 
1.929981e+04 
1.929981e+04 
1.929981e+04 
7.946252e+03 
7.946252e+03 
7.946252e+03 
7.946252e+03 
7.946252e+03 
7.946252e+03 
7.946252e+03 
7.946252e+03 
7.946252e+03 
7.946252e+03 
7.946252e+03 
7.946252e+03 
7.946252e+03 
7.946252e+03 
7.946252e+03 
7.946252e+03 
7.946252e+03 
7.946252e+03 
7.946252e+03 
7.946252e+03 
7.946252e+03 
7.946252e+03 
7.946252e+03 
7.946252e+03 
7.946252e+03 
7.946252e+03 
7.946252e+03 
7.946252e+03 
7.946252e+03 
7.946252e+03 
7.946252e+03 
7.946252e+03 
7.946252e+03 
7.946252e+03 
7.946252e+03 
7.946252e+03 
7.946252e+03 
7.946252e+03 
7.946252e+03 
7.946252e+03 
7.946252e+03 
7.946252e+03 
7.946252e+03 
7.946252e+03 
7.946252e+03 
7.946252e+03 
7.946252e+03 
7.946252e+03 
7.946252e+03 
7.946252e+03 
7.946252e+03 
7.946252e+03 
7.946252e+03 
7.946252e+03 
7.946252e+03 
7.946252e+03 
7.946252e+03 
7.946252e+03 
7.946252e+03 
7.946252e+03 
7.946252e+03 
7.946252e+03 
7.946252e+03 
7.946252e+03 
7.946252e+03 
7.946252e+03 
7.946252e+03 
7.946252e+03 
7.946252e+03 
7.946252e+03 
7.946252e+03 
7.946252e+03 
7.946252e+03 
7.946252e+03 
7.946252e+03 
7.946252e+03 
7.946252e+03 
7.946252e+03 
7.946252e+03 
7.946252e+03 
7.946252e+03 
7.946252e+03 
7.946252e+03 
7.946252e+03 
7.946252e+03 
7.946252e+03 
7.946252e+03 
7.946252e+03 
7.946252e+03 
7.946252e+03 
7.946252e+03 
7.946252e+03 
7.946252e+03 
7.946252e+03 
7.946252e+03 
7.946252e+03 
7.946252e+03 
7.946252e+03 
7.946252e+03 
7.946252e+03 
7.946252e+03 
7.946252e+03 
7.946252e+03 
7.946252e+03 
7.946252e+03 
7.946252e+03 
7.946252e+03 
7.946252e+03 
7.946252e+03 
7.946252e+03 
7.946252e+03 
7.946252e+03 
7.946252e+03 
7.946252e+03 
7.946252e+03 
7.946252e+03 
7.946252e+03 
7.946252e+03 
7.946252e+03 
7.946252e+03 
7.946252e+03 
7.946252e+03 
7.946252e+03 
7.946252e+03 
7.946252e+03 
7.946252e+03 
7.946252e+03 
7.946252e+03 
7.946252e+03 
7.946252e+03 
7.946252e+03 
7.946252e+03 
7.946252e+03 
7.946252e+03 
7.946252e+03 
7.946252e+03 
7.946252e+03 
7.946252e+03 
7.946252e+03 
7.946252e+03 
7.946252e+03 
7.094485e+03 
7.094485e+03 
7.094485e+03 
7.094485e+03 
7.094485e+03 
7.094485e+03 
7.094485e+03 
7.094485e+03 
7.094485e+03 
7.094485e+03 
7.094485e+03 
7.094485e+03 
7.094485e+03 
7.094485e+03 
7.094485e+03 
7.094485e+03 
7.094485e+03 
7.094485e+03 
7.094485e+03 
7.094485e+03 
7.094485e+03 
7.094485e+03 
7.094485e+03 
7.094485e+03 
7.094485e+03 
7.094485e+03 
7.094485e+03 
7.094485e+03 
7.094485e+03 
7.094485e+03 
7.094485e+03 
7.094485e+03 
7.094485e+03 
7.094485e+03 
7.094485e+03 
7.094485e+03 
7.094485e+03 
7.094485e+03 
7.094485e+03 
7.094485e+03 
7.094485e+03 
7.094485e+03 
7.094485e+03 
7.094485e+03 
7.094485e+03 
7.094485e+03 
7.094485e+03 
7.094485e+03 
7.094485e+03 
7.094485e+03 
7.094485e+03 
7.094485e+03 
7.094485e+03 
7.094485e+03 
7.094485e+03 
7.094485e+03 
7.094485e+03 
7.094485e+03 
7.094485e+03 
7.094485e+03 
7.094485e+03 
7.094485e+03 
7.094485e+03 
7.094485e+03 
7.094485e+03 
7.094485e+03 
7.094485e+03 
7.094485e+03 
7.094485e+03 
7.094485e+03 
7.094485e+03 
6.805001e+03 
6.805001e+03 
6.805001e+03 
6.805001e+03 
6.805001e+03 
6.805001e+03 
6.805001e+03 
6.805001e+03 
6.805001e+03 
6.805001e+03 
6.805001e+03 
6.805001e+03 
6.805001e+03 
6.805001e+03 
6.805001e+03 
6.805001e+03 
6.805001e+03 
6.805001e+03 
6.805001e+03 
6.805001e+03 
6.805001e+03 
6.805001e+03 
6.805001e+03 
6.805001e+03 
6.805001e+03 
6.805001e+03 
6.805001e+03 
6.805001e+03 
6.805001e+03 
6.805001e+03 
6.805001e+03 
6.805001e+03 
6.805001e+03 
6.805001e+03 
6.805001e+03 
6.805001e+03 
6.805001e+03 
6.805001e+03 
6.805001e+03 
6.805001e+03 
6.805001e+03 
6.518228e+03 
6.518228e+03 
6.518228e+03 
6.518228e+03 
6.518228e+03 
6.518228e+03 
6.518228e+03 
6.518228e+03 
6.518228e+03 
6.518228e+03 
6.518228e+03 
6.518228e+03 
6.518228e+03 
6.518228e+03 
6.518228e+03 
6.518228e+03 
6.518228e+03 
6.518228e+03 
6.518228e+03 
6.518228e+03 
6.518228e+03 
6.518228e+03 
6.518228e+03 
6.518228e+03 
6.518228e+03 
6.518228e+03 
6.518228e+03 
6.518228e+03 
6.518228e+03 
6.518228e+03 
6.518228e+03 
6.518228e+03 
6.518228e+03 
6.518228e+03 
6.518228e+03 
6.518228e+03 
6.518228e+03 
6.518228e+03 
6.518228e+03 
6.518228e+03 
6.518228e+03 
6.518228e+03 
6.518228e+03 
6.518228e+03 
6.518228e+03 
6.518228e+03 
6.518228e+03 
6.518228e+03 
6.518228e+03 
6.518228e+03 
6.518228e+03 
6.518228e+03 
6.518228e+03 
6.518228e+03 
6.518228e+03 
6.518228e+03 
6.518228e+03 
6.518228e+03 
6.518228e+03 
6.518228e+03 
6.518228e+03 
6.518228e+03 
6.518228e+03 
6.518228e+03 
6.518228e+03 
6.518228e+03 
6.518228e+03 
6.518228e+03 
6.518228e+03 
6.518228e+03 
6.518228e+03 
6.518228e+03 
6.518228e+03 
6.518228e+03 
6.518228e+03 
6.518228e+03 
6.518228e+03 
6.518228e+03 
6.518228e+03 
6.518228e+03 
6.518228e+03 
6.518228e+03 
6.518228e+03 
6.518228e+03 
6.518228e+03 
6.518228e+03 
6.518228e+03 
6.518228e+03 
6.518228e+03 
6.518228e+03 
6.518228e+03 
6.518228e+03 
6.518228e+03 
6.518228e+03 
6.518228e+03 
6.518228e+03 
6.518228e+03 
6.518228e+03 
6.518228e+03 
6.518228e+03 
6.518228e+03 
6.518228e+03 
6.518228e+03 
6.518228e+03 
6.518228e+03 
6.518228e+03 
6.518228e+03 
6.518228e+03 
6.518228e+03 
6.518228e+03 
6.518228e+03 
6.518228e+03 
6.518228e+03 
6.518228e+03 
6.518228e+03 
6.518228e+03 
6.518228e+03 
6.518228e+03 
6.518228e+03 
6.518228e+03 
6.518228e+03 
6.518228e+03 
6.518228e+03 
6.518228e+03 
6.518228e+03 
6.518228e+03 
6.518228e+03 
6.518228e+03 
6.518228e+03 
6.518228e+03 
6.518228e+03 
6.518228e+03 
6.518228e+03 
6.518228e+03 
6.518228e+03 
6.518228e+03 
6.518228e+03 
6.518228e+03 
6.518228e+03 
6.518228e+03 
6.518228e+03 
6.518228e+03 
6.518228e+03 
6.518228e+03 
6.518228e+03 
6.518228e+03 
6.518228e+03 
6.518228e+03 
6.518228e+03 
6.518228e+03 
6.518228e+03 
6.518228e+03 
6.518228e+03 
6.518228e+03 
6.518228e+03 
6.518228e+03 
6.518228e+03 
6.518228e+03 
6.518228e+03 
6.518228e+03 
6.518228e+03 
6.518228e+03 
6.518228e+03 
6.518228e+03 
6.518228e+03 
6.518228e+03 
6.518228e+03 
6.518228e+03 
6.518228e+03 
6.518228e+03 
6.518228e+03 
6.518228e+03 
6.518228e+03 
6.518228e+03 
6.518228e+03 
6.518228e+03 
6.518228e+03 
6.518228e+03 
6.518228e+03 
6.518228e+03 
6.518228e+03 
6.518228e+03 
6.518228e+03 
6.518228e+03 
6.518228e+03 
6.518228e+03 
6.518228e+03 
6.518228e+03 
6.518228e+03 
6.518228e+03 
6.323478e+03 
6.323478e+03 
6.323478e+03 
6.323478e+03 
6.323478e+03 
6.323478e+03 
6.323478e+03 
6.323478e+03 
6.323478e+03 
6.323478e+03 
6.323478e+03 
6.323478e+03 
6.323478e+03 
6.323478e+03 
6.323478e+03 
6.323478e+03 
6.323478e+03 
6.323478e+03 
6.323478e+03 
6.323478e+03 
6.323478e+03 
6.323478e+03 
6.323478e+03 
6.323478e+03 
6.323478e+03 
6.323478e+03 
6.323478e+03 
6.323478e+03 
6.323478e+03 
6.323478e+03 
6.323478e+03 
6.323478e+03 
6.323478e+03 
6.323478e+03 
6.323478e+03 
6.323478e+03 
6.323478e+03 
6.323478e+03 
6.323478e+03 
6.323478e+03 
6.323478e+03 
6.323478e+03 
6.323478e+03 
6.323478e+03 
6.323478e+03 
6.323478e+03 
6.323478e+03 
6.323478e+03 
6.323478e+03 
6.323478e+03 
6.323478e+03 
6.323478e+03 
6.323478e+03 
6.323478e+03 
6.323478e+03 
6.323478e+03 
6.323478e+03 
6.323478e+03 
6.323478e+03 
6.323478e+03 
6.323478e+03 
6.323478e+03 
6.323478e+03 
6.323478e+03 
6.323478e+03 
6.323478e+03 
6.323478e+03 
6.323478e+03 
6.323478e+03 
6.323478e+03 
6.323478e+03 
6.323478e+03 
6.323478e+03 
6.323478e+03 
6.323478e+03 
6.323478e+03 
6.323478e+03 
6.323478e+03 
6.323478e+03 
6.323478e+03 
6.323478e+03 
6.323478e+03 
6.323478e+03 
6.323478e+03 
6.323478e+03 
6.323478e+03 
6.323478e+03 
6.323478e+03 
6.323478e+03 
6.323478e+03 
6.323478e+03 
6.323478e+03 
6.323478e+03 
6.323478e+03 
6.323478e+03 
6.323478e+03 
6.323478e+03 
6.323478e+03 
6.323478e+03 
6.323478e+03 
6.323478e+03 
6.323478e+03 
6.323478e+03 
6.323478e+03 
6.323478e+03 
6.323478e+03 
6.323478e+03 
6.323478e+03 
6.323478e+03 
6.323478e+03 
6.323478e+03 
6.323478e+03 
6.323478e+03 
6.323478e+03 
6.323478e+03 
6.323478e+03 
6.323478e+03 
6.323478e+03 
6.323478e+03 
6.323478e+03 
6.323478e+03 
6.323478e+03 
6.323478e+03 
6.323478e+03 
6.323478e+03 
6.323478e+03 
6.323478e+03 
6.323478e+03 
6.323478e+03 
6.323478e+03 
6.323478e+03 
6.323478e+03 
6.323478e+03 
6.323478e+03 
6.323478e+03 
6.323478e+03 
6.323478e+03 
6.323478e+03 
6.323478e+03 
6.323478e+03 
6.323478e+03 
6.323478e+03 
6.323478e+03 
5.041107e+03 
5.041107e+03 
5.041107e+03 
5.041107e+03 
5.041107e+03 
5.041107e+03 
5.041107e+03 
5.041107e+03 
5.041107e+03 
5.041107e+03 
5.041107e+03 
5.041107e+03 
5.041107e+03 
5.041107e+03 
5.041107e+03 
5.041107e+03 
5.041107e+03 
5.041107e+03 
5.041107e+03 
5.041107e+03 
5.041107e+03 
5.041107e+03 
5.041107e+03 
5.041107e+03 
5.041107e+03 
5.041107e+03 
5.041107e+03 
5.041107e+03 
5.041107e+03 
5.041107e+03 
5.041107e+03 
5.041107e+03 
5.041107e+03 
5.041107e+03 
5.041107e+03 
5.041107e+03 
5.041107e+03 
5.041107e+03 
5.041107e+03 
5.041107e+03 
5.041107e+03 
5.041107e+03 
5.041107e+03 
5.041107e+03 
5.041107e+03 
5.041107e+03 
5.041107e+03 
5.041107e+03 
5.041107e+03 
5.041107e+03 
5.041107e+03 
5.041107e+03 
5.041107e+03 
5.041107e+03 
5.041107e+03 
5.041107e+03 
5.041107e+03 
5.041107e+03 
5.041107e+03 
5.041107e+03 
5.041107e+03 
5.041107e+03 
5.041107e+03 
5.041107e+03 
5.041107e+03 
5.041107e+03 
5.041107e+03 
5.041107e+03 
5.041107e+03 
5.041107e+03 
5.041107e+03 
5.041107e+03 
5.041107e+03 
5.041107e+03 
5.041107e+03 
5.041107e+03 
5.041107e+03 
5.041107e+03 
5.041107e+03 
5.041107e+03 
5.041107e+03 
5.041107e+03 
5.041107e+03 
5.041107e+03 
5.041107e+03 
5.041107e+03 
5.041107e+03 
5.041107e+03 
5.041107e+03 
5.041107e+03 
5.041107e+03 
5.041107e+03 
5.041107e+03 
5.041107e+03 
5.041107e+03 
5.041107e+03 
5.041107e+03 
5.041107e+03 
5.041107e+03 
5.041107e+03 
5.041107e+03 
5.041107e+03 
5.041107e+03 
5.041107e+03 
5.041107e+03 
5.041107e+03 
5.041107e+03 
5.041107e+03 
5.041107e+03 
5.041107e+03 
5.041107e+03 
5.041107e+03 
5.041107e+03 
5.041107e+03 
5.041107e+03 
5.041107e+03 
5.041107e+03 
5.041107e+03 
5.041107e+03 
5.041107e+03 
5.041107e+03 
5.041107e+03 
5.041107e+03 
5.041107e+03 
5.041107e+03 
5.041107e+03 
5.041107e+03 
5.041107e+03 
5.041107e+03 
5.041107e+03 
5.041107e+03 
5.041107e+03 
5.041107e+03 
5.041107e+03 
5.041107e+03 
5.041107e+03 
5.041107e+03 
5.041107e+03 
5.041107e+03 
5.041107e+03 
5.041107e+03 
5.041107e+03 
5.041107e+03 
5.041107e+03 
5.041107e+03 
5.041107e+03 
5.041107e+03 
5.041107e+03 
5.041107e+03 
5.041107e+03 
5.041107e+03 
5.041107e+03 
5.041107e+03 
5.041107e+03 
5.041107e+03 
5.041107e+03 
5.041107e+03 
5.041107e+03 
5.041107e+03 
5.041107e+03 
5.041107e+03 
5.041107e+03 
5.041107e+03 
5.041107e+03 
5.041107e+03 
5.041107e+03 
5.041107e+03 
5.041107e+03 
5.041107e+03 
5.041107e+03 
5.041107e+03 
5.041107e+03 
5.041107e+03 
5.041107e+03 
5.041107e+03 
5.041107e+03 
5.041107e+03 
5.041107e+03 
5.041107e+03 
5.041107e+03 
5.041107e+03 
5.041107e+03 
5.041107e+03 
5.041107e+03 
5.041107e+03 
5.041107e+03 
5.041107e+03 
5.041107e+03 
5.041107e+03 
5.041107e+03 
5.041107e+03 
5.041107e+03 
5.041107e+03 
5.041107e+03 
5.041107e+03 
5.041107e+03 
5.041107e+03 
5.041107e+03 
5.041107e+03 
5.041107e+03 
5.041107e+03 
5.041107e+03 
5.041107e+03 
5.041107e+03 
5.041107e+03 
5.041107e+03 
5.041107e+03 
5.041107e+03 
5.041107e+03 
5.041107e+03 
5.041107e+03 
5.041107e+03 
5.041107e+03 
5.041107e+03 
5.041107e+03 
5.041107e+03 
5.041107e+03 
5.041107e+03 
5.041107e+03 
5.041107e+03 
5.041107e+03 
5.041107e+03 
5.041107e+03 
5.041107e+03 
5.041107e+03 
5.041107e+03 
5.041107e+03 
5.041107e+03 
5.041107e+03 
5.041107e+03 
5.041107e+03 
5.041107e+03 
5.041107e+03 
5.041107e+03 
5.041107e+03 
5.041107e+03 
5.041107e+03 
5.041107e+03 
5.041107e+03 
5.041107e+03 
5.041107e+03 
5.041107e+03 
5.041107e+03 
5.041107e+03 
5.041107e+03 
5.041107e+03 
5.041107e+03 
5.041107e+03 
5.041107e+03 
5.041107e+03 
5.041107e+03 
5.041107e+03 
5.041107e+03 
5.041107e+03 
5.041107e+03 
5.041107e+03 
5.041107e+03 
5.041107e+03 
5.041107e+03 
5.041107e+03 
5.041107e+03 
5.041107e+03 
5.041107e+03 
5.041107e+03 
5.041107e+03 
5.041107e+03 
5.041107e+03 
5.041107e+03 
5.041107e+03 
5.041107e+03 
5.041107e+03 
5.041107e+03 
5.041107e+03 
5.041107e+03 
5.041107e+03 
5.041107e+03 
5.041107e+03 
5.041107e+03 
5.041107e+03 
5.041107e+03 
5.041107e+03 
5.041107e+03 
5.041107e+03 
5.041107e+03 
5.041107e+03 
5.041107e+03 
5.041107e+03 
5.041107e+03 
5.041107e+03 
5.041107e+03 
5.041107e+03 
4.564268e+03 
4.564268e+03 
4.564268e+03 
4.564268e+03 
4.564268e+03 
4.564268e+03 
4.564268e+03 
4.564268e+03 
4.564268e+03 
4.564268e+03 
4.564268e+03 
4.564268e+03 
4.564268e+03 
4.564268e+03 
4.564268e+03 
4.564268e+03 
4.564268e+03 
4.564268e+03 
4.564268e+03 
4.564268e+03 
4.564268e+03 
4.564268e+03 
4.564268e+03 
4.564268e+03 
4.564268e+03 
4.564268e+03 
4.564268e+03 
4.564268e+03 
4.564268e+03 
4.564268e+03 
4.564268e+03 
4.564268e+03 
4.564268e+03 
4.564268e+03 
4.564268e+03 
4.564268e+03 
4.564268e+03 
4.564268e+03 
4.564268e+03 
4.564268e+03 
4.564268e+03 
4.564268e+03 
4.564268e+03 
4.564268e+03 
4.564268e+03 
4.564268e+03 
4.564268e+03 
4.564268e+03 
4.564268e+03 
4.564268e+03 
4.564268e+03 
4.564268e+03 
4.564268e+03 
4.564268e+03 
4.564268e+03 
4.564268e+03 
4.564268e+03 
4.564268e+03 
4.564268e+03 
4.564268e+03 
4.564268e+03 
4.564268e+03 
4.564268e+03 
4.564268e+03 
4.564268e+03 
4.564268e+03 
4.564268e+03 
4.564268e+03 
4.564268e+03 
4.564268e+03 
4.564268e+03 
4.564268e+03 
4.564268e+03 
4.564268e+03 
4.564268e+03 
4.564268e+03 
4.564268e+03 
4.564268e+03 
4.564268e+03 
4.564268e+03 
4.564268e+03 
4.564268e+03 
4.564268e+03 
4.564268e+03 
4.564268e+03 
4.564268e+03 
4.564268e+03 
4.564268e+03 
4.564268e+03 
4.564268e+03 
4.564268e+03 
4.564268e+03 
4.564268e+03 
4.564268e+03 
4.564268e+03 
4.564268e+03 
4.564268e+03 
4.564268e+03 
4.564268e+03 
4.564268e+03 
4.564268e+03 
4.564268e+03 
4.564268e+03 
4.562286e+03 
4.562286e+03 
4.562286e+03 
4.562286e+03 
4.562286e+03 
4.562286e+03 
4.562286e+03 
4.562286e+03 
4.562286e+03 
4.562286e+03 
4.562286e+03 
4.562286e+03 
4.562286e+03 
4.562286e+03 
4.562286e+03 
4.562286e+03 
4.562286e+03 
4.562286e+03 
4.562286e+03 
4.562286e+03 
4.562286e+03 
4.562286e+03 
4.562286e+03 
4.562286e+03 
4.562286e+03 
4.562286e+03 
4.562286e+03 
4.562286e+03 
4.562286e+03 
4.562286e+03 
4.562286e+03 
4.562286e+03 
4.562286e+03 
4.562286e+03 
4.562286e+03 
4.562286e+03 
4.562286e+03 
4.562286e+03 
4.562286e+03 
4.562286e+03 
4.562286e+03 
4.562286e+03 
4.562286e+03 
4.562286e+03 
4.562286e+03 
4.562286e+03 
4.562286e+03 
4.562286e+03 
4.562286e+03 
4.562286e+03 
4.562286e+03 
4.562286e+03 
4.562286e+03 
4.562286e+03 
4.562286e+03 
4.562286e+03 
4.562286e+03 
4.562286e+03 
4.562286e+03 
4.562286e+03 
4.562286e+03 
4.562286e+03 
4.562286e+03 
4.562286e+03 
4.562286e+03 
4.562286e+03 
4.562286e+03 
4.562286e+03 
4.562286e+03 
4.562286e+03 
4.562286e+03 
4.562286e+03 
4.562286e+03 
4.562286e+03 
4.562286e+03 
4.562286e+03 
4.562286e+03 
4.562286e+03 
4.562286e+03 
4.562286e+03 
4.562286e+03 
4.562286e+03 
4.562286e+03 
4.562286e+03 
4.562286e+03 
4.562286e+03 
4.562286e+03 
4.562286e+03 
4.562286e+03 
4.562286e+03 
4.562286e+03 
4.562286e+03 
4.562286e+03 
4.562286e+03 
4.562286e+03 
4.562286e+03 
4.562286e+03 
4.562286e+03 
4.562286e+03 
4.562286e+03 
4.562286e+03 
4.562286e+03 
4.562286e+03 
4.562286e+03 
4.562286e+03 
4.562286e+03 
4.562286e+03 
4.562286e+03 
4.562286e+03 
4.562286e+03 
4.562286e+03 
4.562286e+03 
4.562286e+03 
4.562286e+03 
4.562286e+03 
4.562286e+03 
4.562286e+03 
4.562286e+03 
4.562286e+03 
4.562286e+03 
4.562286e+03 
4.562286e+03 
4.562286e+03 
4.562286e+03 
4.562286e+03 
4.562286e+03 
4.562286e+03 
4.562286e+03 
4.562286e+03 
4.562286e+03 
4.562286e+03 
4.562286e+03 
4.562286e+03 
4.562286e+03 
4.562286e+03 
4.562286e+03 
4.562286e+03 
4.562286e+03 
4.562286e+03 
4.562286e+03 
4.562286e+03 
4.562286e+03 
4.562286e+03 
4.562286e+03 
4.562286e+03 
4.562286e+03 
4.562286e+03 
4.562286e+03 
4.562286e+03 
4.562286e+03 
4.562286e+03 
4.562286e+03 
4.562286e+03 
4.562286e+03 
4.562286e+03 
4.562286e+03 
4.562286e+03 
4.562286e+03 
4.562286e+03 
4.562286e+03 
4.562286e+03 
4.562286e+03 
4.562286e+03 
4.562286e+03 
4.562286e+03 
4.562286e+03 
4.562286e+03 
4.562286e+03 
4.562286e+03 
4.562286e+03 
4.562286e+03 
4.562286e+03 
4.562286e+03 
4.562286e+03 
4.562286e+03 
4.562286e+03 
4.562286e+03 
4.562286e+03 
4.562286e+03 
4.562286e+03 
4.562286e+03 
4.562286e+03 
4.562286e+03 
4.562286e+03 
4.562286e+03 
4.562286e+03 
4.562286e+03 
4.562286e+03 
4.562286e+03 
4.562286e+03 
4.562286e+03 
4.562286e+03 
4.562286e+03 
4.562286e+03 
4.562286e+03 
4.562286e+03 
4.562286e+03 
4.562286e+03 
4.562286e+03 
4.562286e+03 
4.562286e+03 
4.562286e+03 
4.562286e+03 
4.562286e+03 
4.562286e+03 
4.562286e+03 
4.562286e+03 
4.562286e+03 
4.562286e+03 
4.562286e+03 
4.562286e+03 
4.562286e+03 
4.562286e+03 
4.562286e+03 
4.562286e+03 
4.562286e+03 
4.562286e+03 
4.562286e+03 
4.562286e+03 
4.562286e+03 
4.562286e+03 
4.562286e+03 
4.562286e+03 
4.562286e+03 
4.562286e+03 
4.562286e+03 
4.562286e+03 
4.562286e+03 
4.562286e+03 
4.562286e+03 
4.562286e+03 
4.562286e+03 
4.562286e+03 
4.562286e+03 
4.562286e+03 
4.562286e+03 
4.562286e+03 
4.562286e+03 
4.562286e+03 
4.562286e+03 
4.562286e+03 
4.562286e+03 
4.562286e+03 
4.562286e+03 
4.562286e+03 
4.562286e+03 
4.562286e+03 
4.562286e+03 
4.562286e+03 
4.562286e+03 
4.562286e+03 
4.562286e+03 
4.562286e+03 
4.562286e+03 
4.562286e+03 
4.562286e+03 
4.562286e+03 
4.562286e+03 
4.562286e+03 
4.562286e+03 
4.562286e+03 
4.562286e+03 
4.562286e+03 
4.562286e+03 
4.562286e+03 
4.562286e+03 
4.562286e+03 
4.562286e+03 
4.562286e+03 
4.562286e+03 
4.562286e+03 
4.562286e+03 
4.562286e+03 
4.562286e+03 
4.562286e+03 
4.562286e+03 
4.562286e+03 
4.562286e+03 
4.562286e+03 
4.562286e+03 
4.562286e+03 
4.562286e+03 
4.562286e+03 
4.562286e+03 
4.562286e+03 
4.562286e+03 
4.562286e+03 
4.562286e+03 
4.562286e+03 
4.562286e+03 
4.562286e+03 
4.562286e+03 
4.562286e+03 
4.562286e+03 
4.562286e+03 
4.562286e+03 
4.562286e+03 
4.562286e+03 
4.562286e+03 
4.562286e+03 
4.562286e+03 
4.562286e+03 
4.562286e+03 
4.562286e+03 
4.562286e+03 
4.562286e+03 
4.562286e+03 
4.562286e+03 
4.562286e+03 
4.562286e+03 
4.562286e+03 
4.562286e+03 
4.562286e+03 
4.562286e+03 
4.562286e+03 
4.562286e+03 
4.562286e+03 
4.562286e+03 
4.562286e+03 
4.562286e+03 
4.562286e+03 
4.562286e+03 
4.562286e+03 
4.562286e+03 
4.562286e+03 
4.562286e+03 
4.562286e+03 
4.562286e+03 
4.562286e+03 
4.562286e+03 
4.562286e+03 
4.562286e+03 
4.562286e+03 
4.562286e+03 
4.562286e+03 
4.562286e+03 
4.562286e+03 
4.562286e+03 
4.562286e+03 
4.562286e+03 
4.562286e+03 
4.562286e+03 
4.562286e+03 
4.562286e+03 
4.562286e+03 
4.562286e+03 
4.562286e+03 
4.562286e+03 
4.562286e+03 
4.562286e+03 
4.562286e+03 
4.562286e+03 
4.562286e+03 
4.562286e+03 
4.562286e+03 
4.562286e+03 
4.562286e+03 
4.562286e+03 
4.562286e+03 
4.562286e+03 
4.562286e+03 
4.562286e+03 
4.562286e+03 
4.562286e+03 
4.562286e+03 
4.562286e+03 
4.562286e+03 
4.562286e+03 
4.562286e+03 
4.562286e+03 
4.562286e+03 
4.562286e+03 
4.562286e+03 
4.562286e+03 
4.562286e+03 
4.562286e+03 
4.562286e+03 
4.562286e+03 
4.562286e+03 
4.562286e+03 
4.562286e+03 
4.562286e+03 
4.562286e+03 
4.562286e+03 
4.562286e+03 
4.562286e+03 
4.562286e+03 
4.562286e+03 
4.562286e+03 
4.562286e+03 
4.562286e+03 
4.562286e+03 
4.562286e+03 
4.562286e+03 
4.562286e+03 
4.562286e+03 
4.562286e+03 
4.562286e+03 
4.562286e+03 
4.562286e+03 
4.562286e+03 
4.562286e+03 
4.562286e+03 
4.562286e+03 
4.562286e+03 
4.562286e+03 
4.562286e+03 
4.562286e+03 
4.562286e+03 
4.562286e+03 
4.562286e+03 
4.562286e+03 
4.562286e+03 
4.562286e+03 
4.562286e+03 
4.562286e+03 
4.562286e+03 
4.562286e+03 
4.562286e+03 
4.513894e+03 
4.513894e+03 
4.513894e+03 
4.513894e+03 
4.513894e+03 
4.513894e+03 
4.513894e+03 
4.513894e+03 
4.513894e+03 
4.513894e+03 
4.513894e+03 
4.513894e+03 
4.513894e+03 
4.513894e+03 
4.513894e+03 
4.513894e+03 
4.513894e+03 
4.513894e+03 
4.513894e+03 
4.513894e+03 
4.513894e+03 
4.513894e+03 
4.513894e+03 
4.513894e+03 
4.513894e+03 
4.513894e+03 
4.513894e+03 
4.513894e+03 
4.513894e+03 
4.513894e+03 
4.513894e+03 
4.513894e+03 
4.513894e+03 
4.513894e+03 
4.513894e+03 
4.513894e+03 
4.513894e+03 
4.513894e+03 
4.513894e+03 
4.513894e+03 
4.513894e+03 
4.513894e+03 
4.513894e+03 
4.513894e+03 
4.513894e+03 
4.513894e+03 
4.513894e+03 
4.513894e+03 
4.513894e+03 
4.513894e+03 
4.513894e+03 
4.513894e+03 
4.513894e+03 
4.513894e+03 
4.513894e+03 
4.513894e+03 
4.513894e+03 
4.513894e+03 
4.513894e+03 
4.513894e+03 
4.513894e+03 
4.513894e+03 
4.513894e+03 
4.513894e+03 
4.513894e+03 
4.513894e+03 
4.513894e+03 
4.513894e+03 
4.513894e+03 
4.513894e+03 
4.513894e+03 
4.513894e+03 
4.513894e+03 
4.513894e+03 
4.513894e+03 
4.513894e+03 
4.513894e+03 
4.513894e+03 
4.513894e+03 
4.513894e+03 
4.513894e+03 
4.513894e+03 
4.513894e+03 
3.938028e+03 
3.938028e+03 
3.938028e+03 
3.938028e+03 
3.938028e+03 
3.938028e+03 
3.938028e+03 
3.938028e+03 
3.938028e+03 
3.938028e+03 
3.938028e+03 
3.938028e+03 
3.938028e+03 
3.938028e+03 
3.938028e+03 
3.938028e+03 
3.938028e+03 
3.938028e+03 
3.938028e+03 
3.938028e+03 
3.938028e+03 
3.938028e+03 
3.938028e+03 
3.938028e+03 
3.938028e+03 
3.938028e+03 
3.938028e+03 
3.938028e+03 
3.938028e+03 
3.938028e+03 
3.938028e+03 
3.938028e+03 
3.938028e+03 
3.938028e+03 
3.938028e+03 
3.938028e+03 
3.938028e+03 
3.938028e+03 
3.938028e+03 
3.938028e+03 
3.938028e+03 
3.270023e+03 
3.270023e+03 
3.270023e+03 
3.270023e+03 
3.270023e+03 
3.270023e+03 
3.270023e+03 
3.270023e+03 
3.270023e+03 
3.270023e+03 
3.270023e+03 
3.270023e+03 
3.270023e+03 
3.270023e+03 
3.270023e+03 
3.270023e+03 
3.270023e+03 
3.270023e+03 
3.270023e+03 
3.270023e+03 
3.270023e+03 
3.270023e+03 
3.270023e+03 
3.270023e+03 
3.270023e+03 
3.270023e+03 
3.270023e+03 
3.270023e+03 
3.270023e+03 
3.270023e+03 
3.270023e+03 
3.270023e+03 
3.270023e+03 
3.270023e+03 
3.270023e+03 
3.270023e+03 
3.270023e+03 
3.270023e+03 
3.270023e+03 
3.270023e+03 
3.270023e+03 
3.270023e+03 
3.270023e+03 
3.270023e+03 
3.270023e+03 
3.270023e+03 
3.270023e+03 
3.270023e+03 
3.270023e+03 
3.270023e+03 
3.270023e+03 
3.270023e+03 
3.270023e+03 
3.270023e+03 
3.270023e+03 
3.270023e+03 
3.270023e+03 
3.270023e+03 
3.270023e+03 
3.270023e+03 
3.270023e+03 
3.270023e+03 
3.270023e+03 
3.270023e+03 
3.270023e+03 
3.270023e+03 
3.270023e+03 
3.270023e+03 
3.270023e+03 
3.270023e+03 
3.270023e+03 
3.270023e+03 
3.270023e+03 
3.270023e+03 
3.270023e+03 
3.270023e+03 
3.270023e+03 
3.270023e+03 
3.270023e+03 
3.270023e+03 
3.270023e+03 
3.270023e+03 
3.270023e+03 
3.270023e+03 
3.270023e+03 
3.270023e+03 
3.270023e+03 
3.270023e+03 
3.270023e+03 
3.270023e+03 
3.270023e+03 
3.270023e+03 
3.270023e+03 
3.270023e+03 
3.270023e+03 
3.270023e+03 
3.270023e+03 
3.270023e+03 
3.270023e+03 
3.270023e+03 
3.270023e+03 
3.270023e+03 
3.270023e+03 
3.270023e+03 
3.270023e+03 
3.270023e+03 
3.270023e+03 
3.270023e+03 
3.270023e+03 
3.270023e+03 
3.270023e+03 
3.270023e+03 
3.270023e+03 
3.270023e+03 
3.270023e+03 
3.270023e+03 
3.270023e+03 
3.270023e+03 
3.270023e+03 
3.270023e+03 
3.270023e+03 
3.270023e+03 
3.270023e+03 
3.270023e+03 
3.270023e+03 
3.270023e+03 
3.270023e+03 
3.270023e+03 
3.270023e+03 
3.270023e+03 
3.270023e+03 
3.270023e+03 
3.270023e+03 
3.270023e+03 
3.270023e+03 
3.270023e+03 
2.989978e+03 
2.989978e+03 
2.989978e+03 
2.989978e+03 
2.989978e+03 
2.989978e+03 
2.989978e+03 
2.989978e+03 
2.989978e+03 
2.989978e+03 
2.989978e+03 
2.989978e+03 
2.989978e+03 
2.989978e+03 
2.989978e+03 
2.989978e+03 
2.989978e+03 
2.989978e+03 
2.989978e+03 
2.989978e+03 
2.989978e+03 
2.989978e+03 
2.989978e+03 
2.989978e+03 
2.989978e+03 
2.989978e+03 
2.989978e+03 
2.989978e+03 
2.989978e+03 
2.989978e+03 
2.989978e+03 
2.989978e+03 
2.989978e+03 
2.989978e+03 
2.989978e+03 
2.989978e+03 
2.989978e+03 
2.989978e+03 
2.989978e+03 
2.989978e+03 
2.989978e+03 
2.989978e+03 
2.989978e+03 
2.989978e+03 
2.989978e+03 
2.989978e+03 
2.989978e+03 
2.989978e+03 
2.989978e+03 
2.989978e+03 
2.989978e+03 
2.989978e+03 
2.989978e+03 
2.989978e+03 
2.989978e+03 
2.989978e+03 
2.989978e+03 
2.989978e+03 
2.989978e+03 
2.989978e+03 
2.989978e+03 
2.989978e+03 
2.989978e+03 
2.989978e+03 
2.989978e+03 
2.989978e+03 
2.989978e+03 
2.989978e+03 
2.989978e+03 
2.989978e+03 
2.989978e+03 
2.989978e+03 
2.989978e+03 
2.989978e+03 
2.989978e+03 
2.989978e+03 
2.989978e+03 
2.989978e+03 
2.989978e+03 
2.989978e+03 
2.989978e+03 
2.989978e+03 
2.989978e+03 
2.989978e+03 
2.989978e+03 
2.989978e+03 
2.989978e+03 
2.989978e+03 
2.989978e+03 
2.989978e+03 
2.989978e+03 
2.989978e+03 
2.989978e+03 
2.989978e+03 
2.989978e+03 
2.989978e+03 
2.989978e+03 
2.989978e+03 
2.989978e+03 
2.989978e+03 
2.989978e+03 
2.989978e+03 
2.989978e+03 
2.989978e+03 
2.989978e+03 
2.989978e+03 
2.989978e+03 
2.989978e+03 
2.989978e+03 
2.989978e+03 
2.989978e+03 
2.989978e+03 
2.989978e+03 
2.989978e+03 
2.989978e+03 
2.989978e+03 
2.989978e+03 
2.989978e+03 
2.989978e+03 
2.989978e+03 
2.989978e+03 
2.989978e+03 
2.989978e+03 
2.989978e+03 
2.989978e+03 
2.989978e+03 
2.989978e+03 
2.989978e+03 
2.989978e+03 
2.989978e+03 
2.989978e+03 
2.989978e+03 
2.989978e+03 
2.989978e+03 
2.989978e+03 
2.989978e+03 
2.989978e+03 
2.989978e+03 
2.989978e+03 
2.989978e+03 
2.989978e+03 
2.989978e+03 
2.989978e+03 
2.989978e+03 
2.989978e+03 
2.989978e+03 
2.989978e+03 
2.989978e+03 
2.989978e+03 
2.989978e+03 
2.989978e+03 
2.989978e+03 
2.989978e+03 
2.989978e+03 
2.989978e+03 
2.989978e+03 
2.989978e+03 
2.989978e+03 
2.989978e+03 
2.989978e+03 
2.989978e+03 
2.989978e+03 
2.989978e+03 
2.989978e+03 
2.989978e+03 
2.989978e+03 
2.989978e+03 
2.989978e+03 
2.989978e+03 
2.989978e+03 
2.989978e+03 
2.989978e+03 
2.989978e+03 
2.989978e+03 
2.989978e+03 
2.989978e+03 
2.989978e+03 
2.989978e+03 
2.989978e+03 
2.989978e+03 
2.989978e+03 
2.989978e+03 
2.989978e+03 
2.989978e+03 
2.989978e+03 
2.989978e+03 
2.989978e+03 
2.989978e+03 
2.989978e+03 
2.794358e+03 
2.794358e+03 
2.794358e+03 
2.794358e+03 
2.794358e+03 
2.794358e+03 
2.794358e+03 
2.794358e+03 
2.794358e+03 
2.794358e+03 
2.794358e+03 
2.794358e+03 
2.794358e+03 
2.794358e+03 
2.794358e+03 
2.794358e+03 
2.794358e+03 
2.794358e+03 
2.794358e+03 
2.794358e+03 
2.794358e+03 
2.794358e+03 
2.794358e+03 
2.794358e+03 
2.794358e+03 
2.794358e+03 
2.794358e+03 
2.794358e+03 
2.794358e+03 
2.794358e+03 
2.794358e+03 
2.794358e+03 
2.794358e+03 
2.794358e+03 
2.794358e+03 
2.794358e+03 
2.794358e+03 
2.794358e+03 
2.794358e+03 
2.794358e+03 
2.794358e+03 
2.794358e+03 
2.794358e+03 
2.794358e+03 
2.794358e+03 
2.794358e+03 
2.794358e+03 
2.794358e+03 
2.794358e+03 
2.794358e+03 
2.794358e+03 
2.794358e+03 
2.794358e+03 
2.794358e+03 
2.794358e+03 
2.794358e+03 
2.794358e+03 
2.794358e+03 
2.794358e+03 
2.794358e+03 
2.794358e+03 
2.794358e+03 
2.794358e+03 
2.794358e+03 
2.794358e+03 
2.794358e+03 
2.794358e+03 
2.794358e+03 
2.794358e+03 
2.794358e+03 
2.794358e+03 
2.794358e+03 
2.794358e+03 
2.794358e+03 
2.794358e+03 
2.794358e+03 
2.794358e+03 
2.794358e+03 
2.794358e+03 
2.794358e+03 
2.794358e+03 
2.794358e+03 
2.794358e+03 
2.794358e+03 
2.794358e+03 
2.794358e+03 
2.794358e+03 
2.794358e+03 
2.794358e+03 
2.794358e+03 
2.794358e+03 
2.794358e+03 
2.794358e+03 
2.794358e+03 
2.794358e+03 
2.794358e+03 
2.794358e+03 
2.794358e+03 
2.794358e+03 
2.794358e+03 
2.794358e+03 
2.794358e+03 
2.794358e+03 
2.794358e+03 
2.794358e+03 
2.794358e+03 
2.794358e+03 
2.794358e+03 
2.794358e+03 
2.794358e+03 
2.794358e+03 
2.794358e+03 
2.794358e+03 
2.794358e+03 
2.794358e+03 
2.794358e+03 
2.794358e+03 
2.746641e+03 
2.746641e+03 
2.746641e+03 
2.746641e+03 
2.746641e+03 
2.746641e+03 
2.746641e+03 
2.746641e+03 
2.746641e+03 
2.746641e+03 
2.746641e+03 
2.746641e+03 
2.746641e+03 
2.728441e+03 
2.728441e+03 
2.728441e+03 
2.728441e+03 
2.728441e+03 
2.728441e+03 
2.728441e+03 
2.728441e+03 
2.728441e+03 
2.728441e+03 
2.728441e+03 
2.728441e+03 
2.728441e+03 
2.728441e+03 
2.728441e+03 
2.728441e+03 
2.728441e+03 
2.728441e+03 
2.728441e+03 
2.728441e+03 
2.728441e+03 
2.728441e+03 
2.728441e+03 
2.728441e+03 
2.728441e+03 
2.728441e+03 
2.728441e+03 
2.693724e+03 
2.693724e+03 
2.693724e+03 
2.693724e+03 
2.693724e+03 
2.693724e+03 
2.693724e+03 
2.693724e+03 
2.693724e+03 
2.693724e+03 
2.693724e+03 
2.693724e+03 
2.693724e+03 
2.693724e+03 
2.693724e+03 
2.675374e+03 
2.675374e+03 
2.675374e+03 
2.675374e+03 
2.675374e+03 
2.675374e+03 
2.675374e+03 
2.675374e+03 
2.675374e+03 
2.675374e+03 
2.673076e+03 
2.673076e+03 
2.673076e+03 
2.673076e+03 
2.673076e+03 
2.673076e+03 
2.673076e+03 
2.673076e+03 
2.673076e+03 
2.673076e+03 
2.673076e+03 
2.673076e+03 
2.673076e+03 
2.673076e+03 
2.673076e+03 
2.673076e+03 
2.673076e+03 
2.673076e+03 
2.673076e+03 
2.673076e+03 
2.673076e+03 
2.673076e+03 
2.673076e+03 
2.673076e+03 
2.673076e+03 
2.673076e+03 
2.673076e+03 
2.673076e+03 
2.673076e+03 
2.673076e+03 
2.673076e+03 
2.673076e+03 
2.672366e+03 
2.672366e+03 
2.672366e+03 
2.672366e+03 
2.672366e+03 
2.672366e+03 
2.672366e+03 
2.672366e+03 
2.672366e+03 
2.672366e+03 
2.672366e+03 
2.672366e+03 
2.672366e+03 
2.672366e+03 
2.672366e+03 
2.672366e+03 
2.672366e+03 
2.672366e+03 
2.672366e+03 
2.672366e+03 
2.672366e+03 
2.672366e+03 
2.672366e+03 
2.672366e+03 
2.672366e+03 
2.672366e+03 
2.671469e+03 
2.671469e+03 
2.671469e+03 
2.671469e+03 
2.671469e+03 
2.670901e+03 
2.670901e+03 
2.668921e+03 
2.668921e+03 
2.668921e+03 
2.668921e+03 
2.668921e+03 
2.668921e+03 
2.668921e+03 
2.668921e+03 
2.668921e+03 
2.668921e+03 
2.668680e+03 
2.668680e+03 
2.668680e+03 
2.668680e+03 
2.668680e+03 
2.668680e+03 
2.668680e+03 
2.668680e+03 
2.668378e+03 
2.668378e+03 
2.668378e+03 
2.668378e+03 
2.668378e+03 
2.668378e+03 
2.668378e+03 
2.668378e+03 
2.668378e+03 
2.668378e+03 
2.668378e+03 
2.668378e+03 
2.668378e+03 
2.668378e+03 
2.668378e+03 
2.668378e+03 
2.668378e+03 
2.668378e+03 
2.668378e+03 
2.668378e+03 
2.668378e+03 
2.668378e+03 
2.668378e+03 
2.668378e+03 
2.668378e+03 
2.668378e+03 
2.668378e+03 
2.668378e+03 
2.668378e+03 
2.668378e+03 
2.668378e+03 
2.668378e+03 
2.668378e+03 
2.668084e+03 
2.668084e+03 
2.668084e+03 
2.668084e+03 
2.668084e+03 
2.668084e+03 
2.668084e+03 
2.667984e+03 
2.667984e+03 
2.667984e+03 
2.667984e+03 
2.667984e+03 
2.667984e+03 
2.667984e+03 
2.667931e+03 
2.667931e+03 
2.667931e+03 
2.667931e+03 
2.667931e+03 
2.667931e+03 
2.667931e+03 
2.667931e+03 
2.667931e+03 
2.667931e+03 
2.667931e+03 
2.667931e+03 
2.667931e+03 
2.667931e+03 
2.667931e+03 
2.667931e+03 
2.667931e+03 
2.667931e+03 
2.667931e+03 
2.666375e+03 
2.666375e+03 
2.666375e+03 
2.666375e+03 
2.666375e+03 
2.666375e+03 
2.666375e+03 
2.666375e+03 
2.666375e+03 
2.666375e+03 
2.666375e+03 
2.666375e+03 
2.666259e+03 
2.666259e+03 
2.666259e+03 
2.666259e+03 
2.666259e+03 
2.666098e+03 
2.666098e+03 
2.666098e+03 
2.666098e+03 
2.666098e+03 
2.666098e+03 
2.665989e+03 
2.665989e+03 
2.665989e+03 
2.665989e+03 
2.665989e+03 
2.665989e+03 
2.665989e+03 
2.665989e+03 
2.665989e+03 
2.665989e+03 
2.665989e+03 
2.665989e+03 
2.665989e+03 
2.665989e+03 
2.665989e+03 
2.665989e+03 
2.665989e+03 
2.665989e+03 
2.665989e+03 
2.665989e+03 
2.665989e+03 
2.665989e+03 
2.665989e+03 
2.665989e+03 
2.665989e+03 
2.665989e+03 
2.665989e+03 
2.665882e+03 
2.665882e+03 
2.665882e+03 
2.665882e+03 
2.665882e+03 
2.665882e+03 
2.665882e+03 
2.665882e+03 
2.665845e+03 
2.665845e+03 
2.665845e+03 
2.665845e+03 
2.665845e+03 
2.665845e+03 
2.665845e+03 
2.665845e+03 
2.665842e+03 
2.665842e+03 
2.665842e+03 
2.665842e+03 
2.665842e+03 
2.665842e+03 
2.665842e+03 
2.665842e+03 
2.665842e+03 
2.665842e+03 
2.665842e+03 
2.665842e+03 
2.665842e+03 
2.665842e+03 
2.665842e+03 
2.665842e+03 
2.665842e+03 
2.665842e+03 
2.665842e+03 
2.665842e+03 
2.665842e+03 
2.665842e+03 
2.665842e+03 
2.665842e+03 
2.665842e+03 
2.665842e+03 
2.665842e+03 
2.665842e+03 
2.665842e+03 
2.665842e+03 
2.665842e+03 
2.665842e+03 
2.665842e+03 
2.665842e+03 
2.665842e+03 
2.665842e+03 
2.665842e+03 
2.665842e+03 
2.665842e+03 
2.665842e+03 
2.665842e+03 
2.665842e+03 
2.665842e+03 
2.665842e+03 
2.665842e+03 
2.665842e+03 
2.665842e+03 
2.665842e+03 
2.665842e+03 
2.665842e+03 
2.665842e+03 
2.665842e+03 
2.665842e+03 
2.665842e+03 
2.665842e+03 
2.665842e+03 
2.665842e+03 
2.665842e+03 
2.665842e+03 
2.665842e+03 
2.665776e+03 
2.665776e+03 
2.665776e+03 
2.665776e+03 
2.665776e+03 
2.665776e+03 
2.665776e+03 
2.665776e+03 
2.665776e+03 
2.665776e+03 
2.665776e+03 
2.665776e+03 
2.665776e+03 
2.665776e+03 
2.665776e+03 
2.665776e+03 
2.665776e+03 
2.665776e+03 
2.665776e+03 
2.665776e+03 
2.665776e+03 
2.665776e+03 
2.665776e+03 
2.665776e+03 
2.665776e+03 
2.665776e+03 
2.665776e+03 
2.665776e+03 
2.665776e+03 
2.665776e+03 
2.665776e+03 
2.665776e+03 
2.665776e+03 
2.665776e+03 
2.665776e+03 
2.665776e+03 
2.665776e+03 
2.665776e+03 
2.665776e+03 
2.665776e+03 
2.665776e+03 
2.665775e+03 
2.665775e+03 
2.665775e+03 
2.665775e+03 
2.665775e+03 
2.665775e+03 
2.665775e+03 
2.665775e+03 
2.665775e+03 
2.665775e+03 
2.665775e+03 
2.665775e+03 
2.665775e+03 
2.665775e+03 
2.665775e+03 
2.665775e+03 
2.665775e+03 
2.665775e+03 
2.665775e+03 
2.665775e+03 
2.665775e+03 
2.665775e+03 
2.665775e+03 
2.665775e+03 
2.665775e+03 
2.665775e+03 
2.665775e+03 
2.665775e+03 
2.665775e+03 
2.665775e+03 
2.665775e+03 
2.665775e+03 
2.665775e+03 
2.665775e+03 
2.665775e+03 
2.665775e+03 
2.665775e+03 
2.665775e+03 
2.665775e+03 
2.665775e+03 
2.665775e+03 
2.665775e+03 
2.665775e+03 
2.665775e+03 
2.665775e+03 
2.665775e+03 
2.665775e+03 
2.665775e+03 
2.665775e+03 
2.665775e+03 
2.665774e+03 
2.665774e+03 
2.665774e+03 
2.665774e+03 
2.665774e+03 
2.665774e+03 
2.665774e+03 
2.665773e+03 
2.665773e+03 
2.665770e+03 
2.665770e+03 
2.665770e+03 
2.665770e+03 
2.665770e+03 
2.665770e+03 
2.665769e+03 
2.665769e+03 
2.665769e+03 
2.665769e+03 
2.665769e+03 
2.665769e+03 
2.665769e+03 
2.665769e+03 
2.665769e+03 
2.665768e+03 
2.665768e+03 
2.665768e+03 
2.665768e+03 
2.665768e+03 
2.665768e+03 
2.665768e+03 
2.665768e+03 
2.665768e+03 
2.665768e+03 
2.665768e+03 
2.665768e+03 
2.665768e+03 
2.665768e+03 
2.665768e+03 
2.665768e+03 
2.665768e+03 
2.665768e+03 
2.665768e+03 
2.665768e+03 
2.665768e+03 
2.665768e+03 
2.665768e+03 
2.665768e+03 
2.665768e+03 
2.665768e+03 
2.665768e+03 
2.665768e+03 
2.665768e+03 
2.665768e+03 
2.665768e+03 
2.665768e+03 
2.665768e+03 
2.665768e+03 
2.665768e+03 
2.665768e+03 
2.665768e+03 
2.665768e+03 
2.665768e+03 
2.665768e+03 
2.665768e+03 
2.665768e+03 
2.665768e+03 
2.665768e+03 
2.665768e+03 
2.665768e+03 
2.665768e+03 
2.665768e+03 
2.665768e+03 
2.665768e+03 
2.665768e+03 
2.665768e+03 
2.665768e+03 
2.665768e+03 
2.665768e+03 
2.665768e+03 
2.665768e+03 
2.665768e+03 
2.665768e+03 
2.665768e+03 
2.665768e+03 
2.665768e+03 
2.665768e+03 
2.665768e+03 
2.665768e+03 
2.665768e+03 
2.665768e+03 
2.665768e+03 
2.665768e+03 
2.665768e+03 
2.665768e+03 
2.665768e+03 
2.665768e+03 
2.665768e+03 
2.665768e+03 
2.665768e+03 
2.665768e+03 
2.665768e+03 
2.665768e+03 
2.665768e+03 
2.665768e+03 
2.665768e+03 
2.665768e+03 
2.665768e+03 
2.665761e+03 
2.665761e+03 
2.665761e+03 
2.665761e+03 
2.665748e+03 
2.665748e+03 
2.665743e+03 
2.665743e+03 
2.665743e+03 
2.665737e+03 
2.665737e+03 
2.665737e+03 
2.665737e+03 
2.665737e+03 
2.665737e+03 
2.665737e+03 
2.665737e+03 
2.665737e+03 
2.665737e+03 
2.665737e+03 
2.665737e+03 
2.665737e+03 
2.665737e+03 
2.665737e+03 
2.665737e+03 
2.665737e+03 
2.665737e+03 
2.665737e+03 
2.665737e+03 
2.665737e+03 
2.665737e+03 
2.665737e+03 
2.665737e+03 
2.665737e+03 
2.665737e+03 
2.665737e+03 
2.665737e+03 
2.665737e+03 
2.665729e+03 
2.665729e+03 
2.665729e+03 
2.665729e+03 
2.665729e+03 
2.665723e+03 
2.665723e+03 
2.665723e+03 
2.665722e+03 
2.665713e+03 
2.665708e+03 
2.665705e+03 
2.665703e+03 
2.665702e+03 
2.665702e+03 
2.665701e+03 
2.665701e+03 
2.665701e+03 
2.665701e+03 
2.665701e+03 
2.665701e+03 
2.665701e+03 
2.665701e+03 
2.665701e+03 
2.665701e+03 
2.665701e+03 
2.665701e+03 
2.665701e+03 
2.665701e+03 
2.665701e+03 
2.665701e+03 
2.665701e+03 
2.665701e+03 
2.665701e+03 
2.665701e+03 
2.665701e+03 
2.665701e+03 
2.665701e+03 
2.665701e+03 
2.665701e+03 
2.665701e+03 
2.665701e+03 
2.665701e+03 
2.665701e+03 
2.665701e+03 
2.665701e+03 
2.665701e+03 
2.665701e+03 
2.665701e+03 
2.665701e+03 
2.665701e+03 
2.665701e+03 
2.665701e+03 
2.665701e+03 
2.665701e+03 
2.665701e+03 
2.665701e+03 
2.665701e+03 
2.665701e+03 
2.665701e+03 
2.665701e+03 
2.665680e+03 
2.665676e+03 
2.665658e+03 
2.665645e+03 
2.665635e+03 
2.665627e+03 
2.665621e+03 
2.665617e+03 
2.665614e+03 
2.665611e+03 
2.665610e+03 
2.665608e+03 
2.665607e+03 
2.665606e+03 
2.665606e+03 
2.665605e+03 
2.665605e+03 
2.665605e+03 
2.665604e+03 
2.665604e+03 
2.665604e+03 
2.665604e+03 
2.665604e+03 
2.665604e+03 
2.665604e+03 
2.665604e+03 
2.665604e+03 
2.665604e+03 
2.665604e+03 
2.665604e+03 
2.665604e+03 
2.665604e+03 
2.665604e+03 
2.665604e+03 
2.665604e+03 
2.665604e+03 
2.665604e+03 
2.665604e+03 
2.665604e+03 
2.665604e+03 
2.665604e+03 
2.665604e+03 
2.665604e+03 
2.665594e+03 
2.665590e+03 
2.665580e+03 
2.665573e+03 
2.665568e+03 
2.665565e+03 
2.665562e+03 
2.665560e+03 
2.665559e+03 
2.665558e+03 
2.665557e+03 
2.665557e+03 
2.665556e+03 
2.665556e+03 
2.665556e+03 
2.665556e+03 
2.665556e+03 
2.665555e+03 
2.665555e+03 
2.665555e+03 
2.665545e+03 
2.665544e+03 
2.665544e+03 
2.665544e+03 
2.665544e+03 
2.665544e+03 
2.665544e+03 
2.665542e+03 
2.665539e+03 
2.665537e+03 
2.665510e+03 
2.665494e+03 
2.665464e+03 
2.665443e+03 
2.665427e+03 
2.665416e+03 
2.665408e+03 
2.665401e+03 
2.665397e+03 
2.665393e+03 
2.665390e+03 
2.665388e+03 
2.665387e+03 
2.665386e+03 
2.665385e+03 
2.665384e+03 
2.665384e+03 
2.665384e+03 
2.665383e+03 
2.665383e+03 
2.665383e+03 
2.665383e+03 
2.665383e+03 
2.665383e+03 
2.665337e+03 
2.665337e+03 
2.665337e+03 
2.665331e+03 
2.665331e+03 
2.665325e+03 
2.665325e+03 
2.665325e+03 
2.665325e+03 
2.665324e+03 
2.665321e+03 
2.665321e+03 
2.665321e+03 
2.665317e+03 
2.665317e+03 
2.665317e+03 
2.665317e+03 
2.665317e+03 
2.665317e+03 
2.665317e+03 
2.665317e+03 
2.665317e+03 
2.665317e+03 
2.665316e+03 
2.665299e+03 
2.665290e+03 
2.665284e+03 
2.665281e+03 
2.665279e+03 
2.665277e+03 
2.665277e+03 
2.665276e+03 
2.665276e+03 
2.665276e+03 
2.665276e+03 
2.665275e+03 
2.665275e+03 
2.665275e+03 
2.665275e+03 
2.665275e+03 
2.665275e+03 
2.665275e+03 
2.665210e+03 
2.665210e+03 
2.665210e+03 
2.665210e+03 
2.665210e+03 
2.665210e+03 
2.665210e+03 
2.665210e+03 
2.665210e+03 
2.665210e+03 
2.665210e+03 
2.665210e+03 
2.665210e+03 
2.665210e+03 
2.665206e+03 
2.665204e+03 
2.665203e+03 
2.665194e+03 
2.665121e+03 
2.665121e+03 
2.665077e+03 
2.665050e+03 
2.665033e+03 
2.665023e+03 
2.665017e+03 
2.665013e+03 
2.665010e+03 
2.665009e+03 
2.665007e+03 
2.665007e+03 
2.665006e+03 
2.665006e+03 
2.665005e+03 
2.665005e+03 
2.665005e+03 
2.665005e+03 
2.665005e+03 
2.665005e+03 
2.665005e+03 
2.665005e+03 
2.665005e+03 
2.665005e+03 
2.665005e+03 
2.665005e+03 
2.665005e+03 
2.665005e+03 
2.665005e+03 
2.665005e+03 
2.665005e+03 
2.665005e+03 
2.665005e+03 
2.665005e+03 
2.665005e+03 
2.665005e+03 
2.665005e+03 
2.665005e+03 
2.665005e+03 
2.665005e+03 
2.665005e+03 
2.665005e+03 
2.665005e+03 
2.665005e+03 
2.665005e+03 
2.665005e+03 
2.665005e+03 
2.665005e+03 
2.665005e+03 
2.665005e+03 
2.665005e+03 
2.665005e+03 
2.665005e+03 
2.665005e+03 
2.665005e+03 
2.665005e+03 
2.665005e+03 
2.665005e+03 
2.665005e+03 
2.665005e+03 
2.665005e+03 
2.665005e+03 
2.665005e+03 
2.665005e+03 
2.665005e+03 
2.665005e+03 
2.665005e+03 
2.665005e+03 
2.665005e+03 
2.665005e+03 
2.665005e+03 
2.665005e+03 
2.665005e+03 
2.665005e+03 
2.665005e+03 
2.665005e+03 
2.665005e+03 
2.665005e+03 
2.665005e+03 
2.665005e+03 
2.665005e+03 
2.665005e+03 
2.665005e+03 
2.665005e+03 
2.665005e+03 
2.665005e+03 
2.665005e+03 
2.665005e+03 
2.665005e+03 
2.665005e+03 
2.665005e+03 
2.665005e+03 
2.665005e+03 
2.664998e+03 
2.664998e+03 
2.664998e+03 
2.664998e+03 
2.664995e+03 
2.664995e+03 
2.664994e+03 
2.664994e+03 
2.664994e+03 
2.664994e+03 
2.664994e+03 
2.664994e+03 
2.664994e+03 
2.664994e+03 
2.664993e+03 
2.664993e+03 
2.664993e+03 
2.664993e+03 
2.664991e+03 
2.664991e+03 
2.664991e+03 
2.664991e+03 
2.664991e+03 
2.664991e+03 
2.664991e+03 
2.664991e+03 
2.664991e+03 
2.664991e+03 
2.664991e+03 
2.664991e+03 
2.664985e+03 
2.664982e+03 
2.664981e+03 
2.664981e+03 
2.664980e+03 
2.664979e+03 
2.664979e+03 
2.664979e+03 
2.664979e+03 
2.664979e+03 
2.664978e+03 
2.664978e+03 
2.664978e+03 
2.664977e+03 
2.664977e+03 
2.664977e+03 
2.664977e+03 
2.664977e+03 
2.664977e+03 
2.664977e+03 
2.664977e+03 
2.664977e+03 
2.664977e+03 
2.664977e+03 
2.664977e+03 
2.664977e+03 
2.664977e+03 
2.664977e+03 
2.664977e+03 
2.664977e+03 
2.664977e+03 
2.664977e+03 
2.664977e+03 
2.664977e+03 
2.664977e+03 
2.664977e+03 
2.664977e+03 
2.664977e+03 
2.664977e+03 
2.664977e+03 
2.664977e+03 
2.664977e+03 
2.664977e+03 
2.664977e+03 
2.664977e+03 
2.664977e+03 
2.664969e+03 
2.664969e+03 
2.664964e+03 
2.664962e+03 
2.664962e+03 
2.664962e+03 
2.664962e+03 
2.664958e+03 
2.664956e+03 
2.664954e+03 
2.664953e+03 
2.664953e+03 
2.664952e+03 
2.664952e+03 
2.664952e+03 
2.664952e+03 
2.664952e+03 
2.664952e+03 
2.664952e+03 
2.664952e+03 
2.664952e+03 
2.664952e+03 
2.664952e+03 
2.664952e+03 
2.664952e+03 
2.664952e+03 
2.664952e+03 
2.664952e+03 
2.664952e+03 
2.664952e+03 
2.664952e+03 
2.664952e+03 
2.664952e+03 
2.664952e+03 
2.664952e+03 
2.664952e+03 
2.664952e+03 
2.664952e+03 
2.664952e+03 
2.664952e+03 
2.664952e+03 
2.664952e+03 
2.664952e+03 
2.664952e+03 
2.664952e+03 
2.664952e+03 
2.664952e+03 
2.664952e+03 
2.664952e+03 
2.664952e+03 
2.664951e+03 
2.664950e+03 
2.664946e+03 
2.664941e+03 
2.645789e+03 
2.645789e+03 
2.645789e+03 
2.645789e+03 
2.645789e+03 
2.645789e+03 
2.645789e+03 
2.645789e+03 
2.645789e+03 
2.645789e+03 
2.645789e+03 
2.645789e+03 
2.645789e+03 
2.645789e+03 
2.645789e+03 
2.645789e+03 
2.645789e+03 
2.645789e+03 
2.645789e+03 
2.645789e+03 
2.645789e+03 
2.645789e+03 
2.645789e+03 
2.645789e+03 
2.645789e+03 
2.645789e+03 
2.645789e+03 
2.645789e+03 
2.645789e+03 
2.645789e+03 
2.645789e+03 
2.645789e+03 
2.645789e+03 
2.645789e+03 
2.645789e+03 
2.645789e+03 
2.645789e+03 
2.645789e+03 
2.645789e+03 
2.645789e+03 
2.645789e+03 
2.645789e+03 
2.645789e+03 
2.645789e+03 
2.645789e+03 
2.645789e+03 
2.645789e+03 
2.645789e+03 
2.645789e+03 
2.645789e+03 
2.645789e+03 
2.645789e+03 
2.645789e+03 
2.645789e+03 
2.645789e+03 
2.645789e+03 
2.645789e+03 
2.645789e+03 
2.645789e+03 
2.645789e+03 
2.645789e+03 
2.645789e+03 
2.645789e+03 
2.645789e+03 
2.645789e+03 
2.645789e+03 
2.645789e+03 
2.645789e+03 
2.645789e+03 
2.645789e+03 
2.645789e+03 
2.645789e+03 
2.645789e+03 
2.645789e+03 
2.645789e+03 
2.645789e+03 
2.645789e+03 
2.645789e+03 
2.645789e+03 
2.645789e+03 
2.645789e+03 
2.645789e+03 
2.645789e+03 
2.645789e+03 
2.645789e+03 
2.645789e+03 
2.645789e+03 
2.645789e+03 
2.645789e+03 
2.645789e+03 
2.645789e+03 
2.645789e+03 
2.645789e+03 
2.645789e+03 
2.645789e+03 
2.645789e+03 
2.645789e+03 
2.645789e+03 
2.645789e+03 
2.645789e+03 
2.645789e+03 
2.645789e+03 
2.645789e+03 
2.645789e+03 
2.645789e+03 
2.645789e+03 
2.645789e+03 
2.645789e+03 
2.645789e+03 
2.645789e+03 
2.645789e+03 
2.645789e+03 
2.645789e+03 
2.645789e+03 
2.645789e+03 
2.645789e+03 
2.645789e+03 
2.645789e+03 
2.645789e+03 
2.645789e+03 
2.645789e+03 
2.645789e+03 
2.645789e+03 
2.645789e+03 
2.645789e+03 
2.645789e+03 
2.645789e+03 
2.645789e+03 
2.645789e+03 
2.645789e+03 
2.645789e+03 
2.645789e+03 
2.645789e+03 
2.645789e+03 
2.645789e+03 
2.645789e+03 
2.645789e+03 
2.645789e+03 
2.645789e+03 
2.645789e+03 
2.645789e+03 
2.645789e+03 
2.447185e+03 
2.447185e+03 
2.447185e+03 
2.447185e+03 
2.447185e+03 
2.447185e+03 
2.447185e+03 
2.447185e+03 
2.447185e+03 
2.447185e+03 
2.447185e+03 
2.447185e+03 
2.447185e+03 
2.447185e+03 
2.447185e+03 
2.447185e+03 
2.447185e+03 
2.447185e+03 
2.447185e+03 
2.447185e+03 
2.447185e+03 
2.447185e+03 
2.447185e+03 
2.447185e+03 
2.447185e+03 
2.447185e+03 
2.447185e+03 
2.447185e+03 
2.447185e+03 
2.447185e+03 
2.447185e+03 
2.447185e+03 
2.447185e+03 
2.447185e+03 
2.447185e+03 
2.447185e+03 
2.447185e+03 
2.447185e+03 
2.447185e+03 
2.447185e+03 
2.447185e+03 
2.447185e+03 
2.447185e+03 
2.447185e+03 
2.447185e+03 
2.447185e+03 
2.447185e+03 
2.447185e+03 
2.447185e+03 
2.447185e+03 
2.447185e+03 
2.447185e+03 
2.447185e+03 
2.447185e+03 
2.447185e+03 
2.447185e+03 
2.447185e+03 
2.447185e+03 
2.447185e+03 
2.447185e+03 
2.447185e+03 
2.447185e+03 
2.447185e+03 
2.447185e+03 
2.447185e+03 
2.447185e+03 
2.447185e+03 
2.447185e+03 
2.447185e+03 
2.447185e+03 
2.447185e+03 
2.447185e+03 
2.447185e+03 
2.447185e+03 
2.447185e+03 
2.447185e+03 
2.447185e+03 
2.447185e+03 
2.447185e+03 
2.447185e+03 
2.447185e+03 
2.447185e+03 
2.447185e+03 
2.447185e+03 
2.447185e+03 
2.447185e+03 
2.447185e+03 
2.447185e+03 
2.447185e+03 
2.447185e+03 
2.447185e+03 
2.447185e+03 
2.447185e+03 
2.447185e+03 
2.447185e+03 
2.447185e+03 
2.447185e+03 
2.447185e+03 
2.447185e+03 
2.447185e+03 
2.447185e+03 
2.447185e+03 
2.447185e+03 
2.447185e+03 
2.447185e+03 
2.447185e+03 
2.447185e+03 
2.447185e+03 
2.447185e+03 
2.447185e+03 
2.447185e+03 
2.447185e+03 
2.447185e+03 
2.447185e+03 
2.447185e+03 
2.447185e+03 
2.447185e+03 
2.447185e+03 
2.447185e+03 
2.447185e+03 
2.447185e+03 
2.447185e+03 
2.447185e+03 
2.447185e+03 
2.447185e+03 
2.447185e+03 
2.447185e+03 
2.447185e+03 
2.447185e+03 
2.447185e+03 
2.447185e+03 
2.447185e+03 
2.447185e+03 
2.447185e+03 
2.447185e+03 
2.447185e+03 
2.447185e+03 
2.447185e+03 
2.447185e+03 
2.447185e+03 
2.447185e+03 
2.447185e+03 
2.447185e+03 
2.447185e+03 
2.447185e+03 
2.447185e+03 
2.447185e+03 
2.447185e+03 
2.447185e+03 
2.447185e+03 
2.447185e+03 
2.447185e+03 
2.447185e+03 
2.447185e+03 
2.447185e+03 
2.447185e+03 
2.447185e+03 
2.447185e+03 
2.447185e+03 
2.447185e+03 
2.447185e+03 
2.447185e+03 
2.447185e+03 
2.447185e+03 
2.447185e+03 
2.447185e+03 
2.447185e+03 
2.447185e+03 
2.447185e+03 
2.443334e+03 
2.443334e+03 
2.443334e+03 
2.439416e+03 
2.439416e+03 
2.439416e+03 
2.439416e+03 
2.439416e+03 
2.439416e+03 
2.439416e+03 
2.439416e+03 
2.439416e+03 
2.439416e+03 
2.439416e+03 
2.437175e+03 
2.437175e+03 
2.437175e+03 
2.437175e+03 
2.437175e+03 
2.436945e+03 
2.436945e+03 
2.436945e+03 
2.436945e+03 
2.436945e+03 
2.436945e+03 
2.436741e+03 
2.436741e+03 
2.436741e+03 
2.436741e+03 
2.436741e+03 
2.436741e+03 
2.436741e+03 
2.436741e+03 
2.436741e+03 
2.436729e+03 
2.436729e+03 
2.436729e+03 
2.436729e+03 
2.436729e+03 
2.436729e+03 
2.436729e+03 
2.436729e+03 
2.436729e+03 
2.436729e+03 
2.436729e+03 
2.436691e+03 
2.436691e+03 
2.436691e+03 
2.436657e+03 
2.436657e+03 
2.436657e+03 
2.436657e+03 
2.436657e+03 
2.436657e+03 
2.436657e+03 
2.436657e+03 
2.436577e+03 
2.436577e+03 
2.436577e+03 
2.436577e+03 
2.436577e+03 
2.436577e+03 
2.436577e+03 
2.436563e+03 
2.436563e+03 
2.436563e+03 
2.436560e+03 
2.436560e+03 
2.436560e+03 
2.436560e+03 
2.436560e+03 
2.436560e+03 
2.436560e+03 
2.436560e+03 
2.436560e+03 
2.436560e+03 
2.436560e+03 
2.436560e+03 
2.436560e+03 
2.436560e+03 
2.436560e+03 
2.436560e+03 
2.436560e+03 
2.436560e+03 
2.436560e+03 
2.436560e+03 
2.436560e+03 
2.436560e+03 
2.436560e+03 
2.436560e+03 
2.436560e+03 
2.436560e+03 
2.436560e+03 
2.436560e+03 
2.436560e+03 
2.436560e+03 
2.436560e+03 
2.436559e+03 
2.436559e+03 
2.436559e+03 
2.436559e+03 
2.436558e+03 
2.436554e+03 
2.436551e+03 
2.436550e+03 
2.436549e+03 
2.436548e+03 
2.436548e+03 
2.436548e+03 
2.436548e+03 
2.436548e+03 
2.436547e+03 
2.436547e+03 
2.436547e+03 
2.436547e+03 
2.436547e+03 
2.436547e+03 
2.436547e+03 
2.436547e+03 
2.436547e+03 
2.436547e+03 
2.436547e+03 
2.436547e+03 
2.436547e+03 
2.436547e+03 
2.436547e+03 
2.436547e+03 
2.436547e+03 
2.436547e+03 
2.436547e+03 
2.436547e+03 
2.436547e+03 
2.436547e+03 
2.436547e+03 
2.436547e+03 
2.436547e+03 
2.436547e+03 
2.436547e+03 
2.436547e+03 
2.436547e+03 
2.436547e+03 
2.436547e+03 
2.436547e+03 
2.436547e+03 
2.436547e+03 
2.436547e+03 
2.436547e+03 
2.436547e+03 
2.436547e+03 
2.436547e+03 
2.436547e+03 
2.436547e+03 
2.436547e+03 
2.436547e+03 
2.436547e+03 
2.436547e+03 
2.436547e+03 
2.436547e+03 
2.436547e+03 
2.436547e+03 
2.436547e+03 
2.436547e+03 
2.436547e+03 
2.436547e+03 
2.436547e+03 
2.436547e+03 
2.436547e+03 
2.436547e+03 
2.436547e+03 
2.436547e+03 
2.436547e+03 
2.436547e+03 
2.436547e+03 
2.436547e+03 
2.436547e+03 
2.436547e+03 
2.436547e+03 
2.436547e+03 
2.436547e+03 
2.436547e+03 
2.436547e+03 
2.436547e+03 
2.436547e+03 
2.436547e+03 
2.436547e+03 
2.436547e+03 
2.436547e+03 
2.436547e+03 
2.436547e+03 
2.436547e+03 
2.436547e+03 
2.436547e+03 
2.436547e+03 
2.436547e+03 
2.436547e+03 
2.436547e+03 
2.436547e+03 
2.436547e+03 
2.436547e+03 
2.436547e+03 
2.436547e+03 
2.436547e+03 
2.436547e+03 
2.436547e+03 
2.436547e+03 
2.436547e+03 
2.436547e+03 
2.436547e+03 
2.436547e+03 
2.436547e+03 
2.436547e+03 
2.436547e+03 
2.436547e+03 
2.436547e+03 
2.436547e+03 
2.436547e+03 
2.436547e+03 
2.436547e+03 
2.436547e+03 
2.436547e+03 
2.436547e+03 
2.436547e+03 
2.436547e+03 
2.436547e+03 
2.436547e+03 
2.436547e+03 
2.436547e+03 
2.436547e+03 
2.436547e+03 
2.436547e+03 
2.436547e+03 
2.436547e+03 
2.436547e+03 
2.436547e+03 
2.436547e+03 
2.436547e+03 
2.436547e+03 
2.436547e+03 
2.436547e+03 
2.436547e+03 
2.436547e+03 
2.436547e+03 
2.436547e+03 
2.436547e+03 
2.436547e+03 
2.436547e+03 
2.436547e+03 
2.436547e+03 
2.436547e+03 
2.436547e+03 
2.436547e+03 
2.436547e+03 
2.436547e+03 
2.436547e+03 
2.436547e+03 
2.436547e+03 
2.436547e+03 
2.436547e+03 
2.436547e+03 
2.436547e+03 
2.436547e+03 
2.436547e+03 
2.436547e+03 
2.436547e+03 
2.436547e+03 
2.436547e+03 
2.436547e+03 
2.436547e+03 
2.436547e+03 
2.436547e+03 
2.436547e+03 
2.436547e+03 
2.436547e+03 
2.436547e+03 
2.436547e+03 
2.436547e+03 
2.436547e+03 
2.436547e+03 
2.436547e+03 
2.436547e+03 
2.436547e+03 
2.436547e+03 
2.436547e+03 
2.436547e+03 
2.436547e+03 
2.436547e+03 
2.436547e+03 
2.436547e+03 
2.436547e+03 
2.436547e+03 
2.436547e+03 
2.436547e+03 
2.436547e+03 
2.436547e+03 
2.436547e+03 
2.436547e+03 
2.436547e+03 
2.436547e+03 
2.436547e+03 
2.436547e+03 
2.436547e+03 
2.436547e+03 
2.436547e+03 
2.436547e+03 
2.436547e+03 
2.436547e+03 
2.436547e+03 
2.436547e+03 
2.436547e+03 
2.436547e+03 
2.436547e+03 
2.436547e+03 
2.436547e+03 
2.436547e+03 
2.436547e+03 
2.436547e+03 
2.436547e+03 
2.436547e+03 
2.436547e+03 
2.436547e+03 
2.436547e+03 
2.436547e+03 
2.436547e+03 
2.436547e+03 
2.436547e+03 
2.436547e+03 
2.436547e+03 
2.436547e+03 
2.436547e+03 
2.436547e+03 
2.436547e+03 
2.436547e+03 
2.436547e+03 
2.436547e+03 
2.436547e+03 
2.436547e+03 
2.436547e+03 
2.436547e+03 
2.436547e+03 
2.436547e+03 
2.436547e+03 
2.436547e+03 
2.436547e+03 
2.436547e+03 
2.436547e+03 
2.436547e+03 
2.436547e+03 
2.436547e+03 
2.436547e+03 
2.436547e+03 
2.436547e+03 
2.436547e+03 
2.436547e+03 
2.436547e+03 
2.436547e+03 
2.436547e+03 
2.436547e+03 
2.436547e+03 
2.436547e+03 
2.436547e+03 
2.436547e+03 
2.436547e+03 
2.436547e+03 
2.436547e+03 
2.436547e+03 
2.436547e+03 
2.436547e+03 
2.436547e+03 
2.436547e+03 
2.436547e+03 
2.436547e+03 
2.436547e+03 
2.436547e+03 
2.436547e+03 
2.436547e+03 
2.436547e+03 
2.436547e+03 
2.436547e+03 
2.436547e+03 
2.436547e+03 
2.436547e+03 
2.436547e+03 
2.436547e+03 
2.436547e+03 
2.436547e+03 
2.436547e+03 
2.436547e+03 
2.436547e+03 
2.436547e+03 
2.436547e+03 
2.436547e+03 
2.436547e+03 
2.436547e+03 
2.436547e+03 
2.436547e+03 
2.436547e+03 
2.436547e+03 
2.436547e+03 
2.436547e+03 
2.436547e+03 
2.436547e+03 
2.436547e+03 
2.436547e+03 
2.436547e+03 
2.436547e+03 
2.436547e+03 
2.436547e+03 
2.436547e+03 
2.436547e+03 
2.436547e+03 
2.436547e+03 
2.436547e+03 
2.436547e+03 
2.436547e+03 
2.436547e+03 
2.436547e+03 
2.436547e+03 
2.436547e+03 
2.436547e+03 
2.436547e+03 
2.436547e+03 
2.436547e+03 
2.436547e+03 
2.436547e+03 
2.436547e+03 
2.436547e+03 
2.436547e+03 
2.436547e+03 
2.436547e+03 
2.436547e+03 
2.436547e+03 
2.436547e+03 
2.436547e+03 
2.436547e+03 
2.436547e+03 
2.436547e+03 
2.436547e+03 
2.436547e+03 
2.436547e+03 
2.436547e+03 
2.436547e+03 
2.436547e+03 
2.436547e+03 
2.436547e+03 
2.436547e+03 
2.436547e+03 
2.436547e+03 
2.436547e+03 
2.436547e+03 
2.436547e+03 
2.436547e+03 
2.436547e+03 
2.436547e+03 
2.436547e+03 
2.436547e+03 
2.436547e+03 
2.436547e+03 
2.436547e+03 
2.436547e+03 
2.436547e+03 
2.436547e+03 
2.436547e+03 
2.436547e+03 
2.436547e+03 
2.436547e+03 
2.436547e+03 
2.436547e+03 
2.436547e+03 
2.436547e+03 
2.436547e+03 
2.436547e+03 
2.436547e+03 
2.436547e+03 
2.436547e+03 
2.436547e+03 
2.436547e+03 
2.436547e+03 
2.436547e+03 
2.436547e+03 
2.436547e+03 
2.436547e+03 
2.436547e+03 
2.436547e+03 
2.436547e+03 
2.436547e+03 
2.436547e+03 
2.436547e+03 
2.436547e+03 
2.436547e+03 
2.436547e+03 
2.436547e+03 
2.436547e+03 
2.436547e+03 
2.436547e+03 
2.436547e+03 
2.436547e+03 
2.436547e+03 
2.436547e+03 
2.436547e+03 
2.436547e+03 
2.436547e+03 
2.436547e+03 
2.436547e+03 
2.436547e+03 
2.436547e+03 
2.436547e+03 
2.436547e+03 
2.436547e+03 
2.436547e+03 
2.436547e+03 
2.436547e+03 
2.436547e+03 
2.436547e+03 
2.436547e+03 
2.436547e+03 
2.436547e+03 
2.436547e+03 
2.436547e+03 
2.436547e+03 
2.436547e+03 
2.436547e+03 
2.436547e+03 
2.436547e+03 
2.436547e+03 
2.436547e+03 
2.436547e+03 
2.436547e+03 
2.436547e+03 
2.436547e+03 
2.436547e+03 
2.436547e+03 
2.436547e+03 
2.436547e+03 
2.436547e+03 
2.436547e+03 
2.436547e+03 
2.436547e+03 
2.436547e+03 
2.436547e+03 
2.436547e+03 
2.436547e+03 
2.436547e+03 
2.436547e+03 
2.436547e+03 
2.436547e+03 
2.436547e+03 
2.436547e+03 
2.436547e+03 
2.436547e+03 
2.436547e+03 
2.436547e+03 
2.436547e+03 
2.436547e+03 
2.436547e+03 
2.436547e+03 
2.436547e+03 
2.436547e+03 
2.436547e+03 
2.436547e+03 
2.436547e+03 
2.436547e+03 
2.436547e+03 
2.436547e+03 
2.436547e+03 
2.436547e+03 
2.436547e+03 
2.436547e+03 
2.436547e+03 
2.436547e+03 
2.436547e+03 
2.436547e+03 
2.436547e+03 
2.436547e+03 
2.436547e+03 
2.436547e+03 
2.436547e+03 
2.436547e+03 
2.436547e+03 
2.436547e+03 
2.436547e+03 
2.436547e+03 
2.436547e+03 
2.436547e+03 
2.436547e+03 
2.436547e+03 
2.436547e+03 
2.436547e+03 
2.436547e+03 
2.436547e+03 
2.436547e+03 
2.436547e+03 
2.436547e+03 
2.436547e+03 
2.436547e+03 
2.436547e+03 
2.436547e+03 
2.436547e+03 
2.436547e+03 
2.436547e+03 
2.436547e+03 
2.436547e+03 
2.436547e+03 
2.436547e+03 
2.436547e+03 
2.436547e+03 
2.436547e+03 
2.436547e+03 
2.436547e+03 
2.436547e+03 
2.436547e+03 
2.436547e+03 
2.436547e+03 
2.436547e+03 
2.436547e+03 
2.436547e+03 
2.436547e+03 
2.436547e+03 
2.436547e+03 
2.436547e+03 
2.436547e+03 
2.436547e+03 
2.436547e+03 
2.436547e+03 
2.436547e+03 
2.436547e+03 
2.436547e+03 
2.436547e+03 
2.436547e+03 
2.436547e+03 
2.436547e+03 
2.436547e+03 
2.436547e+03 
2.436547e+03 
2.436547e+03 
2.436547e+03 
2.436547e+03 
2.436547e+03 
2.436547e+03 
2.436547e+03 
2.436547e+03 
2.436547e+03 
2.436547e+03 
2.436547e+03 
2.436547e+03 
2.436547e+03 
2.436547e+03 
2.436547e+03 
2.436547e+03 
2.436547e+03 
2.436547e+03 
2.436547e+03 
2.436547e+03 
2.436547e+03 
2.436547e+03 
2.436547e+03 
2.436547e+03 
2.436547e+03 
2.436547e+03 
2.436547e+03 
2.436547e+03 
2.436547e+03 
2.436547e+03 
2.436547e+03 
2.436547e+03 
2.436547e+03 
2.436547e+03 
2.436547e+03 
2.436547e+03 
2.436547e+03 
2.436547e+03 
2.436547e+03 
2.436547e+03 
2.436547e+03 
2.436547e+03 
2.436547e+03 
2.436547e+03 
2.436547e+03 
2.436547e+03 
2.436547e+03 
2.436547e+03 
2.436547e+03 
2.436547e+03 
2.436547e+03 
2.436547e+03 
2.436547e+03 
2.436547e+03 
2.436547e+03 
2.436547e+03 
2.436547e+03 
2.436547e+03 
2.436547e+03 
2.436547e+03 
2.436547e+03 
2.436547e+03 
2.436547e+03 
2.436547e+03 
2.436547e+03 
2.436547e+03 
2.436547e+03 
2.436547e+03 
2.436547e+03 
2.436547e+03 
2.436547e+03 
2.436547e+03 
2.436547e+03 
2.436547e+03 
2.436547e+03 
2.436547e+03 
2.436547e+03 
2.436547e+03 
2.436547e+03 
2.436547e+03 
2.436547e+03 
2.436547e+03 
2.436547e+03 
2.436547e+03 
2.436547e+03 
2.436547e+03 
2.436547e+03 
2.436547e+03 
2.436547e+03 
2.436547e+03 
2.436547e+03 
2.436547e+03 
2.436547e+03 
2.436547e+03 
2.436547e+03 
2.436547e+03 
2.436547e+03 
2.436547e+03 
2.436547e+03 
2.436547e+03 
2.436547e+03 
2.436547e+03 
2.436547e+03 
2.436547e+03 
2.436547e+03 
2.436547e+03 
2.436547e+03 
2.436547e+03 
2.436547e+03 
2.436547e+03 
2.436547e+03 
2.436547e+03 
2.436547e+03 
2.436547e+03 
2.436547e+03 
2.436547e+03 
2.436547e+03 
2.436547e+03 
2.436547e+03 
2.436547e+03 
2.436547e+03 
2.436547e+03 
2.436547e+03 
2.436547e+03 
2.436547e+03 
2.436547e+03 
2.436547e+03 
2.436547e+03 
2.436547e+03 
2.436547e+03 
2.436547e+03 
2.436547e+03 
2.436547e+03 
2.436547e+03 
2.436547e+03 
2.436547e+03 
2.436547e+03 
2.436547e+03 
2.436547e+03 
2.436547e+03 
2.436547e+03 
2.436547e+03 
2.436547e+03 
2.436547e+03 
2.436547e+03 
2.436547e+03 
2.436547e+03 
2.436547e+03 
2.436547e+03 
2.436547e+03 
2.436547e+03 
2.436547e+03 
2.436547e+03 
2.436547e+03 
2.436547e+03 
2.436547e+03 
2.436547e+03 
2.436547e+03 
2.436547e+03 
2.436547e+03 
2.436547e+03 
2.436547e+03 
2.436547e+03 
2.436547e+03 
2.436547e+03 
2.436547e+03 
2.436547e+03 
2.436547e+03 
2.436547e+03 
2.436547e+03 
2.436547e+03 
2.436547e+03 
2.436547e+03 
2.436547e+03 
2.436547e+03 
2.436547e+03 
2.436547e+03 
2.436547e+03 
2.436547e+03 
2.436547e+03 
2.436547e+03 
2.436547e+03 
2.436547e+03 
2.436547e+03 
2.436547e+03 
2.436547e+03 
2.436547e+03 
2.436547e+03 
2.436547e+03 
2.436547e+03 
2.436547e+03 
2.436547e+03 
2.436547e+03 
2.436547e+03 
2.436547e+03 
2.436547e+03 
2.436547e+03 
2.436547e+03 
2.436547e+03 
2.436547e+03 
2.436547e+03 
2.436547e+03 
2.436547e+03 
2.436547e+03 
2.436547e+03 
2.436547e+03 
2.436547e+03 
2.436547e+03 
2.436547e+03 
2.436547e+03 
2.436547e+03 
2.436547e+03 
2.436547e+03 
2.436547e+03 
2.436547e+03 
2.436547e+03 
2.436547e+03 
2.436547e+03 
2.436547e+03 
2.436547e+03 
2.436547e+03 
2.436547e+03 
2.436547e+03 
2.436547e+03 
2.436547e+03 
2.436547e+03 
2.436547e+03 
2.436547e+03 
2.436547e+03 
2.436547e+03 
2.436547e+03 
2.436547e+03 
2.436547e+03 
2.436547e+03 
2.436547e+03 
2.436547e+03 
2.436547e+03 
2.436547e+03 
2.436547e+03 
2.436547e+03 
2.436547e+03 
2.436547e+03 
2.436547e+03 
2.436547e+03 
2.436547e+03 
2.436547e+03 
2.436547e+03 
2.436547e+03 
2.436547e+03 
2.436547e+03 
2.436547e+03 
2.436547e+03 
2.436547e+03 
2.436547e+03 
2.436547e+03 
2.436547e+03 
2.436547e+03 
2.436547e+03 
2.436547e+03 
2.436547e+03 
2.436547e+03 
2.436547e+03 
2.436547e+03 
2.436547e+03 
2.436547e+03 
2.436547e+03 
2.436547e+03 
2.436547e+03 
2.436547e+03 
2.436547e+03 
2.436547e+03 
2.436547e+03 
2.436547e+03 
2.436547e+03 
2.436547e+03 
2.436547e+03 
2.436547e+03 
2.436547e+03 
2.436547e+03 
2.436547e+03 
2.436547e+03 
2.436547e+03 
2.436547e+03 
2.436547e+03 
2.436547e+03 
2.436547e+03 
2.436547e+03 
2.436547e+03 
2.436547e+03 
2.436547e+03 
2.436547e+03 
2.436547e+03 
2.436547e+03 
2.436547e+03 
2.436547e+03 
2.436547e+03 
2.436547e+03 
2.436547e+03 
2.436547e+03 
2.436547e+03 
2.436547e+03 
2.436547e+03 
2.436547e+03 
2.436547e+03 
2.436547e+03 
2.436547e+03 
2.436547e+03 
2.436547e+03 
2.436547e+03 
2.436547e+03 
2.436547e+03 
2.436547e+03 
2.436547e+03 
2.436547e+03 
2.436547e+03 
2.436547e+03 
2.436547e+03 
2.436547e+03 
2.436547e+03 
2.436547e+03 
2.436547e+03 
2.436547e+03 
2.436547e+03 
2.436547e+03 
2.436547e+03 
2.436547e+03 
2.436547e+03 
2.436547e+03 
2.436547e+03 
2.436547e+03 
2.436547e+03 
2.436547e+03 
2.436547e+03 
2.436547e+03 
2.436547e+03 
2.436547e+03 
2.436547e+03 
2.436547e+03 
2.436547e+03 
2.436547e+03 
2.436547e+03 
2.436547e+03 
2.436547e+03 
2.436547e+03 
2.436547e+03 
2.436547e+03 
2.436547e+03 
2.436547e+03 
2.432063e+03 
2.432063e+03 
2.432063e+03 
2.432063e+03 
2.432063e+03 
2.432063e+03 
2.432063e+03 
2.432063e+03 
2.432063e+03 
2.432063e+03 
2.432063e+03 
2.432063e+03 
2.432063e+03 
2.432063e+03 
2.432063e+03 
2.432063e+03 
2.432063e+03 
2.432063e+03 
2.432063e+03 
2.432063e+03 
2.432063e+03 
2.432063e+03 
2.432063e+03 
2.432063e+03 
2.432063e+03 
2.432063e+03 
2.432063e+03 
2.432063e+03 
2.432063e+03 
2.432063e+03 
2.432063e+03 
2.432063e+03 
2.432063e+03 
2.432063e+03 
2.432063e+03 
2.432063e+03 
2.432063e+03 
2.432063e+03 
2.432063e+03 
2.432063e+03 
2.432063e+03 
2.432063e+03 
2.432063e+03 
2.432063e+03 
2.432063e+03 
2.432063e+03 
2.432063e+03 
2.432063e+03 
2.432063e+03 
2.432063e+03 
2.432063e+03 
2.432063e+03 
2.432063e+03 
2.432063e+03 
2.432063e+03 
2.432063e+03 
2.432063e+03 
2.432063e+03 
2.432063e+03 
2.432063e+03 
2.432063e+03 
2.432063e+03 
2.432063e+03 
2.432063e+03 
2.432063e+03 
2.432063e+03 
2.416038e+03 
2.416038e+03 
2.416038e+03 
2.416038e+03 
2.416038e+03 
2.416038e+03 
2.416038e+03 
2.416038e+03 
2.416038e+03 
2.416038e+03 
2.416038e+03 
2.416038e+03 
2.416038e+03 
2.416038e+03 
2.416038e+03 
2.416038e+03 
2.416038e+03 
2.416038e+03 
2.416038e+03 
2.416038e+03 
2.416038e+03 
2.416038e+03 
2.416038e+03 
2.416038e+03 
2.416038e+03 
2.416038e+03 
2.416038e+03 
2.416038e+03 
2.416038e+03 
2.416038e+03 
2.416038e+03 
2.416038e+03 
2.416038e+03 
2.416038e+03 
2.416038e+03 
2.416038e+03 
2.416038e+03 
2.416038e+03 
2.416038e+03 
2.416038e+03 
2.416038e+03 
2.416038e+03 
2.416038e+03 
2.416038e+03 
2.416038e+03 
2.416038e+03 
2.416038e+03 
2.416038e+03 
2.416038e+03 
2.416038e+03 
2.416038e+03 
2.416038e+03 
2.416038e+03 
2.416038e+03 
2.416038e+03 
2.416038e+03 
2.416038e+03 
2.416038e+03 
2.416038e+03 
2.416038e+03 
2.416038e+03 
2.416038e+03 
2.416038e+03 
2.416038e+03 
2.416038e+03 
2.416038e+03 
2.416038e+03 
2.416038e+03 
2.416038e+03 
2.416038e+03 
2.416038e+03 
2.416038e+03 
2.416038e+03 
2.416038e+03 
2.416038e+03 
2.416038e+03 
2.416038e+03 
2.416038e+03 
2.416038e+03 
2.416038e+03 
2.416038e+03 
2.416038e+03 
2.416038e+03 
2.416038e+03 
2.416038e+03 
2.416038e+03 
2.416038e+03 
2.416038e+03 
2.416038e+03 
2.416038e+03 
2.416038e+03 
2.416038e+03 
2.416038e+03 
2.416038e+03 
2.416038e+03 
2.416038e+03 
2.416038e+03 
2.416038e+03 
2.416038e+03 
2.416038e+03 
2.416038e+03 
2.416038e+03 
2.416038e+03 
2.416038e+03 
2.416038e+03 
2.416038e+03 
2.416038e+03 
2.416038e+03 
2.416038e+03 
2.416038e+03 
2.416038e+03 
2.416038e+03 
2.416038e+03 
2.416038e+03 
2.416038e+03 
2.416038e+03 
2.416038e+03 
2.416038e+03 
2.416038e+03 
2.416038e+03 
2.416038e+03 
2.416038e+03 
2.416038e+03 
2.416038e+03 
2.416038e+03 
2.416038e+03 
2.416038e+03 
2.416038e+03 
2.416038e+03 
2.416038e+03 
2.416038e+03 
2.416038e+03 
2.416038e+03 
2.416038e+03 
2.416038e+03 
2.416038e+03 
2.416038e+03 
2.416038e+03 
2.416038e+03 
2.416038e+03 
2.416038e+03 
2.416038e+03 
2.410282e+03 
2.391603e+03 
2.391603e+03 
2.391603e+03 
2.391603e+03 
2.391603e+03 
2.391603e+03 
2.391603e+03 
2.391180e+03 
2.390125e+03 
2.390125e+03 
2.390086e+03 
2.390081e+03 
2.390081e+03 
2.390081e+03 
2.389910e+03 
2.389770e+03 
2.389669e+03 
2.389599e+03 
2.389552e+03 
2.389520e+03 
2.389499e+03 
2.389485e+03 
2.389475e+03 
2.389469e+03 
2.389465e+03 
2.389462e+03 
2.389460e+03 
2.389459e+03 
2.389458e+03 
2.389458e+03 
2.389457e+03 
2.389457e+03 
2.389457e+03 
2.389457e+03 
2.389457e+03 
2.389457e+03 
2.389457e+03 
2.389457e+03 
2.389457e+03 
2.389457e+03 
2.389457e+03 
2.389457e+03 
2.389457e+03 
2.389457e+03 
2.389457e+03 
2.389457e+03 
2.389457e+03 
2.389457e+03 
2.389457e+03 
2.389457e+03 
2.389457e+03 
2.389457e+03 
2.389457e+03 
2.389457e+03 
2.389457e+03 
2.389457e+03 
2.348411e+03 
2.348411e+03 
2.348411e+03 
2.348411e+03 
2.348411e+03 
2.348411e+03 
2.348411e+03 
2.348411e+03 
2.348411e+03 
2.348411e+03 
2.348411e+03 
2.348411e+03 
2.348411e+03 
2.348411e+03 
2.348411e+03 
2.348411e+03 
2.348411e+03 
2.348411e+03 
2.348411e+03 
2.348411e+03 
2.348411e+03 
2.348411e+03 
2.348411e+03 
2.348411e+03 
2.348411e+03 
2.348411e+03 
2.348411e+03 
2.348411e+03 
2.348411e+03 
2.348411e+03 
2.348411e+03 
2.348411e+03 
2.348411e+03 
2.348411e+03 
2.348411e+03 
2.348411e+03 
2.348411e+03 
2.348411e+03 
2.348411e+03 
2.348411e+03 
2.348411e+03 
2.348411e+03 
2.348411e+03 
2.348411e+03 
2.348411e+03 
2.348411e+03 
2.348411e+03 
2.348411e+03 
2.348411e+03 
2.324287e+03 
2.324287e+03 
2.324287e+03 
2.324287e+03 
2.324287e+03 
2.324287e+03 
2.324287e+03 
2.324287e+03 
2.324287e+03 
2.324287e+03 
2.324287e+03 
2.324287e+03 
2.324287e+03 
2.324287e+03 
2.324287e+03 
2.324287e+03 
2.324287e+03 
2.324287e+03 
2.324287e+03 
2.324287e+03 
2.324287e+03 
2.324287e+03 
2.322026e+03 
2.322026e+03 
2.322026e+03 
2.322026e+03 
2.322026e+03 
2.322026e+03 
2.322026e+03 
2.322026e+03 
2.322026e+03 
2.322026e+03 
2.322026e+03 
2.322026e+03 
2.313391e+03 
2.313391e+03 
2.313391e+03 
2.313391e+03 
2.313391e+03 
2.313391e+03 
2.312049e+03 
2.312049e+03 
2.311376e+03 
2.311026e+03 
2.311026e+03 
2.311026e+03 
2.310969e+03 
2.310969e+03 
2.310969e+03 
2.310969e+03 
2.310969e+03 
2.310969e+03 
2.310969e+03 
2.310969e+03 
2.310969e+03 
2.310969e+03 
2.310969e+03 
2.310950e+03 
2.310950e+03 
2.310950e+03 
2.310950e+03 
2.310950e+03 
2.310950e+03 
2.310950e+03 
2.310950e+03 
2.310721e+03 
2.310721e+03 
2.310640e+03 
2.310640e+03 
2.310640e+03 
2.310640e+03 
2.310539e+03 
2.310399e+03 
2.310357e+03 
2.310351e+03 
2.310351e+03 
2.310351e+03 
2.310351e+03 
2.310351e+03 
2.310351e+03 
2.310351e+03 
2.310275e+03 
2.310185e+03 
2.310126e+03 
2.310087e+03 
2.310061e+03 
2.310044e+03 
2.310033e+03 
2.310026e+03 
2.310021e+03 
2.310018e+03 
2.310016e+03 
2.310015e+03 
2.310014e+03 
2.310013e+03 
2.310013e+03 
2.310013e+03 
2.310012e+03 
2.310012e+03 
2.310012e+03 
2.310012e+03 
2.310012e+03 
2.310012e+03 
2.310012e+03 
2.310012e+03 
2.310012e+03 
2.310012e+03 
2.310012e+03 
2.310012e+03 
2.310012e+03 
2.310012e+03 
2.310012e+03 
2.310012e+03 
2.310012e+03 
2.310012e+03 
2.310012e+03 
2.310012e+03 
2.310012e+03 
2.310012e+03 
2.310012e+03 
2.310012e+03 
2.310012e+03 
2.310012e+03 
2.310012e+03 
2.310012e+03 
2.310012e+03 
2.310012e+03 
2.310012e+03 
2.310012e+03 
2.310012e+03 
2.310012e+03 
2.310012e+03 
2.310012e+03 
2.310012e+03 
2.310012e+03 
2.310012e+03 
2.310012e+03 
2.310012e+03 
2.310012e+03 
2.310012e+03 
2.310012e+03 
2.310012e+03 
2.310012e+03 
2.310012e+03 
2.310012e+03 
2.310012e+03 
2.310012e+03 
2.310012e+03 
2.310012e+03 
2.310012e+03 
2.310012e+03 
2.310012e+03 
2.310012e+03 
2.310012e+03 
2.310012e+03 
2.310012e+03 
2.310012e+03 
2.310012e+03 
2.310012e+03 
2.310012e+03 
2.310012e+03 
2.310012e+03 
2.310012e+03 
2.310012e+03 
2.310012e+03 
2.310012e+03 
2.310012e+03 
2.310012e+03 
2.310012e+03 
2.310012e+03 
2.310012e+03 
2.310012e+03 
2.310012e+03 
2.310012e+03 
2.310012e+03 
2.310012e+03 
2.310012e+03 
2.310012e+03 
2.310012e+03 
2.310012e+03 
2.310012e+03 
2.310012e+03 
2.310012e+03 
2.310012e+03 
2.310012e+03 
2.310012e+03 
2.310012e+03 
2.310012e+03 
2.310012e+03 
2.310012e+03 
2.310012e+03 
2.310012e+03 
2.310012e+03 
2.310012e+03 
2.310012e+03 
2.310012e+03 
2.310012e+03 
2.310012e+03 
2.310012e+03 
2.310012e+03 
2.310012e+03 
2.310012e+03 
2.310012e+03 
2.310012e+03 
2.310012e+03 
2.310012e+03 
2.310012e+03 
2.310012e+03 
2.310012e+03 
2.310012e+03 
2.310012e+03 
2.310012e+03 
2.310012e+03 
2.310012e+03 
2.310012e+03 
2.310012e+03 
2.310012e+03 
2.310012e+03 
2.310012e+03 
2.310012e+03 
2.310012e+03 
2.310012e+03 
2.310012e+03 
2.310012e+03 
2.310012e+03 
2.310012e+03 
2.310012e+03 
2.310012e+03 
2.310012e+03 
2.310012e+03 
2.310012e+03 
2.310012e+03 
2.310012e+03 
2.310012e+03 
2.310012e+03 
2.310012e+03 
2.310012e+03 
2.310012e+03 
2.310012e+03 
2.310012e+03 
2.310012e+03 
2.310012e+03 
2.310012e+03 
2.310012e+03 
2.310012e+03 
2.310012e+03 
2.310012e+03 
2.310012e+03 
2.310012e+03 
2.310012e+03 
2.310012e+03 
2.310012e+03 
2.310012e+03 
2.310012e+03 
2.310012e+03 
2.310012e+03 
2.310012e+03 
2.310012e+03 
2.310012e+03 
2.310012e+03 
2.310012e+03 
2.310012e+03 
2.310012e+03 
2.310012e+03 
2.310012e+03 
2.310012e+03 
2.310012e+03 
2.310012e+03 
2.310012e+03 
2.310012e+03 
2.310012e+03 
2.310012e+03 
2.310012e+03 
2.310012e+03 
2.310012e+03 
2.310012e+03 
2.310012e+03 
2.310012e+03 
2.310012e+03 
2.310012e+03 
2.310012e+03 
2.310012e+03 
2.310012e+03 
2.310012e+03 
2.310012e+03 
2.310012e+03 
2.310012e+03 
2.310012e+03 
2.310012e+03 
2.310012e+03 
2.310012e+03 
2.310012e+03 
2.310012e+03 
2.310012e+03 
2.310012e+03 
2.310012e+03 
2.310012e+03 
2.310012e+03 
2.310012e+03 
2.310012e+03 
2.310012e+03 
2.310012e+03 
2.310012e+03 
2.310012e+03 
2.310012e+03 
2.310012e+03 
2.310012e+03 
2.310012e+03 
2.310012e+03 
2.310012e+03 
2.310012e+03 
2.310012e+03 
2.310012e+03 
2.310012e+03 
2.310012e+03 
2.310012e+03 
2.310012e+03 
2.310012e+03 
2.310012e+03 
2.310012e+03 
2.310012e+03 
2.310012e+03 
2.310012e+03 
2.310012e+03 
2.310012e+03 
2.310012e+03 
2.310012e+03 
2.310012e+03 
2.310012e+03 
2.310012e+03 
2.310012e+03 
2.310012e+03 
2.310012e+03 
2.310012e+03 
2.310012e+03 
2.310012e+03 
2.310012e+03 
2.310012e+03 
2.310012e+03 
2.310012e+03 
2.310012e+03 
2.310012e+03 
2.310012e+03 
2.310012e+03 
2.310012e+03 
2.310012e+03 
2.310012e+03 
2.310012e+03 
2.310012e+03 
2.310012e+03 
2.310012e+03 
2.310012e+03 
2.310012e+03 
2.310012e+03 
2.310012e+03 
2.310012e+03 
2.310012e+03 
2.310012e+03 
2.310012e+03 
2.310012e+03 
2.310012e+03 
2.310012e+03 
2.310012e+03 
2.310012e+03 
2.310012e+03 
2.310012e+03 
2.310012e+03 
2.310012e+03 
2.310012e+03 
2.310012e+03 
2.310012e+03 
2.310012e+03 
2.310012e+03 
2.310012e+03 
2.310012e+03 
2.310012e+03 
2.310012e+03 
2.310012e+03 
2.310012e+03 
2.310012e+03 
2.310012e+03 
2.310012e+03 
2.310012e+03 
2.310012e+03 
2.310012e+03 
2.310012e+03 
2.310012e+03 
2.310012e+03 
2.310012e+03 
2.310012e+03 
2.310012e+03 
2.310012e+03 
2.310012e+03 
2.310012e+03 
2.310012e+03 
2.310012e+03 
2.310012e+03 
2.310012e+03 
2.310012e+03 
2.310012e+03 
2.310012e+03 
2.310012e+03 
2.310012e+03 
2.302926e+03 
2.302926e+03 
2.302926e+03 
2.302926e+03 
2.302926e+03 
2.302926e+03 
2.302926e+03 
2.302926e+03 
2.302926e+03 
2.302926e+03 
2.302926e+03 
2.302926e+03 
2.302926e+03 
2.302926e+03 
2.302926e+03 
2.302926e+03 
2.302926e+03 
2.302926e+03 
2.302926e+03 
2.302926e+03 
2.302926e+03 
2.302926e+03 
2.302926e+03 
2.302926e+03 
2.302926e+03 
2.302926e+03 
2.302926e+03 
2.302926e+03 
2.302926e+03 
2.302926e+03 
2.302926e+03 
2.302926e+03 
2.302926e+03 
2.302926e+03 
2.302926e+03 
2.302926e+03 
2.302926e+03 
2.302926e+03 
2.302926e+03 
2.302926e+03 
2.302926e+03 
2.302926e+03 
2.302926e+03 
2.302926e+03 
2.302926e+03 
2.302926e+03 
2.302926e+03 
2.302926e+03 
2.302926e+03 
2.302926e+03 
2.302926e+03 
2.302926e+03 
2.302926e+03 
2.302926e+03 
2.302926e+03 
2.302926e+03 
2.302926e+03 
2.302926e+03 
2.302926e+03 
2.302926e+03 
2.302926e+03 
2.302926e+03 
2.302926e+03 
2.302926e+03 
2.302926e+03 
2.302926e+03 
2.302926e+03 
2.302926e+03 
2.302926e+03 
2.302926e+03 
2.302926e+03 
2.302926e+03 
2.283964e+03 
2.283964e+03 
2.283964e+03 
2.283964e+03 
2.283964e+03 
2.283964e+03 
2.283964e+03 
2.283964e+03 
2.283964e+03 
2.283964e+03 
2.283964e+03 
2.283964e+03 
2.283964e+03 
2.283964e+03 
2.283964e+03 
2.283964e+03 
2.283964e+03 
2.283964e+03 
2.283964e+03 
2.283964e+03 
2.283964e+03 
2.283964e+03 
2.283964e+03 
2.283964e+03 
2.283964e+03 
2.283964e+03 
2.283964e+03 
2.283964e+03 
2.283964e+03 
2.283964e+03 
2.283964e+03 
2.283964e+03 
2.283964e+03 
2.283964e+03 
2.283964e+03 
2.283964e+03 
2.283964e+03 
2.283964e+03 
2.283964e+03 
2.283964e+03 
2.283964e+03 
2.283964e+03 
2.283964e+03 
2.283964e+03 
2.283964e+03 
2.283964e+03 
2.283964e+03 
2.283964e+03 
2.283964e+03 
2.283964e+03 
2.283756e+03 
2.283745e+03 
2.283745e+03 
2.283567e+03 
2.283567e+03 
2.283567e+03 
2.283494e+03 
2.283438e+03 
2.283424e+03 
2.283424e+03 
2.283424e+03 
2.283397e+03 
2.283367e+03 
2.283348e+03 
2.283337e+03 
2.283330e+03 
2.283325e+03 
2.283322e+03 
2.283321e+03 
2.283320e+03 
2.283319e+03 
2.283318e+03 
2.283318e+03 
2.283318e+03 
2.283318e+03 
2.283318e+03 
2.283318e+03 
2.283318e+03 
2.283318e+03 
2.283318e+03 
2.283318e+03 
2.283318e+03 
2.283318e+03 
2.283318e+03 
2.283318e+03 
2.283318e+03 
2.283318e+03 
2.283318e+03 
2.283318e+03 
2.283318e+03 
2.283318e+03 
2.283318e+03 
2.283318e+03 
2.283318e+03 
2.283318e+03 
2.283318e+03 
2.283318e+03 
2.283318e+03 
2.283318e+03 
2.283318e+03 
2.283318e+03 
2.283318e+03 
2.283318e+03 
2.283318e+03 
2.283318e+03 
2.283318e+03 
2.283318e+03 
2.283318e+03 
2.283318e+03 
2.283318e+03 
2.283318e+03 
2.283318e+03 
2.283318e+03 
2.283318e+03 
2.283318e+03 
2.283318e+03 
2.283318e+03 
2.283318e+03 
2.283318e+03 
2.283318e+03 
2.283318e+03 
2.283318e+03 
2.283318e+03 
2.283318e+03 
2.283318e+03 
2.283318e+03 
2.283318e+03 
2.283318e+03 
2.283318e+03 
2.283318e+03 
2.283318e+03 
2.283318e+03 
2.283318e+03 
2.283318e+03 
2.283318e+03 
2.283318e+03 
2.283318e+03 
2.283318e+03 
2.283318e+03 
2.283318e+03 
2.283318e+03 
2.283318e+03 
2.283318e+03 
2.283318e+03 
2.283318e+03 
2.283318e+03 
2.283318e+03 
2.283318e+03 
2.283318e+03 
2.283318e+03 
2.283318e+03 
2.283318e+03 
2.283318e+03 
2.283318e+03 
2.283318e+03 
2.283318e+03 
2.283318e+03 
2.283318e+03 
2.283318e+03 
2.283318e+03 
2.283318e+03 
2.283318e+03 
2.283318e+03 
2.283318e+03 
2.283318e+03 
2.283318e+03 
2.283318e+03 
2.283318e+03 
2.283318e+03 
2.283318e+03 
2.283318e+03 
2.283318e+03 
2.283318e+03 
2.283318e+03 
2.283318e+03 
2.283318e+03 
2.283318e+03 
2.283318e+03 
2.283318e+03 
2.283318e+03 
2.283318e+03 
2.283318e+03 
2.283318e+03 
2.283318e+03 
2.283318e+03 
2.283318e+03 
2.283318e+03 
2.283318e+03 
2.283318e+03 
2.283318e+03 
2.283318e+03 
2.283318e+03 
2.283318e+03 
2.283318e+03 
2.283318e+03 
2.283318e+03 
2.283318e+03 
2.283318e+03 
2.283318e+03 
2.283318e+03 
2.283318e+03 
2.283318e+03 
2.283318e+03 
2.283318e+03 
2.283318e+03 
2.283318e+03 
2.283318e+03 
2.283318e+03 
2.283318e+03 
2.283318e+03 
2.283318e+03 
2.283318e+03 
2.283318e+03 
2.283318e+03 
2.283318e+03 
2.283318e+03 
2.283318e+03 
2.283318e+03 
2.283318e+03 
2.283318e+03 
2.252339e+03 
2.252339e+03 
2.252339e+03 
2.252339e+03 
2.252339e+03 
2.252339e+03 
2.252339e+03 
2.252339e+03 
2.252339e+03 
2.252339e+03 
2.252339e+03 
2.252339e+03 
2.252339e+03 
2.252339e+03 
2.252339e+03 
2.252339e+03 
2.252339e+03 
2.252339e+03 
2.252339e+03 
2.252339e+03 
2.252339e+03 
2.252339e+03 
2.252339e+03 
2.252339e+03 
2.252339e+03 
2.252339e+03 
2.252339e+03 
2.252339e+03 
2.252339e+03 
2.252339e+03 
2.252339e+03 
2.252339e+03 
2.252339e+03 
2.252339e+03 
2.252339e+03 
2.252339e+03 
2.252339e+03 
2.252339e+03 
2.252339e+03 
2.252339e+03 
2.252339e+03 
2.252339e+03 
2.252339e+03 
2.252339e+03 
2.252339e+03 
2.252339e+03 
2.252339e+03 
2.252339e+03 
2.252339e+03 
2.252339e+03 
2.252339e+03 
2.251667e+03 
2.251667e+03 
2.251667e+03 
2.251667e+03 
2.251667e+03 
2.251667e+03 
2.251667e+03 
2.251667e+03 
2.251667e+03 
2.251667e+03 
2.251667e+03 
2.251667e+03 
2.251667e+03 
2.251140e+03 
2.250723e+03 
2.250723e+03 
2.250723e+03 
2.250677e+03 
2.250580e+03 
2.250533e+03 
2.250508e+03 
2.250493e+03 
2.250485e+03 
2.250480e+03 
2.250477e+03 
2.250475e+03 
2.250474e+03 
2.250473e+03 
2.250472e+03 
2.250472e+03 
2.250472e+03 
2.250472e+03 
2.250472e+03 
2.250472e+03 
2.250472e+03 
2.250472e+03 
2.250472e+03 
2.250472e+03 
2.250472e+03 
2.250472e+03 
2.250472e+03 
2.250472e+03 
2.250472e+03 
2.250472e+03 
2.250472e+03 
2.250472e+03 
2.250472e+03 
2.250472e+03 
2.250472e+03 
2.250472e+03 
2.250472e+03 
2.250472e+03 
2.250472e+03 
2.250472e+03 
2.250472e+03 
2.250472e+03 
2.250472e+03 
2.250472e+03 
2.250472e+03 
2.250472e+03 
2.250472e+03 
2.250472e+03 
2.250472e+03 
2.250472e+03 
2.250472e+03 
2.250472e+03 
2.250472e+03 
2.250472e+03 
2.250472e+03 
2.250472e+03 
2.250472e+03 
2.250472e+03 
2.250472e+03 
2.250472e+03 
2.250472e+03 
2.250472e+03 
2.250472e+03 
2.250472e+03 
2.250472e+03 
2.250472e+03 
2.250472e+03 
2.250472e+03 
2.250472e+03 
2.250472e+03 
2.250472e+03 
2.250472e+03 
2.250472e+03 
2.250472e+03 
2.250472e+03 
2.250472e+03 
2.250472e+03 
2.250472e+03 
2.250472e+03 
2.250472e+03 
2.250472e+03 
2.250472e+03 
2.250472e+03 
2.250472e+03 
2.250472e+03 
2.250472e+03 
2.250472e+03 
2.250472e+03 
2.250472e+03 
2.250472e+03 
2.250472e+03 
2.250472e+03 
2.250472e+03 
2.250472e+03 
2.250472e+03 
2.250472e+03 
2.250472e+03 
2.250472e+03 
2.250472e+03 
2.250472e+03 
2.250472e+03 
2.250472e+03 
2.250472e+03 
2.250472e+03 
2.250472e+03 
2.250472e+03 
2.250472e+03 
2.250472e+03 
2.250472e+03 
2.250472e+03 
2.250472e+03 
2.250472e+03 
2.250472e+03 
2.250472e+03 
2.250472e+03 
2.250472e+03 
2.250472e+03 
2.250472e+03 
2.250472e+03 
2.250472e+03 
2.250472e+03 
2.250472e+03 
2.250472e+03 
2.250472e+03 
2.250472e+03 
2.250472e+03 
2.250472e+03 
2.250472e+03 
2.250472e+03 
2.250472e+03 
2.250472e+03 
2.250472e+03 
2.250472e+03 
2.250472e+03 
2.250472e+03 
2.250472e+03 
2.250472e+03 
2.250472e+03 
2.250472e+03 
2.250472e+03 
2.250472e+03 
2.250472e+03 
2.250472e+03 
2.250472e+03 
2.250472e+03 
2.250472e+03 
2.250472e+03 
2.250472e+03 
2.250472e+03 
2.250472e+03 
2.250472e+03 
2.250472e+03 
2.250472e+03 
2.250472e+03 
2.250472e+03 
2.250472e+03 
2.250472e+03 
2.250472e+03 
2.250472e+03 
2.250472e+03 
2.250472e+03 
2.250472e+03 
2.250472e+03 
2.250472e+03 
2.250472e+03 
2.250472e+03 
2.250472e+03 
2.250472e+03 
2.250472e+03 
2.250472e+03 
2.250472e+03 
2.250472e+03 
2.250472e+03 
2.250472e+03 
2.250472e+03 
2.250472e+03 
2.250472e+03 
2.250472e+03 
2.250472e+03 
2.250472e+03 
2.250472e+03 
2.250472e+03 
2.250472e+03 
2.250472e+03 
2.250472e+03 
2.250472e+03 
2.250472e+03 
2.250472e+03 
2.250472e+03 
2.250472e+03 
2.250472e+03 
2.250472e+03 
2.250472e+03 
2.250472e+03 
2.250472e+03 
2.250472e+03 
2.250472e+03 
2.250472e+03 
2.250472e+03 
2.250472e+03 
2.250472e+03 
2.250472e+03 
2.250472e+03 
2.250472e+03 
2.250472e+03 
2.250472e+03 
2.250472e+03 
2.250472e+03 
2.250472e+03 
2.250472e+03 
2.250472e+03 
2.250472e+03 
2.250472e+03 
2.250472e+03 
2.250472e+03 
2.250472e+03 
2.250472e+03 
2.250472e+03 
2.250472e+03 
2.250472e+03 
2.250472e+03 
2.250472e+03 
2.250472e+03 
2.250472e+03 
2.250472e+03 
2.250472e+03 
2.250472e+03 
2.250472e+03 
2.250472e+03 
2.250472e+03 
2.250472e+03 
2.250472e+03 
2.250472e+03 
2.250472e+03 
2.250472e+03 
2.250472e+03 
2.250472e+03 
2.250472e+03 
2.250472e+03 
2.250472e+03 
2.250472e+03 
2.250472e+03 
2.250472e+03 
2.250472e+03 
2.250472e+03 
2.250472e+03 
2.250472e+03 
2.250472e+03 
2.250472e+03 
2.250472e+03 
2.250472e+03 
2.250472e+03 
2.250472e+03 
2.250472e+03 
2.250472e+03 
2.250472e+03 
2.250472e+03 
2.250472e+03 
2.250472e+03 
2.250472e+03 
2.250472e+03 
2.250472e+03 
2.250472e+03 
2.250472e+03 
2.250472e+03 
2.250472e+03 
2.250472e+03 
2.250472e+03 
2.250472e+03 
2.250472e+03 
2.250472e+03 
2.250472e+03 
2.250472e+03 
2.250472e+03 
2.250472e+03 
2.250472e+03 
2.250472e+03 
2.250472e+03 
2.250472e+03 
2.250472e+03 
2.250472e+03 
2.250472e+03 
2.250472e+03 
2.250472e+03 
2.250472e+03 
2.250472e+03 
2.250472e+03 
2.250472e+03 
2.250472e+03 
2.250472e+03 
2.250472e+03 
2.250472e+03 
2.250472e+03 
2.250472e+03 
2.250472e+03 
2.250472e+03 
2.250472e+03 
2.250472e+03 
2.250472e+03 
2.250472e+03 
2.250472e+03 
2.250472e+03 
2.250472e+03 
2.250472e+03 
2.250472e+03 
2.250472e+03 
2.250472e+03 
2.250472e+03 
2.250472e+03 
2.250472e+03 
2.250472e+03 
2.250472e+03 
2.250472e+03 
2.250472e+03 
2.250472e+03 
2.250472e+03 
2.250472e+03 
2.250472e+03 
2.250472e+03 
2.250472e+03 
2.250472e+03 
2.250472e+03 
2.250472e+03 
2.250472e+03 
2.250472e+03 
2.250472e+03 
2.250472e+03 
2.250472e+03 
2.250472e+03 
2.250472e+03 
2.250472e+03 
2.250472e+03 
2.250472e+03 
2.250472e+03 
2.250472e+03 
2.250472e+03 
2.250472e+03 
2.250472e+03 
2.250472e+03 
2.250472e+03 
2.250472e+03 
2.250472e+03 
2.250472e+03 
2.250472e+03 
2.250472e+03 
2.250472e+03 
2.250472e+03 
2.250472e+03 
2.250472e+03 
2.250472e+03 
2.250472e+03 
2.250472e+03 
2.250472e+03 
2.250472e+03 
2.250472e+03 
2.250472e+03 
2.250472e+03 
2.250472e+03 
2.250472e+03 
2.250472e+03 
2.250472e+03 
2.250472e+03 
2.250472e+03 
2.250472e+03 
2.250472e+03 
2.250472e+03 
2.250472e+03 
2.250472e+03 
2.250472e+03 
2.250472e+03 
2.250472e+03 
2.250472e+03 
2.250472e+03 
2.250472e+03 
2.250472e+03 
2.250472e+03 
2.250472e+03 
2.250472e+03 
2.250472e+03 
2.250472e+03 
2.250472e+03 
2.250472e+03 
2.250472e+03 
2.250472e+03 
2.250472e+03 
2.250472e+03 
2.250472e+03 
2.250472e+03 
2.250472e+03 
2.250472e+03 
2.250472e+03 
2.250472e+03 
2.250472e+03 
2.250472e+03 
2.250472e+03 
2.250472e+03 
2.250472e+03 
2.250472e+03 
2.250472e+03 
2.250472e+03 
2.250472e+03 
2.250472e+03 
2.250472e+03 
2.250472e+03 
2.250472e+03 
2.250472e+03 
2.250472e+03 
2.250472e+03 
2.250472e+03 
2.250472e+03 
2.250472e+03 
2.250472e+03 
2.250472e+03 
2.250472e+03 
2.250472e+03 
2.250472e+03 
2.250472e+03 
2.250472e+03 
2.250472e+03 
2.250472e+03 
2.250472e+03 
2.250472e+03 
2.250472e+03 
2.250472e+03 
2.250472e+03 
2.250472e+03 
2.250472e+03 
2.250472e+03 
2.250472e+03 
2.250472e+03 
2.250472e+03 
2.250472e+03 
2.250472e+03 
2.250472e+03 
2.250472e+03 
2.250472e+03 
2.250472e+03 
2.250472e+03 
2.250472e+03 
2.250472e+03 
2.250472e+03 
2.250472e+03 
2.250472e+03 
2.250472e+03 
2.250472e+03 
2.250472e+03 
2.250472e+03 
2.250472e+03 
2.250472e+03 
2.250472e+03 
2.250472e+03 
2.250472e+03 
2.250472e+03 
2.250472e+03 
2.250472e+03 
2.250472e+03 
2.250472e+03 
2.250472e+03 
2.250472e+03 
2.250472e+03 
2.250472e+03 
2.250472e+03 
2.250472e+03 
2.250472e+03 
2.250472e+03 
2.250472e+03 
2.250472e+03 
2.250472e+03 
2.250472e+03 
2.250472e+03 
2.250472e+03 
2.250472e+03 
2.250472e+03 
2.250472e+03 
2.250472e+03 
2.250472e+03 
2.250472e+03 
2.250472e+03 
2.250472e+03 
2.250472e+03 
2.250472e+03 
2.250472e+03 
2.250472e+03 
2.250472e+03 
2.250472e+03 
2.250472e+03 
2.250472e+03 
2.250472e+03 
2.250472e+03 
2.250472e+03 
2.250472e+03 
2.250472e+03 
2.250472e+03 
2.250472e+03 
2.250472e+03 
2.250472e+03 
2.250472e+03 
2.250472e+03 
2.250472e+03 
2.250472e+03 
2.250472e+03 
2.250472e+03 
2.250472e+03 
2.250472e+03 
2.250472e+03 
2.250472e+03 
2.250472e+03 
2.250472e+03 
2.250472e+03 
2.250472e+03 
2.250472e+03 
2.250472e+03 
2.250472e+03 
2.250472e+03 
2.250472e+03 
2.250472e+03 
2.250472e+03 
2.250472e+03 
2.250472e+03 
2.250472e+03 
2.250472e+03 
2.250472e+03 
2.250472e+03 
2.250472e+03 
2.250472e+03 
2.250472e+03 
2.250472e+03 
2.250472e+03 
2.250472e+03 
2.250472e+03 
2.250472e+03 
2.250472e+03 
2.250472e+03 
2.250472e+03 
2.250472e+03 
2.250472e+03 
2.250472e+03 
2.250472e+03 
2.250472e+03 
2.250472e+03 
2.250472e+03 
2.250472e+03 
2.250472e+03 
2.250472e+03 
2.250472e+03 
2.250472e+03 
2.250472e+03 
2.250472e+03 
2.250472e+03 
2.250472e+03 
2.250472e+03 
2.250472e+03 
2.250472e+03 
2.250472e+03 
2.250472e+03 
2.250472e+03 
2.250472e+03 
2.250472e+03 
2.250472e+03 
2.250472e+03 
2.250472e+03 
2.250472e+03 
2.250472e+03 
2.250472e+03 
2.250472e+03 
2.250472e+03 
2.250472e+03 
2.250472e+03 
2.250472e+03 
2.250472e+03 
2.250472e+03 
2.250472e+03 
2.250472e+03 
2.250472e+03 
2.250472e+03 
2.250472e+03 
2.250472e+03 
2.250472e+03 
2.250472e+03 
2.250472e+03 
2.250472e+03 
2.250472e+03 
2.250472e+03 
2.250472e+03 
2.250472e+03 
2.250472e+03 
2.250472e+03 
2.250472e+03 
2.250472e+03 
2.250472e+03 
2.250472e+03 
2.250472e+03 
2.250472e+03 
2.250472e+03 
2.250472e+03 
2.250472e+03 
2.250472e+03 
2.250472e+03 
2.250472e+03 
2.250472e+03 
2.250472e+03 
2.250472e+03 
2.250472e+03 
2.250472e+03 
2.250472e+03 
2.250472e+03 
2.250472e+03 
2.250472e+03 
2.250472e+03 
2.250472e+03 
2.250472e+03 
2.250472e+03 
2.250472e+03 
2.250472e+03 
2.250472e+03 
2.250472e+03 
2.250472e+03 
2.250472e+03 
2.250472e+03 
2.250472e+03 
2.250472e+03 
2.250472e+03 
2.250472e+03 
2.250472e+03 
2.250472e+03 
2.250472e+03 
2.250472e+03 
2.250472e+03 
2.250472e+03 
2.250472e+03 
2.250472e+03 
2.250472e+03 
2.250472e+03 
2.250472e+03 
2.250472e+03 
2.250472e+03 
2.250472e+03 
2.250472e+03 
2.250472e+03 
2.250472e+03 
2.250472e+03 
2.250472e+03 
2.250472e+03 
2.250472e+03 
2.250472e+03 
2.250472e+03 
2.250472e+03 
2.250472e+03 
2.250472e+03 
2.250472e+03 
2.250472e+03 
2.250472e+03 
2.250472e+03 
2.250472e+03 
2.250472e+03 
2.250472e+03 
2.250472e+03 
2.250472e+03 
2.250472e+03 
2.250472e+03 
2.250472e+03 
2.250472e+03 
2.250472e+03 
2.250472e+03 
2.250472e+03 
2.250472e+03 
2.250472e+03 
2.250472e+03 
2.250472e+03 
2.250472e+03 
2.250472e+03 
2.250472e+03 
2.250472e+03 
2.250472e+03 
2.250472e+03 
2.250472e+03 
2.250472e+03 
2.250472e+03 
2.250472e+03 
2.250472e+03 
2.250472e+03 
2.250472e+03 
2.250472e+03 
2.250472e+03 
2.250472e+03 
2.250472e+03 
2.250472e+03 
2.250472e+03 
2.250472e+03 
2.250472e+03 
2.250472e+03 
2.250472e+03 
2.250472e+03 
2.250472e+03 
2.250472e+03 
2.250472e+03 
2.250472e+03 
2.250472e+03 
2.250472e+03 
2.250472e+03 
2.250472e+03 
2.250472e+03 
2.250472e+03 
2.250472e+03 
2.250472e+03 
2.250472e+03 
2.250472e+03 
2.250472e+03 
2.250472e+03 
2.250472e+03 
2.250472e+03 
2.250472e+03 
2.250472e+03 
2.250472e+03 
2.250472e+03 
2.250472e+03 
2.250472e+03 
2.250472e+03 
2.250472e+03 
2.250472e+03 
2.250472e+03 
2.250472e+03 
2.250472e+03 
2.250472e+03 
2.250472e+03 
2.250472e+03 
2.250472e+03 
2.250472e+03 
2.250472e+03 
2.250472e+03 
2.250472e+03 
2.250472e+03 
2.250472e+03 
2.250472e+03 
2.250472e+03 
2.250472e+03 
2.250472e+03 
2.250472e+03 
2.250472e+03 
2.250472e+03 
2.250472e+03 
2.250472e+03 
2.250472e+03 
2.250472e+03 
2.250472e+03 
2.250472e+03 
2.250472e+03 
2.250472e+03 
2.250472e+03 
2.250472e+03 
2.250472e+03 
2.250472e+03 
2.250472e+03 
2.250472e+03 
2.250472e+03 
2.250472e+03 
2.250472e+03 
2.250472e+03 
2.250472e+03 
2.250472e+03 
2.250472e+03 
2.250472e+03 
2.250472e+03 
2.250472e+03 
2.250472e+03 
2.250472e+03 
2.250472e+03 
2.250472e+03 
2.250472e+03 
2.250472e+03 
2.250472e+03 
2.250472e+03 
2.250472e+03 
2.250472e+03 
2.250472e+03 
2.250472e+03 
2.250472e+03 
2.250472e+03 
2.250472e+03 
2.250472e+03 
2.250472e+03 
2.250472e+03 
2.250472e+03 
2.250472e+03 
2.250472e+03 
2.250472e+03 
2.250472e+03 
2.250472e+03 
2.250472e+03 
2.250472e+03 
2.250472e+03 
2.250472e+03 
2.250472e+03 
2.250472e+03 
2.250472e+03 
2.250472e+03 
2.250472e+03 
2.250472e+03 
2.250472e+03 
2.250472e+03 
2.250472e+03 
2.250472e+03 
2.250472e+03 
2.250472e+03 
2.250472e+03 
2.250472e+03 
2.250472e+03 
2.250472e+03 
2.250472e+03 
2.250472e+03 
2.250472e+03 
2.250472e+03 
2.250472e+03 
2.250472e+03 
2.250472e+03 
2.250472e+03 
2.250472e+03 
2.250472e+03 
2.250472e+03 
2.250472e+03 
2.250472e+03 
2.250472e+03 
2.250472e+03 
2.250472e+03 
2.250472e+03 
2.250472e+03 
2.250472e+03 
2.250472e+03 
2.250472e+03 
2.250472e+03 
2.250472e+03 
2.250472e+03 
2.250472e+03 
2.250472e+03 
2.250472e+03 
2.250472e+03 
2.250472e+03 
2.250472e+03 
2.250472e+03 
2.250472e+03 
2.250472e+03 
2.250472e+03 
2.250472e+03 
2.250472e+03 
2.250472e+03 
2.250472e+03 
2.250472e+03 
2.250472e+03 
2.250472e+03 
2.250472e+03 
2.250472e+03 
2.250472e+03 
2.250472e+03 
2.250472e+03 
2.250472e+03 
2.250472e+03 
2.250472e+03 
2.250472e+03 
2.250472e+03 
2.250472e+03 
2.250472e+03 
2.250472e+03 
2.250472e+03 
2.250472e+03 
2.250472e+03 
2.250472e+03 
2.250472e+03 
2.250472e+03 
2.250472e+03 
2.250472e+03 
2.250472e+03 
2.250472e+03 
2.250472e+03 
2.250472e+03 
2.250472e+03 
2.250472e+03 
2.250472e+03 
2.250472e+03 
2.250472e+03 
2.250472e+03 
2.250472e+03 
2.250472e+03 
2.250472e+03 
2.250472e+03 
2.250472e+03 
2.250472e+03 
2.250472e+03 
2.250472e+03 
2.250472e+03 
2.250472e+03 
2.250472e+03 
2.250472e+03 
2.250472e+03 
2.250472e+03 
2.250472e+03 
2.250472e+03 
2.250472e+03 
2.250472e+03 
2.250472e+03 
2.250472e+03 
2.250472e+03 
2.250472e+03 
2.250472e+03 
2.250472e+03 
2.250472e+03 
2.250472e+03 
2.250472e+03 
2.250472e+03 
2.250472e+03 
2.250472e+03 
2.250472e+03 
2.250472e+03 
2.250472e+03 
2.250472e+03 
2.250472e+03 
2.250472e+03 
2.250472e+03 
2.250472e+03 
2.250472e+03 
2.250472e+03 
2.250472e+03 
2.250472e+03 
2.250472e+03 
2.250472e+03 
2.250472e+03 
2.250472e+03 
2.250472e+03 
2.250472e+03 
2.250472e+03 
2.250472e+03 
2.250472e+03 
2.250472e+03 
2.250472e+03 
2.250472e+03 
2.250472e+03 
2.250472e+03 
2.250472e+03 
2.250472e+03 
2.250472e+03 
2.250472e+03 
2.250472e+03 
2.250472e+03 
2.250472e+03 
2.250472e+03 
2.250472e+03 
2.250472e+03 
2.250472e+03 
2.250472e+03 
2.250472e+03 
2.250472e+03 
2.250472e+03 
2.250472e+03 
2.250472e+03 
2.250472e+03 
2.250472e+03 
2.250472e+03 
2.250472e+03 
2.250472e+03 
2.250472e+03 
2.250472e+03 
2.250472e+03 
2.250472e+03 
2.250472e+03 
2.250472e+03 
2.250472e+03 
2.250472e+03 
2.250472e+03 
2.250472e+03 
2.250472e+03 
2.250472e+03 
2.250472e+03 
2.250472e+03 
2.250472e+03 
2.250472e+03 
2.250472e+03 
2.250472e+03 
2.250472e+03 
2.250472e+03 
2.250472e+03 
2.250472e+03 
2.250472e+03 
2.250472e+03 
2.250472e+03 
2.250472e+03 
2.250472e+03 
2.250472e+03 
2.250472e+03 
2.250472e+03 
2.250472e+03 
2.250472e+03 
2.250472e+03 
2.250472e+03 
2.250472e+03 
2.250472e+03 
2.250472e+03 
2.250472e+03 
2.250472e+03 
2.250472e+03 
2.250472e+03 
2.250472e+03 
2.250472e+03 
2.250472e+03 
2.250472e+03 
2.250472e+03 
2.250472e+03 
2.250472e+03 
2.250472e+03 
2.250472e+03 
2.250472e+03 
2.250472e+03 
2.250472e+03 
2.250472e+03 
2.250472e+03 
2.250472e+03 
2.250472e+03 
2.250472e+03 
2.250472e+03 
2.250472e+03 
2.250472e+03 
2.250472e+03 
2.250472e+03 
2.250472e+03 
2.250472e+03 
2.250472e+03 
2.250472e+03 
2.250472e+03 
2.250472e+03 
2.250472e+03 
2.250472e+03 
2.250472e+03 
2.250472e+03 
2.250472e+03 
2.250472e+03 
2.250472e+03 
2.250472e+03 
2.250472e+03 
2.250472e+03 
2.250472e+03 
2.250472e+03 
2.250472e+03 
2.250472e+03 
2.250472e+03 
2.250472e+03 
2.250472e+03 
2.250472e+03 
2.250472e+03 
2.250472e+03 
2.250472e+03 
2.250472e+03 
2.250472e+03 
2.250472e+03 
2.250472e+03 
2.250472e+03 
2.250472e+03 
2.250472e+03 
2.250472e+03 
2.250472e+03 
2.250472e+03 
2.250472e+03 
2.250472e+03 
2.250472e+03 
2.250472e+03 
2.250472e+03 
2.250472e+03 
2.250472e+03 
2.250472e+03 
2.250472e+03 
2.250472e+03 
2.250472e+03 
2.250472e+03 
2.250472e+03 
2.250472e+03 
2.250472e+03 
2.250472e+03 
2.250472e+03 
2.250472e+03 
2.250472e+03 
2.250472e+03 
2.250472e+03 
2.250472e+03 
2.250472e+03 
2.250472e+03 
2.250472e+03 
2.250472e+03 
2.250472e+03 
2.250472e+03 
2.250472e+03 
2.250472e+03 
2.250472e+03 
2.250472e+03 
2.250472e+03 
2.250472e+03 
2.250472e+03 
2.250472e+03 
2.250472e+03 
2.250472e+03 
2.250472e+03 
2.250472e+03 
2.250472e+03 
2.250472e+03 
2.250472e+03 
2.250472e+03 
2.250472e+03 
2.250472e+03 
2.250472e+03 
2.250472e+03 
2.250472e+03 
2.250472e+03 
2.250472e+03 
2.250472e+03 
2.250472e+03 
2.250472e+03 
2.250472e+03 
2.250472e+03 
2.250472e+03 
2.250472e+03 
2.250472e+03 
2.250472e+03 
2.250472e+03 
2.249068e+03 
2.249068e+03 
2.249068e+03 
2.249068e+03 
2.249068e+03 
2.248411e+03 
2.248411e+03 
2.248411e+03 
2.237053e+03 
2.237053e+03 
2.237053e+03 
2.237053e+03 
2.237053e+03 
2.237053e+03 
2.234879e+03 
2.234879e+03 
2.234879e+03 
2.234879e+03 
2.234879e+03 
2.234879e+03 
2.234879e+03 
2.234879e+03 
2.234879e+03 
2.233939e+03 
2.232892e+03 
2.231360e+03 
2.230914e+03 
2.230914e+03 
2.230914e+03 
2.230902e+03 
2.230629e+03 
2.230629e+03 
2.230629e+03 
2.230629e+03 
2.230629e+03 
2.229961e+03 
2.229961e+03 
2.229961e+03 
2.229961e+03 
2.228682e+03 
2.228682e+03 
2.228682e+03 
2.228682e+03 
2.228682e+03 
2.228682e+03 
2.227330e+03 
2.227330e+03 
2.226653e+03 
2.226653e+03 
2.226653e+03 
2.226653e+03 
2.226653e+03 
2.224531e+03 
2.224531e+03 
2.224531e+03 
2.224531e+03 
2.224531e+03 
2.224531e+03 
2.224531e+03 
2.224531e+03 
2.224531e+03 
2.224531e+03 
2.224531e+03 
2.224531e+03 
2.224531e+03 
2.224520e+03 
2.224430e+03 
2.224403e+03 
2.224396e+03 
2.224395e+03 
2.224395e+03 
2.224390e+03 
2.224387e+03 
2.224386e+03 
2.224385e+03 
2.224385e+03 
2.224384e+03 
2.224384e+03 
2.224384e+03 
2.224384e+03 
2.224384e+03 
2.224384e+03 
2.224384e+03 
2.224384e+03 
2.224384e+03 
2.224384e+03 
2.224384e+03 
2.224384e+03 
2.224384e+03 
2.224384e+03 
2.224384e+03 
2.224384e+03 
2.224384e+03 
2.224384e+03 
2.224384e+03 
2.224384e+03 
2.224384e+03 
2.224384e+03 
2.224384e+03 
2.224384e+03 
2.224384e+03 
2.224384e+03 
2.224384e+03 
2.224384e+03 
2.224384e+03 
2.224384e+03 
2.224384e+03 
2.224384e+03 
2.224384e+03 
2.224384e+03 
2.224384e+03 
2.224384e+03 
2.224384e+03 
2.224384e+03 
2.224384e+03 
2.224384e+03 
2.224384e+03 
2.224384e+03 
2.224384e+03 
2.224384e+03 
2.224384e+03 
2.224384e+03 
2.224384e+03 
2.224384e+03 
2.224384e+03 
2.224384e+03 
2.224384e+03 
2.224384e+03 
2.224384e+03 
2.224384e+03 
2.224384e+03 
2.224384e+03 
2.224384e+03 
2.224384e+03 
2.224384e+03 
2.224384e+03 
2.224384e+03 
2.224384e+03 
2.224384e+03 
2.224384e+03 
2.224384e+03 
2.224384e+03 
2.224384e+03 
2.224384e+03 
2.224384e+03 
2.224384e+03 
2.224384e+03 
2.224384e+03 
2.224384e+03 
2.224384e+03 
2.224384e+03 
2.224384e+03 
2.224384e+03 
2.224384e+03 
2.224384e+03 
2.224384e+03 
2.224384e+03 
2.224384e+03 
2.224384e+03 
2.224384e+03 
2.224384e+03 
2.224384e+03 
2.224384e+03 
2.224384e+03 
2.224384e+03 
2.224384e+03 
2.224384e+03 
2.224384e+03 
2.224384e+03 
2.224384e+03 
2.224384e+03 
2.224384e+03 
2.224384e+03 
2.224384e+03 
2.224384e+03 
2.224384e+03 
2.224384e+03 
2.224384e+03 
2.224384e+03 
2.224384e+03 
2.223908e+03 
2.223908e+03 
2.223780e+03 
2.223675e+03 
2.223410e+03 
2.223410e+03 
2.223410e+03 
2.223328e+03 
2.223166e+03 
2.223166e+03 
2.223166e+03 
2.223105e+03 
2.223028e+03 
2.223028e+03 
2.223028e+03 
2.222318e+03 
2.222051e+03 
2.221978e+03 
2.221961e+03 
2.221959e+03 
2.221937e+03 
2.221887e+03 
2.221887e+03 
2.221869e+03 
2.221818e+03 
2.221817e+03 
2.221817e+03 
2.221817e+03 
2.221817e+03 
2.221817e+03 
2.221814e+03 
2.221814e+03 
2.221814e+03 
2.221814e+03 
2.221809e+03 
2.221809e+03 
2.221807e+03 
2.221807e+03 
2.221807e+03 
2.221806e+03 
2.221805e+03 
2.221805e+03 
2.221804e+03 
2.221804e+03 
2.221804e+03 
2.221804e+03 
2.221804e+03 
2.221804e+03 
2.221804e+03 
2.221804e+03 
2.221804e+03 
2.221804e+03 
2.221804e+03 
2.221804e+03 
2.221804e+03 
2.221804e+03 
2.221804e+03 
2.221792e+03 
2.221787e+03 
2.221784e+03 
2.221784e+03 
2.221784e+03 
2.221784e+03 
2.221784e+03 
2.221781e+03 
2.221774e+03 
2.221767e+03 
2.221764e+03 
2.221758e+03 
2.221756e+03 
2.221755e+03 
2.221750e+03 
2.221746e+03 
2.221745e+03 
2.221744e+03 
2.221743e+03 
2.221743e+03 
2.221743e+03 
2.221743e+03 
2.221743e+03 
2.221743e+03 
2.221743e+03 
2.221743e+03 
2.221743e+03 
2.221739e+03 
2.221738e+03 
2.221736e+03 
2.221736e+03 
2.221735e+03 
2.221735e+03 
2.221735e+03 
2.221733e+03 
2.221733e+03 
2.221733e+03 
2.221731e+03 
2.221729e+03 
2.221727e+03 
2.221726e+03 
2.221373e+03 
2.221373e+03 
2.221185e+03 
2.221064e+03 
2.221031e+03 
2.221022e+03 
2.221020e+03 
2.221020e+03 
2.220930e+03 
2.220882e+03 
2.220868e+03 
2.220868e+03 
2.220640e+03 
2.220522e+03 
2.220341e+03 
2.220341e+03 
2.220341e+03 
2.220189e+03 
2.219978e+03 
2.219824e+03 
2.219818e+03 
2.219509e+03 
2.219427e+03 
2.219427e+03 
2.219427e+03 
2.219427e+03 
2.219427e+03 
2.219402e+03 
2.219378e+03 
2.219369e+03 
2.219366e+03 
2.219365e+03 
2.219364e+03 
2.219364e+03 
2.219364e+03 
2.219279e+03 
2.219279e+03 
2.219081e+03 
2.219038e+03 
2.219038e+03 
2.219038e+03 
2.219038e+03 
2.219038e+03 
2.217018e+03 
2.217018e+03 
2.217018e+03 
2.217018e+03 
2.217018e+03 
2.216976e+03 
2.216976e+03 
2.216976e+03 
2.216699e+03 
2.216674e+03 
2.216674e+03 
2.216647e+03 
2.216647e+03 
2.216647e+03 
2.216543e+03 
2.214867e+03 
2.214867e+03 
2.214725e+03 
2.214725e+03 
2.214298e+03 
2.214298e+03 
2.214298e+03 
2.214298e+03 
2.214281e+03 
2.214281e+03 
2.214151e+03 
2.214089e+03 
2.214080e+03 
2.214080e+03 
2.214040e+03 
2.214040e+03 
2.214040e+03 
2.214016e+03 
2.213980e+03 
2.213945e+03 
2.213945e+03 
2.213945e+03 
2.213886e+03 
2.213854e+03 
2.213802e+03 
2.213763e+03 
2.213733e+03 
2.213720e+03 
2.213708e+03 
2.213687e+03 
2.213680e+03 
2.213679e+03 
2.213679e+03 
2.213312e+03 
2.213049e+03 
2.212975e+03 
2.212975e+03 
2.212567e+03 
2.212567e+03 
2.212567e+03 
2.211927e+03 
2.211353e+03 
2.210827e+03 
2.210645e+03 
2.210645e+03 
2.210428e+03 
2.210214e+03 
2.210137e+03 
2.210107e+03 
2.210095e+03 
2.210052e+03 
2.210052e+03 
2.210052e+03 
2.210052e+03 
2.209925e+03 
2.209879e+03 
2.209875e+03 
2.209875e+03 
2.209875e+03 
2.209875e+03 
2.209861e+03 
2.209852e+03 
2.209850e+03 
2.209850e+03 
2.209804e+03 
2.209709e+03 
2.209709e+03 
2.208509e+03 
2.208509e+03 
2.206497e+03 
2.206497e+03 
2.206497e+03 
2.205023e+03 
2.205023e+03 
2.205023e+03 
2.205023e+03 
2.205023e+03 
2.205023e+03 
2.205023e+03 
2.205023e+03 
2.205023e+03 
2.205023e+03 
2.204835e+03 
2.204835e+03 
2.204835e+03 
2.204835e+03 
2.204711e+03 
2.204493e+03 
2.204156e+03 
2.203694e+03 
2.203694e+03 
2.203694e+03 
2.203694e+03 
2.203694e+03 
2.203694e+03 
2.203694e+03 
2.203694e+03 
2.203694e+03 
2.203154e+03 
2.203154e+03 
2.203154e+03 
2.202974e+03 
2.202974e+03 
2.202974e+03 
2.202974e+03 
2.202608e+03 
2.202568e+03 
2.202568e+03 
2.202543e+03 
2.202543e+03 
2.202543e+03 
2.202543e+03 
2.202134e+03 
2.202134e+03 
2.202134e+03 
2.202134e+03 
2.201699e+03 
2.201699e+03 
2.201699e+03 
2.201380e+03 
2.201380e+03 
2.201380e+03 
2.201293e+03 
2.201293e+03 
2.201056e+03 
2.201056e+03 
2.201056e+03 
2.200922e+03 
2.200922e+03 
2.200922e+03 
2.200922e+03 
2.200922e+03 
2.200922e+03 
2.200922e+03 
2.200922e+03 
2.200922e+03 
2.200922e+03 
2.200922e+03 
2.200922e+03 
2.200922e+03 
2.200922e+03 
2.200922e+03 
2.200793e+03 
2.200793e+03 
2.200793e+03 
2.200623e+03 
2.200573e+03 
2.200573e+03 
2.200573e+03 
2.199853e+03 
2.196576e+03 
2.196576e+03 
2.196576e+03 
2.196576e+03 
2.195709e+03 
2.195709e+03 
2.194449e+03 
2.193770e+03 
2.193770e+03 
2.193770e+03 
2.193770e+03 
2.193724e+03 
2.193724e+03 
2.193724e+03 
2.193080e+03 
2.193080e+03 
2.193080e+03 
2.192725e+03 
2.192725e+03 
2.192725e+03 
2.192725e+03 
2.192576e+03 
2.192576e+03 
2.192473e+03 
2.192309e+03 
2.192309e+03 
2.192257e+03 
2.192257e+03 
2.192257e+03 
2.192257e+03 
2.192257e+03 
2.192229e+03 
2.192149e+03 
2.192149e+03 
2.192148e+03 
2.192148e+03 
2.192091e+03 
2.192091e+03 
2.191990e+03 
2.191949e+03 
2.191924e+03 
2.191719e+03 
2.191719e+03 
2.191669e+03 
2.191489e+03 
2.191462e+03 
2.191462e+03 
2.191462e+03 
2.191462e+03 
2.191330e+03 
2.191330e+03 
2.191227e+03 
2.191227e+03 
2.191217e+03 
2.191217e+03 
2.191217e+03 
2.191136e+03 
2.191136e+03 
2.191136e+03 
2.191086e+03 
2.191086e+03 
2.191037e+03 
2.191037e+03 
2.191037e+03 
2.191019e+03 
2.191019e+03 
2.191019e+03 
2.191019e+03 
2.190999e+03 
2.190962e+03 
2.190962e+03 
2.190922e+03 
2.190922e+03 
2.190922e+03 
2.190922e+03 
2.190922e+03 
2.190910e+03 
2.190910e+03 
2.190910e+03 
2.190910e+03 
2.190910e+03 
2.190910e+03 
2.190910e+03 
2.190910e+03 
2.190910e+03 
2.190910e+03 
2.190910e+03 
2.190909e+03 
2.190909e+03 
2.190909e+03 
2.190909e+03 
2.190908e+03 
2.190908e+03 
2.190887e+03 
2.190887e+03 
2.190887e+03 
2.190885e+03 
2.190885e+03 
2.190885e+03 
2.190885e+03 
2.190885e+03 
2.190885e+03 
2.190880e+03 
2.190877e+03 
2.190877e+03 
2.190868e+03 
2.190533e+03 
2.190533e+03 
2.190065e+03 
2.190065e+03 
2.189943e+03 
2.189943e+03 
2.189943e+03 
2.189943e+03 
2.189943e+03 
2.189943e+03 
2.189943e+03 
2.189838e+03 
2.189837e+03 
2.189837e+03 
2.189837e+03 
2.189834e+03 
2.189834e+03 
2.189828e+03 
2.189828e+03 
2.189828e+03 
2.189828e+03 
2.189757e+03 
2.189746e+03 
2.189644e+03 
2.189644e+03 
2.189644e+03 
2.189644e+03 
2.189644e+03 
2.189644e+03 
2.189644e+03 
2.189620e+03 
2.189616e+03 
2.189616e+03 
2.189616e+03 
2.189616e+03 
2.189616e+03 
2.189616e+03 
2.189614e+03 
2.189614e+03 
2.189614e+03 
2.189614e+03 
2.189614e+03 
2.189614e+03 
2.189614e+03 
2.189614e+03 
2.189613e+03 
2.189613e+03 
2.189613e+03 
2.189613e+03 
2.189613e+03 
2.189599e+03 
2.189598e+03 
2.189593e+03 
2.186028e+03 
2.186028e+03 
2.186028e+03 
2.186028e+03 
2.186028e+03 
2.184878e+03 
2.184273e+03 
2.184273e+03 
2.184273e+03 
2.184273e+03 
2.184273e+03 
2.184273e+03 
2.184273e+03 
2.184273e+03 
2.184273e+03 
2.184273e+03 
2.184024e+03 
2.184006e+03 
2.184006e+03 
2.184006e+03 
2.183995e+03 
2.183995e+03 
2.183994e+03 
2.183993e+03 
2.183993e+03 
2.183993e+03 
2.183993e+03 
2.183990e+03 
2.183988e+03 
2.183987e+03 
2.183987e+03 
2.183987e+03 
2.183987e+03 
2.183987e+03 
2.183396e+03 
2.183396e+03 
2.183396e+03 
2.183396e+03 
2.183396e+03 
2.183396e+03 
2.183396e+03 
2.183396e+03 
2.183396e+03 
2.183396e+03 
2.182428e+03 
2.182428e+03 
2.182428e+03 
2.182428e+03 
2.181981e+03 
2.180618e+03 
2.180618e+03 
2.180618e+03 
2.180618e+03 
2.180618e+03 
2.180618e+03 
2.180618e+03 
2.180618e+03 
2.180618e+03 
2.180618e+03 
2.180618e+03 
2.180618e+03 
2.180618e+03 
2.180618e+03 
2.180618e+03 
2.180618e+03 
2.180618e+03 
2.180618e+03 
2.180618e+03 
2.180618e+03 
2.180618e+03 
2.180618e+03 
2.180618e+03 
2.180618e+03 
2.180618e+03 
2.180618e+03 
2.180618e+03 
2.180618e+03 
2.180618e+03 
2.180618e+03 
2.180618e+03 
2.180618e+03 
2.180618e+03 
2.180618e+03 
2.180608e+03 
2.180604e+03 
2.180603e+03 
2.180602e+03 
2.180602e+03 
2.180602e+03 
2.180602e+03 
2.180602e+03 
2.178941e+03 
2.178941e+03 
2.178941e+03 
2.178941e+03 
2.178941e+03 
2.178941e+03 
2.178941e+03 
2.178467e+03 
2.178467e+03 
2.178467e+03 
2.176401e+03 
2.176156e+03 
2.176156e+03 
2.176156e+03 
2.176156e+03 
2.176156e+03 
2.176156e+03 
2.175662e+03 
2.175662e+03 
2.175277e+03 
2.175049e+03 
2.175009e+03 
2.175009e+03 
2.174997e+03 
2.174997e+03 
2.174997e+03 
2.174960e+03 
2.174960e+03 
2.174744e+03 
2.174744e+03 
2.174744e+03 
2.174740e+03 
2.174740e+03 
2.174740e+03 
2.174740e+03 
2.174740e+03 
2.174740e+03 
2.174664e+03 
2.174627e+03 
2.174616e+03 
2.174472e+03 
2.174437e+03 
2.174437e+03 
2.174373e+03 
2.174357e+03 
2.174327e+03 
2.174281e+03 
2.174250e+03 
2.174250e+03 
2.174250e+03 
2.174250e+03 
2.174228e+03 
2.174228e+03 
2.174216e+03 
2.174168e+03 
2.174062e+03 
2.174062e+03 
2.173926e+03 
2.173926e+03 
2.173926e+03 
2.173926e+03 
2.173926e+03 
2.173926e+03 
2.173926e+03 
2.173926e+03 
2.173874e+03 
2.173874e+03 
2.173874e+03 
2.173874e+03 
2.173874e+03 
2.173874e+03 
2.173874e+03 
2.173874e+03 
2.173684e+03 
2.173524e+03 
2.173524e+03 
2.173524e+03 
2.173524e+03 
2.173509e+03 
2.173509e+03 
2.173509e+03 
2.173509e+03 
2.173507e+03 
2.173507e+03 
2.173505e+03 
2.173505e+03 
2.173505e+03 
2.173505e+03 
2.173503e+03 
2.173500e+03 
2.173498e+03 
2.173497e+03 
2.173347e+03 
2.173347e+03 
2.173347e+03 
2.173347e+03 
2.173347e+03 
2.173347e+03 
2.173347e+03 
2.173347e+03 
2.173347e+03 
2.173347e+03 
2.173347e+03 
2.173319e+03 
2.173288e+03 
2.173288e+03 
2.173288e+03 
2.173288e+03 
2.173258e+03 
2.173220e+03 
2.173220e+03 
2.173220e+03 
2.173130e+03 
2.173098e+03 
2.172902e+03 
2.172902e+03 
2.172902e+03 
2.172902e+03 
2.172902e+03 
2.172902e+03 
2.172788e+03 
2.172788e+03 
2.172788e+03 
2.172788e+03 
2.172788e+03 
2.172788e+03 
2.172788e+03 
2.172788e+03 
2.172788e+03 
2.172788e+03 
2.172788e+03 
2.172788e+03 
2.172691e+03 
2.172691e+03 
2.172691e+03 
2.172691e+03 
2.172691e+03 
2.172691e+03 
2.172691e+03 
2.172691e+03 
2.172637e+03 
2.172637e+03 
2.172637e+03 
2.172637e+03 
2.172637e+03 
2.172637e+03 
2.172637e+03 
2.172637e+03 
2.172637e+03 
2.172572e+03 
2.172572e+03 
2.172566e+03 
2.172566e+03 
2.172343e+03 
2.172343e+03 
2.172343e+03 
2.172343e+03 
2.172196e+03 
2.172196e+03 
2.172196e+03 
2.172196e+03 
2.172196e+03 
2.172196e+03 
2.172196e+03 
2.172196e+03 
2.172196e+03 
2.172196e+03 
2.172196e+03 
2.172196e+03 
2.172196e+03 
2.172196e+03 
2.172117e+03 
2.172113e+03 
2.172064e+03 
2.172045e+03 
2.172045e+03 
2.172024e+03 
2.172024e+03 
2.172024e+03 
2.171994e+03 
2.171994e+03 
2.171994e+03 
2.171994e+03 
2.171994e+03 
2.171924e+03 
2.171924e+03 
2.171924e+03 
2.171924e+03 
2.171924e+03 
2.171924e+03 
2.171924e+03 
2.171924e+03 
2.171924e+03 
2.171924e+03 
2.171908e+03 
2.171908e+03 
2.171908e+03 
2.171908e+03 
2.171908e+03 
2.171908e+03 
2.171908e+03 
2.171908e+03 
2.171908e+03 
2.171908e+03 
2.171902e+03 
2.171902e+03 
2.171902e+03 
2.171902e+03 
2.171902e+03 
2.171902e+03 
2.171902e+03 
2.171897e+03 
2.171897e+03 
2.171897e+03 
2.171897e+03 
2.171897e+03 
2.171897e+03 
2.171897e+03 
2.171897e+03 
2.171897e+03 
2.171897e+03 
2.171897e+03 
2.171897e+03 
2.171880e+03 
2.171880e+03 
2.171812e+03 
2.171785e+03 
2.171749e+03 
2.171733e+03 
2.171733e+03 
2.171733e+03 
2.171730e+03 
2.171701e+03 
2.171701e+03 
2.171701e+03 
2.171701e+03 
2.171693e+03 
2.171678e+03 
2.171674e+03 
2.171633e+03 
2.171633e+03 
2.171628e+03 
2.171599e+03 
2.171598e+03 
2.171597e+03 
2.171597e+03 
2.171597e+03 
2.171593e+03 
2.171593e+03 
2.171593e+03 
2.171584e+03 
2.171575e+03 
2.171575e+03 
2.171575e+03 
2.171575e+03 
2.171575e+03 
2.171575e+03 
2.171575e+03 
2.171575e+03 
2.171575e+03 
2.171575e+03 
2.171575e+03 
2.171568e+03 
2.171568e+03 
2.171568e+03 
2.171568e+03 
2.171564e+03 
2.171564e+03 
2.171564e+03 
2.171561e+03 
2.171495e+03 
2.171454e+03 
2.171440e+03 
2.171440e+03 
2.171432e+03 
2.171429e+03 
2.171429e+03 
2.171426e+03 
2.171426e+03 
2.171426e+03 
2.171424e+03 
2.171418e+03 
2.171418e+03 
2.171408e+03 
2.171408e+03 
2.171386e+03 
2.171386e+03 
2.171364e+03 
2.171364e+03 
2.171357e+03 
2.171357e+03 
2.171335e+03 
2.171302e+03 
2.171284e+03 
2.171284e+03 
2.171248e+03 
2.171248e+03 
2.171248e+03 
2.171213e+03 
2.171213e+03 
2.171213e+03 
2.171138e+03 
2.171104e+03 
2.171104e+03 
2.171094e+03 
2.171090e+03 
2.171068e+03 
2.171025e+03 
2.171010e+03 
2.171010e+03 
2.170979e+03 
2.170892e+03 
2.170892e+03 
2.170892e+03 
2.170892e+03 
2.170892e+03 
2.170892e+03 
2.170892e+03 
2.170892e+03 
2.170892e+03 
2.170892e+03 
2.170892e+03 
2.170892e+03 
2.170892e+03 
2.170885e+03 
2.170885e+03 
2.170869e+03 
2.170857e+03 
2.170857e+03 
2.170857e+03 
2.170845e+03 
2.170845e+03 
2.170845e+03 
2.170845e+03 
2.170845e+03 
2.170845e+03 
2.170845e+03 
2.170845e+03 
2.170845e+03 
2.170834e+03 
2.170832e+03 
2.170832e+03 
2.170832e+03 
2.170826e+03 
2.170826e+03 
2.170826e+03 
2.170807e+03 
2.170807e+03 
2.170807e+03 
2.170807e+03 
2.170807e+03 
2.170807e+03 
2.170807e+03 
2.170807e+03 
2.170807e+03 
2.170807e+03 
2.170807e+03 
2.170807e+03 
2.170807e+03 
2.170807e+03 
2.170760e+03 
2.170760e+03 
2.170760e+03 
2.170760e+03 
2.170760e+03 
2.170742e+03 
2.170742e+03 
2.170742e+03 
2.170742e+03 
2.170742e+03 
2.170719e+03 
2.170719e+03 
2.170719e+03 
2.170719e+03 
2.170719e+03 
2.170719e+03 
2.170719e+03 
2.170719e+03 
2.170719e+03 
2.170719e+03 
2.170719e+03 
2.170719e+03 
2.170719e+03 
2.170719e+03 
2.170719e+03 
2.170712e+03 
2.170712e+03 
2.170712e+03 
2.170709e+03 
2.170709e+03 
2.170709e+03 
2.170709e+03 
2.170705e+03 
2.170699e+03 
2.170699e+03 
2.170699e+03 
2.170699e+03 
2.170699e+03 
2.170686e+03 
2.170653e+03 
2.170653e+03 
2.170653e+03 
2.170653e+03 
2.170634e+03 
2.170622e+03 
2.170618e+03 
2.170617e+03 
2.170617e+03 
2.170617e+03 
2.170617e+03 
2.170617e+03 
2.170617e+03 
2.170565e+03 
2.170565e+03 
2.170558e+03 
2.170545e+03 
2.170536e+03 
2.170527e+03 
2.170527e+03 
2.170527e+03 
2.170526e+03 
2.170522e+03 
2.170522e+03 
2.170520e+03 
2.170519e+03 
2.170519e+03 
2.170519e+03 
2.170519e+03 
2.170519e+03 
2.170519e+03 
2.170519e+03 
2.170519e+03 
2.170519e+03 
2.170519e+03 
2.170519e+03 
2.170519e+03 
2.170519e+03 
2.170519e+03 
2.170519e+03 
2.170519e+03 
2.170519e+03 
2.170519e+03 
2.170519e+03 
2.170519e+03 
2.170519e+03 
2.170519e+03 
2.170519e+03 
2.170519e+03 
2.170519e+03 
2.170518e+03 
2.170518e+03 
2.170518e+03 
2.170518e+03 
2.170518e+03 
2.170518e+03 
2.170518e+03 
2.170518e+03 
2.170518e+03 
2.170518e+03 
2.170518e+03 
2.170518e+03 
2.170518e+03 
2.170518e+03 
2.170518e+03 
2.170518e+03 
2.170518e+03 
2.170518e+03 
2.170518e+03 
2.170518e+03 
2.170518e+03 
2.170518e+03 
2.170518e+03 
2.170518e+03 
2.170515e+03 
2.170504e+03 
2.170499e+03 
2.170497e+03 
2.170496e+03 
2.170495e+03 
2.170495e+03 
2.170495e+03 
2.170495e+03 
2.170495e+03 
2.170495e+03 
2.170495e+03 
2.170495e+03 
2.170489e+03 
2.170487e+03 
2.170487e+03 
2.170487e+03 
2.170481e+03 
2.170481e+03 
2.170476e+03 
2.170476e+03 
2.170476e+03 
2.170476e+03 
2.170475e+03 
2.170475e+03 
2.170475e+03 
2.170475e+03 
2.170474e+03 
2.170474e+03 
2.170474e+03 
2.170474e+03 
2.170469e+03 
2.170469e+03 
2.170464e+03 
2.170464e+03 
2.170464e+03 
2.170459e+03 
2.170459e+03 
2.170459e+03 
2.170459e+03 
2.170459e+03 
2.170459e+03 
2.170459e+03 
2.170459e+03 
2.170459e+03 
2.170459e+03 
2.170459e+03 
2.170459e+03 
2.170459e+03 
2.170459e+03 
2.170459e+03 
2.170459e+03 
2.170459e+03 
2.170459e+03 
2.170459e+03 
2.170459e+03 
2.170459e+03 
2.170459e+03 
2.170459e+03 
2.170459e+03 
2.170459e+03 
2.170458e+03 
2.170458e+03 
2.170458e+03 
2.170458e+03 
2.170458e+03 
2.170458e+03 
2.170458e+03 
2.170458e+03 
2.170458e+03 
2.170458e+03 
2.170455e+03 
2.170452e+03 
2.170451e+03 
2.170449e+03 
2.170442e+03 
2.170416e+03 
2.170416e+03 
2.170416e+03 
2.170416e+03 
2.170416e+03 
2.170416e+03 
2.170416e+03 
2.170369e+03 
2.170369e+03 
2.170369e+03 
2.170369e+03 
2.170369e+03 
2.170369e+03 
2.170369e+03 
2.170369e+03 
2.170369e+03 
2.170369e+03 
2.170369e+03 
2.170369e+03 
2.170369e+03 
2.170369e+03 
2.170369e+03 
2.170316e+03 
2.170316e+03 
2.170316e+03 
2.170316e+03 
2.170316e+03 
2.170316e+03 
2.170316e+03 
2.170288e+03 
2.170271e+03 
2.170271e+03 
2.170249e+03 
2.170249e+03 
2.170249e+03 
2.170249e+03 
2.170249e+03 
2.170237e+03 
2.170237e+03 
2.170237e+03 
2.170237e+03 
2.170235e+03 
2.170235e+03 
2.170235e+03 
2.170235e+03 
2.170226e+03 
2.170226e+03 
2.170226e+03 
2.170226e+03 
2.170226e+03 
2.170226e+03 
2.170218e+03 
2.168794e+03 
2.168794e+03 
2.168794e+03 
2.168794e+03 
2.168775e+03 
2.167745e+03 
2.167745e+03 
2.167745e+03 
2.167745e+03 
2.167745e+03 
2.167745e+03 
2.167745e+03 
2.167745e+03 
2.167745e+03 
2.167745e+03 
2.167745e+03 
2.167745e+03 
2.167745e+03 
2.167745e+03 
2.167745e+03 
2.167745e+03 
2.167745e+03 
2.167745e+03 
2.167745e+03 
2.167745e+03 
2.167745e+03 
2.167745e+03 
2.167745e+03 
2.167745e+03 
2.167745e+03 
2.167745e+03 
2.167745e+03 
2.167745e+03 
2.167745e+03 
2.167745e+03 
2.167745e+03 
2.167745e+03 
2.167745e+03 
2.167745e+03 
2.167745e+03 
2.167154e+03 
2.167154e+03 
2.167154e+03 
2.167154e+03 
2.167154e+03 
2.167154e+03 
2.167154e+03 
2.167154e+03 
2.167154e+03 
2.167154e+03 
2.167154e+03 
2.167154e+03 
2.167154e+03 
2.167154e+03 
2.167154e+03 
2.167154e+03 
2.167154e+03 
2.167154e+03 
2.167154e+03 
2.167154e+03 
2.167154e+03 
2.167154e+03 
2.167154e+03 
2.166991e+03 
2.166991e+03 
2.166991e+03 
2.166991e+03 
2.166985e+03 
2.166985e+03 
2.166985e+03 
2.166985e+03 
2.166985e+03 
2.166985e+03 
2.166985e+03 
2.166985e+03 
2.165261e+03 
2.165261e+03 
2.165261e+03 
2.164448e+03 
2.164448e+03 
2.164448e+03 
2.160234e+03 
2.160234e+03 
2.160234e+03 
2.160234e+03 
2.160234e+03 
2.160234e+03 
2.160234e+03 
2.160234e+03 
2.160234e+03 
2.160234e+03 
2.160234e+03 
2.160234e+03 
2.160234e+03 
2.160234e+03 
2.160234e+03 
2.160234e+03 
2.160234e+03 
2.160234e+03 
2.160234e+03 
2.160234e+03 
2.160234e+03 
2.160234e+03 
2.160234e+03 
2.160234e+03 
2.158613e+03 
2.158613e+03 
2.158613e+03 
2.158613e+03 
2.158478e+03 
2.158478e+03 
2.158478e+03 
2.158478e+03 
2.158478e+03 
2.158478e+03 
2.158268e+03 
2.157785e+03 
2.157638e+03 
2.157585e+03 
2.157564e+03 
2.157554e+03 
2.157550e+03 
2.157547e+03 
2.157546e+03 
2.157546e+03 
2.157546e+03 
2.157545e+03 
2.157545e+03 
2.157545e+03 
2.157545e+03 
2.157545e+03 
2.157545e+03 
2.157545e+03 
2.157545e+03 
2.157545e+03 
2.157545e+03 
2.157545e+03 
2.157545e+03 
2.157545e+03 
2.157545e+03 
2.157545e+03 
2.157545e+03 
2.157545e+03 
2.157545e+03 
2.157545e+03 
2.157545e+03 
2.157545e+03 
2.157545e+03 
2.157545e+03 
2.157545e+03 
2.157545e+03 
2.157545e+03 
2.157545e+03 
2.157545e+03 
2.157545e+03 
2.157545e+03 
2.157545e+03 
2.157545e+03 
2.157545e+03 
2.157545e+03 
2.157545e+03 
2.157545e+03 
2.157545e+03 
2.157545e+03 
2.157545e+03 
2.157545e+03 
2.157545e+03 
2.157545e+03 
2.157545e+03 
2.157545e+03 
2.157545e+03 
2.157545e+03 
2.157545e+03 
2.157545e+03 
2.157545e+03 
2.157545e+03 
2.157545e+03 
2.157545e+03 
2.157545e+03 
2.157545e+03 
2.157545e+03 
2.157364e+03 
2.157364e+03 
2.156454e+03 
2.156454e+03 
2.156454e+03 
2.156454e+03 
2.156454e+03 
2.156454e+03 
2.156454e+03 
2.156454e+03 
2.156454e+03 
2.156454e+03 
2.156454e+03 
2.156454e+03 
2.156454e+03 
2.156454e+03 
2.156454e+03 
2.156258e+03 
2.156258e+03 
2.156170e+03 
2.156170e+03 
2.156170e+03 
2.156170e+03 
2.156170e+03 
2.156170e+03 
2.156170e+03 
2.156170e+03 
2.156154e+03 
2.156154e+03 
2.156154e+03 
2.156154e+03 
2.156154e+03 
2.152935e+03 
2.152935e+03 
2.152935e+03 
2.152935e+03 
2.152935e+03 
2.152935e+03 
2.152935e+03 
2.152935e+03 
2.152935e+03 
2.152935e+03 
2.152935e+03 
2.152935e+03 
2.152555e+03 
2.152555e+03 
2.152555e+03 
2.152555e+03 
2.152555e+03 
2.152555e+03 
2.152555e+03 
2.150138e+03 
2.150138e+03 
2.150138e+03 
2.150138e+03 
2.150138e+03 
2.150138e+03 
2.150138e+03 
2.150138e+03 
2.150138e+03 
2.150138e+03 
2.150138e+03 
2.150138e+03 
2.150138e+03 
2.150138e+03 
2.150138e+03 
2.150138e+03 
2.150138e+03 
2.150138e+03 
2.150138e+03 
2.150138e+03 
2.150138e+03 
2.150138e+03 
2.150138e+03 
2.150138e+03 
2.150138e+03 
2.150138e+03 
2.150138e+03 
2.150138e+03 
2.150138e+03 
2.150138e+03 
2.150138e+03 
2.150138e+03 
2.150138e+03 
2.150138e+03 
2.150138e+03 
2.150138e+03 
2.150138e+03 
2.150138e+03 
2.150138e+03 
2.150138e+03 
2.150138e+03 
2.150138e+03 
2.150138e+03 
2.150138e+03 
2.150138e+03 
2.150138e+03 
2.150138e+03 
2.142106e+03 
2.142106e+03 
2.142106e+03 
2.142106e+03 
2.142106e+03 
2.142106e+03 
2.142106e+03 
2.142106e+03 
2.142106e+03 
2.142106e+03 
2.142106e+03 
2.142106e+03 
2.142106e+03 
2.142106e+03 
2.142085e+03 
2.142085e+03 
2.142085e+03 
2.142085e+03 
2.142085e+03 
2.142085e+03 
2.142085e+03 
2.142085e+03 
2.142085e+03 
2.142085e+03 
2.142085e+03 
2.142085e+03 
2.142085e+03 
2.142085e+03 
2.142083e+03 
2.140653e+03 
2.140653e+03 
2.140653e+03 
2.140653e+03 
2.140653e+03 
2.140653e+03 
2.140653e+03 
2.140653e+03 
2.140653e+03 
2.140653e+03 
2.140653e+03 
2.140653e+03 
2.140653e+03 
2.140653e+03 
2.140653e+03 
2.140653e+03 
2.140653e+03 
2.140653e+03 
2.140653e+03 
2.140440e+03 
2.140440e+03 
2.135919e+03 
2.135919e+03 
2.135919e+03 
2.135919e+03 
2.135919e+03 
2.135919e+03 
2.135919e+03 
2.135919e+03 
2.135919e+03 
2.135919e+03 
2.135919e+03 
2.135919e+03 
2.135919e+03 
2.135919e+03 
2.135919e+03 
2.135919e+03 
2.135919e+03 
2.135919e+03 
2.135919e+03 
2.135919e+03 
2.135919e+03 
2.135919e+03 
2.135919e+03 
2.135919e+03 
2.135919e+03 
2.135919e+03 
2.135919e+03 
2.135919e+03 
2.135919e+03 
2.135919e+03 
2.135919e+03 
2.135919e+03 
2.135919e+03 
2.135919e+03 
2.135919e+03 
2.135919e+03 
2.135435e+03 
2.135435e+03 
2.135435e+03 
2.135435e+03 
2.135435e+03 
2.135435e+03 
2.135435e+03 
2.135435e+03 
2.135435e+03 
2.135350e+03 
2.135350e+03 
2.135350e+03 
2.135350e+03 
2.135350e+03 
2.135350e+03 
2.135350e+03 
2.135350e+03 
2.135350e+03 
2.135350e+03 
2.135350e+03 
2.135346e+03 
2.135346e+03 
2.135346e+03 
2.135346e+03 
2.135346e+03 
2.135346e+03 
2.135346e+03 
2.135346e+03 
2.135346e+03 
2.135346e+03 
2.135346e+03 
2.135346e+03 
2.135346e+03 
2.135346e+03 
2.135346e+03 
2.135346e+03 
2.135346e+03 
2.135345e+03 
2.135345e+03 
2.135345e+03 
2.135345e+03 
2.135345e+03 
2.135345e+03 
2.135345e+03 
2.135345e+03 
2.135345e+03 
2.135345e+03 
2.135345e+03 
2.135345e+03 
2.135345e+03 
2.135345e+03 
2.135345e+03 
2.135345e+03 
2.135345e+03 
2.135345e+03 
2.135345e+03 
2.135345e+03 
2.135345e+03 
2.135345e+03 
2.135345e+03 
2.135345e+03 
2.135345e+03 
2.135345e+03 
2.135345e+03 
2.135345e+03 
2.135345e+03 
2.135345e+03 
2.135345e+03 
2.135345e+03 
2.135345e+03 
2.135345e+03 
2.135345e+03 
2.135345e+03 
2.135345e+03 
2.135345e+03 
2.135345e+03 
2.135345e+03 
2.135345e+03 
2.135345e+03 
2.135345e+03 
2.135345e+03 
2.135345e+03 
2.135345e+03 
2.135345e+03 
2.135345e+03 
2.135345e+03 
2.135345e+03 
2.135345e+03 
2.135345e+03 
2.135345e+03 
2.135345e+03 
2.135345e+03 
2.135345e+03 
2.135345e+03 
2.135345e+03 
2.135345e+03 
2.135345e+03 
2.135345e+03 
2.135345e+03 
2.135345e+03 
2.135345e+03 
2.135345e+03 
2.135345e+03 
2.135345e+03 
2.135345e+03 
2.135345e+03 
2.135345e+03 
2.135345e+03 
2.135345e+03 
2.135345e+03 
2.135345e+03 
2.135345e+03 
2.135345e+03 
2.135345e+03 
2.135345e+03 
2.135345e+03 
2.135345e+03 
2.135345e+03 
2.135345e+03 
2.135345e+03 
2.135345e+03 
2.135345e+03 
2.135345e+03 
2.135345e+03 
2.135345e+03 
2.135345e+03 
2.135345e+03 
2.135345e+03 
2.135345e+03 
2.135345e+03 
2.135345e+03 
2.135345e+03 
2.135345e+03 
2.135345e+03 
2.135345e+03 
2.135345e+03 
2.135345e+03 
2.135345e+03 
2.135345e+03 
2.135345e+03 
2.135345e+03 
2.135345e+03 
2.135345e+03 
2.135345e+03 
2.135345e+03 
2.135345e+03 
2.135345e+03 
2.135345e+03 
2.135345e+03 
2.135345e+03 
2.135345e+03 
2.135345e+03 
2.135345e+03 
2.135345e+03 
2.135345e+03 
2.135345e+03 
2.135345e+03 
2.135345e+03 
2.135345e+03 
2.135345e+03 
2.135345e+03 
2.135345e+03 
2.135345e+03 
2.135345e+03 
2.135345e+03 
2.135345e+03 
2.135345e+03 
2.135345e+03 
2.135345e+03 
2.135345e+03 
2.135345e+03 
2.135345e+03 
2.135345e+03 
2.135345e+03 
2.135345e+03 
2.135345e+03 
2.135345e+03 
2.135345e+03 
2.135345e+03 
2.133324e+03 
2.133324e+03 
2.133324e+03 
2.133324e+03 
2.133324e+03 
2.133324e+03 
2.133324e+03 
2.133324e+03 
2.133324e+03 
2.133324e+03 
2.133324e+03 
2.133324e+03 
2.133324e+03 
2.133324e+03 
2.133324e+03 
2.133324e+03 
2.133324e+03 
2.133324e+03 
2.133324e+03 
2.133324e+03 
2.133324e+03 
2.133324e+03 
2.133324e+03 
2.133324e+03 
2.133324e+03 
2.133324e+03 
2.133324e+03 
2.133324e+03 
2.133324e+03 
2.133324e+03 
2.133324e+03 
2.133242e+03 
2.133242e+03 
2.133242e+03 
2.133242e+03 
2.133240e+03 
2.133240e+03 
2.133240e+03 
2.133238e+03 
2.133238e+03 
2.133238e+03 
2.133238e+03 
2.133237e+03 
2.133236e+03 
2.133236e+03 
2.133236e+03 
2.133235e+03 
2.133235e+03 
2.133235e+03 
2.133235e+03 
2.133235e+03 
2.133235e+03 
2.133235e+03 
2.133235e+03 
2.133235e+03 
2.133235e+03 
2.133235e+03 
2.133235e+03 
2.133235e+03 
2.133235e+03 
2.133235e+03 
2.133235e+03 
2.133235e+03 
2.133235e+03 
2.133235e+03 
2.133235e+03 
2.133235e+03 
2.133235e+03 
2.133235e+03 
2.133235e+03 
2.133235e+03 
2.133235e+03 
2.133235e+03 
2.133235e+03 
2.133235e+03 
2.133235e+03 
2.133235e+03 
2.133235e+03 
2.133235e+03 
2.133235e+03 
2.133235e+03 
2.133235e+03 
2.133235e+03 
2.133235e+03 
2.133235e+03 
2.133235e+03 
2.133235e+03 
2.133235e+03 
2.133235e+03 
2.133235e+03 
2.133235e+03 
2.133235e+03 
2.133235e+03 
2.133235e+03 
2.133235e+03 
2.133235e+03 
2.133235e+03 
2.133235e+03 
2.133235e+03 
2.133235e+03 
2.133235e+03 
2.133235e+03 
2.133235e+03 
2.133235e+03 
2.133235e+03 
2.133235e+03 
2.133235e+03 
2.133235e+03 
2.133235e+03 
2.133235e+03 
2.133235e+03 
2.133235e+03 
2.133235e+03 
2.133235e+03 
2.133235e+03 
2.133235e+03 
2.133235e+03 
2.133235e+03 
2.133235e+03 
2.133235e+03 
2.133235e+03 
2.133235e+03 
2.133235e+03 
2.133235e+03 
2.133235e+03 
2.133235e+03 
2.133235e+03 
2.133235e+03 
2.133235e+03 
2.133235e+03 
2.133235e+03 
2.133235e+03 
2.133235e+03 
2.133235e+03 
2.133235e+03 
2.133235e+03 
2.133235e+03 
2.133235e+03 
2.133235e+03 
2.133235e+03 
2.133235e+03 
2.133235e+03 
2.133235e+03 
2.133235e+03 
2.133235e+03 
2.133235e+03 
2.133235e+03 
2.133235e+03 
2.133235e+03 
2.133235e+03 
2.133235e+03 
2.133235e+03 
2.133235e+03 
2.133235e+03 
2.133235e+03 
2.133235e+03 
2.133235e+03 
2.133235e+03 
2.133235e+03 
2.133235e+03 
2.133235e+03 
2.133235e+03 
2.133235e+03 
2.133235e+03 
2.133235e+03 
2.133235e+03 
2.133235e+03 
2.133235e+03 
2.133235e+03 
2.133235e+03 
2.133235e+03 
2.133235e+03 
2.133235e+03 
2.133235e+03 
2.133235e+03 
2.133235e+03 
2.133235e+03 
2.133235e+03 
2.133235e+03 
2.133235e+03 
2.133235e+03 
2.133235e+03 
2.133235e+03 
2.133235e+03 
2.133235e+03 
2.133235e+03 
2.133235e+03 
2.133235e+03 
2.133235e+03 
2.133235e+03 
2.133235e+03 
2.133235e+03 
2.133235e+03 
2.133235e+03 
2.133235e+03 
2.133235e+03 
2.133235e+03 
2.133235e+03 
2.133235e+03 
2.133235e+03 
2.133235e+03 
2.133235e+03 
2.133235e+03 
2.133235e+03 
2.133235e+03 
2.133235e+03 
2.133235e+03 
2.133235e+03 
2.133235e+03 
2.133235e+03 
2.133235e+03 
2.133235e+03 
2.133235e+03 
2.133235e+03 
2.133235e+03 
2.133235e+03 
2.133235e+03 
2.133235e+03 
2.133235e+03 
2.133235e+03 
2.133235e+03 
2.133235e+03 
2.133235e+03 
2.133235e+03 
2.133235e+03 
2.133235e+03 
2.133235e+03 
2.133235e+03 
2.133235e+03 
2.133235e+03 
2.133235e+03 
2.133235e+03 
2.133235e+03 
2.133235e+03 
2.133235e+03 
2.133235e+03 
2.133235e+03 
2.133235e+03 
2.133235e+03 
2.133235e+03 
2.133235e+03 
2.133235e+03 
2.133235e+03 
2.133235e+03 
2.133235e+03 
2.133235e+03 
2.133235e+03 
2.133235e+03 
2.133235e+03 
2.133235e+03 
2.133235e+03 
2.133235e+03 
2.133235e+03 
2.133235e+03 
2.133235e+03 
2.133235e+03 
2.133235e+03 
2.133235e+03 
2.133235e+03 
2.133235e+03 
2.133235e+03 
2.133235e+03 
2.133235e+03 
2.133235e+03 
2.133235e+03 
2.133235e+03 
2.133235e+03 
2.132270e+03 
2.132270e+03 
2.132270e+03 
2.132270e+03 
2.132270e+03 
2.132270e+03 
2.132270e+03 
2.132270e+03 
2.132270e+03 
2.132270e+03 
2.132270e+03 
2.132270e+03 
2.132270e+03 
2.132270e+03 
2.132270e+03 
2.132270e+03 
2.132270e+03 
2.132270e+03 
2.132270e+03 
2.132270e+03 
2.132270e+03 
2.132270e+03 
2.132270e+03 
2.132270e+03 
2.132270e+03 
2.132270e+03 
2.132270e+03 
2.132270e+03 
2.132270e+03 
2.132270e+03 
2.132270e+03 
2.132266e+03 
2.132264e+03 
2.132263e+03 
2.132263e+03 
2.132263e+03 
2.132263e+03 
2.132263e+03 
2.132263e+03 
2.132263e+03 
2.132263e+03 
2.132263e+03 
2.132263e+03 
2.132263e+03 
2.132263e+03 
2.132263e+03 
2.132263e+03 
2.132263e+03 
2.132263e+03 
2.132263e+03 
2.132263e+03 
2.132263e+03 
2.132263e+03 
2.132263e+03 
2.132263e+03 
2.132263e+03 
2.132263e+03 
2.132263e+03 
2.132263e+03 
2.132263e+03 
2.132263e+03 
2.132263e+03 
2.132263e+03 
2.132263e+03 
2.132263e+03 
2.132263e+03 
2.132263e+03 
2.132263e+03 
2.132263e+03 
2.132263e+03 
2.132263e+03 
2.132263e+03 
2.132263e+03 
2.132263e+03 
2.132263e+03 
2.132263e+03 
2.132263e+03 
2.129881e+03 
2.129881e+03 
2.129881e+03 
2.129881e+03 
2.129881e+03 
2.129881e+03 
2.129881e+03 
2.129881e+03 
2.129881e+03 
2.129881e+03 
2.129881e+03 
2.129881e+03 
2.129881e+03 
2.129881e+03 
2.129881e+03 
2.129881e+03 
2.129881e+03 
2.129881e+03 
2.129881e+03 
2.129881e+03 
2.129881e+03 
2.129881e+03 
2.129881e+03 
2.129881e+03 
2.129881e+03 
2.129881e+03 
2.129881e+03 
2.129881e+03 
2.129881e+03 
2.129881e+03 
2.129881e+03 
2.129881e+03 
2.129388e+03 
2.129388e+03 
2.129035e+03 
2.129035e+03 
2.129035e+03 
2.129035e+03 
2.129035e+03 
2.129035e+03 
2.129035e+03 
2.129035e+03 
2.129035e+03 
2.129035e+03 
2.129035e+03 
2.129035e+03 
2.129035e+03 
2.129035e+03 
2.129035e+03 
2.129035e+03 
2.129035e+03 
2.129035e+03 
2.129035e+03 
2.129035e+03 
2.129035e+03 
2.129035e+03 
2.129035e+03 
2.129035e+03 
2.129035e+03 
2.129035e+03 
2.129035e+03 
2.129035e+03 
2.129035e+03 
2.129035e+03 
2.129035e+03 
2.129034e+03 
2.129034e+03 
2.129033e+03 
2.129032e+03 
2.129032e+03 
2.129032e+03 
2.129032e+03 
2.129032e+03 
2.129032e+03 
2.129032e+03 
2.129032e+03 
2.129032e+03 
2.129032e+03 
2.129032e+03 
2.129032e+03 
2.129032e+03 
2.129032e+03 
2.129032e+03 
2.129032e+03 
2.129032e+03 
2.129032e+03 
2.129032e+03 
2.129032e+03 
2.129032e+03 
2.129032e+03 
2.129032e+03 
2.129032e+03 
2.129032e+03 
2.129032e+03 
2.129032e+03 
2.129032e+03 
2.129032e+03 
2.129032e+03 
2.129032e+03 
2.129032e+03 
2.129032e+03 
2.129032e+03 
2.129032e+03 
2.129032e+03 
2.129032e+03 
2.129032e+03 
2.129032e+03 
2.129032e+03 
2.129032e+03 
2.129032e+03 
2.129032e+03 
2.129032e+03 
2.129032e+03 
2.129032e+03 
2.129032e+03 
2.129032e+03 
2.129032e+03 
2.129032e+03 
2.129032e+03 
2.129032e+03 
2.129032e+03 
2.129032e+03 
2.129032e+03 
2.129032e+03 
2.129032e+03 
2.129032e+03 
2.129032e+03 
2.129032e+03 
2.129032e+03 
2.129032e+03 
2.129032e+03 
2.129032e+03 
2.129032e+03 
2.129032e+03 
2.129032e+03 
2.129032e+03 
2.129032e+03 
2.129032e+03 
2.129032e+03 
2.129032e+03 
2.129032e+03 
2.129032e+03 
2.129032e+03 
2.129032e+03 
2.129032e+03 
2.129032e+03 
2.129032e+03 
2.129032e+03 
2.129032e+03 
2.129032e+03 
2.129032e+03 
2.129032e+03 
2.129032e+03 
2.129032e+03 
2.129032e+03 
2.129032e+03 
2.129032e+03 
2.129032e+03 
2.129032e+03 
2.129032e+03 
2.129032e+03 
2.129032e+03 
2.129032e+03 
2.129032e+03 
2.129032e+03 
2.129032e+03 
2.129032e+03 
2.129032e+03 
2.129032e+03 
2.129032e+03 
2.129032e+03 
2.129032e+03 
2.129032e+03 
2.129032e+03 
2.129032e+03 
2.129032e+03 
2.129032e+03 
2.129032e+03 
2.129032e+03 
2.129032e+03 
2.129032e+03 
2.129032e+03 
2.129032e+03 
2.129032e+03 
2.129032e+03 
2.129032e+03 
2.129032e+03 
2.129032e+03 
2.129032e+03 
2.129032e+03 
2.129032e+03 
2.129032e+03 
2.129032e+03 
2.129032e+03 
2.129032e+03 
2.129032e+03 
2.129032e+03 
2.129032e+03 
2.129032e+03 
2.129032e+03 
2.129032e+03 
2.129032e+03 
2.129032e+03 
2.129032e+03 
2.129032e+03 
2.129032e+03 
2.129032e+03 
2.129032e+03 
2.129032e+03 
2.129032e+03 
2.129032e+03 
2.129032e+03 
2.129032e+03 
2.129032e+03 
2.129032e+03 
2.129032e+03 
2.129032e+03 
2.129032e+03 
2.129032e+03 
2.129032e+03 
2.129032e+03 
2.129032e+03 
2.129032e+03 
2.129032e+03 
2.129032e+03 
2.129032e+03 
2.129032e+03 
2.129032e+03 
2.129032e+03 
2.129032e+03 
2.129032e+03 
2.129032e+03 
2.129032e+03 
2.129032e+03 
2.129032e+03 
2.129032e+03 
2.129032e+03 
2.129032e+03 
2.129032e+03 
2.129032e+03 
2.129032e+03 
2.129032e+03 
2.129032e+03 
2.129032e+03 
2.129032e+03 
2.129032e+03 
2.129032e+03 
2.129032e+03 
2.129032e+03 
2.129032e+03 
2.129032e+03 
2.129032e+03 
2.129032e+03 
2.129032e+03 
2.129032e+03 
2.129032e+03 
2.129032e+03 
2.129032e+03 
2.129032e+03 
2.129032e+03 
2.129032e+03 
2.129032e+03 
2.129032e+03 
2.129032e+03 
2.128096e+03 
2.128096e+03 
2.128096e+03 
2.128096e+03 
2.128096e+03 
2.128096e+03 
2.128096e+03 
2.128096e+03 
2.128096e+03 
2.128096e+03 
2.128096e+03 
2.128096e+03 
2.128096e+03 
2.128096e+03 
2.128096e+03 
2.128096e+03 
2.128096e+03 
2.128096e+03 
2.128096e+03 
2.128096e+03 
2.128096e+03 
2.128096e+03 
2.128096e+03 
2.128096e+03 
2.128096e+03 
2.128096e+03 
2.128096e+03 
2.128096e+03 
2.128096e+03 
2.128096e+03 
2.128096e+03 
2.128096e+03 
2.128096e+03 
2.128013e+03 
2.128013e+03 
2.128013e+03 
2.128013e+03 
2.127986e+03 
2.127970e+03 
2.127965e+03 
2.127963e+03 
2.127962e+03 
2.127962e+03 
2.127961e+03 
2.127961e+03 
2.127961e+03 
2.127961e+03 
2.127961e+03 
2.127961e+03 
2.127961e+03 
2.127961e+03 
2.127961e+03 
2.127961e+03 
2.127961e+03 
2.127961e+03 
2.127961e+03 
2.127961e+03 
2.127961e+03 
2.127961e+03 
2.127961e+03 
2.127961e+03 
2.127961e+03 
2.127961e+03 
2.127961e+03 
2.127961e+03 
2.127961e+03 
2.127961e+03 
2.127961e+03 
2.127961e+03 
2.127961e+03 
2.127961e+03 
2.127961e+03 
2.127961e+03 
2.127961e+03 
2.127961e+03 
2.127961e+03 
2.127961e+03 
2.127961e+03 
2.127961e+03 
2.127961e+03 
2.127961e+03 
2.127961e+03 
2.127961e+03 
2.127961e+03 
2.127961e+03 
2.127961e+03 
2.127961e+03 
2.127961e+03 
2.127961e+03 
2.127961e+03 
2.127961e+03 
2.127961e+03 
2.127961e+03 
2.127961e+03 
2.127961e+03 
2.127961e+03 
2.127961e+03 
2.127961e+03 
2.127961e+03 
2.127961e+03 
2.127961e+03 
2.127961e+03 
2.127961e+03 
2.127961e+03 
2.127961e+03 
2.127961e+03 
2.127961e+03 
2.127961e+03 
2.127961e+03 
2.127961e+03 
2.127961e+03 
2.127961e+03 
2.127961e+03 
2.127961e+03 
2.127961e+03 
2.127961e+03 
2.127961e+03 
2.127961e+03 
2.127961e+03 
2.127961e+03 
2.127961e+03 
2.127961e+03 
2.127961e+03 
2.127961e+03 
2.127961e+03 
2.127961e+03 
2.127961e+03 
2.127961e+03 
2.127961e+03 
2.127961e+03 
2.127961e+03 
2.127961e+03 
2.127961e+03 
2.127961e+03 
2.127961e+03 
2.127961e+03 
2.127961e+03 
2.127961e+03 
2.127961e+03 
2.127961e+03 
2.127961e+03 
2.127961e+03 
2.127961e+03 
2.127961e+03 
2.127961e+03 
2.127961e+03 
2.126638e+03 
2.126638e+03 
2.126638e+03 
2.126638e+03 
2.126638e+03 
2.126638e+03 
2.126638e+03 
2.126638e+03 
2.126638e+03 
2.126638e+03 
2.126638e+03 
2.126638e+03 
2.126638e+03 
2.126638e+03 
2.126638e+03 
2.126638e+03 
2.126638e+03 
2.126638e+03 
2.126638e+03 
2.126638e+03 
2.126634e+03 
2.126634e+03 
2.126629e+03 
2.126629e+03 
2.126629e+03 
2.126628e+03 
2.126600e+03 
2.126587e+03 
2.126582e+03 
2.126579e+03 
2.126578e+03 
2.126578e+03 
2.126578e+03 
2.126578e+03 
2.126578e+03 
2.126578e+03 
2.126577e+03 
2.126577e+03 
2.126577e+03 
2.126577e+03 
2.126577e+03 
2.126577e+03 
2.126577e+03 
2.126577e+03 
2.126577e+03 
2.126577e+03 
2.126577e+03 
2.126577e+03 
2.126577e+03 
2.126577e+03 
2.126577e+03 
2.126577e+03 
2.126577e+03 
2.126577e+03 
2.126577e+03 
2.126577e+03 
2.126577e+03 
2.126577e+03 
2.126577e+03 
2.126577e+03 
2.126577e+03 
2.126577e+03 
2.126577e+03 
2.126577e+03 
2.126577e+03 
2.126577e+03 
2.126577e+03 
2.126577e+03 
2.126577e+03 
2.126577e+03 
2.126577e+03 
2.126577e+03 
2.126577e+03 
2.126577e+03 
2.126577e+03 
2.126577e+03 
2.126577e+03 
2.126577e+03 
2.126577e+03 
2.126577e+03 
2.126577e+03 
2.126577e+03 
2.126577e+03 
2.126577e+03 
2.126577e+03 
2.126577e+03 
2.126577e+03 
2.126577e+03 
2.126577e+03 
2.126577e+03 
2.126577e+03 
2.126577e+03 
2.126577e+03 
2.126577e+03 
2.126577e+03 
2.126577e+03 
2.126577e+03 
2.126577e+03 
2.126577e+03 
2.126577e+03 
2.126577e+03 
2.126577e+03 
2.126577e+03 
2.126577e+03 
2.126577e+03 
2.126577e+03 
2.126577e+03 
2.126577e+03 
2.126577e+03 
2.126577e+03 
2.126577e+03 
2.126577e+03 
2.126577e+03 
2.126577e+03 
2.126577e+03 
2.126577e+03 
2.126577e+03 
2.126577e+03 
2.126577e+03 
2.126577e+03 
2.126577e+03 
2.126577e+03 
2.126577e+03 
2.126577e+03 
2.126577e+03 
2.126577e+03 
2.126577e+03 
2.126577e+03 
2.126577e+03 
2.126577e+03 
2.126577e+03 
2.126577e+03 
2.126577e+03 
2.126577e+03 
2.126577e+03 
2.126577e+03 
2.126577e+03 
2.126577e+03 
2.126577e+03 
2.126577e+03 
2.126577e+03 
2.126577e+03 
2.126577e+03 
2.126577e+03 
2.126577e+03 
2.126577e+03 
2.126577e+03 
2.126577e+03 
2.126577e+03 
2.126577e+03 
2.126577e+03 
2.126577e+03 
2.126577e+03 
2.126577e+03 
2.126577e+03 
2.126577e+03 
2.126577e+03 
2.126577e+03 
2.126577e+03 
2.126577e+03 
2.126577e+03 
2.126577e+03 
2.126577e+03 
2.126577e+03 
2.125929e+03 
2.125242e+03 
2.125242e+03 
2.124600e+03 
2.124363e+03 
2.124308e+03 
2.124308e+03 
2.124308e+03 
2.124155e+03 
2.124098e+03 
2.124095e+03 
2.124095e+03 
2.124091e+03 
2.124091e+03 
2.124089e+03 
2.124054e+03 
2.124006e+03 
2.123990e+03 
2.123984e+03 
2.123929e+03 
2.123881e+03 
2.123844e+03 
2.123801e+03 
2.123776e+03 
2.123762e+03 
2.123740e+03 
2.123732e+03 
2.123725e+03 
2.123718e+03 
2.123714e+03 
2.123711e+03 
2.123709e+03 
2.123707e+03 
2.123705e+03 
2.123703e+03 
2.123701e+03 
2.123701e+03 
2.123700e+03 
2.123699e+03 
2.123698e+03 
2.123697e+03 
2.123697e+03 
2.123697e+03 
2.123697e+03 
2.123697e+03 
2.123697e+03 
2.123697e+03 
2.123697e+03 
2.123697e+03 
2.123697e+03 
2.123697e+03 
2.123697e+03 
2.123697e+03 
2.123697e+03 
2.123697e+03 
2.123697e+03 
2.123697e+03 
2.123697e+03 
2.123697e+03 
2.123697e+03 
2.123676e+03 
2.123676e+03 
2.123665e+03 
2.123648e+03 
2.123636e+03 
2.123620e+03 
2.123501e+03 
2.123394e+03 
2.123336e+03 
2.123319e+03 
2.123312e+03 
2.123096e+03 
2.122974e+03 
2.122941e+03 
2.122910e+03 
2.122881e+03 
2.122865e+03 
2.122848e+03 
2.122843e+03 
2.122819e+03 
2.122810e+03 
2.122804e+03 
2.122800e+03 
2.122797e+03 
2.122797e+03 
2.122796e+03 
2.122796e+03 
2.122796e+03 
2.122796e+03 
2.122796e+03 
2.122796e+03 
2.122796e+03 
2.122796e+03 
2.122795e+03 
2.122795e+03 
2.122795e+03 
2.122795e+03 
2.122795e+03 
2.122795e+03 
2.122794e+03 
2.122794e+03 
2.122794e+03 
2.122794e+03 
2.122794e+03 
2.122794e+03 
2.122794e+03 
2.122794e+03 
2.122794e+03 
2.122794e+03 
2.122794e+03 
2.122794e+03 
2.122794e+03 
2.122794e+03 
2.122794e+03 
2.122794e+03 
2.122794e+03 
2.122794e+03 
2.122794e+03 
2.122794e+03 
2.122794e+03 
2.122794e+03 
2.122794e+03 
2.122794e+03 
2.122785e+03 
2.122785e+03 
2.122785e+03 
2.122775e+03 
2.122775e+03 
2.122775e+03 
2.122775e+03 
2.122775e+03 
2.122775e+03 
2.122774e+03 
2.122774e+03 
2.122773e+03 
2.122773e+03 
2.122773e+03 
2.122773e+03 
2.122773e+03 
2.122773e+03 
2.122773e+03 
2.122773e+03 
2.122772e+03 
2.122772e+03 
2.122772e+03 
2.122772e+03 
2.122772e+03 
2.122772e+03 
2.122772e+03 
2.122772e+03 
2.122772e+03 
2.122772e+03 
2.122772e+03 
2.122772e+03 
2.122772e+03 
2.122772e+03 
2.122772e+03 
2.122772e+03 
2.122772e+03 
2.122772e+03 
2.122772e+03 
2.122772e+03 
2.122772e+03 
2.122772e+03 
2.122772e+03 
2.122772e+03 
2.122772e+03 
2.122772e+03 
2.122772e+03 
2.122772e+03 
2.122772e+03 
2.122772e+03 
2.122772e+03 
2.122772e+03 
2.122772e+03 
2.122772e+03 
2.122772e+03 
2.122772e+03 
2.122772e+03 
2.122772e+03 
2.122772e+03 
2.122772e+03 
2.122772e+03 
2.122771e+03 
2.122771e+03 
2.122771e+03 
2.122770e+03 
2.122770e+03 
2.122770e+03 
2.122770e+03 
2.122770e+03 
2.122770e+03 
2.122770e+03 
2.122770e+03 
2.122770e+03 
2.122770e+03 
2.122770e+03 
2.122770e+03 
2.122770e+03 
2.122770e+03 
2.122770e+03 
2.122770e+03 
2.122770e+03 
2.122770e+03 
2.122769e+03 
2.122769e+03 
2.122769e+03 
2.122769e+03 
2.122768e+03 
2.122768e+03 
2.122768e+03 
2.122768e+03 
2.122768e+03 
2.122768e+03 
2.122768e+03 
2.122767e+03 
2.122767e+03 
2.122767e+03 
2.122766e+03 
2.122766e+03 
2.122765e+03 
2.122765e+03 
2.122765e+03 
2.122765e+03 
2.122764e+03 
2.122764e+03 
2.122764e+03 
2.122764e+03 
2.122764e+03 
2.122764e+03 
2.122764e+03 
2.122764e+03 
2.122764e+03 
2.122764e+03 
2.122764e+03 
2.122764e+03 
2.122764e+03 
2.122764e+03 
2.122764e+03 
2.122764e+03 
2.122764e+03 
2.122764e+03 
2.122764e+03 
2.122764e+03 
2.122764e+03 
2.122764e+03 
2.122764e+03 
2.122764e+03 
2.122764e+03 
2.122764e+03 
2.122762e+03 
2.122762e+03 
2.122759e+03 
2.122759e+03 
2.122759e+03 
2.122759e+03 
2.122757e+03 
2.122756e+03 
2.122756e+03 
2.122756e+03 
2.122756e+03 
2.122755e+03 
2.122755e+03 
2.122755e+03 
2.122755e+03 
2.122755e+03 
2.122755e+03 
2.122755e+03 
2.122755e+03 
2.122755e+03 
2.122755e+03 
2.122755e+03 
2.122755e+03 
2.122755e+03 
2.122755e+03 
2.122755e+03 
2.122753e+03 
2.122753e+03 
2.122752e+03 
2.122751e+03 
2.122751e+03 
2.122750e+03 
2.122750e+03 
2.122750e+03 
2.122750e+03 
2.122750e+03 
2.122750e+03 
2.122750e+03 
2.122750e+03 
2.122750e+03 
2.122750e+03 
2.122750e+03 
2.122750e+03 
2.122750e+03 
2.122750e+03 
2.122750e+03 
2.122750e+03 
2.122750e+03 
2.122750e+03 
2.122750e+03 
2.122749e+03 
2.122749e+03 
2.122747e+03 
2.122746e+03 
2.122745e+03 
2.122745e+03 
2.122745e+03 
2.122745e+03 
2.122745e+03 
2.122745e+03 
2.122745e+03 
2.122745e+03 
2.122739e+03 
2.122739e+03 
2.122739e+03 
2.122737e+03 
2.122737e+03 
2.122737e+03 
2.122730e+03 
2.122727e+03 
2.122725e+03 
2.122725e+03 
2.122687e+03 
2.122687e+03 
2.122673e+03 
2.122673e+03 
2.122673e+03 
2.122673e+03 
2.122665e+03 
2.122662e+03 
2.122662e+03 
2.122651e+03 
2.122641e+03 
2.122640e+03 
2.122634e+03 
2.122631e+03 
2.122629e+03 
2.122627e+03 
2.122627e+03 
2.122626e+03 
2.122625e+03 
2.122625e+03 
2.122624e+03 
2.122623e+03 
2.122622e+03 
2.122622e+03 
2.122621e+03 
2.122621e+03 
2.122619e+03 
2.122619e+03 
2.122618e+03 
2.122618e+03 
2.122618e+03 
2.122617e+03 
2.122617e+03 
2.122616e+03 
2.122615e+03 
2.122614e+03 
2.122613e+03 
2.122613e+03 
2.122613e+03 
2.122612e+03 
2.122611e+03 
2.122609e+03 
2.122609e+03 
2.122608e+03 
2.122608e+03 
2.122608e+03 
2.122608e+03 
2.122607e+03 
2.122607e+03 
2.122606e+03 
2.122606e+03 
2.122605e+03 
2.122605e+03 
2.122605e+03 
2.122605e+03 
2.122604e+03 
2.122604e+03 
2.122604e+03 
2.122604e+03 
2.122604e+03 
2.122604e+03 
2.122604e+03 
2.122604e+03 
2.122604e+03 
2.122604e+03 
2.122604e+03 
2.122604e+03 
2.122604e+03 
2.122604e+03 
