1.802461e+04 
7.002807e+03 
4.025615e+03 
3.517415e+03 
3.517415e+03 
3.517415e+03 
3.517415e+03 
3.517415e+03 
3.517415e+03 
3.479304e+03 
3.479304e+03 
3.479304e+03 
3.479304e+03 
3.452420e+03 
3.452420e+03 
3.452420e+03 
3.452420e+03 
3.452420e+03 
3.452420e+03 
3.452420e+03 
3.452420e+03 
3.452420e+03 
3.452420e+03 
3.452420e+03 
3.452420e+03 
3.452420e+03 
3.452420e+03 
3.084973e+03 
3.084973e+03 
3.084973e+03 
3.084973e+03 
3.084973e+03 
3.084973e+03 
3.084973e+03 
3.084973e+03 
3.084973e+03 
3.084973e+03 
3.084973e+03 
3.084973e+03 
3.084973e+03 
3.084973e+03 
3.084973e+03 
3.084973e+03 
3.084973e+03 
3.084973e+03 
3.084973e+03 
3.084973e+03 
3.084973e+03 
3.084973e+03 
3.084973e+03 
3.084973e+03 
3.084973e+03 
3.084973e+03 
3.084973e+03 
3.084973e+03 
3.084973e+03 
3.084973e+03 
3.084973e+03 
3.084973e+03 
3.084973e+03 
3.084973e+03 
3.084973e+03 
3.084973e+03 
3.084973e+03 
3.084973e+03 
3.084973e+03 
3.084973e+03 
3.084973e+03 
3.084973e+03 
3.084973e+03 
3.084973e+03 
3.084973e+03 
3.084973e+03 
3.084973e+03 
3.084973e+03 
3.084973e+03 
3.084973e+03 
3.084973e+03 
3.084973e+03 
3.084973e+03 
3.084973e+03 
3.084973e+03 
3.084973e+03 
3.026250e+03 
3.026250e+03 
3.026250e+03 
3.026250e+03 
3.026250e+03 
3.026250e+03 
3.026250e+03 
3.026250e+03 
3.026250e+03 
3.026250e+03 
3.026250e+03 
3.026250e+03 
3.026250e+03 
3.026250e+03 
3.026250e+03 
3.026250e+03 
3.026250e+03 
3.026250e+03 
3.026250e+03 
3.026250e+03 
3.026250e+03 
3.026250e+03 
3.026250e+03 
3.026250e+03 
3.026250e+03 
3.026250e+03 
3.026250e+03 
3.026250e+03 
3.026250e+03 
3.026250e+03 
3.026250e+03 
3.026250e+03 
3.026250e+03 
3.026250e+03 
3.026250e+03 
3.026250e+03 
3.026250e+03 
3.026250e+03 
3.026250e+03 
3.026250e+03 
3.026250e+03 
3.026250e+03 
3.026250e+03 
3.026250e+03 
3.026250e+03 
3.026250e+03 
3.026250e+03 
3.026250e+03 
3.026250e+03 
3.026250e+03 
3.026250e+03 
3.026250e+03 
3.026250e+03 
3.026250e+03 
3.026250e+03 
3.026250e+03 
3.026250e+03 
3.026250e+03 
3.026250e+03 
3.026250e+03 
3.026250e+03 
3.026250e+03 
3.026250e+03 
3.026250e+03 
3.026250e+03 
3.026250e+03 
3.026250e+03 
3.026250e+03 
3.026250e+03 
3.026250e+03 
3.026250e+03 
3.026250e+03 
3.026250e+03 
3.026250e+03 
3.026250e+03 
3.026250e+03 
3.026250e+03 
3.026250e+03 
3.026250e+03 
3.026250e+03 
3.026250e+03 
3.026250e+03 
3.026250e+03 
3.026250e+03 
3.026250e+03 
3.026250e+03 
3.026250e+03 
3.026250e+03 
3.026250e+03 
3.026250e+03 
3.026250e+03 
3.026250e+03 
3.026250e+03 
3.026250e+03 
3.026250e+03 
3.026250e+03 
3.026250e+03 
3.026250e+03 
3.026250e+03 
3.026250e+03 
3.026250e+03 
3.026250e+03 
3.026250e+03 
3.026250e+03 
3.026250e+03 
3.026250e+03 
3.026250e+03 
3.026250e+03 
3.026250e+03 
3.026250e+03 
3.026250e+03 
3.026250e+03 
3.026250e+03 
3.026250e+03 
3.026250e+03 
3.026250e+03 
3.026250e+03 
3.026250e+03 
3.026250e+03 
3.026250e+03 
3.026250e+03 
3.026250e+03 
3.026250e+03 
3.026250e+03 
3.026250e+03 
3.026250e+03 
3.026250e+03 
3.026250e+03 
3.026250e+03 
3.026250e+03 
3.026250e+03 
3.026250e+03 
3.026250e+03 
3.026250e+03 
3.026250e+03 
3.026250e+03 
3.026250e+03 
3.026250e+03 
3.026250e+03 
3.026250e+03 
3.026250e+03 
3.026250e+03 
3.026250e+03 
3.026250e+03 
3.026250e+03 
3.026250e+03 
3.026250e+03 
3.026250e+03 
3.026250e+03 
3.026250e+03 
3.026250e+03 
3.026250e+03 
3.026250e+03 
3.026250e+03 
3.026250e+03 
3.026250e+03 
3.026250e+03 
3.026250e+03 
3.026250e+03 
3.026250e+03 
3.026250e+03 
3.026250e+03 
3.026250e+03 
3.026250e+03 
3.026250e+03 
3.026250e+03 
3.026250e+03 
3.026250e+03 
3.026250e+03 
3.026250e+03 
3.026250e+03 
3.026250e+03 
3.026250e+03 
3.026250e+03 
3.026250e+03 
3.026250e+03 
3.026250e+03 
3.026250e+03 
3.026250e+03 
3.026250e+03 
3.026250e+03 
3.026250e+03 
3.026250e+03 
3.026250e+03 
3.026250e+03 
3.026250e+03 
3.026250e+03 
3.026250e+03 
3.026250e+03 
3.026250e+03 
3.026250e+03 
3.026250e+03 
3.026250e+03 
3.026250e+03 
3.026250e+03 
3.026250e+03 
3.026250e+03 
3.026250e+03 
3.026250e+03 
3.026250e+03 
2.848176e+03 
2.848176e+03 
2.848176e+03 
2.848176e+03 
2.848176e+03 
2.848176e+03 
2.848176e+03 
2.848176e+03 
2.848176e+03 
2.848176e+03 
2.848176e+03 
2.848176e+03 
2.848176e+03 
2.848176e+03 
2.848176e+03 
2.848176e+03 
2.848176e+03 
2.848176e+03 
2.848176e+03 
2.848176e+03 
2.848176e+03 
2.848176e+03 
2.848176e+03 
2.848176e+03 
2.848176e+03 
2.848176e+03 
2.848176e+03 
2.848176e+03 
2.848176e+03 
2.848176e+03 
2.848176e+03 
2.848176e+03 
2.848176e+03 
2.848176e+03 
2.848176e+03 
2.848176e+03 
2.848176e+03 
2.848176e+03 
2.848176e+03 
2.848176e+03 
2.848176e+03 
2.848176e+03 
2.848176e+03 
2.848176e+03 
2.848176e+03 
2.848176e+03 
2.848176e+03 
2.848176e+03 
2.848176e+03 
2.848176e+03 
2.848176e+03 
2.848176e+03 
2.848176e+03 
2.848176e+03 
2.848176e+03 
2.848176e+03 
2.848176e+03 
2.848176e+03 
2.848176e+03 
2.848176e+03 
2.848176e+03 
2.848176e+03 
2.848176e+03 
2.848176e+03 
2.848176e+03 
2.848176e+03 
2.848176e+03 
2.848176e+03 
2.848176e+03 
2.848176e+03 
2.848176e+03 
2.848176e+03 
2.848176e+03 
2.848176e+03 
2.848176e+03 
2.848176e+03 
2.848176e+03 
2.848176e+03 
2.848176e+03 
2.848176e+03 
2.848176e+03 
2.848176e+03 
2.848176e+03 
2.848176e+03 
2.848176e+03 
2.848176e+03 
2.848176e+03 
2.848176e+03 
2.848176e+03 
2.848176e+03 
2.848176e+03 
2.848176e+03 
2.848176e+03 
2.848176e+03 
2.848176e+03 
2.848176e+03 
2.848176e+03 
2.848176e+03 
2.848176e+03 
2.848176e+03 
2.848176e+03 
2.848176e+03 
2.848176e+03 
2.848176e+03 
2.848176e+03 
2.848176e+03 
2.848176e+03 
2.848176e+03 
2.848176e+03 
2.848176e+03 
2.848176e+03 
2.848176e+03 
2.848176e+03 
2.848176e+03 
2.848176e+03 
2.848176e+03 
2.848176e+03 
2.848176e+03 
2.848176e+03 
2.848176e+03 
2.848176e+03 
2.848176e+03 
2.848176e+03 
2.848176e+03 
2.848176e+03 
2.848176e+03 
2.848176e+03 
2.848176e+03 
2.848176e+03 
2.848176e+03 
2.848176e+03 
2.848176e+03 
2.848176e+03 
2.848176e+03 
2.848176e+03 
2.848176e+03 
2.848176e+03 
2.848176e+03 
2.848176e+03 
2.848176e+03 
2.848176e+03 
2.848176e+03 
2.848176e+03 
2.848176e+03 
2.848176e+03 
2.848176e+03 
2.848176e+03 
2.848176e+03 
2.848176e+03 
2.848176e+03 
2.848176e+03 
2.848176e+03 
2.848176e+03 
2.848176e+03 
2.848176e+03 
2.848176e+03 
2.848176e+03 
2.848176e+03 
2.848176e+03 
2.848176e+03 
2.848176e+03 
2.848176e+03 
2.848176e+03 
2.848176e+03 
2.848176e+03 
2.848176e+03 
2.848176e+03 
2.848176e+03 
2.848176e+03 
2.848176e+03 
2.848176e+03 
2.848176e+03 
2.848176e+03 
2.848176e+03 
2.848176e+03 
2.848176e+03 
2.848176e+03 
2.848176e+03 
2.848176e+03 
2.848176e+03 
2.848176e+03 
2.848176e+03 
2.848176e+03 
2.848176e+03 
2.848176e+03 
2.848176e+03 
2.848176e+03 
2.848176e+03 
2.848176e+03 
2.848176e+03 
2.848176e+03 
2.848176e+03 
2.848176e+03 
2.848176e+03 
2.848176e+03 
2.848176e+03 
2.848176e+03 
2.848176e+03 
2.848176e+03 
2.848176e+03 
2.848176e+03 
2.848176e+03 
2.848176e+03 
2.848176e+03 
2.848176e+03 
2.848176e+03 
2.848176e+03 
2.848176e+03 
2.848176e+03 
2.848176e+03 
2.848176e+03 
2.848176e+03 
2.848176e+03 
2.848176e+03 
2.848176e+03 
2.848176e+03 
2.848176e+03 
2.848176e+03 
2.848176e+03 
2.848176e+03 
2.848176e+03 
2.848176e+03 
2.848176e+03 
2.848176e+03 
2.848176e+03 
2.848176e+03 
2.848176e+03 
2.848176e+03 
2.848176e+03 
2.848176e+03 
2.848176e+03 
2.848176e+03 
2.848176e+03 
2.848176e+03 
2.848176e+03 
2.848176e+03 
2.848176e+03 
2.848176e+03 
2.848176e+03 
2.848176e+03 
2.848176e+03 
2.848176e+03 
2.848176e+03 
2.848176e+03 
2.848176e+03 
2.848176e+03 
2.848176e+03 
2.848176e+03 
2.848176e+03 
2.848176e+03 
2.848176e+03 
2.848176e+03 
2.848176e+03 
2.848176e+03 
2.848176e+03 
2.848176e+03 
2.848176e+03 
2.848176e+03 
2.848176e+03 
2.848176e+03 
2.848176e+03 
2.848176e+03 
2.848176e+03 
2.848176e+03 
2.848176e+03 
2.848176e+03 
2.848176e+03 
2.848176e+03 
2.848176e+03 
2.848176e+03 
2.848176e+03 
2.848176e+03 
2.848176e+03 
2.848176e+03 
2.848176e+03 
2.848176e+03 
2.848176e+03 
2.848176e+03 
2.848176e+03 
2.848176e+03 
2.848176e+03 
2.848176e+03 
2.848176e+03 
2.848176e+03 
2.848176e+03 
2.848176e+03 
2.848176e+03 
2.848176e+03 
2.848176e+03 
2.848176e+03 
2.848176e+03 
2.848176e+03 
2.848176e+03 
2.848176e+03 
2.848176e+03 
2.848176e+03 
2.848176e+03 
2.848176e+03 
2.848176e+03 
2.848176e+03 
2.848176e+03 
2.848176e+03 
2.848176e+03 
2.848176e+03 
2.848176e+03 
2.848176e+03 
2.848176e+03 
2.848176e+03 
2.848176e+03 
2.848176e+03 
2.848176e+03 
2.848176e+03 
2.848176e+03 
2.848176e+03 
2.848176e+03 
2.848176e+03 
2.848176e+03 
2.848176e+03 
2.848176e+03 
2.848176e+03 
2.848176e+03 
2.848176e+03 
2.848176e+03 
2.848176e+03 
2.848176e+03 
2.848176e+03 
2.848176e+03 
2.848176e+03 
2.848176e+03 
2.848176e+03 
2.848176e+03 
2.848176e+03 
2.848176e+03 
2.848176e+03 
2.848176e+03 
2.848176e+03 
2.848176e+03 
2.848176e+03 
2.848176e+03 
2.848176e+03 
2.848176e+03 
2.848176e+03 
2.848176e+03 
2.848176e+03 
2.848176e+03 
2.848176e+03 
2.848176e+03 
2.848176e+03 
2.848176e+03 
2.848176e+03 
2.848176e+03 
2.848176e+03 
2.848176e+03 
2.848176e+03 
2.848176e+03 
2.848176e+03 
2.848176e+03 
2.848176e+03 
2.848176e+03 
2.848176e+03 
2.848176e+03 
2.848176e+03 
2.848176e+03 
2.848176e+03 
2.848176e+03 
2.848176e+03 
2.848176e+03 
2.848176e+03 
2.848176e+03 
2.848176e+03 
2.848176e+03 
2.848176e+03 
2.848176e+03 
2.848176e+03 
2.848176e+03 
2.848176e+03 
2.848176e+03 
2.848176e+03 
2.848176e+03 
2.848176e+03 
2.848176e+03 
2.848176e+03 
2.848176e+03 
2.848176e+03 
2.848176e+03 
2.848176e+03 
2.848176e+03 
2.848176e+03 
2.848176e+03 
2.848176e+03 
2.848176e+03 
2.848176e+03 
2.848176e+03 
2.848176e+03 
2.848176e+03 
2.848176e+03 
2.848176e+03 
2.848176e+03 
2.848176e+03 
2.848176e+03 
2.848176e+03 
2.848176e+03 
2.848176e+03 
2.848176e+03 
2.848176e+03 
2.848176e+03 
2.848176e+03 
2.848176e+03 
2.848176e+03 
2.848176e+03 
2.848176e+03 
2.848176e+03 
2.848176e+03 
2.848176e+03 
2.848176e+03 
2.848176e+03 
2.848176e+03 
2.848176e+03 
2.848176e+03 
2.848176e+03 
2.848176e+03 
2.848176e+03 
2.848176e+03 
2.848176e+03 
2.848176e+03 
2.848176e+03 
2.848176e+03 
2.848176e+03 
2.848176e+03 
2.848176e+03 
2.848176e+03 
2.848176e+03 
2.848176e+03 
2.848176e+03 
2.848176e+03 
2.848176e+03 
2.848176e+03 
2.848176e+03 
2.848176e+03 
2.848176e+03 
2.848176e+03 
2.848176e+03 
2.848176e+03 
2.848176e+03 
2.848176e+03 
2.848176e+03 
2.848176e+03 
2.848176e+03 
2.848176e+03 
2.848176e+03 
2.848176e+03 
2.848176e+03 
2.848176e+03 
2.848176e+03 
2.848176e+03 
2.848176e+03 
2.848176e+03 
2.848176e+03 
2.848176e+03 
2.848176e+03 
2.848176e+03 
2.848176e+03 
2.848176e+03 
2.848176e+03 
2.848176e+03 
2.848176e+03 
2.848176e+03 
2.848176e+03 
2.848176e+03 
2.848176e+03 
2.848176e+03 
2.848176e+03 
2.848176e+03 
2.848176e+03 
2.848176e+03 
2.848176e+03 
2.848176e+03 
2.848176e+03 
2.848176e+03 
2.848176e+03 
2.848176e+03 
2.848176e+03 
2.848176e+03 
2.848176e+03 
2.848176e+03 
2.848176e+03 
2.848176e+03 
2.848176e+03 
2.848176e+03 
2.848176e+03 
2.848176e+03 
2.848176e+03 
2.848176e+03 
2.848176e+03 
2.848176e+03 
2.848176e+03 
2.848176e+03 
2.848176e+03 
2.848176e+03 
2.848176e+03 
2.848176e+03 
2.848176e+03 
2.848176e+03 
2.848176e+03 
2.848176e+03 
2.848176e+03 
2.848176e+03 
2.848176e+03 
2.848176e+03 
2.848176e+03 
2.848176e+03 
2.848176e+03 
2.848176e+03 
2.848176e+03 
2.848176e+03 
2.848176e+03 
2.848176e+03 
2.848176e+03 
2.848176e+03 
2.848176e+03 
2.848176e+03 
2.848176e+03 
2.848176e+03 
2.848176e+03 
2.848176e+03 
2.848176e+03 
2.848176e+03 
2.848176e+03 
2.848176e+03 
2.848176e+03 
2.848176e+03 
2.848176e+03 
2.848176e+03 
2.848176e+03 
2.848176e+03 
2.848176e+03 
2.848176e+03 
2.848176e+03 
2.848176e+03 
2.848176e+03 
2.848176e+03 
2.848176e+03 
2.848176e+03 
2.848176e+03 
2.848176e+03 
2.848176e+03 
2.848176e+03 
2.848176e+03 
2.848176e+03 
2.848176e+03 
2.848176e+03 
2.848176e+03 
2.848176e+03 
2.848176e+03 
2.848176e+03 
2.848176e+03 
2.848176e+03 
2.848176e+03 
2.848176e+03 
2.848176e+03 
2.848176e+03 
2.848176e+03 
2.848176e+03 
2.848176e+03 
2.848176e+03 
2.848176e+03 
2.848176e+03 
2.848176e+03 
2.848176e+03 
2.848176e+03 
2.848176e+03 
2.848176e+03 
2.848176e+03 
2.848176e+03 
2.848176e+03 
2.848176e+03 
2.848176e+03 
2.848176e+03 
2.848176e+03 
2.848176e+03 
2.848176e+03 
2.848176e+03 
2.848176e+03 
2.848176e+03 
2.848176e+03 
2.848176e+03 
2.848176e+03 
2.848176e+03 
2.848176e+03 
2.848176e+03 
2.848176e+03 
2.848176e+03 
2.848176e+03 
2.848176e+03 
2.848176e+03 
2.848176e+03 
2.848176e+03 
2.848176e+03 
2.848176e+03 
2.848176e+03 
2.848176e+03 
2.848176e+03 
2.848176e+03 
2.848176e+03 
2.848176e+03 
2.848176e+03 
2.848176e+03 
2.848176e+03 
2.848176e+03 
2.848176e+03 
2.848176e+03 
2.848176e+03 
2.848176e+03 
2.848176e+03 
2.848176e+03 
2.848176e+03 
2.848176e+03 
2.848176e+03 
2.848176e+03 
2.848176e+03 
2.848176e+03 
2.848176e+03 
2.848176e+03 
2.848176e+03 
2.848176e+03 
2.848176e+03 
2.848176e+03 
2.848176e+03 
2.848176e+03 
2.848176e+03 
2.848176e+03 
2.848176e+03 
2.848176e+03 
2.848176e+03 
2.848176e+03 
2.848176e+03 
2.848176e+03 
2.848176e+03 
2.848176e+03 
2.848176e+03 
2.848176e+03 
2.848176e+03 
2.848176e+03 
2.848176e+03 
2.848176e+03 
2.848176e+03 
2.848176e+03 
2.848176e+03 
2.848176e+03 
2.848176e+03 
2.848176e+03 
2.848176e+03 
2.848176e+03 
2.848176e+03 
2.848176e+03 
2.848176e+03 
2.848176e+03 
2.848176e+03 
2.848176e+03 
2.848176e+03 
2.848176e+03 
2.848176e+03 
2.848176e+03 
2.848176e+03 
2.848176e+03 
2.848176e+03 
2.848176e+03 
2.848176e+03 
2.848176e+03 
2.848176e+03 
2.848176e+03 
2.848176e+03 
2.848176e+03 
2.848176e+03 
2.848176e+03 
2.848176e+03 
2.848176e+03 
2.848176e+03 
2.848176e+03 
2.848176e+03 
2.848176e+03 
2.848176e+03 
2.848176e+03 
2.848176e+03 
2.848176e+03 
2.848176e+03 
2.848176e+03 
2.848176e+03 
2.848176e+03 
2.848176e+03 
2.848176e+03 
2.848176e+03 
2.848176e+03 
2.848176e+03 
2.848176e+03 
2.848176e+03 
2.848176e+03 
2.848176e+03 
2.848176e+03 
2.848176e+03 
2.848176e+03 
2.848176e+03 
2.848176e+03 
2.848176e+03 
2.848176e+03 
2.848176e+03 
2.848176e+03 
2.848176e+03 
2.848176e+03 
2.848176e+03 
2.848176e+03 
2.848176e+03 
2.848176e+03 
2.848176e+03 
2.848176e+03 
2.848176e+03 
2.848176e+03 
2.848176e+03 
2.848176e+03 
2.848176e+03 
2.848176e+03 
2.848176e+03 
2.848176e+03 
2.848176e+03 
2.848176e+03 
2.848176e+03 
2.848176e+03 
2.848176e+03 
2.848176e+03 
2.848176e+03 
2.848176e+03 
2.848176e+03 
2.848176e+03 
2.848176e+03 
2.848176e+03 
2.848176e+03 
2.848176e+03 
2.848176e+03 
2.848176e+03 
2.848176e+03 
2.848176e+03 
2.848176e+03 
2.848176e+03 
2.848176e+03 
2.848176e+03 
2.848176e+03 
2.848176e+03 
2.848176e+03 
2.848176e+03 
2.848176e+03 
2.848176e+03 
2.848176e+03 
2.848176e+03 
2.848176e+03 
2.848176e+03 
2.848176e+03 
2.848176e+03 
2.848176e+03 
2.848176e+03 
2.848176e+03 
2.848176e+03 
2.848176e+03 
2.848176e+03 
2.848176e+03 
2.848176e+03 
2.848176e+03 
2.848176e+03 
2.848176e+03 
2.848176e+03 
2.848176e+03 
2.848176e+03 
2.848176e+03 
2.848176e+03 
2.848176e+03 
2.848176e+03 
2.848176e+03 
2.848176e+03 
2.848176e+03 
2.848176e+03 
2.848176e+03 
2.848176e+03 
2.848176e+03 
2.848176e+03 
2.848176e+03 
2.848176e+03 
2.848176e+03 
2.848176e+03 
2.848176e+03 
2.848176e+03 
2.848176e+03 
2.848176e+03 
2.848176e+03 
2.848176e+03 
2.848176e+03 
2.848176e+03 
2.848176e+03 
2.848176e+03 
2.848176e+03 
2.848176e+03 
2.848176e+03 
2.848176e+03 
2.848176e+03 
2.848176e+03 
2.848176e+03 
2.848176e+03 
2.848176e+03 
2.848176e+03 
2.848176e+03 
2.848176e+03 
2.848176e+03 
2.848176e+03 
2.848176e+03 
2.848176e+03 
2.848176e+03 
2.848176e+03 
2.848176e+03 
2.848176e+03 
2.848176e+03 
2.848176e+03 
2.848176e+03 
2.848176e+03 
2.848176e+03 
2.848176e+03 
2.848176e+03 
2.848176e+03 
2.848176e+03 
2.848176e+03 
2.848176e+03 
2.848176e+03 
2.848176e+03 
2.848176e+03 
2.848176e+03 
2.848176e+03 
2.848176e+03 
2.848176e+03 
2.848176e+03 
2.848176e+03 
2.848176e+03 
2.848176e+03 
2.848176e+03 
2.848176e+03 
2.848176e+03 
2.848176e+03 
2.848176e+03 
2.848176e+03 
2.848176e+03 
2.848176e+03 
2.848176e+03 
2.848176e+03 
2.848176e+03 
2.848176e+03 
2.848176e+03 
2.848176e+03 
2.848176e+03 
2.848176e+03 
2.848176e+03 
2.848176e+03 
2.848176e+03 
2.848176e+03 
2.848176e+03 
2.848176e+03 
2.848176e+03 
2.848176e+03 
2.848176e+03 
2.848176e+03 
2.848176e+03 
2.848176e+03 
2.848176e+03 
2.848176e+03 
2.848176e+03 
2.848176e+03 
2.848176e+03 
2.848176e+03 
2.848176e+03 
2.848176e+03 
2.848176e+03 
2.848176e+03 
2.848176e+03 
2.848176e+03 
2.848176e+03 
2.848176e+03 
2.848176e+03 
2.848176e+03 
2.848176e+03 
2.848176e+03 
2.848176e+03 
2.848176e+03 
2.848176e+03 
2.848176e+03 
2.848176e+03 
2.848176e+03 
2.848176e+03 
2.848176e+03 
2.848176e+03 
2.848176e+03 
2.848176e+03 
2.848176e+03 
2.848176e+03 
2.848176e+03 
2.848176e+03 
2.848176e+03 
2.848176e+03 
2.848176e+03 
2.848176e+03 
2.848176e+03 
2.848176e+03 
2.848176e+03 
2.848176e+03 
2.848176e+03 
2.848176e+03 
2.848176e+03 
2.848176e+03 
2.848176e+03 
2.848176e+03 
2.848176e+03 
2.848176e+03 
2.848176e+03 
2.848176e+03 
2.848176e+03 
2.848176e+03 
2.848176e+03 
2.848176e+03 
2.848176e+03 
2.848176e+03 
2.848176e+03 
2.848176e+03 
2.848176e+03 
2.848176e+03 
2.848176e+03 
2.848176e+03 
2.848176e+03 
2.848176e+03 
2.848176e+03 
2.848176e+03 
2.848176e+03 
2.848176e+03 
2.848176e+03 
2.848176e+03 
2.848176e+03 
2.848176e+03 
2.848176e+03 
2.848176e+03 
2.848176e+03 
2.848176e+03 
2.848176e+03 
2.848176e+03 
2.848176e+03 
2.848176e+03 
2.848176e+03 
2.848176e+03 
2.848176e+03 
2.848176e+03 
2.848176e+03 
2.848176e+03 
2.848176e+03 
2.848176e+03 
2.848176e+03 
2.848176e+03 
2.848176e+03 
2.848176e+03 
2.848176e+03 
2.848176e+03 
2.848176e+03 
2.848176e+03 
2.848176e+03 
2.848176e+03 
2.848176e+03 
2.848176e+03 
2.848176e+03 
2.848176e+03 
2.848176e+03 
2.848176e+03 
2.848176e+03 
2.848176e+03 
2.848176e+03 
2.848176e+03 
2.848176e+03 
2.848176e+03 
2.848176e+03 
2.848176e+03 
2.848176e+03 
2.848176e+03 
2.848176e+03 
2.848176e+03 
2.848176e+03 
2.848176e+03 
2.848176e+03 
2.848176e+03 
2.848176e+03 
2.848176e+03 
2.848176e+03 
2.848176e+03 
2.848176e+03 
2.848176e+03 
2.848176e+03 
2.848176e+03 
2.848176e+03 
2.848176e+03 
2.848176e+03 
2.848176e+03 
2.848176e+03 
2.848176e+03 
2.848176e+03 
2.848176e+03 
2.848176e+03 
2.848176e+03 
2.848176e+03 
2.848176e+03 
2.848176e+03 
2.848176e+03 
2.848176e+03 
2.848176e+03 
2.848176e+03 
2.848176e+03 
2.848176e+03 
2.848176e+03 
2.848176e+03 
2.848176e+03 
2.848176e+03 
2.848176e+03 
2.848176e+03 
2.848176e+03 
2.848176e+03 
2.848176e+03 
2.848176e+03 
2.848176e+03 
2.848176e+03 
2.848176e+03 
2.848176e+03 
2.848176e+03 
2.848176e+03 
2.848176e+03 
2.848176e+03 
2.848176e+03 
2.848176e+03 
2.848176e+03 
2.848176e+03 
2.848176e+03 
2.848176e+03 
2.848176e+03 
2.848176e+03 
2.848176e+03 
2.848176e+03 
2.848176e+03 
2.848176e+03 
2.848176e+03 
2.848176e+03 
2.848176e+03 
2.848176e+03 
2.848176e+03 
2.848176e+03 
2.848176e+03 
2.848176e+03 
2.848176e+03 
2.848176e+03 
2.848176e+03 
2.848176e+03 
2.848176e+03 
2.848176e+03 
2.848176e+03 
2.848176e+03 
2.848176e+03 
2.848176e+03 
2.848176e+03 
2.848176e+03 
2.848176e+03 
2.848176e+03 
2.848176e+03 
2.848176e+03 
2.848176e+03 
2.848176e+03 
2.848176e+03 
2.848176e+03 
2.848176e+03 
2.848176e+03 
2.848176e+03 
2.848176e+03 
2.848176e+03 
2.848176e+03 
2.848176e+03 
2.848176e+03 
2.848176e+03 
2.848176e+03 
2.848176e+03 
2.848176e+03 
2.848176e+03 
2.848176e+03 
2.848176e+03 
2.848176e+03 
2.848176e+03 
2.848176e+03 
2.848176e+03 
2.848176e+03 
2.848176e+03 
2.848176e+03 
2.848176e+03 
2.848176e+03 
2.848176e+03 
2.848176e+03 
2.848176e+03 
2.848176e+03 
2.848176e+03 
2.848176e+03 
2.848176e+03 
2.848176e+03 
2.848176e+03 
2.848176e+03 
2.848176e+03 
2.848176e+03 
2.848176e+03 
2.848176e+03 
2.848176e+03 
2.848176e+03 
2.848176e+03 
2.848176e+03 
2.848176e+03 
2.848176e+03 
2.848176e+03 
2.848176e+03 
2.848176e+03 
2.848176e+03 
2.848176e+03 
2.848176e+03 
2.848176e+03 
2.848176e+03 
2.848176e+03 
2.848176e+03 
2.848176e+03 
2.848176e+03 
2.848176e+03 
2.848176e+03 
2.848176e+03 
2.848176e+03 
2.848176e+03 
2.848176e+03 
2.848176e+03 
2.848176e+03 
2.848176e+03 
2.848176e+03 
2.848176e+03 
2.848176e+03 
2.848176e+03 
2.848176e+03 
2.848176e+03 
2.848176e+03 
2.848176e+03 
2.848176e+03 
2.848176e+03 
2.848176e+03 
2.848176e+03 
2.848176e+03 
2.848176e+03 
2.848176e+03 
2.848176e+03 
2.848176e+03 
2.848176e+03 
2.848176e+03 
2.848176e+03 
2.848176e+03 
2.848176e+03 
2.848176e+03 
2.848176e+03 
2.848176e+03 
2.848176e+03 
2.848176e+03 
2.848176e+03 
2.848176e+03 
2.848176e+03 
2.848176e+03 
2.848176e+03 
2.848176e+03 
2.848176e+03 
2.848176e+03 
2.848176e+03 
2.848176e+03 
2.848176e+03 
2.848176e+03 
2.735139e+03 
2.735139e+03 
2.717247e+03 
2.717247e+03 
2.717247e+03 
2.717247e+03 
2.717247e+03 
2.717247e+03 
2.717247e+03 
2.717247e+03 
2.717247e+03 
2.717247e+03 
2.717247e+03 
2.717247e+03 
2.717247e+03 
2.717247e+03 
2.717247e+03 
2.717247e+03 
2.717247e+03 
2.717247e+03 
2.717247e+03 
2.717247e+03 
2.717247e+03 
2.717247e+03 
2.717247e+03 
2.717247e+03 
2.717247e+03 
2.717247e+03 
2.717247e+03 
2.717247e+03 
2.717247e+03 
2.717247e+03 
2.717247e+03 
2.717247e+03 
2.717247e+03 
2.717247e+03 
2.717247e+03 
2.717247e+03 
2.717247e+03 
2.717247e+03 
2.717247e+03 
2.717247e+03 
2.717247e+03 
2.717247e+03 
2.717247e+03 
2.717247e+03 
2.717247e+03 
2.717247e+03 
2.717247e+03 
2.717247e+03 
2.717247e+03 
2.717247e+03 
2.717247e+03 
2.717247e+03 
2.717247e+03 
2.717247e+03 
2.717247e+03 
2.717247e+03 
2.717247e+03 
2.717247e+03 
2.717247e+03 
2.717247e+03 
2.717247e+03 
2.717247e+03 
2.717247e+03 
2.717247e+03 
2.717247e+03 
2.717247e+03 
2.717247e+03 
2.717247e+03 
2.717247e+03 
2.717247e+03 
2.717247e+03 
2.717247e+03 
2.717247e+03 
2.717247e+03 
2.717247e+03 
2.717247e+03 
2.717247e+03 
2.717247e+03 
2.717247e+03 
2.717247e+03 
2.717247e+03 
2.717247e+03 
2.717247e+03 
2.717247e+03 
2.717247e+03 
2.717247e+03 
2.717247e+03 
2.717247e+03 
2.717247e+03 
2.717247e+03 
2.717247e+03 
2.717247e+03 
2.710820e+03 
2.710820e+03 
2.710820e+03 
2.710820e+03 
2.710820e+03 
2.710820e+03 
2.710820e+03 
2.710820e+03 
2.710820e+03 
2.710820e+03 
2.699123e+03 
2.699123e+03 
2.699123e+03 
2.699123e+03 
2.694294e+03 
2.694294e+03 
2.694294e+03 
2.686319e+03 
2.686319e+03 
2.686319e+03 
2.686319e+03 
2.686319e+03 
2.686319e+03 
2.686319e+03 
2.686319e+03 
2.686319e+03 
2.686319e+03 
2.686319e+03 
2.686319e+03 
2.686319e+03 
2.686319e+03 
2.686319e+03 
2.686319e+03 
2.686319e+03 
2.686319e+03 
2.686319e+03 
2.686319e+03 
2.686319e+03 
2.686319e+03 
2.686319e+03 
2.686319e+03 
2.686319e+03 
2.686319e+03 
2.686319e+03 
2.678470e+03 
2.678470e+03 
2.678470e+03 
2.678470e+03 
2.678470e+03 
2.678470e+03 
2.678470e+03 
2.678470e+03 
2.678470e+03 
2.678470e+03 
2.678470e+03 
2.678470e+03 
2.678470e+03 
2.678470e+03 
2.678470e+03 
2.678470e+03 
2.645500e+03 
2.645500e+03 
2.645500e+03 
2.645500e+03 
2.645500e+03 
2.645500e+03 
2.645500e+03 
2.645500e+03 
2.645500e+03 
2.645500e+03 
2.645500e+03 
2.645500e+03 
2.645500e+03 
2.645500e+03 
2.645500e+03 
2.645500e+03 
2.645500e+03 
2.645500e+03 
2.645500e+03 
2.645500e+03 
2.645500e+03 
2.645500e+03 
2.645500e+03 
2.645500e+03 
2.645500e+03 
2.645500e+03 
2.645500e+03 
2.633339e+03 
2.633339e+03 
2.633339e+03 
2.633339e+03 
2.633339e+03 
2.633339e+03 
2.633339e+03 
2.633339e+03 
2.633339e+03 
2.633339e+03 
2.633339e+03 
2.633339e+03 
2.633339e+03 
2.633339e+03 
2.633339e+03 
2.633339e+03 
2.633339e+03 
2.633339e+03 
2.633339e+03 
2.633339e+03 
2.633339e+03 
2.633339e+03 
2.633339e+03 
2.633339e+03 
2.633339e+03 
2.633339e+03 
2.633339e+03 
2.633339e+03 
2.633339e+03 
2.633339e+03 
2.633339e+03 
2.633339e+03 
2.633339e+03 
2.633339e+03 
2.633339e+03 
2.633339e+03 
2.633339e+03 
2.633339e+03 
2.633339e+03 
2.633339e+03 
2.633339e+03 
2.633339e+03 
2.633339e+03 
2.633339e+03 
2.633339e+03 
2.633339e+03 
2.633339e+03 
2.633339e+03 
2.633339e+03 
2.633339e+03 
2.633339e+03 
2.633339e+03 
2.633339e+03 
2.633339e+03 
2.633339e+03 
2.633339e+03 
2.633339e+03 
2.633339e+03 
2.633339e+03 
2.633339e+03 
2.633339e+03 
2.633339e+03 
2.633339e+03 
2.633339e+03 
2.633339e+03 
2.633339e+03 
2.633339e+03 
2.633339e+03 
2.633339e+03 
2.633339e+03 
2.633339e+03 
2.633339e+03 
2.633339e+03 
2.633339e+03 
2.633339e+03 
2.633339e+03 
2.633339e+03 
2.633339e+03 
2.633339e+03 
2.633339e+03 
2.633339e+03 
2.633339e+03 
2.633339e+03 
2.633339e+03 
2.633339e+03 
2.633339e+03 
2.633339e+03 
2.633339e+03 
2.633339e+03 
2.633339e+03 
2.633339e+03 
2.633339e+03 
2.633339e+03 
2.633339e+03 
2.633339e+03 
2.633339e+03 
2.633339e+03 
2.633339e+03 
2.633339e+03 
2.633339e+03 
2.633339e+03 
2.633339e+03 
2.633339e+03 
2.633339e+03 
2.633339e+03 
2.633339e+03 
2.633339e+03 
2.633339e+03 
2.633339e+03 
2.633339e+03 
2.633339e+03 
2.633339e+03 
2.633339e+03 
2.633339e+03 
2.633339e+03 
2.633339e+03 
2.633339e+03 
2.633339e+03 
2.633339e+03 
2.633339e+03 
2.633339e+03 
2.633339e+03 
2.633339e+03 
2.633339e+03 
2.633339e+03 
2.633339e+03 
2.633339e+03 
2.633339e+03 
2.633339e+03 
2.633339e+03 
2.633339e+03 
2.633339e+03 
2.633339e+03 
2.633339e+03 
2.633339e+03 
2.633339e+03 
2.633339e+03 
2.633339e+03 
2.633339e+03 
2.633339e+03 
2.633339e+03 
2.633339e+03 
2.633339e+03 
2.633339e+03 
2.633339e+03 
2.633339e+03 
2.633339e+03 
2.633339e+03 
2.633339e+03 
2.633339e+03 
2.633339e+03 
2.633339e+03 
2.633339e+03 
2.633339e+03 
2.633339e+03 
2.633339e+03 
2.633339e+03 
2.633339e+03 
2.633339e+03 
2.633339e+03 
2.633339e+03 
2.633339e+03 
2.633339e+03 
2.633339e+03 
2.633339e+03 
2.633339e+03 
2.633339e+03 
2.633339e+03 
2.633339e+03 
2.633339e+03 
2.633339e+03 
2.633339e+03 
2.633339e+03 
2.633339e+03 
2.633339e+03 
2.633339e+03 
2.633339e+03 
2.633339e+03 
2.633339e+03 
2.633339e+03 
2.633339e+03 
2.633339e+03 
2.633339e+03 
2.633339e+03 
2.633339e+03 
2.633339e+03 
2.633339e+03 
2.633339e+03 
2.633339e+03 
2.633339e+03 
2.633339e+03 
2.633339e+03 
2.633339e+03 
2.633339e+03 
2.633339e+03 
2.633339e+03 
2.633339e+03 
2.633339e+03 
2.633339e+03 
2.633339e+03 
2.633339e+03 
2.633339e+03 
2.633339e+03 
2.633339e+03 
2.633339e+03 
2.633339e+03 
2.633339e+03 
2.633339e+03 
2.633339e+03 
2.633339e+03 
2.633339e+03 
2.633339e+03 
2.633339e+03 
2.633339e+03 
2.633339e+03 
2.633339e+03 
2.633339e+03 
2.633339e+03 
2.633339e+03 
2.633339e+03 
2.633339e+03 
2.633339e+03 
2.633339e+03 
2.633339e+03 
2.633339e+03 
2.633339e+03 
2.633339e+03 
2.633339e+03 
2.633339e+03 
2.633339e+03 
2.633339e+03 
2.633339e+03 
2.633339e+03 
2.633339e+03 
2.633339e+03 
2.633339e+03 
2.633339e+03 
2.633339e+03 
2.633339e+03 
2.633339e+03 
2.633339e+03 
2.633339e+03 
2.633339e+03 
2.633339e+03 
2.633339e+03 
2.633339e+03 
2.633339e+03 
2.633339e+03 
2.633339e+03 
2.633339e+03 
2.633339e+03 
2.633339e+03 
2.633339e+03 
2.633339e+03 
2.633339e+03 
2.633339e+03 
2.633339e+03 
2.633339e+03 
2.633339e+03 
2.633339e+03 
2.633339e+03 
2.633339e+03 
2.633339e+03 
2.633339e+03 
2.633339e+03 
2.633339e+03 
2.633339e+03 
2.633339e+03 
2.633339e+03 
2.633339e+03 
2.633339e+03 
2.633339e+03 
2.633339e+03 
2.633339e+03 
2.633339e+03 
2.633339e+03 
2.633339e+03 
2.633339e+03 
2.633339e+03 
2.633339e+03 
2.633339e+03 
2.633339e+03 
2.633339e+03 
2.633339e+03 
2.633339e+03 
2.633339e+03 
2.633339e+03 
2.633339e+03 
2.633339e+03 
2.633339e+03 
2.633339e+03 
2.633339e+03 
2.633339e+03 
2.633339e+03 
2.633339e+03 
2.633339e+03 
2.633339e+03 
2.633339e+03 
2.633339e+03 
2.633339e+03 
2.633339e+03 
2.633339e+03 
2.633339e+03 
2.633339e+03 
2.633339e+03 
2.633339e+03 
2.633339e+03 
2.633339e+03 
2.633339e+03 
2.633339e+03 
2.633339e+03 
2.633339e+03 
2.633339e+03 
2.633339e+03 
2.633339e+03 
2.633339e+03 
2.633339e+03 
2.633339e+03 
2.633339e+03 
2.633339e+03 
2.633339e+03 
2.633339e+03 
2.633339e+03 
2.633339e+03 
2.633339e+03 
2.633339e+03 
2.633339e+03 
2.633339e+03 
2.633339e+03 
2.633339e+03 
2.633339e+03 
2.633339e+03 
2.633339e+03 
2.633339e+03 
2.633339e+03 
2.633339e+03 
2.633339e+03 
2.633339e+03 
2.633339e+03 
2.633339e+03 
2.633339e+03 
2.633339e+03 
2.629767e+03 
2.629767e+03 
2.629767e+03 
2.629767e+03 
2.629767e+03 
2.629767e+03 
2.629767e+03 
2.629767e+03 
2.629767e+03 
2.629767e+03 
2.629767e+03 
2.629767e+03 
2.629767e+03 
2.629767e+03 
2.629767e+03 
2.629767e+03 
2.629767e+03 
2.629767e+03 
2.629767e+03 
2.629767e+03 
2.629767e+03 
2.629767e+03 
2.629767e+03 
2.629767e+03 
2.629767e+03 
2.629767e+03 
2.629767e+03 
2.629767e+03 
2.629767e+03 
2.629767e+03 
2.629767e+03 
2.629767e+03 
2.629767e+03 
2.629767e+03 
2.629767e+03 
2.629767e+03 
2.629767e+03 
2.629767e+03 
2.629767e+03 
2.629767e+03 
2.629767e+03 
2.629767e+03 
2.629767e+03 
2.629767e+03 
2.629767e+03 
2.629767e+03 
2.629767e+03 
2.629767e+03 
2.629767e+03 
2.629767e+03 
2.629767e+03 
2.629767e+03 
2.629767e+03 
2.629767e+03 
2.629767e+03 
2.629767e+03 
2.629767e+03 
2.629767e+03 
2.629767e+03 
2.629767e+03 
2.627831e+03 
2.627831e+03 
2.627831e+03 
2.627831e+03 
2.627831e+03 
2.627831e+03 
2.627831e+03 
2.627831e+03 
2.627195e+03 
2.627195e+03 
2.627195e+03 
2.627195e+03 
2.625990e+03 
2.625990e+03 
2.625990e+03 
2.625990e+03 
2.625990e+03 
2.625990e+03 
2.625990e+03 
2.625990e+03 
2.625990e+03 
2.625990e+03 
2.625990e+03 
2.625351e+03 
2.625351e+03 
2.625351e+03 
2.625152e+03 
2.625152e+03 
2.625152e+03 
2.625152e+03 
2.625152e+03 
2.625152e+03 
2.625152e+03 
2.625152e+03 
2.625152e+03 
2.625152e+03 
2.625152e+03 
2.625152e+03 
2.625152e+03 
2.625152e+03 
2.625152e+03 
2.625152e+03 
2.625152e+03 
2.625152e+03 
2.625152e+03 
2.625152e+03 
2.625152e+03 
2.625152e+03 
2.625152e+03 
2.625152e+03 
2.625152e+03 
2.625152e+03 
2.625152e+03 
2.625152e+03 
2.625152e+03 
2.625152e+03 
2.625152e+03 
2.625152e+03 
2.625152e+03 
2.625152e+03 
2.625152e+03 
2.625152e+03 
2.625152e+03 
2.625152e+03 
2.625152e+03 
2.625152e+03 
2.625152e+03 
2.625152e+03 
2.625152e+03 
2.625152e+03 
2.624935e+03 
2.624935e+03 
2.624935e+03 
2.624935e+03 
2.624935e+03 
2.624935e+03 
2.624935e+03 
2.624935e+03 
2.624935e+03 
2.624935e+03 
2.624935e+03 
2.624935e+03 
2.624935e+03 
2.624935e+03 
2.624935e+03 
2.624935e+03 
2.624935e+03 
2.624935e+03 
2.624935e+03 
2.624935e+03 
2.624935e+03 
2.624781e+03 
2.624781e+03 
2.624781e+03 
2.624781e+03 
2.624781e+03 
2.624781e+03 
2.624781e+03 
2.624781e+03 
2.624781e+03 
2.624781e+03 
2.624781e+03 
2.624781e+03 
2.624781e+03 
2.624781e+03 
2.624781e+03 
2.624781e+03 
2.624781e+03 
2.624781e+03 
2.624781e+03 
2.624781e+03 
2.624781e+03 
2.624781e+03 
2.624781e+03 
2.624781e+03 
2.624781e+03 
2.624781e+03 
2.624781e+03 
2.624781e+03 
2.624781e+03 
2.624781e+03 
2.624781e+03 
2.624781e+03 
2.624750e+03 
2.624750e+03 
2.624750e+03 
2.624750e+03 
2.624750e+03 
2.624750e+03 
2.624750e+03 
2.624750e+03 
2.624750e+03 
2.624750e+03 
2.624750e+03 
2.624750e+03 
2.624750e+03 
2.624750e+03 
2.624750e+03 
2.624750e+03 
2.624750e+03 
2.624750e+03 
2.624750e+03 
2.624750e+03 
2.624750e+03 
2.624750e+03 
2.624750e+03 
2.624750e+03 
2.624750e+03 
2.624750e+03 
2.624750e+03 
2.624720e+03 
2.624568e+03 
2.624471e+03 
2.624414e+03 
2.624414e+03 
2.624414e+03 
2.624414e+03 
2.624414e+03 
2.624414e+03 
2.624414e+03 
2.624414e+03 
2.624414e+03 
2.624414e+03 
2.624414e+03 
2.624414e+03 
2.624414e+03 
2.624414e+03 
2.624414e+03 
2.624405e+03 
2.624405e+03 
2.624405e+03 
2.624405e+03 
2.624405e+03 
2.624397e+03 
2.624393e+03 
2.624391e+03 
2.624389e+03 
2.624388e+03 
2.624387e+03 
2.624386e+03 
2.624385e+03 
2.624384e+03 
2.624383e+03 
2.624383e+03 
2.624383e+03 
2.624383e+03 
2.624383e+03 
2.624382e+03 
2.624382e+03 
2.624382e+03 
2.624382e+03 
2.624382e+03 
2.624382e+03 
2.624382e+03 
2.624382e+03 
2.624382e+03 
2.624382e+03 
2.624382e+03 
2.624382e+03 
2.624382e+03 
2.624382e+03 
2.624382e+03 
2.624382e+03 
2.624382e+03 
2.624382e+03 
2.624382e+03 
2.624382e+03 
2.624382e+03 
2.624382e+03 
2.624382e+03 
2.624382e+03 
2.624382e+03 
2.624382e+03 
2.624382e+03 
2.624382e+03 
2.624382e+03 
2.624382e+03 
2.624382e+03 
2.624382e+03 
2.624382e+03 
2.624382e+03 
2.624382e+03 
2.624382e+03 
2.624382e+03 
2.624382e+03 
2.624382e+03 
2.624382e+03 
2.624382e+03 
2.624382e+03 
2.624382e+03 
2.624382e+03 
2.624382e+03 
2.624382e+03 
2.624382e+03 
2.624382e+03 
2.624382e+03 
2.624382e+03 
2.624382e+03 
2.624382e+03 
2.624382e+03 
2.624382e+03 
2.624382e+03 
2.624382e+03 
2.624382e+03 
2.624382e+03 
2.624382e+03 
2.624382e+03 
2.624382e+03 
2.624382e+03 
2.624382e+03 
2.624382e+03 
2.624382e+03 
2.624382e+03 
2.624382e+03 
2.624382e+03 
2.624382e+03 
2.624382e+03 
2.624382e+03 
2.624382e+03 
2.624382e+03 
2.624382e+03 
2.624382e+03 
2.624382e+03 
2.624382e+03 
2.624382e+03 
2.624382e+03 
2.624382e+03 
2.624382e+03 
2.624328e+03 
2.624328e+03 
2.624328e+03 
2.624328e+03 
2.624328e+03 
2.624191e+03 
2.624191e+03 
2.624081e+03 
2.624081e+03 
2.624081e+03 
2.624021e+03 
2.623984e+03 
2.623954e+03 
2.623937e+03 
2.623929e+03 
2.623924e+03 
2.623919e+03 
2.623911e+03 
2.623911e+03 
2.623890e+03 
2.623872e+03 
2.623854e+03 
2.623838e+03 
2.623830e+03 
2.623822e+03 
2.623815e+03 
2.623809e+03 
2.623808e+03 
2.623805e+03 
2.623804e+03 
2.623802e+03 
2.623801e+03 
2.623800e+03 
2.623799e+03 
2.623799e+03 
2.623798e+03 
2.623798e+03 
2.623797e+03 
2.623797e+03 
2.623797e+03 
2.623797e+03 
2.623796e+03 
2.623796e+03 
2.623796e+03 
2.623796e+03 
2.623796e+03 
2.623796e+03 
2.623796e+03 
2.623796e+03 
2.623796e+03 
2.623741e+03 
2.623685e+03 
2.623685e+03 
2.623685e+03 
2.623636e+03 
2.623611e+03 
2.623607e+03 
2.623607e+03 
2.623561e+03 
2.623547e+03 
2.623547e+03 
2.623547e+03 
2.623547e+03 
2.623547e+03 
2.623547e+03 
2.623547e+03 
2.623547e+03 
2.623547e+03 
2.623547e+03 
2.623547e+03 
2.623547e+03 
2.623539e+03 
2.623539e+03 
2.623539e+03 
2.623539e+03 
2.623539e+03 
2.623539e+03 
2.623539e+03 
2.623539e+03 
2.623539e+03 
2.623539e+03 
2.623539e+03 
2.623539e+03 
2.623539e+03 
2.623539e+03 
2.623539e+03 
2.623539e+03 
2.623539e+03 
2.623528e+03 
2.623528e+03 
2.623528e+03 
2.623528e+03 
2.623528e+03 
2.623528e+03 
2.623528e+03 
2.623528e+03 
2.623528e+03 
2.623528e+03 
2.623528e+03 
2.623528e+03 
2.623528e+03 
2.623528e+03 
2.623528e+03 
2.623528e+03 
2.623528e+03 
2.623528e+03 
2.623528e+03 
2.623528e+03 
2.623528e+03 
2.623528e+03 
2.623528e+03 
2.623528e+03 
2.623528e+03 
2.623528e+03 
2.623521e+03 
2.623521e+03 
2.623521e+03 
2.623521e+03 
2.623521e+03 
2.623521e+03 
2.623521e+03 
2.623521e+03 
2.623521e+03 
2.623521e+03 
2.623521e+03 
2.623521e+03 
2.623521e+03 
2.623521e+03 
2.623521e+03 
2.623521e+03 
2.623521e+03 
2.623521e+03 
2.623521e+03 
2.623521e+03 
2.623521e+03 
2.623521e+03 
2.623521e+03 
2.623521e+03 
2.623521e+03 
2.623521e+03 
2.623521e+03 
2.623521e+03 
2.623521e+03 
2.623521e+03 
2.623521e+03 
2.623521e+03 
2.623521e+03 
2.623521e+03 
2.623521e+03 
2.623521e+03 
2.623521e+03 
2.623521e+03 
2.623521e+03 
2.623521e+03 
2.623521e+03 
2.623521e+03 
2.623521e+03 
2.623477e+03 
2.623477e+03 
2.623477e+03 
2.623477e+03 
2.623477e+03 
2.623477e+03 
2.623477e+03 
2.623477e+03 
2.623477e+03 
2.623477e+03 
2.623477e+03 
2.623477e+03 
2.623477e+03 
2.623477e+03 
2.623477e+03 
2.623477e+03 
2.623477e+03 
2.623477e+03 
2.623477e+03 
2.623477e+03 
2.623477e+03 
2.623477e+03 
2.623477e+03 
2.623477e+03 
2.623477e+03 
2.623477e+03 
2.623477e+03 
2.623477e+03 
2.623477e+03 
2.623477e+03 
2.623477e+03 
2.623477e+03 
2.623477e+03 
2.623477e+03 
2.623477e+03 
2.623477e+03 
2.623477e+03 
2.623477e+03 
2.623477e+03 
2.623477e+03 
2.623477e+03 
2.623477e+03 
2.623477e+03 
2.623477e+03 
2.623477e+03 
2.623477e+03 
2.623477e+03 
2.623477e+03 
2.623477e+03 
2.623477e+03 
2.623477e+03 
2.623477e+03 
2.623477e+03 
2.623477e+03 
2.623477e+03 
2.623477e+03 
2.623477e+03 
2.623477e+03 
2.623477e+03 
2.623477e+03 
2.623477e+03 
2.623477e+03 
2.623477e+03 
2.623477e+03 
2.623477e+03 
2.623477e+03 
2.623477e+03 
2.623477e+03 
2.623477e+03 
2.623477e+03 
2.623477e+03 
2.623477e+03 
2.623477e+03 
2.623477e+03 
2.623477e+03 
2.623477e+03 
2.623477e+03 
2.623477e+03 
2.623477e+03 
2.623477e+03 
2.623477e+03 
2.623477e+03 
2.623477e+03 
2.623477e+03 
2.623477e+03 
2.623477e+03 
2.623477e+03 
2.623477e+03 
2.623477e+03 
2.623477e+03 
2.623477e+03 
2.623477e+03 
2.623477e+03 
2.623477e+03 
2.623477e+03 
2.623477e+03 
2.623477e+03 
2.623477e+03 
2.623477e+03 
2.623477e+03 
2.623477e+03 
2.623477e+03 
2.623477e+03 
2.623477e+03 
2.623477e+03 
2.623477e+03 
2.623477e+03 
2.623477e+03 
2.623477e+03 
2.623477e+03 
2.623477e+03 
2.623477e+03 
2.623477e+03 
2.623477e+03 
2.623477e+03 
2.623477e+03 
2.623477e+03 
2.623477e+03 
2.623477e+03 
2.623477e+03 
2.623477e+03 
2.623477e+03 
2.623477e+03 
2.623477e+03 
2.623477e+03 
2.623477e+03 
2.623477e+03 
2.623477e+03 
2.623477e+03 
2.623477e+03 
2.623477e+03 
2.623477e+03 
2.623477e+03 
2.623477e+03 
2.623477e+03 
2.623477e+03 
2.623477e+03 
2.623477e+03 
2.623477e+03 
2.623477e+03 
2.623477e+03 
2.623477e+03 
2.623477e+03 
2.623477e+03 
2.623477e+03 
2.623477e+03 
2.623477e+03 
2.623477e+03 
2.623477e+03 
2.623477e+03 
2.623477e+03 
2.623477e+03 
2.623477e+03 
2.623477e+03 
2.623477e+03 
2.623477e+03 
2.623477e+03 
2.623477e+03 
2.623477e+03 
2.623477e+03 
2.623477e+03 
2.623477e+03 
2.623477e+03 
2.623477e+03 
2.623477e+03 
2.623477e+03 
2.623477e+03 
2.623477e+03 
2.623477e+03 
2.623477e+03 
2.623477e+03 
2.623477e+03 
2.623477e+03 
2.623477e+03 
2.623477e+03 
2.623477e+03 
2.623477e+03 
2.623477e+03 
2.623477e+03 
2.623477e+03 
2.623477e+03 
2.623477e+03 
2.623477e+03 
2.623477e+03 
2.623477e+03 
2.623445e+03 
2.623445e+03 
2.623437e+03 
2.623437e+03 
2.623437e+03 
2.623437e+03 
2.623437e+03 
2.623437e+03 
2.623437e+03 
2.623437e+03 
2.623437e+03 
2.623437e+03 
2.623437e+03 
2.623437e+03 
2.623437e+03 
2.623437e+03 
2.623437e+03 
2.623437e+03 
2.623437e+03 
2.623437e+03 
2.623437e+03 
2.623437e+03 
2.623437e+03 
2.623437e+03 
2.623437e+03 
2.623432e+03 
2.623432e+03 
2.623432e+03 
2.623432e+03 
2.623432e+03 
2.623432e+03 
2.623428e+03 
2.623428e+03 
2.623428e+03 
2.623426e+03 
2.623426e+03 
2.623426e+03 
2.623426e+03 
2.623426e+03 
2.623426e+03 
2.623424e+03 
2.623424e+03 
2.623424e+03 
2.623424e+03 
2.623424e+03 
2.623424e+03 
2.623423e+03 
2.623422e+03 
2.623422e+03 
2.623422e+03 
2.623422e+03 
2.623422e+03 
2.623422e+03 
2.623422e+03 
2.623422e+03 
2.623422e+03 
2.623422e+03 
2.623422e+03 
2.623422e+03 
2.623422e+03 
2.623422e+03 
2.623422e+03 
2.623422e+03 
2.623422e+03 
2.623422e+03 
2.623422e+03 
2.623422e+03 
2.623422e+03 
2.623422e+03 
2.623422e+03 
2.623422e+03 
2.623422e+03 
2.623422e+03 
2.623422e+03 
2.623422e+03 
2.623422e+03 
2.623422e+03 
2.623422e+03 
2.623422e+03 
2.623422e+03 
2.623422e+03 
2.623422e+03 
2.623422e+03 
2.623422e+03 
2.623422e+03 
2.623422e+03 
2.623422e+03 
2.623422e+03 
2.623422e+03 
2.623422e+03 
2.623422e+03 
2.623422e+03 
2.623422e+03 
2.623422e+03 
2.623422e+03 
2.623422e+03 
2.623422e+03 
2.623422e+03 
2.623422e+03 
2.623422e+03 
2.623422e+03 
2.623422e+03 
2.623422e+03 
2.623422e+03 
2.623422e+03 
2.623422e+03 
2.623422e+03 
2.623422e+03 
2.623422e+03 
2.623422e+03 
2.623422e+03 
2.623422e+03 
2.623422e+03 
2.623422e+03 
2.623422e+03 
2.623422e+03 
2.623422e+03 
2.623422e+03 
2.623422e+03 
2.623422e+03 
2.623422e+03 
2.623422e+03 
2.623422e+03 
2.623422e+03 
2.623422e+03 
2.623422e+03 
2.623422e+03 
2.623422e+03 
2.623422e+03 
2.623422e+03 
2.623422e+03 
2.623422e+03 
2.623422e+03 
2.623422e+03 
2.623422e+03 
2.623422e+03 
2.623422e+03 
2.623422e+03 
2.623422e+03 
2.623422e+03 
2.623422e+03 
2.623422e+03 
2.623422e+03 
2.623422e+03 
2.623422e+03 
2.623422e+03 
2.623422e+03 
2.623422e+03 
2.623422e+03 
2.623422e+03 
2.623422e+03 
2.623422e+03 
2.623422e+03 
2.623422e+03 
2.623422e+03 
2.623422e+03 
2.623422e+03 
2.623422e+03 
2.623422e+03 
2.623422e+03 
2.623422e+03 
2.623422e+03 
2.623422e+03 
2.623422e+03 
2.623422e+03 
2.623422e+03 
2.623422e+03 
2.623422e+03 
2.623422e+03 
2.623422e+03 
2.623422e+03 
2.623422e+03 
2.623422e+03 
2.623422e+03 
2.623422e+03 
2.623422e+03 
2.623422e+03 
2.623422e+03 
2.623422e+03 
2.623422e+03 
2.623422e+03 
2.623422e+03 
2.623422e+03 
2.623422e+03 
2.623422e+03 
2.623422e+03 
2.623422e+03 
2.623422e+03 
2.623422e+03 
2.623422e+03 
2.623422e+03 
2.623422e+03 
2.623422e+03 
2.623422e+03 
2.623422e+03 
2.623422e+03 
2.623422e+03 
2.623422e+03 
2.623422e+03 
2.623422e+03 
2.623422e+03 
2.623422e+03 
2.623422e+03 
2.623422e+03 
2.623422e+03 
2.623422e+03 
2.623422e+03 
2.623422e+03 
2.623422e+03 
2.623422e+03 
2.623422e+03 
2.623422e+03 
2.623422e+03 
2.623422e+03 
2.623422e+03 
2.623422e+03 
2.623422e+03 
2.623422e+03 
2.623422e+03 
2.623422e+03 
2.623422e+03 
2.623422e+03 
2.623422e+03 
2.622725e+03 
2.622725e+03 
2.622725e+03 
2.622725e+03 
2.622725e+03 
2.622725e+03 
2.622725e+03 
2.622725e+03 
2.622725e+03 
2.622725e+03 
2.622725e+03 
2.622725e+03 
2.622725e+03 
2.622725e+03 
2.622725e+03 
2.622725e+03 
2.622725e+03 
2.622725e+03 
2.622725e+03 
2.622725e+03 
2.622725e+03 
2.622725e+03 
2.622725e+03 
2.622725e+03 
2.622725e+03 
2.622725e+03 
2.622725e+03 
2.622725e+03 
2.622725e+03 
2.622725e+03 
2.622725e+03 
2.622725e+03 
2.622725e+03 
2.622725e+03 
2.622725e+03 
2.622725e+03 
2.622725e+03 
2.622725e+03 
2.622725e+03 
2.622725e+03 
2.622725e+03 
2.622725e+03 
2.622725e+03 
2.622725e+03 
2.622725e+03 
2.622725e+03 
2.622725e+03 
2.622725e+03 
2.622725e+03 
2.622725e+03 
2.622725e+03 
2.622725e+03 
2.622725e+03 
2.622725e+03 
2.622725e+03 
2.622725e+03 
2.622725e+03 
2.622725e+03 
2.622725e+03 
2.620980e+03 
2.620980e+03 
2.620980e+03 
2.620980e+03 
2.620980e+03 
2.620980e+03 
2.620980e+03 
2.620980e+03 
2.620980e+03 
2.620980e+03 
2.620980e+03 
2.620980e+03 
2.620980e+03 
2.620980e+03 
2.620980e+03 
2.620980e+03 
2.620980e+03 
2.620980e+03 
2.620980e+03 
2.620980e+03 
2.620980e+03 
2.620980e+03 
2.620980e+03 
2.620980e+03 
2.620980e+03 
2.620980e+03 
2.620980e+03 
2.620980e+03 
2.620980e+03 
2.620980e+03 
2.620980e+03 
2.620980e+03 
2.620980e+03 
2.620980e+03 
2.620980e+03 
2.620980e+03 
2.620980e+03 
2.620980e+03 
2.620980e+03 
2.620980e+03 
2.620980e+03 
2.620980e+03 
2.620980e+03 
2.620980e+03 
2.620980e+03 
2.620980e+03 
2.620980e+03 
2.620980e+03 
2.620980e+03 
2.620980e+03 
2.620980e+03 
2.620980e+03 
2.620980e+03 
2.620980e+03 
2.620980e+03 
2.620980e+03 
2.620980e+03 
2.620980e+03 
2.620980e+03 
2.620980e+03 
2.620980e+03 
2.620980e+03 
2.620980e+03 
2.620980e+03 
2.620980e+03 
2.620980e+03 
2.620980e+03 
2.620980e+03 
2.620980e+03 
2.620980e+03 
2.620980e+03 
2.620980e+03 
2.620980e+03 
2.620980e+03 
2.620980e+03 
2.620980e+03 
2.620980e+03 
2.620980e+03 
2.620980e+03 
2.620980e+03 
2.620980e+03 
2.620980e+03 
2.620980e+03 
2.620980e+03 
2.620980e+03 
2.620980e+03 
2.620980e+03 
2.620980e+03 
2.620980e+03 
2.620980e+03 
2.620980e+03 
2.620980e+03 
2.620980e+03 
2.620980e+03 
2.620980e+03 
2.620980e+03 
2.620980e+03 
2.620980e+03 
2.620980e+03 
2.620980e+03 
2.620980e+03 
2.620980e+03 
2.620980e+03 
2.620980e+03 
2.620980e+03 
2.620980e+03 
2.620980e+03 
2.620980e+03 
2.620980e+03 
2.620980e+03 
2.620980e+03 
2.620980e+03 
2.620980e+03 
2.620980e+03 
2.620980e+03 
2.620980e+03 
2.620980e+03 
2.620980e+03 
2.620980e+03 
2.620980e+03 
2.620980e+03 
2.620980e+03 
2.620980e+03 
2.620980e+03 
2.620980e+03 
2.620980e+03 
2.620980e+03 
2.620980e+03 
2.620980e+03 
2.620980e+03 
2.620980e+03 
2.620980e+03 
2.620980e+03 
2.620980e+03 
2.620980e+03 
2.620980e+03 
2.620980e+03 
2.620980e+03 
2.620980e+03 
2.620980e+03 
2.620980e+03 
2.620980e+03 
2.620980e+03 
2.620980e+03 
2.620980e+03 
2.620980e+03 
2.619736e+03 
2.619736e+03 
2.619736e+03 
2.619736e+03 
2.619736e+03 
2.619736e+03 
2.619736e+03 
2.619736e+03 
2.619736e+03 
2.619736e+03 
2.619736e+03 
2.619736e+03 
2.619736e+03 
2.619736e+03 
2.619736e+03 
2.619736e+03 
2.619736e+03 
2.619736e+03 
2.619736e+03 
2.619736e+03 
2.619736e+03 
2.619736e+03 
2.619736e+03 
2.619736e+03 
2.619736e+03 
2.619736e+03 
2.619736e+03 
2.619736e+03 
2.619736e+03 
2.619736e+03 
2.619736e+03 
2.619736e+03 
2.619736e+03 
2.619736e+03 
2.619736e+03 
2.619736e+03 
2.619736e+03 
2.619736e+03 
2.619736e+03 
2.619736e+03 
2.619291e+03 
2.619291e+03 
2.619291e+03 
2.619291e+03 
2.619291e+03 
2.619291e+03 
2.619291e+03 
2.619291e+03 
2.619291e+03 
2.619291e+03 
2.619291e+03 
2.619291e+03 
2.619291e+03 
2.619291e+03 
2.619291e+03 
2.619291e+03 
2.619291e+03 
2.619291e+03 
2.619210e+03 
2.619210e+03 
2.619210e+03 
2.619003e+03 
2.619003e+03 
2.619003e+03 
2.619003e+03 
2.619003e+03 
2.619003e+03 
2.619003e+03 
2.619003e+03 
2.619003e+03 
2.619003e+03 
2.619003e+03 
2.619003e+03 
2.619003e+03 
2.619003e+03 
2.619003e+03 
2.619003e+03 
2.619003e+03 
2.619003e+03 
2.618999e+03 
2.618999e+03 
2.618999e+03 
2.618999e+03 
2.618999e+03 
2.618999e+03 
2.618999e+03 
2.618896e+03 
2.618896e+03 
2.618896e+03 
2.618896e+03 
2.618896e+03 
2.618896e+03 
2.618858e+03 
2.618858e+03 
2.618858e+03 
2.618858e+03 
2.618858e+03 
2.618858e+03 
2.618858e+03 
2.618858e+03 
2.618858e+03 
2.618858e+03 
2.618858e+03 
2.618858e+03 
2.618858e+03 
2.618858e+03 
2.618858e+03 
2.618858e+03 
2.618850e+03 
2.618850e+03 
2.618850e+03 
2.618850e+03 
2.618848e+03 
2.618846e+03 
2.618845e+03 
2.618845e+03 
2.618844e+03 
2.618844e+03 
2.618844e+03 
2.618844e+03 
2.618844e+03 
2.618844e+03 
2.618844e+03 
2.618843e+03 
2.618843e+03 
2.618843e+03 
2.618843e+03 
2.618843e+03 
2.618843e+03 
2.618843e+03 
2.618843e+03 
2.618843e+03 
2.618843e+03 
2.618843e+03 
2.618843e+03 
2.618843e+03 
2.618843e+03 
2.618843e+03 
2.618843e+03 
2.618843e+03 
2.618843e+03 
2.618843e+03 
2.618843e+03 
2.618843e+03 
2.618843e+03 
2.618843e+03 
2.618843e+03 
2.618843e+03 
2.618843e+03 
2.618843e+03 
2.618843e+03 
2.618843e+03 
2.618843e+03 
2.618843e+03 
2.618843e+03 
2.618843e+03 
2.618843e+03 
2.618843e+03 
2.618843e+03 
2.618843e+03 
2.618843e+03 
2.618843e+03 
2.618843e+03 
2.618843e+03 
2.618843e+03 
2.618843e+03 
2.618843e+03 
2.618843e+03 
2.618843e+03 
2.618843e+03 
2.618843e+03 
2.618843e+03 
2.618843e+03 
2.618843e+03 
2.618843e+03 
2.618843e+03 
2.618843e+03 
2.618843e+03 
2.618843e+03 
2.618843e+03 
2.618843e+03 
2.618843e+03 
2.618843e+03 
2.618843e+03 
2.618843e+03 
2.618843e+03 
2.618843e+03 
2.618843e+03 
2.618843e+03 
2.618843e+03 
2.618843e+03 
2.618843e+03 
2.618843e+03 
2.618843e+03 
2.618843e+03 
2.618843e+03 
2.618843e+03 
2.618843e+03 
2.618843e+03 
2.618843e+03 
2.618843e+03 
2.618843e+03 
2.618843e+03 
2.618843e+03 
2.618843e+03 
2.618843e+03 
2.618843e+03 
2.618843e+03 
2.618843e+03 
2.618843e+03 
2.618843e+03 
2.618843e+03 
2.618843e+03 
2.618843e+03 
2.618843e+03 
2.618843e+03 
2.618843e+03 
2.618843e+03 
2.618843e+03 
2.618843e+03 
2.618843e+03 
2.618843e+03 
2.618843e+03 
2.618843e+03 
2.618843e+03 
2.618843e+03 
2.618843e+03 
2.618843e+03 
2.618843e+03 
2.618843e+03 
2.618244e+03 
2.618244e+03 
2.618244e+03 
2.618244e+03 
2.618244e+03 
2.618244e+03 
2.618244e+03 
2.618244e+03 
2.618244e+03 
2.618244e+03 
2.618244e+03 
2.618244e+03 
2.618244e+03 
2.618244e+03 
2.618244e+03 
2.618244e+03 
2.618244e+03 
2.618244e+03 
2.618244e+03 
2.618244e+03 
2.618244e+03 
2.618244e+03 
2.618244e+03 
2.618244e+03 
2.618244e+03 
2.618244e+03 
2.618244e+03 
2.618244e+03 
2.618244e+03 
2.618244e+03 
2.618244e+03 
2.618244e+03 
2.618244e+03 
2.618244e+03 
2.618244e+03 
2.618244e+03 
2.618244e+03 
2.618244e+03 
2.618244e+03 
2.618244e+03 
2.618244e+03 
2.618244e+03 
2.618244e+03 
2.618244e+03 
2.618244e+03 
2.618244e+03 
2.618244e+03 
2.618244e+03 
2.618244e+03 
2.618244e+03 
2.618244e+03 
2.618244e+03 
2.618244e+03 
2.618244e+03 
2.618244e+03 
2.618244e+03 
2.618244e+03 
2.618244e+03 
2.618244e+03 
2.618244e+03 
2.618244e+03 
2.618244e+03 
2.618244e+03 
2.618244e+03 
2.618244e+03 
2.618244e+03 
2.618244e+03 
2.618244e+03 
2.618244e+03 
2.618244e+03 
2.618244e+03 
2.618244e+03 
2.618244e+03 
2.618244e+03 
2.618244e+03 
2.618244e+03 
2.618244e+03 
2.618244e+03 
2.618244e+03 
2.618244e+03 
2.618244e+03 
2.618244e+03 
2.618244e+03 
2.618244e+03 
2.618244e+03 
2.618244e+03 
2.618244e+03 
2.618244e+03 
2.618244e+03 
2.618244e+03 
2.618244e+03 
2.618244e+03 
2.618244e+03 
2.618244e+03 
2.618244e+03 
2.618244e+03 
2.618244e+03 
2.618244e+03 
2.618244e+03 
2.618244e+03 
2.618244e+03 
2.618244e+03 
2.618244e+03 
2.618244e+03 
2.618244e+03 
2.618244e+03 
2.618244e+03 
2.618244e+03 
2.618244e+03 
2.618244e+03 
2.618244e+03 
2.618244e+03 
2.618244e+03 
2.618244e+03 
2.618244e+03 
2.618244e+03 
2.618244e+03 
2.618244e+03 
2.618244e+03 
2.618244e+03 
2.618100e+03 
2.618100e+03 
2.618100e+03 
2.616268e+03 
2.616268e+03 
2.616268e+03 
2.616268e+03 
2.616268e+03 
2.616268e+03 
2.616268e+03 
2.616268e+03 
2.616268e+03 
2.616268e+03 
2.616268e+03 
2.616268e+03 
2.616268e+03 
2.616268e+03 
2.616268e+03 
2.616268e+03 
2.616268e+03 
2.616268e+03 
2.616268e+03 
2.616268e+03 
2.616268e+03 
2.616268e+03 
2.616268e+03 
2.614375e+03 
2.614375e+03 
2.614375e+03 
2.614375e+03 
2.614375e+03 
2.614375e+03 
2.614375e+03 
2.614375e+03 
2.614375e+03 
2.614375e+03 
2.614375e+03 
2.614375e+03 
2.614375e+03 
2.614375e+03 
2.614375e+03 
2.614375e+03 
2.614375e+03 
2.614375e+03 
2.614375e+03 
2.614375e+03 
2.614375e+03 
2.614375e+03 
2.614375e+03 
2.614375e+03 
2.614375e+03 
2.614375e+03 
2.614375e+03 
2.614375e+03 
2.614375e+03 
2.614375e+03 
2.614375e+03 
2.614375e+03 
2.614375e+03 
2.614375e+03 
2.614375e+03 
2.614375e+03 
2.614375e+03 
2.614375e+03 
2.614375e+03 
2.614375e+03 
2.614375e+03 
2.614375e+03 
2.614375e+03 
2.614375e+03 
2.614375e+03 
2.614375e+03 
2.614375e+03 
2.614375e+03 
2.614375e+03 
2.614375e+03 
2.614375e+03 
2.614375e+03 
2.614375e+03 
2.614375e+03 
2.614375e+03 
2.614375e+03 
2.614375e+03 
2.614375e+03 
2.614375e+03 
2.614375e+03 
2.614375e+03 
2.614375e+03 
2.614375e+03 
2.614375e+03 
2.614375e+03 
2.614375e+03 
2.614375e+03 
2.614375e+03 
2.614375e+03 
2.614375e+03 
2.614375e+03 
2.614375e+03 
2.614375e+03 
2.614375e+03 
2.614375e+03 
2.614375e+03 
2.614375e+03 
2.614375e+03 
2.614375e+03 
2.614375e+03 
2.614375e+03 
2.614375e+03 
2.614375e+03 
2.614375e+03 
2.614375e+03 
2.614375e+03 
2.614375e+03 
2.614375e+03 
2.614375e+03 
2.614375e+03 
2.614375e+03 
2.614375e+03 
2.614375e+03 
2.614375e+03 
2.614375e+03 
2.614375e+03 
2.614375e+03 
2.614375e+03 
2.614375e+03 
2.614375e+03 
2.614375e+03 
2.614375e+03 
2.614375e+03 
2.614375e+03 
2.614375e+03 
2.614375e+03 
2.614375e+03 
2.614351e+03 
2.614351e+03 
2.614351e+03 
2.614351e+03 
2.614351e+03 
2.614351e+03 
2.614351e+03 
2.614351e+03 
2.614351e+03 
2.614351e+03 
2.614351e+03 
2.614351e+03 
2.614351e+03 
2.614351e+03 
2.614351e+03 
2.614351e+03 
2.614351e+03 
2.614351e+03 
2.614351e+03 
2.614351e+03 
2.614351e+03 
2.614351e+03 
2.614351e+03 
2.614351e+03 
2.614351e+03 
2.614351e+03 
2.614351e+03 
2.614351e+03 
2.614351e+03 
2.614351e+03 
2.614351e+03 
2.614351e+03 
2.614351e+03 
2.614351e+03 
2.614351e+03 
2.614351e+03 
2.614351e+03 
2.614351e+03 
2.614351e+03 
2.614351e+03 
2.614351e+03 
2.614351e+03 
2.614351e+03 
2.614351e+03 
2.613935e+03 
2.613935e+03 
2.613935e+03 
2.613935e+03 
2.613935e+03 
2.613935e+03 
2.613935e+03 
2.613935e+03 
2.613935e+03 
2.613935e+03 
2.613935e+03 
2.613935e+03 
2.613935e+03 
2.613935e+03 
2.613935e+03 
2.613935e+03 
2.613935e+03 
2.613935e+03 
2.613935e+03 
2.613935e+03 
2.613935e+03 
2.613935e+03 
2.613935e+03 
2.613935e+03 
2.613935e+03 
2.613935e+03 
2.613935e+03 
2.613935e+03 
2.613935e+03 
2.613935e+03 
2.613935e+03 
2.613935e+03 
2.613935e+03 
2.613935e+03 
2.612649e+03 
2.612649e+03 
2.612649e+03 
2.612649e+03 
2.612649e+03 
2.611849e+03 
2.611849e+03 
2.611849e+03 
2.611849e+03 
2.611849e+03 
2.611849e+03 
2.611849e+03 
2.611849e+03 
2.611849e+03 
2.611849e+03 
2.611849e+03 
2.611849e+03 
2.611849e+03 
2.611849e+03 
2.611849e+03 
2.611849e+03 
2.611849e+03 
2.611849e+03 
2.611849e+03 
2.611849e+03 
2.611849e+03 
2.611849e+03 
2.611849e+03 
2.611849e+03 
2.611849e+03 
2.611849e+03 
2.611849e+03 
2.611849e+03 
2.611849e+03 
2.611849e+03 
2.611849e+03 
2.611849e+03 
2.611849e+03 
2.611849e+03 
2.611849e+03 
2.611849e+03 
2.611849e+03 
2.611849e+03 
2.611849e+03 
2.611849e+03 
2.611849e+03 
2.611849e+03 
2.611849e+03 
2.611849e+03 
2.611849e+03 
2.611849e+03 
2.611849e+03 
2.611849e+03 
2.611849e+03 
2.611849e+03 
2.611849e+03 
2.611849e+03 
2.611849e+03 
2.611849e+03 
2.611849e+03 
2.611849e+03 
2.611849e+03 
2.611849e+03 
2.611849e+03 
2.611849e+03 
2.611849e+03 
2.611849e+03 
2.611849e+03 
2.611849e+03 
2.611849e+03 
2.611849e+03 
2.611849e+03 
2.611849e+03 
2.611849e+03 
2.611849e+03 
2.611849e+03 
2.611849e+03 
2.611849e+03 
2.611849e+03 
2.611849e+03 
2.611849e+03 
2.611849e+03 
2.611849e+03 
2.611849e+03 
2.611849e+03 
2.611849e+03 
2.611849e+03 
2.611849e+03 
2.611849e+03 
2.611849e+03 
2.611849e+03 
2.611849e+03 
2.611849e+03 
2.611849e+03 
2.611849e+03 
2.611849e+03 
2.611849e+03 
2.611849e+03 
2.611849e+03 
2.611849e+03 
2.611849e+03 
2.611849e+03 
2.611849e+03 
2.611849e+03 
2.611849e+03 
2.611849e+03 
2.611849e+03 
2.611849e+03 
2.611849e+03 
2.611559e+03 
2.611559e+03 
2.611559e+03 
2.611559e+03 
2.611559e+03 
2.611559e+03 
2.611559e+03 
2.611559e+03 
2.611559e+03 
2.611559e+03 
2.611559e+03 
2.611559e+03 
2.611559e+03 
2.611559e+03 
2.611559e+03 
2.611559e+03 
2.611559e+03 
2.611559e+03 
2.611559e+03 
2.611559e+03 
2.611559e+03 
2.611539e+03 
2.611539e+03 
2.611535e+03 
2.611535e+03 
2.611535e+03 
2.611535e+03 
2.611535e+03 
2.611535e+03 
2.611535e+03 
2.611535e+03 
2.611527e+03 
2.609541e+03 
2.609541e+03 
2.609541e+03 
2.609541e+03 
2.609541e+03 
2.609541e+03 
2.609541e+03 
2.609541e+03 
2.609541e+03 
2.609541e+03 
2.609541e+03 
2.609541e+03 
2.609541e+03 
2.609541e+03 
2.609541e+03 
2.609541e+03 
2.609541e+03 
2.609541e+03 
2.609541e+03 
2.609541e+03 
2.609541e+03 
2.609541e+03 
2.609541e+03 
2.609541e+03 
2.609541e+03 
2.609541e+03 
2.609541e+03 
2.609541e+03 
2.609541e+03 
2.609541e+03 
2.609541e+03 
2.609541e+03 
2.609541e+03 
2.609541e+03 
2.609541e+03 
2.609541e+03 
2.609541e+03 
2.609541e+03 
2.609541e+03 
2.609541e+03 
2.609541e+03 
2.609541e+03 
2.609541e+03 
2.609541e+03 
2.609541e+03 
2.609541e+03 
2.609541e+03 
2.609541e+03 
2.609541e+03 
2.609541e+03 
2.609541e+03 
2.609541e+03 
2.609541e+03 
2.609421e+03 
2.609421e+03 
2.609421e+03 
2.609421e+03 
2.609421e+03 
2.609421e+03 
2.609421e+03 
2.609421e+03 
2.609421e+03 
2.609421e+03 
2.609421e+03 
2.609421e+03 
2.609421e+03 
2.609421e+03 
2.609421e+03 
2.609421e+03 
2.609421e+03 
2.609421e+03 
2.609379e+03 
2.609379e+03 
2.609223e+03 
2.609223e+03 
2.609223e+03 
2.609223e+03 
2.609223e+03 
2.609223e+03 
2.609223e+03 
2.609223e+03 
2.609223e+03 
2.609223e+03 
2.609223e+03 
2.609223e+03 
2.609223e+03 
2.609223e+03 
2.609223e+03 
2.609171e+03 
2.609171e+03 
2.609171e+03 
2.609171e+03 
2.609171e+03 
2.609144e+03 
2.609144e+03 
2.609144e+03 
2.609144e+03 
2.609144e+03 
2.609142e+03 
2.609142e+03 
2.609142e+03 
2.609142e+03 
2.609142e+03 
2.609142e+03 
2.609142e+03 
2.609142e+03 
2.609139e+03 
2.609139e+03 
2.609139e+03 
2.609139e+03 
2.609138e+03 
2.609137e+03 
2.609137e+03 
2.609137e+03 
2.609137e+03 
2.609137e+03 
2.609137e+03 
2.609136e+03 
2.609135e+03 
2.609135e+03 
2.609134e+03 
2.609134e+03 
2.609134e+03 
2.609134e+03 
2.609134e+03 
2.609134e+03 
2.609134e+03 
2.609134e+03 
2.609134e+03 
2.609134e+03 
2.609134e+03 
2.609134e+03 
2.609134e+03 
2.609134e+03 
2.609134e+03 
2.609134e+03 
2.609134e+03 
2.609134e+03 
2.609134e+03 
2.609134e+03 
2.609134e+03 
2.609134e+03 
2.609134e+03 
2.609134e+03 
2.609134e+03 
2.609134e+03 
2.609134e+03 
2.609134e+03 
2.609134e+03 
2.609134e+03 
2.609134e+03 
2.609134e+03 
2.609134e+03 
2.609134e+03 
2.609134e+03 
2.609134e+03 
2.609134e+03 
2.609134e+03 
2.609134e+03 
2.609134e+03 
2.609134e+03 
2.609134e+03 
2.609134e+03 
2.609134e+03 
2.609134e+03 
2.609134e+03 
2.609134e+03 
2.609134e+03 
2.609134e+03 
2.609134e+03 
2.609134e+03 
2.609134e+03 
2.609134e+03 
2.609134e+03 
2.609134e+03 
2.609134e+03 
2.609134e+03 
2.609134e+03 
2.609134e+03 
2.609134e+03 
2.609134e+03 
2.609134e+03 
2.609134e+03 
2.609134e+03 
2.609134e+03 
2.609134e+03 
2.609134e+03 
2.609134e+03 
2.609134e+03 
2.609134e+03 
2.609134e+03 
2.609134e+03 
2.609134e+03 
2.609134e+03 
2.609134e+03 
2.609134e+03 
2.609134e+03 
2.609134e+03 
2.609134e+03 
2.609134e+03 
2.609134e+03 
2.609134e+03 
2.609134e+03 
2.609134e+03 
2.609134e+03 
2.609134e+03 
2.609134e+03 
2.609134e+03 
2.609134e+03 
2.609134e+03 
2.609134e+03 
2.609134e+03 
2.609134e+03 
2.609134e+03 
2.609134e+03 
2.609134e+03 
2.609134e+03 
2.609134e+03 
2.609134e+03 
2.609134e+03 
2.609134e+03 
2.609134e+03 
2.609134e+03 
2.609134e+03 
2.609134e+03 
2.609134e+03 
2.609134e+03 
2.609134e+03 
2.609134e+03 
2.609134e+03 
2.609134e+03 
2.609134e+03 
2.609134e+03 
2.609134e+03 
2.609134e+03 
2.609134e+03 
2.609134e+03 
2.609134e+03 
2.609134e+03 
2.609134e+03 
2.609134e+03 
2.609134e+03 
2.609134e+03 
2.609134e+03 
2.609134e+03 
2.609134e+03 
2.609134e+03 
2.609134e+03 
2.609134e+03 
2.609134e+03 
2.609134e+03 
2.609134e+03 
2.609134e+03 
2.609134e+03 
2.609134e+03 
2.609134e+03 
2.609134e+03 
2.609134e+03 
2.609134e+03 
2.609134e+03 
2.609134e+03 
2.609134e+03 
2.609134e+03 
2.609134e+03 
2.609134e+03 
2.609134e+03 
2.609134e+03 
2.609134e+03 
2.609134e+03 
2.609134e+03 
2.609134e+03 
2.609134e+03 
2.609134e+03 
2.609134e+03 
2.609134e+03 
2.609134e+03 
2.609134e+03 
2.609134e+03 
2.609134e+03 
2.609134e+03 
2.609134e+03 
2.609134e+03 
2.609134e+03 
2.609134e+03 
2.609134e+03 
2.609134e+03 
2.609134e+03 
2.609134e+03 
2.609134e+03 
2.609134e+03 
2.609134e+03 
2.609134e+03 
2.609134e+03 
2.609134e+03 
2.609134e+03 
2.609134e+03 
2.609134e+03 
2.609134e+03 
2.609134e+03 
2.609134e+03 
2.609134e+03 
2.609134e+03 
2.609134e+03 
2.609134e+03 
2.609134e+03 
2.609134e+03 
2.609134e+03 
2.609134e+03 
2.609134e+03 
2.609134e+03 
2.609134e+03 
2.609134e+03 
2.609134e+03 
2.609134e+03 
2.609134e+03 
2.609134e+03 
2.609134e+03 
2.609134e+03 
2.609134e+03 
2.609134e+03 
2.609134e+03 
2.609134e+03 
2.609134e+03 
2.609134e+03 
2.609134e+03 
2.609134e+03 
2.609134e+03 
2.609134e+03 
2.609134e+03 
2.609134e+03 
2.609134e+03 
2.609134e+03 
2.609134e+03 
2.609134e+03 
2.609134e+03 
2.609134e+03 
2.609134e+03 
2.609134e+03 
2.609134e+03 
2.609134e+03 
2.609134e+03 
2.609134e+03 
2.609134e+03 
2.609134e+03 
2.609134e+03 
2.609134e+03 
2.609134e+03 
2.609134e+03 
2.609134e+03 
2.609134e+03 
2.609134e+03 
2.609134e+03 
2.609134e+03 
2.609134e+03 
2.609134e+03 
2.609134e+03 
2.609134e+03 
2.609134e+03 
2.609134e+03 
2.609134e+03 
2.609134e+03 
2.609134e+03 
2.609134e+03 
2.609134e+03 
2.609134e+03 
2.609134e+03 
2.609134e+03 
2.609134e+03 
2.609134e+03 
2.608670e+03 
2.608670e+03 
2.608670e+03 
2.608670e+03 
2.608670e+03 
2.608670e+03 
2.608670e+03 
2.608670e+03 
2.608670e+03 
2.608670e+03 
2.608670e+03 
2.608670e+03 
2.608670e+03 
2.608670e+03 
2.608670e+03 
2.608670e+03 
2.608670e+03 
2.608670e+03 
2.608670e+03 
2.608670e+03 
2.608670e+03 
2.608670e+03 
2.608670e+03 
2.608670e+03 
2.608670e+03 
2.608670e+03 
2.608670e+03 
2.608670e+03 
2.608670e+03 
2.608670e+03 
2.608670e+03 
2.608670e+03 
2.608670e+03 
2.608670e+03 
2.608670e+03 
2.608670e+03 
2.608670e+03 
2.608670e+03 
2.608670e+03 
2.608670e+03 
2.608670e+03 
2.608670e+03 
2.608670e+03 
2.608670e+03 
2.608670e+03 
2.608670e+03 
2.608670e+03 
2.608670e+03 
2.608670e+03 
2.608670e+03 
2.608670e+03 
2.608670e+03 
2.608670e+03 
2.608670e+03 
2.608373e+03 
2.608373e+03 
2.608373e+03 
2.608373e+03 
2.608373e+03 
2.608373e+03 
2.608373e+03 
2.608373e+03 
2.608112e+03 
2.608112e+03 
2.608112e+03 
2.608112e+03 
2.608112e+03 
2.608112e+03 
2.608112e+03 
2.608112e+03 
2.608112e+03 
2.608112e+03 
2.608112e+03 
2.608112e+03 
2.608112e+03 
2.608112e+03 
2.608112e+03 
2.608112e+03 
2.608112e+03 
2.608112e+03 
2.608112e+03 
2.608112e+03 
2.608112e+03 
2.608112e+03 
2.608112e+03 
2.608112e+03 
2.608031e+03 
2.608031e+03 
2.608031e+03 
2.608031e+03 
2.608031e+03 
2.608031e+03 
2.608031e+03 
2.608031e+03 
2.608031e+03 
2.608031e+03 
2.608031e+03 
2.608031e+03 
2.608031e+03 
2.608031e+03 
2.608031e+03 
2.608031e+03 
2.607994e+03 
2.607832e+03 
2.607799e+03 
2.607799e+03 
2.607799e+03 
2.607799e+03 
2.607782e+03 
2.607777e+03 
2.607777e+03 
2.607777e+03 
2.607772e+03 
2.607767e+03 
2.607763e+03 
2.607761e+03 
2.607759e+03 
2.607759e+03 
2.607758e+03 
2.607758e+03 
2.607757e+03 
2.607757e+03 
2.607757e+03 
2.607757e+03 
2.607757e+03 
2.607757e+03 
2.607757e+03 
2.607757e+03 
2.607757e+03 
2.607757e+03 
2.607757e+03 
2.607757e+03 
2.607757e+03 
2.607757e+03 
2.607757e+03 
2.607757e+03 
2.607757e+03 
2.607757e+03 
2.607757e+03 
2.607757e+03 
2.607757e+03 
2.607757e+03 
2.607757e+03 
2.607757e+03 
2.607757e+03 
2.607757e+03 
2.607757e+03 
2.607757e+03 
2.607757e+03 
2.607757e+03 
2.607757e+03 
2.607757e+03 
2.607757e+03 
2.607757e+03 
2.607757e+03 
2.607757e+03 
2.607757e+03 
2.607757e+03 
2.607757e+03 
2.607757e+03 
2.607757e+03 
2.607757e+03 
2.607757e+03 
2.607757e+03 
2.607757e+03 
2.607757e+03 
2.607757e+03 
2.607757e+03 
2.607757e+03 
2.607757e+03 
2.607757e+03 
2.607757e+03 
2.607757e+03 
2.607757e+03 
2.607757e+03 
2.607757e+03 
2.607757e+03 
2.607757e+03 
2.607726e+03 
2.607018e+03 
2.607018e+03 
2.606929e+03 
2.606879e+03 
2.606482e+03 
2.606482e+03 
2.606482e+03 
2.606482e+03 
2.606467e+03 
2.606467e+03 
2.606467e+03 
2.606467e+03 
2.606467e+03 
2.606467e+03 
2.606439e+03 
2.606439e+03 
2.606439e+03 
2.606213e+03 
2.605925e+03 
2.605925e+03 
2.605455e+03 
2.605455e+03 
2.605455e+03 
2.605187e+03 
2.605187e+03 
2.605187e+03 
2.604990e+03 
2.604990e+03 
2.604990e+03 
2.604990e+03 
2.604990e+03 
2.604990e+03 
2.604990e+03 
2.604990e+03 
2.604990e+03 
2.604990e+03 
2.604990e+03 
2.604837e+03 
2.604837e+03 
2.604837e+03 
2.604837e+03 
2.604837e+03 
2.604837e+03 
2.604837e+03 
2.604837e+03 
2.604837e+03 
2.604697e+03 
2.604697e+03 
2.604697e+03 
2.604697e+03 
2.604697e+03 
2.604697e+03 
2.604697e+03 
2.604697e+03 
2.604697e+03 
2.604697e+03 
2.604697e+03 
2.604697e+03 
2.604697e+03 
2.604697e+03 
2.604697e+03 
2.604697e+03 
2.604697e+03 
2.604519e+03 
2.604519e+03 
2.604519e+03 
2.604519e+03 
2.604519e+03 
2.604519e+03 
2.604519e+03 
2.604519e+03 
2.604517e+03 
2.604517e+03 
2.604517e+03 
2.604517e+03 
2.604517e+03 
2.604517e+03 
2.604517e+03 
2.604517e+03 
2.604515e+03 
2.604515e+03 
2.604494e+03 
2.604494e+03 
2.604494e+03 
2.604494e+03 
2.604494e+03 
2.604410e+03 
2.604410e+03 
2.604410e+03 
2.604410e+03 
2.604410e+03 
2.604410e+03 
2.604410e+03 
2.604410e+03 
2.604410e+03 
2.604410e+03 
2.604410e+03 
2.604410e+03 
2.604410e+03 
2.604410e+03 
2.604410e+03 
2.604410e+03 
2.604410e+03 
2.604410e+03 
2.604410e+03 
2.604410e+03 
2.604410e+03 
2.604337e+03 
2.604337e+03 
2.604337e+03 
2.604337e+03 
2.604337e+03 
2.604337e+03 
2.604337e+03 
2.604337e+03 
2.604337e+03 
2.604337e+03 
2.604337e+03 
2.604337e+03 
2.604337e+03 
2.604337e+03 
2.604337e+03 
2.604337e+03 
2.604337e+03 
2.604337e+03 
2.604337e+03 
2.604337e+03 
2.604337e+03 
2.604337e+03 
2.604337e+03 
2.604337e+03 
2.604337e+03 
2.604337e+03 
2.604337e+03 
2.604337e+03 
2.604337e+03 
2.604321e+03 
2.604047e+03 
2.604047e+03 
2.604047e+03 
2.604000e+03 
2.604000e+03 
2.604000e+03 
2.604000e+03 
2.603891e+03 
2.603891e+03 
2.603891e+03 
2.603891e+03 
2.603891e+03 
2.603891e+03 
2.603891e+03 
2.603891e+03 
2.603891e+03 
2.603891e+03 
2.603891e+03 
2.603891e+03 
2.603891e+03 
2.603617e+03 
2.603617e+03 
2.603617e+03 
2.603617e+03 
2.603617e+03 
2.603617e+03 
2.603617e+03 
2.603617e+03 
2.603617e+03 
2.603617e+03 
2.603617e+03 
2.603617e+03 
2.603617e+03 
2.603617e+03 
2.603617e+03 
2.603617e+03 
2.603479e+03 
2.603025e+03 
2.603025e+03 
2.602852e+03 
2.602852e+03 
2.602852e+03 
2.602852e+03 
2.602852e+03 
2.602535e+03 
2.602535e+03 
2.602535e+03 
2.602535e+03 
2.602535e+03 
2.602535e+03 
2.602535e+03 
2.602535e+03 
2.602535e+03 
2.602535e+03 
2.602535e+03 
2.602535e+03 
2.602535e+03 
2.602535e+03 
2.602535e+03 
2.602535e+03 
2.602535e+03 
2.602535e+03 
2.602535e+03 
2.602535e+03 
2.602535e+03 
2.602535e+03 
2.602535e+03 
2.602535e+03 
2.602494e+03 
2.602494e+03 
2.602494e+03 
2.602494e+03 
2.602494e+03 
2.602494e+03 
2.602494e+03 
2.602494e+03 
2.602494e+03 
2.602494e+03 
2.602494e+03 
2.602494e+03 
2.602494e+03 
2.602494e+03 
2.602494e+03 
2.602494e+03 
2.602494e+03 
2.602494e+03 
2.602494e+03 
2.602494e+03 
2.602494e+03 
2.602372e+03 
2.602372e+03 
2.602372e+03 
2.602372e+03 
2.602372e+03 
2.602372e+03 
2.602372e+03 
2.602372e+03 
2.602372e+03 
2.602372e+03 
2.602372e+03 
2.602372e+03 
2.602372e+03 
2.602372e+03 
2.602372e+03 
2.602372e+03 
2.602372e+03 
2.602372e+03 
2.602372e+03 
2.602372e+03 
2.602372e+03 
2.602372e+03 
2.602372e+03 
2.602372e+03 
2.602372e+03 
2.602372e+03 
2.602372e+03 
2.602372e+03 
2.602372e+03 
2.602372e+03 
2.602372e+03 
2.602372e+03 
2.602372e+03 
2.602372e+03 
2.602372e+03 
2.602372e+03 
2.602372e+03 
2.602372e+03 
2.602372e+03 
2.602372e+03 
2.602372e+03 
2.602372e+03 
2.602195e+03 
2.602195e+03 
2.602195e+03 
2.602195e+03 
2.602195e+03 
2.602195e+03 
2.602195e+03 
2.602195e+03 
2.602195e+03 
2.602195e+03 
2.602195e+03 
2.602195e+03 
2.602195e+03 
2.602195e+03 
2.602195e+03 
2.602195e+03 
2.602195e+03 
2.602195e+03 
2.602195e+03 
2.602195e+03 
2.602195e+03 
2.602195e+03 
2.602195e+03 
2.602195e+03 
2.602195e+03 
2.602195e+03 
2.602195e+03 
2.602195e+03 
2.602195e+03 
2.602195e+03 
2.602195e+03 
2.602195e+03 
2.602195e+03 
2.602195e+03 
2.602195e+03 
2.602195e+03 
2.602195e+03 
2.602195e+03 
2.602195e+03 
2.602195e+03 
2.602195e+03 
2.602195e+03 
2.602195e+03 
2.601868e+03 
2.601868e+03 
2.601868e+03 
2.601868e+03 
2.601868e+03 
2.601868e+03 
2.601868e+03 
2.601868e+03 
2.601868e+03 
2.601868e+03 
2.601868e+03 
2.601868e+03 
2.601868e+03 
2.601868e+03 
2.601868e+03 
2.601868e+03 
2.601868e+03 
2.601868e+03 
2.601868e+03 
2.601868e+03 
2.601868e+03 
2.601868e+03 
2.601868e+03 
2.601868e+03 
2.601868e+03 
2.601868e+03 
2.601868e+03 
2.601868e+03 
2.601868e+03 
2.601868e+03 
2.601868e+03 
2.601868e+03 
2.601868e+03 
2.601868e+03 
2.601868e+03 
2.601868e+03 
2.601868e+03 
2.601868e+03 
2.601868e+03 
2.601868e+03 
2.601868e+03 
2.601868e+03 
2.601868e+03 
2.601868e+03 
2.601868e+03 
2.601868e+03 
2.601868e+03 
2.601868e+03 
2.601868e+03 
2.601868e+03 
2.601868e+03 
2.601868e+03 
2.601868e+03 
2.601868e+03 
2.601868e+03 
2.601868e+03 
2.601868e+03 
2.601868e+03 
2.601868e+03 
2.601868e+03 
2.601868e+03 
2.601868e+03 
2.601868e+03 
2.601868e+03 
2.601868e+03 
2.601868e+03 
2.601868e+03 
2.601868e+03 
2.601868e+03 
2.601868e+03 
2.601868e+03 
2.601868e+03 
2.601842e+03 
2.601842e+03 
2.601842e+03 
2.601842e+03 
2.601778e+03 
2.601778e+03 
2.601778e+03 
2.601778e+03 
2.601778e+03 
2.601778e+03 
2.601778e+03 
2.601778e+03 
2.601778e+03 
2.601778e+03 
2.601778e+03 
2.601778e+03 
2.601778e+03 
2.601778e+03 
2.601778e+03 
2.601778e+03 
2.601778e+03 
2.601778e+03 
2.601778e+03 
2.601778e+03 
2.601778e+03 
2.601778e+03 
2.601778e+03 
2.601778e+03 
2.601778e+03 
2.601778e+03 
2.601778e+03 
2.601778e+03 
2.601778e+03 
2.601778e+03 
2.601778e+03 
2.601778e+03 
2.601778e+03 
2.601778e+03 
2.601778e+03 
2.601778e+03 
2.601778e+03 
2.601778e+03 
2.601778e+03 
2.601778e+03 
2.601778e+03 
2.601778e+03 
2.601778e+03 
2.601778e+03 
2.601778e+03 
2.601778e+03 
2.601778e+03 
2.601778e+03 
2.601778e+03 
2.601778e+03 
2.601778e+03 
2.601778e+03 
2.601778e+03 
2.601778e+03 
2.601778e+03 
2.601778e+03 
2.601778e+03 
2.601778e+03 
2.601778e+03 
2.601778e+03 
2.601778e+03 
2.601778e+03 
2.601778e+03 
2.601739e+03 
2.601739e+03 
2.601739e+03 
2.601739e+03 
2.601739e+03 
2.601739e+03 
2.601657e+03 
2.601657e+03 
2.601657e+03 
2.601657e+03 
2.601657e+03 
2.601657e+03 
2.601657e+03 
2.601657e+03 
2.601657e+03 
2.601657e+03 
2.601657e+03 
2.601657e+03 
2.601657e+03 
2.601657e+03 
2.601646e+03 
2.601646e+03 
2.601646e+03 
2.601646e+03 
2.601646e+03 
2.601646e+03 
2.601646e+03 
2.601646e+03 
2.601646e+03 
2.601646e+03 
2.601646e+03 
2.601646e+03 
2.601646e+03 
2.601646e+03 
2.601646e+03 
2.601646e+03 
2.601646e+03 
2.601626e+03 
2.601626e+03 
2.601626e+03 
2.601626e+03 
2.601626e+03 
2.601626e+03 
2.601626e+03 
2.601626e+03 
2.601626e+03 
2.601626e+03 
2.601626e+03 
2.601626e+03 
2.601626e+03 
2.601626e+03 
2.601626e+03 
2.601626e+03 
2.601622e+03 
2.601622e+03 
2.601622e+03 
2.601622e+03 
2.601617e+03 
2.601617e+03 
2.601616e+03 
2.601616e+03 
2.601616e+03 
2.601616e+03 
2.601616e+03 
2.601616e+03 
2.601615e+03 
2.601615e+03 
2.601615e+03 
2.601615e+03 
2.601615e+03 
2.601615e+03 
2.601615e+03 
2.601615e+03 
2.601615e+03 
2.601613e+03 
2.601611e+03 
2.601611e+03 
2.601609e+03 
2.601609e+03 
2.601609e+03 
2.601609e+03 
2.601609e+03 
2.601609e+03 
2.601609e+03 
2.601608e+03 
2.601608e+03 
2.601608e+03 
2.601608e+03 
2.601608e+03 
2.601608e+03 
2.601608e+03 
2.601608e+03 
2.601608e+03 
2.601606e+03 
2.601606e+03 
2.601605e+03 
2.601605e+03 
2.601605e+03 
2.601605e+03 
2.601605e+03 
2.601605e+03 
2.601605e+03 
2.601605e+03 
2.601604e+03 
2.601604e+03 
2.601604e+03 
2.601604e+03 
2.601604e+03 
2.601603e+03 
2.601603e+03 
2.601603e+03 
2.601603e+03 
2.601603e+03 
2.601603e+03 
2.601603e+03 
2.601603e+03 
2.601603e+03 
2.601603e+03 
2.601603e+03 
2.601603e+03 
2.601603e+03 
2.601603e+03 
2.601603e+03 
2.601603e+03 
2.601603e+03 
2.601603e+03 
2.601603e+03 
2.601603e+03 
2.601603e+03 
2.601603e+03 
2.601603e+03 
2.601603e+03 
2.601602e+03 
2.601602e+03 
2.601602e+03 
2.601602e+03 
2.601602e+03 
2.601602e+03 
2.601602e+03 
2.601602e+03 
2.601602e+03 
2.601602e+03 
2.601602e+03 
2.601602e+03 
2.601602e+03 
2.601602e+03 
2.601602e+03 
2.601602e+03 
2.601602e+03 
2.601602e+03 
2.601602e+03 
2.601602e+03 
2.601602e+03 
2.601602e+03 
2.601602e+03 
2.601602e+03 
2.601602e+03 
2.601602e+03 
2.601602e+03 
2.601602e+03 
2.601602e+03 
2.601602e+03 
2.601602e+03 
2.601601e+03 
2.601601e+03 
2.601601e+03 
2.601601e+03 
2.601601e+03 
2.601601e+03 
2.601601e+03 
2.601601e+03 
2.601601e+03 
2.601601e+03 
2.601601e+03 
2.601601e+03 
2.601601e+03 
2.601601e+03 
2.601601e+03 
2.601601e+03 
2.601601e+03 
2.601601e+03 
2.601601e+03 
2.601601e+03 
2.601601e+03 
2.601601e+03 
2.601601e+03 
2.601601e+03 
2.601601e+03 
2.601601e+03 
2.601601e+03 
2.601601e+03 
2.601601e+03 
2.601601e+03 
2.601601e+03 
2.601601e+03 
2.601601e+03 
2.601601e+03 
2.601601e+03 
2.601601e+03 
2.601601e+03 
2.601601e+03 
2.601601e+03 
2.601601e+03 
2.601601e+03 
2.601601e+03 
2.601601e+03 
2.601601e+03 
2.601601e+03 
2.601601e+03 
2.601601e+03 
2.601601e+03 
2.601601e+03 
2.601601e+03 
2.601601e+03 
2.601601e+03 
2.601601e+03 
2.601601e+03 
2.601601e+03 
2.601601e+03 
2.601601e+03 
2.601601e+03 
2.601601e+03 
2.601601e+03 
2.601601e+03 
2.601601e+03 
2.601601e+03 
2.601601e+03 
2.601601e+03 
2.601601e+03 
2.601601e+03 
2.601601e+03 
2.601601e+03 
2.601601e+03 
2.601601e+03 
2.601601e+03 
2.601601e+03 
2.601601e+03 
2.601601e+03 
2.601601e+03 
2.601601e+03 
2.601601e+03 
2.601601e+03 
2.601601e+03 
2.601601e+03 
2.601601e+03 
2.601601e+03 
2.601601e+03 
2.601446e+03 
2.601446e+03 
2.601446e+03 
2.601446e+03 
2.601446e+03 
2.601446e+03 
2.601446e+03 
2.601446e+03 
2.601446e+03 
2.601430e+03 
2.601331e+03 
2.601331e+03 
2.601331e+03 
2.601331e+03 
2.601331e+03 
2.601331e+03 
2.601298e+03 
2.601298e+03 
2.601297e+03 
2.601230e+03 
2.601230e+03 
2.601230e+03 
2.601230e+03 
2.601230e+03 
2.601217e+03 
2.601140e+03 
2.601083e+03 
2.601044e+03 
2.601044e+03 
2.601034e+03 
2.601034e+03 
2.601034e+03 
2.601034e+03 
2.601034e+03 
2.601029e+03 
2.601029e+03 
2.601029e+03 
2.601029e+03 
2.601029e+03 
2.601029e+03 
2.601029e+03 
2.601029e+03 
2.601029e+03 
2.601029e+03 
2.600900e+03 
2.600900e+03 
2.600900e+03 
2.600900e+03 
2.600900e+03 
2.600900e+03 
2.600900e+03 
2.600900e+03 
2.600900e+03 
2.600900e+03 
2.600900e+03 
2.600900e+03 
2.600900e+03 
2.600900e+03 
2.600900e+03 
2.600900e+03 
2.600900e+03 
2.600900e+03 
2.600900e+03 
2.600900e+03 
2.600900e+03 
2.600900e+03 
2.600900e+03 
2.600900e+03 
2.600900e+03 
2.600900e+03 
2.600900e+03 
2.600900e+03 
2.600900e+03 
2.600900e+03 
2.600900e+03 
2.600900e+03 
2.600900e+03 
2.600900e+03 
2.600900e+03 
2.600900e+03 
2.600900e+03 
2.600900e+03 
2.600900e+03 
2.600900e+03 
2.600900e+03 
2.600900e+03 
2.600842e+03 
2.600842e+03 
2.600842e+03 
2.600842e+03 
2.600842e+03 
2.600842e+03 
2.600842e+03 
2.600842e+03 
2.600812e+03 
2.600812e+03 
2.600810e+03 
2.600810e+03 
2.600788e+03 
2.600788e+03 
2.600779e+03 
2.600673e+03 
2.600673e+03 
2.600673e+03 
2.600673e+03 
2.600673e+03 
2.600673e+03 
2.600673e+03 
2.600645e+03 
2.600645e+03 
2.600645e+03 
2.600645e+03 
2.600645e+03 
2.600619e+03 
2.600619e+03 
2.600619e+03 
2.600619e+03 
2.600596e+03 
2.600596e+03 
2.600596e+03 
2.600596e+03 
2.600565e+03 
2.600496e+03 
2.600492e+03 
2.600492e+03 
2.600492e+03 
2.600492e+03 
2.600492e+03 
2.600492e+03 
2.600492e+03 
2.600477e+03 
2.600477e+03 
2.600477e+03 
2.600477e+03 
2.600477e+03 
2.600477e+03 
2.600477e+03 
2.600457e+03 
2.600457e+03 
2.600443e+03 
2.600443e+03 
2.600443e+03 
2.600443e+03 
2.600443e+03 
2.600443e+03 
2.600443e+03 
2.600443e+03 
2.600443e+03 
2.600443e+03 
2.600443e+03 
2.600443e+03 
2.600443e+03 
2.600443e+03 
2.600443e+03 
2.600443e+03 
2.600443e+03 
2.600443e+03 
2.600443e+03 
2.600443e+03 
2.600443e+03 
2.600443e+03 
2.600443e+03 
2.600443e+03 
2.600443e+03 
2.600443e+03 
2.600443e+03 
2.600443e+03 
2.600443e+03 
2.600443e+03 
2.600443e+03 
2.600443e+03 
2.600443e+03 
2.600443e+03 
2.600443e+03 
2.600443e+03 
2.600443e+03 
2.600443e+03 
2.600443e+03 
2.600443e+03 
2.600443e+03 
2.600443e+03 
2.600443e+03 
2.600443e+03 
2.600443e+03 
2.600443e+03 
2.600443e+03 
2.600441e+03 
2.600441e+03 
2.600441e+03 
2.600441e+03 
2.600432e+03 
2.600432e+03 
2.600432e+03 
2.600432e+03 
2.600432e+03 
2.600432e+03 
2.600432e+03 
2.600432e+03 
2.600432e+03 
2.600432e+03 
2.600432e+03 
2.600432e+03 
2.600428e+03 
2.600428e+03 
2.600428e+03 
2.600428e+03 
2.600428e+03 
2.600428e+03 
2.600428e+03 
2.600428e+03 
2.600428e+03 
2.600427e+03 
2.600427e+03 
2.600427e+03 
2.600427e+03 
2.600427e+03 
2.600427e+03 
2.600427e+03 
2.600427e+03 
2.600427e+03 
2.600427e+03 
2.600427e+03 
2.600425e+03 
2.600425e+03 
2.600425e+03 
2.600425e+03 
2.600425e+03 
2.600425e+03 
2.600425e+03 
2.600425e+03 
2.600425e+03 
2.600425e+03 
2.600425e+03 
2.600425e+03 
2.600425e+03 
2.600425e+03 
2.600424e+03 
2.600422e+03 
2.600420e+03 
2.600420e+03 
2.600420e+03 
2.600419e+03 
2.600419e+03 
2.600419e+03 
2.600419e+03 
2.600418e+03 
2.600418e+03 
2.600418e+03 
2.600418e+03 
2.600418e+03 
2.600418e+03 
2.600418e+03 
2.600418e+03 
2.600418e+03 
2.600418e+03 
2.600418e+03 
2.600418e+03 
2.600418e+03 
2.600418e+03 
2.600418e+03 
2.600418e+03 
2.600418e+03 
2.600418e+03 
2.600418e+03 
2.600417e+03 
2.600417e+03 
2.600417e+03 
2.600417e+03 
2.600417e+03 
2.600417e+03 
2.600417e+03 
2.600417e+03 
2.600417e+03 
2.600417e+03 
2.600417e+03 
2.600417e+03 
2.600417e+03 
2.600417e+03 
2.600417e+03 
2.600417e+03 
2.600417e+03 
2.600417e+03 
2.600417e+03 
2.600417e+03 
2.600417e+03 
2.600417e+03 
2.600417e+03 
2.600417e+03 
2.600417e+03 
2.600417e+03 
2.600417e+03 
2.600417e+03 
2.600417e+03 
2.600417e+03 
2.600417e+03 
2.600417e+03 
2.600417e+03 
2.600417e+03 
2.600417e+03 
2.600417e+03 
2.600417e+03 
2.600417e+03 
2.600417e+03 
2.600417e+03 
2.600417e+03 
2.600417e+03 
2.600417e+03 
2.600417e+03 
2.600417e+03 
2.600417e+03 
2.600417e+03 
2.600417e+03 
2.600417e+03 
2.600417e+03 
2.600417e+03 
2.600417e+03 
2.600417e+03 
2.600417e+03 
2.600417e+03 
2.600417e+03 
2.600417e+03 
2.600417e+03 
2.600417e+03 
2.600417e+03 
2.600417e+03 
2.600417e+03 
2.600417e+03 
2.600417e+03 
2.600417e+03 
2.600417e+03 
2.600417e+03 
2.600417e+03 
2.600417e+03 
2.600417e+03 
2.600417e+03 
2.600417e+03 
2.600407e+03 
2.600407e+03 
2.600407e+03 
2.600407e+03 
2.600407e+03 
2.600407e+03 
2.600407e+03 
2.600407e+03 
2.600407e+03 
2.600407e+03 
2.600407e+03 
2.600407e+03 
2.600407e+03 
2.600407e+03 
2.600407e+03 
2.600407e+03 
2.600407e+03 
2.600407e+03 
2.600407e+03 
2.600407e+03 
2.600378e+03 
2.600378e+03 
2.600378e+03 
2.600378e+03 
2.600378e+03 
2.600378e+03 
2.600378e+03 
2.600378e+03 
2.600378e+03 
2.600378e+03 
2.600378e+03 
2.600378e+03 
2.600378e+03 
2.600378e+03 
2.600378e+03 
2.600378e+03 
2.600378e+03 
2.600378e+03 
2.600378e+03 
2.600378e+03 
2.600364e+03 
2.600364e+03 
2.600364e+03 
2.600364e+03 
2.600364e+03 
2.600364e+03 
2.600364e+03 
2.600364e+03 
2.600364e+03 
2.600364e+03 
2.600364e+03 
2.600364e+03 
2.600362e+03 
2.600362e+03 
2.600362e+03 
2.600343e+03 
2.600343e+03 
2.600343e+03 
2.600343e+03 
2.600343e+03 
2.600343e+03 
2.600343e+03 
2.600343e+03 
2.600343e+03 
2.600343e+03 
2.600343e+03 
2.600343e+03 
2.600343e+03 
2.600343e+03 
2.600343e+03 
2.600343e+03 
2.600343e+03 
2.600343e+03 
2.600343e+03 
2.600343e+03 
2.600343e+03 
2.600343e+03 
2.600336e+03 
2.600336e+03 
2.600336e+03 
2.600336e+03 
2.600336e+03 
2.600336e+03 
2.600336e+03 
2.600336e+03 
2.600336e+03 
2.600336e+03 
2.600336e+03 
2.600328e+03 
2.600328e+03 
2.600328e+03 
2.600328e+03 
2.600328e+03 
2.600328e+03 
2.600328e+03 
2.600328e+03 
2.600328e+03 
2.600328e+03 
2.600328e+03 
2.600328e+03 
2.600328e+03 
2.600328e+03 
2.600328e+03 
2.600328e+03 
2.600328e+03 
2.600324e+03 
2.600324e+03 
2.600324e+03 
2.600324e+03 
2.600324e+03 
2.600324e+03 
2.600324e+03 
2.600324e+03 
2.600324e+03 
2.600324e+03 
2.600324e+03 
2.600324e+03 
2.600324e+03 
2.600324e+03 
2.600324e+03 
2.600324e+03 
2.600324e+03 
2.600324e+03 
2.600324e+03 
2.600324e+03 
2.600324e+03 
2.600324e+03 
2.600324e+03 
2.600324e+03 
2.600324e+03 
2.600324e+03 
2.600324e+03 
2.600324e+03 
2.600324e+03 
2.600324e+03 
2.600324e+03 
2.600324e+03 
2.600324e+03 
2.600324e+03 
2.600324e+03 
2.600324e+03 
2.600324e+03 
2.600324e+03 
2.600324e+03 
2.600324e+03 
2.600324e+03 
2.600324e+03 
2.600324e+03 
2.600324e+03 
2.600324e+03 
2.600324e+03 
2.600324e+03 
2.600324e+03 
2.600324e+03 
2.600324e+03 
2.600324e+03 
2.600324e+03 
2.600323e+03 
2.600323e+03 
2.600323e+03 
2.600323e+03 
2.600323e+03 
2.600323e+03 
2.600323e+03 
2.600323e+03 
2.600323e+03 
2.600323e+03 
2.600323e+03 
2.600323e+03 
2.600323e+03 
2.600323e+03 
2.600323e+03 
2.600323e+03 
2.600323e+03 
2.600323e+03 
2.600323e+03 
2.600323e+03 
2.600323e+03 
2.600323e+03 
2.600323e+03 
2.600323e+03 
2.600323e+03 
2.600323e+03 
2.600321e+03 
2.600321e+03 
2.600321e+03 
2.600321e+03 
2.600321e+03 
2.600321e+03 
2.600321e+03 
2.600321e+03 
2.600321e+03 
2.600321e+03 
2.600318e+03 
2.600318e+03 
2.600318e+03 
2.600318e+03 
2.600318e+03 
2.600318e+03 
2.600318e+03 
2.600318e+03 
2.600318e+03 
2.600318e+03 
2.600318e+03 
2.600318e+03 
2.600318e+03 
2.600318e+03 
2.600318e+03 
2.600318e+03 
2.600318e+03 
2.600318e+03 
2.600318e+03 
2.600318e+03 
2.600318e+03 
2.600318e+03 
2.600318e+03 
2.600318e+03 
2.600318e+03 
2.600306e+03 
2.600306e+03 
2.600260e+03 
2.600260e+03 
2.600260e+03 
2.600259e+03 
2.600259e+03 
2.600259e+03 
2.600259e+03 
2.600259e+03 
2.600259e+03 
2.600259e+03 
2.600259e+03 
2.600259e+03 
2.600259e+03 
2.600259e+03 
2.600259e+03 
2.600259e+03 
2.600259e+03 
2.600259e+03 
2.600244e+03 
2.600244e+03 
2.600244e+03 
2.600229e+03 
2.600229e+03 
2.600229e+03 
2.600229e+03 
2.600227e+03 
2.600227e+03 
2.600227e+03 
2.600227e+03 
2.600227e+03 
2.600227e+03 
2.600227e+03 
2.600227e+03 
2.600227e+03 
2.600222e+03 
2.600222e+03 
2.600222e+03 
2.600217e+03 
2.600213e+03 
2.600208e+03 
2.600207e+03 
2.600207e+03 
2.600207e+03 
2.600207e+03 
2.600207e+03 
2.600207e+03 
2.600207e+03 
2.600207e+03 
2.600207e+03 
2.600207e+03 
2.600207e+03 
2.600207e+03 
2.600207e+03 
2.600207e+03 
2.600207e+03 
2.600207e+03 
2.600207e+03 
2.600207e+03 
2.600207e+03 
2.600207e+03 
2.600207e+03 
2.600207e+03 
2.600207e+03 
2.600207e+03 
2.600207e+03 
2.600207e+03 
2.600207e+03 
2.600207e+03 
2.600207e+03 
2.600207e+03 
2.600207e+03 
2.600207e+03 
2.600207e+03 
2.600207e+03 
2.600207e+03 
2.600207e+03 
2.600207e+03 
2.600207e+03 
2.600207e+03 
2.600207e+03 
2.600207e+03 
2.600207e+03 
2.600207e+03 
2.600207e+03 
2.600207e+03 
2.600207e+03 
2.600202e+03 
2.600202e+03 
2.600202e+03 
2.600202e+03 
2.600202e+03 
2.600202e+03 
2.600202e+03 
2.600202e+03 
2.600202e+03 
2.600202e+03 
2.600202e+03 
2.600202e+03 
2.600202e+03 
2.600202e+03 
2.600202e+03 
2.600202e+03 
2.600202e+03 
2.600202e+03 
2.600202e+03 
2.600202e+03 
2.600202e+03 
2.600202e+03 
2.600202e+03 
2.600202e+03 
2.600202e+03 
2.600202e+03 
2.600202e+03 
2.600202e+03 
2.600202e+03 
2.600202e+03 
2.600202e+03 
2.600202e+03 
2.600202e+03 
2.600202e+03 
2.600202e+03 
2.600202e+03 
2.600202e+03 
2.600202e+03 
2.600201e+03 
2.600201e+03 
2.600201e+03 
2.600201e+03 
2.600201e+03 
2.600201e+03 
2.600201e+03 
2.600201e+03 
2.600201e+03 
2.600201e+03 
2.600201e+03 
2.600201e+03 
2.600201e+03 
2.600201e+03 
2.600200e+03 
2.600200e+03 
2.600200e+03 
2.600200e+03 
2.600200e+03 
2.600200e+03 
2.600200e+03 
2.600200e+03 
2.600200e+03 
2.600200e+03 
2.600200e+03 
2.600200e+03 
2.600200e+03 
2.600200e+03 
2.600200e+03 
2.600200e+03 
2.600200e+03 
2.600200e+03 
2.600200e+03 
2.600200e+03 
2.600200e+03 
2.600200e+03 
2.600200e+03 
2.600200e+03 
2.600199e+03 
2.600199e+03 
2.600199e+03 
2.600199e+03 
2.600199e+03 
2.600199e+03 
2.600199e+03 
2.600199e+03 
2.600199e+03 
2.600199e+03 
2.600199e+03 
2.600199e+03 
2.600199e+03 
2.600199e+03 
2.600199e+03 
2.600199e+03 
2.600199e+03 
2.600199e+03 
2.600199e+03 
2.600199e+03 
2.600199e+03 
2.600199e+03 
2.600199e+03 
2.600199e+03 
2.600199e+03 
2.600199e+03 
2.600199e+03 
2.600199e+03 
2.600199e+03 
2.600199e+03 
2.600199e+03 
2.600199e+03 
2.600199e+03 
2.600199e+03 
2.600199e+03 
2.600199e+03 
2.600199e+03 
2.600199e+03 
2.600199e+03 
2.600199e+03 
2.600199e+03 
2.600199e+03 
2.600199e+03 
2.600199e+03 
2.600199e+03 
2.600199e+03 
2.600199e+03 
2.600199e+03 
2.600199e+03 
2.600199e+03 
2.600197e+03 
2.600197e+03 
2.600197e+03 
2.600197e+03 
2.600197e+03 
2.600197e+03 
2.600197e+03 
2.600197e+03 
2.600197e+03 
2.600197e+03 
2.600178e+03 
2.600178e+03 
2.600178e+03 
2.600178e+03 
2.600178e+03 
2.600178e+03 
2.600178e+03 
2.600178e+03 
2.600178e+03 
2.600178e+03 
2.600170e+03 
2.600170e+03 
2.600170e+03 
2.600170e+03 
2.600168e+03 
2.600168e+03 
2.600168e+03 
2.600168e+03 
2.600163e+03 
2.600163e+03 
2.600163e+03 
2.600162e+03 
2.600160e+03 
2.600140e+03 
2.600140e+03 
2.600140e+03 
2.600140e+03 
2.600140e+03 
2.600140e+03 
2.600140e+03 
2.600140e+03 
2.600140e+03 
2.600140e+03 
2.600140e+03 
2.600140e+03 
2.600140e+03 
2.600140e+03 
2.600140e+03 
2.600140e+03 
2.600140e+03 
2.600140e+03 
2.600140e+03 
2.600140e+03 
2.600140e+03 
2.600140e+03 
2.600140e+03 
2.600140e+03 
2.600140e+03 
2.600140e+03 
2.600140e+03 
2.600140e+03 
2.600131e+03 
2.600131e+03 
2.600131e+03 
2.600130e+03 
2.600130e+03 
2.600130e+03 
2.600127e+03 
2.600127e+03 
2.600127e+03 
2.600122e+03 
2.600122e+03 
2.600122e+03 
2.600122e+03 
2.600121e+03 
2.600121e+03 
2.600121e+03 
2.600121e+03 
2.600114e+03 
2.600114e+03 
2.600114e+03 
2.600114e+03 
2.600114e+03 
2.600114e+03 
2.600114e+03 
2.600114e+03 
2.600114e+03 
2.600114e+03 
2.600114e+03 
2.600114e+03 
2.600113e+03 
2.600112e+03 
2.600112e+03 
2.600112e+03 
2.600109e+03 
2.600105e+03 
2.600100e+03 
2.600100e+03 
2.600100e+03 
2.600100e+03 
2.600100e+03 
2.600100e+03 
2.600093e+03 
2.600093e+03 
2.600093e+03 
2.600093e+03 
2.600093e+03 
2.600093e+03 
2.600091e+03 
2.600091e+03 
2.600088e+03 
2.600088e+03 
2.600087e+03 
2.600087e+03 
2.600085e+03 
2.600085e+03 
2.600080e+03 
2.600080e+03 
2.600080e+03 
2.600080e+03 
2.600080e+03 
2.600080e+03 
2.600080e+03 
2.600080e+03 
2.600080e+03 
2.600080e+03 
2.600080e+03 
2.600080e+03 
2.600080e+03 
2.600080e+03 
2.600080e+03 
2.600080e+03 
2.600080e+03 
2.600080e+03 
2.600080e+03 
2.600080e+03 
2.600080e+03 
2.600080e+03 
2.600080e+03 
2.600080e+03 
2.600080e+03 
2.600080e+03 
2.600080e+03 
2.600080e+03 
2.600080e+03 
2.600080e+03 
2.600079e+03 
2.600079e+03 
2.600079e+03 
2.600079e+03 
2.600079e+03 
2.600079e+03 
2.600079e+03 
2.600079e+03 
2.600079e+03 
2.600079e+03 
2.600079e+03 
2.600079e+03 
2.600079e+03 
2.600079e+03 
2.600079e+03 
2.600079e+03 
2.600076e+03 
2.600076e+03 
2.600076e+03 
2.600076e+03 
2.600076e+03 
2.600076e+03 
2.600076e+03 
2.600076e+03 
2.600076e+03 
2.600076e+03 
2.600076e+03 
2.600076e+03 
2.600076e+03 
2.600076e+03 
2.600076e+03 
2.600076e+03 
2.600076e+03 
2.600075e+03 
2.600075e+03 
2.600075e+03 
2.600075e+03 
2.600075e+03 
2.600075e+03 
2.600075e+03 
2.600075e+03 
2.600075e+03 
2.600075e+03 
2.600075e+03 
2.600075e+03 
2.600075e+03 
2.600075e+03 
2.600075e+03 
2.600075e+03 
2.600075e+03 
2.600075e+03 
2.600075e+03 
2.600075e+03 
2.600075e+03 
2.600075e+03 
2.600075e+03 
2.600075e+03 
2.600075e+03 
2.600075e+03 
2.600075e+03 
2.600075e+03 
2.600075e+03 
2.600075e+03 
2.600075e+03 
2.600075e+03 
2.600075e+03 
2.600075e+03 
2.600074e+03 
2.600074e+03 
2.600074e+03 
2.600074e+03 
2.600074e+03 
2.600074e+03 
2.600074e+03 
2.600074e+03 
2.600074e+03 
2.600074e+03 
2.600074e+03 
2.600074e+03 
2.600074e+03 
2.600074e+03 
2.600074e+03 
2.600074e+03 
2.600074e+03 
2.600074e+03 
2.600074e+03 
2.600074e+03 
2.600074e+03 
2.600074e+03 
2.600074e+03 
2.600074e+03 
2.600074e+03 
2.600074e+03 
2.600074e+03 
2.600074e+03 
2.600074e+03 
2.600074e+03 
2.600074e+03 
2.600074e+03 
2.600074e+03 
2.600074e+03 
2.600074e+03 
2.600074e+03 
2.600074e+03 
2.600074e+03 
2.600074e+03 
2.600074e+03 
2.600074e+03 
2.600074e+03 
2.600074e+03 
2.600074e+03 
2.600074e+03 
2.600074e+03 
2.600074e+03 
2.600074e+03 
2.600074e+03 
2.600074e+03 
2.600074e+03 
2.600074e+03 
2.600074e+03 
2.600074e+03 
2.600074e+03 
2.600074e+03 
2.600074e+03 
2.600074e+03 
2.600074e+03 
2.600074e+03 
2.600074e+03 
2.600074e+03 
2.600074e+03 
2.600074e+03 
2.600074e+03 
2.600074e+03 
2.600074e+03 
2.600074e+03 
2.600074e+03 
2.600074e+03 
2.600074e+03 
2.600074e+03 
2.600074e+03 
2.600074e+03 
2.600074e+03 
2.600074e+03 
2.600074e+03 
2.600074e+03 
2.600074e+03 
2.600074e+03 
2.600074e+03 
2.600074e+03 
2.600074e+03 
2.600074e+03 
2.600074e+03 
2.600074e+03 
2.600074e+03 
2.600074e+03 
2.600074e+03 
2.600074e+03 
2.600074e+03 
2.600074e+03 
2.600074e+03 
2.600074e+03 
2.600074e+03 
2.600074e+03 
2.600074e+03 
2.600074e+03 
2.600074e+03 
2.600074e+03 
2.600074e+03 
2.600074e+03 
2.600074e+03 
2.600074e+03 
2.600074e+03 
2.600074e+03 
2.600074e+03 
2.600074e+03 
2.600074e+03 
2.600074e+03 
2.600074e+03 
2.600074e+03 
2.600074e+03 
2.600074e+03 
2.600074e+03 
2.600074e+03 
2.600074e+03 
2.600074e+03 
2.600074e+03 
2.600074e+03 
2.600074e+03 
2.600074e+03 
2.600074e+03 
2.600074e+03 
2.600074e+03 
2.600074e+03 
2.600074e+03 
2.600074e+03 
2.600074e+03 
2.600074e+03 
2.600074e+03 
2.600074e+03 
2.600074e+03 
2.600073e+03 
2.600071e+03 
2.600070e+03 
2.600070e+03 
2.600070e+03 
2.600070e+03 
2.600069e+03 
2.600069e+03 
2.600069e+03 
2.600069e+03 
2.600068e+03 
2.600068e+03 
2.600068e+03 
2.600068e+03 
2.600068e+03 
2.600068e+03 
2.600068e+03 
2.600068e+03 
2.600068e+03 
2.600067e+03 
2.600067e+03 
2.600067e+03 
2.600067e+03 
2.600067e+03 
2.600067e+03 
2.600067e+03 
2.600067e+03 
2.600067e+03 
2.600067e+03 
2.600067e+03 
2.600067e+03 
2.600067e+03 
2.600067e+03 
2.600067e+03 
2.600067e+03 
2.600067e+03 
2.600067e+03 
2.600067e+03 
2.600067e+03 
2.600067e+03 
2.600067e+03 
2.600067e+03 
2.600067e+03 
2.600067e+03 
2.600067e+03 
2.600067e+03 
2.600067e+03 
2.600067e+03 
2.600067e+03 
2.600067e+03 
2.600067e+03 
2.600067e+03 
2.600067e+03 
2.600067e+03 
2.600067e+03 
2.600067e+03 
2.600067e+03 
2.600067e+03 
2.600067e+03 
2.600067e+03 
2.600067e+03 
2.600067e+03 
2.600067e+03 
2.600067e+03 
2.600066e+03 
2.600066e+03 
2.600062e+03 
2.600062e+03 
2.600062e+03 
2.600062e+03 
2.600062e+03 
2.600062e+03 
2.600056e+03 
2.600056e+03 
2.600056e+03 
2.600056e+03 
2.600056e+03 
2.600056e+03 
2.600056e+03 
2.600056e+03 
2.600056e+03 
2.600056e+03 
2.600056e+03 
2.600056e+03 
2.600056e+03 
2.600056e+03 
2.600056e+03 
2.600056e+03 
2.600056e+03 
2.600054e+03 
2.600054e+03 
2.600054e+03 
2.600054e+03 
2.600054e+03 
2.600054e+03 
2.600054e+03 
2.600054e+03 
2.600054e+03 
2.600054e+03 
2.600054e+03 
2.600054e+03 
2.600054e+03 
2.600054e+03 
2.600054e+03 
2.600054e+03 
2.600054e+03 
2.600054e+03 
2.600054e+03 
2.600054e+03 
2.600054e+03 
2.600054e+03 
2.600054e+03 
2.600053e+03 
2.600053e+03 
2.600053e+03 
2.600053e+03 
2.600053e+03 
2.600053e+03 
2.600053e+03 
2.600052e+03 
2.600052e+03 
2.600052e+03 
2.600052e+03 
2.600052e+03 
2.600052e+03 
2.600052e+03 
2.600052e+03 
2.600052e+03 
2.600052e+03 
2.600052e+03 
2.600052e+03 
2.600052e+03 
2.600052e+03 
2.600052e+03 
2.600052e+03 
2.600052e+03 
2.600052e+03 
2.600052e+03 
2.600052e+03 
2.600052e+03 
2.600052e+03 
2.600052e+03 
2.600052e+03 
2.600052e+03 
2.600052e+03 
2.600052e+03 
2.600052e+03 
2.600052e+03 
2.600052e+03 
2.600052e+03 
2.600052e+03 
2.600052e+03 
2.600052e+03 
2.600052e+03 
2.600052e+03 
2.600052e+03 
2.600052e+03 
2.600052e+03 
2.600052e+03 
2.600052e+03 
2.600052e+03 
2.600052e+03 
2.600052e+03 
2.600052e+03 
2.600052e+03 
2.600052e+03 
2.600052e+03 
2.600052e+03 
2.600052e+03 
2.600052e+03 
2.600052e+03 
2.600052e+03 
2.600052e+03 
2.600052e+03 
2.600052e+03 
2.600052e+03 
2.600052e+03 
2.600052e+03 
2.600052e+03 
2.600052e+03 
2.600052e+03 
2.600052e+03 
2.600052e+03 
2.600052e+03 
2.600052e+03 
2.600052e+03 
2.600052e+03 
2.600052e+03 
2.600052e+03 
2.600052e+03 
2.600052e+03 
2.600052e+03 
2.600052e+03 
2.600052e+03 
2.600052e+03 
2.600052e+03 
2.600052e+03 
2.600052e+03 
2.600052e+03 
2.600052e+03 
2.600052e+03 
2.600052e+03 
2.600052e+03 
2.600052e+03 
2.600052e+03 
2.600052e+03 
2.600052e+03 
2.600052e+03 
2.600052e+03 
2.600052e+03 
2.600052e+03 
2.600052e+03 
2.600052e+03 
2.600052e+03 
2.600052e+03 
2.600052e+03 
2.600052e+03 
2.600052e+03 
2.600052e+03 
2.600052e+03 
2.600052e+03 
2.600052e+03 
2.600052e+03 
2.600052e+03 
2.600052e+03 
2.600052e+03 
2.600052e+03 
2.600052e+03 
2.600052e+03 
2.600052e+03 
2.600052e+03 
2.600052e+03 
2.600052e+03 
2.600052e+03 
2.600052e+03 
2.600052e+03 
2.600052e+03 
2.600052e+03 
2.600052e+03 
2.600052e+03 
2.600052e+03 
2.600052e+03 
2.600052e+03 
2.600052e+03 
2.600052e+03 
2.600052e+03 
2.600052e+03 
2.600052e+03 
2.600052e+03 
2.600052e+03 
2.600052e+03 
2.600052e+03 
2.600052e+03 
2.600052e+03 
2.600052e+03 
2.600052e+03 
2.600052e+03 
2.600052e+03 
2.600052e+03 
2.600052e+03 
2.600052e+03 
2.600052e+03 
2.600052e+03 
2.600052e+03 
2.600052e+03 
2.600052e+03 
2.600052e+03 
2.600052e+03 
2.600052e+03 
2.600052e+03 
2.600052e+03 
2.600052e+03 
2.600052e+03 
2.600052e+03 
2.600052e+03 
2.600052e+03 
2.600052e+03 
2.600052e+03 
2.600052e+03 
2.600052e+03 
2.600052e+03 
2.600052e+03 
2.600052e+03 
2.600052e+03 
2.600052e+03 
2.600052e+03 
2.600052e+03 
2.600052e+03 
2.600052e+03 
2.600052e+03 
2.600052e+03 
2.600052e+03 
2.600052e+03 
2.600052e+03 
2.600052e+03 
2.600049e+03 
2.600049e+03 
2.600049e+03 
2.600041e+03 
2.600041e+03 
2.600041e+03 
2.600041e+03 
2.600041e+03 
2.600041e+03 
2.600041e+03 
2.600041e+03 
2.600041e+03 
2.600041e+03 
2.600041e+03 
2.600039e+03 
2.600039e+03 
2.600039e+03 
2.600039e+03 
2.600039e+03 
2.600039e+03 
2.600039e+03 
2.600039e+03 
2.600039e+03 
2.600039e+03 
2.600039e+03 
2.600037e+03 
2.600037e+03 
2.600037e+03 
2.600037e+03 
2.600037e+03 
2.600037e+03 
2.600037e+03 
2.600037e+03 
2.600037e+03 
2.600037e+03 
2.600037e+03 
2.600037e+03 
2.600037e+03 
2.600037e+03 
2.600037e+03 
2.600037e+03 
2.600037e+03 
2.600037e+03 
2.600037e+03 
2.600037e+03 
2.600037e+03 
2.600037e+03 
2.600037e+03 
2.600037e+03 
2.600037e+03 
2.600037e+03 
2.600037e+03 
2.600037e+03 
2.600037e+03 
2.600037e+03 
2.600037e+03 
2.600037e+03 
2.600037e+03 
2.600037e+03 
2.600037e+03 
2.600037e+03 
2.600037e+03 
2.600037e+03 
2.600037e+03 
2.600037e+03 
2.600037e+03 
2.600037e+03 
2.600037e+03 
2.600037e+03 
2.600037e+03 
2.600037e+03 
2.600037e+03 
2.600037e+03 
2.600037e+03 
2.600037e+03 
2.600037e+03 
2.600037e+03 
2.600037e+03 
2.600037e+03 
2.600037e+03 
2.600037e+03 
2.600037e+03 
2.600037e+03 
2.600037e+03 
2.600037e+03 
2.600037e+03 
2.600037e+03 
2.600037e+03 
2.600037e+03 
2.600037e+03 
2.600037e+03 
2.600037e+03 
2.600037e+03 
2.600037e+03 
2.600037e+03 
2.600037e+03 
2.600037e+03 
2.600037e+03 
2.600037e+03 
2.600037e+03 
2.600037e+03 
2.600037e+03 
2.600037e+03 
2.600037e+03 
2.600036e+03 
2.600036e+03 
2.600036e+03 
2.600035e+03 
2.600035e+03 
2.600035e+03 
2.600035e+03 
2.600035e+03 
2.600035e+03 
2.600035e+03 
2.600035e+03 
2.600035e+03 
2.600035e+03 
2.600035e+03 
2.600035e+03 
2.600035e+03 
2.600035e+03 
2.600035e+03 
2.600034e+03 
2.600034e+03 
2.600034e+03 
2.600034e+03 
2.600034e+03 
2.600034e+03 
2.600034e+03 
2.600034e+03 
2.600034e+03 
2.600034e+03 
2.600034e+03 
2.600034e+03 
2.600034e+03 
2.600034e+03 
2.600034e+03 
2.600034e+03 
2.600034e+03 
2.600034e+03 
2.600034e+03 
2.600034e+03 
2.600033e+03 
2.600033e+03 
2.600033e+03 
2.600033e+03 
2.600033e+03 
2.600033e+03 
2.600033e+03 
2.600033e+03 
2.600033e+03 
2.600033e+03 
2.600033e+03 
2.600033e+03 
2.600033e+03 
2.600033e+03 
2.600033e+03 
2.600033e+03 
2.600033e+03 
2.600033e+03 
2.600033e+03 
2.600033e+03 
2.600033e+03 
2.600033e+03 
2.600033e+03 
2.600033e+03 
2.600033e+03 
2.600033e+03 
2.600033e+03 
2.600033e+03 
2.600033e+03 
2.600033e+03 
2.600033e+03 
2.600033e+03 
2.600033e+03 
2.600032e+03 
2.600031e+03 
2.600031e+03 
2.600031e+03 
2.600031e+03 
2.600031e+03 
2.600031e+03 
2.600031e+03 
2.600031e+03 
2.600031e+03 
2.600031e+03 
2.600031e+03 
2.600031e+03 
2.600031e+03 
2.600031e+03 
2.600031e+03 
2.600031e+03 
2.600031e+03 
2.600031e+03 
2.600031e+03 
2.600031e+03 
2.600031e+03 
2.600031e+03 
2.600029e+03 
2.600029e+03 
2.600029e+03 
2.600029e+03 
2.600029e+03 
2.600029e+03 
2.600029e+03 
2.600029e+03 
2.600029e+03 
2.600029e+03 
2.600029e+03 
2.600029e+03 
2.600029e+03 
2.600029e+03 
2.600029e+03 
2.600029e+03 
2.600029e+03 
2.600027e+03 
2.600027e+03 
2.600027e+03 
2.600027e+03 
2.600027e+03 
2.600027e+03 
2.600027e+03 
2.600027e+03 
2.600027e+03 
2.600027e+03 
2.600027e+03 
2.600027e+03 
2.600027e+03 
2.600027e+03 
2.600027e+03 
2.600027e+03 
2.600027e+03 
2.600027e+03 
2.600027e+03 
2.600027e+03 
2.600027e+03 
2.600027e+03 
2.600027e+03 
2.600027e+03 
2.600027e+03 
2.600027e+03 
2.600027e+03 
2.600027e+03 
2.600027e+03 
2.600027e+03 
2.600027e+03 
2.600027e+03 
2.600027e+03 
2.600027e+03 
2.600027e+03 
2.600027e+03 
2.600027e+03 
2.600027e+03 
2.600026e+03 
2.600026e+03 
2.600026e+03 
2.600026e+03 
2.600026e+03 
2.600026e+03 
2.600026e+03 
2.600025e+03 
2.600025e+03 
2.600025e+03 
2.600025e+03 
2.600025e+03 
2.600025e+03 
2.600025e+03 
2.600024e+03 
2.600024e+03 
2.600024e+03 
2.600024e+03 
2.600024e+03 
2.600024e+03 
2.600024e+03 
2.600024e+03 
2.600024e+03 
2.600024e+03 
2.600024e+03 
2.600024e+03 
2.600024e+03 
2.600024e+03 
2.600024e+03 
2.600024e+03 
2.600024e+03 
2.600024e+03 
2.600024e+03 
2.600024e+03 
2.600024e+03 
2.600024e+03 
2.600024e+03 
2.600024e+03 
2.600024e+03 
2.600024e+03 
2.600024e+03 
2.600024e+03 
2.600024e+03 
2.600024e+03 
2.600024e+03 
2.600024e+03 
2.600024e+03 
2.600024e+03 
2.600024e+03 
2.600024e+03 
2.600024e+03 
2.600024e+03 
2.600024e+03 
2.600024e+03 
2.600024e+03 
2.600024e+03 
2.600024e+03 
2.600024e+03 
2.600024e+03 
2.600024e+03 
2.600024e+03 
2.600024e+03 
2.600024e+03 
2.600024e+03 
2.600024e+03 
2.600024e+03 
2.600024e+03 
2.600024e+03 
2.600024e+03 
2.600024e+03 
2.600024e+03 
2.600023e+03 
2.600023e+03 
2.600023e+03 
2.600023e+03 
2.600023e+03 
2.600023e+03 
2.600023e+03 
2.600023e+03 
2.600023e+03 
2.600023e+03 
2.600023e+03 
2.600023e+03 
2.600023e+03 
2.600023e+03 
2.600023e+03 
2.600023e+03 
2.600023e+03 
2.600023e+03 
2.600023e+03 
2.600023e+03 
2.600023e+03 
2.600023e+03 
2.600023e+03 
2.600023e+03 
2.600023e+03 
2.600023e+03 
2.600023e+03 
2.600023e+03 
2.600023e+03 
2.600023e+03 
2.600023e+03 
2.600023e+03 
2.600023e+03 
2.600023e+03 
2.600023e+03 
2.600022e+03 
2.600022e+03 
2.600021e+03 
2.600021e+03 
2.600021e+03 
2.600021e+03 
2.600021e+03 
2.600021e+03 
2.600021e+03 
2.600021e+03 
2.600021e+03 
2.600021e+03 
2.600021e+03 
2.600021e+03 
2.600021e+03 
2.600021e+03 
2.600018e+03 
2.600018e+03 
2.600018e+03 
2.600018e+03 
2.600018e+03 
2.600018e+03 
2.600018e+03 
2.600018e+03 
2.600018e+03 
2.600018e+03 
2.600018e+03 
2.600018e+03 
2.600018e+03 
2.600018e+03 
2.600017e+03 
2.600017e+03 
2.600017e+03 
2.600017e+03 
2.600017e+03 
2.600017e+03 
2.600017e+03 
2.600017e+03 
2.600017e+03 
2.600017e+03 
2.600017e+03 
2.600017e+03 
2.600017e+03 
2.600017e+03 
2.600017e+03 
2.600017e+03 
2.600017e+03 
2.600017e+03 
2.600017e+03 
2.600017e+03 
2.600017e+03 
2.600016e+03 
2.600016e+03 
2.600016e+03 
2.600016e+03 
2.600016e+03 
2.600016e+03 
2.600016e+03 
2.600016e+03 
2.600016e+03 
2.600016e+03 
2.600015e+03 
2.600015e+03 
2.600015e+03 
2.600015e+03 
2.600015e+03 
2.600015e+03 
2.600015e+03 
2.600015e+03 
2.600015e+03 
2.600015e+03 
2.600015e+03 
2.600015e+03 
2.600015e+03 
2.600015e+03 
2.600015e+03 
2.600015e+03 
2.600015e+03 
2.600015e+03 
2.600015e+03 
2.600015e+03 
2.600015e+03 
2.600015e+03 
2.600015e+03 
2.600015e+03 
2.600015e+03 
2.600015e+03 
2.600015e+03 
2.600015e+03 
2.600015e+03 
2.600015e+03 
2.600015e+03 
2.600015e+03 
2.600015e+03 
2.600015e+03 
2.600015e+03 
2.600015e+03 
2.600015e+03 
2.600015e+03 
2.600015e+03 
2.600015e+03 
2.600015e+03 
2.600015e+03 
2.600015e+03 
2.600015e+03 
2.600015e+03 
2.600015e+03 
2.600002e+03 
2.600002e+03 
2.600000e+03 
2.599993e+03 
2.599984e+03 
2.599984e+03 
2.599984e+03 
2.599984e+03 
2.599984e+03 
2.599984e+03 
2.599984e+03 
2.599984e+03 
2.599984e+03 
2.599984e+03 
2.599971e+03 
2.599971e+03 
2.599970e+03 
2.599970e+03 
2.599970e+03 
2.599970e+03 
2.599970e+03 
2.599970e+03 
2.599968e+03 
2.599968e+03 
2.599968e+03 
2.599967e+03 
2.599964e+03 
2.599962e+03 
2.599960e+03 
2.599960e+03 
2.599960e+03 
2.599960e+03 
2.599960e+03 
2.599960e+03 
2.599960e+03 
2.599957e+03 
2.599953e+03 
2.599953e+03 
2.599953e+03 
2.599953e+03 
2.599953e+03 
2.599953e+03 
2.599953e+03 
2.599953e+03 
2.599953e+03 
2.599952e+03 
2.599952e+03 
2.599952e+03 
2.599952e+03 
2.599952e+03 
2.599952e+03 
2.599952e+03 
2.599952e+03 
2.599952e+03 
2.599952e+03 
2.599952e+03 
2.599952e+03 
2.599952e+03 
2.599952e+03 
2.599952e+03 
2.599952e+03 
2.599950e+03 
2.599950e+03 
2.599950e+03 
2.599950e+03 
2.599950e+03 
2.599950e+03 
2.599950e+03 
2.599950e+03 
2.599950e+03 
2.599950e+03 
2.599949e+03 
2.599949e+03 
2.599949e+03 
2.599942e+03 
2.599942e+03 
2.599942e+03 
2.599942e+03 
2.599942e+03 
2.599942e+03 
2.599942e+03 
2.599942e+03 
2.599942e+03 
2.599942e+03 
2.599942e+03 
2.599942e+03 
2.599942e+03 
2.599942e+03 
2.599942e+03 
2.599942e+03 
2.599942e+03 
2.599942e+03 
2.599942e+03 
2.599942e+03 
2.599942e+03 
2.599942e+03 
2.599942e+03 
2.599942e+03 
2.599942e+03 
2.599942e+03 
2.599942e+03 
2.599942e+03 
2.599942e+03 
2.599942e+03 
2.599942e+03 
2.599942e+03 
2.599942e+03 
2.599942e+03 
2.599942e+03 
2.599942e+03 
2.599942e+03 
2.599942e+03 
2.599942e+03 
2.599942e+03 
2.599942e+03 
2.599942e+03 
2.599942e+03 
2.599942e+03 
2.599942e+03 
2.599942e+03 
2.599942e+03 
2.599942e+03 
2.599942e+03 
2.599941e+03 
2.599941e+03 
2.599941e+03 
2.599941e+03 
2.599941e+03 
2.599939e+03 
2.599939e+03 
2.599939e+03 
2.599939e+03 
2.599939e+03 
2.599939e+03 
2.599939e+03 
2.599939e+03 
2.599939e+03 
2.599939e+03 
2.599939e+03 
2.599939e+03 
2.599939e+03 
2.599939e+03 
2.599939e+03 
2.599939e+03 
2.599939e+03 
2.599939e+03 
2.599939e+03 
2.599939e+03 
2.599939e+03 
2.599938e+03 
2.599938e+03 
2.599938e+03 
2.599938e+03 
2.599938e+03 
2.599938e+03 
2.599938e+03 
2.599938e+03 
2.599938e+03 
2.599938e+03 
2.599938e+03 
2.599938e+03 
2.599938e+03 
2.599938e+03 
2.599938e+03 
2.599938e+03 
2.599938e+03 
2.599938e+03 
2.599938e+03 
2.599938e+03 
2.599938e+03 
2.599938e+03 
2.599938e+03 
2.599938e+03 
2.599938e+03 
2.599938e+03 
2.599938e+03 
2.599938e+03 
2.599938e+03 
2.599938e+03 
2.599938e+03 
2.599938e+03 
2.599938e+03 
2.599938e+03 
2.599938e+03 
2.599938e+03 
2.599938e+03 
2.599938e+03 
2.599938e+03 
2.599938e+03 
2.599938e+03 
2.599937e+03 
2.599937e+03 
2.599937e+03 
2.599937e+03 
2.599937e+03 
2.599937e+03 
2.599937e+03 
2.599937e+03 
2.599937e+03 
2.599937e+03 
2.599937e+03 
2.599937e+03 
2.599937e+03 
2.599937e+03 
2.599937e+03 
2.599937e+03 
2.599937e+03 
2.599937e+03 
2.599937e+03 
2.599937e+03 
2.599937e+03 
2.599937e+03 
2.599937e+03 
2.599937e+03 
2.599937e+03 
2.599937e+03 
2.599937e+03 
2.599937e+03 
2.599937e+03 
2.599937e+03 
2.599937e+03 
2.599937e+03 
2.599937e+03 
2.599937e+03 
2.599937e+03 
2.599937e+03 
2.599937e+03 
2.599937e+03 
2.599937e+03 
2.599937e+03 
2.599937e+03 
2.599937e+03 
2.599937e+03 
2.599937e+03 
2.599937e+03 
2.599937e+03 
2.599937e+03 
2.599937e+03 
2.599937e+03 
2.599937e+03 
2.599937e+03 
2.599937e+03 
2.599937e+03 
2.599937e+03 
2.599937e+03 
2.599937e+03 
2.599937e+03 
2.599937e+03 
2.599935e+03 
2.599935e+03 
2.599935e+03 
2.599935e+03 
2.599934e+03 
2.599934e+03 
2.599934e+03 
2.599934e+03 
2.599934e+03 
2.599934e+03 
2.599934e+03 
2.599934e+03 
2.599934e+03 
2.599934e+03 
2.599933e+03 
2.599933e+03 
2.599933e+03 
2.599933e+03 
2.599933e+03 
2.599933e+03 
2.599933e+03 
2.599933e+03 
2.599933e+03 
2.599933e+03 
2.599933e+03 
2.599933e+03 
2.599933e+03 
2.599933e+03 
2.599933e+03 
2.599933e+03 
2.599933e+03 
2.599933e+03 
2.599933e+03 
2.599933e+03 
2.599933e+03 
2.599931e+03 
2.599927e+03 
2.599927e+03 
2.599927e+03 
2.599927e+03 
2.599927e+03 
2.599927e+03 
2.599927e+03 
2.599927e+03 
2.599927e+03 
2.599927e+03 
2.599924e+03 
2.599921e+03 
2.599921e+03 
2.599921e+03 
2.599921e+03 
2.599921e+03 
2.599921e+03 
2.599921e+03 
2.599921e+03 
2.599921e+03 
2.599921e+03 
2.599921e+03 
2.599921e+03 
2.599921e+03 
2.599921e+03 
2.599921e+03 
2.599921e+03 
2.599921e+03 
2.599921e+03 
2.599921e+03 
2.599921e+03 
2.599921e+03 
2.599921e+03 
2.599921e+03 
2.599920e+03 
2.599920e+03 
2.599920e+03 
2.599920e+03 
2.599920e+03 
2.599920e+03 
2.599920e+03 
2.599919e+03 
2.599918e+03 
2.599918e+03 
2.599918e+03 
2.599918e+03 
2.599918e+03 
2.599918e+03 
2.599918e+03 
2.599918e+03 
2.599918e+03 
2.599918e+03 
2.599918e+03 
2.599918e+03 
2.599918e+03 
2.599918e+03 
2.599918e+03 
2.599918e+03 
2.599918e+03 
2.599918e+03 
2.599918e+03 
2.599918e+03 
2.599918e+03 
2.599918e+03 
2.599918e+03 
2.599918e+03 
2.599918e+03 
2.599918e+03 
2.599918e+03 
2.599918e+03 
2.599918e+03 
2.599918e+03 
2.599918e+03 
2.599918e+03 
2.599918e+03 
2.599918e+03 
2.599918e+03 
2.599918e+03 
2.599918e+03 
2.599918e+03 
2.599918e+03 
2.599918e+03 
2.599918e+03 
2.599918e+03 
2.599918e+03 
2.599918e+03 
2.599918e+03 
2.599918e+03 
2.599918e+03 
2.599918e+03 
2.599918e+03 
2.599918e+03 
2.599918e+03 
2.599918e+03 
2.599918e+03 
2.599918e+03 
2.599918e+03 
2.599918e+03 
2.599918e+03 
2.599918e+03 
2.599918e+03 
2.599918e+03 
2.599918e+03 
2.599918e+03 
2.599918e+03 
2.599918e+03 
2.599918e+03 
2.599918e+03 
2.599918e+03 
2.599918e+03 
2.599918e+03 
2.599918e+03 
2.599918e+03 
2.599918e+03 
2.599918e+03 
2.599918e+03 
2.599918e+03 
2.599918e+03 
2.599918e+03 
2.599918e+03 
2.599918e+03 
2.599918e+03 
2.599918e+03 
2.599918e+03 
2.599918e+03 
2.599918e+03 
2.599918e+03 
2.599918e+03 
2.599918e+03 
2.599918e+03 
2.599918e+03 
2.599918e+03 
2.599918e+03 
2.599918e+03 
2.599918e+03 
2.599918e+03 
2.599918e+03 
2.599918e+03 
2.599918e+03 
2.599918e+03 
2.599918e+03 
2.599918e+03 
2.599918e+03 
2.599918e+03 
2.599918e+03 
2.599918e+03 
2.599918e+03 
2.599918e+03 
2.599918e+03 
2.599918e+03 
2.599918e+03 
2.599918e+03 
2.599918e+03 
2.599918e+03 
2.599918e+03 
2.599918e+03 
2.599918e+03 
2.599918e+03 
2.599918e+03 
2.599918e+03 
2.599918e+03 
2.599918e+03 
2.599918e+03 
2.599918e+03 
2.599918e+03 
2.599918e+03 
2.599918e+03 
2.599918e+03 
2.599918e+03 
2.599918e+03 
2.599918e+03 
2.599918e+03 
2.599918e+03 
2.599918e+03 
2.599918e+03 
2.599918e+03 
2.599918e+03 
2.599918e+03 
2.599918e+03 
2.599918e+03 
2.599918e+03 
2.599918e+03 
2.599918e+03 
2.599918e+03 
2.599918e+03 
2.599918e+03 
2.599918e+03 
2.599918e+03 
2.599918e+03 
2.599918e+03 
2.599918e+03 
2.599918e+03 
2.599918e+03 
2.599918e+03 
2.599918e+03 
2.599918e+03 
2.599918e+03 
2.599918e+03 
2.599918e+03 
2.599918e+03 
2.599918e+03 
2.599918e+03 
2.599918e+03 
2.599918e+03 
2.599918e+03 
2.599918e+03 
2.599918e+03 
2.599918e+03 
2.599918e+03 
2.599918e+03 
2.599918e+03 
2.599918e+03 
2.599918e+03 
2.599918e+03 
2.599918e+03 
2.599918e+03 
2.599918e+03 
2.599918e+03 
2.599918e+03 
2.599918e+03 
2.599918e+03 
2.599918e+03 
2.599918e+03 
2.599918e+03 
2.599918e+03 
2.599918e+03 
2.599918e+03 
2.599918e+03 
2.599918e+03 
2.599918e+03 
2.599918e+03 
2.599918e+03 
2.599918e+03 
2.599918e+03 
2.599918e+03 
2.599918e+03 
2.599918e+03 
2.599918e+03 
2.599918e+03 
2.599918e+03 
2.599918e+03 
2.599918e+03 
2.599918e+03 
2.599918e+03 
2.599918e+03 
2.599918e+03 
2.599918e+03 
2.599918e+03 
2.599918e+03 
2.599918e+03 
2.599918e+03 
2.599918e+03 
2.599918e+03 
2.599918e+03 
2.599918e+03 
2.599918e+03 
2.599918e+03 
2.599918e+03 
2.599918e+03 
2.599918e+03 
2.599918e+03 
2.599918e+03 
2.599918e+03 
2.599918e+03 
2.599918e+03 
2.599918e+03 
2.599918e+03 
2.599918e+03 
2.599918e+03 
2.599918e+03 
2.599918e+03 
2.599918e+03 
2.599918e+03 
2.599918e+03 
2.599918e+03 
2.599918e+03 
2.599918e+03 
2.599918e+03 
2.599918e+03 
2.599918e+03 
2.599918e+03 
2.599918e+03 
2.599918e+03 
2.599918e+03 
2.599918e+03 
2.599918e+03 
2.599918e+03 
2.599918e+03 
2.599918e+03 
2.599918e+03 
2.599918e+03 
2.599918e+03 
2.599918e+03 
2.599918e+03 
2.599918e+03 
2.599918e+03 
2.599918e+03 
2.599918e+03 
2.599918e+03 
2.599918e+03 
2.599918e+03 
2.599918e+03 
2.599918e+03 
2.599918e+03 
2.599918e+03 
2.599918e+03 
2.599918e+03 
2.599918e+03 
2.599918e+03 
2.599918e+03 
2.599918e+03 
2.599918e+03 
2.599918e+03 
2.599918e+03 
2.599918e+03 
2.599918e+03 
2.599918e+03 
2.599918e+03 
2.599918e+03 
2.599918e+03 
2.599918e+03 
2.599918e+03 
2.599918e+03 
2.599918e+03 
2.599918e+03 
2.599918e+03 
2.599918e+03 
2.599918e+03 
2.599918e+03 
2.599918e+03 
2.599918e+03 
2.599918e+03 
2.599918e+03 
2.599918e+03 
2.599918e+03 
2.599918e+03 
2.599918e+03 
2.599918e+03 
2.599918e+03 
2.599918e+03 
2.599918e+03 
2.599918e+03 
2.599918e+03 
2.599918e+03 
2.599918e+03 
2.599918e+03 
2.599918e+03 
2.599918e+03 
2.599918e+03 
2.599918e+03 
2.599918e+03 
2.599918e+03 
2.599918e+03 
2.599918e+03 
2.599918e+03 
2.599918e+03 
2.599918e+03 
2.599918e+03 
2.599918e+03 
2.599918e+03 
2.599918e+03 
2.599918e+03 
2.599918e+03 
2.599918e+03 
2.599918e+03 
2.599918e+03 
2.599918e+03 
2.599918e+03 
2.599918e+03 
2.599918e+03 
2.599918e+03 
2.599918e+03 
2.599918e+03 
2.599918e+03 
2.599918e+03 
2.599918e+03 
2.599918e+03 
2.599918e+03 
2.599918e+03 
2.599918e+03 
2.599918e+03 
2.599918e+03 
2.599918e+03 
2.599918e+03 
2.599918e+03 
2.599918e+03 
2.599918e+03 
2.599918e+03 
2.599918e+03 
2.599918e+03 
2.599918e+03 
2.599918e+03 
2.599918e+03 
2.599918e+03 
2.599918e+03 
2.599918e+03 
2.599918e+03 
2.599918e+03 
2.599918e+03 
2.599918e+03 
2.599918e+03 
2.599918e+03 
2.599918e+03 
2.599918e+03 
2.599918e+03 
2.599918e+03 
2.599918e+03 
2.599918e+03 
2.599918e+03 
2.599918e+03 
2.599918e+03 
2.599918e+03 
2.599918e+03 
2.599918e+03 
2.599918e+03 
2.599918e+03 
2.599918e+03 
2.599918e+03 
2.599918e+03 
2.599918e+03 
2.599918e+03 
2.599918e+03 
2.599918e+03 
2.599918e+03 
2.599918e+03 
2.599918e+03 
2.599918e+03 
2.599918e+03 
2.599918e+03 
2.599918e+03 
2.599918e+03 
2.599918e+03 
2.599918e+03 
2.599918e+03 
2.599918e+03 
2.599918e+03 
2.599918e+03 
2.599918e+03 
2.599918e+03 
2.599918e+03 
2.599918e+03 
2.599918e+03 
2.599918e+03 
2.599918e+03 
2.599918e+03 
2.599918e+03 
2.599918e+03 
2.599918e+03 
2.599918e+03 
2.599918e+03 
2.599918e+03 
2.599918e+03 
2.599918e+03 
2.599918e+03 
2.599918e+03 
2.599918e+03 
2.599918e+03 
2.599918e+03 
2.599918e+03 
2.599918e+03 
2.599918e+03 
2.599918e+03 
2.599918e+03 
2.599918e+03 
2.599918e+03 
2.599918e+03 
2.599918e+03 
2.599918e+03 
2.599918e+03 
2.599918e+03 
2.599918e+03 
2.599918e+03 
2.599918e+03 
2.599918e+03 
2.599918e+03 
2.599918e+03 
2.599918e+03 
2.599918e+03 
2.599918e+03 
2.599918e+03 
2.599918e+03 
2.599918e+03 
2.599918e+03 
2.599918e+03 
2.599918e+03 
2.599918e+03 
2.599918e+03 
2.599918e+03 
2.599918e+03 
2.599918e+03 
2.599918e+03 
2.599918e+03 
2.599918e+03 
2.599918e+03 
2.599918e+03 
2.599918e+03 
2.599918e+03 
2.599918e+03 
2.599918e+03 
2.599918e+03 
2.599918e+03 
2.599918e+03 
2.599918e+03 
2.599918e+03 
2.599918e+03 
2.599918e+03 
2.599918e+03 
2.599918e+03 
2.599918e+03 
2.599918e+03 
2.599918e+03 
2.599918e+03 
2.599918e+03 
2.599918e+03 
2.599918e+03 
2.599918e+03 
2.599918e+03 
2.599918e+03 
2.599918e+03 
2.599918e+03 
2.599918e+03 
2.599918e+03 
2.599918e+03 
2.599918e+03 
2.599918e+03 
2.599918e+03 
2.599918e+03 
2.599918e+03 
2.599918e+03 
2.599918e+03 
2.599918e+03 
2.599918e+03 
2.599918e+03 
2.599918e+03 
2.599918e+03 
2.599918e+03 
2.599918e+03 
2.599918e+03 
2.599918e+03 
2.599918e+03 
2.599918e+03 
2.599918e+03 
2.599918e+03 
2.599918e+03 
2.599918e+03 
2.599918e+03 
2.599918e+03 
2.599918e+03 
2.599918e+03 
2.599918e+03 
2.599918e+03 
2.599918e+03 
2.599918e+03 
2.599918e+03 
2.599918e+03 
2.599918e+03 
2.599918e+03 
2.599918e+03 
2.599918e+03 
2.599918e+03 
2.599918e+03 
2.599918e+03 
2.599918e+03 
2.599918e+03 
2.599918e+03 
2.599918e+03 
2.599918e+03 
2.599918e+03 
2.599918e+03 
2.599918e+03 
2.599918e+03 
2.599918e+03 
2.599918e+03 
2.599918e+03 
2.599918e+03 
2.599918e+03 
2.599918e+03 
2.599918e+03 
2.599918e+03 
2.599918e+03 
2.599918e+03 
2.599918e+03 
2.599918e+03 
2.599918e+03 
2.599918e+03 
2.599918e+03 
2.599918e+03 
2.599918e+03 
2.599918e+03 
2.599918e+03 
2.599918e+03 
2.599918e+03 
2.599918e+03 
2.599918e+03 
2.599918e+03 
2.599918e+03 
2.599918e+03 
2.599918e+03 
2.599918e+03 
2.599918e+03 
2.599918e+03 
2.599918e+03 
2.599918e+03 
2.599918e+03 
2.599918e+03 
2.599918e+03 
2.599918e+03 
2.599918e+03 
2.599918e+03 
2.599918e+03 
2.599918e+03 
2.599918e+03 
2.599918e+03 
2.599918e+03 
2.599918e+03 
2.599918e+03 
2.599918e+03 
2.599918e+03 
2.599918e+03 
2.599918e+03 
2.599918e+03 
2.599918e+03 
2.599918e+03 
2.599918e+03 
2.599918e+03 
2.599918e+03 
2.599918e+03 
2.599918e+03 
2.599918e+03 
2.599918e+03 
2.599918e+03 
2.599918e+03 
2.599918e+03 
2.599918e+03 
2.599918e+03 
2.599918e+03 
2.599918e+03 
2.599918e+03 
2.599918e+03 
2.599918e+03 
2.599918e+03 
2.599918e+03 
2.599918e+03 
2.599918e+03 
2.599918e+03 
2.599918e+03 
2.599918e+03 
2.599918e+03 
2.599918e+03 
2.599918e+03 
2.599918e+03 
2.599918e+03 
2.599918e+03 
2.599918e+03 
2.599918e+03 
2.599918e+03 
2.599918e+03 
2.599918e+03 
2.599918e+03 
2.599918e+03 
2.599918e+03 
2.599918e+03 
2.599918e+03 
2.599918e+03 
2.599918e+03 
2.599918e+03 
2.599918e+03 
2.599918e+03 
2.599918e+03 
2.599918e+03 
2.599918e+03 
2.599918e+03 
2.599918e+03 
2.599918e+03 
2.599918e+03 
2.599918e+03 
2.599918e+03 
2.599918e+03 
2.599918e+03 
2.599918e+03 
2.599918e+03 
2.599918e+03 
2.599918e+03 
2.599918e+03 
2.599918e+03 
2.599918e+03 
2.599918e+03 
2.599918e+03 
2.599918e+03 
2.599918e+03 
2.599918e+03 
2.599918e+03 
2.599918e+03 
2.599918e+03 
2.599918e+03 
2.599918e+03 
2.599918e+03 
2.599918e+03 
2.599918e+03 
2.599918e+03 
2.599918e+03 
2.599918e+03 
2.599918e+03 
2.599918e+03 
2.599918e+03 
2.599918e+03 
2.599918e+03 
2.599918e+03 
2.599918e+03 
2.599918e+03 
2.599918e+03 
2.599918e+03 
2.599918e+03 
2.599918e+03 
2.599918e+03 
2.599918e+03 
2.599918e+03 
2.599918e+03 
2.599918e+03 
2.599918e+03 
2.599918e+03 
2.599918e+03 
2.599918e+03 
2.599918e+03 
2.599918e+03 
2.599918e+03 
2.599918e+03 
2.599918e+03 
2.599918e+03 
2.599918e+03 
2.599918e+03 
2.599918e+03 
2.599918e+03 
2.599918e+03 
2.599918e+03 
2.599918e+03 
2.599918e+03 
2.599918e+03 
2.599918e+03 
2.599918e+03 
2.599918e+03 
2.599918e+03 
2.599918e+03 
2.599918e+03 
2.599918e+03 
2.599918e+03 
2.599918e+03 
2.599918e+03 
2.599918e+03 
2.599918e+03 
2.599918e+03 
2.599918e+03 
2.599918e+03 
2.599918e+03 
2.599918e+03 
2.599918e+03 
2.599918e+03 
2.599918e+03 
2.599918e+03 
2.599918e+03 
2.599918e+03 
2.599918e+03 
2.599918e+03 
2.599918e+03 
2.599918e+03 
2.599918e+03 
2.599918e+03 
2.599918e+03 
2.599918e+03 
2.599918e+03 
2.599918e+03 
2.599918e+03 
2.599918e+03 
2.599918e+03 
2.599918e+03 
2.599918e+03 
2.599918e+03 
2.599918e+03 
2.599918e+03 
2.599918e+03 
2.599918e+03 
2.599918e+03 
2.599918e+03 
2.599918e+03 
2.599918e+03 
2.599918e+03 
2.599918e+03 
2.599918e+03 
2.599918e+03 
2.599918e+03 
2.599918e+03 
2.599918e+03 
2.599918e+03 
2.599918e+03 
2.599918e+03 
2.599918e+03 
2.599918e+03 
2.599918e+03 
2.599918e+03 
2.599918e+03 
2.599918e+03 
2.599918e+03 
2.599918e+03 
2.599918e+03 
2.599918e+03 
2.599918e+03 
2.599918e+03 
2.599918e+03 
2.599918e+03 
2.599918e+03 
2.599918e+03 
2.599918e+03 
2.599918e+03 
2.599918e+03 
2.599918e+03 
2.599918e+03 
2.599918e+03 
2.599918e+03 
2.599918e+03 
2.599918e+03 
2.599918e+03 
2.599918e+03 
2.599918e+03 
2.599918e+03 
2.599918e+03 
2.599918e+03 
2.599918e+03 
2.599918e+03 
2.599918e+03 
2.599918e+03 
2.599918e+03 
2.599918e+03 
2.599918e+03 
2.599918e+03 
2.599918e+03 
2.599918e+03 
2.599918e+03 
2.599918e+03 
2.599918e+03 
2.599918e+03 
2.599918e+03 
2.599918e+03 
2.599918e+03 
2.599918e+03 
2.599918e+03 
2.599918e+03 
2.599918e+03 
2.599918e+03 
2.599918e+03 
2.599918e+03 
2.599918e+03 
2.599918e+03 
2.599918e+03 
2.599918e+03 
2.599918e+03 
2.599918e+03 
2.599918e+03 
2.599918e+03 
2.599918e+03 
2.599918e+03 
2.599918e+03 
2.599918e+03 
2.599918e+03 
2.599918e+03 
2.599918e+03 
2.599918e+03 
2.599918e+03 
2.599918e+03 
2.599918e+03 
2.599918e+03 
2.599918e+03 
2.599918e+03 
2.599918e+03 
2.599918e+03 
2.599918e+03 
2.599918e+03 
2.599918e+03 
2.599918e+03 
2.599918e+03 
2.599918e+03 
2.599918e+03 
2.599918e+03 
2.599918e+03 
2.599918e+03 
2.599918e+03 
2.599918e+03 
2.599918e+03 
2.599918e+03 
2.599918e+03 
2.599918e+03 
2.599918e+03 
2.599918e+03 
2.599918e+03 
2.599918e+03 
2.599918e+03 
2.599918e+03 
2.599918e+03 
2.599918e+03 
2.599918e+03 
2.599918e+03 
2.599918e+03 
2.599918e+03 
2.599918e+03 
2.599918e+03 
2.599918e+03 
2.599918e+03 
2.599918e+03 
2.599918e+03 
2.599918e+03 
2.599918e+03 
2.599918e+03 
2.599918e+03 
2.599918e+03 
2.599918e+03 
2.599918e+03 
2.599918e+03 
2.599918e+03 
2.599918e+03 
2.599918e+03 
2.599918e+03 
2.599918e+03 
2.599918e+03 
2.599918e+03 
2.599918e+03 
2.599918e+03 
2.599918e+03 
2.599918e+03 
2.599918e+03 
2.599918e+03 
2.599918e+03 
2.599918e+03 
2.599918e+03 
2.599918e+03 
2.599918e+03 
2.599918e+03 
2.599918e+03 
2.599918e+03 
2.599918e+03 
2.599918e+03 
2.599918e+03 
2.599918e+03 
2.599918e+03 
2.599918e+03 
2.599918e+03 
2.599918e+03 
2.599918e+03 
2.599918e+03 
2.599918e+03 
2.599918e+03 
2.599918e+03 
2.599918e+03 
2.599918e+03 
2.599918e+03 
2.599918e+03 
2.599918e+03 
2.599918e+03 
2.599918e+03 
2.599918e+03 
2.599918e+03 
2.599918e+03 
2.599918e+03 
2.599918e+03 
2.599918e+03 
2.599918e+03 
2.599918e+03 
2.599918e+03 
2.599918e+03 
2.599918e+03 
2.599918e+03 
2.599918e+03 
2.599918e+03 
2.599918e+03 
2.599918e+03 
2.599918e+03 
2.599918e+03 
2.599918e+03 
2.599918e+03 
2.599918e+03 
2.599918e+03 
2.599918e+03 
2.599918e+03 
2.599918e+03 
2.599918e+03 
2.599918e+03 
2.599918e+03 
2.599918e+03 
2.599918e+03 
2.599918e+03 
2.599918e+03 
2.599918e+03 
2.599918e+03 
2.599918e+03 
2.599918e+03 
2.599918e+03 
2.599918e+03 
2.599918e+03 
2.599918e+03 
2.599918e+03 
2.599918e+03 
2.599918e+03 
2.599918e+03 
2.599918e+03 
2.599918e+03 
2.599918e+03 
2.599918e+03 
2.599918e+03 
2.599918e+03 
2.599918e+03 
2.599918e+03 
2.599918e+03 
2.599918e+03 
2.599918e+03 
2.599918e+03 
2.599918e+03 
2.599918e+03 
2.599918e+03 
2.599918e+03 
2.599918e+03 
2.599918e+03 
2.599918e+03 
2.599918e+03 
2.599918e+03 
2.599918e+03 
2.599918e+03 
2.599918e+03 
2.599918e+03 
2.599918e+03 
2.599918e+03 
2.599918e+03 
2.599918e+03 
2.599918e+03 
2.599918e+03 
2.599918e+03 
2.599918e+03 
2.599918e+03 
2.599918e+03 
2.599918e+03 
2.599918e+03 
2.599918e+03 
2.599918e+03 
2.599918e+03 
2.599918e+03 
2.599918e+03 
2.599918e+03 
2.599918e+03 
2.599918e+03 
2.599918e+03 
2.599918e+03 
2.599918e+03 
2.599918e+03 
2.599918e+03 
2.599918e+03 
2.599918e+03 
2.599918e+03 
2.599918e+03 
2.599918e+03 
2.599918e+03 
2.599918e+03 
2.599918e+03 
2.599918e+03 
2.599918e+03 
2.599918e+03 
2.599918e+03 
2.599918e+03 
2.599918e+03 
2.599918e+03 
2.599918e+03 
2.599918e+03 
2.599918e+03 
2.599918e+03 
2.599918e+03 
2.599918e+03 
2.599918e+03 
2.599918e+03 
2.599918e+03 
2.599918e+03 
2.599918e+03 
2.599918e+03 
2.599918e+03 
2.599918e+03 
2.599918e+03 
2.599918e+03 
2.599918e+03 
2.599918e+03 
2.599918e+03 
2.599918e+03 
2.599918e+03 
2.599918e+03 
2.599918e+03 
2.599918e+03 
2.599918e+03 
2.599918e+03 
2.599918e+03 
2.599918e+03 
2.599918e+03 
2.599918e+03 
2.599918e+03 
2.599918e+03 
2.599918e+03 
2.599918e+03 
2.599918e+03 
2.599918e+03 
2.599918e+03 
2.599918e+03 
2.599918e+03 
2.599918e+03 
2.599918e+03 
2.599918e+03 
2.599918e+03 
2.599918e+03 
2.599918e+03 
2.599918e+03 
2.599918e+03 
2.599918e+03 
2.599918e+03 
2.599918e+03 
2.599918e+03 
2.599918e+03 
2.599918e+03 
2.599918e+03 
2.599918e+03 
2.599918e+03 
2.599918e+03 
2.599918e+03 
2.599918e+03 
2.599918e+03 
2.599918e+03 
2.599918e+03 
2.599918e+03 
2.599918e+03 
2.599918e+03 
2.599918e+03 
2.599918e+03 
2.599918e+03 
2.599918e+03 
2.599918e+03 
2.599918e+03 
2.599918e+03 
2.599918e+03 
2.599918e+03 
2.599918e+03 
2.599918e+03 
2.599918e+03 
2.599918e+03 
2.599918e+03 
2.599918e+03 
2.599918e+03 
2.599918e+03 
2.599918e+03 
2.599918e+03 
2.599918e+03 
2.599918e+03 
2.599918e+03 
2.599918e+03 
2.599918e+03 
2.599918e+03 
2.599918e+03 
2.599918e+03 
2.599918e+03 
2.599918e+03 
2.599918e+03 
2.599918e+03 
2.599918e+03 
2.599918e+03 
2.599918e+03 
2.599918e+03 
2.599918e+03 
2.599918e+03 
2.599918e+03 
2.599918e+03 
2.599918e+03 
2.599918e+03 
2.599918e+03 
2.599918e+03 
2.599918e+03 
2.599918e+03 
2.599918e+03 
2.599918e+03 
2.599918e+03 
2.599918e+03 
2.599918e+03 
2.599918e+03 
2.599918e+03 
2.599918e+03 
2.599918e+03 
2.599918e+03 
2.599918e+03 
2.599918e+03 
2.599918e+03 
2.599918e+03 
2.599918e+03 
2.599918e+03 
2.599918e+03 
2.599918e+03 
2.599918e+03 
2.599918e+03 
2.599918e+03 
2.599918e+03 
2.599918e+03 
2.599918e+03 
2.599918e+03 
2.599918e+03 
2.599918e+03 
2.599918e+03 
2.599918e+03 
2.599918e+03 
2.599918e+03 
2.599918e+03 
2.599918e+03 
2.599918e+03 
2.599918e+03 
2.599918e+03 
2.599918e+03 
2.599918e+03 
2.599918e+03 
2.599918e+03 
2.599918e+03 
2.599918e+03 
2.599918e+03 
2.599918e+03 
2.599918e+03 
2.599918e+03 
2.599918e+03 
2.599918e+03 
2.599918e+03 
2.599918e+03 
2.599918e+03 
2.599918e+03 
2.599918e+03 
2.599918e+03 
2.599918e+03 
2.599918e+03 
2.599918e+03 
2.599918e+03 
2.599918e+03 
2.599918e+03 
2.599918e+03 
2.599918e+03 
2.599918e+03 
2.599918e+03 
2.599918e+03 
2.599918e+03 
2.599918e+03 
2.599918e+03 
2.599918e+03 
2.599918e+03 
2.599918e+03 
2.599918e+03 
2.599918e+03 
2.599918e+03 
2.599918e+03 
2.599918e+03 
2.599918e+03 
2.599918e+03 
2.599918e+03 
2.599918e+03 
2.599918e+03 
2.599918e+03 
2.599918e+03 
2.599918e+03 
2.599918e+03 
2.599918e+03 
2.599918e+03 
2.599918e+03 
2.599918e+03 
2.599918e+03 
2.599918e+03 
2.599918e+03 
2.599918e+03 
2.599918e+03 
2.599918e+03 
2.599918e+03 
2.599918e+03 
2.599918e+03 
2.599918e+03 
2.599918e+03 
2.599918e+03 
2.599918e+03 
2.599918e+03 
2.599918e+03 
2.599918e+03 
2.599918e+03 
2.599918e+03 
2.599918e+03 
2.599918e+03 
2.599918e+03 
2.599918e+03 
2.599918e+03 
2.599918e+03 
2.599918e+03 
2.599918e+03 
2.599918e+03 
2.599918e+03 
2.599918e+03 
2.599918e+03 
2.599918e+03 
2.599918e+03 
2.599918e+03 
2.599918e+03 
2.599918e+03 
2.599918e+03 
2.599918e+03 
2.599918e+03 
2.599918e+03 
2.599918e+03 
2.599918e+03 
2.599918e+03 
2.599918e+03 
2.599918e+03 
2.599918e+03 
2.599918e+03 
2.599918e+03 
2.599918e+03 
2.599918e+03 
2.599918e+03 
2.599918e+03 
2.599918e+03 
2.599918e+03 
2.599918e+03 
2.599918e+03 
2.599918e+03 
2.599918e+03 
2.599918e+03 
2.599918e+03 
2.599918e+03 
2.599918e+03 
2.599918e+03 
2.599918e+03 
2.599918e+03 
2.599918e+03 
2.599918e+03 
2.599918e+03 
2.599918e+03 
2.599918e+03 
2.599918e+03 
2.599918e+03 
2.599918e+03 
2.599918e+03 
2.599918e+03 
2.599918e+03 
2.599918e+03 
2.599918e+03 
2.599918e+03 
2.599918e+03 
2.599918e+03 
2.599918e+03 
2.599918e+03 
2.599918e+03 
2.599918e+03 
2.599918e+03 
2.599918e+03 
2.599918e+03 
2.599918e+03 
2.599918e+03 
2.599918e+03 
2.599918e+03 
2.599918e+03 
2.599918e+03 
2.599918e+03 
2.599918e+03 
2.599918e+03 
2.599918e+03 
2.599918e+03 
2.599918e+03 
2.599918e+03 
2.599918e+03 
2.599918e+03 
2.599918e+03 
2.599918e+03 
2.599918e+03 
2.599918e+03 
2.599918e+03 
2.599918e+03 
2.599918e+03 
2.599918e+03 
2.599918e+03 
2.599918e+03 
2.599918e+03 
2.599918e+03 
2.599918e+03 
2.599918e+03 
2.599918e+03 
2.599918e+03 
2.599918e+03 
2.599918e+03 
2.599918e+03 
2.599918e+03 
2.599918e+03 
2.599918e+03 
2.599918e+03 
2.599918e+03 
2.599918e+03 
2.599918e+03 
2.599918e+03 
2.599918e+03 
2.599918e+03 
2.599918e+03 
2.599918e+03 
2.599918e+03 
2.599918e+03 
2.599918e+03 
2.599918e+03 
2.599918e+03 
2.599918e+03 
2.599918e+03 
2.599918e+03 
2.599918e+03 
2.599918e+03 
2.599918e+03 
2.599918e+03 
2.599918e+03 
2.599918e+03 
2.599918e+03 
2.599918e+03 
2.599918e+03 
2.599918e+03 
2.599918e+03 
2.599918e+03 
2.599918e+03 
2.599918e+03 
2.599918e+03 
2.599918e+03 
2.599918e+03 
2.599918e+03 
2.599918e+03 
2.599918e+03 
2.599918e+03 
2.599918e+03 
2.599918e+03 
2.599918e+03 
2.599918e+03 
2.599918e+03 
2.599918e+03 
2.599918e+03 
2.599918e+03 
2.599918e+03 
2.599918e+03 
2.599918e+03 
2.599918e+03 
2.599918e+03 
2.599918e+03 
2.599918e+03 
2.599918e+03 
2.599918e+03 
2.599918e+03 
2.599918e+03 
2.599918e+03 
2.599918e+03 
2.599918e+03 
2.599918e+03 
2.599918e+03 
2.599918e+03 
2.599918e+03 
2.599918e+03 
2.599918e+03 
2.599918e+03 
2.599918e+03 
2.599918e+03 
2.599918e+03 
2.599918e+03 
2.599918e+03 
2.599918e+03 
2.599918e+03 
2.599918e+03 
2.599918e+03 
2.599918e+03 
2.599918e+03 
2.599918e+03 
2.599918e+03 
2.599918e+03 
2.599918e+03 
2.599918e+03 
2.599918e+03 
2.599918e+03 
2.599918e+03 
2.599918e+03 
2.599918e+03 
2.599918e+03 
2.599918e+03 
2.599918e+03 
2.599918e+03 
2.599918e+03 
2.599918e+03 
2.599918e+03 
2.599918e+03 
2.599918e+03 
2.599918e+03 
2.599918e+03 
2.599918e+03 
2.599918e+03 
2.599918e+03 
2.599918e+03 
2.599918e+03 
2.599918e+03 
2.599918e+03 
2.599918e+03 
2.599918e+03 
2.599918e+03 
2.599918e+03 
2.599918e+03 
2.599918e+03 
2.599918e+03 
2.599918e+03 
2.599918e+03 
2.599918e+03 
2.599918e+03 
2.599918e+03 
2.599918e+03 
2.599918e+03 
2.599918e+03 
2.599918e+03 
2.599918e+03 
2.599918e+03 
2.599918e+03 
2.599918e+03 
2.599918e+03 
2.599918e+03 
2.599918e+03 
2.599918e+03 
2.599918e+03 
2.599918e+03 
2.599918e+03 
2.599918e+03 
2.599918e+03 
2.599918e+03 
2.599918e+03 
2.599918e+03 
2.599918e+03 
2.599918e+03 
2.599918e+03 
2.599918e+03 
2.599918e+03 
2.599918e+03 
2.599918e+03 
2.599918e+03 
2.599918e+03 
2.599918e+03 
2.599918e+03 
2.599918e+03 
2.599918e+03 
2.599918e+03 
2.599918e+03 
2.599918e+03 
2.599918e+03 
2.599918e+03 
2.599918e+03 
2.599918e+03 
2.599918e+03 
2.599918e+03 
2.599918e+03 
2.599918e+03 
2.599918e+03 
2.599918e+03 
2.599917e+03 
2.599917e+03 
2.599917e+03 
2.599917e+03 
2.599917e+03 
2.599917e+03 
2.599917e+03 
2.599917e+03 
2.599917e+03 
2.599917e+03 
2.599917e+03 
2.599917e+03 
2.599917e+03 
2.599917e+03 
2.599917e+03 
2.599917e+03 
2.599917e+03 
2.599917e+03 
2.599917e+03 
2.599917e+03 
2.599917e+03 
2.599917e+03 
2.599917e+03 
2.599917e+03 
2.599917e+03 
2.599917e+03 
2.599917e+03 
2.599917e+03 
2.599917e+03 
2.599917e+03 
2.599917e+03 
2.599917e+03 
2.599917e+03 
2.599917e+03 
2.599917e+03 
2.599917e+03 
2.599917e+03 
2.599917e+03 
2.599917e+03 
2.599917e+03 
2.599917e+03 
2.599917e+03 
2.599917e+03 
2.599917e+03 
2.599917e+03 
2.599917e+03 
2.599917e+03 
2.599917e+03 
2.599917e+03 
2.599917e+03 
2.599917e+03 
2.599917e+03 
2.599917e+03 
2.599917e+03 
2.599917e+03 
2.599917e+03 
2.599917e+03 
2.599917e+03 
2.599917e+03 
2.599917e+03 
2.599917e+03 
2.599917e+03 
2.599917e+03 
2.599917e+03 
2.599917e+03 
2.599917e+03 
2.599917e+03 
2.599917e+03 
2.599917e+03 
2.599917e+03 
2.599917e+03 
2.599917e+03 
2.599917e+03 
2.599917e+03 
2.599917e+03 
2.599917e+03 
2.599917e+03 
2.599917e+03 
2.599917e+03 
2.599917e+03 
2.599917e+03 
2.599917e+03 
2.599917e+03 
2.599917e+03 
2.599917e+03 
2.599917e+03 
2.599917e+03 
2.599917e+03 
2.599917e+03 
2.599917e+03 
2.599917e+03 
2.599917e+03 
2.599917e+03 
2.599917e+03 
2.599917e+03 
2.599917e+03 
2.599917e+03 
2.599917e+03 
2.599917e+03 
2.599917e+03 
2.599917e+03 
2.599917e+03 
2.599917e+03 
2.599917e+03 
2.599917e+03 
2.599917e+03 
2.599917e+03 
2.599917e+03 
2.599917e+03 
2.599917e+03 
2.599917e+03 
2.599917e+03 
2.599917e+03 
2.599917e+03 
2.599917e+03 
2.599917e+03 
2.599917e+03 
2.599917e+03 
2.599917e+03 
2.599917e+03 
2.599917e+03 
2.599917e+03 
2.599917e+03 
2.599917e+03 
2.599917e+03 
2.599917e+03 
2.599917e+03 
2.599917e+03 
2.599917e+03 
2.599917e+03 
2.599917e+03 
2.599917e+03 
2.599917e+03 
2.599917e+03 
2.599917e+03 
2.599917e+03 
2.599917e+03 
2.599917e+03 
2.599917e+03 
2.599917e+03 
2.599917e+03 
2.599917e+03 
2.599917e+03 
2.599917e+03 
2.599917e+03 
2.599917e+03 
2.599917e+03 
2.599917e+03 
2.599917e+03 
2.599917e+03 
2.599917e+03 
2.599917e+03 
2.599917e+03 
2.599917e+03 
2.599917e+03 
2.599917e+03 
2.599917e+03 
2.599917e+03 
2.599917e+03 
2.599917e+03 
2.599917e+03 
2.599917e+03 
2.599917e+03 
2.599917e+03 
2.599917e+03 
2.599917e+03 
2.599917e+03 
2.599917e+03 
2.599917e+03 
2.599917e+03 
2.599917e+03 
2.599917e+03 
2.599917e+03 
2.599917e+03 
2.599917e+03 
2.599917e+03 
2.599917e+03 
2.599917e+03 
2.599917e+03 
2.599917e+03 
2.599917e+03 
2.599917e+03 
2.599917e+03 
2.599917e+03 
2.599917e+03 
2.599917e+03 
2.599917e+03 
2.599917e+03 
2.599917e+03 
2.599917e+03 
2.599917e+03 
2.599917e+03 
2.599917e+03 
2.599917e+03 
2.599917e+03 
2.599917e+03 
2.599917e+03 
2.599917e+03 
2.599917e+03 
2.599917e+03 
2.599917e+03 
2.599917e+03 
2.599917e+03 
2.599917e+03 
2.599917e+03 
2.599917e+03 
2.599917e+03 
2.599917e+03 
2.599917e+03 
2.599917e+03 
2.599917e+03 
2.599917e+03 
2.599917e+03 
2.599917e+03 
2.599917e+03 
2.599917e+03 
2.599917e+03 
2.599917e+03 
2.599917e+03 
2.599917e+03 
2.599917e+03 
2.599917e+03 
2.599917e+03 
2.599917e+03 
2.599917e+03 
2.599917e+03 
2.599917e+03 
2.599917e+03 
2.599917e+03 
2.599917e+03 
2.599917e+03 
2.599917e+03 
2.599917e+03 
2.599917e+03 
2.599917e+03 
2.599917e+03 
2.599917e+03 
2.599917e+03 
2.599917e+03 
2.599917e+03 
2.599917e+03 
2.599917e+03 
2.599917e+03 
2.599917e+03 
2.599917e+03 
2.599917e+03 
2.599917e+03 
2.599917e+03 
2.599917e+03 
2.599917e+03 
2.599917e+03 
2.599917e+03 
2.599917e+03 
2.599917e+03 
2.599917e+03 
2.599917e+03 
2.599917e+03 
2.599917e+03 
2.599917e+03 
2.599917e+03 
2.599917e+03 
2.599917e+03 
2.599917e+03 
2.599917e+03 
2.599917e+03 
2.599917e+03 
2.599917e+03 
2.599917e+03 
2.599917e+03 
2.599917e+03 
2.599917e+03 
2.599917e+03 
2.599917e+03 
2.599917e+03 
2.599917e+03 
2.599917e+03 
2.599917e+03 
2.599917e+03 
2.599917e+03 
2.599917e+03 
2.599917e+03 
2.599916e+03 
2.599915e+03 
2.599915e+03 
2.599915e+03 
2.599915e+03 
2.599915e+03 
2.599915e+03 
2.599915e+03 
2.599915e+03 
2.599915e+03 
2.599915e+03 
2.599915e+03 
2.599915e+03 
2.599915e+03 
2.599915e+03 
2.599915e+03 
2.599915e+03 
2.599915e+03 
2.599915e+03 
2.599915e+03 
2.599915e+03 
2.599915e+03 
2.599915e+03 
2.599915e+03 
2.599915e+03 
2.599915e+03 
2.599915e+03 
2.599915e+03 
2.599915e+03 
2.599915e+03 
2.599915e+03 
2.599915e+03 
2.599915e+03 
2.599915e+03 
2.599915e+03 
2.599915e+03 
2.599915e+03 
2.599915e+03 
2.599915e+03 
2.599915e+03 
2.599915e+03 
2.599915e+03 
2.599915e+03 
2.599915e+03 
2.599915e+03 
2.599915e+03 
2.599915e+03 
2.599915e+03 
2.599915e+03 
2.599915e+03 
2.599915e+03 
2.599915e+03 
2.599915e+03 
2.599915e+03 
2.599915e+03 
2.599915e+03 
2.599915e+03 
2.599915e+03 
2.599915e+03 
2.599915e+03 
2.599915e+03 
2.599915e+03 
2.599915e+03 
2.599915e+03 
2.599915e+03 
2.599915e+03 
2.599915e+03 
2.599915e+03 
2.599915e+03 
2.599915e+03 
2.599915e+03 
2.599915e+03 
2.599915e+03 
2.599915e+03 
2.599915e+03 
2.599915e+03 
2.599915e+03 
2.599915e+03 
2.599915e+03 
2.599915e+03 
2.599915e+03 
2.599915e+03 
2.599915e+03 
2.599915e+03 
2.599915e+03 
2.599915e+03 
2.599915e+03 
2.599915e+03 
2.599915e+03 
2.599915e+03 
2.599915e+03 
2.599915e+03 
2.599915e+03 
2.599915e+03 
2.599915e+03 
2.599915e+03 
2.599915e+03 
2.599915e+03 
2.599915e+03 
2.599914e+03 
2.599914e+03 
2.599914e+03 
2.599914e+03 
2.599914e+03 
2.599914e+03 
2.599914e+03 
2.599914e+03 
2.599914e+03 
2.599914e+03 
2.599914e+03 
2.599914e+03 
2.599914e+03 
2.599914e+03 
2.599913e+03 
2.599913e+03 
2.599913e+03 
2.599913e+03 
2.599913e+03 
2.599913e+03 
2.599913e+03 
2.599913e+03 
2.599913e+03 
2.599913e+03 
2.599913e+03 
2.599913e+03 
2.599913e+03 
2.599913e+03 
2.599913e+03 
2.599913e+03 
2.599913e+03 
2.599913e+03 
2.599913e+03 
2.599913e+03 
2.599913e+03 
2.599913e+03 
2.599913e+03 
2.599913e+03 
2.599913e+03 
2.599913e+03 
2.599913e+03 
2.599913e+03 
2.599913e+03 
2.599913e+03 
2.599913e+03 
2.599913e+03 
2.599913e+03 
2.599913e+03 
2.599913e+03 
2.599913e+03 
2.599912e+03 
2.599912e+03 
2.599912e+03 
2.599911e+03 
2.599911e+03 
2.599911e+03 
2.599911e+03 
2.599911e+03 
2.599911e+03 
2.599911e+03 
2.599911e+03 
2.599911e+03 
2.599911e+03 
2.599911e+03 
2.599911e+03 
2.599911e+03 
2.599911e+03 
2.599911e+03 
2.599911e+03 
2.599911e+03 
2.599911e+03 
2.599911e+03 
2.599911e+03 
2.599911e+03 
2.599911e+03 
2.599911e+03 
2.599911e+03 
2.599911e+03 
2.599911e+03 
2.599911e+03 
2.599911e+03 
2.599911e+03 
2.599911e+03 
2.599911e+03 
2.599911e+03 
2.599911e+03 
2.599911e+03 
2.599910e+03 
2.599910e+03 
2.599910e+03 
2.599910e+03 
2.599910e+03 
2.599910e+03 
2.599910e+03 
2.599910e+03 
2.599910e+03 
2.599910e+03 
2.599910e+03 
2.599910e+03 
2.599910e+03 
2.599910e+03 
2.599910e+03 
2.599910e+03 
2.599910e+03 
2.599910e+03 
2.599910e+03 
2.599910e+03 
2.599910e+03 
2.599910e+03 
2.599910e+03 
2.599910e+03 
2.599910e+03 
2.599910e+03 
2.599910e+03 
2.599910e+03 
2.599909e+03 
2.599909e+03 
2.599909e+03 
2.599909e+03 
2.599909e+03 
2.599909e+03 
2.599909e+03 
2.599909e+03 
2.599909e+03 
2.599909e+03 
2.599909e+03 
2.599909e+03 
2.599909e+03 
2.599909e+03 
2.599909e+03 
2.599909e+03 
2.599909e+03 
2.599909e+03 
2.599909e+03 
2.599909e+03 
2.599909e+03 
2.599909e+03 
2.599909e+03 
2.599909e+03 
2.599909e+03 
2.599909e+03 
2.599909e+03 
2.599909e+03 
2.599909e+03 
2.599909e+03 
2.599909e+03 
2.599909e+03 
2.599909e+03 
2.599909e+03 
2.599909e+03 
2.599909e+03 
2.599909e+03 
2.599909e+03 
2.599909e+03 
2.599909e+03 
2.599909e+03 
2.599909e+03 
2.599909e+03 
2.599909e+03 
2.599909e+03 
2.599909e+03 
2.599909e+03 
2.599909e+03 
2.599909e+03 
2.599909e+03 
2.599909e+03 
2.599909e+03 
2.599909e+03 
2.599909e+03 
2.599909e+03 
2.599909e+03 
2.599909e+03 
2.599909e+03 
2.599909e+03 
2.599909e+03 
2.599909e+03 
2.599909e+03 
2.599909e+03 
2.599909e+03 
2.599909e+03 
2.599909e+03 
2.599909e+03 
2.599909e+03 
2.599909e+03 
2.599909e+03 
2.599909e+03 
2.599909e+03 
2.599909e+03 
2.599909e+03 
2.599909e+03 
2.599909e+03 
2.599909e+03 
2.599909e+03 
2.599909e+03 
2.599909e+03 
2.599909e+03 
2.599909e+03 
2.599909e+03 
2.599909e+03 
2.599909e+03 
2.599909e+03 
2.599909e+03 
2.599909e+03 
2.599909e+03 
2.599909e+03 
2.599909e+03 
2.599909e+03 
2.599909e+03 
2.599909e+03 
2.599909e+03 
2.599909e+03 
2.599909e+03 
2.599909e+03 
2.599909e+03 
2.599909e+03 
2.599909e+03 
2.599909e+03 
2.599909e+03 
2.599909e+03 
2.599909e+03 
2.599909e+03 
2.599909e+03 
2.599909e+03 
2.599909e+03 
2.599909e+03 
2.599909e+03 
2.599909e+03 
2.599909e+03 
2.599909e+03 
2.599909e+03 
2.599909e+03 
2.599909e+03 
2.599909e+03 
2.599909e+03 
2.599909e+03 
2.599909e+03 
2.599909e+03 
2.599909e+03 
2.599909e+03 
2.599909e+03 
2.599909e+03 
2.599909e+03 
2.599909e+03 
2.599909e+03 
2.599909e+03 
2.599909e+03 
2.599909e+03 
2.599909e+03 
2.599909e+03 
2.599909e+03 
2.599909e+03 
2.599909e+03 
2.599909e+03 
2.599909e+03 
2.599909e+03 
2.599909e+03 
2.599909e+03 
2.599909e+03 
2.599909e+03 
2.599909e+03 
2.599909e+03 
2.599909e+03 
2.599909e+03 
2.599909e+03 
2.599909e+03 
2.599909e+03 
2.599909e+03 
2.599909e+03 
2.599909e+03 
2.599909e+03 
2.599909e+03 
2.599909e+03 
2.599909e+03 
2.599909e+03 
2.599909e+03 
2.599909e+03 
2.599909e+03 
2.599909e+03 
2.599909e+03 
2.599909e+03 
2.599909e+03 
2.599909e+03 
2.599909e+03 
2.599909e+03 
2.599909e+03 
2.599909e+03 
2.599909e+03 
2.599909e+03 
2.599909e+03 
2.599909e+03 
2.599909e+03 
2.599909e+03 
2.599909e+03 
2.599909e+03 
2.599909e+03 
2.599909e+03 
2.599909e+03 
2.599909e+03 
2.599909e+03 
2.599909e+03 
2.599909e+03 
2.599909e+03 
2.599909e+03 
2.599909e+03 
2.599909e+03 
2.599909e+03 
2.599909e+03 
2.599909e+03 
2.599909e+03 
2.599909e+03 
2.599909e+03 
2.599909e+03 
2.599909e+03 
2.599909e+03 
2.599909e+03 
2.599909e+03 
2.599909e+03 
2.599909e+03 
2.599909e+03 
2.599909e+03 
2.599909e+03 
2.599909e+03 
2.599909e+03 
2.599909e+03 
2.599909e+03 
2.599909e+03 
2.599909e+03 
2.599909e+03 
2.599909e+03 
2.599909e+03 
2.599909e+03 
2.599909e+03 
2.599909e+03 
2.599909e+03 
2.599909e+03 
2.599909e+03 
2.599909e+03 
2.599909e+03 
2.599909e+03 
2.599909e+03 
2.599909e+03 
2.599909e+03 
2.599909e+03 
2.599909e+03 
2.599909e+03 
2.599909e+03 
2.599909e+03 
2.599909e+03 
2.599909e+03 
2.599909e+03 
2.599909e+03 
2.599909e+03 
2.599909e+03 
2.599909e+03 
2.599909e+03 
2.599909e+03 
2.599909e+03 
2.599909e+03 
2.599909e+03 
2.599909e+03 
2.599909e+03 
2.599909e+03 
2.599909e+03 
2.599909e+03 
2.599909e+03 
2.599909e+03 
2.599909e+03 
2.599909e+03 
2.599909e+03 
2.599909e+03 
2.599909e+03 
2.599909e+03 
2.599909e+03 
2.599909e+03 
2.599909e+03 
2.599909e+03 
2.599909e+03 
2.599909e+03 
2.599909e+03 
2.599909e+03 
2.599909e+03 
2.599909e+03 
2.599909e+03 
2.599909e+03 
2.599909e+03 
2.599909e+03 
2.599909e+03 
2.599909e+03 
2.599909e+03 
2.599909e+03 
2.599909e+03 
2.599909e+03 
2.599909e+03 
2.599909e+03 
2.599909e+03 
2.599909e+03 
2.599909e+03 
2.599909e+03 
2.599909e+03 
2.599909e+03 
2.599909e+03 
2.599909e+03 
2.599909e+03 
2.599909e+03 
2.599909e+03 
2.599909e+03 
2.599909e+03 
2.599909e+03 
2.599909e+03 
2.599909e+03 
2.599909e+03 
2.599909e+03 
2.599909e+03 
2.599909e+03 
2.599909e+03 
2.599909e+03 
2.599909e+03 
2.599909e+03 
2.599909e+03 
2.599909e+03 
2.599909e+03 
2.599909e+03 
2.599909e+03 
2.599909e+03 
2.599909e+03 
2.599909e+03 
2.599909e+03 
2.599909e+03 
2.599909e+03 
2.599909e+03 
2.599909e+03 
2.599909e+03 
2.599909e+03 
2.599909e+03 
2.599909e+03 
2.599909e+03 
2.599909e+03 
2.599909e+03 
2.599909e+03 
2.599909e+03 
2.599909e+03 
2.599909e+03 
2.599909e+03 
2.599909e+03 
2.599909e+03 
2.599909e+03 
2.599909e+03 
2.599909e+03 
2.599909e+03 
2.599909e+03 
2.599909e+03 
2.599909e+03 
2.599909e+03 
2.599909e+03 
2.599909e+03 
2.599909e+03 
2.599909e+03 
2.599909e+03 
2.599909e+03 
2.599909e+03 
2.599909e+03 
2.599909e+03 
2.599909e+03 
2.599909e+03 
2.599909e+03 
2.599909e+03 
2.599909e+03 
2.599909e+03 
2.599909e+03 
2.599909e+03 
2.599909e+03 
2.599909e+03 
2.599909e+03 
2.599909e+03 
2.599909e+03 
2.599909e+03 
2.599909e+03 
2.599909e+03 
2.599909e+03 
2.599909e+03 
2.599909e+03 
2.599909e+03 
2.599909e+03 
2.599909e+03 
2.599909e+03 
2.599909e+03 
2.599909e+03 
2.599909e+03 
2.599909e+03 
2.599909e+03 
2.599909e+03 
2.599909e+03 
2.599909e+03 
2.599909e+03 
2.599909e+03 
2.599909e+03 
2.599909e+03 
2.599909e+03 
2.599909e+03 
2.599909e+03 
2.599909e+03 
2.599909e+03 
2.599909e+03 
2.599909e+03 
2.599909e+03 
2.599909e+03 
2.599909e+03 
2.599909e+03 
2.599909e+03 
2.599909e+03 
2.599909e+03 
2.599909e+03 
2.599909e+03 
2.599909e+03 
2.599909e+03 
2.599909e+03 
2.599909e+03 
2.599909e+03 
2.599909e+03 
2.599909e+03 
2.599909e+03 
2.599909e+03 
2.599908e+03 
2.599908e+03 
2.599908e+03 
2.599908e+03 
2.599908e+03 
2.599908e+03 
2.599908e+03 
2.599908e+03 
2.599908e+03 
2.599908e+03 
2.599908e+03 
2.599908e+03 
2.599908e+03 
2.599908e+03 
2.599908e+03 
2.599908e+03 
2.599908e+03 
2.599908e+03 
2.599908e+03 
2.599908e+03 
2.599908e+03 
2.599908e+03 
2.599908e+03 
2.599908e+03 
2.599908e+03 
2.599908e+03 
2.599908e+03 
2.599908e+03 
2.599908e+03 
2.599908e+03 
2.599908e+03 
2.599908e+03 
2.599908e+03 
2.599908e+03 
2.599908e+03 
2.599908e+03 
2.599908e+03 
2.599908e+03 
2.599908e+03 
2.599908e+03 
2.599908e+03 
2.599908e+03 
2.599908e+03 
2.599908e+03 
2.599908e+03 
2.599908e+03 
2.599908e+03 
2.599908e+03 
2.599908e+03 
2.599908e+03 
2.599908e+03 
2.599908e+03 
2.599908e+03 
2.599908e+03 
2.599908e+03 
2.599908e+03 
2.599908e+03 
2.599908e+03 
2.599908e+03 
2.599908e+03 
2.599908e+03 
2.599908e+03 
2.599908e+03 
2.599908e+03 
2.599908e+03 
2.599908e+03 
2.599908e+03 
2.599908e+03 
2.599908e+03 
2.599908e+03 
2.599908e+03 
2.599908e+03 
2.599908e+03 
2.599908e+03 
2.599908e+03 
2.599908e+03 
2.599908e+03 
2.599908e+03 
2.599908e+03 
2.599908e+03 
2.599908e+03 
2.599908e+03 
2.599908e+03 
2.599908e+03 
2.599908e+03 
2.599908e+03 
2.599908e+03 
2.599908e+03 
2.599908e+03 
2.599908e+03 
2.599908e+03 
2.599908e+03 
2.599908e+03 
2.599908e+03 
2.599908e+03 
2.599908e+03 
2.599908e+03 
2.599908e+03 
2.599908e+03 
2.599908e+03 
2.599908e+03 
2.599908e+03 
2.599908e+03 
2.599908e+03 
2.599908e+03 
2.599908e+03 
2.599908e+03 
2.599908e+03 
2.599908e+03 
2.599908e+03 
2.599908e+03 
2.599908e+03 
2.599908e+03 
2.599908e+03 
2.599908e+03 
2.599908e+03 
2.599908e+03 
2.599908e+03 
2.599908e+03 
2.599908e+03 
2.599908e+03 
2.599908e+03 
2.599908e+03 
2.599908e+03 
2.599908e+03 
2.599908e+03 
2.599908e+03 
2.599908e+03 
2.599908e+03 
2.599908e+03 
2.599908e+03 
2.599908e+03 
2.599908e+03 
2.599908e+03 
2.599908e+03 
2.599908e+03 
2.599908e+03 
2.599908e+03 
2.599907e+03 
2.599907e+03 
2.599907e+03 
2.599907e+03 
2.599907e+03 
2.599907e+03 
2.599907e+03 
2.599907e+03 
2.599907e+03 
2.599907e+03 
2.599907e+03 
2.599907e+03 
2.599907e+03 
2.599907e+03 
2.599907e+03 
2.599907e+03 
2.599907e+03 
2.599907e+03 
2.599907e+03 
2.599907e+03 
2.599907e+03 
2.599907e+03 
2.599907e+03 
2.599907e+03 
2.599907e+03 
2.599907e+03 
2.599907e+03 
2.599907e+03 
2.599907e+03 
2.599907e+03 
2.599907e+03 
2.599907e+03 
2.599907e+03 
2.599907e+03 
2.599907e+03 
2.599907e+03 
2.599907e+03 
2.599907e+03 
2.599907e+03 
2.599907e+03 
2.599907e+03 
2.599907e+03 
2.599907e+03 
2.599907e+03 
2.599907e+03 
2.599907e+03 
2.599907e+03 
2.599907e+03 
2.599907e+03 
2.599907e+03 
2.599907e+03 
2.599907e+03 
2.599907e+03 
2.599907e+03 
2.599907e+03 
2.599907e+03 
2.599907e+03 
2.599907e+03 
2.599907e+03 
2.599907e+03 
2.599907e+03 
2.599907e+03 
2.599907e+03 
2.599907e+03 
2.599907e+03 
2.599907e+03 
2.599907e+03 
2.599907e+03 
2.599907e+03 
2.599907e+03 
2.599907e+03 
2.599907e+03 
2.599907e+03 
2.599907e+03 
2.599907e+03 
2.599907e+03 
2.599907e+03 
2.599907e+03 
2.599907e+03 
2.599907e+03 
2.599907e+03 
2.599907e+03 
2.599907e+03 
2.599907e+03 
2.599907e+03 
2.599907e+03 
2.599907e+03 
2.599907e+03 
2.599907e+03 
2.599907e+03 
2.599907e+03 
2.599907e+03 
2.599907e+03 
2.599907e+03 
2.599907e+03 
2.599907e+03 
2.599907e+03 
2.599907e+03 
2.599907e+03 
2.599907e+03 
2.599907e+03 
2.599907e+03 
2.599907e+03 
2.599907e+03 
2.599907e+03 
2.599907e+03 
2.599907e+03 
2.599907e+03 
2.599907e+03 
2.599907e+03 
2.599907e+03 
