1.122843e+04 
9.405735e+03 
8.886928e+03 
8.081313e+03 
8.081313e+03 
7.672373e+03 
7.672373e+03 
7.505647e+03 
7.505647e+03 
7.505647e+03 
7.233165e+03 
7.192469e+03 
7.192469e+03 
7.192469e+03 
7.192469e+03 
6.771634e+03 
6.771634e+03 
6.771634e+03 
6.771634e+03 
6.771634e+03 
6.771634e+03 
6.771634e+03 
6.771634e+03 
6.771634e+03 
6.771634e+03 
6.771634e+03 
6.771634e+03 
6.771634e+03 
6.771634e+03 
6.386947e+03 
6.386947e+03 
6.386947e+03 
6.386947e+03 
6.261337e+03 
6.261337e+03 
6.261337e+03 
6.261337e+03 
6.261337e+03 
6.261337e+03 
6.261337e+03 
6.261337e+03 
6.261337e+03 
6.261337e+03 
6.261337e+03 
6.261337e+03 
6.261337e+03 
6.261337e+03 
6.261337e+03 
6.261337e+03 
6.261337e+03 
6.261337e+03 
6.261337e+03 
6.261337e+03 
6.261337e+03 
6.261337e+03 
6.261337e+03 
6.261337e+03 
6.261337e+03 
6.261337e+03 
6.261337e+03 
6.261337e+03 
6.261337e+03 
6.261337e+03 
6.261337e+03 
6.261337e+03 
6.261337e+03 
6.261337e+03 
6.261337e+03 
6.159012e+03 
6.159012e+03 
6.159012e+03 
5.772372e+03 
5.772372e+03 
5.772372e+03 
5.772372e+03 
5.772372e+03 
5.772372e+03 
5.772372e+03 
5.772372e+03 
5.772372e+03 
5.710559e+03 
5.710559e+03 
5.710559e+03 
5.710559e+03 
5.694626e+03 
5.694626e+03 
5.694626e+03 
5.694626e+03 
5.694626e+03 
5.694626e+03 
5.694626e+03 
5.564297e+03 
5.564297e+03 
5.564297e+03 
5.564297e+03 
5.530217e+03 
5.530217e+03 
5.530217e+03 
5.530217e+03 
5.530217e+03 
5.530217e+03 
5.530217e+03 
5.530217e+03 
5.530217e+03 
5.530217e+03 
5.530217e+03 
5.530217e+03 
5.530217e+03 
5.530217e+03 
5.530217e+03 
5.530217e+03 
5.530217e+03 
5.530217e+03 
5.530217e+03 
5.530217e+03 
5.450792e+03 
5.450792e+03 
5.450792e+03 
5.450792e+03 
5.450792e+03 
5.450792e+03 
5.450792e+03 
5.450792e+03 
5.450792e+03 
5.353571e+03 
5.353571e+03 
5.125718e+03 
5.125718e+03 
5.125718e+03 
5.125718e+03 
5.125718e+03 
5.125718e+03 
5.125718e+03 
5.125718e+03 
5.125718e+03 
5.125718e+03 
5.125718e+03 
5.121805e+03 
5.121805e+03 
5.121805e+03 
5.121805e+03 
5.121805e+03 
5.121805e+03 
5.121805e+03 
5.121805e+03 
5.121805e+03 
5.100729e+03 
5.100729e+03 
5.100729e+03 
5.100729e+03 
5.016615e+03 
5.016615e+03 
5.016615e+03 
5.016615e+03 
5.016615e+03 
5.016615e+03 
5.016615e+03 
5.016615e+03 
5.016615e+03 
5.016615e+03 
5.016615e+03 
5.016615e+03 
5.016615e+03 
5.016615e+03 
5.016615e+03 
5.016615e+03 
5.016615e+03 
4.905486e+03 
4.905486e+03 
4.905486e+03 
4.905486e+03 
4.861142e+03 
4.861142e+03 
4.847015e+03 
4.847015e+03 
4.847015e+03 
4.847015e+03 
4.665796e+03 
4.665796e+03 
4.665796e+03 
4.665796e+03 
4.665796e+03 
4.665796e+03 
4.665796e+03 
4.665796e+03 
4.665796e+03 
4.665796e+03 
4.665796e+03 
4.665796e+03 
4.665796e+03 
4.665796e+03 
4.665796e+03 
4.665796e+03 
4.665796e+03 
4.665796e+03 
4.665796e+03 
4.665796e+03 
4.665796e+03 
4.665796e+03 
4.665796e+03 
4.665796e+03 
4.665796e+03 
4.665796e+03 
4.544121e+03 
4.544121e+03 
4.544121e+03 
4.544121e+03 
4.544121e+03 
4.544121e+03 
4.544121e+03 
4.544121e+03 
4.544121e+03 
4.544121e+03 
4.421450e+03 
4.421450e+03 
4.421450e+03 
4.421450e+03 
4.421450e+03 
4.421450e+03 
4.421450e+03 
4.421450e+03 
4.421450e+03 
4.421450e+03 
4.421450e+03 
4.421450e+03 
4.421450e+03 
4.421450e+03 
4.421450e+03 
4.421450e+03 
4.421450e+03 
4.421450e+03 
4.421450e+03 
4.421450e+03 
4.421450e+03 
4.421450e+03 
4.421450e+03 
4.421450e+03 
4.421450e+03 
4.421450e+03 
4.421450e+03 
4.421450e+03 
4.421450e+03 
4.421450e+03 
4.421450e+03 
4.421450e+03 
4.421450e+03 
4.421450e+03 
4.421450e+03 
4.421450e+03 
4.421450e+03 
4.421450e+03 
4.421450e+03 
4.421450e+03 
4.421450e+03 
4.421450e+03 
4.421450e+03 
4.421450e+03 
4.421450e+03 
4.421450e+03 
4.421450e+03 
4.421450e+03 
4.421450e+03 
4.421450e+03 
4.421450e+03 
4.421450e+03 
4.421450e+03 
4.421450e+03 
4.421450e+03 
4.421450e+03 
4.344630e+03 
4.344630e+03 
4.344630e+03 
4.344630e+03 
4.344630e+03 
4.344630e+03 
4.344630e+03 
4.344630e+03 
4.344630e+03 
4.344630e+03 
4.344630e+03 
4.344630e+03 
4.344630e+03 
4.344630e+03 
4.325890e+03 
4.325890e+03 
4.325890e+03 
4.325890e+03 
4.325890e+03 
4.325890e+03 
4.325890e+03 
4.325890e+03 
4.325890e+03 
4.325890e+03 
4.325890e+03 
4.325890e+03 
4.325890e+03 
4.325890e+03 
4.325890e+03 
4.325890e+03 
4.325890e+03 
4.325890e+03 
4.325890e+03 
4.325890e+03 
4.325890e+03 
4.325890e+03 
4.325890e+03 
4.325890e+03 
4.325890e+03 
4.325890e+03 
4.325890e+03 
4.325890e+03 
4.325890e+03 
4.325890e+03 
4.325890e+03 
4.325890e+03 
4.325890e+03 
4.325890e+03 
4.325890e+03 
4.325890e+03 
4.325890e+03 
4.325890e+03 
4.325890e+03 
4.325890e+03 
4.325890e+03 
4.325890e+03 
4.325890e+03 
4.325890e+03 
4.325890e+03 
4.325890e+03 
4.325890e+03 
4.325890e+03 
4.325890e+03 
4.325890e+03 
4.325890e+03 
4.325890e+03 
4.325890e+03 
4.325890e+03 
4.325890e+03 
4.325890e+03 
4.325890e+03 
4.325890e+03 
4.325890e+03 
4.325890e+03 
4.325890e+03 
4.325890e+03 
4.325890e+03 
4.325890e+03 
4.325890e+03 
4.325890e+03 
4.325890e+03 
4.325890e+03 
4.325890e+03 
4.325890e+03 
4.325890e+03 
4.325890e+03 
4.325890e+03 
4.325890e+03 
4.325890e+03 
4.325890e+03 
4.325890e+03 
4.325890e+03 
4.325890e+03 
4.325890e+03 
4.325890e+03 
4.325890e+03 
4.325890e+03 
4.325890e+03 
4.325890e+03 
4.325890e+03 
4.325890e+03 
4.325890e+03 
4.325890e+03 
4.325890e+03 
4.325890e+03 
4.325890e+03 
4.325890e+03 
4.325890e+03 
4.325890e+03 
4.325890e+03 
4.325890e+03 
4.325890e+03 
4.325890e+03 
4.325890e+03 
4.325890e+03 
4.325890e+03 
4.325890e+03 
4.321075e+03 
4.321075e+03 
4.321075e+03 
4.321075e+03 
4.321075e+03 
4.321075e+03 
4.321075e+03 
4.321075e+03 
4.321075e+03 
4.321075e+03 
4.321075e+03 
4.321075e+03 
4.321075e+03 
4.321075e+03 
4.321075e+03 
4.321075e+03 
4.321075e+03 
4.321075e+03 
4.321075e+03 
4.321075e+03 
4.321075e+03 
4.321075e+03 
4.321075e+03 
4.321075e+03 
4.321075e+03 
4.321075e+03 
4.321075e+03 
4.321075e+03 
4.321075e+03 
4.321075e+03 
4.321075e+03 
4.321075e+03 
4.321075e+03 
4.321075e+03 
4.321075e+03 
4.321075e+03 
4.321075e+03 
4.321075e+03 
4.321075e+03 
4.321075e+03 
4.314787e+03 
4.314787e+03 
4.314787e+03 
4.314787e+03 
4.314787e+03 
4.314787e+03 
4.314787e+03 
4.242304e+03 
4.242304e+03 
4.242304e+03 
4.242304e+03 
4.242304e+03 
4.242304e+03 
4.242304e+03 
4.242304e+03 
4.242304e+03 
4.242304e+03 
4.232983e+03 
4.232983e+03 
4.232983e+03 
4.232983e+03 
4.232983e+03 
4.232983e+03 
4.232983e+03 
4.232983e+03 
4.232983e+03 
4.232983e+03 
4.232983e+03 
4.232983e+03 
4.232983e+03 
4.232983e+03 
4.232983e+03 
4.232983e+03 
4.232983e+03 
4.232983e+03 
4.232983e+03 
4.232983e+03 
4.232983e+03 
4.232983e+03 
4.232983e+03 
4.232983e+03 
4.232983e+03 
4.232983e+03 
4.232983e+03 
4.232983e+03 
4.232983e+03 
4.232983e+03 
4.232983e+03 
4.232983e+03 
4.232983e+03 
4.232983e+03 
4.232983e+03 
4.232983e+03 
4.232983e+03 
4.232983e+03 
4.232983e+03 
4.232983e+03 
4.232983e+03 
4.232983e+03 
4.232983e+03 
4.232983e+03 
4.232983e+03 
4.232983e+03 
4.232983e+03 
4.232983e+03 
4.232983e+03 
4.232983e+03 
4.232983e+03 
4.232983e+03 
4.232983e+03 
4.232983e+03 
4.232983e+03 
4.232983e+03 
4.232983e+03 
4.232983e+03 
4.232983e+03 
4.232983e+03 
4.232983e+03 
4.232983e+03 
4.232983e+03 
4.232983e+03 
4.232983e+03 
4.232983e+03 
4.232983e+03 
4.232983e+03 
4.232983e+03 
4.232983e+03 
4.232983e+03 
4.232983e+03 
4.232983e+03 
4.232983e+03 
4.232983e+03 
4.232983e+03 
4.232983e+03 
4.232983e+03 
4.232983e+03 
4.232983e+03 
4.232983e+03 
4.232983e+03 
4.232983e+03 
4.232983e+03 
4.232983e+03 
4.232983e+03 
4.232983e+03 
4.232983e+03 
4.232983e+03 
4.232983e+03 
4.232983e+03 
4.232983e+03 
4.232983e+03 
4.232983e+03 
4.232983e+03 
4.232983e+03 
4.232983e+03 
4.232983e+03 
4.232983e+03 
4.232983e+03 
4.232983e+03 
4.232983e+03 
4.232983e+03 
4.232983e+03 
4.232983e+03 
4.232983e+03 
4.232983e+03 
4.232983e+03 
4.232983e+03 
4.232983e+03 
4.232983e+03 
4.232983e+03 
4.232983e+03 
4.232983e+03 
4.232983e+03 
4.232983e+03 
4.232983e+03 
4.232983e+03 
4.232983e+03 
4.232983e+03 
4.232983e+03 
4.232983e+03 
4.232983e+03 
4.232983e+03 
4.232983e+03 
4.232983e+03 
4.232983e+03 
4.232983e+03 
4.232983e+03 
4.232983e+03 
4.232983e+03 
4.232983e+03 
4.232983e+03 
4.232983e+03 
4.232983e+03 
4.232983e+03 
4.232983e+03 
4.232983e+03 
4.232983e+03 
4.232983e+03 
4.232983e+03 
4.232983e+03 
4.232983e+03 
4.232983e+03 
4.232983e+03 
4.232983e+03 
4.232983e+03 
4.232983e+03 
4.232983e+03 
4.232983e+03 
4.232983e+03 
4.232983e+03 
4.232983e+03 
4.232983e+03 
4.232983e+03 
4.232983e+03 
4.232983e+03 
4.232983e+03 
4.232983e+03 
4.232983e+03 
4.232983e+03 
4.232983e+03 
4.232983e+03 
4.232983e+03 
4.232983e+03 
4.232983e+03 
4.232983e+03 
4.207642e+03 
4.207642e+03 
4.207642e+03 
4.207642e+03 
4.207642e+03 
4.207642e+03 
4.207642e+03 
4.207642e+03 
4.207642e+03 
4.207642e+03 
4.207642e+03 
4.207642e+03 
4.207642e+03 
4.207642e+03 
4.207642e+03 
4.207642e+03 
4.207642e+03 
4.207642e+03 
4.207642e+03 
4.207642e+03 
4.207642e+03 
4.207642e+03 
4.207642e+03 
4.207642e+03 
4.207642e+03 
4.207642e+03 
4.207642e+03 
4.207642e+03 
4.207642e+03 
4.207642e+03 
4.207642e+03 
4.207642e+03 
4.207642e+03 
4.207642e+03 
4.207642e+03 
4.207642e+03 
4.152118e+03 
4.152118e+03 
4.152118e+03 
4.152118e+03 
4.152118e+03 
4.152118e+03 
4.152118e+03 
4.152118e+03 
4.152118e+03 
4.152118e+03 
4.152118e+03 
4.152118e+03 
4.152118e+03 
4.152118e+03 
4.152118e+03 
4.152118e+03 
4.152118e+03 
4.152118e+03 
4.152118e+03 
4.152118e+03 
4.152118e+03 
4.152118e+03 
4.152118e+03 
4.152118e+03 
4.152118e+03 
4.152118e+03 
4.152118e+03 
4.152118e+03 
4.152118e+03 
4.152118e+03 
4.152118e+03 
4.152118e+03 
4.152118e+03 
4.152118e+03 
4.152118e+03 
4.152118e+03 
4.152118e+03 
4.152118e+03 
4.152118e+03 
4.152118e+03 
4.152118e+03 
4.152118e+03 
4.152118e+03 
4.152118e+03 
4.152118e+03 
4.152118e+03 
4.152118e+03 
4.152118e+03 
4.152118e+03 
4.152118e+03 
4.152118e+03 
4.152118e+03 
4.152118e+03 
4.152118e+03 
4.152118e+03 
4.152118e+03 
4.152118e+03 
4.152118e+03 
4.152118e+03 
4.152118e+03 
4.152118e+03 
4.152118e+03 
4.152118e+03 
4.152118e+03 
4.152118e+03 
4.152118e+03 
4.152118e+03 
4.152118e+03 
4.152118e+03 
4.152118e+03 
4.152118e+03 
4.152118e+03 
4.152118e+03 
4.152118e+03 
4.152118e+03 
4.152118e+03 
4.152118e+03 
4.152118e+03 
4.152118e+03 
4.152118e+03 
4.152118e+03 
4.152118e+03 
4.152118e+03 
4.152118e+03 
4.152118e+03 
4.152118e+03 
4.152118e+03 
4.152118e+03 
4.152118e+03 
4.152118e+03 
4.152118e+03 
4.152118e+03 
4.152118e+03 
4.152118e+03 
4.152118e+03 
4.152118e+03 
4.152118e+03 
4.152118e+03 
4.152118e+03 
4.152118e+03 
4.152118e+03 
4.152118e+03 
4.152118e+03 
4.152118e+03 
4.152118e+03 
4.152118e+03 
4.152118e+03 
4.152118e+03 
4.152118e+03 
4.152118e+03 
4.152118e+03 
4.152118e+03 
4.152118e+03 
4.152118e+03 
4.152118e+03 
4.152118e+03 
4.152118e+03 
4.152118e+03 
4.152118e+03 
4.152118e+03 
4.152118e+03 
4.152118e+03 
4.152118e+03 
4.152118e+03 
4.152118e+03 
4.152118e+03 
4.152118e+03 
4.152118e+03 
4.152118e+03 
4.152118e+03 
4.152118e+03 
4.152118e+03 
4.152118e+03 
4.152118e+03 
4.152118e+03 
4.152118e+03 
4.152118e+03 
4.152118e+03 
4.152118e+03 
4.152118e+03 
4.152118e+03 
4.152118e+03 
4.152118e+03 
4.152118e+03 
4.152118e+03 
4.152118e+03 
4.152118e+03 
4.152118e+03 
4.152118e+03 
4.152118e+03 
4.152118e+03 
4.152118e+03 
4.152118e+03 
4.152118e+03 
4.152118e+03 
4.152118e+03 
4.152118e+03 
4.152118e+03 
4.152118e+03 
4.152118e+03 
4.152118e+03 
4.152118e+03 
4.152118e+03 
4.152118e+03 
4.152118e+03 
4.152118e+03 
4.152118e+03 
4.152118e+03 
4.152118e+03 
4.152118e+03 
4.152118e+03 
4.152118e+03 
4.152118e+03 
4.152118e+03 
4.152118e+03 
4.152118e+03 
4.152118e+03 
4.152118e+03 
4.152118e+03 
4.152118e+03 
4.152118e+03 
4.152118e+03 
4.152118e+03 
4.152118e+03 
4.152118e+03 
4.152118e+03 
4.152118e+03 
4.152118e+03 
4.152118e+03 
4.152118e+03 
4.152118e+03 
4.152118e+03 
4.152118e+03 
4.152118e+03 
4.152118e+03 
4.152118e+03 
4.152118e+03 
4.152118e+03 
4.152118e+03 
4.152118e+03 
4.152118e+03 
4.152118e+03 
4.152118e+03 
4.152118e+03 
4.152118e+03 
4.152118e+03 
4.152118e+03 
4.152118e+03 
4.152118e+03 
4.152118e+03 
4.152118e+03 
4.152118e+03 
4.152118e+03 
4.152118e+03 
4.152118e+03 
4.152118e+03 
4.152118e+03 
4.152118e+03 
4.152118e+03 
4.152118e+03 
4.152118e+03 
4.152118e+03 
4.152118e+03 
4.152118e+03 
4.152118e+03 
4.152118e+03 
4.152118e+03 
4.152118e+03 
4.152118e+03 
4.152118e+03 
4.152118e+03 
4.152118e+03 
4.152118e+03 
4.152118e+03 
4.152118e+03 
4.152118e+03 
4.152118e+03 
4.152118e+03 
4.152118e+03 
4.152118e+03 
4.152118e+03 
4.152118e+03 
4.152118e+03 
4.152118e+03 
4.152118e+03 
4.152118e+03 
4.152118e+03 
4.152118e+03 
4.152118e+03 
4.152118e+03 
4.152118e+03 
4.152118e+03 
4.152118e+03 
4.152118e+03 
4.152118e+03 
4.152118e+03 
4.152118e+03 
4.152118e+03 
4.152118e+03 
4.152118e+03 
4.152118e+03 
4.152118e+03 
4.152118e+03 
4.152118e+03 
4.152118e+03 
4.152118e+03 
4.152118e+03 
4.152118e+03 
4.152118e+03 
4.152118e+03 
4.152118e+03 
4.152118e+03 
4.152118e+03 
4.152118e+03 
4.152118e+03 
4.152118e+03 
4.152118e+03 
4.152118e+03 
4.152118e+03 
4.152118e+03 
4.152118e+03 
4.152118e+03 
4.152118e+03 
4.152118e+03 
4.152118e+03 
4.152118e+03 
4.152118e+03 
4.152118e+03 
4.152118e+03 
4.152118e+03 
4.152118e+03 
4.152118e+03 
4.152118e+03 
4.152118e+03 
4.152118e+03 
4.152118e+03 
4.152118e+03 
4.152118e+03 
4.152118e+03 
4.152118e+03 
4.152118e+03 
4.152118e+03 
4.152118e+03 
4.152118e+03 
4.152118e+03 
4.152118e+03 
4.152118e+03 
4.152118e+03 
4.152118e+03 
4.152118e+03 
4.152118e+03 
4.152118e+03 
4.152118e+03 
4.152118e+03 
4.152118e+03 
4.152118e+03 
4.152118e+03 
4.152118e+03 
4.152118e+03 
4.152118e+03 
4.152118e+03 
4.152118e+03 
4.152118e+03 
4.152118e+03 
4.152118e+03 
4.152118e+03 
4.152118e+03 
4.152118e+03 
4.152118e+03 
4.152118e+03 
4.152118e+03 
4.152118e+03 
4.152118e+03 
4.152118e+03 
4.152118e+03 
4.152118e+03 
4.152118e+03 
4.152118e+03 
4.152118e+03 
4.152118e+03 
4.152118e+03 
4.152118e+03 
4.152118e+03 
4.152118e+03 
4.152118e+03 
4.152118e+03 
4.152118e+03 
4.152118e+03 
4.152118e+03 
4.152118e+03 
4.152118e+03 
4.152118e+03 
4.152118e+03 
4.152118e+03 
4.152118e+03 
4.152118e+03 
4.152118e+03 
4.152118e+03 
4.152118e+03 
4.152118e+03 
4.152118e+03 
4.152118e+03 
4.152118e+03 
4.152118e+03 
4.152118e+03 
4.152118e+03 
4.152118e+03 
4.152118e+03 
4.152118e+03 
4.152118e+03 
4.152118e+03 
4.152118e+03 
4.152118e+03 
4.152118e+03 
4.152118e+03 
4.152118e+03 
4.152118e+03 
4.152118e+03 
4.152118e+03 
4.152118e+03 
4.152118e+03 
4.152118e+03 
4.152118e+03 
4.152118e+03 
4.152118e+03 
4.152118e+03 
4.152118e+03 
4.152118e+03 
4.152118e+03 
4.152118e+03 
4.152118e+03 
4.152118e+03 
4.152118e+03 
4.152118e+03 
4.152118e+03 
4.152118e+03 
4.152118e+03 
4.152118e+03 
4.152118e+03 
4.152118e+03 
4.152118e+03 
4.152118e+03 
4.152118e+03 
4.152118e+03 
4.152118e+03 
4.152118e+03 
4.152118e+03 
4.152118e+03 
4.152118e+03 
4.152118e+03 
4.152118e+03 
4.152118e+03 
4.152118e+03 
4.152118e+03 
4.152118e+03 
4.152118e+03 
4.152118e+03 
4.152118e+03 
4.152118e+03 
4.152118e+03 
4.152118e+03 
4.152118e+03 
4.152118e+03 
4.152118e+03 
4.152118e+03 
4.152118e+03 
4.152118e+03 
4.152118e+03 
4.152118e+03 
4.152118e+03 
4.152118e+03 
4.152118e+03 
4.152118e+03 
4.152118e+03 
4.152118e+03 
4.152118e+03 
4.152118e+03 
4.152118e+03 
4.152118e+03 
4.152118e+03 
4.152118e+03 
4.152118e+03 
4.152118e+03 
4.152118e+03 
4.152118e+03 
4.152118e+03 
4.152118e+03 
4.152118e+03 
4.152118e+03 
4.152118e+03 
4.152118e+03 
4.152118e+03 
4.152118e+03 
4.152118e+03 
4.152118e+03 
4.152118e+03 
4.152118e+03 
4.152118e+03 
4.152118e+03 
4.152118e+03 
4.152118e+03 
4.152118e+03 
4.152118e+03 
4.152118e+03 
4.152118e+03 
4.152118e+03 
4.152118e+03 
4.152118e+03 
4.152118e+03 
4.152118e+03 
4.152118e+03 
4.152118e+03 
4.152118e+03 
4.152118e+03 
4.152118e+03 
4.152118e+03 
4.152118e+03 
4.152118e+03 
4.152118e+03 
4.152118e+03 
4.152118e+03 
4.152118e+03 
4.152118e+03 
4.152118e+03 
4.152118e+03 
4.152118e+03 
4.152118e+03 
4.152118e+03 
4.137007e+03 
4.137007e+03 
4.137007e+03 
4.137007e+03 
4.137007e+03 
4.137007e+03 
4.137007e+03 
4.137007e+03 
4.137007e+03 
4.137007e+03 
4.137007e+03 
4.137007e+03 
4.137007e+03 
4.137007e+03 
4.137007e+03 
4.137007e+03 
4.137007e+03 
4.137007e+03 
4.137007e+03 
4.137007e+03 
4.137007e+03 
4.137007e+03 
4.137007e+03 
4.137007e+03 
4.137007e+03 
4.137007e+03 
4.137007e+03 
4.137007e+03 
4.137007e+03 
4.137007e+03 
4.137007e+03 
4.137007e+03 
4.137007e+03 
4.137007e+03 
4.137007e+03 
4.137007e+03 
4.137007e+03 
4.137007e+03 
4.137007e+03 
4.137007e+03 
4.137007e+03 
4.137007e+03 
4.137007e+03 
4.137007e+03 
4.137007e+03 
4.137007e+03 
4.137007e+03 
4.137007e+03 
4.137007e+03 
4.137007e+03 
4.137007e+03 
4.137007e+03 
4.137007e+03 
4.137007e+03 
4.137007e+03 
4.137007e+03 
4.137007e+03 
4.137007e+03 
4.137007e+03 
4.137007e+03 
4.137007e+03 
4.137007e+03 
4.137007e+03 
4.137007e+03 
4.084551e+03 
4.084551e+03 
4.084551e+03 
4.084551e+03 
4.084551e+03 
4.084551e+03 
4.084551e+03 
4.084551e+03 
4.084551e+03 
4.084551e+03 
4.084551e+03 
4.084551e+03 
4.084551e+03 
4.084551e+03 
4.084551e+03 
4.084551e+03 
4.084551e+03 
4.084551e+03 
4.084551e+03 
4.084551e+03 
4.084551e+03 
4.084551e+03 
4.084551e+03 
4.084551e+03 
4.084551e+03 
4.084551e+03 
4.084551e+03 
4.084551e+03 
4.084551e+03 
4.084551e+03 
4.084551e+03 
4.084551e+03 
4.084551e+03 
4.084551e+03 
4.084551e+03 
4.084551e+03 
4.084551e+03 
4.084551e+03 
4.084551e+03 
4.084551e+03 
4.084551e+03 
4.084551e+03 
4.084551e+03 
4.084551e+03 
4.084551e+03 
4.084551e+03 
4.084551e+03 
4.084551e+03 
4.084551e+03 
4.084551e+03 
4.084551e+03 
4.084551e+03 
4.084551e+03 
4.084551e+03 
4.084551e+03 
4.084551e+03 
4.084551e+03 
4.084551e+03 
4.084551e+03 
4.084551e+03 
4.084551e+03 
4.084551e+03 
4.084551e+03 
4.084551e+03 
4.084551e+03 
4.084551e+03 
4.084551e+03 
4.084551e+03 
4.084551e+03 
4.084551e+03 
4.084551e+03 
4.084551e+03 
4.084551e+03 
4.084551e+03 
4.084551e+03 
4.084551e+03 
4.084551e+03 
4.084551e+03 
4.084551e+03 
4.084551e+03 
4.084551e+03 
4.084551e+03 
4.084551e+03 
4.084551e+03 
4.084551e+03 
4.084551e+03 
4.084551e+03 
4.084551e+03 
4.084551e+03 
4.084551e+03 
4.084551e+03 
4.084551e+03 
4.084551e+03 
4.084551e+03 
4.084551e+03 
4.084551e+03 
4.084551e+03 
4.084551e+03 
4.084551e+03 
4.084551e+03 
4.084551e+03 
4.084551e+03 
4.084551e+03 
4.084551e+03 
4.084551e+03 
4.084551e+03 
4.084551e+03 
4.084551e+03 
4.084551e+03 
4.084551e+03 
4.084551e+03 
4.084551e+03 
4.084551e+03 
4.084551e+03 
4.084551e+03 
4.084551e+03 
4.084551e+03 
4.084551e+03 
4.084551e+03 
4.084551e+03 
4.084551e+03 
4.084551e+03 
4.084551e+03 
4.084551e+03 
4.084551e+03 
4.084551e+03 
4.084551e+03 
4.084551e+03 
4.084551e+03 
4.084551e+03 
4.084551e+03 
4.084551e+03 
4.084551e+03 
4.084551e+03 
4.084551e+03 
4.084551e+03 
4.084551e+03 
4.084551e+03 
4.084551e+03 
4.084551e+03 
4.084551e+03 
4.084551e+03 
4.084551e+03 
4.084551e+03 
4.084551e+03 
4.084551e+03 
4.084551e+03 
4.084551e+03 
4.084551e+03 
4.084551e+03 
4.084551e+03 
4.084551e+03 
4.084551e+03 
4.084551e+03 
4.084551e+03 
4.084551e+03 
4.084551e+03 
4.084551e+03 
4.084551e+03 
4.084551e+03 
4.084551e+03 
4.084551e+03 
4.084551e+03 
4.084551e+03 
4.084551e+03 
4.084551e+03 
4.084551e+03 
4.084551e+03 
4.084551e+03 
4.084551e+03 
4.084551e+03 
4.084551e+03 
4.084551e+03 
4.084551e+03 
4.084551e+03 
4.084551e+03 
4.084551e+03 
4.084551e+03 
4.084551e+03 
4.084551e+03 
4.084551e+03 
4.084551e+03 
4.084551e+03 
4.084551e+03 
4.084551e+03 
4.084551e+03 
4.084551e+03 
4.084551e+03 
4.084551e+03 
4.084551e+03 
4.084551e+03 
4.084551e+03 
4.084551e+03 
4.084551e+03 
4.084551e+03 
4.084551e+03 
4.084551e+03 
4.084551e+03 
4.084551e+03 
4.084551e+03 
4.084551e+03 
4.084551e+03 
4.084551e+03 
4.084551e+03 
4.084551e+03 
4.084551e+03 
4.084551e+03 
4.084551e+03 
4.084551e+03 
4.084551e+03 
4.084551e+03 
4.084551e+03 
4.084551e+03 
4.084551e+03 
4.084551e+03 
4.084551e+03 
4.084551e+03 
4.084551e+03 
4.084551e+03 
4.084551e+03 
4.084551e+03 
4.084551e+03 
4.084551e+03 
4.084551e+03 
4.084551e+03 
4.084551e+03 
4.084551e+03 
4.084551e+03 
4.084551e+03 
4.084551e+03 
4.084551e+03 
4.084551e+03 
4.084551e+03 
4.084551e+03 
4.084551e+03 
4.084551e+03 
4.084551e+03 
4.084551e+03 
4.084551e+03 
4.084551e+03 
4.084551e+03 
4.084551e+03 
4.084551e+03 
4.084551e+03 
4.084551e+03 
4.084551e+03 
4.084551e+03 
4.084551e+03 
4.084551e+03 
4.084551e+03 
4.084551e+03 
4.084551e+03 
4.084551e+03 
4.084551e+03 
4.084551e+03 
4.084551e+03 
4.084551e+03 
4.084551e+03 
4.084551e+03 
4.084551e+03 
4.084551e+03 
4.084551e+03 
4.084551e+03 
4.084551e+03 
4.084551e+03 
4.084551e+03 
4.084551e+03 
4.084551e+03 
4.084551e+03 
4.084551e+03 
4.084551e+03 
4.084551e+03 
4.084551e+03 
4.084551e+03 
4.084551e+03 
4.084551e+03 
4.084551e+03 
4.084551e+03 
4.084551e+03 
4.084551e+03 
4.084551e+03 
4.084551e+03 
4.084551e+03 
4.084551e+03 
4.084551e+03 
4.084551e+03 
4.084551e+03 
4.084551e+03 
4.084551e+03 
4.084551e+03 
4.084551e+03 
4.084551e+03 
4.084551e+03 
4.084551e+03 
4.084551e+03 
4.084551e+03 
4.084551e+03 
4.084551e+03 
4.084551e+03 
4.084551e+03 
4.084551e+03 
4.084551e+03 
4.084551e+03 
4.084551e+03 
4.084551e+03 
4.084551e+03 
4.084551e+03 
4.084551e+03 
4.084551e+03 
4.084551e+03 
4.084551e+03 
4.084551e+03 
4.084551e+03 
4.084551e+03 
4.084551e+03 
4.084551e+03 
4.084551e+03 
4.084551e+03 
4.084551e+03 
4.084551e+03 
4.084551e+03 
4.084551e+03 
4.084551e+03 
4.084551e+03 
4.084551e+03 
4.084551e+03 
4.084551e+03 
4.084551e+03 
4.084551e+03 
4.084551e+03 
4.084551e+03 
4.084551e+03 
4.084551e+03 
4.084551e+03 
4.084551e+03 
4.084551e+03 
4.084551e+03 
4.084551e+03 
4.084551e+03 
4.084551e+03 
4.084551e+03 
4.084551e+03 
4.084551e+03 
4.084551e+03 
4.084551e+03 
4.084551e+03 
4.084551e+03 
4.084551e+03 
4.084551e+03 
4.084551e+03 
4.084551e+03 
4.084551e+03 
4.084551e+03 
4.084551e+03 
4.084551e+03 
4.084551e+03 
4.084551e+03 
4.084551e+03 
4.084551e+03 
4.084551e+03 
4.084551e+03 
4.084551e+03 
4.084551e+03 
4.084551e+03 
4.084551e+03 
4.084551e+03 
4.084551e+03 
4.084551e+03 
4.084551e+03 
4.084551e+03 
4.084551e+03 
4.084551e+03 
4.084551e+03 
4.084551e+03 
4.084551e+03 
4.084551e+03 
4.084551e+03 
4.084551e+03 
4.084551e+03 
4.084551e+03 
4.084551e+03 
4.084551e+03 
4.084551e+03 
4.084551e+03 
4.084551e+03 
4.084551e+03 
4.084551e+03 
4.084551e+03 
4.084551e+03 
4.084551e+03 
4.084551e+03 
4.084551e+03 
4.084551e+03 
4.084551e+03 
4.084551e+03 
4.084551e+03 
4.084551e+03 
4.084551e+03 
4.084551e+03 
4.084551e+03 
4.084551e+03 
4.084551e+03 
4.084551e+03 
4.084551e+03 
4.084551e+03 
4.084551e+03 
4.084551e+03 
4.084551e+03 
4.084551e+03 
4.084551e+03 
4.084551e+03 
4.084551e+03 
4.084551e+03 
4.084551e+03 
4.084551e+03 
4.084551e+03 
4.084551e+03 
4.084551e+03 
4.084551e+03 
4.084551e+03 
4.084551e+03 
4.084551e+03 
4.084551e+03 
4.084551e+03 
4.084551e+03 
4.084551e+03 
4.084551e+03 
4.084551e+03 
4.084551e+03 
4.084551e+03 
4.084551e+03 
4.084551e+03 
4.084551e+03 
4.084551e+03 
4.084551e+03 
4.084551e+03 
4.084551e+03 
4.084551e+03 
4.084551e+03 
4.084551e+03 
4.084551e+03 
4.084551e+03 
4.084551e+03 
4.084551e+03 
4.084551e+03 
4.084551e+03 
4.084551e+03 
4.084551e+03 
4.084551e+03 
4.084551e+03 
4.084551e+03 
4.084551e+03 
4.084551e+03 
4.084551e+03 
4.084551e+03 
4.084551e+03 
4.084551e+03 
4.084551e+03 
4.084551e+03 
4.084551e+03 
4.084551e+03 
4.084551e+03 
4.084551e+03 
4.084551e+03 
4.084551e+03 
4.084551e+03 
4.084551e+03 
4.084551e+03 
4.084551e+03 
4.084551e+03 
4.084551e+03 
4.084551e+03 
4.084551e+03 
4.084551e+03 
4.084551e+03 
4.084551e+03 
4.084551e+03 
4.084551e+03 
4.084551e+03 
4.084551e+03 
4.084551e+03 
4.084551e+03 
4.084551e+03 
4.084551e+03 
4.084551e+03 
4.084551e+03 
4.084551e+03 
4.084551e+03 
4.084551e+03 
4.084551e+03 
4.084551e+03 
4.084551e+03 
4.084551e+03 
4.084551e+03 
4.084551e+03 
4.084551e+03 
4.084551e+03 
4.084551e+03 
4.084551e+03 
4.084551e+03 
4.084551e+03 
4.084551e+03 
4.084551e+03 
4.084551e+03 
4.084551e+03 
4.084551e+03 
4.084551e+03 
4.084551e+03 
4.084551e+03 
4.084551e+03 
4.084551e+03 
4.084551e+03 
4.084551e+03 
4.084551e+03 
4.084551e+03 
4.084551e+03 
4.084551e+03 
4.084551e+03 
4.084551e+03 
4.084551e+03 
4.084551e+03 
4.084551e+03 
4.084551e+03 
4.084551e+03 
4.084551e+03 
4.084551e+03 
4.084551e+03 
4.084551e+03 
4.084551e+03 
4.084551e+03 
4.084551e+03 
4.084551e+03 
4.084551e+03 
4.084551e+03 
4.084551e+03 
4.084551e+03 
4.084551e+03 
4.084551e+03 
4.084551e+03 
4.084551e+03 
4.084551e+03 
4.084551e+03 
4.084551e+03 
4.084551e+03 
4.084551e+03 
4.084551e+03 
4.084551e+03 
4.084551e+03 
4.084551e+03 
4.084551e+03 
4.084551e+03 
4.084551e+03 
4.084551e+03 
4.084551e+03 
4.084551e+03 
4.084551e+03 
4.084551e+03 
4.084551e+03 
4.084551e+03 
4.084551e+03 
4.084551e+03 
4.084551e+03 
4.084551e+03 
4.084551e+03 
4.084551e+03 
4.084551e+03 
4.084551e+03 
4.084551e+03 
4.084551e+03 
4.084551e+03 
4.084551e+03 
4.084551e+03 
4.084551e+03 
4.084551e+03 
4.084551e+03 
4.084551e+03 
4.084551e+03 
4.084551e+03 
4.084551e+03 
4.084551e+03 
4.084551e+03 
4.084551e+03 
4.084551e+03 
4.084551e+03 
4.084551e+03 
4.084551e+03 
4.084551e+03 
4.084551e+03 
4.084551e+03 
4.084551e+03 
4.084551e+03 
4.084551e+03 
4.084551e+03 
4.084551e+03 
4.084551e+03 
4.084551e+03 
4.084551e+03 
4.067626e+03 
4.067626e+03 
4.067626e+03 
4.067626e+03 
4.067626e+03 
4.067626e+03 
4.067626e+03 
4.067626e+03 
4.067626e+03 
4.067626e+03 
4.067626e+03 
4.067626e+03 
4.067626e+03 
4.067626e+03 
4.067626e+03 
4.067626e+03 
4.067626e+03 
4.067626e+03 
4.067626e+03 
4.067626e+03 
4.067626e+03 
4.067626e+03 
4.067626e+03 
4.067626e+03 
4.067626e+03 
4.067626e+03 
4.067626e+03 
4.067626e+03 
4.067626e+03 
4.067626e+03 
4.067626e+03 
4.067626e+03 
4.067626e+03 
4.067626e+03 
4.067626e+03 
4.067626e+03 
4.067626e+03 
4.067626e+03 
4.067626e+03 
4.067626e+03 
4.067626e+03 
4.067626e+03 
4.067626e+03 
4.067626e+03 
4.067626e+03 
4.067626e+03 
4.067626e+03 
4.067626e+03 
4.067626e+03 
4.067626e+03 
4.067626e+03 
4.067626e+03 
4.067626e+03 
4.067626e+03 
4.067626e+03 
4.067626e+03 
4.067626e+03 
4.067626e+03 
4.067626e+03 
4.067626e+03 
4.067626e+03 
4.067626e+03 
4.067626e+03 
4.067626e+03 
4.067626e+03 
4.067626e+03 
4.067626e+03 
4.067626e+03 
4.067626e+03 
4.067626e+03 
4.067626e+03 
4.067626e+03 
4.067626e+03 
4.067626e+03 
4.067626e+03 
4.067626e+03 
4.067626e+03 
4.067626e+03 
4.067626e+03 
4.067626e+03 
4.067626e+03 
4.067626e+03 
4.067626e+03 
4.067626e+03 
4.067626e+03 
4.067626e+03 
4.067626e+03 
4.067626e+03 
4.067626e+03 
4.067626e+03 
4.067626e+03 
4.067626e+03 
4.067626e+03 
4.067626e+03 
4.067626e+03 
4.067626e+03 
4.067626e+03 
4.067626e+03 
4.067626e+03 
4.067626e+03 
4.067626e+03 
4.067626e+03 
4.067626e+03 
4.067626e+03 
4.067626e+03 
4.067626e+03 
4.067626e+03 
4.067626e+03 
4.067626e+03 
4.067626e+03 
4.067626e+03 
4.067626e+03 
4.067626e+03 
4.067626e+03 
4.067626e+03 
4.067626e+03 
4.067626e+03 
4.067626e+03 
4.067626e+03 
4.067626e+03 
4.067626e+03 
4.067626e+03 
4.067626e+03 
4.067626e+03 
4.067626e+03 
4.067626e+03 
4.067626e+03 
4.067626e+03 
4.067626e+03 
4.067626e+03 
4.067626e+03 
4.067626e+03 
4.067626e+03 
4.067626e+03 
4.067626e+03 
4.067626e+03 
4.067626e+03 
4.067626e+03 
4.067626e+03 
4.067626e+03 
4.067626e+03 
4.067626e+03 
4.067626e+03 
4.067626e+03 
4.067626e+03 
4.067626e+03 
4.067626e+03 
4.067626e+03 
4.067626e+03 
4.067626e+03 
4.067626e+03 
4.067626e+03 
4.067626e+03 
4.067626e+03 
4.067626e+03 
4.067626e+03 
4.067626e+03 
4.067626e+03 
4.067626e+03 
4.067626e+03 
4.067626e+03 
4.067626e+03 
4.067626e+03 
4.067626e+03 
4.067626e+03 
4.067626e+03 
4.067626e+03 
4.067626e+03 
4.067626e+03 
4.067626e+03 
4.067626e+03 
4.067626e+03 
4.067626e+03 
4.067626e+03 
4.067626e+03 
4.067626e+03 
4.067626e+03 
4.067626e+03 
4.067626e+03 
4.067626e+03 
4.067626e+03 
4.067626e+03 
4.067626e+03 
4.067626e+03 
4.067626e+03 
4.067626e+03 
4.067626e+03 
4.067626e+03 
4.067626e+03 
4.067626e+03 
4.067626e+03 
4.067626e+03 
4.067626e+03 
4.067626e+03 
4.067626e+03 
4.067626e+03 
4.067626e+03 
4.067626e+03 
4.067626e+03 
4.067626e+03 
4.067626e+03 
4.067626e+03 
4.067626e+03 
4.067626e+03 
4.067626e+03 
4.067626e+03 
4.067626e+03 
4.067626e+03 
4.067626e+03 
4.067626e+03 
4.067626e+03 
4.067626e+03 
4.067626e+03 
4.067626e+03 
4.067626e+03 
4.067626e+03 
4.067626e+03 
4.067626e+03 
4.067626e+03 
4.067626e+03 
4.067626e+03 
4.067626e+03 
4.067626e+03 
4.067626e+03 
4.067626e+03 
4.067626e+03 
4.067626e+03 
4.067626e+03 
4.067626e+03 
4.067626e+03 
4.067626e+03 
4.067626e+03 
4.067626e+03 
4.067626e+03 
4.067626e+03 
4.067626e+03 
4.067626e+03 
4.067626e+03 
4.067626e+03 
4.067626e+03 
4.067626e+03 
4.067626e+03 
4.067626e+03 
4.067626e+03 
4.067626e+03 
4.067626e+03 
4.067626e+03 
4.067626e+03 
4.067626e+03 
4.067626e+03 
4.067626e+03 
4.067626e+03 
4.067626e+03 
4.067626e+03 
4.067626e+03 
4.067626e+03 
4.067626e+03 
4.067626e+03 
4.067626e+03 
4.067626e+03 
4.067626e+03 
4.067626e+03 
4.067626e+03 
4.067626e+03 
4.067626e+03 
4.067626e+03 
4.067626e+03 
4.067626e+03 
4.067626e+03 
4.067626e+03 
4.067626e+03 
4.067626e+03 
4.067626e+03 
4.067626e+03 
4.067626e+03 
4.067626e+03 
4.067626e+03 
4.067626e+03 
4.067626e+03 
4.067626e+03 
4.067626e+03 
4.067626e+03 
4.067626e+03 
4.067626e+03 
4.067626e+03 
4.067626e+03 
4.067626e+03 
4.067626e+03 
4.067626e+03 
4.067626e+03 
4.067626e+03 
4.067626e+03 
4.067626e+03 
4.067626e+03 
4.067626e+03 
4.067626e+03 
4.067626e+03 
4.067626e+03 
4.067626e+03 
4.067626e+03 
4.067626e+03 
4.067626e+03 
4.067626e+03 
4.067626e+03 
4.067626e+03 
4.067626e+03 
4.067626e+03 
4.067626e+03 
4.067626e+03 
4.067626e+03 
4.067626e+03 
4.067626e+03 
4.067626e+03 
4.067626e+03 
4.067626e+03 
4.067626e+03 
4.067626e+03 
4.067626e+03 
4.067626e+03 
4.067626e+03 
4.067626e+03 
4.067626e+03 
4.067626e+03 
4.067626e+03 
4.067626e+03 
4.067626e+03 
4.067626e+03 
4.067626e+03 
4.067626e+03 
4.067626e+03 
4.067626e+03 
4.067626e+03 
4.067626e+03 
4.067626e+03 
4.067626e+03 
4.067626e+03 
4.067626e+03 
4.067626e+03 
4.067626e+03 
4.067626e+03 
4.067626e+03 
4.067626e+03 
4.067626e+03 
4.067626e+03 
4.067626e+03 
4.067626e+03 
4.067626e+03 
4.067626e+03 
4.067626e+03 
4.067626e+03 
4.067626e+03 
4.067626e+03 
4.067626e+03 
4.067626e+03 
4.067626e+03 
4.067626e+03 
4.067626e+03 
4.067626e+03 
4.067626e+03 
4.067626e+03 
4.067626e+03 
4.067626e+03 
4.067626e+03 
4.067626e+03 
4.067626e+03 
4.067626e+03 
4.067626e+03 
4.067626e+03 
4.067626e+03 
4.067626e+03 
4.067626e+03 
4.067626e+03 
4.067626e+03 
4.067626e+03 
4.067626e+03 
4.067626e+03 
4.067626e+03 
4.067626e+03 
4.067626e+03 
4.067626e+03 
4.067626e+03 
4.067626e+03 
4.067626e+03 
4.067626e+03 
4.067626e+03 
4.067626e+03 
4.067626e+03 
4.067626e+03 
4.067626e+03 
4.067626e+03 
4.067626e+03 
4.067626e+03 
4.067626e+03 
4.067626e+03 
4.067626e+03 
4.067626e+03 
4.067626e+03 
4.067626e+03 
4.067626e+03 
4.067626e+03 
4.067626e+03 
4.067626e+03 
4.067626e+03 
4.067626e+03 
4.067626e+03 
4.067626e+03 
4.067626e+03 
4.067626e+03 
4.067626e+03 
4.067626e+03 
4.067626e+03 
4.067626e+03 
4.067626e+03 
4.067626e+03 
4.067626e+03 
4.067626e+03 
4.067626e+03 
4.067626e+03 
4.067626e+03 
4.067626e+03 
4.067626e+03 
4.067626e+03 
4.067626e+03 
4.067626e+03 
4.067626e+03 
4.067626e+03 
4.067626e+03 
4.067626e+03 
4.067626e+03 
4.067626e+03 
4.067626e+03 
4.067626e+03 
4.067626e+03 
4.067626e+03 
4.067626e+03 
4.067626e+03 
4.067626e+03 
4.067626e+03 
4.067626e+03 
4.067626e+03 
4.067626e+03 
4.067626e+03 
4.067626e+03 
4.067626e+03 
4.067626e+03 
4.067626e+03 
4.067626e+03 
4.067626e+03 
4.067626e+03 
4.067626e+03 
4.067626e+03 
4.067626e+03 
4.067626e+03 
4.067626e+03 
4.067626e+03 
4.067626e+03 
4.067626e+03 
4.067626e+03 
4.062530e+03 
4.062530e+03 
4.062530e+03 
4.062530e+03 
4.062530e+03 
4.062530e+03 
4.062530e+03 
4.062530e+03 
4.062530e+03 
4.062530e+03 
4.062530e+03 
4.062530e+03 
4.062530e+03 
4.062530e+03 
4.062530e+03 
4.062530e+03 
4.062530e+03 
4.062530e+03 
4.062530e+03 
4.062530e+03 
4.062530e+03 
4.062530e+03 
4.062530e+03 
4.062530e+03 
4.062530e+03 
4.062530e+03 
4.062530e+03 
4.062530e+03 
4.062530e+03 
4.062530e+03 
4.062530e+03 
4.062530e+03 
4.062530e+03 
4.062530e+03 
4.062530e+03 
4.062530e+03 
4.062530e+03 
4.062530e+03 
4.062530e+03 
4.062530e+03 
4.062530e+03 
4.062530e+03 
4.062530e+03 
4.062530e+03 
4.062530e+03 
4.062530e+03 
4.062530e+03 
4.062530e+03 
4.062530e+03 
4.062530e+03 
4.062530e+03 
4.062530e+03 
4.062530e+03 
4.062530e+03 
4.062530e+03 
4.062530e+03 
4.062530e+03 
4.062530e+03 
4.062530e+03 
4.062530e+03 
4.062530e+03 
4.062530e+03 
4.062530e+03 
4.062530e+03 
4.062530e+03 
4.062530e+03 
4.062530e+03 
4.062530e+03 
4.062530e+03 
4.062530e+03 
4.062530e+03 
4.062530e+03 
4.062530e+03 
4.062530e+03 
4.062530e+03 
4.062530e+03 
4.062530e+03 
4.042528e+03 
4.042528e+03 
4.042528e+03 
4.042528e+03 
4.042528e+03 
4.042528e+03 
4.042528e+03 
4.042528e+03 
4.042528e+03 
4.042528e+03 
4.042528e+03 
4.042528e+03 
4.042528e+03 
4.042528e+03 
4.042528e+03 
4.042528e+03 
4.042528e+03 
4.042528e+03 
4.042528e+03 
4.042528e+03 
4.042528e+03 
4.042528e+03 
4.042528e+03 
4.042528e+03 
4.042528e+03 
4.042528e+03 
4.042528e+03 
4.042528e+03 
4.042528e+03 
4.042528e+03 
4.042528e+03 
4.042528e+03 
4.042528e+03 
4.042528e+03 
4.042528e+03 
4.042528e+03 
4.042528e+03 
4.042528e+03 
4.042528e+03 
4.042528e+03 
4.042528e+03 
4.042528e+03 
4.042528e+03 
4.042528e+03 
4.042528e+03 
4.042528e+03 
4.042528e+03 
4.042528e+03 
4.042528e+03 
4.042528e+03 
4.042528e+03 
4.042528e+03 
4.042528e+03 
4.042528e+03 
4.042528e+03 
4.042528e+03 
4.042528e+03 
4.042528e+03 
4.042528e+03 
4.042528e+03 
4.042528e+03 
4.042528e+03 
4.042528e+03 
4.042528e+03 
4.042528e+03 
4.042528e+03 
4.042528e+03 
4.042528e+03 
4.042528e+03 
4.042528e+03 
4.042528e+03 
4.042528e+03 
4.042528e+03 
4.042528e+03 
4.042528e+03 
4.042528e+03 
4.042528e+03 
4.042528e+03 
4.042528e+03 
4.042528e+03 
4.042528e+03 
4.042528e+03 
4.042528e+03 
4.042528e+03 
4.042528e+03 
4.042528e+03 
4.042528e+03 
4.042528e+03 
4.042528e+03 
4.042528e+03 
4.042528e+03 
4.042528e+03 
4.042528e+03 
4.042528e+03 
4.042528e+03 
4.042528e+03 
4.042528e+03 
4.042528e+03 
4.042528e+03 
4.042528e+03 
4.042528e+03 
4.042528e+03 
4.042528e+03 
4.042528e+03 
4.042528e+03 
4.042528e+03 
4.042528e+03 
4.042528e+03 
4.042528e+03 
4.042528e+03 
4.042528e+03 
4.042528e+03 
4.042528e+03 
4.042528e+03 
4.042528e+03 
4.042528e+03 
4.042528e+03 
4.042528e+03 
4.042528e+03 
4.042528e+03 
4.042528e+03 
4.042528e+03 
4.042528e+03 
4.042528e+03 
4.042528e+03 
4.042528e+03 
4.042528e+03 
4.042528e+03 
4.042528e+03 
4.042528e+03 
4.042528e+03 
4.042528e+03 
4.042528e+03 
4.042528e+03 
4.042528e+03 
4.042528e+03 
4.042528e+03 
4.042528e+03 
4.042528e+03 
4.042528e+03 
4.042528e+03 
4.042528e+03 
4.042528e+03 
4.042528e+03 
4.042528e+03 
4.042528e+03 
4.042528e+03 
4.042528e+03 
4.042528e+03 
4.042528e+03 
4.042528e+03 
4.042528e+03 
4.042528e+03 
4.042528e+03 
4.042528e+03 
4.042528e+03 
4.042528e+03 
4.042528e+03 
4.042528e+03 
4.042528e+03 
4.042528e+03 
4.042528e+03 
4.042528e+03 
4.042528e+03 
4.042528e+03 
4.042528e+03 
4.042528e+03 
4.042528e+03 
4.042528e+03 
4.042528e+03 
4.042528e+03 
4.042528e+03 
4.042528e+03 
4.042528e+03 
4.042528e+03 
4.042528e+03 
4.042528e+03 
4.042528e+03 
4.042528e+03 
4.042528e+03 
4.042528e+03 
4.042528e+03 
4.042528e+03 
4.042528e+03 
4.042528e+03 
4.042528e+03 
4.042528e+03 
4.042528e+03 
4.042528e+03 
4.042528e+03 
4.042528e+03 
4.042528e+03 
4.042528e+03 
4.042528e+03 
4.042528e+03 
4.042528e+03 
4.042528e+03 
4.042528e+03 
4.042528e+03 
4.042528e+03 
4.042528e+03 
4.042528e+03 
4.042528e+03 
4.042528e+03 
4.042528e+03 
4.042528e+03 
4.042528e+03 
4.042528e+03 
4.042528e+03 
4.042528e+03 
4.042528e+03 
4.042528e+03 
4.042528e+03 
4.042528e+03 
4.042528e+03 
4.042528e+03 
4.042528e+03 
4.042528e+03 
4.042528e+03 
4.042528e+03 
4.042528e+03 
4.042528e+03 
4.042528e+03 
4.042528e+03 
4.042528e+03 
4.042528e+03 
4.042528e+03 
4.042528e+03 
4.042528e+03 
4.042528e+03 
4.042528e+03 
4.042528e+03 
4.042528e+03 
4.042528e+03 
4.042528e+03 
4.042528e+03 
4.042528e+03 
4.042528e+03 
4.042528e+03 
4.042528e+03 
4.042528e+03 
4.042528e+03 
4.042528e+03 
4.042528e+03 
4.042528e+03 
4.042528e+03 
4.042528e+03 
4.042528e+03 
4.042528e+03 
4.042528e+03 
4.042528e+03 
4.042528e+03 
4.042528e+03 
4.042528e+03 
4.042528e+03 
4.042528e+03 
4.042528e+03 
4.042528e+03 
4.042528e+03 
4.042528e+03 
4.042528e+03 
4.042528e+03 
4.042528e+03 
4.042528e+03 
4.042528e+03 
4.042528e+03 
4.042528e+03 
4.042528e+03 
4.042528e+03 
4.042528e+03 
4.042528e+03 
4.042528e+03 
4.042528e+03 
4.042528e+03 
4.042528e+03 
4.042528e+03 
4.042528e+03 
4.042528e+03 
4.042528e+03 
4.042528e+03 
4.042528e+03 
4.042528e+03 
4.042528e+03 
4.042528e+03 
4.042528e+03 
4.042528e+03 
4.042528e+03 
4.042528e+03 
4.042528e+03 
4.042528e+03 
4.042528e+03 
4.042528e+03 
4.042528e+03 
4.042528e+03 
4.042528e+03 
4.042528e+03 
4.042528e+03 
4.042528e+03 
4.042528e+03 
4.042528e+03 
4.042528e+03 
4.042528e+03 
4.042528e+03 
4.042528e+03 
4.042528e+03 
4.042528e+03 
4.042528e+03 
4.042528e+03 
4.042528e+03 
4.042528e+03 
4.042528e+03 
4.042528e+03 
4.042528e+03 
4.042528e+03 
4.042528e+03 
4.042528e+03 
4.042528e+03 
4.042528e+03 
4.042528e+03 
4.042528e+03 
4.042528e+03 
4.042528e+03 
4.042528e+03 
4.042528e+03 
4.042528e+03 
4.042528e+03 
4.042528e+03 
4.042528e+03 
4.042528e+03 
4.042528e+03 
4.042528e+03 
4.042528e+03 
4.042528e+03 
4.042528e+03 
4.042528e+03 
4.042528e+03 
4.042528e+03 
4.042528e+03 
4.042528e+03 
4.042528e+03 
4.042528e+03 
4.042528e+03 
4.042528e+03 
4.042528e+03 
4.042528e+03 
4.042528e+03 
4.042528e+03 
4.042528e+03 
4.042528e+03 
4.042528e+03 
4.042528e+03 
4.042528e+03 
4.042528e+03 
4.042528e+03 
4.042528e+03 
4.042528e+03 
4.042528e+03 
4.042528e+03 
4.042528e+03 
4.042528e+03 
4.042528e+03 
4.042528e+03 
4.042528e+03 
4.042528e+03 
4.042528e+03 
4.042528e+03 
4.042528e+03 
4.042528e+03 
4.042528e+03 
4.042528e+03 
4.042528e+03 
4.042528e+03 
4.042528e+03 
4.042528e+03 
4.042528e+03 
4.042528e+03 
4.042528e+03 
4.042528e+03 
4.042528e+03 
4.042528e+03 
4.042528e+03 
4.042528e+03 
4.042528e+03 
4.042528e+03 
4.042528e+03 
4.042528e+03 
4.042528e+03 
4.042528e+03 
4.042528e+03 
4.042528e+03 
4.042528e+03 
4.042528e+03 
4.042528e+03 
4.042528e+03 
4.042528e+03 
4.042528e+03 
4.042528e+03 
4.042528e+03 
4.042528e+03 
4.042528e+03 
4.042528e+03 
4.042528e+03 
4.042528e+03 
4.042528e+03 
4.042528e+03 
4.042528e+03 
4.042528e+03 
4.042528e+03 
4.042528e+03 
4.042528e+03 
4.042528e+03 
4.042528e+03 
4.042528e+03 
4.042528e+03 
4.042528e+03 
4.042528e+03 
4.042528e+03 
4.042528e+03 
4.042528e+03 
4.042528e+03 
4.042528e+03 
4.042528e+03 
4.042528e+03 
4.042528e+03 
4.042528e+03 
4.042528e+03 
4.042528e+03 
4.042528e+03 
4.042528e+03 
4.042528e+03 
4.042528e+03 
4.042528e+03 
4.042528e+03 
4.042528e+03 
4.042528e+03 
4.042528e+03 
4.042528e+03 
4.042528e+03 
4.042528e+03 
4.042528e+03 
4.042528e+03 
4.042528e+03 
4.042528e+03 
4.042528e+03 
4.042528e+03 
4.042528e+03 
4.042528e+03 
4.042528e+03 
4.042528e+03 
4.042528e+03 
4.042528e+03 
4.042528e+03 
4.042528e+03 
4.042528e+03 
4.042528e+03 
4.042528e+03 
4.042528e+03 
4.042528e+03 
4.042528e+03 
4.042528e+03 
4.042528e+03 
4.042528e+03 
4.042528e+03 
4.042528e+03 
4.042528e+03 
4.042528e+03 
4.042528e+03 
4.042528e+03 
4.042528e+03 
4.042528e+03 
4.042528e+03 
4.042528e+03 
4.042528e+03 
4.042528e+03 
4.042528e+03 
4.042528e+03 
4.042528e+03 
4.042528e+03 
4.042528e+03 
4.042528e+03 
4.042528e+03 
4.042528e+03 
4.042528e+03 
4.042528e+03 
4.042528e+03 
4.042528e+03 
4.042528e+03 
4.042528e+03 
4.042528e+03 
4.042528e+03 
4.042528e+03 
4.042528e+03 
4.042528e+03 
4.042528e+03 
4.042528e+03 
4.042528e+03 
4.042528e+03 
4.042528e+03 
4.042528e+03 
4.042528e+03 
4.042528e+03 
4.042528e+03 
4.042528e+03 
4.042528e+03 
4.042528e+03 
4.042528e+03 
4.042528e+03 
4.042528e+03 
4.042528e+03 
4.042528e+03 
4.042528e+03 
4.042528e+03 
4.042528e+03 
4.042528e+03 
4.042528e+03 
4.042528e+03 
4.042528e+03 
4.042528e+03 
4.042528e+03 
4.042528e+03 
4.042528e+03 
4.042528e+03 
4.042528e+03 
4.042528e+03 
4.042528e+03 
4.042528e+03 
4.042528e+03 
4.042528e+03 
4.042528e+03 
4.042528e+03 
4.042528e+03 
4.042528e+03 
4.042528e+03 
4.042528e+03 
4.042528e+03 
4.042528e+03 
4.042528e+03 
4.042528e+03 
4.042528e+03 
4.042528e+03 
4.042528e+03 
4.042528e+03 
4.042528e+03 
4.042528e+03 
4.042528e+03 
4.042528e+03 
4.042528e+03 
4.042528e+03 
4.042528e+03 
4.042528e+03 
4.042528e+03 
4.042528e+03 
4.042528e+03 
4.042528e+03 
4.042528e+03 
4.042528e+03 
4.042528e+03 
4.042528e+03 
4.042528e+03 
4.042528e+03 
4.042528e+03 
4.042528e+03 
4.042528e+03 
4.042528e+03 
4.042528e+03 
4.042528e+03 
4.042528e+03 
4.042528e+03 
4.042528e+03 
4.042528e+03 
4.042528e+03 
4.042528e+03 
4.042528e+03 
4.042528e+03 
4.042528e+03 
4.042528e+03 
4.042528e+03 
4.042528e+03 
4.042528e+03 
4.042528e+03 
4.042528e+03 
4.042528e+03 
4.042528e+03 
4.042528e+03 
4.042528e+03 
4.042528e+03 
4.042528e+03 
4.042528e+03 
4.035650e+03 
4.035650e+03 
4.035650e+03 
4.035650e+03 
4.035650e+03 
4.035650e+03 
4.035650e+03 
4.035650e+03 
4.035650e+03 
4.035650e+03 
4.035650e+03 
4.035650e+03 
4.035650e+03 
4.035650e+03 
4.035650e+03 
4.035650e+03 
4.035650e+03 
4.035650e+03 
4.035650e+03 
4.035650e+03 
4.035650e+03 
4.035650e+03 
4.035650e+03 
4.035650e+03 
4.035650e+03 
4.035650e+03 
4.035650e+03 
4.035650e+03 
4.035650e+03 
4.035650e+03 
4.035650e+03 
4.035650e+03 
4.035650e+03 
4.035650e+03 
4.035650e+03 
4.035650e+03 
4.035650e+03 
4.035650e+03 
4.035650e+03 
4.035650e+03 
4.035650e+03 
4.035650e+03 
4.035650e+03 
4.035650e+03 
4.035650e+03 
4.035650e+03 
4.035650e+03 
4.035650e+03 
4.035650e+03 
4.035650e+03 
4.035650e+03 
4.035650e+03 
4.035650e+03 
4.035650e+03 
4.035650e+03 
4.035650e+03 
4.035650e+03 
4.035650e+03 
4.035650e+03 
4.035650e+03 
4.035650e+03 
4.035650e+03 
4.035650e+03 
4.035650e+03 
4.035650e+03 
4.035650e+03 
4.035650e+03 
4.035650e+03 
4.035650e+03 
4.035650e+03 
4.035650e+03 
4.035650e+03 
4.035650e+03 
4.035650e+03 
4.035650e+03 
4.035650e+03 
4.035650e+03 
4.035650e+03 
4.035650e+03 
4.035650e+03 
4.035650e+03 
4.035650e+03 
4.035650e+03 
4.035650e+03 
4.035650e+03 
4.035650e+03 
4.035650e+03 
4.035650e+03 
4.035650e+03 
4.035650e+03 
4.035650e+03 
4.035650e+03 
4.035650e+03 
4.035650e+03 
4.035650e+03 
4.035650e+03 
4.035650e+03 
4.035650e+03 
4.035650e+03 
4.035650e+03 
4.035650e+03 
4.035650e+03 
4.035650e+03 
4.035650e+03 
4.035650e+03 
4.035650e+03 
4.035650e+03 
4.035650e+03 
4.035650e+03 
4.035650e+03 
4.035650e+03 
4.035650e+03 
4.035650e+03 
4.035650e+03 
4.035650e+03 
4.035650e+03 
4.035650e+03 
4.035650e+03 
4.035650e+03 
4.035650e+03 
4.035650e+03 
4.035650e+03 
4.035650e+03 
4.035650e+03 
4.035650e+03 
4.035650e+03 
4.035650e+03 
4.035650e+03 
4.035650e+03 
4.035650e+03 
4.035650e+03 
4.035650e+03 
4.035650e+03 
4.035650e+03 
4.035650e+03 
4.035650e+03 
4.035650e+03 
4.035650e+03 
4.035650e+03 
4.035650e+03 
4.035650e+03 
4.035650e+03 
4.035650e+03 
4.035650e+03 
4.035650e+03 
4.035650e+03 
4.035650e+03 
4.035650e+03 
4.035650e+03 
4.035650e+03 
4.035650e+03 
4.035650e+03 
4.035650e+03 
4.035650e+03 
4.035650e+03 
4.035650e+03 
4.035650e+03 
4.035650e+03 
4.035650e+03 
4.035650e+03 
4.035650e+03 
4.035650e+03 
4.035650e+03 
4.035650e+03 
4.035650e+03 
4.035650e+03 
4.035650e+03 
4.035650e+03 
4.035650e+03 
4.035650e+03 
4.035650e+03 
4.035650e+03 
4.035650e+03 
4.035650e+03 
4.035650e+03 
4.035650e+03 
4.035650e+03 
4.035650e+03 
4.035650e+03 
4.035650e+03 
4.035650e+03 
4.035650e+03 
4.035650e+03 
4.035650e+03 
4.035650e+03 
4.035650e+03 
4.035650e+03 
4.035650e+03 
4.035650e+03 
4.035650e+03 
4.035650e+03 
4.035650e+03 
4.035650e+03 
4.035650e+03 
4.035650e+03 
4.035650e+03 
4.035650e+03 
4.035650e+03 
4.035650e+03 
4.035650e+03 
4.035650e+03 
4.035650e+03 
4.035650e+03 
4.035650e+03 
4.035650e+03 
4.035650e+03 
4.035650e+03 
4.035650e+03 
4.035650e+03 
4.035650e+03 
4.035650e+03 
4.035650e+03 
4.035650e+03 
4.035650e+03 
4.035650e+03 
4.035650e+03 
4.035650e+03 
4.035650e+03 
4.035650e+03 
4.035650e+03 
4.035650e+03 
4.035650e+03 
4.035650e+03 
4.035650e+03 
4.035650e+03 
4.035650e+03 
4.035650e+03 
4.035650e+03 
4.035650e+03 
4.035650e+03 
4.035650e+03 
4.035650e+03 
4.035650e+03 
4.035650e+03 
4.035650e+03 
4.035650e+03 
4.035650e+03 
4.035650e+03 
4.035650e+03 
4.035650e+03 
4.035650e+03 
4.035650e+03 
4.035650e+03 
4.035650e+03 
4.035650e+03 
4.035650e+03 
4.035650e+03 
4.035650e+03 
4.035650e+03 
4.035650e+03 
4.035650e+03 
4.035650e+03 
4.035650e+03 
4.035650e+03 
4.035650e+03 
4.035650e+03 
4.035650e+03 
4.035650e+03 
4.035650e+03 
4.035650e+03 
4.035650e+03 
4.035650e+03 
4.035650e+03 
4.035650e+03 
4.035650e+03 
4.035650e+03 
4.035650e+03 
4.035650e+03 
4.035650e+03 
4.035650e+03 
4.035650e+03 
4.035650e+03 
4.035650e+03 
4.035650e+03 
4.035650e+03 
4.035650e+03 
4.035650e+03 
4.035650e+03 
4.035650e+03 
4.035650e+03 
4.035650e+03 
4.035650e+03 
4.035650e+03 
4.035650e+03 
4.035650e+03 
4.035650e+03 
4.035650e+03 
4.035650e+03 
4.035650e+03 
4.035650e+03 
4.035650e+03 
4.035650e+03 
4.035650e+03 
4.035650e+03 
4.035650e+03 
4.035650e+03 
4.035650e+03 
4.035650e+03 
4.035650e+03 
4.035650e+03 
4.035650e+03 
4.035650e+03 
4.035650e+03 
4.035650e+03 
4.035650e+03 
4.035650e+03 
4.035650e+03 
4.035650e+03 
4.035650e+03 
4.035650e+03 
4.035650e+03 
4.035650e+03 
4.035650e+03 
4.035650e+03 
4.035650e+03 
4.035650e+03 
4.035650e+03 
4.035650e+03 
4.035650e+03 
4.035650e+03 
4.035650e+03 
4.035650e+03 
4.035650e+03 
4.035650e+03 
4.035650e+03 
4.035650e+03 
4.035650e+03 
4.035650e+03 
4.035650e+03 
4.035650e+03 
4.035650e+03 
4.035650e+03 
4.035650e+03 
4.035650e+03 
4.035650e+03 
4.035650e+03 
4.035650e+03 
4.035650e+03 
4.035650e+03 
4.035650e+03 
4.035650e+03 
4.035650e+03 
4.035650e+03 
4.035650e+03 
4.035650e+03 
4.035650e+03 
4.035650e+03 
4.035650e+03 
4.035650e+03 
4.035650e+03 
4.035650e+03 
4.035650e+03 
4.035650e+03 
4.035650e+03 
4.035650e+03 
4.035650e+03 
4.035650e+03 
4.035650e+03 
4.035650e+03 
4.035650e+03 
4.035650e+03 
4.035650e+03 
4.035650e+03 
4.035650e+03 
4.035650e+03 
4.035650e+03 
4.035650e+03 
4.035650e+03 
4.035650e+03 
4.035650e+03 
4.035650e+03 
4.035650e+03 
4.035650e+03 
4.035650e+03 
4.035650e+03 
4.035650e+03 
4.035650e+03 
4.035650e+03 
4.035650e+03 
4.035650e+03 
4.035650e+03 
4.035650e+03 
4.035650e+03 
4.035650e+03 
4.035650e+03 
4.035650e+03 
4.035650e+03 
4.035650e+03 
4.035650e+03 
4.035650e+03 
4.035650e+03 
4.035650e+03 
4.035650e+03 
4.035650e+03 
4.035650e+03 
4.035650e+03 
4.035650e+03 
4.035650e+03 
4.035650e+03 
4.035650e+03 
4.035650e+03 
4.035650e+03 
4.035650e+03 
4.035650e+03 
4.035650e+03 
4.035650e+03 
4.035650e+03 
4.035650e+03 
4.035650e+03 
4.035650e+03 
4.035650e+03 
4.035650e+03 
4.035650e+03 
4.035650e+03 
4.035650e+03 
4.035650e+03 
4.035650e+03 
4.035650e+03 
4.035650e+03 
4.035650e+03 
4.035650e+03 
4.035650e+03 
4.035650e+03 
4.035650e+03 
4.035650e+03 
4.035650e+03 
4.035650e+03 
4.035650e+03 
4.035650e+03 
4.035650e+03 
4.035650e+03 
4.035650e+03 
4.035650e+03 
4.035650e+03 
4.035650e+03 
4.035650e+03 
4.035650e+03 
4.035650e+03 
4.035650e+03 
4.035650e+03 
4.035650e+03 
4.035650e+03 
4.035650e+03 
4.035650e+03 
4.035650e+03 
4.035650e+03 
4.035650e+03 
4.035650e+03 
4.035650e+03 
4.035650e+03 
4.035650e+03 
4.035650e+03 
4.035650e+03 
4.035650e+03 
4.035650e+03 
4.035650e+03 
4.035650e+03 
4.035650e+03 
4.035650e+03 
4.035650e+03 
4.035650e+03 
4.035650e+03 
4.035650e+03 
4.035650e+03 
4.035650e+03 
4.035650e+03 
4.035650e+03 
4.035650e+03 
4.035650e+03 
4.035650e+03 
4.035650e+03 
4.035650e+03 
4.035650e+03 
4.035650e+03 
4.035650e+03 
4.035650e+03 
4.035650e+03 
4.035650e+03 
4.035650e+03 
4.035650e+03 
4.035650e+03 
4.035650e+03 
4.035650e+03 
4.035650e+03 
4.035650e+03 
4.035650e+03 
4.035650e+03 
4.035650e+03 
4.035650e+03 
4.035650e+03 
4.035650e+03 
4.035650e+03 
4.035650e+03 
4.035650e+03 
4.035650e+03 
4.035650e+03 
4.035650e+03 
4.035650e+03 
4.035650e+03 
4.035650e+03 
4.035650e+03 
4.035650e+03 
4.035650e+03 
4.035650e+03 
4.035650e+03 
4.035650e+03 
4.035650e+03 
4.035650e+03 
4.035650e+03 
4.035650e+03 
4.035650e+03 
4.035650e+03 
4.035650e+03 
4.035650e+03 
4.035650e+03 
4.035650e+03 
4.035650e+03 
4.035650e+03 
4.035650e+03 
4.035650e+03 
4.035650e+03 
4.035650e+03 
4.035650e+03 
4.035650e+03 
4.035650e+03 
4.035650e+03 
4.035650e+03 
4.035650e+03 
4.035650e+03 
4.035650e+03 
4.035650e+03 
4.035650e+03 
4.035650e+03 
4.035650e+03 
4.035650e+03 
4.035650e+03 
4.035650e+03 
4.035650e+03 
4.035650e+03 
4.035650e+03 
4.035650e+03 
4.035650e+03 
4.035650e+03 
4.035650e+03 
4.035650e+03 
4.035650e+03 
4.035650e+03 
4.035650e+03 
4.035650e+03 
4.035650e+03 
4.035650e+03 
4.035650e+03 
4.035650e+03 
4.035650e+03 
4.035650e+03 
4.035650e+03 
4.035650e+03 
4.035650e+03 
4.035650e+03 
4.035650e+03 
4.035650e+03 
4.035650e+03 
4.035650e+03 
4.035650e+03 
4.035650e+03 
4.035650e+03 
4.035650e+03 
4.035650e+03 
4.035650e+03 
4.035650e+03 
4.035650e+03 
4.035650e+03 
4.035650e+03 
4.035650e+03 
4.035650e+03 
4.035650e+03 
4.035650e+03 
4.035650e+03 
4.035650e+03 
4.035650e+03 
4.035650e+03 
4.035650e+03 
4.035650e+03 
4.035650e+03 
4.035650e+03 
4.035650e+03 
4.035650e+03 
4.035650e+03 
4.035650e+03 
4.035650e+03 
4.035650e+03 
4.035650e+03 
4.035650e+03 
4.035650e+03 
4.035650e+03 
4.035650e+03 
4.035650e+03 
4.035650e+03 
4.035650e+03 
4.035650e+03 
4.035650e+03 
4.035650e+03 
4.035650e+03 
4.035650e+03 
4.035650e+03 
4.035650e+03 
4.035650e+03 
4.035650e+03 
4.035650e+03 
4.035650e+03 
4.035650e+03 
4.035650e+03 
4.035650e+03 
4.035650e+03 
4.035650e+03 
4.035650e+03 
4.035650e+03 
4.035650e+03 
4.035650e+03 
4.035650e+03 
4.035650e+03 
4.035650e+03 
4.035650e+03 
4.035650e+03 
4.035650e+03 
4.035650e+03 
4.035650e+03 
4.035650e+03 
4.035650e+03 
4.035650e+03 
4.035650e+03 
4.035650e+03 
4.035650e+03 
4.035650e+03 
4.035650e+03 
4.035650e+03 
4.035650e+03 
4.035650e+03 
4.035650e+03 
4.035650e+03 
4.035650e+03 
4.035650e+03 
4.035650e+03 
4.035650e+03 
4.035650e+03 
4.035650e+03 
4.035650e+03 
4.035650e+03 
4.035650e+03 
4.035650e+03 
4.035650e+03 
4.035650e+03 
4.035650e+03 
4.035650e+03 
4.035650e+03 
4.035650e+03 
4.035650e+03 
4.035650e+03 
4.035650e+03 
4.035650e+03 
4.035650e+03 
4.035650e+03 
4.035650e+03 
4.035650e+03 
4.035650e+03 
4.035650e+03 
4.035650e+03 
4.035650e+03 
4.035650e+03 
4.035650e+03 
4.035650e+03 
4.035650e+03 
4.035650e+03 
4.035650e+03 
4.035650e+03 
4.035650e+03 
4.035650e+03 
4.035650e+03 
4.035650e+03 
4.035650e+03 
4.035650e+03 
4.035650e+03 
4.035650e+03 
4.035650e+03 
4.035650e+03 
4.035650e+03 
4.035650e+03 
4.035650e+03 
4.035650e+03 
4.035650e+03 
4.035650e+03 
4.035650e+03 
4.035650e+03 
4.035650e+03 
4.035650e+03 
4.035650e+03 
4.035650e+03 
4.035650e+03 
4.035650e+03 
4.035650e+03 
4.035650e+03 
4.035650e+03 
4.035650e+03 
4.035650e+03 
4.035650e+03 
4.035650e+03 
4.035650e+03 
4.035650e+03 
4.035650e+03 
4.035650e+03 
4.035650e+03 
4.035650e+03 
4.035650e+03 
4.035650e+03 
4.035650e+03 
4.035650e+03 
4.035650e+03 
4.035650e+03 
4.035650e+03 
4.035650e+03 
4.035650e+03 
4.035650e+03 
4.035650e+03 
4.035650e+03 
4.035650e+03 
4.035650e+03 
4.035650e+03 
4.035650e+03 
4.035650e+03 
4.035650e+03 
4.035650e+03 
4.035650e+03 
4.035650e+03 
4.035650e+03 
4.035650e+03 
4.035650e+03 
4.035650e+03 
4.035650e+03 
4.035650e+03 
4.035650e+03 
4.035650e+03 
4.035650e+03 
4.035650e+03 
4.035650e+03 
4.035650e+03 
4.035650e+03 
4.035650e+03 
4.035650e+03 
4.035650e+03 
4.035650e+03 
4.035650e+03 
4.035650e+03 
4.035650e+03 
4.035650e+03 
4.035650e+03 
4.035650e+03 
4.035650e+03 
4.035650e+03 
4.035650e+03 
4.035650e+03 
4.035650e+03 
4.035650e+03 
4.035650e+03 
4.035650e+03 
4.035650e+03 
4.035650e+03 
4.035650e+03 
4.035650e+03 
4.035650e+03 
4.035650e+03 
4.035650e+03 
4.035650e+03 
4.035650e+03 
4.035650e+03 
4.035650e+03 
4.035650e+03 
4.035650e+03 
4.035650e+03 
4.035650e+03 
4.035650e+03 
4.035650e+03 
4.035650e+03 
4.035650e+03 
4.035650e+03 
4.035650e+03 
4.035650e+03 
4.035650e+03 
4.035650e+03 
4.035650e+03 
4.035650e+03 
4.035650e+03 
4.035650e+03 
4.035650e+03 
4.035650e+03 
4.035650e+03 
4.035650e+03 
4.035650e+03 
4.035650e+03 
4.035650e+03 
4.035650e+03 
4.035650e+03 
4.035650e+03 
4.035650e+03 
4.035650e+03 
4.035650e+03 
4.035650e+03 
4.035650e+03 
4.035650e+03 
4.035650e+03 
4.035650e+03 
4.035650e+03 
4.035650e+03 
4.035650e+03 
4.035650e+03 
4.035650e+03 
4.035650e+03 
4.035650e+03 
4.035650e+03 
4.035650e+03 
4.035650e+03 
4.035650e+03 
4.035650e+03 
4.035650e+03 
4.035650e+03 
4.035650e+03 
4.035650e+03 
4.035650e+03 
4.035650e+03 
4.035650e+03 
4.035650e+03 
4.035650e+03 
4.035650e+03 
4.035650e+03 
4.035650e+03 
4.035650e+03 
4.035650e+03 
4.035650e+03 
4.035650e+03 
4.035650e+03 
4.035650e+03 
4.035650e+03 
4.035650e+03 
4.035650e+03 
4.035650e+03 
4.035650e+03 
4.035650e+03 
4.035650e+03 
4.035650e+03 
4.035650e+03 
4.035650e+03 
4.035650e+03 
4.035650e+03 
4.035650e+03 
4.035650e+03 
4.035650e+03 
4.035650e+03 
4.035650e+03 
4.035650e+03 
4.035650e+03 
4.035650e+03 
4.035650e+03 
4.035650e+03 
4.035650e+03 
4.035650e+03 
4.035650e+03 
4.035650e+03 
4.035650e+03 
4.035650e+03 
4.035650e+03 
4.035650e+03 
4.035650e+03 
4.035650e+03 
4.035650e+03 
4.035650e+03 
4.035650e+03 
4.035650e+03 
4.035650e+03 
4.035650e+03 
4.035650e+03 
4.035650e+03 
4.035650e+03 
4.035650e+03 
4.035650e+03 
4.035650e+03 
4.035650e+03 
4.035650e+03 
4.035650e+03 
4.035650e+03 
4.035650e+03 
4.035650e+03 
4.035650e+03 
4.035650e+03 
4.035650e+03 
4.035650e+03 
4.035650e+03 
4.035650e+03 
4.035650e+03 
4.035650e+03 
4.035650e+03 
4.035650e+03 
4.035650e+03 
4.035650e+03 
4.035650e+03 
4.035650e+03 
4.035650e+03 
4.035650e+03 
4.035650e+03 
4.035650e+03 
4.035650e+03 
4.035650e+03 
4.035650e+03 
4.035650e+03 
4.035650e+03 
4.035650e+03 
4.035650e+03 
4.035650e+03 
4.035650e+03 
4.035650e+03 
4.035650e+03 
4.035650e+03 
4.035650e+03 
4.035650e+03 
4.035650e+03 
4.035650e+03 
4.035650e+03 
4.035650e+03 
4.035650e+03 
4.035650e+03 
4.035650e+03 
4.035650e+03 
4.035650e+03 
4.035650e+03 
4.035650e+03 
4.035650e+03 
4.035650e+03 
4.035650e+03 
4.035650e+03 
4.035650e+03 
4.035650e+03 
4.035650e+03 
4.035650e+03 
4.035650e+03 
4.035650e+03 
4.035650e+03 
4.035650e+03 
4.035650e+03 
4.035650e+03 
4.035650e+03 
4.035650e+03 
4.035650e+03 
4.035650e+03 
4.035650e+03 
4.035650e+03 
4.035650e+03 
4.035650e+03 
4.035650e+03 
4.035650e+03 
4.035650e+03 
4.035650e+03 
4.035650e+03 
4.035650e+03 
4.035650e+03 
4.035650e+03 
4.035650e+03 
4.035650e+03 
4.035650e+03 
4.035650e+03 
4.035650e+03 
4.035650e+03 
4.035650e+03 
4.035650e+03 
4.035650e+03 
4.035650e+03 
4.035650e+03 
4.035650e+03 
4.035650e+03 
4.035650e+03 
4.035650e+03 
4.035650e+03 
4.035650e+03 
4.035650e+03 
4.035650e+03 
4.035650e+03 
4.035650e+03 
4.035650e+03 
4.035650e+03 
4.035650e+03 
4.035650e+03 
4.035650e+03 
4.035650e+03 
4.035650e+03 
4.035650e+03 
4.035650e+03 
4.035650e+03 
4.035650e+03 
4.035650e+03 
4.035650e+03 
4.035650e+03 
4.035650e+03 
4.035650e+03 
4.035650e+03 
4.035650e+03 
4.035650e+03 
4.035650e+03 
4.035650e+03 
4.035650e+03 
4.035650e+03 
4.035650e+03 
4.035650e+03 
4.035650e+03 
4.016230e+03 
4.016230e+03 
4.016230e+03 
4.016230e+03 
4.016230e+03 
4.016230e+03 
4.016230e+03 
4.016230e+03 
4.016230e+03 
4.016230e+03 
4.016230e+03 
4.016230e+03 
4.016230e+03 
4.016230e+03 
4.016230e+03 
4.016230e+03 
4.016230e+03 
4.016230e+03 
4.016230e+03 
4.016230e+03 
4.016230e+03 
4.016230e+03 
4.016230e+03 
4.016230e+03 
4.016230e+03 
4.016230e+03 
4.016230e+03 
4.016230e+03 
4.016230e+03 
4.016230e+03 
4.016230e+03 
4.016230e+03 
4.016230e+03 
4.016230e+03 
4.016230e+03 
4.016230e+03 
4.016230e+03 
4.016230e+03 
4.016230e+03 
4.016230e+03 
4.016230e+03 
4.016230e+03 
4.016230e+03 
4.016230e+03 
4.016230e+03 
4.016230e+03 
4.016230e+03 
4.016230e+03 
4.016230e+03 
4.016230e+03 
4.016230e+03 
4.016230e+03 
4.016230e+03 
4.016230e+03 
4.016230e+03 
4.016230e+03 
4.016230e+03 
4.016230e+03 
4.016230e+03 
4.016230e+03 
4.016230e+03 
4.016230e+03 
4.016230e+03 
4.016230e+03 
4.016230e+03 
4.016230e+03 
4.016230e+03 
4.016230e+03 
4.016230e+03 
4.016230e+03 
4.016230e+03 
4.016230e+03 
4.016230e+03 
4.016230e+03 
4.016230e+03 
4.016230e+03 
4.016230e+03 
4.016230e+03 
4.016230e+03 
4.016230e+03 
4.016230e+03 
4.016230e+03 
4.016230e+03 
4.016230e+03 
4.016230e+03 
4.016230e+03 
4.016230e+03 
4.016230e+03 
4.016230e+03 
4.016230e+03 
4.016230e+03 
4.016230e+03 
4.016230e+03 
4.016230e+03 
4.016230e+03 
4.016230e+03 
4.016230e+03 
4.016230e+03 
4.016230e+03 
4.016230e+03 
4.016230e+03 
4.016230e+03 
4.016230e+03 
4.016230e+03 
4.016230e+03 
4.016230e+03 
4.016230e+03 
4.016230e+03 
4.016230e+03 
4.016230e+03 
4.016230e+03 
4.016230e+03 
4.016230e+03 
4.016230e+03 
4.016230e+03 
4.016230e+03 
4.016230e+03 
4.016230e+03 
4.016230e+03 
4.016230e+03 
4.016230e+03 
4.016230e+03 
4.016230e+03 
4.016230e+03 
4.016230e+03 
4.016230e+03 
4.016230e+03 
4.016230e+03 
4.016230e+03 
4.016230e+03 
4.016230e+03 
4.016230e+03 
4.016230e+03 
4.016230e+03 
4.016230e+03 
4.016230e+03 
4.016230e+03 
4.016230e+03 
4.016230e+03 
4.016230e+03 
4.016230e+03 
4.016230e+03 
4.016230e+03 
4.016230e+03 
4.016230e+03 
4.016230e+03 
4.016230e+03 
4.016230e+03 
4.016230e+03 
4.016230e+03 
4.016230e+03 
4.016230e+03 
4.016230e+03 
4.016230e+03 
4.016230e+03 
4.016230e+03 
4.016230e+03 
4.016230e+03 
4.016230e+03 
4.016230e+03 
4.016230e+03 
4.016230e+03 
4.016230e+03 
4.016230e+03 
4.016230e+03 
4.016230e+03 
4.016230e+03 
4.016230e+03 
4.016230e+03 
4.016230e+03 
4.016230e+03 
4.016230e+03 
4.016230e+03 
4.016230e+03 
4.016230e+03 
4.016230e+03 
4.016230e+03 
4.016230e+03 
4.016230e+03 
4.016230e+03 
4.016230e+03 
4.016230e+03 
4.016230e+03 
4.016230e+03 
4.016230e+03 
4.016230e+03 
4.016230e+03 
4.016230e+03 
4.016230e+03 
4.016230e+03 
4.004363e+03 
4.004363e+03 
4.004363e+03 
4.004363e+03 
4.004363e+03 
4.004363e+03 
4.004363e+03 
4.004363e+03 
4.004363e+03 
4.004363e+03 
4.004363e+03 
4.004363e+03 
4.004363e+03 
4.004363e+03 
4.004363e+03 
4.004363e+03 
4.004363e+03 
4.004363e+03 
4.004363e+03 
4.004363e+03 
4.004363e+03 
4.004363e+03 
4.004363e+03 
4.004363e+03 
4.004363e+03 
4.004363e+03 
4.004363e+03 
4.004363e+03 
4.004363e+03 
4.004363e+03 
4.004363e+03 
4.004363e+03 
4.004363e+03 
4.004363e+03 
4.004363e+03 
4.004363e+03 
4.004363e+03 
4.004363e+03 
4.004363e+03 
4.004363e+03 
4.004363e+03 
4.004363e+03 
4.004363e+03 
4.004363e+03 
4.002408e+03 
4.002408e+03 
4.002408e+03 
4.002408e+03 
4.002408e+03 
4.002408e+03 
4.002408e+03 
4.002408e+03 
4.002408e+03 
4.002408e+03 
4.002408e+03 
4.002408e+03 
4.002408e+03 
4.002408e+03 
4.002408e+03 
4.002408e+03 
4.002408e+03 
4.002408e+03 
4.002408e+03 
4.002408e+03 
4.002408e+03 
4.002408e+03 
4.002408e+03 
4.002408e+03 
4.002408e+03 
4.002408e+03 
4.002408e+03 
4.002408e+03 
4.002408e+03 
4.002408e+03 
4.002408e+03 
4.002408e+03 
4.002408e+03 
4.002408e+03 
4.002408e+03 
4.002408e+03 
4.002408e+03 
4.002408e+03 
4.002408e+03 
4.002408e+03 
4.002408e+03 
4.002408e+03 
4.002408e+03 
4.002408e+03 
4.002408e+03 
4.002408e+03 
4.002408e+03 
4.002408e+03 
4.002408e+03 
4.002408e+03 
4.002408e+03 
4.002408e+03 
4.002408e+03 
4.002408e+03 
4.002408e+03 
4.002408e+03 
4.002408e+03 
4.002408e+03 
4.002408e+03 
4.002408e+03 
4.002408e+03 
4.002408e+03 
4.002408e+03 
4.002408e+03 
4.002408e+03 
4.002408e+03 
4.002408e+03 
4.002408e+03 
4.002408e+03 
4.002408e+03 
4.002408e+03 
4.002408e+03 
4.002408e+03 
4.002408e+03 
4.002408e+03 
4.002408e+03 
4.002408e+03 
4.002408e+03 
4.002408e+03 
4.002408e+03 
4.002408e+03 
4.002408e+03 
4.002408e+03 
4.002408e+03 
4.002408e+03 
4.002408e+03 
4.002408e+03 
4.002408e+03 
4.002408e+03 
4.002408e+03 
4.002408e+03 
4.002408e+03 
4.002408e+03 
4.002408e+03 
4.002408e+03 
4.002408e+03 
4.002408e+03 
4.002408e+03 
4.002408e+03 
4.002408e+03 
4.002408e+03 
3.994227e+03 
3.994227e+03 
3.994227e+03 
3.994227e+03 
3.994227e+03 
3.994227e+03 
3.994227e+03 
3.994227e+03 
3.994227e+03 
3.994227e+03 
3.994227e+03 
3.994227e+03 
3.994227e+03 
3.994227e+03 
3.994227e+03 
3.994227e+03 
3.994227e+03 
3.994227e+03 
3.994227e+03 
3.994227e+03 
3.994227e+03 
3.994227e+03 
3.994227e+03 
3.994227e+03 
3.994227e+03 
3.994227e+03 
3.994227e+03 
3.994227e+03 
3.994227e+03 
3.994227e+03 
3.994227e+03 
3.994227e+03 
3.994227e+03 
3.994227e+03 
3.994227e+03 
3.994227e+03 
3.994227e+03 
3.994227e+03 
3.994227e+03 
3.994227e+03 
3.994227e+03 
3.994227e+03 
3.994227e+03 
3.994227e+03 
3.994227e+03 
3.994227e+03 
3.994227e+03 
3.994227e+03 
3.994227e+03 
3.994227e+03 
3.994227e+03 
3.994227e+03 
3.994227e+03 
3.994227e+03 
3.994227e+03 
3.994227e+03 
3.994227e+03 
3.994227e+03 
3.994227e+03 
3.994227e+03 
3.994227e+03 
3.994227e+03 
3.994227e+03 
3.994227e+03 
3.994227e+03 
3.994227e+03 
3.994227e+03 
3.994227e+03 
3.994227e+03 
3.994227e+03 
3.994227e+03 
3.994227e+03 
3.994227e+03 
3.994227e+03 
3.994227e+03 
3.994227e+03 
3.994227e+03 
3.994227e+03 
3.994227e+03 
3.994227e+03 
3.994227e+03 
3.994227e+03 
3.994227e+03 
3.994227e+03 
3.994227e+03 
3.994227e+03 
3.994227e+03 
3.994227e+03 
3.994227e+03 
3.994227e+03 
3.994227e+03 
3.994227e+03 
3.994227e+03 
3.994227e+03 
3.994227e+03 
3.994227e+03 
3.994227e+03 
3.994227e+03 
3.994227e+03 
3.994227e+03 
3.994227e+03 
3.994227e+03 
3.994227e+03 
3.994227e+03 
3.994227e+03 
3.994227e+03 
3.994227e+03 
3.994227e+03 
3.994227e+03 
3.994227e+03 
3.994227e+03 
3.994227e+03 
3.994227e+03 
3.994227e+03 
3.994227e+03 
3.994227e+03 
3.994227e+03 
3.994227e+03 
3.994227e+03 
3.994227e+03 
3.994227e+03 
3.994227e+03 
3.994227e+03 
3.994227e+03 
3.994227e+03 
3.994227e+03 
3.994227e+03 
3.994227e+03 
3.994227e+03 
3.994227e+03 
3.994227e+03 
3.994227e+03 
3.994227e+03 
3.994227e+03 
3.994227e+03 
3.994227e+03 
3.994227e+03 
3.994227e+03 
3.994227e+03 
3.994227e+03 
3.994227e+03 
3.994227e+03 
3.994227e+03 
3.994227e+03 
3.994227e+03 
3.994227e+03 
3.994227e+03 
3.994227e+03 
3.994227e+03 
3.994227e+03 
3.994227e+03 
3.994227e+03 
3.994227e+03 
3.994227e+03 
3.994227e+03 
3.994227e+03 
3.994227e+03 
3.994227e+03 
3.994227e+03 
3.994227e+03 
3.994227e+03 
3.994227e+03 
3.994227e+03 
3.994227e+03 
3.994227e+03 
3.994227e+03 
3.994227e+03 
3.994227e+03 
3.994227e+03 
3.994227e+03 
3.994227e+03 
3.994227e+03 
3.994227e+03 
3.994227e+03 
3.994227e+03 
3.994227e+03 
3.994227e+03 
3.994227e+03 
3.994227e+03 
3.994227e+03 
3.994227e+03 
3.994227e+03 
3.994227e+03 
3.994227e+03 
3.994227e+03 
3.994227e+03 
3.994227e+03 
3.994227e+03 
3.994227e+03 
3.994227e+03 
3.994227e+03 
3.994227e+03 
3.994227e+03 
3.994227e+03 
3.994227e+03 
3.994227e+03 
3.994227e+03 
3.994227e+03 
3.994227e+03 
3.994227e+03 
3.994227e+03 
3.994227e+03 
3.994227e+03 
3.994227e+03 
3.994227e+03 
3.994227e+03 
3.994227e+03 
3.994227e+03 
3.994227e+03 
3.994227e+03 
3.994227e+03 
3.994227e+03 
3.994227e+03 
3.994227e+03 
3.994227e+03 
3.994227e+03 
3.994227e+03 
3.994227e+03 
3.994227e+03 
3.994227e+03 
3.994227e+03 
3.994227e+03 
3.994227e+03 
3.994227e+03 
3.994227e+03 
3.994227e+03 
3.994227e+03 
3.994227e+03 
3.994227e+03 
3.994227e+03 
3.994227e+03 
3.994227e+03 
3.994227e+03 
3.994227e+03 
3.994227e+03 
3.994227e+03 
3.994227e+03 
3.994227e+03 
3.994227e+03 
3.994227e+03 
3.994227e+03 
3.994227e+03 
3.994227e+03 
3.994227e+03 
3.994227e+03 
3.994227e+03 
3.994227e+03 
3.994227e+03 
3.994227e+03 
3.994227e+03 
3.994227e+03 
3.994227e+03 
3.994227e+03 
3.994227e+03 
3.994227e+03 
3.994227e+03 
3.994227e+03 
3.994227e+03 
3.994227e+03 
3.994227e+03 
3.994227e+03 
3.994227e+03 
3.994227e+03 
3.994227e+03 
3.994227e+03 
3.994227e+03 
3.994227e+03 
3.994227e+03 
3.994227e+03 
3.994227e+03 
3.994227e+03 
3.994227e+03 
3.994227e+03 
3.994227e+03 
3.994227e+03 
3.994227e+03 
3.994227e+03 
3.994227e+03 
3.994227e+03 
3.994227e+03 
3.994227e+03 
3.994227e+03 
3.994227e+03 
3.994227e+03 
3.994227e+03 
3.994227e+03 
3.994227e+03 
3.994227e+03 
3.994227e+03 
3.994227e+03 
3.994227e+03 
3.994227e+03 
3.994227e+03 
3.994227e+03 
3.994227e+03 
3.994227e+03 
3.994227e+03 
3.994227e+03 
3.994227e+03 
3.994227e+03 
3.994227e+03 
3.994227e+03 
3.994227e+03 
3.994227e+03 
3.994227e+03 
3.994227e+03 
3.994227e+03 
3.994227e+03 
3.994227e+03 
3.994227e+03 
3.994227e+03 
3.994227e+03 
3.994227e+03 
3.994227e+03 
3.994227e+03 
3.994227e+03 
3.994227e+03 
3.994227e+03 
3.994227e+03 
3.994227e+03 
3.994227e+03 
3.994227e+03 
3.994227e+03 
3.994227e+03 
3.994227e+03 
3.994227e+03 
3.994227e+03 
3.994227e+03 
3.994227e+03 
3.994227e+03 
3.994227e+03 
3.994227e+03 
3.994227e+03 
3.994227e+03 
3.994227e+03 
3.994227e+03 
3.994227e+03 
3.994227e+03 
3.994227e+03 
3.994227e+03 
3.994227e+03 
3.994227e+03 
3.994227e+03 
3.994227e+03 
3.994227e+03 
3.994227e+03 
3.994227e+03 
3.994227e+03 
3.994227e+03 
3.994227e+03 
3.994227e+03 
3.994227e+03 
3.994227e+03 
3.994227e+03 
3.994227e+03 
3.994227e+03 
3.994227e+03 
3.994227e+03 
3.994227e+03 
3.994227e+03 
3.994227e+03 
3.994227e+03 
3.994227e+03 
3.994227e+03 
3.994227e+03 
3.994227e+03 
3.994227e+03 
3.994227e+03 
3.994227e+03 
3.994227e+03 
3.994227e+03 
3.994227e+03 
3.994227e+03 
3.994227e+03 
3.994227e+03 
3.994227e+03 
3.994227e+03 
3.994227e+03 
3.994227e+03 
3.994227e+03 
3.994227e+03 
3.994227e+03 
3.994227e+03 
3.994227e+03 
3.994227e+03 
3.994227e+03 
3.994227e+03 
3.994227e+03 
3.994227e+03 
3.994227e+03 
3.994227e+03 
3.994227e+03 
3.994227e+03 
3.994227e+03 
3.994227e+03 
3.994227e+03 
3.994227e+03 
3.994227e+03 
3.994227e+03 
3.994227e+03 
3.994227e+03 
3.994227e+03 
3.994227e+03 
3.994227e+03 
3.994227e+03 
3.994227e+03 
3.994227e+03 
3.994227e+03 
3.994227e+03 
3.994227e+03 
3.994227e+03 
3.994227e+03 
3.994227e+03 
3.994227e+03 
3.994227e+03 
3.984297e+03 
3.984297e+03 
3.984297e+03 
3.984297e+03 
3.984297e+03 
3.984297e+03 
3.984297e+03 
3.984297e+03 
3.984297e+03 
3.984297e+03 
3.984297e+03 
3.984297e+03 
3.984297e+03 
3.984297e+03 
3.984297e+03 
3.984297e+03 
3.984297e+03 
3.984297e+03 
3.984297e+03 
3.984297e+03 
3.984297e+03 
3.984297e+03 
3.984297e+03 
3.984297e+03 
3.984297e+03 
3.984297e+03 
3.984297e+03 
3.984297e+03 
3.984297e+03 
3.984297e+03 
3.984297e+03 
3.984297e+03 
3.984297e+03 
3.984297e+03 
3.984297e+03 
3.984297e+03 
3.984297e+03 
3.984297e+03 
3.984297e+03 
3.984297e+03 
3.984297e+03 
3.984297e+03 
3.984297e+03 
3.984297e+03 
3.984297e+03 
3.984297e+03 
3.984297e+03 
3.984297e+03 
3.984297e+03 
3.984297e+03 
3.984297e+03 
3.984297e+03 
3.984297e+03 
3.984297e+03 
3.984297e+03 
3.984297e+03 
3.984297e+03 
3.984297e+03 
3.984297e+03 
3.984297e+03 
3.984297e+03 
3.984297e+03 
3.984297e+03 
3.984297e+03 
3.984297e+03 
3.984297e+03 
3.984297e+03 
3.984297e+03 
3.984297e+03 
3.984297e+03 
3.984297e+03 
3.984297e+03 
3.984297e+03 
3.984297e+03 
3.984297e+03 
3.984297e+03 
3.984297e+03 
3.984297e+03 
3.984297e+03 
3.984297e+03 
3.984297e+03 
3.984297e+03 
3.984297e+03 
3.984297e+03 
3.984297e+03 
3.984297e+03 
3.984297e+03 
3.984297e+03 
3.984297e+03 
3.984297e+03 
3.984297e+03 
3.984297e+03 
3.984297e+03 
3.984297e+03 
3.984297e+03 
3.984297e+03 
3.984297e+03 
3.984297e+03 
3.984297e+03 
3.984297e+03 
3.984297e+03 
3.984297e+03 
3.984297e+03 
3.984297e+03 
3.984297e+03 
3.984297e+03 
3.984297e+03 
3.984297e+03 
3.984297e+03 
3.984297e+03 
3.984297e+03 
3.984297e+03 
3.984297e+03 
3.984297e+03 
3.984297e+03 
3.984297e+03 
3.984297e+03 
3.984297e+03 
3.984297e+03 
3.984297e+03 
3.984297e+03 
3.984297e+03 
3.984297e+03 
3.984297e+03 
3.984297e+03 
3.984297e+03 
3.984297e+03 
3.984297e+03 
3.984297e+03 
3.984297e+03 
3.984297e+03 
3.984297e+03 
3.984297e+03 
3.984297e+03 
3.984297e+03 
3.984297e+03 
3.984297e+03 
3.984297e+03 
3.984297e+03 
3.984297e+03 
3.984297e+03 
3.984297e+03 
3.984297e+03 
3.984297e+03 
3.984297e+03 
3.984297e+03 
3.984297e+03 
3.984297e+03 
3.984297e+03 
3.984297e+03 
3.984297e+03 
3.984297e+03 
3.984297e+03 
3.984297e+03 
3.984297e+03 
3.984297e+03 
3.984297e+03 
3.984297e+03 
3.984297e+03 
3.984297e+03 
3.984297e+03 
3.984297e+03 
3.984297e+03 
3.984297e+03 
3.984297e+03 
3.984297e+03 
3.984297e+03 
3.984297e+03 
3.984297e+03 
3.984297e+03 
3.984297e+03 
3.984297e+03 
3.984297e+03 
3.984297e+03 
3.984297e+03 
3.983204e+03 
3.983204e+03 
3.983204e+03 
3.983204e+03 
3.983204e+03 
3.983204e+03 
3.983204e+03 
3.983204e+03 
3.983204e+03 
3.983204e+03 
3.983204e+03 
3.983204e+03 
3.983204e+03 
3.983204e+03 
3.983204e+03 
3.983204e+03 
3.983204e+03 
3.983204e+03 
3.983204e+03 
3.983204e+03 
3.983204e+03 
3.983204e+03 
3.983204e+03 
3.983204e+03 
3.983204e+03 
3.983204e+03 
3.983204e+03 
3.983204e+03 
3.983204e+03 
3.983204e+03 
3.983204e+03 
3.983204e+03 
3.983204e+03 
3.983204e+03 
3.983204e+03 
3.983204e+03 
3.983204e+03 
3.983204e+03 
3.983204e+03 
3.983204e+03 
3.983204e+03 
3.983204e+03 
3.983204e+03 
3.983204e+03 
3.983204e+03 
3.983204e+03 
3.983204e+03 
3.983204e+03 
3.983204e+03 
3.983204e+03 
3.983204e+03 
3.983204e+03 
3.983204e+03 
3.983204e+03 
3.983204e+03 
3.983204e+03 
3.983204e+03 
3.983204e+03 
3.983204e+03 
3.983204e+03 
3.983204e+03 
3.983204e+03 
3.983204e+03 
3.983204e+03 
3.983204e+03 
3.983204e+03 
3.983204e+03 
3.983204e+03 
3.983204e+03 
3.983204e+03 
3.983204e+03 
3.983204e+03 
3.983204e+03 
3.983204e+03 
3.983204e+03 
3.983204e+03 
3.983204e+03 
3.983204e+03 
3.983204e+03 
3.983204e+03 
3.983204e+03 
3.983204e+03 
3.983204e+03 
3.983204e+03 
3.983204e+03 
3.983204e+03 
3.983204e+03 
3.983204e+03 
3.983204e+03 
3.983204e+03 
3.983204e+03 
3.983204e+03 
3.983204e+03 
3.983204e+03 
3.983204e+03 
3.983204e+03 
3.983204e+03 
3.983204e+03 
3.983204e+03 
3.983204e+03 
3.983204e+03 
3.983204e+03 
3.983204e+03 
3.983204e+03 
3.983204e+03 
3.983204e+03 
3.983204e+03 
3.983204e+03 
3.983204e+03 
3.983204e+03 
3.983204e+03 
3.983204e+03 
3.983204e+03 
3.983204e+03 
3.983204e+03 
3.983204e+03 
3.983204e+03 
3.983204e+03 
3.983204e+03 
3.983204e+03 
3.983204e+03 
3.983204e+03 
3.983204e+03 
3.983204e+03 
3.983204e+03 
3.983204e+03 
3.983204e+03 
3.983204e+03 
3.983204e+03 
3.983204e+03 
3.983204e+03 
3.983204e+03 
3.983204e+03 
3.983204e+03 
3.934305e+03 
3.934305e+03 
3.934305e+03 
3.934305e+03 
3.934305e+03 
3.934305e+03 
3.934305e+03 
3.934305e+03 
3.934305e+03 
3.934305e+03 
3.934305e+03 
3.934305e+03 
3.934305e+03 
3.934305e+03 
3.934305e+03 
3.934305e+03 
3.910631e+03 
3.910631e+03 
3.909020e+03 
3.909020e+03 
3.909020e+03 
3.909020e+03 
3.909020e+03 
3.909020e+03 
3.909020e+03 
3.909020e+03 
3.909020e+03 
3.909020e+03 
3.909020e+03 
3.909020e+03 
3.909020e+03 
3.909020e+03 
3.909020e+03 
3.909020e+03 
3.909020e+03 
3.909020e+03 
3.909020e+03 
3.909020e+03 
3.909020e+03 
3.909020e+03 
3.909020e+03 
3.909020e+03 
3.909020e+03 
3.909020e+03 
3.909020e+03 
3.909020e+03 
3.909020e+03 
3.909020e+03 
3.909020e+03 
3.909020e+03 
3.909020e+03 
3.909020e+03 
3.909020e+03 
3.909020e+03 
3.909020e+03 
3.909020e+03 
3.909020e+03 
3.909020e+03 
3.909020e+03 
3.909020e+03 
3.909020e+03 
3.909020e+03 
3.909020e+03 
3.909020e+03 
3.909020e+03 
3.909020e+03 
3.909020e+03 
3.909020e+03 
3.909020e+03 
3.909020e+03 
3.909020e+03 
3.909020e+03 
3.909020e+03 
3.909020e+03 
3.909020e+03 
3.894577e+03 
3.894577e+03 
3.894577e+03 
3.894577e+03 
3.894577e+03 
3.894577e+03 
3.894577e+03 
3.894577e+03 
3.894577e+03 
3.894577e+03 
3.894577e+03 
3.894577e+03 
3.894577e+03 
3.894577e+03 
3.894577e+03 
3.894577e+03 
3.894577e+03 
3.894577e+03 
3.894577e+03 
3.894577e+03 
3.894577e+03 
3.894577e+03 
3.894577e+03 
3.894577e+03 
3.894577e+03 
3.878764e+03 
3.878764e+03 
3.878764e+03 
3.878764e+03 
3.878764e+03 
3.878764e+03 
3.878764e+03 
3.878764e+03 
3.878764e+03 
3.878764e+03 
3.878764e+03 
3.878764e+03 
3.878764e+03 
3.878764e+03 
3.878764e+03 
3.861113e+03 
3.861113e+03 
3.861113e+03 
3.861113e+03 
3.861113e+03 
3.861113e+03 
3.861113e+03 
3.861113e+03 
3.861113e+03 
3.861113e+03 
3.861113e+03 
3.861113e+03 
3.861113e+03 
3.861113e+03 
3.861113e+03 
3.861113e+03 
3.861113e+03 
3.858763e+03 
3.858763e+03 
3.858763e+03 
3.858763e+03 
3.858763e+03 
3.858763e+03 
3.858763e+03 
3.858763e+03 
3.858763e+03 
3.858763e+03 
3.858763e+03 
3.858763e+03 
3.858763e+03 
3.858763e+03 
3.858763e+03 
3.858763e+03 
3.858763e+03 
3.858763e+03 
3.858763e+03 
3.858763e+03 
3.858763e+03 
3.858763e+03 
3.858763e+03 
3.858763e+03 
3.858763e+03 
3.858763e+03 
3.858763e+03 
3.858763e+03 
3.858763e+03 
3.858763e+03 
3.858763e+03 
3.858763e+03 
3.858763e+03 
3.858763e+03 
3.858763e+03 
3.855316e+03 
3.855316e+03 
3.855316e+03 
3.855316e+03 
3.855316e+03 
3.855316e+03 
3.855316e+03 
3.855316e+03 
3.855316e+03 
3.855316e+03 
3.855316e+03 
3.855316e+03 
3.855316e+03 
3.855316e+03 
3.855316e+03 
3.855316e+03 
3.855316e+03 
3.855316e+03 
3.855316e+03 
3.855316e+03 
3.855316e+03 
3.855316e+03 
3.855316e+03 
3.855316e+03 
3.855316e+03 
3.855316e+03 
3.855316e+03 
3.855316e+03 
3.855316e+03 
3.855316e+03 
3.855316e+03 
3.855316e+03 
3.855316e+03 
3.855316e+03 
3.855316e+03 
3.855316e+03 
3.855316e+03 
3.855316e+03 
3.855316e+03 
3.855316e+03 
3.855316e+03 
3.855316e+03 
3.855316e+03 
3.855316e+03 
3.855316e+03 
3.855316e+03 
3.855316e+03 
3.855316e+03 
3.855316e+03 
3.855316e+03 
3.855316e+03 
3.855316e+03 
3.855316e+03 
3.855316e+03 
3.855316e+03 
3.855316e+03 
3.855316e+03 
3.855316e+03 
3.855316e+03 
3.855316e+03 
3.855316e+03 
3.855316e+03 
3.855316e+03 
3.855316e+03 
3.855316e+03 
3.855316e+03 
3.855316e+03 
3.855316e+03 
3.855316e+03 
3.855316e+03 
3.855316e+03 
3.855316e+03 
3.855316e+03 
3.855316e+03 
3.855316e+03 
3.855316e+03 
3.855316e+03 
3.855316e+03 
3.855316e+03 
3.855316e+03 
3.855316e+03 
3.855316e+03 
3.855316e+03 
3.855316e+03 
3.855316e+03 
3.855316e+03 
3.855316e+03 
3.855316e+03 
3.855316e+03 
3.855316e+03 
3.855316e+03 
3.855316e+03 
3.855316e+03 
3.855316e+03 
3.855316e+03 
3.855316e+03 
3.855316e+03 
3.855316e+03 
3.855316e+03 
3.855316e+03 
3.855316e+03 
3.855316e+03 
3.855316e+03 
3.855316e+03 
3.855316e+03 
3.855316e+03 
3.855316e+03 
3.855316e+03 
3.846120e+03 
3.846120e+03 
3.846120e+03 
3.835616e+03 
3.835616e+03 
3.835616e+03 
3.835616e+03 
3.835616e+03 
3.835616e+03 
3.835616e+03 
3.835616e+03 
3.835616e+03 
3.835616e+03 
3.835616e+03 
3.835616e+03 
3.835616e+03 
3.835616e+03 
3.835616e+03 
3.835616e+03 
3.835616e+03 
3.835616e+03 
3.835616e+03 
3.835616e+03 
3.835616e+03 
3.835293e+03 
3.835293e+03 
3.835293e+03 
3.835293e+03 
3.835293e+03 
3.835293e+03 
3.835293e+03 
3.835293e+03 
3.835293e+03 
3.835293e+03 
3.835293e+03 
3.835293e+03 
3.835293e+03 
3.835293e+03 
3.835293e+03 
3.835293e+03 
3.835293e+03 
3.835293e+03 
3.835293e+03 
3.835293e+03 
3.835293e+03 
3.835293e+03 
3.835293e+03 
3.835293e+03 
3.835293e+03 
3.835293e+03 
3.835293e+03 
3.835293e+03 
3.835293e+03 
3.835293e+03 
3.835293e+03 
3.835293e+03 
3.835293e+03 
3.835293e+03 
3.835293e+03 
3.835293e+03 
3.835293e+03 
3.835293e+03 
3.835293e+03 
3.835293e+03 
3.833141e+03 
3.833141e+03 
3.833141e+03 
3.833141e+03 
3.833141e+03 
3.833141e+03 
3.831888e+03 
3.831888e+03 
3.831888e+03 
3.831888e+03 
3.829734e+03 
3.829734e+03 
3.829734e+03 
3.829734e+03 
3.829734e+03 
3.829481e+03 
3.829147e+03 
3.829147e+03 
3.828766e+03 
3.828610e+03 
3.828568e+03 
3.828563e+03 
3.828563e+03 
3.828563e+03 
3.828563e+03 
3.828503e+03 
3.828351e+03 
3.828261e+03 
3.828207e+03 
3.828174e+03 
3.828154e+03 
3.828141e+03 
3.828133e+03 
3.828128e+03 
3.828125e+03 
3.828123e+03 
3.828121e+03 
3.828121e+03 
3.828120e+03 
3.828120e+03 
3.828120e+03 
3.828120e+03 
3.828119e+03 
3.828119e+03 
3.828119e+03 
3.828119e+03 
3.828119e+03 
3.828119e+03 
3.828119e+03 
3.828119e+03 
3.828119e+03 
3.828119e+03 
3.828119e+03 
3.828119e+03 
3.828119e+03 
3.828119e+03 
3.828119e+03 
3.828119e+03 
3.828119e+03 
3.828119e+03 
3.828119e+03 
3.828119e+03 
3.828119e+03 
3.828119e+03 
3.828119e+03 
3.828119e+03 
3.828119e+03 
3.828119e+03 
3.828119e+03 
3.828119e+03 
3.828119e+03 
3.828119e+03 
3.828119e+03 
3.828119e+03 
3.828119e+03 
3.828119e+03 
3.828119e+03 
3.828119e+03 
3.828119e+03 
3.828119e+03 
3.828119e+03 
3.828119e+03 
3.828119e+03 
3.828119e+03 
3.828119e+03 
3.828119e+03 
3.828119e+03 
3.828119e+03 
3.828119e+03 
3.828119e+03 
3.828119e+03 
3.828119e+03 
3.828119e+03 
3.828119e+03 
3.828119e+03 
3.828119e+03 
3.828119e+03 
3.828119e+03 
3.828119e+03 
3.828119e+03 
3.828119e+03 
3.828119e+03 
3.828119e+03 
3.828119e+03 
3.828119e+03 
3.828119e+03 
3.828119e+03 
3.828119e+03 
3.828119e+03 
3.824385e+03 
3.820924e+03 
3.820924e+03 
3.820462e+03 
3.820462e+03 
3.820462e+03 
3.820462e+03 
3.820462e+03 
3.820462e+03 
3.820462e+03 
3.820462e+03 
3.820462e+03 
3.820462e+03 
3.820462e+03 
3.820462e+03 
3.820462e+03 
3.820462e+03 
3.820462e+03 
3.820462e+03 
3.820462e+03 
3.820462e+03 
3.820462e+03 
3.820462e+03 
3.820462e+03 
3.820462e+03 
3.820462e+03 
3.820462e+03 
3.820462e+03 
3.820462e+03 
3.820462e+03 
3.816631e+03 
3.816631e+03 
3.816631e+03 
3.816631e+03 
3.816631e+03 
3.815712e+03 
3.812934e+03 
3.812648e+03 
3.812648e+03 
3.812648e+03 
3.812648e+03 
3.812648e+03 
3.812559e+03 
3.806749e+03 
3.802163e+03 
3.802163e+03 
3.802163e+03 
3.802163e+03 
3.802163e+03 
3.799663e+03 
3.792418e+03 
3.789615e+03 
3.789615e+03 
3.782348e+03 
3.782348e+03 
3.782348e+03 
3.782348e+03 
3.782348e+03 
3.782348e+03 
3.782348e+03 
3.782348e+03 
3.782348e+03 
3.780459e+03 
3.780459e+03 
3.780459e+03 
3.780459e+03 
3.780459e+03 
3.780459e+03 
3.780459e+03 
3.780459e+03 
3.780459e+03 
3.780459e+03 
3.780459e+03 
3.780459e+03 
3.779046e+03 
3.777735e+03 
3.777612e+03 
3.777612e+03 
3.777612e+03 
3.777599e+03 
3.777599e+03 
3.777599e+03 
3.777599e+03 
3.777528e+03 
3.777524e+03 
3.777524e+03 
3.777416e+03 
3.777358e+03 
3.777331e+03 
3.777318e+03 
3.777311e+03 
3.777307e+03 
3.777305e+03 
3.777304e+03 
3.777303e+03 
3.777303e+03 
3.777302e+03 
3.777302e+03 
3.777302e+03 
3.777302e+03 
3.777302e+03 
3.777302e+03 
3.777302e+03 
3.777302e+03 
3.777302e+03 
3.777302e+03 
3.777302e+03 
3.777302e+03 
3.777302e+03 
3.777302e+03 
3.777302e+03 
3.777302e+03 
3.777302e+03 
3.777302e+03 
3.777302e+03 
3.777302e+03 
3.777302e+03 
3.777302e+03 
3.777302e+03 
3.777302e+03 
3.777302e+03 
3.777302e+03 
3.777302e+03 
3.777302e+03 
3.777302e+03 
3.777302e+03 
3.777302e+03 
3.777302e+03 
3.777302e+03 
3.777302e+03 
3.777302e+03 
3.777302e+03 
3.777302e+03 
3.777302e+03 
3.777302e+03 
3.777302e+03 
3.777302e+03 
3.777302e+03 
3.777302e+03 
3.777302e+03 
3.777302e+03 
3.777302e+03 
3.777302e+03 
3.777302e+03 
3.777302e+03 
3.777302e+03 
3.777302e+03 
3.777302e+03 
3.777302e+03 
3.777302e+03 
3.777302e+03 
3.777302e+03 
3.777302e+03 
3.777302e+03 
3.777302e+03 
3.777302e+03 
3.777302e+03 
3.771646e+03 
3.770803e+03 
3.770803e+03 
3.770803e+03 
3.770803e+03 
3.770803e+03 
3.765113e+03 
3.765113e+03 
3.765113e+03 
3.765113e+03 
3.765113e+03 
3.756895e+03 
3.752991e+03 
3.751955e+03 
3.751838e+03 
3.751838e+03 
3.751757e+03 
3.751757e+03 
3.751481e+03 
3.751325e+03 
3.751290e+03 
3.751290e+03 
3.751266e+03 
3.751264e+03 
3.751264e+03 
3.751243e+03 
3.751231e+03 
3.751225e+03 
3.751222e+03 
3.751220e+03 
3.751219e+03 
3.751218e+03 
3.751218e+03 
3.751218e+03 
3.751218e+03 
3.751218e+03 
3.751218e+03 
3.751217e+03 
3.751217e+03 
3.751217e+03 
3.751217e+03 
3.751217e+03 
3.751217e+03 
3.751217e+03 
3.751217e+03 
3.751217e+03 
3.751217e+03 
3.751217e+03 
3.751217e+03 
3.751217e+03 
3.751217e+03 
3.751217e+03 
3.751217e+03 
3.751217e+03 
3.751217e+03 
3.751217e+03 
3.751217e+03 
3.751217e+03 
3.751217e+03 
3.751217e+03 
3.751217e+03 
3.751217e+03 
3.751217e+03 
3.751217e+03 
3.751217e+03 
3.751217e+03 
3.751217e+03 
3.751217e+03 
3.751217e+03 
3.751217e+03 
3.751217e+03 
3.751217e+03 
3.751217e+03 
3.751217e+03 
3.751217e+03 
3.751217e+03 
3.751217e+03 
3.751217e+03 
3.751217e+03 
3.751217e+03 
3.750524e+03 
3.750524e+03 
3.750524e+03 
3.750524e+03 
3.750524e+03 
3.750524e+03 
3.750524e+03 
3.750524e+03 
3.750524e+03 
3.750524e+03 
3.750524e+03 
3.750524e+03 
3.750524e+03 
3.750524e+03 
3.750524e+03 
3.750524e+03 
3.750524e+03 
3.750524e+03 
3.750524e+03 
3.750524e+03 
3.750524e+03 
3.750524e+03 
3.750524e+03 
3.750524e+03 
3.749012e+03 
3.749012e+03 
3.749012e+03 
3.749012e+03 
3.748055e+03 
3.748055e+03 
3.748055e+03 
3.748055e+03 
3.745758e+03 
3.745758e+03 
3.745758e+03 
3.745758e+03 
3.745758e+03 
3.745758e+03 
3.745758e+03 
3.745758e+03 
3.745758e+03 
3.745758e+03 
3.745758e+03 
3.745758e+03 
3.745758e+03 
3.745758e+03 
3.745758e+03 
3.745758e+03 
3.745758e+03 
3.745758e+03 
3.745758e+03 
3.745758e+03 
3.745758e+03 
3.745758e+03 
3.745758e+03 
3.745758e+03 
3.745758e+03 
3.745758e+03 
3.745758e+03 
3.745758e+03 
3.745758e+03 
3.745758e+03 
3.745758e+03 
3.745758e+03 
3.745758e+03 
3.745409e+03 
3.745409e+03 
3.745409e+03 
3.745409e+03 
3.745409e+03 
3.745409e+03 
3.745409e+03 
3.745409e+03 
3.745409e+03 
3.745409e+03 
3.745409e+03 
3.745409e+03 
3.745409e+03 
3.745409e+03 
3.745409e+03 
3.745409e+03 
3.745409e+03 
3.745409e+03 
3.745409e+03 
3.745409e+03 
3.745409e+03 
3.745409e+03 
3.745409e+03 
3.745409e+03 
3.745409e+03 
3.745409e+03 
3.745409e+03 
3.745409e+03 
3.745409e+03 
3.745409e+03 
3.745409e+03 
3.745409e+03 
3.745409e+03 
3.745409e+03 
3.745409e+03 
3.745409e+03 
3.745409e+03 
3.745409e+03 
3.745409e+03 
3.745409e+03 
3.745409e+03 
3.745409e+03 
3.745409e+03 
3.745409e+03 
3.745409e+03 
3.745409e+03 
3.745409e+03 
3.745409e+03 
3.745409e+03 
3.745409e+03 
3.745409e+03 
3.745409e+03 
3.745409e+03 
3.745409e+03 
3.745409e+03 
3.745409e+03 
3.745409e+03 
3.745409e+03 
3.745409e+03 
3.745409e+03 
3.745409e+03 
3.745409e+03 
3.745409e+03 
3.745409e+03 
3.745409e+03 
3.745409e+03 
3.745409e+03 
3.745409e+03 
3.745409e+03 
3.745409e+03 
3.745409e+03 
3.745409e+03 
3.745409e+03 
3.745409e+03 
3.745409e+03 
3.745409e+03 
3.745409e+03 
3.745409e+03 
3.745409e+03 
3.745409e+03 
3.745409e+03 
3.745409e+03 
3.745409e+03 
3.745409e+03 
3.745409e+03 
3.741625e+03 
3.741625e+03 
3.741625e+03 
3.741625e+03 
3.741625e+03 
3.741625e+03 
3.741625e+03 
3.741625e+03 
3.741625e+03 
3.741625e+03 
3.741625e+03 
3.741625e+03 
3.741625e+03 
3.741625e+03 
3.741625e+03 
3.741625e+03 
3.741625e+03 
3.741625e+03 
3.741625e+03 
3.741625e+03 
3.741625e+03 
3.741625e+03 
3.741625e+03 
3.741625e+03 
3.741625e+03 
3.741625e+03 
3.741625e+03 
3.741625e+03 
3.741625e+03 
3.741625e+03 
3.741625e+03 
3.741625e+03 
3.741625e+03 
3.741625e+03 
3.741625e+03 
3.741625e+03 
3.741625e+03 
3.741625e+03 
3.741625e+03 
3.741625e+03 
3.741625e+03 
3.741625e+03 
3.741625e+03 
3.741625e+03 
3.741625e+03 
3.741625e+03 
3.741625e+03 
3.741625e+03 
3.741625e+03 
3.741625e+03 
3.741625e+03 
3.741625e+03 
3.741625e+03 
3.741625e+03 
3.741625e+03 
3.741625e+03 
3.741625e+03 
3.741625e+03 
3.741625e+03 
3.741625e+03 
3.741625e+03 
3.741625e+03 
3.741625e+03 
3.741625e+03 
3.741625e+03 
3.741625e+03 
3.741625e+03 
3.741625e+03 
3.741625e+03 
3.741625e+03 
3.741625e+03 
3.741625e+03 
3.741625e+03 
3.741625e+03 
3.741625e+03 
3.741625e+03 
3.741625e+03 
3.741625e+03 
3.741625e+03 
3.741625e+03 
3.741625e+03 
3.741625e+03 
3.741625e+03 
3.741625e+03 
3.741625e+03 
3.741625e+03 
3.741625e+03 
3.741625e+03 
3.741625e+03 
3.741625e+03 
3.741625e+03 
3.741625e+03 
3.741625e+03 
3.741625e+03 
3.741625e+03 
3.741625e+03 
3.741625e+03 
3.741625e+03 
3.741625e+03 
3.741625e+03 
3.741625e+03 
3.741625e+03 
3.741625e+03 
3.741625e+03 
3.741625e+03 
3.741625e+03 
3.741625e+03 
3.741625e+03 
3.741625e+03 
3.741625e+03 
3.741625e+03 
3.741625e+03 
3.741625e+03 
3.741625e+03 
3.741625e+03 
3.741625e+03 
3.741625e+03 
3.741625e+03 
3.741625e+03 
3.741625e+03 
3.741625e+03 
3.741625e+03 
3.741625e+03 
3.741625e+03 
3.741625e+03 
3.741625e+03 
3.741625e+03 
3.741625e+03 
3.741625e+03 
3.741625e+03 
3.741625e+03 
3.741625e+03 
3.741625e+03 
3.741625e+03 
3.741625e+03 
3.741625e+03 
3.741625e+03 
3.741625e+03 
3.741625e+03 
3.741625e+03 
3.741625e+03 
3.741625e+03 
3.741625e+03 
3.741625e+03 
3.741625e+03 
3.741625e+03 
3.741625e+03 
3.741625e+03 
3.741625e+03 
3.741625e+03 
3.741625e+03 
3.741625e+03 
3.741625e+03 
3.741625e+03 
3.741625e+03 
3.741625e+03 
3.741625e+03 
3.741625e+03 
3.741625e+03 
3.741625e+03 
3.741625e+03 
3.741625e+03 
3.741625e+03 
3.741625e+03 
3.741625e+03 
3.741625e+03 
3.741625e+03 
3.741625e+03 
3.741625e+03 
3.741625e+03 
3.741625e+03 
3.741625e+03 
3.741625e+03 
3.741625e+03 
3.741625e+03 
3.741625e+03 
3.741625e+03 
3.741625e+03 
3.741625e+03 
3.741625e+03 
3.741625e+03 
3.741625e+03 
3.741625e+03 
3.741625e+03 
3.741625e+03 
3.741625e+03 
3.741625e+03 
3.741625e+03 
3.741625e+03 
3.741625e+03 
3.741625e+03 
3.741625e+03 
3.741625e+03 
3.741625e+03 
3.741625e+03 
3.741625e+03 
3.741625e+03 
3.741625e+03 
3.741625e+03 
3.741625e+03 
3.741625e+03 
3.741625e+03 
3.741625e+03 
3.741625e+03 
3.741625e+03 
3.741625e+03 
3.741625e+03 
3.741625e+03 
3.741625e+03 
3.736405e+03 
3.736405e+03 
3.736405e+03 
3.736405e+03 
3.736405e+03 
3.736405e+03 
3.736405e+03 
3.736405e+03 
3.736405e+03 
3.736405e+03 
3.736405e+03 
3.736405e+03 
3.736405e+03 
3.736405e+03 
3.736405e+03 
3.736405e+03 
3.736405e+03 
3.736405e+03 
3.736405e+03 
3.736405e+03 
3.736405e+03 
3.736405e+03 
3.736405e+03 
3.736405e+03 
3.736405e+03 
3.736405e+03 
3.736405e+03 
3.736405e+03 
3.736405e+03 
3.736405e+03 
3.736405e+03 
3.736405e+03 
3.736405e+03 
3.736405e+03 
3.736405e+03 
3.736405e+03 
3.736405e+03 
3.736405e+03 
3.736405e+03 
3.736405e+03 
3.736405e+03 
3.736405e+03 
3.736405e+03 
3.736405e+03 
3.736405e+03 
3.736405e+03 
3.736405e+03 
3.736405e+03 
3.736405e+03 
3.736405e+03 
3.736405e+03 
3.736405e+03 
3.736405e+03 
3.736405e+03 
3.736405e+03 
3.736405e+03 
3.736405e+03 
3.736405e+03 
3.736405e+03 
3.736405e+03 
3.736405e+03 
3.736405e+03 
3.736405e+03 
3.736405e+03 
3.736405e+03 
3.736405e+03 
3.736405e+03 
3.736405e+03 
3.736405e+03 
3.736405e+03 
3.736405e+03 
3.736405e+03 
3.736405e+03 
3.736405e+03 
3.736405e+03 
3.736405e+03 
3.736405e+03 
3.736405e+03 
3.736405e+03 
3.736405e+03 
3.736405e+03 
3.736405e+03 
3.736405e+03 
3.736405e+03 
3.736405e+03 
3.736405e+03 
3.736405e+03 
3.736405e+03 
3.736405e+03 
3.736405e+03 
3.736405e+03 
3.736405e+03 
3.736405e+03 
3.736405e+03 
3.736405e+03 
3.736405e+03 
3.736405e+03 
3.736405e+03 
3.736405e+03 
3.736405e+03 
3.736405e+03 
3.736405e+03 
3.736405e+03 
3.736405e+03 
3.736405e+03 
3.736405e+03 
3.736405e+03 
3.736405e+03 
3.736405e+03 
3.736405e+03 
3.736405e+03 
3.736405e+03 
3.736405e+03 
3.736405e+03 
3.736405e+03 
3.736405e+03 
3.736405e+03 
3.736405e+03 
3.736405e+03 
3.736405e+03 
3.736405e+03 
3.736405e+03 
3.736405e+03 
3.736405e+03 
3.736405e+03 
3.736405e+03 
3.736405e+03 
3.736405e+03 
3.736405e+03 
3.736405e+03 
3.736405e+03 
3.736405e+03 
3.736405e+03 
3.736405e+03 
3.736405e+03 
3.736405e+03 
3.736405e+03 
3.736405e+03 
3.724627e+03 
3.724627e+03 
3.724627e+03 
3.724627e+03 
3.724627e+03 
3.724627e+03 
3.724627e+03 
3.724627e+03 
3.724627e+03 
3.724627e+03 
3.724627e+03 
3.724627e+03 
3.724627e+03 
3.724627e+03 
3.724627e+03 
3.724627e+03 
3.724627e+03 
3.724627e+03 
3.724627e+03 
3.724627e+03 
3.724627e+03 
3.724627e+03 
3.724627e+03 
3.724627e+03 
3.724627e+03 
3.724627e+03 
3.724627e+03 
3.724627e+03 
3.724627e+03 
3.724627e+03 
3.724627e+03 
3.724627e+03 
3.724627e+03 
3.724627e+03 
3.724627e+03 
3.724627e+03 
3.724627e+03 
3.724627e+03 
3.724627e+03 
3.724627e+03 
3.724627e+03 
3.724627e+03 
3.724627e+03 
3.724627e+03 
3.724627e+03 
3.724627e+03 
3.724627e+03 
3.724627e+03 
3.724627e+03 
3.724627e+03 
3.724627e+03 
3.724627e+03 
3.724627e+03 
3.724627e+03 
3.724627e+03 
3.724627e+03 
3.724627e+03 
3.724627e+03 
3.724627e+03 
3.724627e+03 
3.724627e+03 
3.724627e+03 
3.724627e+03 
3.724627e+03 
3.724627e+03 
3.724627e+03 
3.724627e+03 
3.724627e+03 
3.724627e+03 
3.724627e+03 
3.724627e+03 
3.724627e+03 
3.724627e+03 
3.724627e+03 
3.724627e+03 
3.724627e+03 
3.724627e+03 
3.724627e+03 
3.724627e+03 
3.724627e+03 
3.718707e+03 
3.718707e+03 
3.718707e+03 
3.718707e+03 
3.718707e+03 
3.718707e+03 
3.718707e+03 
3.718707e+03 
3.718707e+03 
3.718707e+03 
3.718707e+03 
3.718707e+03 
3.718707e+03 
3.718707e+03 
3.718707e+03 
3.718707e+03 
3.718707e+03 
3.718707e+03 
3.718707e+03 
3.718707e+03 
3.718707e+03 
3.718707e+03 
3.718707e+03 
3.718707e+03 
3.718707e+03 
3.718707e+03 
3.718707e+03 
3.718707e+03 
3.718707e+03 
3.718707e+03 
3.718707e+03 
3.718707e+03 
3.718707e+03 
3.718707e+03 
3.718707e+03 
3.718707e+03 
3.718707e+03 
3.718707e+03 
3.718707e+03 
3.718707e+03 
3.718707e+03 
3.718707e+03 
3.718707e+03 
3.718707e+03 
3.718707e+03 
3.718707e+03 
3.718707e+03 
3.718707e+03 
3.718707e+03 
3.718707e+03 
3.718707e+03 
3.718707e+03 
3.718707e+03 
3.718707e+03 
3.718707e+03 
3.718707e+03 
3.718707e+03 
3.718707e+03 
3.718707e+03 
3.718707e+03 
3.718707e+03 
3.718707e+03 
3.718707e+03 
3.718707e+03 
3.718707e+03 
3.718707e+03 
3.718707e+03 
3.718707e+03 
3.718654e+03 
3.718654e+03 
3.718654e+03 
3.718654e+03 
3.718514e+03 
3.718514e+03 
3.718514e+03 
3.718514e+03 
3.718514e+03 
3.718514e+03 
3.718514e+03 
3.718514e+03 
3.718514e+03 
3.718514e+03 
3.718514e+03 
3.718514e+03 
3.718514e+03 
3.718514e+03 
3.718514e+03 
3.718514e+03 
3.718514e+03 
3.718514e+03 
3.718514e+03 
3.718514e+03 
3.718514e+03 
3.718514e+03 
3.718514e+03 
3.718514e+03 
3.718514e+03 
3.718514e+03 
3.718514e+03 
3.718514e+03 
3.718514e+03 
3.718514e+03 
3.718514e+03 
3.718498e+03 
3.718498e+03 
3.718498e+03 
3.718498e+03 
3.718498e+03 
3.718498e+03 
3.718498e+03 
3.718498e+03 
3.718498e+03 
3.718498e+03 
3.718498e+03 
3.718498e+03 
3.718498e+03 
3.718498e+03 
3.718498e+03 
3.718498e+03 
3.718498e+03 
3.718498e+03 
3.718498e+03 
3.718498e+03 
3.718498e+03 
3.718498e+03 
3.718498e+03 
3.718498e+03 
3.718498e+03 
3.718498e+03 
3.718498e+03 
3.718498e+03 
3.718498e+03 
3.718498e+03 
3.718498e+03 
3.718498e+03 
3.718498e+03 
3.718498e+03 
3.718498e+03 
3.718498e+03 
3.718498e+03 
3.718498e+03 
3.718498e+03 
3.718498e+03 
3.718498e+03 
3.718498e+03 
3.718498e+03 
3.718498e+03 
3.718498e+03 
3.718498e+03 
3.718498e+03 
3.718498e+03 
3.718498e+03 
3.718498e+03 
3.718498e+03 
3.718498e+03 
3.718498e+03 
3.718498e+03 
3.718498e+03 
3.718498e+03 
3.718451e+03 
3.718451e+03 
3.718451e+03 
3.718451e+03 
3.718451e+03 
3.718451e+03 
3.718451e+03 
3.718420e+03 
3.718420e+03 
3.718420e+03 
3.718420e+03 
3.718420e+03 
3.718420e+03 
3.718420e+03 
3.718420e+03 
3.718420e+03 
3.718420e+03 
3.718420e+03 
3.718420e+03 
3.718420e+03 
3.718420e+03 
3.718420e+03 
3.718420e+03 
3.718420e+03 
3.718420e+03 
3.718420e+03 
3.718420e+03 
3.718420e+03 
3.718420e+03 
3.718420e+03 
3.718420e+03 
3.718420e+03 
3.718420e+03 
3.718420e+03 
3.718420e+03 
3.718420e+03 
3.718420e+03 
3.718420e+03 
3.718420e+03 
3.718420e+03 
3.718420e+03 
3.718420e+03 
3.718420e+03 
3.718420e+03 
3.718420e+03 
3.718420e+03 
3.718420e+03 
3.718420e+03 
3.718420e+03 
3.718420e+03 
3.718420e+03 
3.718420e+03 
3.718420e+03 
3.718420e+03 
3.718420e+03 
3.718420e+03 
3.718420e+03 
3.718420e+03 
3.718420e+03 
3.718420e+03 
3.718420e+03 
3.718420e+03 
3.718420e+03 
3.718420e+03 
3.718420e+03 
3.718420e+03 
3.718420e+03 
3.718420e+03 
3.718420e+03 
3.718420e+03 
3.718420e+03 
3.718420e+03 
3.718420e+03 
3.718420e+03 
3.718420e+03 
3.718420e+03 
3.718420e+03 
3.718420e+03 
3.718420e+03 
3.718420e+03 
3.718420e+03 
3.718420e+03 
3.718420e+03 
3.718420e+03 
3.718420e+03 
3.718420e+03 
3.718420e+03 
3.718420e+03 
3.718420e+03 
3.718420e+03 
3.718420e+03 
3.718420e+03 
3.718420e+03 
3.718420e+03 
3.718420e+03 
3.718420e+03 
3.718420e+03 
3.718420e+03 
3.718420e+03 
3.718420e+03 
3.718420e+03 
3.718420e+03 
3.718420e+03 
3.718420e+03 
3.718420e+03 
3.718420e+03 
3.718420e+03 
3.718420e+03 
3.718420e+03 
3.718420e+03 
3.718420e+03 
3.718420e+03 
3.718420e+03 
3.718420e+03 
3.718420e+03 
3.718420e+03 
3.718420e+03 
3.718420e+03 
3.718420e+03 
3.718420e+03 
3.718420e+03 
3.718420e+03 
3.718420e+03 
3.718420e+03 
3.718420e+03 
3.718420e+03 
3.718420e+03 
3.718420e+03 
3.718420e+03 
3.718420e+03 
3.718420e+03 
3.718018e+03 
3.718018e+03 
3.718018e+03 
3.718018e+03 
3.718018e+03 
3.717087e+03 
3.717087e+03 
3.717087e+03 
3.717087e+03 
3.717087e+03 
3.717087e+03 
3.717087e+03 
3.717087e+03 
3.717087e+03 
3.717087e+03 
3.717087e+03 
3.717087e+03 
3.717087e+03 
3.717087e+03 
3.717087e+03 
3.717087e+03 
3.717087e+03 
3.717087e+03 
3.717087e+03 
3.717087e+03 
3.717087e+03 
3.717087e+03 
3.717087e+03 
3.717087e+03 
3.717087e+03 
3.717087e+03 
3.717087e+03 
3.717087e+03 
3.717087e+03 
3.717087e+03 
3.717087e+03 
3.717087e+03 
3.717087e+03 
3.717087e+03 
3.717087e+03 
3.717087e+03 
3.717087e+03 
3.717067e+03 
3.717067e+03 
3.716172e+03 
3.716172e+03 
3.716172e+03 
3.716172e+03 
3.716172e+03 
3.716172e+03 
3.716172e+03 
3.715099e+03 
3.714844e+03 
3.714818e+03 
3.714818e+03 
3.714747e+03 
3.714704e+03 
3.714683e+03 
3.714673e+03 
3.714667e+03 
3.714664e+03 
3.714662e+03 
3.714661e+03 
3.714660e+03 
3.714660e+03 
3.714660e+03 
3.714660e+03 
3.714660e+03 
3.714659e+03 
3.714659e+03 
3.714659e+03 
3.714659e+03 
3.714659e+03 
3.714659e+03 
3.714659e+03 
3.714659e+03 
3.714659e+03 
3.714659e+03 
3.714659e+03 
3.714659e+03 
3.714659e+03 
3.714659e+03 
3.714659e+03 
3.714659e+03 
3.714659e+03 
3.714659e+03 
3.714659e+03 
3.714659e+03 
3.714659e+03 
3.714659e+03 
3.714659e+03 
3.714659e+03 
3.714659e+03 
3.714659e+03 
3.714659e+03 
3.714659e+03 
3.714659e+03 
3.714659e+03 
3.714659e+03 
3.714659e+03 
3.714659e+03 
3.714659e+03 
3.714659e+03 
3.714659e+03 
3.714659e+03 
3.714659e+03 
3.714659e+03 
3.714659e+03 
3.714659e+03 
3.714659e+03 
3.714659e+03 
3.714659e+03 
3.714659e+03 
3.714659e+03 
3.714659e+03 
3.713238e+03 
3.712724e+03 
3.712724e+03 
3.712724e+03 
3.712724e+03 
3.712202e+03 
3.712202e+03 
3.712202e+03 
3.712202e+03 
3.712202e+03 
3.712202e+03 
3.712202e+03 
3.712202e+03 
3.712202e+03 
3.712202e+03 
3.712011e+03 
3.712011e+03 
3.712011e+03 
3.712011e+03 
3.711948e+03 
3.711948e+03 
3.711948e+03 
3.711948e+03 
3.711925e+03 
3.711925e+03 
3.711925e+03 
3.711925e+03 
3.711889e+03 
3.711889e+03 
3.711889e+03 
3.711889e+03 
3.711889e+03 
3.711889e+03 
3.711889e+03 
3.711889e+03 
3.711889e+03 
3.711889e+03 
3.710481e+03 
3.710481e+03 
3.710481e+03 
3.708919e+03 
3.708919e+03 
3.708248e+03 
3.708248e+03 
3.707826e+03 
3.707826e+03 
3.707574e+03 
3.707574e+03 
3.707574e+03 
3.707574e+03 
3.707574e+03 
3.707574e+03 
3.707574e+03 
3.707574e+03 
3.707574e+03 
3.707574e+03 
3.707574e+03 
3.707191e+03 
3.707191e+03 
3.707191e+03 
3.707191e+03 
3.707191e+03 
3.707191e+03 
3.707191e+03 
3.707191e+03 
3.707191e+03 
3.707191e+03 
3.707191e+03 
3.707191e+03 
3.707191e+03 
3.707191e+03 
3.707191e+03 
3.707191e+03 
3.707191e+03 
3.707191e+03 
3.707191e+03 
3.707191e+03 
3.707191e+03 
3.707191e+03 
3.707191e+03 
3.707191e+03 
3.707191e+03 
3.707191e+03 
3.707191e+03 
3.707191e+03 
3.707191e+03 
3.707191e+03 
3.707191e+03 
3.707191e+03 
3.707191e+03 
3.707191e+03 
3.707191e+03 
3.707076e+03 
3.707076e+03 
3.707076e+03 
3.707076e+03 
3.707076e+03 
3.707076e+03 
3.707076e+03 
3.707076e+03 
3.707076e+03 
3.707076e+03 
3.707076e+03 
3.707076e+03 
3.707076e+03 
3.707076e+03 
3.707076e+03 
3.707076e+03 
3.707076e+03 
3.707076e+03 
3.707076e+03 
3.707076e+03 
3.707076e+03 
3.707076e+03 
3.707076e+03 
3.707076e+03 
3.707076e+03 
3.707076e+03 
3.707076e+03 
3.707076e+03 
3.707076e+03 
3.707076e+03 
3.704900e+03 
3.704900e+03 
3.704900e+03 
3.704900e+03 
3.704900e+03 
3.704900e+03 
3.704900e+03 
3.704900e+03 
3.704900e+03 
3.704900e+03 
3.704900e+03 
3.704900e+03 
3.704900e+03 
3.704900e+03 
3.704900e+03 
3.704900e+03 
3.704900e+03 
3.704900e+03 
3.704900e+03 
3.704900e+03 
3.704900e+03 
3.704900e+03 
3.704900e+03 
3.704900e+03 
3.704900e+03 
3.704900e+03 
3.704900e+03 
3.704900e+03 
3.704900e+03 
3.704900e+03 
3.704900e+03 
3.704900e+03 
3.704900e+03 
3.704900e+03 
3.704900e+03 
3.704900e+03 
3.704900e+03 
3.704900e+03 
3.704900e+03 
3.704900e+03 
3.704875e+03 
3.704875e+03 
3.704875e+03 
3.704875e+03 
3.704875e+03 
3.704875e+03 
3.704875e+03 
3.704875e+03 
3.704875e+03 
3.704875e+03 
3.704875e+03 
3.704875e+03 
3.704875e+03 
3.704875e+03 
3.704875e+03 
3.704875e+03 
3.704875e+03 
3.704875e+03 
3.704875e+03 
3.704875e+03 
3.704875e+03 
3.704875e+03 
3.704875e+03 
3.704875e+03 
3.704875e+03 
3.704875e+03 
3.704875e+03 
3.704875e+03 
3.704875e+03 
3.704875e+03 
3.704875e+03 
3.704875e+03 
3.704875e+03 
3.704875e+03 
3.704875e+03 
3.704875e+03 
3.704875e+03 
3.704875e+03 
3.704875e+03 
3.704875e+03 
3.704875e+03 
3.704875e+03 
3.704875e+03 
3.704875e+03 
3.704875e+03 
3.704875e+03 
3.704875e+03 
3.704875e+03 
3.704875e+03 
3.704875e+03 
3.704875e+03 
3.704875e+03 
3.704819e+03 
3.704819e+03 
3.704819e+03 
3.704819e+03 
3.704819e+03 
3.704624e+03 
3.704624e+03 
3.704624e+03 
3.704624e+03 
3.704624e+03 
3.704624e+03 
3.704624e+03 
3.704624e+03 
3.704624e+03 
3.704624e+03 
3.704624e+03 
3.704624e+03 
3.704624e+03 
3.704624e+03 
3.704624e+03 
3.704624e+03 
3.704624e+03 
3.704624e+03 
3.704624e+03 
3.704624e+03 
3.704624e+03 
3.704624e+03 
3.704624e+03 
3.704624e+03 
3.704624e+03 
3.704624e+03 
3.704624e+03 
3.704624e+03 
3.704624e+03 
3.704624e+03 
3.704624e+03 
3.704624e+03 
3.704624e+03 
3.704624e+03 
3.704624e+03 
3.704624e+03 
3.704624e+03 
3.704624e+03 
3.704624e+03 
3.704624e+03 
3.704624e+03 
3.704624e+03 
3.704624e+03 
3.704624e+03 
3.704624e+03 
3.704624e+03 
3.704624e+03 
3.704624e+03 
3.704624e+03 
3.704624e+03 
3.704624e+03 
3.704624e+03 
3.704624e+03 
3.704624e+03 
3.704624e+03 
3.704624e+03 
3.704624e+03 
3.704624e+03 
3.704624e+03 
3.704624e+03 
3.704624e+03 
3.704624e+03 
3.704624e+03 
3.704624e+03 
3.704624e+03 
3.704624e+03 
3.704624e+03 
3.704624e+03 
3.704624e+03 
3.704624e+03 
3.704624e+03 
3.704624e+03 
3.704624e+03 
3.704624e+03 
3.704624e+03 
3.704624e+03 
3.704624e+03 
3.704624e+03 
3.704624e+03 
3.704462e+03 
3.704462e+03 
3.704462e+03 
3.704462e+03 
3.704462e+03 
3.704462e+03 
3.704297e+03 
3.704297e+03 
3.704020e+03 
3.704020e+03 
3.704020e+03 
3.704020e+03 
3.704020e+03 
3.704020e+03 
3.704020e+03 
3.704020e+03 
3.704020e+03 
3.704020e+03 
3.704020e+03 
3.704020e+03 
3.704020e+03 
3.704020e+03 
3.704020e+03 
3.704020e+03 
3.704020e+03 
3.704020e+03 
3.704020e+03 
3.704020e+03 
3.704020e+03 
3.704020e+03 
3.704020e+03 
3.704020e+03 
3.704020e+03 
3.704020e+03 
3.704020e+03 
3.704020e+03 
3.704020e+03 
3.704020e+03 
3.704020e+03 
3.704020e+03 
3.704020e+03 
3.704020e+03 
3.704020e+03 
3.704020e+03 
3.704020e+03 
3.704020e+03 
3.704020e+03 
3.704020e+03 
3.704020e+03 
3.704020e+03 
3.704020e+03 
3.704020e+03 
3.704020e+03 
3.704020e+03 
3.704020e+03 
3.704020e+03 
3.704020e+03 
3.704020e+03 
3.704020e+03 
3.704020e+03 
3.704020e+03 
3.704020e+03 
3.704020e+03 
3.704020e+03 
3.704020e+03 
3.704020e+03 
3.704020e+03 
3.704020e+03 
3.704020e+03 
3.704020e+03 
3.704020e+03 
3.704005e+03 
3.704005e+03 
3.704005e+03 
3.704005e+03 
3.704005e+03 
3.704005e+03 
3.704005e+03 
3.704005e+03 
3.704005e+03 
3.704005e+03 
3.704005e+03 
3.704005e+03 
3.704005e+03 
3.704005e+03 
3.704005e+03 
3.704005e+03 
3.704005e+03 
3.704005e+03 
3.704005e+03 
3.704005e+03 
3.704005e+03 
3.704005e+03 
3.704005e+03 
3.704005e+03 
3.704005e+03 
3.704005e+03 
3.704005e+03 
3.703605e+03 
3.703605e+03 
3.703605e+03 
3.703605e+03 
3.703605e+03 
3.703605e+03 
3.703605e+03 
3.703605e+03 
3.703605e+03 
3.703605e+03 
3.703605e+03 
3.703605e+03 
3.703605e+03 
3.703605e+03 
3.703605e+03 
3.703605e+03 
3.703605e+03 
3.703605e+03 
3.703605e+03 
3.703605e+03 
3.703605e+03 
3.703605e+03 
3.703605e+03 
3.703605e+03 
3.703605e+03 
3.703605e+03 
3.703605e+03 
3.703605e+03 
3.703605e+03 
3.703605e+03 
3.703605e+03 
3.703605e+03 
3.703605e+03 
3.703605e+03 
3.703605e+03 
3.703605e+03 
3.703605e+03 
3.703605e+03 
3.703605e+03 
3.703605e+03 
3.703605e+03 
3.703605e+03 
3.703605e+03 
3.703605e+03 
3.703605e+03 
3.703484e+03 
3.703484e+03 
3.703484e+03 
3.703484e+03 
3.703484e+03 
3.703484e+03 
3.703484e+03 
3.703484e+03 
3.703484e+03 
3.703484e+03 
3.703484e+03 
3.703484e+03 
3.703484e+03 
3.703484e+03 
3.703484e+03 
3.703484e+03 
3.703484e+03 
3.703484e+03 
3.703484e+03 
3.703484e+03 
3.703484e+03 
3.703484e+03 
3.703484e+03 
3.703484e+03 
3.703484e+03 
3.703484e+03 
3.703484e+03 
3.703484e+03 
3.703484e+03 
3.703484e+03 
3.703484e+03 
3.703484e+03 
3.703484e+03 
3.703484e+03 
3.703484e+03 
3.703484e+03 
3.703484e+03 
3.703484e+03 
3.703484e+03 
3.703484e+03 
3.703484e+03 
3.703484e+03 
3.703484e+03 
3.703484e+03 
3.703484e+03 
3.703484e+03 
3.703484e+03 
3.703484e+03 
3.703484e+03 
3.703484e+03 
3.703484e+03 
3.703484e+03 
3.703066e+03 
3.703066e+03 
3.703066e+03 
3.703066e+03 
3.703066e+03 
3.703066e+03 
3.703066e+03 
3.703066e+03 
3.703066e+03 
3.703066e+03 
3.703066e+03 
3.703066e+03 
3.703066e+03 
3.703066e+03 
3.703066e+03 
3.703066e+03 
3.703066e+03 
3.703066e+03 
3.703066e+03 
3.703066e+03 
3.703066e+03 
3.703066e+03 
3.703066e+03 
3.703066e+03 
3.703066e+03 
3.703066e+03 
3.703066e+03 
3.703066e+03 
3.702857e+03 
3.702857e+03 
3.702857e+03 
3.702857e+03 
3.702857e+03 
3.702857e+03 
3.702825e+03 
3.702825e+03 
3.702825e+03 
3.702825e+03 
3.702825e+03 
3.702825e+03 
3.702825e+03 
3.702825e+03 
3.702825e+03 
3.702825e+03 
3.702825e+03 
3.702825e+03 
3.702825e+03 
3.702825e+03 
3.702825e+03 
3.702825e+03 
3.702825e+03 
3.702825e+03 
3.702825e+03 
3.702825e+03 
3.702825e+03 
3.702825e+03 
3.702825e+03 
3.702825e+03 
3.702825e+03 
3.702825e+03 
3.702825e+03 
3.702825e+03 
3.702825e+03 
3.702825e+03 
3.702825e+03 
3.702825e+03 
3.702825e+03 
3.702825e+03 
3.702825e+03 
3.702825e+03 
3.702825e+03 
3.702825e+03 
3.702825e+03 
3.702825e+03 
3.702825e+03 
3.702825e+03 
3.702825e+03 
3.702825e+03 
3.702825e+03 
3.702825e+03 
3.702825e+03 
3.702825e+03 
3.702825e+03 
3.702825e+03 
3.702825e+03 
3.702825e+03 
3.702825e+03 
3.702825e+03 
3.702825e+03 
3.702825e+03 
3.702825e+03 
3.702825e+03 
3.702825e+03 
3.702825e+03 
3.702825e+03 
3.702825e+03 
3.702801e+03 
3.702801e+03 
3.702801e+03 
3.702801e+03 
3.702801e+03 
3.702801e+03 
3.702801e+03 
3.702559e+03 
3.702559e+03 
3.702559e+03 
3.702559e+03 
3.702559e+03 
3.702559e+03 
3.702559e+03 
3.702559e+03 
3.702559e+03 
3.702559e+03 
3.702559e+03 
3.702559e+03 
3.702559e+03 
3.702559e+03 
3.702559e+03 
3.702559e+03 
3.702559e+03 
3.702559e+03 
3.702559e+03 
3.702559e+03 
3.702559e+03 
3.702559e+03 
3.702559e+03 
3.702559e+03 
3.702559e+03 
3.702559e+03 
3.702559e+03 
3.702559e+03 
3.702559e+03 
3.702559e+03 
3.702559e+03 
3.702559e+03 
3.702559e+03 
3.702559e+03 
3.702559e+03 
3.702559e+03 
3.702559e+03 
3.702559e+03 
3.702559e+03 
3.702559e+03 
3.702559e+03 
3.702559e+03 
3.702559e+03 
3.702559e+03 
3.702559e+03 
3.702559e+03 
3.702559e+03 
3.702559e+03 
3.702559e+03 
3.702559e+03 
3.702559e+03 
3.702559e+03 
3.702559e+03 
3.702559e+03 
3.702559e+03 
3.702559e+03 
3.702559e+03 
3.702559e+03 
3.702559e+03 
3.702559e+03 
3.702559e+03 
3.702559e+03 
3.702559e+03 
3.702559e+03 
3.702559e+03 
3.702559e+03 
3.702559e+03 
3.702559e+03 
3.702559e+03 
3.702559e+03 
3.702559e+03 
3.702559e+03 
3.702559e+03 
3.702559e+03 
3.702559e+03 
3.702559e+03 
3.702559e+03 
3.702559e+03 
3.702559e+03 
3.702559e+03 
3.702559e+03 
3.702559e+03 
3.702559e+03 
3.702559e+03 
3.702558e+03 
3.702558e+03 
3.702521e+03 
3.702518e+03 
3.702518e+03 
3.702509e+03 
3.702505e+03 
3.702503e+03 
3.702503e+03 
3.702503e+03 
3.702503e+03 
3.702503e+03 
3.702503e+03 
3.702503e+03 
3.702502e+03 
3.702502e+03 
3.702502e+03 
3.702502e+03 
3.702501e+03 
3.702501e+03 
3.702501e+03 
3.702501e+03 
3.702501e+03 
3.702501e+03 
3.702501e+03 
3.702501e+03 
3.702501e+03 
3.702501e+03 
3.702501e+03 
3.702501e+03 
3.702501e+03 
3.702501e+03 
3.702501e+03 
3.702501e+03 
3.702501e+03 
3.702501e+03 
3.702501e+03 
3.702501e+03 
3.702501e+03 
3.702501e+03 
3.702501e+03 
3.702501e+03 
3.702501e+03 
3.702501e+03 
3.702501e+03 
3.702501e+03 
3.702501e+03 
3.702501e+03 
3.702501e+03 
3.702501e+03 
3.702501e+03 
3.702501e+03 
3.702501e+03 
3.702501e+03 
3.702501e+03 
3.702501e+03 
3.702501e+03 
3.702501e+03 
3.702501e+03 
3.702501e+03 
3.702501e+03 
3.702501e+03 
3.702501e+03 
3.702501e+03 
3.702501e+03 
3.701711e+03 
3.701711e+03 
3.701711e+03 
3.701711e+03 
3.701711e+03 
3.701711e+03 
3.701519e+03 
3.701519e+03 
3.701519e+03 
3.701460e+03 
3.701460e+03 
3.701460e+03 
3.701460e+03 
3.701460e+03 
3.701460e+03 
3.701452e+03 
3.701452e+03 
3.701445e+03 
3.701439e+03 
3.701437e+03 
3.701435e+03 
3.701435e+03 
3.701435e+03 
3.701435e+03 
3.701435e+03 
3.701434e+03 
3.700775e+03 
3.700775e+03 
3.700775e+03 
3.700442e+03 
3.700442e+03 
3.700442e+03 
3.700442e+03 
3.700442e+03 
3.700442e+03 
3.700442e+03 
3.700442e+03 
3.700442e+03 
3.700442e+03 
3.700442e+03 
3.700442e+03 
3.700442e+03 
3.700438e+03 
3.700438e+03 
3.700413e+03 
3.700413e+03 
3.700413e+03 
3.700413e+03 
3.700413e+03 
3.700413e+03 
3.700413e+03 
3.700413e+03 
3.700413e+03 
3.700399e+03 
3.700399e+03 
3.700399e+03 
3.700399e+03 
3.700399e+03 
3.700399e+03 
3.700399e+03 
3.700399e+03 
3.700399e+03 
3.700398e+03 
3.700398e+03 
3.700398e+03 
3.700398e+03 
3.700398e+03 
3.700398e+03 
3.700398e+03 
3.700397e+03 
3.700397e+03 
3.700397e+03 
3.700397e+03 
3.700397e+03 
3.700397e+03 
3.700397e+03 
3.700396e+03 
3.700396e+03 
3.700396e+03 
3.700395e+03 
3.700395e+03 
3.700395e+03 
3.700395e+03 
3.700395e+03 
3.700395e+03 
3.700395e+03 
3.700395e+03 
3.700395e+03 
3.700395e+03 
3.700395e+03 
3.700395e+03 
3.700395e+03 
3.700372e+03 
3.700372e+03 
3.700372e+03 
3.700372e+03 
3.700372e+03 
3.700372e+03 
3.700372e+03 
3.700372e+03 
3.700372e+03 
3.700372e+03 
3.700372e+03 
3.700372e+03 
3.700372e+03 
3.700372e+03 
3.700372e+03 
3.700372e+03 
3.700372e+03 
3.700372e+03 
3.700372e+03 
3.700030e+03 
3.700030e+03 
3.700030e+03 
3.700030e+03 
3.700029e+03 
3.700029e+03 
3.700029e+03 
3.700029e+03 
3.700008e+03 
3.700008e+03 
3.699977e+03 
3.699975e+03 
3.699975e+03 
3.699966e+03 
3.699966e+03 
3.699966e+03 
3.699966e+03 
3.699966e+03 
3.699966e+03 
3.699966e+03 
3.699966e+03 
3.699962e+03 
3.699962e+03 
3.699962e+03 
3.699960e+03 
3.699960e+03 
3.699960e+03 
3.699960e+03 
3.699959e+03 
3.699959e+03 
3.699957e+03 
3.699956e+03 
3.699956e+03 
3.699956e+03 
3.699956e+03 
3.699956e+03 
3.699955e+03 
3.699955e+03 
3.699955e+03 
3.699955e+03 
3.699955e+03 
3.699955e+03 
3.699955e+03 
3.699955e+03 
3.699955e+03 
3.699955e+03 
3.699955e+03 
3.699955e+03 
3.699955e+03 
3.699955e+03 
3.699955e+03 
3.699955e+03 
3.699955e+03 
3.699955e+03 
3.699955e+03 
3.699955e+03 
3.699955e+03 
3.699955e+03 
3.699955e+03 
3.699955e+03 
3.699955e+03 
3.699955e+03 
3.699955e+03 
3.699955e+03 
3.699955e+03 
3.699955e+03 
3.699955e+03 
3.699955e+03 
3.699955e+03 
3.699955e+03 
3.699955e+03 
3.699955e+03 
3.699955e+03 
3.699955e+03 
3.699955e+03 
3.699955e+03 
3.699955e+03 
3.699955e+03 
3.699955e+03 
3.699955e+03 
3.699955e+03 
3.699955e+03 
3.699955e+03 
3.699955e+03 
3.699955e+03 
3.699955e+03 
3.699955e+03 
3.699955e+03 
3.699955e+03 
3.699955e+03 
3.699955e+03 
3.699955e+03 
3.699955e+03 
3.699955e+03 
3.699955e+03 
3.699955e+03 
3.699955e+03 
3.699955e+03 
3.699955e+03 
3.699955e+03 
3.699955e+03 
3.699955e+03 
3.699955e+03 
3.699955e+03 
3.699955e+03 
3.699955e+03 
3.699955e+03 
3.699955e+03 
3.699955e+03 
3.699955e+03 
3.699955e+03 
3.699955e+03 
3.699955e+03 
3.699955e+03 
3.699955e+03 
3.699955e+03 
3.699955e+03 
3.699955e+03 
3.699955e+03 
3.699955e+03 
3.699955e+03 
3.699955e+03 
3.699955e+03 
3.699955e+03 
3.699955e+03 
3.699955e+03 
3.699955e+03 
3.699955e+03 
3.699955e+03 
3.699955e+03 
3.699955e+03 
3.699955e+03 
3.699955e+03 
3.699955e+03 
3.699955e+03 
3.699955e+03 
3.699955e+03 
3.699955e+03 
3.699955e+03 
3.699955e+03 
3.699955e+03 
3.699955e+03 
3.699955e+03 
3.699955e+03 
3.699955e+03 
3.699955e+03 
3.699955e+03 
3.699955e+03 
3.699955e+03 
3.699955e+03 
3.699955e+03 
3.699955e+03 
3.699955e+03 
3.699955e+03 
3.699801e+03 
3.699801e+03 
3.699801e+03 
3.699801e+03 
3.699801e+03 
3.699801e+03 
3.699801e+03 
3.699724e+03 
3.699709e+03 
3.699709e+03 
3.699709e+03 
3.699709e+03 
3.699677e+03 
3.699642e+03 
3.699626e+03 
3.699618e+03 
3.699614e+03 
3.699612e+03 
3.699611e+03 
3.699611e+03 
3.699610e+03 
3.699610e+03 
3.699610e+03 
3.699610e+03 
3.699610e+03 
3.699610e+03 
3.699610e+03 
3.699610e+03 
3.699610e+03 
3.699610e+03 
3.699610e+03 
3.699610e+03 
3.699610e+03 
3.699610e+03 
3.699610e+03 
3.699610e+03 
3.699610e+03 
3.699610e+03 
3.699610e+03 
3.699610e+03 
3.699501e+03 
3.699501e+03 
3.699501e+03 
3.699501e+03 
3.699501e+03 
3.699501e+03 
3.699501e+03 
3.699501e+03 
3.699501e+03 
3.699479e+03 
3.699478e+03 
3.699478e+03 
3.699478e+03 
3.699475e+03 
3.699475e+03 
3.699469e+03 
3.699469e+03 
3.699469e+03 
3.699469e+03 
3.699469e+03 
3.699469e+03 
3.699451e+03 
3.699442e+03 
3.699440e+03 
3.699440e+03 
3.699440e+03 
3.699440e+03 
3.699439e+03 
3.699439e+03 
3.699439e+03 
3.699439e+03 
3.699439e+03 
3.699439e+03 
3.699439e+03 
3.699439e+03 
3.699439e+03 
3.699439e+03 
3.699439e+03 
3.699439e+03 
3.699439e+03 
3.699439e+03 
3.699439e+03 
3.699439e+03 
3.699439e+03 
3.699439e+03 
3.699439e+03 
3.699439e+03 
3.699439e+03 
3.699439e+03 
3.699439e+03 
3.699439e+03 
3.699439e+03 
3.699439e+03 
3.699439e+03 
3.699439e+03 
3.699439e+03 
3.699439e+03 
3.699439e+03 
3.699439e+03 
3.699439e+03 
3.699439e+03 
3.699439e+03 
3.699439e+03 
3.699439e+03 
3.699439e+03 
3.699439e+03 
3.699439e+03 
3.699439e+03 
3.699439e+03 
3.699439e+03 
3.699439e+03 
3.699439e+03 
3.699439e+03 
3.699439e+03 
3.699439e+03 
3.699439e+03 
3.699439e+03 
3.699439e+03 
3.699439e+03 
3.699439e+03 
3.699439e+03 
3.699439e+03 
3.699439e+03 
3.699439e+03 
3.699439e+03 
3.699439e+03 
3.699439e+03 
3.699394e+03 
3.699394e+03 
3.699394e+03 
3.699394e+03 
3.699331e+03 
3.699331e+03 
3.699307e+03 
3.699307e+03 
3.699307e+03 
3.699273e+03 
3.699273e+03 
3.699273e+03 
3.699273e+03 
3.699273e+03 
3.699271e+03 
3.699269e+03 
3.699269e+03 
3.699269e+03 
3.699267e+03 
3.699267e+03 
3.699266e+03 
3.699266e+03 
3.699266e+03 
3.699266e+03 
3.699266e+03 
3.699266e+03 
3.699266e+03 
3.699266e+03 
3.699266e+03 
3.699266e+03 
3.699266e+03 
3.699266e+03 
3.699266e+03 
3.699266e+03 
3.699266e+03 
3.699266e+03 
3.699266e+03 
3.699266e+03 
3.699266e+03 
3.699266e+03 
3.699266e+03 
3.699266e+03 
3.699266e+03 
3.699266e+03 
3.699266e+03 
3.699266e+03 
3.699266e+03 
3.699266e+03 
3.699266e+03 
3.699266e+03 
3.699266e+03 
3.699266e+03 
3.699266e+03 
3.699266e+03 
3.699266e+03 
3.699266e+03 
3.699266e+03 
3.699266e+03 
3.699266e+03 
3.699266e+03 
3.699266e+03 
3.699266e+03 
3.699193e+03 
3.699193e+03 
3.699193e+03 
3.699193e+03 
3.699118e+03 
3.699070e+03 
3.699059e+03 
3.699056e+03 
3.699056e+03 
3.699056e+03 
3.699056e+03 
3.699054e+03 
3.699053e+03 
3.699053e+03 
3.699053e+03 
3.699053e+03 
3.699053e+03 
3.699053e+03 
3.699053e+03 
3.699053e+03 
3.699053e+03 
3.699053e+03 
3.699053e+03 
3.699053e+03 
3.699053e+03 
3.699053e+03 
3.699053e+03 
3.699053e+03 
3.699053e+03 
3.699053e+03 
3.699029e+03 
3.699029e+03 
3.699029e+03 
3.699020e+03 
3.699020e+03 
3.699020e+03 
3.698983e+03 
3.698983e+03 
3.698983e+03 
3.698953e+03 
3.698909e+03 
3.698897e+03 
3.698897e+03 
3.698897e+03 
3.698897e+03 
3.698897e+03 
3.698897e+03 
3.698865e+03 
3.698865e+03 
3.698865e+03 
3.698865e+03 
3.698865e+03 
3.698865e+03 
3.698865e+03 
3.698865e+03 
3.698865e+03 
3.698865e+03 
3.698865e+03 
3.698865e+03 
3.698865e+03 
3.698865e+03 
3.698865e+03 
3.698865e+03 
3.698865e+03 
3.698865e+03 
3.698865e+03 
3.698865e+03 
3.698865e+03 
3.698865e+03 
3.698865e+03 
3.698865e+03 
3.698865e+03 
3.698865e+03 
3.698865e+03 
3.698865e+03 
3.698865e+03 
3.698865e+03 
3.698865e+03 
3.698865e+03 
3.698865e+03 
3.698865e+03 
3.698865e+03 
3.698865e+03 
3.698865e+03 
3.698865e+03 
3.698865e+03 
3.698865e+03 
3.698865e+03 
3.698865e+03 
3.698865e+03 
3.698865e+03 
3.698865e+03 
3.698865e+03 
3.698865e+03 
3.698865e+03 
3.698865e+03 
3.698865e+03 
3.698865e+03 
3.698853e+03 
3.698787e+03 
3.698787e+03 
3.698787e+03 
3.698784e+03 
3.698783e+03 
3.698783e+03 
3.698783e+03 
3.698781e+03 
3.698779e+03 
3.698779e+03 
3.698778e+03 
3.698778e+03 
3.698778e+03 
3.698778e+03 
3.698778e+03 
3.698778e+03 
3.698778e+03 
3.698778e+03 
3.698778e+03 
3.698778e+03 
3.698778e+03 
3.698778e+03 
3.698778e+03 
3.698778e+03 
3.698778e+03 
3.698778e+03 
3.698778e+03 
3.698778e+03 
3.698778e+03 
3.698778e+03 
3.698778e+03 
3.698778e+03 
3.698778e+03 
3.698778e+03 
3.698778e+03 
3.698778e+03 
3.698778e+03 
3.698778e+03 
3.698778e+03 
3.698778e+03 
3.698778e+03 
3.698778e+03 
3.698778e+03 
3.698778e+03 
3.698757e+03 
3.698754e+03 
3.698754e+03 
3.698753e+03 
3.698751e+03 
3.698751e+03 
3.698751e+03 
3.698748e+03 
3.698721e+03 
3.698721e+03 
3.698721e+03 
3.698682e+03 
3.698682e+03 
3.698682e+03 
3.698682e+03 
3.698682e+03 
3.698682e+03 
3.698681e+03 
3.698681e+03 
3.698657e+03 
3.698650e+03 
3.698650e+03 
3.698645e+03 
3.698639e+03 
3.698639e+03 
3.698639e+03 
3.698632e+03 
3.698632e+03 
3.698632e+03 
3.698630e+03 
3.698630e+03 
3.698630e+03 
3.698630e+03 
3.698627e+03 
3.698627e+03 
3.698626e+03 
3.698626e+03 
3.698626e+03 
3.698625e+03 
3.698625e+03 
3.698624e+03 
3.698623e+03 
3.698623e+03 
3.698622e+03 
3.698622e+03 
3.698621e+03 
3.698616e+03 
3.698616e+03 
3.698616e+03 
3.698616e+03 
3.698616e+03 
3.698603e+03 
3.698603e+03 
3.698587e+03 
3.698587e+03 
3.698587e+03 
3.698587e+03 
3.698587e+03 
3.698574e+03 
3.698573e+03 
3.698573e+03 
3.698573e+03 
3.698573e+03 
3.698573e+03 
3.698573e+03 
3.698571e+03 
3.698571e+03 
3.698571e+03 
3.698571e+03 
3.698571e+03 
3.698571e+03 
3.698571e+03 
3.698571e+03 
3.698571e+03 
3.698571e+03 
3.698571e+03 
3.698571e+03 
3.698571e+03 
3.698571e+03 
3.698571e+03 
3.698571e+03 
3.698571e+03 
3.698571e+03 
3.698571e+03 
3.698571e+03 
3.698571e+03 
3.698571e+03 
3.698571e+03 
3.698571e+03 
3.698571e+03 
3.698571e+03 
3.698571e+03 
3.698571e+03 
3.698571e+03 
3.698571e+03 
3.698571e+03 
3.698571e+03 
3.698571e+03 
3.698571e+03 
3.698571e+03 
3.698571e+03 
3.698571e+03 
3.698571e+03 
3.698571e+03 
3.698571e+03 
3.698571e+03 
3.698571e+03 
3.698571e+03 
3.698571e+03 
3.698571e+03 
3.698571e+03 
3.698571e+03 
3.698571e+03 
3.698571e+03 
3.698571e+03 
3.698571e+03 
3.698571e+03 
3.698571e+03 
3.698571e+03 
3.698571e+03 
3.698571e+03 
3.698571e+03 
3.698571e+03 
3.698571e+03 
3.698571e+03 
3.698571e+03 
3.698565e+03 
3.698564e+03 
3.698563e+03 
3.698562e+03 
3.698562e+03 
3.698560e+03 
3.698560e+03 
3.698560e+03 
3.698560e+03 
3.698559e+03 
3.698557e+03 
3.698552e+03 
3.698545e+03 
3.698543e+03 
3.698542e+03 
3.698541e+03 
3.698537e+03 
3.698534e+03 
3.698533e+03 
3.698527e+03 
3.698526e+03 
3.698521e+03 
3.698518e+03 
3.698518e+03 
3.698518e+03 
3.698517e+03 
3.698517e+03 
3.698517e+03 
3.698517e+03 
3.698516e+03 
3.698516e+03 
3.698516e+03 
3.698515e+03 
3.698514e+03 
3.698514e+03 
3.698513e+03 
3.698513e+03 
3.698512e+03 
3.698512e+03 
3.698512e+03 
3.698511e+03 
3.698511e+03 
3.698511e+03 
3.698510e+03 
3.698510e+03 
3.698510e+03 
3.698510e+03 
3.698510e+03 
3.698510e+03 
3.698510e+03 
3.698509e+03 
3.698509e+03 
3.698509e+03 
3.698509e+03 
3.698509e+03 
3.698509e+03 
3.698509e+03 
3.698509e+03 
3.698509e+03 
3.698508e+03 
3.698508e+03 
3.698507e+03 
3.698505e+03 
3.698505e+03 
3.698466e+03 
3.698466e+03 
3.698466e+03 
3.698466e+03 
3.698466e+03 
3.698464e+03 
3.698464e+03 
3.698464e+03 
3.698464e+03 
3.698464e+03 
3.698464e+03 
3.698461e+03 
3.698461e+03 
3.698461e+03 
3.698461e+03 
3.698461e+03 
3.698461e+03 
3.698461e+03 
3.698461e+03 
3.698461e+03 
3.698461e+03 
3.698461e+03 
3.698461e+03 
3.698461e+03 
3.698461e+03 
3.698460e+03 
3.698460e+03 
3.698460e+03 
3.698460e+03 
3.698460e+03 
3.698460e+03 
3.698460e+03 
3.698460e+03 
3.698460e+03 
3.698460e+03 
3.698460e+03 
3.698460e+03 
3.698458e+03 
3.698458e+03 
3.698458e+03 
3.698458e+03 
3.698458e+03 
3.698458e+03 
3.698457e+03 
3.698457e+03 
3.698457e+03 
3.698457e+03 
3.698457e+03 
3.698457e+03 
3.698457e+03 
3.698457e+03 
3.698457e+03 
3.698457e+03 
3.698457e+03 
3.698456e+03 
3.698455e+03 
3.698455e+03 
3.698454e+03 
3.698453e+03 
3.698453e+03 
3.698452e+03 
3.698451e+03 
3.698449e+03 
3.698449e+03 
3.698449e+03 
3.698449e+03 
3.698449e+03 
3.698449e+03 
3.698449e+03 
3.698449e+03 
3.698448e+03 
3.698448e+03 
3.698448e+03 
3.698448e+03 
3.698448e+03 
3.698448e+03 
3.698448e+03 
3.698448e+03 
3.698448e+03 
3.698448e+03 
3.698448e+03 
3.698448e+03 
3.698448e+03 
3.698448e+03 
3.698447e+03 
3.698442e+03 
3.698439e+03 
3.698439e+03 
3.698439e+03 
3.698439e+03 
3.698439e+03 
3.698438e+03 
3.698438e+03 
3.698438e+03 
3.698438e+03 
3.698438e+03 
3.698438e+03 
3.698438e+03 
3.698438e+03 
3.698437e+03 
3.698437e+03 
3.698437e+03 
3.698436e+03 
3.698436e+03 
3.698436e+03 
3.698436e+03 
3.698436e+03 
3.698436e+03 
3.698436e+03 
3.698436e+03 
3.698436e+03 
3.698436e+03 
3.698436e+03 
3.698436e+03 
3.698436e+03 
3.698436e+03 
3.698436e+03 
3.698436e+03 
3.698436e+03 
3.698436e+03 
3.698436e+03 
3.698436e+03 
3.698431e+03 
3.698431e+03 
3.698431e+03 
3.698431e+03 
3.698430e+03 
3.698430e+03 
3.698430e+03 
3.698430e+03 
3.698430e+03 
3.698430e+03 
3.698430e+03 
3.698430e+03 
3.698430e+03 
3.698430e+03 
3.698430e+03 
3.698430e+03 
3.698430e+03 
3.698429e+03 
3.698429e+03 
3.698429e+03 
3.698429e+03 
3.698429e+03 
3.698429e+03 
3.698429e+03 
3.698429e+03 
3.698429e+03 
3.698429e+03 
3.698429e+03 
3.698429e+03 
3.698429e+03 
3.698429e+03 
3.698429e+03 
3.698429e+03 
3.698429e+03 
3.698428e+03 
3.698428e+03 
3.698428e+03 
3.698428e+03 
3.698428e+03 
3.698428e+03 
3.698427e+03 
3.698427e+03 
3.698427e+03 
3.698427e+03 
3.698427e+03 
3.698427e+03 
3.698427e+03 
3.698427e+03 
3.698427e+03 
3.698427e+03 
3.698427e+03 
3.698427e+03 
3.698427e+03 
3.698427e+03 
3.698427e+03 
3.698427e+03 
3.698427e+03 
3.698427e+03 
3.698427e+03 
3.698427e+03 
3.698427e+03 
3.698427e+03 
3.698427e+03 
3.698427e+03 
3.698427e+03 
3.698427e+03 
3.698427e+03 
3.698427e+03 
3.698427e+03 
3.698427e+03 
3.698427e+03 
3.698427e+03 
3.698427e+03 
3.698427e+03 
3.698427e+03 
3.698426e+03 
3.698426e+03 
3.698425e+03 
3.698425e+03 
3.698425e+03 
3.698424e+03 
3.698424e+03 
3.698424e+03 
3.698424e+03 
3.698424e+03 
3.698423e+03 
3.698423e+03 
3.698423e+03 
3.698423e+03 
3.698423e+03 
3.698423e+03 
3.698423e+03 
3.698423e+03 
3.698423e+03 
3.698423e+03 
3.698423e+03 
3.698423e+03 
3.698423e+03 
3.698423e+03 
3.698423e+03 
3.698423e+03 
3.698423e+03 
3.698423e+03 
3.698423e+03 
3.698422e+03 
3.698422e+03 
3.698422e+03 
3.698422e+03 
3.698422e+03 
3.698422e+03 
3.698422e+03 
3.698422e+03 
3.698422e+03 
3.698422e+03 
3.698422e+03 
3.698422e+03 
3.698422e+03 
3.698422e+03 
3.698422e+03 
3.698422e+03 
3.698422e+03 
3.698422e+03 
3.698422e+03 
3.698422e+03 
3.698421e+03 
3.698421e+03 
3.698421e+03 
3.698421e+03 
3.698421e+03 
3.698421e+03 
3.698421e+03 
3.698421e+03 
3.698421e+03 
3.698421e+03 
3.698421e+03 
3.698421e+03 
3.698421e+03 
3.698421e+03 
3.698421e+03 
3.698421e+03 
3.698421e+03 
3.698421e+03 
3.698421e+03 
3.698421e+03 
3.698421e+03 
3.698421e+03 
3.698421e+03 
3.698421e+03 
3.698421e+03 
3.698420e+03 
3.698420e+03 
3.698420e+03 
3.698420e+03 
3.698420e+03 
3.698420e+03 
3.698420e+03 
3.698420e+03 
3.698420e+03 
3.698420e+03 
3.698420e+03 
3.698419e+03 
3.698419e+03 
3.698419e+03 
3.698419e+03 
3.698419e+03 
3.698419e+03 
3.698418e+03 
3.698418e+03 
3.698418e+03 
3.698418e+03 
3.698418e+03 
3.698418e+03 
3.698418e+03 
3.698418e+03 
3.698417e+03 
3.698417e+03 
3.698417e+03 
3.698417e+03 
3.698417e+03 
3.698417e+03 
3.698417e+03 
3.698417e+03 
3.698417e+03 
3.698417e+03 
3.698417e+03 
3.698417e+03 
3.698417e+03 
3.698417e+03 
3.698417e+03 
3.698416e+03 
3.698416e+03 
3.698416e+03 
3.698416e+03 
3.698416e+03 
3.698416e+03 
3.698416e+03 
3.698416e+03 
3.698416e+03 
3.698416e+03 
3.698416e+03 
3.698416e+03 
3.698416e+03 
3.698415e+03 
3.698415e+03 
3.698415e+03 
3.698415e+03 
3.698414e+03 
3.698405e+03 
3.698402e+03 
3.698402e+03 
3.698392e+03 
3.698366e+03 
3.698362e+03 
3.698362e+03 
3.698362e+03 
3.698353e+03 
3.698353e+03 
3.698353e+03 
3.698353e+03 
3.698351e+03 
3.698351e+03 
3.698351e+03 
3.698351e+03 
3.698350e+03 
3.698350e+03 
3.698350e+03 
3.698349e+03 
3.698349e+03 
3.698349e+03 
3.698348e+03 
3.698348e+03 
3.698348e+03 
3.698348e+03 
3.698348e+03 
3.698348e+03 
3.698348e+03 
3.698348e+03 
3.698348e+03 
3.698348e+03 
3.698347e+03 
3.698347e+03 
3.698347e+03 
3.698347e+03 
3.698347e+03 
3.698347e+03 
3.698347e+03 
3.698347e+03 
3.698347e+03 
3.698347e+03 
3.696975e+03 
3.696975e+03 
3.696975e+03 
3.696975e+03 
3.696975e+03 
3.696975e+03 
3.696975e+03 
3.696975e+03 
3.696975e+03 
3.696975e+03 
3.696975e+03 
3.696975e+03 
3.696975e+03 
3.696975e+03 
3.696975e+03 
3.696975e+03 
3.696975e+03 
3.696975e+03 
3.696975e+03 
3.696975e+03 
3.696975e+03 
3.696975e+03 
3.696975e+03 
3.696975e+03 
3.696975e+03 
3.696975e+03 
3.696975e+03 
3.696975e+03 
3.696975e+03 
3.696828e+03 
3.696828e+03 
3.696828e+03 
3.696828e+03 
3.696828e+03 
3.696828e+03 
3.696828e+03 
3.696828e+03 
3.696828e+03 
3.696828e+03 
3.696828e+03 
3.696828e+03 
3.696828e+03 
3.696828e+03 
3.696828e+03 
3.696828e+03 
3.696828e+03 
3.696828e+03 
3.696828e+03 
3.696828e+03 
3.696828e+03 
3.696828e+03 
3.696828e+03 
3.696828e+03 
3.696358e+03 
3.696358e+03 
3.696358e+03 
3.696358e+03 
3.696358e+03 
3.696358e+03 
3.696358e+03 
3.696358e+03 
3.696358e+03 
3.696358e+03 
3.696358e+03 
3.696358e+03 
3.696358e+03 
3.696358e+03 
3.696358e+03 
3.696358e+03 
3.696358e+03 
3.696358e+03 
3.696358e+03 
3.696358e+03 
3.696358e+03 
3.696358e+03 
3.696358e+03 
3.696358e+03 
3.696358e+03 
3.696358e+03 
3.696358e+03 
3.696358e+03 
3.696358e+03 
3.696358e+03 
3.696358e+03 
3.696358e+03 
3.696358e+03 
3.696358e+03 
3.696358e+03 
3.696358e+03 
3.696358e+03 
3.696358e+03 
3.696358e+03 
3.696358e+03 
3.696358e+03 
3.696358e+03 
3.696358e+03 
3.696358e+03 
3.696358e+03 
3.696358e+03 
3.696358e+03 
3.696358e+03 
3.696358e+03 
3.696358e+03 
3.696358e+03 
3.696358e+03 
3.696358e+03 
3.696358e+03 
3.696358e+03 
3.696358e+03 
3.696358e+03 
3.696358e+03 
3.696358e+03 
3.696358e+03 
3.696358e+03 
3.696358e+03 
3.696358e+03 
3.696358e+03 
3.696358e+03 
3.696358e+03 
3.696358e+03 
3.696358e+03 
3.696358e+03 
3.696358e+03 
3.696358e+03 
3.696358e+03 
3.696358e+03 
3.696358e+03 
3.696358e+03 
3.696358e+03 
3.696358e+03 
3.696358e+03 
3.696358e+03 
3.696358e+03 
3.696358e+03 
3.696358e+03 
3.696358e+03 
3.696358e+03 
3.696358e+03 
3.696358e+03 
3.696358e+03 
3.696358e+03 
3.696358e+03 
3.696358e+03 
3.696358e+03 
3.696358e+03 
3.696358e+03 
3.696358e+03 
3.696358e+03 
3.696358e+03 
3.696358e+03 
3.696358e+03 
3.696358e+03 
3.696358e+03 
3.696358e+03 
3.696358e+03 
3.696358e+03 
3.696358e+03 
3.696358e+03 
3.696358e+03 
3.696358e+03 
3.696358e+03 
3.696358e+03 
3.696358e+03 
3.696358e+03 
3.696358e+03 
3.696358e+03 
3.696358e+03 
3.696358e+03 
3.696358e+03 
3.696358e+03 
3.696358e+03 
3.696358e+03 
3.696358e+03 
3.696358e+03 
3.696358e+03 
3.696358e+03 
3.696358e+03 
3.696358e+03 
3.696358e+03 
3.696358e+03 
3.696358e+03 
3.696358e+03 
3.696358e+03 
3.696358e+03 
3.696358e+03 
3.696358e+03 
3.696358e+03 
3.696358e+03 
3.696358e+03 
3.696358e+03 
3.696358e+03 
3.696358e+03 
3.696358e+03 
3.696358e+03 
3.696358e+03 
3.696358e+03 
3.696358e+03 
3.696358e+03 
3.696358e+03 
3.696358e+03 
3.696358e+03 
3.696358e+03 
3.696358e+03 
3.696358e+03 
3.696358e+03 
3.696358e+03 
3.696358e+03 
3.696358e+03 
3.696358e+03 
3.696358e+03 
3.696358e+03 
3.696181e+03 
3.696181e+03 
3.696181e+03 
3.696181e+03 
3.696181e+03 
3.696181e+03 
3.696181e+03 
3.696181e+03 
3.696181e+03 
3.696181e+03 
3.696181e+03 
3.696181e+03 
3.695933e+03 
3.695933e+03 
3.695933e+03 
3.695933e+03 
3.695933e+03 
3.695933e+03 
3.695933e+03 
3.695933e+03 
3.695933e+03 
3.695933e+03 
3.695933e+03 
3.695933e+03 
3.695933e+03 
3.695933e+03 
3.695894e+03 
3.695894e+03 
3.695894e+03 
3.695894e+03 
3.695894e+03 
3.695894e+03 
3.695894e+03 
3.695894e+03 
3.695894e+03 
3.695894e+03 
3.695894e+03 
3.695894e+03 
3.695894e+03 
3.695894e+03 
3.695894e+03 
3.695894e+03 
3.695894e+03 
3.695894e+03 
3.695894e+03 
3.695894e+03 
3.695894e+03 
3.695894e+03 
3.695894e+03 
3.695894e+03 
3.695894e+03 
3.695894e+03 
3.695894e+03 
3.695894e+03 
3.695894e+03 
3.695894e+03 
3.695894e+03 
3.695894e+03 
3.695894e+03 
3.695894e+03 
3.695894e+03 
3.695894e+03 
3.693727e+03 
3.693727e+03 
3.693727e+03 
3.693727e+03 
3.693727e+03 
3.693727e+03 
3.693727e+03 
3.693727e+03 
3.693727e+03 
3.693727e+03 
3.693727e+03 
3.693627e+03 
3.693627e+03 
3.693627e+03 
3.692982e+03 
3.692982e+03 
3.692982e+03 
3.692982e+03 
3.692982e+03 
3.692982e+03 
3.692982e+03 
3.692982e+03 
3.692982e+03 
3.692982e+03 
3.692982e+03 
3.692982e+03 
3.692982e+03 
3.692982e+03 
3.692982e+03 
3.692982e+03 
3.692982e+03 
3.692982e+03 
3.692982e+03 
3.692982e+03 
3.692982e+03 
3.692982e+03 
3.692982e+03 
3.692982e+03 
3.692982e+03 
3.692982e+03 
3.692982e+03 
3.692982e+03 
3.692982e+03 
3.692982e+03 
3.692982e+03 
3.692982e+03 
3.692982e+03 
3.692982e+03 
3.692982e+03 
3.691146e+03 
3.691146e+03 
3.688043e+03 
3.688043e+03 
3.687395e+03 
3.687395e+03 
3.687395e+03 
3.687395e+03 
3.687395e+03 
3.687395e+03 
3.687395e+03 
3.687129e+03 
3.687129e+03 
3.687129e+03 
3.687129e+03 
3.687129e+03 
3.687129e+03 
3.687129e+03 
3.687129e+03 
3.687129e+03 
3.687129e+03 
3.687129e+03 
3.687129e+03 
3.687129e+03 
3.687129e+03 
3.687129e+03 
3.687129e+03 
3.687129e+03 
3.687129e+03 
3.687129e+03 
3.687129e+03 
3.687129e+03 
3.687129e+03 
3.687129e+03 
3.687129e+03 
3.687129e+03 
3.687129e+03 
3.687129e+03 
3.687129e+03 
3.687129e+03 
3.687129e+03 
3.687129e+03 
3.687129e+03 
3.687129e+03 
3.687129e+03 
3.687129e+03 
3.687114e+03 
3.687114e+03 
3.687114e+03 
3.687114e+03 
3.687114e+03 
3.687114e+03 
3.687114e+03 
3.687114e+03 
3.687114e+03 
3.687114e+03 
3.687114e+03 
3.687114e+03 
3.687114e+03 
3.687114e+03 
3.687114e+03 
3.687114e+03 
3.687114e+03 
3.684915e+03 
3.684915e+03 
3.684915e+03 
3.684915e+03 
3.684915e+03 
3.684915e+03 
3.684915e+03 
3.684915e+03 
3.684915e+03 
3.684915e+03 
3.684915e+03 
3.684915e+03 
3.684915e+03 
3.684915e+03 
3.684915e+03 
3.684915e+03 
3.684915e+03 
3.684915e+03 
3.684915e+03 
3.684915e+03 
3.684915e+03 
3.684915e+03 
3.684915e+03 
3.684915e+03 
3.684915e+03 
3.684915e+03 
3.684915e+03 
3.684915e+03 
3.684915e+03 
3.684915e+03 
3.684915e+03 
3.684915e+03 
3.684915e+03 
3.684915e+03 
3.684915e+03 
3.684915e+03 
3.684915e+03 
3.684915e+03 
3.684915e+03 
3.684915e+03 
3.684915e+03 
3.684915e+03 
3.684915e+03 
3.684915e+03 
3.684915e+03 
3.684915e+03 
3.684915e+03 
3.684915e+03 
3.684915e+03 
3.684915e+03 
3.684915e+03 
3.684915e+03 
3.684915e+03 
3.684915e+03 
3.684915e+03 
3.684915e+03 
3.684915e+03 
3.684915e+03 
3.684915e+03 
3.684915e+03 
3.684915e+03 
3.684575e+03 
3.684575e+03 
3.684575e+03 
3.684575e+03 
3.684575e+03 
3.684575e+03 
3.684575e+03 
3.684575e+03 
3.684575e+03 
3.684575e+03 
3.684575e+03 
3.684575e+03 
3.684575e+03 
3.684575e+03 
3.684575e+03 
3.684575e+03 
3.684575e+03 
3.684575e+03 
3.684575e+03 
3.684575e+03 
3.684575e+03 
3.684575e+03 
3.684575e+03 
3.684575e+03 
3.684575e+03 
3.684575e+03 
3.684575e+03 
3.684575e+03 
3.684575e+03 
3.684575e+03 
3.684575e+03 
3.684575e+03 
3.684575e+03 
3.684575e+03 
3.684575e+03 
3.684249e+03 
3.684249e+03 
3.684249e+03 
3.684249e+03 
3.684249e+03 
3.684249e+03 
3.684249e+03 
3.684249e+03 
3.684249e+03 
3.684249e+03 
3.684249e+03 
3.684249e+03 
3.684249e+03 
3.684249e+03 
3.684249e+03 
3.684249e+03 
3.684249e+03 
3.684249e+03 
3.684249e+03 
3.684249e+03 
3.684249e+03 
3.684249e+03 
3.684249e+03 
3.684249e+03 
3.684249e+03 
3.684249e+03 
3.684249e+03 
3.684249e+03 
3.684249e+03 
3.684249e+03 
3.684249e+03 
3.684249e+03 
3.684249e+03 
3.684249e+03 
3.684249e+03 
3.684249e+03 
3.684249e+03 
3.684249e+03 
3.684249e+03 
3.684249e+03 
3.684249e+03 
3.684249e+03 
3.684249e+03 
3.684249e+03 
3.684249e+03 
3.684249e+03 
3.684249e+03 
3.684249e+03 
3.684249e+03 
3.684249e+03 
3.684249e+03 
3.684249e+03 
3.680344e+03 
3.680344e+03 
3.680344e+03 
3.680344e+03 
3.680344e+03 
3.680344e+03 
3.680344e+03 
3.680344e+03 
3.680344e+03 
3.680344e+03 
3.680344e+03 
3.680344e+03 
3.680344e+03 
3.680344e+03 
3.680344e+03 
3.680344e+03 
3.680344e+03 
3.680344e+03 
3.680344e+03 
3.680344e+03 
3.680344e+03 
3.680344e+03 
3.680344e+03 
3.680344e+03 
3.680344e+03 
3.680344e+03 
3.680344e+03 
3.680344e+03 
3.680344e+03 
3.680344e+03 
3.680344e+03 
3.680344e+03 
3.680344e+03 
3.680344e+03 
3.680344e+03 
3.680344e+03 
3.680344e+03 
3.680344e+03 
3.680344e+03 
3.680344e+03 
3.680344e+03 
3.680344e+03 
3.680344e+03 
3.680344e+03 
3.680344e+03 
3.680344e+03 
3.680344e+03 
3.680344e+03 
3.680344e+03 
3.680344e+03 
3.680344e+03 
3.680344e+03 
3.680344e+03 
3.680344e+03 
3.680344e+03 
3.680344e+03 
3.680344e+03 
3.680344e+03 
3.680344e+03 
3.680344e+03 
3.680344e+03 
3.680344e+03 
3.680344e+03 
3.680344e+03 
3.680344e+03 
3.680344e+03 
3.680344e+03 
3.680344e+03 
3.680344e+03 
3.680344e+03 
3.680344e+03 
3.680344e+03 
3.680344e+03 
3.680344e+03 
3.680344e+03 
3.680344e+03 
3.680344e+03 
3.680344e+03 
3.680344e+03 
3.680344e+03 
3.680344e+03 
3.680344e+03 
3.680344e+03 
3.680344e+03 
3.680344e+03 
3.680344e+03 
3.680344e+03 
3.680344e+03 
3.680344e+03 
3.680344e+03 
3.680344e+03 
3.680344e+03 
3.680344e+03 
3.680344e+03 
3.680344e+03 
3.680344e+03 
3.680344e+03 
3.680344e+03 
3.680344e+03 
3.680344e+03 
3.680344e+03 
3.680344e+03 
3.680344e+03 
3.680344e+03 
3.680344e+03 
3.680344e+03 
3.680344e+03 
3.680344e+03 
3.680344e+03 
3.680344e+03 
3.680344e+03 
3.680344e+03 
3.680344e+03 
3.680344e+03 
3.680344e+03 
3.680344e+03 
3.680344e+03 
3.680344e+03 
3.680344e+03 
3.680344e+03 
3.680344e+03 
3.680344e+03 
3.680344e+03 
3.680344e+03 
3.680344e+03 
3.680344e+03 
3.680344e+03 
3.680344e+03 
3.680344e+03 
3.680344e+03 
3.680344e+03 
3.680344e+03 
3.680344e+03 
3.680344e+03 
3.680344e+03 
3.680344e+03 
3.680344e+03 
3.680344e+03 
3.680344e+03 
3.680344e+03 
3.680344e+03 
3.680344e+03 
3.680284e+03 
3.680284e+03 
3.680106e+03 
3.680106e+03 
3.680106e+03 
3.680106e+03 
3.680106e+03 
3.680106e+03 
3.680106e+03 
3.680106e+03 
3.680106e+03 
3.680106e+03 
3.680106e+03 
3.680106e+03 
3.680106e+03 
3.680106e+03 
3.680106e+03 
3.680106e+03 
3.680106e+03 
3.680106e+03 
3.680106e+03 
3.680106e+03 
3.680106e+03 
3.680106e+03 
3.680106e+03 
3.680106e+03 
3.680106e+03 
3.680106e+03 
3.680106e+03 
3.679547e+03 
3.679547e+03 
3.679547e+03 
3.679547e+03 
3.679547e+03 
3.679547e+03 
3.679547e+03 
3.679547e+03 
3.679547e+03 
3.679547e+03 
3.679547e+03 
3.679547e+03 
3.679547e+03 
3.679547e+03 
3.679547e+03 
3.679547e+03 
3.679547e+03 
3.679547e+03 
3.679547e+03 
3.679547e+03 
3.679547e+03 
3.679547e+03 
3.679547e+03 
3.679547e+03 
3.679547e+03 
3.679547e+03 
3.679547e+03 
3.679547e+03 
3.679547e+03 
3.679547e+03 
3.679547e+03 
3.679547e+03 
3.679547e+03 
3.679547e+03 
3.679547e+03 
3.679547e+03 
3.679547e+03 
3.679547e+03 
3.679547e+03 
3.679547e+03 
3.679547e+03 
3.679547e+03 
3.679547e+03 
3.679547e+03 
3.679547e+03 
3.679547e+03 
3.679547e+03 
3.679547e+03 
3.679547e+03 
3.679547e+03 
3.679547e+03 
3.679547e+03 
3.679547e+03 
3.679547e+03 
3.679547e+03 
3.679547e+03 
3.679547e+03 
3.679547e+03 
3.679547e+03 
3.679547e+03 
3.679547e+03 
3.679547e+03 
3.679547e+03 
3.679547e+03 
3.679547e+03 
3.679547e+03 
3.679547e+03 
3.679547e+03 
3.679547e+03 
3.679547e+03 
3.679547e+03 
3.679547e+03 
3.679547e+03 
3.679547e+03 
3.679547e+03 
3.679547e+03 
3.679547e+03 
3.679547e+03 
3.679547e+03 
3.679191e+03 
3.678712e+03 
3.678712e+03 
3.678271e+03 
3.678271e+03 
3.678271e+03 
3.678271e+03 
3.678271e+03 
3.678271e+03 
3.678271e+03 
3.678271e+03 
3.677052e+03 
3.677052e+03 
3.677052e+03 
3.677052e+03 
3.677052e+03 
3.677052e+03 
3.677052e+03 
3.677052e+03 
3.677052e+03 
3.677052e+03 
3.677052e+03 
3.677052e+03 
3.677052e+03 
3.677052e+03 
3.677052e+03 
3.677052e+03 
3.677052e+03 
3.677052e+03 
3.677052e+03 
3.677052e+03 
3.677052e+03 
3.677052e+03 
3.677052e+03 
3.677052e+03 
3.677052e+03 
3.677052e+03 
3.677052e+03 
3.677052e+03 
3.677052e+03 
3.677052e+03 
3.677052e+03 
3.677052e+03 
3.677052e+03 
3.677052e+03 
3.677052e+03 
3.677052e+03 
3.677052e+03 
3.677052e+03 
3.677052e+03 
3.677052e+03 
3.677052e+03 
3.677052e+03 
3.677052e+03 
3.677052e+03 
3.677052e+03 
3.676893e+03 
3.676893e+03 
3.676893e+03 
3.676893e+03 
3.676893e+03 
3.676893e+03 
3.676893e+03 
3.676893e+03 
3.676893e+03 
3.676893e+03 
3.676893e+03 
3.676893e+03 
3.676893e+03 
3.676893e+03 
3.676893e+03 
3.676893e+03 
3.676893e+03 
3.676893e+03 
3.676893e+03 
3.676893e+03 
3.676893e+03 
3.676893e+03 
3.676893e+03 
3.676893e+03 
3.676893e+03 
3.676893e+03 
3.676893e+03 
3.676893e+03 
3.676893e+03 
3.676893e+03 
3.676893e+03 
3.676893e+03 
3.676893e+03 
3.676893e+03 
3.676893e+03 
3.676893e+03 
3.676893e+03 
3.676893e+03 
3.676893e+03 
3.676893e+03 
3.676893e+03 
3.676893e+03 
3.676893e+03 
3.676893e+03 
3.676893e+03 
3.676893e+03 
3.676893e+03 
3.676893e+03 
3.676893e+03 
3.676893e+03 
3.676893e+03 
3.676893e+03 
3.676893e+03 
3.676893e+03 
3.676893e+03 
3.676893e+03 
3.676893e+03 
3.676893e+03 
3.676893e+03 
3.676893e+03 
3.676893e+03 
3.676893e+03 
3.676893e+03 
3.676893e+03 
3.676893e+03 
3.676893e+03 
3.676893e+03 
3.676893e+03 
3.676893e+03 
3.676893e+03 
3.676893e+03 
3.676893e+03 
3.676893e+03 
3.676893e+03 
3.676893e+03 
3.676893e+03 
3.676893e+03 
3.676893e+03 
3.676893e+03 
3.676893e+03 
3.676893e+03 
3.676893e+03 
3.676893e+03 
3.676893e+03 
3.676893e+03 
3.676893e+03 
3.676893e+03 
3.676893e+03 
3.676893e+03 
3.676893e+03 
3.676893e+03 
3.676893e+03 
3.676893e+03 
3.676893e+03 
3.676893e+03 
3.676893e+03 
3.676893e+03 
3.676893e+03 
3.676893e+03 
3.676893e+03 
3.676893e+03 
3.676893e+03 
3.676893e+03 
3.676893e+03 
3.676893e+03 
3.676893e+03 
3.676893e+03 
3.676893e+03 
3.676893e+03 
3.676893e+03 
3.676893e+03 
3.676893e+03 
3.676893e+03 
3.676893e+03 
3.676893e+03 
3.676893e+03 
3.676893e+03 
3.676893e+03 
3.676893e+03 
3.676893e+03 
3.676893e+03 
3.676893e+03 
3.676893e+03 
3.676893e+03 
3.676893e+03 
3.676893e+03 
3.676893e+03 
3.676893e+03 
3.676893e+03 
3.676893e+03 
3.676893e+03 
3.676893e+03 
3.676893e+03 
3.676893e+03 
3.676893e+03 
3.676893e+03 
3.676893e+03 
3.676893e+03 
3.676893e+03 
3.676893e+03 
3.676893e+03 
3.676893e+03 
3.676893e+03 
3.676893e+03 
3.676893e+03 
3.676893e+03 
3.676893e+03 
3.676893e+03 
3.676893e+03 
3.676893e+03 
3.676893e+03 
3.676893e+03 
3.676893e+03 
3.676893e+03 
3.676893e+03 
3.676893e+03 
3.676893e+03 
3.676893e+03 
3.676432e+03 
3.676432e+03 
3.676432e+03 
3.676432e+03 
3.676432e+03 
3.676432e+03 
3.676432e+03 
3.676432e+03 
3.676432e+03 
3.676432e+03 
3.676432e+03 
3.676432e+03 
3.676432e+03 
3.676432e+03 
3.676432e+03 
3.676432e+03 
3.676432e+03 
3.676432e+03 
3.676432e+03 
3.676432e+03 
3.676432e+03 
3.676432e+03 
3.676432e+03 
3.676432e+03 
3.676432e+03 
3.676432e+03 
3.676432e+03 
3.676432e+03 
3.676432e+03 
3.676432e+03 
3.676432e+03 
3.676432e+03 
3.676432e+03 
3.676432e+03 
3.676432e+03 
3.676432e+03 
3.676432e+03 
3.676432e+03 
3.676432e+03 
3.676432e+03 
3.676432e+03 
3.676432e+03 
3.676432e+03 
3.676432e+03 
3.676432e+03 
3.676432e+03 
3.676432e+03 
3.676432e+03 
3.676432e+03 
3.676432e+03 
3.676432e+03 
3.676432e+03 
3.676432e+03 
3.676432e+03 
3.676432e+03 
3.676432e+03 
3.676432e+03 
3.676432e+03 
3.676432e+03 
3.676432e+03 
3.676432e+03 
3.676432e+03 
3.676432e+03 
3.676432e+03 
3.676432e+03 
3.676432e+03 
3.675451e+03 
3.675451e+03 
3.675451e+03 
3.675451e+03 
3.675451e+03 
3.675451e+03 
3.675451e+03 
3.675451e+03 
3.675451e+03 
3.675451e+03 
3.675451e+03 
3.675451e+03 
3.675451e+03 
3.675451e+03 
3.675451e+03 
3.675451e+03 
3.675451e+03 
3.675451e+03 
3.675451e+03 
3.675451e+03 
3.675451e+03 
3.675451e+03 
3.675451e+03 
3.675451e+03 
3.675451e+03 
3.675451e+03 
3.675451e+03 
3.675451e+03 
3.675451e+03 
3.675416e+03 
3.675416e+03 
3.675416e+03 
3.675416e+03 
3.675416e+03 
3.675416e+03 
3.675416e+03 
3.675416e+03 
3.675416e+03 
3.675416e+03 
3.675416e+03 
3.675416e+03 
3.675416e+03 
3.675416e+03 
3.675416e+03 
3.675416e+03 
3.675416e+03 
3.675416e+03 
3.675416e+03 
3.675416e+03 
3.675416e+03 
3.675416e+03 
3.675416e+03 
3.675416e+03 
3.675416e+03 
3.675416e+03 
3.675416e+03 
3.675416e+03 
3.675416e+03 
3.675416e+03 
3.675416e+03 
3.675416e+03 
3.675416e+03 
3.675416e+03 
3.675416e+03 
3.675416e+03 
3.675416e+03 
3.675416e+03 
3.675416e+03 
3.675416e+03 
3.675416e+03 
3.675416e+03 
3.675416e+03 
3.675416e+03 
3.675416e+03 
3.675416e+03 
3.675416e+03 
3.675416e+03 
3.675416e+03 
3.675416e+03 
3.675416e+03 
3.675416e+03 
3.675416e+03 
3.675416e+03 
3.675416e+03 
3.675416e+03 
3.675416e+03 
3.675416e+03 
3.675416e+03 
3.675416e+03 
3.675416e+03 
3.675416e+03 
3.675416e+03 
3.675416e+03 
3.675416e+03 
3.675416e+03 
3.675416e+03 
3.675416e+03 
3.675416e+03 
3.675416e+03 
3.675416e+03 
3.675416e+03 
3.675416e+03 
3.675416e+03 
3.675416e+03 
3.675416e+03 
3.675416e+03 
3.675416e+03 
3.675416e+03 
3.675416e+03 
3.675416e+03 
3.675416e+03 
3.675416e+03 
3.675416e+03 
3.675416e+03 
3.675416e+03 
3.675416e+03 
3.675416e+03 
3.675416e+03 
3.675416e+03 
3.675416e+03 
3.675416e+03 
3.675416e+03 
3.675416e+03 
3.675416e+03 
3.675416e+03 
3.675416e+03 
3.675416e+03 
3.675416e+03 
3.675416e+03 
3.675416e+03 
3.675416e+03 
3.675416e+03 
3.675416e+03 
3.675416e+03 
3.675416e+03 
3.675416e+03 
3.675416e+03 
3.675416e+03 
3.675416e+03 
3.675416e+03 
3.675416e+03 
3.675416e+03 
3.675416e+03 
3.675416e+03 
3.675416e+03 
3.675416e+03 
3.675416e+03 
3.675416e+03 
3.675416e+03 
3.675416e+03 
3.675416e+03 
3.675416e+03 
3.675416e+03 
3.675416e+03 
3.675416e+03 
3.675416e+03 
3.675416e+03 
3.675416e+03 
3.675416e+03 
3.675416e+03 
3.675416e+03 
3.675416e+03 
3.675416e+03 
3.675416e+03 
3.675416e+03 
3.675416e+03 
3.675416e+03 
3.675416e+03 
3.675416e+03 
3.675416e+03 
3.675416e+03 
3.675416e+03 
3.675416e+03 
3.675416e+03 
3.675416e+03 
3.675416e+03 
3.675416e+03 
3.675416e+03 
3.675416e+03 
3.675416e+03 
3.675416e+03 
3.675416e+03 
3.675416e+03 
3.675416e+03 
3.675416e+03 
3.675416e+03 
3.675416e+03 
3.675416e+03 
3.675416e+03 
3.675416e+03 
3.675416e+03 
3.675416e+03 
3.675416e+03 
3.675416e+03 
3.675416e+03 
3.675416e+03 
3.675416e+03 
3.675416e+03 
3.675416e+03 
3.675416e+03 
3.675416e+03 
3.675416e+03 
3.675416e+03 
3.675416e+03 
3.675416e+03 
3.675416e+03 
3.675416e+03 
3.675416e+03 
3.675416e+03 
3.675416e+03 
3.675416e+03 
3.675416e+03 
3.675416e+03 
3.675416e+03 
3.675416e+03 
3.675416e+03 
3.675416e+03 
3.675416e+03 
3.675416e+03 
3.675416e+03 
3.675416e+03 
3.675416e+03 
3.675416e+03 
3.675416e+03 
3.675416e+03 
3.675416e+03 
3.675416e+03 
3.675416e+03 
3.675416e+03 
3.675416e+03 
3.675416e+03 
3.675416e+03 
3.675416e+03 
3.675416e+03 
3.675416e+03 
3.675416e+03 
3.674994e+03 
3.674994e+03 
3.674994e+03 
3.674994e+03 
3.674994e+03 
3.674994e+03 
3.674994e+03 
3.674994e+03 
3.674994e+03 
3.674994e+03 
3.674994e+03 
3.674994e+03 
3.674994e+03 
3.674994e+03 
3.674994e+03 
3.674994e+03 
3.674684e+03 
3.674684e+03 
3.674684e+03 
3.674684e+03 
3.674684e+03 
3.674684e+03 
3.674684e+03 
3.674684e+03 
3.674684e+03 
3.674684e+03 
3.674684e+03 
3.674684e+03 
3.674684e+03 
3.674684e+03 
3.674561e+03 
3.674561e+03 
3.674561e+03 
3.674561e+03 
3.674561e+03 
