4.313074e+05 
4.192306e+05 
2.263907e+05 
1.260974e+05 
1.260974e+05 
1.260974e+05 
1.260974e+05 
1.260974e+05 
1.260974e+05 
1.260974e+05 
1.260974e+05 
1.260974e+05 
1.260974e+05 
1.260974e+05 
1.061294e+05 
1.061294e+05 
1.026608e+05 
1.026608e+05 
1.026608e+05 
1.026608e+05 
1.026608e+05 
1.026608e+05 
9.991479e+04 
9.991479e+04 
9.991479e+04 
8.998075e+04 
8.998075e+04 
8.998075e+04 
8.998075e+04 
8.998075e+04 
8.998075e+04 
8.998075e+04 
8.998075e+04 
8.998075e+04 
8.998075e+04 
8.998075e+04 
8.998075e+04 
8.998075e+04 
8.998075e+04 
8.998075e+04 
8.998075e+04 
8.998075e+04 
8.998075e+04 
8.998075e+04 
8.998075e+04 
8.998075e+04 
8.998075e+04 
8.998075e+04 
8.998075e+04 
8.998075e+04 
8.998075e+04 
8.998075e+04 
8.998075e+04 
8.998075e+04 
8.998075e+04 
8.998075e+04 
8.998075e+04 
8.998075e+04 
8.998075e+04 
8.998075e+04 
8.998075e+04 
8.998075e+04 
8.998075e+04 
8.998075e+04 
8.998075e+04 
8.998075e+04 
8.998075e+04 
8.998075e+04 
8.998075e+04 
8.998075e+04 
8.998075e+04 
8.998075e+04 
8.998075e+04 
8.998075e+04 
8.998075e+04 
8.920760e+04 
8.920760e+04 
8.920760e+04 
8.920760e+04 
8.920760e+04 
8.920760e+04 
8.920760e+04 
8.920760e+04 
8.920760e+04 
8.920760e+04 
8.920760e+04 
8.920760e+04 
8.920760e+04 
8.920760e+04 
8.920760e+04 
8.920760e+04 
8.920760e+04 
8.920760e+04 
8.920760e+04 
8.920760e+04 
8.920760e+04 
8.920760e+04 
8.920760e+04 
8.920760e+04 
8.920760e+04 
7.354846e+04 
7.354846e+04 
7.354846e+04 
7.354846e+04 
7.354846e+04 
7.354846e+04 
7.354846e+04 
7.354846e+04 
7.354846e+04 
7.354846e+04 
7.354846e+04 
7.354846e+04 
7.354846e+04 
7.354846e+04 
7.354846e+04 
6.960587e+04 
6.960587e+04 
6.960587e+04 
6.960587e+04 
6.960587e+04 
6.960587e+04 
6.960587e+04 
6.960587e+04 
6.960587e+04 
6.960587e+04 
6.960587e+04 
6.960587e+04 
6.960587e+04 
6.960587e+04 
6.960587e+04 
6.960587e+04 
6.960587e+04 
6.960587e+04 
6.960587e+04 
6.960587e+04 
6.960587e+04 
6.960587e+04 
6.960587e+04 
6.960587e+04 
6.960587e+04 
6.960587e+04 
6.960587e+04 
6.960587e+04 
6.960587e+04 
6.960587e+04 
6.960587e+04 
6.960587e+04 
6.960587e+04 
6.960587e+04 
6.960587e+04 
6.960587e+04 
6.960587e+04 
6.960587e+04 
6.960587e+04 
6.960587e+04 
6.960587e+04 
6.960587e+04 
6.960587e+04 
6.960587e+04 
6.960587e+04 
6.960587e+04 
6.960587e+04 
6.960587e+04 
6.960587e+04 
6.960587e+04 
6.960587e+04 
6.960587e+04 
6.960587e+04 
6.960587e+04 
6.960587e+04 
6.960587e+04 
6.960587e+04 
6.960587e+04 
6.960587e+04 
6.960587e+04 
6.960587e+04 
6.960587e+04 
6.960587e+04 
6.960587e+04 
6.960587e+04 
6.960587e+04 
6.960587e+04 
6.960587e+04 
6.960587e+04 
6.960587e+04 
6.960587e+04 
6.960587e+04 
6.960587e+04 
6.960587e+04 
6.960587e+04 
6.960587e+04 
6.960587e+04 
6.960587e+04 
6.960587e+04 
6.960587e+04 
6.960587e+04 
6.960587e+04 
6.960587e+04 
6.960587e+04 
6.960587e+04 
6.960587e+04 
6.960587e+04 
6.960587e+04 
6.960587e+04 
6.960587e+04 
6.960587e+04 
6.960587e+04 
6.960587e+04 
6.960587e+04 
6.960587e+04 
6.960587e+04 
6.960587e+04 
6.960587e+04 
6.960587e+04 
6.960587e+04 
6.960587e+04 
6.960587e+04 
6.960587e+04 
6.960587e+04 
6.960587e+04 
6.960587e+04 
6.960587e+04 
6.777688e+04 
6.777688e+04 
6.777688e+04 
6.777688e+04 
6.777688e+04 
6.777688e+04 
6.777688e+04 
6.777688e+04 
6.777688e+04 
6.777688e+04 
6.777688e+04 
6.777688e+04 
6.777688e+04 
6.777688e+04 
6.777688e+04 
6.777688e+04 
6.777688e+04 
6.777688e+04 
6.777688e+04 
6.777688e+04 
6.777688e+04 
6.777688e+04 
6.777688e+04 
6.777688e+04 
5.275788e+04 
5.275788e+04 
5.275788e+04 
5.275788e+04 
5.275788e+04 
5.275788e+04 
5.275788e+04 
5.275788e+04 
5.275788e+04 
5.275788e+04 
5.275788e+04 
5.275788e+04 
5.275788e+04 
5.275788e+04 
5.275788e+04 
5.275788e+04 
5.275788e+04 
5.275788e+04 
5.275788e+04 
5.275788e+04 
5.275788e+04 
5.275788e+04 
5.275788e+04 
5.275788e+04 
5.275788e+04 
5.275788e+04 
5.275788e+04 
5.275788e+04 
5.275788e+04 
5.275788e+04 
5.275788e+04 
5.275788e+04 
5.275788e+04 
5.275788e+04 
5.275788e+04 
5.275788e+04 
5.275788e+04 
5.275788e+04 
5.275788e+04 
5.275788e+04 
5.275788e+04 
5.275788e+04 
5.275788e+04 
5.275788e+04 
5.275788e+04 
5.275788e+04 
5.275788e+04 
5.275788e+04 
5.275788e+04 
5.275788e+04 
5.275788e+04 
5.275788e+04 
5.275788e+04 
5.275788e+04 
5.275788e+04 
5.275788e+04 
5.275788e+04 
5.275788e+04 
5.275788e+04 
5.275788e+04 
5.275788e+04 
5.275788e+04 
5.275788e+04 
5.275788e+04 
5.275788e+04 
5.275788e+04 
5.275788e+04 
5.275788e+04 
5.275788e+04 
5.275788e+04 
5.275788e+04 
5.275788e+04 
5.275788e+04 
5.275788e+04 
5.275788e+04 
5.275788e+04 
5.275788e+04 
5.275788e+04 
5.275788e+04 
5.275788e+04 
5.275788e+04 
5.275788e+04 
5.275788e+04 
5.275788e+04 
5.275788e+04 
5.275788e+04 
5.275788e+04 
5.275788e+04 
5.275788e+04 
5.275788e+04 
5.275788e+04 
5.275788e+04 
5.275788e+04 
5.275788e+04 
5.275788e+04 
5.275788e+04 
5.275788e+04 
5.275788e+04 
5.275788e+04 
5.275788e+04 
5.275788e+04 
5.275788e+04 
5.275788e+04 
5.275788e+04 
5.275788e+04 
5.275788e+04 
5.275788e+04 
5.275788e+04 
5.275788e+04 
5.275788e+04 
5.275788e+04 
5.275788e+04 
5.275788e+04 
5.275788e+04 
5.275788e+04 
5.275788e+04 
5.275788e+04 
5.275788e+04 
5.275788e+04 
5.275788e+04 
5.275788e+04 
5.275788e+04 
5.275788e+04 
5.275788e+04 
5.275788e+04 
5.275788e+04 
5.275788e+04 
5.275788e+04 
5.275788e+04 
5.275788e+04 
5.275788e+04 
5.275788e+04 
5.275788e+04 
5.275788e+04 
5.275788e+04 
5.275788e+04 
5.275788e+04 
5.275788e+04 
5.275788e+04 
5.275788e+04 
5.275788e+04 
5.275788e+04 
5.275788e+04 
5.275788e+04 
5.275788e+04 
5.275788e+04 
5.275788e+04 
5.275788e+04 
5.275788e+04 
5.275788e+04 
5.275788e+04 
5.275788e+04 
5.275788e+04 
5.275788e+04 
5.275788e+04 
5.275788e+04 
5.275788e+04 
5.275788e+04 
5.275788e+04 
5.275788e+04 
5.275788e+04 
5.275788e+04 
5.275788e+04 
5.275788e+04 
5.275788e+04 
5.275788e+04 
5.275788e+04 
5.275788e+04 
5.275788e+04 
5.275788e+04 
4.812829e+04 
4.812829e+04 
4.812829e+04 
4.812829e+04 
4.812829e+04 
4.812829e+04 
4.812829e+04 
4.812829e+04 
4.812829e+04 
4.812829e+04 
4.812829e+04 
4.812829e+04 
4.812829e+04 
4.812829e+04 
4.812829e+04 
4.812829e+04 
4.812829e+04 
4.812829e+04 
4.812829e+04 
4.812829e+04 
4.812829e+04 
4.812829e+04 
4.812829e+04 
4.812829e+04 
4.812829e+04 
4.812829e+04 
4.812829e+04 
4.812829e+04 
4.812829e+04 
4.812829e+04 
4.812829e+04 
4.812829e+04 
4.812829e+04 
4.812829e+04 
4.812829e+04 
4.812829e+04 
4.812829e+04 
4.812829e+04 
4.812829e+04 
4.812829e+04 
4.812829e+04 
4.812829e+04 
4.812829e+04 
4.812829e+04 
4.812829e+04 
4.812829e+04 
4.812829e+04 
4.812829e+04 
4.812829e+04 
4.812829e+04 
4.812829e+04 
4.812829e+04 
4.812829e+04 
4.812829e+04 
4.812829e+04 
4.812829e+04 
4.372849e+04 
4.372849e+04 
4.372849e+04 
4.372849e+04 
4.372849e+04 
4.372849e+04 
4.372849e+04 
4.372849e+04 
4.372849e+04 
4.372849e+04 
4.372849e+04 
4.372849e+04 
4.372849e+04 
4.372849e+04 
4.372849e+04 
4.372849e+04 
4.372849e+04 
4.372849e+04 
4.372849e+04 
4.372849e+04 
4.372849e+04 
4.372849e+04 
4.372849e+04 
4.372849e+04 
4.372849e+04 
4.372849e+04 
4.372849e+04 
4.372849e+04 
4.372849e+04 
4.372849e+04 
4.372849e+04 
4.372849e+04 
4.372849e+04 
4.372849e+04 
4.372849e+04 
4.372849e+04 
4.372849e+04 
4.372849e+04 
4.372849e+04 
4.372849e+04 
4.372849e+04 
4.372849e+04 
4.372849e+04 
4.372849e+04 
4.372849e+04 
4.372849e+04 
4.372849e+04 
4.372849e+04 
4.372849e+04 
4.372849e+04 
4.372849e+04 
4.372849e+04 
4.372849e+04 
4.372849e+04 
4.372849e+04 
4.372849e+04 
4.372849e+04 
4.372849e+04 
4.372849e+04 
4.372849e+04 
4.372849e+04 
4.372849e+04 
4.372849e+04 
4.372849e+04 
4.372849e+04 
4.372849e+04 
4.372849e+04 
4.372849e+04 
4.372849e+04 
4.372849e+04 
4.372849e+04 
4.372849e+04 
4.372849e+04 
4.372849e+04 
4.372849e+04 
4.372849e+04 
4.372849e+04 
4.372849e+04 
4.372849e+04 
4.372849e+04 
4.372849e+04 
4.372849e+04 
4.372849e+04 
4.372849e+04 
4.372849e+04 
4.372849e+04 
4.372849e+04 
4.372849e+04 
4.372849e+04 
4.372849e+04 
4.372849e+04 
4.372849e+04 
4.372849e+04 
4.372849e+04 
4.372849e+04 
4.372849e+04 
4.372849e+04 
4.372849e+04 
4.372849e+04 
4.372849e+04 
4.372849e+04 
4.372849e+04 
4.372849e+04 
4.372849e+04 
4.372849e+04 
4.372849e+04 
4.372849e+04 
4.372849e+04 
4.372849e+04 
4.372849e+04 
4.372849e+04 
4.372849e+04 
4.372849e+04 
4.372849e+04 
4.372849e+04 
4.372849e+04 
4.372849e+04 
4.372849e+04 
4.372849e+04 
4.372849e+04 
4.372849e+04 
4.372849e+04 
4.372849e+04 
4.372849e+04 
4.372849e+04 
4.372849e+04 
4.372849e+04 
4.372849e+04 
4.372849e+04 
4.372849e+04 
4.372849e+04 
4.372849e+04 
4.372849e+04 
4.372849e+04 
4.372849e+04 
4.372849e+04 
4.372849e+04 
4.372849e+04 
4.372849e+04 
4.372849e+04 
4.372849e+04 
4.372849e+04 
4.372849e+04 
4.372849e+04 
4.372849e+04 
4.372849e+04 
4.372849e+04 
4.372849e+04 
4.372849e+04 
4.372849e+04 
4.372849e+04 
4.372849e+04 
4.372849e+04 
4.372849e+04 
4.372849e+04 
4.372849e+04 
4.372849e+04 
4.372849e+04 
4.372849e+04 
4.372849e+04 
4.372849e+04 
4.372849e+04 
4.372849e+04 
4.372849e+04 
4.372849e+04 
4.372849e+04 
4.372849e+04 
4.372849e+04 
4.372849e+04 
4.372849e+04 
4.372849e+04 
4.372849e+04 
4.372849e+04 
4.372849e+04 
4.372849e+04 
4.372849e+04 
4.372849e+04 
4.372849e+04 
4.372849e+04 
4.372849e+04 
4.372849e+04 
4.372849e+04 
4.372849e+04 
4.372849e+04 
4.372849e+04 
4.372849e+04 
4.372849e+04 
4.372849e+04 
4.372849e+04 
4.372849e+04 
4.372849e+04 
4.372849e+04 
4.372849e+04 
4.372849e+04 
4.372849e+04 
4.372849e+04 
4.372849e+04 
4.372849e+04 
4.372849e+04 
4.372849e+04 
4.372849e+04 
4.372849e+04 
4.372849e+04 
4.372849e+04 
4.372849e+04 
4.372849e+04 
4.372849e+04 
4.372849e+04 
4.372849e+04 
4.372849e+04 
4.372849e+04 
4.372849e+04 
4.372849e+04 
4.372849e+04 
4.372849e+04 
4.372849e+04 
4.372849e+04 
4.372849e+04 
4.372849e+04 
4.372849e+04 
4.372849e+04 
4.372849e+04 
4.372849e+04 
4.372849e+04 
4.372849e+04 
4.372849e+04 
4.372849e+04 
4.372849e+04 
4.372849e+04 
4.372849e+04 
4.372849e+04 
4.372849e+04 
4.372849e+04 
4.372849e+04 
4.372849e+04 
4.372849e+04 
4.372849e+04 
4.372849e+04 
4.372849e+04 
4.372849e+04 
4.372849e+04 
4.372849e+04 
4.372849e+04 
4.372849e+04 
4.372849e+04 
4.372849e+04 
4.372849e+04 
4.372849e+04 
4.372849e+04 
4.372849e+04 
4.372849e+04 
4.372849e+04 
4.372849e+04 
4.372849e+04 
4.372849e+04 
4.372849e+04 
4.372849e+04 
4.372849e+04 
4.372849e+04 
4.372849e+04 
4.372849e+04 
4.372849e+04 
4.372849e+04 
4.372849e+04 
4.372849e+04 
4.372849e+04 
4.372849e+04 
4.372849e+04 
4.372849e+04 
4.372849e+04 
4.372849e+04 
4.372849e+04 
4.372849e+04 
4.372849e+04 
4.372849e+04 
4.372849e+04 
4.372849e+04 
4.372849e+04 
4.372849e+04 
4.372849e+04 
4.372849e+04 
4.372849e+04 
4.372849e+04 
4.372849e+04 
4.372849e+04 
4.372849e+04 
4.372849e+04 
4.372849e+04 
4.372849e+04 
4.372849e+04 
4.372849e+04 
4.372849e+04 
4.372849e+04 
4.372849e+04 
4.372849e+04 
4.372849e+04 
4.372849e+04 
4.372849e+04 
4.372849e+04 
4.372849e+04 
4.372849e+04 
4.372849e+04 
4.372849e+04 
4.372849e+04 
4.372849e+04 
4.372849e+04 
4.372849e+04 
4.372849e+04 
4.372849e+04 
4.372849e+04 
4.372849e+04 
4.372849e+04 
4.372849e+04 
4.372849e+04 
4.372849e+04 
4.372849e+04 
4.273231e+04 
4.273231e+04 
4.273231e+04 
4.273231e+04 
4.273231e+04 
4.273231e+04 
4.273231e+04 
4.273231e+04 
4.273231e+04 
4.273231e+04 
4.273231e+04 
4.273231e+04 
4.273231e+04 
4.273231e+04 
4.273231e+04 
4.273231e+04 
4.273231e+04 
4.273231e+04 
4.273231e+04 
4.273231e+04 
4.273231e+04 
4.273231e+04 
4.273231e+04 
4.273231e+04 
4.273231e+04 
4.273231e+04 
4.273231e+04 
4.273231e+04 
4.273231e+04 
4.273231e+04 
4.273231e+04 
4.273231e+04 
4.273231e+04 
4.273231e+04 
4.273231e+04 
4.273231e+04 
4.273231e+04 
4.273231e+04 
4.273231e+04 
4.273231e+04 
4.273231e+04 
4.273231e+04 
4.273231e+04 
4.273231e+04 
4.273231e+04 
4.273231e+04 
4.273231e+04 
4.273231e+04 
4.273231e+04 
4.273231e+04 
4.273231e+04 
4.273231e+04 
4.273231e+04 
4.273231e+04 
4.273231e+04 
4.273231e+04 
4.273231e+04 
4.273231e+04 
4.273231e+04 
4.273231e+04 
4.273231e+04 
4.273231e+04 
4.273231e+04 
4.273231e+04 
4.273231e+04 
4.273231e+04 
4.273231e+04 
4.273231e+04 
4.273231e+04 
4.273231e+04 
4.273231e+04 
4.273231e+04 
4.273231e+04 
4.273231e+04 
4.273231e+04 
4.273231e+04 
4.273231e+04 
4.273231e+04 
4.273231e+04 
4.273231e+04 
4.273231e+04 
4.273231e+04 
4.273231e+04 
4.273231e+04 
4.273231e+04 
4.273231e+04 
4.273231e+04 
4.273231e+04 
4.273231e+04 
4.273231e+04 
4.273231e+04 
4.213349e+04 
4.213349e+04 
4.038167e+04 
4.038167e+04 
4.038167e+04 
4.038167e+04 
4.038167e+04 
4.038167e+04 
4.038167e+04 
4.038167e+04 
4.038167e+04 
4.038167e+04 
4.038167e+04 
4.038167e+04 
4.038167e+04 
4.038167e+04 
3.888357e+04 
3.888357e+04 
3.888357e+04 
3.888357e+04 
3.888357e+04 
3.888357e+04 
3.888357e+04 
3.888357e+04 
3.888357e+04 
3.888357e+04 
3.888357e+04 
3.888357e+04 
3.888357e+04 
3.888357e+04 
3.888357e+04 
3.888357e+04 
3.888357e+04 
3.888357e+04 
3.888357e+04 
3.888357e+04 
3.888357e+04 
3.888357e+04 
3.888357e+04 
3.888357e+04 
3.888357e+04 
3.888357e+04 
3.888357e+04 
3.888357e+04 
3.888357e+04 
3.888357e+04 
3.888357e+04 
3.888357e+04 
3.888357e+04 
3.739055e+04 
3.739055e+04 
3.739055e+04 
3.254903e+04 
3.254903e+04 
3.254903e+04 
3.254903e+04 
3.254903e+04 
3.254903e+04 
3.254903e+04 
3.254903e+04 
3.254903e+04 
3.254903e+04 
3.254903e+04 
3.254903e+04 
3.254903e+04 
3.254903e+04 
3.254903e+04 
3.254903e+04 
3.254903e+04 
3.254903e+04 
3.254903e+04 
3.254903e+04 
3.254903e+04 
3.254903e+04 
3.254903e+04 
3.254903e+04 
3.254903e+04 
3.254903e+04 
3.254903e+04 
3.254903e+04 
3.254903e+04 
3.254903e+04 
3.254903e+04 
3.254903e+04 
3.254903e+04 
3.254903e+04 
3.254903e+04 
3.254903e+04 
3.254903e+04 
3.254903e+04 
3.254903e+04 
3.254903e+04 
3.254903e+04 
3.254903e+04 
3.254903e+04 
3.254903e+04 
3.254903e+04 
3.254903e+04 
3.254903e+04 
3.254903e+04 
3.254903e+04 
3.254903e+04 
3.254903e+04 
3.254903e+04 
3.254903e+04 
3.254903e+04 
3.254903e+04 
3.254903e+04 
3.254903e+04 
3.254903e+04 
3.254903e+04 
3.254903e+04 
3.254903e+04 
3.254903e+04 
3.254903e+04 
3.254903e+04 
3.254903e+04 
3.254903e+04 
3.254903e+04 
3.254903e+04 
3.254903e+04 
3.254903e+04 
3.254903e+04 
3.254903e+04 
3.254903e+04 
3.254903e+04 
3.254903e+04 
3.254903e+04 
3.254903e+04 
3.254903e+04 
3.254903e+04 
3.254903e+04 
3.254903e+04 
3.254903e+04 
3.254903e+04 
3.254903e+04 
3.254903e+04 
3.254903e+04 
3.254903e+04 
3.254903e+04 
3.254903e+04 
3.254903e+04 
3.254903e+04 
3.254903e+04 
3.254903e+04 
3.254903e+04 
3.254903e+04 
3.254903e+04 
3.254903e+04 
3.254903e+04 
3.254903e+04 
3.254903e+04 
3.254903e+04 
3.254903e+04 
3.254903e+04 
3.254903e+04 
3.254903e+04 
3.254903e+04 
3.254903e+04 
3.254903e+04 
3.254903e+04 
3.254903e+04 
3.254903e+04 
3.254903e+04 
3.254903e+04 
3.254903e+04 
3.254903e+04 
3.254903e+04 
3.069091e+04 
3.069091e+04 
3.069091e+04 
3.069091e+04 
3.069091e+04 
3.069091e+04 
3.069091e+04 
3.069091e+04 
3.069091e+04 
3.069091e+04 
3.069091e+04 
3.069091e+04 
3.069091e+04 
3.069091e+04 
3.069091e+04 
3.069091e+04 
3.069091e+04 
3.069091e+04 
3.069091e+04 
3.069091e+04 
3.069091e+04 
3.069091e+04 
3.069091e+04 
3.069091e+04 
3.069091e+04 
3.069091e+04 
3.069091e+04 
3.069091e+04 
3.069091e+04 
3.069091e+04 
3.069091e+04 
3.069091e+04 
3.069091e+04 
3.069091e+04 
3.069091e+04 
3.069091e+04 
2.854637e+04 
2.854637e+04 
2.854637e+04 
2.854637e+04 
2.854637e+04 
2.854637e+04 
2.854637e+04 
2.854637e+04 
2.854637e+04 
2.854637e+04 
2.854637e+04 
2.854637e+04 
2.854637e+04 
2.854637e+04 
2.854637e+04 
2.854637e+04 
2.854637e+04 
2.854637e+04 
2.854637e+04 
2.854637e+04 
2.854637e+04 
2.854637e+04 
2.854637e+04 
2.854637e+04 
2.854637e+04 
2.854637e+04 
2.854637e+04 
2.854637e+04 
2.854637e+04 
2.854637e+04 
2.854637e+04 
2.854637e+04 
2.854637e+04 
2.854637e+04 
2.854637e+04 
2.854637e+04 
2.854637e+04 
2.854637e+04 
2.854637e+04 
2.854637e+04 
2.854637e+04 
2.854637e+04 
2.854637e+04 
2.854637e+04 
2.854637e+04 
2.854637e+04 
2.854637e+04 
2.854637e+04 
2.854637e+04 
2.854637e+04 
2.854637e+04 
2.854637e+04 
2.854637e+04 
2.854637e+04 
2.854637e+04 
2.854637e+04 
2.854637e+04 
2.854637e+04 
2.854637e+04 
2.854637e+04 
2.854637e+04 
2.854637e+04 
2.854637e+04 
2.854637e+04 
2.854637e+04 
2.279200e+04 
2.279200e+04 
2.279200e+04 
2.279200e+04 
2.279200e+04 
2.279200e+04 
2.279200e+04 
2.279200e+04 
2.279200e+04 
2.279200e+04 
2.279200e+04 
2.279200e+04 
2.279200e+04 
2.279200e+04 
2.279200e+04 
2.279200e+04 
2.279200e+04 
2.279200e+04 
2.279200e+04 
2.279200e+04 
2.279200e+04 
2.279200e+04 
2.279200e+04 
2.279200e+04 
2.279200e+04 
2.279200e+04 
2.279200e+04 
2.279200e+04 
2.279200e+04 
2.279200e+04 
2.279200e+04 
2.279200e+04 
2.279200e+04 
2.279200e+04 
2.279200e+04 
2.279200e+04 
2.279200e+04 
2.279200e+04 
2.279200e+04 
2.279200e+04 
2.279200e+04 
2.279200e+04 
2.279200e+04 
2.279200e+04 
2.279200e+04 
2.279200e+04 
2.279200e+04 
2.279200e+04 
2.279200e+04 
2.279200e+04 
2.279200e+04 
2.279200e+04 
2.279200e+04 
2.279200e+04 
2.279200e+04 
2.279200e+04 
2.279200e+04 
2.279200e+04 
2.279200e+04 
2.279200e+04 
2.279200e+04 
2.279200e+04 
2.279200e+04 
2.279200e+04 
2.279200e+04 
2.279200e+04 
2.279200e+04 
2.279200e+04 
2.279200e+04 
2.279200e+04 
2.279200e+04 
2.279200e+04 
2.279200e+04 
2.279200e+04 
2.279200e+04 
2.279200e+04 
2.279200e+04 
2.279200e+04 
2.279200e+04 
2.279200e+04 
2.279200e+04 
2.279200e+04 
2.279200e+04 
2.279200e+04 
2.279200e+04 
2.279200e+04 
2.279200e+04 
2.279200e+04 
2.279200e+04 
2.279200e+04 
2.279200e+04 
2.279200e+04 
2.279200e+04 
2.279200e+04 
2.279200e+04 
2.279200e+04 
2.279200e+04 
2.279200e+04 
2.279200e+04 
2.279200e+04 
2.279200e+04 
2.279200e+04 
2.279200e+04 
2.279200e+04 
2.279200e+04 
2.279200e+04 
2.279200e+04 
2.279200e+04 
2.279200e+04 
2.279200e+04 
2.279200e+04 
2.279200e+04 
2.279200e+04 
2.279200e+04 
2.279200e+04 
2.279200e+04 
2.279200e+04 
2.279200e+04 
2.279200e+04 
2.279200e+04 
2.279200e+04 
2.279200e+04 
2.279200e+04 
2.279200e+04 
2.279200e+04 
2.279200e+04 
2.279200e+04 
2.279200e+04 
2.279200e+04 
2.279200e+04 
2.279200e+04 
2.279200e+04 
2.279200e+04 
2.279200e+04 
2.279200e+04 
2.279200e+04 
2.279200e+04 
2.279200e+04 
2.279200e+04 
2.279200e+04 
2.279200e+04 
2.279200e+04 
2.279200e+04 
2.279200e+04 
2.279200e+04 
2.279200e+04 
2.279200e+04 
2.279200e+04 
2.279200e+04 
2.279200e+04 
2.279200e+04 
2.279200e+04 
2.279200e+04 
2.279200e+04 
2.148472e+04 
2.148472e+04 
2.148472e+04 
2.148472e+04 
2.148472e+04 
2.148472e+04 
2.148472e+04 
2.148472e+04 
2.148472e+04 
2.148472e+04 
2.148472e+04 
2.148472e+04 
2.148472e+04 
2.148472e+04 
2.148472e+04 
2.148472e+04 
2.148472e+04 
2.148472e+04 
2.148472e+04 
2.148472e+04 
2.148472e+04 
2.148472e+04 
2.148472e+04 
2.148472e+04 
2.148472e+04 
2.148472e+04 
2.148472e+04 
2.148472e+04 
2.148472e+04 
2.148472e+04 
2.148472e+04 
2.148472e+04 
2.148472e+04 
2.148472e+04 
2.148472e+04 
2.148472e+04 
2.148472e+04 
2.148472e+04 
2.148472e+04 
2.148472e+04 
2.148472e+04 
2.148472e+04 
2.148472e+04 
2.148472e+04 
2.148472e+04 
2.148472e+04 
2.148472e+04 
2.148472e+04 
2.148472e+04 
2.148472e+04 
2.148472e+04 
2.148472e+04 
2.148472e+04 
2.148472e+04 
2.148472e+04 
2.148472e+04 
2.148472e+04 
2.148472e+04 
2.148472e+04 
2.148472e+04 
2.148472e+04 
2.148472e+04 
2.148472e+04 
2.148472e+04 
2.148472e+04 
2.148472e+04 
2.148472e+04 
2.148472e+04 
2.148472e+04 
2.148472e+04 
2.148472e+04 
2.148472e+04 
2.148472e+04 
2.148472e+04 
2.148472e+04 
2.148472e+04 
2.148472e+04 
2.148472e+04 
2.148472e+04 
2.148472e+04 
2.129991e+04 
2.129991e+04 
2.129991e+04 
2.129991e+04 
2.129991e+04 
2.129991e+04 
2.129991e+04 
2.129991e+04 
2.129991e+04 
2.129991e+04 
2.129991e+04 
2.129991e+04 
2.129991e+04 
2.129991e+04 
2.129991e+04 
2.129991e+04 
2.129991e+04 
2.129991e+04 
2.129991e+04 
2.129991e+04 
2.129991e+04 
2.129991e+04 
2.129991e+04 
2.129991e+04 
2.129991e+04 
2.069222e+04 
2.069222e+04 
2.069222e+04 
2.069222e+04 
2.069222e+04 
2.069222e+04 
2.069222e+04 
2.069222e+04 
2.069222e+04 
2.069222e+04 
2.069222e+04 
2.069222e+04 
2.069222e+04 
2.069222e+04 
2.069222e+04 
2.069222e+04 
2.069222e+04 
2.069222e+04 
2.069222e+04 
2.069222e+04 
2.069222e+04 
2.069222e+04 
2.069222e+04 
2.069222e+04 
2.069222e+04 
2.069222e+04 
2.069222e+04 
2.069222e+04 
2.069222e+04 
2.069222e+04 
2.069222e+04 
2.069222e+04 
2.069222e+04 
2.069222e+04 
2.069222e+04 
2.069222e+04 
2.069222e+04 
2.069222e+04 
2.069222e+04 
2.069222e+04 
2.069222e+04 
2.069222e+04 
2.069222e+04 
2.069222e+04 
2.069222e+04 
2.069222e+04 
2.069222e+04 
2.069222e+04 
2.069222e+04 
2.069222e+04 
2.069222e+04 
2.069222e+04 
2.069222e+04 
2.069222e+04 
2.069222e+04 
2.069222e+04 
2.069222e+04 
2.069222e+04 
2.069222e+04 
2.069222e+04 
2.069222e+04 
2.069222e+04 
2.069222e+04 
2.069222e+04 
2.069222e+04 
2.069222e+04 
2.069222e+04 
2.069222e+04 
2.069222e+04 
2.069222e+04 
2.069222e+04 
2.069222e+04 
2.069222e+04 
2.069222e+04 
2.069222e+04 
2.069222e+04 
2.069222e+04 
2.069222e+04 
2.069222e+04 
2.069222e+04 
1.586837e+04 
1.586837e+04 
1.586837e+04 
1.586837e+04 
1.586837e+04 
1.586837e+04 
1.586837e+04 
1.586837e+04 
1.586837e+04 
1.586837e+04 
1.586837e+04 
1.586837e+04 
1.586837e+04 
1.586837e+04 
1.586837e+04 
1.586837e+04 
1.586837e+04 
1.586837e+04 
1.586837e+04 
1.586837e+04 
1.586837e+04 
1.586837e+04 
1.586837e+04 
1.586837e+04 
1.586837e+04 
1.586837e+04 
1.586837e+04 
1.586837e+04 
1.586837e+04 
1.586837e+04 
1.586837e+04 
1.586837e+04 
1.586837e+04 
1.586837e+04 
1.586837e+04 
1.586837e+04 
1.586837e+04 
1.586837e+04 
1.586837e+04 
1.586837e+04 
1.586837e+04 
1.586837e+04 
1.586837e+04 
1.586837e+04 
1.586837e+04 
1.586837e+04 
1.586837e+04 
1.586837e+04 
1.586837e+04 
1.586837e+04 
1.586837e+04 
1.586837e+04 
1.586837e+04 
1.586837e+04 
1.586837e+04 
1.586837e+04 
1.586837e+04 
1.586837e+04 
1.586837e+04 
1.586837e+04 
1.586837e+04 
1.586837e+04 
1.586837e+04 
1.586837e+04 
1.586837e+04 
1.586837e+04 
1.586837e+04 
1.586837e+04 
1.586837e+04 
1.586837e+04 
1.586837e+04 
1.586837e+04 
1.586837e+04 
1.586837e+04 
1.586837e+04 
1.586837e+04 
1.586837e+04 
1.586837e+04 
1.586837e+04 
1.586837e+04 
1.586837e+04 
1.586837e+04 
1.586837e+04 
1.586837e+04 
1.586837e+04 
1.586837e+04 
1.586837e+04 
1.586837e+04 
1.586837e+04 
1.586837e+04 
1.586837e+04 
1.586837e+04 
1.586837e+04 
1.586837e+04 
1.586837e+04 
1.586837e+04 
1.586837e+04 
1.586837e+04 
1.586837e+04 
1.586837e+04 
1.586837e+04 
1.586837e+04 
1.586837e+04 
1.586837e+04 
1.586837e+04 
1.586837e+04 
1.586837e+04 
1.586837e+04 
1.586837e+04 
1.586837e+04 
1.586837e+04 
1.586837e+04 
1.586837e+04 
1.586837e+04 
1.586837e+04 
1.586837e+04 
1.586837e+04 
1.586837e+04 
1.586837e+04 
1.586837e+04 
1.586837e+04 
1.586837e+04 
1.586837e+04 
1.586837e+04 
1.586837e+04 
1.586837e+04 
1.586837e+04 
1.586837e+04 
1.586837e+04 
1.586837e+04 
1.586837e+04 
1.586837e+04 
1.586837e+04 
1.586837e+04 
1.586837e+04 
1.586837e+04 
1.586837e+04 
1.586837e+04 
1.586837e+04 
1.586837e+04 
1.586837e+04 
1.586837e+04 
1.586837e+04 
1.586837e+04 
1.586837e+04 
1.586837e+04 
1.586837e+04 
1.586837e+04 
1.586837e+04 
1.586837e+04 
1.586837e+04 
1.586837e+04 
1.586837e+04 
1.586837e+04 
1.586837e+04 
1.586837e+04 
1.586837e+04 
1.586837e+04 
1.586837e+04 
1.586837e+04 
1.586837e+04 
1.586837e+04 
1.586837e+04 
1.586837e+04 
1.586837e+04 
1.586837e+04 
1.586837e+04 
1.586837e+04 
1.586837e+04 
1.586837e+04 
1.586837e+04 
1.586837e+04 
1.586837e+04 
1.586837e+04 
1.586837e+04 
1.586837e+04 
1.586837e+04 
1.586837e+04 
1.586837e+04 
1.586837e+04 
1.586837e+04 
1.586837e+04 
1.586837e+04 
1.586837e+04 
1.586837e+04 
1.586837e+04 
1.586837e+04 
1.586837e+04 
1.586837e+04 
1.586837e+04 
1.586837e+04 
1.586837e+04 
1.586837e+04 
1.586837e+04 
1.586837e+04 
1.586837e+04 
1.586837e+04 
1.586837e+04 
1.586837e+04 
1.586837e+04 
1.586837e+04 
1.586837e+04 
1.586837e+04 
1.586837e+04 
1.586837e+04 
1.586837e+04 
1.586837e+04 
1.586837e+04 
1.586837e+04 
1.586837e+04 
1.586837e+04 
1.586837e+04 
1.586837e+04 
1.586837e+04 
1.586837e+04 
1.474392e+04 
1.474392e+04 
1.474392e+04 
1.474392e+04 
1.474392e+04 
1.474392e+04 
1.474392e+04 
1.474392e+04 
1.474392e+04 
1.474392e+04 
1.474392e+04 
1.474392e+04 
1.474392e+04 
1.474392e+04 
1.474392e+04 
1.474392e+04 
1.474392e+04 
1.474392e+04 
1.474392e+04 
1.474392e+04 
1.474392e+04 
1.474392e+04 
1.474392e+04 
1.474392e+04 
1.474392e+04 
1.474392e+04 
1.474392e+04 
1.474392e+04 
1.474392e+04 
1.474392e+04 
1.474392e+04 
1.474392e+04 
1.474392e+04 
1.474392e+04 
1.474392e+04 
1.474392e+04 
1.474392e+04 
1.474392e+04 
1.474392e+04 
1.474392e+04 
1.474392e+04 
1.474392e+04 
1.474392e+04 
1.474392e+04 
1.474392e+04 
1.474392e+04 
1.474392e+04 
1.474392e+04 
1.474392e+04 
1.474392e+04 
1.474392e+04 
1.474392e+04 
1.474392e+04 
1.474392e+04 
1.474392e+04 
1.474392e+04 
1.474392e+04 
1.474392e+04 
1.474392e+04 
1.474392e+04 
1.474392e+04 
1.474392e+04 
1.474392e+04 
1.474392e+04 
1.474392e+04 
1.474392e+04 
1.474392e+04 
1.474392e+04 
1.474392e+04 
1.474392e+04 
1.474392e+04 
1.474392e+04 
1.474392e+04 
1.474392e+04 
1.474392e+04 
1.474392e+04 
1.474392e+04 
1.474392e+04 
1.474392e+04 
1.474392e+04 
1.474392e+04 
1.474392e+04 
1.474392e+04 
1.474392e+04 
1.474392e+04 
1.474392e+04 
1.474392e+04 
1.474392e+04 
1.474392e+04 
1.474392e+04 
1.474392e+04 
1.474392e+04 
1.474392e+04 
1.474392e+04 
1.474392e+04 
1.474392e+04 
1.474392e+04 
1.474392e+04 
1.474392e+04 
1.474392e+04 
1.474392e+04 
1.474392e+04 
1.474392e+04 
1.474392e+04 
1.474392e+04 
1.474392e+04 
1.474392e+04 
1.474392e+04 
1.474392e+04 
1.474392e+04 
1.474392e+04 
1.474392e+04 
1.474392e+04 
1.474392e+04 
1.474392e+04 
1.474392e+04 
1.474392e+04 
1.474392e+04 
1.474392e+04 
1.474392e+04 
1.474392e+04 
1.474392e+04 
1.474392e+04 
1.474392e+04 
1.474392e+04 
1.474392e+04 
1.474392e+04 
1.474392e+04 
1.474392e+04 
1.474392e+04 
1.474392e+04 
1.474392e+04 
1.474392e+04 
1.474392e+04 
1.474392e+04 
1.474392e+04 
1.474392e+04 
1.474392e+04 
1.474392e+04 
1.474392e+04 
1.474392e+04 
1.474392e+04 
1.474392e+04 
1.474392e+04 
1.474392e+04 
1.474392e+04 
1.474392e+04 
1.474392e+04 
1.474392e+04 
1.474392e+04 
1.474392e+04 
1.474392e+04 
1.474392e+04 
1.474392e+04 
1.474392e+04 
1.474392e+04 
1.474392e+04 
1.474392e+04 
1.474392e+04 
1.474392e+04 
1.474392e+04 
1.474392e+04 
1.474392e+04 
1.474392e+04 
1.474392e+04 
1.474392e+04 
1.474392e+04 
1.474392e+04 
1.474392e+04 
1.474392e+04 
1.474392e+04 
1.474392e+04 
1.474392e+04 
1.474392e+04 
1.474392e+04 
1.474392e+04 
1.474392e+04 
1.474392e+04 
1.474392e+04 
1.474392e+04 
1.474392e+04 
1.474392e+04 
1.474392e+04 
1.474392e+04 
1.474392e+04 
1.474392e+04 
1.474392e+04 
1.474392e+04 
1.474392e+04 
1.474392e+04 
1.474392e+04 
1.474392e+04 
1.474392e+04 
1.474392e+04 
1.474392e+04 
1.474392e+04 
1.474392e+04 
1.474392e+04 
1.474392e+04 
1.474392e+04 
1.474392e+04 
1.474392e+04 
1.474392e+04 
1.474392e+04 
1.474392e+04 
1.474392e+04 
1.474392e+04 
1.473670e+04 
1.473670e+04 
1.473670e+04 
1.473670e+04 
1.460850e+04 
1.460850e+04 
1.460850e+04 
1.460850e+04 
1.460850e+04 
1.460850e+04 
1.460850e+04 
1.460850e+04 
1.460850e+04 
1.460850e+04 
1.460850e+04 
1.460850e+04 
1.460850e+04 
1.460850e+04 
1.460850e+04 
1.460850e+04 
1.460850e+04 
1.460850e+04 
1.460850e+04 
1.460850e+04 
1.460850e+04 
1.460850e+04 
1.460850e+04 
1.460850e+04 
1.460850e+04 
1.460850e+04 
1.460850e+04 
1.460850e+04 
1.460850e+04 
1.460850e+04 
1.460850e+04 
1.460850e+04 
1.460850e+04 
1.460850e+04 
1.460850e+04 
1.460850e+04 
1.460850e+04 
1.460850e+04 
1.460850e+04 
1.460850e+04 
1.460850e+04 
1.460850e+04 
1.460850e+04 
1.460850e+04 
1.460850e+04 
1.460850e+04 
1.460850e+04 
1.460850e+04 
1.460850e+04 
1.460850e+04 
1.460850e+04 
1.460850e+04 
1.460850e+04 
1.460850e+04 
1.460850e+04 
1.460850e+04 
1.460850e+04 
1.460850e+04 
1.460850e+04 
1.460850e+04 
1.460850e+04 
1.460850e+04 
1.460850e+04 
1.460850e+04 
1.460850e+04 
1.460850e+04 
1.460850e+04 
1.320236e+04 
1.320236e+04 
1.320236e+04 
1.320236e+04 
1.320236e+04 
1.320236e+04 
1.320236e+04 
1.320236e+04 
1.320236e+04 
1.320236e+04 
1.320236e+04 
1.320236e+04 
1.320236e+04 
1.320236e+04 
1.320236e+04 
1.320236e+04 
1.320236e+04 
1.320236e+04 
1.320236e+04 
1.320236e+04 
1.320236e+04 
1.320236e+04 
1.320236e+04 
1.320236e+04 
1.320236e+04 
1.320236e+04 
1.320236e+04 
1.320236e+04 
1.320236e+04 
1.320236e+04 
1.320236e+04 
1.320236e+04 
1.320236e+04 
1.320236e+04 
1.320236e+04 
1.320236e+04 
1.320236e+04 
1.320236e+04 
1.320236e+04 
1.320236e+04 
1.320236e+04 
1.320236e+04 
1.320236e+04 
1.320236e+04 
1.320236e+04 
1.320236e+04 
1.320236e+04 
1.320236e+04 
1.320236e+04 
1.320236e+04 
1.320236e+04 
1.320236e+04 
1.320236e+04 
1.320236e+04 
1.320236e+04 
1.320236e+04 
1.320236e+04 
1.320236e+04 
1.320236e+04 
1.320236e+04 
1.320236e+04 
1.320236e+04 
1.320236e+04 
1.320236e+04 
1.320236e+04 
1.245693e+04 
1.245693e+04 
1.245693e+04 
1.245693e+04 
1.245693e+04 
1.245693e+04 
1.245693e+04 
1.245693e+04 
1.245693e+04 
1.245693e+04 
1.245693e+04 
1.245693e+04 
1.245693e+04 
1.245693e+04 
1.245693e+04 
1.245693e+04 
1.245693e+04 
1.245693e+04 
1.245693e+04 
1.245693e+04 
1.245693e+04 
1.245693e+04 
1.245693e+04 
1.245693e+04 
1.245693e+04 
1.245693e+04 
1.245693e+04 
1.245693e+04 
1.245693e+04 
1.245693e+04 
1.245693e+04 
1.245693e+04 
1.245693e+04 
1.245693e+04 
1.245693e+04 
1.245693e+04 
1.245693e+04 
1.245693e+04 
1.245693e+04 
1.245693e+04 
1.245693e+04 
1.245693e+04 
1.245693e+04 
1.245693e+04 
1.245693e+04 
1.245693e+04 
1.245693e+04 
1.245693e+04 
1.245693e+04 
1.245693e+04 
1.245693e+04 
1.245693e+04 
1.245693e+04 
1.245693e+04 
1.245693e+04 
1.245693e+04 
1.245693e+04 
1.245693e+04 
1.245693e+04 
1.245693e+04 
1.245693e+04 
1.245693e+04 
1.245693e+04 
1.245693e+04 
1.245693e+04 
1.245693e+04 
1.245693e+04 
1.245693e+04 
1.245693e+04 
1.245693e+04 
1.245693e+04 
1.245693e+04 
1.245693e+04 
1.245693e+04 
1.245693e+04 
1.245693e+04 
1.245693e+04 
1.245693e+04 
1.245693e+04 
1.245693e+04 
1.245693e+04 
1.245693e+04 
1.245693e+04 
1.245693e+04 
1.245693e+04 
1.245693e+04 
1.245693e+04 
1.245693e+04 
1.245693e+04 
1.245693e+04 
1.245693e+04 
1.245693e+04 
1.245693e+04 
1.245693e+04 
1.245693e+04 
1.245693e+04 
1.245693e+04 
1.245693e+04 
1.245693e+04 
1.245693e+04 
1.245693e+04 
1.245693e+04 
1.245693e+04 
1.245693e+04 
1.245693e+04 
1.245693e+04 
1.245693e+04 
1.245693e+04 
1.245693e+04 
1.245693e+04 
1.245693e+04 
1.245693e+04 
1.245693e+04 
1.245693e+04 
1.245693e+04 
1.245693e+04 
1.245693e+04 
1.245693e+04 
1.245693e+04 
1.245693e+04 
1.245693e+04 
1.245693e+04 
1.245693e+04 
1.245693e+04 
1.245693e+04 
1.245693e+04 
1.245693e+04 
1.245693e+04 
1.245693e+04 
1.245693e+04 
1.245693e+04 
1.245693e+04 
1.245693e+04 
1.245693e+04 
1.245693e+04 
1.245693e+04 
1.245693e+04 
1.245693e+04 
1.245693e+04 
1.245693e+04 
1.245693e+04 
1.245693e+04 
1.245693e+04 
1.245693e+04 
1.245693e+04 
1.245693e+04 
1.245693e+04 
1.245693e+04 
1.245693e+04 
1.245693e+04 
1.245693e+04 
1.245693e+04 
1.245693e+04 
1.245693e+04 
1.245693e+04 
1.245693e+04 
1.245693e+04 
1.245693e+04 
1.245693e+04 
1.245693e+04 
1.245693e+04 
1.245693e+04 
1.245693e+04 
1.245693e+04 
1.245693e+04 
1.245693e+04 
1.245693e+04 
1.245693e+04 
1.245693e+04 
1.245693e+04 
1.245693e+04 
1.245693e+04 
1.245693e+04 
1.245693e+04 
1.245693e+04 
1.245693e+04 
1.245693e+04 
1.245693e+04 
1.245693e+04 
1.245693e+04 
1.245693e+04 
1.245693e+04 
1.245693e+04 
1.245693e+04 
1.245693e+04 
1.245693e+04 
1.245693e+04 
1.245693e+04 
1.245693e+04 
1.245693e+04 
1.245693e+04 
1.245693e+04 
1.245693e+04 
1.245693e+04 
1.245693e+04 
1.245693e+04 
1.245693e+04 
1.245693e+04 
1.245693e+04 
1.245693e+04 
1.245693e+04 
1.245693e+04 
1.245693e+04 
1.245693e+04 
1.245693e+04 
1.245693e+04 
1.245693e+04 
1.245693e+04 
1.245693e+04 
1.245693e+04 
1.245693e+04 
1.245693e+04 
1.245693e+04 
1.245693e+04 
1.245693e+04 
1.245693e+04 
1.245693e+04 
1.245693e+04 
1.245693e+04 
1.245693e+04 
1.245693e+04 
1.245693e+04 
1.245693e+04 
1.245693e+04 
1.245693e+04 
1.245693e+04 
1.245693e+04 
1.245693e+04 
1.245693e+04 
1.245693e+04 
1.245693e+04 
1.245693e+04 
1.245693e+04 
1.245693e+04 
1.245693e+04 
1.245693e+04 
1.245693e+04 
1.245693e+04 
1.245693e+04 
1.245693e+04 
1.245693e+04 
1.245693e+04 
1.245693e+04 
1.245693e+04 
1.245693e+04 
1.245693e+04 
1.245693e+04 
1.245693e+04 
1.245693e+04 
1.245693e+04 
1.245693e+04 
1.245693e+04 
1.245693e+04 
1.245693e+04 
1.245693e+04 
1.245693e+04 
1.245693e+04 
1.245693e+04 
1.245693e+04 
1.245693e+04 
1.245693e+04 
1.245693e+04 
1.245693e+04 
1.245693e+04 
1.245693e+04 
1.245693e+04 
1.245693e+04 
1.245693e+04 
1.245693e+04 
1.245693e+04 
1.245693e+04 
1.245693e+04 
1.245693e+04 
1.245693e+04 
1.245693e+04 
1.245693e+04 
1.245693e+04 
1.245693e+04 
1.245693e+04 
1.245693e+04 
1.245693e+04 
1.245693e+04 
1.245693e+04 
1.245693e+04 
1.245693e+04 
1.245693e+04 
1.245693e+04 
1.245693e+04 
1.245693e+04 
1.245693e+04 
1.245693e+04 
1.245693e+04 
1.245693e+04 
1.245693e+04 
1.245693e+04 
1.245693e+04 
1.245693e+04 
1.245693e+04 
1.245693e+04 
1.245693e+04 
1.245693e+04 
1.245693e+04 
1.245693e+04 
1.245693e+04 
1.245693e+04 
1.245693e+04 
1.245693e+04 
1.245693e+04 
1.245693e+04 
1.245693e+04 
1.245693e+04 
1.245693e+04 
1.245693e+04 
1.245693e+04 
1.245693e+04 
1.245693e+04 
1.245693e+04 
1.245693e+04 
1.245693e+04 
1.245693e+04 
1.245693e+04 
1.245693e+04 
1.245693e+04 
1.245693e+04 
1.245693e+04 
1.245693e+04 
1.245693e+04 
1.245693e+04 
1.245693e+04 
1.245693e+04 
1.245693e+04 
1.245693e+04 
1.245693e+04 
1.245693e+04 
1.245693e+04 
1.245693e+04 
1.245693e+04 
1.245693e+04 
1.245693e+04 
1.245693e+04 
1.245693e+04 
1.245693e+04 
1.245693e+04 
1.245693e+04 
1.245693e+04 
1.245693e+04 
1.245693e+04 
1.245693e+04 
1.245693e+04 
1.245693e+04 
1.245693e+04 
1.245693e+04 
1.245693e+04 
1.245693e+04 
1.245693e+04 
1.245693e+04 
1.245693e+04 
1.245693e+04 
1.245693e+04 
1.245693e+04 
1.245693e+04 
1.245693e+04 
1.245693e+04 
1.245693e+04 
1.245693e+04 
1.245693e+04 
1.245693e+04 
1.245693e+04 
1.136993e+04 
1.136993e+04 
1.136993e+04 
1.136993e+04 
1.136993e+04 
1.136993e+04 
1.136993e+04 
1.136993e+04 
1.136993e+04 
1.136993e+04 
1.136993e+04 
1.136993e+04 
1.136993e+04 
1.136993e+04 
1.136993e+04 
1.136993e+04 
1.136993e+04 
1.136993e+04 
1.136993e+04 
1.136993e+04 
1.136993e+04 
1.136993e+04 
1.136993e+04 
1.136993e+04 
1.136993e+04 
1.136993e+04 
1.136993e+04 
1.136993e+04 
1.136993e+04 
1.056930e+04 
1.056930e+04 
1.056930e+04 
1.056930e+04 
1.056930e+04 
1.056930e+04 
1.056930e+04 
1.056930e+04 
1.056930e+04 
1.056930e+04 
1.056930e+04 
1.056930e+04 
1.056930e+04 
1.056930e+04 
1.056930e+04 
1.056930e+04 
1.056930e+04 
1.056930e+04 
1.038739e+04 
1.038739e+04 
1.038739e+04 
1.038739e+04 
1.038739e+04 
1.037479e+04 
1.037479e+04 
1.037479e+04 
1.031385e+04 
1.031385e+04 
1.031385e+04 
1.031385e+04 
1.031385e+04 
1.031385e+04 
1.031385e+04 
1.030655e+04 
1.030655e+04 
1.030655e+04 
1.030655e+04 
1.027666e+04 
1.025724e+04 
1.025724e+04 
1.025724e+04 
1.025724e+04 
1.025431e+04 
1.025027e+04 
1.025027e+04 
1.025027e+04 
1.025019e+04 
1.024891e+04 
1.024845e+04 
1.024841e+04 
1.024841e+04 
1.024837e+04 
1.024837e+04 
1.024836e+04 
1.024836e+04 
1.024820e+04 
1.024820e+04 
1.024816e+04 
1.024814e+04 
1.024814e+04 
1.024814e+04 
1.024814e+04 
1.024814e+04 
1.024814e+04 
1.024814e+04 
1.024814e+04 
1.024814e+04 
1.024814e+04 
1.024814e+04 
1.024814e+04 
1.024814e+04 
1.024814e+04 
1.024813e+04 
1.024813e+04 
1.024813e+04 
1.024813e+04 
1.024813e+04 
1.024813e+04 
1.024813e+04 
1.024813e+04 
1.024813e+04 
1.024813e+04 
1.024813e+04 
1.024813e+04 
1.024813e+04 
1.024813e+04 
1.024813e+04 
1.024813e+04 
1.024813e+04 
1.024813e+04 
1.024813e+04 
1.024813e+04 
1.024813e+04 
1.024813e+04 
1.024813e+04 
1.024813e+04 
1.024813e+04 
1.024813e+04 
1.024813e+04 
1.024813e+04 
1.024813e+04 
1.024813e+04 
1.024813e+04 
1.024813e+04 
1.024813e+04 
1.024813e+04 
1.024813e+04 
1.024813e+04 
1.024813e+04 
1.024813e+04 
1.024813e+04 
1.024813e+04 
1.024813e+04 
1.024813e+04 
1.024813e+04 
1.024813e+04 
1.024813e+04 
1.024813e+04 
1.024813e+04 
1.024813e+04 
1.024813e+04 
1.024813e+04 
1.024813e+04 
1.024813e+04 
1.024813e+04 
1.024813e+04 
1.024813e+04 
1.024813e+04 
1.024813e+04 
1.024813e+04 
1.024813e+04 
1.024813e+04 
1.024813e+04 
1.024813e+04 
1.024813e+04 
1.024813e+04 
1.024813e+04 
1.024813e+04 
1.024813e+04 
1.024813e+04 
1.024813e+04 
1.024813e+04 
1.024813e+04 
1.024813e+04 
1.024813e+04 
1.024813e+04 
1.024813e+04 
1.024813e+04 
1.024813e+04 
1.024813e+04 
1.024813e+04 
1.024813e+04 
1.024813e+04 
1.024813e+04 
1.024813e+04 
1.024813e+04 
1.024813e+04 
1.024813e+04 
1.024813e+04 
1.024813e+04 
1.024813e+04 
1.024813e+04 
1.024813e+04 
1.024813e+04 
1.024813e+04 
1.024813e+04 
1.024813e+04 
1.024813e+04 
1.024813e+04 
1.024813e+04 
1.024813e+04 
1.024813e+04 
1.001100e+04 
1.001100e+04 
1.001100e+04 
1.001100e+04 
1.001100e+04 
1.001100e+04 
1.001100e+04 
1.001100e+04 
1.001100e+04 
1.001100e+04 
1.001100e+04 
1.001100e+04 
1.001100e+04 
1.001100e+04 
1.001100e+04 
1.001100e+04 
1.001100e+04 
1.001100e+04 
1.001100e+04 
1.001100e+04 
1.001100e+04 
1.001100e+04 
1.001100e+04 
1.001100e+04 
1.001100e+04 
1.001100e+04 
1.001100e+04 
1.001100e+04 
1.001100e+04 
1.001100e+04 
1.001100e+04 
1.001100e+04 
1.001100e+04 
1.001100e+04 
1.001100e+04 
1.001100e+04 
1.001100e+04 
9.332552e+03 
9.332552e+03 
9.332552e+03 
9.332552e+03 
9.332552e+03 
9.332552e+03 
9.332552e+03 
9.332552e+03 
9.332552e+03 
9.332552e+03 
9.332552e+03 
9.332552e+03 
9.332552e+03 
9.332552e+03 
9.332552e+03 
9.332552e+03 
9.332552e+03 
9.332552e+03 
9.332552e+03 
9.332552e+03 
9.332552e+03 
9.332552e+03 
9.332552e+03 
9.332552e+03 
9.332552e+03 
9.332552e+03 
9.332552e+03 
9.332552e+03 
9.332552e+03 
9.332552e+03 
9.332552e+03 
9.332552e+03 
9.332552e+03 
9.332552e+03 
9.332552e+03 
9.332552e+03 
9.332552e+03 
9.332552e+03 
9.332552e+03 
9.332552e+03 
9.332552e+03 
9.332552e+03 
9.332552e+03 
9.332552e+03 
9.332552e+03 
9.332552e+03 
9.332552e+03 
9.332552e+03 
8.385510e+03 
8.385510e+03 
8.385510e+03 
8.385510e+03 
8.385510e+03 
8.385510e+03 
8.385510e+03 
8.385510e+03 
8.385510e+03 
8.385510e+03 
8.385510e+03 
8.385510e+03 
8.385510e+03 
8.385510e+03 
8.385510e+03 
8.385510e+03 
8.385510e+03 
8.385510e+03 
8.385510e+03 
8.385510e+03 
8.385510e+03 
8.385510e+03 
8.385510e+03 
8.385510e+03 
8.385510e+03 
8.385510e+03 
8.385510e+03 
8.385510e+03 
8.385510e+03 
8.385510e+03 
8.385510e+03 
8.385510e+03 
8.385510e+03 
8.385510e+03 
8.385510e+03 
8.385510e+03 
8.385510e+03 
8.385510e+03 
8.385510e+03 
8.385510e+03 
8.385510e+03 
8.385510e+03 
8.385510e+03 
8.385510e+03 
7.345932e+03 
7.345932e+03 
7.345932e+03 
7.345932e+03 
7.345932e+03 
7.345932e+03 
7.345932e+03 
7.345932e+03 
7.345932e+03 
7.345932e+03 
7.345932e+03 
7.345932e+03 
7.345932e+03 
7.345932e+03 
7.345932e+03 
7.345932e+03 
7.345932e+03 
7.345932e+03 
7.345932e+03 
7.345932e+03 
7.345932e+03 
7.345932e+03 
7.345932e+03 
7.345932e+03 
7.345932e+03 
7.345932e+03 
7.345932e+03 
7.345932e+03 
7.345932e+03 
7.345932e+03 
7.345932e+03 
7.345932e+03 
7.345932e+03 
7.345932e+03 
7.345932e+03 
7.345932e+03 
7.345932e+03 
7.345932e+03 
7.345932e+03 
7.345932e+03 
7.345932e+03 
7.345932e+03 
7.345932e+03 
7.345932e+03 
7.345932e+03 
7.345932e+03 
7.345932e+03 
7.345932e+03 
7.345932e+03 
7.345932e+03 
7.345932e+03 
7.345932e+03 
7.345932e+03 
7.345932e+03 
7.345932e+03 
7.345932e+03 
7.345932e+03 
7.345932e+03 
7.345932e+03 
7.345932e+03 
7.345932e+03 
7.345932e+03 
7.345932e+03 
7.345932e+03 
7.345932e+03 
7.345932e+03 
7.345932e+03 
7.345932e+03 
7.345932e+03 
7.345932e+03 
7.345932e+03 
7.345932e+03 
7.345932e+03 
7.345932e+03 
7.345932e+03 
7.345932e+03 
7.345932e+03 
7.345932e+03 
7.345932e+03 
7.345932e+03 
7.345932e+03 
7.047422e+03 
7.047422e+03 
7.047422e+03 
7.047422e+03 
7.047422e+03 
7.047422e+03 
7.047422e+03 
7.047422e+03 
7.047422e+03 
7.047422e+03 
6.988128e+03 
6.988128e+03 
6.988128e+03 
6.988128e+03 
6.988128e+03 
6.988128e+03 
6.988128e+03 
6.988128e+03 
6.988128e+03 
6.988128e+03 
6.988128e+03 
6.988128e+03 
6.988128e+03 
6.988128e+03 
6.988128e+03 
6.988128e+03 
6.988128e+03 
6.988128e+03 
6.988128e+03 
6.988128e+03 
6.988128e+03 
6.978595e+03 
6.978595e+03 
6.903787e+03 
6.903787e+03 
6.903787e+03 
6.903787e+03 
6.846247e+03 
6.846247e+03 
6.846247e+03 
6.822644e+03 
6.822644e+03 
6.819649e+03 
6.812612e+03 
6.812612e+03 
6.812612e+03 
6.812612e+03 
6.808144e+03 
6.808144e+03 
6.805903e+03 
6.805903e+03 
6.805903e+03 
6.802569e+03 
6.621451e+03 
6.621451e+03 
6.621451e+03 
6.621451e+03 
6.352760e+03 
6.352760e+03 
6.352760e+03 
6.352760e+03 
6.352760e+03 
6.352760e+03 
6.352760e+03 
6.352760e+03 
6.352760e+03 
6.352760e+03 
6.352760e+03 
5.464790e+03 
5.464790e+03 
5.464790e+03 
5.464790e+03 
5.464790e+03 
5.464790e+03 
5.464790e+03 
5.464790e+03 
5.464790e+03 
5.464790e+03 
5.464790e+03 
5.464790e+03 
5.455439e+03 
5.455439e+03 
5.455439e+03 
5.455439e+03 
5.455439e+03 
5.455439e+03 
4.943001e+03 
4.943001e+03 
4.857446e+03 
4.857446e+03 
4.857446e+03 
4.857446e+03 
4.857446e+03 
4.857446e+03 
4.857446e+03 
4.857446e+03 
4.857446e+03 
4.857446e+03 
4.857446e+03 
4.857446e+03 
4.857446e+03 
4.857446e+03 
4.857446e+03 
4.857446e+03 
4.857446e+03 
4.857446e+03 
4.771430e+03 
4.771430e+03 
4.771430e+03 
4.676730e+03 
4.676730e+03 
4.676730e+03 
4.676730e+03 
4.676730e+03 
4.676730e+03 
4.676730e+03 
4.676730e+03 
4.676730e+03 
4.676730e+03 
4.676730e+03 
4.676730e+03 
4.676730e+03 
4.676730e+03 
4.676730e+03 
4.676730e+03 
4.676730e+03 
4.676730e+03 
4.676730e+03 
4.676730e+03 
4.631928e+03 
4.631928e+03 
4.631928e+03 
4.584862e+03 
4.584862e+03 
4.584862e+03 
4.584862e+03 
4.584862e+03 
4.584862e+03 
4.584862e+03 
4.566905e+03 
4.550045e+03 
4.550045e+03 
4.550045e+03 
4.550045e+03 
4.471083e+03 
3.905271e+03 
3.905271e+03 
3.905271e+03 
3.831106e+03 
3.831106e+03 
3.661436e+03 
3.661436e+03 
3.661436e+03 
3.661436e+03 
3.661436e+03 
3.658399e+03 
3.658399e+03 
3.643252e+03 
3.559949e+03 
3.559949e+03 
3.559949e+03 
3.559949e+03 
3.559949e+03 
3.559949e+03 
3.559949e+03 
3.485546e+03 
3.485546e+03 
3.485546e+03 
3.442505e+03 
3.442505e+03 
3.442505e+03 
3.442505e+03 
3.442505e+03 
3.368172e+03 
3.339363e+03 
3.339363e+03 
3.339363e+03 
3.322568e+03 
3.322568e+03 
3.322568e+03 
3.322568e+03 
3.322568e+03 
3.312033e+03 
3.312033e+03 
3.312033e+03 
3.312033e+03 
3.312033e+03 
3.308684e+03 
3.308684e+03 
3.308684e+03 
3.308684e+03 
3.308684e+03 
3.308684e+03 
3.308684e+03 
3.304032e+03 
3.300131e+03 
3.299150e+03 
3.299150e+03 
3.299150e+03 
3.299150e+03 
3.299150e+03 
3.296222e+03 
3.294826e+03 
3.294629e+03 
3.294629e+03 
3.294629e+03 
3.294621e+03 
3.294410e+03 
3.294388e+03 
3.294388e+03 
3.294388e+03 
3.294388e+03 
3.294213e+03 
3.098960e+03 
3.098960e+03 
3.098960e+03 
3.098960e+03 
3.098960e+03 
3.098960e+03 
3.098960e+03 
3.098960e+03 
3.098960e+03 
3.098960e+03 
3.098960e+03 
3.098960e+03 
3.098960e+03 
3.098960e+03 
3.098960e+03 
3.098960e+03 
3.098960e+03 
3.098960e+03 
3.098960e+03 
3.098960e+03 
3.098960e+03 
3.098960e+03 
3.098960e+03 
3.098960e+03 
3.098960e+03 
3.098960e+03 
3.098960e+03 
3.098960e+03 
3.098960e+03 
2.949968e+03 
2.949968e+03 
2.949968e+03 
2.949968e+03 
2.949968e+03 
2.949968e+03 
2.949968e+03 
2.949968e+03 
2.949968e+03 
2.949968e+03 
2.949968e+03 
2.949968e+03 
2.949968e+03 
2.949968e+03 
2.949968e+03 
2.949968e+03 
2.949968e+03 
2.949968e+03 
2.949968e+03 
2.949968e+03 
2.949968e+03 
2.949968e+03 
2.949968e+03 
2.949968e+03 
2.949968e+03 
2.949968e+03 
2.820082e+03 
2.820082e+03 
2.820082e+03 
2.820082e+03 
2.820082e+03 
2.820082e+03 
2.820082e+03 
2.820082e+03 
2.820082e+03 
2.791725e+03 
2.791725e+03 
2.791725e+03 
2.791725e+03 
2.791725e+03 
2.791725e+03 
2.791725e+03 
2.791725e+03 
2.791725e+03 
2.791725e+03 
2.791725e+03 
2.791725e+03 
2.791725e+03 
2.759093e+03 
2.759093e+03 
2.759093e+03 
2.759093e+03 
2.759093e+03 
2.759093e+03 
2.759093e+03 
2.759093e+03 
2.759093e+03 
2.744783e+03 
2.744783e+03 
2.732978e+03 
2.732978e+03 
2.732978e+03 
2.732978e+03 
2.732978e+03 
2.732978e+03 
2.732978e+03 
2.732978e+03 
2.732978e+03 
2.719352e+03 
2.701470e+03 
2.696949e+03 
2.696949e+03 
2.695456e+03 
2.695456e+03 
2.691139e+03 
2.688206e+03 
2.688044e+03 
2.688044e+03 
2.688044e+03 
2.688044e+03 
2.688044e+03 
2.688044e+03 
2.688044e+03 
2.688044e+03 
2.688044e+03 
2.688044e+03 
2.685402e+03 
2.685402e+03 
2.685402e+03 
2.684535e+03 
2.684535e+03 
2.682585e+03 
2.682585e+03 
2.682220e+03 
2.682220e+03 
2.682220e+03 
2.682220e+03 
2.681877e+03 
2.681877e+03 
2.681877e+03 
2.681869e+03 
2.681505e+03 
2.681505e+03 
2.681505e+03 
2.681505e+03 
2.677794e+03 
2.675159e+03 
2.674062e+03 
2.673721e+03 
2.673721e+03 
2.673275e+03 
2.672971e+03 
2.672762e+03 
2.672616e+03 
2.672512e+03 
2.672438e+03 
2.672385e+03 
2.672346e+03 
2.672318e+03 
2.672298e+03 
2.672283e+03 
2.672271e+03 
2.672263e+03 
2.672257e+03 
2.672253e+03 
2.672249e+03 
2.672247e+03 
2.672245e+03 
2.672244e+03 
2.672243e+03 
2.672242e+03 
2.672242e+03 
2.672241e+03 
2.672241e+03 
2.672241e+03 
2.672240e+03 
2.672240e+03 
2.672240e+03 
2.672240e+03 
2.672240e+03 
2.672240e+03 
2.672240e+03 
2.672240e+03 
2.672240e+03 
2.672240e+03 
2.672240e+03 
2.672240e+03 
2.672240e+03 
2.672240e+03 
2.672240e+03 
2.672240e+03 
2.672240e+03 
2.672240e+03 
2.597793e+03 
2.597793e+03 
2.597793e+03 
2.597793e+03 
2.597793e+03 
2.597793e+03 
2.520476e+03 
2.520476e+03 
2.505134e+03 
2.505134e+03 
2.505134e+03 
2.414160e+03 
2.414160e+03 
2.328764e+03 
2.328764e+03 
2.290962e+03 
2.290962e+03 
2.237934e+03 
2.237934e+03 
2.226175e+03 
2.226175e+03 
2.226175e+03 
2.226175e+03 
2.226175e+03 
2.226175e+03 
2.226175e+03 
2.226175e+03 
2.226175e+03 
2.226175e+03 
2.226175e+03 
2.226175e+03 
2.226175e+03 
2.226175e+03 
2.226175e+03 
2.226175e+03 
2.226175e+03 
2.226175e+03 
2.215605e+03 
2.215605e+03 
2.215605e+03 
2.203558e+03 
2.202519e+03 
2.202519e+03 
2.184975e+03 
2.184975e+03 
2.179586e+03 
2.179586e+03 
2.179586e+03 
2.174918e+03 
2.174918e+03 
2.174918e+03 
2.174918e+03 
2.161862e+03 
2.149922e+03 
2.145225e+03 
2.143986e+03 
2.143986e+03 
2.141359e+03 
2.141359e+03 
2.141359e+03 
2.141359e+03 
2.141359e+03 
2.141359e+03 
2.139082e+03 
2.138578e+03 
2.138578e+03 
2.138147e+03 
2.138147e+03 
2.137620e+03 
2.105503e+03 
2.105503e+03 
2.105503e+03 
2.105503e+03 
2.105503e+03 
2.105503e+03 
2.105503e+03 
2.105503e+03 
2.105503e+03 
2.105503e+03 
2.105503e+03 
2.105503e+03 
2.105503e+03 
2.105503e+03 
2.105503e+03 
2.105503e+03 
2.105503e+03 
2.105503e+03 
2.105503e+03 
2.105503e+03 
2.105503e+03 
2.105503e+03 
2.105503e+03 
2.105503e+03 
2.105503e+03 
2.105503e+03 
2.105503e+03 
2.105503e+03 
2.030604e+03 
2.030604e+03 
2.030604e+03 
2.030604e+03 
2.030604e+03 
2.030604e+03 
2.030604e+03 
2.030604e+03 
2.030604e+03 
2.030604e+03 
2.030604e+03 
2.030604e+03 
2.030604e+03 
2.030604e+03 
2.030604e+03 
2.030604e+03 
2.030604e+03 
2.030604e+03 
2.030604e+03 
2.030604e+03 
2.030604e+03 
2.030604e+03 
2.030604e+03 
2.030604e+03 
2.030604e+03 
2.030604e+03 
2.030604e+03 
2.030604e+03 
2.030604e+03 
2.030604e+03 
2.030604e+03 
2.030604e+03 
2.030604e+03 
2.030604e+03 
2.030604e+03 
1.958702e+03 
1.958702e+03 
1.958702e+03 
1.958702e+03 
1.958702e+03 
1.958702e+03 
1.958702e+03 
1.958702e+03 
1.958702e+03 
1.958702e+03 
1.958702e+03 
1.958702e+03 
1.958702e+03 
1.958702e+03 
1.958702e+03 
1.958702e+03 
1.958702e+03 
1.958702e+03 
1.958702e+03 
1.958702e+03 
1.958702e+03 
1.958702e+03 
1.958702e+03 
1.958702e+03 
1.958702e+03 
1.958702e+03 
1.958702e+03 
1.958702e+03 
1.958702e+03 
1.925569e+03 
1.925569e+03 
1.925569e+03 
1.925569e+03 
1.925569e+03 
1.925569e+03 
1.925569e+03 
1.925569e+03 
1.925569e+03 
1.925569e+03 
1.925569e+03 
1.925569e+03 
1.925569e+03 
1.925569e+03 
1.925569e+03 
1.925569e+03 
1.925569e+03 
1.925569e+03 
1.925569e+03 
1.915096e+03 
1.915096e+03 
1.915096e+03 
1.915096e+03 
1.915096e+03 
1.915096e+03 
1.915096e+03 
1.915096e+03 
1.915096e+03 
1.913188e+03 
1.912894e+03 
1.912894e+03 
1.912894e+03 
1.912894e+03 
1.911884e+03 
1.911884e+03 
1.911884e+03 
1.911884e+03 
1.911010e+03 
1.911010e+03 
1.911010e+03 
1.911010e+03 
1.910666e+03 
1.910666e+03 
1.909932e+03 
1.909932e+03 
1.909932e+03 
1.909932e+03 
1.909677e+03 
1.909677e+03 
1.909599e+03 
1.909599e+03 
1.909599e+03 
1.909599e+03 
1.909361e+03 
1.909361e+03 
1.909361e+03 
1.909361e+03 
1.909361e+03 
1.909325e+03 
1.909325e+03 
1.909325e+03 
1.909325e+03 
1.909325e+03 
1.909325e+03 
1.909325e+03 
1.909325e+03 
1.909325e+03 
1.909325e+03 
1.909325e+03 
1.909325e+03 
1.909325e+03 
1.909325e+03 
1.909325e+03 
1.909325e+03 
1.909325e+03 
1.909325e+03 
1.909325e+03 
1.909325e+03 
1.909325e+03 
1.909325e+03 
1.909325e+03 
1.909325e+03 
1.909325e+03 
1.909325e+03 
1.909325e+03 
1.909325e+03 
1.909325e+03 
1.909325e+03 
1.909325e+03 
1.909325e+03 
1.909325e+03 
1.909325e+03 
1.909325e+03 
1.909325e+03 
1.909325e+03 
1.909325e+03 
1.909325e+03 
1.909325e+03 
1.909325e+03 
1.909325e+03 
1.909325e+03 
1.909325e+03 
1.909325e+03 
1.909325e+03 
1.909325e+03 
1.909325e+03 
1.909325e+03 
1.909325e+03 
1.909325e+03 
1.909325e+03 
1.909325e+03 
1.909325e+03 
1.909325e+03 
1.909325e+03 
1.909325e+03 
1.909325e+03 
1.909325e+03 
1.909325e+03 
1.909325e+03 
1.909325e+03 
1.909325e+03 
1.909325e+03 
1.909325e+03 
1.909325e+03 
1.909325e+03 
1.909325e+03 
1.909325e+03 
1.909325e+03 
1.909325e+03 
1.909325e+03 
1.909325e+03 
1.909325e+03 
1.909325e+03 
1.909325e+03 
1.909325e+03 
1.909325e+03 
1.909325e+03 
1.909325e+03 
1.909325e+03 
1.909325e+03 
1.909325e+03 
1.909325e+03 
1.909325e+03 
1.909325e+03 
1.909325e+03 
1.909325e+03 
1.909325e+03 
1.909325e+03 
1.909325e+03 
1.909325e+03 
1.909325e+03 
1.909325e+03 
1.909325e+03 
1.909325e+03 
1.909325e+03 
1.909325e+03 
1.909325e+03 
1.909325e+03 
1.909325e+03 
1.909325e+03 
1.909325e+03 
1.909325e+03 
1.909325e+03 
1.909325e+03 
1.909325e+03 
1.909325e+03 
1.909322e+03 
1.909322e+03 
1.909322e+03 
1.909322e+03 
1.909322e+03 
1.909322e+03 
1.909322e+03 
1.909322e+03 
1.909287e+03 
1.909287e+03 
1.909287e+03 
1.909287e+03 
1.909287e+03 
1.909287e+03 
1.909287e+03 
1.909287e+03 
1.909287e+03 
1.909287e+03 
1.909287e+03 
1.909287e+03 
1.909287e+03 
1.909283e+03 
1.909283e+03 
1.909283e+03 
1.909283e+03 
1.909281e+03 
1.909280e+03 
1.909279e+03 
1.909279e+03 
1.909279e+03 
1.909279e+03 
1.909279e+03 
1.909279e+03 
1.909279e+03 
1.909279e+03 
1.909279e+03 
1.909279e+03 
1.909279e+03 
1.909279e+03 
1.909279e+03 
1.909279e+03 
1.909279e+03 
1.909279e+03 
1.909279e+03 
1.909279e+03 
1.909279e+03 
1.909279e+03 
1.909279e+03 
1.909279e+03 
1.909279e+03 
1.909279e+03 
1.909279e+03 
1.909279e+03 
1.909279e+03 
1.909279e+03 
1.909279e+03 
1.909279e+03 
1.909279e+03 
1.909279e+03 
1.909279e+03 
1.909279e+03 
1.909279e+03 
1.909279e+03 
1.909279e+03 
1.909279e+03 
1.909279e+03 
1.909279e+03 
1.909279e+03 
1.909279e+03 
1.909279e+03 
1.909279e+03 
1.909279e+03 
1.909279e+03 
1.909279e+03 
1.909279e+03 
1.909279e+03 
1.909279e+03 
1.807664e+03 
1.807664e+03 
1.807664e+03 
1.807664e+03 
1.792389e+03 
1.792389e+03 
1.792389e+03 
1.792389e+03 
1.792389e+03 
1.792389e+03 
1.792389e+03 
1.792389e+03 
1.792389e+03 
1.792389e+03 
1.792389e+03 
1.771531e+03 
1.728788e+03 
1.728788e+03 
1.722818e+03 
1.722818e+03 
1.722818e+03 
1.722818e+03 
1.722818e+03 
1.710355e+03 
1.707261e+03 
1.707261e+03 
1.706443e+03 
1.706443e+03 
1.705919e+03 
1.705919e+03 
1.697285e+03 
1.691150e+03 
1.691150e+03 
1.691150e+03 
1.691150e+03 
1.689987e+03 
1.689987e+03 
1.689987e+03 
1.689987e+03 
1.689987e+03 
1.689987e+03 
1.688692e+03 
1.688692e+03 
1.688692e+03 
1.688692e+03 
1.688692e+03 
1.688692e+03 
1.688692e+03 
1.688692e+03 
1.688630e+03 
1.688630e+03 
1.688625e+03 
1.688592e+03 
1.688592e+03 
1.688592e+03 
1.688468e+03 
1.688377e+03 
1.688314e+03 
1.688271e+03 
1.688240e+03 
1.688219e+03 
1.688204e+03 
1.688193e+03 
1.688185e+03 
1.688180e+03 
1.688176e+03 
1.688173e+03 
1.688171e+03 
1.688170e+03 
1.688169e+03 
1.688168e+03 
1.688168e+03 
1.688167e+03 
1.688167e+03 
1.688167e+03 
1.688167e+03 
1.677590e+03 
1.677590e+03 
1.677590e+03 
1.677590e+03 
1.677590e+03 
1.677590e+03 
1.677590e+03 
1.677590e+03 
1.677590e+03 
1.677590e+03 
1.664654e+03 
1.664654e+03 
1.664654e+03 
1.664654e+03 
1.660191e+03 
1.660191e+03 
1.660191e+03 
1.655580e+03 
1.649509e+03 
1.649509e+03 
1.649509e+03 
1.649509e+03 
1.649509e+03 
1.645649e+03 
1.645649e+03 
1.641935e+03 
1.641935e+03 
1.641935e+03 
1.641935e+03 
1.641935e+03 
1.641935e+03 
1.640129e+03 
1.640129e+03 
1.632952e+03 
1.632952e+03 
1.632952e+03 
1.632952e+03 
1.632952e+03 
1.632872e+03 
1.632872e+03 
1.632872e+03 
1.632872e+03 
1.632872e+03 
1.632872e+03 
1.632872e+03 
1.632872e+03 
1.632872e+03 
1.632872e+03 
1.632872e+03 
1.632872e+03 
1.629328e+03 
1.629328e+03 
1.629328e+03 
1.629328e+03 
1.629328e+03 
1.629328e+03 
1.629328e+03 
1.629328e+03 
1.629328e+03 
1.629328e+03 
1.629328e+03 
1.629328e+03 
1.629328e+03 
1.629328e+03 
1.623165e+03 
1.619292e+03 
1.619292e+03 
1.616678e+03 
1.614491e+03 
1.613664e+03 
1.613444e+03 
1.613444e+03 
1.612443e+03 
1.612062e+03 
1.611968e+03 
1.611968e+03 
1.611968e+03 
1.611578e+03 
1.566506e+03 
1.566506e+03 
1.566506e+03 
1.566506e+03 
1.566506e+03 
1.566506e+03 
1.566506e+03 
1.566506e+03 
1.566506e+03 
1.566506e+03 
1.566506e+03 
1.566506e+03 
1.566506e+03 
1.557820e+03 
1.555102e+03 
1.554320e+03 
1.554320e+03 
1.554320e+03 
1.554320e+03 
1.548118e+03 
1.548118e+03 
1.548118e+03 
1.548118e+03 
1.548118e+03 
1.548118e+03 
1.548118e+03 
1.548118e+03 
1.537152e+03 
1.537152e+03 
1.537152e+03 
1.537152e+03 
1.537152e+03 
1.537152e+03 
1.537152e+03 
1.512538e+03 
1.512538e+03 
1.512538e+03 
1.499117e+03 
1.499117e+03 
1.499117e+03 
1.499117e+03 
1.499117e+03 
1.499117e+03 
1.499117e+03 
1.499117e+03 
1.499117e+03 
1.499117e+03 
1.499117e+03 
1.499117e+03 
1.499117e+03 
1.499117e+03 
1.499117e+03 
1.499117e+03 
1.484915e+03 
1.484915e+03 
1.484915e+03 
1.484915e+03 
1.484915e+03 
1.484915e+03 
1.470095e+03 
1.435014e+03 
1.435014e+03 
1.435014e+03 
1.435014e+03 
1.435014e+03 
1.435014e+03 
1.435014e+03 
1.435014e+03 
1.435014e+03 
1.435014e+03 
1.435014e+03 
1.435014e+03 
1.435014e+03 
1.435014e+03 
1.435014e+03 
1.421383e+03 
1.421383e+03 
1.421383e+03 
1.416571e+03 
1.416571e+03 
1.416571e+03 
1.416571e+03 
1.416571e+03 
1.411992e+03 
1.411992e+03 
1.411992e+03 
1.411992e+03 
1.410370e+03 
1.410219e+03 
1.410219e+03 
1.410183e+03 
1.410183e+03 
1.407971e+03 
1.406073e+03 
1.405511e+03 
1.405504e+03 
1.405504e+03 
1.405194e+03 
1.405009e+03 
1.404962e+03 
1.404962e+03 
1.404962e+03 
1.404426e+03 
1.403898e+03 
1.403577e+03 
1.403375e+03 
1.403246e+03 
1.403161e+03 
1.403104e+03 
1.403065e+03 
1.403039e+03 
1.403021e+03 
1.403008e+03 
1.402999e+03 
1.402993e+03 
1.402989e+03 
1.402986e+03 
1.402984e+03 
1.402982e+03 
1.402981e+03 
1.402980e+03 
1.402980e+03 
1.402979e+03 
1.402979e+03 
1.402979e+03 
1.402979e+03 
1.402979e+03 
1.402979e+03 
1.402979e+03 
1.402979e+03 
1.402979e+03 
1.402979e+03 
1.392370e+03 
1.392370e+03 
1.392370e+03 
1.392370e+03 
1.392370e+03 
1.392370e+03 
1.392370e+03 
1.392370e+03 
1.392370e+03 
1.392370e+03 
1.392370e+03 
1.392370e+03 
1.392370e+03 
1.392370e+03 
1.392370e+03 
1.392370e+03 
1.392370e+03 
1.392370e+03 
1.392370e+03 
1.392370e+03 
1.392370e+03 
1.392370e+03 
1.392370e+03 
1.392370e+03 
1.392370e+03 
1.392370e+03 
1.392370e+03 
1.392370e+03 
1.392370e+03 
1.392370e+03 
1.392370e+03 
1.392370e+03 
1.392370e+03 
1.392370e+03 
1.390798e+03 
1.390798e+03 
1.390798e+03 
1.390798e+03 
1.390798e+03 
1.390798e+03 
1.390798e+03 
1.390798e+03 
1.390798e+03 
1.390798e+03 
1.390798e+03 
1.390798e+03 
1.390798e+03 
1.390798e+03 
1.390798e+03 
1.390798e+03 
1.390798e+03 
1.390798e+03 
1.390798e+03 
1.390798e+03 
1.390798e+03 
1.390798e+03 
1.390798e+03 
1.390798e+03 
1.390798e+03 
1.390798e+03 
1.390798e+03 
1.390798e+03 
1.389956e+03 
1.389956e+03 
1.389956e+03 
1.389956e+03 
1.389956e+03 
1.389956e+03 
1.389956e+03 
1.383433e+03 
1.383433e+03 
1.379905e+03 
1.374748e+03 
1.374748e+03 
1.374748e+03 
1.374748e+03 
1.374748e+03 
1.374748e+03 
1.374748e+03 
1.374748e+03 
1.374748e+03 
1.374748e+03 
1.374748e+03 
1.374748e+03 
1.374410e+03 
1.374410e+03 
1.374410e+03 
1.373001e+03 
1.372296e+03 
1.372296e+03 
1.371884e+03 
1.371884e+03 
1.371884e+03 
1.371884e+03 
1.371784e+03 
1.371645e+03 
1.371562e+03 
1.371511e+03 
1.371479e+03 
1.371458e+03 
1.371444e+03 
1.371435e+03 
1.371429e+03 
1.371424e+03 
1.371421e+03 
1.371419e+03 
1.371418e+03 
1.371417e+03 
1.371416e+03 
1.371416e+03 
1.371415e+03 
1.371415e+03 
1.371415e+03 
1.371415e+03 
1.371415e+03 
1.371415e+03 
1.365604e+03 
1.360915e+03 
1.360915e+03 
1.360915e+03 
1.360915e+03 
1.360915e+03 
1.360915e+03 
1.360915e+03 
1.360915e+03 
1.360915e+03 
1.360915e+03 
1.360915e+03 
1.360915e+03 
1.360915e+03 
1.360915e+03 
1.360915e+03 
1.360915e+03 
1.360915e+03 
1.360915e+03 
1.360915e+03 
1.360915e+03 
1.360915e+03 
1.360915e+03 
1.360915e+03 
1.360915e+03 
1.360915e+03 
1.360915e+03 
1.360915e+03 
1.360915e+03 
1.360915e+03 
1.360915e+03 
1.360915e+03 
1.360915e+03 
1.360915e+03 
1.360915e+03 
1.360915e+03 
1.360915e+03 
1.360915e+03 
1.360915e+03 
1.360915e+03 
1.360915e+03 
1.360915e+03 
1.360915e+03 
1.360915e+03 
1.360915e+03 
1.360915e+03 
1.360915e+03 
1.360915e+03 
1.360915e+03 
1.360915e+03 
1.360915e+03 
1.360915e+03 
1.360915e+03 
1.360915e+03 
1.360915e+03 
1.356032e+03 
1.356032e+03 
1.356032e+03 
1.356032e+03 
1.356032e+03 
1.356032e+03 
1.356032e+03 
1.356032e+03 
1.356032e+03 
1.356032e+03 
1.356032e+03 
1.356032e+03 
1.356032e+03 
1.356032e+03 
1.356032e+03 
1.356032e+03 
1.356032e+03 
1.356032e+03 
1.356032e+03 
1.356032e+03 
1.356032e+03 
1.356032e+03 
1.356032e+03 
1.356032e+03 
1.356032e+03 
1.356032e+03 
1.356032e+03 
1.356032e+03 
1.356032e+03 
1.356032e+03 
1.356032e+03 
1.356032e+03 
1.356032e+03 
1.356032e+03 
1.356032e+03 
1.356032e+03 
1.356032e+03 
1.356032e+03 
1.356032e+03 
1.356032e+03 
1.356032e+03 
1.356032e+03 
1.356032e+03 
1.356032e+03 
1.356032e+03 
1.356032e+03 
1.356032e+03 
1.356032e+03 
1.356032e+03 
1.356032e+03 
1.356032e+03 
1.356032e+03 
1.356032e+03 
1.356032e+03 
1.356032e+03 
1.356032e+03 
1.356032e+03 
1.356032e+03 
1.356032e+03 
1.356032e+03 
1.356032e+03 
1.356032e+03 
1.356032e+03 
1.356032e+03 
1.356032e+03 
1.356032e+03 
1.356032e+03 
1.356032e+03 
1.356032e+03 
1.356032e+03 
1.356032e+03 
1.354361e+03 
1.354361e+03 
1.354361e+03 
1.354361e+03 
1.354361e+03 
1.354361e+03 
1.354361e+03 
1.354361e+03 
1.354361e+03 
1.354361e+03 
1.354361e+03 
1.354361e+03 
1.354361e+03 
1.354361e+03 
1.354361e+03 
1.354361e+03 
1.354361e+03 
1.354361e+03 
1.354361e+03 
1.354361e+03 
1.354361e+03 
1.354361e+03 
1.354361e+03 
1.350296e+03 
1.350296e+03 
1.350296e+03 
1.350296e+03 
1.350296e+03 
1.350296e+03 
1.350296e+03 
1.350296e+03 
1.350296e+03 
1.350296e+03 
1.350296e+03 
1.350296e+03 
1.350296e+03 
1.350296e+03 
1.350296e+03 
1.350296e+03 
1.350296e+03 
1.350296e+03 
1.350296e+03 
1.350296e+03 
1.350296e+03 
1.350296e+03 
1.350296e+03 
1.350296e+03 
1.350296e+03 
1.350296e+03 
1.350296e+03 
1.350296e+03 
1.350296e+03 
1.344535e+03 
1.344535e+03 
1.344535e+03 
1.344535e+03 
1.344535e+03 
1.344535e+03 
1.344535e+03 
1.344535e+03 
1.344535e+03 
1.344535e+03 
1.344535e+03 
1.344535e+03 
1.344535e+03 
1.344535e+03 
1.344535e+03 
1.344535e+03 
1.344535e+03 
1.344535e+03 
1.344535e+03 
1.344535e+03 
1.344535e+03 
1.344535e+03 
1.344535e+03 
1.344535e+03 
1.344535e+03 
1.344535e+03 
1.344535e+03 
1.344535e+03 
1.344535e+03 
1.344535e+03 
1.344535e+03 
1.344535e+03 
1.332635e+03 
1.332635e+03 
1.332635e+03 
1.332635e+03 
1.332635e+03 
1.332635e+03 
1.332635e+03 
1.332635e+03 
1.332635e+03 
1.332635e+03 
1.332635e+03 
1.332635e+03 
1.332635e+03 
1.332635e+03 
1.332635e+03 
1.332635e+03 
1.332635e+03 
1.332635e+03 
1.332635e+03 
1.332635e+03 
1.332635e+03 
1.332635e+03 
1.332635e+03 
1.332635e+03 
1.332635e+03 
1.332635e+03 
1.332635e+03 
1.332635e+03 
1.332635e+03 
1.332635e+03 
1.332635e+03 
1.332635e+03 
1.332635e+03 
1.332635e+03 
1.332635e+03 
1.332635e+03 
1.332635e+03 
1.332635e+03 
1.332635e+03 
1.332635e+03 
1.332635e+03 
1.332635e+03 
1.332635e+03 
1.332635e+03 
1.332635e+03 
1.332635e+03 
1.332635e+03 
1.332635e+03 
1.332635e+03 
1.332635e+03 
1.332635e+03 
1.332635e+03 
1.332635e+03 
1.332635e+03 
1.332635e+03 
1.332635e+03 
1.332635e+03 
1.332635e+03 
1.332635e+03 
1.332635e+03 
1.332635e+03 
1.332635e+03 
1.332635e+03 
1.332635e+03 
1.332635e+03 
1.332635e+03 
1.332635e+03 
1.332635e+03 
1.332635e+03 
1.332635e+03 
1.332635e+03 
1.332635e+03 
1.332635e+03 
1.332635e+03 
1.332635e+03 
1.332635e+03 
1.332635e+03 
1.332635e+03 
1.332635e+03 
1.332635e+03 
1.332635e+03 
1.332635e+03 
1.332635e+03 
1.332635e+03 
1.332635e+03 
1.332635e+03 
1.332635e+03 
1.332635e+03 
1.332635e+03 
1.332635e+03 
1.332635e+03 
1.332635e+03 
1.332635e+03 
1.332635e+03 
1.332635e+03 
1.332635e+03 
1.332635e+03 
1.332635e+03 
1.332635e+03 
1.332635e+03 
1.332635e+03 
1.332635e+03 
1.332635e+03 
1.332635e+03 
1.332635e+03 
1.332635e+03 
1.332635e+03 
1.332635e+03 
1.332635e+03 
1.332635e+03 
1.332635e+03 
1.332635e+03 
1.332635e+03 
1.332635e+03 
1.332635e+03 
1.332635e+03 
1.332635e+03 
1.332635e+03 
1.332635e+03 
1.332635e+03 
1.332635e+03 
1.332635e+03 
1.332635e+03 
1.332635e+03 
1.332635e+03 
1.332635e+03 
1.332635e+03 
1.332635e+03 
1.332635e+03 
1.332635e+03 
1.332635e+03 
1.332635e+03 
1.332635e+03 
1.332635e+03 
1.332635e+03 
1.332635e+03 
1.332635e+03 
1.332635e+03 
1.332635e+03 
1.332486e+03 
1.332486e+03 
1.332486e+03 
1.331679e+03 
1.331679e+03 
1.331679e+03 
1.331679e+03 
1.331679e+03 
1.331679e+03 
1.331679e+03 
1.330360e+03 
1.329993e+03 
1.329991e+03 
1.329991e+03 
1.329991e+03 
1.329703e+03 
1.329371e+03 
1.329163e+03 
1.329029e+03 
1.328942e+03 
1.328884e+03 
1.328845e+03 
1.328820e+03 
1.328802e+03 
1.328791e+03 
1.328783e+03 
1.328777e+03 
1.328774e+03 
1.328771e+03 
1.328769e+03 
1.328768e+03 
1.328768e+03 
1.328767e+03 
1.328767e+03 
1.328766e+03 
1.328766e+03 
1.328766e+03 
1.328766e+03 
1.328766e+03 
1.328766e+03 
1.328766e+03 
1.328766e+03 
1.328766e+03 
1.328766e+03 
1.328766e+03 
1.328766e+03 
1.328766e+03 
1.328766e+03 
1.328766e+03 
1.328766e+03 
1.328766e+03 
1.320645e+03 
1.320645e+03 
1.320645e+03 
1.320645e+03 
1.320645e+03 
1.320645e+03 
1.320645e+03 
1.320641e+03 
1.320641e+03 
1.320641e+03 
1.320641e+03 
1.319138e+03 
1.319138e+03 
1.317958e+03 
1.317958e+03 
1.317958e+03 
1.317958e+03 
1.317958e+03 
1.317958e+03 
1.317958e+03 
1.317958e+03 
1.317958e+03 
1.317958e+03 
1.317958e+03 
1.317958e+03 
1.317958e+03 
1.317958e+03 
1.317958e+03 
1.317958e+03 
1.317958e+03 
1.317958e+03 
1.317958e+03 
1.317958e+03 
1.317958e+03 
1.317958e+03 
1.317958e+03 
1.317958e+03 
1.317958e+03 
1.317958e+03 
1.317958e+03 
1.317958e+03 
1.317958e+03 
1.317958e+03 
1.316900e+03 
1.316900e+03 
1.316900e+03 
1.316900e+03 
1.316900e+03 
1.316900e+03 
1.316900e+03 
1.316607e+03 
1.316607e+03 
1.316607e+03 
1.316607e+03 
1.316607e+03 
1.316607e+03 
1.316468e+03 
1.316468e+03 
1.316313e+03 
1.316313e+03 
1.316313e+03 
1.316313e+03 
1.316313e+03 
1.316313e+03 
1.316181e+03 
1.316181e+03 
1.316181e+03 
1.316097e+03 
1.316097e+03 
1.316097e+03 
1.316097e+03 
1.316097e+03 
1.316097e+03 
1.316097e+03 
1.316091e+03 
1.316091e+03 
1.316091e+03 
1.316081e+03 
1.316078e+03 
1.316078e+03 
1.316076e+03 
1.316076e+03 
1.316072e+03 
1.316072e+03 
1.316072e+03 
1.316072e+03 
1.316067e+03 
1.316064e+03 
1.316062e+03 
1.316061e+03 
1.316061e+03 
1.315242e+03 
1.312691e+03 
1.312691e+03 
1.312691e+03 
1.310943e+03 
1.310943e+03 
1.310943e+03 
1.310943e+03 
1.310943e+03 
1.310943e+03 
1.310943e+03 
1.310943e+03 
1.310943e+03 
1.310943e+03 
1.310943e+03 
1.310943e+03 
1.310943e+03 
1.310517e+03 
1.310517e+03 
1.310517e+03 
1.310517e+03 
1.310416e+03 
1.310416e+03 
1.310177e+03 
1.310177e+03 
1.310177e+03 
1.310177e+03 
1.310177e+03 
1.310177e+03 
1.310177e+03 
1.309958e+03 
1.309958e+03 
1.309958e+03 
1.309958e+03 
1.309958e+03 
1.309767e+03 
1.309767e+03 
1.309767e+03 
1.309767e+03 
1.309767e+03 
1.309767e+03 
1.309767e+03 
1.309767e+03 
1.309767e+03 
1.309767e+03 
1.309767e+03 
1.309767e+03 
1.309767e+03 
1.309767e+03 
1.309767e+03 
1.309767e+03 
1.309767e+03 
1.306839e+03 
1.306819e+03 
1.306819e+03 
1.306321e+03 
1.305907e+03 
1.305879e+03 
1.305879e+03 
1.305879e+03 
1.305879e+03 
1.305879e+03 
1.305677e+03 
1.305570e+03 
1.305510e+03 
1.305475e+03 
1.305454e+03 
1.305442e+03 
1.305434e+03 
1.305428e+03 
1.305425e+03 
1.303536e+03 
1.302178e+03 
1.302178e+03 
1.302178e+03 
1.300791e+03 
1.300791e+03 
1.300791e+03 
1.300791e+03 
1.300791e+03 
1.300791e+03 
1.300791e+03 
1.300791e+03 
1.300791e+03 
1.300791e+03 
1.300791e+03 
1.300791e+03 
1.300791e+03 
1.300791e+03 
1.300720e+03 
1.300720e+03 
1.300720e+03 
1.300720e+03 
1.300720e+03 
1.300720e+03 
1.300720e+03 
1.300711e+03 
1.300711e+03 
1.300711e+03 
1.300711e+03 
1.300711e+03 
1.300711e+03 
1.300711e+03 
1.300711e+03 
1.300711e+03 
1.300711e+03 
1.300711e+03 
1.300711e+03 
1.300711e+03 
1.300711e+03 
1.300711e+03 
1.300711e+03 
1.300711e+03 
1.300654e+03 
1.300654e+03 
1.300654e+03 
1.300654e+03 
1.300654e+03 
1.300654e+03 
1.300654e+03 
1.300654e+03 
1.300538e+03 
1.300182e+03 
1.300128e+03 
1.300128e+03 
1.300122e+03 
1.300122e+03 
1.300122e+03 
1.299841e+03 
1.299751e+03 
1.299118e+03 
1.299118e+03 
1.299000e+03 
1.299000e+03 
1.299000e+03 
1.299000e+03 
1.298966e+03 
1.298966e+03 
1.298966e+03 
1.298966e+03 
1.298966e+03 
1.298966e+03 
1.298777e+03 
1.298733e+03 
1.298733e+03 
1.298283e+03 
1.297694e+03 
1.297694e+03 
1.297694e+03 
1.297694e+03 
1.297694e+03 
1.297505e+03 
1.297505e+03 
1.297505e+03 
1.297505e+03 
1.297505e+03 
1.297505e+03 
1.297505e+03 
1.297505e+03 
1.297375e+03 
1.297375e+03 
1.297375e+03 
1.297299e+03 
1.297299e+03 
1.297299e+03 
1.297299e+03 
1.297216e+03 
1.297216e+03 
1.297216e+03 
1.297216e+03 
1.297212e+03 
1.297212e+03 
1.296989e+03 
1.296989e+03 
1.296989e+03 
1.296989e+03 
1.296989e+03 
1.296961e+03 
1.296961e+03 
1.296924e+03 
1.296924e+03 
1.296839e+03 
1.296839e+03 
1.296839e+03 
1.296830e+03 
1.296830e+03 
1.296830e+03 
1.296748e+03 
1.296694e+03 
1.296680e+03 
1.296680e+03 
1.296680e+03 
1.296680e+03 
1.296680e+03 
1.296680e+03 
1.296680e+03 
1.296680e+03 
1.296659e+03 
1.296610e+03 
1.296610e+03 
1.296591e+03 
1.296591e+03 
1.296591e+03 
1.296525e+03 
1.296525e+03 
1.296525e+03 
1.296525e+03 
1.296525e+03 
1.296525e+03 
1.296524e+03 
1.296514e+03 
1.296514e+03 
1.296462e+03 
1.296368e+03 
1.296326e+03 
1.296322e+03 
1.296322e+03 
1.296278e+03 
1.296269e+03 
1.296269e+03 
1.296268e+03 
1.296268e+03 
1.296252e+03 
1.296249e+03 
1.296249e+03 
1.296214e+03 
1.296195e+03 
1.296186e+03 
1.296182e+03 
1.296179e+03 
1.296178e+03 
1.296178e+03 
1.295927e+03 
1.295927e+03 
1.295660e+03 
1.295604e+03 
1.295604e+03 
1.295604e+03 
1.295604e+03 
1.295157e+03 
1.295157e+03 
1.295157e+03 
1.294974e+03 
1.294292e+03 
1.294292e+03 
1.294292e+03 
1.294292e+03 
1.294281e+03 
1.294281e+03 
1.294281e+03 
1.294281e+03 
1.294281e+03 
1.294281e+03 
1.294071e+03 
1.294071e+03 
1.294071e+03 
1.294071e+03 
1.294071e+03 
1.294067e+03 
1.294067e+03 
1.293953e+03 
1.293917e+03 
1.293917e+03 
1.293910e+03 
1.293910e+03 
1.293910e+03 
1.293910e+03 
1.293910e+03 
1.293900e+03 
1.293900e+03 
1.293900e+03 
1.293900e+03 
1.293855e+03 
1.293855e+03 
1.293855e+03 
1.293855e+03 
1.293855e+03 
1.293855e+03 
1.293852e+03 
1.293852e+03 
1.293852e+03 
1.293852e+03 
1.293156e+03 
1.293036e+03 
1.293036e+03 
1.293036e+03 
1.293036e+03 
1.293036e+03 
1.293036e+03 
1.293036e+03 
1.293036e+03 
1.293036e+03 
1.292771e+03 
1.292771e+03 
1.292771e+03 
1.292771e+03 
1.292771e+03 
1.292771e+03 
1.292771e+03 
1.292771e+03 
1.292771e+03 
1.292426e+03 
1.292426e+03 
1.292426e+03 
1.292426e+03 
1.292426e+03 
1.292426e+03 
1.292426e+03 
1.292426e+03 
1.292301e+03 
1.292301e+03 
1.292301e+03 
1.292103e+03 
1.292103e+03 
1.292103e+03 
1.292103e+03 
1.292103e+03 
1.292103e+03 
1.292103e+03 
1.292103e+03 
1.292103e+03 
1.292103e+03 
1.292103e+03 
1.292103e+03 
1.292103e+03 
1.292103e+03 
1.292078e+03 
1.292078e+03 
1.292078e+03 
1.291848e+03 
1.291848e+03 
1.291839e+03 
1.291839e+03 
1.291735e+03 
1.291735e+03 
1.291718e+03 
1.291718e+03 
1.291718e+03 
1.291718e+03 
1.291718e+03 
1.291718e+03 
1.291718e+03 
1.291682e+03 
1.291682e+03 
1.291682e+03 
1.291682e+03 
1.291651e+03 
1.291651e+03 
1.291651e+03 
1.291651e+03 
1.291651e+03 
1.291611e+03 
1.291591e+03 
1.291580e+03 
1.291574e+03 
1.291570e+03 
1.291568e+03 
1.291567e+03 
1.291566e+03 
1.291566e+03 
1.291481e+03 
1.291481e+03 
1.291481e+03 
1.291481e+03 
1.291480e+03 
1.291480e+03 
1.291477e+03 
1.291432e+03 
1.291432e+03 
1.291432e+03 
1.291432e+03 
1.291407e+03 
1.291407e+03 
1.291407e+03 
1.291407e+03 
1.291407e+03 
1.291407e+03 
1.291407e+03 
1.291392e+03 
1.291392e+03 
1.291392e+03 
1.291362e+03 
1.291362e+03 
1.291356e+03 
1.291356e+03 
1.291356e+03 
1.291356e+03 
1.291356e+03 
1.291356e+03 
1.291356e+03 
1.291354e+03 
1.291353e+03 
1.291343e+03 
1.291333e+03 
1.291328e+03 
1.291323e+03 
1.291319e+03 
1.291319e+03 
1.291200e+03 
1.291200e+03 
1.291200e+03 
1.291200e+03 
1.291200e+03 
1.291200e+03 
1.291200e+03 
1.291200e+03 
1.291200e+03 
1.291200e+03 
1.291200e+03 
1.291200e+03 
1.291200e+03 
1.291179e+03 
1.291175e+03 
1.291175e+03 
1.291175e+03 
1.291175e+03 
1.291138e+03 
1.291127e+03 
1.291127e+03 
1.291127e+03 
1.291127e+03 
1.291097e+03 
1.291067e+03 
1.291064e+03 
1.291064e+03 
1.291038e+03 
1.291034e+03 
1.291034e+03 
1.291034e+03 
1.291026e+03 
1.291020e+03 
1.291017e+03 
1.291015e+03 
1.291013e+03 
1.291013e+03 
1.290992e+03 
1.290992e+03 
1.290992e+03 
1.290992e+03 
1.290992e+03 
1.290992e+03 
1.290992e+03 
1.290992e+03 
1.290990e+03 
1.290990e+03 
1.290990e+03 
1.290990e+03 
1.290990e+03 
1.290987e+03 
1.290987e+03 
1.290987e+03 
1.290987e+03 
1.290987e+03 
1.290987e+03 
1.290987e+03 
1.290985e+03 
1.290985e+03 
1.290985e+03 
1.290985e+03 
1.290985e+03 
1.290985e+03 
1.290985e+03 
1.290975e+03 
1.290975e+03 
1.290975e+03 
1.290975e+03 
1.290975e+03 
1.290975e+03 
1.290970e+03 
1.290970e+03 
1.290970e+03 
1.290964e+03 
1.290964e+03 
1.290964e+03 
1.290964e+03 
1.290937e+03 
1.290937e+03 
1.290937e+03 
1.290923e+03 
1.290923e+03 
1.290923e+03 
1.290923e+03 
1.290923e+03 
1.290923e+03 
1.290923e+03 
1.290923e+03 
1.290923e+03 
1.290920e+03 
1.290920e+03 
1.290917e+03 
1.290917e+03 
1.290917e+03 
1.290917e+03 
1.290917e+03 
1.290917e+03 
1.290908e+03 
1.290898e+03 
1.290898e+03 
1.290898e+03 
1.290898e+03 
1.290893e+03 
1.290893e+03 
1.290893e+03 
1.290893e+03 
1.290890e+03 
1.290888e+03 
1.290888e+03 
1.290886e+03 
1.290886e+03 
1.290886e+03 
1.290886e+03 
1.290886e+03 
1.290884e+03 
1.290883e+03 
1.290883e+03 
1.290882e+03 
1.290881e+03 
1.290881e+03 
1.290881e+03 
1.290881e+03 
1.290880e+03 
1.290880e+03 
1.290880e+03 
1.290880e+03 
1.290860e+03 
1.290860e+03 
1.290860e+03 
1.290838e+03 
1.290838e+03 
1.290838e+03 
1.290833e+03 
1.290825e+03 
1.290823e+03 
1.290823e+03 
1.290823e+03 
1.290823e+03 
1.290823e+03 
1.290823e+03 
1.290822e+03 
1.290821e+03 
1.290811e+03 
1.290805e+03 
1.290805e+03 
1.290805e+03 
1.290805e+03 
1.290805e+03 
1.290805e+03 
1.290805e+03 
1.290783e+03 
1.290766e+03 
1.290760e+03 
1.290757e+03 
1.290756e+03 
1.290755e+03 
1.290755e+03 
1.290753e+03 
1.290753e+03 
1.290753e+03 
1.290753e+03 
1.290753e+03 
1.290584e+03 
1.290584e+03 
1.290584e+03 
1.290584e+03 
1.290584e+03 
1.290584e+03 
1.290583e+03 
1.290583e+03 
1.290583e+03 
1.290583e+03 
1.290583e+03 
1.290563e+03 
1.290563e+03 
1.290563e+03 
1.290563e+03 
1.290563e+03 
1.290548e+03 
1.290548e+03 
1.290547e+03 
1.290547e+03 
1.290547e+03 
1.290547e+03 
1.290547e+03 
1.290547e+03 
1.290547e+03 
1.290547e+03 
1.290547e+03 
1.290542e+03 
1.290542e+03 
1.290542e+03 
1.290542e+03 
1.290541e+03 
1.290536e+03 
1.290534e+03 
1.290534e+03 
1.290534e+03 
1.290534e+03 
1.290534e+03 
1.290533e+03 
1.290532e+03 
1.290532e+03 
1.290532e+03 
1.290532e+03 
1.290532e+03 
1.290532e+03 
1.290532e+03 
1.290532e+03 
1.290532e+03 
1.290532e+03 
1.290532e+03 
1.290532e+03 
1.290532e+03 
1.290532e+03 
1.290532e+03 
1.290532e+03 
1.290532e+03 
1.290532e+03 
1.290532e+03 
1.290532e+03 
1.290532e+03 
1.290532e+03 
1.290532e+03 
1.290532e+03 
1.290532e+03 
1.290532e+03 
1.290532e+03 
1.290532e+03 
1.290532e+03 
1.290532e+03 
1.290532e+03 
1.290532e+03 
1.290532e+03 
1.290532e+03 
1.290532e+03 
1.290532e+03 
1.290532e+03 
1.290532e+03 
1.290532e+03 
1.290532e+03 
1.290532e+03 
1.290532e+03 
1.290532e+03 
1.290532e+03 
1.290532e+03 
1.290532e+03 
1.290532e+03 
1.290532e+03 
1.290532e+03 
1.290529e+03 
1.290529e+03 
1.290529e+03 
1.290529e+03 
1.290529e+03 
1.290529e+03 
1.290529e+03 
1.290529e+03 
1.290529e+03 
1.290488e+03 
1.290488e+03 
1.290488e+03 
1.290488e+03 
1.290488e+03 
1.290488e+03 
1.290488e+03 
1.290488e+03 
1.290488e+03 
1.290488e+03 
1.290480e+03 
1.290480e+03 
1.290476e+03 
1.290476e+03 
1.290476e+03 
1.290471e+03 
1.290471e+03 
1.290471e+03 
1.290471e+03 
1.290471e+03 
1.290471e+03 
1.290467e+03 
1.290467e+03 
1.290467e+03 
1.290467e+03 
1.290467e+03 
1.290467e+03 
1.290467e+03 
1.290467e+03 
1.290467e+03 
1.290467e+03 
1.290467e+03 
1.290467e+03 
1.290467e+03 
1.290467e+03 
1.290467e+03 
1.290467e+03 
1.290459e+03 
1.290459e+03 
1.290459e+03 
1.290459e+03 
1.290459e+03 
1.290459e+03 
1.290459e+03 
1.290459e+03 
1.290459e+03 
1.290459e+03 
1.290459e+03 
1.290459e+03 
1.290444e+03 
1.290444e+03 
1.290444e+03 
1.290401e+03 
1.290401e+03 
1.290401e+03 
1.290401e+03 
1.290401e+03 
1.290401e+03 
1.290399e+03 
1.290399e+03 
1.290399e+03 
1.290397e+03 
1.290397e+03 
1.290397e+03 
1.290394e+03 
1.290392e+03 
1.290392e+03 
1.290392e+03 
1.290392e+03 
1.290390e+03 
1.290389e+03 
1.290389e+03 
1.290388e+03 
1.290388e+03 
1.290388e+03 
1.290388e+03 
1.290388e+03 
1.290388e+03 
1.290388e+03 
1.290388e+03 
1.290388e+03 
1.290388e+03 
1.290388e+03 
1.290388e+03 
1.290388e+03 
1.290388e+03 
1.290388e+03 
1.290388e+03 
1.290388e+03 
1.290388e+03 
1.290388e+03 
1.290388e+03 
1.290388e+03 
1.290388e+03 
1.290388e+03 
1.290388e+03 
1.290388e+03 
1.290380e+03 
1.290380e+03 
1.290380e+03 
1.290380e+03 
1.290380e+03 
1.290380e+03 
1.290379e+03 
1.290379e+03 
1.290379e+03 
1.290379e+03 
1.290379e+03 
1.290379e+03 
1.290379e+03 
1.290376e+03 
1.290376e+03 
1.290376e+03 
1.290376e+03 
1.290376e+03 
1.290376e+03 
1.290376e+03 
1.290376e+03 
1.290376e+03 
1.290376e+03 
1.290376e+03 
1.290372e+03 
1.290359e+03 
1.290359e+03 
1.290359e+03 
1.290335e+03 
1.290335e+03 
1.290335e+03 
1.290335e+03 
1.290335e+03 
1.290335e+03 
1.290294e+03 
1.290294e+03 
1.290276e+03 
1.290276e+03 
1.290276e+03 
1.290276e+03 
1.290276e+03 
1.290276e+03 
1.290276e+03 
1.290251e+03 
1.290251e+03 
1.290251e+03 
1.290251e+03 
1.290251e+03 
1.290251e+03 
1.290159e+03 
1.290135e+03 
1.290135e+03 
1.290135e+03 
1.290135e+03 
1.290135e+03 
1.290135e+03 
1.290135e+03 
1.290135e+03 
1.290135e+03 
1.290135e+03 
1.290135e+03 
1.290135e+03 
1.290135e+03 
1.290097e+03 
1.290097e+03 
1.289680e+03 
1.289261e+03 
1.289261e+03 
1.289261e+03 
1.289261e+03 
1.289261e+03 
1.289261e+03 
1.289261e+03 
1.289261e+03 
1.289261e+03 
1.289261e+03 
1.289261e+03 
1.289261e+03 
1.289261e+03 
1.289261e+03 
1.289261e+03 
1.289261e+03 
1.289261e+03 
1.289261e+03 
1.289261e+03 
1.289261e+03 
1.289261e+03 
1.289261e+03 
1.289261e+03 
1.289261e+03 
1.289083e+03 
1.289083e+03 
1.289083e+03 
1.289083e+03 
1.289083e+03 
1.289083e+03 
1.288959e+03 
1.288391e+03 
1.285218e+03 
1.285218e+03 
1.285218e+03 
1.285218e+03 
1.285218e+03 
1.285218e+03 
1.285218e+03 
1.285022e+03 
1.285022e+03 
1.280892e+03 
1.280892e+03 
1.280892e+03 
1.280892e+03 
1.280256e+03 
1.280256e+03 
1.280256e+03 
1.280256e+03 
1.280256e+03 
1.280256e+03 
1.280256e+03 
1.280256e+03 
1.280256e+03 
1.280256e+03 
1.280256e+03 
1.280256e+03 
1.280256e+03 
1.280256e+03 
1.280256e+03 
1.280256e+03 
1.280256e+03 
1.280256e+03 
1.280256e+03 
1.280256e+03 
1.278304e+03 
1.266700e+03 
1.266700e+03 
1.263176e+03 
1.256987e+03 
1.253581e+03 
1.251631e+03 
1.250480e+03 
1.249786e+03 
1.249361e+03 
1.249099e+03 
1.248936e+03 
1.248834e+03 
1.248770e+03 
1.248730e+03 
1.248704e+03 
1.248689e+03 
1.238021e+03 
1.238021e+03 
1.238021e+03 
1.238021e+03 
1.238021e+03 
1.238021e+03 
1.238021e+03 
1.238021e+03 
1.238021e+03 
1.238021e+03 
1.238021e+03 
1.238021e+03 
1.238021e+03 
1.238021e+03 
1.238021e+03 
1.238021e+03 
1.238021e+03 
1.238021e+03 
1.238021e+03 
1.238021e+03 
1.238021e+03 
1.238021e+03 
1.238021e+03 
1.238021e+03 
1.238021e+03 
1.238021e+03 
1.238021e+03 
1.238021e+03 
1.238021e+03 
1.238021e+03 
1.238021e+03 
1.238021e+03 
1.238021e+03 
1.238021e+03 
1.238021e+03 
1.238021e+03 
1.238021e+03 
1.234945e+03 
1.234945e+03 
1.234945e+03 
1.234945e+03 
1.234945e+03 
1.234945e+03 
1.234945e+03 
1.234945e+03 
1.234906e+03 
1.234906e+03 
1.070980e+03 
1.070980e+03 
1.070980e+03 
1.070980e+03 
1.070980e+03 
1.070980e+03 
1.070980e+03 
1.070980e+03 
1.070980e+03 
1.070980e+03 
1.070980e+03 
1.070980e+03 
1.070980e+03 
1.070980e+03 
1.070980e+03 
1.070980e+03 
1.070980e+03 
1.070980e+03 
1.070980e+03 
1.070980e+03 
1.070980e+03 
1.070980e+03 
1.070980e+03 
1.070980e+03 
1.070980e+03 
1.070980e+03 
1.070980e+03 
1.070980e+03 
1.070980e+03 
1.070980e+03 
1.070980e+03 
1.070980e+03 
1.070980e+03 
1.070980e+03 
1.070980e+03 
1.070980e+03 
1.070980e+03 
1.070980e+03 
1.070980e+03 
1.070980e+03 
1.070980e+03 
1.070980e+03 
9.351873e+02 
9.351873e+02 
9.351873e+02 
9.351873e+02 
9.351873e+02 
9.351873e+02 
9.330905e+02 
9.330905e+02 
9.330905e+02 
9.330905e+02 
9.330905e+02 
9.330905e+02 
9.330905e+02 
9.330905e+02 
9.330905e+02 
9.330905e+02 
9.330905e+02 
9.330905e+02 
9.330905e+02 
9.330905e+02 
9.330905e+02 
9.330905e+02 
9.330905e+02 
9.330905e+02 
9.330905e+02 
9.329888e+02 
9.329759e+02 
9.329759e+02 
9.329759e+02 
9.329730e+02 
9.328979e+02 
9.328515e+02 
9.328228e+02 
9.328049e+02 
9.327938e+02 
9.327869e+02 
9.327826e+02 
9.327800e+02 
8.321915e+02 
8.321915e+02 
8.321915e+02 
8.321915e+02 
8.321915e+02 
8.321915e+02 
8.321915e+02 
8.321915e+02 
8.321915e+02 
8.321915e+02 
8.321915e+02 
8.321915e+02 
8.321915e+02 
8.321915e+02 
8.321915e+02 
8.321915e+02 
8.321915e+02 
8.321915e+02 
8.321915e+02 
8.321915e+02 
8.321915e+02 
8.321915e+02 
8.321915e+02 
8.321915e+02 
8.321915e+02 
8.321915e+02 
8.321915e+02 
8.321915e+02 
8.321915e+02 
8.321915e+02 
8.321915e+02 
8.321915e+02 
8.321915e+02 
8.321915e+02 
8.321915e+02 
8.321915e+02 
8.321915e+02 
8.321915e+02 
8.321915e+02 
8.321915e+02 
8.321915e+02 
8.321915e+02 
8.321915e+02 
8.321915e+02 
8.321915e+02 
8.321915e+02 
8.321915e+02 
8.321915e+02 
8.321915e+02 
8.321915e+02 
8.321915e+02 
8.321915e+02 
8.321915e+02 
8.321915e+02 
8.321915e+02 
8.321915e+02 
7.892516e+02 
7.892516e+02 
7.892516e+02 
7.892516e+02 
7.892516e+02 
7.892516e+02 
7.892516e+02 
7.790602e+02 
7.790602e+02 
7.790602e+02 
7.790602e+02 
7.790602e+02 
7.790602e+02 
7.790602e+02 
7.773222e+02 
7.773222e+02 
7.773222e+02 
7.773222e+02 
7.773222e+02 
7.773222e+02 
7.773222e+02 
7.773222e+02 
7.773222e+02 
7.773222e+02 
7.773222e+02 
7.773222e+02 
7.773222e+02 
7.773222e+02 
7.773222e+02 
7.773222e+02 
7.773222e+02 
7.773222e+02 
7.773222e+02 
7.773222e+02 
7.771307e+02 
7.771307e+02 
7.771307e+02 
7.771307e+02 
7.771307e+02 
7.769616e+02 
7.768557e+02 
7.768557e+02 
7.768557e+02 
7.768557e+02 
7.768557e+02 
7.768557e+02 
7.767431e+02 
7.767431e+02 
7.767431e+02 
7.767431e+02 
7.767431e+02 
7.767431e+02 
7.767431e+02 
7.767431e+02 
7.767431e+02 
7.767431e+02 
7.767431e+02 
7.767431e+02 
7.767390e+02 
7.767375e+02 
7.767370e+02 
7.767369e+02 
7.767369e+02 
7.767369e+02 
7.767365e+02 
7.767354e+02 
7.767348e+02 
7.767344e+02 
7.767341e+02 
7.767340e+02 
7.767339e+02 
7.767338e+02 
7.767338e+02 
7.767338e+02 
7.767338e+02 
7.767338e+02 
7.767338e+02 
7.767337e+02 
7.767337e+02 
7.767337e+02 
7.767337e+02 
7.767337e+02 
7.767337e+02 
7.767337e+02 
7.767337e+02 
7.767337e+02 
7.767337e+02 
7.767337e+02 
7.767337e+02 
7.767337e+02 
7.767337e+02 
7.767337e+02 
7.767337e+02 
7.767337e+02 
7.767337e+02 
7.767337e+02 
7.767337e+02 
7.767337e+02 
7.767337e+02 
7.767337e+02 
7.767337e+02 
7.767337e+02 
7.767337e+02 
7.767337e+02 
7.767337e+02 
7.767337e+02 
7.767337e+02 
7.767337e+02 
7.767337e+02 
7.767337e+02 
7.767337e+02 
7.767337e+02 
7.767337e+02 
7.767337e+02 
7.767337e+02 
7.767337e+02 
7.767337e+02 
7.767337e+02 
7.767337e+02 
7.767337e+02 
7.767337e+02 
7.767337e+02 
7.767337e+02 
7.767337e+02 
7.767337e+02 
7.767337e+02 
7.767337e+02 
7.767337e+02 
7.767337e+02 
7.767337e+02 
7.767337e+02 
7.767337e+02 
7.767337e+02 
7.767337e+02 
7.767337e+02 
7.767337e+02 
7.767337e+02 
7.767337e+02 
7.767337e+02 
7.767337e+02 
7.767337e+02 
7.767337e+02 
7.767337e+02 
7.767337e+02 
7.767337e+02 
7.767337e+02 
7.767337e+02 
7.767337e+02 
7.767337e+02 
7.767337e+02 
7.767337e+02 
7.767337e+02 
7.767337e+02 
7.767337e+02 
7.767337e+02 
7.767337e+02 
7.767337e+02 
7.767337e+02 
7.767337e+02 
7.767337e+02 
7.767337e+02 
7.767337e+02 
7.767337e+02 
7.767337e+02 
7.767337e+02 
7.767337e+02 
7.767337e+02 
7.767337e+02 
7.767337e+02 
7.767337e+02 
7.767337e+02 
7.767337e+02 
7.767337e+02 
7.767337e+02 
7.767337e+02 
7.767337e+02 
7.767337e+02 
7.767337e+02 
7.767337e+02 
7.767337e+02 
7.767337e+02 
7.767337e+02 
7.767337e+02 
7.767337e+02 
7.767337e+02 
7.767337e+02 
7.767337e+02 
7.767337e+02 
7.767337e+02 
7.767337e+02 
7.767337e+02 
7.767337e+02 
7.767337e+02 
7.767337e+02 
7.767337e+02 
7.767337e+02 
7.767337e+02 
7.767337e+02 
7.767337e+02 
7.767337e+02 
7.767337e+02 
7.767337e+02 
7.767337e+02 
7.567872e+02 
7.567872e+02 
7.405380e+02 
7.405380e+02 
7.389022e+02 
7.389022e+02 
7.389022e+02 
7.248991e+02 
7.233062e+02 
7.233062e+02 
7.196764e+02 
7.196764e+02 
7.196764e+02 
7.196764e+02 
7.187448e+02 
7.163711e+02 
7.125623e+02 
7.125623e+02 
7.125623e+02 
7.125623e+02 
7.111810e+02 
7.091456e+02 
7.084808e+02 
7.084808e+02 
7.084808e+02 
7.084808e+02 
7.071632e+02 
7.071632e+02 
7.057560e+02 
7.057560e+02 
7.057560e+02 
7.052017e+02 
7.051811e+02 
7.051811e+02 
7.050640e+02 
7.050640e+02 
7.050640e+02 
7.050148e+02 
7.050148e+02 
7.050148e+02 
7.050148e+02 
7.048671e+02 
7.048194e+02 
7.048194e+02 
7.048194e+02 
7.047676e+02 
7.047435e+02 
7.047435e+02 
7.047325e+02 
7.047296e+02 
7.047296e+02 
7.047153e+02 
7.047104e+02 
7.047092e+02 
7.047090e+02 
7.047090e+02 
7.042278e+02 
7.042278e+02 
7.042278e+02 
7.034018e+02 
7.034018e+02 
7.034018e+02 
7.034018e+02 
6.742610e+02 
6.742610e+02 
6.742610e+02 
6.742610e+02 
6.742610e+02 
6.742610e+02 
6.742610e+02 
6.742610e+02 
6.742610e+02 
6.742610e+02 
6.742610e+02 
6.742610e+02 
6.742610e+02 
6.742610e+02 
6.742610e+02 
6.742610e+02 
6.742610e+02 
6.742610e+02 
6.742610e+02 
6.742610e+02 
6.742610e+02 
6.742610e+02 
6.742610e+02 
6.742610e+02 
6.742610e+02 
6.742610e+02 
6.742610e+02 
6.742610e+02 
6.742610e+02 
6.742610e+02 
6.742610e+02 
6.742610e+02 
6.742610e+02 
6.742610e+02 
6.742610e+02 
6.742610e+02 
6.742610e+02 
6.742610e+02 
6.742610e+02 
6.742610e+02 
6.742610e+02 
6.742610e+02 
6.742610e+02 
6.470531e+02 
6.470531e+02 
6.380981e+02 
6.380981e+02 
6.380981e+02 
6.380981e+02 
6.380981e+02 
6.380981e+02 
6.380981e+02 
6.380981e+02 
6.380981e+02 
6.380981e+02 
6.380981e+02 
6.377391e+02 
6.374568e+02 
6.372920e+02 
6.371945e+02 
6.371365e+02 
6.371017e+02 
6.370808e+02 
6.370682e+02 
6.370606e+02 
6.370561e+02 
6.370533e+02 
6.370517e+02 
6.370507e+02 
6.370500e+02 
6.370497e+02 
6.370495e+02 
6.370493e+02 
6.370493e+02 
6.370492e+02 
6.370492e+02 
6.370492e+02 
6.370491e+02 
6.370491e+02 
6.370491e+02 
6.370491e+02 
6.370491e+02 
6.370491e+02 
6.370491e+02 
6.370491e+02 
6.370491e+02 
6.370491e+02 
6.370491e+02 
6.370491e+02 
6.370491e+02 
6.370491e+02 
6.370491e+02 
6.370491e+02 
6.370491e+02 
6.370491e+02 
6.370491e+02 
6.370491e+02 
6.370491e+02 
6.370491e+02 
6.370491e+02 
6.370491e+02 
6.370491e+02 
6.370491e+02 
6.370491e+02 
6.370491e+02 
6.370491e+02 
6.370491e+02 
6.370491e+02 
6.370491e+02 
6.370491e+02 
6.370491e+02 
6.370491e+02 
6.370491e+02 
6.370491e+02 
6.370491e+02 
6.370491e+02 
6.370491e+02 
6.370491e+02 
6.370491e+02 
6.370491e+02 
6.370491e+02 
6.370491e+02 
6.370491e+02 
6.370491e+02 
6.370491e+02 
6.370491e+02 
6.370491e+02 
6.370491e+02 
6.370491e+02 
6.370491e+02 
6.370491e+02 
6.370491e+02 
6.370491e+02 
6.370491e+02 
6.370491e+02 
6.370491e+02 
6.370491e+02 
6.370491e+02 
6.370491e+02 
6.370491e+02 
6.370491e+02 
6.370491e+02 
6.370491e+02 
6.370491e+02 
6.370491e+02 
6.370491e+02 
6.370491e+02 
6.370491e+02 
6.370491e+02 
6.370491e+02 
6.370491e+02 
6.370491e+02 
6.370491e+02 
6.370491e+02 
6.370491e+02 
6.370491e+02 
6.370491e+02 
6.370491e+02 
6.370491e+02 
6.370491e+02 
6.370491e+02 
6.370491e+02 
6.370491e+02 
6.370491e+02 
6.370491e+02 
6.370491e+02 
6.370491e+02 
6.370491e+02 
6.370491e+02 
6.370491e+02 
6.370491e+02 
6.370491e+02 
6.370491e+02 
6.370491e+02 
6.370491e+02 
6.370491e+02 
6.370491e+02 
6.370491e+02 
6.370491e+02 
6.370491e+02 
6.370491e+02 
6.370491e+02 
6.370491e+02 
6.370491e+02 
6.370491e+02 
6.370491e+02 
6.370491e+02 
6.370491e+02 
6.370491e+02 
6.370491e+02 
6.370491e+02 
6.370491e+02 
6.370491e+02 
6.370491e+02 
6.370491e+02 
6.370491e+02 
6.370491e+02 
6.370491e+02 
6.370491e+02 
6.370491e+02 
6.370491e+02 
6.370491e+02 
6.370491e+02 
6.370491e+02 
6.370491e+02 
6.370491e+02 
6.370491e+02 
6.370491e+02 
6.370491e+02 
6.370491e+02 
6.370491e+02 
6.370491e+02 
6.370491e+02 
6.370491e+02 
6.370491e+02 
6.370491e+02 
6.370491e+02 
6.370491e+02 
6.370491e+02 
6.370491e+02 
6.370491e+02 
6.370491e+02 
6.370491e+02 
6.370491e+02 
6.370491e+02 
6.370491e+02 
6.370491e+02 
6.370491e+02 
6.370491e+02 
6.370491e+02 
6.370491e+02 
6.370491e+02 
6.370491e+02 
6.370491e+02 
6.370491e+02 
6.370491e+02 
6.370491e+02 
6.370491e+02 
6.370491e+02 
6.370491e+02 
6.370491e+02 
6.370491e+02 
6.370491e+02 
6.370491e+02 
6.370491e+02 
6.370491e+02 
6.370491e+02 
6.370491e+02 
6.370491e+02 
6.370491e+02 
6.370491e+02 
6.370491e+02 
6.370491e+02 
6.370491e+02 
6.370491e+02 
6.370491e+02 
6.370491e+02 
6.370491e+02 
6.370491e+02 
6.370491e+02 
6.370491e+02 
6.370491e+02 
6.370491e+02 
6.370491e+02 
6.370491e+02 
6.370491e+02 
6.370491e+02 
6.370491e+02 
6.370491e+02 
6.370491e+02 
6.370491e+02 
6.370491e+02 
6.370491e+02 
6.370491e+02 
6.370491e+02 
6.370491e+02 
6.370491e+02 
6.370491e+02 
6.370491e+02 
6.370491e+02 
6.370491e+02 
6.370491e+02 
6.370491e+02 
6.370491e+02 
6.370491e+02 
6.370491e+02 
6.370491e+02 
6.370491e+02 
6.370491e+02 
6.370491e+02 
6.370491e+02 
6.370491e+02 
6.370491e+02 
6.370491e+02 
6.370491e+02 
6.370491e+02 
6.370491e+02 
6.370491e+02 
6.370491e+02 
6.370491e+02 
6.370491e+02 
6.370491e+02 
6.370491e+02 
5.639032e+02 
5.639032e+02 
5.639032e+02 
5.639032e+02 
5.639032e+02 
5.639032e+02 
5.639032e+02 
5.639032e+02 
5.639032e+02 
5.639032e+02 
5.639032e+02 
5.639032e+02 
5.639032e+02 
5.639032e+02 
5.639032e+02 
5.639032e+02 
5.639032e+02 
5.639032e+02 
5.639032e+02 
5.639032e+02 
5.639032e+02 
5.639032e+02 
5.639032e+02 
5.639032e+02 
5.639032e+02 
5.639032e+02 
5.639032e+02 
5.639032e+02 
5.639032e+02 
5.639032e+02 
5.639032e+02 
5.639032e+02 
5.639032e+02 
5.639032e+02 
5.639032e+02 
5.639032e+02 
5.639032e+02 
5.639032e+02 
5.639032e+02 
5.639032e+02 
5.209260e+02 
5.209260e+02 
5.209260e+02 
5.209260e+02 
5.209260e+02 
5.209260e+02 
5.209260e+02 
5.209260e+02 
5.209260e+02 
5.209260e+02 
5.209260e+02 
5.209260e+02 
5.209260e+02 
5.190304e+02 
5.190304e+02 
5.051329e+02 
5.051329e+02 
5.051329e+02 
5.051329e+02 
5.051329e+02 
5.051329e+02 
5.051329e+02 
5.051329e+02 
5.051329e+02 
5.051329e+02 
5.047509e+02 
5.047509e+02 
5.047509e+02 
5.047509e+02 
5.041588e+02 
5.041573e+02 
5.041573e+02 
5.041573e+02 
5.040202e+02 
5.035058e+02 
5.033299e+02 
5.032703e+02 
5.032503e+02 
5.032437e+02 
5.032417e+02 
5.032411e+02 
5.032410e+02 
5.032410e+02 
5.032410e+02 
5.032410e+02 
5.032384e+02 
5.032366e+02 
5.032355e+02 
5.032349e+02 
5.032345e+02 
5.032343e+02 
5.032342e+02 
5.032341e+02 
5.032341e+02 
5.032341e+02 
5.032341e+02 
5.032340e+02 
5.032340e+02 
5.032340e+02 
5.032340e+02 
5.032340e+02 
5.032340e+02 
5.032340e+02 
5.032340e+02 
5.032340e+02 
5.032340e+02 
5.032340e+02 
5.032340e+02 
5.032340e+02 
5.032340e+02 
5.032340e+02 
5.032340e+02 
5.032340e+02 
5.032340e+02 
5.032340e+02 
5.032340e+02 
5.032340e+02 
5.032340e+02 
5.032340e+02 
5.032340e+02 
5.032340e+02 
5.032340e+02 
5.032340e+02 
5.032340e+02 
5.032340e+02 
5.032340e+02 
5.032340e+02 
5.032340e+02 
5.032340e+02 
5.032340e+02 
5.032340e+02 
5.032340e+02 
5.032340e+02 
5.032340e+02 
5.032340e+02 
5.032340e+02 
5.032340e+02 
5.032340e+02 
5.032340e+02 
5.032340e+02 
5.032340e+02 
5.032340e+02 
5.032340e+02 
5.032340e+02 
5.032340e+02 
5.032340e+02 
5.032340e+02 
5.032340e+02 
5.032340e+02 
5.032340e+02 
5.032340e+02 
5.032340e+02 
5.032340e+02 
5.032340e+02 
5.032340e+02 
5.032340e+02 
5.032340e+02 
5.032340e+02 
5.032340e+02 
5.032340e+02 
5.032340e+02 
5.032340e+02 
5.032340e+02 
5.032340e+02 
5.032340e+02 
5.032340e+02 
5.032340e+02 
5.032340e+02 
5.032340e+02 
5.032340e+02 
5.032340e+02 
5.032340e+02 
5.032340e+02 
5.032340e+02 
5.032340e+02 
5.032340e+02 
5.032340e+02 
5.032340e+02 
5.032340e+02 
5.032340e+02 
5.032340e+02 
5.032340e+02 
5.032340e+02 
5.032340e+02 
5.032340e+02 
5.032340e+02 
5.032340e+02 
5.032340e+02 
5.032340e+02 
5.032340e+02 
5.032340e+02 
5.032340e+02 
5.032340e+02 
5.032340e+02 
5.032340e+02 
5.032340e+02 
5.032340e+02 
5.032340e+02 
5.032340e+02 
5.032340e+02 
5.032340e+02 
4.978829e+02 
4.937630e+02 
4.937630e+02 
4.937630e+02 
4.923115e+02 
4.806060e+02 
4.806060e+02 
4.806060e+02 
4.806060e+02 
4.806060e+02 
4.790528e+02 
4.790528e+02 
4.775371e+02 
4.753820e+02 
4.753820e+02 
4.753820e+02 
4.731111e+02 
4.717028e+02 
4.711252e+02 
4.708708e+02 
4.673797e+02 
4.673797e+02 
4.673797e+02 
4.628371e+02 
4.628371e+02 
4.628371e+02 
4.628371e+02 
4.628371e+02 
4.627835e+02 
4.627835e+02 
4.627835e+02 
4.627835e+02 
4.627835e+02 
4.627835e+02 
4.627835e+02 
4.627835e+02 
4.627835e+02 
4.627835e+02 
4.579109e+02 
4.579109e+02 
4.579109e+02 
4.579109e+02 
4.579109e+02 
4.579109e+02 
4.579109e+02 
4.579109e+02 
4.579109e+02 
4.579109e+02 
4.579109e+02 
4.579109e+02 
4.579109e+02 
4.579109e+02 
4.579109e+02 
4.579109e+02 
4.579109e+02 
4.579109e+02 
4.579109e+02 
4.579109e+02 
4.579109e+02 
4.579109e+02 
4.579109e+02 
4.579109e+02 
4.579109e+02 
4.579109e+02 
4.579109e+02 
4.579109e+02 
4.579109e+02 
4.579109e+02 
4.579109e+02 
4.579109e+02 
4.579109e+02 
4.579109e+02 
4.579109e+02 
4.579109e+02 
4.579109e+02 
4.579109e+02 
4.579109e+02 
4.579109e+02 
4.579109e+02 
4.422320e+02 
4.422320e+02 
4.422320e+02 
4.315034e+02 
4.315034e+02 
4.291347e+02 
4.291347e+02 
4.291347e+02 
4.247408e+02 
4.247408e+02 
4.247408e+02 
4.247408e+02 
4.247408e+02 
4.247408e+02 
4.247408e+02 
4.223100e+02 
4.223100e+02 
4.223100e+02 
4.223100e+02 
4.223100e+02 
4.223100e+02 
4.223100e+02 
4.223100e+02 
4.223100e+02 
4.223100e+02 
4.223100e+02 
4.223100e+02 
4.218137e+02 
4.214667e+02 
4.212950e+02 
4.212055e+02 
4.211570e+02 
4.211301e+02 
4.211150e+02 
4.211064e+02 
4.211015e+02 
4.210987e+02 
4.210970e+02 
4.210961e+02 
4.210956e+02 
4.210953e+02 
4.210951e+02 
4.210950e+02 
4.210949e+02 
4.210949e+02 
4.210949e+02 
4.210949e+02 
4.210949e+02 
4.210949e+02 
4.210949e+02 
4.210949e+02 
4.210949e+02 
4.210949e+02 
4.210949e+02 
4.210949e+02 
4.210949e+02 
4.210949e+02 
4.210949e+02 
4.210949e+02 
4.210949e+02 
4.210949e+02 
4.210949e+02 
4.210949e+02 
4.210949e+02 
4.210949e+02 
4.210949e+02 
4.210949e+02 
4.210949e+02 
4.210949e+02 
4.210949e+02 
4.210949e+02 
4.210949e+02 
4.210949e+02 
4.210949e+02 
4.210949e+02 
4.210949e+02 
4.210949e+02 
4.210949e+02 
4.210949e+02 
4.210949e+02 
4.210949e+02 
4.210949e+02 
4.210949e+02 
4.210949e+02 
4.210949e+02 
4.210949e+02 
4.210949e+02 
4.210949e+02 
4.210949e+02 
4.210949e+02 
4.210949e+02 
4.210949e+02 
4.210949e+02 
4.210949e+02 
4.210949e+02 
4.210949e+02 
4.210949e+02 
4.210949e+02 
4.210949e+02 
4.210949e+02 
4.210949e+02 
4.210949e+02 
4.210949e+02 
4.210949e+02 
4.210949e+02 
4.210949e+02 
4.210949e+02 
4.210949e+02 
4.210949e+02 
4.210949e+02 
4.210949e+02 
4.192606e+02 
4.192606e+02 
4.192606e+02 
4.144773e+02 
4.144773e+02 
4.144773e+02 
4.144773e+02 
4.144773e+02 
4.103046e+02 
4.103046e+02 
4.103046e+02 
4.103046e+02 
4.103046e+02 
4.103046e+02 
4.103046e+02 
4.099071e+02 
4.098462e+02 
4.098462e+02 
4.098462e+02 
4.098462e+02 
4.083349e+02 
4.074326e+02 
4.070052e+02 
4.067897e+02 
4.066761e+02 
4.066142e+02 
4.065799e+02 
4.065607e+02 
4.065498e+02 
4.065436e+02 
4.063794e+02 
4.060268e+02 
4.060268e+02 
4.060268e+02 
4.054206e+02 
4.047993e+02 
4.038356e+02 
4.026138e+02 
4.021799e+02 
4.016689e+02 
4.014909e+02 
4.013966e+02 
4.010188e+02 
4.008944e+02 
4.008419e+02 
4.008419e+02 
4.008321e+02 
4.008321e+02 
4.006732e+02 
4.006732e+02 
4.006704e+02 
4.006704e+02 
4.006592e+02 
4.006073e+02 
4.005832e+02 
4.004585e+02 
4.003647e+02 
4.001781e+02 
4.000209e+02 
3.999336e+02 
3.998520e+02 
3.997601e+02 
3.996800e+02 
3.978268e+02 
3.978268e+02 
3.954985e+02 
3.936796e+02 
3.920307e+02 
3.920307e+02 
3.920307e+02 
3.920307e+02 
3.918800e+02 
3.918800e+02 
3.913758e+02 
3.903397e+02 
3.903397e+02 
3.903397e+02 
3.892884e+02 
3.892884e+02 
3.892884e+02 
3.887443e+02 
3.882251e+02 
3.879839e+02 
3.878643e+02 
3.878019e+02 
3.877683e+02 
3.877498e+02 
3.877395e+02 
3.877337e+02 
3.867746e+02 
3.867746e+02 
3.863879e+02 
3.859653e+02 
3.858413e+02 
3.858081e+02 
3.858013e+02 
3.858013e+02 
3.849445e+02 
3.842735e+02 
3.841487e+02 
3.841487e+02 
3.840372e+02 
3.839395e+02 
3.838861e+02 
3.838861e+02 
3.837636e+02 
3.837636e+02 
3.836947e+02 
3.836724e+02 
3.836724e+02 
3.836296e+02 
3.835859e+02 
3.835699e+02 
3.835393e+02 
3.835214e+02 
3.835212e+02 
3.835212e+02 
3.835212e+02 
3.835127e+02 
3.835047e+02 
3.834966e+02 
3.834966e+02 
3.834929e+02 
3.834929e+02 
3.834925e+02 
3.834925e+02 
3.834887e+02 
3.834887e+02 
3.834863e+02 
3.834829e+02 
3.834795e+02 
3.834766e+02 
3.834729e+02 
3.834708e+02 
3.834692e+02 
3.834669e+02 
3.834657e+02 
3.834643e+02 
3.834637e+02 
3.834634e+02 
3.833032e+02 
3.823067e+02 
3.815515e+02 
3.813632e+02 
3.813632e+02 
3.809820e+02 
3.809820e+02 
3.809820e+02 
3.808910e+02 
3.807230e+02 
3.806055e+02 
3.806055e+02 
3.806055e+02 
3.806055e+02 
3.806055e+02 
3.806055e+02 
3.803621e+02 
3.803621e+02 
3.800297e+02 
3.799176e+02 
3.794836e+02 
3.791923e+02 
3.791923e+02 
3.791923e+02 
3.791315e+02 
3.791146e+02 
3.790860e+02 
3.790860e+02 
3.790485e+02 
3.790485e+02 
3.789867e+02 
3.789867e+02 
3.789527e+02 
3.789527e+02 
3.789527e+02 
3.789511e+02 
3.788365e+02 
3.786965e+02 
3.786655e+02 
3.786655e+02 
3.786655e+02 
3.786000e+02 
3.781251e+02 
3.776560e+02 
3.776560e+02 
3.769795e+02 
3.768818e+02 
3.766371e+02 
3.766275e+02 
3.766275e+02 
3.765833e+02 
3.764563e+02 
3.764563e+02 
3.764563e+02 
3.763389e+02 
3.762266e+02 
3.761708e+02 
3.761418e+02 
3.761262e+02 
3.761177e+02 
3.759290e+02 
3.757601e+02 
3.757601e+02 
3.757421e+02 
3.757421e+02 
3.757421e+02 
3.756189e+02 
3.755389e+02 
3.755366e+02 
3.755366e+02 
3.755366e+02 
3.755239e+02 
3.755132e+02 
3.754421e+02 
3.754272e+02 
3.754272e+02 
3.753800e+02 
3.753800e+02 
3.753076e+02 
3.753076e+02 
3.752131e+02 
3.751941e+02 
3.751941e+02 
3.751941e+02 
3.751648e+02 
3.751445e+02 
3.751445e+02 
3.750549e+02 
3.750549e+02 
3.750030e+02 
3.749543e+02 
3.749119e+02 
3.748742e+02 
3.748569e+02 
3.748430e+02 
3.748366e+02 
3.748362e+02 
3.748362e+02 
3.748314e+02 
3.740719e+02 
3.730048e+02 
3.730048e+02 
3.730048e+02 
3.720144e+02 
3.716809e+02 
3.716809e+02 
3.716809e+02 
3.716809e+02 
3.714204e+02 
3.713580e+02 
3.713580e+02 
3.712244e+02 
3.712244e+02 
3.712244e+02 
3.709962e+02 
3.709329e+02 
3.709329e+02 
3.697656e+02 
3.697656e+02 
3.696912e+02 
3.696064e+02 
3.696064e+02 
3.696064e+02 
3.691568e+02 
3.672495e+02 
3.657154e+02 
3.657154e+02 
3.657154e+02 
3.657154e+02 
3.657154e+02 
3.657154e+02 
3.657154e+02 
3.656201e+02 
3.656201e+02 
3.652950e+02 
3.652950e+02 
3.652950e+02 
3.652950e+02 
3.652950e+02 
3.652950e+02 
3.652950e+02 
3.652950e+02 
3.647766e+02 
3.645364e+02 
3.642782e+02 
3.642782e+02 
3.635934e+02 
3.635934e+02 
3.633098e+02 
3.633098e+02 
3.633098e+02 
3.633098e+02 
3.633098e+02 
3.633098e+02 
3.632926e+02 
3.632852e+02 
3.630567e+02 
3.630567e+02 
3.630567e+02 
3.628619e+02 
3.628619e+02 
3.628619e+02 
3.628619e+02 
3.628595e+02 
3.628595e+02 
3.628320e+02 
3.628320e+02 
3.628320e+02 
3.627386e+02 
3.627386e+02 
3.627386e+02 
3.627386e+02 
3.627386e+02 
3.627386e+02 
3.627386e+02 
3.627039e+02 
3.627039e+02 
3.626555e+02 
3.624007e+02 
3.624007e+02 
3.624007e+02 
3.621676e+02 
3.621676e+02 
3.621676e+02 
3.621676e+02 
3.621676e+02 
3.620724e+02 
3.620229e+02 
3.620167e+02 
3.620167e+02 
3.620120e+02 
3.620120e+02 
3.620120e+02 
3.620063e+02 
3.620035e+02 
3.620034e+02 
3.620034e+02 
3.620034e+02 
3.620031e+02 
3.620031e+02 
3.618759e+02 
3.618759e+02 
3.618441e+02 
3.618200e+02 
3.617930e+02 
3.617930e+02 
3.615935e+02 
3.615935e+02 
3.615935e+02 
3.615935e+02 
3.612988e+02 
3.612988e+02 
3.612988e+02 
3.612988e+02 
3.612954e+02 
3.610662e+02 
3.609958e+02 
3.609958e+02 
3.606603e+02 
3.606603e+02 
3.606603e+02 
3.606353e+02 
3.605929e+02 
3.605929e+02 
3.604812e+02 
3.604812e+02 
3.603791e+02 
3.603791e+02 
3.603690e+02 
3.603690e+02 
3.603690e+02 
3.603690e+02 
3.603690e+02 
3.603690e+02 
3.603680e+02 
3.603680e+02 
3.603006e+02 
3.603006e+02 
3.603006e+02 
3.603006e+02 
3.603006e+02 
3.603006e+02 
3.603006e+02 
3.603006e+02 
3.602846e+02 
3.602020e+02 
3.564037e+02 
3.564037e+02 
3.564037e+02 
3.564037e+02 
3.564037e+02 
3.564037e+02 
3.564037e+02 
3.564037e+02 
3.564037e+02 
3.564037e+02 
3.564037e+02 
3.564037e+02 
3.564037e+02 
3.564037e+02 
3.564037e+02 
3.564037e+02 
3.564037e+02 
3.564037e+02 
3.564037e+02 
3.564037e+02 
3.564037e+02 
3.564037e+02 
3.564037e+02 
3.564037e+02 
3.564037e+02 
3.564037e+02 
3.564037e+02 
3.564037e+02 
3.564037e+02 
3.564037e+02 
3.564037e+02 
3.564037e+02 
3.564037e+02 
3.564037e+02 
3.564037e+02 
3.535267e+02 
3.535267e+02 
3.535267e+02 
3.498723e+02 
3.498723e+02 
3.498723e+02 
3.498723e+02 
3.498723e+02 
3.498723e+02 
3.498723e+02 
3.498723e+02 
3.498723e+02 
3.498723e+02 
3.275525e+02 
3.275525e+02 
3.275525e+02 
3.275525e+02 
3.275525e+02 
3.275525e+02 
3.275525e+02 
3.275525e+02 
3.275525e+02 
3.275525e+02 
3.275525e+02 
3.275525e+02 
3.275525e+02 
3.275525e+02 
3.275525e+02 
3.275525e+02 
3.275525e+02 
3.275525e+02 
3.275525e+02 
3.275525e+02 
3.275525e+02 
3.275525e+02 
3.275525e+02 
3.275525e+02 
3.275525e+02 
3.275525e+02 
3.275525e+02 
3.275525e+02 
3.275525e+02 
3.275525e+02 
3.275525e+02 
3.275525e+02 
3.275525e+02 
3.275525e+02 
3.275525e+02 
3.275525e+02 
3.275525e+02 
3.275525e+02 
3.275525e+02 
3.275525e+02 
3.275525e+02 
3.275525e+02 
3.275525e+02 
3.275525e+02 
3.275525e+02 
3.275525e+02 
3.275525e+02 
3.275525e+02 
3.275525e+02 
3.275525e+02 
3.275525e+02 
3.275525e+02 
3.275525e+02 
3.275525e+02 
3.275525e+02 
3.275525e+02 
3.275525e+02 
3.275525e+02 
3.275525e+02 
3.275525e+02 
3.275525e+02 
3.275525e+02 
3.275525e+02 
3.275525e+02 
3.275525e+02 
3.275525e+02 
3.275525e+02 
3.275525e+02 
3.275525e+02 
3.275525e+02 
3.275525e+02 
3.275525e+02 
3.275525e+02 
3.275525e+02 
3.275525e+02 
3.275525e+02 
3.275525e+02 
3.275525e+02 
3.275525e+02 
3.275525e+02 
3.275525e+02 
3.275525e+02 
3.275525e+02 
3.275525e+02 
3.275525e+02 
3.275525e+02 
3.275525e+02 
3.275525e+02 
3.275525e+02 
3.268706e+02 
3.268706e+02 
3.262720e+02 
3.262720e+02 
3.262720e+02 
3.262720e+02 
3.262720e+02 
3.262720e+02 
3.262720e+02 
3.262720e+02 
3.262720e+02 
3.261665e+02 
3.261665e+02 
3.261665e+02 
3.261665e+02 
3.261665e+02 
3.261659e+02 
3.261647e+02 
3.261647e+02 
3.261614e+02 
3.261614e+02 
3.261614e+02 
3.261614e+02 
3.261614e+02 
3.261614e+02 
3.261614e+02 
3.261614e+02 
3.261612e+02 
3.261611e+02 
3.261611e+02 
3.261611e+02 
3.261611e+02 
3.261611e+02 
3.261611e+02 
3.261611e+02 
3.261611e+02 
3.261611e+02 
3.261611e+02 
3.261611e+02 
3.261611e+02 
3.261611e+02 
3.261611e+02 
3.261611e+02 
3.261611e+02 
3.261611e+02 
3.261611e+02 
3.261611e+02 
3.261611e+02 
3.261611e+02 
3.261611e+02 
3.261611e+02 
3.261611e+02 
3.261611e+02 
3.261611e+02 
3.261611e+02 
3.261611e+02 
3.261611e+02 
3.261611e+02 
3.261611e+02 
3.261611e+02 
3.261611e+02 
3.261611e+02 
3.261611e+02 
3.261611e+02 
3.250498e+02 
3.250498e+02 
3.250498e+02 
3.250498e+02 
3.250498e+02 
3.250498e+02 
3.247987e+02 
3.246156e+02 
3.246022e+02 
3.246022e+02 
3.246022e+02 
3.242699e+02 
3.239654e+02 
3.238293e+02 
3.237641e+02 
3.237313e+02 
3.237142e+02 
3.237052e+02 
3.237004e+02 
3.236978e+02 
3.236964e+02 
3.236956e+02 
3.236952e+02 
3.236950e+02 
3.236949e+02 
3.234986e+02 
3.234986e+02 
3.234986e+02 
3.234986e+02 
3.234986e+02 
3.234986e+02 
3.234986e+02 
3.234986e+02 
3.233958e+02 
3.233958e+02 
3.233958e+02 
3.233958e+02 
3.233958e+02 
3.233958e+02 
3.233958e+02 
3.233958e+02 
3.233958e+02 
3.233958e+02 
3.233958e+02 
3.233958e+02 
3.233867e+02 
3.233867e+02 
3.233867e+02 
3.233518e+02 
3.233518e+02 
3.233518e+02 
3.233518e+02 
3.233518e+02 
3.233518e+02 
3.233488e+02 
3.233472e+02 
3.233472e+02 
3.233469e+02 
3.233462e+02 
3.233460e+02 
3.233208e+02 
3.233208e+02 
3.232309e+02 
3.232309e+02 
3.231118e+02 
3.231118e+02 
3.231118e+02 
3.231118e+02 
3.231118e+02 
3.231118e+02 
3.230942e+02 
3.230532e+02 
3.227216e+02 
3.222643e+02 
3.220730e+02 
3.219110e+02 
3.219110e+02 
3.219006e+02 
3.217949e+02 
3.217153e+02 
3.216751e+02 
3.216489e+02 
3.215874e+02 
3.215551e+02 
3.215380e+02 
3.215147e+02 
3.214863e+02 
3.214714e+02 
3.214618e+02 
3.214531e+02 
3.214484e+02 
3.211777e+02 
3.211777e+02 
3.208316e+02 
3.198855e+02 
3.195330e+02 
3.186329e+02 
3.182829e+02 
3.181543e+02 
3.181015e+02 
3.180646e+02 
3.180554e+02 
3.177600e+02 
3.175072e+02 
3.172807e+02 
3.171265e+02 
3.169979e+02 
3.169307e+02 
3.168941e+02 
3.168563e+02 
3.168092e+02 
3.167766e+02 
3.167517e+02 
3.167354e+02 
3.167270e+02 
3.159249e+02 
3.153234e+02 
3.147638e+02 
3.143741e+02 
3.136281e+02 
3.135049e+02 
3.133784e+02 
3.132225e+02 
3.129571e+02 
3.128881e+02 
3.124949e+02 
3.124949e+02 
3.124949e+02 
3.122065e+02 
3.120214e+02 
3.119524e+02 
3.119240e+02 
3.119113e+02 
3.117914e+02 
3.117746e+02 
3.117746e+02 
3.117408e+02 
3.117330e+02 
3.117330e+02 
3.117164e+02 
3.117114e+02 
3.117102e+02 
3.117100e+02 
3.115872e+02 
3.115739e+02 
3.115739e+02 
3.115739e+02 
3.115586e+02 
3.115354e+02 
3.115111e+02 
3.114990e+02 
3.114780e+02 
3.114586e+02 
3.114436e+02 
3.113950e+02 
3.109824e+02 
3.107858e+02 
3.105389e+02 
3.104543e+02 
3.103682e+02 
3.103294e+02 
3.102247e+02 
3.101208e+02 
3.100696e+02 
3.100434e+02 
3.095949e+02 
3.094169e+02 
3.092881e+02 
3.092760e+02 
3.091783e+02 
3.091440e+02 
3.091308e+02 
3.091043e+02 
3.090872e+02 
3.089444e+02 
3.087276e+02 
3.084992e+02 
3.084992e+02 
3.083994e+02 
3.083266e+02 
3.081467e+02 
3.079283e+02 
3.071554e+02 
3.071554e+02 
3.071554e+02 
3.071554e+02 
3.066263e+02 
3.060784e+02 
3.059697e+02 
3.054594e+02 
3.054594e+02 
3.052711e+02 
3.052711e+02 
3.048621e+02 
3.048621e+02 
3.048621e+02 
3.047477e+02 
3.047477e+02 
3.047477e+02 
3.047157e+02 
3.047157e+02 
3.046634e+02 
3.046634e+02 
3.046634e+02 
3.046634e+02 
3.046634e+02 
3.046626e+02 
3.046626e+02 
3.045268e+02 
3.045268e+02 
3.045268e+02 
3.045268e+02 
3.044312e+02 
3.044312e+02 
3.044312e+02 
3.044312e+02 
3.044312e+02 
3.044312e+02 
3.043782e+02 
3.041771e+02 
3.039879e+02 
3.038703e+02 
3.037394e+02 
3.037394e+02 
3.037394e+02 
3.037394e+02 
3.036460e+02 
3.036460e+02 
3.035972e+02 
3.035972e+02 
3.035972e+02 
3.035972e+02 
3.035969e+02 
3.035969e+02 
3.035445e+02 
3.035206e+02 
3.035052e+02 
3.035052e+02 
3.034862e+02 
3.034811e+02 
3.034769e+02 
3.034612e+02 
3.034515e+02 
3.033707e+02 
3.033707e+02 
3.033611e+02 
3.033204e+02 
3.032851e+02 
3.032851e+02 
3.032691e+02 
3.032436e+02 
3.032436e+02 
3.032436e+02 
3.032371e+02 
3.032358e+02 
3.032357e+02 
3.032281e+02 
3.032281e+02 
3.032281e+02 
3.032281e+02 
3.032281e+02 
3.032281e+02 
3.032252e+02 
3.032252e+02 
3.032252e+02 
3.032252e+02 
3.032222e+02 
3.032064e+02 
3.032049e+02 
3.029108e+02 
3.028309e+02 
3.028309e+02 
3.028242e+02 
3.028242e+02 
3.027911e+02 
3.027911e+02 
3.027642e+02 
3.027642e+02 
3.027392e+02 
3.027392e+02 
3.027392e+02 
3.026744e+02 
3.026744e+02 
3.026744e+02 
3.026744e+02 
3.026744e+02 
3.026744e+02 
3.026700e+02 
3.026700e+02 
3.026700e+02 
3.026700e+02 
3.026700e+02 
3.026700e+02 
3.026700e+02 
3.026663e+02 
3.026606e+02 
3.026578e+02 
3.026563e+02 
3.026556e+02 
3.026552e+02 
3.026262e+02 
3.026235e+02 
3.026235e+02 
3.026227e+02 
3.026224e+02 
3.025987e+02 
3.025987e+02 
3.025987e+02 
3.025987e+02 
3.025824e+02 
3.025792e+02 
3.025788e+02 
3.025748e+02 
3.025748e+02 
3.025664e+02 
3.025664e+02 
3.025615e+02 
3.025329e+02 
3.025178e+02 
3.025104e+02 
3.025016e+02 
3.024807e+02 
3.024691e+02 
3.024691e+02 
3.024691e+02 
3.024651e+02 
3.024651e+02 
3.024471e+02 
3.024353e+02 
3.024353e+02 
3.024353e+02 
3.023945e+02 
3.023945e+02 
3.023945e+02 
3.023945e+02 
3.023945e+02 
3.023501e+02 
3.023501e+02 
3.023501e+02 
3.023498e+02 
3.023487e+02 
3.023487e+02 
3.023406e+02 
3.023333e+02 
3.023333e+02 
3.023214e+02 
3.023191e+02 
3.022889e+02 
3.022889e+02 
3.022704e+02 
3.022704e+02 
3.022704e+02 
3.022704e+02 
3.022704e+02 
3.022704e+02 
3.022704e+02 
3.022704e+02 
3.022704e+02 
3.022674e+02 
3.022674e+02 
3.022674e+02 
3.022674e+02 
3.022674e+02 
3.022674e+02 
3.022674e+02 
3.022574e+02 
3.022564e+02 
3.022564e+02 
3.022550e+02 
3.022550e+02 
3.022537e+02 
3.022535e+02 
3.022535e+02 
3.022535e+02 
3.022522e+02 
3.022513e+02 
3.022509e+02 
3.022506e+02 
3.022505e+02 
3.022414e+02 
3.022414e+02 
3.022414e+02 
3.022208e+02 
3.021896e+02 
3.021896e+02 
3.021896e+02 
3.021896e+02 
3.021896e+02 
3.021896e+02 
3.021896e+02 
3.021896e+02 
3.021896e+02 
3.021354e+02 
3.020989e+02 
3.020705e+02 
3.020513e+02 
3.019786e+02 
3.019766e+02 
3.019629e+02 
3.019629e+02 
3.019629e+02 
3.019621e+02 
3.019621e+02 
3.019621e+02 
3.019598e+02 
3.019454e+02 
3.019301e+02 
3.019301e+02 
3.019059e+02 
3.019059e+02 
3.019059e+02 
3.019059e+02 
3.019059e+02 
3.019059e+02 
3.019059e+02 
3.019059e+02 
3.018933e+02 
3.018754e+02 
3.017843e+02 
3.017843e+02 
3.017843e+02 
3.017843e+02 
3.017606e+02 
3.017606e+02 
3.017298e+02 
3.016760e+02 
3.016138e+02 
3.015884e+02 
3.015798e+02 
3.015495e+02 
3.014350e+02 
3.013365e+02 
3.012690e+02 
3.012351e+02 
3.012179e+02 
3.011942e+02 
3.011942e+02 
3.011786e+02 
3.011528e+02 
3.011483e+02 
3.011483e+02 
3.011386e+02 
3.011386e+02 
3.011033e+02 
3.010993e+02 
3.010993e+02 
3.010993e+02 
3.010858e+02 
3.010849e+02 
3.010849e+02 
3.010842e+02 
3.010842e+02 
3.010842e+02 
3.010842e+02 
3.010842e+02 
3.010842e+02 
3.010842e+02 
3.010842e+02 
3.010842e+02 
3.010842e+02 
3.010842e+02 
3.010799e+02 
3.010716e+02 
3.010716e+02 
3.010701e+02 
3.010701e+02 
3.010687e+02 
3.010687e+02 
3.010300e+02 
3.009948e+02 
3.009948e+02 
3.009819e+02 
3.009781e+02 
3.009781e+02 
3.009762e+02 
3.009762e+02 
3.009751e+02 
3.009751e+02 
3.009751e+02 
3.009729e+02 
3.009713e+02 
3.009653e+02 
3.009653e+02 
3.009548e+02 
3.009548e+02 
3.009548e+02 
3.009459e+02 
3.009459e+02 
3.009163e+02 
3.009163e+02 
3.009163e+02 
3.009143e+02 
3.009061e+02 
3.008816e+02 
3.008816e+02 
3.008816e+02 
3.008681e+02 
3.008562e+02 
3.008562e+02 
3.008543e+02 
3.008543e+02 
3.008542e+02 
3.008542e+02 
3.008372e+02 
3.008338e+02 
3.008283e+02 
3.008283e+02 
3.008192e+02 
3.008149e+02 
3.008103e+02 
3.008059e+02 
3.008016e+02 
3.007979e+02 
3.007979e+02 
3.007979e+02 
3.007979e+02 
3.007979e+02 
3.007940e+02 
3.007748e+02 
3.007514e+02 
3.007514e+02 
3.007464e+02 
3.007453e+02 
3.007331e+02 
3.007331e+02 
3.007318e+02 
3.007318e+02 
3.007318e+02 
3.007318e+02 
3.007318e+02 
3.007318e+02 
3.007318e+02 
3.007312e+02 
3.007263e+02 
3.007263e+02 
3.007263e+02 
3.007263e+02 
3.007244e+02 
3.007244e+02 
3.007219e+02 
3.007208e+02 
3.007204e+02 
3.007204e+02 
3.007204e+02 
3.007204e+02 
3.007204e+02 
3.007204e+02 
3.007198e+02 
3.007198e+02 
3.007198e+02 
3.007198e+02 
3.007169e+02 
3.007169e+02 
3.007169e+02 
3.007165e+02 
3.007163e+02 
3.007161e+02 
3.007161e+02 
3.007122e+02 
3.007114e+02 
3.007095e+02 
3.007085e+02 
3.007085e+02 
3.007056e+02 
3.007056e+02 
3.007056e+02 
3.007056e+02 
3.007022e+02 
3.006963e+02 
3.006963e+02 
3.006962e+02 
3.006962e+02 
3.006946e+02 
3.006946e+02 
3.006926e+02 
3.006926e+02 
3.006911e+02 
3.006879e+02 
3.006867e+02 
3.006867e+02 
3.006853e+02 
3.006828e+02 
3.006828e+02 
3.006825e+02 
3.006825e+02 
3.006821e+02 
3.006821e+02 
3.006821e+02 
3.006811e+02 
3.006803e+02 
3.006803e+02 
3.006763e+02 
3.006763e+02 
3.006742e+02 
3.006742e+02 
3.006742e+02 
3.006742e+02 
3.006742e+02 
3.006738e+02 
3.006738e+02 
3.006738e+02 
3.006738e+02 
3.006737e+02 
3.006737e+02 
3.006736e+02 
3.006726e+02 
3.006726e+02 
3.006717e+02 
3.006714e+02 
3.006714e+02 
3.006714e+02 
3.006702e+02 
3.006702e+02 
3.006702e+02 
3.006701e+02 
3.006700e+02 
3.006700e+02 
3.006700e+02 
3.006700e+02 
3.006639e+02 
3.006554e+02 
3.006509e+02 
3.006288e+02 
3.006288e+02 
3.006269e+02 
3.006269e+02 
3.006269e+02 
3.006269e+02 
3.006269e+02 
3.006269e+02 
3.006241e+02 
3.006238e+02 
3.006236e+02 
3.006236e+02 
3.006236e+02 
3.006236e+02 
3.006236e+02 
3.006236e+02 
3.006235e+02 
3.006235e+02 
3.006227e+02 
3.006227e+02 
3.006215e+02 
3.006215e+02 
3.006213e+02 
3.006211e+02 
3.006210e+02 
3.006210e+02 
3.006210e+02 
3.006198e+02 
3.006195e+02 
3.006195e+02 
3.006195e+02 
3.006195e+02 
3.006194e+02 
3.006194e+02 
3.006193e+02 
3.006193e+02 
3.006193e+02 
3.006193e+02 
3.006193e+02 
3.006193e+02 
3.006193e+02 
3.006193e+02 
3.006192e+02 
3.006191e+02 
3.006189e+02 
3.006187e+02 
3.006187e+02 
3.006187e+02 
3.006187e+02 
3.006184e+02 
3.006176e+02 
3.006176e+02 
3.006176e+02 
3.006172e+02 
3.006172e+02 
3.006172e+02 
3.006169e+02 
3.006169e+02 
3.006168e+02 
3.006168e+02 
3.006168e+02 
3.006168e+02 
3.006166e+02 
3.006166e+02 
3.006166e+02 
3.006166e+02 
3.006165e+02 
3.006165e+02 
3.006165e+02 
3.006165e+02 
3.006165e+02 
3.006165e+02 
3.006165e+02 
3.006163e+02 
3.006163e+02 
3.006163e+02 
3.006163e+02 
3.006163e+02 
3.006163e+02 
3.006162e+02 
3.006162e+02 
3.006154e+02 
3.006154e+02 
3.006151e+02 
3.006146e+02 
3.006145e+02 
3.006143e+02 
3.006143e+02 
3.006143e+02 
3.006143e+02 
3.006143e+02 
3.006143e+02 
3.006143e+02 
3.006143e+02 
3.006142e+02 
3.006142e+02 
3.006142e+02 
3.006142e+02 
3.006142e+02 
3.006142e+02 
3.006141e+02 
3.006141e+02 
3.006140e+02 
3.006140e+02 
3.006140e+02 
3.006140e+02 
3.006140e+02 
3.006139e+02 
3.006137e+02 
3.006137e+02 
3.006137e+02 
3.006137e+02 
3.006137e+02 
3.006135e+02 
3.006135e+02 
3.006135e+02 
3.006135e+02 
3.006134e+02 
3.006134e+02 
3.006133e+02 
3.006133e+02 
3.006133e+02 
3.006133e+02 
3.006132e+02 
3.006132e+02 
3.006131e+02 
3.006131e+02 
3.006131e+02 
3.006131e+02 
3.006131e+02 
3.006130e+02 
3.006130e+02 
3.006130e+02 
3.006130e+02 
3.006130e+02 
3.006130e+02 
3.006130e+02 
3.006130e+02 
3.006130e+02 
3.006130e+02 
3.006130e+02 
3.006129e+02 
3.006129e+02 
3.006128e+02 
3.006128e+02 
3.006128e+02 
3.006128e+02 
3.006128e+02 
3.006128e+02 
3.006128e+02 
3.006128e+02 
3.006128e+02 
3.006128e+02 
3.006128e+02 
3.006128e+02 
3.006128e+02 
3.006128e+02 
3.006128e+02 
3.006128e+02 
3.006128e+02 
3.006128e+02 
3.006128e+02 
3.006128e+02 
3.006128e+02 
3.006128e+02 
3.006128e+02 
3.006128e+02 
3.006128e+02 
3.006128e+02 
3.006127e+02 
3.006127e+02 
3.006127e+02 
3.006127e+02 
3.006127e+02 
3.006127e+02 
3.006127e+02 
3.006127e+02 
3.006127e+02 
3.006127e+02 
3.006127e+02 
3.006127e+02 
3.006127e+02 
3.006127e+02 
3.006127e+02 
3.006126e+02 
3.006126e+02 
3.006126e+02 
3.006126e+02 
3.006126e+02 
3.006126e+02 
3.006126e+02 
3.006126e+02 
3.006126e+02 
3.006126e+02 
3.006126e+02 
3.006125e+02 
3.006125e+02 
3.006125e+02 
3.006125e+02 
3.006125e+02 
3.006125e+02 
3.006125e+02 
3.006125e+02 
3.006124e+02 
3.006124e+02 
3.006124e+02 
3.006123e+02 
3.006122e+02 
3.006122e+02 
3.006122e+02 
3.006122e+02 
3.006122e+02 
3.006122e+02 
3.006122e+02 
3.006121e+02 
3.006121e+02 
3.006121e+02 
3.006121e+02 
3.006121e+02 
3.006121e+02 
3.006121e+02 
3.006121e+02 
3.006121e+02 
3.006121e+02 
3.006121e+02 
3.006121e+02 
3.006121e+02 
3.006121e+02 
3.006121e+02 
3.006121e+02 
3.006120e+02 
3.006120e+02 
3.006120e+02 
3.006120e+02 
3.006120e+02 
3.006120e+02 
3.006120e+02 
3.006120e+02 
3.006120e+02 
3.006120e+02 
3.006120e+02 
3.006120e+02 
3.006120e+02 
3.006120e+02 
3.006120e+02 
3.006120e+02 
3.006120e+02 
3.006120e+02 
3.006120e+02 
3.006120e+02 
3.006120e+02 
3.006120e+02 
3.006120e+02 
3.006120e+02 
3.006120e+02 
3.006120e+02 
3.006120e+02 
3.006120e+02 
3.006120e+02 
3.006120e+02 
3.006120e+02 
3.006120e+02 
3.006120e+02 
3.006120e+02 
3.006120e+02 
3.006120e+02 
3.006120e+02 
3.006120e+02 
3.006120e+02 
3.006120e+02 
3.006120e+02 
3.006120e+02 
3.006120e+02 
3.006120e+02 
3.006120e+02 
3.006120e+02 
3.006120e+02 
3.006120e+02 
3.006120e+02 
3.006120e+02 
3.006120e+02 
3.006120e+02 
3.006120e+02 
3.006120e+02 
3.006120e+02 
3.006120e+02 
3.006120e+02 
3.006120e+02 
3.006120e+02 
3.006119e+02 
3.006119e+02 
3.006119e+02 
3.006119e+02 
3.006119e+02 
3.006119e+02 
3.006119e+02 
3.006119e+02 
3.006119e+02 
3.006119e+02 
3.006119e+02 
3.006119e+02 
3.006119e+02 
3.006118e+02 
3.006118e+02 
3.006118e+02 
3.006118e+02 
3.006118e+02 
3.006118e+02 
3.006118e+02 
3.006118e+02 
3.006118e+02 
3.006118e+02 
3.006118e+02 
3.006118e+02 
3.006118e+02 
3.006118e+02 
3.006118e+02 
3.006118e+02 
3.006118e+02 
3.006118e+02 
3.006118e+02 
3.006118e+02 
3.006117e+02 
3.006117e+02 
3.006117e+02 
3.006117e+02 
3.006117e+02 
3.006117e+02 
3.006117e+02 
3.006117e+02 
3.006117e+02 
3.006117e+02 
3.006117e+02 
3.006117e+02 
3.006117e+02 
3.006117e+02 
3.006117e+02 
3.006117e+02 
3.006117e+02 
3.006117e+02 
3.006117e+02 
3.006117e+02 
3.006117e+02 
3.006117e+02 
3.006117e+02 
3.006117e+02 
3.006117e+02 
3.006117e+02 
3.006117e+02 
3.006117e+02 
3.006117e+02 
3.006117e+02 
3.006117e+02 
3.006117e+02 
3.006116e+02 
3.006116e+02 
3.006116e+02 
3.006116e+02 
3.006116e+02 
3.006116e+02 
3.006116e+02 
3.006116e+02 
3.006116e+02 
3.006116e+02 
3.006116e+02 
3.006116e+02 
3.006116e+02 
3.006116e+02 
3.006116e+02 
3.006116e+02 
3.006115e+02 
3.006115e+02 
3.006115e+02 
3.006115e+02 
3.006115e+02 
3.006115e+02 
3.006115e+02 
3.006115e+02 
3.006115e+02 
3.006115e+02 
3.006115e+02 
3.006115e+02 
3.006115e+02 
3.006115e+02 
3.006115e+02 
3.006114e+02 
3.006114e+02 
3.006114e+02 
3.006114e+02 
3.006114e+02 
3.006114e+02 
3.006114e+02 
3.006114e+02 
3.006114e+02 
3.006111e+02 
3.006111e+02 
3.006111e+02 
3.006111e+02 
3.006107e+02 
3.006107e+02 
3.006107e+02 
3.006107e+02 
3.006107e+02 
3.006107e+02 
3.006107e+02 
3.006107e+02 
3.006107e+02 
3.006107e+02 
3.006107e+02 
3.006107e+02 
3.006107e+02 
3.006107e+02 
3.006107e+02 
3.006107e+02 
3.006107e+02 
3.006107e+02 
3.006107e+02 
3.006104e+02 
3.006102e+02 
3.006102e+02 
3.006101e+02 
3.006101e+02 
3.006100e+02 
3.006100e+02 
3.006099e+02 
3.006096e+02 
3.006094e+02 
3.006093e+02 
3.006088e+02 
3.006088e+02 
3.006088e+02 
3.006088e+02 
3.006088e+02 
3.006088e+02 
3.006087e+02 
3.006087e+02 
3.006087e+02 
3.006087e+02 
3.006087e+02 
3.006087e+02 
3.006087e+02 
3.006087e+02 
3.006087e+02 
3.006087e+02 
3.006087e+02 
3.006087e+02 
3.006087e+02 
3.006087e+02 
3.006087e+02 
3.006087e+02 
3.006087e+02 
3.006087e+02 
3.006087e+02 
3.006087e+02 
3.006087e+02 
3.006087e+02 
3.006087e+02 
3.006086e+02 
3.006086e+02 
3.006086e+02 
3.006086e+02 
3.006085e+02 
3.006078e+02 
3.006078e+02 
3.006077e+02 
3.006077e+02 
3.006077e+02 
3.006077e+02 
3.006077e+02 
3.006077e+02 
3.006063e+02 
3.006049e+02 
3.006038e+02 
3.006035e+02 
3.006034e+02 
3.006033e+02 
3.006033e+02 
3.006033e+02 
3.006033e+02 
3.006033e+02 
3.006033e+02 
3.006033e+02 
3.006033e+02 
3.006033e+02 
3.006033e+02 
3.006033e+02 
3.006033e+02 
3.006033e+02 
3.006033e+02 
3.006027e+02 
3.006027e+02 
3.006027e+02 
3.006027e+02 
3.006027e+02 
3.006019e+02 
3.006019e+02 
3.006019e+02 
3.006019e+02 
3.005999e+02 
3.005999e+02 
3.005999e+02 
3.005999e+02 
3.005999e+02 
3.005999e+02 
3.005999e+02 
3.005999e+02 
3.005999e+02 
3.005999e+02 
3.005999e+02 
3.005999e+02 
3.005999e+02 
3.005999e+02 
3.005999e+02 
3.005999e+02 
3.005999e+02 
3.005999e+02 
3.005999e+02 
3.005999e+02 
3.005999e+02 
3.005999e+02 
3.005999e+02 
3.005999e+02 
3.005999e+02 
3.005999e+02 
3.005969e+02 
3.005969e+02 
3.005969e+02 
3.005969e+02 
3.005969e+02 
3.005969e+02 
3.005969e+02 
3.005969e+02 
3.005969e+02 
3.005969e+02 
3.005969e+02 
3.005969e+02 
3.005969e+02 
3.005969e+02 
3.005969e+02 
3.005969e+02 
3.005969e+02 
3.005969e+02 
3.005969e+02 
3.005969e+02 
3.005967e+02 
3.005962e+02 
3.005808e+02 
3.005808e+02 
3.005808e+02 
3.005808e+02 
3.005808e+02 
3.005808e+02 
3.005808e+02 
3.005808e+02 
3.005808e+02 
3.005808e+02 
3.005808e+02 
3.005808e+02 
3.005808e+02 
3.005808e+02 
3.005808e+02 
3.005808e+02 
3.005808e+02 
3.005737e+02 
3.005737e+02 
3.005719e+02 
3.005719e+02 
3.005719e+02 
3.005719e+02 
3.005719e+02 
3.005709e+02 
3.005709e+02 
3.005709e+02 
3.005707e+02 
3.005707e+02 
3.005707e+02 
3.005707e+02 
3.005706e+02 
3.005706e+02 
3.005706e+02 
3.005706e+02 
3.005706e+02 
3.005706e+02 
3.005705e+02 
3.005705e+02 
3.005705e+02 
3.005705e+02 
3.005705e+02 
3.005705e+02 
3.005705e+02 
3.005705e+02 
3.005705e+02 
3.005705e+02 
3.005705e+02 
3.005705e+02 
3.005705e+02 
3.005705e+02 
3.005705e+02 
3.005705e+02 
3.005705e+02 
3.005704e+02 
3.005704e+02 
3.005704e+02 
3.005704e+02 
3.005701e+02 
3.005701e+02 
3.005701e+02 
3.005701e+02 
3.005701e+02 
3.005701e+02 
3.005701e+02 
3.005691e+02 
3.005691e+02 
3.005691e+02 
3.005686e+02 
3.005686e+02 
3.005686e+02 
3.005686e+02 
3.005686e+02 
3.005686e+02 
3.005686e+02 
3.005686e+02 
3.005685e+02 
3.005684e+02 
3.005684e+02 
3.005683e+02 
3.005682e+02 
3.005682e+02 
3.005682e+02 
3.005682e+02 
3.005682e+02 
3.005682e+02 
3.005682e+02 
3.005681e+02 
3.005681e+02 
3.005681e+02 
3.005681e+02 
3.005681e+02 
3.005681e+02 
3.005681e+02 
3.005679e+02 
3.005679e+02 
3.005679e+02 
3.005679e+02 
3.005678e+02 
3.005678e+02 
3.005678e+02 
3.005677e+02 
3.005676e+02 
3.005676e+02 
3.005676e+02 
3.005676e+02 
3.005676e+02 
3.005676e+02 
3.005676e+02 
3.005676e+02 
3.005676e+02 
3.005676e+02 
3.005676e+02 
3.005674e+02 
3.005674e+02 
3.005674e+02 
3.005674e+02 
3.005674e+02 
3.005674e+02 
3.005667e+02 
3.005667e+02 
3.005667e+02 
3.005667e+02 
3.005667e+02 
3.005667e+02 
3.005667e+02 
3.005667e+02 
3.005667e+02 
3.005667e+02 
3.005667e+02 
3.005667e+02 
3.005667e+02 
3.005667e+02 
3.005662e+02 
3.005662e+02 
3.005662e+02 
3.005662e+02 
3.005660e+02 
3.005420e+02 
3.005420e+02 
3.005420e+02 
3.005420e+02 
3.005420e+02 
3.005420e+02 
3.005420e+02 
3.005420e+02 
3.005420e+02 
3.005420e+02 
3.005412e+02 
3.005412e+02 
3.005412e+02 
3.005412e+02 
3.005412e+02 
3.005407e+02 
3.005177e+02 
3.005177e+02 
3.005177e+02 
3.005177e+02 
3.005177e+02 
3.005177e+02 
3.005177e+02 
3.005177e+02 
3.005177e+02 
3.005177e+02 
3.005177e+02 
3.005177e+02 
3.005177e+02 
3.005177e+02 
3.005177e+02 
3.005177e+02 
3.005177e+02 
3.005177e+02 
3.005177e+02 
3.005177e+02 
3.005177e+02 
3.005177e+02 
3.005177e+02 
3.005177e+02 
3.005060e+02 
3.005060e+02 
3.005060e+02 
3.005060e+02 
3.005060e+02 
3.005060e+02 
3.005060e+02 
3.005060e+02 
3.005060e+02 
3.005060e+02 
3.005060e+02 
3.005060e+02 
3.005060e+02 
3.004959e+02 
3.004896e+02 
3.004896e+02 
3.004896e+02 
3.004889e+02 
3.004885e+02 
3.004884e+02 
3.004884e+02 
3.004884e+02 
3.004884e+02 
3.004884e+02 
3.004883e+02 
3.004883e+02 
3.004883e+02 
3.004883e+02 
3.004883e+02 
3.004883e+02 
3.004883e+02 
3.004883e+02 
3.004883e+02 
3.004883e+02 
3.004883e+02 
3.004883e+02 
3.004883e+02 
3.004883e+02 
3.004883e+02 
3.004883e+02 
3.004883e+02 
3.004883e+02 
3.004883e+02 
3.004883e+02 
3.004883e+02 
3.004698e+02 
3.004698e+02 
3.004698e+02 
3.004698e+02 
3.004698e+02 
3.004698e+02 
3.004698e+02 
3.004698e+02 
3.004698e+02 
3.004679e+02 
3.004679e+02 
3.004679e+02 
3.004679e+02 
3.004679e+02 
3.004679e+02 
3.004679e+02 
3.004679e+02 
3.004679e+02 
3.004679e+02 
3.004679e+02 
3.004679e+02 
3.004679e+02 
3.004679e+02 
3.004679e+02 
3.004679e+02 
3.004679e+02 
3.004679e+02 
3.004679e+02 
3.004679e+02 
3.004679e+02 
3.004679e+02 
3.004675e+02 
3.004665e+02 
3.004665e+02 
3.004665e+02 
3.004363e+02 
3.004363e+02 
3.004363e+02 
3.004347e+02 
3.004347e+02 
3.004347e+02 
3.004347e+02 
3.004347e+02 
3.004347e+02 
3.004347e+02 
3.004347e+02 
3.004347e+02 
3.004347e+02 
3.004347e+02 
3.004288e+02 
3.004288e+02 
3.004288e+02 
3.004288e+02 
3.004288e+02 
3.004288e+02 
3.004288e+02 
3.004288e+02 
3.004288e+02 
3.004288e+02 
3.004288e+02 
3.004288e+02 
3.004288e+02 
3.004257e+02 
3.004257e+02 
3.004257e+02 
3.004257e+02 
3.004257e+02 
3.004257e+02 
3.004257e+02 
3.004257e+02 
3.004257e+02 
3.004257e+02 
3.004257e+02 
3.004257e+02 
3.004257e+02 
3.004257e+02 
3.004257e+02 
3.004189e+02 
3.004189e+02 
3.004189e+02 
3.004189e+02 
3.004189e+02 
3.004189e+02 
3.004189e+02 
3.004189e+02 
3.004189e+02 
3.004189e+02 
3.004189e+02 
3.004189e+02 
3.004183e+02 
3.004183e+02 
3.004183e+02 
3.004177e+02 
3.004177e+02 
3.004173e+02 
3.004173e+02 
3.004169e+02 
3.004169e+02 
3.004169e+02 
3.004168e+02 
3.004167e+02 
3.004166e+02 
3.004166e+02 
3.004166e+02 
3.004166e+02 
3.004166e+02 
3.004166e+02 
3.004166e+02 
3.004166e+02 
3.004166e+02 
3.004166e+02 
3.004166e+02 
3.004166e+02 
3.004166e+02 
3.004166e+02 
3.004166e+02 
3.004166e+02 
3.004166e+02 
3.004166e+02 
3.004166e+02 
3.004166e+02 
3.004166e+02 
3.004166e+02 
3.004166e+02 
3.004166e+02 
3.004166e+02 
3.004166e+02 
3.004166e+02 
3.004166e+02 
3.004166e+02 
3.004166e+02 
3.004166e+02 
3.004166e+02 
3.004166e+02 
3.004166e+02 
3.004166e+02 
3.004166e+02 
3.004166e+02 
3.004166e+02 
3.004166e+02 
3.004166e+02 
3.004166e+02 
3.004166e+02 
3.004166e+02 
3.004166e+02 
3.004166e+02 
3.004166e+02 
3.004166e+02 
3.004166e+02 
3.004166e+02 
3.004166e+02 
3.004166e+02 
3.004166e+02 
3.004166e+02 
3.004166e+02 
3.004166e+02 
3.004166e+02 
3.004166e+02 
3.004166e+02 
3.004166e+02 
3.004166e+02 
3.004166e+02 
3.004166e+02 
3.004166e+02 
3.004166e+02 
3.004166e+02 
3.004166e+02 
3.004166e+02 
3.004166e+02 
3.004166e+02 
3.004156e+02 
3.004156e+02 
3.004156e+02 
3.004154e+02 
3.004152e+02 
3.004151e+02 
3.004151e+02 
3.004151e+02 
3.004151e+02 
3.004148e+02 
3.004146e+02 
3.004146e+02 
3.004145e+02 
3.004145e+02 
3.004144e+02 
3.004144e+02 
3.004144e+02 
3.004144e+02 
3.004143e+02 
3.004143e+02 
3.004143e+02 
3.004143e+02 
3.004143e+02 
3.004143e+02 
3.004143e+02 
3.004142e+02 
3.004142e+02 
3.004142e+02 
3.004137e+02 
3.004137e+02 
3.004132e+02 
3.004132e+02 
3.004132e+02 
3.004132e+02 
3.004132e+02 
3.004132e+02 
3.004132e+02 
3.004132e+02 
3.004132e+02 
3.004131e+02 
3.004131e+02 
3.004131e+02 
3.004131e+02 
3.004131e+02 
3.004131e+02 
3.004131e+02 
3.004131e+02 
3.004131e+02 
3.004131e+02 
3.004131e+02 
3.004131e+02 
3.004131e+02 
3.004131e+02 
3.004131e+02 
3.004131e+02 
3.004131e+02 
3.004131e+02 
3.004131e+02 
3.004131e+02 
3.004131e+02 
3.004126e+02 
3.004120e+02 
3.004120e+02 
3.004116e+02 
3.004116e+02 
3.004116e+02 
3.004116e+02 
3.004114e+02 
3.004114e+02 
3.004114e+02 
3.004114e+02 
3.004114e+02 
3.004114e+02 
3.004114e+02 
3.004114e+02 
3.004114e+02 
3.004114e+02 
3.004111e+02 
3.004111e+02 
3.004111e+02 
3.004111e+02 
3.004110e+02 
3.004110e+02 
3.004110e+02 
3.004110e+02 
3.004110e+02 
3.004110e+02 
3.004110e+02 
3.004110e+02 
3.004110e+02 
3.004110e+02 
3.004110e+02 
3.004110e+02 
3.004110e+02 
3.004110e+02 
3.004110e+02 
3.004109e+02 
3.004109e+02 
3.004109e+02 
3.004109e+02 
3.004109e+02 
3.004109e+02 
3.004109e+02 
3.004109e+02 
3.004109e+02 
3.004109e+02 
3.004109e+02 
3.004109e+02 
3.004067e+02 
3.004067e+02 
3.004067e+02 
3.004067e+02 
3.004067e+02 
3.004051e+02 
3.004049e+02 
3.004049e+02 
3.004049e+02 
3.004044e+02 
3.004042e+02 
3.004042e+02 
3.004042e+02 
3.004039e+02 
3.004039e+02 
3.004038e+02 
3.004033e+02 
3.004032e+02 
3.004032e+02 
3.004032e+02 
3.004032e+02 
3.004032e+02 
3.004031e+02 
3.004031e+02 
3.004031e+02 
3.004031e+02 
3.004031e+02 
3.004031e+02 
3.004030e+02 
3.004029e+02 
3.004029e+02 
3.004029e+02 
3.004029e+02 
3.004029e+02 
3.004029e+02 
3.004029e+02 
3.004029e+02 
3.004029e+02 
3.004028e+02 
3.004028e+02 
3.004026e+02 
3.004026e+02 
3.004026e+02 
3.004025e+02 
3.004024e+02 
3.004023e+02 
3.004022e+02 
3.004021e+02 
3.003894e+02 
3.003894e+02 
3.003879e+02 
3.003777e+02 
3.003777e+02 
3.003777e+02 
3.003777e+02 
3.003777e+02 
3.003777e+02 
3.003777e+02 
3.003777e+02 
3.003777e+02 
3.003777e+02 
3.003777e+02 
3.003777e+02 
3.003663e+02 
3.003663e+02 
3.003663e+02 
3.003663e+02 
3.003663e+02 
3.003663e+02 
3.003663e+02 
3.003524e+02 
3.003524e+02 
3.003524e+02 
3.003524e+02 
3.003524e+02 
3.003524e+02 
3.003524e+02 
3.003524e+02 
3.003524e+02 
3.003524e+02 
3.003524e+02 
3.003524e+02 
3.003524e+02 
3.003511e+02 
3.003501e+02 
3.003496e+02 
3.003495e+02 
3.003494e+02 
3.003493e+02 
3.003493e+02 
3.003493e+02 
3.003493e+02 
3.003493e+02 
3.003493e+02 
3.003493e+02 
3.003493e+02 
3.003493e+02 
3.003493e+02 
3.003493e+02 
3.003493e+02 
3.003493e+02 
3.003493e+02 
3.003493e+02 
3.003493e+02 
3.003493e+02 
3.003493e+02 
3.003493e+02 
3.003493e+02 
3.003493e+02 
3.003493e+02 
3.003493e+02 
3.003493e+02 
3.003493e+02 
3.003493e+02 
3.003493e+02 
3.003493e+02 
3.003493e+02 
3.003493e+02 
3.003493e+02 
3.003493e+02 
3.003493e+02 
3.003493e+02 
3.003493e+02 
3.003493e+02 
3.003493e+02 
3.003493e+02 
3.003493e+02 
3.003493e+02 
3.003493e+02 
3.003493e+02 
3.003493e+02 
3.003493e+02 
3.003493e+02 
3.003493e+02 
3.003493e+02 
3.003493e+02 
3.003493e+02 
3.003493e+02 
3.003493e+02 
3.003493e+02 
3.003493e+02 
3.003493e+02 
3.003493e+02 
3.003493e+02 
3.003493e+02 
3.003493e+02 
3.003493e+02 
3.003493e+02 
3.003493e+02 
3.003493e+02 
3.003493e+02 
3.003493e+02 
3.003493e+02 
3.003493e+02 
3.003493e+02 
3.003467e+02 
3.003467e+02 
3.003467e+02 
3.003467e+02 
3.003467e+02 
3.003467e+02 
3.003467e+02 
3.003467e+02 
3.003467e+02 
3.003467e+02 
3.003467e+02 
3.003323e+02 
3.003113e+02 
3.003113e+02 
3.003113e+02 
3.003113e+02 
3.003113e+02 
3.003113e+02 
3.003113e+02 
3.003113e+02 
3.003113e+02 
3.003113e+02 
3.003113e+02 
3.003113e+02 
3.003113e+02 
3.003113e+02 
3.003113e+02 
3.003113e+02 
3.003113e+02 
3.003113e+02 
3.003113e+02 
3.003113e+02 
3.002949e+02 
3.002949e+02 
3.002949e+02 
3.002949e+02 
3.002851e+02 
3.002851e+02 
3.002841e+02 
3.002754e+02 
3.002754e+02 
3.002754e+02 
3.002754e+02 
3.002754e+02 
3.002754e+02 
3.002754e+02 
3.002754e+02 
3.002754e+02 
3.002754e+02 
3.002754e+02 
3.002754e+02 
3.002754e+02 
3.002754e+02 
3.002754e+02 
3.002754e+02 
3.002754e+02 
3.002754e+02 
3.002754e+02 
3.002754e+02 
3.002754e+02 
3.002754e+02 
3.002754e+02 
3.002754e+02 
3.002754e+02 
3.002754e+02 
3.002754e+02 
3.002711e+02 
3.002711e+02 
3.002711e+02 
3.002686e+02 
3.002686e+02 
3.002686e+02 
3.002686e+02 
3.002686e+02 
3.002684e+02 
3.002634e+02 
3.002628e+02 
3.002628e+02 
3.002628e+02 
3.002040e+02 
3.002040e+02 
3.002040e+02 
3.002040e+02 
3.002040e+02 
3.002040e+02 
3.002040e+02 
3.002040e+02 
3.002040e+02 
3.002040e+02 
3.002040e+02 
3.002040e+02 
3.002040e+02 
3.002040e+02 
3.002040e+02 
3.002040e+02 
3.002040e+02 
3.002024e+02 
3.002024e+02 
3.002024e+02 
3.002024e+02 
3.002024e+02 
3.002024e+02 
3.002024e+02 
3.002024e+02 
3.002024e+02 
3.002024e+02 
3.002024e+02 
3.002024e+02 
3.002017e+02 
3.002017e+02 
3.002017e+02 
3.002017e+02 
3.002017e+02 
3.002017e+02 
3.002017e+02 
3.002017e+02 
3.002017e+02 
3.002017e+02 
3.002017e+02 
3.002017e+02 
3.002017e+02 
3.002017e+02 
3.002017e+02 
3.002017e+02 
3.002017e+02 
3.002017e+02 
3.002016e+02 
3.002016e+02 
3.002016e+02 
3.002016e+02 
3.002016e+02 
3.002016e+02 
3.002016e+02 
3.002016e+02 
3.002016e+02 
3.002016e+02 
3.002016e+02 
3.002016e+02 
3.002016e+02 
3.002016e+02 
3.002016e+02 
3.002016e+02 
3.002016e+02 
3.002016e+02 
3.002016e+02 
3.002016e+02 
3.002016e+02 
3.002016e+02 
3.002016e+02 
3.002016e+02 
3.002016e+02 
3.002016e+02 
3.002016e+02 
3.002016e+02 
3.002016e+02 
3.002016e+02 
3.002016e+02 
3.002016e+02 
3.002016e+02 
3.002016e+02 
3.002016e+02 
3.002016e+02 
3.002016e+02 
3.002016e+02 
3.002016e+02 
3.002016e+02 
3.002016e+02 
3.002016e+02 
3.002016e+02 
3.002016e+02 
3.002016e+02 
3.002016e+02 
3.002016e+02 
3.002016e+02 
3.002016e+02 
3.002016e+02 
3.002016e+02 
3.002016e+02 
3.002016e+02 
3.002016e+02 
3.002016e+02 
3.002016e+02 
3.002016e+02 
3.002016e+02 
3.002016e+02 
3.002016e+02 
3.002016e+02 
3.002016e+02 
3.002016e+02 
3.002016e+02 
3.002016e+02 
3.002016e+02 
3.002016e+02 
3.002016e+02 
3.002016e+02 
3.002016e+02 
3.002016e+02 
3.002016e+02 
3.002016e+02 
3.002016e+02 
3.002016e+02 
3.002016e+02 
3.002016e+02 
3.002016e+02 
3.002016e+02 
3.002016e+02 
3.002016e+02 
3.002016e+02 
3.002016e+02 
3.002016e+02 
3.002016e+02 
3.002016e+02 
3.002016e+02 
3.002016e+02 
3.002016e+02 
3.002016e+02 
3.002016e+02 
3.001827e+02 
3.001827e+02 
3.001827e+02 
3.001827e+02 
3.001827e+02 
3.001827e+02 
3.001827e+02 
3.001827e+02 
3.001827e+02 
3.001827e+02 
3.001827e+02 
3.001827e+02 
3.001827e+02 
3.001827e+02 
3.001827e+02 
3.001827e+02 
3.001827e+02 
3.001465e+02 
3.001465e+02 
3.001465e+02 
3.001465e+02 
3.001465e+02 
3.001465e+02 
3.001465e+02 
3.001465e+02 
3.001465e+02 
3.001465e+02 
3.001465e+02 
3.001465e+02 
3.001465e+02 
3.001465e+02 
3.001465e+02 
3.001465e+02 
3.001465e+02 
3.001465e+02 
3.001465e+02 
3.001295e+02 
3.001295e+02 
3.001292e+02 
3.001292e+02 
3.001292e+02 
3.001291e+02 
3.001291e+02 
3.001291e+02 
3.001291e+02 
3.001291e+02 
3.001291e+02 
3.001291e+02 
3.001291e+02 
3.001291e+02 
3.001291e+02 
3.001291e+02 
3.001291e+02 
3.001291e+02 
3.001291e+02 
3.001291e+02 
3.001291e+02 
3.001291e+02 
3.001291e+02 
3.001291e+02 
3.001291e+02 
3.001291e+02 
3.001291e+02 
3.001291e+02 
3.001291e+02 
3.001291e+02 
3.001291e+02 
3.001291e+02 
3.001291e+02 
3.001291e+02 
3.001291e+02 
3.001291e+02 
3.001291e+02 
3.001291e+02 
3.001291e+02 
3.001291e+02 
3.001291e+02 
3.001291e+02 
3.001291e+02 
3.001291e+02 
3.001291e+02 
3.001291e+02 
3.001291e+02 
3.001291e+02 
3.001291e+02 
3.001291e+02 
3.001291e+02 
3.001291e+02 
3.001291e+02 
3.001291e+02 
3.001291e+02 
3.001291e+02 
3.001291e+02 
3.001291e+02 
3.001291e+02 
3.001291e+02 
3.001291e+02 
3.001291e+02 
3.001291e+02 
3.001291e+02 
3.001291e+02 
3.001291e+02 
3.001291e+02 
3.001291e+02 
3.001291e+02 
3.001291e+02 
3.001291e+02 
3.001291e+02 
3.001291e+02 
3.001291e+02 
3.001291e+02 
3.001291e+02 
3.001291e+02 
3.001291e+02 
3.001291e+02 
3.001291e+02 
3.001291e+02 
3.001291e+02 
3.001291e+02 
3.001291e+02 
3.001291e+02 
3.001291e+02 
3.001291e+02 
3.001291e+02 
3.001291e+02 
3.001291e+02 
3.001291e+02 
3.001291e+02 
3.001291e+02 
3.001291e+02 
3.001291e+02 
3.001291e+02 
3.001291e+02 
3.001291e+02 
3.001291e+02 
3.001291e+02 
3.001291e+02 
3.001291e+02 
3.001291e+02 
3.001291e+02 
3.001291e+02 
3.001291e+02 
3.001289e+02 
3.001289e+02 
3.001289e+02 
3.001264e+02 
3.001264e+02 
3.001264e+02 
3.001217e+02 
3.001217e+02 
3.001217e+02 
3.001217e+02 
3.001217e+02 
3.001217e+02 
3.001217e+02 
3.001217e+02 
3.001217e+02 
3.001184e+02 
3.001184e+02 
3.001184e+02 
3.001184e+02 
3.001184e+02 
3.001184e+02 
3.001184e+02 
3.001184e+02 
3.001184e+02 
3.001183e+02 
3.001183e+02 
3.001176e+02 
3.001176e+02 
3.001176e+02 
3.001176e+02 
3.001176e+02 
3.001174e+02 
3.001174e+02 
3.001174e+02 
3.001173e+02 
3.001173e+02 
3.001173e+02 
3.001173e+02 
3.001173e+02 
3.001173e+02 
3.001173e+02 
3.001173e+02 
3.001173e+02 
3.001173e+02 
3.001173e+02 
3.001173e+02 
3.001172e+02 
3.001172e+02 
3.001172e+02 
3.001172e+02 
3.001169e+02 
3.001167e+02 
3.001167e+02 
3.001167e+02 
3.001164e+02 
3.001154e+02 
3.001150e+02 
3.001147e+02 
3.001144e+02 
3.001143e+02 
3.001142e+02 
3.001112e+02 
3.001112e+02 
3.000824e+02 
3.000824e+02 
3.000610e+02 
3.000610e+02 
3.000579e+02 
3.000535e+02 
3.000535e+02 
3.000535e+02 
3.000482e+02 
3.000482e+02 
3.000460e+02 
3.000450e+02 
3.000449e+02 
3.000449e+02 
3.000447e+02 
3.000446e+02 
3.000441e+02 
3.000429e+02 
3.000426e+02 
3.000426e+02 
3.000426e+02 
3.000426e+02 
3.000426e+02 
3.000426e+02 
3.000426e+02 
3.000426e+02 
3.000425e+02 
3.000425e+02 
3.000425e+02 
3.000425e+02 
3.000425e+02 
3.000424e+02 
3.000414e+02 
3.000414e+02 
3.000414e+02 
3.000414e+02 
3.000414e+02 
3.000414e+02 
3.000414e+02 
3.000414e+02 
3.000414e+02 
3.000405e+02 
3.000405e+02 
3.000405e+02 
3.000392e+02 
3.000392e+02 
3.000392e+02 
3.000392e+02 
3.000392e+02 
3.000392e+02 
3.000392e+02 
3.000392e+02 
3.000392e+02 
3.000392e+02 
3.000392e+02 
3.000391e+02 
3.000391e+02 
3.000391e+02 
3.000391e+02 
3.000391e+02 
3.000391e+02 
3.000391e+02 
3.000391e+02 
3.000391e+02 
3.000391e+02 
3.000391e+02 
3.000389e+02 
3.000389e+02 
3.000381e+02 
3.000381e+02 
3.000381e+02 
3.000381e+02 
3.000381e+02 
3.000381e+02 
3.000381e+02 
3.000380e+02 
3.000376e+02 
3.000371e+02 
3.000369e+02 
3.000366e+02 
3.000366e+02 
3.000365e+02 
3.000364e+02 
3.000364e+02 
3.000361e+02 
3.000361e+02 
3.000361e+02 
3.000361e+02 
3.000360e+02 
3.000360e+02 
3.000360e+02 
3.000360e+02 
3.000358e+02 
3.000357e+02 
3.000355e+02 
3.000355e+02 
3.000354e+02 
3.000354e+02 
3.000346e+02 
3.000345e+02 
3.000345e+02 
3.000345e+02 
3.000345e+02 
3.000343e+02 
3.000343e+02 
3.000341e+02 
3.000341e+02 
3.000341e+02 
3.000340e+02 
3.000340e+02 
3.000340e+02 
3.000340e+02 
3.000338e+02 
3.000337e+02 
3.000337e+02 
3.000337e+02 
3.000335e+02 
3.000335e+02 
3.000334e+02 
3.000333e+02 
3.000333e+02 
3.000333e+02 
3.000333e+02 
3.000333e+02 
3.000333e+02 
3.000332e+02 
3.000332e+02 
3.000332e+02 
3.000332e+02 
3.000332e+02 
3.000331e+02 
3.000331e+02 
3.000331e+02 
3.000330e+02 
3.000330e+02 
3.000330e+02 
3.000330e+02 
3.000330e+02 
3.000330e+02 
3.000330e+02 
3.000330e+02 
3.000329e+02 
3.000329e+02 
3.000329e+02 
3.000329e+02 
3.000329e+02 
3.000329e+02 
3.000329e+02 
3.000329e+02 
3.000329e+02 
3.000329e+02 
3.000328e+02 
3.000328e+02 
3.000328e+02 
3.000328e+02 
3.000328e+02 
3.000328e+02 
3.000328e+02 
3.000328e+02 
3.000327e+02 
3.000327e+02 
3.000327e+02 
3.000327e+02 
3.000327e+02 
3.000327e+02 
3.000326e+02 
3.000326e+02 
3.000326e+02 
3.000325e+02 
3.000325e+02 
3.000325e+02 
3.000325e+02 
3.000325e+02 
3.000325e+02 
3.000325e+02 
3.000325e+02 
3.000325e+02 
3.000325e+02 
3.000325e+02 
3.000325e+02 
3.000325e+02 
3.000325e+02 
3.000325e+02 
3.000325e+02 
3.000325e+02 
3.000325e+02 
3.000325e+02 
3.000325e+02 
3.000325e+02 
3.000325e+02 
3.000324e+02 
3.000324e+02 
3.000324e+02 
3.000324e+02 
3.000324e+02 
3.000324e+02 
3.000324e+02 
3.000324e+02 
3.000324e+02 
3.000324e+02 
3.000324e+02 
3.000324e+02 
3.000324e+02 
3.000324e+02 
3.000323e+02 
3.000323e+02 
3.000323e+02 
3.000323e+02 
3.000323e+02 
3.000323e+02 
3.000323e+02 
3.000323e+02 
3.000323e+02 
3.000323e+02 
3.000323e+02 
3.000323e+02 
3.000323e+02 
3.000323e+02 
3.000323e+02 
3.000323e+02 
3.000323e+02 
3.000323e+02 
3.000323e+02 
3.000323e+02 
3.000322e+02 
3.000322e+02 
3.000322e+02 
3.000322e+02 
3.000322e+02 
3.000322e+02 
3.000322e+02 
3.000322e+02 
3.000322e+02 
3.000322e+02 
3.000322e+02 
3.000322e+02 
3.000322e+02 
3.000322e+02 
3.000322e+02 
3.000322e+02 
3.000322e+02 
3.000322e+02 
3.000322e+02 
3.000322e+02 
3.000322e+02 
3.000322e+02 
3.000322e+02 
3.000321e+02 
3.000321e+02 
3.000321e+02 
3.000321e+02 
3.000321e+02 
3.000321e+02 
3.000321e+02 
3.000321e+02 
3.000321e+02 
3.000321e+02 
3.000321e+02 
3.000320e+02 
3.000320e+02 
3.000320e+02 
3.000320e+02 
3.000320e+02 
3.000320e+02 
3.000320e+02 
3.000320e+02 
3.000320e+02 
3.000320e+02 
3.000320e+02 
3.000320e+02 
3.000320e+02 
3.000320e+02 
3.000320e+02 
3.000320e+02 
3.000320e+02 
3.000320e+02 
3.000320e+02 
3.000320e+02 
3.000320e+02 
3.000320e+02 
3.000320e+02 
3.000320e+02 
3.000320e+02 
3.000320e+02 
3.000320e+02 
3.000320e+02 
3.000320e+02 
3.000320e+02 
3.000320e+02 
3.000320e+02 
3.000320e+02 
3.000320e+02 
3.000320e+02 
3.000320e+02 
3.000320e+02 
3.000320e+02 
3.000320e+02 
3.000320e+02 
3.000320e+02 
3.000320e+02 
3.000320e+02 
3.000320e+02 
3.000320e+02 
3.000320e+02 
3.000320e+02 
3.000320e+02 
3.000320e+02 
3.000320e+02 
3.000320e+02 
3.000320e+02 
3.000320e+02 
3.000320e+02 
3.000320e+02 
3.000320e+02 
3.000320e+02 
3.000320e+02 
3.000320e+02 
3.000320e+02 
3.000320e+02 
3.000320e+02 
3.000320e+02 
3.000320e+02 
3.000320e+02 
3.000320e+02 
3.000320e+02 
3.000320e+02 
3.000320e+02 
3.000320e+02 
3.000320e+02 
3.000320e+02 
3.000320e+02 
3.000320e+02 
3.000315e+02 
3.000315e+02 
3.000315e+02 
3.000315e+02 
3.000315e+02 
3.000315e+02 
3.000315e+02 
3.000315e+02 
3.000315e+02 
3.000315e+02 
3.000315e+02 
3.000309e+02 
3.000309e+02 
3.000309e+02 
3.000309e+02 
3.000309e+02 
3.000309e+02 
3.000309e+02 
3.000309e+02 
3.000300e+02 
3.000299e+02 
3.000299e+02 
3.000299e+02 
3.000299e+02 
3.000299e+02 
3.000299e+02 
3.000299e+02 
3.000299e+02 
3.000299e+02 
3.000299e+02 
3.000299e+02 
3.000299e+02 
3.000299e+02 
3.000299e+02 
3.000299e+02 
3.000299e+02 
3.000299e+02 
3.000299e+02 
3.000299e+02 
3.000299e+02 
3.000299e+02 
3.000299e+02 
3.000279e+02 
3.000279e+02 
3.000279e+02 
3.000279e+02 
3.000279e+02 
3.000279e+02 
3.000279e+02 
3.000279e+02 
3.000279e+02 
3.000279e+02 
3.000279e+02 
3.000279e+02 
3.000279e+02 
3.000279e+02 
3.000279e+02 
3.000279e+02 
3.000279e+02 
3.000279e+02 
3.000277e+02 
3.000277e+02 
3.000267e+02 
3.000267e+02 
3.000267e+02 
3.000267e+02 
3.000265e+02 
3.000264e+02 
3.000264e+02 
3.000263e+02 
3.000263e+02 
3.000263e+02 
3.000263e+02 
3.000262e+02 
3.000262e+02 
3.000262e+02 
3.000262e+02 
3.000262e+02 
3.000262e+02 
3.000262e+02 
3.000262e+02 
3.000262e+02 
3.000262e+02 
3.000262e+02 
3.000262e+02 
3.000262e+02 
3.000262e+02 
3.000262e+02 
3.000262e+02 
3.000262e+02 
3.000262e+02 
3.000262e+02 
3.000262e+02 
3.000262e+02 
3.000262e+02 
3.000262e+02 
3.000262e+02 
3.000262e+02 
3.000261e+02 
3.000261e+02 
3.000261e+02 
3.000261e+02 
3.000260e+02 
3.000258e+02 
3.000258e+02 
3.000258e+02 
3.000258e+02 
3.000258e+02 
3.000257e+02 
3.000257e+02 
3.000256e+02 
3.000256e+02 
3.000256e+02 
3.000256e+02 
3.000256e+02 
3.000256e+02 
3.000255e+02 
3.000255e+02 
3.000255e+02 
3.000254e+02 
3.000254e+02 
3.000253e+02 
3.000253e+02 
3.000253e+02 
3.000252e+02 
3.000252e+02 
3.000251e+02 
3.000251e+02 
3.000251e+02 
3.000251e+02 
3.000251e+02 
3.000251e+02 
3.000251e+02 
3.000250e+02 
3.000250e+02 
3.000250e+02 
3.000250e+02 
3.000250e+02 
3.000250e+02 
3.000250e+02 
3.000250e+02 
3.000250e+02 
3.000250e+02 
3.000250e+02 
3.000249e+02 
3.000249e+02 
3.000248e+02 
3.000247e+02 
3.000247e+02 
3.000246e+02 
3.000246e+02 
3.000246e+02 
3.000246e+02 
3.000246e+02 
3.000246e+02 
3.000246e+02 
3.000246e+02 
3.000246e+02 
3.000233e+02 
3.000187e+02 
3.000187e+02 
3.000187e+02 
3.000187e+02 
3.000187e+02 
3.000187e+02 
