9.704353e+02 
8.903124e+02 
7.973968e+02 
7.973968e+02 
6.900461e+02 
5.451672e+02 
5.399165e+02 
5.014838e+02 
4.459182e+02 
4.013984e+02 
3.878294e+02 
3.878294e+02 
3.847190e+02 
3.833982e+02 
3.805753e+02 
3.798824e+02 
3.636353e+02 
3.575445e+02 
3.575445e+02 
3.500845e+02 
3.403664e+02 
3.400048e+02 
3.382481e+02 
3.382247e+02 
3.370286e+02 
3.366654e+02 
3.361648e+02 
3.357907e+02 
3.356147e+02 
3.340257e+02 
3.335097e+02 
3.327260e+02 
3.309838e+02 
3.295540e+02 
3.290819e+02 
3.288276e+02 
3.282541e+02 
3.278050e+02 
3.271331e+02 
3.263535e+02 
3.256494e+02 
3.235769e+02 
3.179529e+02 
3.159593e+02 
3.157782e+02 
3.155872e+02 
3.154543e+02 
3.150782e+02 
3.146096e+02 
3.142114e+02 
3.139549e+02 
3.137383e+02 
3.134534e+02 
3.132701e+02 
3.131342e+02 
3.130811e+02 
3.130010e+02 
3.128796e+02 
3.126914e+02 
3.125929e+02 
3.125854e+02 
3.125852e+02 
3.125852e+02 
3.125830e+02 
3.125815e+02 
3.125815e+02 
3.125812e+02 
3.125812e+02 
3.125812e+02 
3.125812e+02 
3.125779e+02 
3.125756e+02 
3.125733e+02 
3.125704e+02 
3.125658e+02 
3.125620e+02 
3.125570e+02 
3.125517e+02 
3.125453e+02 
3.125370e+02 
3.125297e+02 
3.125232e+02 
3.125147e+02 
3.125020e+02 
3.124881e+02 
3.124352e+02 
3.123750e+02 
3.122878e+02 
3.122282e+02 
3.122282e+02 
3.122029e+02 
3.121735e+02 
3.121633e+02 
3.121369e+02 
3.121068e+02 
3.120735e+02 
3.120336e+02 
3.120029e+02 
3.119785e+02 
3.119500e+02 
3.118929e+02 
3.118295e+02 
3.117504e+02 
3.116216e+02 
3.114186e+02 
3.111476e+02 
3.108768e+02 
3.105825e+02 
3.103198e+02 
3.099846e+02 
3.095613e+02 
3.090592e+02 
3.082510e+02 
3.070117e+02 
3.062190e+02 
3.045118e+02 
3.019646e+02 
3.003550e+02 
2.990076e+02 
2.989954e+02 
2.989928e+02 
2.989739e+02 
2.989738e+02 
2.989737e+02 
2.989737e+02 
2.989737e+02 
2.989737e+02 
2.989737e+02 
2.989737e+02 
2.989737e+02 
2.989737e+02 
2.989737e+02 
2.989737e+02 
2.989737e+02 
2.989737e+02 
2.989737e+02 
2.989737e+02 
2.989737e+02 
2.989737e+02 
2.989737e+02 
2.989736e+02 
2.989736e+02 
2.989736e+02 
2.989736e+02 
2.989736e+02 
2.989735e+02 
2.989735e+02 
2.989735e+02 
2.989734e+02 
2.989734e+02 
2.989733e+02 
2.989731e+02 
2.989731e+02 
2.989729e+02 
2.989727e+02 
2.989725e+02 
2.989721e+02 
2.989718e+02 
2.989716e+02 
2.989713e+02 
2.989709e+02 
2.989707e+02 
2.989705e+02 
2.989703e+02 
2.989702e+02 
2.989700e+02 
2.989699e+02 
2.989695e+02 
2.989692e+02 
2.989688e+02 
2.989685e+02 
2.989681e+02 
2.989678e+02 
2.989674e+02 
2.989671e+02 
2.989669e+02 
2.989666e+02 
2.989665e+02 
2.989665e+02 
2.989664e+02 
2.989663e+02 
2.989661e+02 
2.989659e+02 
2.989656e+02 
2.989652e+02 
2.989648e+02 
2.989644e+02 
2.989635e+02 
2.989626e+02 
2.989617e+02 
2.989604e+02 
2.989591e+02 
2.989578e+02 
2.989563e+02 
2.989546e+02 
2.989534e+02 
2.989523e+02 
2.989517e+02 
2.989517e+02 
2.989516e+02 
2.989516e+02 
2.989516e+02 
2.989515e+02 
2.989515e+02 
2.989514e+02 
2.989513e+02 
2.989512e+02 
2.989509e+02 
2.989507e+02 
2.989504e+02 
2.989500e+02 
2.989497e+02 
2.989493e+02 
2.989487e+02 
2.989483e+02 
2.989479e+02 
2.989474e+02 
2.989469e+02 
2.989465e+02 
2.989458e+02 
2.989451e+02 
2.989445e+02 
2.989438e+02 
2.989429e+02 
2.989415e+02 
2.989401e+02 
2.989388e+02 
2.989375e+02 
2.989355e+02 
2.989336e+02 
2.989311e+02 
2.989291e+02 
2.989281e+02 
2.989279e+02 
2.989279e+02 
2.989278e+02 
2.989276e+02 
2.989275e+02 
2.989273e+02 
2.989272e+02 
2.989265e+02 
2.989261e+02 
2.989248e+02 
2.989236e+02 
2.989225e+02 
2.989209e+02 
2.989196e+02 
2.989181e+02 
2.989166e+02 
2.989151e+02 
2.989140e+02 
2.989124e+02 
2.989103e+02 
2.989078e+02 
2.989050e+02 
2.989014e+02 
2.988949e+02 
2.988895e+02 
2.988833e+02 
2.988745e+02 
2.988674e+02 
2.988614e+02 
2.988543e+02 
2.988481e+02 
2.988350e+02 
2.988217e+02 
2.987982e+02 
2.987676e+02 
2.987287e+02 
2.986679e+02 
2.985856e+02 
2.985171e+02 
2.985001e+02 
2.985001e+02 
2.985001e+02 
2.985001e+02 
2.985001e+02 
2.985001e+02 
2.985001e+02 
2.985001e+02 
2.985001e+02 
2.985001e+02 
2.985000e+02 
2.985000e+02 
2.985000e+02 
2.985000e+02 
2.985000e+02 
2.984999e+02 
2.984999e+02 
2.984997e+02 
2.984996e+02 
2.984994e+02 
2.984992e+02 
2.984989e+02 
2.984987e+02 
2.984985e+02 
2.984982e+02 
2.984978e+02 
2.984975e+02 
2.984970e+02 
2.984967e+02 
2.984963e+02 
2.984958e+02 
2.984953e+02 
2.984947e+02 
2.984939e+02 
2.984932e+02 
2.984924e+02 
2.984917e+02 
2.984908e+02 
2.984896e+02 
2.984880e+02 
2.984865e+02 
2.984850e+02 
2.984839e+02 
2.984828e+02 
2.984823e+02 
2.984823e+02 
2.984823e+02 
2.984823e+02 
2.984823e+02 
2.984823e+02 
2.984823e+02 
2.984823e+02 
2.984823e+02 
2.984823e+02 
2.984823e+02 
2.984823e+02 
2.984823e+02 
2.984823e+02 
2.984823e+02 
2.984822e+02 
2.984822e+02 
2.984822e+02 
2.984822e+02 
2.984821e+02 
2.984821e+02 
2.984821e+02 
2.984820e+02 
2.984820e+02 
2.984820e+02 
2.984819e+02 
2.984818e+02 
2.984817e+02 
2.984815e+02 
2.984814e+02 
2.984813e+02 
2.984811e+02 
2.984809e+02 
2.984808e+02 
2.984806e+02 
2.984804e+02 
2.984802e+02 
2.984799e+02 
2.984797e+02 
2.984795e+02 
2.984792e+02 
2.984788e+02 
2.984785e+02 
2.984781e+02 
2.984778e+02 
2.984774e+02 
2.984770e+02 
2.984765e+02 
2.984760e+02 
2.984751e+02 
2.984741e+02 
2.984732e+02 
2.984719e+02 
2.984702e+02 
2.984687e+02 
2.984675e+02 
2.984661e+02 
2.984652e+02 
2.984650e+02 
2.984650e+02 
2.984650e+02 
2.984650e+02 
2.984650e+02 
2.984650e+02 
2.984650e+02 
2.984650e+02 
2.984650e+02 
2.984650e+02 
2.984650e+02 
2.984650e+02 
2.984650e+02 
2.984650e+02 
2.984650e+02 
2.984650e+02 
2.984650e+02 
2.984650e+02 
2.984650e+02 
2.984650e+02 
2.984650e+02 
2.984650e+02 
2.984650e+02 
2.984650e+02 
2.984650e+02 
2.984650e+02 
2.984650e+02 
2.984650e+02 
2.984649e+02 
2.984649e+02 
2.984649e+02 
2.984649e+02 
2.984649e+02 
2.984649e+02 
2.984649e+02 
2.984649e+02 
2.984649e+02 
2.984649e+02 
2.984649e+02 
2.984648e+02 
2.984648e+02 
2.984648e+02 
2.984648e+02 
2.984648e+02 
2.984648e+02 
2.984648e+02 
2.984648e+02 
2.984648e+02 
2.984648e+02 
2.984648e+02 
2.984648e+02 
2.984648e+02 
2.984648e+02 
2.984648e+02 
2.984648e+02 
2.984647e+02 
2.984647e+02 
2.984647e+02 
2.984647e+02 
2.984647e+02 
2.984647e+02 
2.984646e+02 
2.984646e+02 
2.984646e+02 
2.984645e+02 
2.984645e+02 
2.984644e+02 
2.984644e+02 
2.984643e+02 
2.984642e+02 
2.984641e+02 
2.984640e+02 
2.984639e+02 
2.984639e+02 
2.984638e+02 
2.984636e+02 
2.984635e+02 
2.984635e+02 
2.984634e+02 
2.984634e+02 
2.984634e+02 
2.984634e+02 
2.984634e+02 
2.984634e+02 
2.984634e+02 
2.984634e+02 
2.984634e+02 
2.984634e+02 
2.984634e+02 
2.984634e+02 
2.984634e+02 
2.984634e+02 
2.984634e+02 
2.984634e+02 
2.984634e+02 
2.984634e+02 
2.984634e+02 
2.984634e+02 
2.984634e+02 
2.984634e+02 
2.984634e+02 
2.984634e+02 
2.984634e+02 
2.984634e+02 
2.984634e+02 
2.984634e+02 
2.984634e+02 
2.984634e+02 
2.984634e+02 
2.984634e+02 
2.984634e+02 
2.984634e+02 
2.984634e+02 
2.984634e+02 
2.984634e+02 
2.984634e+02 
2.984634e+02 
2.984634e+02 
2.984634e+02 
2.984634e+02 
2.984634e+02 
2.984634e+02 
2.984634e+02 
2.984634e+02 
2.984634e+02 
2.984634e+02 
2.984634e+02 
2.984634e+02 
2.984634e+02 
2.984634e+02 
2.984634e+02 
2.984634e+02 
2.984634e+02 
2.984634e+02 
2.984634e+02 
2.984634e+02 
2.984634e+02 
2.984634e+02 
2.984634e+02 
2.984634e+02 
2.984634e+02 
2.984634e+02 
2.984634e+02 
2.984634e+02 
2.984634e+02 
2.984634e+02 
2.984634e+02 
2.984634e+02 
2.984634e+02 
2.984634e+02 
2.984634e+02 
2.984634e+02 
2.984634e+02 
2.984634e+02 
2.984634e+02 
2.984634e+02 
2.984634e+02 
2.984634e+02 
2.984634e+02 
2.984634e+02 
2.984634e+02 
2.984634e+02 
2.984634e+02 
2.984634e+02 
2.984634e+02 
2.984634e+02 
2.984634e+02 
2.984634e+02 
2.984634e+02 
2.984634e+02 
2.984634e+02 
2.984634e+02 
2.984634e+02 
2.984634e+02 
2.984634e+02 
2.984634e+02 
2.984634e+02 
2.984634e+02 
2.984634e+02 
2.984634e+02 
2.984634e+02 
2.984634e+02 
2.984634e+02 
2.984634e+02 
2.984634e+02 
2.984634e+02 
2.984634e+02 
2.984634e+02 
2.984634e+02 
2.984634e+02 
2.984634e+02 
2.984634e+02 
2.984634e+02 
2.984634e+02 
2.984634e+02 
2.984634e+02 
2.984634e+02 
2.984634e+02 
2.984634e+02 
2.984634e+02 
2.984634e+02 
2.984634e+02 
2.984634e+02 
2.984634e+02 
2.984634e+02 
2.984634e+02 
2.984634e+02 
2.984634e+02 
2.984634e+02 
2.984634e+02 
2.984634e+02 
2.984634e+02 
2.984634e+02 
2.984634e+02 
2.984634e+02 
2.984634e+02 
2.984634e+02 
2.984634e+02 
2.984634e+02 
2.984634e+02 
2.984634e+02 
2.984634e+02 
2.984634e+02 
2.984634e+02 
2.984634e+02 
2.984634e+02 
2.984634e+02 
2.984634e+02 
2.984634e+02 
2.984634e+02 
2.984634e+02 
2.984634e+02 
2.984634e+02 
2.984634e+02 
2.984634e+02 
2.984634e+02 
2.984634e+02 
2.984634e+02 
2.984634e+02 
2.984634e+02 
2.984634e+02 
2.984634e+02 
2.984634e+02 
2.984634e+02 
2.984634e+02 
2.984634e+02 
2.984634e+02 
2.984634e+02 
2.984634e+02 
2.984634e+02 
2.984634e+02 
2.984634e+02 
2.984634e+02 
2.984634e+02 
2.984634e+02 
2.984634e+02 
2.984634e+02 
2.984634e+02 
2.984634e+02 
2.984634e+02 
2.984634e+02 
2.984634e+02 
2.984634e+02 
2.984634e+02 
2.984634e+02 
2.984634e+02 
2.984634e+02 
2.984634e+02 
2.984634e+02 
2.984634e+02 
2.984634e+02 
2.984634e+02 
2.984634e+02 
2.984634e+02 
2.984634e+02 
2.984634e+02 
2.984634e+02 
2.984634e+02 
2.984634e+02 
2.984634e+02 
2.984634e+02 
2.984634e+02 
2.984634e+02 
2.984634e+02 
2.984634e+02 
2.984634e+02 
2.984634e+02 
2.984634e+02 
2.984634e+02 
2.984634e+02 
2.984634e+02 
2.984634e+02 
2.984634e+02 
2.984634e+02 
2.984634e+02 
2.984634e+02 
2.984634e+02 
2.984634e+02 
2.984634e+02 
2.984634e+02 
2.984634e+02 
2.984634e+02 
2.984634e+02 
2.984634e+02 
2.984634e+02 
2.984634e+02 
2.984634e+02 
2.984634e+02 
2.984634e+02 
2.984634e+02 
2.984634e+02 
2.984634e+02 
2.984634e+02 
2.984634e+02 
2.984634e+02 
2.984634e+02 
2.984634e+02 
2.984634e+02 
2.984634e+02 
2.984634e+02 
2.984634e+02 
2.984634e+02 
2.984634e+02 
2.984634e+02 
2.984634e+02 
2.984634e+02 
2.984634e+02 
2.984634e+02 
2.984634e+02 
2.984634e+02 
2.984634e+02 
2.984634e+02 
2.984634e+02 
2.984634e+02 
2.984634e+02 
2.984634e+02 
2.984634e+02 
2.984634e+02 
2.984634e+02 
2.984634e+02 
2.984634e+02 
2.984634e+02 
2.984634e+02 
2.984634e+02 
2.984634e+02 
2.984634e+02 
2.984634e+02 
2.984634e+02 
2.984634e+02 
2.984634e+02 
2.984634e+02 
2.984634e+02 
2.984634e+02 
2.984634e+02 
2.984634e+02 
2.984634e+02 
2.984634e+02 
2.984634e+02 
2.984634e+02 
2.984634e+02 
2.984634e+02 
2.984634e+02 
2.984634e+02 
2.984634e+02 
2.984634e+02 
2.984634e+02 
2.984634e+02 
2.984634e+02 
2.984634e+02 
2.984634e+02 
2.984634e+02 
2.984634e+02 
2.984634e+02 
2.984634e+02 
2.984634e+02 
2.984634e+02 
2.984634e+02 
2.984634e+02 
2.984634e+02 
2.984634e+02 
2.984634e+02 
2.984634e+02 
2.984634e+02 
2.984634e+02 
2.984634e+02 
2.984634e+02 
2.984634e+02 
2.984634e+02 
2.984634e+02 
2.984634e+02 
2.984634e+02 
2.984634e+02 
2.984634e+02 
2.984634e+02 
2.984634e+02 
2.984634e+02 
2.984634e+02 
2.984634e+02 
2.984634e+02 
2.984634e+02 
2.984634e+02 
2.984634e+02 
2.984634e+02 
2.984634e+02 
2.984634e+02 
2.984634e+02 
2.984634e+02 
2.984634e+02 
2.984634e+02 
2.984634e+02 
2.984634e+02 
2.984634e+02 
2.984634e+02 
2.984634e+02 
2.984634e+02 
2.984634e+02 
2.984634e+02 
2.984634e+02 
2.984634e+02 
2.984634e+02 
2.984634e+02 
2.984634e+02 
2.984634e+02 
2.984634e+02 
2.984634e+02 
2.984634e+02 
2.984634e+02 
2.984634e+02 
2.984634e+02 
2.984634e+02 
2.984634e+02 
2.984634e+02 
2.984634e+02 
2.984634e+02 
2.984634e+02 
2.984634e+02 
2.984634e+02 
2.984634e+02 
2.984634e+02 
2.984634e+02 
2.984634e+02 
2.984634e+02 
2.984634e+02 
2.984634e+02 
2.984634e+02 
2.984634e+02 
2.984634e+02 
2.984634e+02 
2.984634e+02 
2.984634e+02 
2.984634e+02 
2.984634e+02 
2.984634e+02 
2.984634e+02 
2.984634e+02 
2.984634e+02 
2.984634e+02 
2.984634e+02 
2.984634e+02 
2.984634e+02 
2.984634e+02 
2.984634e+02 
2.984634e+02 
2.984634e+02 
2.984634e+02 
2.984634e+02 
2.984634e+02 
2.984634e+02 
2.984634e+02 
2.984634e+02 
2.984634e+02 
2.984634e+02 
2.984634e+02 
2.984634e+02 
2.984634e+02 
2.984634e+02 
2.984634e+02 
2.984634e+02 
2.984634e+02 
2.984634e+02 
2.984634e+02 
2.984634e+02 
2.984634e+02 
2.984634e+02 
2.984634e+02 
2.984634e+02 
2.984634e+02 
2.984634e+02 
2.984634e+02 
2.984634e+02 
2.984634e+02 
2.984634e+02 
2.984634e+02 
2.984634e+02 
2.984634e+02 
2.984634e+02 
2.984634e+02 
2.984634e+02 
2.984634e+02 
2.984634e+02 
2.984634e+02 
2.984634e+02 
2.984634e+02 
2.984634e+02 
2.984634e+02 
2.984634e+02 
2.984634e+02 
2.984634e+02 
2.984634e+02 
2.984634e+02 
2.984634e+02 
2.984634e+02 
2.984634e+02 
2.984634e+02 
2.984634e+02 
2.984634e+02 
2.984634e+02 
2.984634e+02 
2.984634e+02 
2.984634e+02 
2.984634e+02 
2.984634e+02 
2.984634e+02 
2.984634e+02 
2.984634e+02 
2.984634e+02 
2.984634e+02 
2.984634e+02 
2.984634e+02 
2.984634e+02 
2.984634e+02 
2.984634e+02 
2.984634e+02 
2.984634e+02 
2.984634e+02 
2.984634e+02 
2.984634e+02 
2.984634e+02 
2.984634e+02 
2.984634e+02 
2.984634e+02 
2.984634e+02 
2.984634e+02 
2.984634e+02 
2.984634e+02 
2.984634e+02 
2.984634e+02 
2.984634e+02 
2.984634e+02 
2.984634e+02 
2.984634e+02 
2.984634e+02 
2.984634e+02 
2.984634e+02 
2.984634e+02 
2.984634e+02 
2.984634e+02 
2.984634e+02 
2.984634e+02 
2.984634e+02 
2.984634e+02 
2.984634e+02 
2.984634e+02 
2.984634e+02 
2.984634e+02 
2.984634e+02 
2.984634e+02 
2.984634e+02 
2.984634e+02 
2.984634e+02 
2.984634e+02 
2.984634e+02 
2.984634e+02 
2.984634e+02 
2.984634e+02 
2.984634e+02 
2.984634e+02 
2.984634e+02 
2.984634e+02 
2.984634e+02 
2.984634e+02 
2.984634e+02 
2.984634e+02 
2.984634e+02 
2.984634e+02 
2.984634e+02 
2.984634e+02 
2.984634e+02 
2.984634e+02 
2.984634e+02 
2.984634e+02 
2.984634e+02 
2.984634e+02 
2.984634e+02 
2.984634e+02 
2.984634e+02 
2.984634e+02 
2.984634e+02 
2.984634e+02 
2.984634e+02 
2.984634e+02 
2.984634e+02 
2.984634e+02 
2.984634e+02 
2.984634e+02 
2.984634e+02 
2.984634e+02 
2.984634e+02 
2.984634e+02 
2.984634e+02 
2.984634e+02 
2.984634e+02 
2.984634e+02 
2.984634e+02 
2.984634e+02 
2.984634e+02 
2.984634e+02 
2.984634e+02 
2.984634e+02 
2.984634e+02 
2.984634e+02 
2.984634e+02 
2.984634e+02 
2.984634e+02 
2.984634e+02 
2.984634e+02 
2.984634e+02 
2.984634e+02 
2.984634e+02 
2.984634e+02 
2.984634e+02 
2.984634e+02 
2.984634e+02 
2.984634e+02 
2.984634e+02 
2.984634e+02 
2.984634e+02 
2.984634e+02 
2.984634e+02 
2.984634e+02 
2.984634e+02 
2.984634e+02 
2.984634e+02 
2.984634e+02 
2.984634e+02 
2.984634e+02 
2.984634e+02 
2.984634e+02 
2.984634e+02 
2.984634e+02 
2.984634e+02 
2.984634e+02 
2.984634e+02 
2.984634e+02 
2.984634e+02 
2.984634e+02 
2.984634e+02 
2.984634e+02 
2.984634e+02 
2.984634e+02 
2.984634e+02 
2.984634e+02 
2.984634e+02 
2.984634e+02 
2.984634e+02 
2.984634e+02 
2.984634e+02 
2.984634e+02 
2.984634e+02 
2.984634e+02 
2.984634e+02 
2.984634e+02 
2.984634e+02 
2.984634e+02 
2.984634e+02 
2.984634e+02 
2.984634e+02 
2.984634e+02 
2.984634e+02 
2.984634e+02 
2.984634e+02 
2.984634e+02 
2.984634e+02 
2.984634e+02 
2.984634e+02 
2.984634e+02 
2.984634e+02 
2.984634e+02 
2.984634e+02 
2.984634e+02 
2.984634e+02 
2.984634e+02 
2.984634e+02 
2.984634e+02 
2.984634e+02 
2.984634e+02 
2.984634e+02 
2.984634e+02 
2.984634e+02 
2.984634e+02 
2.984634e+02 
2.984634e+02 
2.984634e+02 
2.984634e+02 
2.984634e+02 
2.984634e+02 
2.984634e+02 
2.984634e+02 
2.984634e+02 
2.984634e+02 
2.984634e+02 
2.984634e+02 
2.984634e+02 
2.984634e+02 
2.984634e+02 
2.984634e+02 
2.984634e+02 
2.984634e+02 
2.984634e+02 
2.984634e+02 
2.984634e+02 
2.984634e+02 
2.984634e+02 
2.984634e+02 
2.984634e+02 
2.984634e+02 
2.984634e+02 
2.984634e+02 
2.984634e+02 
2.984634e+02 
2.984634e+02 
2.984634e+02 
2.984634e+02 
2.984634e+02 
2.984634e+02 
2.984634e+02 
2.984634e+02 
2.984634e+02 
2.984634e+02 
2.984634e+02 
2.984634e+02 
2.984634e+02 
2.984634e+02 
2.984634e+02 
2.984634e+02 
2.984634e+02 
2.984634e+02 
2.984634e+02 
2.984634e+02 
2.984634e+02 
2.984634e+02 
2.984634e+02 
2.984634e+02 
2.984634e+02 
2.984634e+02 
2.984634e+02 
2.984634e+02 
2.984634e+02 
2.984634e+02 
2.984634e+02 
2.984634e+02 
2.984634e+02 
2.984634e+02 
2.984634e+02 
2.984634e+02 
2.984634e+02 
2.984634e+02 
2.984634e+02 
2.984634e+02 
2.984634e+02 
2.984634e+02 
2.984634e+02 
2.984634e+02 
2.984634e+02 
2.984634e+02 
2.984634e+02 
2.984634e+02 
2.984634e+02 
2.984634e+02 
2.984634e+02 
2.984634e+02 
2.984634e+02 
2.984634e+02 
2.984634e+02 
2.984634e+02 
2.984634e+02 
2.984634e+02 
2.984634e+02 
2.984634e+02 
2.984634e+02 
2.984634e+02 
2.984634e+02 
2.984634e+02 
2.984634e+02 
2.984634e+02 
2.984634e+02 
2.984634e+02 
2.984634e+02 
2.984634e+02 
2.984634e+02 
2.984634e+02 
2.984634e+02 
2.984634e+02 
2.984634e+02 
2.984634e+02 
2.984634e+02 
2.984634e+02 
2.984634e+02 
2.984634e+02 
2.984634e+02 
2.984634e+02 
2.984634e+02 
2.984634e+02 
2.984634e+02 
2.984634e+02 
2.984634e+02 
2.984634e+02 
2.984634e+02 
2.984634e+02 
2.984634e+02 
2.984634e+02 
2.984634e+02 
2.984634e+02 
2.984634e+02 
2.984634e+02 
2.984634e+02 
2.984634e+02 
2.984634e+02 
2.984634e+02 
2.984634e+02 
2.984634e+02 
2.984634e+02 
2.984634e+02 
2.984634e+02 
2.984634e+02 
2.984634e+02 
2.984634e+02 
2.984634e+02 
2.984634e+02 
2.984634e+02 
2.984634e+02 
2.984634e+02 
2.984634e+02 
2.984634e+02 
2.984634e+02 
2.984634e+02 
2.984634e+02 
2.984634e+02 
2.984634e+02 
2.984634e+02 
2.984634e+02 
2.984634e+02 
2.984634e+02 
2.984634e+02 
2.984634e+02 
2.984634e+02 
2.984634e+02 
2.984634e+02 
2.984634e+02 
2.984634e+02 
2.984634e+02 
2.984634e+02 
2.984634e+02 
2.984634e+02 
2.984634e+02 
2.984634e+02 
2.984634e+02 
2.984634e+02 
2.984634e+02 
2.984634e+02 
2.984634e+02 
2.984634e+02 
2.984634e+02 
2.984634e+02 
2.984634e+02 
2.984634e+02 
2.984634e+02 
2.984634e+02 
2.984634e+02 
2.984634e+02 
2.984634e+02 
2.984634e+02 
2.984634e+02 
2.984634e+02 
2.984634e+02 
2.984634e+02 
2.984634e+02 
2.984634e+02 
2.984634e+02 
2.984634e+02 
2.984634e+02 
2.984634e+02 
2.984634e+02 
2.984634e+02 
2.984634e+02 
2.984634e+02 
2.984634e+02 
2.984634e+02 
2.984634e+02 
2.984634e+02 
2.984634e+02 
2.984634e+02 
2.984634e+02 
2.984634e+02 
2.984634e+02 
2.984634e+02 
2.984634e+02 
2.984634e+02 
2.984634e+02 
2.984634e+02 
2.984634e+02 
2.984634e+02 
2.984634e+02 
2.984634e+02 
2.984634e+02 
2.984634e+02 
2.984634e+02 
2.984634e+02 
2.984634e+02 
2.984634e+02 
2.984634e+02 
2.984634e+02 
2.984634e+02 
2.984634e+02 
2.984634e+02 
2.984634e+02 
2.984634e+02 
2.984634e+02 
2.984634e+02 
2.984634e+02 
2.984634e+02 
2.984634e+02 
2.984634e+02 
2.984634e+02 
2.984634e+02 
2.984634e+02 
2.984634e+02 
2.984634e+02 
2.984634e+02 
2.984634e+02 
2.984634e+02 
2.984634e+02 
2.984634e+02 
2.984634e+02 
2.984634e+02 
2.984634e+02 
2.984634e+02 
2.984634e+02 
2.984634e+02 
2.984634e+02 
2.984634e+02 
2.984634e+02 
2.984634e+02 
2.984634e+02 
2.984634e+02 
2.984634e+02 
2.984634e+02 
2.984634e+02 
2.984634e+02 
2.984634e+02 
2.984634e+02 
2.984634e+02 
2.984634e+02 
2.984634e+02 
2.984634e+02 
2.984634e+02 
2.984634e+02 
2.984634e+02 
2.984634e+02 
2.984634e+02 
2.984634e+02 
2.984634e+02 
2.984634e+02 
2.984634e+02 
2.984634e+02 
2.984634e+02 
2.984634e+02 
2.984634e+02 
2.984634e+02 
2.984634e+02 
2.984634e+02 
2.984634e+02 
2.984634e+02 
2.984634e+02 
2.984634e+02 
2.984634e+02 
2.984634e+02 
2.984634e+02 
2.984634e+02 
2.984634e+02 
2.984634e+02 
2.984634e+02 
2.984634e+02 
2.984634e+02 
2.984634e+02 
2.984634e+02 
2.984634e+02 
2.984634e+02 
2.984634e+02 
2.984634e+02 
2.984634e+02 
2.984634e+02 
2.984634e+02 
2.984634e+02 
2.984634e+02 
2.984634e+02 
2.984634e+02 
2.984634e+02 
2.984634e+02 
2.984634e+02 
2.984634e+02 
2.984634e+02 
2.984634e+02 
2.984634e+02 
2.984634e+02 
2.984634e+02 
2.984634e+02 
2.984634e+02 
2.984634e+02 
2.984634e+02 
2.984634e+02 
2.984634e+02 
2.984634e+02 
2.984634e+02 
2.984634e+02 
2.984634e+02 
2.984634e+02 
2.984634e+02 
2.984634e+02 
2.984634e+02 
2.984634e+02 
2.984634e+02 
2.984634e+02 
2.984634e+02 
2.984634e+02 
2.984634e+02 
2.984634e+02 
2.984634e+02 
2.984634e+02 
2.984634e+02 
2.984634e+02 
2.984634e+02 
2.984634e+02 
2.984634e+02 
2.984634e+02 
2.984634e+02 
2.984634e+02 
2.984634e+02 
2.984634e+02 
2.984634e+02 
2.984634e+02 
2.984634e+02 
2.984634e+02 
2.984634e+02 
2.984634e+02 
2.984634e+02 
2.984634e+02 
2.984634e+02 
2.984634e+02 
2.984634e+02 
2.984634e+02 
2.984634e+02 
2.984634e+02 
2.984634e+02 
2.984634e+02 
2.984634e+02 
2.984634e+02 
2.984634e+02 
2.984634e+02 
2.984634e+02 
2.984634e+02 
2.984634e+02 
2.984634e+02 
2.984634e+02 
2.984634e+02 
2.984634e+02 
2.984634e+02 
2.984634e+02 
2.984634e+02 
2.984634e+02 
2.984634e+02 
2.984634e+02 
2.984634e+02 
2.984634e+02 
2.984634e+02 
2.984634e+02 
2.984634e+02 
2.984634e+02 
2.984634e+02 
2.984634e+02 
2.984634e+02 
2.984634e+02 
2.984634e+02 
2.984634e+02 
2.984634e+02 
2.984634e+02 
2.984634e+02 
2.984634e+02 
2.984634e+02 
2.984634e+02 
2.984634e+02 
2.984634e+02 
2.984634e+02 
2.984634e+02 
2.984634e+02 
2.984634e+02 
2.984634e+02 
2.984634e+02 
2.984634e+02 
2.984634e+02 
2.984634e+02 
2.984634e+02 
2.984634e+02 
2.984634e+02 
2.984634e+02 
2.984634e+02 
2.984634e+02 
2.984634e+02 
2.984634e+02 
2.984634e+02 
2.984634e+02 
2.984634e+02 
2.984634e+02 
2.984634e+02 
2.984634e+02 
2.984634e+02 
2.984634e+02 
2.984634e+02 
2.984634e+02 
2.984634e+02 
2.984634e+02 
2.984634e+02 
2.984634e+02 
2.984634e+02 
2.984634e+02 
2.984634e+02 
2.984634e+02 
2.984634e+02 
2.984634e+02 
2.984634e+02 
2.984634e+02 
2.984634e+02 
2.984634e+02 
2.984634e+02 
2.984634e+02 
2.984634e+02 
2.984634e+02 
2.984634e+02 
2.984634e+02 
2.984634e+02 
2.984634e+02 
2.984634e+02 
2.984634e+02 
2.984634e+02 
2.984634e+02 
2.984634e+02 
2.984634e+02 
2.984634e+02 
2.984634e+02 
2.984634e+02 
2.984634e+02 
2.984634e+02 
2.984634e+02 
2.984634e+02 
2.984634e+02 
2.984634e+02 
2.984634e+02 
2.984634e+02 
2.984634e+02 
2.984634e+02 
2.984634e+02 
2.984634e+02 
2.984634e+02 
2.984634e+02 
2.984634e+02 
2.984634e+02 
2.984634e+02 
2.984634e+02 
2.984634e+02 
2.984634e+02 
2.984634e+02 
2.984634e+02 
2.984634e+02 
2.984634e+02 
2.984634e+02 
2.984634e+02 
2.984634e+02 
2.984634e+02 
2.984634e+02 
2.984634e+02 
2.984634e+02 
2.984634e+02 
2.984634e+02 
2.984634e+02 
2.984634e+02 
2.984634e+02 
2.984634e+02 
2.984634e+02 
2.984634e+02 
2.984634e+02 
2.984634e+02 
2.984634e+02 
2.984634e+02 
2.984634e+02 
2.984634e+02 
2.984634e+02 
2.984634e+02 
2.984634e+02 
2.984634e+02 
2.984634e+02 
2.984634e+02 
2.984634e+02 
2.984634e+02 
2.984634e+02 
2.984634e+02 
2.984634e+02 
2.984634e+02 
2.984634e+02 
2.984634e+02 
2.984634e+02 
2.984634e+02 
2.984634e+02 
2.984634e+02 
2.984634e+02 
2.984634e+02 
2.984634e+02 
2.984634e+02 
2.984634e+02 
2.984634e+02 
2.984634e+02 
2.984634e+02 
2.984634e+02 
2.984634e+02 
2.984634e+02 
2.984634e+02 
2.984634e+02 
2.984634e+02 
2.984634e+02 
2.984634e+02 
2.984634e+02 
2.984634e+02 
2.984634e+02 
2.984634e+02 
2.984634e+02 
2.984634e+02 
2.984634e+02 
2.984634e+02 
2.984634e+02 
2.984634e+02 
2.984634e+02 
2.984634e+02 
2.984634e+02 
2.984634e+02 
2.984634e+02 
2.984634e+02 
2.984634e+02 
2.984634e+02 
2.984634e+02 
2.984634e+02 
2.984634e+02 
2.984634e+02 
2.984634e+02 
2.984634e+02 
2.984634e+02 
2.984634e+02 
2.984634e+02 
2.984634e+02 
2.984634e+02 
2.984634e+02 
2.984634e+02 
2.984634e+02 
2.984634e+02 
2.984634e+02 
2.984634e+02 
2.984634e+02 
2.984634e+02 
2.984634e+02 
2.984634e+02 
2.984634e+02 
2.984634e+02 
2.984634e+02 
2.984634e+02 
2.984634e+02 
2.984634e+02 
2.984634e+02 
2.984634e+02 
2.984634e+02 
2.984634e+02 
2.984634e+02 
2.984634e+02 
2.984634e+02 
2.984634e+02 
2.984634e+02 
2.984634e+02 
2.984634e+02 
2.984634e+02 
2.984634e+02 
2.984634e+02 
2.984634e+02 
2.984634e+02 
2.984634e+02 
2.984634e+02 
2.984634e+02 
2.984634e+02 
2.984634e+02 
2.984634e+02 
2.984634e+02 
2.984634e+02 
2.984634e+02 
2.984634e+02 
2.984634e+02 
2.984634e+02 
2.984634e+02 
2.984634e+02 
2.984634e+02 
2.984634e+02 
2.984634e+02 
2.984634e+02 
2.984634e+02 
2.984634e+02 
2.984634e+02 
2.984634e+02 
2.984634e+02 
2.984634e+02 
2.984634e+02 
2.984634e+02 
2.984634e+02 
2.984634e+02 
2.984634e+02 
2.984634e+02 
2.984634e+02 
2.984634e+02 
2.984634e+02 
2.984634e+02 
2.984634e+02 
2.984634e+02 
2.984634e+02 
2.984634e+02 
2.984634e+02 
2.984634e+02 
2.984634e+02 
2.984634e+02 
2.984634e+02 
2.984634e+02 
2.984634e+02 
2.984634e+02 
2.984634e+02 
2.984634e+02 
2.984634e+02 
2.984634e+02 
2.984634e+02 
2.984634e+02 
2.984634e+02 
2.984634e+02 
2.984634e+02 
2.984634e+02 
2.984634e+02 
2.984634e+02 
2.984634e+02 
2.984634e+02 
2.984634e+02 
2.984634e+02 
2.984634e+02 
2.984634e+02 
2.984634e+02 
2.984634e+02 
2.984634e+02 
2.984634e+02 
2.984634e+02 
2.984634e+02 
2.984634e+02 
2.984634e+02 
2.984634e+02 
2.984634e+02 
2.984634e+02 
2.984634e+02 
2.984634e+02 
2.984634e+02 
2.984634e+02 
2.984634e+02 
2.984634e+02 
2.984634e+02 
2.984634e+02 
2.984634e+02 
2.984634e+02 
2.984634e+02 
2.984634e+02 
2.984634e+02 
2.984634e+02 
2.984634e+02 
2.984634e+02 
2.984634e+02 
2.984634e+02 
2.984634e+02 
2.984634e+02 
2.984634e+02 
2.984634e+02 
2.984634e+02 
2.984634e+02 
2.984634e+02 
2.984634e+02 
2.984634e+02 
2.984634e+02 
2.984634e+02 
2.984634e+02 
2.984634e+02 
2.984634e+02 
2.984634e+02 
2.984634e+02 
2.984634e+02 
2.984634e+02 
2.984634e+02 
2.984634e+02 
2.984634e+02 
2.984634e+02 
2.984634e+02 
2.984634e+02 
2.984634e+02 
2.984634e+02 
2.984634e+02 
2.984634e+02 
2.984634e+02 
2.984634e+02 
2.984634e+02 
2.984634e+02 
2.984634e+02 
2.984634e+02 
2.984634e+02 
2.984634e+02 
2.984634e+02 
2.984634e+02 
2.984634e+02 
2.984634e+02 
2.984634e+02 
2.984634e+02 
2.984634e+02 
2.984634e+02 
2.984634e+02 
2.984634e+02 
2.984634e+02 
2.984634e+02 
2.984634e+02 
2.984634e+02 
2.984634e+02 
2.984634e+02 
2.984634e+02 
2.984634e+02 
2.984634e+02 
2.984634e+02 
2.984634e+02 
2.984634e+02 
2.984634e+02 
2.984634e+02 
2.984634e+02 
2.984634e+02 
2.984634e+02 
2.984634e+02 
2.984634e+02 
2.984634e+02 
2.984634e+02 
2.984634e+02 
2.984634e+02 
2.984634e+02 
2.984634e+02 
2.984634e+02 
2.984634e+02 
2.984634e+02 
2.984634e+02 
2.984634e+02 
2.984634e+02 
2.984634e+02 
2.984634e+02 
2.984634e+02 
2.984634e+02 
2.984634e+02 
2.984634e+02 
2.984634e+02 
2.984634e+02 
2.984634e+02 
2.984634e+02 
2.984634e+02 
2.984634e+02 
2.984634e+02 
2.984634e+02 
2.984634e+02 
2.984634e+02 
2.984634e+02 
2.984634e+02 
2.984634e+02 
2.984634e+02 
2.984634e+02 
2.984634e+02 
2.984634e+02 
2.984634e+02 
2.984634e+02 
2.984634e+02 
2.984634e+02 
2.984634e+02 
2.984634e+02 
2.984634e+02 
2.984634e+02 
2.984634e+02 
2.984634e+02 
2.984634e+02 
2.984634e+02 
2.984634e+02 
2.984634e+02 
2.984634e+02 
2.984634e+02 
2.984634e+02 
2.984634e+02 
2.984634e+02 
2.984634e+02 
2.984634e+02 
2.984634e+02 
2.984634e+02 
2.984634e+02 
2.984634e+02 
2.984634e+02 
2.984634e+02 
2.984634e+02 
2.984634e+02 
2.984634e+02 
2.984634e+02 
2.984634e+02 
2.984634e+02 
2.984634e+02 
2.984634e+02 
2.984634e+02 
2.984634e+02 
2.984634e+02 
2.984634e+02 
2.984634e+02 
2.984634e+02 
2.984634e+02 
2.984634e+02 
2.984634e+02 
2.984634e+02 
2.984634e+02 
2.984634e+02 
2.984634e+02 
2.984634e+02 
2.984634e+02 
2.984634e+02 
2.984634e+02 
2.984634e+02 
2.984634e+02 
2.984634e+02 
2.984634e+02 
2.984634e+02 
2.984634e+02 
2.984634e+02 
2.984634e+02 
2.984634e+02 
2.984634e+02 
2.984634e+02 
2.984634e+02 
2.984634e+02 
2.984634e+02 
2.984634e+02 
2.984634e+02 
2.984634e+02 
2.984634e+02 
2.984634e+02 
2.984634e+02 
2.984634e+02 
2.984634e+02 
2.984634e+02 
2.984634e+02 
2.984634e+02 
2.984634e+02 
2.984634e+02 
2.984634e+02 
2.984634e+02 
2.984634e+02 
2.984634e+02 
2.984634e+02 
2.984634e+02 
2.984634e+02 
2.984634e+02 
2.984634e+02 
2.984634e+02 
2.984634e+02 
2.984634e+02 
2.984634e+02 
2.984634e+02 
2.984634e+02 
2.984634e+02 
2.984634e+02 
2.984634e+02 
2.984634e+02 
2.984634e+02 
2.984634e+02 
2.984634e+02 
2.984634e+02 
2.984634e+02 
2.984634e+02 
2.984634e+02 
2.984634e+02 
2.984634e+02 
2.984634e+02 
2.984634e+02 
2.984634e+02 
2.984634e+02 
2.984634e+02 
2.984634e+02 
2.984634e+02 
2.984634e+02 
2.984634e+02 
2.984634e+02 
2.984634e+02 
2.984634e+02 
2.984634e+02 
2.984634e+02 
2.984634e+02 
2.984634e+02 
2.984634e+02 
2.984634e+02 
2.984634e+02 
2.984634e+02 
2.984634e+02 
2.984634e+02 
2.984634e+02 
2.984634e+02 
2.984634e+02 
2.984634e+02 
2.984634e+02 
2.984634e+02 
2.984634e+02 
2.984634e+02 
2.984634e+02 
2.984634e+02 
2.984634e+02 
2.984634e+02 
2.984634e+02 
2.984634e+02 
2.984634e+02 
2.984634e+02 
2.984634e+02 
2.984634e+02 
2.984634e+02 
2.984634e+02 
2.984634e+02 
2.984634e+02 
2.984634e+02 
2.984634e+02 
2.984634e+02 
2.984634e+02 
2.984634e+02 
2.984634e+02 
2.984634e+02 
2.984634e+02 
2.984634e+02 
2.984634e+02 
2.984634e+02 
2.984634e+02 
2.984634e+02 
2.984634e+02 
2.984634e+02 
2.984634e+02 
2.984634e+02 
2.984634e+02 
2.984634e+02 
2.984634e+02 
2.984634e+02 
2.984634e+02 
2.984634e+02 
2.984634e+02 
2.984634e+02 
2.984634e+02 
2.984634e+02 
2.984634e+02 
2.984634e+02 
2.984634e+02 
2.984634e+02 
2.984634e+02 
2.984634e+02 
2.984634e+02 
2.984634e+02 
2.984634e+02 
2.984634e+02 
2.984634e+02 
2.984634e+02 
2.984634e+02 
2.984634e+02 
2.984634e+02 
2.984634e+02 
2.984634e+02 
2.984634e+02 
2.984634e+02 
2.984634e+02 
2.984634e+02 
2.984634e+02 
2.984634e+02 
2.984634e+02 
2.984634e+02 
2.984634e+02 
2.984634e+02 
2.984634e+02 
2.984634e+02 
2.984634e+02 
2.984634e+02 
2.984634e+02 
2.984634e+02 
2.984634e+02 
2.984634e+02 
2.984634e+02 
2.984634e+02 
2.984634e+02 
2.984634e+02 
2.984634e+02 
2.984634e+02 
2.984634e+02 
2.984634e+02 
2.984634e+02 
2.984634e+02 
2.984634e+02 
2.984634e+02 
2.984634e+02 
2.984634e+02 
2.984634e+02 
2.984634e+02 
2.984634e+02 
2.984634e+02 
2.984634e+02 
2.984634e+02 
2.984634e+02 
2.984634e+02 
2.984634e+02 
2.984634e+02 
2.984634e+02 
2.984634e+02 
2.984634e+02 
2.984634e+02 
2.984634e+02 
2.984634e+02 
2.984634e+02 
2.984634e+02 
2.984634e+02 
2.984634e+02 
2.984634e+02 
2.984634e+02 
2.984634e+02 
2.984634e+02 
2.984634e+02 
2.984634e+02 
2.984634e+02 
2.984634e+02 
2.984634e+02 
2.984634e+02 
2.984634e+02 
2.984634e+02 
2.984634e+02 
2.984634e+02 
2.984634e+02 
2.984634e+02 
2.984634e+02 
2.984634e+02 
2.984634e+02 
2.984634e+02 
2.984634e+02 
2.984634e+02 
2.984634e+02 
2.984634e+02 
2.984634e+02 
2.984634e+02 
2.984634e+02 
2.984634e+02 
2.984634e+02 
2.984634e+02 
2.984634e+02 
2.984634e+02 
2.984634e+02 
2.984634e+02 
2.984634e+02 
2.984634e+02 
2.984634e+02 
2.984634e+02 
2.984634e+02 
2.984634e+02 
2.984634e+02 
2.984634e+02 
2.984634e+02 
2.984634e+02 
2.984634e+02 
2.984634e+02 
2.984634e+02 
2.984634e+02 
2.984634e+02 
2.984634e+02 
2.984634e+02 
2.984634e+02 
2.984634e+02 
2.984634e+02 
2.984634e+02 
2.984634e+02 
2.984634e+02 
2.984634e+02 
2.984634e+02 
2.984634e+02 
2.984634e+02 
2.984634e+02 
2.984634e+02 
2.984634e+02 
2.984634e+02 
2.984634e+02 
2.984634e+02 
2.984634e+02 
2.984634e+02 
2.984634e+02 
2.984634e+02 
2.984634e+02 
2.984634e+02 
2.984634e+02 
2.984634e+02 
2.984634e+02 
2.984634e+02 
2.984634e+02 
2.984634e+02 
2.984634e+02 
2.984634e+02 
2.984634e+02 
2.984634e+02 
2.984634e+02 
2.984634e+02 
2.984634e+02 
2.984634e+02 
2.984634e+02 
2.984634e+02 
2.984634e+02 
2.984634e+02 
2.984634e+02 
2.984634e+02 
2.984634e+02 
2.984634e+02 
2.984634e+02 
2.984634e+02 
2.984634e+02 
2.984634e+02 
2.984634e+02 
2.984634e+02 
2.984634e+02 
2.984634e+02 
2.984634e+02 
2.984634e+02 
2.984634e+02 
2.984634e+02 
2.984634e+02 
2.984634e+02 
2.984634e+02 
2.984634e+02 
2.984634e+02 
2.984634e+02 
2.984634e+02 
2.984634e+02 
2.984634e+02 
2.984634e+02 
2.984634e+02 
2.984634e+02 
2.984634e+02 
2.984634e+02 
2.984634e+02 
2.984634e+02 
2.984634e+02 
2.984634e+02 
2.984634e+02 
2.984634e+02 
2.984634e+02 
2.984634e+02 
2.984634e+02 
2.984634e+02 
2.984634e+02 
2.984634e+02 
2.984634e+02 
2.984634e+02 
2.984634e+02 
2.984634e+02 
2.984634e+02 
2.984634e+02 
2.984634e+02 
2.984634e+02 
2.984634e+02 
2.984634e+02 
2.984634e+02 
2.984634e+02 
2.984634e+02 
2.984634e+02 
2.984634e+02 
2.984634e+02 
2.984634e+02 
2.984634e+02 
2.984634e+02 
2.984634e+02 
2.984634e+02 
2.984634e+02 
2.984634e+02 
2.984634e+02 
2.984634e+02 
2.984634e+02 
2.984634e+02 
2.984634e+02 
2.984634e+02 
2.984634e+02 
2.984634e+02 
2.984634e+02 
2.984634e+02 
2.984634e+02 
2.984634e+02 
2.984634e+02 
2.984634e+02 
2.984634e+02 
2.984634e+02 
2.984634e+02 
2.984634e+02 
2.984634e+02 
2.984634e+02 
2.984634e+02 
2.984634e+02 
2.984634e+02 
2.984634e+02 
2.984634e+02 
2.984634e+02 
2.984634e+02 
2.984634e+02 
2.984634e+02 
2.984634e+02 
2.984634e+02 
2.984634e+02 
2.984634e+02 
2.984634e+02 
2.984634e+02 
2.984634e+02 
2.984634e+02 
2.984634e+02 
2.984634e+02 
2.984634e+02 
2.984634e+02 
2.984634e+02 
2.984634e+02 
2.984634e+02 
2.984634e+02 
2.984634e+02 
2.984634e+02 
2.984634e+02 
2.984634e+02 
2.984634e+02 
2.984634e+02 
2.984634e+02 
2.984634e+02 
2.984634e+02 
2.984634e+02 
2.984634e+02 
2.984634e+02 
2.984634e+02 
2.984634e+02 
2.984634e+02 
2.984634e+02 
2.984634e+02 
2.984634e+02 
2.984634e+02 
2.984634e+02 
2.984634e+02 
2.984634e+02 
2.984634e+02 
2.984634e+02 
2.984634e+02 
2.984634e+02 
2.984634e+02 
2.984634e+02 
2.984634e+02 
2.984634e+02 
2.984634e+02 
2.984634e+02 
2.984634e+02 
2.984634e+02 
2.984634e+02 
2.984634e+02 
2.984634e+02 
2.984634e+02 
2.984634e+02 
2.984634e+02 
2.984634e+02 
2.984634e+02 
2.984634e+02 
2.984634e+02 
2.984634e+02 
2.984634e+02 
2.984634e+02 
2.984634e+02 
2.984634e+02 
2.984634e+02 
2.984634e+02 
2.984634e+02 
2.984634e+02 
2.984634e+02 
2.984634e+02 
2.984634e+02 
2.984634e+02 
2.984634e+02 
2.984634e+02 
2.984634e+02 
2.984634e+02 
2.984634e+02 
2.984634e+02 
2.984634e+02 
2.984634e+02 
2.984634e+02 
2.984634e+02 
2.984634e+02 
2.984634e+02 
2.984634e+02 
2.984634e+02 
2.984634e+02 
2.984634e+02 
2.984634e+02 
2.984634e+02 
2.984634e+02 
2.984634e+02 
2.984634e+02 
2.984634e+02 
2.984634e+02 
2.984634e+02 
2.984634e+02 
2.984634e+02 
2.984634e+02 
2.984634e+02 
2.984634e+02 
2.984634e+02 
2.984634e+02 
2.984634e+02 
2.984634e+02 
2.984634e+02 
2.984634e+02 
2.984634e+02 
2.984634e+02 
2.984634e+02 
2.984634e+02 
2.984634e+02 
2.984634e+02 
2.984634e+02 
2.984634e+02 
2.984634e+02 
2.984634e+02 
2.984634e+02 
2.984634e+02 
2.984634e+02 
2.984634e+02 
2.984634e+02 
2.984634e+02 
2.984634e+02 
2.984634e+02 
2.984634e+02 
2.984634e+02 
2.984634e+02 
2.984634e+02 
2.984634e+02 
2.984634e+02 
2.984634e+02 
2.984634e+02 
2.984634e+02 
2.984634e+02 
2.984634e+02 
2.984634e+02 
2.984634e+02 
2.984634e+02 
2.984634e+02 
2.984634e+02 
2.984634e+02 
2.984634e+02 
2.984634e+02 
2.984634e+02 
2.984634e+02 
2.984634e+02 
2.984634e+02 
2.984634e+02 
2.984634e+02 
2.984634e+02 
2.984634e+02 
2.984634e+02 
2.984634e+02 
2.984634e+02 
2.984634e+02 
2.984634e+02 
2.984634e+02 
2.984634e+02 
2.984634e+02 
2.984634e+02 
2.984634e+02 
2.984634e+02 
2.984634e+02 
2.984634e+02 
2.984634e+02 
2.984634e+02 
2.984634e+02 
2.984634e+02 
2.984634e+02 
2.984634e+02 
2.984634e+02 
2.984634e+02 
2.984634e+02 
2.984634e+02 
2.984634e+02 
2.984634e+02 
2.984634e+02 
2.984634e+02 
2.984634e+02 
2.984634e+02 
2.984634e+02 
2.984634e+02 
2.984634e+02 
2.984634e+02 
2.984634e+02 
2.984634e+02 
2.984634e+02 
2.984634e+02 
2.984634e+02 
2.984634e+02 
2.984634e+02 
2.984634e+02 
2.984634e+02 
2.984634e+02 
2.984634e+02 
2.984634e+02 
2.984634e+02 
2.984634e+02 
2.984634e+02 
2.984634e+02 
2.984634e+02 
2.984634e+02 
2.984634e+02 
2.984634e+02 
2.984634e+02 
2.984634e+02 
2.984634e+02 
2.984634e+02 
2.984634e+02 
2.984634e+02 
2.984634e+02 
2.984634e+02 
2.984634e+02 
2.984634e+02 
2.984634e+02 
2.984634e+02 
2.984634e+02 
2.984634e+02 
2.984634e+02 
2.984634e+02 
2.984634e+02 
2.984634e+02 
2.984634e+02 
2.984634e+02 
2.984634e+02 
2.984634e+02 
2.984634e+02 
2.984634e+02 
2.984634e+02 
2.984634e+02 
2.984634e+02 
2.984634e+02 
2.984634e+02 
2.984634e+02 
2.984634e+02 
2.984634e+02 
2.984634e+02 
2.984634e+02 
2.984634e+02 
2.984634e+02 
2.984634e+02 
2.984634e+02 
2.984634e+02 
2.984634e+02 
2.984634e+02 
2.984634e+02 
2.984634e+02 
2.984634e+02 
2.984634e+02 
2.984634e+02 
2.984634e+02 
2.984634e+02 
2.984634e+02 
2.984634e+02 
2.984634e+02 
2.984634e+02 
2.984634e+02 
2.984634e+02 
2.984634e+02 
2.984634e+02 
2.984634e+02 
2.984634e+02 
2.984634e+02 
2.984634e+02 
2.984634e+02 
2.984634e+02 
2.984634e+02 
2.984634e+02 
2.984634e+02 
2.984634e+02 
2.984634e+02 
2.984634e+02 
2.984634e+02 
2.984634e+02 
2.984634e+02 
2.984634e+02 
2.984634e+02 
2.984634e+02 
2.984634e+02 
2.984634e+02 
2.984634e+02 
2.984634e+02 
2.984634e+02 
2.984634e+02 
2.984634e+02 
2.984634e+02 
2.984634e+02 
2.984634e+02 
2.984634e+02 
2.984634e+02 
2.984634e+02 
2.984634e+02 
2.984634e+02 
2.984634e+02 
2.984634e+02 
2.984634e+02 
2.984634e+02 
2.984634e+02 
2.984634e+02 
2.984634e+02 
2.984634e+02 
2.984634e+02 
2.984634e+02 
2.984634e+02 
2.984634e+02 
2.984634e+02 
2.984634e+02 
2.984634e+02 
2.984634e+02 
2.984634e+02 
2.984634e+02 
2.984634e+02 
2.984634e+02 
2.984634e+02 
2.984634e+02 
2.984634e+02 
2.984634e+02 
2.984634e+02 
2.984634e+02 
2.984634e+02 
2.984634e+02 
2.984634e+02 
2.984634e+02 
2.984634e+02 
2.984634e+02 
2.984634e+02 
2.984634e+02 
2.984634e+02 
2.984634e+02 
2.984634e+02 
2.984634e+02 
2.984634e+02 
2.984634e+02 
2.984634e+02 
2.984634e+02 
2.984634e+02 
2.984634e+02 
2.984634e+02 
2.984634e+02 
2.984634e+02 
2.984634e+02 
2.984634e+02 
2.984634e+02 
2.984634e+02 
2.984634e+02 
2.984634e+02 
2.984634e+02 
2.984634e+02 
2.984634e+02 
2.984634e+02 
2.984634e+02 
2.984634e+02 
2.984634e+02 
2.984634e+02 
2.984634e+02 
2.984634e+02 
2.984634e+02 
2.984634e+02 
2.984634e+02 
2.984634e+02 
2.984634e+02 
2.984634e+02 
2.984634e+02 
2.984634e+02 
2.984634e+02 
2.984634e+02 
2.984634e+02 
2.984634e+02 
2.984634e+02 
2.984634e+02 
2.984634e+02 
2.984634e+02 
2.984634e+02 
2.984634e+02 
2.984634e+02 
2.984634e+02 
2.984634e+02 
2.984634e+02 
2.984634e+02 
2.984634e+02 
2.984634e+02 
2.984634e+02 
2.984634e+02 
2.984634e+02 
2.984634e+02 
2.984634e+02 
2.984634e+02 
2.984634e+02 
2.984634e+02 
2.984634e+02 
2.984634e+02 
2.984634e+02 
2.984634e+02 
2.984634e+02 
2.984634e+02 
2.984634e+02 
2.984634e+02 
2.984634e+02 
2.984634e+02 
2.984634e+02 
2.984634e+02 
2.984634e+02 
2.984634e+02 
2.984634e+02 
2.984634e+02 
2.984634e+02 
2.984634e+02 
2.984634e+02 
2.984634e+02 
2.984634e+02 
2.984634e+02 
2.984634e+02 
2.984634e+02 
2.984634e+02 
2.984634e+02 
2.984634e+02 
2.984634e+02 
2.984634e+02 
2.984634e+02 
2.984634e+02 
2.984634e+02 
2.984634e+02 
2.984634e+02 
2.984634e+02 
2.984634e+02 
2.984634e+02 
2.984634e+02 
2.984634e+02 
2.984634e+02 
2.984634e+02 
2.984634e+02 
2.984634e+02 
2.984634e+02 
2.984634e+02 
2.984634e+02 
2.984634e+02 
2.984634e+02 
2.984634e+02 
2.984634e+02 
2.984634e+02 
2.984634e+02 
2.984634e+02 
2.984634e+02 
2.984634e+02 
2.984634e+02 
2.984634e+02 
2.984634e+02 
2.984634e+02 
2.984634e+02 
2.984634e+02 
2.984634e+02 
2.984634e+02 
2.984634e+02 
2.984634e+02 
2.984634e+02 
2.984634e+02 
2.984634e+02 
2.984634e+02 
2.984634e+02 
2.984634e+02 
2.984634e+02 
2.984634e+02 
2.984634e+02 
2.984634e+02 
2.984634e+02 
2.984634e+02 
2.984634e+02 
2.984634e+02 
2.984634e+02 
2.984634e+02 
2.984634e+02 
2.984634e+02 
2.984634e+02 
2.984634e+02 
2.984634e+02 
2.984634e+02 
2.984634e+02 
2.984634e+02 
2.984634e+02 
2.984634e+02 
2.984634e+02 
2.984634e+02 
2.984634e+02 
2.984634e+02 
2.984634e+02 
2.984634e+02 
2.984634e+02 
2.984634e+02 
2.984634e+02 
2.984634e+02 
2.984634e+02 
2.984634e+02 
2.984634e+02 
2.984634e+02 
2.984634e+02 
2.984634e+02 
2.984634e+02 
2.984634e+02 
2.984634e+02 
2.984634e+02 
2.984634e+02 
2.984634e+02 
2.984634e+02 
2.984634e+02 
2.984634e+02 
2.984634e+02 
2.984634e+02 
2.984634e+02 
2.984634e+02 
2.984634e+02 
2.984634e+02 
2.984634e+02 
2.984634e+02 
2.984634e+02 
2.984634e+02 
2.984634e+02 
2.984634e+02 
2.984634e+02 
2.984634e+02 
2.984634e+02 
2.984634e+02 
2.984634e+02 
2.984634e+02 
2.984634e+02 
2.984634e+02 
2.984634e+02 
2.984634e+02 
2.984634e+02 
2.984634e+02 
2.984634e+02 
2.984634e+02 
2.984634e+02 
2.984634e+02 
2.984634e+02 
2.984634e+02 
2.984634e+02 
2.984634e+02 
2.984634e+02 
2.984634e+02 
2.984634e+02 
2.984634e+02 
2.984634e+02 
2.984634e+02 
2.984634e+02 
2.984634e+02 
2.984634e+02 
2.984634e+02 
2.984634e+02 
2.984634e+02 
2.984634e+02 
2.984634e+02 
2.984634e+02 
2.984634e+02 
2.984634e+02 
2.984634e+02 
2.984634e+02 
2.984634e+02 
2.984634e+02 
2.984634e+02 
2.984634e+02 
2.984634e+02 
2.984634e+02 
2.984634e+02 
2.984634e+02 
2.984634e+02 
2.984634e+02 
2.984634e+02 
2.984634e+02 
2.984634e+02 
2.984634e+02 
2.984634e+02 
2.984634e+02 
2.984634e+02 
2.984634e+02 
2.984634e+02 
2.984634e+02 
2.984634e+02 
2.984634e+02 
2.984634e+02 
2.984634e+02 
2.984634e+02 
2.984634e+02 
2.984634e+02 
2.984634e+02 
2.984634e+02 
2.984634e+02 
2.984634e+02 
2.984634e+02 
2.984634e+02 
2.984634e+02 
2.984634e+02 
2.984634e+02 
2.984634e+02 
2.984634e+02 
2.984634e+02 
2.984634e+02 
2.984634e+02 
2.984634e+02 
2.984634e+02 
2.984634e+02 
2.984634e+02 
2.984634e+02 
2.984634e+02 
2.984634e+02 
2.984634e+02 
2.984634e+02 
2.984634e+02 
2.984634e+02 
2.984634e+02 
2.984634e+02 
2.984634e+02 
2.984634e+02 
2.984634e+02 
2.984634e+02 
2.984634e+02 
2.984634e+02 
2.984634e+02 
2.984634e+02 
2.984634e+02 
2.984634e+02 
2.984634e+02 
2.984634e+02 
2.984634e+02 
2.984634e+02 
2.984634e+02 
2.984634e+02 
2.984634e+02 
2.984634e+02 
2.984634e+02 
2.984634e+02 
2.984634e+02 
2.984634e+02 
2.984634e+02 
2.984634e+02 
2.984634e+02 
2.984634e+02 
2.984634e+02 
2.984634e+02 
2.984634e+02 
2.984634e+02 
2.984634e+02 
2.984634e+02 
2.984634e+02 
2.984634e+02 
2.984634e+02 
2.984634e+02 
2.984634e+02 
2.984634e+02 
2.984634e+02 
2.984634e+02 
2.984634e+02 
2.984634e+02 
2.984634e+02 
2.984634e+02 
2.984634e+02 
2.984634e+02 
2.984634e+02 
2.984634e+02 
2.984634e+02 
2.984634e+02 
2.984634e+02 
2.984634e+02 
2.984634e+02 
2.984634e+02 
2.984634e+02 
2.984634e+02 
2.984634e+02 
2.984634e+02 
2.984634e+02 
2.984634e+02 
2.984634e+02 
2.984634e+02 
2.984634e+02 
2.984634e+02 
2.984634e+02 
2.984634e+02 
2.984634e+02 
2.984634e+02 
2.984634e+02 
2.984634e+02 
2.984634e+02 
2.984634e+02 
2.984634e+02 
2.984634e+02 
2.984634e+02 
2.984634e+02 
2.984634e+02 
2.984634e+02 
2.984634e+02 
2.984634e+02 
2.984634e+02 
2.984634e+02 
2.984634e+02 
2.984634e+02 
2.984634e+02 
2.984634e+02 
2.984634e+02 
2.984634e+02 
2.984634e+02 
2.984634e+02 
2.984634e+02 
2.984634e+02 
2.984634e+02 
2.984634e+02 
2.984634e+02 
2.984634e+02 
2.984634e+02 
2.984634e+02 
2.984634e+02 
2.984634e+02 
2.984634e+02 
2.984634e+02 
2.984634e+02 
2.984634e+02 
2.984634e+02 
2.984634e+02 
2.984634e+02 
2.984634e+02 
2.984634e+02 
2.984634e+02 
2.984634e+02 
2.984634e+02 
2.984634e+02 
2.984634e+02 
2.984634e+02 
2.984634e+02 
2.984634e+02 
2.984634e+02 
2.984634e+02 
2.984634e+02 
2.984634e+02 
2.984634e+02 
2.984634e+02 
2.984634e+02 
2.984634e+02 
2.984634e+02 
2.984634e+02 
2.984634e+02 
2.984634e+02 
2.984634e+02 
2.984634e+02 
2.984634e+02 
2.984634e+02 
2.984634e+02 
2.984634e+02 
2.984634e+02 
2.984634e+02 
2.984634e+02 
2.984634e+02 
2.984634e+02 
2.984634e+02 
2.984634e+02 
2.984634e+02 
2.984634e+02 
2.984634e+02 
2.984634e+02 
2.984634e+02 
2.984634e+02 
2.984634e+02 
2.984634e+02 
2.984634e+02 
2.984634e+02 
2.984634e+02 
2.984634e+02 
2.984634e+02 
2.984634e+02 
2.984634e+02 
2.984634e+02 
2.984634e+02 
2.984634e+02 
2.984634e+02 
2.984634e+02 
2.984634e+02 
2.984634e+02 
2.984634e+02 
2.984634e+02 
2.984634e+02 
2.984634e+02 
2.984634e+02 
2.984634e+02 
2.984634e+02 
2.984634e+02 
2.984634e+02 
2.984634e+02 
2.984634e+02 
2.984634e+02 
2.984634e+02 
2.984634e+02 
2.984634e+02 
2.984634e+02 
2.984634e+02 
2.984634e+02 
2.984634e+02 
2.984634e+02 
2.984634e+02 
2.984634e+02 
2.984634e+02 
2.984634e+02 
2.984634e+02 
2.984634e+02 
2.984634e+02 
2.984634e+02 
2.984634e+02 
2.984634e+02 
2.984634e+02 
2.984634e+02 
2.984634e+02 
2.984634e+02 
2.984634e+02 
2.984634e+02 
2.984634e+02 
2.984634e+02 
2.984634e+02 
2.984634e+02 
2.984634e+02 
2.984634e+02 
2.984634e+02 
2.984634e+02 
2.984634e+02 
2.984634e+02 
2.984634e+02 
2.984634e+02 
2.984634e+02 
2.984634e+02 
2.984634e+02 
2.984634e+02 
2.984634e+02 
2.984634e+02 
2.984634e+02 
2.984634e+02 
2.984634e+02 
2.984634e+02 
2.984634e+02 
2.984634e+02 
2.984634e+02 
2.984634e+02 
2.984634e+02 
2.984634e+02 
2.984634e+02 
2.984634e+02 
2.984634e+02 
2.984634e+02 
2.984634e+02 
2.984634e+02 
2.984634e+02 
2.984634e+02 
2.984634e+02 
2.984634e+02 
2.984634e+02 
2.984634e+02 
2.984634e+02 
2.984634e+02 
2.984634e+02 
2.984634e+02 
2.984634e+02 
2.984634e+02 
2.984634e+02 
2.984634e+02 
2.984634e+02 
2.984634e+02 
2.984634e+02 
2.984634e+02 
2.984634e+02 
2.984634e+02 
2.984634e+02 
2.984634e+02 
2.984634e+02 
2.984634e+02 
2.984634e+02 
2.984634e+02 
2.984634e+02 
2.984634e+02 
2.984634e+02 
2.984634e+02 
2.984634e+02 
2.984634e+02 
2.984634e+02 
2.984634e+02 
2.984634e+02 
2.984634e+02 
2.984634e+02 
2.984634e+02 
2.984634e+02 
2.984634e+02 
2.984634e+02 
2.984634e+02 
2.984634e+02 
2.984634e+02 
2.984634e+02 
2.984634e+02 
2.984634e+02 
2.984634e+02 
2.984634e+02 
2.984634e+02 
2.984634e+02 
2.984634e+02 
2.984634e+02 
2.984634e+02 
2.984634e+02 
2.984634e+02 
2.984634e+02 
2.984634e+02 
2.984634e+02 
2.984634e+02 
2.984634e+02 
2.984634e+02 
2.984634e+02 
2.984634e+02 
2.984634e+02 
2.984634e+02 
2.984634e+02 
2.984634e+02 
2.984634e+02 
2.984634e+02 
2.984634e+02 
2.984634e+02 
2.984634e+02 
2.984634e+02 
2.984634e+02 
2.984634e+02 
2.984634e+02 
2.984634e+02 
2.984634e+02 
2.984634e+02 
2.984634e+02 
2.984634e+02 
2.984634e+02 
2.984634e+02 
2.984634e+02 
2.984634e+02 
2.984634e+02 
2.984634e+02 
2.984634e+02 
2.984634e+02 
2.984634e+02 
2.984634e+02 
2.984634e+02 
2.984634e+02 
2.984634e+02 
2.984634e+02 
2.984634e+02 
2.984634e+02 
2.984634e+02 
2.984634e+02 
2.984634e+02 
2.984634e+02 
2.984634e+02 
2.984634e+02 
2.984634e+02 
2.984634e+02 
2.984634e+02 
2.984634e+02 
2.984634e+02 
2.984634e+02 
2.984634e+02 
2.984634e+02 
2.984634e+02 
2.984634e+02 
2.984634e+02 
2.984634e+02 
2.984634e+02 
2.984634e+02 
2.984634e+02 
2.984634e+02 
2.984634e+02 
2.984634e+02 
2.984634e+02 
2.984634e+02 
2.984634e+02 
2.984634e+02 
2.984634e+02 
2.984634e+02 
2.984634e+02 
2.984634e+02 
2.984634e+02 
2.984634e+02 
2.984634e+02 
2.984634e+02 
2.984634e+02 
2.984634e+02 
2.984634e+02 
2.984634e+02 
2.984634e+02 
2.984634e+02 
2.984634e+02 
2.984634e+02 
2.984634e+02 
2.984634e+02 
2.984634e+02 
2.984634e+02 
2.984634e+02 
2.984634e+02 
2.984634e+02 
2.984634e+02 
2.984634e+02 
2.984634e+02 
2.984634e+02 
2.984634e+02 
2.984634e+02 
2.984634e+02 
2.984634e+02 
2.984634e+02 
2.984634e+02 
2.984634e+02 
2.984634e+02 
2.984634e+02 
2.984634e+02 
2.984634e+02 
2.984634e+02 
2.984634e+02 
2.984634e+02 
2.984634e+02 
2.984634e+02 
2.984634e+02 
2.984634e+02 
2.984634e+02 
2.984634e+02 
2.984634e+02 
2.984634e+02 
2.984634e+02 
2.984634e+02 
2.984634e+02 
2.984634e+02 
2.984634e+02 
2.984634e+02 
2.984634e+02 
2.984634e+02 
2.984634e+02 
2.984634e+02 
2.984634e+02 
2.984634e+02 
2.984634e+02 
2.984634e+02 
2.984634e+02 
2.984634e+02 
2.984634e+02 
2.984634e+02 
2.984634e+02 
2.984634e+02 
2.984634e+02 
2.984634e+02 
2.984634e+02 
2.984634e+02 
2.984634e+02 
2.984634e+02 
2.984634e+02 
2.984634e+02 
2.984634e+02 
2.984634e+02 
2.984634e+02 
2.984634e+02 
2.984634e+02 
2.984634e+02 
2.984634e+02 
2.984634e+02 
2.984634e+02 
2.984634e+02 
2.984634e+02 
2.984634e+02 
2.984634e+02 
2.984634e+02 
2.984634e+02 
2.984634e+02 
2.984634e+02 
2.984634e+02 
2.984634e+02 
2.984634e+02 
2.984634e+02 
2.984634e+02 
2.984634e+02 
2.984634e+02 
2.984634e+02 
2.984634e+02 
2.984634e+02 
2.984634e+02 
2.984634e+02 
2.984634e+02 
2.984634e+02 
2.984634e+02 
2.984634e+02 
2.984634e+02 
2.984634e+02 
2.984634e+02 
2.984634e+02 
2.984634e+02 
2.984634e+02 
2.984634e+02 
2.984634e+02 
2.984634e+02 
2.984634e+02 
2.984634e+02 
2.984634e+02 
2.984634e+02 
2.984634e+02 
2.984634e+02 
2.984634e+02 
2.984634e+02 
2.984634e+02 
2.984634e+02 
2.984634e+02 
2.984634e+02 
2.984634e+02 
2.984634e+02 
2.984634e+02 
2.984634e+02 
2.984634e+02 
2.984634e+02 
2.984634e+02 
2.984634e+02 
2.984634e+02 
2.984634e+02 
2.984634e+02 
2.984634e+02 
2.984634e+02 
2.984634e+02 
2.984634e+02 
2.984634e+02 
2.984634e+02 
2.984634e+02 
2.984634e+02 
2.984634e+02 
2.984634e+02 
2.984634e+02 
2.984634e+02 
2.984634e+02 
2.984634e+02 
2.984634e+02 
2.984634e+02 
2.984634e+02 
2.984634e+02 
2.984634e+02 
2.984634e+02 
2.984634e+02 
2.984634e+02 
2.984634e+02 
2.984634e+02 
2.984634e+02 
2.984634e+02 
2.984634e+02 
2.984634e+02 
2.984634e+02 
2.984634e+02 
2.984634e+02 
2.984634e+02 
2.984634e+02 
2.984634e+02 
2.984634e+02 
2.984634e+02 
2.984634e+02 
2.984634e+02 
2.984634e+02 
2.984634e+02 
2.984634e+02 
2.984634e+02 
2.984634e+02 
2.984634e+02 
2.984634e+02 
2.984634e+02 
2.984634e+02 
2.984634e+02 
2.984634e+02 
2.984634e+02 
2.984634e+02 
2.984634e+02 
2.984634e+02 
2.984634e+02 
2.984634e+02 
2.984634e+02 
2.984634e+02 
2.984634e+02 
2.984634e+02 
2.984634e+02 
2.984634e+02 
2.984634e+02 
2.984634e+02 
2.984634e+02 
2.984634e+02 
2.984634e+02 
2.984634e+02 
2.984634e+02 
2.984634e+02 
2.984634e+02 
2.984634e+02 
2.984634e+02 
2.984634e+02 
2.984634e+02 
2.984634e+02 
2.984634e+02 
2.984634e+02 
2.984634e+02 
2.984634e+02 
2.984634e+02 
2.984634e+02 
2.984634e+02 
2.984634e+02 
2.984634e+02 
2.984634e+02 
2.984634e+02 
2.984634e+02 
2.984634e+02 
2.984634e+02 
2.984634e+02 
2.984634e+02 
2.984634e+02 
2.984634e+02 
2.984634e+02 
2.984634e+02 
2.984634e+02 
2.984634e+02 
2.984634e+02 
2.984634e+02 
2.984634e+02 
2.984634e+02 
2.984634e+02 
2.984634e+02 
2.984634e+02 
2.984634e+02 
2.984634e+02 
2.984634e+02 
2.984634e+02 
2.984634e+02 
2.984634e+02 
2.984634e+02 
2.984634e+02 
2.984634e+02 
2.984634e+02 
2.984634e+02 
2.984634e+02 
2.984634e+02 
2.984634e+02 
2.984634e+02 
2.984634e+02 
2.984634e+02 
2.984634e+02 
2.984634e+02 
2.984634e+02 
2.984634e+02 
2.984634e+02 
2.984634e+02 
2.984634e+02 
2.984634e+02 
2.984634e+02 
2.984634e+02 
2.984634e+02 
2.984634e+02 
2.984634e+02 
2.984634e+02 
2.984634e+02 
2.984634e+02 
2.984634e+02 
2.984634e+02 
2.984634e+02 
2.984634e+02 
2.984634e+02 
2.984634e+02 
2.984634e+02 
2.984634e+02 
2.984634e+02 
2.984634e+02 
2.984634e+02 
2.984634e+02 
2.984634e+02 
2.984634e+02 
2.984634e+02 
2.984634e+02 
2.984634e+02 
2.984634e+02 
2.984634e+02 
2.984634e+02 
2.984634e+02 
2.984634e+02 
2.984634e+02 
2.984634e+02 
2.984634e+02 
2.984634e+02 
2.984634e+02 
2.984634e+02 
2.984634e+02 
2.984634e+02 
2.984634e+02 
2.984634e+02 
2.984634e+02 
2.984634e+02 
2.984634e+02 
2.984634e+02 
2.984634e+02 
2.984634e+02 
2.984634e+02 
2.984634e+02 
2.984634e+02 
2.984634e+02 
2.984634e+02 
2.984634e+02 
2.984634e+02 
2.984634e+02 
2.984634e+02 
2.984634e+02 
2.984634e+02 
2.984634e+02 
2.984634e+02 
2.984634e+02 
2.984634e+02 
2.984634e+02 
2.984634e+02 
2.984634e+02 
2.984634e+02 
2.984634e+02 
2.984634e+02 
2.984634e+02 
2.984634e+02 
2.984634e+02 
2.984634e+02 
2.984634e+02 
2.984634e+02 
2.984634e+02 
2.984634e+02 
2.984634e+02 
2.984634e+02 
2.984634e+02 
2.984634e+02 
2.984634e+02 
2.984634e+02 
2.984634e+02 
2.984634e+02 
2.984634e+02 
2.984634e+02 
2.984634e+02 
2.984634e+02 
2.984634e+02 
2.984634e+02 
2.984634e+02 
2.984634e+02 
2.984634e+02 
2.984634e+02 
2.984634e+02 
2.984634e+02 
2.984634e+02 
2.984634e+02 
2.984634e+02 
2.984634e+02 
2.984634e+02 
2.984634e+02 
2.984634e+02 
2.984634e+02 
2.984634e+02 
2.984634e+02 
2.984634e+02 
2.984634e+02 
2.984634e+02 
2.984634e+02 
2.984634e+02 
2.984634e+02 
2.984634e+02 
2.984634e+02 
2.984634e+02 
2.984634e+02 
2.984634e+02 
2.984634e+02 
2.984634e+02 
2.984634e+02 
2.984634e+02 
2.984634e+02 
2.984634e+02 
2.984634e+02 
2.984634e+02 
2.984634e+02 
2.984634e+02 
2.984634e+02 
2.984634e+02 
2.984634e+02 
2.984634e+02 
2.984634e+02 
2.984634e+02 
2.984634e+02 
2.984634e+02 
2.984634e+02 
2.984634e+02 
2.984634e+02 
2.984634e+02 
2.984634e+02 
2.984634e+02 
2.984634e+02 
2.984634e+02 
2.984634e+02 
2.984634e+02 
2.984634e+02 
2.984634e+02 
2.984634e+02 
2.984634e+02 
2.984634e+02 
2.984634e+02 
2.984634e+02 
2.984634e+02 
2.984634e+02 
2.984634e+02 
2.984634e+02 
2.984634e+02 
2.984634e+02 
2.984634e+02 
2.984634e+02 
2.984634e+02 
2.984634e+02 
2.984634e+02 
2.984634e+02 
2.984634e+02 
2.984634e+02 
2.984634e+02 
2.984634e+02 
2.984634e+02 
2.984634e+02 
2.984634e+02 
2.984634e+02 
2.984634e+02 
2.984634e+02 
2.984634e+02 
2.984634e+02 
2.984634e+02 
2.984634e+02 
2.984634e+02 
2.984634e+02 
2.984634e+02 
2.984634e+02 
2.984634e+02 
2.984634e+02 
2.984634e+02 
2.984634e+02 
2.984634e+02 
2.984634e+02 
2.984634e+02 
2.984634e+02 
2.984634e+02 
2.984634e+02 
2.984634e+02 
2.984634e+02 
2.984634e+02 
2.984634e+02 
2.984634e+02 
2.984634e+02 
2.984634e+02 
2.984634e+02 
2.984634e+02 
2.984634e+02 
2.984634e+02 
2.984634e+02 
2.984634e+02 
2.984634e+02 
2.984634e+02 
2.984634e+02 
2.984634e+02 
2.984634e+02 
2.984634e+02 
2.984634e+02 
2.984634e+02 
2.984634e+02 
2.984634e+02 
2.984634e+02 
2.984634e+02 
2.984634e+02 
2.984634e+02 
2.984634e+02 
2.984634e+02 
2.984634e+02 
2.984634e+02 
2.984634e+02 
2.984634e+02 
2.984634e+02 
2.984634e+02 
2.984634e+02 
2.984634e+02 
2.984634e+02 
2.984634e+02 
2.984634e+02 
2.984634e+02 
2.984634e+02 
2.984634e+02 
2.984634e+02 
2.984634e+02 
2.984634e+02 
2.984634e+02 
2.984634e+02 
2.984634e+02 
2.984634e+02 
2.984634e+02 
2.984634e+02 
2.984634e+02 
2.984634e+02 
2.984634e+02 
2.984634e+02 
2.984634e+02 
2.984634e+02 
2.984634e+02 
2.984634e+02 
2.984634e+02 
2.984634e+02 
2.984634e+02 
2.984634e+02 
2.984634e+02 
2.984634e+02 
2.984634e+02 
2.984634e+02 
2.984634e+02 
2.984634e+02 
2.984634e+02 
2.984634e+02 
2.984634e+02 
2.984634e+02 
2.984634e+02 
2.984634e+02 
2.984634e+02 
2.984634e+02 
2.984634e+02 
2.984634e+02 
2.984634e+02 
2.984634e+02 
2.984634e+02 
2.984634e+02 
2.984634e+02 
2.984634e+02 
2.984634e+02 
2.984634e+02 
2.984634e+02 
2.984634e+02 
2.984634e+02 
2.984634e+02 
2.984634e+02 
2.984634e+02 
2.984634e+02 
2.984634e+02 
2.984634e+02 
2.984634e+02 
2.984634e+02 
2.984634e+02 
2.984634e+02 
2.984634e+02 
2.984634e+02 
2.984634e+02 
2.984634e+02 
2.984634e+02 
2.984634e+02 
2.984634e+02 
2.984634e+02 
2.984634e+02 
2.984634e+02 
2.984634e+02 
2.984634e+02 
2.984634e+02 
2.984634e+02 
2.984634e+02 
2.984634e+02 
2.984634e+02 
2.984634e+02 
2.984634e+02 
2.984634e+02 
2.984634e+02 
2.984634e+02 
2.984634e+02 
2.984634e+02 
2.984634e+02 
2.984634e+02 
2.984634e+02 
2.984634e+02 
2.984634e+02 
2.984634e+02 
2.984634e+02 
2.984634e+02 
2.984634e+02 
2.984634e+02 
2.984634e+02 
2.984634e+02 
2.984634e+02 
2.984634e+02 
2.984634e+02 
2.984634e+02 
2.984634e+02 
2.984634e+02 
2.984634e+02 
2.984634e+02 
2.984634e+02 
2.984634e+02 
2.984634e+02 
2.984634e+02 
2.984634e+02 
2.984634e+02 
2.984634e+02 
2.984634e+02 
2.984634e+02 
2.984634e+02 
2.984634e+02 
2.984634e+02 
2.984634e+02 
2.984634e+02 
2.984634e+02 
2.984634e+02 
2.984634e+02 
2.984634e+02 
2.984634e+02 
2.984634e+02 
2.984634e+02 
2.984634e+02 
2.984634e+02 
2.984634e+02 
2.984634e+02 
2.984634e+02 
2.984634e+02 
2.984634e+02 
2.984634e+02 
2.984634e+02 
2.984634e+02 
2.984634e+02 
2.984634e+02 
2.984634e+02 
2.984634e+02 
2.984634e+02 
2.984634e+02 
2.984634e+02 
2.984634e+02 
2.984634e+02 
2.984634e+02 
2.984634e+02 
2.984634e+02 
2.984634e+02 
2.984634e+02 
2.984634e+02 
2.984634e+02 
2.984634e+02 
2.984634e+02 
2.984634e+02 
2.984634e+02 
2.984634e+02 
2.984634e+02 
2.984634e+02 
2.984634e+02 
2.984634e+02 
2.984634e+02 
2.984634e+02 
2.984634e+02 
2.984634e+02 
2.984634e+02 
2.984634e+02 
2.984634e+02 
2.984634e+02 
2.984634e+02 
2.984634e+02 
2.984634e+02 
2.984634e+02 
2.984634e+02 
2.984634e+02 
2.984634e+02 
2.984634e+02 
2.984634e+02 
2.984634e+02 
2.984634e+02 
2.984634e+02 
2.984634e+02 
2.984634e+02 
2.984634e+02 
2.984634e+02 
2.984634e+02 
2.984634e+02 
2.984634e+02 
2.984634e+02 
2.984634e+02 
2.984634e+02 
2.984634e+02 
2.984634e+02 
2.984634e+02 
2.984634e+02 
2.984634e+02 
2.984634e+02 
2.984634e+02 
2.984634e+02 
2.984634e+02 
2.984634e+02 
2.984634e+02 
2.984634e+02 
2.984634e+02 
2.984634e+02 
2.984634e+02 
2.984634e+02 
2.984634e+02 
2.984634e+02 
2.984634e+02 
2.984634e+02 
2.984634e+02 
2.984634e+02 
2.984634e+02 
2.984634e+02 
2.984634e+02 
2.984634e+02 
2.984634e+02 
2.984634e+02 
2.984634e+02 
2.984634e+02 
2.984634e+02 
2.984634e+02 
2.984634e+02 
2.984634e+02 
2.984634e+02 
2.984634e+02 
2.984634e+02 
2.984634e+02 
2.984634e+02 
2.984634e+02 
2.984634e+02 
2.984634e+02 
2.984634e+02 
2.984634e+02 
2.984634e+02 
2.984634e+02 
2.984634e+02 
2.984634e+02 
2.984634e+02 
2.984634e+02 
2.984634e+02 
2.984634e+02 
2.984634e+02 
2.984634e+02 
2.984634e+02 
2.984634e+02 
2.984634e+02 
2.984634e+02 
2.984634e+02 
2.984634e+02 
2.984634e+02 
2.984634e+02 
2.984634e+02 
2.984634e+02 
2.984634e+02 
2.984634e+02 
2.984634e+02 
2.984634e+02 
2.984634e+02 
2.984634e+02 
2.984634e+02 
2.984634e+02 
2.984634e+02 
2.984634e+02 
2.984634e+02 
2.984634e+02 
2.984634e+02 
2.984634e+02 
2.984634e+02 
2.984634e+02 
2.984634e+02 
2.984634e+02 
2.984634e+02 
2.984634e+02 
2.984634e+02 
2.984634e+02 
2.984634e+02 
2.984634e+02 
2.984634e+02 
2.984634e+02 
2.984634e+02 
2.984634e+02 
2.984634e+02 
2.984634e+02 
2.984634e+02 
2.984634e+02 
2.984634e+02 
2.984634e+02 
2.984634e+02 
2.984634e+02 
2.984634e+02 
2.984634e+02 
2.984634e+02 
2.984634e+02 
2.984634e+02 
2.984634e+02 
2.984634e+02 
2.984634e+02 
2.984634e+02 
2.984634e+02 
2.984634e+02 
2.984634e+02 
2.984634e+02 
2.984634e+02 
2.984634e+02 
2.984634e+02 
2.984634e+02 
2.984634e+02 
2.984634e+02 
2.984634e+02 
2.984634e+02 
2.984634e+02 
2.984634e+02 
2.984634e+02 
2.984634e+02 
2.984634e+02 
2.984634e+02 
2.984634e+02 
2.984634e+02 
2.984634e+02 
2.984634e+02 
2.984634e+02 
2.984634e+02 
2.984634e+02 
2.984634e+02 
2.984634e+02 
2.984634e+02 
2.984634e+02 
2.984634e+02 
2.984634e+02 
2.984634e+02 
2.984634e+02 
2.984634e+02 
2.984634e+02 
2.984634e+02 
2.984634e+02 
2.984634e+02 
2.984634e+02 
2.984634e+02 
2.984634e+02 
2.984634e+02 
2.984634e+02 
2.984634e+02 
2.984634e+02 
2.984634e+02 
2.984634e+02 
2.984634e+02 
2.984634e+02 
2.984634e+02 
2.984634e+02 
2.984634e+02 
2.984634e+02 
2.984634e+02 
2.984634e+02 
2.984634e+02 
2.984634e+02 
2.984634e+02 
2.984634e+02 
2.984634e+02 
2.984634e+02 
2.984634e+02 
2.984634e+02 
2.984634e+02 
2.984634e+02 
2.984634e+02 
2.984634e+02 
2.984634e+02 
2.984634e+02 
2.984634e+02 
2.984634e+02 
2.984634e+02 
2.984634e+02 
2.984634e+02 
2.984634e+02 
2.984634e+02 
2.984634e+02 
2.984634e+02 
2.984634e+02 
2.984634e+02 
2.984634e+02 
2.984634e+02 
2.984634e+02 
2.984634e+02 
2.984634e+02 
2.984634e+02 
2.984634e+02 
2.984634e+02 
2.984634e+02 
2.984634e+02 
2.984634e+02 
2.984634e+02 
2.984634e+02 
2.984634e+02 
2.984634e+02 
2.984634e+02 
2.984634e+02 
2.984634e+02 
2.984634e+02 
2.984634e+02 
2.984634e+02 
2.984634e+02 
2.984634e+02 
2.984634e+02 
2.984634e+02 
2.984634e+02 
2.984634e+02 
2.984634e+02 
2.984634e+02 
2.984634e+02 
2.984634e+02 
2.984634e+02 
2.984634e+02 
2.984634e+02 
2.984634e+02 
2.984634e+02 
2.984634e+02 
2.984634e+02 
2.984634e+02 
2.984634e+02 
2.984634e+02 
2.984634e+02 
2.984634e+02 
2.984634e+02 
2.984634e+02 
2.984634e+02 
2.984634e+02 
2.984634e+02 
2.984634e+02 
2.984634e+02 
2.984634e+02 
2.984634e+02 
2.984634e+02 
2.984634e+02 
2.984634e+02 
2.984634e+02 
2.984634e+02 
2.984634e+02 
2.984634e+02 
2.984634e+02 
2.984634e+02 
2.984634e+02 
2.984634e+02 
2.984634e+02 
2.984634e+02 
2.984634e+02 
2.984634e+02 
2.984634e+02 
2.984634e+02 
2.984634e+02 
2.984634e+02 
2.984634e+02 
2.984634e+02 
2.984634e+02 
2.984634e+02 
2.984634e+02 
2.984634e+02 
2.984634e+02 
2.984634e+02 
2.984634e+02 
2.984634e+02 
2.984634e+02 
2.984634e+02 
2.984634e+02 
2.984634e+02 
2.984634e+02 
2.984634e+02 
2.984634e+02 
2.984634e+02 
2.984634e+02 
2.984634e+02 
2.984634e+02 
2.984634e+02 
2.984634e+02 
2.984634e+02 
2.984634e+02 
2.984634e+02 
2.984634e+02 
2.984634e+02 
2.984634e+02 
2.984634e+02 
2.984634e+02 
2.984634e+02 
2.984634e+02 
2.984634e+02 
2.984634e+02 
2.984634e+02 
2.984634e+02 
2.984634e+02 
2.984634e+02 
2.984634e+02 
2.984634e+02 
2.984634e+02 
2.984634e+02 
2.984634e+02 
2.984634e+02 
2.984634e+02 
2.984634e+02 
2.984634e+02 
2.984634e+02 
2.984634e+02 
2.984634e+02 
2.984634e+02 
2.984634e+02 
2.984634e+02 
2.984634e+02 
2.984634e+02 
2.984634e+02 
2.984634e+02 
2.984634e+02 
2.984634e+02 
2.984634e+02 
2.984634e+02 
2.984634e+02 
2.984634e+02 
2.984634e+02 
2.984634e+02 
2.984634e+02 
2.984634e+02 
2.984634e+02 
2.984634e+02 
2.984634e+02 
2.984634e+02 
2.984634e+02 
2.984634e+02 
2.984634e+02 
2.984634e+02 
2.984634e+02 
2.984634e+02 
2.984634e+02 
2.984634e+02 
2.984634e+02 
2.984634e+02 
2.984634e+02 
2.984634e+02 
2.984634e+02 
2.984634e+02 
2.984634e+02 
2.984634e+02 
2.984634e+02 
2.984634e+02 
2.984634e+02 
2.984634e+02 
2.984634e+02 
2.984634e+02 
2.984634e+02 
2.984634e+02 
2.984634e+02 
2.984634e+02 
2.984634e+02 
2.984634e+02 
2.984634e+02 
2.984634e+02 
2.984634e+02 
2.984634e+02 
2.984634e+02 
2.984634e+02 
2.984634e+02 
2.984634e+02 
2.984634e+02 
2.984634e+02 
2.984634e+02 
2.984634e+02 
2.984634e+02 
2.984634e+02 
2.984634e+02 
2.984634e+02 
2.984634e+02 
2.984634e+02 
2.984634e+02 
2.984634e+02 
2.984634e+02 
2.984634e+02 
2.984634e+02 
2.984634e+02 
2.984634e+02 
2.984634e+02 
2.984634e+02 
2.984634e+02 
2.984634e+02 
2.984634e+02 
2.984634e+02 
2.984634e+02 
2.984634e+02 
2.984634e+02 
2.984634e+02 
2.984634e+02 
2.984634e+02 
2.984634e+02 
2.984634e+02 
2.984634e+02 
2.984634e+02 
2.984634e+02 
2.984634e+02 
2.984634e+02 
2.984634e+02 
2.984634e+02 
2.984634e+02 
2.984634e+02 
2.984634e+02 
2.984634e+02 
2.984634e+02 
2.984634e+02 
2.984634e+02 
2.984634e+02 
2.984634e+02 
2.984634e+02 
2.984634e+02 
2.984634e+02 
2.984634e+02 
2.984634e+02 
2.984634e+02 
2.984634e+02 
2.984634e+02 
2.984634e+02 
2.984634e+02 
2.984634e+02 
2.984634e+02 
2.984634e+02 
2.984634e+02 
2.984634e+02 
2.984634e+02 
2.984634e+02 
2.984634e+02 
2.984634e+02 
2.984634e+02 
2.984634e+02 
2.984634e+02 
2.984634e+02 
2.984634e+02 
2.984634e+02 
2.984634e+02 
2.984634e+02 
2.984634e+02 
2.984634e+02 
2.984634e+02 
2.984634e+02 
2.984634e+02 
2.984634e+02 
2.984634e+02 
2.984634e+02 
2.984634e+02 
2.984634e+02 
2.984634e+02 
2.984634e+02 
2.984634e+02 
2.984634e+02 
2.984634e+02 
2.984634e+02 
2.984634e+02 
2.984634e+02 
2.984634e+02 
2.984634e+02 
2.984634e+02 
2.984634e+02 
2.984634e+02 
2.984634e+02 
2.984634e+02 
2.984634e+02 
2.984634e+02 
2.984634e+02 
2.984634e+02 
2.984634e+02 
2.984634e+02 
2.984634e+02 
2.984634e+02 
2.984634e+02 
2.984634e+02 
2.984634e+02 
2.984634e+02 
2.984634e+02 
2.984634e+02 
2.984634e+02 
2.984634e+02 
2.984634e+02 
2.984634e+02 
2.984634e+02 
2.984634e+02 
2.984634e+02 
2.984634e+02 
2.984634e+02 
2.984634e+02 
2.984634e+02 
2.984634e+02 
2.984634e+02 
2.984634e+02 
2.984634e+02 
2.984634e+02 
2.984634e+02 
2.984634e+02 
2.984634e+02 
2.984634e+02 
2.984634e+02 
2.984634e+02 
2.984634e+02 
2.984634e+02 
2.984634e+02 
2.984634e+02 
2.984634e+02 
2.984634e+02 
2.984634e+02 
2.984634e+02 
2.984634e+02 
2.984634e+02 
2.984634e+02 
2.984634e+02 
2.984634e+02 
2.984634e+02 
2.984634e+02 
2.984634e+02 
2.984634e+02 
2.984634e+02 
2.984634e+02 
2.984634e+02 
2.984634e+02 
2.984634e+02 
2.984634e+02 
2.984634e+02 
2.984634e+02 
2.984634e+02 
2.984634e+02 
2.984634e+02 
2.984634e+02 
2.984634e+02 
2.984634e+02 
2.984634e+02 
2.984634e+02 
2.984634e+02 
2.984634e+02 
2.984634e+02 
2.984634e+02 
2.984634e+02 
2.984634e+02 
2.984634e+02 
2.984634e+02 
2.984634e+02 
2.984634e+02 
2.984634e+02 
2.984634e+02 
2.984634e+02 
2.984634e+02 
2.984634e+02 
2.984634e+02 
2.984634e+02 
2.984634e+02 
2.984634e+02 
2.984634e+02 
2.984634e+02 
2.984634e+02 
2.984634e+02 
2.984634e+02 
2.984634e+02 
2.984634e+02 
2.984634e+02 
2.984634e+02 
2.984634e+02 
2.984634e+02 
2.984634e+02 
2.984634e+02 
2.984634e+02 
2.984634e+02 
2.984634e+02 
2.984634e+02 
2.984634e+02 
2.984634e+02 
2.984634e+02 
2.984634e+02 
2.984634e+02 
2.984634e+02 
2.984634e+02 
2.984634e+02 
2.984634e+02 
2.984634e+02 
2.984634e+02 
2.984634e+02 
2.984634e+02 
2.984634e+02 
2.984634e+02 
2.984634e+02 
2.984634e+02 
2.984634e+02 
2.984634e+02 
2.984634e+02 
2.984634e+02 
2.984634e+02 
2.984634e+02 
2.984634e+02 
2.984634e+02 
2.984634e+02 
2.984634e+02 
2.984634e+02 
2.984634e+02 
2.984634e+02 
2.984634e+02 
2.984634e+02 
2.984634e+02 
2.984634e+02 
2.984634e+02 
2.984634e+02 
2.984634e+02 
2.984634e+02 
2.984634e+02 
2.984634e+02 
2.984634e+02 
2.984634e+02 
2.984634e+02 
2.984634e+02 
2.984634e+02 
2.984634e+02 
2.984634e+02 
2.984634e+02 
2.984634e+02 
2.984634e+02 
2.984634e+02 
2.984634e+02 
2.984634e+02 
2.984634e+02 
2.984634e+02 
2.984634e+02 
2.984634e+02 
2.984634e+02 
2.984634e+02 
2.984634e+02 
2.984634e+02 
2.984634e+02 
2.984634e+02 
2.984634e+02 
2.984634e+02 
2.984634e+02 
2.984634e+02 
2.984634e+02 
2.984634e+02 
2.984634e+02 
2.984634e+02 
2.984634e+02 
2.984634e+02 
2.984634e+02 
2.984634e+02 
2.984634e+02 
2.984634e+02 
2.984634e+02 
2.984634e+02 
2.984634e+02 
2.984634e+02 
2.984634e+02 
2.984634e+02 
2.984634e+02 
2.984634e+02 
2.984634e+02 
2.984634e+02 
2.984634e+02 
2.984634e+02 
2.984634e+02 
2.984634e+02 
2.984634e+02 
2.984634e+02 
2.984634e+02 
2.984634e+02 
2.984634e+02 
2.984634e+02 
2.984634e+02 
2.984634e+02 
2.984634e+02 
2.984634e+02 
2.984634e+02 
2.984634e+02 
2.984634e+02 
2.984634e+02 
2.984634e+02 
2.984634e+02 
2.984634e+02 
2.984634e+02 
2.984634e+02 
2.984634e+02 
2.984634e+02 
2.984634e+02 
2.984634e+02 
2.984634e+02 
2.984634e+02 
2.984634e+02 
2.984634e+02 
2.984634e+02 
2.984634e+02 
2.984634e+02 
2.984634e+02 
2.984634e+02 
2.984634e+02 
2.984634e+02 
2.984634e+02 
2.984634e+02 
2.984634e+02 
2.984634e+02 
2.984634e+02 
2.984634e+02 
2.984634e+02 
2.984634e+02 
2.984634e+02 
2.984634e+02 
2.984634e+02 
2.984634e+02 
2.984634e+02 
2.984634e+02 
2.984634e+02 
2.984634e+02 
2.984634e+02 
2.984634e+02 
2.984634e+02 
2.984634e+02 
2.984634e+02 
2.984634e+02 
2.984634e+02 
2.984634e+02 
2.984634e+02 
2.984634e+02 
2.984634e+02 
2.984634e+02 
2.984634e+02 
2.984634e+02 
2.984634e+02 
2.984634e+02 
2.984634e+02 
2.984634e+02 
2.984634e+02 
2.984634e+02 
2.984634e+02 
2.984634e+02 
2.984634e+02 
2.984634e+02 
2.984634e+02 
2.984634e+02 
2.984634e+02 
2.984634e+02 
2.984634e+02 
2.984634e+02 
2.984634e+02 
2.984634e+02 
2.984634e+02 
2.984634e+02 
2.984634e+02 
2.984634e+02 
2.984634e+02 
2.984634e+02 
2.984634e+02 
2.984634e+02 
2.984634e+02 
2.984634e+02 
2.984634e+02 
2.984634e+02 
2.984634e+02 
2.984634e+02 
2.984634e+02 
2.984634e+02 
2.984634e+02 
2.984634e+02 
2.984634e+02 
2.984634e+02 
2.984634e+02 
2.984634e+02 
2.984634e+02 
2.984634e+02 
2.984634e+02 
2.984634e+02 
2.984634e+02 
2.984634e+02 
2.984634e+02 
2.984634e+02 
2.984634e+02 
2.984634e+02 
2.984634e+02 
2.984634e+02 
2.984634e+02 
2.984634e+02 
2.984634e+02 
2.984634e+02 
2.984634e+02 
2.984634e+02 
2.984634e+02 
2.984634e+02 
2.984634e+02 
2.984634e+02 
2.984634e+02 
2.984634e+02 
2.984634e+02 
2.984634e+02 
2.984634e+02 
2.984634e+02 
2.984634e+02 
2.984634e+02 
2.984634e+02 
2.984634e+02 
2.984634e+02 
2.984634e+02 
2.984634e+02 
2.984634e+02 
2.984634e+02 
2.984634e+02 
2.984634e+02 
2.984634e+02 
2.984634e+02 
2.984634e+02 
2.984634e+02 
2.984634e+02 
2.984634e+02 
2.984634e+02 
2.984634e+02 
2.984634e+02 
2.984634e+02 
2.984634e+02 
2.984634e+02 
2.984634e+02 
2.984634e+02 
2.984634e+02 
2.984634e+02 
2.984634e+02 
2.984634e+02 
2.984634e+02 
2.984634e+02 
2.984634e+02 
2.984634e+02 
2.984634e+02 
2.984634e+02 
2.984634e+02 
2.984634e+02 
2.984634e+02 
2.984634e+02 
2.984634e+02 
2.984634e+02 
2.984634e+02 
2.984634e+02 
2.984634e+02 
2.984634e+02 
2.984634e+02 
2.984634e+02 
2.984634e+02 
2.984634e+02 
2.984634e+02 
2.984634e+02 
2.984634e+02 
2.984634e+02 
2.984634e+02 
2.984634e+02 
2.984634e+02 
2.984634e+02 
2.984634e+02 
2.984634e+02 
2.984634e+02 
2.984634e+02 
2.984634e+02 
2.984634e+02 
2.984634e+02 
2.984634e+02 
2.984634e+02 
2.984634e+02 
2.984634e+02 
2.984634e+02 
2.984634e+02 
2.984634e+02 
2.984634e+02 
2.984634e+02 
2.984634e+02 
2.984634e+02 
2.984634e+02 
2.984634e+02 
2.984634e+02 
2.984634e+02 
2.984634e+02 
2.984634e+02 
2.984634e+02 
2.984634e+02 
2.984634e+02 
2.984634e+02 
2.984634e+02 
2.984634e+02 
2.984634e+02 
2.984634e+02 
2.984634e+02 
2.984634e+02 
2.984634e+02 
2.984634e+02 
2.984634e+02 
2.984634e+02 
2.984634e+02 
2.984634e+02 
2.984634e+02 
2.984634e+02 
2.984634e+02 
2.984634e+02 
2.984634e+02 
2.984634e+02 
2.984634e+02 
2.984634e+02 
2.984634e+02 
2.984634e+02 
2.984634e+02 
2.984634e+02 
2.984634e+02 
2.984634e+02 
2.984634e+02 
2.984634e+02 
2.984634e+02 
2.984634e+02 
2.984634e+02 
2.984634e+02 
2.984634e+02 
2.984634e+02 
2.984634e+02 
2.984634e+02 
2.984634e+02 
2.984634e+02 
2.984634e+02 
2.984634e+02 
2.984634e+02 
2.984634e+02 
2.984634e+02 
2.984634e+02 
2.984634e+02 
2.984634e+02 
2.984634e+02 
2.984634e+02 
2.984634e+02 
2.984634e+02 
2.984634e+02 
2.984634e+02 
2.984634e+02 
2.984634e+02 
2.984634e+02 
2.984634e+02 
2.984634e+02 
2.984634e+02 
2.984634e+02 
2.984634e+02 
2.984634e+02 
2.984634e+02 
2.984634e+02 
2.984634e+02 
2.984634e+02 
2.984634e+02 
2.984634e+02 
2.984634e+02 
2.984634e+02 
2.984634e+02 
2.984634e+02 
2.984634e+02 
2.984634e+02 
2.984634e+02 
2.984634e+02 
2.984634e+02 
2.984634e+02 
2.984634e+02 
2.984634e+02 
2.984634e+02 
2.984634e+02 
2.984634e+02 
2.984634e+02 
2.984634e+02 
2.984634e+02 
2.984634e+02 
2.984634e+02 
2.984634e+02 
2.984634e+02 
2.984634e+02 
2.984634e+02 
2.984634e+02 
2.984634e+02 
2.984634e+02 
2.984634e+02 
2.984634e+02 
2.984634e+02 
2.984634e+02 
2.984634e+02 
2.984634e+02 
2.984634e+02 
2.984634e+02 
2.984634e+02 
2.984634e+02 
2.984634e+02 
2.984634e+02 
2.984634e+02 
2.984634e+02 
2.984634e+02 
2.984634e+02 
2.984634e+02 
2.984634e+02 
2.984634e+02 
2.984634e+02 
2.984634e+02 
2.984634e+02 
2.984634e+02 
2.984634e+02 
2.984634e+02 
2.984634e+02 
2.984634e+02 
2.984634e+02 
2.984634e+02 
2.984634e+02 
2.984634e+02 
2.984634e+02 
2.984634e+02 
2.984634e+02 
2.984634e+02 
2.984634e+02 
2.984634e+02 
2.984634e+02 
2.984634e+02 
2.984634e+02 
2.984634e+02 
2.984634e+02 
2.984634e+02 
2.984634e+02 
2.984634e+02 
2.984634e+02 
2.984634e+02 
2.984634e+02 
2.984634e+02 
2.984634e+02 
2.984634e+02 
2.984634e+02 
2.984634e+02 
2.984634e+02 
2.984634e+02 
2.984634e+02 
2.984634e+02 
2.984634e+02 
2.984634e+02 
2.984634e+02 
2.984634e+02 
2.984634e+02 
2.984634e+02 
2.984634e+02 
2.984634e+02 
2.984634e+02 
2.984634e+02 
2.984634e+02 
2.984634e+02 
2.984634e+02 
2.984634e+02 
2.984634e+02 
2.984634e+02 
2.984634e+02 
2.984634e+02 
2.984634e+02 
2.984634e+02 
2.984634e+02 
2.984634e+02 
2.984634e+02 
2.984634e+02 
2.984634e+02 
2.984634e+02 
2.984634e+02 
2.984634e+02 
2.984634e+02 
2.984634e+02 
2.984634e+02 
2.984634e+02 
2.984634e+02 
2.984634e+02 
2.984634e+02 
2.984634e+02 
2.984634e+02 
2.984634e+02 
2.984634e+02 
2.984634e+02 
2.984634e+02 
2.984634e+02 
2.984634e+02 
2.984634e+02 
2.984634e+02 
2.984634e+02 
2.984634e+02 
2.984634e+02 
2.984634e+02 
2.984634e+02 
2.984634e+02 
2.984634e+02 
2.984634e+02 
2.984634e+02 
2.984634e+02 
2.984634e+02 
2.984634e+02 
2.984634e+02 
2.984634e+02 
2.984634e+02 
2.984634e+02 
2.984634e+02 
2.984634e+02 
2.984634e+02 
2.984634e+02 
2.984634e+02 
2.984634e+02 
2.984634e+02 
2.984634e+02 
2.984634e+02 
2.984634e+02 
2.984634e+02 
2.984634e+02 
2.984634e+02 
2.984634e+02 
2.984634e+02 
2.984634e+02 
2.984634e+02 
2.984634e+02 
2.984634e+02 
2.984634e+02 
2.984634e+02 
2.984634e+02 
2.984634e+02 
2.984634e+02 
2.984634e+02 
2.984634e+02 
2.984634e+02 
2.984634e+02 
2.984634e+02 
2.984634e+02 
2.984634e+02 
2.984634e+02 
2.984634e+02 
2.984634e+02 
2.984634e+02 
2.984634e+02 
2.984634e+02 
2.984634e+02 
2.984634e+02 
2.984634e+02 
2.984634e+02 
2.984634e+02 
2.984634e+02 
2.984634e+02 
2.984634e+02 
2.984634e+02 
2.984634e+02 
2.984634e+02 
2.984634e+02 
2.984634e+02 
2.984634e+02 
2.984634e+02 
2.984634e+02 
2.984634e+02 
2.984634e+02 
2.984634e+02 
2.984634e+02 
2.984634e+02 
2.984634e+02 
2.984634e+02 
2.984634e+02 
2.984634e+02 
2.984634e+02 
2.984634e+02 
2.984634e+02 
2.984634e+02 
2.984634e+02 
2.984634e+02 
2.984634e+02 
2.984634e+02 
2.984634e+02 
2.984634e+02 
2.984634e+02 
2.984634e+02 
2.984634e+02 
2.984634e+02 
2.984634e+02 
2.984634e+02 
2.984634e+02 
2.984634e+02 
2.984634e+02 
2.984634e+02 
2.984634e+02 
2.984634e+02 
2.984634e+02 
2.984634e+02 
2.984634e+02 
2.984634e+02 
2.984634e+02 
2.984634e+02 
2.984634e+02 
2.984634e+02 
2.984634e+02 
2.984634e+02 
2.984634e+02 
2.984634e+02 
2.984634e+02 
2.984634e+02 
2.984634e+02 
2.984634e+02 
2.984634e+02 
2.984634e+02 
2.984634e+02 
2.984634e+02 
2.984634e+02 
2.984634e+02 
2.984634e+02 
2.984634e+02 
2.984634e+02 
2.984634e+02 
2.984634e+02 
2.984634e+02 
2.984634e+02 
2.984634e+02 
2.984634e+02 
2.984634e+02 
2.984634e+02 
2.984634e+02 
2.984634e+02 
2.984634e+02 
2.984634e+02 
2.984634e+02 
2.984634e+02 
2.984634e+02 
2.984634e+02 
2.984634e+02 
2.984634e+02 
2.984634e+02 
2.984634e+02 
2.984634e+02 
2.984634e+02 
2.984634e+02 
2.984634e+02 
2.984634e+02 
2.984634e+02 
2.984634e+02 
2.984634e+02 
2.984634e+02 
2.984634e+02 
2.984634e+02 
2.984634e+02 
2.984634e+02 
2.984634e+02 
2.984634e+02 
2.984634e+02 
2.984634e+02 
2.984634e+02 
2.984634e+02 
2.984634e+02 
2.984634e+02 
2.984634e+02 
2.984634e+02 
2.984634e+02 
2.984634e+02 
2.984634e+02 
2.984634e+02 
2.984634e+02 
2.984634e+02 
2.984634e+02 
2.984634e+02 
2.984634e+02 
2.984634e+02 
2.984634e+02 
2.984634e+02 
2.984634e+02 
2.984634e+02 
2.984634e+02 
2.984634e+02 
2.984634e+02 
2.984634e+02 
2.984634e+02 
2.984634e+02 
2.984634e+02 
2.984634e+02 
2.984634e+02 
2.984634e+02 
2.984634e+02 
2.984634e+02 
2.984634e+02 
2.984634e+02 
2.984634e+02 
2.984634e+02 
2.984634e+02 
2.984634e+02 
2.984634e+02 
2.984634e+02 
2.984634e+02 
2.984634e+02 
2.984634e+02 
2.984634e+02 
2.984634e+02 
2.984634e+02 
2.984634e+02 
2.984634e+02 
2.984634e+02 
2.984634e+02 
2.984634e+02 
2.984634e+02 
2.984634e+02 
2.984634e+02 
2.984634e+02 
2.984634e+02 
2.984634e+02 
2.984634e+02 
2.984634e+02 
2.984634e+02 
2.984634e+02 
2.984634e+02 
2.984634e+02 
2.984634e+02 
2.984634e+02 
2.984634e+02 
2.984634e+02 
2.984634e+02 
2.984634e+02 
2.984634e+02 
2.984634e+02 
2.984634e+02 
2.984634e+02 
2.984634e+02 
2.984634e+02 
2.984634e+02 
2.984634e+02 
2.984634e+02 
2.984634e+02 
2.984634e+02 
2.984634e+02 
2.984634e+02 
2.984634e+02 
2.984634e+02 
2.984634e+02 
2.984634e+02 
2.984634e+02 
2.984634e+02 
2.984634e+02 
2.984634e+02 
2.984634e+02 
2.984634e+02 
2.984634e+02 
2.984634e+02 
2.984634e+02 
2.984634e+02 
2.984634e+02 
2.984634e+02 
2.984634e+02 
2.984634e+02 
2.984634e+02 
2.984634e+02 
2.984634e+02 
2.984634e+02 
2.984634e+02 
2.984634e+02 
2.984634e+02 
2.984634e+02 
2.984634e+02 
2.984634e+02 
2.984634e+02 
2.984634e+02 
2.984634e+02 
2.984634e+02 
2.984634e+02 
2.984634e+02 
2.984634e+02 
2.984634e+02 
2.984634e+02 
2.984634e+02 
2.984634e+02 
2.984634e+02 
2.984634e+02 
2.984634e+02 
2.984634e+02 
2.984634e+02 
2.984634e+02 
2.984634e+02 
2.984634e+02 
2.984634e+02 
2.984634e+02 
2.984634e+02 
2.984634e+02 
2.984634e+02 
2.984634e+02 
2.984634e+02 
2.984634e+02 
2.984634e+02 
2.984634e+02 
2.984634e+02 
2.984634e+02 
2.984634e+02 
2.984634e+02 
2.984634e+02 
2.984634e+02 
2.984634e+02 
2.984634e+02 
2.984634e+02 
2.984634e+02 
2.984634e+02 
2.984634e+02 
2.984634e+02 
2.984634e+02 
2.984634e+02 
2.984634e+02 
2.984634e+02 
2.984634e+02 
2.984634e+02 
2.984634e+02 
2.984634e+02 
2.984634e+02 
2.984634e+02 
2.984634e+02 
2.984634e+02 
2.984634e+02 
2.984634e+02 
2.984634e+02 
2.984634e+02 
2.984634e+02 
2.984634e+02 
2.984634e+02 
2.984634e+02 
2.984634e+02 
2.984634e+02 
2.984634e+02 
2.984634e+02 
2.984634e+02 
2.984634e+02 
2.984634e+02 
2.984634e+02 
2.984634e+02 
2.984634e+02 
2.984634e+02 
2.984634e+02 
2.984634e+02 
2.984634e+02 
2.984634e+02 
2.984634e+02 
2.984634e+02 
2.984634e+02 
2.984634e+02 
2.984634e+02 
2.984634e+02 
2.984634e+02 
2.984634e+02 
2.984634e+02 
2.984634e+02 
2.984634e+02 
2.984634e+02 
2.984634e+02 
2.984634e+02 
2.984634e+02 
2.984634e+02 
2.984634e+02 
2.984634e+02 
2.984634e+02 
2.984634e+02 
2.984634e+02 
2.984634e+02 
2.984634e+02 
2.984634e+02 
2.984634e+02 
2.984634e+02 
2.984634e+02 
2.984634e+02 
2.984634e+02 
2.984634e+02 
2.984634e+02 
2.984634e+02 
2.984634e+02 
2.984634e+02 
2.984634e+02 
2.984634e+02 
2.984634e+02 
2.984634e+02 
2.984634e+02 
2.984634e+02 
2.984634e+02 
2.984634e+02 
2.984634e+02 
2.984634e+02 
2.984634e+02 
2.984634e+02 
2.984634e+02 
2.984634e+02 
2.984634e+02 
2.984634e+02 
2.984634e+02 
2.984634e+02 
2.984634e+02 
2.984634e+02 
2.984634e+02 
2.984634e+02 
2.984634e+02 
2.984634e+02 
2.984634e+02 
2.984634e+02 
2.984634e+02 
2.984634e+02 
2.984634e+02 
2.984634e+02 
2.984634e+02 
2.984634e+02 
2.984634e+02 
2.984634e+02 
2.984634e+02 
2.984634e+02 
2.984634e+02 
2.984634e+02 
2.984634e+02 
2.984634e+02 
2.984634e+02 
2.984634e+02 
2.984634e+02 
2.984634e+02 
2.984634e+02 
2.984634e+02 
2.984634e+02 
2.984634e+02 
2.984634e+02 
2.984634e+02 
2.984634e+02 
2.984634e+02 
2.984634e+02 
2.984634e+02 
2.984634e+02 
2.984634e+02 
2.984634e+02 
2.984634e+02 
2.984634e+02 
2.984634e+02 
2.984634e+02 
2.984634e+02 
2.984634e+02 
2.984634e+02 
2.984634e+02 
2.984634e+02 
2.984634e+02 
2.984634e+02 
2.984634e+02 
2.984634e+02 
2.984634e+02 
2.984634e+02 
2.984634e+02 
2.984634e+02 
2.984634e+02 
2.984634e+02 
2.984634e+02 
2.984634e+02 
2.984634e+02 
2.984634e+02 
2.984634e+02 
2.984634e+02 
2.984634e+02 
2.984634e+02 
2.984634e+02 
2.984634e+02 
2.984634e+02 
2.984634e+02 
2.984634e+02 
2.984634e+02 
2.984634e+02 
2.984634e+02 
2.984634e+02 
2.984634e+02 
2.984634e+02 
2.984634e+02 
2.984634e+02 
2.984634e+02 
2.984634e+02 
2.984634e+02 
2.984634e+02 
2.984634e+02 
2.984634e+02 
2.984634e+02 
2.984634e+02 
2.984634e+02 
2.984634e+02 
2.984634e+02 
2.984634e+02 
2.984634e+02 
2.984634e+02 
2.984634e+02 
2.984634e+02 
2.984634e+02 
2.984634e+02 
2.984634e+02 
2.984634e+02 
2.984634e+02 
2.984634e+02 
2.984634e+02 
2.984634e+02 
2.984634e+02 
2.984634e+02 
2.984634e+02 
2.984634e+02 
2.984634e+02 
2.984634e+02 
2.984634e+02 
2.984634e+02 
2.984634e+02 
2.984634e+02 
2.984634e+02 
2.984634e+02 
2.984634e+02 
2.984634e+02 
2.984634e+02 
2.984634e+02 
2.984634e+02 
2.984634e+02 
2.984634e+02 
2.984634e+02 
2.984634e+02 
2.984634e+02 
2.984634e+02 
2.984634e+02 
2.984634e+02 
2.984634e+02 
2.984634e+02 
2.984634e+02 
2.984634e+02 
2.984634e+02 
2.984634e+02 
2.984634e+02 
2.984634e+02 
2.984634e+02 
2.984634e+02 
2.984634e+02 
2.984634e+02 
2.984634e+02 
2.984634e+02 
2.984634e+02 
2.984634e+02 
2.984634e+02 
2.984634e+02 
2.984634e+02 
2.984634e+02 
2.984634e+02 
2.984634e+02 
2.984634e+02 
2.984634e+02 
2.984634e+02 
2.984634e+02 
2.984634e+02 
2.984634e+02 
2.984634e+02 
2.984634e+02 
2.984634e+02 
2.984634e+02 
2.984634e+02 
2.984634e+02 
2.984634e+02 
2.984634e+02 
2.984634e+02 
2.984634e+02 
2.984634e+02 
2.984634e+02 
2.984634e+02 
2.984634e+02 
2.984634e+02 
2.984634e+02 
2.984634e+02 
2.984634e+02 
2.984634e+02 
2.984634e+02 
2.984634e+02 
2.984634e+02 
2.984634e+02 
2.984634e+02 
2.984634e+02 
2.984634e+02 
2.984634e+02 
2.984634e+02 
2.984634e+02 
2.984634e+02 
2.984634e+02 
2.984634e+02 
2.984634e+02 
2.984634e+02 
2.984634e+02 
2.984634e+02 
2.984634e+02 
2.984634e+02 
2.984634e+02 
2.984634e+02 
2.984634e+02 
2.984634e+02 
2.984634e+02 
2.984634e+02 
2.984634e+02 
2.984634e+02 
2.984634e+02 
2.984634e+02 
2.984634e+02 
2.984634e+02 
2.984634e+02 
2.984634e+02 
2.984634e+02 
2.984634e+02 
2.984634e+02 
2.984634e+02 
2.984634e+02 
2.984634e+02 
2.984634e+02 
2.984634e+02 
2.984634e+02 
2.984634e+02 
2.984634e+02 
2.984634e+02 
2.984634e+02 
2.984634e+02 
2.984634e+02 
2.984634e+02 
2.984634e+02 
2.984634e+02 
2.984634e+02 
2.984634e+02 
2.984634e+02 
2.984634e+02 
2.984634e+02 
2.984634e+02 
2.984634e+02 
2.984634e+02 
2.984634e+02 
2.984634e+02 
2.984634e+02 
2.984634e+02 
2.984634e+02 
2.984634e+02 
2.984634e+02 
2.984634e+02 
2.984634e+02 
2.984634e+02 
2.984634e+02 
2.984634e+02 
2.984634e+02 
2.984634e+02 
2.984634e+02 
2.984634e+02 
2.984634e+02 
2.984634e+02 
2.984634e+02 
2.984634e+02 
2.984634e+02 
2.984634e+02 
2.984634e+02 
2.984634e+02 
2.984634e+02 
2.984634e+02 
2.984634e+02 
2.984634e+02 
2.984634e+02 
2.984634e+02 
2.984634e+02 
2.984634e+02 
2.984634e+02 
2.984634e+02 
2.984634e+02 
2.984634e+02 
2.984634e+02 
2.984634e+02 
2.984634e+02 
2.984634e+02 
2.984634e+02 
2.984634e+02 
2.984634e+02 
2.984634e+02 
2.984634e+02 
2.984634e+02 
2.984634e+02 
2.984634e+02 
2.984634e+02 
2.984634e+02 
2.984634e+02 
2.984634e+02 
2.984634e+02 
2.984634e+02 
2.984634e+02 
2.984634e+02 
2.984634e+02 
2.984634e+02 
2.984634e+02 
2.984634e+02 
2.984634e+02 
2.984634e+02 
2.984634e+02 
2.984634e+02 
2.984634e+02 
2.984634e+02 
2.984634e+02 
2.984634e+02 
2.984634e+02 
2.984634e+02 
2.984634e+02 
2.984634e+02 
2.984634e+02 
2.984634e+02 
2.984634e+02 
2.984634e+02 
2.984634e+02 
2.984634e+02 
2.984634e+02 
2.984634e+02 
2.984634e+02 
2.984634e+02 
2.984634e+02 
2.984634e+02 
2.984634e+02 
2.984634e+02 
2.984634e+02 
2.984634e+02 
2.984634e+02 
2.984634e+02 
2.984634e+02 
2.984634e+02 
2.984634e+02 
2.984634e+02 
2.984634e+02 
2.984634e+02 
2.984634e+02 
2.984634e+02 
2.984634e+02 
2.984634e+02 
2.984634e+02 
2.984634e+02 
2.984634e+02 
2.984634e+02 
2.984634e+02 
2.984634e+02 
2.984634e+02 
2.984634e+02 
2.984634e+02 
2.984634e+02 
2.984634e+02 
2.984634e+02 
2.984634e+02 
2.984634e+02 
2.984634e+02 
2.984634e+02 
2.984634e+02 
2.984634e+02 
2.984634e+02 
2.984634e+02 
2.984634e+02 
2.984634e+02 
2.984634e+02 
2.984634e+02 
2.984634e+02 
2.984634e+02 
2.984634e+02 
2.984634e+02 
2.984634e+02 
2.984634e+02 
2.984634e+02 
2.984634e+02 
2.984634e+02 
2.984634e+02 
2.984634e+02 
2.984634e+02 
2.984634e+02 
2.984634e+02 
2.984634e+02 
2.984634e+02 
2.984634e+02 
2.984634e+02 
2.984634e+02 
2.984634e+02 
2.984634e+02 
2.984634e+02 
2.984634e+02 
2.984634e+02 
2.984634e+02 
2.984634e+02 
2.984634e+02 
2.984634e+02 
2.984634e+02 
2.984634e+02 
2.984634e+02 
2.984634e+02 
2.984634e+02 
2.984634e+02 
2.984634e+02 
2.984634e+02 
2.984634e+02 
2.984634e+02 
2.984634e+02 
2.984634e+02 
2.984634e+02 
2.984634e+02 
2.984634e+02 
2.984634e+02 
2.984634e+02 
2.984634e+02 
2.984634e+02 
2.984634e+02 
2.984634e+02 
2.984634e+02 
2.984634e+02 
2.984634e+02 
2.984634e+02 
2.984634e+02 
2.984634e+02 
2.984634e+02 
2.984634e+02 
2.984634e+02 
2.984634e+02 
2.984634e+02 
2.984634e+02 
2.984634e+02 
2.984634e+02 
2.984634e+02 
2.984634e+02 
2.984634e+02 
2.984634e+02 
2.984634e+02 
2.984634e+02 
2.984634e+02 
2.984634e+02 
2.984634e+02 
2.984634e+02 
2.984634e+02 
2.984634e+02 
2.984634e+02 
2.984634e+02 
2.984634e+02 
2.984634e+02 
2.984634e+02 
2.984634e+02 
2.984634e+02 
2.984634e+02 
2.984634e+02 
2.984634e+02 
2.984634e+02 
2.984634e+02 
2.984634e+02 
2.984634e+02 
2.984634e+02 
2.984634e+02 
2.984634e+02 
2.984634e+02 
2.984634e+02 
2.984634e+02 
2.984634e+02 
2.984634e+02 
2.984634e+02 
2.984634e+02 
2.984634e+02 
2.984634e+02 
2.984634e+02 
2.984634e+02 
2.984634e+02 
2.984634e+02 
2.984634e+02 
2.984634e+02 
2.984634e+02 
2.984634e+02 
2.984634e+02 
2.984634e+02 
2.984634e+02 
2.984634e+02 
2.984634e+02 
2.984634e+02 
2.984634e+02 
2.984634e+02 
2.984634e+02 
2.984634e+02 
2.984634e+02 
2.984634e+02 
2.984634e+02 
2.984634e+02 
2.984634e+02 
2.984634e+02 
2.984634e+02 
2.984634e+02 
2.984634e+02 
2.984634e+02 
2.984634e+02 
2.984634e+02 
2.984634e+02 
2.984634e+02 
2.984634e+02 
2.984634e+02 
2.984634e+02 
2.984634e+02 
2.984634e+02 
2.984634e+02 
2.984634e+02 
2.984634e+02 
2.984634e+02 
2.984634e+02 
2.984634e+02 
2.984634e+02 
2.984634e+02 
2.984634e+02 
2.984634e+02 
2.984634e+02 
2.984634e+02 
2.984634e+02 
2.984634e+02 
2.984634e+02 
2.984634e+02 
2.984634e+02 
2.984634e+02 
2.984634e+02 
2.984634e+02 
2.984634e+02 
2.984634e+02 
2.984634e+02 
2.984634e+02 
2.984634e+02 
2.984634e+02 
2.984634e+02 
2.984634e+02 
2.984634e+02 
2.984634e+02 
2.984634e+02 
2.984634e+02 
2.984634e+02 
2.984634e+02 
2.984634e+02 
2.984634e+02 
2.984634e+02 
2.984634e+02 
2.984634e+02 
2.984634e+02 
2.984634e+02 
2.984634e+02 
2.984634e+02 
2.984634e+02 
2.984634e+02 
2.984634e+02 
2.984634e+02 
2.984634e+02 
2.984634e+02 
2.984634e+02 
2.984634e+02 
2.984634e+02 
2.984634e+02 
2.984634e+02 
2.984634e+02 
2.984634e+02 
2.984634e+02 
2.984634e+02 
2.984634e+02 
2.984634e+02 
2.984634e+02 
2.984634e+02 
2.984634e+02 
2.984634e+02 
2.984634e+02 
2.984634e+02 
2.984634e+02 
2.984634e+02 
2.984634e+02 
2.984634e+02 
2.984634e+02 
2.984634e+02 
2.984634e+02 
2.984634e+02 
2.984634e+02 
2.984634e+02 
2.984634e+02 
2.984634e+02 
2.984634e+02 
2.984634e+02 
2.984634e+02 
2.984634e+02 
2.984634e+02 
2.984634e+02 
2.984634e+02 
2.984634e+02 
2.984634e+02 
2.984634e+02 
2.984634e+02 
2.984634e+02 
2.984634e+02 
2.984634e+02 
2.984634e+02 
2.984634e+02 
2.984634e+02 
2.984634e+02 
2.984634e+02 
2.984634e+02 
2.984634e+02 
2.984634e+02 
2.984634e+02 
2.984634e+02 
2.984634e+02 
2.984634e+02 
2.984634e+02 
2.984634e+02 
2.984634e+02 
2.984634e+02 
2.984634e+02 
2.984634e+02 
2.984634e+02 
2.984634e+02 
2.984634e+02 
2.984634e+02 
2.984634e+02 
2.984634e+02 
2.984634e+02 
2.984634e+02 
2.984634e+02 
2.984634e+02 
2.984634e+02 
2.984634e+02 
2.984634e+02 
2.984634e+02 
2.984634e+02 
2.984634e+02 
2.984634e+02 
2.984634e+02 
2.984634e+02 
2.984634e+02 
2.984634e+02 
2.984634e+02 
2.984634e+02 
2.984634e+02 
2.984634e+02 
2.984634e+02 
2.984634e+02 
2.984634e+02 
2.984634e+02 
2.984634e+02 
2.984634e+02 
2.984634e+02 
2.984634e+02 
2.984634e+02 
2.984634e+02 
2.984634e+02 
2.984634e+02 
2.984634e+02 
2.984634e+02 
2.984634e+02 
2.984634e+02 
2.984634e+02 
2.984634e+02 
2.984634e+02 
2.984634e+02 
2.984634e+02 
2.984634e+02 
2.984634e+02 
2.984634e+02 
2.984634e+02 
2.984634e+02 
2.984634e+02 
2.984634e+02 
2.984634e+02 
2.984634e+02 
2.984634e+02 
2.984634e+02 
2.984634e+02 
2.984634e+02 
2.984634e+02 
2.984634e+02 
2.984634e+02 
2.984634e+02 
2.984634e+02 
2.984634e+02 
2.984634e+02 
2.984634e+02 
2.984634e+02 
2.984634e+02 
2.984634e+02 
2.984634e+02 
2.984634e+02 
2.984634e+02 
2.984634e+02 
2.984634e+02 
2.984634e+02 
2.984634e+02 
2.984634e+02 
2.984634e+02 
2.984634e+02 
2.984634e+02 
2.984634e+02 
2.984634e+02 
2.984634e+02 
2.984634e+02 
2.984634e+02 
2.984634e+02 
2.984634e+02 
2.984634e+02 
2.984634e+02 
2.984634e+02 
2.984634e+02 
2.984634e+02 
2.984634e+02 
2.984634e+02 
2.984634e+02 
2.984634e+02 
2.984634e+02 
2.984634e+02 
2.984634e+02 
2.984634e+02 
2.984634e+02 
2.984634e+02 
2.984634e+02 
2.984634e+02 
2.984634e+02 
2.984634e+02 
2.984634e+02 
2.984634e+02 
2.984634e+02 
2.984634e+02 
2.984634e+02 
2.984634e+02 
2.984634e+02 
2.984634e+02 
2.984634e+02 
2.984634e+02 
2.984634e+02 
2.984634e+02 
2.984634e+02 
2.984634e+02 
2.984634e+02 
2.984634e+02 
2.984634e+02 
2.984634e+02 
2.984634e+02 
2.984634e+02 
2.984634e+02 
2.984634e+02 
2.984634e+02 
2.984634e+02 
2.984634e+02 
2.984634e+02 
2.984634e+02 
2.984634e+02 
2.984634e+02 
2.984634e+02 
2.984634e+02 
2.984634e+02 
2.984634e+02 
2.984634e+02 
2.984634e+02 
2.984634e+02 
2.984634e+02 
2.984634e+02 
2.984634e+02 
2.984634e+02 
2.984634e+02 
2.984634e+02 
2.984634e+02 
2.984634e+02 
2.984634e+02 
2.984634e+02 
2.984634e+02 
2.984634e+02 
2.984634e+02 
2.984634e+02 
2.984634e+02 
2.984634e+02 
2.984634e+02 
2.984634e+02 
2.984634e+02 
2.984634e+02 
2.984634e+02 
2.984634e+02 
2.984634e+02 
2.984634e+02 
2.984634e+02 
2.984634e+02 
2.984634e+02 
2.984634e+02 
2.984634e+02 
2.984634e+02 
2.984634e+02 
2.984634e+02 
2.984634e+02 
2.984634e+02 
2.984634e+02 
2.984634e+02 
2.984634e+02 
2.984634e+02 
2.984634e+02 
2.984634e+02 
2.984634e+02 
2.984634e+02 
2.984634e+02 
2.984634e+02 
2.984634e+02 
2.984634e+02 
2.984634e+02 
2.984634e+02 
2.984634e+02 
2.984634e+02 
2.984634e+02 
2.984634e+02 
2.984634e+02 
2.984634e+02 
2.984634e+02 
2.984634e+02 
2.984634e+02 
2.984634e+02 
2.984634e+02 
2.984634e+02 
2.984634e+02 
2.984634e+02 
2.984634e+02 
2.984634e+02 
2.984634e+02 
2.984634e+02 
2.984634e+02 
2.984634e+02 
2.984634e+02 
2.984634e+02 
2.984634e+02 
2.984634e+02 
2.984634e+02 
2.984634e+02 
2.984634e+02 
2.984634e+02 
2.984634e+02 
2.984634e+02 
2.984634e+02 
2.984634e+02 
2.984634e+02 
2.984634e+02 
2.984634e+02 
2.984634e+02 
2.984634e+02 
2.984634e+02 
2.984634e+02 
2.984634e+02 
2.984634e+02 
2.984634e+02 
2.984634e+02 
2.984634e+02 
2.984634e+02 
2.984634e+02 
2.984634e+02 
2.984634e+02 
2.984634e+02 
2.984634e+02 
2.984634e+02 
2.984634e+02 
2.984634e+02 
2.984634e+02 
2.984634e+02 
2.984634e+02 
2.984634e+02 
2.984634e+02 
2.984634e+02 
2.984634e+02 
2.984634e+02 
2.984634e+02 
2.984634e+02 
2.984634e+02 
2.984634e+02 
2.984634e+02 
2.984634e+02 
2.984634e+02 
2.984634e+02 
2.984634e+02 
2.984634e+02 
2.984634e+02 
2.984634e+02 
2.984634e+02 
2.984634e+02 
2.984634e+02 
2.984634e+02 
2.984634e+02 
2.984634e+02 
2.984634e+02 
2.984634e+02 
2.984634e+02 
2.984634e+02 
2.984634e+02 
2.984634e+02 
2.984634e+02 
2.984634e+02 
2.984634e+02 
2.984634e+02 
2.984634e+02 
2.984634e+02 
2.984634e+02 
2.984634e+02 
2.984634e+02 
2.984634e+02 
2.984634e+02 
2.984634e+02 
2.984634e+02 
2.984634e+02 
2.984634e+02 
2.984634e+02 
2.984634e+02 
2.984634e+02 
2.984634e+02 
2.984634e+02 
2.984634e+02 
2.984634e+02 
2.984634e+02 
2.984634e+02 
2.984634e+02 
2.984634e+02 
2.984634e+02 
2.984634e+02 
2.984634e+02 
2.984634e+02 
2.984634e+02 
2.984634e+02 
2.984634e+02 
2.984634e+02 
2.984634e+02 
2.984634e+02 
2.984634e+02 
2.984634e+02 
2.984634e+02 
2.984634e+02 
2.984634e+02 
2.984634e+02 
2.984634e+02 
2.984634e+02 
2.984634e+02 
2.984634e+02 
2.984634e+02 
2.984634e+02 
2.984634e+02 
2.984634e+02 
2.984634e+02 
2.984634e+02 
2.984634e+02 
2.984634e+02 
2.984634e+02 
2.984634e+02 
2.984634e+02 
2.984634e+02 
2.984634e+02 
2.984634e+02 
2.984634e+02 
2.984634e+02 
2.984634e+02 
2.984634e+02 
2.984634e+02 
2.984634e+02 
2.984634e+02 
2.984634e+02 
2.984634e+02 
2.984634e+02 
2.984634e+02 
2.984634e+02 
2.984634e+02 
2.984634e+02 
2.984634e+02 
2.984634e+02 
2.984634e+02 
2.984634e+02 
2.984634e+02 
2.984634e+02 
2.984634e+02 
2.984634e+02 
2.984634e+02 
2.984634e+02 
2.984634e+02 
2.984634e+02 
2.984634e+02 
2.984634e+02 
2.984634e+02 
2.984634e+02 
2.984634e+02 
2.984634e+02 
2.984634e+02 
2.984634e+02 
2.984634e+02 
2.984634e+02 
2.984634e+02 
2.984634e+02 
2.984634e+02 
2.984634e+02 
2.984634e+02 
2.984634e+02 
2.984634e+02 
2.984634e+02 
2.984634e+02 
2.984634e+02 
2.984634e+02 
2.984634e+02 
2.984634e+02 
2.984634e+02 
2.984634e+02 
2.984634e+02 
2.984634e+02 
2.984634e+02 
2.984634e+02 
2.984634e+02 
2.984634e+02 
2.984634e+02 
2.984634e+02 
2.984634e+02 
2.984634e+02 
2.984634e+02 
2.984634e+02 
2.984634e+02 
2.984634e+02 
2.984634e+02 
2.984634e+02 
2.984634e+02 
2.984634e+02 
2.984634e+02 
2.984634e+02 
2.984634e+02 
2.984634e+02 
2.984634e+02 
2.984634e+02 
2.984634e+02 
2.984634e+02 
2.984634e+02 
2.984634e+02 
2.984634e+02 
2.984634e+02 
2.984634e+02 
2.984634e+02 
2.984634e+02 
2.984634e+02 
2.984634e+02 
2.984634e+02 
2.984634e+02 
2.984634e+02 
2.984634e+02 
2.984634e+02 
2.984634e+02 
2.984634e+02 
2.984634e+02 
2.984634e+02 
2.984634e+02 
2.984634e+02 
2.984634e+02 
2.984634e+02 
2.984634e+02 
2.984634e+02 
2.984634e+02 
2.984634e+02 
2.984634e+02 
2.984634e+02 
2.984634e+02 
2.984634e+02 
2.984634e+02 
2.984634e+02 
2.984634e+02 
2.984634e+02 
2.984634e+02 
2.984634e+02 
2.984634e+02 
2.984634e+02 
2.984634e+02 
2.984634e+02 
2.984634e+02 
2.984634e+02 
2.984634e+02 
2.984634e+02 
2.984634e+02 
2.984634e+02 
2.984634e+02 
2.984634e+02 
2.984634e+02 
2.984634e+02 
2.984634e+02 
2.984634e+02 
2.984634e+02 
2.984634e+02 
2.984634e+02 
2.984634e+02 
2.984634e+02 
2.984634e+02 
2.984634e+02 
2.984634e+02 
2.984634e+02 
2.984634e+02 
2.984634e+02 
2.984634e+02 
2.984634e+02 
2.984634e+02 
2.984634e+02 
2.984634e+02 
2.984634e+02 
2.984634e+02 
2.984634e+02 
2.984634e+02 
2.984634e+02 
2.984634e+02 
2.984634e+02 
2.984634e+02 
2.984634e+02 
2.984634e+02 
2.984634e+02 
2.984634e+02 
2.984634e+02 
2.984634e+02 
2.984634e+02 
2.984634e+02 
2.984634e+02 
2.984634e+02 
2.984634e+02 
2.984634e+02 
2.984634e+02 
2.984634e+02 
2.984634e+02 
2.984634e+02 
2.984634e+02 
2.984634e+02 
2.984634e+02 
2.984634e+02 
2.984634e+02 
2.984634e+02 
2.984634e+02 
2.984634e+02 
2.984634e+02 
2.984634e+02 
2.984634e+02 
2.984634e+02 
2.984634e+02 
2.984634e+02 
2.984634e+02 
2.984634e+02 
2.984634e+02 
2.984634e+02 
2.984634e+02 
2.984634e+02 
2.984634e+02 
2.984634e+02 
2.984634e+02 
2.984634e+02 
2.984634e+02 
2.984634e+02 
2.984634e+02 
2.984634e+02 
2.984634e+02 
2.984634e+02 
2.984634e+02 
2.984634e+02 
2.984634e+02 
2.984634e+02 
2.984634e+02 
2.984634e+02 
2.984634e+02 
2.984634e+02 
2.984634e+02 
2.984634e+02 
2.984634e+02 
2.984634e+02 
2.984634e+02 
2.984634e+02 
2.984634e+02 
2.984634e+02 
2.984634e+02 
2.984634e+02 
2.984634e+02 
2.984634e+02 
2.984634e+02 
2.984634e+02 
2.984634e+02 
2.984634e+02 
2.984634e+02 
2.984634e+02 
2.984634e+02 
2.984634e+02 
2.984634e+02 
2.984634e+02 
2.984634e+02 
2.984634e+02 
2.984634e+02 
2.984634e+02 
2.984634e+02 
2.984634e+02 
2.984634e+02 
2.984634e+02 
2.984634e+02 
2.984634e+02 
2.984634e+02 
2.984634e+02 
2.984634e+02 
2.984634e+02 
2.984634e+02 
2.984634e+02 
2.984634e+02 
2.984634e+02 
2.984634e+02 
2.984634e+02 
2.984634e+02 
2.984634e+02 
2.984634e+02 
2.984634e+02 
2.984634e+02 
2.984634e+02 
2.984634e+02 
2.984634e+02 
2.984634e+02 
2.984634e+02 
2.984634e+02 
2.984634e+02 
2.984634e+02 
2.984634e+02 
2.984634e+02 
2.984634e+02 
2.984634e+02 
2.984634e+02 
2.984634e+02 
2.984634e+02 
2.984634e+02 
2.984634e+02 
2.984634e+02 
2.984634e+02 
2.984634e+02 
2.984634e+02 
2.984634e+02 
2.984634e+02 
2.984634e+02 
2.984634e+02 
2.984634e+02 
2.984634e+02 
2.984634e+02 
2.984634e+02 
2.984634e+02 
2.984634e+02 
2.984634e+02 
2.984634e+02 
2.984634e+02 
2.984634e+02 
2.984634e+02 
2.984634e+02 
2.984634e+02 
2.984634e+02 
2.984634e+02 
2.984634e+02 
2.984634e+02 
2.984634e+02 
2.984634e+02 
2.984634e+02 
2.984634e+02 
2.984634e+02 
2.984634e+02 
2.984634e+02 
2.984634e+02 
2.984634e+02 
2.984634e+02 
2.984634e+02 
2.984634e+02 
2.984634e+02 
2.984634e+02 
2.984634e+02 
2.984634e+02 
2.984634e+02 
2.984634e+02 
2.984634e+02 
2.984634e+02 
2.984634e+02 
2.984634e+02 
2.984634e+02 
2.984634e+02 
2.984634e+02 
2.984634e+02 
2.984634e+02 
2.984634e+02 
2.984634e+02 
2.984634e+02 
2.984634e+02 
2.984634e+02 
2.984634e+02 
2.984634e+02 
2.984634e+02 
2.984634e+02 
2.984634e+02 
2.984634e+02 
2.984634e+02 
2.984634e+02 
2.984634e+02 
2.984634e+02 
2.984634e+02 
2.984634e+02 
2.984634e+02 
2.984634e+02 
2.984634e+02 
2.984634e+02 
2.984634e+02 
2.984634e+02 
2.984634e+02 
2.984634e+02 
2.984634e+02 
2.984634e+02 
2.984634e+02 
2.984634e+02 
2.984634e+02 
2.984634e+02 
2.984634e+02 
2.984634e+02 
2.984634e+02 
2.984634e+02 
2.984634e+02 
2.984634e+02 
2.984634e+02 
2.984634e+02 
2.984634e+02 
2.984634e+02 
2.984634e+02 
2.984634e+02 
2.984634e+02 
2.984634e+02 
2.984634e+02 
2.984634e+02 
2.984634e+02 
2.984634e+02 
2.984634e+02 
2.984634e+02 
2.984634e+02 
2.984634e+02 
2.984634e+02 
2.984634e+02 
2.984634e+02 
2.984634e+02 
2.984634e+02 
2.984634e+02 
2.984634e+02 
2.984634e+02 
2.984634e+02 
2.984634e+02 
2.984634e+02 
2.984634e+02 
2.984634e+02 
2.984634e+02 
2.984634e+02 
2.984634e+02 
2.984634e+02 
2.984634e+02 
2.984634e+02 
2.984634e+02 
2.984634e+02 
2.984634e+02 
2.984634e+02 
2.984634e+02 
2.984634e+02 
2.984634e+02 
2.984634e+02 
2.984634e+02 
2.984634e+02 
2.984634e+02 
2.984634e+02 
2.984634e+02 
2.984634e+02 
2.984634e+02 
2.984634e+02 
2.984634e+02 
2.984634e+02 
2.984634e+02 
2.984634e+02 
2.984634e+02 
2.984634e+02 
2.984634e+02 
2.984634e+02 
2.984634e+02 
2.984634e+02 
2.984634e+02 
2.984634e+02 
2.984634e+02 
2.984634e+02 
2.984634e+02 
2.984634e+02 
2.984634e+02 
2.984634e+02 
2.984634e+02 
2.984634e+02 
2.984634e+02 
2.984634e+02 
2.984634e+02 
2.984634e+02 
2.984634e+02 
2.984634e+02 
2.984634e+02 
2.984634e+02 
2.984634e+02 
2.984634e+02 
2.984634e+02 
2.984634e+02 
2.984634e+02 
2.984634e+02 
2.984634e+02 
2.984634e+02 
2.984634e+02 
2.984634e+02 
2.984634e+02 
2.984634e+02 
2.984634e+02 
2.984634e+02 
2.984634e+02 
2.984634e+02 
2.984634e+02 
2.984634e+02 
2.984634e+02 
2.984634e+02 
2.984634e+02 
2.984634e+02 
2.984634e+02 
2.984634e+02 
2.984634e+02 
2.984634e+02 
2.984634e+02 
2.984634e+02 
2.984634e+02 
2.984634e+02 
2.984634e+02 
2.984634e+02 
2.984634e+02 
2.984634e+02 
2.984634e+02 
2.984634e+02 
2.984634e+02 
2.984634e+02 
2.984634e+02 
2.984634e+02 
2.984634e+02 
2.984634e+02 
2.984634e+02 
2.984634e+02 
2.984634e+02 
2.984634e+02 
2.984634e+02 
2.984634e+02 
2.984634e+02 
2.984634e+02 
2.984634e+02 
2.984634e+02 
2.984634e+02 
2.984634e+02 
2.984634e+02 
2.984634e+02 
2.984634e+02 
2.984634e+02 
2.984634e+02 
2.984634e+02 
2.984634e+02 
2.984634e+02 
2.984634e+02 
2.984634e+02 
2.984634e+02 
2.984634e+02 
2.984634e+02 
2.984634e+02 
2.984634e+02 
2.984634e+02 
2.984634e+02 
2.984634e+02 
2.984634e+02 
2.984634e+02 
2.984634e+02 
2.984634e+02 
2.984634e+02 
2.984634e+02 
2.984634e+02 
2.984634e+02 
2.984634e+02 
2.984634e+02 
2.984634e+02 
2.984634e+02 
2.984634e+02 
2.984634e+02 
2.984634e+02 
2.984634e+02 
2.984634e+02 
2.984634e+02 
2.984634e+02 
2.984634e+02 
2.984634e+02 
2.984634e+02 
2.984634e+02 
2.984634e+02 
2.984634e+02 
2.984634e+02 
2.984634e+02 
2.984634e+02 
2.984634e+02 
2.984634e+02 
2.984634e+02 
2.984634e+02 
2.984634e+02 
2.984634e+02 
2.984634e+02 
2.984634e+02 
2.984634e+02 
2.984634e+02 
2.984634e+02 
2.984634e+02 
2.984634e+02 
2.984634e+02 
2.984634e+02 
2.984634e+02 
2.984634e+02 
2.984634e+02 
2.984634e+02 
2.984634e+02 
2.984634e+02 
2.984634e+02 
2.984634e+02 
2.984634e+02 
2.984634e+02 
2.984634e+02 
2.984634e+02 
2.984634e+02 
2.984634e+02 
2.984634e+02 
2.984634e+02 
2.984634e+02 
2.984634e+02 
2.984634e+02 
2.984634e+02 
2.984634e+02 
2.984634e+02 
2.984634e+02 
2.984634e+02 
2.984634e+02 
2.984634e+02 
2.984634e+02 
2.984634e+02 
2.984634e+02 
2.984634e+02 
2.984634e+02 
2.984634e+02 
2.984634e+02 
2.984634e+02 
2.984634e+02 
2.984634e+02 
2.984634e+02 
2.984634e+02 
2.984634e+02 
2.984634e+02 
2.984634e+02 
2.984634e+02 
2.984634e+02 
2.984634e+02 
2.984634e+02 
2.984634e+02 
2.984634e+02 
2.984634e+02 
2.984634e+02 
2.984634e+02 
2.984634e+02 
2.984634e+02 
2.984634e+02 
2.984634e+02 
2.984634e+02 
2.984634e+02 
2.984634e+02 
2.984634e+02 
2.984634e+02 
2.984634e+02 
2.984634e+02 
2.984634e+02 
2.984634e+02 
2.984634e+02 
2.984634e+02 
2.984634e+02 
2.984634e+02 
2.984634e+02 
2.984634e+02 
2.984634e+02 
2.984634e+02 
2.984634e+02 
2.984634e+02 
2.984634e+02 
2.984634e+02 
2.984634e+02 
2.984634e+02 
2.984634e+02 
2.984634e+02 
2.984634e+02 
2.984634e+02 
2.984634e+02 
2.984634e+02 
2.984634e+02 
2.984634e+02 
2.984634e+02 
2.984634e+02 
2.984634e+02 
2.984634e+02 
2.984634e+02 
2.984634e+02 
2.984634e+02 
2.984634e+02 
2.984634e+02 
2.984634e+02 
2.984634e+02 
2.984634e+02 
2.984634e+02 
2.984634e+02 
2.984634e+02 
2.984634e+02 
2.984634e+02 
2.984634e+02 
2.984634e+02 
2.984634e+02 
2.984634e+02 
2.984634e+02 
2.984634e+02 
2.984634e+02 
2.984634e+02 
2.984634e+02 
2.984634e+02 
2.984634e+02 
2.984634e+02 
2.984634e+02 
2.984634e+02 
2.984634e+02 
2.984634e+02 
2.984634e+02 
2.984634e+02 
2.984634e+02 
2.984634e+02 
2.984634e+02 
2.984634e+02 
2.984634e+02 
2.984634e+02 
2.984634e+02 
2.984634e+02 
2.984634e+02 
2.984634e+02 
2.984634e+02 
2.984634e+02 
2.984634e+02 
2.984634e+02 
2.984634e+02 
2.984634e+02 
2.984634e+02 
2.984634e+02 
2.984634e+02 
2.984634e+02 
2.984634e+02 
2.984634e+02 
2.984634e+02 
2.984634e+02 
2.984634e+02 
2.984634e+02 
2.984634e+02 
2.984634e+02 
2.984634e+02 
2.984634e+02 
2.984634e+02 
2.984634e+02 
2.984634e+02 
2.984634e+02 
2.984634e+02 
2.984634e+02 
2.984634e+02 
2.984634e+02 
2.984634e+02 
2.984634e+02 
2.984634e+02 
2.984634e+02 
2.984634e+02 
2.984634e+02 
2.984634e+02 
2.984634e+02 
2.984634e+02 
2.984634e+02 
2.984634e+02 
2.984634e+02 
2.984634e+02 
2.984634e+02 
2.984634e+02 
2.984634e+02 
2.984634e+02 
2.984634e+02 
2.984634e+02 
2.984634e+02 
2.984634e+02 
2.984634e+02 
2.984634e+02 
2.984634e+02 
2.984634e+02 
2.984634e+02 
2.984634e+02 
2.984634e+02 
2.984634e+02 
2.984634e+02 
2.984634e+02 
2.984634e+02 
2.984634e+02 
2.984634e+02 
2.984634e+02 
2.984634e+02 
2.984634e+02 
2.984634e+02 
2.984634e+02 
2.984634e+02 
2.984634e+02 
2.984634e+02 
2.984634e+02 
2.984634e+02 
2.984634e+02 
2.984634e+02 
2.984634e+02 
2.984634e+02 
2.984634e+02 
2.984634e+02 
2.984634e+02 
2.984634e+02 
2.984634e+02 
2.984634e+02 
2.984634e+02 
2.984634e+02 
2.984634e+02 
2.984634e+02 
2.984634e+02 
2.984634e+02 
2.984634e+02 
2.984634e+02 
2.984634e+02 
2.984634e+02 
2.984634e+02 
2.984634e+02 
2.984634e+02 
2.984634e+02 
2.984634e+02 
2.984634e+02 
2.984634e+02 
2.984634e+02 
2.984634e+02 
2.984634e+02 
2.984634e+02 
2.984634e+02 
2.984634e+02 
2.984634e+02 
2.984634e+02 
2.984634e+02 
2.984634e+02 
2.984634e+02 
2.984634e+02 
2.984634e+02 
2.984634e+02 
2.984634e+02 
2.984634e+02 
2.984634e+02 
2.984634e+02 
2.984634e+02 
2.984634e+02 
2.984634e+02 
2.984634e+02 
2.984634e+02 
2.984634e+02 
2.984634e+02 
2.984634e+02 
2.984634e+02 
2.984634e+02 
2.984634e+02 
2.984634e+02 
2.984634e+02 
2.984634e+02 
2.984634e+02 
2.984634e+02 
2.984634e+02 
2.984634e+02 
2.984634e+02 
2.984634e+02 
2.984634e+02 
2.984634e+02 
2.984634e+02 
2.984634e+02 
2.984634e+02 
2.984634e+02 
2.984634e+02 
2.984634e+02 
2.984634e+02 
2.984634e+02 
2.984634e+02 
2.984634e+02 
2.984634e+02 
2.984634e+02 
2.984634e+02 
2.984634e+02 
2.984634e+02 
2.984634e+02 
2.984634e+02 
2.984634e+02 
2.984634e+02 
2.984634e+02 
2.984634e+02 
2.984634e+02 
2.984634e+02 
2.984634e+02 
2.984634e+02 
2.984634e+02 
2.984634e+02 
2.984634e+02 
2.984634e+02 
2.984634e+02 
2.984634e+02 
2.984634e+02 
2.984634e+02 
2.984634e+02 
2.984634e+02 
2.984634e+02 
2.984634e+02 
2.984634e+02 
2.984634e+02 
2.984634e+02 
2.984634e+02 
2.984634e+02 
2.984634e+02 
2.984634e+02 
2.984634e+02 
2.984634e+02 
2.984634e+02 
2.984634e+02 
2.984634e+02 
2.984634e+02 
2.984634e+02 
2.984634e+02 
2.984634e+02 
2.984634e+02 
2.984634e+02 
2.984634e+02 
2.984634e+02 
2.984634e+02 
2.984634e+02 
2.984634e+02 
2.984634e+02 
2.984634e+02 
2.984634e+02 
2.984634e+02 
2.984634e+02 
2.984634e+02 
2.984634e+02 
2.984634e+02 
2.984634e+02 
2.984634e+02 
2.984634e+02 
2.984634e+02 
2.984634e+02 
2.984634e+02 
2.984634e+02 
2.984634e+02 
2.984634e+02 
2.984634e+02 
2.984634e+02 
2.984634e+02 
2.984634e+02 
2.984634e+02 
2.984634e+02 
2.984634e+02 
2.984634e+02 
2.984634e+02 
2.984634e+02 
2.984634e+02 
2.984634e+02 
2.984634e+02 
2.984634e+02 
2.984634e+02 
2.984634e+02 
2.984634e+02 
2.984634e+02 
2.984634e+02 
2.984634e+02 
2.984634e+02 
2.984634e+02 
2.984634e+02 
2.984634e+02 
2.984634e+02 
2.984634e+02 
2.984634e+02 
2.984634e+02 
2.984634e+02 
2.984634e+02 
2.984634e+02 
2.984634e+02 
2.984634e+02 
2.984634e+02 
2.984634e+02 
2.984634e+02 
2.984634e+02 
2.984634e+02 
2.984634e+02 
2.984634e+02 
2.984634e+02 
2.984634e+02 
2.984634e+02 
2.984634e+02 
2.984634e+02 
2.984634e+02 
2.984634e+02 
2.984634e+02 
2.984634e+02 
2.984634e+02 
2.984634e+02 
2.984634e+02 
2.984634e+02 
2.984634e+02 
2.984634e+02 
2.984634e+02 
2.984634e+02 
2.984634e+02 
2.984634e+02 
2.984634e+02 
2.984634e+02 
2.984634e+02 
2.984634e+02 
2.984634e+02 
2.984634e+02 
2.984634e+02 
2.984634e+02 
2.984634e+02 
2.984634e+02 
2.984634e+02 
2.984634e+02 
2.984634e+02 
2.984634e+02 
2.984634e+02 
2.984634e+02 
2.984634e+02 
2.984634e+02 
2.984634e+02 
2.984634e+02 
2.984634e+02 
2.984634e+02 
2.984634e+02 
2.984634e+02 
2.984634e+02 
2.984634e+02 
2.984634e+02 
2.984634e+02 
2.984634e+02 
2.984634e+02 
2.984634e+02 
2.984634e+02 
2.984634e+02 
2.984634e+02 
2.984634e+02 
2.984634e+02 
2.984634e+02 
2.984634e+02 
2.984634e+02 
2.984634e+02 
2.984634e+02 
2.984634e+02 
2.984634e+02 
2.984634e+02 
2.984634e+02 
2.984634e+02 
2.984634e+02 
2.984634e+02 
2.984634e+02 
2.984634e+02 
2.984634e+02 
2.984634e+02 
2.984634e+02 
2.984634e+02 
2.984634e+02 
2.984634e+02 
2.984634e+02 
2.984634e+02 
2.984634e+02 
2.984634e+02 
2.984634e+02 
2.984634e+02 
2.984634e+02 
2.984634e+02 
2.984634e+02 
2.984634e+02 
2.984634e+02 
2.984634e+02 
2.984634e+02 
2.984634e+02 
2.984634e+02 
2.984634e+02 
2.984634e+02 
2.984634e+02 
2.984634e+02 
2.984634e+02 
2.984634e+02 
2.984634e+02 
2.984634e+02 
2.984634e+02 
2.984634e+02 
2.984634e+02 
2.984634e+02 
2.984634e+02 
2.984634e+02 
2.984634e+02 
2.984634e+02 
2.984634e+02 
2.984634e+02 
2.984634e+02 
2.984634e+02 
2.984634e+02 
2.984634e+02 
2.984634e+02 
2.984634e+02 
2.984634e+02 
2.984634e+02 
2.984634e+02 
2.984634e+02 
2.984634e+02 
2.984634e+02 
2.984634e+02 
2.984634e+02 
2.984634e+02 
2.984634e+02 
2.984634e+02 
2.984634e+02 
2.984634e+02 
2.984634e+02 
2.984634e+02 
2.984634e+02 
2.984634e+02 
2.984634e+02 
2.984634e+02 
2.984634e+02 
2.984634e+02 
2.984634e+02 
2.984634e+02 
2.984634e+02 
2.984634e+02 
2.984634e+02 
2.984634e+02 
2.984634e+02 
2.984634e+02 
2.984634e+02 
2.984634e+02 
2.984634e+02 
2.984634e+02 
2.984634e+02 
2.984634e+02 
2.984634e+02 
2.984634e+02 
2.984634e+02 
2.984634e+02 
2.984634e+02 
2.984634e+02 
2.984634e+02 
2.984634e+02 
2.984634e+02 
2.984634e+02 
2.984634e+02 
2.984634e+02 
2.984634e+02 
2.984634e+02 
2.984634e+02 
2.984634e+02 
2.984634e+02 
2.984634e+02 
2.984634e+02 
2.984634e+02 
2.984634e+02 
2.984634e+02 
2.984634e+02 
2.984634e+02 
2.984634e+02 
2.984634e+02 
2.984634e+02 
2.984634e+02 
2.984634e+02 
2.984634e+02 
2.984634e+02 
2.984634e+02 
2.984634e+02 
2.984634e+02 
2.984634e+02 
2.984634e+02 
2.984634e+02 
2.984634e+02 
2.984634e+02 
2.984634e+02 
2.984634e+02 
2.984634e+02 
2.984634e+02 
2.984634e+02 
2.984634e+02 
2.984634e+02 
2.984634e+02 
2.984634e+02 
2.984634e+02 
2.984634e+02 
2.984634e+02 
2.984634e+02 
2.984634e+02 
2.984634e+02 
2.984634e+02 
2.984634e+02 
2.984634e+02 
2.984634e+02 
2.984634e+02 
2.984634e+02 
2.984634e+02 
2.984634e+02 
2.984634e+02 
2.984634e+02 
2.984634e+02 
2.984634e+02 
2.984634e+02 
2.984634e+02 
2.984634e+02 
2.984634e+02 
2.984634e+02 
2.984634e+02 
2.984634e+02 
2.984634e+02 
2.984634e+02 
2.984634e+02 
2.984634e+02 
2.984634e+02 
2.984634e+02 
2.984634e+02 
2.984634e+02 
2.984634e+02 
2.984634e+02 
2.984634e+02 
2.984634e+02 
2.984634e+02 
2.984634e+02 
2.984634e+02 
2.984634e+02 
2.984634e+02 
2.984634e+02 
2.984634e+02 
2.984634e+02 
2.984634e+02 
2.984634e+02 
2.984634e+02 
2.984634e+02 
2.984634e+02 
2.984634e+02 
2.984634e+02 
2.984634e+02 
2.984634e+02 
2.984634e+02 
2.984634e+02 
2.984634e+02 
2.984634e+02 
2.984634e+02 
2.984634e+02 
2.984634e+02 
2.984634e+02 
2.984634e+02 
2.984634e+02 
2.984634e+02 
2.984634e+02 
2.984634e+02 
2.984634e+02 
2.984634e+02 
2.984634e+02 
2.984634e+02 
2.984634e+02 
2.984634e+02 
2.984634e+02 
2.984634e+02 
2.984634e+02 
2.984634e+02 
2.984634e+02 
2.984634e+02 
2.984634e+02 
2.984634e+02 
2.984634e+02 
2.984634e+02 
2.984634e+02 
2.984634e+02 
2.984634e+02 
2.984634e+02 
2.984634e+02 
2.984634e+02 
2.984634e+02 
2.984634e+02 
2.984634e+02 
2.984634e+02 
2.984634e+02 
2.984634e+02 
2.984634e+02 
2.984634e+02 
2.984634e+02 
2.984634e+02 
2.984634e+02 
2.984634e+02 
2.984634e+02 
2.984634e+02 
2.984634e+02 
2.984634e+02 
2.984634e+02 
2.984634e+02 
2.984634e+02 
2.984634e+02 
2.984634e+02 
2.984634e+02 
2.984634e+02 
2.984634e+02 
2.984634e+02 
2.984634e+02 
2.984634e+02 
2.984634e+02 
2.984634e+02 
2.984634e+02 
2.984634e+02 
2.984634e+02 
2.984634e+02 
2.984634e+02 
2.984634e+02 
2.984634e+02 
2.984634e+02 
2.984634e+02 
2.984634e+02 
2.984634e+02 
2.984634e+02 
2.984634e+02 
2.984634e+02 
2.984634e+02 
2.984634e+02 
2.984634e+02 
2.984634e+02 
2.984634e+02 
2.984634e+02 
2.984634e+02 
2.984634e+02 
2.984634e+02 
2.984634e+02 
2.984634e+02 
2.984634e+02 
2.984634e+02 
2.984634e+02 
2.984634e+02 
2.984634e+02 
2.984634e+02 
2.984634e+02 
2.984634e+02 
2.984634e+02 
2.984634e+02 
2.984634e+02 
2.984634e+02 
2.984634e+02 
2.984634e+02 
2.984634e+02 
2.984634e+02 
2.984634e+02 
2.984634e+02 
2.984634e+02 
2.984634e+02 
2.984634e+02 
2.984634e+02 
2.984634e+02 
2.984634e+02 
2.984634e+02 
2.984634e+02 
2.984634e+02 
2.984634e+02 
2.984634e+02 
2.984634e+02 
2.984634e+02 
2.984634e+02 
2.984634e+02 
2.984634e+02 
2.984634e+02 
2.984634e+02 
2.984634e+02 
2.984634e+02 
2.984634e+02 
2.984634e+02 
2.984634e+02 
2.984634e+02 
2.984634e+02 
2.984634e+02 
2.984634e+02 
2.984634e+02 
2.984634e+02 
2.984634e+02 
2.984634e+02 
2.984634e+02 
2.984634e+02 
2.984634e+02 
2.984634e+02 
2.984634e+02 
2.984634e+02 
2.984634e+02 
2.984634e+02 
2.984634e+02 
2.984634e+02 
2.984634e+02 
2.984634e+02 
2.984634e+02 
2.984634e+02 
2.984634e+02 
2.984634e+02 
2.984634e+02 
2.984634e+02 
2.984634e+02 
2.984634e+02 
2.984634e+02 
2.984634e+02 
2.984634e+02 
2.984634e+02 
2.984634e+02 
2.984634e+02 
2.984634e+02 
2.984634e+02 
2.984634e+02 
2.984634e+02 
2.984634e+02 
2.984634e+02 
2.984634e+02 
2.984634e+02 
2.984634e+02 
2.984634e+02 
2.984634e+02 
2.984634e+02 
2.984634e+02 
2.984634e+02 
2.984634e+02 
2.984634e+02 
2.984634e+02 
2.984634e+02 
2.984634e+02 
2.984634e+02 
2.984634e+02 
2.984634e+02 
2.984634e+02 
2.984634e+02 
2.984634e+02 
2.984634e+02 
2.984634e+02 
2.984634e+02 
2.984634e+02 
2.984634e+02 
2.984634e+02 
2.984634e+02 
2.984634e+02 
2.984634e+02 
2.984634e+02 
2.984634e+02 
2.984634e+02 
2.984634e+02 
2.984634e+02 
2.984634e+02 
2.984634e+02 
2.984634e+02 
2.984634e+02 
2.984634e+02 
2.984634e+02 
2.984634e+02 
2.984634e+02 
2.984634e+02 
2.984634e+02 
2.984634e+02 
2.984634e+02 
2.984634e+02 
2.984634e+02 
2.984634e+02 
2.984634e+02 
2.984634e+02 
2.984634e+02 
2.984634e+02 
2.984634e+02 
2.984634e+02 
2.984634e+02 
2.984634e+02 
2.984634e+02 
2.984634e+02 
2.984634e+02 
2.984634e+02 
2.984634e+02 
2.984634e+02 
2.984634e+02 
2.984634e+02 
2.984634e+02 
2.984634e+02 
2.984634e+02 
2.984634e+02 
2.984634e+02 
2.984634e+02 
2.984634e+02 
2.984634e+02 
2.984634e+02 
2.984634e+02 
2.984634e+02 
2.984634e+02 
2.984634e+02 
2.984634e+02 
2.984634e+02 
2.984634e+02 
2.984634e+02 
2.984634e+02 
2.984634e+02 
2.984634e+02 
2.984634e+02 
2.984634e+02 
2.984634e+02 
2.984634e+02 
2.984634e+02 
2.984634e+02 
2.984634e+02 
2.984634e+02 
2.984634e+02 
2.984634e+02 
2.984634e+02 
2.984634e+02 
2.984634e+02 
2.984634e+02 
2.984634e+02 
2.984634e+02 
2.984634e+02 
2.984634e+02 
2.984634e+02 
2.984634e+02 
2.984634e+02 
2.984634e+02 
2.984634e+02 
2.984634e+02 
2.984634e+02 
2.984634e+02 
2.984634e+02 
2.984634e+02 
2.984634e+02 
2.984634e+02 
2.984634e+02 
2.984634e+02 
2.984634e+02 
2.984634e+02 
2.984634e+02 
2.984634e+02 
2.984634e+02 
2.984634e+02 
2.984634e+02 
2.984634e+02 
2.984634e+02 
2.984634e+02 
2.984634e+02 
2.984634e+02 
2.984634e+02 
2.984634e+02 
2.984634e+02 
2.984634e+02 
2.984634e+02 
2.984634e+02 
2.984634e+02 
2.984634e+02 
2.984634e+02 
2.984634e+02 
2.984634e+02 
2.984634e+02 
2.984634e+02 
2.984634e+02 
2.984634e+02 
2.984634e+02 
2.984634e+02 
2.984634e+02 
2.984634e+02 
2.984634e+02 
2.984634e+02 
2.984634e+02 
2.984634e+02 
2.984634e+02 
2.984634e+02 
2.984634e+02 
2.984634e+02 
2.984634e+02 
2.984634e+02 
2.984634e+02 
2.984634e+02 
2.984634e+02 
2.984634e+02 
2.984634e+02 
2.984634e+02 
2.984634e+02 
2.984634e+02 
2.984634e+02 
2.984634e+02 
2.984634e+02 
2.984634e+02 
2.984634e+02 
2.984634e+02 
2.984634e+02 
2.984634e+02 
2.984634e+02 
2.984634e+02 
2.984634e+02 
2.984634e+02 
2.984634e+02 
2.984634e+02 
2.984634e+02 
2.984634e+02 
2.984634e+02 
2.984634e+02 
2.984634e+02 
2.984634e+02 
2.984634e+02 
2.984634e+02 
2.984634e+02 
2.984634e+02 
2.984634e+02 
2.984634e+02 
2.984634e+02 
2.984634e+02 
2.984634e+02 
2.984634e+02 
2.984634e+02 
2.984634e+02 
2.984634e+02 
2.984634e+02 
2.984634e+02 
2.984634e+02 
2.984634e+02 
2.984634e+02 
2.984634e+02 
2.984634e+02 
2.984634e+02 
2.984634e+02 
2.984634e+02 
2.984634e+02 
2.984634e+02 
2.984634e+02 
2.984634e+02 
2.984634e+02 
2.984634e+02 
2.984634e+02 
2.984634e+02 
2.984634e+02 
2.984634e+02 
2.984634e+02 
2.984634e+02 
2.984634e+02 
2.984634e+02 
2.984634e+02 
2.984634e+02 
2.984634e+02 
2.984634e+02 
2.984634e+02 
2.984634e+02 
2.984634e+02 
2.984634e+02 
2.984634e+02 
2.984634e+02 
2.984634e+02 
2.984634e+02 
2.984634e+02 
2.984634e+02 
2.984634e+02 
2.984634e+02 
2.984634e+02 
2.984634e+02 
2.984634e+02 
2.984634e+02 
2.984634e+02 
2.984634e+02 
2.984634e+02 
2.984634e+02 
2.984634e+02 
2.984634e+02 
2.984634e+02 
2.984634e+02 
2.984634e+02 
2.984634e+02 
2.984634e+02 
2.984634e+02 
2.984634e+02 
2.984634e+02 
2.984634e+02 
2.984634e+02 
2.984634e+02 
2.984634e+02 
2.984634e+02 
2.984634e+02 
2.984634e+02 
2.984634e+02 
2.984634e+02 
2.984634e+02 
2.984634e+02 
2.984634e+02 
2.984634e+02 
2.984634e+02 
2.984634e+02 
2.984634e+02 
2.984634e+02 
2.984634e+02 
2.984634e+02 
2.984634e+02 
2.984634e+02 
2.984634e+02 
2.984634e+02 
2.984634e+02 
2.984634e+02 
2.984634e+02 
2.984634e+02 
2.984634e+02 
2.984634e+02 
2.984634e+02 
2.984634e+02 
2.984634e+02 
2.984634e+02 
2.984634e+02 
2.984634e+02 
2.984634e+02 
2.984634e+02 
2.984634e+02 
2.984634e+02 
2.984634e+02 
2.984634e+02 
2.984634e+02 
2.984634e+02 
2.984634e+02 
2.984634e+02 
2.984634e+02 
2.984634e+02 
2.984634e+02 
2.984634e+02 
2.984634e+02 
2.984634e+02 
2.984634e+02 
2.984634e+02 
2.984634e+02 
2.984634e+02 
2.984634e+02 
2.984634e+02 
2.984634e+02 
2.984634e+02 
2.984634e+02 
2.984634e+02 
2.984634e+02 
2.984634e+02 
2.984634e+02 
2.984634e+02 
2.984634e+02 
2.984634e+02 
2.984634e+02 
2.984634e+02 
2.984634e+02 
2.984634e+02 
2.984634e+02 
2.984634e+02 
2.984634e+02 
2.984634e+02 
2.984634e+02 
2.984634e+02 
2.984634e+02 
2.984634e+02 
2.984634e+02 
2.984634e+02 
2.984634e+02 
2.984634e+02 
2.984634e+02 
2.984634e+02 
2.984634e+02 
2.984634e+02 
2.984634e+02 
2.984634e+02 
2.984634e+02 
2.984634e+02 
2.984634e+02 
2.984634e+02 
2.984634e+02 
2.984634e+02 
2.984634e+02 
2.984634e+02 
2.984634e+02 
2.984634e+02 
2.984634e+02 
2.984634e+02 
2.984634e+02 
2.984634e+02 
2.984634e+02 
2.984634e+02 
2.984634e+02 
2.984634e+02 
2.984634e+02 
2.984634e+02 
2.984634e+02 
2.984634e+02 
2.984634e+02 
2.984634e+02 
2.984634e+02 
2.984634e+02 
2.984634e+02 
2.984634e+02 
2.984634e+02 
2.984634e+02 
2.984634e+02 
2.984634e+02 
2.984634e+02 
2.984634e+02 
2.984634e+02 
2.984634e+02 
2.984634e+02 
2.984634e+02 
2.984634e+02 
2.984634e+02 
2.984634e+02 
2.984634e+02 
2.984634e+02 
2.984634e+02 
2.984634e+02 
2.984634e+02 
2.984634e+02 
2.984634e+02 
2.984634e+02 
2.984634e+02 
2.984634e+02 
2.984634e+02 
2.984634e+02 
2.984634e+02 
2.984634e+02 
2.984634e+02 
2.984634e+02 
2.984634e+02 
2.984634e+02 
2.984634e+02 
2.984634e+02 
2.984634e+02 
2.984634e+02 
2.984634e+02 
2.984634e+02 
2.984634e+02 
2.984634e+02 
2.984634e+02 
2.984634e+02 
2.984634e+02 
2.984634e+02 
2.984634e+02 
2.984634e+02 
2.984634e+02 
2.984634e+02 
2.984634e+02 
2.984634e+02 
2.984634e+02 
2.984634e+02 
2.984634e+02 
2.984634e+02 
2.984634e+02 
2.984634e+02 
2.984634e+02 
2.984634e+02 
2.984634e+02 
2.984634e+02 
2.984634e+02 
2.984634e+02 
2.984634e+02 
2.984634e+02 
2.984634e+02 
2.984634e+02 
2.984634e+02 
2.984634e+02 
2.984634e+02 
2.984634e+02 
2.984634e+02 
2.984634e+02 
2.984634e+02 
2.984634e+02 
2.984634e+02 
2.984634e+02 
2.984634e+02 
2.984634e+02 
2.984634e+02 
2.984634e+02 
2.984634e+02 
2.984634e+02 
2.984634e+02 
2.984634e+02 
2.984634e+02 
2.984634e+02 
2.984634e+02 
2.984634e+02 
2.984634e+02 
2.984634e+02 
2.984634e+02 
2.984634e+02 
2.984634e+02 
2.984634e+02 
2.984634e+02 
2.984634e+02 
2.984634e+02 
2.984634e+02 
2.984634e+02 
2.984634e+02 
2.984634e+02 
2.984634e+02 
2.984634e+02 
2.984634e+02 
2.984634e+02 
2.984634e+02 
2.984634e+02 
2.984634e+02 
2.984634e+02 
2.984634e+02 
2.984634e+02 
2.984634e+02 
2.984634e+02 
2.984634e+02 
2.984634e+02 
2.984634e+02 
2.984634e+02 
2.984634e+02 
2.984634e+02 
2.984634e+02 
2.984634e+02 
2.984634e+02 
2.984634e+02 
2.984634e+02 
2.984634e+02 
2.984634e+02 
2.984634e+02 
2.984634e+02 
2.984634e+02 
2.984634e+02 
2.984634e+02 
2.984634e+02 
2.984634e+02 
2.984634e+02 
2.984634e+02 
2.984634e+02 
2.984634e+02 
2.984634e+02 
2.984634e+02 
2.984634e+02 
2.984634e+02 
2.984634e+02 
2.984634e+02 
2.984634e+02 
2.984634e+02 
2.984634e+02 
2.984634e+02 
2.984634e+02 
2.984634e+02 
2.984634e+02 
2.984634e+02 
2.984634e+02 
2.984634e+02 
2.984634e+02 
2.984634e+02 
2.984634e+02 
2.984634e+02 
2.984634e+02 
2.984634e+02 
2.984634e+02 
2.984634e+02 
2.984634e+02 
2.984634e+02 
2.984634e+02 
2.984634e+02 
2.984634e+02 
2.984634e+02 
2.984634e+02 
2.984634e+02 
2.984634e+02 
2.984634e+02 
2.984634e+02 
2.984634e+02 
2.984634e+02 
2.984634e+02 
2.984634e+02 
2.984634e+02 
2.984634e+02 
2.984634e+02 
2.984634e+02 
2.984634e+02 
2.984634e+02 
2.984634e+02 
2.984634e+02 
2.984634e+02 
2.984634e+02 
2.984634e+02 
2.984634e+02 
2.984634e+02 
2.984634e+02 
2.984634e+02 
2.984634e+02 
2.984634e+02 
2.984634e+02 
2.984634e+02 
2.984634e+02 
2.984634e+02 
2.984634e+02 
2.984634e+02 
2.984634e+02 
2.984634e+02 
2.984634e+02 
2.984634e+02 
2.984634e+02 
2.984634e+02 
2.984634e+02 
2.984634e+02 
2.984634e+02 
2.984634e+02 
2.984634e+02 
2.984634e+02 
2.984634e+02 
2.984634e+02 
2.984634e+02 
2.984634e+02 
2.984634e+02 
2.984634e+02 
2.984634e+02 
2.984634e+02 
2.984634e+02 
2.984634e+02 
2.984634e+02 
2.984634e+02 
2.984634e+02 
2.984634e+02 
2.984634e+02 
2.984634e+02 
2.984634e+02 
2.984634e+02 
2.984634e+02 
2.984634e+02 
2.984634e+02 
2.984634e+02 
2.984634e+02 
2.984634e+02 
2.984634e+02 
2.984634e+02 
2.984634e+02 
2.984634e+02 
2.984634e+02 
2.984634e+02 
2.984634e+02 
2.984634e+02 
2.984634e+02 
2.984634e+02 
2.984634e+02 
2.984634e+02 
2.984634e+02 
2.984634e+02 
2.984634e+02 
2.984634e+02 
2.984634e+02 
2.984634e+02 
2.984634e+02 
2.984634e+02 
2.984634e+02 
2.984634e+02 
2.984634e+02 
2.984634e+02 
2.984634e+02 
2.984634e+02 
2.984634e+02 
2.984634e+02 
2.984634e+02 
2.984634e+02 
2.984634e+02 
2.984634e+02 
2.984634e+02 
2.984634e+02 
2.984634e+02 
2.984634e+02 
2.984634e+02 
2.984634e+02 
2.984634e+02 
2.984634e+02 
2.984634e+02 
2.984634e+02 
2.984634e+02 
2.984634e+02 
2.984634e+02 
2.984634e+02 
2.984634e+02 
2.984634e+02 
2.984634e+02 
2.984634e+02 
2.984634e+02 
2.984634e+02 
2.984634e+02 
2.984634e+02 
2.984634e+02 
2.984634e+02 
2.984634e+02 
2.984634e+02 
2.984634e+02 
2.984634e+02 
2.984634e+02 
2.984634e+02 
2.984634e+02 
2.984634e+02 
2.984634e+02 
2.984634e+02 
2.984634e+02 
2.984634e+02 
2.984634e+02 
2.984634e+02 
2.984634e+02 
2.984634e+02 
2.984634e+02 
2.984634e+02 
2.984634e+02 
2.984634e+02 
2.984634e+02 
2.984634e+02 
2.984634e+02 
2.984634e+02 
2.984634e+02 
2.984634e+02 
2.984634e+02 
2.984634e+02 
2.984634e+02 
2.984634e+02 
2.984634e+02 
2.984634e+02 
2.984634e+02 
2.984634e+02 
2.984634e+02 
2.984634e+02 
2.984634e+02 
2.984634e+02 
2.984634e+02 
2.984634e+02 
2.984634e+02 
2.984634e+02 
2.984634e+02 
2.984634e+02 
2.984634e+02 
2.984634e+02 
2.984634e+02 
2.984634e+02 
2.984634e+02 
2.984634e+02 
2.984634e+02 
2.984634e+02 
2.984634e+02 
2.984634e+02 
2.984634e+02 
2.984634e+02 
2.984634e+02 
2.984634e+02 
2.984634e+02 
2.984634e+02 
2.984634e+02 
2.984634e+02 
2.984634e+02 
2.984634e+02 
2.984634e+02 
2.984634e+02 
2.984634e+02 
2.984634e+02 
2.984634e+02 
2.984634e+02 
2.984634e+02 
2.984634e+02 
2.984634e+02 
2.984634e+02 
2.984634e+02 
2.984634e+02 
2.984634e+02 
2.984634e+02 
2.984634e+02 
2.984634e+02 
2.984634e+02 
2.984634e+02 
2.984634e+02 
2.984634e+02 
2.984634e+02 
2.984634e+02 
2.984634e+02 
2.984634e+02 
2.984634e+02 
2.984634e+02 
2.984634e+02 
2.984634e+02 
2.984634e+02 
2.984634e+02 
2.984634e+02 
2.984634e+02 
2.984634e+02 
2.984634e+02 
2.984634e+02 
2.984634e+02 
2.984634e+02 
2.984634e+02 
2.984634e+02 
2.984634e+02 
2.984634e+02 
2.984634e+02 
2.984634e+02 
2.984634e+02 
2.984634e+02 
2.984634e+02 
2.984634e+02 
2.984634e+02 
2.984634e+02 
2.984634e+02 
2.984634e+02 
2.984634e+02 
2.984634e+02 
2.984634e+02 
2.984634e+02 
2.984634e+02 
2.984634e+02 
2.984634e+02 
2.984634e+02 
2.984634e+02 
2.984634e+02 
2.984634e+02 
2.984634e+02 
2.984634e+02 
2.984634e+02 
2.984634e+02 
2.984634e+02 
2.984634e+02 
2.984634e+02 
2.984634e+02 
2.984634e+02 
2.984634e+02 
2.984634e+02 
2.984634e+02 
2.984634e+02 
2.984634e+02 
2.984634e+02 
2.984634e+02 
2.984634e+02 
2.984634e+02 
2.984634e+02 
2.984634e+02 
2.984634e+02 
2.984634e+02 
2.984634e+02 
2.984634e+02 
2.984634e+02 
2.984634e+02 
2.984634e+02 
2.984634e+02 
2.984634e+02 
2.984634e+02 
2.984634e+02 
2.984634e+02 
2.984634e+02 
2.984634e+02 
2.984634e+02 
2.984634e+02 
2.984634e+02 
2.984634e+02 
2.984634e+02 
2.984634e+02 
2.984634e+02 
2.984634e+02 
2.984634e+02 
2.984634e+02 
2.984634e+02 
2.984634e+02 
2.984634e+02 
2.984634e+02 
2.984634e+02 
2.984634e+02 
2.984634e+02 
2.984634e+02 
2.984634e+02 
2.984634e+02 
2.984634e+02 
2.984634e+02 
2.984634e+02 
2.984634e+02 
2.984634e+02 
2.984634e+02 
2.984634e+02 
2.984634e+02 
2.984634e+02 
2.984634e+02 
2.984634e+02 
2.984634e+02 
2.984634e+02 
2.984634e+02 
2.984634e+02 
2.984634e+02 
2.984634e+02 
2.984634e+02 
2.984634e+02 
2.984634e+02 
2.984634e+02 
2.984634e+02 
2.984634e+02 
2.984634e+02 
2.984634e+02 
2.984634e+02 
2.984634e+02 
2.984634e+02 
2.984634e+02 
2.984634e+02 
2.984634e+02 
2.984634e+02 
2.984634e+02 
2.984634e+02 
2.984634e+02 
2.984634e+02 
2.984634e+02 
2.984634e+02 
2.984634e+02 
2.984634e+02 
2.984634e+02 
2.984634e+02 
2.984634e+02 
2.984634e+02 
2.984634e+02 
2.984634e+02 
2.984634e+02 
2.984634e+02 
2.984634e+02 
2.984634e+02 
2.984634e+02 
2.984634e+02 
2.984634e+02 
2.984634e+02 
2.984634e+02 
2.984634e+02 
2.984634e+02 
2.984634e+02 
2.984634e+02 
2.984634e+02 
2.984634e+02 
2.984634e+02 
2.984634e+02 
2.984634e+02 
2.984634e+02 
2.984634e+02 
2.984634e+02 
2.984634e+02 
2.984634e+02 
2.984634e+02 
2.984634e+02 
2.984634e+02 
2.984634e+02 
2.984634e+02 
2.984634e+02 
2.984634e+02 
2.984634e+02 
2.984634e+02 
2.984634e+02 
2.984634e+02 
2.984634e+02 
2.984634e+02 
2.984634e+02 
2.984634e+02 
2.984634e+02 
2.984634e+02 
2.984634e+02 
2.984634e+02 
2.984634e+02 
2.984634e+02 
2.984634e+02 
2.984634e+02 
2.984634e+02 
2.984634e+02 
2.984634e+02 
2.984634e+02 
2.984634e+02 
2.984634e+02 
2.984634e+02 
2.984634e+02 
2.984634e+02 
2.984634e+02 
2.984634e+02 
2.984634e+02 
2.984634e+02 
2.984634e+02 
2.984634e+02 
2.984634e+02 
2.984634e+02 
2.984634e+02 
2.984634e+02 
2.984634e+02 
2.984634e+02 
2.984634e+02 
2.984634e+02 
2.984634e+02 
2.984634e+02 
2.984634e+02 
2.984634e+02 
2.984634e+02 
2.984634e+02 
2.984634e+02 
2.984634e+02 
2.984634e+02 
2.984634e+02 
2.984634e+02 
2.984634e+02 
2.984634e+02 
2.984634e+02 
2.984634e+02 
2.984634e+02 
2.984634e+02 
2.984634e+02 
2.984634e+02 
2.984634e+02 
2.984634e+02 
2.984634e+02 
2.984634e+02 
2.984634e+02 
2.984634e+02 
2.984634e+02 
2.984634e+02 
2.984634e+02 
2.984634e+02 
2.984634e+02 
2.984634e+02 
2.984634e+02 
2.984634e+02 
2.984634e+02 
2.984634e+02 
2.984634e+02 
2.984634e+02 
2.984634e+02 
2.984634e+02 
2.984634e+02 
2.984634e+02 
2.984634e+02 
2.984634e+02 
2.984634e+02 
2.984634e+02 
2.984634e+02 
2.984634e+02 
2.984634e+02 
2.984634e+02 
2.984634e+02 
2.984634e+02 
2.984634e+02 
2.984634e+02 
2.984634e+02 
2.984634e+02 
2.984634e+02 
2.984634e+02 
2.984634e+02 
2.984634e+02 
2.984634e+02 
2.984634e+02 
2.984634e+02 
2.984634e+02 
2.984634e+02 
2.984634e+02 
2.984634e+02 
2.984634e+02 
2.984634e+02 
2.984634e+02 
2.984634e+02 
2.984634e+02 
2.984634e+02 
2.984634e+02 
2.984634e+02 
2.984634e+02 
2.984634e+02 
2.984634e+02 
2.984634e+02 
2.984634e+02 
2.984634e+02 
2.984634e+02 
2.984634e+02 
2.984634e+02 
2.984634e+02 
2.984634e+02 
2.984634e+02 
2.984634e+02 
2.984634e+02 
2.984634e+02 
2.984634e+02 
2.984634e+02 
2.984634e+02 
2.984634e+02 
2.984634e+02 
2.984634e+02 
2.984634e+02 
2.984634e+02 
2.984634e+02 
2.984634e+02 
2.984634e+02 
2.984634e+02 
2.984634e+02 
2.984634e+02 
2.984634e+02 
2.984634e+02 
2.984634e+02 
2.984634e+02 
2.984634e+02 
2.984634e+02 
2.984634e+02 
2.984634e+02 
2.984634e+02 
2.984634e+02 
2.984634e+02 
2.984634e+02 
2.984634e+02 
2.984634e+02 
2.984634e+02 
2.984634e+02 
2.984634e+02 
2.984634e+02 
2.984634e+02 
2.984634e+02 
2.984634e+02 
2.984634e+02 
2.984634e+02 
2.984634e+02 
2.984634e+02 
2.984634e+02 
2.984634e+02 
2.984634e+02 
2.984634e+02 
2.984634e+02 
2.984634e+02 
2.984634e+02 
2.984634e+02 
2.984634e+02 
2.984634e+02 
2.984634e+02 
2.984634e+02 
2.984634e+02 
2.984634e+02 
2.984634e+02 
2.984634e+02 
2.984634e+02 
2.984634e+02 
2.984634e+02 
2.984634e+02 
2.984634e+02 
2.984634e+02 
2.984634e+02 
2.984634e+02 
2.984634e+02 
2.984634e+02 
2.984634e+02 
2.984634e+02 
2.984634e+02 
2.984634e+02 
2.984634e+02 
2.984634e+02 
2.984634e+02 
2.984634e+02 
2.984634e+02 
2.984634e+02 
2.984634e+02 
2.984634e+02 
2.984634e+02 
2.984634e+02 
2.984634e+02 
2.984634e+02 
2.984634e+02 
2.984634e+02 
2.984634e+02 
2.984634e+02 
2.984634e+02 
2.984634e+02 
2.984634e+02 
2.984634e+02 
2.984634e+02 
2.984634e+02 
2.984634e+02 
2.984634e+02 
2.984634e+02 
2.984634e+02 
2.984634e+02 
2.984634e+02 
2.984634e+02 
2.984634e+02 
2.984634e+02 
2.984634e+02 
2.984634e+02 
2.984634e+02 
2.984634e+02 
2.984634e+02 
2.984634e+02 
2.984634e+02 
2.984634e+02 
2.984634e+02 
2.984634e+02 
2.984634e+02 
2.984634e+02 
2.984634e+02 
2.984634e+02 
2.984634e+02 
2.984634e+02 
2.984634e+02 
2.984634e+02 
2.984634e+02 
2.984634e+02 
2.984634e+02 
2.984634e+02 
2.984634e+02 
2.984634e+02 
2.984634e+02 
2.984634e+02 
2.984634e+02 
2.984634e+02 
2.984634e+02 
2.984634e+02 
2.984634e+02 
2.984634e+02 
2.984634e+02 
2.984634e+02 
2.984634e+02 
2.984634e+02 
2.984634e+02 
2.984634e+02 
2.984634e+02 
2.984634e+02 
2.984634e+02 
2.984634e+02 
2.984634e+02 
2.984634e+02 
2.984634e+02 
2.984634e+02 
2.984634e+02 
2.984634e+02 
2.984634e+02 
2.984634e+02 
2.984634e+02 
2.984634e+02 
2.984634e+02 
2.984634e+02 
2.984634e+02 
2.984634e+02 
2.984634e+02 
2.984634e+02 
2.984634e+02 
2.984634e+02 
2.984634e+02 
2.984634e+02 
2.984634e+02 
2.984634e+02 
2.984634e+02 
2.984634e+02 
2.984634e+02 
2.984634e+02 
2.984634e+02 
2.984634e+02 
2.984634e+02 
2.984634e+02 
2.984634e+02 
2.984634e+02 
2.984634e+02 
2.984634e+02 
2.984634e+02 
2.984634e+02 
2.984634e+02 
2.984634e+02 
2.984634e+02 
2.984634e+02 
2.984634e+02 
2.984634e+02 
2.984634e+02 
2.984634e+02 
2.984634e+02 
2.984634e+02 
2.984634e+02 
2.984634e+02 
2.984634e+02 
2.984634e+02 
2.984634e+02 
2.984634e+02 
2.984634e+02 
2.984634e+02 
2.984634e+02 
2.984634e+02 
2.984634e+02 
2.984634e+02 
2.984634e+02 
2.984634e+02 
2.984634e+02 
2.984634e+02 
2.984634e+02 
2.984634e+02 
2.984634e+02 
2.984634e+02 
2.984634e+02 
2.984634e+02 
2.984634e+02 
2.984634e+02 
2.984634e+02 
2.984634e+02 
2.984634e+02 
2.984634e+02 
2.984634e+02 
2.984634e+02 
2.984634e+02 
2.984634e+02 
2.984634e+02 
2.984634e+02 
2.984634e+02 
2.984634e+02 
2.984634e+02 
2.984634e+02 
2.984634e+02 
2.984634e+02 
2.984634e+02 
2.984634e+02 
2.984634e+02 
2.984634e+02 
2.984634e+02 
2.984634e+02 
2.984634e+02 
2.984634e+02 
2.984634e+02 
2.984634e+02 
2.984634e+02 
2.984634e+02 
2.984634e+02 
2.984634e+02 
2.984634e+02 
2.984634e+02 
2.984634e+02 
2.984634e+02 
2.984634e+02 
2.984634e+02 
2.984634e+02 
2.984634e+02 
2.984634e+02 
2.984634e+02 
2.984634e+02 
2.984634e+02 
2.984634e+02 
2.984634e+02 
2.984634e+02 
2.984634e+02 
2.984634e+02 
2.984634e+02 
2.984634e+02 
2.984634e+02 
2.984634e+02 
2.984634e+02 
2.984634e+02 
2.984634e+02 
2.984634e+02 
2.984634e+02 
2.984634e+02 
2.984634e+02 
2.984634e+02 
2.984634e+02 
2.984634e+02 
2.984634e+02 
2.984634e+02 
2.984634e+02 
2.984634e+02 
2.984634e+02 
2.984634e+02 
2.984634e+02 
2.984634e+02 
2.984634e+02 
2.984634e+02 
2.984634e+02 
2.984634e+02 
2.984634e+02 
2.984634e+02 
2.984634e+02 
2.984634e+02 
2.984634e+02 
2.984634e+02 
2.984634e+02 
2.984634e+02 
2.984634e+02 
2.984634e+02 
2.984634e+02 
2.984634e+02 
2.984634e+02 
2.984634e+02 
2.984634e+02 
2.984634e+02 
2.984634e+02 
2.984634e+02 
2.984634e+02 
2.984634e+02 
2.984634e+02 
2.984634e+02 
2.984634e+02 
2.984634e+02 
2.984634e+02 
2.984634e+02 
2.984634e+02 
2.984634e+02 
2.984634e+02 
2.984634e+02 
2.984634e+02 
2.984634e+02 
2.984634e+02 
2.984634e+02 
2.984634e+02 
2.984634e+02 
2.984634e+02 
2.984634e+02 
2.984634e+02 
2.984634e+02 
2.984634e+02 
2.984634e+02 
2.984634e+02 
2.984634e+02 
2.984634e+02 
2.984634e+02 
2.984634e+02 
2.984634e+02 
2.984634e+02 
2.984634e+02 
2.984634e+02 
2.984634e+02 
2.984634e+02 
2.984634e+02 
2.984634e+02 
2.984634e+02 
2.984634e+02 
2.984634e+02 
2.984634e+02 
2.984634e+02 
2.984634e+02 
2.984634e+02 
2.984634e+02 
2.984634e+02 
2.984634e+02 
2.984634e+02 
2.984634e+02 
2.984634e+02 
2.984634e+02 
2.984634e+02 
2.984634e+02 
2.984634e+02 
2.984634e+02 
2.984634e+02 
2.984634e+02 
2.984634e+02 
2.984634e+02 
2.984634e+02 
2.984634e+02 
2.984634e+02 
2.984634e+02 
2.984634e+02 
2.984634e+02 
2.984634e+02 
2.984634e+02 
2.984634e+02 
2.984634e+02 
2.984634e+02 
2.984634e+02 
2.984634e+02 
2.984634e+02 
2.984634e+02 
2.984634e+02 
2.984634e+02 
2.984634e+02 
2.984634e+02 
2.984634e+02 
2.984634e+02 
2.984634e+02 
2.984634e+02 
2.984634e+02 
2.984634e+02 
2.984634e+02 
2.984634e+02 
2.984634e+02 
2.984634e+02 
2.984634e+02 
2.984634e+02 
2.984634e+02 
2.984634e+02 
2.984634e+02 
2.984634e+02 
2.984634e+02 
2.984634e+02 
2.984634e+02 
2.984634e+02 
2.984634e+02 
2.984634e+02 
2.984634e+02 
2.984634e+02 
2.984634e+02 
2.984634e+02 
2.984634e+02 
2.984634e+02 
2.984634e+02 
2.984634e+02 
2.984634e+02 
2.984634e+02 
2.984634e+02 
2.984634e+02 
2.984634e+02 
2.984634e+02 
2.984634e+02 
2.984634e+02 
2.984634e+02 
2.984634e+02 
2.984634e+02 
2.984634e+02 
2.984634e+02 
2.984634e+02 
2.984634e+02 
2.984634e+02 
2.984634e+02 
2.984634e+02 
2.984634e+02 
2.984634e+02 
2.984634e+02 
2.984634e+02 
2.984634e+02 
2.984634e+02 
2.984634e+02 
2.984634e+02 
2.984634e+02 
2.984634e+02 
2.984634e+02 
2.984634e+02 
2.984634e+02 
2.984634e+02 
2.984634e+02 
2.984634e+02 
2.984634e+02 
2.984634e+02 
2.984634e+02 
2.984634e+02 
2.984634e+02 
2.984634e+02 
2.984634e+02 
2.984634e+02 
2.984634e+02 
2.984634e+02 
2.984634e+02 
2.984634e+02 
2.984634e+02 
2.984634e+02 
2.984634e+02 
2.984634e+02 
2.984634e+02 
2.984634e+02 
2.984634e+02 
2.984634e+02 
2.984634e+02 
2.984634e+02 
2.984634e+02 
2.984634e+02 
2.984634e+02 
2.984634e+02 
2.984634e+02 
2.984634e+02 
2.984634e+02 
2.984634e+02 
2.984634e+02 
2.984634e+02 
2.984634e+02 
2.984634e+02 
2.984634e+02 
2.984634e+02 
2.984634e+02 
2.984634e+02 
2.984634e+02 
2.984634e+02 
2.984634e+02 
2.984634e+02 
2.984634e+02 
2.984634e+02 
2.984634e+02 
2.984634e+02 
2.984634e+02 
2.984634e+02 
2.984634e+02 
2.984634e+02 
2.984634e+02 
2.984634e+02 
2.984634e+02 
2.984634e+02 
2.984634e+02 
2.984634e+02 
2.984634e+02 
2.984634e+02 
2.984634e+02 
2.984634e+02 
2.984634e+02 
2.984634e+02 
2.984634e+02 
2.984634e+02 
2.984634e+02 
2.984634e+02 
2.984634e+02 
2.984634e+02 
2.984634e+02 
2.984634e+02 
2.984634e+02 
2.984634e+02 
2.984634e+02 
2.984634e+02 
2.984634e+02 
2.984634e+02 
2.984634e+02 
2.984634e+02 
2.984634e+02 
2.984634e+02 
2.984634e+02 
2.984634e+02 
2.984634e+02 
2.984634e+02 
2.984634e+02 
2.984634e+02 
2.984634e+02 
2.984634e+02 
2.984634e+02 
2.984634e+02 
2.984634e+02 
2.984634e+02 
2.984634e+02 
2.984634e+02 
2.984634e+02 
2.984634e+02 
2.984634e+02 
2.984634e+02 
2.984634e+02 
2.984634e+02 
2.984634e+02 
2.984634e+02 
2.984634e+02 
2.984634e+02 
2.984634e+02 
2.984634e+02 
2.984634e+02 
2.984634e+02 
2.984634e+02 
2.984634e+02 
2.984634e+02 
2.984634e+02 
2.984634e+02 
2.984634e+02 
2.984634e+02 
2.984634e+02 
2.984634e+02 
2.984634e+02 
2.984634e+02 
2.984634e+02 
2.984634e+02 
2.984634e+02 
2.984634e+02 
2.984634e+02 
2.984634e+02 
2.984634e+02 
2.984634e+02 
2.984634e+02 
2.984634e+02 
2.984634e+02 
2.984634e+02 
2.984634e+02 
2.984634e+02 
2.984634e+02 
2.984634e+02 
2.984634e+02 
2.984634e+02 
2.984634e+02 
2.984634e+02 
2.984634e+02 
2.984634e+02 
2.984634e+02 
2.984634e+02 
2.984634e+02 
2.984634e+02 
2.984634e+02 
2.984634e+02 
2.984634e+02 
2.984634e+02 
2.984634e+02 
2.984634e+02 
2.984634e+02 
2.984634e+02 
2.984634e+02 
2.984634e+02 
2.984634e+02 
2.984634e+02 
2.984634e+02 
2.984634e+02 
2.984634e+02 
2.984634e+02 
2.984634e+02 
2.984634e+02 
2.984634e+02 
2.984634e+02 
2.984634e+02 
2.984634e+02 
2.984634e+02 
2.984634e+02 
2.984634e+02 
2.984634e+02 
2.984634e+02 
2.984634e+02 
2.984634e+02 
2.984634e+02 
2.984634e+02 
2.984634e+02 
2.984634e+02 
2.984634e+02 
2.984634e+02 
2.984634e+02 
2.984634e+02 
2.984634e+02 
2.984634e+02 
2.984634e+02 
2.984634e+02 
2.984634e+02 
2.984634e+02 
2.984634e+02 
2.984634e+02 
2.984634e+02 
2.984634e+02 
2.984634e+02 
2.984634e+02 
2.984634e+02 
2.984634e+02 
2.984634e+02 
2.984634e+02 
2.984634e+02 
2.984634e+02 
2.984634e+02 
2.984634e+02 
2.984634e+02 
2.984634e+02 
2.984634e+02 
2.984634e+02 
2.984634e+02 
2.984634e+02 
2.984634e+02 
2.984634e+02 
2.984634e+02 
2.984634e+02 
2.984634e+02 
2.984634e+02 
2.984634e+02 
2.984634e+02 
2.984634e+02 
2.984634e+02 
2.984634e+02 
2.984634e+02 
2.984634e+02 
2.984634e+02 
2.984634e+02 
2.984634e+02 
2.984634e+02 
2.984634e+02 
2.984634e+02 
2.984634e+02 
2.984634e+02 
2.984634e+02 
2.984634e+02 
2.984634e+02 
2.984634e+02 
2.984634e+02 
2.984634e+02 
2.984634e+02 
2.984634e+02 
2.984634e+02 
2.984634e+02 
2.984634e+02 
2.984634e+02 
2.984634e+02 
2.984634e+02 
2.984634e+02 
2.984634e+02 
2.984634e+02 
2.984634e+02 
2.984634e+02 
2.984634e+02 
2.984634e+02 
2.984634e+02 
2.984634e+02 
2.984634e+02 
2.984634e+02 
2.984634e+02 
2.984634e+02 
2.984634e+02 
2.984634e+02 
2.984634e+02 
2.984634e+02 
2.984634e+02 
2.984634e+02 
2.984634e+02 
2.984634e+02 
2.984634e+02 
2.984634e+02 
2.984634e+02 
2.984634e+02 
2.984634e+02 
2.984634e+02 
2.984634e+02 
2.984634e+02 
2.984634e+02 
2.984634e+02 
2.984634e+02 
2.984634e+02 
2.984634e+02 
2.984634e+02 
2.984634e+02 
2.984634e+02 
2.984634e+02 
2.984634e+02 
2.984634e+02 
2.984634e+02 
2.984634e+02 
2.984634e+02 
2.984634e+02 
2.984634e+02 
2.984634e+02 
2.984634e+02 
2.984634e+02 
2.984634e+02 
2.984634e+02 
2.984634e+02 
2.984634e+02 
2.984634e+02 
2.984634e+02 
2.984634e+02 
2.984634e+02 
2.984634e+02 
2.984634e+02 
2.984634e+02 
2.984634e+02 
2.984634e+02 
2.984634e+02 
2.984634e+02 
2.984634e+02 
2.984634e+02 
2.984634e+02 
2.984634e+02 
2.984634e+02 
2.984634e+02 
2.984634e+02 
2.984634e+02 
2.984634e+02 
2.984634e+02 
2.984634e+02 
2.984634e+02 
2.984634e+02 
2.984634e+02 
2.984634e+02 
2.984634e+02 
2.984634e+02 
2.984634e+02 
2.984634e+02 
2.984634e+02 
2.984634e+02 
2.984634e+02 
2.984634e+02 
2.984634e+02 
2.984634e+02 
2.984634e+02 
2.984634e+02 
2.984634e+02 
2.984634e+02 
2.984634e+02 
2.984634e+02 
2.984634e+02 
2.984634e+02 
2.984634e+02 
2.984634e+02 
2.984634e+02 
2.984634e+02 
2.984634e+02 
2.984634e+02 
2.984634e+02 
2.984634e+02 
2.984634e+02 
2.984634e+02 
2.984634e+02 
2.984634e+02 
2.984634e+02 
2.984634e+02 
2.984634e+02 
2.984634e+02 
2.984634e+02 
2.984634e+02 
2.984634e+02 
2.984634e+02 
2.984634e+02 
2.984634e+02 
2.984634e+02 
2.984634e+02 
2.984634e+02 
2.984634e+02 
2.984634e+02 
2.984634e+02 
2.984634e+02 
2.984634e+02 
2.984634e+02 
2.984634e+02 
2.984634e+02 
2.984634e+02 
2.984634e+02 
2.984634e+02 
2.984634e+02 
2.984634e+02 
2.984634e+02 
2.984634e+02 
2.984634e+02 
2.984634e+02 
2.984634e+02 
2.984634e+02 
2.984634e+02 
2.984634e+02 
2.984634e+02 
2.984634e+02 
2.984634e+02 
2.984634e+02 
2.984634e+02 
2.984634e+02 
2.984634e+02 
2.984634e+02 
2.984634e+02 
2.984634e+02 
2.984634e+02 
2.984634e+02 
2.984634e+02 
2.984634e+02 
2.984634e+02 
2.984634e+02 
2.984634e+02 
2.984634e+02 
2.984634e+02 
2.984634e+02 
2.984634e+02 
2.984634e+02 
2.984634e+02 
2.984634e+02 
2.984634e+02 
2.984634e+02 
2.984634e+02 
2.984634e+02 
2.984634e+02 
2.984634e+02 
2.984634e+02 
2.984634e+02 
2.984634e+02 
2.984634e+02 
2.984634e+02 
2.984634e+02 
2.984634e+02 
2.984634e+02 
2.984634e+02 
2.984634e+02 
2.984634e+02 
2.984634e+02 
2.984634e+02 
2.984634e+02 
2.984634e+02 
2.984634e+02 
2.984634e+02 
2.984634e+02 
2.984634e+02 
2.984634e+02 
2.984634e+02 
2.984634e+02 
2.984634e+02 
2.984634e+02 
2.984634e+02 
2.984634e+02 
2.984634e+02 
2.984634e+02 
2.984634e+02 
2.984634e+02 
2.984634e+02 
2.984634e+02 
2.984634e+02 
2.984634e+02 
2.984634e+02 
2.984634e+02 
2.984634e+02 
2.984634e+02 
2.984634e+02 
2.984634e+02 
2.984634e+02 
2.984634e+02 
2.984634e+02 
2.984634e+02 
2.984634e+02 
2.984634e+02 
2.984634e+02 
2.984634e+02 
2.984634e+02 
2.984634e+02 
2.984634e+02 
2.984634e+02 
2.984634e+02 
2.984634e+02 
2.984634e+02 
2.984634e+02 
2.984634e+02 
2.984634e+02 
2.984634e+02 
2.984634e+02 
2.984634e+02 
2.984634e+02 
2.984634e+02 
2.984634e+02 
2.984634e+02 
2.984634e+02 
2.984634e+02 
2.984634e+02 
2.984634e+02 
2.984634e+02 
2.984634e+02 
2.984634e+02 
2.984634e+02 
2.984634e+02 
2.984634e+02 
2.984634e+02 
2.984634e+02 
2.984634e+02 
2.984634e+02 
2.984634e+02 
2.984634e+02 
2.984634e+02 
2.984634e+02 
2.984634e+02 
2.984634e+02 
2.984634e+02 
2.984634e+02 
2.984634e+02 
2.984634e+02 
2.984634e+02 
2.984634e+02 
2.984634e+02 
2.984634e+02 
2.984634e+02 
2.984634e+02 
2.984634e+02 
2.984634e+02 
2.984634e+02 
2.984634e+02 
2.984634e+02 
2.984634e+02 
2.984634e+02 
2.984634e+02 
2.984634e+02 
2.984634e+02 
2.984634e+02 
2.984634e+02 
2.984634e+02 
2.984634e+02 
2.984634e+02 
2.984634e+02 
2.984634e+02 
2.984634e+02 
2.984634e+02 
2.984634e+02 
2.984634e+02 
2.984634e+02 
2.984634e+02 
2.984634e+02 
2.984634e+02 
2.984634e+02 
2.984634e+02 
2.984634e+02 
2.984634e+02 
2.984634e+02 
2.984634e+02 
2.984634e+02 
2.984634e+02 
2.984634e+02 
2.984634e+02 
2.984634e+02 
2.984634e+02 
2.984634e+02 
2.984634e+02 
2.984634e+02 
2.984634e+02 
2.984634e+02 
2.984634e+02 
2.984634e+02 
2.984634e+02 
2.984634e+02 
2.984634e+02 
2.984634e+02 
2.984634e+02 
2.984634e+02 
2.984634e+02 
2.984634e+02 
2.984634e+02 
2.984634e+02 
2.984634e+02 
2.984634e+02 
2.984634e+02 
2.984634e+02 
2.984634e+02 
2.984634e+02 
2.984634e+02 
2.984634e+02 
2.984634e+02 
2.984634e+02 
2.984634e+02 
2.984634e+02 
2.984634e+02 
2.984634e+02 
2.984634e+02 
2.984634e+02 
2.984634e+02 
2.984634e+02 
2.984634e+02 
2.984634e+02 
2.984634e+02 
2.984634e+02 
2.984634e+02 
2.984634e+02 
2.984634e+02 
2.984634e+02 
2.984634e+02 
2.984634e+02 
2.984634e+02 
2.984634e+02 
2.984634e+02 
2.984634e+02 
2.984634e+02 
2.984634e+02 
2.984634e+02 
2.984634e+02 
2.984634e+02 
2.984634e+02 
2.984634e+02 
2.984634e+02 
2.984634e+02 
2.984634e+02 
2.984634e+02 
2.984634e+02 
2.984634e+02 
2.984634e+02 
2.984634e+02 
2.984634e+02 
2.984634e+02 
2.984634e+02 
2.984634e+02 
2.984634e+02 
2.984634e+02 
2.984634e+02 
2.984634e+02 
2.984634e+02 
2.984634e+02 
2.984634e+02 
2.984634e+02 
2.984634e+02 
2.984634e+02 
2.984634e+02 
2.984634e+02 
2.984634e+02 
2.984634e+02 
2.984634e+02 
2.984634e+02 
2.984634e+02 
2.984634e+02 
2.984634e+02 
2.984634e+02 
2.984634e+02 
2.984634e+02 
2.984634e+02 
2.984634e+02 
2.984634e+02 
2.984634e+02 
2.984634e+02 
2.984634e+02 
2.984634e+02 
2.984634e+02 
2.984634e+02 
2.984634e+02 
2.984634e+02 
2.984634e+02 
2.984634e+02 
2.984634e+02 
2.984634e+02 
2.984634e+02 
2.984634e+02 
2.984634e+02 
2.984634e+02 
2.984634e+02 
2.984634e+02 
2.984634e+02 
2.984634e+02 
2.984634e+02 
2.984634e+02 
2.984634e+02 
2.984634e+02 
2.984634e+02 
2.984634e+02 
2.984634e+02 
2.984634e+02 
2.984634e+02 
2.984634e+02 
2.984634e+02 
2.984634e+02 
2.984634e+02 
2.984634e+02 
2.984634e+02 
2.984634e+02 
2.984634e+02 
2.984634e+02 
2.984634e+02 
2.984634e+02 
2.984634e+02 
2.984634e+02 
2.984634e+02 
2.984634e+02 
2.984634e+02 
2.984634e+02 
2.984634e+02 
2.984634e+02 
2.984634e+02 
2.984634e+02 
2.984634e+02 
2.984634e+02 
2.984634e+02 
2.984634e+02 
2.984634e+02 
2.984634e+02 
2.984634e+02 
2.984634e+02 
2.984634e+02 
2.984634e+02 
2.984634e+02 
2.984634e+02 
2.984634e+02 
2.984634e+02 
2.984634e+02 
2.984634e+02 
2.984634e+02 
2.984634e+02 
2.984634e+02 
2.984634e+02 
2.984634e+02 
2.984634e+02 
2.984634e+02 
2.984634e+02 
2.984634e+02 
2.984634e+02 
2.984634e+02 
2.984634e+02 
2.984634e+02 
2.984634e+02 
2.984634e+02 
2.984634e+02 
2.984634e+02 
2.984634e+02 
2.984634e+02 
2.984634e+02 
2.984634e+02 
2.984634e+02 
2.984634e+02 
2.984634e+02 
2.984634e+02 
2.984634e+02 
2.984634e+02 
2.984634e+02 
2.984634e+02 
2.984634e+02 
2.984634e+02 
2.984634e+02 
2.984634e+02 
2.984634e+02 
2.984634e+02 
2.984634e+02 
2.984634e+02 
2.984634e+02 
2.984634e+02 
2.984634e+02 
2.984634e+02 
2.984634e+02 
2.984634e+02 
2.984634e+02 
2.984634e+02 
2.984634e+02 
2.984634e+02 
2.984634e+02 
2.984634e+02 
2.984634e+02 
2.984634e+02 
2.984634e+02 
2.984634e+02 
2.984634e+02 
2.984634e+02 
2.984634e+02 
2.984634e+02 
2.984634e+02 
