2.258915e+03 
2.071631e+03 
2.071631e+03 
2.071631e+03 
2.071631e+03 
2.071631e+03 
2.071631e+03 
2.071631e+03 
2.071631e+03 
1.497550e+03 
1.497550e+03 
1.497550e+03 
1.497550e+03 
1.497550e+03 
1.497550e+03 
1.497550e+03 
1.497550e+03 
1.497550e+03 
1.497550e+03 
1.497550e+03 
1.497550e+03 
1.497550e+03 
1.497550e+03 
1.497550e+03 
1.497550e+03 
1.497550e+03 
1.497550e+03 
1.497550e+03 
1.497550e+03 
1.497550e+03 
1.497550e+03 
1.497550e+03 
1.497550e+03 
1.497550e+03 
1.497550e+03 
1.497550e+03 
1.497550e+03 
1.497550e+03 
1.497550e+03 
1.497550e+03 
1.497550e+03 
1.497550e+03 
1.497550e+03 
1.497550e+03 
1.497550e+03 
1.497550e+03 
1.497550e+03 
1.497550e+03 
1.497550e+03 
1.497550e+03 
1.497550e+03 
1.497550e+03 
1.497550e+03 
1.497550e+03 
1.497550e+03 
1.497550e+03 
1.497550e+03 
1.497550e+03 
1.497550e+03 
1.497550e+03 
1.168729e+03 
1.168729e+03 
1.168729e+03 
1.168729e+03 
1.168729e+03 
1.168729e+03 
1.168729e+03 
1.168729e+03 
1.168729e+03 
1.168729e+03 
1.168729e+03 
1.168729e+03 
1.168729e+03 
1.168729e+03 
1.168729e+03 
1.168729e+03 
1.168729e+03 
1.168729e+03 
1.168729e+03 
1.168729e+03 
1.168729e+03 
1.168729e+03 
1.168729e+03 
1.168729e+03 
1.168729e+03 
1.168729e+03 
1.168729e+03 
1.168729e+03 
1.168729e+03 
1.168729e+03 
1.168729e+03 
1.168729e+03 
1.168729e+03 
1.168729e+03 
1.168729e+03 
1.168729e+03 
1.168729e+03 
1.168729e+03 
1.168729e+03 
1.168729e+03 
1.168729e+03 
1.168729e+03 
1.168729e+03 
1.168729e+03 
1.168729e+03 
1.168729e+03 
1.168729e+03 
1.168729e+03 
1.168729e+03 
1.168729e+03 
1.168729e+03 
1.168729e+03 
1.168729e+03 
1.168729e+03 
1.168729e+03 
1.168729e+03 
1.168729e+03 
1.168729e+03 
1.168729e+03 
1.168729e+03 
1.168729e+03 
1.168729e+03 
1.168729e+03 
1.168729e+03 
1.168729e+03 
1.168729e+03 
1.168729e+03 
1.168729e+03 
1.168729e+03 
1.168729e+03 
1.168729e+03 
1.168729e+03 
1.168729e+03 
1.168729e+03 
1.168729e+03 
1.168729e+03 
1.168729e+03 
1.168729e+03 
1.168729e+03 
1.168729e+03 
1.168729e+03 
1.168729e+03 
1.168729e+03 
1.168729e+03 
1.168729e+03 
1.168729e+03 
1.168729e+03 
1.043579e+03 
1.043579e+03 
1.043579e+03 
1.043579e+03 
1.043579e+03 
1.043579e+03 
1.043579e+03 
1.043579e+03 
1.043579e+03 
1.043579e+03 
1.043579e+03 
1.043579e+03 
1.043579e+03 
1.043579e+03 
1.043579e+03 
1.043579e+03 
1.043579e+03 
1.043579e+03 
1.043579e+03 
1.043579e+03 
1.043579e+03 
1.043579e+03 
1.043579e+03 
1.043579e+03 
1.043579e+03 
1.043579e+03 
1.043579e+03 
1.043579e+03 
1.043579e+03 
1.043579e+03 
1.043579e+03 
1.043579e+03 
1.043579e+03 
1.043579e+03 
1.043579e+03 
1.043579e+03 
1.043579e+03 
1.043579e+03 
1.043579e+03 
1.043579e+03 
1.043579e+03 
1.043579e+03 
1.043579e+03 
1.043579e+03 
1.043579e+03 
1.043579e+03 
1.043579e+03 
1.043579e+03 
1.043579e+03 
1.043579e+03 
1.043579e+03 
1.043579e+03 
1.043579e+03 
1.043579e+03 
1.043579e+03 
1.043579e+03 
1.043579e+03 
1.043579e+03 
1.043579e+03 
1.043579e+03 
1.043579e+03 
1.043579e+03 
1.043579e+03 
1.043579e+03 
1.043579e+03 
1.043579e+03 
1.043579e+03 
1.043579e+03 
1.043579e+03 
1.043579e+03 
1.043579e+03 
1.043579e+03 
1.043579e+03 
1.043579e+03 
1.043579e+03 
1.043579e+03 
1.043579e+03 
1.043579e+03 
1.043579e+03 
1.043579e+03 
1.043579e+03 
1.043579e+03 
1.043579e+03 
1.043579e+03 
1.043579e+03 
1.043579e+03 
1.043579e+03 
1.043579e+03 
1.043579e+03 
1.043579e+03 
1.043579e+03 
1.022256e+03 
1.022256e+03 
1.022256e+03 
1.022256e+03 
1.022256e+03 
1.022256e+03 
1.022256e+03 
1.022256e+03 
1.022256e+03 
1.022256e+03 
1.022256e+03 
1.022256e+03 
1.022256e+03 
1.022256e+03 
1.022256e+03 
1.022256e+03 
1.022256e+03 
1.022256e+03 
1.022256e+03 
1.022256e+03 
1.022256e+03 
1.022256e+03 
1.022256e+03 
1.022256e+03 
1.022256e+03 
1.022256e+03 
1.022256e+03 
1.022256e+03 
1.022256e+03 
1.022256e+03 
1.022256e+03 
1.022256e+03 
1.022256e+03 
1.022256e+03 
1.022256e+03 
1.022256e+03 
1.022256e+03 
1.022256e+03 
1.022256e+03 
1.022256e+03 
1.022256e+03 
1.022256e+03 
1.022256e+03 
1.022256e+03 
1.022256e+03 
1.022256e+03 
1.022256e+03 
1.022256e+03 
1.022256e+03 
1.022256e+03 
1.022256e+03 
1.022256e+03 
1.022256e+03 
1.022256e+03 
1.022256e+03 
1.022256e+03 
1.022256e+03 
1.022256e+03 
1.022256e+03 
1.022256e+03 
1.022256e+03 
1.022256e+03 
1.022256e+03 
1.022256e+03 
1.022256e+03 
1.022256e+03 
1.022256e+03 
1.022256e+03 
1.022256e+03 
1.022256e+03 
1.022256e+03 
1.022256e+03 
1.022256e+03 
1.022256e+03 
1.022256e+03 
1.022256e+03 
1.022256e+03 
1.022256e+03 
1.022256e+03 
1.022256e+03 
1.022256e+03 
1.022256e+03 
1.022256e+03 
1.022256e+03 
1.022256e+03 
1.022256e+03 
1.022256e+03 
1.022256e+03 
1.022256e+03 
1.022256e+03 
1.022256e+03 
1.022256e+03 
1.022256e+03 
1.022256e+03 
1.022256e+03 
1.022256e+03 
1.022256e+03 
1.022256e+03 
1.022256e+03 
1.022256e+03 
1.022256e+03 
1.022256e+03 
1.022256e+03 
1.022256e+03 
1.022256e+03 
1.022256e+03 
1.022256e+03 
1.022256e+03 
1.022256e+03 
1.022256e+03 
1.022256e+03 
1.022256e+03 
1.022256e+03 
1.022256e+03 
1.022256e+03 
1.022256e+03 
1.022256e+03 
1.022256e+03 
1.022256e+03 
1.022256e+03 
1.022256e+03 
1.022256e+03 
1.022256e+03 
1.022256e+03 
1.022256e+03 
1.022256e+03 
1.022256e+03 
1.022256e+03 
1.022256e+03 
1.022256e+03 
1.022256e+03 
1.022256e+03 
1.022256e+03 
1.022256e+03 
1.022256e+03 
1.022256e+03 
1.022256e+03 
1.022256e+03 
1.022256e+03 
1.022256e+03 
1.022256e+03 
1.022256e+03 
1.022256e+03 
1.022256e+03 
1.022256e+03 
1.022256e+03 
1.022256e+03 
1.022256e+03 
1.022256e+03 
1.022256e+03 
1.022256e+03 
1.022256e+03 
1.022256e+03 
1.022256e+03 
1.022256e+03 
1.022256e+03 
1.022256e+03 
1.022256e+03 
1.022256e+03 
1.022256e+03 
1.022256e+03 
1.022256e+03 
9.297957e+02 
9.297957e+02 
9.297957e+02 
9.297957e+02 
9.297957e+02 
9.297957e+02 
9.297957e+02 
9.297957e+02 
9.297957e+02 
9.297957e+02 
9.297957e+02 
9.297957e+02 
9.297957e+02 
9.297957e+02 
9.297957e+02 
9.297957e+02 
9.297957e+02 
9.297957e+02 
9.297957e+02 
9.297957e+02 
9.297957e+02 
9.297957e+02 
9.297957e+02 
9.297957e+02 
9.297957e+02 
9.297957e+02 
9.297957e+02 
9.297957e+02 
9.297957e+02 
9.297957e+02 
9.297957e+02 
9.297957e+02 
9.297957e+02 
9.297957e+02 
9.297957e+02 
9.297957e+02 
9.297957e+02 
9.297957e+02 
9.297957e+02 
9.297957e+02 
9.297957e+02 
9.297957e+02 
9.297957e+02 
9.297957e+02 
9.297957e+02 
9.297957e+02 
9.297957e+02 
9.297957e+02 
9.297957e+02 
9.297957e+02 
9.297957e+02 
9.297957e+02 
9.297957e+02 
9.297957e+02 
9.297957e+02 
9.297957e+02 
9.297957e+02 
9.297957e+02 
9.297957e+02 
9.297957e+02 
9.297957e+02 
9.297957e+02 
9.297957e+02 
9.297957e+02 
9.297957e+02 
9.297957e+02 
9.297957e+02 
9.297957e+02 
9.297957e+02 
9.297957e+02 
9.297957e+02 
9.297957e+02 
9.297957e+02 
9.297957e+02 
9.297957e+02 
9.297957e+02 
9.297957e+02 
9.297957e+02 
9.297957e+02 
9.297957e+02 
9.297957e+02 
9.297957e+02 
9.008134e+02 
9.008134e+02 
9.008134e+02 
9.008134e+02 
9.008134e+02 
9.008134e+02 
9.008134e+02 
9.008134e+02 
9.008134e+02 
9.008134e+02 
9.008134e+02 
9.008134e+02 
9.008134e+02 
9.008134e+02 
9.008134e+02 
9.008134e+02 
9.008134e+02 
9.008134e+02 
9.008134e+02 
9.008134e+02 
9.008134e+02 
9.008134e+02 
9.008134e+02 
9.008134e+02 
9.008134e+02 
9.008134e+02 
9.008134e+02 
9.008134e+02 
9.008134e+02 
9.008134e+02 
9.008134e+02 
9.008134e+02 
9.008134e+02 
9.008134e+02 
9.008134e+02 
9.008134e+02 
9.008134e+02 
9.008134e+02 
9.008134e+02 
9.008134e+02 
9.008134e+02 
9.008134e+02 
9.008134e+02 
9.008134e+02 
9.008134e+02 
9.008134e+02 
9.008134e+02 
9.008134e+02 
9.008134e+02 
9.008134e+02 
9.008134e+02 
9.008134e+02 
9.008134e+02 
9.008134e+02 
9.008134e+02 
9.008134e+02 
9.008134e+02 
9.008134e+02 
9.008134e+02 
9.008134e+02 
9.008134e+02 
9.008134e+02 
9.008134e+02 
9.008134e+02 
9.008134e+02 
9.008134e+02 
9.008134e+02 
9.008134e+02 
9.008134e+02 
9.008134e+02 
9.008134e+02 
9.008134e+02 
9.008134e+02 
9.008134e+02 
9.008134e+02 
9.008134e+02 
9.008134e+02 
9.008134e+02 
9.008134e+02 
9.008134e+02 
9.008134e+02 
9.008134e+02 
9.008134e+02 
9.008134e+02 
9.008134e+02 
9.008134e+02 
9.008134e+02 
9.008134e+02 
9.008134e+02 
9.008134e+02 
9.008134e+02 
9.008134e+02 
9.008134e+02 
9.008134e+02 
9.008134e+02 
9.008134e+02 
9.008134e+02 
9.008134e+02 
9.008134e+02 
9.008134e+02 
9.008134e+02 
9.008134e+02 
9.008134e+02 
9.008134e+02 
9.008134e+02 
9.008134e+02 
9.008134e+02 
9.008134e+02 
9.008134e+02 
9.008134e+02 
9.008134e+02 
9.008134e+02 
9.008134e+02 
9.008134e+02 
9.008134e+02 
9.008134e+02 
9.008134e+02 
9.008134e+02 
9.008134e+02 
9.008134e+02 
9.008134e+02 
9.008134e+02 
9.008134e+02 
9.008134e+02 
9.008134e+02 
9.008134e+02 
9.008134e+02 
9.008134e+02 
9.008134e+02 
9.008134e+02 
9.008134e+02 
9.008134e+02 
9.008134e+02 
9.008134e+02 
9.008134e+02 
9.008134e+02 
9.008134e+02 
9.008134e+02 
9.008134e+02 
9.008134e+02 
9.008134e+02 
9.008134e+02 
9.008134e+02 
9.008134e+02 
9.008134e+02 
9.008134e+02 
9.008134e+02 
9.008134e+02 
9.008134e+02 
9.008134e+02 
9.008134e+02 
9.008134e+02 
9.008134e+02 
9.008134e+02 
9.008134e+02 
9.008134e+02 
9.008134e+02 
9.008134e+02 
9.008134e+02 
9.008134e+02 
9.008134e+02 
9.008134e+02 
9.008134e+02 
9.008134e+02 
9.008134e+02 
9.008134e+02 
9.008134e+02 
9.008134e+02 
9.008134e+02 
9.008134e+02 
9.008134e+02 
9.008134e+02 
9.008134e+02 
9.008134e+02 
9.008134e+02 
9.008134e+02 
9.008134e+02 
9.008134e+02 
9.008134e+02 
9.008134e+02 
9.008134e+02 
9.008134e+02 
9.008134e+02 
9.008134e+02 
9.008134e+02 
9.008134e+02 
9.008134e+02 
9.008134e+02 
9.008134e+02 
9.008134e+02 
9.008134e+02 
9.008134e+02 
9.008134e+02 
9.008134e+02 
9.008134e+02 
9.008134e+02 
9.008134e+02 
9.008134e+02 
9.008134e+02 
9.008134e+02 
9.008134e+02 
9.008134e+02 
9.008134e+02 
9.008134e+02 
9.008134e+02 
9.008134e+02 
9.008134e+02 
9.008134e+02 
9.008134e+02 
9.008134e+02 
9.008134e+02 
9.008134e+02 
9.008134e+02 
9.008134e+02 
9.008134e+02 
9.008134e+02 
9.008134e+02 
9.008134e+02 
9.008134e+02 
9.008134e+02 
9.008134e+02 
9.008134e+02 
9.008134e+02 
9.008134e+02 
9.008134e+02 
9.008134e+02 
9.008134e+02 
9.008134e+02 
9.008134e+02 
9.008134e+02 
9.008134e+02 
9.008134e+02 
9.008134e+02 
9.008134e+02 
9.008134e+02 
9.008134e+02 
9.008134e+02 
9.008134e+02 
9.008134e+02 
9.008134e+02 
9.008134e+02 
9.008134e+02 
9.008134e+02 
9.008134e+02 
9.008134e+02 
9.008134e+02 
9.008134e+02 
9.008134e+02 
9.008134e+02 
9.008134e+02 
9.008134e+02 
9.008134e+02 
9.008134e+02 
9.008134e+02 
9.008134e+02 
9.008134e+02 
9.008134e+02 
9.008134e+02 
9.008134e+02 
9.008134e+02 
9.008134e+02 
9.008134e+02 
9.008134e+02 
9.008134e+02 
9.008134e+02 
9.008134e+02 
9.008134e+02 
9.008134e+02 
9.008134e+02 
9.008134e+02 
9.008134e+02 
9.008134e+02 
9.008134e+02 
9.008134e+02 
9.008134e+02 
9.008134e+02 
9.008134e+02 
9.008134e+02 
9.008134e+02 
9.008134e+02 
9.008134e+02 
9.008134e+02 
9.008134e+02 
9.008134e+02 
9.008134e+02 
9.008134e+02 
9.008134e+02 
9.008134e+02 
9.008134e+02 
9.008134e+02 
9.008134e+02 
9.008134e+02 
9.008134e+02 
9.008134e+02 
9.008134e+02 
9.008134e+02 
9.008134e+02 
9.008134e+02 
9.008134e+02 
9.008134e+02 
9.008134e+02 
9.008134e+02 
9.008134e+02 
9.008134e+02 
9.008134e+02 
9.008134e+02 
9.008134e+02 
9.008134e+02 
9.008134e+02 
9.008134e+02 
9.008134e+02 
9.008134e+02 
9.008134e+02 
9.008134e+02 
9.008134e+02 
9.008134e+02 
9.008134e+02 
9.008134e+02 
9.008134e+02 
9.008134e+02 
9.008134e+02 
9.008134e+02 
9.008134e+02 
9.008134e+02 
9.008134e+02 
9.008134e+02 
9.008134e+02 
9.008134e+02 
9.008134e+02 
9.008134e+02 
9.008134e+02 
9.008134e+02 
9.008134e+02 
9.008134e+02 
9.008134e+02 
9.008134e+02 
9.008134e+02 
9.008134e+02 
9.008134e+02 
9.008134e+02 
9.008134e+02 
9.008134e+02 
9.008134e+02 
9.008134e+02 
9.008134e+02 
9.008134e+02 
9.008134e+02 
9.008134e+02 
9.008134e+02 
9.008134e+02 
9.008134e+02 
9.008134e+02 
9.008134e+02 
9.008134e+02 
9.008134e+02 
9.008134e+02 
9.008134e+02 
9.008134e+02 
9.008134e+02 
9.008134e+02 
9.008134e+02 
9.008134e+02 
9.008134e+02 
9.008134e+02 
9.008134e+02 
9.008134e+02 
9.008134e+02 
9.008134e+02 
9.008134e+02 
9.008134e+02 
9.008134e+02 
9.008134e+02 
9.008134e+02 
9.008134e+02 
9.008134e+02 
9.008134e+02 
9.008134e+02 
9.008134e+02 
9.008134e+02 
9.008134e+02 
9.008134e+02 
9.008134e+02 
7.570362e+02 
7.570362e+02 
7.570362e+02 
7.570362e+02 
7.570362e+02 
7.570362e+02 
7.570362e+02 
7.570362e+02 
7.570362e+02 
7.570362e+02 
7.570362e+02 
7.570362e+02 
7.570362e+02 
7.570362e+02 
7.570362e+02 
7.570362e+02 
7.570362e+02 
7.570362e+02 
7.570362e+02 
7.570362e+02 
7.570362e+02 
7.570362e+02 
7.570362e+02 
7.570362e+02 
7.570362e+02 
7.570362e+02 
6.006911e+02 
6.006911e+02 
6.006911e+02 
6.006911e+02 
6.006911e+02 
6.006911e+02 
6.006911e+02 
6.006911e+02 
6.006911e+02 
6.006911e+02 
6.006911e+02 
6.006911e+02 
6.006911e+02 
6.006911e+02 
6.006911e+02 
6.006911e+02 
6.006911e+02 
6.006911e+02 
6.006911e+02 
6.006911e+02 
6.006911e+02 
6.006911e+02 
6.006911e+02 
6.006911e+02 
6.006911e+02 
6.006911e+02 
6.006911e+02 
6.006911e+02 
6.006911e+02 
6.006911e+02 
6.006911e+02 
6.006911e+02 
6.006911e+02 
6.006911e+02 
6.006911e+02 
6.006911e+02 
6.006911e+02 
6.006911e+02 
6.006911e+02 
6.006911e+02 
6.006911e+02 
6.006911e+02 
6.006911e+02 
6.006911e+02 
6.006911e+02 
6.006911e+02 
6.006911e+02 
6.006911e+02 
6.006911e+02 
6.006911e+02 
6.006911e+02 
6.006911e+02 
6.006911e+02 
6.006911e+02 
6.006911e+02 
6.006911e+02 
6.006911e+02 
6.006911e+02 
6.006911e+02 
6.006911e+02 
6.006911e+02 
6.006911e+02 
6.006911e+02 
6.006911e+02 
6.006911e+02 
6.006911e+02 
6.006911e+02 
6.006911e+02 
6.006911e+02 
6.006911e+02 
6.006911e+02 
6.006911e+02 
6.006911e+02 
6.006911e+02 
6.006911e+02 
6.006911e+02 
6.006911e+02 
6.006911e+02 
6.006911e+02 
6.006911e+02 
6.006911e+02 
6.006911e+02 
6.006911e+02 
6.006911e+02 
6.006911e+02 
6.006911e+02 
6.006911e+02 
6.006911e+02 
6.006911e+02 
6.006911e+02 
6.006911e+02 
6.006911e+02 
6.006911e+02 
6.006911e+02 
6.006911e+02 
6.006911e+02 
6.006911e+02 
6.006911e+02 
6.006911e+02 
6.006911e+02 
6.006911e+02 
6.006911e+02 
6.006911e+02 
6.006911e+02 
6.006911e+02 
6.006911e+02 
6.006911e+02 
6.006911e+02 
6.006911e+02 
6.006911e+02 
6.006911e+02 
6.006911e+02 
6.006911e+02 
6.006911e+02 
6.006911e+02 
6.006911e+02 
6.006911e+02 
6.006911e+02 
6.006911e+02 
6.006911e+02 
6.006911e+02 
6.006911e+02 
6.006911e+02 
6.006911e+02 
6.006911e+02 
6.006911e+02 
6.006911e+02 
6.006911e+02 
6.006911e+02 
6.006911e+02 
6.006911e+02 
6.006911e+02 
6.006911e+02 
6.006911e+02 
6.006911e+02 
6.006911e+02 
6.006911e+02 
6.006911e+02 
6.006911e+02 
6.006911e+02 
6.006911e+02 
6.006911e+02 
6.006911e+02 
6.006911e+02 
6.006911e+02 
6.006911e+02 
6.006911e+02 
6.006911e+02 
6.006911e+02 
6.006911e+02 
6.006911e+02 
6.006911e+02 
6.006911e+02 
6.006911e+02 
6.006911e+02 
6.006911e+02 
6.006911e+02 
6.006911e+02 
6.006911e+02 
6.006911e+02 
6.006911e+02 
6.006911e+02 
6.006911e+02 
6.006911e+02 
6.006911e+02 
6.006911e+02 
6.006911e+02 
6.006911e+02 
6.006911e+02 
6.006911e+02 
6.006911e+02 
6.006911e+02 
6.006911e+02 
6.006911e+02 
6.006911e+02 
6.006911e+02 
6.006911e+02 
6.006911e+02 
6.006911e+02 
6.006911e+02 
6.006911e+02 
6.006911e+02 
6.006911e+02 
6.006911e+02 
6.006911e+02 
6.006911e+02 
6.006911e+02 
6.006911e+02 
6.006911e+02 
6.006911e+02 
6.006911e+02 
6.006911e+02 
6.006911e+02 
6.006911e+02 
6.006911e+02 
6.006911e+02 
6.006911e+02 
6.006911e+02 
6.006911e+02 
6.006911e+02 
6.006911e+02 
6.006911e+02 
6.006911e+02 
6.006911e+02 
6.006911e+02 
6.006911e+02 
6.006911e+02 
6.006911e+02 
6.006911e+02 
6.006911e+02 
6.006911e+02 
6.006911e+02 
6.006911e+02 
6.006911e+02 
6.006911e+02 
6.006911e+02 
6.006911e+02 
6.006911e+02 
6.006911e+02 
6.006911e+02 
6.006911e+02 
6.006911e+02 
6.006911e+02 
6.006911e+02 
6.006911e+02 
6.006911e+02 
6.006911e+02 
6.006911e+02 
6.006911e+02 
6.006911e+02 
6.006911e+02 
6.006911e+02 
6.006911e+02 
6.006911e+02 
6.006911e+02 
6.006911e+02 
6.006911e+02 
6.006911e+02 
6.006911e+02 
6.006911e+02 
6.006911e+02 
6.006911e+02 
6.006911e+02 
6.006911e+02 
6.006911e+02 
6.006911e+02 
6.006911e+02 
6.006911e+02 
6.006911e+02 
6.006911e+02 
6.006911e+02 
6.006911e+02 
6.006911e+02 
6.006911e+02 
6.006911e+02 
6.006911e+02 
6.006911e+02 
6.006911e+02 
6.006911e+02 
6.006911e+02 
6.006911e+02 
6.006911e+02 
6.006911e+02 
6.006911e+02 
6.006911e+02 
5.438142e+02 
5.438142e+02 
5.438142e+02 
5.438142e+02 
5.438142e+02 
5.438142e+02 
5.438142e+02 
5.438142e+02 
5.438142e+02 
5.438142e+02 
5.438142e+02 
5.438142e+02 
5.438142e+02 
3.015156e+02 
3.015156e+02 
3.015156e+02 
3.015156e+02 
3.015156e+02 
3.015156e+02 
3.015156e+02 
3.015156e+02 
3.015156e+02 
3.015156e+02 
3.015156e+02 
3.015156e+02 
3.015156e+02 
3.015156e+02 
3.015156e+02 
3.015156e+02 
3.015156e+02 
3.015156e+02 
3.015156e+02 
3.015156e+02 
3.015156e+02 
3.015156e+02 
3.015156e+02 
3.015156e+02 
3.015156e+02 
3.015156e+02 
3.015156e+02 
3.015156e+02 
3.015156e+02 
3.015156e+02 
3.015156e+02 
3.015156e+02 
3.015156e+02 
3.015156e+02 
3.015156e+02 
3.015156e+02 
3.015156e+02 
3.015156e+02 
3.015156e+02 
3.015156e+02 
3.015156e+02 
3.015156e+02 
3.015156e+02 
3.015156e+02 
3.015156e+02 
3.015156e+02 
3.015156e+02 
3.015156e+02 
3.015156e+02 
3.015156e+02 
3.015156e+02 
3.015156e+02 
3.015156e+02 
3.015156e+02 
3.015156e+02 
3.015156e+02 
3.015156e+02 
3.015156e+02 
3.015156e+02 
3.015156e+02 
3.015156e+02 
3.015156e+02 
3.015156e+02 
3.015156e+02 
3.015156e+02 
3.015156e+02 
3.015156e+02 
3.015156e+02 
3.015156e+02 
3.015156e+02 
3.015156e+02 
3.015156e+02 
3.015156e+02 
3.015156e+02 
3.015156e+02 
3.015156e+02 
3.015156e+02 
3.015156e+02 
3.015156e+02 
3.015156e+02 
3.015156e+02 
3.015156e+02 
3.015156e+02 
3.015156e+02 
3.015156e+02 
3.015156e+02 
3.015156e+02 
3.015156e+02 
3.015156e+02 
3.015156e+02 
3.015156e+02 
3.015156e+02 
3.015156e+02 
3.015156e+02 
3.015156e+02 
3.015156e+02 
3.015156e+02 
3.015156e+02 
3.015156e+02 
3.015156e+02 
3.015156e+02 
3.015156e+02 
3.015156e+02 
3.015156e+02 
3.015156e+02 
3.015156e+02 
3.015156e+02 
3.015156e+02 
3.015156e+02 
3.015156e+02 
3.015156e+02 
3.015156e+02 
3.015156e+02 
3.015156e+02 
3.015156e+02 
3.015156e+02 
3.015156e+02 
3.015156e+02 
3.015156e+02 
3.015156e+02 
3.015156e+02 
3.015156e+02 
3.015156e+02 
3.015156e+02 
3.015156e+02 
3.015156e+02 
3.015156e+02 
3.015156e+02 
3.015156e+02 
3.015156e+02 
3.015156e+02 
3.015156e+02 
3.015156e+02 
3.015156e+02 
3.015156e+02 
3.015156e+02 
3.015156e+02 
3.015156e+02 
3.015156e+02 
3.015156e+02 
3.015156e+02 
3.015156e+02 
3.015156e+02 
3.015156e+02 
3.015156e+02 
3.015156e+02 
3.015156e+02 
3.015156e+02 
3.015156e+02 
3.015156e+02 
3.015156e+02 
3.015156e+02 
3.015156e+02 
3.015156e+02 
3.015156e+02 
3.015156e+02 
3.015156e+02 
3.015156e+02 
3.015156e+02 
3.015156e+02 
3.015156e+02 
3.015156e+02 
3.015156e+02 
3.015156e+02 
3.015156e+02 
3.015156e+02 
3.015156e+02 
3.015156e+02 
3.015156e+02 
3.015156e+02 
3.015156e+02 
3.015156e+02 
3.015156e+02 
3.015156e+02 
3.015156e+02 
3.015156e+02 
1.961958e+02 
1.961958e+02 
1.961958e+02 
1.961958e+02 
1.961958e+02 
1.961958e+02 
1.961958e+02 
1.961958e+02 
1.961958e+02 
1.961958e+02 
1.961958e+02 
1.961958e+02 
1.961958e+02 
1.961958e+02 
1.961958e+02 
1.961958e+02 
1.961958e+02 
1.961958e+02 
1.961958e+02 
1.961958e+02 
1.961958e+02 
1.961958e+02 
1.961958e+02 
1.961958e+02 
1.961958e+02 
1.961958e+02 
1.961958e+02 
1.961958e+02 
1.961958e+02 
1.961958e+02 
1.961958e+02 
1.961958e+02 
1.961958e+02 
1.961958e+02 
1.961958e+02 
1.961958e+02 
1.961958e+02 
1.961958e+02 
1.961958e+02 
1.961958e+02 
1.961958e+02 
1.961958e+02 
1.961958e+02 
1.961958e+02 
1.961958e+02 
1.961958e+02 
1.961958e+02 
1.961958e+02 
1.961958e+02 
1.961958e+02 
1.961958e+02 
1.961958e+02 
1.961958e+02 
1.961958e+02 
1.961958e+02 
1.961958e+02 
1.961958e+02 
1.961958e+02 
1.961958e+02 
1.961958e+02 
1.961958e+02 
1.961958e+02 
1.961958e+02 
1.961958e+02 
1.961958e+02 
1.961958e+02 
1.961958e+02 
1.961958e+02 
1.961958e+02 
1.961958e+02 
1.961958e+02 
1.961958e+02 
1.961958e+02 
1.961958e+02 
1.961958e+02 
1.961958e+02 
1.961958e+02 
1.961958e+02 
1.961958e+02 
1.961958e+02 
1.961958e+02 
1.961958e+02 
1.961958e+02 
1.961958e+02 
1.961958e+02 
1.961958e+02 
1.961958e+02 
1.961958e+02 
1.961958e+02 
1.961958e+02 
1.961958e+02 
1.961958e+02 
1.961958e+02 
1.961958e+02 
1.961958e+02 
1.961958e+02 
1.961958e+02 
1.961958e+02 
1.961958e+02 
1.961958e+02 
1.961958e+02 
1.961958e+02 
1.961958e+02 
1.961958e+02 
1.961958e+02 
1.961958e+02 
1.961958e+02 
1.961958e+02 
1.961958e+02 
1.961958e+02 
1.961958e+02 
1.961958e+02 
1.961958e+02 
1.961958e+02 
1.961958e+02 
1.961958e+02 
1.961958e+02 
1.961958e+02 
1.961958e+02 
1.961958e+02 
1.961958e+02 
1.961958e+02 
1.961958e+02 
1.961958e+02 
1.961958e+02 
1.961958e+02 
1.961958e+02 
1.961958e+02 
1.961958e+02 
1.961958e+02 
1.961958e+02 
1.961958e+02 
1.961958e+02 
1.961958e+02 
1.961958e+02 
1.961958e+02 
1.961958e+02 
1.961958e+02 
1.961958e+02 
1.961958e+02 
1.961958e+02 
1.961958e+02 
1.961958e+02 
1.961958e+02 
1.961958e+02 
1.961958e+02 
1.961958e+02 
1.961958e+02 
1.961958e+02 
1.961958e+02 
1.961958e+02 
1.961958e+02 
1.961958e+02 
1.961958e+02 
1.961958e+02 
1.961958e+02 
1.961958e+02 
1.961958e+02 
1.961958e+02 
1.961958e+02 
1.961958e+02 
1.961958e+02 
1.961958e+02 
1.961958e+02 
1.961958e+02 
1.961958e+02 
1.961958e+02 
1.961958e+02 
1.961958e+02 
1.961958e+02 
1.961958e+02 
1.961958e+02 
1.961958e+02 
1.961958e+02 
1.961958e+02 
1.961958e+02 
1.961958e+02 
1.961958e+02 
1.961958e+02 
1.961958e+02 
1.961958e+02 
1.961958e+02 
1.961958e+02 
1.961958e+02 
1.961958e+02 
1.961958e+02 
1.961958e+02 
1.961958e+02 
1.961958e+02 
1.961958e+02 
1.961958e+02 
1.961958e+02 
1.961958e+02 
1.961958e+02 
1.961958e+02 
1.961958e+02 
1.961958e+02 
1.961958e+02 
1.961958e+02 
1.961958e+02 
1.961958e+02 
1.961958e+02 
1.961958e+02 
1.961958e+02 
1.961958e+02 
1.961958e+02 
1.961958e+02 
1.961958e+02 
1.961958e+02 
1.961958e+02 
1.961958e+02 
1.961958e+02 
1.961958e+02 
1.961958e+02 
1.961958e+02 
1.961958e+02 
1.961958e+02 
1.961958e+02 
1.961958e+02 
1.961958e+02 
1.961958e+02 
1.961958e+02 
1.961958e+02 
1.961958e+02 
1.961958e+02 
1.961958e+02 
1.961958e+02 
1.961958e+02 
1.961958e+02 
1.961958e+02 
1.961958e+02 
1.961958e+02 
1.961958e+02 
1.961958e+02 
1.961958e+02 
1.961958e+02 
1.961958e+02 
1.961958e+02 
1.961958e+02 
1.961958e+02 
1.961958e+02 
1.961958e+02 
1.961958e+02 
1.961958e+02 
1.961958e+02 
1.961958e+02 
1.961958e+02 
1.961958e+02 
1.961958e+02 
1.961958e+02 
1.961958e+02 
1.961958e+02 
1.961958e+02 
1.961958e+02 
1.961958e+02 
1.961958e+02 
1.961958e+02 
1.961958e+02 
1.961958e+02 
1.961958e+02 
1.961958e+02 
1.961958e+02 
1.961958e+02 
1.961958e+02 
1.961958e+02 
1.961958e+02 
1.961958e+02 
1.961958e+02 
1.961958e+02 
1.961958e+02 
1.961958e+02 
1.961958e+02 
1.961958e+02 
1.961958e+02 
1.961958e+02 
1.961958e+02 
1.961958e+02 
1.961958e+02 
1.961958e+02 
1.961958e+02 
1.961958e+02 
1.961958e+02 
1.961958e+02 
1.961958e+02 
1.961958e+02 
1.961958e+02 
1.961958e+02 
1.961958e+02 
1.961958e+02 
1.961958e+02 
1.961958e+02 
1.961958e+02 
1.961958e+02 
1.961958e+02 
1.961958e+02 
1.961958e+02 
1.961958e+02 
1.961958e+02 
1.961958e+02 
1.961958e+02 
1.961958e+02 
1.961958e+02 
1.961958e+02 
1.961958e+02 
1.961958e+02 
1.961958e+02 
1.961958e+02 
1.961958e+02 
1.961958e+02 
1.961958e+02 
1.961958e+02 
1.961958e+02 
1.961958e+02 
1.961958e+02 
1.961958e+02 
1.961958e+02 
1.961958e+02 
1.961958e+02 
1.961958e+02 
1.961958e+02 
1.961958e+02 
1.961958e+02 
1.961958e+02 
1.961958e+02 
1.961958e+02 
1.961958e+02 
1.961958e+02 
1.961958e+02 
1.961958e+02 
1.961958e+02 
1.961958e+02 
1.961958e+02 
1.961958e+02 
1.961958e+02 
1.961958e+02 
1.961958e+02 
1.961958e+02 
1.961958e+02 
1.961958e+02 
1.961958e+02 
1.961958e+02 
1.961958e+02 
1.961958e+02 
1.961958e+02 
1.961958e+02 
1.961958e+02 
1.961958e+02 
1.961958e+02 
1.961958e+02 
1.761706e+02 
1.761706e+02 
1.761706e+02 
1.761706e+02 
1.761706e+02 
1.761706e+02 
1.761706e+02 
1.761706e+02 
1.761706e+02 
1.761706e+02 
1.761706e+02 
1.761706e+02 
1.761706e+02 
1.761706e+02 
1.761706e+02 
1.761706e+02 
1.761706e+02 
1.761706e+02 
1.761706e+02 
1.761706e+02 
1.761706e+02 
1.761706e+02 
1.761706e+02 
1.761706e+02 
1.761706e+02 
1.761706e+02 
1.761706e+02 
1.761706e+02 
1.761706e+02 
1.761706e+02 
1.761706e+02 
1.761706e+02 
1.761706e+02 
1.761706e+02 
1.761706e+02 
1.761706e+02 
1.761706e+02 
1.761706e+02 
1.761706e+02 
1.761706e+02 
1.761706e+02 
1.761706e+02 
1.761706e+02 
1.761706e+02 
1.761706e+02 
1.761706e+02 
1.761706e+02 
1.761706e+02 
1.761706e+02 
1.761706e+02 
1.761706e+02 
1.761706e+02 
1.761706e+02 
1.761706e+02 
1.761706e+02 
1.761706e+02 
1.761706e+02 
1.761706e+02 
1.761706e+02 
1.761706e+02 
1.761706e+02 
1.761706e+02 
1.761706e+02 
1.761706e+02 
1.761706e+02 
1.761706e+02 
1.761706e+02 
1.761706e+02 
1.761706e+02 
1.757160e+02 
1.757160e+02 
1.757160e+02 
1.757160e+02 
1.722461e+02 
1.722461e+02 
1.722461e+02 
1.722461e+02 
1.722461e+02 
1.722461e+02 
1.722461e+02 
1.722461e+02 
1.722461e+02 
1.722461e+02 
1.722461e+02 
1.722461e+02 
1.722461e+02 
1.722461e+02 
1.722461e+02 
1.722461e+02 
1.722461e+02 
1.722461e+02 
1.722461e+02 
1.722461e+02 
1.722461e+02 
1.722461e+02 
1.722461e+02 
1.722461e+02 
1.722461e+02 
1.722461e+02 
1.722461e+02 
1.722461e+02 
1.722461e+02 
1.722461e+02 
1.722461e+02 
1.722461e+02 
1.722461e+02 
1.722461e+02 
1.722461e+02 
1.722461e+02 
1.722461e+02 
1.722461e+02 
1.722461e+02 
1.722461e+02 
1.722461e+02 
1.722461e+02 
1.722461e+02 
1.722461e+02 
1.722461e+02 
1.722461e+02 
1.722461e+02 
1.722461e+02 
1.722461e+02 
1.722461e+02 
1.722461e+02 
1.722461e+02 
1.722461e+02 
1.722461e+02 
1.722461e+02 
1.722461e+02 
1.722461e+02 
1.722461e+02 
1.722461e+02 
1.722461e+02 
1.722461e+02 
1.722461e+02 
1.722461e+02 
1.722461e+02 
1.722461e+02 
1.722461e+02 
1.722461e+02 
1.722461e+02 
1.722461e+02 
1.722461e+02 
1.722461e+02 
1.722461e+02 
1.722461e+02 
1.722461e+02 
1.722461e+02 
1.722461e+02 
1.722461e+02 
1.722461e+02 
1.722461e+02 
1.722461e+02 
1.722461e+02 
1.722461e+02 
1.722461e+02 
1.722461e+02 
1.722461e+02 
1.722461e+02 
1.722461e+02 
1.722461e+02 
1.722461e+02 
1.722461e+02 
1.722461e+02 
1.722461e+02 
1.722461e+02 
1.722461e+02 
1.722461e+02 
1.722461e+02 
1.722461e+02 
1.722461e+02 
1.722461e+02 
1.722461e+02 
1.722461e+02 
1.722461e+02 
1.722461e+02 
1.722461e+02 
1.722461e+02 
1.722461e+02 
1.722461e+02 
1.722461e+02 
1.722461e+02 
1.722461e+02 
1.722461e+02 
1.722461e+02 
1.722461e+02 
1.722461e+02 
1.722461e+02 
1.722461e+02 
1.722461e+02 
1.722461e+02 
1.722461e+02 
1.722461e+02 
1.645036e+02 
1.645036e+02 
1.645036e+02 
1.645036e+02 
1.645036e+02 
1.645036e+02 
1.645036e+02 
1.645036e+02 
1.645036e+02 
1.645036e+02 
1.645036e+02 
1.645036e+02 
1.645036e+02 
1.645036e+02 
1.645036e+02 
1.645036e+02 
1.645036e+02 
1.645036e+02 
1.645036e+02 
1.645036e+02 
1.645036e+02 
1.645036e+02 
1.645036e+02 
1.645036e+02 
1.645036e+02 
1.645036e+02 
1.645036e+02 
1.645036e+02 
1.645036e+02 
1.645036e+02 
1.645036e+02 
1.645036e+02 
1.645036e+02 
1.645036e+02 
1.641333e+02 
1.641333e+02 
1.641333e+02 
1.641333e+02 
1.641333e+02 
1.641333e+02 
1.641333e+02 
1.641333e+02 
1.641333e+02 
1.641333e+02 
1.641333e+02 
1.641333e+02 
1.641333e+02 
1.641333e+02 
1.641333e+02 
1.621761e+02 
1.621761e+02 
1.272093e+02 
1.272093e+02 
1.272093e+02 
1.272093e+02 
1.272093e+02 
1.272093e+02 
1.272093e+02 
1.272093e+02 
1.272093e+02 
1.272093e+02 
1.272093e+02 
1.272093e+02 
1.272093e+02 
1.272093e+02 
1.272093e+02 
1.272093e+02 
1.272093e+02 
1.272093e+02 
1.272093e+02 
1.272093e+02 
1.272093e+02 
1.272093e+02 
1.272093e+02 
1.272093e+02 
1.272093e+02 
1.272093e+02 
1.272093e+02 
1.272093e+02 
1.272093e+02 
1.272093e+02 
1.272093e+02 
1.272093e+02 
1.272093e+02 
1.272093e+02 
1.272093e+02 
1.272093e+02 
1.272093e+02 
1.272093e+02 
1.272093e+02 
1.272093e+02 
1.272093e+02 
1.272093e+02 
1.272093e+02 
1.272093e+02 
1.272093e+02 
1.272093e+02 
1.272093e+02 
1.272093e+02 
1.272093e+02 
1.272093e+02 
1.272093e+02 
1.272093e+02 
1.272093e+02 
1.272093e+02 
1.272093e+02 
1.272093e+02 
1.272093e+02 
1.272093e+02 
1.272093e+02 
1.272093e+02 
1.272093e+02 
1.272093e+02 
1.272093e+02 
1.272093e+02 
1.272093e+02 
1.272093e+02 
1.272093e+02 
1.272093e+02 
1.272093e+02 
1.272093e+02 
1.272093e+02 
1.272093e+02 
1.272093e+02 
1.272093e+02 
1.272093e+02 
1.272093e+02 
1.272093e+02 
1.272093e+02 
1.272093e+02 
1.272093e+02 
1.272093e+02 
1.272093e+02 
1.272093e+02 
1.272093e+02 
1.272093e+02 
1.272093e+02 
1.272093e+02 
1.272093e+02 
1.272093e+02 
1.272093e+02 
1.272093e+02 
1.272093e+02 
1.272093e+02 
1.272093e+02 
1.272093e+02 
1.272093e+02 
1.272093e+02 
1.272093e+02 
1.272093e+02 
1.272093e+02 
1.272093e+02 
1.272093e+02 
1.272093e+02 
1.272093e+02 
1.272093e+02 
1.272093e+02 
1.272093e+02 
1.272093e+02 
1.272093e+02 
1.272093e+02 
1.272093e+02 
1.272093e+02 
1.272093e+02 
1.272093e+02 
1.272093e+02 
1.272093e+02 
1.272093e+02 
1.272093e+02 
1.272093e+02 
1.272093e+02 
1.272093e+02 
1.272093e+02 
1.272093e+02 
1.272093e+02 
1.272093e+02 
1.272093e+02 
1.272093e+02 
1.272093e+02 
1.272093e+02 
1.272093e+02 
1.272093e+02 
1.272093e+02 
1.272093e+02 
1.272093e+02 
1.272093e+02 
1.272093e+02 
1.272093e+02 
1.272093e+02 
1.272093e+02 
1.272093e+02 
1.272093e+02 
1.272093e+02 
1.272093e+02 
1.272093e+02 
1.272093e+02 
1.272093e+02 
1.272093e+02 
1.272093e+02 
1.272093e+02 
1.272093e+02 
1.272093e+02 
1.272093e+02 
1.272093e+02 
1.272093e+02 
1.272093e+02 
1.272093e+02 
1.272093e+02 
1.272093e+02 
1.272093e+02 
1.272093e+02 
1.272093e+02 
1.272093e+02 
1.272093e+02 
1.272093e+02 
1.272093e+02 
1.272093e+02 
1.272093e+02 
1.272093e+02 
1.272093e+02 
1.272093e+02 
1.272093e+02 
1.272093e+02 
1.272093e+02 
1.272093e+02 
1.272093e+02 
1.272093e+02 
1.272093e+02 
1.272093e+02 
1.272093e+02 
1.272093e+02 
1.272093e+02 
1.272093e+02 
1.272093e+02 
1.272093e+02 
1.272093e+02 
1.272093e+02 
1.272093e+02 
1.272093e+02 
1.272093e+02 
1.272093e+02 
1.272093e+02 
1.272093e+02 
1.272093e+02 
1.272093e+02 
1.272093e+02 
1.272093e+02 
1.272093e+02 
1.272093e+02 
1.272093e+02 
1.272093e+02 
1.272093e+02 
1.272093e+02 
1.272093e+02 
1.272093e+02 
1.272093e+02 
1.272093e+02 
1.272093e+02 
1.272093e+02 
1.272093e+02 
1.272093e+02 
1.272093e+02 
1.272093e+02 
1.272093e+02 
1.272093e+02 
1.272093e+02 
1.272093e+02 
1.272093e+02 
1.272093e+02 
1.272093e+02 
1.272093e+02 
1.272093e+02 
1.272093e+02 
1.272093e+02 
1.272093e+02 
1.272093e+02 
1.272093e+02 
1.272093e+02 
1.272093e+02 
1.272093e+02 
8.823932e+01 
8.823932e+01 
8.823932e+01 
8.823932e+01 
8.823932e+01 
8.823932e+01 
8.823932e+01 
8.823932e+01 
8.823932e+01 
8.823932e+01 
8.823932e+01 
8.823932e+01 
8.823932e+01 
8.823932e+01 
8.823932e+01 
8.823932e+01 
8.823932e+01 
8.823932e+01 
8.823932e+01 
8.823932e+01 
8.823932e+01 
6.983492e+01 
6.983492e+01 
6.983492e+01 
6.983492e+01 
6.983492e+01 
6.757370e+01 
6.757370e+01 
6.757370e+01 
6.757370e+01 
6.757370e+01 
6.757370e+01 
6.757370e+01 
6.757370e+01 
6.757370e+01 
6.757370e+01 
6.757370e+01 
6.757370e+01 
6.757370e+01 
6.757370e+01 
6.757370e+01 
6.757370e+01 
6.757370e+01 
6.757370e+01 
6.757370e+01 
6.757370e+01 
6.757370e+01 
6.757370e+01 
6.757370e+01 
6.757370e+01 
6.757370e+01 
6.757370e+01 
6.757370e+01 
6.757370e+01 
6.757370e+01 
6.757370e+01 
6.757370e+01 
6.757370e+01 
6.757370e+01 
6.757370e+01 
6.757370e+01 
6.757370e+01 
6.757370e+01 
6.757370e+01 
6.757370e+01 
6.757370e+01 
6.757370e+01 
6.757370e+01 
6.757370e+01 
6.757370e+01 
6.757370e+01 
6.757370e+01 
6.757370e+01 
6.757370e+01 
6.757370e+01 
6.757370e+01 
2.072276e+01 
2.072276e+01 
2.072276e+01 
2.072276e+01 
2.072276e+01 
2.072276e+01 
2.072276e+01 
2.072276e+01 
2.072276e+01 
2.072276e+01 
2.072276e+01 
2.072276e+01 
2.072276e+01 
2.072276e+01 
2.072276e+01 
2.072276e+01 
2.072276e+01 
2.072276e+01 
2.072276e+01 
2.020564e+01 
2.020564e+01 
2.020564e+01 
2.020564e+01 
2.020564e+01 
2.020564e+01 
2.020564e+01 
2.020564e+01 
2.020564e+01 
2.020564e+01 
2.020564e+01 
2.020564e+01 
2.020564e+01 
2.020564e+01 
2.020564e+01 
2.020564e+01 
2.020564e+01 
2.020564e+01 
2.020564e+01 
2.020564e+01 
2.020564e+01 
2.020564e+01 
2.020564e+01 
2.020564e+01 
2.020564e+01 
1.523780e+01 
1.523780e+01 
1.523780e+01 
1.523780e+01 
1.523780e+01 
1.523780e+01 
1.523780e+01 
1.523780e+01 
1.523780e+01 
1.523780e+01 
1.523780e+01 
1.523780e+01 
1.523780e+01 
1.523780e+01 
1.523780e+01 
1.523780e+01 
1.523780e+01 
1.523780e+01 
1.523780e+01 
1.523780e+01 
1.523780e+01 
1.523780e+01 
1.523780e+01 
1.523780e+01 
1.523780e+01 
1.523780e+01 
1.523780e+01 
1.523780e+01 
1.523780e+01 
1.523780e+01 
1.523780e+01 
1.523780e+01 
1.523780e+01 
1.523780e+01 
1.523780e+01 
1.523780e+01 
1.523780e+01 
1.523780e+01 
1.523780e+01 
1.523780e+01 
1.523780e+01 
1.523780e+01 
1.523780e+01 
1.497752e+01 
1.497752e+01 
1.487428e+01 
1.487428e+01 
1.487428e+01 
1.487428e+01 
1.487428e+01 
1.487428e+01 
1.487428e+01 
1.487428e+01 
1.487428e+01 
1.487428e+01 
1.487428e+01 
1.483482e+01 
1.479037e+01 
1.478993e+01 
1.478993e+01 
1.476922e+01 
1.476922e+01 
1.476489e+01 
1.476489e+01 
1.476489e+01 
1.476224e+01 
1.475982e+01 
1.475888e+01 
1.475874e+01 
1.475874e+01 
1.475874e+01 
1.475846e+01 
1.475846e+01 
1.475846e+01 
1.475846e+01 
1.475797e+01 
1.475744e+01 
1.475721e+01 
1.475714e+01 
1.475714e+01 
1.475673e+01 
1.475650e+01 
1.475638e+01 
1.475633e+01 
1.475631e+01 
1.475630e+01 
1.475630e+01 
1.475627e+01 
1.475624e+01 
1.475622e+01 
1.475620e+01 
1.475618e+01 
1.475617e+01 
1.475616e+01 
1.475616e+01 
1.475615e+01 
1.475615e+01 
1.475614e+01 
1.475614e+01 
1.475614e+01 
1.475614e+01 
1.475613e+01 
1.475613e+01 
1.475613e+01 
1.475613e+01 
1.475613e+01 
1.475613e+01 
1.475613e+01 
1.475613e+01 
1.475613e+01 
1.475613e+01 
1.475613e+01 
1.475613e+01 
1.475613e+01 
1.475613e+01 
1.475613e+01 
1.475613e+01 
1.475613e+01 
1.475613e+01 
1.475613e+01 
1.475613e+01 
1.475613e+01 
1.475613e+01 
1.475613e+01 
1.475613e+01 
1.475613e+01 
1.475613e+01 
1.475613e+01 
1.475613e+01 
1.475613e+01 
1.475613e+01 
1.475613e+01 
1.475613e+01 
1.475613e+01 
1.475613e+01 
1.475613e+01 
1.475613e+01 
1.475613e+01 
1.475613e+01 
1.475613e+01 
1.475613e+01 
1.475613e+01 
1.475613e+01 
1.475613e+01 
1.475613e+01 
1.475613e+01 
1.475613e+01 
1.475613e+01 
1.475613e+01 
1.475613e+01 
1.475613e+01 
1.475613e+01 
1.475613e+01 
1.475613e+01 
1.475613e+01 
1.475613e+01 
1.475613e+01 
1.475613e+01 
1.475613e+01 
1.475613e+01 
1.475613e+01 
1.330928e+01 
1.330928e+01 
1.330928e+01 
1.330928e+01 
1.219164e+01 
1.212684e+01 
1.212684e+01 
1.212684e+01 
1.212684e+01 
1.212684e+01 
1.199327e+01 
1.199327e+01 
1.199327e+01 
1.168516e+01 
1.125178e+01 
1.117317e+01 
1.117317e+01 
1.032934e+01 
9.973234e+00 
9.922081e+00 
9.922081e+00 
9.922081e+00 
9.922081e+00 
9.922081e+00 
9.922081e+00 
9.849767e+00 
9.813471e+00 
9.811807e+00 
9.811807e+00 
9.811807e+00 
9.811807e+00 
9.811807e+00 
9.745264e+00 
9.682520e+00 
9.637342e+00 
9.604401e+00 
9.580115e+00 
9.562040e+00 
9.548478e+00 
9.538236e+00 
9.530458e+00 
9.524526e+00 
9.519986e+00 
9.516502e+00 
9.513821e+00 
9.511756e+00 
9.510163e+00 
9.508932e+00 
9.507981e+00 
9.507245e+00 
9.506676e+00 
9.506236e+00 
9.505894e+00 
9.505630e+00 
9.505426e+00 
9.505267e+00 
9.505145e+00 
9.505050e+00 
9.504976e+00 
9.504919e+00 
9.504875e+00 
9.504841e+00 
9.504814e+00 
9.504794e+00 
9.504778e+00 
9.504765e+00 
9.504756e+00 
9.504749e+00 
9.504743e+00 
9.504738e+00 
9.504735e+00 
9.298307e+00 
9.298307e+00 
8.969602e+00 
8.801687e+00 
8.801687e+00 
8.801687e+00 
8.801687e+00 
8.801687e+00 
8.801687e+00 
8.791252e+00 
8.756577e+00 
8.751079e+00 
8.751079e+00 
8.751079e+00 
8.751079e+00 
8.751079e+00 
8.751079e+00 
8.751079e+00 
8.751079e+00 
8.751079e+00 
8.751079e+00 
8.751079e+00 
8.751079e+00 
8.751079e+00 
8.740554e+00 
8.740554e+00 
8.740554e+00 
8.740554e+00 
8.740554e+00 
8.740554e+00 
8.740554e+00 
8.740554e+00 
8.740554e+00 
8.740554e+00 
8.740554e+00 
8.740554e+00 
8.737032e+00 
8.737032e+00 
8.737032e+00 
8.737032e+00 
8.737032e+00 
8.736759e+00 
8.736759e+00 
8.736759e+00 
8.736676e+00 
8.736676e+00 
8.736326e+00 
8.736326e+00 
8.736326e+00 
8.735642e+00 
8.735211e+00 
8.735181e+00 
8.735181e+00 
8.735180e+00 
8.735104e+00 
8.735073e+00 
8.735066e+00 
8.735066e+00 
8.735066e+00 
8.735066e+00 
8.735066e+00 
8.735057e+00 
8.735016e+00 
8.734986e+00 
8.734964e+00 
8.734948e+00 
8.205050e+00 
8.205050e+00 
8.140734e+00 
8.140734e+00 
8.140734e+00 
8.140734e+00 
7.952147e+00 
7.952147e+00 
7.658739e+00 
7.658739e+00 
7.658739e+00 
7.658739e+00 
7.658739e+00 
7.648139e+00 
7.648139e+00 
7.648139e+00 
7.556621e+00 
7.556621e+00 
7.556621e+00 
7.287640e+00 
7.287640e+00 
7.287640e+00 
7.287640e+00 
7.287640e+00 
7.287640e+00 
7.287640e+00 
7.287640e+00 
7.287640e+00 
7.287640e+00 
7.287640e+00 
7.287640e+00 
7.287640e+00 
7.287640e+00 
7.287640e+00 
7.287640e+00 
7.287640e+00 
7.287640e+00 
7.287640e+00 
7.287640e+00 
7.287640e+00 
7.240243e+00 
7.240243e+00 
7.240243e+00 
7.240243e+00 
7.240243e+00 
7.214855e+00 
7.214855e+00 
7.197728e+00 
7.197728e+00 
7.197728e+00 
7.197728e+00 
7.147409e+00 
7.147409e+00 
7.147409e+00 
7.147409e+00 
7.104236e+00 
7.104236e+00 
7.099028e+00 
7.086597e+00 
7.082174e+00 
7.081799e+00 
7.081799e+00 
7.081799e+00 
7.081799e+00 
7.075266e+00 
7.066864e+00 
7.060926e+00 
7.056670e+00 
7.053581e+00 
7.051314e+00 
6.856583e+00 
6.856583e+00 
6.782637e+00 
6.782637e+00 
6.621686e+00 
6.621686e+00 
6.551409e+00 
6.551409e+00 
6.551409e+00 
6.551409e+00 
6.551409e+00 
6.551409e+00 
6.551409e+00 
6.551409e+00 
6.551409e+00 
6.551409e+00 
6.551409e+00 
6.551409e+00 
6.551409e+00 
6.551409e+00 
6.551409e+00 
6.339987e+00 
6.339987e+00 
6.339987e+00 
6.339987e+00 
6.339987e+00 
6.339987e+00 
6.339987e+00 
6.339987e+00 
6.339987e+00 
6.339987e+00 
6.339987e+00 
6.339987e+00 
6.339987e+00 
6.339987e+00 
6.339987e+00 
6.339987e+00 
6.339987e+00 
6.339987e+00 
6.339987e+00 
6.339987e+00 
6.339987e+00 
6.339987e+00 
6.339987e+00 
6.339987e+00 
6.339987e+00 
6.339987e+00 
6.339987e+00 
6.339987e+00 
6.339987e+00 
6.339987e+00 
6.339987e+00 
6.339987e+00 
6.339987e+00 
6.339987e+00 
6.339987e+00 
6.339987e+00 
6.339987e+00 
6.339987e+00 
6.339987e+00 
6.339987e+00 
6.339987e+00 
6.339987e+00 
6.339987e+00 
6.339987e+00 
6.160419e+00 
6.160419e+00 
6.160419e+00 
6.160419e+00 
6.160419e+00 
6.160419e+00 
6.160419e+00 
6.160419e+00 
6.160419e+00 
6.160419e+00 
6.160419e+00 
6.160419e+00 
6.160419e+00 
6.160419e+00 
6.160419e+00 
6.160419e+00 
6.160419e+00 
6.160419e+00 
6.160419e+00 
6.160419e+00 
6.160419e+00 
6.160419e+00 
6.160419e+00 
6.160419e+00 
6.160419e+00 
6.160419e+00 
6.160419e+00 
6.160419e+00 
6.160419e+00 
6.160419e+00 
6.160419e+00 
6.160419e+00 
6.160419e+00 
6.160419e+00 
6.160419e+00 
6.160419e+00 
6.160419e+00 
6.160419e+00 
6.160419e+00 
6.160419e+00 
6.160419e+00 
6.160419e+00 
6.160419e+00 
6.160419e+00 
6.160419e+00 
6.160419e+00 
6.160419e+00 
6.160419e+00 
6.160419e+00 
6.160419e+00 
6.160419e+00 
6.160419e+00 
6.160419e+00 
6.160419e+00 
6.160419e+00 
6.160419e+00 
6.160419e+00 
6.160419e+00 
6.160419e+00 
6.160419e+00 
6.160419e+00 
6.160419e+00 
6.160419e+00 
6.160419e+00 
6.160419e+00 
6.160419e+00 
6.160419e+00 
6.160419e+00 
6.160419e+00 
6.160419e+00 
6.160419e+00 
6.160419e+00 
6.160419e+00 
6.160419e+00 
6.160419e+00 
6.160419e+00 
6.160419e+00 
6.160419e+00 
6.160419e+00 
6.160419e+00 
6.160419e+00 
6.160419e+00 
6.160419e+00 
6.160419e+00 
6.160419e+00 
6.160419e+00 
6.160419e+00 
6.160419e+00 
6.160419e+00 
6.160419e+00 
6.160419e+00 
6.160419e+00 
6.160419e+00 
6.160419e+00 
6.160419e+00 
6.160419e+00 
6.160419e+00 
6.160419e+00 
6.160419e+00 
6.160419e+00 
6.160419e+00 
6.160419e+00 
6.160419e+00 
6.160419e+00 
6.160419e+00 
6.160419e+00 
5.983645e+00 
5.983645e+00 
5.983645e+00 
5.983645e+00 
5.983645e+00 
5.983645e+00 
5.983645e+00 
5.983645e+00 
5.983645e+00 
5.983645e+00 
5.983645e+00 
5.983645e+00 
5.983645e+00 
5.983645e+00 
5.983645e+00 
5.983645e+00 
5.983645e+00 
5.983645e+00 
5.983645e+00 
5.983645e+00 
5.983645e+00 
5.983645e+00 
5.983645e+00 
5.983645e+00 
5.983645e+00 
5.983645e+00 
5.983645e+00 
5.983645e+00 
5.983645e+00 
5.983645e+00 
5.983645e+00 
5.983645e+00 
5.983645e+00 
5.983645e+00 
5.983645e+00 
5.983645e+00 
5.983645e+00 
5.983645e+00 
5.983645e+00 
5.983645e+00 
5.983645e+00 
5.983645e+00 
5.983645e+00 
5.983645e+00 
5.983645e+00 
5.983645e+00 
5.983645e+00 
5.983645e+00 
5.983645e+00 
5.983645e+00 
5.983645e+00 
5.087497e+00 
5.087497e+00 
5.087497e+00 
5.087497e+00 
5.087497e+00 
5.087497e+00 
5.087497e+00 
5.087497e+00 
5.087497e+00 
5.087497e+00 
5.087497e+00 
5.087497e+00 
5.087497e+00 
5.087497e+00 
5.087497e+00 
5.087497e+00 
5.087497e+00 
5.087497e+00 
5.087497e+00 
5.087497e+00 
5.087497e+00 
5.087497e+00 
5.087497e+00 
5.087497e+00 
5.087497e+00 
5.087497e+00 
5.087497e+00 
4.540470e+00 
4.540470e+00 
4.540470e+00 
4.540470e+00 
4.540470e+00 
4.540470e+00 
4.540470e+00 
4.540470e+00 
4.540470e+00 
4.540470e+00 
4.540470e+00 
4.540470e+00 
4.540470e+00 
4.540470e+00 
4.540470e+00 
4.540470e+00 
4.540470e+00 
4.540470e+00 
4.540470e+00 
4.540470e+00 
4.540470e+00 
4.540470e+00 
4.540470e+00 
4.540470e+00 
4.540470e+00 
4.540470e+00 
4.540470e+00 
4.540470e+00 
4.540470e+00 
4.540470e+00 
4.540470e+00 
4.540470e+00 
4.540470e+00 
4.540470e+00 
4.540470e+00 
4.540470e+00 
4.540470e+00 
4.540470e+00 
4.540470e+00 
4.540470e+00 
4.540470e+00 
4.540470e+00 
4.540470e+00 
4.540470e+00 
4.540470e+00 
4.540470e+00 
4.540470e+00 
4.540470e+00 
4.540470e+00 
4.540470e+00 
4.540470e+00 
4.540470e+00 
4.540470e+00 
4.540470e+00 
4.540470e+00 
4.540470e+00 
4.540470e+00 
4.540470e+00 
4.540470e+00 
4.540470e+00 
4.540470e+00 
4.540470e+00 
4.540470e+00 
4.540470e+00 
4.540470e+00 
4.540470e+00 
4.540470e+00 
4.540470e+00 
4.540470e+00 
4.540470e+00 
4.540470e+00 
4.540470e+00 
4.540470e+00 
4.540470e+00 
4.540470e+00 
4.540470e+00 
4.540470e+00 
4.540470e+00 
4.540470e+00 
4.540470e+00 
4.540470e+00 
4.540470e+00 
4.540470e+00 
4.540470e+00 
4.540470e+00 
4.540470e+00 
4.540470e+00 
4.540470e+00 
4.540470e+00 
4.540470e+00 
4.540470e+00 
4.540470e+00 
4.540470e+00 
4.540470e+00 
4.540470e+00 
4.540470e+00 
4.540470e+00 
4.540470e+00 
4.540470e+00 
4.540470e+00 
4.479746e+00 
4.479746e+00 
4.479746e+00 
4.479746e+00 
4.479746e+00 
4.479746e+00 
4.479746e+00 
4.479746e+00 
4.479746e+00 
4.479746e+00 
4.479746e+00 
4.479746e+00 
4.479746e+00 
4.479746e+00 
4.479746e+00 
4.479746e+00 
4.479746e+00 
4.479746e+00 
4.479746e+00 
4.479746e+00 
4.479746e+00 
4.479746e+00 
4.479746e+00 
4.479746e+00 
4.479746e+00 
4.479746e+00 
4.479746e+00 
4.479746e+00 
4.479746e+00 
4.479746e+00 
4.479746e+00 
4.479746e+00 
4.479746e+00 
4.479746e+00 
4.479746e+00 
4.479746e+00 
4.479746e+00 
4.479746e+00 
4.479746e+00 
4.479746e+00 
4.479746e+00 
4.479746e+00 
4.479746e+00 
4.479746e+00 
4.479746e+00 
4.479746e+00 
4.479746e+00 
4.479746e+00 
4.479746e+00 
4.479746e+00 
4.479746e+00 
4.479746e+00 
4.479746e+00 
4.479746e+00 
4.479746e+00 
4.479746e+00 
4.479746e+00 
4.479746e+00 
4.479746e+00 
4.479746e+00 
4.479746e+00 
4.479746e+00 
4.479746e+00 
4.479746e+00 
4.479746e+00 
4.479746e+00 
4.479746e+00 
4.479746e+00 
4.479746e+00 
4.479746e+00 
4.479746e+00 
4.479746e+00 
4.479746e+00 
4.479746e+00 
4.479746e+00 
4.479746e+00 
4.479746e+00 
4.479746e+00 
4.479746e+00 
4.479746e+00 
4.479746e+00 
4.479746e+00 
4.479746e+00 
4.479746e+00 
4.479746e+00 
4.479746e+00 
4.479746e+00 
4.479746e+00 
4.479746e+00 
4.479746e+00 
4.479746e+00 
4.479746e+00 
4.479746e+00 
4.479746e+00 
4.479746e+00 
4.479746e+00 
4.479746e+00 
4.479746e+00 
4.479746e+00 
4.479746e+00 
4.479746e+00 
4.479746e+00 
4.479746e+00 
4.479746e+00 
4.479746e+00 
4.479746e+00 
4.479746e+00 
4.479746e+00 
4.479746e+00 
4.479746e+00 
4.479746e+00 
4.479746e+00 
4.479746e+00 
4.479746e+00 
4.479746e+00 
4.479746e+00 
4.479746e+00 
4.479746e+00 
4.479746e+00 
4.479746e+00 
4.479746e+00 
4.479746e+00 
4.479746e+00 
4.479746e+00 
4.479746e+00 
4.474928e+00 
4.474928e+00 
4.474928e+00 
4.474928e+00 
4.474928e+00 
4.474928e+00 
4.474928e+00 
4.474928e+00 
4.474928e+00 
4.474928e+00 
4.474928e+00 
4.474928e+00 
4.474928e+00 
4.474928e+00 
4.474928e+00 
4.474928e+00 
4.474928e+00 
4.474928e+00 
4.474928e+00 
4.474928e+00 
4.474928e+00 
4.474928e+00 
4.474928e+00 
4.474928e+00 
4.474928e+00 
4.474928e+00 
4.474928e+00 
4.474928e+00 
4.474928e+00 
4.474928e+00 
4.474928e+00 
4.474928e+00 
4.474928e+00 
4.474928e+00 
4.474928e+00 
4.474928e+00 
4.474928e+00 
4.474928e+00 
4.474928e+00 
4.474928e+00 
4.474928e+00 
4.474928e+00 
4.474928e+00 
4.474928e+00 
4.474928e+00 
4.474928e+00 
4.474928e+00 
4.474928e+00 
4.474928e+00 
4.474928e+00 
4.474928e+00 
4.474928e+00 
4.474928e+00 
4.474928e+00 
4.474928e+00 
4.474928e+00 
4.474928e+00 
4.474928e+00 
4.474928e+00 
4.474928e+00 
4.474928e+00 
4.474928e+00 
4.474928e+00 
4.474928e+00 
4.474928e+00 
4.474928e+00 
4.474928e+00 
4.474928e+00 
4.474928e+00 
4.474928e+00 
4.474928e+00 
4.474928e+00 
4.474928e+00 
4.474928e+00 
4.474928e+00 
4.474928e+00 
4.474928e+00 
4.474928e+00 
4.474928e+00 
4.474928e+00 
4.474928e+00 
4.474928e+00 
4.474928e+00 
4.474928e+00 
4.474928e+00 
4.474928e+00 
4.474928e+00 
4.474928e+00 
4.474928e+00 
4.474928e+00 
4.474928e+00 
4.474928e+00 
4.474928e+00 
4.474928e+00 
4.474928e+00 
4.474928e+00 
4.474928e+00 
4.474928e+00 
4.474928e+00 
4.474928e+00 
4.474928e+00 
4.474928e+00 
4.474928e+00 
4.474928e+00 
4.474928e+00 
4.474928e+00 
4.474928e+00 
4.474928e+00 
4.474928e+00 
4.474928e+00 
4.474816e+00 
4.474816e+00 
4.474816e+00 
4.474816e+00 
4.474816e+00 
4.474816e+00 
4.474816e+00 
4.474816e+00 
4.474816e+00 
4.474816e+00 
4.474816e+00 
4.474816e+00 
4.311332e+00 
4.311332e+00 
4.311332e+00 
4.311332e+00 
4.311332e+00 
4.242184e+00 
4.242184e+00 
4.242184e+00 
4.242184e+00 
4.242184e+00 
4.242184e+00 
4.242184e+00 
4.242184e+00 
4.242184e+00 
4.242184e+00 
4.242184e+00 
4.242184e+00 
4.242184e+00 
4.214748e+00 
4.214748e+00 
4.214748e+00 
4.214748e+00 
4.214748e+00 
4.214748e+00 
4.214748e+00 
4.214748e+00 
4.214748e+00 
4.214748e+00 
4.214748e+00 
4.214748e+00 
4.214748e+00 
4.165140e+00 
4.163417e+00 
4.163417e+00 
4.163417e+00 
4.163417e+00 
4.163417e+00 
4.163417e+00 
4.163417e+00 
4.163417e+00 
4.163417e+00 
4.163417e+00 
4.163417e+00 
4.163417e+00 
4.163417e+00 
4.163417e+00 
4.163417e+00 
4.163417e+00 
4.163417e+00 
4.163417e+00 
4.163417e+00 
4.163417e+00 
4.163417e+00 
4.163417e+00 
3.956396e+00 
3.956396e+00 
3.956396e+00 
3.956396e+00 
3.848420e+00 
3.848420e+00 
3.848420e+00 
3.848420e+00 
3.848420e+00 
3.848420e+00 
3.848420e+00 
3.848420e+00 
3.848420e+00 
3.848420e+00 
3.818562e+00 
3.818562e+00 
3.808287e+00 
3.808287e+00 
3.808287e+00 
3.808287e+00 
3.808287e+00 
3.808287e+00 
3.808287e+00 
3.808287e+00 
3.808287e+00 
3.808287e+00 
3.808287e+00 
3.781182e+00 
3.781182e+00 
3.781182e+00 
3.781182e+00 
3.781182e+00 
3.781182e+00 
3.781182e+00 
3.781182e+00 
3.763294e+00 
3.763294e+00 
3.763294e+00 
3.763294e+00 
3.748199e+00 
3.748199e+00 
3.748199e+00 
3.748199e+00 
3.748199e+00 
3.748199e+00 
3.748199e+00 
3.748199e+00 
3.748199e+00 
3.748199e+00 
3.698674e+00 
3.698674e+00 
3.698674e+00 
3.698658e+00 
3.698658e+00 
3.695789e+00 
3.695789e+00 
3.695789e+00 
3.695789e+00 
3.695789e+00 
3.695789e+00 
3.695789e+00 
3.695789e+00 
3.695789e+00 
3.695577e+00 
3.692486e+00 
3.691286e+00 
3.690976e+00 
3.690976e+00 
3.690692e+00 
3.690692e+00 
3.690692e+00 
3.690689e+00 
3.690689e+00 
3.690675e+00 
3.690675e+00 
3.690124e+00 
3.689695e+00 
3.689387e+00 
3.689165e+00 
3.689004e+00 
3.688887e+00 
3.688801e+00 
3.688739e+00 
3.688694e+00 
3.688661e+00 
3.688637e+00 
3.688620e+00 
3.688607e+00 
3.688598e+00 
3.688591e+00 
3.688586e+00 
3.688582e+00 
3.688580e+00 
3.688578e+00 
3.688576e+00 
3.688575e+00 
3.688574e+00 
3.688574e+00 
3.688573e+00 
3.688573e+00 
3.688573e+00 
3.688573e+00 
3.688573e+00 
3.688573e+00 
3.688573e+00 
3.688572e+00 
3.688572e+00 
3.688572e+00 
3.688572e+00 
3.688572e+00 
3.688572e+00 
3.688572e+00 
3.688572e+00 
3.688572e+00 
3.688572e+00 
3.688572e+00 
3.688572e+00 
3.688572e+00 
3.688572e+00 
3.688572e+00 
3.688572e+00 
3.688572e+00 
3.688572e+00 
3.688572e+00 
3.688572e+00 
3.688572e+00 
3.688572e+00 
3.688572e+00 
3.688572e+00 
3.688572e+00 
3.688572e+00 
3.688572e+00 
3.672412e+00 
3.663364e+00 
3.648485e+00 
3.648485e+00 
3.648485e+00 
3.648485e+00 
3.641670e+00 
3.641262e+00 
3.641262e+00 
3.641262e+00 
3.641262e+00 
3.636276e+00 
3.636276e+00 
3.636276e+00 
3.636276e+00 
3.636276e+00 
3.636276e+00 
3.636276e+00 
3.636276e+00 
3.636276e+00 
3.633818e+00 
3.633479e+00 
3.629575e+00 
3.629575e+00 
3.629575e+00 
3.625328e+00 
3.625328e+00 
3.621814e+00 
3.621814e+00 
3.621814e+00 
3.621814e+00 
3.621814e+00 
3.621814e+00 
3.621814e+00 
3.621814e+00 
3.621814e+00 
3.621814e+00 
3.621814e+00 
3.621814e+00 
3.621814e+00 
3.621814e+00 
3.621118e+00 
3.621118e+00 
3.620355e+00 
3.620355e+00 
3.620355e+00 
3.620355e+00 
3.620355e+00 
3.620126e+00 
3.620126e+00 
3.620061e+00 
3.620061e+00 
3.620061e+00 
3.620061e+00 
3.620061e+00 
3.620061e+00 
3.620061e+00 
3.620054e+00 
3.620054e+00 
3.620054e+00 
3.620054e+00 
3.619907e+00 
3.619644e+00 
3.619458e+00 
3.619326e+00 
3.619232e+00 
3.619164e+00 
3.619115e+00 
3.619080e+00 
3.619055e+00 
3.619036e+00 
3.619023e+00 
3.619013e+00 
3.619007e+00 
3.619002e+00 
3.618998e+00 
3.618995e+00 
3.618993e+00 
3.618992e+00 
3.618991e+00 
3.618990e+00 
3.618990e+00 
3.618989e+00 
3.618989e+00 
3.618989e+00 
3.618989e+00 
3.618989e+00 
3.618989e+00 
3.618988e+00 
3.618988e+00 
3.618988e+00 
3.618988e+00 
3.617010e+00 
3.617010e+00 
3.617010e+00 
3.617010e+00 
3.617010e+00 
3.617010e+00 
3.617010e+00 
3.617010e+00 
3.617010e+00 
3.617010e+00 
3.617010e+00 
3.617010e+00 
3.617010e+00 
3.617010e+00 
3.617010e+00 
3.617010e+00 
3.617010e+00 
3.617010e+00 
3.617010e+00 
3.617010e+00 
3.617010e+00 
3.617010e+00 
3.617010e+00 
3.617010e+00 
3.617010e+00 
3.617010e+00 
3.617010e+00 
3.617010e+00 
3.617010e+00 
3.616741e+00 
3.616741e+00 
3.616741e+00 
3.616741e+00 
3.615866e+00 
3.615866e+00 
3.615866e+00 
3.615400e+00 
3.615400e+00 
3.615390e+00 
3.615390e+00 
3.615390e+00 
3.615294e+00 
3.615294e+00 
3.615294e+00 
3.615294e+00 
3.615294e+00 
3.615294e+00 
3.615294e+00 
3.615294e+00 
3.615139e+00 
3.615139e+00 
3.615139e+00 
3.615139e+00 
3.615139e+00 
3.615139e+00 
3.615139e+00 
3.615038e+00 
3.615038e+00 
3.615038e+00 
3.615038e+00 
3.615029e+00 
3.614998e+00 
3.614998e+00 
3.614998e+00 
3.612565e+00 
3.612565e+00 
3.612565e+00 
3.612565e+00 
3.609060e+00 
3.609060e+00 
3.609060e+00 
3.608083e+00 
3.608083e+00 
3.607833e+00 
3.607247e+00 
3.607247e+00 
3.607247e+00 
3.606453e+00 
3.606453e+00 
3.606453e+00 
3.606453e+00 
3.606453e+00 
3.606453e+00 
3.606453e+00 
3.606453e+00 
3.606453e+00 
3.606453e+00 
3.606453e+00 
3.606453e+00 
3.606453e+00 
3.606453e+00 
3.606453e+00 
3.606453e+00 
3.606453e+00 
3.606453e+00 
3.606453e+00 
3.606453e+00 
3.606038e+00 
3.606038e+00 
3.605223e+00 
3.605223e+00 
3.605223e+00 
3.605223e+00 
3.605223e+00 
3.605223e+00 
3.605223e+00 
3.605223e+00 
3.605223e+00 
3.605223e+00 
3.605223e+00 
3.603888e+00 
3.603888e+00 
3.603888e+00 
3.603888e+00 
3.603888e+00 
3.603888e+00 
3.603888e+00 
3.603888e+00 
3.603888e+00 
3.603888e+00 
3.603888e+00 
3.603888e+00 
3.603888e+00 
3.603888e+00 
3.603888e+00 
3.603382e+00 
3.603382e+00 
3.603382e+00 
3.603382e+00 
3.603382e+00 
3.603382e+00 
3.603382e+00 
3.603382e+00 
3.603382e+00 
3.603382e+00 
3.603382e+00 
3.603382e+00 
3.603382e+00 
3.603382e+00 
3.603382e+00 
3.603382e+00 
3.603382e+00 
3.603382e+00 
3.603346e+00 
3.603346e+00 
3.603329e+00 
3.603329e+00 
3.603329e+00 
3.603329e+00 
3.603329e+00 
3.603329e+00 
3.603329e+00 
3.603329e+00 
3.603329e+00 
3.603291e+00 
3.603291e+00 
3.603291e+00 
3.603291e+00 
3.603291e+00 
3.603291e+00 
3.603291e+00 
3.603291e+00 
3.603291e+00 
3.603291e+00 
3.603291e+00 
3.603291e+00 
3.603291e+00 
3.603291e+00 
3.603291e+00 
3.603291e+00 
3.603291e+00 
3.603263e+00 
3.603263e+00 
3.603263e+00 
3.603263e+00 
3.603263e+00 
3.603262e+00 
3.603262e+00 
3.603262e+00 
3.603250e+00 
3.603250e+00 
3.603250e+00 
3.603250e+00 
3.603250e+00 
3.603244e+00 
3.603241e+00 
3.603239e+00 
3.603237e+00 
3.603236e+00 
3.603236e+00 
3.603236e+00 
3.603235e+00 
3.603235e+00 
3.603235e+00 
3.603235e+00 
3.603235e+00 
3.603235e+00 
3.603235e+00 
3.603235e+00 
3.603235e+00 
3.603235e+00 
3.603235e+00 
3.603235e+00 
3.603032e+00 
3.603032e+00 
3.602988e+00 
3.602988e+00 
3.602787e+00 
3.602787e+00 
3.602787e+00 
3.602787e+00 
3.602756e+00 
3.602756e+00 
3.602756e+00 
3.602756e+00 
3.602756e+00 
3.602756e+00 
3.602724e+00 
3.602724e+00 
3.602670e+00 
3.602645e+00 
3.602645e+00 
3.602645e+00 
3.602645e+00 
3.602491e+00 
3.602491e+00 
3.602491e+00 
3.602491e+00 
3.602491e+00 
3.602491e+00 
3.602440e+00 
3.602439e+00 
3.602439e+00 
3.602425e+00 
3.602425e+00 
3.602425e+00 
3.602425e+00 
3.602424e+00 
3.602424e+00 
3.602418e+00 
3.602418e+00 
3.602412e+00 
3.602412e+00 
3.602412e+00 
3.602412e+00 
3.602411e+00 
3.602410e+00 
3.602410e+00 
3.602410e+00 
3.602409e+00 
3.602407e+00 
3.602407e+00 
3.602407e+00 
3.602407e+00 
3.602407e+00 
3.602406e+00 
3.602406e+00 
3.602406e+00 
3.602406e+00 
3.602406e+00 
3.602406e+00 
3.602406e+00 
3.602405e+00 
3.602405e+00 
3.602405e+00 
3.602405e+00 
3.602405e+00 
3.602405e+00 
3.602405e+00 
3.602405e+00 
3.602405e+00 
3.602405e+00 
3.602405e+00 
3.602405e+00 
3.602405e+00 
3.602405e+00 
3.602405e+00 
3.602405e+00 
3.602405e+00 
3.602405e+00 
3.602405e+00 
3.602405e+00 
3.602405e+00 
3.602405e+00 
3.602405e+00 
3.602405e+00 
3.602405e+00 
3.602405e+00 
3.602405e+00 
3.602405e+00 
3.602405e+00 
3.602405e+00 
3.602405e+00 
3.602405e+00 
3.602405e+00 
3.602405e+00 
3.602405e+00 
3.602405e+00 
3.602405e+00 
3.602405e+00 
3.602405e+00 
3.602405e+00 
3.602405e+00 
3.602405e+00 
3.602405e+00 
3.602405e+00 
3.602405e+00 
3.602405e+00 
3.602405e+00 
3.602405e+00 
3.602405e+00 
3.602405e+00 
3.602405e+00 
3.602405e+00 
3.602405e+00 
3.602405e+00 
3.602405e+00 
3.602405e+00 
3.602405e+00 
3.602405e+00 
3.602405e+00 
3.602405e+00 
3.602370e+00 
3.602370e+00 
3.602370e+00 
3.602370e+00 
3.602370e+00 
3.602355e+00 
3.602350e+00 
3.602350e+00 
3.602350e+00 
3.602350e+00 
3.602346e+00 
3.602345e+00 
3.602345e+00 
3.602344e+00 
3.602344e+00 
3.602344e+00 
3.602344e+00 
3.602344e+00 
3.602344e+00 
3.602344e+00 
3.602343e+00 
3.602343e+00 
3.602343e+00 
3.602343e+00 
3.602343e+00 
3.602343e+00 
3.602343e+00 
3.602343e+00 
3.602343e+00 
3.602343e+00 
3.602343e+00 
3.602343e+00 
3.602342e+00 
3.602342e+00 
3.602342e+00 
3.602342e+00 
3.602342e+00 
3.602341e+00 
3.602341e+00 
3.602341e+00 
3.602341e+00 
3.602341e+00 
3.602341e+00 
3.602341e+00 
3.602341e+00 
3.602341e+00 
3.602341e+00 
3.602341e+00 
3.602341e+00 
3.602341e+00 
3.602341e+00 
3.602341e+00 
3.602341e+00 
3.602341e+00 
3.602341e+00 
3.602334e+00 
3.602334e+00 
3.602334e+00 
3.602334e+00 
3.602334e+00 
3.602333e+00 
3.602331e+00 
3.602331e+00 
3.602331e+00 
3.602331e+00 
3.602331e+00 
3.602331e+00 
3.602331e+00 
3.602330e+00 
3.602330e+00 
3.602330e+00 
3.602330e+00 
3.602330e+00 
3.602330e+00 
3.602330e+00 
3.602330e+00 
3.602330e+00 
3.602330e+00 
3.602329e+00 
3.602329e+00 
3.602329e+00 
3.602328e+00 
3.602328e+00 
3.602328e+00 
3.602328e+00 
3.602328e+00 
3.602328e+00 
3.602328e+00 
3.602328e+00 
3.602327e+00 
3.602327e+00 
3.602327e+00 
3.602327e+00 
3.602327e+00 
3.602327e+00 
3.602327e+00 
3.602327e+00 
3.602327e+00 
3.602327e+00 
3.602327e+00 
3.602327e+00 
3.602327e+00 
3.602327e+00 
3.602327e+00 
3.602327e+00 
3.602327e+00 
3.602327e+00 
3.602327e+00 
3.602327e+00 
3.602327e+00 
3.602327e+00 
3.602327e+00 
3.602327e+00 
3.602327e+00 
3.602327e+00 
3.602327e+00 
3.602327e+00 
3.602327e+00 
3.602327e+00 
3.602327e+00 
3.602327e+00 
3.602327e+00 
3.602327e+00 
3.602327e+00 
3.602327e+00 
3.602327e+00 
3.602327e+00 
3.602327e+00 
3.602327e+00 
3.602327e+00 
3.602327e+00 
3.602327e+00 
3.602327e+00 
3.602326e+00 
3.602326e+00 
3.602326e+00 
3.602326e+00 
3.602326e+00 
3.602326e+00 
3.602326e+00 
3.602326e+00 
3.602326e+00 
3.602326e+00 
3.602326e+00 
3.602326e+00 
3.602326e+00 
3.602326e+00 
3.602326e+00 
3.602326e+00 
3.602326e+00 
3.602326e+00 
3.602326e+00 
3.602325e+00 
3.602325e+00 
3.602325e+00 
3.602325e+00 
3.602325e+00 
3.602325e+00 
3.602325e+00 
3.602325e+00 
3.602325e+00 
3.602325e+00 
3.602325e+00 
3.602325e+00 
3.602325e+00 
3.602325e+00 
3.602325e+00 
3.602325e+00 
3.602325e+00 
3.602325e+00 
3.602325e+00 
3.602325e+00 
3.602325e+00 
3.602325e+00 
3.602325e+00 
3.602325e+00 
3.602325e+00 
3.602325e+00 
3.602325e+00 
3.602325e+00 
3.602325e+00 
3.602325e+00 
3.602325e+00 
3.602325e+00 
3.602325e+00 
3.602325e+00 
3.602325e+00 
3.602325e+00 
3.602325e+00 
3.602325e+00 
3.602325e+00 
3.602325e+00 
3.602325e+00 
3.602325e+00 
3.602325e+00 
3.602325e+00 
3.602325e+00 
3.602325e+00 
3.602325e+00 
3.602325e+00 
3.602325e+00 
3.602325e+00 
3.602325e+00 
3.602325e+00 
3.602325e+00 
3.602325e+00 
3.602325e+00 
3.602325e+00 
3.602325e+00 
3.602325e+00 
3.602325e+00 
3.602325e+00 
3.602325e+00 
3.602325e+00 
3.602325e+00 
3.602325e+00 
3.602325e+00 
3.602325e+00 
3.602325e+00 
3.602325e+00 
3.602325e+00 
3.602325e+00 
3.602325e+00 
3.602325e+00 
3.602325e+00 
3.602325e+00 
3.602325e+00 
3.602325e+00 
3.602325e+00 
3.602325e+00 
3.602325e+00 
3.602325e+00 
3.602325e+00 
3.602324e+00 
3.602324e+00 
3.602324e+00 
3.602324e+00 
3.602324e+00 
3.602324e+00 
3.602324e+00 
3.602324e+00 
3.602324e+00 
3.602324e+00 
3.602324e+00 
3.602324e+00 
3.602324e+00 
3.602324e+00 
3.602324e+00 
3.602324e+00 
3.602324e+00 
3.602324e+00 
3.602324e+00 
3.602324e+00 
3.602324e+00 
3.602324e+00 
3.602324e+00 
3.602324e+00 
3.602324e+00 
3.602324e+00 
3.602324e+00 
3.602324e+00 
3.602324e+00 
3.602324e+00 
3.602324e+00 
3.602324e+00 
3.602324e+00 
3.602324e+00 
3.602324e+00 
3.602324e+00 
3.602324e+00 
3.602324e+00 
3.602324e+00 
3.602324e+00 
3.602324e+00 
3.602324e+00 
3.602324e+00 
3.602324e+00 
3.602324e+00 
3.602324e+00 
3.602324e+00 
3.602324e+00 
3.602324e+00 
3.602324e+00 
3.602324e+00 
3.602324e+00 
3.602324e+00 
3.602324e+00 
3.602324e+00 
3.602324e+00 
3.602324e+00 
3.602324e+00 
3.602324e+00 
3.602324e+00 
3.602324e+00 
3.602324e+00 
3.602324e+00 
3.602324e+00 
3.602324e+00 
3.602324e+00 
3.602324e+00 
3.602324e+00 
3.602324e+00 
3.602324e+00 
3.602324e+00 
3.602324e+00 
3.602324e+00 
3.602324e+00 
3.602324e+00 
3.602324e+00 
3.602324e+00 
3.602324e+00 
3.602324e+00 
3.602324e+00 
3.602324e+00 
3.602324e+00 
3.602324e+00 
3.602324e+00 
3.602324e+00 
3.602324e+00 
3.602324e+00 
3.602324e+00 
3.602324e+00 
3.602324e+00 
3.602324e+00 
3.602324e+00 
3.602324e+00 
3.602324e+00 
3.602324e+00 
3.602324e+00 
3.602324e+00 
3.602324e+00 
3.602324e+00 
3.602324e+00 
3.602324e+00 
3.602324e+00 
3.602324e+00 
3.602324e+00 
3.602324e+00 
3.602324e+00 
3.602324e+00 
3.602324e+00 
3.602324e+00 
3.602324e+00 
3.602324e+00 
3.602324e+00 
3.602324e+00 
3.602324e+00 
3.602324e+00 
3.602324e+00 
3.602324e+00 
3.602324e+00 
3.602324e+00 
3.602324e+00 
3.602324e+00 
3.602324e+00 
3.602324e+00 
3.602324e+00 
3.602324e+00 
3.602324e+00 
3.602324e+00 
3.602324e+00 
3.602324e+00 
3.602324e+00 
3.602324e+00 
3.602324e+00 
3.602324e+00 
3.602324e+00 
3.602324e+00 
3.602324e+00 
3.602324e+00 
3.602324e+00 
3.602324e+00 
3.602324e+00 
3.602324e+00 
3.602324e+00 
3.602324e+00 
3.602324e+00 
3.602324e+00 
3.602324e+00 
3.602324e+00 
3.602324e+00 
3.602324e+00 
3.602324e+00 
3.602324e+00 
3.602324e+00 
3.602324e+00 
3.602324e+00 
3.602324e+00 
3.602324e+00 
3.602324e+00 
3.602324e+00 
3.602324e+00 
3.602324e+00 
3.602324e+00 
3.602324e+00 
3.602324e+00 
3.602324e+00 
3.602324e+00 
3.602324e+00 
3.602324e+00 
3.602324e+00 
3.602324e+00 
3.602324e+00 
3.602324e+00 
3.602324e+00 
3.602324e+00 
3.602324e+00 
3.602324e+00 
3.602324e+00 
3.602324e+00 
3.602324e+00 
3.602324e+00 
3.602324e+00 
3.602324e+00 
3.602324e+00 
3.602324e+00 
3.602324e+00 
3.602324e+00 
3.602324e+00 
3.602324e+00 
3.602324e+00 
3.602324e+00 
3.602324e+00 
3.602324e+00 
3.602324e+00 
3.602324e+00 
3.602324e+00 
3.602324e+00 
3.602324e+00 
3.602324e+00 
3.602324e+00 
3.602324e+00 
3.602324e+00 
3.602324e+00 
3.602324e+00 
3.602324e+00 
3.602324e+00 
3.602324e+00 
3.602324e+00 
3.602324e+00 
3.602324e+00 
3.602324e+00 
3.602324e+00 
3.602324e+00 
3.602324e+00 
3.602324e+00 
3.602324e+00 
3.602324e+00 
3.602324e+00 
3.602324e+00 
3.602324e+00 
3.602324e+00 
3.602324e+00 
3.602324e+00 
3.602324e+00 
3.602324e+00 
3.602324e+00 
3.602324e+00 
3.602324e+00 
3.602324e+00 
3.602324e+00 
3.602324e+00 
3.602324e+00 
3.602324e+00 
3.602324e+00 
3.602324e+00 
3.602324e+00 
3.602324e+00 
3.602324e+00 
3.602324e+00 
3.602324e+00 
3.602324e+00 
3.602324e+00 
3.602324e+00 
3.602324e+00 
3.602324e+00 
3.602324e+00 
3.602324e+00 
3.602324e+00 
3.602324e+00 
3.602324e+00 
3.602324e+00 
3.602324e+00 
3.602324e+00 
3.602324e+00 
3.602324e+00 
3.602324e+00 
3.602324e+00 
3.602324e+00 
3.602324e+00 
3.602324e+00 
3.602324e+00 
3.602324e+00 
3.602324e+00 
3.602324e+00 
3.602324e+00 
3.602324e+00 
3.602324e+00 
3.602324e+00 
3.602324e+00 
3.602324e+00 
3.602324e+00 
3.602324e+00 
3.602324e+00 
3.602324e+00 
3.602324e+00 
3.602324e+00 
3.602324e+00 
3.602324e+00 
3.602324e+00 
3.602324e+00 
3.602324e+00 
3.602324e+00 
3.602324e+00 
3.602324e+00 
3.602324e+00 
3.602324e+00 
3.602324e+00 
3.602324e+00 
3.602324e+00 
3.602324e+00 
3.602324e+00 
3.602324e+00 
3.602324e+00 
3.602324e+00 
3.602324e+00 
3.602324e+00 
3.602324e+00 
3.602324e+00 
3.602324e+00 
3.602324e+00 
3.602324e+00 
3.602324e+00 
3.602324e+00 
3.602324e+00 
3.602324e+00 
3.602324e+00 
3.602324e+00 
3.602324e+00 
3.602324e+00 
3.602324e+00 
3.602324e+00 
3.602324e+00 
3.602324e+00 
3.602324e+00 
3.602324e+00 
3.602324e+00 
3.602324e+00 
3.602324e+00 
3.602324e+00 
3.602324e+00 
3.602324e+00 
3.602324e+00 
3.602324e+00 
3.602324e+00 
3.602324e+00 
3.602324e+00 
3.602324e+00 
3.602324e+00 
3.602324e+00 
3.602324e+00 
3.602324e+00 
3.602324e+00 
3.602324e+00 
3.602324e+00 
3.602324e+00 
3.602324e+00 
3.602324e+00 
3.602324e+00 
3.602324e+00 
3.602324e+00 
3.602324e+00 
3.602324e+00 
3.602324e+00 
3.602324e+00 
3.602324e+00 
3.602324e+00 
3.602324e+00 
3.602324e+00 
3.602324e+00 
3.602324e+00 
3.602324e+00 
3.602324e+00 
3.602324e+00 
3.602324e+00 
3.602324e+00 
3.602324e+00 
3.602324e+00 
3.602324e+00 
3.602324e+00 
3.602324e+00 
3.602324e+00 
3.602324e+00 
3.602324e+00 
3.602324e+00 
3.602324e+00 
3.602324e+00 
3.602324e+00 
3.602324e+00 
3.602324e+00 
3.602324e+00 
3.602324e+00 
3.602324e+00 
3.602324e+00 
3.602324e+00 
3.602324e+00 
3.602324e+00 
3.602324e+00 
3.602324e+00 
3.602324e+00 
3.602324e+00 
3.602324e+00 
3.602324e+00 
3.602324e+00 
3.602324e+00 
3.602324e+00 
3.602324e+00 
3.602324e+00 
3.602324e+00 
3.602324e+00 
3.602324e+00 
3.602324e+00 
3.602324e+00 
3.602324e+00 
3.602324e+00 
3.602324e+00 
3.602324e+00 
3.602324e+00 
3.602324e+00 
3.602324e+00 
3.602324e+00 
3.602324e+00 
3.602324e+00 
3.602324e+00 
3.602324e+00 
3.602324e+00 
3.602324e+00 
3.602324e+00 
3.602324e+00 
3.602324e+00 
3.602324e+00 
3.602324e+00 
3.602324e+00 
3.602324e+00 
3.602324e+00 
3.602324e+00 
3.602324e+00 
3.602324e+00 
3.602324e+00 
3.602324e+00 
3.602324e+00 
3.602324e+00 
3.602324e+00 
3.602324e+00 
3.602324e+00 
3.602324e+00 
3.602324e+00 
3.602324e+00 
3.602324e+00 
3.602324e+00 
3.602324e+00 
3.602324e+00 
3.602324e+00 
3.602324e+00 
3.602324e+00 
3.602324e+00 
3.602324e+00 
3.602324e+00 
3.602324e+00 
3.602324e+00 
3.602324e+00 
3.602324e+00 
3.602324e+00 
3.602324e+00 
3.602324e+00 
3.602324e+00 
3.602324e+00 
3.602324e+00 
3.602324e+00 
3.602324e+00 
3.602324e+00 
3.602324e+00 
3.602324e+00 
3.602324e+00 
3.602324e+00 
3.602324e+00 
3.602324e+00 
3.602324e+00 
3.602324e+00 
3.602324e+00 
3.602324e+00 
3.602324e+00 
3.602324e+00 
3.602324e+00 
3.602324e+00 
3.602324e+00 
3.602324e+00 
3.602324e+00 
3.602324e+00 
3.602324e+00 
3.602324e+00 
3.602324e+00 
3.602324e+00 
3.602324e+00 
3.602324e+00 
3.602324e+00 
3.602324e+00 
3.602324e+00 
3.602324e+00 
3.602324e+00 
3.602324e+00 
3.602324e+00 
3.602324e+00 
3.602324e+00 
3.602324e+00 
3.602324e+00 
3.602324e+00 
3.602324e+00 
3.602324e+00 
3.602324e+00 
3.602324e+00 
3.602324e+00 
3.602324e+00 
3.602324e+00 
3.602324e+00 
3.602324e+00 
3.602324e+00 
3.602324e+00 
3.602324e+00 
3.602324e+00 
3.602324e+00 
3.602324e+00 
3.602324e+00 
3.602324e+00 
3.602324e+00 
3.602324e+00 
3.602324e+00 
3.602324e+00 
3.602324e+00 
3.602324e+00 
3.602324e+00 
3.602324e+00 
3.602324e+00 
3.602324e+00 
3.602324e+00 
3.602324e+00 
3.602324e+00 
3.602324e+00 
3.602324e+00 
3.602324e+00 
3.602324e+00 
3.602324e+00 
3.602324e+00 
3.602324e+00 
3.602324e+00 
3.602324e+00 
3.602324e+00 
3.602324e+00 
3.602324e+00 
3.602324e+00 
3.602324e+00 
3.602324e+00 
3.602324e+00 
3.602324e+00 
3.602324e+00 
3.602324e+00 
3.602324e+00 
3.602324e+00 
3.602324e+00 
3.602324e+00 
3.602324e+00 
3.602324e+00 
3.602324e+00 
3.602324e+00 
3.602324e+00 
3.602324e+00 
3.602324e+00 
3.602324e+00 
3.602324e+00 
3.602324e+00 
3.602324e+00 
3.602324e+00 
3.602324e+00 
3.602324e+00 
3.602324e+00 
3.602324e+00 
3.602324e+00 
3.602324e+00 
3.602324e+00 
3.602324e+00 
3.602324e+00 
3.602324e+00 
3.602324e+00 
3.602324e+00 
3.602324e+00 
3.602324e+00 
3.602324e+00 
3.602324e+00 
3.602324e+00 
3.602324e+00 
3.602324e+00 
3.602324e+00 
3.602324e+00 
3.602324e+00 
3.602324e+00 
3.602324e+00 
3.602324e+00 
3.602324e+00 
3.602324e+00 
3.602324e+00 
3.602324e+00 
3.602324e+00 
3.602324e+00 
3.602324e+00 
3.602324e+00 
3.602324e+00 
3.602324e+00 
3.602324e+00 
3.602324e+00 
3.602324e+00 
3.602324e+00 
3.602324e+00 
3.602324e+00 
3.602324e+00 
3.602324e+00 
3.602324e+00 
3.602324e+00 
3.602324e+00 
3.602324e+00 
3.602324e+00 
3.602324e+00 
3.602324e+00 
3.602324e+00 
3.602324e+00 
3.602324e+00 
3.602324e+00 
3.602324e+00 
3.602324e+00 
3.602324e+00 
3.602324e+00 
3.602324e+00 
3.602324e+00 
3.602324e+00 
3.602324e+00 
3.602324e+00 
3.602324e+00 
3.602324e+00 
3.602324e+00 
3.602324e+00 
3.602324e+00 
3.602324e+00 
3.602324e+00 
3.602324e+00 
3.602324e+00 
3.602324e+00 
3.602324e+00 
3.602324e+00 
3.602324e+00 
3.602324e+00 
3.602324e+00 
3.602324e+00 
3.602324e+00 
3.602324e+00 
3.602324e+00 
3.602324e+00 
3.602324e+00 
3.602324e+00 
3.602324e+00 
3.602324e+00 
3.602324e+00 
3.602324e+00 
3.602324e+00 
3.602324e+00 
3.602324e+00 
3.602324e+00 
3.602324e+00 
3.602324e+00 
3.602324e+00 
3.602324e+00 
3.602324e+00 
3.602324e+00 
3.602324e+00 
3.602324e+00 
3.602324e+00 
3.602324e+00 
3.602324e+00 
3.602324e+00 
3.602324e+00 
3.602324e+00 
3.602324e+00 
3.602324e+00 
3.602324e+00 
3.602324e+00 
3.602324e+00 
3.602324e+00 
3.602324e+00 
3.602324e+00 
3.602324e+00 
3.602324e+00 
3.602324e+00 
3.602324e+00 
3.602324e+00 
3.602324e+00 
3.602324e+00 
3.602324e+00 
3.602324e+00 
3.602324e+00 
3.602324e+00 
3.602324e+00 
3.602324e+00 
3.602324e+00 
3.602324e+00 
3.602324e+00 
3.602324e+00 
3.602324e+00 
3.602324e+00 
3.602324e+00 
3.602324e+00 
3.602324e+00 
3.602324e+00 
3.602324e+00 
3.602324e+00 
3.602324e+00 
3.602324e+00 
3.602324e+00 
3.602324e+00 
3.602324e+00 
3.602324e+00 
3.602324e+00 
3.602324e+00 
3.602324e+00 
3.602324e+00 
3.602324e+00 
3.602324e+00 
3.602324e+00 
3.602324e+00 
3.602324e+00 
3.602324e+00 
3.602324e+00 
3.602324e+00 
3.602324e+00 
3.602324e+00 
3.602324e+00 
3.602324e+00 
3.602324e+00 
3.602324e+00 
3.602324e+00 
3.602324e+00 
3.602324e+00 
3.602324e+00 
3.602324e+00 
3.602324e+00 
3.602324e+00 
3.602324e+00 
3.602324e+00 
3.602324e+00 
3.602324e+00 
3.602324e+00 
3.602324e+00 
3.602324e+00 
3.602324e+00 
3.602324e+00 
3.602324e+00 
3.602324e+00 
3.602324e+00 
3.602324e+00 
3.602324e+00 
3.602324e+00 
3.602324e+00 
3.602324e+00 
3.602324e+00 
3.602324e+00 
3.602324e+00 
3.602324e+00 
3.602324e+00 
3.602324e+00 
3.602324e+00 
3.602324e+00 
3.602324e+00 
3.602324e+00 
3.602324e+00 
3.602324e+00 
3.602324e+00 
3.602324e+00 
3.602324e+00 
3.602324e+00 
3.602324e+00 
3.602324e+00 
3.602324e+00 
3.602324e+00 
3.602324e+00 
3.602324e+00 
3.602324e+00 
3.602324e+00 
3.602324e+00 
3.602324e+00 
3.602324e+00 
3.602324e+00 
3.602324e+00 
3.602324e+00 
3.602324e+00 
3.602324e+00 
3.602324e+00 
3.602324e+00 
3.602324e+00 
3.602324e+00 
3.602324e+00 
3.602324e+00 
3.602324e+00 
3.602324e+00 
3.602324e+00 
3.602324e+00 
3.602324e+00 
3.602324e+00 
3.602324e+00 
3.602324e+00 
3.602324e+00 
3.602324e+00 
3.602324e+00 
3.602324e+00 
3.602324e+00 
3.602324e+00 
3.602324e+00 
3.602324e+00 
3.602324e+00 
3.602324e+00 
3.602324e+00 
3.602324e+00 
3.602324e+00 
3.602324e+00 
3.602324e+00 
3.602324e+00 
3.602324e+00 
3.602324e+00 
3.602324e+00 
3.602324e+00 
3.602324e+00 
3.602324e+00 
3.602324e+00 
3.602324e+00 
3.602324e+00 
3.602324e+00 
3.602324e+00 
3.602324e+00 
3.602324e+00 
3.602324e+00 
3.602324e+00 
3.602324e+00 
3.602324e+00 
3.602324e+00 
3.602324e+00 
3.602324e+00 
3.602324e+00 
3.602324e+00 
3.602324e+00 
3.602324e+00 
3.602324e+00 
3.602324e+00 
3.602324e+00 
3.602324e+00 
3.602324e+00 
3.602324e+00 
3.602324e+00 
3.602324e+00 
3.602324e+00 
3.602324e+00 
3.602324e+00 
3.602324e+00 
3.602324e+00 
3.602324e+00 
3.602324e+00 
3.602324e+00 
3.602324e+00 
3.602324e+00 
3.602324e+00 
3.602324e+00 
3.602324e+00 
3.602324e+00 
3.602324e+00 
3.602324e+00 
3.602324e+00 
3.602324e+00 
3.602324e+00 
3.602324e+00 
3.602324e+00 
3.602324e+00 
3.602324e+00 
3.602324e+00 
3.602324e+00 
3.602324e+00 
3.602324e+00 
3.602324e+00 
3.602324e+00 
3.602324e+00 
3.602324e+00 
3.602324e+00 
3.602324e+00 
3.602324e+00 
3.602324e+00 
3.602324e+00 
3.602324e+00 
3.602324e+00 
3.602324e+00 
3.602324e+00 
3.602324e+00 
3.602324e+00 
3.602324e+00 
3.602324e+00 
3.602324e+00 
3.602324e+00 
3.602324e+00 
3.602324e+00 
3.602324e+00 
3.602324e+00 
3.602324e+00 
3.602324e+00 
3.602324e+00 
3.602324e+00 
3.602324e+00 
3.602324e+00 
3.602324e+00 
3.602324e+00 
3.602324e+00 
3.602324e+00 
3.602324e+00 
3.602324e+00 
3.602324e+00 
3.602324e+00 
3.602324e+00 
3.602324e+00 
3.602324e+00 
3.602324e+00 
3.602324e+00 
3.602324e+00 
3.602324e+00 
3.602324e+00 
3.602324e+00 
3.602324e+00 
3.602324e+00 
3.602324e+00 
3.602324e+00 
3.602324e+00 
3.602324e+00 
3.602324e+00 
3.602324e+00 
3.602324e+00 
3.602324e+00 
3.602324e+00 
3.602324e+00 
3.602324e+00 
3.602324e+00 
3.602324e+00 
3.602324e+00 
3.602324e+00 
3.602324e+00 
3.602324e+00 
3.602324e+00 
3.602324e+00 
3.602324e+00 
3.602324e+00 
3.602324e+00 
3.602324e+00 
3.602324e+00 
3.602324e+00 
3.602324e+00 
3.602324e+00 
3.602324e+00 
3.602324e+00 
3.602324e+00 
3.602324e+00 
3.602324e+00 
3.602324e+00 
3.602324e+00 
3.602324e+00 
3.602324e+00 
3.602324e+00 
3.602324e+00 
3.602324e+00 
3.602324e+00 
3.602324e+00 
3.602324e+00 
3.602324e+00 
3.602324e+00 
3.602324e+00 
3.602324e+00 
3.602324e+00 
3.602324e+00 
3.602324e+00 
3.602324e+00 
3.602324e+00 
3.602324e+00 
3.602324e+00 
3.602324e+00 
3.602324e+00 
3.602324e+00 
3.602324e+00 
3.602324e+00 
3.602324e+00 
3.602324e+00 
3.602324e+00 
3.602324e+00 
3.602324e+00 
3.602324e+00 
3.602324e+00 
3.602324e+00 
3.602324e+00 
3.602324e+00 
3.602324e+00 
3.602324e+00 
3.602324e+00 
3.602324e+00 
3.602324e+00 
3.602324e+00 
3.602324e+00 
3.602324e+00 
3.602324e+00 
3.602324e+00 
3.602324e+00 
3.602324e+00 
3.602324e+00 
3.602324e+00 
3.602324e+00 
3.602324e+00 
3.602324e+00 
3.602324e+00 
3.602324e+00 
3.602324e+00 
3.602324e+00 
3.602324e+00 
3.602324e+00 
3.602324e+00 
3.602324e+00 
3.602324e+00 
3.602324e+00 
3.602324e+00 
3.602324e+00 
3.602324e+00 
3.602324e+00 
3.602324e+00 
3.602324e+00 
3.602324e+00 
3.602324e+00 
3.602324e+00 
3.602324e+00 
3.602324e+00 
3.602324e+00 
3.602324e+00 
3.602324e+00 
3.602324e+00 
3.602324e+00 
3.602324e+00 
3.602324e+00 
3.602324e+00 
3.602324e+00 
3.602324e+00 
3.602324e+00 
3.602324e+00 
3.602324e+00 
3.602324e+00 
3.602324e+00 
3.602324e+00 
3.602324e+00 
3.602324e+00 
3.602324e+00 
3.602324e+00 
3.602324e+00 
3.602324e+00 
3.602324e+00 
3.602324e+00 
3.602324e+00 
3.602324e+00 
3.602324e+00 
3.602324e+00 
3.602324e+00 
3.602324e+00 
3.602324e+00 
3.602324e+00 
3.602324e+00 
3.602324e+00 
3.602324e+00 
3.602324e+00 
3.602324e+00 
3.602324e+00 
3.602324e+00 
3.602324e+00 
3.602324e+00 
3.602324e+00 
3.602324e+00 
3.602324e+00 
3.602324e+00 
3.602324e+00 
3.602324e+00 
3.602324e+00 
3.602324e+00 
3.602324e+00 
3.602324e+00 
3.602324e+00 
3.602324e+00 
3.602324e+00 
3.602324e+00 
3.602324e+00 
3.602324e+00 
3.602324e+00 
3.602324e+00 
3.602324e+00 
3.602324e+00 
3.602324e+00 
3.602324e+00 
3.602324e+00 
3.602324e+00 
3.602324e+00 
3.602324e+00 
3.602324e+00 
3.602324e+00 
3.602324e+00 
3.602324e+00 
3.602324e+00 
3.602324e+00 
3.602324e+00 
3.602324e+00 
3.602324e+00 
3.602324e+00 
3.602324e+00 
3.602324e+00 
3.602324e+00 
3.602324e+00 
3.602324e+00 
3.602324e+00 
3.602324e+00 
3.602324e+00 
3.602324e+00 
3.602324e+00 
3.602324e+00 
3.602324e+00 
3.602324e+00 
3.602324e+00 
3.602324e+00 
3.602324e+00 
3.602324e+00 
3.602324e+00 
3.602324e+00 
3.602324e+00 
3.602324e+00 
3.602324e+00 
3.602324e+00 
3.602324e+00 
3.602324e+00 
3.602324e+00 
3.602324e+00 
3.602324e+00 
3.602324e+00 
3.602324e+00 
3.602324e+00 
3.602324e+00 
3.602324e+00 
3.602324e+00 
3.602324e+00 
3.602324e+00 
3.602324e+00 
3.602324e+00 
3.602324e+00 
3.602324e+00 
3.602324e+00 
3.602324e+00 
3.602324e+00 
3.602324e+00 
3.602324e+00 
3.602324e+00 
3.602324e+00 
3.602324e+00 
3.602324e+00 
3.602324e+00 
3.602324e+00 
3.602324e+00 
3.602324e+00 
3.602324e+00 
3.602324e+00 
3.602324e+00 
3.602324e+00 
3.602324e+00 
3.602324e+00 
3.602324e+00 
3.602324e+00 
3.602324e+00 
3.602324e+00 
3.602324e+00 
3.602324e+00 
3.602324e+00 
3.602324e+00 
3.602324e+00 
3.602324e+00 
3.602324e+00 
3.602324e+00 
3.602324e+00 
3.602324e+00 
3.602324e+00 
3.602324e+00 
3.602324e+00 
3.602324e+00 
3.602324e+00 
3.602324e+00 
3.602324e+00 
3.602324e+00 
3.602324e+00 
3.602324e+00 
3.602324e+00 
3.602324e+00 
3.602324e+00 
3.602324e+00 
3.602324e+00 
3.602324e+00 
3.602324e+00 
3.602324e+00 
3.602324e+00 
3.602324e+00 
3.602324e+00 
3.602324e+00 
3.602324e+00 
3.602324e+00 
3.602324e+00 
3.602324e+00 
3.602324e+00 
3.602324e+00 
3.602324e+00 
3.602324e+00 
3.602324e+00 
3.602324e+00 
3.602324e+00 
3.602324e+00 
3.602324e+00 
3.602324e+00 
3.602324e+00 
3.602324e+00 
3.602324e+00 
3.602324e+00 
3.602324e+00 
3.602324e+00 
3.602324e+00 
3.602324e+00 
3.602324e+00 
3.602324e+00 
3.602324e+00 
3.602324e+00 
3.602324e+00 
3.602324e+00 
3.602324e+00 
3.602324e+00 
3.602324e+00 
3.602324e+00 
3.602324e+00 
3.602324e+00 
3.602324e+00 
3.602324e+00 
3.602324e+00 
3.602324e+00 
3.602324e+00 
3.602324e+00 
3.602324e+00 
3.602324e+00 
3.602324e+00 
3.602324e+00 
3.602324e+00 
3.602324e+00 
3.602324e+00 
3.602324e+00 
3.602324e+00 
3.602324e+00 
3.602324e+00 
3.602324e+00 
3.602324e+00 
3.602324e+00 
3.602324e+00 
3.602324e+00 
3.602324e+00 
3.602324e+00 
3.602324e+00 
3.602324e+00 
3.602324e+00 
3.602324e+00 
3.602324e+00 
3.602324e+00 
3.602324e+00 
3.602324e+00 
3.602324e+00 
3.602324e+00 
3.602324e+00 
3.602324e+00 
3.602324e+00 
3.602324e+00 
3.602324e+00 
3.602324e+00 
3.602324e+00 
3.602324e+00 
3.602324e+00 
3.602324e+00 
3.602324e+00 
3.602324e+00 
3.602324e+00 
3.602324e+00 
3.602324e+00 
3.602324e+00 
3.602324e+00 
3.602324e+00 
3.602324e+00 
3.602324e+00 
3.602324e+00 
3.602324e+00 
3.602324e+00 
3.602324e+00 
3.602324e+00 
3.602324e+00 
3.602324e+00 
3.602324e+00 
3.602324e+00 
3.602324e+00 
3.602324e+00 
3.602324e+00 
3.602324e+00 
3.602324e+00 
3.602324e+00 
3.602324e+00 
3.602324e+00 
3.602324e+00 
3.602324e+00 
3.602324e+00 
3.602324e+00 
3.602324e+00 
3.602324e+00 
3.602324e+00 
3.602324e+00 
3.602324e+00 
3.602324e+00 
3.602324e+00 
3.602324e+00 
3.602324e+00 
3.602324e+00 
3.602324e+00 
3.602324e+00 
3.602324e+00 
3.602324e+00 
3.602324e+00 
3.602324e+00 
3.602324e+00 
3.602324e+00 
3.602324e+00 
3.602324e+00 
3.602324e+00 
3.602324e+00 
3.602324e+00 
3.602324e+00 
3.602324e+00 
3.602324e+00 
3.602324e+00 
3.602324e+00 
3.602324e+00 
3.602324e+00 
3.602324e+00 
3.602324e+00 
3.602324e+00 
3.602324e+00 
3.602324e+00 
3.602324e+00 
3.602324e+00 
3.602324e+00 
3.602324e+00 
3.602324e+00 
3.602324e+00 
3.602324e+00 
3.602324e+00 
3.602324e+00 
3.602324e+00 
3.602324e+00 
3.602324e+00 
3.602324e+00 
3.602324e+00 
3.602324e+00 
3.602324e+00 
3.602324e+00 
3.602324e+00 
3.602324e+00 
3.602324e+00 
3.602324e+00 
3.602324e+00 
3.602324e+00 
3.602324e+00 
3.602324e+00 
3.602324e+00 
3.602324e+00 
3.602324e+00 
3.602324e+00 
3.602324e+00 
3.602324e+00 
3.602324e+00 
3.602324e+00 
3.602324e+00 
3.602324e+00 
3.602324e+00 
3.602324e+00 
3.602324e+00 
3.602324e+00 
3.602324e+00 
3.602324e+00 
3.602324e+00 
3.602324e+00 
3.602324e+00 
3.602324e+00 
3.602324e+00 
3.602324e+00 
3.602324e+00 
3.602324e+00 
3.602324e+00 
3.602324e+00 
3.602324e+00 
3.602324e+00 
3.602324e+00 
3.602324e+00 
3.602324e+00 
3.602324e+00 
3.602324e+00 
3.602324e+00 
3.602324e+00 
3.602324e+00 
3.602324e+00 
3.602324e+00 
3.602324e+00 
3.602324e+00 
3.602324e+00 
3.602324e+00 
3.602324e+00 
3.602324e+00 
3.602324e+00 
3.602324e+00 
3.602324e+00 
3.602324e+00 
3.602324e+00 
3.602324e+00 
3.602324e+00 
3.602324e+00 
3.602324e+00 
3.602324e+00 
3.602324e+00 
3.602324e+00 
3.602324e+00 
3.602324e+00 
3.602324e+00 
3.602324e+00 
3.602324e+00 
3.602324e+00 
3.602324e+00 
3.602324e+00 
3.602324e+00 
3.602324e+00 
3.602324e+00 
3.602324e+00 
3.602324e+00 
3.602324e+00 
3.602324e+00 
3.602324e+00 
3.602324e+00 
3.602324e+00 
3.602324e+00 
3.602324e+00 
3.602324e+00 
3.602324e+00 
3.602324e+00 
3.602324e+00 
3.602324e+00 
3.602324e+00 
3.602324e+00 
3.602324e+00 
3.602324e+00 
3.602324e+00 
3.602324e+00 
3.602324e+00 
3.602324e+00 
3.602324e+00 
3.602324e+00 
3.602324e+00 
3.602324e+00 
3.602324e+00 
3.602324e+00 
3.602324e+00 
3.602324e+00 
3.602324e+00 
3.602324e+00 
3.602324e+00 
3.602324e+00 
3.602324e+00 
3.602324e+00 
3.602324e+00 
3.602324e+00 
3.602324e+00 
3.602324e+00 
3.602324e+00 
3.602324e+00 
3.602324e+00 
3.602324e+00 
3.602324e+00 
3.602324e+00 
3.602324e+00 
3.602324e+00 
3.602324e+00 
3.602324e+00 
3.602324e+00 
3.602324e+00 
3.602324e+00 
3.602324e+00 
3.602324e+00 
3.602324e+00 
3.602324e+00 
3.602324e+00 
3.602324e+00 
3.602324e+00 
3.602324e+00 
3.602324e+00 
3.602324e+00 
3.602324e+00 
3.602324e+00 
3.602324e+00 
3.602324e+00 
3.602324e+00 
3.602324e+00 
3.602324e+00 
3.602324e+00 
3.602324e+00 
3.602324e+00 
3.602324e+00 
3.602324e+00 
3.602324e+00 
3.602324e+00 
3.602324e+00 
3.602324e+00 
3.602324e+00 
3.602324e+00 
3.602324e+00 
3.602324e+00 
3.602324e+00 
3.602324e+00 
3.602324e+00 
3.602324e+00 
3.602324e+00 
3.602324e+00 
3.602324e+00 
3.602324e+00 
3.602324e+00 
3.602324e+00 
3.602324e+00 
3.602324e+00 
3.602324e+00 
3.602324e+00 
3.602324e+00 
3.602324e+00 
3.602324e+00 
3.602324e+00 
3.602324e+00 
3.602324e+00 
3.602324e+00 
3.602324e+00 
3.602324e+00 
3.602324e+00 
3.602324e+00 
3.602324e+00 
3.602324e+00 
3.602324e+00 
3.602324e+00 
3.602324e+00 
3.602324e+00 
3.602324e+00 
3.602324e+00 
3.602324e+00 
3.602324e+00 
3.602324e+00 
3.602324e+00 
3.602324e+00 
3.602324e+00 
3.602324e+00 
3.602324e+00 
3.602324e+00 
3.602324e+00 
3.602324e+00 
3.602324e+00 
3.602324e+00 
3.602324e+00 
3.602324e+00 
3.602324e+00 
3.602324e+00 
3.602324e+00 
3.602324e+00 
3.602324e+00 
3.602324e+00 
3.602324e+00 
3.602324e+00 
3.602324e+00 
3.602324e+00 
3.602324e+00 
3.602324e+00 
3.602324e+00 
3.602324e+00 
3.602324e+00 
3.602324e+00 
3.602324e+00 
3.602324e+00 
3.602324e+00 
3.602324e+00 
3.602324e+00 
3.602324e+00 
3.602324e+00 
3.602324e+00 
3.602324e+00 
3.602324e+00 
3.602324e+00 
3.602324e+00 
3.602324e+00 
3.602324e+00 
3.602324e+00 
3.602324e+00 
3.602324e+00 
3.602324e+00 
3.602324e+00 
3.602324e+00 
3.602324e+00 
3.602324e+00 
3.602324e+00 
3.602324e+00 
3.602324e+00 
3.602324e+00 
3.602324e+00 
3.602324e+00 
3.602324e+00 
3.602324e+00 
3.602324e+00 
3.602324e+00 
3.602324e+00 
3.602324e+00 
3.602324e+00 
3.602324e+00 
3.602324e+00 
3.602324e+00 
3.602324e+00 
3.602324e+00 
3.602324e+00 
3.602324e+00 
3.602324e+00 
3.602324e+00 
3.602324e+00 
3.602324e+00 
3.602324e+00 
3.602324e+00 
3.602324e+00 
3.602324e+00 
3.602324e+00 
3.602324e+00 
3.602324e+00 
3.602324e+00 
3.602324e+00 
3.602324e+00 
3.602324e+00 
3.602324e+00 
3.602324e+00 
3.602324e+00 
3.602324e+00 
3.602324e+00 
3.602324e+00 
3.602324e+00 
3.602324e+00 
3.602324e+00 
3.602324e+00 
3.602324e+00 
3.602324e+00 
3.602324e+00 
3.602324e+00 
3.602324e+00 
3.602324e+00 
3.602324e+00 
3.602324e+00 
3.602324e+00 
3.602324e+00 
3.602324e+00 
3.602324e+00 
3.602324e+00 
3.602324e+00 
3.602324e+00 
3.602324e+00 
3.602324e+00 
3.602324e+00 
3.602324e+00 
3.602324e+00 
3.602324e+00 
3.602324e+00 
3.602324e+00 
3.602324e+00 
3.602324e+00 
3.602324e+00 
3.602324e+00 
3.602324e+00 
3.602324e+00 
3.602324e+00 
3.602324e+00 
3.602324e+00 
3.602324e+00 
3.602324e+00 
3.602324e+00 
3.602324e+00 
3.602324e+00 
3.602324e+00 
3.602324e+00 
3.602324e+00 
3.602324e+00 
3.602324e+00 
3.602324e+00 
3.602324e+00 
3.602324e+00 
3.602324e+00 
3.602324e+00 
3.602324e+00 
3.602324e+00 
3.602324e+00 
3.602324e+00 
3.602324e+00 
3.602324e+00 
3.602324e+00 
3.602324e+00 
3.602324e+00 
3.602324e+00 
3.602324e+00 
3.602324e+00 
3.602324e+00 
3.602324e+00 
3.602324e+00 
3.602324e+00 
3.602324e+00 
3.602324e+00 
3.602324e+00 
3.602324e+00 
3.602324e+00 
3.602324e+00 
3.602324e+00 
3.602324e+00 
3.602324e+00 
3.602324e+00 
3.602324e+00 
3.602324e+00 
3.602324e+00 
3.602324e+00 
3.602324e+00 
3.602324e+00 
3.602324e+00 
3.602324e+00 
3.602324e+00 
3.602324e+00 
3.602324e+00 
3.602324e+00 
3.602324e+00 
3.602324e+00 
3.602324e+00 
3.602324e+00 
3.602324e+00 
3.602324e+00 
3.602324e+00 
3.602324e+00 
3.602324e+00 
3.602324e+00 
3.602324e+00 
3.602324e+00 
3.602324e+00 
3.602324e+00 
3.602324e+00 
3.602324e+00 
3.602324e+00 
3.602324e+00 
3.602324e+00 
3.602324e+00 
3.602324e+00 
3.602324e+00 
3.602324e+00 
3.602324e+00 
3.602324e+00 
3.602324e+00 
3.602324e+00 
3.602324e+00 
3.602324e+00 
3.602324e+00 
3.602324e+00 
3.602324e+00 
3.602324e+00 
3.602324e+00 
3.602324e+00 
3.602324e+00 
3.602324e+00 
3.602324e+00 
3.602324e+00 
3.602324e+00 
3.602324e+00 
3.602324e+00 
3.602324e+00 
3.602324e+00 
3.602324e+00 
3.602324e+00 
3.602324e+00 
3.602324e+00 
3.602324e+00 
3.602324e+00 
3.602324e+00 
3.602324e+00 
3.602324e+00 
3.602324e+00 
3.602324e+00 
3.602324e+00 
3.602324e+00 
3.602324e+00 
3.602324e+00 
3.602324e+00 
3.602324e+00 
3.602324e+00 
3.602324e+00 
3.602324e+00 
3.602324e+00 
3.602324e+00 
3.602324e+00 
3.602324e+00 
3.602324e+00 
3.602324e+00 
3.602324e+00 
3.602324e+00 
3.602324e+00 
3.602324e+00 
3.602324e+00 
3.602324e+00 
3.602324e+00 
3.602324e+00 
3.602324e+00 
3.602324e+00 
3.602324e+00 
3.602324e+00 
3.602324e+00 
3.602324e+00 
3.602324e+00 
3.602324e+00 
3.602324e+00 
3.602324e+00 
3.602324e+00 
3.602324e+00 
3.602324e+00 
3.602324e+00 
3.602324e+00 
3.602324e+00 
3.602324e+00 
3.602324e+00 
3.602324e+00 
3.602324e+00 
3.602324e+00 
3.602324e+00 
3.602324e+00 
3.602324e+00 
3.602324e+00 
3.602324e+00 
3.602324e+00 
3.602324e+00 
3.602324e+00 
3.602324e+00 
3.602324e+00 
3.602324e+00 
3.602324e+00 
3.602324e+00 
3.602324e+00 
3.602324e+00 
3.602324e+00 
3.602324e+00 
3.602324e+00 
3.602324e+00 
3.602324e+00 
3.602324e+00 
3.602324e+00 
3.602324e+00 
3.602324e+00 
3.602324e+00 
3.602324e+00 
3.602324e+00 
3.602324e+00 
3.602324e+00 
3.602324e+00 
3.602324e+00 
3.602324e+00 
3.602324e+00 
3.602324e+00 
3.602324e+00 
3.602324e+00 
3.602324e+00 
3.602324e+00 
3.602324e+00 
3.602324e+00 
3.602324e+00 
3.602324e+00 
3.602324e+00 
3.602324e+00 
3.602324e+00 
3.602324e+00 
3.602324e+00 
3.602324e+00 
3.602324e+00 
3.602324e+00 
3.602324e+00 
3.602324e+00 
3.602324e+00 
3.602324e+00 
3.602324e+00 
3.602324e+00 
3.602324e+00 
3.602324e+00 
3.602324e+00 
3.602324e+00 
3.602324e+00 
3.602324e+00 
3.602324e+00 
3.602324e+00 
3.602324e+00 
3.602324e+00 
3.602324e+00 
3.602324e+00 
3.602324e+00 
3.602324e+00 
3.602324e+00 
3.602324e+00 
3.602324e+00 
3.602324e+00 
3.602324e+00 
3.602324e+00 
3.602324e+00 
3.602324e+00 
3.602324e+00 
3.602324e+00 
3.602324e+00 
3.602324e+00 
3.602324e+00 
3.602324e+00 
3.602324e+00 
3.602324e+00 
3.602324e+00 
3.602324e+00 
3.602324e+00 
3.602324e+00 
3.602324e+00 
3.602324e+00 
3.602324e+00 
3.602324e+00 
3.602324e+00 
3.602324e+00 
3.602324e+00 
3.602324e+00 
3.602324e+00 
3.602324e+00 
3.602324e+00 
3.602324e+00 
3.602324e+00 
3.602324e+00 
3.602324e+00 
3.602324e+00 
3.602324e+00 
3.602324e+00 
3.602324e+00 
3.602324e+00 
3.602324e+00 
3.602324e+00 
3.602324e+00 
3.602324e+00 
3.602324e+00 
3.602324e+00 
3.602324e+00 
3.602324e+00 
3.602324e+00 
3.602324e+00 
3.602324e+00 
3.602324e+00 
3.602324e+00 
3.602324e+00 
3.602324e+00 
3.602324e+00 
3.602324e+00 
3.602324e+00 
3.602324e+00 
3.602324e+00 
3.602324e+00 
3.602324e+00 
3.602324e+00 
3.602324e+00 
3.602324e+00 
3.602324e+00 
3.602324e+00 
3.602324e+00 
3.602324e+00 
3.602324e+00 
3.602324e+00 
3.602324e+00 
3.602324e+00 
3.602324e+00 
3.602324e+00 
3.602324e+00 
3.602324e+00 
3.602324e+00 
3.602324e+00 
3.602324e+00 
3.602324e+00 
3.602324e+00 
3.602324e+00 
3.602324e+00 
3.602324e+00 
3.602324e+00 
3.602324e+00 
3.602324e+00 
3.602324e+00 
3.602324e+00 
3.602324e+00 
3.602324e+00 
3.602324e+00 
3.602324e+00 
3.602324e+00 
3.602324e+00 
3.602324e+00 
3.602324e+00 
3.602324e+00 
3.602324e+00 
3.602324e+00 
3.602324e+00 
3.602324e+00 
3.602324e+00 
3.602324e+00 
3.602324e+00 
3.602324e+00 
3.602324e+00 
3.602324e+00 
3.602324e+00 
3.602324e+00 
3.602324e+00 
3.602324e+00 
3.602324e+00 
3.602324e+00 
3.602324e+00 
3.602324e+00 
3.602324e+00 
3.602324e+00 
3.602324e+00 
3.602324e+00 
3.602324e+00 
3.602324e+00 
3.602324e+00 
3.602324e+00 
3.602324e+00 
3.602324e+00 
3.602324e+00 
3.602324e+00 
3.602324e+00 
3.602324e+00 
3.602324e+00 
3.602324e+00 
3.602324e+00 
3.602324e+00 
3.602324e+00 
3.602324e+00 
3.602324e+00 
3.602324e+00 
3.602324e+00 
3.602324e+00 
3.602324e+00 
3.602324e+00 
3.602324e+00 
3.602324e+00 
3.602324e+00 
3.602324e+00 
3.602324e+00 
3.602324e+00 
3.602324e+00 
3.602324e+00 
3.602324e+00 
3.602324e+00 
3.602324e+00 
3.602324e+00 
3.602324e+00 
3.602324e+00 
3.602324e+00 
3.602324e+00 
3.602324e+00 
3.602324e+00 
3.602324e+00 
3.602324e+00 
3.602324e+00 
3.602324e+00 
3.602324e+00 
3.602324e+00 
3.602324e+00 
3.602324e+00 
3.602324e+00 
3.602324e+00 
3.602324e+00 
3.602324e+00 
3.602324e+00 
3.602324e+00 
3.602324e+00 
3.602324e+00 
3.602324e+00 
3.602324e+00 
3.602324e+00 
3.602324e+00 
3.602324e+00 
3.602324e+00 
3.602324e+00 
3.602324e+00 
3.602324e+00 
3.602324e+00 
3.602324e+00 
3.602324e+00 
3.602324e+00 
3.602324e+00 
3.602324e+00 
3.602324e+00 
3.602324e+00 
3.602324e+00 
3.602324e+00 
3.602324e+00 
3.602324e+00 
3.602324e+00 
3.602324e+00 
3.602324e+00 
3.602324e+00 
3.602324e+00 
3.602324e+00 
3.602324e+00 
3.602324e+00 
3.602324e+00 
3.602324e+00 
3.602324e+00 
3.602324e+00 
3.602324e+00 
3.602324e+00 
3.602324e+00 
3.602324e+00 
3.602324e+00 
3.602324e+00 
3.602324e+00 
3.602324e+00 
3.602324e+00 
3.602324e+00 
3.602324e+00 
3.602324e+00 
3.602324e+00 
3.602324e+00 
3.602324e+00 
3.602324e+00 
3.602324e+00 
3.602324e+00 
3.602324e+00 
3.602324e+00 
3.602324e+00 
3.602324e+00 
3.602324e+00 
3.602324e+00 
3.602324e+00 
3.602324e+00 
3.602324e+00 
3.602324e+00 
3.602324e+00 
3.602324e+00 
3.602324e+00 
3.602324e+00 
3.602324e+00 
3.602324e+00 
3.602324e+00 
3.602324e+00 
3.602324e+00 
3.602324e+00 
3.602324e+00 
3.602324e+00 
3.602324e+00 
3.602324e+00 
3.602324e+00 
3.602324e+00 
3.602324e+00 
3.602324e+00 
3.602324e+00 
3.602324e+00 
3.602324e+00 
3.602324e+00 
3.602324e+00 
3.602324e+00 
3.602324e+00 
3.602324e+00 
3.602324e+00 
3.602324e+00 
3.602324e+00 
3.602324e+00 
3.602324e+00 
3.602324e+00 
3.602324e+00 
3.602324e+00 
3.602324e+00 
3.602324e+00 
3.602324e+00 
3.602324e+00 
3.602324e+00 
3.602324e+00 
3.602324e+00 
3.602324e+00 
3.602324e+00 
3.602324e+00 
3.602324e+00 
3.602324e+00 
3.602324e+00 
3.602324e+00 
3.602324e+00 
3.602324e+00 
3.602324e+00 
3.602324e+00 
3.602324e+00 
3.602324e+00 
3.602324e+00 
3.602324e+00 
3.602324e+00 
3.602324e+00 
3.602324e+00 
3.602324e+00 
3.602324e+00 
3.602324e+00 
3.602324e+00 
3.602324e+00 
3.602324e+00 
3.602324e+00 
3.602324e+00 
3.602324e+00 
3.602324e+00 
3.602324e+00 
3.602324e+00 
3.602324e+00 
3.602324e+00 
3.602324e+00 
3.602324e+00 
3.602324e+00 
3.602324e+00 
3.602324e+00 
3.602324e+00 
3.602324e+00 
3.602324e+00 
3.602324e+00 
3.602324e+00 
3.602324e+00 
3.602324e+00 
3.602324e+00 
3.602324e+00 
3.602324e+00 
3.602324e+00 
3.602324e+00 
3.602324e+00 
3.602324e+00 
3.602324e+00 
3.602324e+00 
3.602324e+00 
3.602324e+00 
3.602324e+00 
3.602324e+00 
3.602324e+00 
3.602324e+00 
3.602324e+00 
3.602324e+00 
3.602324e+00 
3.602324e+00 
3.602324e+00 
3.602324e+00 
3.602324e+00 
3.602324e+00 
3.602324e+00 
3.602324e+00 
3.602324e+00 
3.602324e+00 
3.602324e+00 
3.602324e+00 
3.602324e+00 
3.602324e+00 
3.602324e+00 
3.602324e+00 
3.602324e+00 
3.602324e+00 
3.602324e+00 
3.602324e+00 
3.602324e+00 
3.602324e+00 
3.602324e+00 
3.602324e+00 
3.602324e+00 
3.602324e+00 
3.602324e+00 
3.602324e+00 
3.602324e+00 
3.602324e+00 
3.602324e+00 
3.602324e+00 
3.602324e+00 
3.602324e+00 
3.602324e+00 
3.602324e+00 
3.602324e+00 
3.602324e+00 
3.602324e+00 
3.602324e+00 
3.602324e+00 
3.602324e+00 
3.602324e+00 
3.602324e+00 
3.602324e+00 
3.602324e+00 
3.602324e+00 
3.602324e+00 
3.602324e+00 
3.602324e+00 
3.602324e+00 
3.602324e+00 
3.602324e+00 
3.602324e+00 
3.602324e+00 
3.602324e+00 
3.602324e+00 
3.602324e+00 
3.602324e+00 
3.602324e+00 
3.602324e+00 
3.602324e+00 
3.602324e+00 
3.602324e+00 
3.602324e+00 
3.602324e+00 
3.602324e+00 
3.602324e+00 
3.602324e+00 
3.602324e+00 
3.602324e+00 
3.602324e+00 
3.602324e+00 
3.602324e+00 
3.602324e+00 
3.602324e+00 
3.602324e+00 
3.602324e+00 
3.602324e+00 
3.602324e+00 
3.602324e+00 
3.602324e+00 
3.602324e+00 
3.602324e+00 
3.602324e+00 
3.602324e+00 
3.602324e+00 
3.602324e+00 
3.602324e+00 
3.602324e+00 
3.602324e+00 
3.602324e+00 
3.602324e+00 
3.602324e+00 
3.602324e+00 
3.602324e+00 
3.602324e+00 
3.602324e+00 
3.602324e+00 
3.602324e+00 
3.602324e+00 
3.602324e+00 
3.602324e+00 
3.602324e+00 
3.602324e+00 
3.602324e+00 
3.602324e+00 
3.602324e+00 
3.602324e+00 
3.602324e+00 
3.602324e+00 
3.602324e+00 
3.602324e+00 
3.602324e+00 
3.602324e+00 
3.602324e+00 
3.602324e+00 
3.602324e+00 
3.602324e+00 
3.602324e+00 
3.602324e+00 
3.602324e+00 
3.602324e+00 
3.602324e+00 
3.602324e+00 
3.602324e+00 
3.602324e+00 
3.602324e+00 
3.602324e+00 
3.602324e+00 
3.602324e+00 
3.602324e+00 
3.602324e+00 
3.602324e+00 
3.602324e+00 
3.602324e+00 
3.602324e+00 
3.602324e+00 
3.602324e+00 
3.602324e+00 
3.602324e+00 
3.602324e+00 
3.602324e+00 
3.602324e+00 
3.602324e+00 
3.602324e+00 
3.602324e+00 
3.602324e+00 
3.602324e+00 
3.602324e+00 
3.602324e+00 
3.602324e+00 
3.602324e+00 
3.602324e+00 
3.602324e+00 
3.602324e+00 
3.602324e+00 
3.602324e+00 
3.602324e+00 
3.602324e+00 
3.602324e+00 
3.602324e+00 
3.602324e+00 
3.602324e+00 
3.602324e+00 
3.602324e+00 
3.602324e+00 
3.602324e+00 
3.602324e+00 
3.602324e+00 
3.602324e+00 
3.602324e+00 
3.602324e+00 
3.602324e+00 
3.602324e+00 
3.602324e+00 
3.602324e+00 
3.602324e+00 
3.602324e+00 
3.602324e+00 
3.602324e+00 
3.602324e+00 
3.602324e+00 
3.602324e+00 
3.602324e+00 
3.602324e+00 
3.602324e+00 
3.602324e+00 
3.602324e+00 
3.602324e+00 
3.602324e+00 
3.602324e+00 
3.602324e+00 
3.602324e+00 
3.602324e+00 
3.602324e+00 
3.602324e+00 
3.602324e+00 
3.602324e+00 
3.602324e+00 
3.602324e+00 
3.602324e+00 
3.602324e+00 
3.602324e+00 
3.602324e+00 
3.602324e+00 
3.602324e+00 
3.602324e+00 
3.602324e+00 
3.602324e+00 
3.602324e+00 
3.602324e+00 
3.602324e+00 
3.602324e+00 
3.602324e+00 
3.602324e+00 
3.602324e+00 
3.602324e+00 
3.602324e+00 
3.602324e+00 
3.602324e+00 
3.602324e+00 
3.602324e+00 
3.602324e+00 
3.602324e+00 
3.602324e+00 
3.602324e+00 
3.602324e+00 
3.602324e+00 
3.602324e+00 
3.602324e+00 
3.602324e+00 
3.602324e+00 
3.602324e+00 
3.602324e+00 
3.602324e+00 
3.602324e+00 
3.602324e+00 
3.602324e+00 
3.602324e+00 
3.602324e+00 
3.602324e+00 
3.602324e+00 
3.602324e+00 
3.602324e+00 
3.602324e+00 
3.602324e+00 
3.602324e+00 
3.602324e+00 
3.602324e+00 
3.602324e+00 
3.602324e+00 
3.602324e+00 
3.602324e+00 
3.602324e+00 
3.602324e+00 
3.602324e+00 
3.602324e+00 
3.602324e+00 
3.602324e+00 
3.602324e+00 
3.602324e+00 
3.602324e+00 
3.602324e+00 
3.602324e+00 
3.602324e+00 
3.602324e+00 
3.602324e+00 
3.602324e+00 
3.602324e+00 
3.602324e+00 
3.602324e+00 
3.602324e+00 
3.602324e+00 
3.602324e+00 
3.602324e+00 
3.602324e+00 
3.602324e+00 
3.602324e+00 
3.602324e+00 
3.602324e+00 
3.602324e+00 
3.602324e+00 
3.602324e+00 
3.602324e+00 
3.602324e+00 
3.602324e+00 
3.602324e+00 
3.602324e+00 
3.602324e+00 
3.602324e+00 
3.602324e+00 
3.602324e+00 
3.602324e+00 
3.602324e+00 
3.602324e+00 
3.602324e+00 
3.602324e+00 
3.602324e+00 
3.602324e+00 
3.602324e+00 
3.602324e+00 
3.602324e+00 
3.602324e+00 
3.602324e+00 
3.602324e+00 
3.602324e+00 
3.602324e+00 
3.602324e+00 
3.602324e+00 
3.602324e+00 
3.602324e+00 
3.602324e+00 
3.602324e+00 
3.602324e+00 
3.602324e+00 
3.602324e+00 
3.602324e+00 
3.602324e+00 
3.602324e+00 
3.602324e+00 
3.602324e+00 
3.602324e+00 
3.602324e+00 
3.602324e+00 
3.602324e+00 
3.602324e+00 
3.602324e+00 
3.602324e+00 
3.602324e+00 
3.602324e+00 
3.602324e+00 
3.602324e+00 
3.602324e+00 
3.602324e+00 
3.602324e+00 
3.602324e+00 
3.602324e+00 
3.602324e+00 
3.602324e+00 
3.602324e+00 
3.602324e+00 
3.602324e+00 
3.602324e+00 
3.602324e+00 
3.602324e+00 
3.602324e+00 
3.602324e+00 
3.602324e+00 
3.602324e+00 
3.602324e+00 
3.602324e+00 
3.602324e+00 
3.602324e+00 
3.602324e+00 
3.602324e+00 
3.602324e+00 
3.602324e+00 
3.602324e+00 
3.602324e+00 
3.602324e+00 
3.602324e+00 
3.602324e+00 
3.602324e+00 
3.602324e+00 
3.602324e+00 
3.602324e+00 
3.602324e+00 
3.602324e+00 
3.602324e+00 
3.602324e+00 
3.602324e+00 
3.602324e+00 
3.602324e+00 
3.602324e+00 
3.602324e+00 
3.602324e+00 
3.602324e+00 
3.602324e+00 
3.602324e+00 
3.602324e+00 
3.602324e+00 
3.602324e+00 
3.602324e+00 
3.602324e+00 
3.602324e+00 
3.602324e+00 
3.602324e+00 
3.602324e+00 
3.602324e+00 
3.602324e+00 
3.602324e+00 
3.602324e+00 
3.602324e+00 
3.602324e+00 
3.602324e+00 
3.602324e+00 
3.602324e+00 
3.602324e+00 
3.602324e+00 
3.602324e+00 
3.602324e+00 
3.602324e+00 
3.602324e+00 
3.602324e+00 
3.602324e+00 
3.602324e+00 
3.602324e+00 
3.602324e+00 
3.602324e+00 
3.602324e+00 
3.602324e+00 
3.602324e+00 
3.602324e+00 
3.602324e+00 
3.602324e+00 
3.602324e+00 
3.602324e+00 
3.602324e+00 
3.602324e+00 
3.602324e+00 
3.602324e+00 
3.602324e+00 
3.602324e+00 
3.602324e+00 
3.602324e+00 
3.602324e+00 
3.602324e+00 
3.602324e+00 
3.602324e+00 
3.602324e+00 
3.602324e+00 
3.602324e+00 
3.602324e+00 
3.602324e+00 
3.602324e+00 
3.602324e+00 
3.602324e+00 
3.602324e+00 
3.602324e+00 
3.602324e+00 
3.602324e+00 
3.602324e+00 
3.602324e+00 
3.602324e+00 
3.602324e+00 
3.602324e+00 
3.602324e+00 
3.602324e+00 
3.602324e+00 
3.602324e+00 
3.602324e+00 
3.602324e+00 
3.602324e+00 
3.602324e+00 
3.602324e+00 
3.602324e+00 
3.602324e+00 
3.602324e+00 
3.602324e+00 
3.602324e+00 
3.602324e+00 
3.602324e+00 
3.602324e+00 
3.602324e+00 
3.602324e+00 
3.602324e+00 
3.602324e+00 
3.602324e+00 
3.602324e+00 
3.602324e+00 
3.602324e+00 
3.602324e+00 
3.602324e+00 
3.602324e+00 
3.602324e+00 
3.602324e+00 
3.602324e+00 
3.602324e+00 
3.602324e+00 
3.602324e+00 
3.602324e+00 
3.602324e+00 
3.602324e+00 
3.602324e+00 
3.602324e+00 
3.602324e+00 
3.602324e+00 
3.602324e+00 
3.602324e+00 
3.602324e+00 
3.602324e+00 
3.602324e+00 
3.602324e+00 
3.602324e+00 
3.602324e+00 
3.602324e+00 
3.602324e+00 
3.602324e+00 
3.602324e+00 
3.602324e+00 
3.602324e+00 
3.602324e+00 
3.602324e+00 
3.602324e+00 
3.602324e+00 
3.602324e+00 
3.602324e+00 
3.602324e+00 
3.602324e+00 
3.602324e+00 
3.602324e+00 
3.602324e+00 
3.602324e+00 
3.602324e+00 
3.602324e+00 
3.602324e+00 
3.602324e+00 
3.602324e+00 
3.602324e+00 
3.602324e+00 
3.602324e+00 
3.602324e+00 
3.602324e+00 
3.602324e+00 
3.602324e+00 
3.602324e+00 
3.602324e+00 
3.602324e+00 
3.602324e+00 
3.602324e+00 
3.602324e+00 
3.602324e+00 
3.602324e+00 
3.602324e+00 
3.602324e+00 
3.602324e+00 
3.602324e+00 
3.602324e+00 
3.602324e+00 
3.602324e+00 
3.602324e+00 
3.602324e+00 
3.602324e+00 
3.602324e+00 
3.602324e+00 
3.602324e+00 
3.602324e+00 
3.602324e+00 
3.602324e+00 
3.602324e+00 
3.602324e+00 
3.602324e+00 
3.602324e+00 
3.602324e+00 
3.602324e+00 
3.602324e+00 
3.602324e+00 
3.602324e+00 
3.602324e+00 
3.602324e+00 
3.602324e+00 
3.602324e+00 
3.602324e+00 
3.602324e+00 
3.602324e+00 
3.602324e+00 
3.602324e+00 
3.602324e+00 
3.602324e+00 
3.602324e+00 
3.602324e+00 
3.602324e+00 
3.602324e+00 
3.602324e+00 
3.602324e+00 
3.602324e+00 
3.602324e+00 
3.602324e+00 
3.602324e+00 
3.602324e+00 
3.602324e+00 
3.602324e+00 
3.602324e+00 
3.602324e+00 
3.602324e+00 
3.602324e+00 
3.602324e+00 
3.602324e+00 
3.602324e+00 
3.602324e+00 
3.602324e+00 
3.602324e+00 
3.602324e+00 
3.602324e+00 
3.602324e+00 
3.602324e+00 
3.602324e+00 
3.602324e+00 
3.602324e+00 
3.602324e+00 
3.602324e+00 
3.602324e+00 
3.602324e+00 
3.602324e+00 
3.602324e+00 
3.602324e+00 
3.602324e+00 
3.602324e+00 
3.602324e+00 
3.602324e+00 
3.602324e+00 
3.602324e+00 
3.602324e+00 
3.602324e+00 
3.602324e+00 
3.602324e+00 
3.602324e+00 
3.602324e+00 
3.602324e+00 
3.602324e+00 
3.602324e+00 
3.602324e+00 
3.602324e+00 
3.602324e+00 
3.602324e+00 
3.602324e+00 
3.602324e+00 
3.602324e+00 
3.602324e+00 
3.602324e+00 
3.602324e+00 
3.602324e+00 
3.602324e+00 
3.602324e+00 
3.602324e+00 
3.602324e+00 
3.602324e+00 
3.602324e+00 
3.602324e+00 
3.602324e+00 
3.602324e+00 
3.602324e+00 
3.602324e+00 
3.602324e+00 
3.602324e+00 
3.602324e+00 
3.602324e+00 
3.602324e+00 
3.602324e+00 
3.602324e+00 
3.602324e+00 
3.602324e+00 
3.602324e+00 
3.602324e+00 
3.602324e+00 
3.602324e+00 
3.602324e+00 
3.602324e+00 
3.602324e+00 
3.602324e+00 
3.602324e+00 
3.602324e+00 
3.602324e+00 
3.602324e+00 
3.602324e+00 
3.602324e+00 
3.602324e+00 
3.602324e+00 
3.602324e+00 
3.602324e+00 
3.602324e+00 
3.602324e+00 
3.602324e+00 
3.602324e+00 
3.602324e+00 
3.602324e+00 
3.602324e+00 
3.602324e+00 
3.602324e+00 
3.602324e+00 
3.602324e+00 
3.602324e+00 
3.602324e+00 
3.602324e+00 
3.602324e+00 
3.602324e+00 
3.602324e+00 
3.602324e+00 
3.602324e+00 
3.602324e+00 
3.602324e+00 
3.602324e+00 
3.602324e+00 
3.602324e+00 
3.602324e+00 
3.602324e+00 
3.602324e+00 
3.602324e+00 
3.602324e+00 
3.602324e+00 
3.602324e+00 
3.602324e+00 
3.602324e+00 
3.602324e+00 
3.602324e+00 
3.602324e+00 
3.602324e+00 
3.602324e+00 
3.602324e+00 
3.602324e+00 
3.602324e+00 
3.602324e+00 
3.602324e+00 
3.602324e+00 
3.602324e+00 
3.602324e+00 
3.602324e+00 
3.602324e+00 
3.602324e+00 
3.602324e+00 
3.602324e+00 
3.602324e+00 
3.602324e+00 
3.602324e+00 
3.602324e+00 
3.602324e+00 
3.602324e+00 
3.602324e+00 
3.602324e+00 
3.602324e+00 
3.602324e+00 
3.602324e+00 
3.602324e+00 
3.602324e+00 
3.602324e+00 
3.602324e+00 
3.602324e+00 
3.602324e+00 
3.602324e+00 
3.602324e+00 
3.602324e+00 
3.602324e+00 
3.602324e+00 
3.602324e+00 
3.602324e+00 
3.602324e+00 
3.602324e+00 
3.602324e+00 
3.602324e+00 
3.602324e+00 
3.602324e+00 
3.602324e+00 
3.602324e+00 
3.602324e+00 
3.602324e+00 
3.602324e+00 
3.602324e+00 
3.602324e+00 
3.602324e+00 
3.602324e+00 
3.602324e+00 
3.602324e+00 
3.602324e+00 
3.602324e+00 
3.602324e+00 
3.602324e+00 
3.602324e+00 
3.602324e+00 
3.602324e+00 
3.602324e+00 
3.602324e+00 
3.602324e+00 
3.602324e+00 
3.602324e+00 
3.602324e+00 
3.602324e+00 
3.602324e+00 
3.602324e+00 
3.602324e+00 
3.602324e+00 
3.602324e+00 
3.602324e+00 
3.602324e+00 
3.602324e+00 
3.602324e+00 
3.602324e+00 
3.602324e+00 
3.602324e+00 
3.602324e+00 
3.602324e+00 
3.602324e+00 
3.602324e+00 
3.602324e+00 
3.602324e+00 
3.602324e+00 
3.602324e+00 
3.602324e+00 
3.602324e+00 
3.602324e+00 
3.602324e+00 
3.602324e+00 
3.602324e+00 
3.602324e+00 
3.602324e+00 
3.602324e+00 
3.602324e+00 
3.602324e+00 
3.602324e+00 
3.602324e+00 
3.602324e+00 
3.602324e+00 
3.602324e+00 
3.602324e+00 
3.602324e+00 
3.602324e+00 
3.602324e+00 
3.602324e+00 
3.602324e+00 
3.602324e+00 
3.602324e+00 
3.602324e+00 
3.602324e+00 
3.602324e+00 
3.602324e+00 
3.602324e+00 
3.602324e+00 
3.602324e+00 
3.602324e+00 
3.602324e+00 
3.602324e+00 
3.602324e+00 
3.602324e+00 
3.602324e+00 
3.602324e+00 
3.602324e+00 
3.602324e+00 
3.602324e+00 
3.602324e+00 
3.602324e+00 
3.602324e+00 
3.602324e+00 
3.602324e+00 
3.602324e+00 
3.602324e+00 
3.602324e+00 
3.602324e+00 
3.602324e+00 
3.602324e+00 
3.602324e+00 
3.602324e+00 
3.602324e+00 
3.602324e+00 
3.602324e+00 
3.602324e+00 
3.602324e+00 
3.602324e+00 
3.602324e+00 
3.602324e+00 
3.602324e+00 
3.602324e+00 
3.602324e+00 
3.602324e+00 
3.602324e+00 
3.602324e+00 
3.602324e+00 
3.602324e+00 
3.602324e+00 
3.602324e+00 
3.602324e+00 
3.602324e+00 
3.602324e+00 
3.602324e+00 
3.602324e+00 
3.602324e+00 
3.602324e+00 
3.602324e+00 
3.602324e+00 
3.602324e+00 
3.602324e+00 
3.602324e+00 
3.602324e+00 
3.602324e+00 
3.602324e+00 
3.602324e+00 
3.602324e+00 
3.602324e+00 
3.602324e+00 
3.602324e+00 
3.602324e+00 
3.602324e+00 
3.602324e+00 
3.602324e+00 
3.602324e+00 
3.602324e+00 
3.602324e+00 
3.602324e+00 
3.602324e+00 
3.602324e+00 
3.602324e+00 
3.602324e+00 
3.602324e+00 
3.602324e+00 
3.602324e+00 
3.602324e+00 
3.602324e+00 
3.602324e+00 
3.602324e+00 
3.602324e+00 
3.602324e+00 
3.602324e+00 
3.602324e+00 
3.602324e+00 
3.602324e+00 
3.602324e+00 
3.602324e+00 
3.602324e+00 
3.602324e+00 
3.602324e+00 
3.602324e+00 
3.602324e+00 
3.602324e+00 
3.602324e+00 
3.602324e+00 
3.602324e+00 
3.602324e+00 
3.602324e+00 
3.602324e+00 
3.602324e+00 
3.602324e+00 
3.602324e+00 
3.602324e+00 
3.602324e+00 
3.602324e+00 
3.602324e+00 
3.602324e+00 
3.602324e+00 
3.602324e+00 
3.602324e+00 
3.602324e+00 
3.602324e+00 
3.602324e+00 
3.602324e+00 
3.602324e+00 
3.602324e+00 
3.602324e+00 
3.602324e+00 
3.602324e+00 
3.602324e+00 
3.602324e+00 
3.602324e+00 
3.602324e+00 
3.602324e+00 
3.602324e+00 
3.602324e+00 
3.602324e+00 
3.602324e+00 
3.602324e+00 
3.602324e+00 
3.602324e+00 
3.602324e+00 
3.602324e+00 
3.602324e+00 
3.602324e+00 
3.602324e+00 
3.602324e+00 
3.602324e+00 
3.602324e+00 
3.602324e+00 
3.602324e+00 
3.602324e+00 
3.602324e+00 
3.602324e+00 
3.602324e+00 
3.602324e+00 
3.602324e+00 
3.602324e+00 
3.602324e+00 
3.602324e+00 
3.602324e+00 
3.602324e+00 
3.602324e+00 
3.602324e+00 
3.602324e+00 
3.602324e+00 
3.602324e+00 
3.602324e+00 
3.602324e+00 
3.602324e+00 
3.602324e+00 
3.602324e+00 
3.602324e+00 
3.602324e+00 
3.602324e+00 
3.602324e+00 
3.602324e+00 
3.602324e+00 
3.602324e+00 
3.602324e+00 
3.602324e+00 
3.602324e+00 
3.602324e+00 
3.602324e+00 
3.602324e+00 
3.602324e+00 
3.602324e+00 
3.602324e+00 
3.602324e+00 
3.602324e+00 
3.602324e+00 
3.602324e+00 
3.602324e+00 
3.602324e+00 
3.602324e+00 
3.602324e+00 
3.602324e+00 
3.602324e+00 
3.602324e+00 
3.602324e+00 
3.602324e+00 
3.602324e+00 
3.602324e+00 
3.602324e+00 
3.602324e+00 
3.602324e+00 
3.602324e+00 
3.602324e+00 
3.602324e+00 
3.602324e+00 
3.602324e+00 
3.602324e+00 
3.602324e+00 
3.602324e+00 
3.602324e+00 
3.602324e+00 
3.602324e+00 
3.602324e+00 
3.602324e+00 
3.602324e+00 
3.602324e+00 
3.602324e+00 
3.602324e+00 
3.602324e+00 
3.602324e+00 
3.602324e+00 
3.602324e+00 
3.602324e+00 
3.602324e+00 
3.602324e+00 
3.602324e+00 
3.602324e+00 
3.602324e+00 
3.602324e+00 
3.602324e+00 
3.602324e+00 
3.602324e+00 
3.602324e+00 
3.602324e+00 
3.602324e+00 
3.602324e+00 
3.602324e+00 
3.602324e+00 
3.602324e+00 
3.602324e+00 
3.602324e+00 
3.602324e+00 
3.602324e+00 
3.602324e+00 
3.602324e+00 
3.602324e+00 
3.602324e+00 
3.602324e+00 
3.602324e+00 
3.602324e+00 
3.602324e+00 
3.602324e+00 
3.602324e+00 
3.602324e+00 
3.602324e+00 
3.602324e+00 
3.602324e+00 
3.602324e+00 
3.602324e+00 
3.602324e+00 
3.602324e+00 
3.602324e+00 
3.602324e+00 
3.602324e+00 
3.602324e+00 
3.602324e+00 
3.602324e+00 
3.602324e+00 
3.602324e+00 
3.602324e+00 
3.602324e+00 
3.602324e+00 
3.602324e+00 
3.602324e+00 
3.602324e+00 
3.602324e+00 
3.602324e+00 
3.602324e+00 
3.602324e+00 
3.602324e+00 
3.602324e+00 
3.602324e+00 
3.602324e+00 
3.602324e+00 
3.602324e+00 
3.602324e+00 
3.602324e+00 
3.602324e+00 
3.602324e+00 
3.602324e+00 
3.602324e+00 
3.602324e+00 
3.602324e+00 
3.602324e+00 
3.602324e+00 
3.602324e+00 
3.602324e+00 
3.602324e+00 
3.602324e+00 
3.602324e+00 
3.602324e+00 
3.602324e+00 
3.602324e+00 
3.602324e+00 
3.602324e+00 
3.602324e+00 
3.602324e+00 
3.602324e+00 
3.602324e+00 
3.602324e+00 
3.602324e+00 
3.602324e+00 
3.602324e+00 
3.602324e+00 
3.602324e+00 
3.602324e+00 
3.602324e+00 
3.602324e+00 
3.602324e+00 
3.602324e+00 
3.602324e+00 
3.602324e+00 
3.602324e+00 
3.602324e+00 
3.602324e+00 
3.602324e+00 
3.602324e+00 
3.602324e+00 
3.602324e+00 
3.602324e+00 
3.602324e+00 
3.602324e+00 
3.602324e+00 
3.602324e+00 
3.602324e+00 
3.602324e+00 
3.602324e+00 
3.602324e+00 
3.602324e+00 
3.602324e+00 
3.602324e+00 
3.602324e+00 
3.602324e+00 
3.602324e+00 
3.602324e+00 
3.602324e+00 
3.602324e+00 
3.602324e+00 
3.602324e+00 
3.602324e+00 
3.602324e+00 
3.602324e+00 
3.602324e+00 
3.602324e+00 
3.602324e+00 
3.602324e+00 
3.602324e+00 
3.602324e+00 
3.602324e+00 
3.602324e+00 
3.602324e+00 
3.602324e+00 
3.602324e+00 
3.602324e+00 
3.602324e+00 
3.602324e+00 
3.602324e+00 
3.602324e+00 
3.602324e+00 
3.602324e+00 
3.602324e+00 
3.602324e+00 
3.602324e+00 
3.602324e+00 
3.602324e+00 
3.602324e+00 
3.602324e+00 
3.602324e+00 
3.602324e+00 
3.602324e+00 
3.602324e+00 
3.602324e+00 
3.602324e+00 
3.602324e+00 
3.602324e+00 
3.602324e+00 
3.602324e+00 
3.602324e+00 
3.602324e+00 
3.602324e+00 
3.602324e+00 
3.602324e+00 
3.602324e+00 
3.602324e+00 
3.602324e+00 
3.602324e+00 
3.602324e+00 
3.602324e+00 
3.602324e+00 
3.602324e+00 
3.602324e+00 
3.602324e+00 
3.602324e+00 
3.602324e+00 
3.602324e+00 
3.602324e+00 
3.602324e+00 
3.602324e+00 
3.602324e+00 
3.602324e+00 
3.602324e+00 
3.602324e+00 
3.602324e+00 
3.602324e+00 
3.602324e+00 
3.602324e+00 
3.602324e+00 
3.602324e+00 
3.602324e+00 
3.602324e+00 
3.602324e+00 
3.602324e+00 
3.602324e+00 
3.602324e+00 
3.602324e+00 
3.602324e+00 
3.602324e+00 
3.602324e+00 
3.602324e+00 
3.602324e+00 
3.602324e+00 
3.602324e+00 
3.602324e+00 
3.602324e+00 
3.602324e+00 
3.602324e+00 
3.602324e+00 
3.602324e+00 
3.602324e+00 
3.602324e+00 
3.602324e+00 
3.602324e+00 
3.602324e+00 
3.602324e+00 
3.602324e+00 
3.602324e+00 
3.602324e+00 
3.602324e+00 
3.602324e+00 
3.602324e+00 
3.602324e+00 
3.602324e+00 
3.602324e+00 
3.602324e+00 
3.602324e+00 
3.602324e+00 
3.602324e+00 
3.602324e+00 
3.602324e+00 
3.602324e+00 
3.602324e+00 
3.602324e+00 
3.602324e+00 
3.602324e+00 
3.602324e+00 
3.602324e+00 
3.602324e+00 
3.602324e+00 
3.602324e+00 
3.602324e+00 
3.602324e+00 
3.602324e+00 
3.602324e+00 
3.602324e+00 
3.602324e+00 
3.602324e+00 
3.602324e+00 
3.602324e+00 
3.602324e+00 
3.602324e+00 
3.602324e+00 
3.602324e+00 
3.602324e+00 
3.602324e+00 
3.602324e+00 
3.602324e+00 
3.602324e+00 
3.602324e+00 
3.602324e+00 
3.602324e+00 
3.602324e+00 
3.602324e+00 
3.602324e+00 
3.602324e+00 
3.602324e+00 
3.602324e+00 
3.602324e+00 
3.602324e+00 
3.602324e+00 
3.602324e+00 
3.602324e+00 
3.602324e+00 
3.602324e+00 
3.602324e+00 
3.602324e+00 
3.602324e+00 
3.602324e+00 
3.602324e+00 
3.602324e+00 
3.602324e+00 
3.602324e+00 
3.602324e+00 
3.602324e+00 
3.602324e+00 
3.602324e+00 
3.602324e+00 
3.602324e+00 
3.602324e+00 
3.602324e+00 
3.602324e+00 
3.602324e+00 
3.602324e+00 
3.602324e+00 
3.602324e+00 
3.602324e+00 
3.602324e+00 
3.602324e+00 
3.602324e+00 
3.602324e+00 
3.602324e+00 
3.602324e+00 
3.602324e+00 
3.602324e+00 
3.602324e+00 
3.602324e+00 
3.602324e+00 
3.602324e+00 
3.602324e+00 
3.602324e+00 
3.602324e+00 
3.602324e+00 
3.602324e+00 
3.602324e+00 
3.602324e+00 
3.602324e+00 
3.602324e+00 
3.602324e+00 
3.602324e+00 
3.602324e+00 
3.602324e+00 
3.602324e+00 
3.602324e+00 
3.602324e+00 
3.602324e+00 
3.602324e+00 
3.602324e+00 
3.602324e+00 
3.602324e+00 
3.602324e+00 
3.602324e+00 
3.602324e+00 
3.602324e+00 
3.602324e+00 
3.602324e+00 
3.602324e+00 
3.602324e+00 
3.602324e+00 
3.602324e+00 
3.602324e+00 
3.602324e+00 
3.602324e+00 
3.602324e+00 
3.602324e+00 
3.602324e+00 
3.602324e+00 
3.602324e+00 
3.602324e+00 
3.602324e+00 
3.602324e+00 
3.602324e+00 
3.602324e+00 
3.602324e+00 
3.602324e+00 
3.602324e+00 
3.602324e+00 
3.602324e+00 
3.602324e+00 
3.602324e+00 
3.602324e+00 
3.602324e+00 
3.602324e+00 
3.602324e+00 
3.602324e+00 
3.602324e+00 
3.602324e+00 
3.602324e+00 
3.602324e+00 
3.602324e+00 
3.602324e+00 
3.602324e+00 
3.602324e+00 
3.602324e+00 
3.602324e+00 
3.602324e+00 
3.602324e+00 
3.602324e+00 
3.602324e+00 
3.602324e+00 
3.602324e+00 
3.602324e+00 
3.602324e+00 
3.602324e+00 
3.602324e+00 
3.602324e+00 
3.602324e+00 
3.602324e+00 
3.602324e+00 
3.602324e+00 
3.602324e+00 
3.602324e+00 
3.602324e+00 
3.602324e+00 
3.602324e+00 
3.602324e+00 
3.602324e+00 
3.602324e+00 
3.602324e+00 
3.602324e+00 
3.602324e+00 
3.602324e+00 
3.602324e+00 
3.602324e+00 
3.602324e+00 
3.602324e+00 
3.602324e+00 
3.602324e+00 
3.602324e+00 
3.602324e+00 
3.602324e+00 
3.602324e+00 
3.602324e+00 
3.602324e+00 
3.602324e+00 
3.602324e+00 
3.602324e+00 
3.602324e+00 
3.602324e+00 
3.602324e+00 
3.602324e+00 
3.602324e+00 
3.602324e+00 
3.602324e+00 
3.602324e+00 
3.602324e+00 
3.602324e+00 
3.602324e+00 
3.602324e+00 
3.602324e+00 
3.602324e+00 
3.602324e+00 
3.602324e+00 
3.602324e+00 
3.602324e+00 
3.602324e+00 
3.602324e+00 
3.602324e+00 
3.602324e+00 
3.602324e+00 
3.602324e+00 
3.602324e+00 
3.602324e+00 
3.602324e+00 
3.602324e+00 
3.602324e+00 
3.602324e+00 
3.602324e+00 
3.602324e+00 
3.602324e+00 
3.602324e+00 
3.602324e+00 
3.602324e+00 
3.602324e+00 
3.602324e+00 
3.602324e+00 
3.602324e+00 
3.602324e+00 
3.602324e+00 
3.602324e+00 
3.602324e+00 
3.602324e+00 
3.602324e+00 
3.602324e+00 
3.602324e+00 
3.602324e+00 
3.602324e+00 
3.602324e+00 
3.602324e+00 
3.602324e+00 
3.602324e+00 
3.602324e+00 
3.602324e+00 
3.602324e+00 
3.602324e+00 
3.602324e+00 
3.602324e+00 
3.602324e+00 
3.602324e+00 
3.602324e+00 
3.602324e+00 
3.602324e+00 
3.602324e+00 
3.602324e+00 
3.602324e+00 
3.602324e+00 
3.602324e+00 
3.602324e+00 
3.602324e+00 
3.602324e+00 
3.602324e+00 
3.602324e+00 
3.602324e+00 
3.602324e+00 
3.602324e+00 
3.602324e+00 
3.602324e+00 
3.602324e+00 
3.602324e+00 
3.602324e+00 
3.602324e+00 
3.602324e+00 
3.602324e+00 
3.602324e+00 
3.602324e+00 
3.602324e+00 
3.602324e+00 
3.602324e+00 
3.602324e+00 
3.602324e+00 
3.602324e+00 
3.602324e+00 
3.602324e+00 
3.602324e+00 
3.602324e+00 
3.602324e+00 
3.602324e+00 
3.602324e+00 
3.602324e+00 
3.602324e+00 
3.602324e+00 
3.602324e+00 
3.602324e+00 
3.602324e+00 
3.602324e+00 
3.602324e+00 
3.602324e+00 
3.602324e+00 
3.602324e+00 
3.602324e+00 
3.602324e+00 
3.602324e+00 
3.602324e+00 
3.602324e+00 
3.602324e+00 
3.602324e+00 
3.602324e+00 
3.602324e+00 
3.602324e+00 
3.602324e+00 
3.602324e+00 
3.602324e+00 
3.602324e+00 
3.602324e+00 
3.602324e+00 
3.602324e+00 
3.602324e+00 
3.602324e+00 
3.602324e+00 
3.602324e+00 
3.602324e+00 
3.602324e+00 
3.602324e+00 
3.602324e+00 
3.602324e+00 
3.602324e+00 
3.602324e+00 
3.602324e+00 
3.602324e+00 
3.602324e+00 
3.602324e+00 
3.602324e+00 
3.602324e+00 
3.602324e+00 
3.602324e+00 
3.602324e+00 
3.602324e+00 
3.602324e+00 
3.602324e+00 
3.602324e+00 
3.602324e+00 
3.602324e+00 
3.602324e+00 
3.602324e+00 
3.602324e+00 
3.602324e+00 
3.602324e+00 
3.602324e+00 
3.602324e+00 
3.602324e+00 
3.602324e+00 
3.602324e+00 
3.602324e+00 
3.602324e+00 
3.602324e+00 
3.602324e+00 
3.602324e+00 
3.602324e+00 
3.602324e+00 
3.602324e+00 
3.602324e+00 
3.602324e+00 
3.602324e+00 
3.602324e+00 
3.602324e+00 
3.602324e+00 
3.602324e+00 
3.602324e+00 
3.602324e+00 
3.602324e+00 
3.602324e+00 
3.602324e+00 
3.602324e+00 
3.602324e+00 
3.602324e+00 
3.602324e+00 
3.602324e+00 
3.602324e+00 
3.602324e+00 
3.602324e+00 
3.602324e+00 
3.602324e+00 
3.602324e+00 
3.602324e+00 
3.602324e+00 
3.602324e+00 
3.602324e+00 
3.602324e+00 
3.602324e+00 
3.602324e+00 
3.602324e+00 
3.602324e+00 
3.602324e+00 
3.602324e+00 
3.602324e+00 
3.602324e+00 
3.602324e+00 
3.602324e+00 
3.602324e+00 
3.602324e+00 
3.602324e+00 
3.602324e+00 
3.602324e+00 
3.602324e+00 
3.602324e+00 
3.602324e+00 
3.602324e+00 
3.602324e+00 
3.602324e+00 
3.602324e+00 
3.602324e+00 
3.602324e+00 
3.602324e+00 
3.602324e+00 
3.602324e+00 
3.602324e+00 
3.602324e+00 
3.602324e+00 
3.602324e+00 
3.602324e+00 
3.602324e+00 
3.602324e+00 
3.602324e+00 
3.602324e+00 
3.602324e+00 
3.602324e+00 
3.602324e+00 
3.602324e+00 
3.602324e+00 
3.602324e+00 
3.602324e+00 
3.602324e+00 
3.602324e+00 
3.602324e+00 
3.602324e+00 
3.602324e+00 
3.602324e+00 
3.602324e+00 
3.602324e+00 
3.602324e+00 
3.602324e+00 
3.602324e+00 
3.602324e+00 
3.602324e+00 
3.602324e+00 
3.602324e+00 
3.602324e+00 
3.602324e+00 
3.602324e+00 
3.602324e+00 
3.602324e+00 
3.602324e+00 
3.602324e+00 
3.602324e+00 
3.602324e+00 
3.602324e+00 
3.602324e+00 
3.602324e+00 
3.602324e+00 
3.602324e+00 
3.602324e+00 
3.602324e+00 
3.602324e+00 
3.602324e+00 
3.602324e+00 
3.602324e+00 
3.602324e+00 
3.602324e+00 
3.602324e+00 
3.602324e+00 
3.602324e+00 
3.602324e+00 
3.602324e+00 
3.602324e+00 
3.602324e+00 
3.602324e+00 
3.602324e+00 
3.602324e+00 
3.602324e+00 
3.602324e+00 
3.602324e+00 
3.602324e+00 
3.602324e+00 
3.602324e+00 
3.602324e+00 
3.602324e+00 
3.602324e+00 
3.602324e+00 
3.602324e+00 
3.602324e+00 
3.602324e+00 
3.602324e+00 
3.602324e+00 
3.602324e+00 
3.602324e+00 
3.602324e+00 
3.602324e+00 
3.602324e+00 
3.602324e+00 
3.602324e+00 
3.602324e+00 
3.602324e+00 
3.602324e+00 
3.602324e+00 
3.602324e+00 
3.602324e+00 
3.602324e+00 
3.602324e+00 
3.602324e+00 
3.602324e+00 
3.602324e+00 
3.602324e+00 
3.602324e+00 
3.602324e+00 
3.602324e+00 
3.602324e+00 
3.602324e+00 
3.602324e+00 
3.602324e+00 
3.602324e+00 
3.602324e+00 
3.602324e+00 
3.602324e+00 
3.602324e+00 
3.602324e+00 
3.602324e+00 
3.602324e+00 
3.602324e+00 
3.602324e+00 
3.602324e+00 
3.602324e+00 
3.602324e+00 
3.602324e+00 
3.602324e+00 
3.602324e+00 
3.602324e+00 
3.602324e+00 
3.602324e+00 
3.602324e+00 
3.602324e+00 
3.602324e+00 
3.602324e+00 
3.602324e+00 
3.602324e+00 
3.602324e+00 
3.602324e+00 
3.602324e+00 
3.602324e+00 
3.602324e+00 
3.602324e+00 
3.602324e+00 
3.602324e+00 
3.602324e+00 
3.602324e+00 
3.602324e+00 
3.602324e+00 
3.602324e+00 
3.602324e+00 
3.602324e+00 
3.602324e+00 
3.602324e+00 
3.602324e+00 
3.602324e+00 
3.602324e+00 
3.602324e+00 
3.602324e+00 
3.602324e+00 
3.602324e+00 
3.602324e+00 
3.602324e+00 
3.602324e+00 
3.602324e+00 
3.602324e+00 
3.602324e+00 
3.602324e+00 
3.602324e+00 
3.602324e+00 
3.602324e+00 
3.602324e+00 
3.602324e+00 
3.602324e+00 
3.602324e+00 
3.602324e+00 
3.602324e+00 
3.602324e+00 
3.602324e+00 
3.602324e+00 
3.602324e+00 
3.602324e+00 
3.602324e+00 
3.602324e+00 
3.602324e+00 
3.602324e+00 
3.602324e+00 
3.602324e+00 
3.602324e+00 
3.602324e+00 
3.602324e+00 
3.602324e+00 
3.602324e+00 
3.602324e+00 
3.602324e+00 
3.602324e+00 
3.602324e+00 
3.602324e+00 
3.602324e+00 
3.602324e+00 
3.602324e+00 
3.602324e+00 
3.602324e+00 
3.602324e+00 
3.602324e+00 
3.602324e+00 
3.602324e+00 
3.602324e+00 
3.602324e+00 
3.602324e+00 
3.602324e+00 
3.602324e+00 
3.602324e+00 
3.602324e+00 
3.602324e+00 
3.602324e+00 
3.602324e+00 
3.602324e+00 
3.602324e+00 
3.602324e+00 
3.602324e+00 
3.602324e+00 
3.602324e+00 
3.602324e+00 
3.602324e+00 
3.602324e+00 
3.602324e+00 
3.602324e+00 
3.602324e+00 
3.602324e+00 
3.602324e+00 
3.602324e+00 
3.602324e+00 
3.602324e+00 
3.602324e+00 
3.602324e+00 
3.602324e+00 
3.602324e+00 
3.602324e+00 
3.602324e+00 
3.602324e+00 
3.602324e+00 
3.602324e+00 
3.602324e+00 
3.602324e+00 
3.602324e+00 
3.602324e+00 
3.602324e+00 
3.602324e+00 
3.602324e+00 
3.602324e+00 
3.602324e+00 
3.602324e+00 
3.602324e+00 
3.602324e+00 
3.602324e+00 
3.602324e+00 
3.602324e+00 
3.602324e+00 
3.602324e+00 
3.602324e+00 
3.602324e+00 
3.602324e+00 
3.602324e+00 
3.602324e+00 
3.602324e+00 
3.602324e+00 
3.602324e+00 
3.602324e+00 
3.602324e+00 
3.602324e+00 
3.602324e+00 
3.602324e+00 
3.602324e+00 
3.602324e+00 
3.602324e+00 
3.602324e+00 
3.602324e+00 
3.602324e+00 
3.602324e+00 
3.602324e+00 
3.602324e+00 
3.602324e+00 
3.602324e+00 
3.602324e+00 
3.602324e+00 
3.602324e+00 
3.602324e+00 
3.602324e+00 
3.602324e+00 
3.602324e+00 
3.602324e+00 
3.602324e+00 
3.602324e+00 
3.602324e+00 
3.602324e+00 
3.602324e+00 
3.602324e+00 
3.602324e+00 
3.602324e+00 
3.602324e+00 
3.602324e+00 
3.602324e+00 
3.602324e+00 
3.602324e+00 
3.602324e+00 
3.602324e+00 
3.602324e+00 
3.602324e+00 
3.602324e+00 
3.602324e+00 
3.602324e+00 
3.602324e+00 
3.602324e+00 
3.602324e+00 
3.602324e+00 
3.602324e+00 
3.602324e+00 
3.602324e+00 
3.602324e+00 
3.602324e+00 
3.602324e+00 
3.602324e+00 
3.602324e+00 
3.602324e+00 
3.602324e+00 
3.602324e+00 
3.602324e+00 
3.602324e+00 
3.602324e+00 
3.602324e+00 
3.602324e+00 
3.602324e+00 
3.602324e+00 
3.602324e+00 
3.602324e+00 
3.602324e+00 
3.602324e+00 
3.602324e+00 
3.602324e+00 
3.602324e+00 
3.602324e+00 
3.602324e+00 
3.602324e+00 
3.602324e+00 
3.602324e+00 
3.602324e+00 
3.602324e+00 
3.602324e+00 
3.602324e+00 
3.602324e+00 
3.602324e+00 
3.602324e+00 
3.602324e+00 
3.602324e+00 
3.602324e+00 
3.602324e+00 
3.602324e+00 
3.602324e+00 
3.602324e+00 
3.602324e+00 
3.602324e+00 
3.602324e+00 
3.602324e+00 
3.602324e+00 
3.602324e+00 
3.602324e+00 
3.602324e+00 
3.602324e+00 
3.602324e+00 
3.602324e+00 
3.602324e+00 
3.602324e+00 
3.602324e+00 
3.602324e+00 
3.602324e+00 
3.602324e+00 
3.602324e+00 
3.602324e+00 
3.602324e+00 
3.602324e+00 
3.602324e+00 
3.602324e+00 
3.602324e+00 
3.602324e+00 
3.602324e+00 
3.602324e+00 
3.602324e+00 
3.602324e+00 
3.602324e+00 
3.602324e+00 
3.602324e+00 
3.602324e+00 
3.602324e+00 
3.602324e+00 
3.602324e+00 
3.602324e+00 
3.602324e+00 
3.602324e+00 
3.602324e+00 
3.602324e+00 
3.602324e+00 
3.602324e+00 
3.602324e+00 
3.602324e+00 
3.602324e+00 
3.602324e+00 
3.602324e+00 
3.602324e+00 
3.602324e+00 
3.602324e+00 
3.602324e+00 
3.602324e+00 
3.602324e+00 
3.602324e+00 
3.602324e+00 
3.602324e+00 
3.602324e+00 
3.602324e+00 
3.602324e+00 
3.602324e+00 
3.602324e+00 
3.602324e+00 
3.602324e+00 
3.602324e+00 
3.602324e+00 
3.602324e+00 
3.602324e+00 
3.602324e+00 
3.602324e+00 
3.602324e+00 
3.602324e+00 
3.602324e+00 
3.602324e+00 
3.602324e+00 
3.602324e+00 
3.602324e+00 
3.602324e+00 
3.602324e+00 
3.602324e+00 
3.602324e+00 
3.602324e+00 
3.602324e+00 
3.602324e+00 
3.602324e+00 
3.602324e+00 
3.602324e+00 
3.602324e+00 
3.602324e+00 
3.602324e+00 
3.602324e+00 
3.602324e+00 
3.602324e+00 
3.602324e+00 
3.602324e+00 
3.602324e+00 
3.602324e+00 
3.602324e+00 
3.602324e+00 
3.602324e+00 
3.602324e+00 
3.602324e+00 
3.602324e+00 
3.602324e+00 
3.602324e+00 
3.602324e+00 
3.602324e+00 
3.602324e+00 
3.602324e+00 
3.602324e+00 
3.602324e+00 
3.602324e+00 
3.602324e+00 
3.602324e+00 
3.602324e+00 
3.602324e+00 
3.602324e+00 
3.602324e+00 
3.602324e+00 
3.602324e+00 
3.602324e+00 
3.602324e+00 
3.602324e+00 
3.602324e+00 
3.602324e+00 
3.602324e+00 
3.602324e+00 
3.602324e+00 
3.602324e+00 
3.602324e+00 
3.602324e+00 
3.602324e+00 
3.602324e+00 
3.602324e+00 
3.602324e+00 
3.602324e+00 
3.602324e+00 
3.602324e+00 
3.602324e+00 
3.602324e+00 
3.602324e+00 
3.602324e+00 
3.602324e+00 
3.602324e+00 
3.602324e+00 
3.602324e+00 
3.602324e+00 
3.602324e+00 
3.602324e+00 
3.602324e+00 
3.602324e+00 
3.602324e+00 
3.602324e+00 
3.602324e+00 
3.602324e+00 
3.602324e+00 
3.602324e+00 
3.602324e+00 
3.602324e+00 
3.602324e+00 
3.602324e+00 
3.602324e+00 
3.602324e+00 
3.602324e+00 
3.602324e+00 
3.602324e+00 
3.602324e+00 
3.602324e+00 
3.602324e+00 
3.602324e+00 
3.602324e+00 
3.602324e+00 
3.602324e+00 
3.602324e+00 
3.602324e+00 
3.602324e+00 
3.602324e+00 
3.602324e+00 
3.602324e+00 
3.602324e+00 
3.602324e+00 
3.602324e+00 
3.602324e+00 
3.602324e+00 
3.602324e+00 
3.602324e+00 
3.602324e+00 
3.602324e+00 
3.602324e+00 
3.602324e+00 
3.602324e+00 
3.602324e+00 
3.602324e+00 
3.602324e+00 
3.602324e+00 
3.602324e+00 
3.602324e+00 
3.602324e+00 
3.602324e+00 
3.602324e+00 
3.602324e+00 
3.602324e+00 
3.602324e+00 
3.602324e+00 
3.602324e+00 
3.602324e+00 
3.602324e+00 
3.602324e+00 
3.602324e+00 
3.602324e+00 
3.602324e+00 
3.602324e+00 
3.602324e+00 
3.602324e+00 
3.602324e+00 
3.602324e+00 
3.602324e+00 
3.602324e+00 
3.602324e+00 
3.602324e+00 
3.602324e+00 
3.602324e+00 
3.602324e+00 
3.602324e+00 
3.602324e+00 
3.602324e+00 
3.602324e+00 
3.602324e+00 
3.602324e+00 
3.602324e+00 
3.602324e+00 
3.602324e+00 
3.602324e+00 
3.602324e+00 
3.602324e+00 
3.602324e+00 
3.602324e+00 
3.602324e+00 
3.602324e+00 
3.602324e+00 
3.602324e+00 
3.602324e+00 
3.602324e+00 
3.602324e+00 
3.602324e+00 
3.602324e+00 
3.602324e+00 
3.602324e+00 
3.602324e+00 
3.602324e+00 
3.602324e+00 
3.602324e+00 
3.602324e+00 
3.602324e+00 
3.602324e+00 
3.602324e+00 
3.602324e+00 
3.602324e+00 
3.602324e+00 
3.602324e+00 
3.602324e+00 
3.602324e+00 
3.602324e+00 
3.602324e+00 
3.602324e+00 
3.602324e+00 
3.602324e+00 
3.602324e+00 
3.602324e+00 
3.602324e+00 
3.602324e+00 
3.602324e+00 
3.602324e+00 
3.602324e+00 
3.602324e+00 
3.602324e+00 
3.602324e+00 
3.602324e+00 
3.602324e+00 
3.602324e+00 
3.602324e+00 
3.602324e+00 
3.602324e+00 
3.602324e+00 
3.602324e+00 
3.602324e+00 
3.602324e+00 
3.602324e+00 
3.602324e+00 
3.602324e+00 
3.602324e+00 
3.602324e+00 
3.602324e+00 
3.602324e+00 
3.602324e+00 
3.602324e+00 
3.602324e+00 
3.602324e+00 
3.602324e+00 
3.602324e+00 
3.602324e+00 
3.602324e+00 
3.602324e+00 
3.602324e+00 
3.602324e+00 
3.602324e+00 
3.602324e+00 
3.602324e+00 
3.602324e+00 
3.602324e+00 
3.602324e+00 
3.602324e+00 
3.602324e+00 
3.602324e+00 
3.602324e+00 
3.602324e+00 
3.602324e+00 
3.602324e+00 
3.602324e+00 
3.602324e+00 
3.602324e+00 
3.602324e+00 
3.602324e+00 
3.602324e+00 
3.602324e+00 
3.602324e+00 
3.602324e+00 
3.602324e+00 
3.602324e+00 
3.602324e+00 
3.602324e+00 
3.602324e+00 
3.602324e+00 
3.602324e+00 
3.602324e+00 
3.602324e+00 
3.602324e+00 
3.602324e+00 
3.602324e+00 
3.602324e+00 
3.602324e+00 
3.602324e+00 
3.602324e+00 
3.602324e+00 
3.602324e+00 
3.602324e+00 
3.602324e+00 
3.602324e+00 
3.602324e+00 
3.602324e+00 
3.602324e+00 
3.602324e+00 
3.602324e+00 
3.602324e+00 
3.602324e+00 
3.602324e+00 
3.602324e+00 
3.602324e+00 
3.602324e+00 
3.602324e+00 
3.602324e+00 
3.602324e+00 
3.602324e+00 
3.602324e+00 
3.602324e+00 
3.602324e+00 
3.602324e+00 
3.602324e+00 
3.602324e+00 
3.602324e+00 
3.602324e+00 
3.602324e+00 
3.602324e+00 
3.602324e+00 
3.602324e+00 
3.602324e+00 
3.602324e+00 
3.602324e+00 
3.602324e+00 
3.602324e+00 
3.602324e+00 
3.602324e+00 
3.602324e+00 
3.602324e+00 
3.602324e+00 
3.602324e+00 
3.602324e+00 
3.602324e+00 
3.602324e+00 
3.602324e+00 
3.602324e+00 
3.602324e+00 
3.602324e+00 
3.602324e+00 
3.602324e+00 
3.602324e+00 
3.602324e+00 
3.602324e+00 
3.602324e+00 
3.602324e+00 
3.602324e+00 
3.602324e+00 
3.602324e+00 
3.602324e+00 
3.602324e+00 
3.602324e+00 
3.602324e+00 
3.602324e+00 
3.602324e+00 
3.602324e+00 
3.602324e+00 
3.602324e+00 
3.602324e+00 
3.602324e+00 
3.602324e+00 
3.602324e+00 
3.602324e+00 
3.602324e+00 
3.602324e+00 
3.602324e+00 
3.602324e+00 
3.602324e+00 
3.602324e+00 
3.602324e+00 
3.602324e+00 
3.602324e+00 
3.602324e+00 
3.602324e+00 
3.602324e+00 
3.602324e+00 
3.602324e+00 
3.602324e+00 
3.602324e+00 
3.602324e+00 
3.602324e+00 
3.602324e+00 
3.602324e+00 
3.602324e+00 
3.602324e+00 
3.602324e+00 
3.602324e+00 
3.602324e+00 
3.602324e+00 
3.602324e+00 
3.602324e+00 
3.602324e+00 
3.602324e+00 
3.602324e+00 
3.602324e+00 
3.602324e+00 
3.602324e+00 
3.602324e+00 
3.602324e+00 
3.602324e+00 
3.602324e+00 
3.602324e+00 
3.602324e+00 
3.602324e+00 
3.602324e+00 
3.602324e+00 
3.602324e+00 
3.602324e+00 
3.602324e+00 
3.602324e+00 
3.602324e+00 
3.602324e+00 
3.602324e+00 
3.602324e+00 
3.602324e+00 
3.602324e+00 
3.602324e+00 
3.602324e+00 
3.602324e+00 
3.602324e+00 
3.602324e+00 
3.602324e+00 
3.602324e+00 
3.602324e+00 
3.602324e+00 
3.602324e+00 
3.602324e+00 
3.602324e+00 
3.602324e+00 
3.602324e+00 
3.602324e+00 
3.602324e+00 
3.602324e+00 
3.602324e+00 
3.602324e+00 
3.602324e+00 
3.602324e+00 
3.602324e+00 
3.602324e+00 
3.602324e+00 
3.602324e+00 
3.602324e+00 
3.602324e+00 
3.602324e+00 
3.602324e+00 
3.602324e+00 
3.602324e+00 
3.602324e+00 
3.602324e+00 
3.602324e+00 
3.602324e+00 
3.602324e+00 
3.602324e+00 
3.602324e+00 
3.602324e+00 
3.602324e+00 
3.602324e+00 
3.602324e+00 
3.602324e+00 
3.602324e+00 
3.602324e+00 
3.602324e+00 
3.602324e+00 
3.602324e+00 
3.602324e+00 
3.602324e+00 
3.602324e+00 
3.602324e+00 
3.602324e+00 
3.602324e+00 
3.602324e+00 
3.602324e+00 
3.602324e+00 
3.602324e+00 
3.602324e+00 
3.602324e+00 
3.602324e+00 
3.602324e+00 
3.602324e+00 
3.602324e+00 
3.602324e+00 
3.602324e+00 
3.602324e+00 
3.602324e+00 
3.602324e+00 
3.602324e+00 
3.602324e+00 
3.602324e+00 
3.602324e+00 
3.602324e+00 
3.602324e+00 
3.602324e+00 
3.602324e+00 
3.602324e+00 
3.602324e+00 
3.602324e+00 
3.602324e+00 
3.602324e+00 
3.602324e+00 
3.602324e+00 
3.602324e+00 
3.602324e+00 
3.602324e+00 
3.602324e+00 
3.602324e+00 
3.602324e+00 
3.602324e+00 
3.602324e+00 
3.602324e+00 
3.602324e+00 
3.602324e+00 
3.602324e+00 
3.602324e+00 
3.602324e+00 
3.602324e+00 
3.602324e+00 
3.602324e+00 
3.602324e+00 
3.602324e+00 
3.602324e+00 
3.602324e+00 
3.602324e+00 
3.602324e+00 
3.602324e+00 
3.602324e+00 
3.602324e+00 
3.602324e+00 
3.602324e+00 
3.602324e+00 
3.602324e+00 
3.602324e+00 
3.602324e+00 
3.602324e+00 
3.602324e+00 
3.602324e+00 
3.602324e+00 
3.602324e+00 
3.602324e+00 
3.602324e+00 
3.602324e+00 
3.602324e+00 
3.602324e+00 
3.602324e+00 
3.602324e+00 
3.602324e+00 
3.602324e+00 
3.602324e+00 
3.602324e+00 
3.602324e+00 
3.602324e+00 
3.602324e+00 
3.602324e+00 
3.602324e+00 
3.602324e+00 
3.602324e+00 
3.602324e+00 
3.602324e+00 
3.602324e+00 
3.602324e+00 
3.602324e+00 
3.602324e+00 
3.602324e+00 
3.602324e+00 
3.602324e+00 
3.602324e+00 
3.602324e+00 
3.602324e+00 
3.602324e+00 
3.602324e+00 
3.602324e+00 
3.602324e+00 
3.602324e+00 
3.602324e+00 
3.602324e+00 
3.602324e+00 
3.602324e+00 
3.602324e+00 
3.602324e+00 
3.602324e+00 
3.602324e+00 
3.602324e+00 
3.602324e+00 
3.602324e+00 
3.602324e+00 
3.602324e+00 
3.602324e+00 
3.602324e+00 
3.602324e+00 
3.602324e+00 
3.602324e+00 
3.602324e+00 
3.602324e+00 
3.602324e+00 
3.602324e+00 
3.602324e+00 
3.602324e+00 
3.602324e+00 
3.602324e+00 
3.602324e+00 
3.602324e+00 
3.602324e+00 
3.602324e+00 
3.602324e+00 
3.602324e+00 
3.602324e+00 
3.602324e+00 
3.602324e+00 
3.602324e+00 
3.602324e+00 
3.602324e+00 
3.602324e+00 
3.602324e+00 
3.602324e+00 
3.602324e+00 
3.602324e+00 
3.602324e+00 
3.602324e+00 
3.602324e+00 
3.602324e+00 
3.602324e+00 
3.602324e+00 
3.602324e+00 
3.602324e+00 
3.602324e+00 
3.602324e+00 
3.602324e+00 
3.602324e+00 
3.602324e+00 
3.602324e+00 
3.602324e+00 
3.602324e+00 
3.602324e+00 
3.602324e+00 
3.602324e+00 
3.602324e+00 
3.602324e+00 
3.602324e+00 
3.602324e+00 
3.602324e+00 
3.602324e+00 
3.602324e+00 
3.602324e+00 
3.602324e+00 
3.602324e+00 
3.602324e+00 
3.602324e+00 
3.602324e+00 
3.602324e+00 
3.602324e+00 
3.602324e+00 
3.602324e+00 
3.602324e+00 
3.602324e+00 
3.602324e+00 
3.602324e+00 
3.602324e+00 
3.602324e+00 
3.602324e+00 
3.602324e+00 
3.602324e+00 
3.602324e+00 
3.602324e+00 
3.602324e+00 
3.602324e+00 
3.602324e+00 
3.602324e+00 
3.602324e+00 
3.602324e+00 
3.602324e+00 
3.602324e+00 
3.602324e+00 
3.602324e+00 
3.602324e+00 
3.602324e+00 
3.602324e+00 
3.602324e+00 
3.602324e+00 
3.602324e+00 
3.602324e+00 
3.602324e+00 
3.602324e+00 
3.602324e+00 
3.602324e+00 
3.602324e+00 
3.602324e+00 
3.602324e+00 
3.602324e+00 
3.602324e+00 
3.602324e+00 
3.602324e+00 
3.602324e+00 
3.602324e+00 
3.602324e+00 
3.602324e+00 
3.602324e+00 
3.602324e+00 
3.602324e+00 
3.602324e+00 
3.602324e+00 
3.602324e+00 
3.602324e+00 
3.602324e+00 
3.602324e+00 
3.602324e+00 
3.602324e+00 
3.602324e+00 
3.602324e+00 
3.602324e+00 
3.602324e+00 
3.602324e+00 
3.602324e+00 
3.602324e+00 
3.602324e+00 
3.602324e+00 
3.602324e+00 
3.602324e+00 
3.602324e+00 
3.602324e+00 
3.602324e+00 
3.602324e+00 
3.602324e+00 
3.602324e+00 
3.602324e+00 
3.602324e+00 
3.602324e+00 
3.602324e+00 
3.602324e+00 
3.602324e+00 
3.602324e+00 
3.602324e+00 
3.602324e+00 
3.602324e+00 
3.602324e+00 
3.602324e+00 
3.602324e+00 
3.602324e+00 
3.602324e+00 
3.602324e+00 
3.602324e+00 
3.602324e+00 
3.602324e+00 
3.602324e+00 
3.602324e+00 
3.602324e+00 
3.602324e+00 
3.602324e+00 
3.602324e+00 
3.602324e+00 
3.602324e+00 
3.602324e+00 
3.602324e+00 
3.602324e+00 
3.602324e+00 
3.602324e+00 
3.602324e+00 
3.602324e+00 
3.602324e+00 
3.602324e+00 
3.602324e+00 
3.602324e+00 
3.602324e+00 
3.602324e+00 
3.602324e+00 
3.602324e+00 
3.602324e+00 
3.602324e+00 
3.602324e+00 
3.602324e+00 
3.602324e+00 
3.602324e+00 
3.602324e+00 
3.602324e+00 
3.602324e+00 
3.602324e+00 
3.602324e+00 
3.602324e+00 
3.602324e+00 
3.602324e+00 
3.602324e+00 
3.602324e+00 
3.602324e+00 
3.602324e+00 
3.602324e+00 
3.602324e+00 
3.602324e+00 
3.602324e+00 
3.602324e+00 
3.602324e+00 
3.602324e+00 
3.602324e+00 
3.602324e+00 
3.602324e+00 
3.602324e+00 
3.602324e+00 
3.602324e+00 
3.602324e+00 
3.602324e+00 
3.602324e+00 
3.602324e+00 
3.602324e+00 
3.602324e+00 
3.602324e+00 
3.602324e+00 
3.602324e+00 
3.602324e+00 
3.602324e+00 
3.602324e+00 
3.602324e+00 
3.602324e+00 
3.602324e+00 
3.602324e+00 
3.602324e+00 
3.602324e+00 
3.602324e+00 
3.602324e+00 
3.602324e+00 
3.602324e+00 
3.602324e+00 
3.602324e+00 
3.602324e+00 
3.602324e+00 
3.602324e+00 
3.602324e+00 
3.602324e+00 
3.602324e+00 
3.602324e+00 
3.602324e+00 
3.602324e+00 
3.602324e+00 
3.602324e+00 
3.602324e+00 
3.602324e+00 
3.602324e+00 
3.602324e+00 
3.602324e+00 
3.602324e+00 
3.602324e+00 
3.602324e+00 
3.602324e+00 
3.602324e+00 
3.602324e+00 
3.602324e+00 
3.602324e+00 
3.602324e+00 
3.602324e+00 
3.602324e+00 
3.602324e+00 
3.602324e+00 
3.602324e+00 
3.602324e+00 
3.602324e+00 
3.602324e+00 
3.602324e+00 
3.602324e+00 
3.602324e+00 
3.602324e+00 
3.602324e+00 
3.602324e+00 
3.602324e+00 
3.602324e+00 
3.602324e+00 
3.602324e+00 
3.602324e+00 
3.602324e+00 
3.602324e+00 
3.602324e+00 
3.602324e+00 
3.602324e+00 
3.602324e+00 
3.602324e+00 
3.602324e+00 
3.602324e+00 
3.602324e+00 
3.602324e+00 
3.602324e+00 
3.602324e+00 
3.602324e+00 
3.602324e+00 
3.602324e+00 
3.602324e+00 
3.602324e+00 
3.602324e+00 
3.602324e+00 
3.602324e+00 
3.602324e+00 
3.602324e+00 
3.602324e+00 
3.602324e+00 
3.602324e+00 
3.602324e+00 
3.602324e+00 
3.602324e+00 
3.602324e+00 
3.602324e+00 
3.602324e+00 
3.602324e+00 
3.602324e+00 
3.602324e+00 
3.602324e+00 
3.602324e+00 
3.602324e+00 
3.602324e+00 
3.602324e+00 
3.602324e+00 
3.602324e+00 
3.602324e+00 
3.602324e+00 
3.602324e+00 
3.602324e+00 
3.602324e+00 
3.602324e+00 
3.602324e+00 
3.602324e+00 
3.602324e+00 
3.602324e+00 
3.602324e+00 
3.602324e+00 
3.602324e+00 
3.602324e+00 
3.602324e+00 
3.602324e+00 
3.602324e+00 
3.602324e+00 
3.602324e+00 
3.602324e+00 
3.602324e+00 
3.602324e+00 
3.602324e+00 
3.602324e+00 
3.602324e+00 
3.602324e+00 
3.602324e+00 
3.602324e+00 
3.602324e+00 
3.602324e+00 
3.602324e+00 
3.602324e+00 
3.602324e+00 
3.602324e+00 
3.602324e+00 
3.602324e+00 
3.602324e+00 
3.602324e+00 
3.602324e+00 
3.602324e+00 
3.602324e+00 
3.602324e+00 
3.602324e+00 
3.602324e+00 
3.602324e+00 
3.602324e+00 
3.602324e+00 
3.602324e+00 
3.602324e+00 
3.602324e+00 
3.602324e+00 
3.602324e+00 
3.602324e+00 
3.602324e+00 
3.602324e+00 
3.602324e+00 
3.602324e+00 
3.602324e+00 
3.602324e+00 
3.602324e+00 
3.602324e+00 
3.602324e+00 
3.602324e+00 
3.602324e+00 
3.602324e+00 
3.602324e+00 
3.602324e+00 
3.602324e+00 
3.602324e+00 
3.602324e+00 
3.602324e+00 
3.602324e+00 
3.602324e+00 
3.602324e+00 
3.602324e+00 
3.602324e+00 
3.602324e+00 
3.602324e+00 
3.602324e+00 
3.602324e+00 
3.602324e+00 
3.602324e+00 
3.602324e+00 
3.602324e+00 
3.602324e+00 
3.602324e+00 
3.602324e+00 
3.602324e+00 
3.602324e+00 
3.602324e+00 
3.602324e+00 
3.602324e+00 
3.602324e+00 
3.602324e+00 
3.602324e+00 
3.602324e+00 
3.602324e+00 
3.602324e+00 
3.602324e+00 
3.602324e+00 
3.602324e+00 
3.602324e+00 
3.602324e+00 
3.602324e+00 
3.602324e+00 
3.602324e+00 
3.602324e+00 
3.602324e+00 
3.602324e+00 
3.602324e+00 
3.602324e+00 
3.602324e+00 
3.602324e+00 
3.602324e+00 
3.602324e+00 
3.602324e+00 
3.602324e+00 
3.602324e+00 
3.602324e+00 
3.602324e+00 
3.602324e+00 
3.602324e+00 
3.602324e+00 
3.602324e+00 
3.602324e+00 
3.602324e+00 
3.602324e+00 
3.602324e+00 
3.602324e+00 
3.602324e+00 
3.602324e+00 
3.602324e+00 
3.602324e+00 
3.602324e+00 
3.602324e+00 
3.602324e+00 
3.602324e+00 
3.602324e+00 
3.602324e+00 
3.602324e+00 
3.602324e+00 
3.602324e+00 
3.602324e+00 
3.602324e+00 
3.602324e+00 
3.602324e+00 
3.602324e+00 
3.602324e+00 
3.602324e+00 
3.602324e+00 
3.602324e+00 
3.602324e+00 
3.602324e+00 
3.602324e+00 
3.602324e+00 
3.602324e+00 
3.602324e+00 
3.602324e+00 
3.602324e+00 
3.602324e+00 
3.602324e+00 
3.602324e+00 
3.602324e+00 
3.602324e+00 
3.602324e+00 
3.602324e+00 
3.602324e+00 
3.602324e+00 
3.602324e+00 
3.602324e+00 
3.602324e+00 
3.602324e+00 
3.602324e+00 
3.602324e+00 
3.602324e+00 
3.602324e+00 
3.602324e+00 
3.602324e+00 
3.602324e+00 
3.602324e+00 
3.602324e+00 
3.602324e+00 
3.602324e+00 
3.602324e+00 
3.602324e+00 
3.602324e+00 
3.602324e+00 
3.602324e+00 
3.602324e+00 
3.602324e+00 
3.602324e+00 
3.602324e+00 
3.602324e+00 
3.602324e+00 
3.602324e+00 
3.602324e+00 
3.602324e+00 
3.602324e+00 
3.602324e+00 
3.602324e+00 
3.602324e+00 
3.602324e+00 
3.602324e+00 
3.602324e+00 
3.602324e+00 
3.602324e+00 
3.602324e+00 
3.602324e+00 
3.602324e+00 
3.602324e+00 
3.602324e+00 
3.602324e+00 
3.602324e+00 
3.602324e+00 
3.602324e+00 
3.602324e+00 
3.602324e+00 
3.602324e+00 
3.602324e+00 
3.602324e+00 
3.602324e+00 
3.602324e+00 
3.602324e+00 
3.602324e+00 
3.602324e+00 
3.602324e+00 
3.602324e+00 
3.602324e+00 
3.602324e+00 
3.602324e+00 
3.602324e+00 
3.602324e+00 
3.602324e+00 
3.602324e+00 
3.602324e+00 
3.602324e+00 
3.602324e+00 
3.602324e+00 
3.602324e+00 
3.602324e+00 
3.602324e+00 
3.602324e+00 
3.602324e+00 
3.602324e+00 
3.602324e+00 
3.602324e+00 
3.602324e+00 
3.602324e+00 
3.602324e+00 
3.602324e+00 
3.602324e+00 
3.602324e+00 
3.602324e+00 
3.602324e+00 
3.602324e+00 
3.602324e+00 
3.602324e+00 
3.602324e+00 
3.602324e+00 
3.602324e+00 
3.602324e+00 
3.602324e+00 
3.602324e+00 
3.602324e+00 
3.602324e+00 
3.602324e+00 
3.602324e+00 
3.602324e+00 
3.602324e+00 
3.602324e+00 
3.602324e+00 
3.602324e+00 
3.602324e+00 
3.602324e+00 
3.602324e+00 
3.602324e+00 
3.602324e+00 
3.602324e+00 
3.602324e+00 
3.602324e+00 
3.602324e+00 
3.602324e+00 
3.602324e+00 
3.602324e+00 
3.602324e+00 
3.602324e+00 
3.602324e+00 
3.602324e+00 
3.602324e+00 
3.602324e+00 
3.602324e+00 
3.602324e+00 
3.602324e+00 
3.602324e+00 
3.602324e+00 
3.602324e+00 
3.602324e+00 
3.602324e+00 
3.602324e+00 
3.602324e+00 
3.602324e+00 
3.602324e+00 
3.602324e+00 
3.602324e+00 
3.602324e+00 
3.602324e+00 
3.602324e+00 
3.602324e+00 
3.602324e+00 
3.602324e+00 
3.602324e+00 
3.602324e+00 
3.602324e+00 
3.602324e+00 
3.602324e+00 
3.602324e+00 
3.602324e+00 
3.602324e+00 
3.602324e+00 
3.602324e+00 
3.602324e+00 
3.602324e+00 
3.602324e+00 
3.602324e+00 
3.602324e+00 
3.602324e+00 
3.602324e+00 
3.602324e+00 
3.602324e+00 
3.602324e+00 
3.602324e+00 
3.602324e+00 
3.602324e+00 
3.602324e+00 
3.602324e+00 
3.602324e+00 
3.602324e+00 
3.602324e+00 
3.602324e+00 
3.602324e+00 
3.602324e+00 
3.602324e+00 
3.602324e+00 
3.602324e+00 
3.602324e+00 
3.602324e+00 
3.602324e+00 
3.602324e+00 
3.602324e+00 
3.602324e+00 
3.602324e+00 
3.602324e+00 
3.602324e+00 
3.602324e+00 
3.602324e+00 
3.602324e+00 
3.602324e+00 
3.602324e+00 
3.602324e+00 
