5.496269e+02 
2.445973e+02 
2.445973e+02 
2.445973e+02 
1.967060e+02 
1.637862e+02 
1.224533e+02 
1.089665e+02 
1.089665e+02 
1.057449e+02 
9.633785e+01 
9.633785e+01 
9.633785e+01 
9.633785e+01 
9.633785e+01 
9.633785e+01 
8.683223e+01 
8.683223e+01 
8.683223e+01 
8.683223e+01 
8.683223e+01 
7.510664e+01 
7.510664e+01 
7.510664e+01 
7.510664e+01 
7.510664e+01 
7.158414e+01 
7.158414e+01 
7.158414e+01 
7.158414e+01 
7.158414e+01 
7.158414e+01 
7.158414e+01 
7.158414e+01 
7.158414e+01 
7.158414e+01 
7.158414e+01 
7.158414e+01 
6.758588e+01 
6.758588e+01 
6.758588e+01 
6.758588e+01 
6.758588e+01 
6.758588e+01 
6.758588e+01 
6.758588e+01 
6.758588e+01 
6.758588e+01 
6.758588e+01 
6.758588e+01 
6.758588e+01 
6.758588e+01 
6.758588e+01 
6.758588e+01 
6.758588e+01 
6.758588e+01 
6.628263e+01 
6.628263e+01 
6.628263e+01 
6.628263e+01 
6.628263e+01 
6.628263e+01 
6.628263e+01 
6.628263e+01 
6.628263e+01 
6.628263e+01 
6.628263e+01 
6.628263e+01 
6.628263e+01 
6.628263e+01 
6.628263e+01 
6.628263e+01 
6.628263e+01 
5.789418e+01 
5.789418e+01 
5.789418e+01 
5.789418e+01 
5.789418e+01 
5.789418e+01 
5.789418e+01 
5.789418e+01 
5.789418e+01 
5.789418e+01 
5.789418e+01 
5.789418e+01 
5.789418e+01 
5.789418e+01 
5.789418e+01 
5.789418e+01 
5.789418e+01 
5.789418e+01 
5.789418e+01 
5.789418e+01 
5.789418e+01 
5.789418e+01 
5.789418e+01 
5.789418e+01 
5.789418e+01 
5.789418e+01 
5.789418e+01 
5.789418e+01 
5.789418e+01 
5.789418e+01 
5.789418e+01 
5.789418e+01 
5.789418e+01 
5.789418e+01 
5.789418e+01 
5.789418e+01 
5.789418e+01 
5.789418e+01 
5.789418e+01 
5.789418e+01 
5.789418e+01 
5.789418e+01 
5.789418e+01 
5.789418e+01 
5.789418e+01 
5.789418e+01 
5.789418e+01 
5.789418e+01 
5.789418e+01 
5.789418e+01 
5.789418e+01 
5.789418e+01 
5.789418e+01 
5.789418e+01 
5.789418e+01 
5.789418e+01 
5.789418e+01 
5.789418e+01 
5.789418e+01 
5.789418e+01 
5.789418e+01 
5.789418e+01 
5.789418e+01 
5.789418e+01 
5.789418e+01 
5.789418e+01 
5.631524e+01 
5.631524e+01 
5.631524e+01 
5.631524e+01 
5.631524e+01 
5.631524e+01 
5.631524e+01 
5.631524e+01 
5.631524e+01 
5.631524e+01 
5.631524e+01 
5.631524e+01 
5.631524e+01 
5.631524e+01 
5.631524e+01 
5.631524e+01 
5.631524e+01 
5.631524e+01 
5.631524e+01 
5.631524e+01 
5.631524e+01 
5.631524e+01 
5.631524e+01 
5.631524e+01 
5.631524e+01 
5.631524e+01 
5.631524e+01 
5.631524e+01 
5.631524e+01 
5.631524e+01 
5.631524e+01 
5.631524e+01 
5.631524e+01 
5.631524e+01 
5.631524e+01 
5.631524e+01 
5.631524e+01 
5.631524e+01 
5.631524e+01 
5.631524e+01 
5.631524e+01 
5.631524e+01 
5.631524e+01 
5.631524e+01 
5.631524e+01 
5.631524e+01 
5.631524e+01 
5.631524e+01 
5.631524e+01 
5.631524e+01 
5.631524e+01 
5.631524e+01 
5.631524e+01 
5.631524e+01 
5.631524e+01 
5.631524e+01 
5.631524e+01 
5.631524e+01 
5.631524e+01 
5.631524e+01 
5.631524e+01 
5.631524e+01 
5.631524e+01 
5.631524e+01 
5.631524e+01 
5.631524e+01 
5.631524e+01 
5.631524e+01 
5.631524e+01 
5.631524e+01 
5.631524e+01 
5.631524e+01 
5.631524e+01 
5.631524e+01 
5.631524e+01 
5.631524e+01 
5.631524e+01 
5.631524e+01 
5.631524e+01 
5.631524e+01 
5.631524e+01 
5.631524e+01 
5.631524e+01 
5.631524e+01 
5.631524e+01 
5.631524e+01 
5.631524e+01 
5.631524e+01 
5.631524e+01 
5.631524e+01 
5.631524e+01 
5.631524e+01 
5.631524e+01 
5.631524e+01 
5.631524e+01 
5.631524e+01 
5.631524e+01 
5.631524e+01 
5.631524e+01 
5.631524e+01 
5.631524e+01 
5.631524e+01 
5.631524e+01 
5.631524e+01 
5.631524e+01 
5.631524e+01 
5.631524e+01 
5.631524e+01 
5.631524e+01 
5.631524e+01 
5.631524e+01 
5.631524e+01 
5.631524e+01 
5.631524e+01 
5.631524e+01 
5.631524e+01 
5.631524e+01 
5.631524e+01 
5.631524e+01 
5.631524e+01 
5.631524e+01 
5.631524e+01 
5.631524e+01 
5.631524e+01 
5.631524e+01 
5.631524e+01 
5.631524e+01 
5.631524e+01 
5.631524e+01 
5.631524e+01 
5.631524e+01 
5.631524e+01 
5.631524e+01 
5.631524e+01 
5.631524e+01 
5.631524e+01 
5.631524e+01 
5.631524e+01 
5.631524e+01 
5.631524e+01 
5.631524e+01 
5.631524e+01 
5.631524e+01 
5.631524e+01 
5.631524e+01 
5.631524e+01 
5.631524e+01 
5.631524e+01 
5.631524e+01 
5.631524e+01 
5.631524e+01 
5.631524e+01 
5.631524e+01 
5.631524e+01 
5.631524e+01 
5.631524e+01 
5.631524e+01 
5.631524e+01 
5.631524e+01 
5.631524e+01 
5.631524e+01 
5.631524e+01 
5.631524e+01 
5.631524e+01 
5.631524e+01 
5.631524e+01 
5.631524e+01 
5.631524e+01 
5.631524e+01 
5.631524e+01 
5.631524e+01 
5.631524e+01 
5.631524e+01 
5.631524e+01 
5.631524e+01 
5.631524e+01 
5.631524e+01 
5.631524e+01 
5.631524e+01 
5.631524e+01 
5.631524e+01 
5.631524e+01 
5.631524e+01 
5.631524e+01 
5.631524e+01 
5.631524e+01 
5.631524e+01 
5.631524e+01 
5.631524e+01 
5.631524e+01 
5.631524e+01 
5.631524e+01 
5.631524e+01 
5.631524e+01 
5.631524e+01 
5.631524e+01 
5.631524e+01 
5.631524e+01 
5.631524e+01 
5.631524e+01 
5.631524e+01 
5.631524e+01 
5.631524e+01 
5.631524e+01 
5.631524e+01 
5.631524e+01 
5.631524e+01 
5.631524e+01 
5.631524e+01 
5.631524e+01 
5.631524e+01 
5.631524e+01 
5.631524e+01 
5.631524e+01 
5.631524e+01 
5.631524e+01 
5.631524e+01 
5.631524e+01 
5.631524e+01 
5.631524e+01 
5.631524e+01 
5.631524e+01 
5.631524e+01 
5.631524e+01 
5.631524e+01 
5.631524e+01 
5.631524e+01 
5.631524e+01 
5.631524e+01 
5.631524e+01 
5.631524e+01 
5.631524e+01 
5.631524e+01 
5.631524e+01 
5.631524e+01 
5.631524e+01 
5.631524e+01 
5.631524e+01 
5.631524e+01 
5.631524e+01 
5.363395e+01 
5.363395e+01 
5.363395e+01 
5.363395e+01 
5.363395e+01 
5.363395e+01 
5.363395e+01 
5.363395e+01 
5.363395e+01 
5.363395e+01 
5.363395e+01 
5.363395e+01 
5.363395e+01 
5.363395e+01 
5.363395e+01 
5.363395e+01 
5.363395e+01 
5.363395e+01 
5.363395e+01 
5.363395e+01 
5.363395e+01 
5.363395e+01 
5.363395e+01 
5.363395e+01 
5.363395e+01 
5.363395e+01 
5.363395e+01 
5.363395e+01 
5.363395e+01 
5.363395e+01 
5.363395e+01 
5.363395e+01 
5.363395e+01 
5.363395e+01 
5.363395e+01 
5.363395e+01 
5.363395e+01 
5.363395e+01 
5.363395e+01 
5.363395e+01 
5.363395e+01 
5.363395e+01 
5.363395e+01 
5.363395e+01 
5.363395e+01 
5.363395e+01 
5.363395e+01 
5.363395e+01 
5.363395e+01 
5.363395e+01 
5.363395e+01 
5.363395e+01 
5.363395e+01 
5.363395e+01 
5.363395e+01 
5.363395e+01 
5.363395e+01 
5.363395e+01 
5.363395e+01 
5.363395e+01 
5.363395e+01 
5.363395e+01 
5.363395e+01 
5.363395e+01 
5.363395e+01 
5.363395e+01 
5.363395e+01 
5.363395e+01 
5.363395e+01 
5.363395e+01 
5.363395e+01 
5.363395e+01 
5.363395e+01 
5.363395e+01 
5.363395e+01 
5.363395e+01 
5.363395e+01 
5.363395e+01 
5.363395e+01 
5.363395e+01 
5.363395e+01 
5.363395e+01 
5.363395e+01 
5.363395e+01 
5.363395e+01 
5.363395e+01 
5.363395e+01 
5.363395e+01 
5.363395e+01 
5.363395e+01 
5.363395e+01 
5.363395e+01 
5.363395e+01 
5.363395e+01 
5.363395e+01 
5.363395e+01 
5.363395e+01 
5.363395e+01 
5.363395e+01 
5.363395e+01 
5.363395e+01 
5.363395e+01 
5.363395e+01 
5.363395e+01 
5.363395e+01 
5.363395e+01 
5.363395e+01 
5.363395e+01 
5.363395e+01 
5.363395e+01 
5.363395e+01 
5.363395e+01 
5.363395e+01 
5.363395e+01 
5.363395e+01 
5.363395e+01 
5.363395e+01 
5.363395e+01 
5.363395e+01 
5.363395e+01 
5.363395e+01 
5.363395e+01 
5.363395e+01 
5.363395e+01 
5.363395e+01 
5.363395e+01 
5.363395e+01 
5.363395e+01 
5.363395e+01 
5.363395e+01 
5.363395e+01 
5.363395e+01 
5.363395e+01 
5.363395e+01 
5.363395e+01 
5.363395e+01 
5.363395e+01 
5.363395e+01 
5.363395e+01 
5.363395e+01 
5.363395e+01 
5.363395e+01 
5.363395e+01 
5.363395e+01 
5.363395e+01 
5.363395e+01 
5.363395e+01 
5.363395e+01 
5.363395e+01 
5.363395e+01 
5.363395e+01 
5.363395e+01 
5.363395e+01 
5.363395e+01 
5.363395e+01 
5.363395e+01 
5.363395e+01 
5.363395e+01 
5.363395e+01 
5.363395e+01 
5.363395e+01 
5.363395e+01 
5.363395e+01 
5.363395e+01 
5.363395e+01 
5.363395e+01 
5.363395e+01 
5.363395e+01 
5.363395e+01 
5.363395e+01 
5.363395e+01 
5.363395e+01 
5.363395e+01 
5.363395e+01 
5.363395e+01 
5.363395e+01 
5.363395e+01 
5.363395e+01 
5.363395e+01 
5.363395e+01 
5.363395e+01 
5.363395e+01 
5.363395e+01 
5.363395e+01 
5.363395e+01 
5.363395e+01 
5.363395e+01 
5.363395e+01 
5.363395e+01 
5.363395e+01 
5.363395e+01 
5.363395e+01 
5.363395e+01 
5.363395e+01 
5.363395e+01 
5.363395e+01 
5.363395e+01 
5.363395e+01 
5.363395e+01 
5.363395e+01 
5.363395e+01 
5.363395e+01 
5.363395e+01 
5.363395e+01 
5.363395e+01 
5.363395e+01 
5.363395e+01 
5.363395e+01 
5.363395e+01 
5.363395e+01 
5.363395e+01 
5.363395e+01 
5.363395e+01 
5.363395e+01 
5.363395e+01 
5.363395e+01 
5.363395e+01 
5.363395e+01 
5.363395e+01 
5.363395e+01 
5.363395e+01 
5.363395e+01 
5.363395e+01 
5.363395e+01 
5.363395e+01 
5.363395e+01 
5.363395e+01 
5.363395e+01 
5.363395e+01 
5.363395e+01 
5.363395e+01 
5.363395e+01 
5.363395e+01 
5.363395e+01 
5.363395e+01 
5.363395e+01 
5.363395e+01 
5.363395e+01 
5.363395e+01 
5.363395e+01 
5.363395e+01 
5.363395e+01 
5.363395e+01 
5.363395e+01 
5.363395e+01 
5.363395e+01 
5.363395e+01 
5.363395e+01 
5.363395e+01 
5.363395e+01 
5.363395e+01 
5.363395e+01 
5.363395e+01 
5.363395e+01 
5.363395e+01 
5.363395e+01 
5.363395e+01 
5.363395e+01 
5.363395e+01 
5.363395e+01 
5.363395e+01 
5.363395e+01 
5.363395e+01 
5.363395e+01 
5.363395e+01 
5.363395e+01 
5.363395e+01 
5.363395e+01 
5.363395e+01 
5.363395e+01 
5.363395e+01 
5.363395e+01 
5.363395e+01 
5.363395e+01 
5.363395e+01 
5.363395e+01 
5.363395e+01 
5.363395e+01 
5.363395e+01 
5.363395e+01 
5.363395e+01 
5.363395e+01 
5.363395e+01 
5.363395e+01 
5.363395e+01 
5.363395e+01 
5.363395e+01 
5.363395e+01 
5.363395e+01 
5.363395e+01 
5.363395e+01 
5.363395e+01 
5.363395e+01 
5.363395e+01 
5.363395e+01 
5.363395e+01 
5.363395e+01 
5.363395e+01 
5.363395e+01 
5.363395e+01 
5.363395e+01 
5.363395e+01 
5.363395e+01 
5.363395e+01 
5.363395e+01 
5.363395e+01 
5.363395e+01 
5.363395e+01 
5.363395e+01 
5.363395e+01 
5.363395e+01 
5.363395e+01 
5.363395e+01 
5.363395e+01 
5.363395e+01 
5.363395e+01 
5.363395e+01 
5.363395e+01 
5.363395e+01 
5.363395e+01 
5.363395e+01 
5.363395e+01 
5.363395e+01 
5.363395e+01 
5.363395e+01 
5.363395e+01 
5.363395e+01 
5.363395e+01 
5.363395e+01 
5.363395e+01 
5.363395e+01 
5.363395e+01 
5.363395e+01 
5.363395e+01 
5.363395e+01 
5.363395e+01 
5.363395e+01 
5.363395e+01 
5.363395e+01 
5.363395e+01 
5.363395e+01 
5.363395e+01 
5.363395e+01 
5.363395e+01 
5.363395e+01 
5.363395e+01 
5.363395e+01 
5.363395e+01 
5.363395e+01 
5.363395e+01 
5.363395e+01 
5.363395e+01 
5.363395e+01 
5.363395e+01 
5.363395e+01 
5.363395e+01 
5.363395e+01 
5.363395e+01 
5.363395e+01 
5.363395e+01 
5.363395e+01 
5.363395e+01 
5.363395e+01 
5.363395e+01 
5.363395e+01 
5.363395e+01 
5.363395e+01 
5.363395e+01 
5.363395e+01 
5.363395e+01 
5.363395e+01 
5.363395e+01 
5.363395e+01 
5.363395e+01 
5.363395e+01 
5.363395e+01 
5.363395e+01 
5.363395e+01 
5.363395e+01 
5.363395e+01 
5.363395e+01 
5.363395e+01 
5.363395e+01 
5.363395e+01 
5.363395e+01 
5.363395e+01 
5.363395e+01 
5.363395e+01 
5.363395e+01 
5.363395e+01 
5.363395e+01 
5.363395e+01 
5.363395e+01 
5.363395e+01 
5.363395e+01 
5.363395e+01 
5.363395e+01 
5.363395e+01 
5.363395e+01 
5.363395e+01 
5.363395e+01 
5.363395e+01 
5.363395e+01 
5.363395e+01 
5.363395e+01 
5.363395e+01 
5.363395e+01 
5.363395e+01 
5.363395e+01 
5.363395e+01 
5.363395e+01 
5.363395e+01 
5.363395e+01 
5.363395e+01 
5.363395e+01 
5.363395e+01 
5.363395e+01 
5.363395e+01 
5.363395e+01 
5.363395e+01 
5.363395e+01 
5.363395e+01 
5.363395e+01 
5.363395e+01 
5.363395e+01 
5.363395e+01 
5.363395e+01 
5.363395e+01 
5.363395e+01 
5.363395e+01 
5.363395e+01 
5.363395e+01 
5.363395e+01 
5.363395e+01 
5.363395e+01 
5.363395e+01 
5.363395e+01 
5.363395e+01 
5.363395e+01 
5.363395e+01 
5.363395e+01 
5.363395e+01 
5.363395e+01 
5.363395e+01 
5.363395e+01 
5.363395e+01 
5.363395e+01 
5.363395e+01 
5.363395e+01 
5.363395e+01 
5.363395e+01 
5.363395e+01 
5.363395e+01 
5.363395e+01 
5.363395e+01 
5.363395e+01 
5.363395e+01 
5.363395e+01 
5.363395e+01 
5.363395e+01 
5.363395e+01 
5.363395e+01 
5.363395e+01 
5.363395e+01 
5.363395e+01 
5.363395e+01 
5.363395e+01 
5.363395e+01 
5.363395e+01 
5.363395e+01 
5.363395e+01 
5.363395e+01 
5.363395e+01 
5.363395e+01 
5.363395e+01 
5.363395e+01 
5.363395e+01 
5.363395e+01 
5.363395e+01 
5.363395e+01 
5.363395e+01 
5.363395e+01 
5.363395e+01 
5.363395e+01 
5.363395e+01 
5.363395e+01 
5.363395e+01 
5.363395e+01 
5.363395e+01 
5.363395e+01 
5.363395e+01 
5.363395e+01 
5.363395e+01 
5.363395e+01 
5.363395e+01 
5.363395e+01 
5.363395e+01 
5.363395e+01 
5.363395e+01 
5.363395e+01 
5.363395e+01 
5.363395e+01 
5.363395e+01 
5.363395e+01 
5.363395e+01 
5.363395e+01 
5.363395e+01 
5.363395e+01 
5.363395e+01 
5.363395e+01 
5.363395e+01 
5.363395e+01 
5.363395e+01 
5.363395e+01 
5.363395e+01 
5.363395e+01 
5.363395e+01 
5.363395e+01 
5.363395e+01 
5.363395e+01 
5.363395e+01 
5.363395e+01 
5.363395e+01 
5.363395e+01 
5.363395e+01 
5.363395e+01 
5.363395e+01 
5.363395e+01 
5.363395e+01 
5.363395e+01 
5.363395e+01 
5.363395e+01 
5.363395e+01 
5.363395e+01 
5.363395e+01 
5.363395e+01 
5.363395e+01 
5.363395e+01 
5.363395e+01 
5.363395e+01 
5.363395e+01 
5.363395e+01 
5.363395e+01 
5.363395e+01 
5.363395e+01 
5.363395e+01 
5.363395e+01 
5.363395e+01 
5.363395e+01 
5.363395e+01 
5.363395e+01 
5.363395e+01 
5.363395e+01 
5.363395e+01 
5.363395e+01 
5.363395e+01 
5.363395e+01 
5.363395e+01 
5.363395e+01 
5.363395e+01 
5.363395e+01 
5.363395e+01 
5.363395e+01 
5.363395e+01 
5.363395e+01 
5.363395e+01 
5.363395e+01 
5.363395e+01 
5.363395e+01 
5.363395e+01 
5.363395e+01 
5.363395e+01 
5.363395e+01 
5.363395e+01 
5.363395e+01 
5.363395e+01 
5.363395e+01 
5.363395e+01 
5.363395e+01 
5.363395e+01 
5.363395e+01 
5.363395e+01 
5.363395e+01 
5.363395e+01 
5.363395e+01 
5.363395e+01 
5.363395e+01 
5.363395e+01 
5.363395e+01 
5.363395e+01 
5.363395e+01 
5.363395e+01 
5.363395e+01 
5.363395e+01 
5.363395e+01 
5.363395e+01 
5.363395e+01 
5.363395e+01 
5.363395e+01 
5.363395e+01 
5.363395e+01 
5.363395e+01 
5.363395e+01 
5.363395e+01 
5.363395e+01 
5.363395e+01 
5.363395e+01 
5.363395e+01 
5.363395e+01 
5.363395e+01 
5.363395e+01 
5.363395e+01 
5.363395e+01 
5.363395e+01 
5.363395e+01 
5.363395e+01 
5.363395e+01 
5.363395e+01 
5.363395e+01 
5.363395e+01 
5.363395e+01 
5.363395e+01 
5.363395e+01 
5.363395e+01 
5.363395e+01 
5.363395e+01 
5.363395e+01 
5.363395e+01 
5.363395e+01 
5.363395e+01 
5.363395e+01 
5.293505e+01 
5.293505e+01 
5.293505e+01 
5.293505e+01 
5.293505e+01 
5.293505e+01 
5.293505e+01 
5.293505e+01 
5.293505e+01 
5.293505e+01 
5.293505e+01 
5.293505e+01 
5.293505e+01 
5.293505e+01 
5.293505e+01 
5.293505e+01 
5.293505e+01 
5.293505e+01 
5.293505e+01 
5.293505e+01 
5.293505e+01 
5.293505e+01 
5.293505e+01 
5.293505e+01 
5.293505e+01 
5.293505e+01 
5.293505e+01 
5.293505e+01 
5.293505e+01 
5.293505e+01 
5.293505e+01 
5.293505e+01 
5.293505e+01 
5.293505e+01 
5.293505e+01 
5.293505e+01 
5.293505e+01 
5.293505e+01 
5.293505e+01 
5.293505e+01 
5.293505e+01 
5.293505e+01 
5.293505e+01 
5.293505e+01 
5.293505e+01 
5.293505e+01 
5.293505e+01 
5.293505e+01 
5.293505e+01 
5.293505e+01 
5.293505e+01 
5.293505e+01 
5.293505e+01 
5.293505e+01 
5.293505e+01 
5.293505e+01 
5.293505e+01 
5.293505e+01 
5.293505e+01 
5.293505e+01 
5.293505e+01 
5.293505e+01 
5.293505e+01 
5.293505e+01 
5.293505e+01 
5.293505e+01 
5.293505e+01 
5.293505e+01 
5.293505e+01 
5.293505e+01 
5.293505e+01 
5.293505e+01 
5.293505e+01 
5.293505e+01 
5.293505e+01 
5.293505e+01 
5.293505e+01 
5.293505e+01 
5.293505e+01 
5.293505e+01 
5.293505e+01 
5.293505e+01 
5.293505e+01 
5.293505e+01 
5.293505e+01 
5.293505e+01 
5.293505e+01 
5.293505e+01 
5.293505e+01 
5.293505e+01 
5.293505e+01 
5.293505e+01 
5.293505e+01 
5.293505e+01 
5.293505e+01 
5.293505e+01 
5.293505e+01 
5.293505e+01 
5.293505e+01 
5.293505e+01 
5.293505e+01 
5.293505e+01 
5.293505e+01 
5.293505e+01 
5.293505e+01 
5.293505e+01 
5.293505e+01 
5.293505e+01 
5.293505e+01 
5.293505e+01 
5.293505e+01 
5.293505e+01 
5.293505e+01 
5.293505e+01 
5.293505e+01 
5.293505e+01 
5.293505e+01 
5.293505e+01 
5.293505e+01 
5.293505e+01 
5.293505e+01 
5.293505e+01 
5.293505e+01 
5.293505e+01 
5.293505e+01 
5.293505e+01 
5.293505e+01 
5.293505e+01 
5.293505e+01 
5.293505e+01 
5.293505e+01 
5.293505e+01 
5.293505e+01 
5.284807e+01 
5.284807e+01 
5.284807e+01 
5.284807e+01 
5.284807e+01 
5.284807e+01 
5.284807e+01 
5.284807e+01 
5.284807e+01 
5.284807e+01 
5.284807e+01 
5.284807e+01 
5.284807e+01 
5.284807e+01 
5.284807e+01 
5.284807e+01 
5.284807e+01 
5.284807e+01 
5.284807e+01 
5.284807e+01 
5.284807e+01 
5.284807e+01 
5.284807e+01 
5.284807e+01 
5.284807e+01 
5.284807e+01 
5.284807e+01 
5.284807e+01 
5.284807e+01 
5.284807e+01 
5.284807e+01 
5.284807e+01 
5.284807e+01 
5.284807e+01 
5.284807e+01 
5.284807e+01 
5.284807e+01 
5.284807e+01 
5.284807e+01 
5.284807e+01 
5.284807e+01 
5.284807e+01 
5.284807e+01 
5.284807e+01 
5.284807e+01 
5.284807e+01 
5.284807e+01 
5.284807e+01 
5.284807e+01 
5.284807e+01 
5.284807e+01 
5.284807e+01 
5.284807e+01 
5.284807e+01 
5.284807e+01 
5.284807e+01 
5.284807e+01 
5.284807e+01 
5.284807e+01 
5.284807e+01 
5.284807e+01 
5.284807e+01 
5.284807e+01 
5.284807e+01 
5.284807e+01 
5.284807e+01 
5.284807e+01 
5.284807e+01 
5.284807e+01 
5.284807e+01 
5.284807e+01 
5.284807e+01 
5.284807e+01 
5.284807e+01 
5.284807e+01 
5.284807e+01 
5.284807e+01 
5.284807e+01 
5.284807e+01 
5.284807e+01 
5.284807e+01 
5.284807e+01 
5.284807e+01 
5.284807e+01 
5.284807e+01 
5.284807e+01 
5.284807e+01 
5.284807e+01 
5.284807e+01 
5.284807e+01 
5.284807e+01 
5.284807e+01 
5.284807e+01 
5.284807e+01 
5.284807e+01 
5.284807e+01 
5.284807e+01 
5.284807e+01 
5.284807e+01 
5.284807e+01 
5.284807e+01 
5.284807e+01 
5.284807e+01 
5.284807e+01 
5.284807e+01 
5.284807e+01 
5.284807e+01 
5.284807e+01 
5.284807e+01 
5.284807e+01 
5.284807e+01 
5.284807e+01 
5.284807e+01 
5.284807e+01 
5.284807e+01 
5.284807e+01 
5.284807e+01 
5.284807e+01 
5.284807e+01 
5.284807e+01 
5.284807e+01 
5.284807e+01 
5.284807e+01 
5.284807e+01 
5.284807e+01 
5.284807e+01 
5.284807e+01 
5.284807e+01 
5.284807e+01 
5.284807e+01 
5.284807e+01 
5.284807e+01 
5.284807e+01 
5.284807e+01 
5.284807e+01 
5.284807e+01 
5.284807e+01 
5.284807e+01 
5.284807e+01 
5.284807e+01 
5.284807e+01 
5.284807e+01 
5.284807e+01 
5.284807e+01 
5.284807e+01 
5.284807e+01 
5.284807e+01 
5.284807e+01 
5.284807e+01 
5.284807e+01 
5.284807e+01 
5.284807e+01 
5.284807e+01 
5.284807e+01 
5.284807e+01 
5.284807e+01 
5.284807e+01 
5.284807e+01 
5.284807e+01 
5.284807e+01 
5.284807e+01 
5.284807e+01 
5.284807e+01 
5.284807e+01 
5.284807e+01 
5.284807e+01 
5.284807e+01 
5.284807e+01 
5.284807e+01 
5.284807e+01 
5.284807e+01 
5.284807e+01 
5.284807e+01 
5.284807e+01 
5.284807e+01 
5.284807e+01 
5.284807e+01 
5.284807e+01 
5.284807e+01 
5.284807e+01 
5.284807e+01 
5.284807e+01 
5.284807e+01 
5.284807e+01 
5.284807e+01 
5.284807e+01 
5.284807e+01 
5.284807e+01 
5.284807e+01 
5.232865e+01 
5.232865e+01 
5.232865e+01 
5.232865e+01 
5.232865e+01 
5.232865e+01 
5.232865e+01 
5.232865e+01 
5.232865e+01 
5.232865e+01 
5.232865e+01 
5.232865e+01 
5.232865e+01 
5.232865e+01 
5.232865e+01 
5.232865e+01 
5.232865e+01 
5.232865e+01 
5.232865e+01 
5.232865e+01 
5.232865e+01 
5.232865e+01 
5.232865e+01 
5.232865e+01 
5.232865e+01 
5.232865e+01 
5.232865e+01 
5.232865e+01 
5.232865e+01 
5.232865e+01 
5.232865e+01 
5.232865e+01 
5.232865e+01 
5.232865e+01 
5.232865e+01 
5.232865e+01 
5.232865e+01 
5.232865e+01 
5.232865e+01 
5.232865e+01 
5.232865e+01 
5.232865e+01 
5.232865e+01 
5.232865e+01 
5.232865e+01 
5.232865e+01 
5.232865e+01 
5.232865e+01 
5.232865e+01 
5.232865e+01 
5.232865e+01 
5.232865e+01 
5.232865e+01 
5.232865e+01 
5.232865e+01 
5.232865e+01 
5.232865e+01 
5.232865e+01 
5.232865e+01 
5.232865e+01 
5.232865e+01 
5.232865e+01 
5.232865e+01 
5.232865e+01 
5.232865e+01 
5.232865e+01 
5.232865e+01 
5.232865e+01 
5.232865e+01 
5.232865e+01 
5.232865e+01 
5.232865e+01 
5.232865e+01 
5.232865e+01 
5.232865e+01 
5.232865e+01 
5.232865e+01 
5.232865e+01 
5.232865e+01 
5.232865e+01 
5.232865e+01 
5.232865e+01 
5.232865e+01 
5.232865e+01 
5.232865e+01 
5.232865e+01 
5.232865e+01 
5.232865e+01 
5.232865e+01 
5.232865e+01 
5.232865e+01 
5.232865e+01 
5.232865e+01 
5.232865e+01 
5.232865e+01 
5.232865e+01 
5.232865e+01 
5.232865e+01 
5.232865e+01 
5.232865e+01 
5.232865e+01 
5.232865e+01 
5.232865e+01 
5.179023e+01 
5.179023e+01 
5.179023e+01 
5.179023e+01 
5.179023e+01 
5.179023e+01 
5.179023e+01 
5.179023e+01 
5.179023e+01 
5.179023e+01 
5.179023e+01 
5.179023e+01 
5.179023e+01 
5.179023e+01 
5.179023e+01 
5.179023e+01 
5.179023e+01 
5.179023e+01 
5.179023e+01 
5.179023e+01 
5.179023e+01 
5.179023e+01 
5.179023e+01 
5.179023e+01 
5.179023e+01 
5.179023e+01 
5.179023e+01 
5.179023e+01 
5.179023e+01 
5.179023e+01 
5.179023e+01 
5.179023e+01 
5.179023e+01 
5.179023e+01 
5.179023e+01 
5.179023e+01 
5.179023e+01 
5.179023e+01 
5.179023e+01 
5.179023e+01 
5.179023e+01 
5.179023e+01 
5.179023e+01 
5.179023e+01 
5.179023e+01 
5.179023e+01 
5.179023e+01 
5.179023e+01 
5.179023e+01 
5.179023e+01 
5.179023e+01 
5.179023e+01 
5.179023e+01 
5.179023e+01 
5.179023e+01 
5.179023e+01 
5.179023e+01 
5.179023e+01 
5.179023e+01 
5.179023e+01 
5.179023e+01 
5.179023e+01 
5.179023e+01 
5.179023e+01 
5.179023e+01 
5.179023e+01 
5.179023e+01 
5.179023e+01 
5.179023e+01 
5.179023e+01 
5.179023e+01 
5.179023e+01 
5.179023e+01 
5.179023e+01 
5.179023e+01 
5.179023e+01 
5.179023e+01 
5.179023e+01 
5.179023e+01 
5.179023e+01 
5.179023e+01 
5.179023e+01 
5.179023e+01 
5.179023e+01 
5.179023e+01 
5.179023e+01 
5.179023e+01 
5.179023e+01 
5.179023e+01 
5.179023e+01 
5.179023e+01 
5.179023e+01 
5.179023e+01 
5.179023e+01 
5.179023e+01 
5.179023e+01 
5.179023e+01 
5.179023e+01 
5.179023e+01 
5.179023e+01 
5.147511e+01 
5.147511e+01 
5.147511e+01 
5.147511e+01 
5.147511e+01 
5.147511e+01 
5.147511e+01 
5.147511e+01 
5.147511e+01 
5.147511e+01 
5.147511e+01 
5.147511e+01 
5.147511e+01 
5.147511e+01 
5.147511e+01 
5.147511e+01 
5.147511e+01 
5.147511e+01 
5.147511e+01 
5.147511e+01 
5.147511e+01 
5.147511e+01 
5.147511e+01 
5.147511e+01 
5.147511e+01 
5.147511e+01 
5.147511e+01 
5.147511e+01 
5.147511e+01 
5.147511e+01 
5.147511e+01 
5.147511e+01 
5.147511e+01 
5.147511e+01 
5.147511e+01 
5.147511e+01 
5.147511e+01 
5.147511e+01 
5.147511e+01 
5.147511e+01 
5.147511e+01 
5.147511e+01 
5.147511e+01 
5.147511e+01 
5.147511e+01 
5.147511e+01 
5.147511e+01 
5.147511e+01 
5.147511e+01 
5.147511e+01 
5.147511e+01 
5.147511e+01 
5.147511e+01 
5.147511e+01 
5.147511e+01 
5.147511e+01 
5.147511e+01 
5.147511e+01 
5.147511e+01 
5.147511e+01 
5.147511e+01 
5.147511e+01 
5.147511e+01 
5.147511e+01 
5.147511e+01 
5.147511e+01 
5.147511e+01 
5.147511e+01 
5.147511e+01 
5.147511e+01 
5.147511e+01 
5.147511e+01 
5.147511e+01 
5.147511e+01 
5.147511e+01 
5.147511e+01 
5.147511e+01 
5.147511e+01 
5.147511e+01 
5.147511e+01 
5.147511e+01 
5.147511e+01 
5.147511e+01 
5.147511e+01 
5.147511e+01 
5.147511e+01 
5.147511e+01 
5.147511e+01 
5.147511e+01 
5.147511e+01 
5.147511e+01 
5.147511e+01 
5.147511e+01 
5.147511e+01 
5.147511e+01 
5.147511e+01 
5.147511e+01 
5.147511e+01 
5.147511e+01 
5.147511e+01 
5.147511e+01 
5.147511e+01 
5.147511e+01 
5.147511e+01 
5.147511e+01 
5.147511e+01 
5.147511e+01 
5.147511e+01 
5.147511e+01 
5.147511e+01 
5.147511e+01 
5.147511e+01 
5.147511e+01 
5.147511e+01 
5.147511e+01 
5.147511e+01 
5.147511e+01 
5.147511e+01 
5.147511e+01 
5.147511e+01 
5.147511e+01 
5.147511e+01 
5.147511e+01 
5.147511e+01 
5.147511e+01 
5.147511e+01 
5.147511e+01 
5.147511e+01 
5.147511e+01 
5.147511e+01 
5.147511e+01 
5.147511e+01 
5.147511e+01 
5.147511e+01 
5.147511e+01 
5.147511e+01 
5.147511e+01 
5.147511e+01 
5.147511e+01 
5.147511e+01 
5.147511e+01 
5.147511e+01 
5.147511e+01 
5.147511e+01 
5.147511e+01 
5.147511e+01 
5.147511e+01 
5.147511e+01 
5.147511e+01 
5.147511e+01 
5.147511e+01 
5.147511e+01 
5.147511e+01 
5.147511e+01 
5.147511e+01 
5.147511e+01 
5.147511e+01 
5.147511e+01 
5.147511e+01 
5.147511e+01 
5.147511e+01 
5.147511e+01 
5.147511e+01 
5.147511e+01 
5.147511e+01 
5.147511e+01 
5.147511e+01 
5.147511e+01 
5.147511e+01 
5.147511e+01 
5.147511e+01 
5.147511e+01 
5.147511e+01 
5.147511e+01 
5.147511e+01 
5.147511e+01 
5.147511e+01 
5.147511e+01 
5.147511e+01 
5.147511e+01 
5.147511e+01 
5.147511e+01 
5.147511e+01 
5.147511e+01 
5.147511e+01 
5.147511e+01 
5.147511e+01 
5.147511e+01 
5.147511e+01 
5.147511e+01 
5.147511e+01 
5.147511e+01 
5.147511e+01 
5.147511e+01 
5.147511e+01 
5.147511e+01 
5.147511e+01 
5.147511e+01 
5.147511e+01 
5.147511e+01 
5.147511e+01 
5.147511e+01 
5.147511e+01 
5.147511e+01 
5.147511e+01 
5.147511e+01 
5.147511e+01 
5.147511e+01 
5.147511e+01 
5.147511e+01 
5.147511e+01 
5.147511e+01 
5.147511e+01 
5.147511e+01 
5.147511e+01 
5.147511e+01 
5.147511e+01 
5.147511e+01 
5.147511e+01 
5.147511e+01 
5.147511e+01 
5.147511e+01 
5.147511e+01 
5.147511e+01 
5.147511e+01 
5.147511e+01 
5.147511e+01 
5.147511e+01 
5.147511e+01 
5.147511e+01 
5.147511e+01 
5.147511e+01 
5.147511e+01 
5.147511e+01 
5.147511e+01 
5.147511e+01 
5.147511e+01 
5.147511e+01 
5.147511e+01 
5.147511e+01 
5.147511e+01 
5.147511e+01 
5.147511e+01 
5.147511e+01 
5.147511e+01 
5.147511e+01 
5.147511e+01 
5.147511e+01 
5.147511e+01 
5.147511e+01 
5.147511e+01 
5.147511e+01 
5.147511e+01 
5.119286e+01 
5.119286e+01 
5.119286e+01 
5.119286e+01 
5.119286e+01 
5.119286e+01 
5.119286e+01 
5.119286e+01 
5.119286e+01 
5.093284e+01 
5.093284e+01 
5.093284e+01 
5.093284e+01 
5.093284e+01 
5.093284e+01 
5.093284e+01 
5.093284e+01 
5.093284e+01 
5.093284e+01 
5.093284e+01 
5.093284e+01 
5.093284e+01 
5.093284e+01 
5.093284e+01 
5.093284e+01 
5.093284e+01 
5.093284e+01 
5.093284e+01 
5.093284e+01 
5.093284e+01 
5.093284e+01 
5.093284e+01 
5.093284e+01 
5.093284e+01 
5.093284e+01 
5.093284e+01 
5.093284e+01 
5.093284e+01 
5.090439e+01 
5.090439e+01 
5.090439e+01 
5.090439e+01 
5.090439e+01 
5.090439e+01 
5.090439e+01 
5.090439e+01 
5.090439e+01 
5.090439e+01 
5.090439e+01 
5.090439e+01 
5.090439e+01 
5.090439e+01 
5.090439e+01 
5.090439e+01 
5.090439e+01 
5.090439e+01 
5.090439e+01 
5.090439e+01 
5.090439e+01 
5.090439e+01 
5.090439e+01 
5.090439e+01 
5.090439e+01 
5.090439e+01 
5.090439e+01 
5.090439e+01 
5.090439e+01 
5.090439e+01 
5.090439e+01 
5.090439e+01 
5.090439e+01 
5.090439e+01 
5.090439e+01 
5.090439e+01 
5.090439e+01 
5.090439e+01 
5.090439e+01 
5.090439e+01 
5.090439e+01 
5.090439e+01 
5.090439e+01 
5.090439e+01 
5.090439e+01 
5.090439e+01 
5.090439e+01 
5.090439e+01 
5.090439e+01 
5.090439e+01 
5.090439e+01 
5.090439e+01 
5.090439e+01 
5.090439e+01 
5.090439e+01 
5.090439e+01 
5.090439e+01 
5.090439e+01 
5.090439e+01 
5.090439e+01 
5.090439e+01 
5.090439e+01 
5.090439e+01 
5.090439e+01 
5.090439e+01 
5.090439e+01 
5.090439e+01 
5.090439e+01 
5.090439e+01 
5.090439e+01 
5.090439e+01 
5.090439e+01 
5.090439e+01 
5.090439e+01 
5.090439e+01 
5.090439e+01 
5.090439e+01 
5.090439e+01 
5.090439e+01 
5.090439e+01 
5.090439e+01 
5.090439e+01 
5.090439e+01 
5.090439e+01 
5.090439e+01 
5.090439e+01 
5.090439e+01 
5.090439e+01 
5.090439e+01 
5.090439e+01 
5.090439e+01 
5.090439e+01 
5.090439e+01 
5.090439e+01 
5.090439e+01 
5.090439e+01 
5.090439e+01 
5.090439e+01 
5.090439e+01 
5.090439e+01 
5.063353e+01 
5.063353e+01 
5.063353e+01 
5.063353e+01 
5.047111e+01 
5.047111e+01 
5.047111e+01 
5.047111e+01 
5.047111e+01 
5.047111e+01 
5.047111e+01 
5.047111e+01 
5.047111e+01 
5.047111e+01 
5.047111e+01 
5.047111e+01 
5.047111e+01 
5.047111e+01 
5.047111e+01 
5.047111e+01 
5.047111e+01 
5.047111e+01 
5.047111e+01 
5.047111e+01 
5.047111e+01 
5.047111e+01 
5.047111e+01 
5.047111e+01 
5.047111e+01 
5.047111e+01 
5.047111e+01 
5.047111e+01 
5.047111e+01 
5.047111e+01 
5.047111e+01 
5.047111e+01 
5.047111e+01 
5.047111e+01 
5.047111e+01 
5.047111e+01 
5.047111e+01 
5.047111e+01 
5.047111e+01 
5.047111e+01 
5.047111e+01 
5.047111e+01 
5.047111e+01 
5.047111e+01 
5.047111e+01 
5.047111e+01 
5.047111e+01 
5.047111e+01 
5.047111e+01 
5.047111e+01 
5.047111e+01 
5.046012e+01 
5.030114e+01 
5.030114e+01 
5.030114e+01 
5.030114e+01 
5.021411e+01 
5.012601e+01 
5.012601e+01 
5.012601e+01 
5.012601e+01 
5.012601e+01 
5.012601e+01 
5.012601e+01 
5.012601e+01 
5.012601e+01 
5.012601e+01 
5.012601e+01 
5.012504e+01 
5.012504e+01 
5.012504e+01 
5.012504e+01 
5.012504e+01 
5.012504e+01 
5.012504e+01 
5.012504e+01 
5.012504e+01 
5.012504e+01 
5.008362e+01 
5.005992e+01 
5.005247e+01 
5.005247e+01 
5.004503e+01 
5.004203e+01 
5.004203e+01 
5.004160e+01 
5.004160e+01 
5.004160e+01 
5.004115e+01 
5.004037e+01 
5.004037e+01 
5.004037e+01 
5.003528e+01 
5.002844e+01 
5.002367e+01 
5.002030e+01 
5.001790e+01 
5.001617e+01 
5.001490e+01 
5.001397e+01 
5.001327e+01 
5.001274e+01 
5.001234e+01 
5.001203e+01 
5.001179e+01 
5.001161e+01 
5.001146e+01 
5.001135e+01 
5.001126e+01 
5.001119e+01 
5.001113e+01 
5.001109e+01 
5.001105e+01 
5.001103e+01 
5.001100e+01 
5.001099e+01 
5.001097e+01 
5.001096e+01 
5.001095e+01 
5.001095e+01 
5.001094e+01 
5.001094e+01 
5.001093e+01 
5.001093e+01 
5.001093e+01 
5.001093e+01 
5.001092e+01 
5.001092e+01 
5.001092e+01 
5.001092e+01 
5.001092e+01 
5.001092e+01 
5.001092e+01 
5.001092e+01 
5.001092e+01 
5.001092e+01 
5.001092e+01 
5.001092e+01 
5.001092e+01 
5.001092e+01 
5.001092e+01 
5.001092e+01 
5.001092e+01 
5.001092e+01 
5.001092e+01 
5.001092e+01 
5.001092e+01 
5.001092e+01 
5.001092e+01 
5.001092e+01 
5.001092e+01 
5.001092e+01 
5.001092e+01 
5.001092e+01 
5.001092e+01 
5.001092e+01 
5.001092e+01 
5.001092e+01 
5.001092e+01 
5.001092e+01 
5.001092e+01 
5.001092e+01 
5.001092e+01 
5.001092e+01 
5.001092e+01 
5.001092e+01 
5.001092e+01 
5.001092e+01 
5.001092e+01 
5.001092e+01 
5.001092e+01 
5.001092e+01 
5.001092e+01 
5.001092e+01 
4.972311e+01 
4.972311e+01 
4.972311e+01 
4.972311e+01 
4.972311e+01 
4.972311e+01 
4.972311e+01 
4.972311e+01 
4.972311e+01 
4.972311e+01 
4.966964e+01 
4.966964e+01 
4.966964e+01 
4.966964e+01 
4.966964e+01 
4.966964e+01 
4.966964e+01 
4.966964e+01 
4.966964e+01 
4.966964e+01 
4.966964e+01 
4.966964e+01 
4.966964e+01 
4.966964e+01 
4.966964e+01 
4.966964e+01 
4.945755e+01 
4.945755e+01 
4.932492e+01 
4.932492e+01 
4.927577e+01 
4.923518e+01 
4.923518e+01 
4.917873e+01 
4.917873e+01 
4.917873e+01 
4.917873e+01 
4.917873e+01 
4.917873e+01 
4.917873e+01 
4.917873e+01 
4.917765e+01 
4.917765e+01 
4.917765e+01 
4.917601e+01 
4.917601e+01 
4.917601e+01 
4.917212e+01 
4.917212e+01 
4.917212e+01 
4.917212e+01 
4.917212e+01 
4.916692e+01 
4.916692e+01 
4.916692e+01 
4.916692e+01 
4.916692e+01 
4.916347e+01 
4.916347e+01 
4.916347e+01 
4.916347e+01 
4.916347e+01 
4.916347e+01 
4.916260e+01 
4.916260e+01 
4.916260e+01 
4.915570e+01 
4.915570e+01 
4.915570e+01 
4.915570e+01 
4.915570e+01 
4.915570e+01 
4.914685e+01 
4.914685e+01 
4.914685e+01 
4.914685e+01 
4.914685e+01 
4.914685e+01 
4.914685e+01 
4.914685e+01 
4.914685e+01 
4.914685e+01 
4.914685e+01 
4.914685e+01 
4.914685e+01 
4.914685e+01 
4.914685e+01 
4.914685e+01 
4.914685e+01 
4.914685e+01 
4.914685e+01 
4.914685e+01 
4.914685e+01 
4.914685e+01 
4.914685e+01 
4.914685e+01 
4.914685e+01 
4.914685e+01 
4.914685e+01 
4.914685e+01 
4.914685e+01 
4.914685e+01 
4.914685e+01 
4.914685e+01 
4.914685e+01 
4.914685e+01 
4.914685e+01 
4.914685e+01 
4.914685e+01 
4.914685e+01 
4.913678e+01 
4.913662e+01 
4.913662e+01 
4.913565e+01 
4.913565e+01 
4.913565e+01 
4.913565e+01 
4.913565e+01 
4.913518e+01 
4.913518e+01 
4.913518e+01 
4.913518e+01 
4.913518e+01 
4.913255e+01 
4.913215e+01 
4.913215e+01 
4.913028e+01 
4.913028e+01 
4.913028e+01 
4.913028e+01 
4.912946e+01 
4.912946e+01 
4.912946e+01 
4.912946e+01 
4.912946e+01 
4.912946e+01 
4.912946e+01 
4.912946e+01 
4.912946e+01 
4.912946e+01 
4.912941e+01 
4.912941e+01 
4.912941e+01 
4.912931e+01 
4.912919e+01 
4.912910e+01 
4.912904e+01 
4.912900e+01 
4.912897e+01 
4.912895e+01 
4.912894e+01 
4.912892e+01 
4.912892e+01 
4.912891e+01 
4.912890e+01 
4.912890e+01 
4.912890e+01 
4.912889e+01 
4.912889e+01 
4.912889e+01 
4.912889e+01 
4.912889e+01 
4.912889e+01 
4.912889e+01 
4.912889e+01 
4.912889e+01 
4.912889e+01 
4.912889e+01 
4.912889e+01 
4.912889e+01 
4.912889e+01 
4.912889e+01 
4.912889e+01 
4.912889e+01 
4.912889e+01 
4.912889e+01 
4.912889e+01 
4.912889e+01 
4.912889e+01 
4.912889e+01 
4.912889e+01 
4.912889e+01 
4.912889e+01 
4.912889e+01 
4.912889e+01 
4.912889e+01 
4.912889e+01 
4.912889e+01 
4.912889e+01 
4.912889e+01 
4.912889e+01 
4.912889e+01 
4.912889e+01 
4.912889e+01 
4.912889e+01 
4.912889e+01 
4.912889e+01 
4.912889e+01 
4.912889e+01 
4.912889e+01 
4.912889e+01 
4.912889e+01 
4.912889e+01 
4.912889e+01 
4.912889e+01 
4.912889e+01 
4.912889e+01 
4.912889e+01 
4.912889e+01 
4.912889e+01 
4.912889e+01 
4.912889e+01 
4.912889e+01 
4.912889e+01 
4.912889e+01 
4.912889e+01 
4.912889e+01 
4.912889e+01 
4.912889e+01 
4.912591e+01 
4.912591e+01 
4.912591e+01 
4.912591e+01 
4.910998e+01 
4.908680e+01 
4.907067e+01 
4.905930e+01 
4.905118e+01 
4.904531e+01 
4.904101e+01 
4.903783e+01 
4.903546e+01 
4.903367e+01 
4.903231e+01 
4.903127e+01 
4.903047e+01 
4.902986e+01 
4.902938e+01 
4.902902e+01 
4.902873e+01 
4.902851e+01 
4.902834e+01 
4.902820e+01 
4.902810e+01 
4.902801e+01 
4.902795e+01 
4.902790e+01 
4.902786e+01 
4.902783e+01 
4.902780e+01 
4.902779e+01 
4.902777e+01 
4.902776e+01 
4.902775e+01 
4.902774e+01 
4.902774e+01 
4.902773e+01 
4.902773e+01 
4.902773e+01 
4.902773e+01 
4.902772e+01 
4.902772e+01 
4.902772e+01 
4.902772e+01 
4.902772e+01 
4.902772e+01 
4.902772e+01 
4.902772e+01 
4.902772e+01 
4.902772e+01 
4.902772e+01 
4.902772e+01 
4.902772e+01 
4.902772e+01 
4.902772e+01 
4.902772e+01 
4.902772e+01 
4.902772e+01 
4.902772e+01 
4.902482e+01 
4.901943e+01 
4.901887e+01 
4.901887e+01 
4.901887e+01 
4.901650e+01 
4.901191e+01 
4.900948e+01 
4.900827e+01 
4.900775e+01 
4.900760e+01 
4.900760e+01 
4.900592e+01 
4.900475e+01 
4.900393e+01 
4.900334e+01 
4.900293e+01 
4.900263e+01 
4.900240e+01 
4.900224e+01 
4.900211e+01 
4.900202e+01 
4.900195e+01 
4.900190e+01 
4.900185e+01 
4.900182e+01 
4.900180e+01 
4.900178e+01 
4.900176e+01 
4.900175e+01 
4.900174e+01 
4.900174e+01 
4.900173e+01 
4.900173e+01 
4.900172e+01 
4.900172e+01 
4.900172e+01 
4.900172e+01 
4.900172e+01 
4.900172e+01 
4.900171e+01 
4.900171e+01 
4.900171e+01 
4.900171e+01 
4.900171e+01 
4.900171e+01 
4.900171e+01 
4.900171e+01 
4.900171e+01 
4.900171e+01 
4.900171e+01 
4.900171e+01 
4.900171e+01 
4.900171e+01 
4.900171e+01 
4.900171e+01 
4.900171e+01 
4.900171e+01 
4.900171e+01 
4.900171e+01 
4.900171e+01 
4.900171e+01 
4.900171e+01 
4.900171e+01 
4.900171e+01 
4.900171e+01 
4.900171e+01 
4.900171e+01 
4.900171e+01 
4.900171e+01 
4.900171e+01 
4.900171e+01 
4.900171e+01 
4.900171e+01 
4.900171e+01 
4.900171e+01 
4.900171e+01 
4.900171e+01 
4.900171e+01 
4.900171e+01 
4.900171e+01 
4.900171e+01 
4.900171e+01 
4.900171e+01 
4.900171e+01 
4.900171e+01 
4.900171e+01 
4.900171e+01 
4.900127e+01 
4.900009e+01 
4.899967e+01 
4.899967e+01 
4.899967e+01 
4.899967e+01 
4.899967e+01 
4.899949e+01 
4.899948e+01 
4.899948e+01 
4.899688e+01 
4.899688e+01 
4.899688e+01 
4.899688e+01 
4.899385e+01 
4.899385e+01 
4.899385e+01 
4.899385e+01 
4.899343e+01 
4.899343e+01 
4.899343e+01 
4.899331e+01 
4.899331e+01 
4.899282e+01 
4.899242e+01 
4.899217e+01 
4.899202e+01 
4.899192e+01 
4.899186e+01 
4.899182e+01 
4.899179e+01 
4.899177e+01 
4.899176e+01 
4.899175e+01 
4.899175e+01 
4.899174e+01 
4.899174e+01 
4.899174e+01 
4.899174e+01 
4.899174e+01 
4.899174e+01 
4.899173e+01 
4.899173e+01 
4.899173e+01 
4.899173e+01 
4.899173e+01 
4.899173e+01 
4.899173e+01 
4.899173e+01 
4.899173e+01 
4.899173e+01 
4.899173e+01 
4.899173e+01 
4.899173e+01 
4.899173e+01 
4.899173e+01 
4.899173e+01 
4.899173e+01 
4.899173e+01 
4.899173e+01 
4.899173e+01 
4.899173e+01 
4.899173e+01 
4.899173e+01 
4.899173e+01 
4.899173e+01 
4.899173e+01 
4.899173e+01 
4.899173e+01 
4.899173e+01 
4.899173e+01 
4.899173e+01 
4.899173e+01 
4.899173e+01 
4.899173e+01 
4.899173e+01 
4.899173e+01 
4.899173e+01 
4.899173e+01 
4.899158e+01 
4.899158e+01 
4.898889e+01 
4.898677e+01 
4.898529e+01 
4.898425e+01 
4.898350e+01 
4.898296e+01 
4.898257e+01 
4.898227e+01 
4.898205e+01 
4.898189e+01 
4.898177e+01 
4.898167e+01 
4.898160e+01 
4.898154e+01 
4.898150e+01 
4.898147e+01 
4.898145e+01 
4.898143e+01 
4.898141e+01 
4.898140e+01 
4.898139e+01 
4.898139e+01 
4.898138e+01 
4.898138e+01 
4.898137e+01 
4.898137e+01 
4.898137e+01 
4.898137e+01 
4.898137e+01 
4.898137e+01 
4.898137e+01 
4.898136e+01 
4.898136e+01 
4.898136e+01 
4.898136e+01 
4.898136e+01 
4.898136e+01 
4.898136e+01 
4.898136e+01 
4.898136e+01 
4.898136e+01 
4.898136e+01 
4.898136e+01 
4.898136e+01 
4.898136e+01 
4.898136e+01 
4.898136e+01 
4.898136e+01 
4.898136e+01 
4.898136e+01 
4.898136e+01 
4.898136e+01 
4.898136e+01 
4.898136e+01 
4.898136e+01 
4.898136e+01 
4.898136e+01 
4.898136e+01 
4.898136e+01 
4.898136e+01 
4.898136e+01 
4.898136e+01 
4.898136e+01 
4.898136e+01 
4.898136e+01 
4.898136e+01 
4.898136e+01 
4.898136e+01 
4.898136e+01 
4.898136e+01 
4.898136e+01 
4.897954e+01 
4.897954e+01 
4.897916e+01 
4.897916e+01 
4.897916e+01 
4.897916e+01 
4.897790e+01 
4.897790e+01 
4.897774e+01 
4.897774e+01 
4.897417e+01 
4.897073e+01 
4.896887e+01 
4.896789e+01 
4.896742e+01 
4.896721e+01 
4.896715e+01 
4.896715e+01 
4.896715e+01 
4.896704e+01 
4.896683e+01 
4.896667e+01 
4.896656e+01 
4.896647e+01 
4.896640e+01 
4.896635e+01 
4.896631e+01 
4.896629e+01 
4.896626e+01 
4.896625e+01 
4.896623e+01 
4.896622e+01 
4.896622e+01 
4.896621e+01 
4.896621e+01 
4.896620e+01 
4.896620e+01 
4.896620e+01 
4.896620e+01 
4.896620e+01 
4.896619e+01 
4.896619e+01 
4.896619e+01 
4.896619e+01 
4.896619e+01 
4.896619e+01 
4.896619e+01 
4.896619e+01 
4.896619e+01 
4.896619e+01 
4.896619e+01 
4.896619e+01 
4.896619e+01 
4.896619e+01 
4.896619e+01 
4.896619e+01 
4.896619e+01 
4.896619e+01 
4.896619e+01 
4.896619e+01 
4.896619e+01 
4.896619e+01 
4.896444e+01 
4.896390e+01 
4.896218e+01 
4.896089e+01 
4.895991e+01 
4.895917e+01 
4.895861e+01 
4.895819e+01 
4.895786e+01 
4.895761e+01 
4.895743e+01 
4.895728e+01 
4.895717e+01 
4.895709e+01 
4.895702e+01 
4.895697e+01 
4.895694e+01 
4.895691e+01 
4.895689e+01 
4.895687e+01 
4.895686e+01 
4.895685e+01 
4.895684e+01 
4.895683e+01 
4.895683e+01 
4.895682e+01 
4.895682e+01 
4.895682e+01 
4.895682e+01 
4.895682e+01 
4.895682e+01 
4.895682e+01 
4.895682e+01 
4.895682e+01 
4.895681e+01 
4.895681e+01 
4.895681e+01 
4.895681e+01 
4.895681e+01 
4.895681e+01 
4.895681e+01 
4.895681e+01 
4.895681e+01 
4.895681e+01 
4.895681e+01 
4.895533e+01 
4.895533e+01 
4.895505e+01 
4.895449e+01 
4.895422e+01 
4.895409e+01 
4.895404e+01 
4.895403e+01 
4.895403e+01 
4.895397e+01 
4.895397e+01 
4.895397e+01 
4.895397e+01 
4.895367e+01 
4.862424e+01 
4.862424e+01 
4.862424e+01 
4.862424e+01 
4.856784e+01 
4.854546e+01 
4.854546e+01 
4.854546e+01 
4.854546e+01 
4.854546e+01 
4.853567e+01 
4.851911e+01 
4.851028e+01 
4.850579e+01 
4.850367e+01 
4.850281e+01 
4.850259e+01 
4.850259e+01 
4.849973e+01 
4.849789e+01 
4.849673e+01 
4.849599e+01 
4.849551e+01 
4.849519e+01 
4.849497e+01 
4.849482e+01 
4.849472e+01 
4.849465e+01 
4.849459e+01 
4.849455e+01 
4.849453e+01 
4.849451e+01 
4.849449e+01 
4.849448e+01 
4.849447e+01 
4.849446e+01 
4.849446e+01 
4.849445e+01 
4.849445e+01 
4.849445e+01 
4.849445e+01 
4.849445e+01 
4.849444e+01 
4.849444e+01 
4.849444e+01 
4.849444e+01 
4.849444e+01 
4.849444e+01 
4.849444e+01 
4.849444e+01 
4.849444e+01 
4.849444e+01 
4.849444e+01 
4.849444e+01 
4.849444e+01 
4.849444e+01 
4.849444e+01 
4.849444e+01 
4.847435e+01 
4.846454e+01 
4.846454e+01 
4.846454e+01 
4.846454e+01 
4.846454e+01 
4.846314e+01 
4.846314e+01 
4.846314e+01 
4.846314e+01 
4.846314e+01 
4.846314e+01 
4.846314e+01 
4.846314e+01 
4.846314e+01 
4.846314e+01 
4.846314e+01 
4.846314e+01 
4.846314e+01 
4.846314e+01 
4.846291e+01 
4.846291e+01 
4.846291e+01 
4.846291e+01 
4.846291e+01 
4.846291e+01 
4.846291e+01 
4.846291e+01 
4.846291e+01 
4.846291e+01 
4.846291e+01 
4.846291e+01 
4.846291e+01 
4.846291e+01 
4.846291e+01 
4.846291e+01 
4.846291e+01 
4.846291e+01 
4.846291e+01 
4.846291e+01 
4.846291e+01 
4.846291e+01 
4.846291e+01 
4.846291e+01 
4.846291e+01 
4.846291e+01 
4.846291e+01 
4.846291e+01 
4.846291e+01 
4.846291e+01 
4.846291e+01 
4.846291e+01 
4.846291e+01 
4.846291e+01 
4.846291e+01 
4.846291e+01 
4.846291e+01 
4.846291e+01 
4.846291e+01 
4.846291e+01 
4.846291e+01 
4.846291e+01 
4.846291e+01 
4.846291e+01 
4.846291e+01 
4.846291e+01 
4.846291e+01 
4.846291e+01 
4.846291e+01 
4.846291e+01 
4.846291e+01 
4.846291e+01 
4.846291e+01 
4.846264e+01 
4.846264e+01 
4.846264e+01 
4.846264e+01 
4.846264e+01 
4.846264e+01 
4.846264e+01 
4.846264e+01 
4.846264e+01 
4.846264e+01 
4.846264e+01 
4.846264e+01 
4.846264e+01 
4.846264e+01 
4.846264e+01 
4.846264e+01 
4.846264e+01 
4.846264e+01 
4.846264e+01 
4.846264e+01 
4.846264e+01 
4.846264e+01 
4.846264e+01 
4.846264e+01 
4.846264e+01 
4.846264e+01 
4.846264e+01 
4.846264e+01 
4.846264e+01 
4.846264e+01 
4.846264e+01 
4.846264e+01 
4.846264e+01 
4.846264e+01 
4.846264e+01 
4.846260e+01 
4.846260e+01 
4.846260e+01 
4.846260e+01 
4.846260e+01 
4.846260e+01 
4.846260e+01 
4.846260e+01 
4.846260e+01 
4.846260e+01 
4.846257e+01 
4.846252e+01 
4.846250e+01 
4.846250e+01 
4.846250e+01 
4.846250e+01 
4.846248e+01 
4.846248e+01 
4.846248e+01 
4.846248e+01 
4.846248e+01 
4.846246e+01 
4.846245e+01 
4.846244e+01 
4.846243e+01 
4.846243e+01 
4.846242e+01 
4.846242e+01 
4.846242e+01 
4.846241e+01 
4.846241e+01 
4.846241e+01 
4.846241e+01 
4.846241e+01 
4.846241e+01 
4.846241e+01 
4.846241e+01 
4.846241e+01 
4.846241e+01 
4.846241e+01 
4.846241e+01 
4.846241e+01 
4.846241e+01 
4.846241e+01 
4.846241e+01 
4.846241e+01 
4.846241e+01 
4.846241e+01 
4.846241e+01 
4.846241e+01 
4.846241e+01 
4.846241e+01 
4.846241e+01 
4.846241e+01 
4.845696e+01 
4.845696e+01 
4.845696e+01 
4.845696e+01 
4.845696e+01 
4.845696e+01 
4.845696e+01 
4.845696e+01 
4.845696e+01 
4.845696e+01 
4.845600e+01 
4.845600e+01 
4.845600e+01 
4.845600e+01 
4.845453e+01 
4.845295e+01 
4.845295e+01 
4.845124e+01 
4.845124e+01 
4.845124e+01 
4.845124e+01 
4.844804e+01 
4.844486e+01 
4.844486e+01 
4.844168e+01 
4.844168e+01 
4.844168e+01 
4.844168e+01 
4.844168e+01 
4.844168e+01 
4.844137e+01 
4.844060e+01 
4.844051e+01 
4.844051e+01 
4.844026e+01 
4.844026e+01 
4.844026e+01 
4.844011e+01 
4.844006e+01 
4.844006e+01 
4.843995e+01 
4.843988e+01 
4.843985e+01 
4.843982e+01 
4.843981e+01 
4.843981e+01 
4.843980e+01 
4.843980e+01 
4.843980e+01 
4.843980e+01 
4.843980e+01 
4.843980e+01 
4.843980e+01 
4.843980e+01 
4.843980e+01 
4.843980e+01 
4.843980e+01 
4.843980e+01 
4.843980e+01 
4.843980e+01 
4.843980e+01 
4.843980e+01 
4.843980e+01 
4.843979e+01 
4.843597e+01 
4.843045e+01 
4.843045e+01 
4.843045e+01 
4.841842e+01 
4.841842e+01 
4.841842e+01 
4.841842e+01 
4.841842e+01 
4.841348e+01 
4.841348e+01 
4.841348e+01 
4.841348e+01 
4.841247e+01 
4.841247e+01 
4.841247e+01 
4.841247e+01 
4.840996e+01 
4.840824e+01 
4.840725e+01 
4.840667e+01 
4.840634e+01 
4.840614e+01 
4.840603e+01 
4.840596e+01 
4.840591e+01 
4.840588e+01 
4.840587e+01 
4.840585e+01 
4.840585e+01 
4.840584e+01 
4.840584e+01 
4.840584e+01 
4.840583e+01 
4.840583e+01 
4.840583e+01 
4.840583e+01 
4.840583e+01 
4.840583e+01 
4.840583e+01 
4.840583e+01 
4.840583e+01 
4.840583e+01 
4.840583e+01 
4.840583e+01 
4.840398e+01 
4.840398e+01 
4.840007e+01 
4.839559e+01 
4.839333e+01 
4.839224e+01 
4.839177e+01 
4.839159e+01 
4.839157e+01 
4.839157e+01 
4.839157e+01 
4.839130e+01 
4.839091e+01 
4.839064e+01 
4.839047e+01 
4.839035e+01 
4.839026e+01 
4.839020e+01 
4.839016e+01 
4.839013e+01 
4.839011e+01 
4.839009e+01 
4.839008e+01 
4.839007e+01 
4.839006e+01 
4.839006e+01 
4.839005e+01 
4.839005e+01 
4.839005e+01 
4.839005e+01 
4.839005e+01 
4.839005e+01 
4.839005e+01 
4.839005e+01 
4.839005e+01 
4.839004e+01 
4.839004e+01 
4.839004e+01 
4.839004e+01 
4.839004e+01 
4.839004e+01 
4.839004e+01 
4.838968e+01 
4.838454e+01 
4.838454e+01 
4.838454e+01 
4.838454e+01 
4.838454e+01 
4.838454e+01 
4.838366e+01 
4.838366e+01 
4.838366e+01 
4.838366e+01 
4.838366e+01 
4.838366e+01 
4.838305e+01 
4.838305e+01 
4.838305e+01 
4.838305e+01 
4.838269e+01 
4.838269e+01 
4.838269e+01 
4.838269e+01 
4.838269e+01 
4.838269e+01 
4.838269e+01 
4.838269e+01 
4.838269e+01 
4.838227e+01 
4.838227e+01 
4.838217e+01 
4.838217e+01 
4.838217e+01 
4.838217e+01 
4.838217e+01 
4.838217e+01 
4.838217e+01 
4.838217e+01 
4.838217e+01 
4.838217e+01 
4.838039e+01 
4.838039e+01 
4.833810e+01 
4.833810e+01 
4.833810e+01 
4.833810e+01 
4.833810e+01 
4.833810e+01 
4.833810e+01 
4.833810e+01 
4.833810e+01 
4.833810e+01 
4.833810e+01 
4.833810e+01 
4.833810e+01 
4.833810e+01 
4.833810e+01 
4.833810e+01 
4.833810e+01 
4.830413e+01 
4.830413e+01 
4.830413e+01 
4.830413e+01 
4.830413e+01 
4.830413e+01 
4.830413e+01 
4.830413e+01 
4.830413e+01 
4.830413e+01 
4.830413e+01 
4.830413e+01 
4.830413e+01 
4.830413e+01 
4.829992e+01 
4.829992e+01 
4.829992e+01 
4.829992e+01 
4.829992e+01 
4.829992e+01 
4.829992e+01 
4.829992e+01 
4.829992e+01 
4.829112e+01 
4.829112e+01 
4.829112e+01 
4.829112e+01 
4.829112e+01 
4.829112e+01 
4.829112e+01 
4.829112e+01 
4.829112e+01 
4.829112e+01 
4.829112e+01 
4.829112e+01 
4.829112e+01 
4.829112e+01 
4.829112e+01 
4.829112e+01 
4.829112e+01 
4.829112e+01 
4.829112e+01 
4.828915e+01 
4.828915e+01 
4.828874e+01 
4.828874e+01 
4.828121e+01 
4.827972e+01 
4.827972e+01 
4.827972e+01 
4.827972e+01 
4.827972e+01 
4.827972e+01 
4.827972e+01 
4.827951e+01 
4.827951e+01 
4.827951e+01 
4.827891e+01 
4.827877e+01 
4.827877e+01 
4.827852e+01 
4.827852e+01 
4.827836e+01 
4.827836e+01 
4.827836e+01 
4.827836e+01 
4.827768e+01 
4.827689e+01 
4.827635e+01 
4.827598e+01 
4.827573e+01 
4.827554e+01 
4.827541e+01 
4.827532e+01 
4.827525e+01 
4.827520e+01 
4.827516e+01 
4.827514e+01 
4.827512e+01 
4.827510e+01 
4.827509e+01 
4.827509e+01 
4.827508e+01 
4.827508e+01 
4.827507e+01 
4.827507e+01 
4.827507e+01 
4.827507e+01 
4.827507e+01 
4.827507e+01 
4.827507e+01 
4.827507e+01 
4.827507e+01 
4.827507e+01 
4.827507e+01 
4.827506e+01 
4.827506e+01 
4.826405e+01 
4.826405e+01 
4.826405e+01 
4.826405e+01 
4.826405e+01 
4.826405e+01 
4.826405e+01 
4.826405e+01 
4.826405e+01 
4.826405e+01 
4.826405e+01 
4.826405e+01 
4.826405e+01 
4.826405e+01 
4.826405e+01 
4.826405e+01 
4.826405e+01 
4.826405e+01 
4.826405e+01 
4.826405e+01 
4.826405e+01 
4.826405e+01 
4.826405e+01 
4.826405e+01 
4.826405e+01 
4.826405e+01 
4.826405e+01 
4.826405e+01 
4.826405e+01 
4.826405e+01 
4.826405e+01 
4.826405e+01 
4.826405e+01 
4.826405e+01 
4.826405e+01 
4.826405e+01 
4.826405e+01 
4.826262e+01 
4.826262e+01 
4.826262e+01 
4.826262e+01 
4.826262e+01 
4.826262e+01 
4.826262e+01 
4.826262e+01 
4.826262e+01 
4.826262e+01 
4.826262e+01 
4.826262e+01 
4.826262e+01 
4.826262e+01 
4.826262e+01 
4.826262e+01 
4.826262e+01 
4.826262e+01 
4.826262e+01 
4.826262e+01 
4.826262e+01 
4.826262e+01 
4.826262e+01 
4.826262e+01 
4.826262e+01 
4.826262e+01 
4.826262e+01 
4.826262e+01 
4.826262e+01 
4.826262e+01 
4.826262e+01 
4.826262e+01 
4.826262e+01 
4.826262e+01 
4.826262e+01 
4.826262e+01 
4.826262e+01 
4.826262e+01 
4.826262e+01 
4.826262e+01 
4.826262e+01 
4.826262e+01 
4.826262e+01 
4.826262e+01 
4.826262e+01 
4.826262e+01 
4.826262e+01 
4.826262e+01 
4.826262e+01 
4.826262e+01 
4.826262e+01 
4.826262e+01 
4.826262e+01 
4.826262e+01 
4.826262e+01 
4.826262e+01 
4.826262e+01 
4.826262e+01 
4.826262e+01 
4.826262e+01 
4.826262e+01 
4.826262e+01 
4.826262e+01 
4.826262e+01 
4.826262e+01 
4.826262e+01 
4.826262e+01 
4.826262e+01 
4.826262e+01 
4.826262e+01 
4.826262e+01 
4.826262e+01 
4.826262e+01 
4.826262e+01 
4.826262e+01 
4.826262e+01 
4.826262e+01 
4.826262e+01 
4.826262e+01 
4.826262e+01 
4.826262e+01 
4.826262e+01 
4.826262e+01 
4.826262e+01 
4.826262e+01 
4.826262e+01 
4.826262e+01 
4.826262e+01 
4.826046e+01 
4.826046e+01 
4.826046e+01 
4.826046e+01 
4.826046e+01 
4.826046e+01 
4.826046e+01 
4.826046e+01 
4.826046e+01 
4.826046e+01 
4.826046e+01 
4.826046e+01 
4.826046e+01 
4.826046e+01 
4.826046e+01 
4.826046e+01 
4.826046e+01 
4.826046e+01 
4.826046e+01 
4.826046e+01 
4.826046e+01 
4.826046e+01 
4.826046e+01 
4.826046e+01 
4.826046e+01 
4.826046e+01 
4.826046e+01 
4.826046e+01 
4.826046e+01 
4.826046e+01 
4.826046e+01 
4.826046e+01 
4.826046e+01 
4.826046e+01 
4.826046e+01 
4.826046e+01 
4.826046e+01 
4.826046e+01 
4.826046e+01 
4.826046e+01 
4.826046e+01 
4.826046e+01 
4.826046e+01 
4.826046e+01 
4.826046e+01 
4.826046e+01 
4.826046e+01 
4.825618e+01 
4.825618e+01 
4.825434e+01 
4.825434e+01 
4.825346e+01 
4.825346e+01 
4.825346e+01 
4.825346e+01 
4.825346e+01 
4.825346e+01 
4.825346e+01 
4.825346e+01 
4.825346e+01 
4.825346e+01 
4.825346e+01 
4.825244e+01 
4.825244e+01 
4.825244e+01 
4.825244e+01 
4.825209e+01 
4.825209e+01 
4.825209e+01 
4.825209e+01 
4.825209e+01 
4.825209e+01 
4.825209e+01 
4.825209e+01 
4.825209e+01 
4.825209e+01 
4.825209e+01 
4.825209e+01 
4.825207e+01 
4.825207e+01 
4.825207e+01 
4.825207e+01 
4.825205e+01 
4.825204e+01 
4.825204e+01 
4.825204e+01 
4.825204e+01 
4.825203e+01 
4.825202e+01 
4.825202e+01 
4.825202e+01 
4.825201e+01 
4.825201e+01 
4.825201e+01 
4.825201e+01 
4.825201e+01 
4.825201e+01 
4.825201e+01 
4.825201e+01 
4.825201e+01 
4.825201e+01 
4.825201e+01 
4.825201e+01 
4.825201e+01 
4.825201e+01 
4.825201e+01 
4.825201e+01 
4.825201e+01 
4.825201e+01 
4.825201e+01 
4.825201e+01 
4.825201e+01 
4.825201e+01 
4.825201e+01 
4.825201e+01 
4.825201e+01 
4.825201e+01 
4.825201e+01 
4.825201e+01 
4.825201e+01 
4.825201e+01 
4.825201e+01 
4.825201e+01 
4.825201e+01 
4.825201e+01 
4.825201e+01 
4.825201e+01 
4.825201e+01 
4.825201e+01 
4.824405e+01 
4.824405e+01 
4.824405e+01 
4.824405e+01 
4.824405e+01 
4.824405e+01 
4.824405e+01 
4.824405e+01 
4.824405e+01 
4.824405e+01 
4.824405e+01 
4.824405e+01 
4.824405e+01 
4.824405e+01 
4.824405e+01 
4.824405e+01 
4.824405e+01 
4.824405e+01 
4.824405e+01 
4.824405e+01 
4.824405e+01 
4.824405e+01 
4.824405e+01 
4.824405e+01 
4.824405e+01 
4.824405e+01 
4.824405e+01 
4.824405e+01 
4.824405e+01 
4.824405e+01 
4.824405e+01 
4.824405e+01 
4.824405e+01 
4.824405e+01 
4.824405e+01 
4.824405e+01 
4.824405e+01 
4.824405e+01 
4.824405e+01 
4.824405e+01 
4.824405e+01 
4.824405e+01 
4.824405e+01 
4.824405e+01 
4.824405e+01 
4.824405e+01 
4.824405e+01 
4.824405e+01 
4.824405e+01 
4.824405e+01 
4.824405e+01 
4.824405e+01 
4.824405e+01 
4.824405e+01 
4.824405e+01 
4.824405e+01 
4.824405e+01 
4.824405e+01 
4.824405e+01 
4.824405e+01 
4.824405e+01 
4.824405e+01 
4.824405e+01 
4.824405e+01 
4.824405e+01 
4.824405e+01 
4.824405e+01 
4.824405e+01 
4.823949e+01 
4.823949e+01 
4.823949e+01 
4.823949e+01 
4.823949e+01 
4.823949e+01 
4.823949e+01 
4.823949e+01 
4.823949e+01 
4.823949e+01 
4.823949e+01 
4.823949e+01 
4.823949e+01 
4.823949e+01 
4.823949e+01 
4.823949e+01 
4.823949e+01 
4.823949e+01 
4.823949e+01 
4.823949e+01 
4.823949e+01 
4.823949e+01 
4.823949e+01 
4.823949e+01 
4.823949e+01 
4.823949e+01 
4.823949e+01 
4.823949e+01 
4.823949e+01 
4.823949e+01 
4.823949e+01 
4.823949e+01 
4.823949e+01 
4.823949e+01 
4.823949e+01 
4.823949e+01 
4.823949e+01 
4.823949e+01 
4.823949e+01 
4.823949e+01 
4.823949e+01 
4.823949e+01 
4.823949e+01 
4.823949e+01 
4.823949e+01 
4.823949e+01 
4.823949e+01 
4.823949e+01 
4.823949e+01 
4.823934e+01 
4.823934e+01 
4.823934e+01 
4.823934e+01 
4.823934e+01 
4.823934e+01 
4.823934e+01 
4.823934e+01 
4.823934e+01 
4.823934e+01 
4.823934e+01 
4.823934e+01 
4.823934e+01 
4.823934e+01 
4.823934e+01 
4.823934e+01 
4.823934e+01 
4.823912e+01 
4.823912e+01 
4.823912e+01 
4.823912e+01 
4.823750e+01 
4.823750e+01 
4.823750e+01 
4.823750e+01 
4.823750e+01 
4.823750e+01 
4.823750e+01 
4.823750e+01 
4.823750e+01 
4.823750e+01 
4.823750e+01 
4.823750e+01 
4.823750e+01 
4.823750e+01 
4.823750e+01 
4.823741e+01 
4.823741e+01 
4.823741e+01 
4.823741e+01 
4.823741e+01 
4.823741e+01 
4.823741e+01 
4.823741e+01 
4.823729e+01 
4.823729e+01 
4.823711e+01 
4.823711e+01 
4.823711e+01 
4.823711e+01 
4.823711e+01 
4.823711e+01 
4.823711e+01 
4.823711e+01 
4.823711e+01 
4.823450e+01 
4.823450e+01 
4.823450e+01 
4.823151e+01 
4.823151e+01 
4.823151e+01 
4.823151e+01 
4.823141e+01 
4.823141e+01 
4.823141e+01 
4.823141e+01 
4.814164e+01 
4.814164e+01 
4.814164e+01 
4.814164e+01 
4.814164e+01 
4.814164e+01 
4.814164e+01 
4.814164e+01 
4.814164e+01 
4.814164e+01 
4.814164e+01 
4.814164e+01 
4.814164e+01 
4.814164e+01 
4.814164e+01 
4.814164e+01 
4.814164e+01 
4.814164e+01 
4.814164e+01 
4.814164e+01 
4.814164e+01 
4.814164e+01 
4.814164e+01 
4.814164e+01 
4.814164e+01 
4.814164e+01 
4.814164e+01 
4.814164e+01 
4.814164e+01 
4.814164e+01 
4.814164e+01 
4.814164e+01 
4.814164e+01 
4.814164e+01 
4.814164e+01 
4.814164e+01 
4.814164e+01 
4.814164e+01 
4.814164e+01 
4.814164e+01 
4.814164e+01 
4.814164e+01 
4.813896e+01 
4.813896e+01 
4.813896e+01 
4.813896e+01 
4.813783e+01 
4.813783e+01 
4.813783e+01 
4.813783e+01 
4.813783e+01 
4.813783e+01 
4.813783e+01 
4.813783e+01 
4.813783e+01 
4.813783e+01 
4.813783e+01 
4.813783e+01 
4.813783e+01 
4.813398e+01 
4.813398e+01 
4.813320e+01 
4.813320e+01 
4.813320e+01 
4.813213e+01 
4.813008e+01 
4.812914e+01 
4.812873e+01 
4.812857e+01 
4.812853e+01 
4.812853e+01 
4.812830e+01 
4.812820e+01 
4.812815e+01 
4.812814e+01 
4.812814e+01 
4.812814e+01 
4.812811e+01 
4.812808e+01 
4.812807e+01 
4.812806e+01 
4.812805e+01 
4.812805e+01 
4.812804e+01 
4.812804e+01 
4.812804e+01 
4.812804e+01 
4.812803e+01 
4.812803e+01 
4.812803e+01 
4.812803e+01 
4.812803e+01 
4.812803e+01 
4.812803e+01 
4.812803e+01 
4.812803e+01 
4.812803e+01 
4.812803e+01 
4.812803e+01 
4.812803e+01 
4.812803e+01 
4.812803e+01 
4.812803e+01 
4.812599e+01 
4.812599e+01 
4.812599e+01 
4.812495e+01 
4.812161e+01 
4.812161e+01 
4.812102e+01 
4.812055e+01 
4.812041e+01 
4.812041e+01 
4.812041e+01 
4.812041e+01 
4.812029e+01 
4.812015e+01 
4.812007e+01 
4.812003e+01 
4.812000e+01 
4.811999e+01 
4.811998e+01 
4.811997e+01 
4.811997e+01 
4.811997e+01 
4.811996e+01 
4.811996e+01 
4.811996e+01 
4.811996e+01 
4.811996e+01 
4.811996e+01 
4.811996e+01 
4.811996e+01 
4.811996e+01 
4.811996e+01 
4.811996e+01 
4.811996e+01 
4.811996e+01 
4.811996e+01 
4.811996e+01 
4.811996e+01 
4.811996e+01 
4.811996e+01 
4.811996e+01 
4.811996e+01 
4.811996e+01 
4.811996e+01 
4.811996e+01 
4.811996e+01 
4.811996e+01 
4.811996e+01 
4.811996e+01 
4.811996e+01 
4.811996e+01 
4.811996e+01 
4.811996e+01 
4.811996e+01 
4.811996e+01 
4.811996e+01 
4.811996e+01 
4.811996e+01 
4.811996e+01 
4.811996e+01 
4.811996e+01 
4.811734e+01 
4.811670e+01 
4.811670e+01 
4.811670e+01 
4.811669e+01 
4.811669e+01 
4.811605e+01 
4.811605e+01 
4.811605e+01 
4.811605e+01 
4.811605e+01 
4.811605e+01 
4.811605e+01 
4.811605e+01 
4.811605e+01 
4.811605e+01 
4.811605e+01 
4.811605e+01 
4.811605e+01 
4.811605e+01 
4.811605e+01 
4.811605e+01 
4.811605e+01 
4.811605e+01 
4.811605e+01 
4.811605e+01 
4.811605e+01 
4.811605e+01 
4.811605e+01 
4.811605e+01 
4.811605e+01 
4.811605e+01 
4.811605e+01 
4.811605e+01 
4.811605e+01 
4.811605e+01 
4.811605e+01 
4.811605e+01 
4.811605e+01 
4.811605e+01 
4.811605e+01 
4.811605e+01 
4.811605e+01 
4.811605e+01 
4.811605e+01 
4.811605e+01 
4.811605e+01 
4.811605e+01 
4.811605e+01 
4.811605e+01 
4.811605e+01 
4.811605e+01 
4.811605e+01 
4.811605e+01 
4.811605e+01 
4.811605e+01 
4.811605e+01 
4.811605e+01 
4.811605e+01 
4.811605e+01 
4.811605e+01 
4.811605e+01 
4.811605e+01 
4.811605e+01 
4.811605e+01 
4.811605e+01 
4.811605e+01 
4.811605e+01 
4.811605e+01 
4.811605e+01 
4.811605e+01 
4.811605e+01 
4.811605e+01 
4.811605e+01 
4.811605e+01 
4.811605e+01 
4.811605e+01 
4.811605e+01 
4.811605e+01 
4.811605e+01 
4.811605e+01 
4.811605e+01 
4.811605e+01 
4.811605e+01 
4.811605e+01 
4.811605e+01 
4.811605e+01 
4.811435e+01 
4.811435e+01 
4.811435e+01 
4.811435e+01 
4.811435e+01 
4.811435e+01 
4.811435e+01 
4.811435e+01 
4.811435e+01 
4.811435e+01 
4.811435e+01 
4.811435e+01 
4.811435e+01 
4.811435e+01 
4.811435e+01 
4.811435e+01 
4.811435e+01 
4.811435e+01 
4.811435e+01 
4.811435e+01 
4.811435e+01 
4.811435e+01 
4.811435e+01 
4.811435e+01 
4.811324e+01 
4.811324e+01 
4.811324e+01 
4.811285e+01 
4.811285e+01 
4.811285e+01 
4.811285e+01 
4.811285e+01 
4.811285e+01 
4.811285e+01 
4.811285e+01 
4.811285e+01 
4.811285e+01 
4.811285e+01 
4.811285e+01 
4.811285e+01 
4.811285e+01 
4.811285e+01 
4.811285e+01 
4.811285e+01 
4.811285e+01 
4.811285e+01 
4.811285e+01 
4.811271e+01 
4.811271e+01 
4.811271e+01 
4.811260e+01 
4.811254e+01 
4.811254e+01 
4.811254e+01 
4.811254e+01 
4.811247e+01 
4.811246e+01 
4.811246e+01 
4.811246e+01 
4.811244e+01 
4.811244e+01 
4.811244e+01 
4.811242e+01 
4.811242e+01 
4.811242e+01 
4.811242e+01 
4.811242e+01 
4.811242e+01 
4.811242e+01 
4.811242e+01 
4.811242e+01 
4.811241e+01 
4.811241e+01 
4.811156e+01 
4.811156e+01 
4.811156e+01 
4.811156e+01 
4.811156e+01 
4.811156e+01 
4.811156e+01 
4.811075e+01 
4.811075e+01 
4.811075e+01 
4.811075e+01 
4.811075e+01 
4.811075e+01 
4.811075e+01 
4.811075e+01 
4.811075e+01 
4.811075e+01 
4.811075e+01 
4.811060e+01 
4.811060e+01 
4.810926e+01 
4.810926e+01 
4.810926e+01 
4.810926e+01 
4.810926e+01 
4.810926e+01 
4.810926e+01 
4.810926e+01 
4.810926e+01 
4.810925e+01 
4.810905e+01 
4.810905e+01 
4.810725e+01 
4.810725e+01 
4.810725e+01 
4.810725e+01 
4.810725e+01 
4.810725e+01 
4.810707e+01 
4.810707e+01 
4.810707e+01 
4.810707e+01 
4.810707e+01 
4.810707e+01 
4.810707e+01 
4.810707e+01 
4.810707e+01 
4.810707e+01 
4.810707e+01 
4.810707e+01 
4.810707e+01 
4.810707e+01 
4.810707e+01 
4.810707e+01 
4.810707e+01 
4.810707e+01 
4.810697e+01 
4.810697e+01 
4.810690e+01 
4.810690e+01 
4.810690e+01 
4.810690e+01 
4.810690e+01 
4.810690e+01 
4.810690e+01 
4.810690e+01 
4.810690e+01 
4.810654e+01 
4.810654e+01 
4.810654e+01 
4.810654e+01 
4.810654e+01 
4.810654e+01 
4.810654e+01 
4.810654e+01 
4.810654e+01 
4.810654e+01 
4.810654e+01 
4.810654e+01 
4.810654e+01 
4.810654e+01 
4.810654e+01 
4.810654e+01 
4.810654e+01 
4.810583e+01 
4.810583e+01 
4.810583e+01 
4.810583e+01 
4.810583e+01 
4.810583e+01 
4.810583e+01 
4.810583e+01 
4.810583e+01 
4.810583e+01 
4.810583e+01 
4.810583e+01 
4.810583e+01 
4.810583e+01 
4.810583e+01 
4.810583e+01 
4.810583e+01 
4.810583e+01 
4.810583e+01 
4.810583e+01 
4.810583e+01 
4.810583e+01 
4.810583e+01 
4.810583e+01 
4.810583e+01 
4.810583e+01 
4.810583e+01 
4.810583e+01 
4.810583e+01 
4.810583e+01 
4.810583e+01 
4.810583e+01 
4.810583e+01 
4.810583e+01 
4.810583e+01 
4.810583e+01 
4.810577e+01 
4.810577e+01 
4.810577e+01 
4.810577e+01 
4.810577e+01 
4.810577e+01 
4.810577e+01 
4.810577e+01 
4.810577e+01 
4.810577e+01 
4.810577e+01 
4.810577e+01 
4.810577e+01 
4.810577e+01 
4.810577e+01 
4.810577e+01 
4.810577e+01 
4.810577e+01 
4.810577e+01 
4.810577e+01 
4.810577e+01 
4.810573e+01 
4.810573e+01 
4.810573e+01 
4.810573e+01 
4.810573e+01 
4.810573e+01 
4.810573e+01 
4.810572e+01 
4.810572e+01 
4.810572e+01 
4.810572e+01 
4.810572e+01 
4.810572e+01 
4.810572e+01 
4.810572e+01 
4.810572e+01 
4.810572e+01 
4.810572e+01 
4.810572e+01 
4.810572e+01 
4.810572e+01 
4.810572e+01 
4.810572e+01 
4.810572e+01 
4.810572e+01 
4.810572e+01 
4.810572e+01 
4.810572e+01 
4.810572e+01 
4.810572e+01 
4.810572e+01 
4.810571e+01 
4.810571e+01 
4.810571e+01 
4.810571e+01 
4.810571e+01 
4.810571e+01 
4.810571e+01 
4.810571e+01 
4.810571e+01 
4.810571e+01 
4.810571e+01 
4.810571e+01 
4.810571e+01 
4.810571e+01 
4.810571e+01 
4.810571e+01 
4.810571e+01 
4.810571e+01 
4.810571e+01 
4.810571e+01 
4.810571e+01 
4.810571e+01 
4.810571e+01 
4.810570e+01 
4.810570e+01 
4.810570e+01 
4.810565e+01 
4.810564e+01 
4.810563e+01 
4.810563e+01 
4.810563e+01 
4.810563e+01 
4.810563e+01 
4.810563e+01 
4.810563e+01 
4.810563e+01 
4.810563e+01 
4.810563e+01 
4.810563e+01 
4.810563e+01 
4.810563e+01 
4.810563e+01 
4.810563e+01 
4.810563e+01 
4.810563e+01 
4.810563e+01 
4.810563e+01 
4.810561e+01 
4.810561e+01 
4.810561e+01 
4.810558e+01 
4.810558e+01 
4.810558e+01 
4.810558e+01 
4.810557e+01 
4.810557e+01 
4.810556e+01 
4.810556e+01 
4.810556e+01 
4.810556e+01 
4.810556e+01 
4.810556e+01 
4.810556e+01 
4.810556e+01 
4.810556e+01 
4.810556e+01 
4.810556e+01 
4.810556e+01 
4.810556e+01 
4.810556e+01 
4.810556e+01 
4.810556e+01 
4.810556e+01 
4.810556e+01 
4.810556e+01 
4.810556e+01 
4.810556e+01 
4.810556e+01 
4.810556e+01 
4.810556e+01 
4.810556e+01 
4.810556e+01 
4.810556e+01 
4.810556e+01 
4.810556e+01 
4.810556e+01 
4.810556e+01 
4.810556e+01 
4.810556e+01 
4.810556e+01 
4.810556e+01 
4.810556e+01 
4.810556e+01 
4.810556e+01 
4.810556e+01 
4.810556e+01 
4.810556e+01 
4.810556e+01 
4.810556e+01 
4.810556e+01 
4.810556e+01 
4.810556e+01 
4.810556e+01 
4.810556e+01 
4.810555e+01 
4.810555e+01 
4.810555e+01 
4.810555e+01 
4.810555e+01 
4.810555e+01 
4.810555e+01 
4.810555e+01 
4.810555e+01 
4.810555e+01 
4.810555e+01 
4.810555e+01 
4.810555e+01 
4.810555e+01 
4.810555e+01 
4.810555e+01 
4.810555e+01 
4.810555e+01 
4.810555e+01 
4.810555e+01 
4.810555e+01 
4.810555e+01 
4.810555e+01 
4.810555e+01 
4.810555e+01 
4.810555e+01 
4.810555e+01 
4.810555e+01 
4.810555e+01 
4.810555e+01 
4.810555e+01 
4.810555e+01 
4.810555e+01 
4.810555e+01 
4.810555e+01 
4.810555e+01 
4.810555e+01 
4.810555e+01 
4.810555e+01 
4.810555e+01 
4.810555e+01 
4.810555e+01 
4.810555e+01 
4.810555e+01 
4.810555e+01 
4.810555e+01 
4.810555e+01 
4.810555e+01 
4.810555e+01 
4.810555e+01 
4.810555e+01 
4.810555e+01 
4.810555e+01 
4.810555e+01 
4.810555e+01 
4.810555e+01 
4.810555e+01 
4.810555e+01 
4.810555e+01 
4.810555e+01 
4.810555e+01 
4.810555e+01 
4.810555e+01 
4.808120e+01 
4.808120e+01 
4.808120e+01 
4.808120e+01 
4.808120e+01 
4.808120e+01 
4.808120e+01 
4.808120e+01 
4.808120e+01 
4.807187e+01 
4.807187e+01 
4.807187e+01 
4.807187e+01 
4.807187e+01 
4.807187e+01 
4.807187e+01 
4.807187e+01 
4.806704e+01 
4.806704e+01 
4.806704e+01 
4.806704e+01 
4.806704e+01 
4.806704e+01 
4.806704e+01 
4.806704e+01 
4.806704e+01 
4.806704e+01 
4.806704e+01 
4.806704e+01 
4.806704e+01 
4.806704e+01 
4.806704e+01 
4.806704e+01 
4.806261e+01 
4.806261e+01 
4.806261e+01 
4.806261e+01 
4.806261e+01 
4.806261e+01 
4.806261e+01 
4.806261e+01 
4.806261e+01 
4.806261e+01 
4.806261e+01 
4.806261e+01 
4.806261e+01 
4.806261e+01 
4.806261e+01 
4.806261e+01 
4.806261e+01 
4.806261e+01 
4.806261e+01 
4.806261e+01 
4.806261e+01 
4.806261e+01 
4.806261e+01 
4.806261e+01 
4.806261e+01 
4.806261e+01 
4.806261e+01 
4.806261e+01 
4.806261e+01 
4.806195e+01 
4.806195e+01 
4.806195e+01 
4.806195e+01 
4.806195e+01 
4.806195e+01 
4.806053e+01 
4.806053e+01 
4.806053e+01 
4.806053e+01 
4.806053e+01 
4.806053e+01 
4.806053e+01 
4.806053e+01 
4.806053e+01 
4.806053e+01 
4.806053e+01 
4.806053e+01 
4.806053e+01 
4.806053e+01 
4.806053e+01 
4.806053e+01 
4.806053e+01 
4.806053e+01 
4.806045e+01 
4.806045e+01 
4.806045e+01 
4.806045e+01 
4.806045e+01 
4.806045e+01 
4.806045e+01 
4.806045e+01 
4.806032e+01 
4.806032e+01 
4.806032e+01 
4.806032e+01 
4.806012e+01 
4.806012e+01 
4.805994e+01 
4.805994e+01 
4.805994e+01 
4.805994e+01 
4.805994e+01 
4.805994e+01 
4.805992e+01 
4.805992e+01 
4.805988e+01 
4.805988e+01 
4.805987e+01 
4.805981e+01 
4.805981e+01 
4.805981e+01 
4.805977e+01 
4.805977e+01 
4.805975e+01 
4.805973e+01 
4.805973e+01 
4.805973e+01 
4.805972e+01 
4.805972e+01 
4.805972e+01 
4.805972e+01 
4.805972e+01 
4.805972e+01 
4.805972e+01 
4.805972e+01 
4.805972e+01 
4.805972e+01 
4.805972e+01 
4.805972e+01 
4.805972e+01 
4.805972e+01 
4.805972e+01 
4.805972e+01 
4.805972e+01 
4.805972e+01 
4.805972e+01 
4.805972e+01 
4.805972e+01 
4.805972e+01 
4.805972e+01 
4.805972e+01 
4.805972e+01 
4.805972e+01 
4.805972e+01 
4.805972e+01 
4.805972e+01 
4.805972e+01 
4.805972e+01 
4.805972e+01 
4.805972e+01 
4.805972e+01 
4.805972e+01 
4.805972e+01 
4.805972e+01 
4.805972e+01 
4.805972e+01 
4.805972e+01 
4.805972e+01 
4.805972e+01 
4.805972e+01 
4.805972e+01 
4.805972e+01 
4.805968e+01 
4.805967e+01 
4.805963e+01 
4.805963e+01 
4.805963e+01 
4.805939e+01 
4.805939e+01 
4.805939e+01 
4.805939e+01 
4.805939e+01 
4.805939e+01 
4.805939e+01 
4.805939e+01 
4.805939e+01 
4.805939e+01 
4.805939e+01 
4.805939e+01 
4.805939e+01 
4.805939e+01 
4.805939e+01 
4.805939e+01 
4.805939e+01 
4.805939e+01 
4.805939e+01 
4.805939e+01 
4.805939e+01 
4.805939e+01 
4.805938e+01 
4.805938e+01 
4.805937e+01 
4.805937e+01 
4.805937e+01 
4.805937e+01 
4.805937e+01 
4.805937e+01 
4.805937e+01 
4.805935e+01 
4.805935e+01 
4.805935e+01 
4.805935e+01 
4.805935e+01 
4.805935e+01 
4.805935e+01 
4.805934e+01 
4.805934e+01 
4.805934e+01 
4.805934e+01 
4.805930e+01 
4.805930e+01 
4.805930e+01 
4.805930e+01 
4.805930e+01 
4.805930e+01 
4.805930e+01 
4.805930e+01 
4.805930e+01 
4.805930e+01 
4.805930e+01 
4.805930e+01 
4.805929e+01 
4.805929e+01 
4.805929e+01 
4.805929e+01 
4.805929e+01 
4.805929e+01 
4.805929e+01 
4.805929e+01 
4.805929e+01 
4.805929e+01 
4.805929e+01 
4.805929e+01 
4.805929e+01 
4.805929e+01 
4.805928e+01 
4.805928e+01 
4.805928e+01 
4.805928e+01 
4.805928e+01 
4.805928e+01 
4.805928e+01 
4.805928e+01 
4.805927e+01 
4.805927e+01 
4.805927e+01 
4.805927e+01 
4.805927e+01 
4.805927e+01 
4.805927e+01 
4.805927e+01 
4.805927e+01 
4.805927e+01 
4.805927e+01 
4.805927e+01 
4.805927e+01 
4.805927e+01 
4.805927e+01 
4.805926e+01 
4.805925e+01 
4.805925e+01 
4.805925e+01 
4.805925e+01 
4.805925e+01 
4.805925e+01 
4.805925e+01 
4.805925e+01 
4.805925e+01 
4.805925e+01 
4.805925e+01 
4.805925e+01 
4.805925e+01 
4.805925e+01 
4.805925e+01 
4.805925e+01 
4.805925e+01 
4.805925e+01 
4.805925e+01 
4.805925e+01 
4.805925e+01 
4.805925e+01 
4.805925e+01 
4.805925e+01 
4.805925e+01 
4.805925e+01 
4.805925e+01 
4.805925e+01 
4.805925e+01 
4.805925e+01 
4.805925e+01 
4.805925e+01 
4.805925e+01 
4.805925e+01 
4.805925e+01 
4.805925e+01 
4.805925e+01 
4.805925e+01 
4.805925e+01 
4.805925e+01 
4.805925e+01 
4.805925e+01 
4.805925e+01 
4.805925e+01 
4.805925e+01 
4.805925e+01 
4.805925e+01 
4.805925e+01 
4.805925e+01 
4.805925e+01 
4.805925e+01 
4.805925e+01 
4.805924e+01 
4.805924e+01 
4.805924e+01 
4.805924e+01 
4.805924e+01 
4.805924e+01 
4.805924e+01 
4.805924e+01 
4.805924e+01 
4.805924e+01 
4.805924e+01 
4.805924e+01 
4.805924e+01 
4.805924e+01 
4.805924e+01 
4.805924e+01 
4.805924e+01 
4.805924e+01 
4.805924e+01 
4.805924e+01 
4.805924e+01 
4.805924e+01 
4.805924e+01 
4.805924e+01 
4.805924e+01 
4.805924e+01 
4.805924e+01 
4.805924e+01 
4.805924e+01 
4.805924e+01 
4.805924e+01 
4.805924e+01 
4.805924e+01 
4.805924e+01 
4.805924e+01 
4.805924e+01 
4.805924e+01 
4.805924e+01 
4.805924e+01 
4.805924e+01 
4.805924e+01 
4.805924e+01 
4.805924e+01 
4.805924e+01 
4.805924e+01 
4.805924e+01 
4.805924e+01 
4.805924e+01 
4.805924e+01 
4.805924e+01 
4.805924e+01 
4.805924e+01 
4.805924e+01 
4.805924e+01 
4.805924e+01 
4.805924e+01 
4.805924e+01 
4.805924e+01 
4.805924e+01 
4.805924e+01 
4.805924e+01 
4.805924e+01 
4.805924e+01 
4.805924e+01 
4.805924e+01 
4.805924e+01 
4.805924e+01 
4.805924e+01 
4.805924e+01 
4.805924e+01 
4.805924e+01 
4.805924e+01 
4.805924e+01 
4.805924e+01 
4.805924e+01 
4.805924e+01 
4.805924e+01 
4.805924e+01 
4.805924e+01 
4.805924e+01 
4.805924e+01 
4.805924e+01 
4.805924e+01 
4.805924e+01 
4.805924e+01 
4.805924e+01 
4.805924e+01 
4.805924e+01 
4.805924e+01 
4.805924e+01 
4.805924e+01 
4.805924e+01 
4.805924e+01 
4.805924e+01 
4.805924e+01 
4.805924e+01 
4.805924e+01 
4.805924e+01 
4.805924e+01 
4.805924e+01 
4.805924e+01 
4.805924e+01 
4.805924e+01 
4.805924e+01 
4.805924e+01 
4.805924e+01 
4.805924e+01 
4.805924e+01 
4.805924e+01 
4.805924e+01 
4.805924e+01 
4.805924e+01 
4.805924e+01 
4.805924e+01 
4.805924e+01 
4.805924e+01 
4.805924e+01 
4.805924e+01 
4.805924e+01 
4.805924e+01 
4.805924e+01 
4.805924e+01 
4.805924e+01 
4.805924e+01 
4.805924e+01 
4.805924e+01 
4.805924e+01 
4.805924e+01 
4.805924e+01 
4.805924e+01 
4.805924e+01 
4.805924e+01 
4.805924e+01 
4.805924e+01 
4.805924e+01 
4.805924e+01 
4.805924e+01 
4.805924e+01 
4.805924e+01 
4.805924e+01 
4.805924e+01 
4.805924e+01 
4.805924e+01 
4.805924e+01 
4.805924e+01 
4.805924e+01 
4.805924e+01 
4.805924e+01 
4.805924e+01 
4.805924e+01 
4.805924e+01 
4.805924e+01 
4.805924e+01 
4.805924e+01 
4.805924e+01 
4.805924e+01 
4.805924e+01 
4.805924e+01 
4.805924e+01 
4.805924e+01 
4.805924e+01 
4.805924e+01 
4.805924e+01 
4.805924e+01 
4.805924e+01 
4.805924e+01 
4.805924e+01 
4.805924e+01 
4.805924e+01 
4.805924e+01 
4.805924e+01 
4.805924e+01 
4.805924e+01 
4.805924e+01 
4.805924e+01 
4.805924e+01 
4.805924e+01 
4.805924e+01 
4.805924e+01 
4.805924e+01 
4.805924e+01 
4.805924e+01 
4.805924e+01 
4.805924e+01 
4.805924e+01 
4.805924e+01 
4.805924e+01 
4.805924e+01 
4.805924e+01 
4.805924e+01 
4.805924e+01 
4.805924e+01 
4.805924e+01 
4.805924e+01 
4.805924e+01 
4.805924e+01 
4.805924e+01 
4.805924e+01 
4.805924e+01 
4.805924e+01 
4.805924e+01 
4.805924e+01 
4.805924e+01 
4.805924e+01 
4.805924e+01 
4.805924e+01 
4.805924e+01 
4.805924e+01 
4.805924e+01 
4.805924e+01 
4.805924e+01 
4.805924e+01 
4.805924e+01 
4.805924e+01 
4.805924e+01 
4.805924e+01 
4.805924e+01 
4.805924e+01 
4.805924e+01 
4.805924e+01 
4.805924e+01 
4.805924e+01 
4.805924e+01 
4.805924e+01 
4.805924e+01 
4.805924e+01 
4.805924e+01 
4.805924e+01 
4.805924e+01 
4.805924e+01 
4.805924e+01 
4.805924e+01 
4.805924e+01 
4.805924e+01 
4.805924e+01 
4.805924e+01 
4.805924e+01 
4.805924e+01 
4.805924e+01 
4.805924e+01 
4.805924e+01 
4.805924e+01 
4.805924e+01 
4.805924e+01 
4.805924e+01 
4.805924e+01 
4.805924e+01 
4.805924e+01 
4.805924e+01 
4.805924e+01 
4.805924e+01 
4.805924e+01 
4.805924e+01 
4.805924e+01 
4.805924e+01 
4.805924e+01 
4.805924e+01 
4.805924e+01 
4.805924e+01 
4.805924e+01 
4.805924e+01 
4.805924e+01 
4.805924e+01 
4.805924e+01 
4.805924e+01 
4.805924e+01 
4.805924e+01 
4.805924e+01 
4.805924e+01 
4.805924e+01 
4.805924e+01 
4.805924e+01 
4.805924e+01 
4.805924e+01 
4.805924e+01 
4.805924e+01 
4.805924e+01 
4.805924e+01 
4.805924e+01 
4.805924e+01 
4.805924e+01 
4.805924e+01 
4.805924e+01 
4.805924e+01 
4.805924e+01 
4.805924e+01 
4.805924e+01 
4.805924e+01 
4.805924e+01 
4.805924e+01 
4.805924e+01 
4.805924e+01 
4.805924e+01 
4.805924e+01 
4.805924e+01 
4.805924e+01 
4.805924e+01 
4.805924e+01 
4.805924e+01 
4.805924e+01 
4.805924e+01 
4.805924e+01 
4.805924e+01 
4.805924e+01 
4.805924e+01 
4.805924e+01 
4.805924e+01 
4.805924e+01 
4.805924e+01 
4.805924e+01 
4.805924e+01 
4.805924e+01 
4.805924e+01 
4.805924e+01 
4.805924e+01 
4.803155e+01 
4.803155e+01 
4.803155e+01 
4.802849e+01 
4.802849e+01 
4.802849e+01 
4.802849e+01 
4.802849e+01 
4.802849e+01 
4.802849e+01 
4.802849e+01 
4.802849e+01 
4.802749e+01 
4.802749e+01 
4.802749e+01 
4.802749e+01 
4.802749e+01 
4.802749e+01 
4.802749e+01 
4.802499e+01 
4.802499e+01 
4.802499e+01 
4.802499e+01 
4.802499e+01 
4.802499e+01 
4.802499e+01 
4.802469e+01 
4.802469e+01 
4.802469e+01 
4.802469e+01 
4.802465e+01 
4.802465e+01 
4.802463e+01 
4.802463e+01 
4.802463e+01 
4.802463e+01 
4.802463e+01 
4.802454e+01 
4.802454e+01 
4.802454e+01 
4.802454e+01 
4.802454e+01 
4.802454e+01 
4.802454e+01 
4.802454e+01 
4.802451e+01 
4.802449e+01 
4.802449e+01 
4.802449e+01 
4.802448e+01 
4.802448e+01 
4.802448e+01 
4.802402e+01 
4.802402e+01 
4.802402e+01 
4.802402e+01 
4.802402e+01 
4.802402e+01 
4.802402e+01 
4.802400e+01 
4.802400e+01 
4.802400e+01 
4.802400e+01 
4.802400e+01 
4.802378e+01 
4.802378e+01 
4.802378e+01 
4.802377e+01 
4.802377e+01 
4.802377e+01 
4.802377e+01 
4.802377e+01 
4.802372e+01 
4.802372e+01 
4.802372e+01 
4.802372e+01 
4.802372e+01 
4.802372e+01 
4.802372e+01 
4.802372e+01 
4.802372e+01 
4.802370e+01 
4.802370e+01 
4.802370e+01 
4.802370e+01 
4.802370e+01 
4.802370e+01 
4.802370e+01 
4.802370e+01 
4.802370e+01 
4.802369e+01 
4.802369e+01 
4.802368e+01 
4.802367e+01 
4.802367e+01 
4.802367e+01 
4.802367e+01 
4.802367e+01 
4.802367e+01 
4.802367e+01 
4.802367e+01 
4.802366e+01 
4.802366e+01 
4.802366e+01 
4.802366e+01 
4.802365e+01 
4.802365e+01 
4.802365e+01 
4.802365e+01 
4.802365e+01 
4.802365e+01 
4.802365e+01 
4.802364e+01 
4.802364e+01 
4.802364e+01 
4.802364e+01 
4.802364e+01 
4.802364e+01 
4.802364e+01 
4.802364e+01 
4.802364e+01 
4.802364e+01 
4.802364e+01 
4.802364e+01 
4.802364e+01 
4.802364e+01 
4.802364e+01 
4.802363e+01 
4.802363e+01 
4.802363e+01 
4.802363e+01 
4.802363e+01 
4.802363e+01 
4.802363e+01 
4.802363e+01 
4.802363e+01 
4.802363e+01 
4.802363e+01 
4.802363e+01 
4.802363e+01 
4.802363e+01 
4.802363e+01 
4.802363e+01 
4.802363e+01 
4.802363e+01 
4.802363e+01 
4.802363e+01 
4.802363e+01 
4.802363e+01 
4.802362e+01 
4.802362e+01 
4.802362e+01 
4.802362e+01 
4.802362e+01 
4.802362e+01 
4.802362e+01 
4.802362e+01 
4.802362e+01 
4.802362e+01 
4.802362e+01 
4.802362e+01 
4.802362e+01 
4.802362e+01 
4.802362e+01 
4.802362e+01 
4.802362e+01 
4.802362e+01 
4.802362e+01 
4.802362e+01 
4.802362e+01 
4.802362e+01 
4.802362e+01 
4.802362e+01 
4.802362e+01 
4.802362e+01 
4.802362e+01 
4.802362e+01 
4.802362e+01 
4.802362e+01 
4.802362e+01 
4.802362e+01 
4.802362e+01 
4.802362e+01 
4.802362e+01 
4.802362e+01 
4.802362e+01 
4.802362e+01 
4.802362e+01 
4.802362e+01 
4.802362e+01 
4.802362e+01 
4.802362e+01 
4.802362e+01 
4.802362e+01 
4.802362e+01 
4.802362e+01 
4.802362e+01 
4.802362e+01 
4.802362e+01 
4.802362e+01 
4.802362e+01 
4.802362e+01 
4.802362e+01 
4.802362e+01 
4.802362e+01 
4.802362e+01 
4.802362e+01 
4.802362e+01 
4.802362e+01 
4.802362e+01 
4.802362e+01 
4.802362e+01 
4.802362e+01 
4.802362e+01 
4.802362e+01 
4.802362e+01 
4.802362e+01 
4.802362e+01 
4.802362e+01 
4.802362e+01 
4.802362e+01 
4.802362e+01 
4.802362e+01 
4.802362e+01 
4.802362e+01 
4.802362e+01 
4.802362e+01 
4.802362e+01 
4.802362e+01 
4.802362e+01 
4.802362e+01 
4.802362e+01 
4.802362e+01 
4.802362e+01 
4.802362e+01 
4.802362e+01 
4.802362e+01 
4.802362e+01 
4.802362e+01 
4.802362e+01 
4.802362e+01 
4.802362e+01 
4.802362e+01 
4.802362e+01 
4.802362e+01 
4.802362e+01 
4.802362e+01 
4.802362e+01 
4.802362e+01 
4.802362e+01 
4.802362e+01 
4.802362e+01 
4.802362e+01 
4.802362e+01 
4.802362e+01 
4.802362e+01 
4.802362e+01 
4.802362e+01 
4.802362e+01 
4.802362e+01 
4.802362e+01 
4.802362e+01 
4.802362e+01 
4.802362e+01 
4.802362e+01 
4.802362e+01 
4.802362e+01 
4.802362e+01 
4.802362e+01 
4.802362e+01 
4.802362e+01 
4.802362e+01 
4.802362e+01 
4.802362e+01 
4.802362e+01 
4.802362e+01 
4.802362e+01 
4.802362e+01 
4.802362e+01 
4.802362e+01 
4.802362e+01 
4.802362e+01 
4.802362e+01 
4.802362e+01 
4.802362e+01 
4.802362e+01 
4.802362e+01 
4.802362e+01 
4.802362e+01 
4.802362e+01 
4.802362e+01 
4.802362e+01 
4.802362e+01 
4.802362e+01 
4.802362e+01 
4.802362e+01 
4.802362e+01 
4.802362e+01 
4.802362e+01 
4.802362e+01 
4.802362e+01 
4.802362e+01 
4.802362e+01 
4.802362e+01 
4.802362e+01 
4.802362e+01 
4.802362e+01 
4.802362e+01 
4.802362e+01 
4.802362e+01 
4.802362e+01 
4.802362e+01 
4.802362e+01 
4.802362e+01 
4.802362e+01 
4.802362e+01 
4.802362e+01 
4.802362e+01 
4.802362e+01 
4.802362e+01 
4.802362e+01 
4.802362e+01 
4.802362e+01 
4.802362e+01 
4.802362e+01 
4.802362e+01 
4.802362e+01 
4.802362e+01 
4.802362e+01 
4.802362e+01 
4.802362e+01 
4.802362e+01 
4.802362e+01 
4.802362e+01 
4.802362e+01 
4.802362e+01 
4.802362e+01 
4.802362e+01 
4.802362e+01 
4.802362e+01 
4.802362e+01 
4.802362e+01 
4.802362e+01 
4.802362e+01 
4.802362e+01 
4.802362e+01 
4.802362e+01 
4.802362e+01 
4.802362e+01 
4.802362e+01 
4.802362e+01 
4.802362e+01 
4.802362e+01 
4.802362e+01 
4.802362e+01 
4.802362e+01 
4.802362e+01 
4.802362e+01 
4.802362e+01 
4.802362e+01 
4.802362e+01 
4.802362e+01 
4.802362e+01 
4.802362e+01 
4.802362e+01 
4.802362e+01 
4.802362e+01 
4.802362e+01 
4.802362e+01 
4.802362e+01 
4.802362e+01 
4.802362e+01 
4.802362e+01 
4.802362e+01 
4.802362e+01 
4.802362e+01 
4.802362e+01 
4.802362e+01 
4.802362e+01 
4.802362e+01 
4.802362e+01 
4.802362e+01 
4.802362e+01 
4.802362e+01 
4.802362e+01 
4.802362e+01 
4.802362e+01 
4.802362e+01 
4.802362e+01 
4.802362e+01 
4.802362e+01 
4.802362e+01 
4.802362e+01 
4.802362e+01 
4.802362e+01 
4.802362e+01 
4.802362e+01 
4.802362e+01 
4.802362e+01 
4.802362e+01 
4.802362e+01 
4.802362e+01 
4.802362e+01 
4.802362e+01 
4.802362e+01 
4.802362e+01 
4.802362e+01 
4.802362e+01 
4.802362e+01 
4.802362e+01 
4.802362e+01 
4.802362e+01 
4.802362e+01 
4.802362e+01 
4.802362e+01 
4.802362e+01 
4.802362e+01 
4.802362e+01 
4.802362e+01 
4.802362e+01 
4.802362e+01 
4.802362e+01 
4.802362e+01 
4.802362e+01 
4.802362e+01 
4.802362e+01 
4.802362e+01 
4.802362e+01 
4.802362e+01 
4.802362e+01 
4.802362e+01 
4.802362e+01 
4.802362e+01 
4.802362e+01 
4.802362e+01 
4.802362e+01 
4.802362e+01 
4.802362e+01 
4.802362e+01 
4.802362e+01 
4.802362e+01 
4.802362e+01 
4.802362e+01 
4.802362e+01 
4.802362e+01 
4.802362e+01 
4.802362e+01 
4.802362e+01 
4.802362e+01 
4.802362e+01 
4.802362e+01 
4.802362e+01 
4.802362e+01 
4.802362e+01 
4.802362e+01 
4.802362e+01 
4.802362e+01 
4.802362e+01 
4.802362e+01 
4.802362e+01 
4.802362e+01 
4.802362e+01 
4.802362e+01 
4.802362e+01 
4.802362e+01 
4.802362e+01 
4.802362e+01 
4.802362e+01 
4.802362e+01 
4.802362e+01 
4.802362e+01 
4.802362e+01 
4.802362e+01 
4.802362e+01 
4.802362e+01 
4.802362e+01 
4.802362e+01 
4.802362e+01 
4.802362e+01 
4.802362e+01 
4.802362e+01 
4.802362e+01 
4.802362e+01 
4.802362e+01 
4.802362e+01 
4.802362e+01 
4.802362e+01 
4.802362e+01 
4.802362e+01 
4.802362e+01 
4.802362e+01 
4.802362e+01 
4.802362e+01 
4.802362e+01 
4.802362e+01 
4.802362e+01 
4.802362e+01 
4.802362e+01 
4.802362e+01 
4.802362e+01 
4.802362e+01 
4.802362e+01 
4.802362e+01 
4.802362e+01 
4.802362e+01 
4.802362e+01 
4.802362e+01 
4.802362e+01 
4.802362e+01 
4.802362e+01 
4.802362e+01 
4.802362e+01 
4.802362e+01 
4.802362e+01 
4.802362e+01 
4.802362e+01 
4.802362e+01 
4.802362e+01 
4.802362e+01 
4.802362e+01 
4.802362e+01 
4.802362e+01 
4.802362e+01 
4.802362e+01 
4.802362e+01 
4.802362e+01 
4.802362e+01 
4.802362e+01 
4.802362e+01 
4.802362e+01 
4.802362e+01 
4.802362e+01 
4.802362e+01 
4.802362e+01 
4.802362e+01 
4.802362e+01 
4.802362e+01 
4.802362e+01 
4.802362e+01 
4.802362e+01 
4.802362e+01 
4.802362e+01 
4.802362e+01 
4.802362e+01 
4.802362e+01 
4.802362e+01 
4.802362e+01 
4.802362e+01 
4.802362e+01 
4.802362e+01 
4.802362e+01 
4.802362e+01 
4.802362e+01 
4.802362e+01 
4.802362e+01 
4.802362e+01 
4.802362e+01 
4.802362e+01 
4.802362e+01 
4.802362e+01 
4.802362e+01 
4.802362e+01 
4.802362e+01 
4.802362e+01 
4.802362e+01 
4.802362e+01 
4.802362e+01 
4.802362e+01 
4.802362e+01 
4.802362e+01 
4.802362e+01 
4.802362e+01 
4.802362e+01 
4.802362e+01 
4.802362e+01 
4.802362e+01 
4.802362e+01 
4.802362e+01 
4.802362e+01 
4.802362e+01 
4.802362e+01 
4.802362e+01 
4.802362e+01 
4.802362e+01 
4.802362e+01 
4.802362e+01 
4.802362e+01 
4.802362e+01 
4.802362e+01 
4.802362e+01 
4.802362e+01 
4.802362e+01 
4.802362e+01 
4.802362e+01 
4.802362e+01 
4.802362e+01 
4.802362e+01 
4.802362e+01 
4.802362e+01 
4.802362e+01 
4.802362e+01 
4.802362e+01 
4.802362e+01 
4.802362e+01 
4.802362e+01 
4.802362e+01 
4.802362e+01 
4.802362e+01 
4.802362e+01 
4.802362e+01 
4.802362e+01 
4.802362e+01 
4.802362e+01 
4.802362e+01 
4.802362e+01 
4.802362e+01 
4.802362e+01 
4.802362e+01 
4.802362e+01 
4.802362e+01 
4.802362e+01 
4.802362e+01 
4.802362e+01 
4.802362e+01 
4.802362e+01 
4.802362e+01 
4.802362e+01 
4.802362e+01 
4.802362e+01 
4.802362e+01 
4.802362e+01 
4.802362e+01 
4.802362e+01 
4.802362e+01 
4.802362e+01 
4.802362e+01 
4.802362e+01 
4.802362e+01 
4.802362e+01 
4.802362e+01 
4.802362e+01 
4.802362e+01 
4.802362e+01 
4.802362e+01 
4.802362e+01 
4.802362e+01 
4.802362e+01 
4.802362e+01 
4.802362e+01 
4.802362e+01 
4.802362e+01 
4.802362e+01 
4.802362e+01 
4.802362e+01 
4.802362e+01 
4.802362e+01 
4.802362e+01 
4.802362e+01 
4.802362e+01 
4.802362e+01 
4.802362e+01 
4.802362e+01 
4.802362e+01 
4.802362e+01 
4.802362e+01 
4.802362e+01 
4.802362e+01 
4.802362e+01 
4.802362e+01 
4.802362e+01 
4.802362e+01 
4.802362e+01 
4.802362e+01 
4.802362e+01 
4.802362e+01 
4.802362e+01 
4.802362e+01 
4.802362e+01 
4.802362e+01 
4.802362e+01 
4.802362e+01 
4.802362e+01 
4.802362e+01 
4.802362e+01 
4.802362e+01 
4.802362e+01 
4.802362e+01 
4.802362e+01 
4.802362e+01 
4.802362e+01 
4.802362e+01 
4.802362e+01 
4.802362e+01 
4.802362e+01 
4.802362e+01 
4.802362e+01 
4.802362e+01 
4.802362e+01 
4.802362e+01 
4.802362e+01 
4.802362e+01 
4.802362e+01 
4.802362e+01 
4.802362e+01 
4.802362e+01 
4.802362e+01 
4.802362e+01 
4.802362e+01 
4.802362e+01 
4.802362e+01 
4.802362e+01 
4.802362e+01 
4.802362e+01 
4.802362e+01 
4.802362e+01 
4.802362e+01 
4.802362e+01 
4.802362e+01 
4.802362e+01 
4.802362e+01 
4.802362e+01 
4.802362e+01 
4.802362e+01 
4.802362e+01 
4.802362e+01 
4.802362e+01 
4.802362e+01 
4.802362e+01 
4.802362e+01 
4.802362e+01 
4.802362e+01 
4.802362e+01 
4.802362e+01 
4.802362e+01 
4.802362e+01 
4.802362e+01 
4.802362e+01 
4.802362e+01 
4.802362e+01 
4.802362e+01 
4.802362e+01 
4.802362e+01 
4.802362e+01 
4.802362e+01 
4.802362e+01 
4.802362e+01 
4.802362e+01 
4.802362e+01 
4.802362e+01 
4.802362e+01 
4.802362e+01 
4.802362e+01 
4.802362e+01 
4.802362e+01 
4.802362e+01 
4.802362e+01 
4.802362e+01 
4.802362e+01 
4.802362e+01 
4.802362e+01 
4.802362e+01 
4.802362e+01 
4.802362e+01 
4.802362e+01 
4.802362e+01 
4.802362e+01 
4.802362e+01 
4.802362e+01 
4.802362e+01 
4.802362e+01 
4.802362e+01 
4.802362e+01 
4.802362e+01 
4.802362e+01 
4.802362e+01 
4.802362e+01 
4.802362e+01 
4.802362e+01 
4.802362e+01 
4.802362e+01 
4.802362e+01 
4.802362e+01 
4.802362e+01 
4.802362e+01 
4.802362e+01 
4.802362e+01 
4.802362e+01 
4.802362e+01 
4.802362e+01 
4.802362e+01 
4.802362e+01 
4.802362e+01 
4.802362e+01 
4.802362e+01 
4.802362e+01 
4.802362e+01 
4.802362e+01 
4.802362e+01 
4.802362e+01 
4.802362e+01 
4.802362e+01 
4.802362e+01 
4.802362e+01 
4.802362e+01 
4.802362e+01 
4.802362e+01 
4.802362e+01 
4.802362e+01 
4.802362e+01 
4.802362e+01 
4.802362e+01 
4.802362e+01 
4.802362e+01 
4.802362e+01 
4.802362e+01 
4.802362e+01 
4.802362e+01 
4.802362e+01 
4.802362e+01 
4.802362e+01 
4.802362e+01 
4.802362e+01 
4.802362e+01 
4.802362e+01 
4.802362e+01 
4.802362e+01 
4.802362e+01 
4.802362e+01 
4.802362e+01 
4.802362e+01 
4.802362e+01 
4.802362e+01 
4.802362e+01 
4.802362e+01 
4.802362e+01 
4.802362e+01 
4.802362e+01 
4.802362e+01 
4.802362e+01 
4.802362e+01 
4.802362e+01 
4.802362e+01 
4.802362e+01 
4.802362e+01 
4.802362e+01 
4.802362e+01 
4.802362e+01 
4.802362e+01 
4.802362e+01 
4.802362e+01 
4.802362e+01 
4.802362e+01 
4.802362e+01 
4.802362e+01 
4.802362e+01 
4.802362e+01 
4.802362e+01 
4.802362e+01 
4.802362e+01 
4.802362e+01 
4.802362e+01 
4.802362e+01 
4.802362e+01 
4.802362e+01 
4.802362e+01 
4.802362e+01 
4.802362e+01 
4.802362e+01 
4.802362e+01 
4.802362e+01 
4.802362e+01 
4.802362e+01 
4.802362e+01 
4.802362e+01 
4.802362e+01 
4.802362e+01 
4.802362e+01 
4.802362e+01 
4.802362e+01 
4.802362e+01 
4.802362e+01 
4.802362e+01 
4.802362e+01 
4.802362e+01 
4.802362e+01 
4.802362e+01 
4.802362e+01 
4.802362e+01 
4.802362e+01 
4.802362e+01 
4.802362e+01 
4.802362e+01 
4.802362e+01 
4.802362e+01 
4.802362e+01 
4.802362e+01 
4.802362e+01 
4.802362e+01 
4.802362e+01 
4.802362e+01 
4.802362e+01 
4.802362e+01 
4.802362e+01 
4.802362e+01 
4.802362e+01 
4.802362e+01 
4.802362e+01 
4.802362e+01 
4.802362e+01 
4.802362e+01 
4.802362e+01 
4.802362e+01 
4.802362e+01 
4.802362e+01 
4.802362e+01 
4.802362e+01 
4.802362e+01 
4.802362e+01 
4.802362e+01 
4.802362e+01 
4.802362e+01 
4.802362e+01 
4.802362e+01 
4.802362e+01 
4.802362e+01 
4.802362e+01 
4.802362e+01 
4.802362e+01 
4.802362e+01 
4.802362e+01 
4.802362e+01 
4.802362e+01 
4.802362e+01 
4.802362e+01 
4.802362e+01 
4.802362e+01 
4.802362e+01 
4.802362e+01 
4.802362e+01 
4.802362e+01 
4.802362e+01 
4.802362e+01 
4.802362e+01 
4.802362e+01 
4.802362e+01 
4.802362e+01 
4.802362e+01 
4.802362e+01 
4.802362e+01 
4.802362e+01 
4.802362e+01 
4.802362e+01 
4.802362e+01 
4.802362e+01 
4.802362e+01 
4.802362e+01 
4.802362e+01 
4.802362e+01 
4.802362e+01 
4.802362e+01 
4.802362e+01 
4.802362e+01 
4.802362e+01 
4.802362e+01 
4.802362e+01 
4.802362e+01 
4.802362e+01 
4.802362e+01 
4.802362e+01 
4.802362e+01 
4.802362e+01 
4.802362e+01 
4.802362e+01 
4.802362e+01 
4.802362e+01 
4.802362e+01 
4.802362e+01 
4.802362e+01 
4.802362e+01 
4.802362e+01 
4.802362e+01 
4.802362e+01 
4.802362e+01 
4.802362e+01 
4.802362e+01 
4.802362e+01 
4.802362e+01 
4.802362e+01 
4.802362e+01 
4.802362e+01 
4.802362e+01 
4.802362e+01 
4.802362e+01 
4.802362e+01 
4.802362e+01 
4.802362e+01 
4.802362e+01 
4.802362e+01 
4.802362e+01 
4.802362e+01 
4.802362e+01 
4.802362e+01 
4.802362e+01 
4.802362e+01 
4.802362e+01 
4.802362e+01 
4.802362e+01 
4.802362e+01 
4.802362e+01 
4.802362e+01 
4.802362e+01 
4.802362e+01 
4.802362e+01 
4.802362e+01 
4.802362e+01 
4.802362e+01 
4.802362e+01 
4.802362e+01 
4.802362e+01 
4.802362e+01 
4.802362e+01 
4.802362e+01 
4.802362e+01 
4.802362e+01 
4.802362e+01 
4.802362e+01 
4.802362e+01 
4.802362e+01 
4.802362e+01 
4.802362e+01 
4.802362e+01 
4.802362e+01 
4.802362e+01 
4.802362e+01 
4.802362e+01 
4.802362e+01 
4.802362e+01 
4.802362e+01 
4.802362e+01 
4.802362e+01 
4.802362e+01 
4.802362e+01 
4.802362e+01 
4.802362e+01 
4.802362e+01 
4.802362e+01 
4.802362e+01 
4.802362e+01 
4.802362e+01 
4.802362e+01 
4.802362e+01 
4.802362e+01 
4.802362e+01 
4.802362e+01 
4.802362e+01 
4.802362e+01 
4.802362e+01 
4.802362e+01 
4.802362e+01 
4.802362e+01 
4.802362e+01 
4.802362e+01 
4.802362e+01 
4.802362e+01 
4.802362e+01 
4.802362e+01 
4.802362e+01 
4.802362e+01 
4.802362e+01 
4.802362e+01 
4.802362e+01 
4.802362e+01 
4.802362e+01 
4.802362e+01 
4.802362e+01 
4.802362e+01 
4.802362e+01 
4.802362e+01 
4.802362e+01 
4.802362e+01 
4.802362e+01 
4.802362e+01 
4.802362e+01 
4.802362e+01 
4.802362e+01 
4.802362e+01 
4.802362e+01 
4.802362e+01 
4.802362e+01 
4.802362e+01 
4.802362e+01 
4.802362e+01 
4.802362e+01 
4.802362e+01 
4.802362e+01 
4.802362e+01 
4.802362e+01 
4.802362e+01 
4.802362e+01 
4.802362e+01 
4.802362e+01 
4.802362e+01 
4.802362e+01 
4.802362e+01 
4.802362e+01 
4.802362e+01 
4.802362e+01 
4.802362e+01 
4.802362e+01 
4.802362e+01 
4.802362e+01 
4.802362e+01 
4.802362e+01 
4.802362e+01 
4.802362e+01 
4.802362e+01 
4.802362e+01 
4.802362e+01 
4.802362e+01 
4.802362e+01 
4.802362e+01 
4.802362e+01 
4.802362e+01 
4.802362e+01 
4.802362e+01 
4.802362e+01 
4.802362e+01 
4.802362e+01 
4.802362e+01 
4.802362e+01 
4.802362e+01 
4.802362e+01 
4.802362e+01 
4.802362e+01 
4.802362e+01 
4.802362e+01 
4.802362e+01 
4.802362e+01 
4.802362e+01 
4.802362e+01 
4.802362e+01 
4.802362e+01 
4.802362e+01 
4.802362e+01 
4.802362e+01 
4.802362e+01 
4.802362e+01 
4.802362e+01 
4.802362e+01 
4.802362e+01 
4.802362e+01 
4.802362e+01 
4.802362e+01 
4.802362e+01 
4.802362e+01 
4.802362e+01 
4.802362e+01 
4.802362e+01 
4.802362e+01 
4.802362e+01 
4.802362e+01 
4.802362e+01 
4.802362e+01 
4.802362e+01 
4.802362e+01 
4.802362e+01 
4.802362e+01 
4.802362e+01 
4.802362e+01 
4.802362e+01 
4.802362e+01 
4.802362e+01 
4.802362e+01 
4.802362e+01 
4.802362e+01 
4.802362e+01 
4.802362e+01 
4.802362e+01 
4.802362e+01 
4.802362e+01 
4.802362e+01 
4.802362e+01 
4.802362e+01 
4.802362e+01 
4.802362e+01 
4.802362e+01 
4.802362e+01 
4.802362e+01 
4.802362e+01 
4.802362e+01 
4.802362e+01 
4.802362e+01 
4.802362e+01 
4.802362e+01 
4.802362e+01 
4.802362e+01 
4.802362e+01 
4.802362e+01 
4.802362e+01 
4.802362e+01 
4.802362e+01 
4.802362e+01 
4.802362e+01 
4.802362e+01 
4.802362e+01 
4.802362e+01 
4.802362e+01 
4.802362e+01 
4.802362e+01 
4.802362e+01 
4.802362e+01 
4.802362e+01 
4.802362e+01 
4.802362e+01 
4.802362e+01 
4.802362e+01 
4.802362e+01 
4.802362e+01 
4.802362e+01 
4.802362e+01 
4.802362e+01 
4.802362e+01 
4.802362e+01 
4.802362e+01 
4.802362e+01 
4.802362e+01 
4.802362e+01 
4.802362e+01 
4.802362e+01 
4.802362e+01 
4.802362e+01 
4.802362e+01 
4.802362e+01 
4.802362e+01 
4.802362e+01 
4.802362e+01 
4.802362e+01 
4.802362e+01 
4.802362e+01 
4.802362e+01 
4.802362e+01 
4.802362e+01 
4.802362e+01 
4.802362e+01 
4.802362e+01 
4.802362e+01 
4.802362e+01 
4.802362e+01 
4.802362e+01 
4.802362e+01 
4.802362e+01 
4.802362e+01 
4.802362e+01 
4.802362e+01 
4.802362e+01 
4.802362e+01 
4.802362e+01 
4.802362e+01 
4.802362e+01 
4.802362e+01 
4.802362e+01 
4.802362e+01 
4.802362e+01 
4.802362e+01 
4.802362e+01 
4.802362e+01 
4.802362e+01 
4.802362e+01 
4.802362e+01 
4.802362e+01 
4.802362e+01 
4.802362e+01 
4.802362e+01 
4.802362e+01 
4.802362e+01 
4.802362e+01 
4.802362e+01 
4.802362e+01 
4.802362e+01 
4.802362e+01 
4.802362e+01 
4.802362e+01 
4.802362e+01 
4.802362e+01 
4.802362e+01 
4.802362e+01 
4.802362e+01 
4.802362e+01 
4.802362e+01 
4.802362e+01 
4.802362e+01 
4.802362e+01 
4.802362e+01 
4.802362e+01 
4.802362e+01 
4.802362e+01 
4.802362e+01 
4.802362e+01 
4.802362e+01 
4.802362e+01 
4.802362e+01 
4.802362e+01 
4.802362e+01 
4.802362e+01 
4.802362e+01 
4.802362e+01 
4.802362e+01 
4.802362e+01 
4.802362e+01 
4.802362e+01 
4.802362e+01 
4.802362e+01 
4.802362e+01 
4.802362e+01 
4.802362e+01 
4.802362e+01 
4.802362e+01 
4.802362e+01 
4.802362e+01 
4.802362e+01 
4.802362e+01 
4.802362e+01 
4.802362e+01 
4.802362e+01 
4.802362e+01 
4.802362e+01 
4.802362e+01 
4.802362e+01 
4.802362e+01 
4.802362e+01 
4.802362e+01 
4.802362e+01 
4.802362e+01 
4.802362e+01 
4.802362e+01 
4.802362e+01 
4.802362e+01 
4.802362e+01 
4.802362e+01 
4.802362e+01 
4.802362e+01 
4.802362e+01 
4.802362e+01 
4.802362e+01 
4.802362e+01 
4.802362e+01 
4.802362e+01 
4.802362e+01 
4.802362e+01 
4.802362e+01 
4.802362e+01 
4.802362e+01 
4.802362e+01 
4.802362e+01 
4.802362e+01 
4.802362e+01 
4.802362e+01 
4.802362e+01 
4.802362e+01 
4.802362e+01 
4.802362e+01 
4.802362e+01 
4.802362e+01 
4.802362e+01 
4.802362e+01 
4.802362e+01 
4.802362e+01 
4.802362e+01 
4.802362e+01 
4.802362e+01 
4.802362e+01 
4.802362e+01 
4.802362e+01 
4.802362e+01 
4.802362e+01 
4.802362e+01 
4.802362e+01 
4.802362e+01 
4.802362e+01 
4.802362e+01 
4.802362e+01 
4.802362e+01 
4.802362e+01 
4.802362e+01 
4.802362e+01 
4.802362e+01 
4.802362e+01 
4.802362e+01 
4.802362e+01 
4.802362e+01 
4.802362e+01 
4.802362e+01 
4.802362e+01 
4.802362e+01 
4.802362e+01 
4.802362e+01 
4.802362e+01 
4.802362e+01 
4.802362e+01 
4.802362e+01 
4.802362e+01 
4.802362e+01 
4.802362e+01 
4.802362e+01 
4.802362e+01 
4.802362e+01 
4.802362e+01 
4.802362e+01 
4.802362e+01 
4.802362e+01 
4.802362e+01 
4.802362e+01 
4.802362e+01 
4.802362e+01 
4.802362e+01 
4.802362e+01 
4.802362e+01 
4.802362e+01 
4.802362e+01 
4.802362e+01 
4.802362e+01 
4.802362e+01 
4.802362e+01 
4.802362e+01 
4.802362e+01 
4.802362e+01 
4.802362e+01 
4.802362e+01 
4.802362e+01 
4.802362e+01 
4.802362e+01 
4.802362e+01 
4.802362e+01 
4.802362e+01 
4.802362e+01 
4.802362e+01 
4.802362e+01 
4.802362e+01 
4.802362e+01 
4.802362e+01 
4.802362e+01 
4.802362e+01 
4.802362e+01 
4.802362e+01 
4.802362e+01 
4.802362e+01 
4.802362e+01 
4.802362e+01 
4.802362e+01 
4.802362e+01 
4.802362e+01 
4.802362e+01 
4.802362e+01 
4.802362e+01 
4.802362e+01 
4.802362e+01 
4.802362e+01 
4.802362e+01 
4.802362e+01 
4.802362e+01 
4.802362e+01 
4.802362e+01 
4.802362e+01 
4.802362e+01 
4.802362e+01 
4.802362e+01 
4.802362e+01 
4.802362e+01 
4.802362e+01 
4.802362e+01 
4.802362e+01 
4.802362e+01 
4.802362e+01 
4.802362e+01 
4.802362e+01 
4.802362e+01 
4.802362e+01 
4.802362e+01 
4.802362e+01 
4.802362e+01 
4.802362e+01 
4.802362e+01 
4.802362e+01 
4.802362e+01 
4.802362e+01 
4.802362e+01 
4.802362e+01 
4.802362e+01 
4.802362e+01 
4.802362e+01 
4.802362e+01 
4.802362e+01 
4.802362e+01 
4.802362e+01 
4.802362e+01 
4.802362e+01 
4.802362e+01 
4.802362e+01 
4.802362e+01 
4.802362e+01 
4.802362e+01 
4.802362e+01 
4.802362e+01 
4.802362e+01 
4.802362e+01 
4.802362e+01 
4.802362e+01 
4.802362e+01 
4.802362e+01 
4.802362e+01 
4.802362e+01 
4.802362e+01 
4.802362e+01 
4.802362e+01 
4.802362e+01 
4.802362e+01 
4.802362e+01 
4.802362e+01 
4.802362e+01 
4.802362e+01 
4.802362e+01 
4.802362e+01 
4.802362e+01 
4.802362e+01 
4.802362e+01 
4.802362e+01 
4.802362e+01 
4.802362e+01 
4.802362e+01 
4.802362e+01 
4.802362e+01 
4.802362e+01 
4.802362e+01 
4.802362e+01 
4.802362e+01 
4.802362e+01 
4.802362e+01 
4.802362e+01 
4.802362e+01 
4.802362e+01 
4.802362e+01 
4.802362e+01 
4.802362e+01 
4.802362e+01 
4.802362e+01 
4.802362e+01 
4.802362e+01 
4.802362e+01 
4.802362e+01 
4.802362e+01 
4.802362e+01 
4.802362e+01 
4.802362e+01 
4.802362e+01 
4.802362e+01 
4.802362e+01 
4.802362e+01 
4.802362e+01 
4.802362e+01 
4.802362e+01 
4.802362e+01 
4.802362e+01 
4.802362e+01 
4.802362e+01 
4.802362e+01 
4.802362e+01 
4.802362e+01 
4.802362e+01 
4.802362e+01 
4.802362e+01 
4.802362e+01 
4.802362e+01 
4.802362e+01 
4.802362e+01 
4.802362e+01 
4.802362e+01 
4.802362e+01 
4.802362e+01 
4.802362e+01 
4.802362e+01 
4.802362e+01 
4.802362e+01 
4.802362e+01 
4.802362e+01 
4.802362e+01 
4.802362e+01 
4.802362e+01 
4.802362e+01 
4.802362e+01 
4.802362e+01 
4.802362e+01 
4.802362e+01 
4.802362e+01 
4.802362e+01 
4.802362e+01 
4.802362e+01 
4.802362e+01 
4.802362e+01 
4.802362e+01 
4.802362e+01 
4.802362e+01 
4.802362e+01 
4.802362e+01 
4.802362e+01 
4.802362e+01 
4.802362e+01 
4.802362e+01 
4.802362e+01 
4.802362e+01 
4.802362e+01 
4.802362e+01 
4.802362e+01 
4.802362e+01 
4.802362e+01 
4.802362e+01 
4.802362e+01 
4.802362e+01 
4.802362e+01 
4.802362e+01 
4.802362e+01 
4.802362e+01 
4.802362e+01 
4.802362e+01 
4.802362e+01 
4.802362e+01 
4.802362e+01 
4.802362e+01 
4.802362e+01 
4.802362e+01 
4.802362e+01 
4.802362e+01 
4.802362e+01 
4.802362e+01 
4.802362e+01 
4.802362e+01 
4.802362e+01 
4.802362e+01 
4.802362e+01 
4.802362e+01 
4.802362e+01 
4.802362e+01 
4.802362e+01 
4.802362e+01 
4.802362e+01 
4.802362e+01 
4.802362e+01 
4.802362e+01 
4.802362e+01 
4.802362e+01 
4.802362e+01 
4.802362e+01 
4.802362e+01 
4.802362e+01 
4.802362e+01 
4.802362e+01 
4.802362e+01 
4.802362e+01 
4.802362e+01 
4.802362e+01 
4.802362e+01 
4.802362e+01 
4.802362e+01 
4.802362e+01 
4.802362e+01 
4.802362e+01 
4.802362e+01 
4.802362e+01 
4.802362e+01 
4.802362e+01 
4.802362e+01 
4.802362e+01 
4.802362e+01 
4.802362e+01 
4.802362e+01 
4.802362e+01 
4.802362e+01 
4.802362e+01 
4.802362e+01 
4.802362e+01 
4.802362e+01 
4.802362e+01 
4.802362e+01 
4.802362e+01 
4.802362e+01 
4.802362e+01 
4.802362e+01 
4.802362e+01 
4.802362e+01 
4.802362e+01 
4.802362e+01 
4.802362e+01 
4.802362e+01 
4.802362e+01 
4.802362e+01 
4.802362e+01 
4.802362e+01 
4.802362e+01 
4.802362e+01 
4.802362e+01 
4.802362e+01 
4.802362e+01 
4.802362e+01 
4.802362e+01 
4.802362e+01 
4.802362e+01 
4.802362e+01 
4.802362e+01 
4.802362e+01 
4.802362e+01 
4.802362e+01 
4.802362e+01 
4.802362e+01 
4.802362e+01 
4.802362e+01 
4.802362e+01 
4.802362e+01 
4.802362e+01 
4.802362e+01 
4.802362e+01 
4.802362e+01 
4.802362e+01 
4.802362e+01 
4.802362e+01 
4.802362e+01 
4.802362e+01 
4.802362e+01 
4.802362e+01 
4.802362e+01 
4.802362e+01 
4.802362e+01 
4.802362e+01 
4.802362e+01 
4.802362e+01 
4.802362e+01 
4.802362e+01 
4.802362e+01 
4.802362e+01 
4.802362e+01 
4.802362e+01 
4.802362e+01 
4.802362e+01 
4.802362e+01 
4.802362e+01 
4.802362e+01 
4.802362e+01 
4.802362e+01 
4.802362e+01 
4.802362e+01 
4.802362e+01 
4.802362e+01 
4.802362e+01 
4.802362e+01 
4.802362e+01 
4.802362e+01 
4.802362e+01 
4.802362e+01 
4.802362e+01 
4.802362e+01 
4.802362e+01 
4.802362e+01 
4.802362e+01 
4.802362e+01 
4.802362e+01 
4.802362e+01 
4.802362e+01 
4.802362e+01 
4.802362e+01 
4.802362e+01 
4.802362e+01 
4.802362e+01 
4.802362e+01 
4.802362e+01 
4.802362e+01 
4.802362e+01 
4.802362e+01 
4.802362e+01 
4.802362e+01 
4.802362e+01 
4.802362e+01 
4.802362e+01 
4.802362e+01 
4.802362e+01 
4.802362e+01 
4.802362e+01 
4.802362e+01 
4.802362e+01 
4.802362e+01 
4.802362e+01 
4.802362e+01 
4.802362e+01 
4.802362e+01 
4.802362e+01 
4.802362e+01 
4.802362e+01 
4.802362e+01 
4.802362e+01 
4.802362e+01 
4.802362e+01 
4.802362e+01 
4.802362e+01 
4.802362e+01 
4.802362e+01 
4.802362e+01 
4.802362e+01 
4.802362e+01 
4.802362e+01 
4.802362e+01 
4.802362e+01 
4.802362e+01 
4.802362e+01 
4.802362e+01 
4.802362e+01 
4.802362e+01 
4.802362e+01 
4.802362e+01 
4.802362e+01 
4.802362e+01 
4.802362e+01 
4.802362e+01 
4.802362e+01 
4.802362e+01 
4.802362e+01 
4.802362e+01 
4.802362e+01 
4.802362e+01 
4.802362e+01 
4.802362e+01 
4.802362e+01 
4.802362e+01 
4.802362e+01 
4.802362e+01 
4.802362e+01 
4.802362e+01 
4.802362e+01 
4.802362e+01 
4.802362e+01 
4.802362e+01 
4.802362e+01 
4.802362e+01 
4.802362e+01 
4.802362e+01 
4.802362e+01 
4.802362e+01 
4.802362e+01 
4.802362e+01 
4.802362e+01 
4.802362e+01 
4.802362e+01 
4.802362e+01 
4.802362e+01 
4.802362e+01 
4.802362e+01 
4.802362e+01 
4.802362e+01 
4.802362e+01 
4.802362e+01 
4.802362e+01 
4.802362e+01 
4.802362e+01 
4.802362e+01 
4.802362e+01 
4.802362e+01 
4.802362e+01 
4.802362e+01 
4.802362e+01 
4.802362e+01 
4.802362e+01 
4.802362e+01 
4.802362e+01 
4.802362e+01 
4.802362e+01 
4.802362e+01 
4.802362e+01 
4.802362e+01 
4.802362e+01 
4.802362e+01 
4.802362e+01 
4.802362e+01 
4.802362e+01 
4.802362e+01 
4.802362e+01 
4.802362e+01 
4.802362e+01 
4.802362e+01 
4.802362e+01 
4.802362e+01 
4.802362e+01 
4.802362e+01 
4.802362e+01 
4.802362e+01 
4.802362e+01 
4.802362e+01 
4.802362e+01 
4.802362e+01 
4.802362e+01 
4.802362e+01 
4.802362e+01 
4.802362e+01 
4.802362e+01 
4.802362e+01 
4.802362e+01 
4.802362e+01 
4.802362e+01 
4.802362e+01 
4.802362e+01 
4.802362e+01 
4.802362e+01 
4.802362e+01 
4.802362e+01 
4.802362e+01 
4.802362e+01 
4.802362e+01 
4.802362e+01 
4.802362e+01 
4.802362e+01 
4.802362e+01 
4.802362e+01 
4.802362e+01 
4.802362e+01 
4.802362e+01 
4.802362e+01 
4.802362e+01 
4.802362e+01 
4.802362e+01 
4.802362e+01 
4.802362e+01 
4.802362e+01 
4.802362e+01 
4.802362e+01 
4.802362e+01 
4.802362e+01 
4.802362e+01 
4.802362e+01 
4.802362e+01 
4.802362e+01 
4.802362e+01 
4.802362e+01 
4.802362e+01 
4.802362e+01 
4.802362e+01 
4.802362e+01 
4.802362e+01 
4.802362e+01 
4.802362e+01 
4.802362e+01 
4.802362e+01 
4.802362e+01 
4.802362e+01 
4.802362e+01 
4.802362e+01 
4.802362e+01 
4.802362e+01 
4.802362e+01 
4.802362e+01 
4.802362e+01 
4.802362e+01 
4.802362e+01 
4.802362e+01 
4.802362e+01 
4.802362e+01 
4.802362e+01 
4.802362e+01 
4.802362e+01 
4.802362e+01 
4.802362e+01 
4.802362e+01 
4.802362e+01 
4.802362e+01 
4.802362e+01 
4.802362e+01 
4.802362e+01 
4.802362e+01 
4.802362e+01 
4.802362e+01 
4.802362e+01 
4.802362e+01 
4.802362e+01 
4.802362e+01 
4.802362e+01 
4.802362e+01 
4.802362e+01 
4.802362e+01 
4.802362e+01 
4.802362e+01 
4.802362e+01 
4.802362e+01 
4.802362e+01 
4.802362e+01 
4.802362e+01 
4.802362e+01 
4.802362e+01 
4.802362e+01 
4.802362e+01 
4.802362e+01 
4.802362e+01 
4.802362e+01 
4.802362e+01 
4.802362e+01 
4.802362e+01 
4.802362e+01 
4.802362e+01 
4.802362e+01 
4.802362e+01 
4.802362e+01 
4.802362e+01 
4.802362e+01 
4.802362e+01 
4.802362e+01 
4.802362e+01 
4.802362e+01 
4.802362e+01 
4.802362e+01 
4.802362e+01 
4.802362e+01 
4.802362e+01 
4.802362e+01 
4.802362e+01 
4.802362e+01 
4.802362e+01 
4.802362e+01 
4.802362e+01 
4.802362e+01 
4.802362e+01 
4.802362e+01 
4.802362e+01 
4.802362e+01 
4.802362e+01 
4.802362e+01 
4.802362e+01 
4.802362e+01 
4.802362e+01 
4.802362e+01 
4.802362e+01 
4.802362e+01 
4.802362e+01 
4.802362e+01 
4.802362e+01 
4.802362e+01 
4.802362e+01 
4.802362e+01 
4.802362e+01 
4.802362e+01 
4.802362e+01 
4.802362e+01 
4.802362e+01 
4.802362e+01 
4.802362e+01 
4.802362e+01 
4.802362e+01 
4.802362e+01 
4.802362e+01 
4.802362e+01 
4.802362e+01 
4.802362e+01 
4.802362e+01 
4.802362e+01 
4.802362e+01 
4.802362e+01 
4.802362e+01 
4.802362e+01 
4.802362e+01 
4.802362e+01 
4.802362e+01 
4.802362e+01 
4.802362e+01 
4.802362e+01 
4.802362e+01 
4.802362e+01 
4.802362e+01 
4.802362e+01 
4.802362e+01 
4.802362e+01 
4.802362e+01 
4.802362e+01 
4.802362e+01 
4.802362e+01 
4.802362e+01 
4.802362e+01 
4.802362e+01 
4.802362e+01 
4.802362e+01 
4.802362e+01 
4.802362e+01 
4.802362e+01 
4.802362e+01 
4.802362e+01 
4.802362e+01 
4.802362e+01 
4.802362e+01 
4.802362e+01 
4.802362e+01 
4.802362e+01 
4.802362e+01 
4.802362e+01 
4.802362e+01 
4.802362e+01 
4.802362e+01 
4.802362e+01 
4.802362e+01 
4.802362e+01 
4.802362e+01 
4.802362e+01 
4.802362e+01 
4.802362e+01 
4.802362e+01 
4.802362e+01 
4.802362e+01 
4.802362e+01 
4.802362e+01 
4.802362e+01 
4.802362e+01 
4.802362e+01 
4.802362e+01 
4.802362e+01 
4.802362e+01 
4.802362e+01 
4.802362e+01 
4.802362e+01 
4.802362e+01 
4.802362e+01 
4.802362e+01 
4.802362e+01 
4.802362e+01 
4.802362e+01 
4.802362e+01 
4.802362e+01 
4.802362e+01 
4.802362e+01 
4.802362e+01 
4.802362e+01 
4.802362e+01 
4.802362e+01 
4.802362e+01 
4.802362e+01 
4.802362e+01 
4.802362e+01 
4.802362e+01 
4.802362e+01 
4.802362e+01 
4.802362e+01 
4.802362e+01 
4.802362e+01 
4.802362e+01 
4.802362e+01 
4.802362e+01 
4.802362e+01 
4.802362e+01 
4.802362e+01 
4.802362e+01 
4.802362e+01 
4.802362e+01 
4.802362e+01 
4.802362e+01 
4.802362e+01 
4.802362e+01 
4.802362e+01 
4.802362e+01 
4.802362e+01 
4.802362e+01 
4.802362e+01 
4.802362e+01 
4.802362e+01 
4.802362e+01 
4.802362e+01 
4.802362e+01 
4.802362e+01 
4.802362e+01 
4.802362e+01 
4.802362e+01 
4.802362e+01 
4.802362e+01 
4.802362e+01 
4.802362e+01 
4.802362e+01 
4.802362e+01 
4.802362e+01 
4.802362e+01 
4.802362e+01 
4.802362e+01 
4.802362e+01 
4.802362e+01 
4.802362e+01 
4.802362e+01 
4.802362e+01 
4.802362e+01 
4.802362e+01 
4.802362e+01 
4.802362e+01 
4.802362e+01 
4.802362e+01 
4.802362e+01 
4.802362e+01 
4.802362e+01 
4.802362e+01 
4.802362e+01 
4.802362e+01 
4.802362e+01 
4.802362e+01 
4.802362e+01 
4.802362e+01 
4.802362e+01 
4.802362e+01 
4.802362e+01 
4.802362e+01 
4.802362e+01 
4.802362e+01 
4.802362e+01 
4.802362e+01 
4.802362e+01 
4.802362e+01 
4.802362e+01 
4.802362e+01 
4.802362e+01 
4.802362e+01 
4.802362e+01 
4.802362e+01 
4.802362e+01 
4.802362e+01 
4.802362e+01 
4.802362e+01 
4.802362e+01 
4.802362e+01 
4.802362e+01 
4.802362e+01 
4.802362e+01 
4.802362e+01 
4.802362e+01 
4.802362e+01 
4.802362e+01 
4.802362e+01 
4.802362e+01 
4.802362e+01 
4.802362e+01 
4.802362e+01 
4.802362e+01 
4.802362e+01 
4.802362e+01 
4.802362e+01 
4.802362e+01 
4.802362e+01 
4.802362e+01 
4.802362e+01 
4.802362e+01 
4.802362e+01 
4.802362e+01 
4.802362e+01 
4.802362e+01 
4.802362e+01 
4.802362e+01 
4.802362e+01 
4.802362e+01 
4.802362e+01 
4.802362e+01 
4.802362e+01 
4.802362e+01 
4.802362e+01 
4.802362e+01 
4.802362e+01 
4.802362e+01 
4.802362e+01 
4.802362e+01 
4.802362e+01 
4.802362e+01 
4.802362e+01 
4.802362e+01 
4.802362e+01 
4.802362e+01 
4.802362e+01 
4.802362e+01 
4.802362e+01 
4.802362e+01 
4.802362e+01 
4.802362e+01 
4.802362e+01 
4.802362e+01 
4.802362e+01 
4.802362e+01 
4.802362e+01 
4.802362e+01 
4.802362e+01 
4.802362e+01 
4.802362e+01 
4.802362e+01 
4.802362e+01 
4.802362e+01 
4.802362e+01 
4.802362e+01 
4.802362e+01 
4.802362e+01 
4.802362e+01 
4.802362e+01 
4.802362e+01 
4.802362e+01 
4.802362e+01 
4.802362e+01 
4.802362e+01 
4.802362e+01 
4.802362e+01 
4.802362e+01 
4.802362e+01 
4.802362e+01 
4.802362e+01 
4.802362e+01 
4.802362e+01 
4.802362e+01 
4.802362e+01 
4.802362e+01 
4.802362e+01 
4.802362e+01 
4.802362e+01 
4.802362e+01 
4.802362e+01 
4.802362e+01 
4.802362e+01 
4.802362e+01 
4.802362e+01 
4.802362e+01 
4.802362e+01 
4.802362e+01 
4.802362e+01 
4.802362e+01 
4.802362e+01 
4.802362e+01 
4.802362e+01 
4.802362e+01 
4.802362e+01 
4.802362e+01 
4.802362e+01 
4.802362e+01 
4.802362e+01 
4.802362e+01 
4.802362e+01 
4.802362e+01 
4.802362e+01 
4.802362e+01 
4.802362e+01 
4.802362e+01 
4.802362e+01 
4.802362e+01 
4.802362e+01 
4.802362e+01 
4.802362e+01 
4.802362e+01 
4.802362e+01 
4.802362e+01 
4.802362e+01 
4.802362e+01 
4.802362e+01 
4.802362e+01 
4.802362e+01 
4.802362e+01 
4.802362e+01 
4.802362e+01 
4.802362e+01 
4.802362e+01 
4.802362e+01 
4.802362e+01 
4.802362e+01 
4.802362e+01 
4.802362e+01 
4.802362e+01 
4.802362e+01 
4.802362e+01 
4.802362e+01 
4.802362e+01 
4.802362e+01 
4.802362e+01 
4.802362e+01 
4.802362e+01 
4.802362e+01 
4.802362e+01 
4.802362e+01 
4.802362e+01 
4.802362e+01 
4.802362e+01 
4.802362e+01 
4.802362e+01 
4.802362e+01 
4.802362e+01 
4.802362e+01 
4.802362e+01 
4.802362e+01 
4.802362e+01 
4.802362e+01 
4.802362e+01 
4.802362e+01 
4.802362e+01 
4.802362e+01 
4.802362e+01 
4.802362e+01 
4.802362e+01 
4.802362e+01 
4.802362e+01 
4.802362e+01 
4.802362e+01 
4.802362e+01 
4.802362e+01 
4.802362e+01 
4.802362e+01 
4.802362e+01 
4.802362e+01 
4.802362e+01 
4.802362e+01 
4.802362e+01 
4.802362e+01 
4.802362e+01 
4.802362e+01 
4.802362e+01 
4.802362e+01 
4.802362e+01 
4.802362e+01 
4.802362e+01 
4.802362e+01 
4.802362e+01 
4.802362e+01 
4.802362e+01 
4.802362e+01 
4.802362e+01 
4.802362e+01 
4.802362e+01 
4.802362e+01 
4.802362e+01 
4.802362e+01 
4.802362e+01 
4.802362e+01 
4.802362e+01 
4.802362e+01 
4.802362e+01 
4.802362e+01 
4.802362e+01 
4.802362e+01 
4.802362e+01 
4.802362e+01 
4.802362e+01 
4.802362e+01 
4.802362e+01 
4.802362e+01 
4.802362e+01 
4.802362e+01 
4.802362e+01 
4.802362e+01 
4.802362e+01 
4.802362e+01 
4.802362e+01 
4.802362e+01 
4.802362e+01 
4.802362e+01 
4.802362e+01 
4.802362e+01 
4.802362e+01 
4.802362e+01 
4.802362e+01 
4.802362e+01 
4.802362e+01 
4.802362e+01 
4.802362e+01 
4.802362e+01 
4.802362e+01 
4.802362e+01 
4.802362e+01 
4.802362e+01 
4.802362e+01 
4.802362e+01 
4.802362e+01 
4.802362e+01 
4.802362e+01 
4.802362e+01 
4.802362e+01 
4.802362e+01 
4.802362e+01 
4.802362e+01 
4.802362e+01 
4.802362e+01 
4.802362e+01 
4.802362e+01 
4.802362e+01 
4.802362e+01 
4.802362e+01 
4.802362e+01 
4.802362e+01 
4.802362e+01 
4.802362e+01 
4.802362e+01 
4.802362e+01 
4.802362e+01 
4.802362e+01 
4.802362e+01 
4.802362e+01 
4.802362e+01 
4.802362e+01 
4.802362e+01 
4.802362e+01 
4.802362e+01 
4.802362e+01 
4.802362e+01 
4.802362e+01 
4.802362e+01 
4.802362e+01 
4.802362e+01 
4.802362e+01 
4.802362e+01 
4.802362e+01 
4.802362e+01 
4.802362e+01 
4.802362e+01 
4.802362e+01 
4.802362e+01 
4.802362e+01 
4.802362e+01 
4.802362e+01 
4.802362e+01 
4.802362e+01 
4.802362e+01 
4.802362e+01 
4.802362e+01 
4.802362e+01 
4.802362e+01 
4.802362e+01 
4.802362e+01 
4.802362e+01 
4.802362e+01 
4.802362e+01 
4.802362e+01 
4.802362e+01 
4.802362e+01 
4.802362e+01 
4.802362e+01 
4.802362e+01 
4.802362e+01 
4.802362e+01 
4.802362e+01 
4.802362e+01 
4.802362e+01 
4.802362e+01 
4.802362e+01 
4.802362e+01 
4.802362e+01 
4.802362e+01 
4.802362e+01 
4.802362e+01 
4.802362e+01 
4.802362e+01 
4.802362e+01 
4.802362e+01 
4.802362e+01 
4.802362e+01 
4.802362e+01 
4.802362e+01 
4.802362e+01 
4.802362e+01 
4.802362e+01 
4.802362e+01 
4.802362e+01 
4.802362e+01 
4.802362e+01 
4.802362e+01 
4.802362e+01 
4.802362e+01 
4.802362e+01 
4.802362e+01 
4.802362e+01 
4.802362e+01 
4.802362e+01 
4.802362e+01 
4.802362e+01 
4.802362e+01 
4.802362e+01 
4.802362e+01 
4.802362e+01 
4.802362e+01 
4.802362e+01 
4.802362e+01 
4.802362e+01 
4.802362e+01 
4.802362e+01 
4.802362e+01 
4.802362e+01 
4.802362e+01 
4.802362e+01 
4.802362e+01 
4.802362e+01 
4.802362e+01 
4.802362e+01 
4.802362e+01 
4.802362e+01 
4.802362e+01 
4.802362e+01 
4.802362e+01 
4.802362e+01 
4.802362e+01 
4.802362e+01 
4.802362e+01 
4.802362e+01 
4.802362e+01 
4.802362e+01 
4.802362e+01 
4.802362e+01 
4.802362e+01 
4.802362e+01 
4.802362e+01 
4.802362e+01 
4.802362e+01 
4.802362e+01 
4.802362e+01 
4.802362e+01 
4.802362e+01 
4.802362e+01 
4.802362e+01 
4.802362e+01 
4.802362e+01 
4.802362e+01 
4.802362e+01 
4.802362e+01 
4.802362e+01 
4.802362e+01 
4.802362e+01 
4.802362e+01 
4.802362e+01 
4.802362e+01 
4.802362e+01 
4.802362e+01 
4.802362e+01 
4.802362e+01 
4.802362e+01 
4.802362e+01 
4.802362e+01 
4.802362e+01 
4.802362e+01 
4.802362e+01 
4.802362e+01 
4.802362e+01 
4.802362e+01 
4.802362e+01 
4.802362e+01 
4.802362e+01 
4.802362e+01 
4.802362e+01 
4.802362e+01 
4.802362e+01 
4.802362e+01 
4.802362e+01 
4.802362e+01 
4.802362e+01 
4.802362e+01 
4.802362e+01 
4.802362e+01 
4.802362e+01 
4.802362e+01 
4.802362e+01 
4.802362e+01 
4.802362e+01 
4.802362e+01 
4.802362e+01 
4.802362e+01 
4.802362e+01 
4.802362e+01 
4.802362e+01 
4.802362e+01 
4.802362e+01 
4.802362e+01 
4.802362e+01 
4.802362e+01 
4.802362e+01 
4.802362e+01 
4.802362e+01 
4.802362e+01 
4.802362e+01 
4.802362e+01 
4.802362e+01 
4.802362e+01 
4.802362e+01 
4.802362e+01 
4.802362e+01 
4.802362e+01 
4.802362e+01 
4.802362e+01 
4.802362e+01 
4.802362e+01 
4.802362e+01 
4.802362e+01 
4.802362e+01 
4.802362e+01 
4.802362e+01 
4.802362e+01 
4.802362e+01 
4.802362e+01 
4.802362e+01 
4.802362e+01 
4.802362e+01 
4.802362e+01 
4.802362e+01 
4.802362e+01 
4.802362e+01 
4.802362e+01 
4.802362e+01 
4.802362e+01 
4.802362e+01 
4.802362e+01 
4.802362e+01 
4.802362e+01 
4.802362e+01 
4.802362e+01 
4.802362e+01 
4.802362e+01 
4.802362e+01 
4.802362e+01 
4.802362e+01 
4.802362e+01 
4.802362e+01 
4.802362e+01 
4.802362e+01 
4.802362e+01 
4.802362e+01 
4.802362e+01 
4.802362e+01 
4.802362e+01 
4.802362e+01 
4.802362e+01 
4.802362e+01 
4.802362e+01 
4.802362e+01 
4.802362e+01 
4.802362e+01 
4.802362e+01 
4.802362e+01 
4.802362e+01 
4.802362e+01 
4.802362e+01 
4.802362e+01 
4.802362e+01 
4.802362e+01 
4.802362e+01 
4.802362e+01 
4.802362e+01 
4.802362e+01 
4.802362e+01 
4.802362e+01 
4.802362e+01 
4.802362e+01 
4.802362e+01 
4.802362e+01 
4.802362e+01 
4.802362e+01 
4.802362e+01 
4.802362e+01 
4.802362e+01 
4.802362e+01 
4.802362e+01 
4.802362e+01 
4.802362e+01 
4.802362e+01 
4.802362e+01 
4.802362e+01 
4.802362e+01 
4.802362e+01 
4.802362e+01 
4.802362e+01 
4.802362e+01 
4.802362e+01 
4.802362e+01 
4.802362e+01 
4.802362e+01 
4.802362e+01 
4.802362e+01 
4.802362e+01 
4.802362e+01 
4.802362e+01 
4.802362e+01 
4.802362e+01 
4.802362e+01 
4.802362e+01 
4.802362e+01 
4.802362e+01 
4.802362e+01 
4.802362e+01 
4.802362e+01 
4.802362e+01 
4.802362e+01 
4.802362e+01 
4.802362e+01 
4.802362e+01 
4.802362e+01 
4.802362e+01 
4.802362e+01 
4.802362e+01 
4.802362e+01 
4.802362e+01 
4.802362e+01 
4.802362e+01 
4.802362e+01 
4.802362e+01 
4.802362e+01 
4.802362e+01 
4.802362e+01 
4.802362e+01 
4.802362e+01 
4.802362e+01 
4.802362e+01 
4.802362e+01 
4.802362e+01 
4.802362e+01 
4.802362e+01 
4.802362e+01 
4.802362e+01 
4.802362e+01 
4.802362e+01 
4.802362e+01 
4.802362e+01 
4.802362e+01 
4.802362e+01 
4.802362e+01 
4.802362e+01 
4.802362e+01 
4.802362e+01 
4.802362e+01 
4.802362e+01 
4.802362e+01 
4.802362e+01 
4.802362e+01 
4.802362e+01 
4.802362e+01 
4.802362e+01 
4.802362e+01 
4.802362e+01 
4.802362e+01 
4.802362e+01 
4.802362e+01 
4.802362e+01 
4.802362e+01 
4.802362e+01 
4.802362e+01 
4.802362e+01 
4.802362e+01 
4.802362e+01 
4.802362e+01 
4.802362e+01 
4.802362e+01 
4.802362e+01 
4.802362e+01 
4.802362e+01 
4.802362e+01 
4.802362e+01 
4.802362e+01 
4.802362e+01 
4.802362e+01 
4.802362e+01 
4.802362e+01 
4.802362e+01 
4.802362e+01 
4.802362e+01 
4.802362e+01 
4.802362e+01 
4.802362e+01 
4.802362e+01 
4.802362e+01 
4.802362e+01 
4.802362e+01 
4.802362e+01 
4.802362e+01 
4.802362e+01 
4.802362e+01 
4.802362e+01 
4.802362e+01 
4.802362e+01 
4.802362e+01 
4.802362e+01 
4.802362e+01 
4.802362e+01 
4.802362e+01 
4.802362e+01 
4.802362e+01 
4.802362e+01 
4.802362e+01 
4.802362e+01 
4.802362e+01 
4.802362e+01 
4.802362e+01 
4.802362e+01 
4.802362e+01 
4.802362e+01 
4.802362e+01 
4.802362e+01 
4.802362e+01 
4.802362e+01 
4.802362e+01 
4.802362e+01 
4.802362e+01 
4.802362e+01 
4.802362e+01 
4.802362e+01 
4.802362e+01 
4.802362e+01 
4.802362e+01 
4.802362e+01 
4.802362e+01 
4.802362e+01 
4.802362e+01 
4.802362e+01 
4.802362e+01 
4.802362e+01 
4.802362e+01 
4.802362e+01 
4.802362e+01 
4.802362e+01 
4.802362e+01 
4.802362e+01 
4.802362e+01 
4.802362e+01 
4.802362e+01 
4.802362e+01 
4.802362e+01 
4.802362e+01 
4.802362e+01 
4.802362e+01 
4.802362e+01 
4.802362e+01 
4.802362e+01 
4.802362e+01 
4.802362e+01 
4.802362e+01 
4.802362e+01 
4.802362e+01 
4.802362e+01 
4.802362e+01 
4.802362e+01 
4.802362e+01 
4.802362e+01 
4.802362e+01 
4.802362e+01 
4.802362e+01 
4.802362e+01 
4.802362e+01 
4.802362e+01 
4.802362e+01 
4.802362e+01 
4.802362e+01 
4.802362e+01 
4.802362e+01 
4.802362e+01 
4.802362e+01 
4.802362e+01 
4.802362e+01 
4.802362e+01 
4.802362e+01 
4.802362e+01 
4.802362e+01 
4.802362e+01 
4.802362e+01 
4.802362e+01 
4.802362e+01 
4.802362e+01 
4.802362e+01 
4.802362e+01 
4.802362e+01 
4.802362e+01 
4.802362e+01 
4.802362e+01 
4.802362e+01 
4.802362e+01 
4.802362e+01 
4.802362e+01 
4.802362e+01 
4.802362e+01 
4.802362e+01 
4.802362e+01 
4.802362e+01 
4.802362e+01 
4.802362e+01 
4.802362e+01 
4.802362e+01 
4.802362e+01 
4.802362e+01 
4.802362e+01 
4.802362e+01 
4.802362e+01 
4.802362e+01 
4.802362e+01 
4.802362e+01 
4.802362e+01 
4.802362e+01 
4.802362e+01 
4.802362e+01 
4.802362e+01 
4.802362e+01 
4.802362e+01 
4.802362e+01 
4.802362e+01 
4.802362e+01 
4.802362e+01 
4.802362e+01 
4.802362e+01 
4.802362e+01 
4.802362e+01 
4.802362e+01 
4.802362e+01 
4.802362e+01 
4.802362e+01 
4.802362e+01 
4.802362e+01 
4.802362e+01 
4.802362e+01 
4.802362e+01 
4.802362e+01 
4.802362e+01 
4.802362e+01 
4.802362e+01 
4.802362e+01 
4.802362e+01 
4.802362e+01 
4.802362e+01 
4.802362e+01 
4.802362e+01 
4.802362e+01 
4.802362e+01 
4.802362e+01 
4.802362e+01 
4.802362e+01 
4.802362e+01 
4.802362e+01 
4.802362e+01 
4.802362e+01 
4.802362e+01 
4.802362e+01 
4.802362e+01 
4.802362e+01 
4.802362e+01 
4.802362e+01 
4.802362e+01 
4.802362e+01 
4.802362e+01 
4.802362e+01 
4.802362e+01 
4.802362e+01 
4.802362e+01 
4.802362e+01 
4.802362e+01 
4.802362e+01 
4.802362e+01 
4.802362e+01 
4.802362e+01 
4.802362e+01 
4.802362e+01 
4.802362e+01 
4.802362e+01 
4.802362e+01 
4.802362e+01 
4.802362e+01 
4.802362e+01 
4.802362e+01 
4.802362e+01 
4.802362e+01 
4.802362e+01 
4.802362e+01 
4.802362e+01 
4.802362e+01 
4.802362e+01 
4.802362e+01 
4.802362e+01 
4.802362e+01 
4.802362e+01 
4.802362e+01 
4.802362e+01 
4.802362e+01 
4.802362e+01 
4.802362e+01 
4.802362e+01 
4.802362e+01 
4.802362e+01 
4.802362e+01 
4.802362e+01 
4.802362e+01 
4.802362e+01 
4.802362e+01 
4.802362e+01 
4.802362e+01 
4.802362e+01 
4.802362e+01 
4.802362e+01 
4.802362e+01 
4.802362e+01 
4.802362e+01 
4.802362e+01 
4.802362e+01 
4.802362e+01 
4.802362e+01 
4.802362e+01 
4.802362e+01 
4.802362e+01 
4.802362e+01 
4.802362e+01 
4.802362e+01 
4.802362e+01 
4.802362e+01 
4.802362e+01 
4.802362e+01 
4.802362e+01 
4.802362e+01 
4.802362e+01 
4.802362e+01 
4.802362e+01 
4.802362e+01 
4.802362e+01 
4.802362e+01 
4.802362e+01 
4.802362e+01 
4.802362e+01 
4.802362e+01 
4.802362e+01 
4.802362e+01 
4.802362e+01 
4.802362e+01 
4.802362e+01 
4.802362e+01 
4.802362e+01 
4.802362e+01 
4.802362e+01 
4.802362e+01 
4.802362e+01 
4.802362e+01 
4.802362e+01 
4.802362e+01 
4.802362e+01 
4.802362e+01 
4.802362e+01 
4.802362e+01 
4.802362e+01 
4.802362e+01 
4.802362e+01 
4.802362e+01 
4.802362e+01 
4.802362e+01 
4.802362e+01 
4.802362e+01 
4.802362e+01 
4.802362e+01 
4.802362e+01 
4.802362e+01 
4.802362e+01 
4.802362e+01 
4.802362e+01 
4.802362e+01 
4.802362e+01 
4.802362e+01 
4.802362e+01 
4.802362e+01 
4.802362e+01 
4.802362e+01 
4.802362e+01 
4.802362e+01 
4.802362e+01 
4.802362e+01 
4.802362e+01 
4.802362e+01 
4.802362e+01 
4.802362e+01 
4.802362e+01 
4.802362e+01 
4.802362e+01 
4.802362e+01 
4.802362e+01 
4.802362e+01 
4.802362e+01 
4.802362e+01 
4.802362e+01 
4.802362e+01 
4.802362e+01 
4.802362e+01 
4.802362e+01 
4.802362e+01 
4.802362e+01 
4.802362e+01 
4.802362e+01 
4.802362e+01 
4.802362e+01 
4.802362e+01 
4.802362e+01 
4.802362e+01 
4.802362e+01 
4.802362e+01 
4.802362e+01 
4.802362e+01 
4.802362e+01 
4.802362e+01 
4.802362e+01 
4.802362e+01 
4.802362e+01 
4.802362e+01 
4.802362e+01 
4.802362e+01 
4.802362e+01 
4.802362e+01 
4.802362e+01 
4.802362e+01 
4.802362e+01 
4.802362e+01 
4.802362e+01 
4.802362e+01 
4.802362e+01 
4.802362e+01 
4.802362e+01 
4.802362e+01 
4.802362e+01 
4.802362e+01 
4.802362e+01 
4.802362e+01 
4.802362e+01 
4.802362e+01 
4.802362e+01 
4.802362e+01 
4.802362e+01 
4.802362e+01 
4.802362e+01 
4.802362e+01 
4.802362e+01 
4.802362e+01 
4.802362e+01 
4.802362e+01 
4.802362e+01 
4.802362e+01 
4.802362e+01 
4.802362e+01 
4.802362e+01 
4.802362e+01 
4.802362e+01 
4.802362e+01 
4.802362e+01 
4.802362e+01 
4.802362e+01 
4.802362e+01 
4.802362e+01 
4.802362e+01 
4.802362e+01 
4.802362e+01 
4.802362e+01 
4.802362e+01 
4.802362e+01 
4.802362e+01 
4.802362e+01 
4.802362e+01 
4.802362e+01 
4.802362e+01 
4.802362e+01 
4.802362e+01 
4.802362e+01 
4.802362e+01 
4.802362e+01 
4.802362e+01 
4.802362e+01 
4.802362e+01 
4.802362e+01 
4.802362e+01 
4.802362e+01 
4.802362e+01 
4.802362e+01 
4.802362e+01 
4.802362e+01 
4.802362e+01 
4.802362e+01 
4.802362e+01 
4.802362e+01 
4.802362e+01 
4.802362e+01 
4.802362e+01 
4.802362e+01 
4.802362e+01 
4.802362e+01 
4.802362e+01 
4.802362e+01 
4.802362e+01 
4.802362e+01 
4.802362e+01 
4.802362e+01 
4.802362e+01 
4.802362e+01 
4.802362e+01 
4.802362e+01 
4.802362e+01 
4.802362e+01 
4.802362e+01 
4.802362e+01 
4.802362e+01 
4.802362e+01 
4.802362e+01 
4.802362e+01 
4.802362e+01 
4.802362e+01 
4.802362e+01 
4.802362e+01 
4.802362e+01 
4.802362e+01 
4.802362e+01 
4.802362e+01 
4.802362e+01 
4.802362e+01 
4.802362e+01 
4.802362e+01 
4.802362e+01 
4.802362e+01 
4.802362e+01 
4.802362e+01 
4.802362e+01 
4.802362e+01 
4.802362e+01 
4.802362e+01 
4.802362e+01 
4.802362e+01 
4.802362e+01 
4.802362e+01 
4.802362e+01 
4.802362e+01 
4.802362e+01 
4.802362e+01 
4.802362e+01 
4.802362e+01 
4.802362e+01 
4.802362e+01 
4.802362e+01 
4.802362e+01 
4.802362e+01 
4.802362e+01 
4.802362e+01 
4.802362e+01 
4.802362e+01 
4.802362e+01 
4.802362e+01 
4.802362e+01 
4.802362e+01 
4.802362e+01 
4.802362e+01 
4.802362e+01 
4.802362e+01 
4.802362e+01 
4.802362e+01 
4.802362e+01 
4.802362e+01 
4.802362e+01 
4.802362e+01 
4.802362e+01 
4.802362e+01 
4.802362e+01 
4.802362e+01 
4.802362e+01 
4.802362e+01 
4.802362e+01 
4.802362e+01 
4.802362e+01 
4.802362e+01 
4.802362e+01 
4.802362e+01 
4.802362e+01 
4.802362e+01 
4.802362e+01 
4.802362e+01 
4.802362e+01 
4.802362e+01 
4.802362e+01 
4.802362e+01 
4.802362e+01 
4.802362e+01 
4.802362e+01 
4.802362e+01 
4.802362e+01 
4.802362e+01 
4.802362e+01 
4.802362e+01 
4.802362e+01 
4.802362e+01 
4.802362e+01 
4.802362e+01 
4.802362e+01 
4.802362e+01 
4.802362e+01 
4.802362e+01 
4.802362e+01 
4.802362e+01 
4.802362e+01 
4.802362e+01 
4.802362e+01 
4.802362e+01 
4.802362e+01 
4.802362e+01 
4.802362e+01 
4.802362e+01 
4.802362e+01 
4.802362e+01 
4.802362e+01 
4.802362e+01 
4.802362e+01 
4.802362e+01 
4.802362e+01 
4.802362e+01 
4.802362e+01 
4.802362e+01 
4.802362e+01 
4.802362e+01 
4.802362e+01 
4.802362e+01 
4.802362e+01 
4.802362e+01 
4.802362e+01 
4.802362e+01 
4.802362e+01 
4.802362e+01 
4.802362e+01 
4.802362e+01 
4.802362e+01 
4.802362e+01 
4.802362e+01 
4.802362e+01 
4.802362e+01 
4.802362e+01 
4.802362e+01 
4.802362e+01 
4.802362e+01 
4.802362e+01 
4.802362e+01 
4.802362e+01 
4.802362e+01 
4.802362e+01 
4.802362e+01 
4.802362e+01 
4.802362e+01 
4.802362e+01 
4.802362e+01 
4.802362e+01 
4.802362e+01 
4.802362e+01 
4.802362e+01 
4.802362e+01 
4.802362e+01 
4.802362e+01 
4.802362e+01 
4.802362e+01 
4.802362e+01 
4.802362e+01 
4.802362e+01 
4.802362e+01 
4.802362e+01 
4.802362e+01 
4.802362e+01 
4.802362e+01 
4.802362e+01 
4.802362e+01 
4.802362e+01 
4.802362e+01 
4.802362e+01 
4.802362e+01 
4.802362e+01 
4.802362e+01 
4.802362e+01 
4.802362e+01 
4.802362e+01 
4.802362e+01 
4.802362e+01 
4.802362e+01 
4.802362e+01 
4.802362e+01 
4.802362e+01 
4.802362e+01 
4.802362e+01 
4.802362e+01 
4.802362e+01 
4.802362e+01 
4.802362e+01 
4.802362e+01 
4.802362e+01 
4.802362e+01 
4.802362e+01 
4.802362e+01 
4.802362e+01 
4.802362e+01 
4.802362e+01 
4.802362e+01 
4.802362e+01 
4.802362e+01 
4.802362e+01 
4.802362e+01 
4.802362e+01 
4.802362e+01 
4.802362e+01 
4.802362e+01 
4.802362e+01 
4.802362e+01 
4.802362e+01 
4.802362e+01 
4.802362e+01 
4.802362e+01 
4.802362e+01 
4.802362e+01 
4.802362e+01 
4.802362e+01 
4.802362e+01 
4.802362e+01 
4.802362e+01 
4.802362e+01 
4.802362e+01 
4.802362e+01 
4.802362e+01 
4.802362e+01 
4.802362e+01 
4.802362e+01 
4.802362e+01 
4.802362e+01 
4.802362e+01 
4.802362e+01 
4.802362e+01 
4.802362e+01 
4.802362e+01 
4.802362e+01 
4.802362e+01 
4.802362e+01 
4.802362e+01 
4.802362e+01 
4.802362e+01 
4.802362e+01 
4.802362e+01 
4.802362e+01 
4.802362e+01 
4.802362e+01 
4.802362e+01 
4.802362e+01 
4.802362e+01 
4.802362e+01 
4.802362e+01 
4.802362e+01 
4.802362e+01 
4.802362e+01 
4.802362e+01 
4.802362e+01 
4.802362e+01 
4.802362e+01 
4.802362e+01 
4.802362e+01 
4.802362e+01 
4.802362e+01 
4.802362e+01 
4.802362e+01 
4.802362e+01 
4.802362e+01 
4.802362e+01 
4.802362e+01 
4.802362e+01 
4.802362e+01 
4.802362e+01 
4.802362e+01 
4.802362e+01 
4.802362e+01 
4.802362e+01 
4.802362e+01 
4.802362e+01 
4.802362e+01 
4.802362e+01 
4.802362e+01 
4.802362e+01 
4.802362e+01 
4.802362e+01 
4.802362e+01 
4.802362e+01 
4.802362e+01 
4.802362e+01 
4.802362e+01 
4.802362e+01 
4.802362e+01 
4.802362e+01 
4.802362e+01 
4.802362e+01 
4.802362e+01 
4.802362e+01 
4.802362e+01 
4.802362e+01 
4.802362e+01 
4.802362e+01 
4.802362e+01 
4.802362e+01 
4.802362e+01 
4.802362e+01 
4.802362e+01 
4.802362e+01 
4.802362e+01 
4.802362e+01 
4.802362e+01 
4.802362e+01 
4.802362e+01 
4.802362e+01 
4.802362e+01 
4.802362e+01 
4.802362e+01 
4.802362e+01 
4.802362e+01 
4.802362e+01 
4.802362e+01 
4.802362e+01 
4.802362e+01 
4.802362e+01 
4.802362e+01 
4.802362e+01 
4.802362e+01 
4.802362e+01 
4.802362e+01 
4.802362e+01 
4.802362e+01 
4.802362e+01 
4.802362e+01 
4.802362e+01 
4.802362e+01 
4.802362e+01 
4.802362e+01 
4.802362e+01 
4.802362e+01 
4.802362e+01 
4.802362e+01 
4.802362e+01 
4.802362e+01 
4.802362e+01 
4.802362e+01 
4.802362e+01 
4.802362e+01 
4.802362e+01 
4.802362e+01 
4.802362e+01 
4.802362e+01 
4.802362e+01 
4.802362e+01 
4.802362e+01 
4.802362e+01 
4.802362e+01 
4.802362e+01 
4.802362e+01 
4.802362e+01 
4.802362e+01 
4.802362e+01 
4.802362e+01 
4.802362e+01 
4.802362e+01 
4.802362e+01 
4.802362e+01 
4.802362e+01 
4.802362e+01 
4.802362e+01 
4.802362e+01 
4.802362e+01 
4.802362e+01 
4.802362e+01 
4.802362e+01 
4.802362e+01 
4.802362e+01 
4.802362e+01 
4.802362e+01 
4.802362e+01 
4.802362e+01 
4.802362e+01 
4.802362e+01 
4.802362e+01 
4.802362e+01 
4.802362e+01 
4.802362e+01 
4.802362e+01 
4.802362e+01 
4.802362e+01 
4.802362e+01 
4.802362e+01 
4.802362e+01 
4.802362e+01 
4.802362e+01 
4.802362e+01 
4.802362e+01 
4.802362e+01 
4.802362e+01 
4.802362e+01 
4.802362e+01 
4.802362e+01 
4.802362e+01 
4.802362e+01 
4.802362e+01 
4.802362e+01 
4.802362e+01 
4.802362e+01 
4.802362e+01 
4.802362e+01 
4.802362e+01 
4.802362e+01 
4.802362e+01 
4.802362e+01 
4.802362e+01 
4.802362e+01 
4.802362e+01 
4.802362e+01 
4.802362e+01 
4.802362e+01 
4.802362e+01 
4.802362e+01 
4.802362e+01 
4.802362e+01 
4.802362e+01 
4.802362e+01 
4.802362e+01 
4.802362e+01 
4.802362e+01 
4.802362e+01 
4.802362e+01 
4.802362e+01 
4.802362e+01 
4.802362e+01 
4.802362e+01 
4.802362e+01 
4.802362e+01 
4.802362e+01 
4.802362e+01 
4.802362e+01 
4.802362e+01 
4.802362e+01 
4.802362e+01 
4.802362e+01 
4.802362e+01 
4.802362e+01 
4.802362e+01 
4.802362e+01 
4.802362e+01 
4.802362e+01 
4.802362e+01 
4.802362e+01 
4.802362e+01 
4.802362e+01 
4.802362e+01 
4.802362e+01 
4.802362e+01 
4.802362e+01 
4.802362e+01 
4.802362e+01 
4.802362e+01 
4.802362e+01 
4.802362e+01 
4.802362e+01 
4.802362e+01 
4.802362e+01 
4.802362e+01 
4.802362e+01 
4.802362e+01 
4.802362e+01 
4.802362e+01 
4.802362e+01 
4.802362e+01 
4.802362e+01 
4.802362e+01 
4.802362e+01 
4.802362e+01 
4.802362e+01 
4.802362e+01 
4.802362e+01 
4.802362e+01 
4.802362e+01 
4.802362e+01 
4.802362e+01 
4.802362e+01 
4.802362e+01 
4.802362e+01 
4.802362e+01 
4.802362e+01 
4.802362e+01 
4.802362e+01 
4.802362e+01 
4.802362e+01 
4.802362e+01 
4.802362e+01 
4.802362e+01 
4.802362e+01 
4.802362e+01 
4.802362e+01 
4.802362e+01 
4.802362e+01 
4.802362e+01 
4.802362e+01 
4.802362e+01 
4.802362e+01 
4.802362e+01 
4.802362e+01 
4.802362e+01 
4.802362e+01 
4.802362e+01 
4.802362e+01 
4.802362e+01 
4.802362e+01 
4.802362e+01 
4.802362e+01 
4.802362e+01 
4.802362e+01 
4.802362e+01 
4.802362e+01 
4.802362e+01 
4.802362e+01 
4.802362e+01 
4.802362e+01 
4.802362e+01 
4.802362e+01 
4.802362e+01 
4.802362e+01 
4.802362e+01 
4.802362e+01 
4.802362e+01 
4.802362e+01 
4.802362e+01 
4.802362e+01 
4.802362e+01 
4.802362e+01 
4.802362e+01 
4.802362e+01 
4.802362e+01 
4.802362e+01 
4.802362e+01 
4.802362e+01 
4.802362e+01 
4.802362e+01 
4.802362e+01 
4.802362e+01 
4.802362e+01 
4.802362e+01 
4.802362e+01 
4.802362e+01 
4.802362e+01 
4.802362e+01 
4.802362e+01 
4.802362e+01 
4.802362e+01 
4.802362e+01 
4.802362e+01 
4.802362e+01 
4.802362e+01 
4.802362e+01 
4.802362e+01 
4.802362e+01 
4.802362e+01 
4.802362e+01 
4.802362e+01 
4.802362e+01 
4.802362e+01 
4.802362e+01 
4.802362e+01 
4.802362e+01 
4.802362e+01 
4.802362e+01 
4.802362e+01 
4.802362e+01 
4.802362e+01 
4.802362e+01 
4.802362e+01 
4.802362e+01 
4.802362e+01 
4.802362e+01 
4.802362e+01 
4.802362e+01 
4.802362e+01 
4.802362e+01 
4.802362e+01 
4.802362e+01 
4.802362e+01 
4.802362e+01 
4.802362e+01 
4.802362e+01 
4.802362e+01 
4.802362e+01 
4.802362e+01 
4.802362e+01 
4.802362e+01 
4.802362e+01 
4.802362e+01 
4.802362e+01 
4.802362e+01 
4.802362e+01 
4.802362e+01 
4.802362e+01 
4.802362e+01 
4.802362e+01 
4.802362e+01 
4.802362e+01 
4.802362e+01 
4.802362e+01 
4.802362e+01 
4.802362e+01 
4.802362e+01 
4.802362e+01 
4.802362e+01 
4.802362e+01 
4.802362e+01 
4.802362e+01 
4.802362e+01 
4.802362e+01 
4.802362e+01 
4.802362e+01 
4.802362e+01 
4.802362e+01 
4.802362e+01 
4.802362e+01 
4.802362e+01 
4.802362e+01 
4.802362e+01 
4.802362e+01 
4.802362e+01 
4.802362e+01 
4.802362e+01 
4.802362e+01 
4.802362e+01 
4.802362e+01 
4.802362e+01 
4.802362e+01 
4.802362e+01 
4.802362e+01 
4.802362e+01 
4.802362e+01 
4.802362e+01 
4.802362e+01 
4.802362e+01 
4.802362e+01 
4.802362e+01 
4.802362e+01 
4.802362e+01 
4.802362e+01 
4.802362e+01 
4.802362e+01 
4.802362e+01 
4.802362e+01 
4.802362e+01 
4.802362e+01 
4.802362e+01 
4.802362e+01 
4.802362e+01 
4.802362e+01 
4.802362e+01 
4.802362e+01 
4.802362e+01 
4.802362e+01 
4.802362e+01 
4.802362e+01 
4.802362e+01 
4.802362e+01 
4.802362e+01 
4.802362e+01 
4.802362e+01 
4.802362e+01 
4.802362e+01 
4.802362e+01 
4.802362e+01 
4.802362e+01 
4.802362e+01 
4.802362e+01 
4.802362e+01 
4.802362e+01 
4.802362e+01 
4.802362e+01 
4.802362e+01 
4.802362e+01 
4.802242e+01 
4.802242e+01 
4.802242e+01 
4.802242e+01 
4.802242e+01 
4.802127e+01 
4.802127e+01 
4.802127e+01 
4.802127e+01 
4.802127e+01 
4.802127e+01 
4.802127e+01 
4.801990e+01 
4.801990e+01 
4.801990e+01 
4.801990e+01 
4.801979e+01 
4.801979e+01 
4.801979e+01 
4.801979e+01 
4.801979e+01 
4.801979e+01 
4.801979e+01 
4.801979e+01 
4.801962e+01 
4.801962e+01 
4.801962e+01 
4.801962e+01 
4.801962e+01 
4.801961e+01 
4.801961e+01 
4.801959e+01 
4.801959e+01 
4.801957e+01 
4.801950e+01 
4.801932e+01 
4.801930e+01 
4.801925e+01 
4.801925e+01 
4.801925e+01 
4.801925e+01 
4.801925e+01 
4.801925e+01 
4.801925e+01 
4.801925e+01 
4.801925e+01 
4.801925e+01 
4.801925e+01 
4.801924e+01 
4.801924e+01 
4.801924e+01 
4.801924e+01 
4.801924e+01 
4.801924e+01 
4.801924e+01 
4.801924e+01 
4.801924e+01 
4.801924e+01 
4.801924e+01 
4.801924e+01 
4.801924e+01 
4.801924e+01 
4.801924e+01 
4.801924e+01 
4.801924e+01 
4.801924e+01 
4.801924e+01 
4.801924e+01 
4.801924e+01 
4.801924e+01 
4.801923e+01 
4.801923e+01 
4.801923e+01 
4.801923e+01 
4.801923e+01 
4.801923e+01 
4.801923e+01 
4.801923e+01 
4.801923e+01 
4.801923e+01 
4.801923e+01 
4.801923e+01 
4.801923e+01 
4.801923e+01 
4.801923e+01 
4.801923e+01 
4.801923e+01 
4.801923e+01 
4.801923e+01 
4.801923e+01 
4.801923e+01 
4.801923e+01 
4.801923e+01 
4.801923e+01 
4.801923e+01 
4.801923e+01 
4.801923e+01 
4.801923e+01 
4.801923e+01 
4.801923e+01 
4.801923e+01 
4.801923e+01 
4.801923e+01 
4.801923e+01 
4.801923e+01 
4.801923e+01 
4.801923e+01 
4.801923e+01 
4.801923e+01 
4.801923e+01 
4.801923e+01 
4.801923e+01 
4.801923e+01 
4.801923e+01 
4.801923e+01 
4.801923e+01 
4.801923e+01 
4.801923e+01 
4.801923e+01 
4.801923e+01 
4.801923e+01 
4.801923e+01 
4.801923e+01 
4.801923e+01 
4.801923e+01 
4.801923e+01 
4.801923e+01 
4.801923e+01 
4.801923e+01 
4.801923e+01 
4.801923e+01 
4.801923e+01 
4.801923e+01 
4.801923e+01 
4.801923e+01 
4.801923e+01 
4.801923e+01 
4.801923e+01 
4.801923e+01 
4.801923e+01 
4.801923e+01 
4.801923e+01 
4.801923e+01 
4.801923e+01 
4.801923e+01 
4.801923e+01 
4.801923e+01 
4.801923e+01 
4.801923e+01 
4.801923e+01 
4.801923e+01 
4.801923e+01 
4.801923e+01 
4.801923e+01 
4.801923e+01 
4.801923e+01 
4.801923e+01 
4.801923e+01 
4.801923e+01 
4.801923e+01 
4.801923e+01 
4.801923e+01 
4.801923e+01 
4.801923e+01 
4.801923e+01 
4.801923e+01 
4.801923e+01 
4.801923e+01 
4.801923e+01 
4.801923e+01 
4.801923e+01 
4.801923e+01 
4.801923e+01 
4.801923e+01 
4.801923e+01 
4.801923e+01 
4.801923e+01 
4.801923e+01 
4.801923e+01 
4.801923e+01 
4.801923e+01 
4.801923e+01 
4.801923e+01 
4.801923e+01 
4.801923e+01 
4.801923e+01 
4.801923e+01 
4.801923e+01 
4.801923e+01 
4.801923e+01 
4.801923e+01 
4.801923e+01 
4.801923e+01 
4.801923e+01 
4.801923e+01 
4.801923e+01 
4.801923e+01 
4.801923e+01 
4.801923e+01 
4.801923e+01 
4.801923e+01 
4.801923e+01 
4.801923e+01 
4.801923e+01 
4.801923e+01 
4.801923e+01 
4.801923e+01 
4.801923e+01 
4.801923e+01 
4.801923e+01 
4.801923e+01 
4.801923e+01 
4.801923e+01 
4.801923e+01 
4.801923e+01 
4.801923e+01 
4.801923e+01 
4.801923e+01 
4.801923e+01 
4.801923e+01 
4.801923e+01 
4.801923e+01 
4.801923e+01 
4.801923e+01 
4.801923e+01 
4.801923e+01 
4.801923e+01 
4.801923e+01 
4.801923e+01 
4.801923e+01 
4.801923e+01 
4.801923e+01 
4.801923e+01 
4.801923e+01 
4.801923e+01 
4.801923e+01 
4.801923e+01 
4.801923e+01 
4.801923e+01 
4.801923e+01 
4.801923e+01 
4.801923e+01 
4.801923e+01 
4.801923e+01 
4.801923e+01 
4.801923e+01 
4.801923e+01 
4.801923e+01 
4.801923e+01 
4.801923e+01 
4.801923e+01 
4.801923e+01 
4.801923e+01 
4.801923e+01 
4.801923e+01 
4.801923e+01 
4.801923e+01 
4.801923e+01 
4.801923e+01 
4.801923e+01 
4.801923e+01 
4.801923e+01 
4.801923e+01 
4.801923e+01 
4.801923e+01 
4.801923e+01 
4.801923e+01 
4.801923e+01 
4.801923e+01 
4.801923e+01 
4.801923e+01 
4.801923e+01 
4.801923e+01 
4.801923e+01 
4.801923e+01 
4.801923e+01 
4.801923e+01 
4.801923e+01 
4.801923e+01 
4.801923e+01 
4.801923e+01 
4.801923e+01 
4.801923e+01 
4.801923e+01 
4.801923e+01 
4.801923e+01 
4.801923e+01 
4.801923e+01 
4.801923e+01 
4.801923e+01 
4.801923e+01 
4.801923e+01 
4.801923e+01 
4.801923e+01 
4.801923e+01 
4.801923e+01 
4.801923e+01 
4.801923e+01 
4.801923e+01 
4.801923e+01 
4.801923e+01 
4.801923e+01 
4.801923e+01 
4.801923e+01 
4.801923e+01 
4.801923e+01 
4.801923e+01 
4.801923e+01 
4.801923e+01 
4.801923e+01 
4.801923e+01 
4.801923e+01 
4.801923e+01 
4.801923e+01 
4.801923e+01 
4.801923e+01 
4.801923e+01 
4.801923e+01 
4.801923e+01 
4.801923e+01 
4.801923e+01 
4.801923e+01 
4.801923e+01 
4.801923e+01 
4.801923e+01 
4.801923e+01 
4.801923e+01 
4.801923e+01 
4.801923e+01 
4.801923e+01 
4.801923e+01 
4.801923e+01 
4.801923e+01 
4.801923e+01 
4.801923e+01 
4.801923e+01 
4.801923e+01 
4.801923e+01 
4.801923e+01 
4.801923e+01 
4.801923e+01 
4.801923e+01 
4.801923e+01 
4.801923e+01 
4.801923e+01 
4.801923e+01 
4.801923e+01 
4.801923e+01 
4.801923e+01 
4.801923e+01 
4.801923e+01 
4.801923e+01 
4.801923e+01 
4.801923e+01 
4.801923e+01 
4.801923e+01 
4.801923e+01 
4.801923e+01 
4.801923e+01 
4.801923e+01 
4.801923e+01 
4.801923e+01 
4.801923e+01 
4.801923e+01 
4.801923e+01 
4.801923e+01 
4.801923e+01 
4.801923e+01 
4.801923e+01 
4.801923e+01 
4.801923e+01 
4.801923e+01 
4.801923e+01 
4.801923e+01 
4.801923e+01 
4.801923e+01 
4.801923e+01 
4.801923e+01 
4.801923e+01 
4.801923e+01 
4.801923e+01 
4.801923e+01 
4.801923e+01 
4.801923e+01 
4.801923e+01 
4.801923e+01 
4.801923e+01 
4.801923e+01 
4.801923e+01 
4.801923e+01 
4.801923e+01 
4.801923e+01 
4.801923e+01 
4.801923e+01 
4.801923e+01 
4.801923e+01 
4.801923e+01 
4.801923e+01 
4.801923e+01 
4.801923e+01 
4.801923e+01 
4.801923e+01 
4.801923e+01 
4.801923e+01 
4.801923e+01 
4.801923e+01 
4.801923e+01 
4.801923e+01 
4.801923e+01 
4.801923e+01 
4.801923e+01 
4.801923e+01 
4.801923e+01 
4.801923e+01 
4.801923e+01 
4.801923e+01 
4.801923e+01 
4.801923e+01 
4.801923e+01 
4.801923e+01 
4.801923e+01 
4.801923e+01 
4.801923e+01 
4.801923e+01 
4.801923e+01 
4.801923e+01 
4.801923e+01 
4.801923e+01 
4.801923e+01 
4.801923e+01 
4.801923e+01 
4.801923e+01 
4.801923e+01 
4.801923e+01 
4.801923e+01 
4.801923e+01 
4.801923e+01 
4.801923e+01 
4.801923e+01 
4.801923e+01 
4.801923e+01 
4.801923e+01 
4.801923e+01 
4.801923e+01 
4.801923e+01 
4.801923e+01 
4.801923e+01 
4.801923e+01 
4.801923e+01 
4.801923e+01 
4.801923e+01 
4.801923e+01 
4.801923e+01 
4.801923e+01 
4.801923e+01 
4.801923e+01 
4.801923e+01 
4.801923e+01 
4.801923e+01 
4.801923e+01 
4.801923e+01 
4.801923e+01 
4.801923e+01 
4.801923e+01 
4.801923e+01 
4.801923e+01 
4.801923e+01 
4.801923e+01 
4.801923e+01 
4.801923e+01 
4.801923e+01 
4.801923e+01 
4.801923e+01 
4.801923e+01 
4.801923e+01 
4.801923e+01 
4.801923e+01 
4.801923e+01 
4.801923e+01 
4.801923e+01 
4.801923e+01 
4.801923e+01 
4.801923e+01 
4.801923e+01 
4.801923e+01 
4.801923e+01 
4.801923e+01 
4.801923e+01 
4.801923e+01 
4.801923e+01 
4.801923e+01 
4.801923e+01 
4.801923e+01 
4.801923e+01 
4.801923e+01 
4.801923e+01 
4.801923e+01 
4.801923e+01 
4.801923e+01 
4.801923e+01 
4.801923e+01 
4.801923e+01 
4.801923e+01 
4.801923e+01 
4.801923e+01 
4.801923e+01 
4.801923e+01 
4.801923e+01 
4.801923e+01 
4.801923e+01 
4.801923e+01 
4.801923e+01 
4.801923e+01 
4.801923e+01 
4.801923e+01 
4.801923e+01 
4.801923e+01 
4.801923e+01 
4.801923e+01 
4.801923e+01 
4.801923e+01 
4.801923e+01 
4.801923e+01 
4.801923e+01 
4.801923e+01 
4.801923e+01 
4.801923e+01 
4.801923e+01 
4.801923e+01 
4.801923e+01 
4.801923e+01 
4.801923e+01 
4.801923e+01 
4.801923e+01 
4.801923e+01 
4.801923e+01 
4.801923e+01 
4.801923e+01 
4.801923e+01 
4.801923e+01 
4.801923e+01 
4.801923e+01 
4.801923e+01 
4.801923e+01 
4.801923e+01 
4.801923e+01 
4.801923e+01 
4.801923e+01 
4.801923e+01 
4.801923e+01 
4.801923e+01 
4.801923e+01 
4.801923e+01 
4.801923e+01 
4.801923e+01 
4.801923e+01 
4.801923e+01 
4.801923e+01 
4.801923e+01 
4.801923e+01 
4.801923e+01 
4.801923e+01 
4.801923e+01 
4.801923e+01 
4.801923e+01 
4.801923e+01 
4.801923e+01 
4.801923e+01 
4.801923e+01 
4.801923e+01 
4.801923e+01 
4.801923e+01 
4.801923e+01 
4.801923e+01 
4.801923e+01 
4.801923e+01 
4.801923e+01 
4.801923e+01 
4.801923e+01 
4.801923e+01 
4.801923e+01 
4.801923e+01 
4.801923e+01 
4.801923e+01 
4.801923e+01 
4.801923e+01 
4.801923e+01 
4.801923e+01 
4.801923e+01 
4.801923e+01 
4.801923e+01 
4.801923e+01 
4.801923e+01 
4.801923e+01 
4.801923e+01 
4.801923e+01 
4.801923e+01 
4.801923e+01 
4.801923e+01 
4.801923e+01 
4.801923e+01 
4.801923e+01 
4.801923e+01 
4.801923e+01 
4.801923e+01 
4.801923e+01 
4.801923e+01 
4.801923e+01 
4.801923e+01 
4.801923e+01 
4.801923e+01 
4.801923e+01 
4.801923e+01 
4.801923e+01 
4.801923e+01 
4.801923e+01 
4.801923e+01 
4.801923e+01 
4.801923e+01 
4.801923e+01 
4.801923e+01 
4.801923e+01 
4.801923e+01 
4.801923e+01 
4.801923e+01 
4.801923e+01 
4.801923e+01 
4.801923e+01 
4.801923e+01 
4.801923e+01 
4.801923e+01 
4.801923e+01 
4.801923e+01 
4.801923e+01 
4.801923e+01 
4.801923e+01 
4.801923e+01 
4.801923e+01 
4.801923e+01 
4.801923e+01 
4.801923e+01 
4.801923e+01 
4.801923e+01 
4.801923e+01 
4.801923e+01 
4.801923e+01 
4.801923e+01 
4.801923e+01 
4.801923e+01 
4.801923e+01 
4.801923e+01 
4.801923e+01 
4.801923e+01 
4.801923e+01 
4.801923e+01 
4.801923e+01 
4.801923e+01 
4.801923e+01 
4.801923e+01 
4.801923e+01 
4.801923e+01 
4.801923e+01 
4.801923e+01 
4.801923e+01 
4.801923e+01 
4.801923e+01 
4.801923e+01 
4.801923e+01 
4.801923e+01 
4.801923e+01 
4.801923e+01 
4.801923e+01 
4.801923e+01 
4.801923e+01 
4.801923e+01 
4.801923e+01 
4.801923e+01 
4.801923e+01 
4.801923e+01 
4.801923e+01 
4.801923e+01 
4.801923e+01 
4.801923e+01 
4.801923e+01 
4.801923e+01 
4.801923e+01 
4.801923e+01 
4.801923e+01 
4.801923e+01 
4.801923e+01 
4.801923e+01 
4.801923e+01 
4.801923e+01 
4.801923e+01 
4.801923e+01 
4.801923e+01 
4.801923e+01 
4.801923e+01 
4.801923e+01 
4.801923e+01 
4.801923e+01 
4.801923e+01 
4.801923e+01 
4.801923e+01 
4.801923e+01 
4.801923e+01 
4.801923e+01 
4.801923e+01 
4.801923e+01 
4.801923e+01 
4.801923e+01 
4.801923e+01 
4.801923e+01 
4.801923e+01 
4.801923e+01 
4.801923e+01 
4.801923e+01 
4.801923e+01 
4.801923e+01 
4.801923e+01 
4.801923e+01 
4.801923e+01 
4.801923e+01 
4.801923e+01 
4.801923e+01 
4.801923e+01 
4.801923e+01 
4.801923e+01 
4.801923e+01 
4.801923e+01 
