7.883213e+09 
3.081487e+09 
3.081487e+09 
2.637531e+09 
1.500037e+09 
8.688012e+08 
8.688012e+08 
8.688012e+08 
8.089365e+08 
8.089365e+08 
8.089365e+08 
7.705380e+08 
6.146619e+08 
6.007577e+08 
6.007577e+08 
6.007577e+08 
6.007577e+08 
5.781756e+08 
5.781756e+08 
1.686707e+08 
1.686707e+08 
1.686707e+08 
1.686707e+08 
1.686707e+08 
1.686707e+08 
1.686707e+08 
1.686707e+08 
1.686707e+08 
1.686707e+08 
1.686707e+08 
1.686707e+08 
1.686707e+08 
1.686707e+08 
1.686707e+08 
1.686707e+08 
1.686707e+08 
1.686707e+08 
1.686707e+08 
1.686707e+08 
1.686707e+08 
1.686707e+08 
1.686707e+08 
1.686707e+08 
1.686707e+08 
1.686707e+08 
1.686707e+08 
1.456446e+08 
1.456446e+08 
1.456446e+08 
1.456446e+08 
1.456446e+08 
1.456446e+08 
1.456446e+08 
1.456446e+08 
1.456446e+08 
1.456446e+08 
1.456446e+08 
1.456446e+08 
1.456446e+08 
1.456446e+08 
1.456446e+08 
1.456446e+08 
1.456446e+08 
1.456446e+08 
1.456446e+08 
1.456446e+08 
1.456446e+08 
1.456446e+08 
1.456446e+08 
1.456446e+08 
1.456446e+08 
1.456446e+08 
1.456446e+08 
1.456446e+08 
1.456446e+08 
1.456446e+08 
1.456446e+08 
1.456446e+08 
1.456446e+08 
1.456446e+08 
1.456446e+08 
1.456446e+08 
1.456446e+08 
1.456446e+08 
1.456446e+08 
1.456446e+08 
9.346577e+07 
9.346577e+07 
7.473457e+07 
7.473457e+07 
7.473457e+07 
7.473457e+07 
7.473457e+07 
7.473457e+07 
7.473457e+07 
7.473457e+07 
7.473457e+07 
7.473457e+07 
7.473457e+07 
7.473457e+07 
7.473457e+07 
7.473457e+07 
7.473457e+07 
7.473457e+07 
7.473457e+07 
7.473457e+07 
7.473457e+07 
7.473457e+07 
7.473457e+07 
7.473457e+07 
7.473457e+07 
7.473457e+07 
7.473457e+07 
7.473457e+07 
7.473457e+07 
7.473457e+07 
7.473457e+07 
7.473457e+07 
7.473457e+07 
7.473457e+07 
7.473457e+07 
7.473457e+07 
7.473457e+07 
7.473457e+07 
7.473457e+07 
7.473457e+07 
7.473457e+07 
7.473457e+07 
7.473457e+07 
7.473457e+07 
7.473457e+07 
7.473457e+07 
7.473457e+07 
7.473457e+07 
7.473457e+07 
7.473457e+07 
7.473457e+07 
7.473457e+07 
7.473457e+07 
7.473457e+07 
7.473457e+07 
7.473457e+07 
7.473457e+07 
7.473457e+07 
7.473457e+07 
7.473457e+07 
7.473457e+07 
7.473457e+07 
7.473457e+07 
7.473457e+07 
7.473457e+07 
7.473457e+07 
7.473457e+07 
7.473457e+07 
7.473457e+07 
7.473457e+07 
7.473457e+07 
7.473457e+07 
7.473457e+07 
7.473457e+07 
7.473457e+07 
7.473457e+07 
7.473457e+07 
7.473457e+07 
7.473457e+07 
7.473457e+07 
7.473457e+07 
7.473457e+07 
7.473457e+07 
7.473457e+07 
7.473457e+07 
7.473457e+07 
7.473457e+07 
7.473457e+07 
7.473457e+07 
7.473457e+07 
7.473457e+07 
7.473457e+07 
7.473457e+07 
7.473457e+07 
7.473457e+07 
7.473457e+07 
7.473457e+07 
7.473457e+07 
7.473457e+07 
7.473457e+07 
7.473457e+07 
7.473457e+07 
7.473457e+07 
7.473457e+07 
7.473457e+07 
7.473457e+07 
7.473457e+07 
7.473457e+07 
7.473457e+07 
7.473457e+07 
7.473457e+07 
7.473457e+07 
7.473457e+07 
7.473457e+07 
7.473457e+07 
7.473457e+07 
7.473457e+07 
7.473457e+07 
7.473457e+07 
7.473457e+07 
7.473457e+07 
7.473457e+07 
7.473457e+07 
7.473457e+07 
7.473457e+07 
7.473457e+07 
7.473457e+07 
7.473457e+07 
7.473457e+07 
7.473457e+07 
7.473457e+07 
7.473457e+07 
7.473457e+07 
7.473457e+07 
7.473457e+07 
7.473457e+07 
7.473457e+07 
7.473457e+07 
7.473457e+07 
7.473457e+07 
7.473457e+07 
7.473457e+07 
7.473457e+07 
7.473457e+07 
7.473457e+07 
7.473457e+07 
7.473457e+07 
7.473457e+07 
7.473457e+07 
7.473457e+07 
7.473457e+07 
7.473457e+07 
7.473457e+07 
7.473457e+07 
7.473457e+07 
7.473457e+07 
7.473457e+07 
7.473457e+07 
7.473457e+07 
7.473457e+07 
7.473457e+07 
7.473457e+07 
7.473457e+07 
7.473457e+07 
7.473457e+07 
7.473457e+07 
7.473457e+07 
7.473457e+07 
7.473457e+07 
7.473457e+07 
7.473457e+07 
7.473457e+07 
7.473457e+07 
7.473457e+07 
7.473457e+07 
7.473457e+07 
7.473457e+07 
7.473457e+07 
7.473457e+07 
7.473457e+07 
7.473457e+07 
7.473457e+07 
7.473457e+07 
7.473457e+07 
7.473457e+07 
7.473457e+07 
7.473457e+07 
7.473457e+07 
7.473457e+07 
7.473457e+07 
7.473457e+07 
7.473457e+07 
7.473457e+07 
7.473457e+07 
7.473457e+07 
7.473457e+07 
7.473457e+07 
7.473457e+07 
7.473457e+07 
7.473457e+07 
7.473457e+07 
7.473457e+07 
7.473457e+07 
7.473457e+07 
7.473457e+07 
7.473457e+07 
7.473457e+07 
7.473457e+07 
7.473457e+07 
7.473457e+07 
7.473457e+07 
7.473457e+07 
7.473457e+07 
7.473457e+07 
7.473457e+07 
7.473457e+07 
7.473457e+07 
7.473457e+07 
7.473457e+07 
7.473457e+07 
7.473457e+07 
7.473457e+07 
7.473457e+07 
7.473457e+07 
7.473457e+07 
7.473457e+07 
7.473457e+07 
7.473457e+07 
7.473457e+07 
7.473457e+07 
7.473457e+07 
7.473457e+07 
7.473457e+07 
7.473457e+07 
7.473457e+07 
7.473457e+07 
7.473457e+07 
7.473457e+07 
7.473457e+07 
7.473457e+07 
7.473457e+07 
7.473457e+07 
7.473457e+07 
7.473457e+07 
7.473457e+07 
7.473457e+07 
7.473457e+07 
7.473457e+07 
7.473457e+07 
7.473457e+07 
7.473457e+07 
7.473457e+07 
7.473457e+07 
7.473457e+07 
7.473457e+07 
7.473457e+07 
7.473457e+07 
7.473457e+07 
7.473457e+07 
7.473457e+07 
7.473457e+07 
7.473457e+07 
7.473457e+07 
7.473457e+07 
7.473457e+07 
7.473457e+07 
7.473457e+07 
7.473457e+07 
7.473457e+07 
7.473457e+07 
7.473457e+07 
7.473457e+07 
7.473457e+07 
7.473457e+07 
7.473457e+07 
7.473457e+07 
7.473457e+07 
7.473457e+07 
7.473457e+07 
7.473457e+07 
7.473457e+07 
7.473457e+07 
7.473457e+07 
7.473457e+07 
7.473457e+07 
7.473457e+07 
7.473457e+07 
7.473457e+07 
7.473457e+07 
7.473457e+07 
7.473457e+07 
7.473457e+07 
7.473457e+07 
7.473457e+07 
7.473457e+07 
7.473457e+07 
7.473457e+07 
7.473457e+07 
7.473457e+07 
7.473457e+07 
7.473457e+07 
7.473457e+07 
7.473457e+07 
7.473457e+07 
7.473457e+07 
7.473457e+07 
7.473457e+07 
7.473457e+07 
7.473457e+07 
7.473457e+07 
7.473457e+07 
7.473457e+07 
7.473457e+07 
7.473457e+07 
7.473457e+07 
7.473457e+07 
7.473457e+07 
7.473457e+07 
7.473457e+07 
7.473457e+07 
7.473457e+07 
7.473457e+07 
7.473457e+07 
7.473457e+07 
7.473457e+07 
7.473457e+07 
7.473457e+07 
7.473457e+07 
7.473457e+07 
7.473457e+07 
7.473457e+07 
7.473457e+07 
4.323251e+07 
4.323251e+07 
4.323251e+07 
4.323251e+07 
4.323251e+07 
4.323251e+07 
4.323251e+07 
4.323251e+07 
4.323251e+07 
4.323251e+07 
4.323251e+07 
4.323251e+07 
4.323251e+07 
4.323251e+07 
4.323251e+07 
4.323251e+07 
4.323251e+07 
4.323251e+07 
4.323251e+07 
4.323251e+07 
4.323251e+07 
4.323251e+07 
4.323251e+07 
4.323251e+07 
4.323251e+07 
4.323251e+07 
4.323251e+07 
4.323251e+07 
4.323251e+07 
4.323251e+07 
4.323251e+07 
4.323251e+07 
4.323251e+07 
4.323251e+07 
4.323251e+07 
4.323251e+07 
4.323251e+07 
4.323251e+07 
4.323251e+07 
4.323251e+07 
4.323251e+07 
4.323251e+07 
4.323251e+07 
4.323251e+07 
4.323251e+07 
4.323251e+07 
4.323251e+07 
4.323251e+07 
4.323251e+07 
4.323251e+07 
4.323251e+07 
4.323251e+07 
4.323251e+07 
4.323251e+07 
4.323251e+07 
4.323251e+07 
4.323251e+07 
4.323251e+07 
4.323251e+07 
4.323251e+07 
4.323251e+07 
4.323251e+07 
4.323251e+07 
4.323251e+07 
4.323251e+07 
4.323251e+07 
4.323251e+07 
4.323251e+07 
4.323251e+07 
4.323251e+07 
4.323251e+07 
4.323251e+07 
4.323251e+07 
4.323251e+07 
4.323251e+07 
4.323251e+07 
4.323251e+07 
4.323251e+07 
4.323251e+07 
4.323251e+07 
4.323251e+07 
4.323251e+07 
4.323251e+07 
4.323251e+07 
4.323251e+07 
4.323251e+07 
4.323251e+07 
4.323251e+07 
4.323251e+07 
4.323251e+07 
4.323251e+07 
4.323251e+07 
4.323251e+07 
4.323251e+07 
4.323251e+07 
4.323251e+07 
4.323251e+07 
4.323251e+07 
4.323251e+07 
4.323251e+07 
4.323251e+07 
4.323251e+07 
4.323251e+07 
4.323251e+07 
4.323251e+07 
4.323251e+07 
4.323251e+07 
4.323251e+07 
4.323251e+07 
4.323251e+07 
4.323251e+07 
4.323251e+07 
4.323251e+07 
4.323251e+07 
4.323251e+07 
4.323251e+07 
4.323251e+07 
4.323251e+07 
4.323251e+07 
4.323251e+07 
4.323251e+07 
4.323251e+07 
4.323251e+07 
4.323251e+07 
4.323251e+07 
4.323251e+07 
4.323251e+07 
4.323251e+07 
4.323251e+07 
4.323251e+07 
4.323251e+07 
4.323251e+07 
4.323251e+07 
4.323251e+07 
4.323251e+07 
4.323251e+07 
4.323251e+07 
4.323251e+07 
4.323251e+07 
4.323251e+07 
4.323251e+07 
4.323251e+07 
4.323251e+07 
4.323251e+07 
4.323251e+07 
4.323251e+07 
4.323251e+07 
4.323251e+07 
4.323251e+07 
4.323251e+07 
4.323251e+07 
4.323251e+07 
4.323251e+07 
4.323251e+07 
4.323251e+07 
4.323251e+07 
4.323251e+07 
4.323251e+07 
4.323251e+07 
4.323251e+07 
4.323251e+07 
4.323251e+07 
4.323251e+07 
4.323251e+07 
4.323251e+07 
4.323251e+07 
4.323251e+07 
4.323251e+07 
4.323251e+07 
4.323251e+07 
4.323251e+07 
4.323251e+07 
4.323251e+07 
4.323251e+07 
4.323251e+07 
4.323251e+07 
4.323251e+07 
4.323251e+07 
4.323251e+07 
4.323251e+07 
4.323251e+07 
4.323251e+07 
4.323251e+07 
4.323251e+07 
4.323251e+07 
4.323251e+07 
4.323251e+07 
4.323251e+07 
4.323251e+07 
4.323251e+07 
4.323251e+07 
4.323251e+07 
4.323251e+07 
4.323251e+07 
4.323251e+07 
4.323251e+07 
4.323251e+07 
4.323251e+07 
4.323251e+07 
4.323251e+07 
4.323251e+07 
4.323251e+07 
4.323251e+07 
4.323251e+07 
4.323251e+07 
4.323251e+07 
4.323251e+07 
4.323251e+07 
4.323251e+07 
4.323251e+07 
4.323251e+07 
4.323251e+07 
4.323251e+07 
4.323251e+07 
4.323251e+07 
4.323251e+07 
4.323251e+07 
4.323251e+07 
4.323251e+07 
4.323251e+07 
4.323251e+07 
4.323251e+07 
4.323251e+07 
4.323251e+07 
4.323251e+07 
4.323251e+07 
4.323251e+07 
4.323251e+07 
4.323251e+07 
4.323251e+07 
4.323251e+07 
4.323251e+07 
4.323251e+07 
4.323251e+07 
4.323251e+07 
4.323251e+07 
4.323251e+07 
4.323251e+07 
4.323251e+07 
4.323251e+07 
4.323251e+07 
4.323251e+07 
4.323251e+07 
4.323251e+07 
4.323251e+07 
4.323251e+07 
4.323251e+07 
4.323251e+07 
4.323251e+07 
4.323251e+07 
4.323251e+07 
4.323251e+07 
4.323251e+07 
4.323251e+07 
4.323251e+07 
4.323251e+07 
4.323251e+07 
4.323251e+07 
4.323251e+07 
4.323251e+07 
4.323251e+07 
4.323251e+07 
4.323251e+07 
4.323251e+07 
4.323251e+07 
4.323251e+07 
4.323251e+07 
4.323251e+07 
4.323251e+07 
4.323251e+07 
4.323251e+07 
4.323251e+07 
4.323251e+07 
4.323251e+07 
4.323251e+07 
4.323251e+07 
4.323251e+07 
4.323251e+07 
4.323251e+07 
4.323251e+07 
4.323251e+07 
4.323251e+07 
4.323251e+07 
4.323251e+07 
4.323251e+07 
4.323251e+07 
4.323251e+07 
4.323251e+07 
4.323251e+07 
4.323251e+07 
4.323251e+07 
4.323251e+07 
4.323251e+07 
4.323251e+07 
4.323251e+07 
4.323251e+07 
4.323251e+07 
4.323251e+07 
4.323251e+07 
4.323251e+07 
4.323251e+07 
4.323251e+07 
4.323251e+07 
4.323251e+07 
4.323251e+07 
4.323251e+07 
4.323251e+07 
4.323251e+07 
4.323251e+07 
4.323251e+07 
4.323251e+07 
4.323251e+07 
4.323251e+07 
4.323251e+07 
4.323251e+07 
4.323251e+07 
4.323251e+07 
4.323251e+07 
4.323251e+07 
4.323251e+07 
4.323251e+07 
4.323251e+07 
4.323251e+07 
4.323251e+07 
4.323251e+07 
4.323251e+07 
4.323251e+07 
4.323251e+07 
4.323251e+07 
4.323251e+07 
4.323251e+07 
4.323251e+07 
4.323251e+07 
4.323251e+07 
4.323251e+07 
4.323251e+07 
4.323251e+07 
4.323251e+07 
4.323251e+07 
4.323251e+07 
4.323251e+07 
4.323251e+07 
4.323251e+07 
4.323251e+07 
4.323251e+07 
4.323251e+07 
4.323251e+07 
4.323251e+07 
4.323251e+07 
4.323251e+07 
4.323251e+07 
4.323251e+07 
4.323251e+07 
4.323251e+07 
4.323251e+07 
4.323251e+07 
4.323251e+07 
4.323251e+07 
4.323251e+07 
4.323251e+07 
4.323251e+07 
4.323251e+07 
4.323251e+07 
4.323251e+07 
4.323251e+07 
4.323251e+07 
4.323251e+07 
4.323251e+07 
4.323251e+07 
4.323251e+07 
4.323251e+07 
4.323251e+07 
4.323251e+07 
4.323251e+07 
4.323251e+07 
4.323251e+07 
4.323251e+07 
4.323251e+07 
4.323251e+07 
4.323251e+07 
4.323251e+07 
4.323251e+07 
4.323251e+07 
4.323251e+07 
4.323251e+07 
4.323251e+07 
4.323251e+07 
4.323251e+07 
4.323251e+07 
4.323251e+07 
4.323251e+07 
4.323251e+07 
4.323251e+07 
4.323251e+07 
4.323251e+07 
4.323251e+07 
4.323251e+07 
4.323251e+07 
4.323251e+07 
4.323251e+07 
4.323251e+07 
4.323251e+07 
4.323251e+07 
4.323251e+07 
4.323251e+07 
4.323251e+07 
4.323251e+07 
4.323251e+07 
4.323251e+07 
4.323251e+07 
4.323251e+07 
4.323251e+07 
4.323251e+07 
4.323251e+07 
4.323251e+07 
4.323251e+07 
4.323251e+07 
4.323251e+07 
4.323251e+07 
4.323251e+07 
4.323251e+07 
4.323251e+07 
4.323251e+07 
4.323251e+07 
4.323251e+07 
4.323251e+07 
4.323251e+07 
4.323251e+07 
4.323251e+07 
4.323251e+07 
4.323251e+07 
4.323251e+07 
4.323251e+07 
4.323251e+07 
4.323251e+07 
4.323251e+07 
4.323251e+07 
4.323251e+07 
4.323251e+07 
4.323251e+07 
4.323251e+07 
4.323251e+07 
4.323251e+07 
4.323251e+07 
4.323251e+07 
4.323251e+07 
4.323251e+07 
4.323251e+07 
4.323251e+07 
4.323251e+07 
4.323251e+07 
4.323251e+07 
4.323251e+07 
4.323251e+07 
4.323251e+07 
4.323251e+07 
4.323251e+07 
4.323251e+07 
4.323251e+07 
4.323251e+07 
4.323251e+07 
4.323251e+07 
4.323251e+07 
4.323251e+07 
4.323251e+07 
4.323251e+07 
4.323251e+07 
4.323251e+07 
4.323251e+07 
4.323251e+07 
4.323251e+07 
4.323251e+07 
4.323251e+07 
4.323251e+07 
4.323251e+07 
4.323251e+07 
4.323251e+07 
4.323251e+07 
4.323251e+07 
4.323251e+07 
4.323251e+07 
4.323251e+07 
4.323251e+07 
4.323251e+07 
4.323251e+07 
4.323251e+07 
4.323251e+07 
4.323251e+07 
4.323251e+07 
4.323251e+07 
4.323251e+07 
4.323251e+07 
4.323251e+07 
4.323251e+07 
4.323251e+07 
4.323251e+07 
4.323251e+07 
4.323251e+07 
4.323251e+07 
4.323251e+07 
4.323251e+07 
4.323251e+07 
4.323251e+07 
4.323251e+07 
4.323251e+07 
4.323251e+07 
4.323251e+07 
4.323251e+07 
4.323251e+07 
4.323251e+07 
4.323251e+07 
4.323251e+07 
4.323251e+07 
4.323251e+07 
4.323251e+07 
4.323251e+07 
4.323251e+07 
4.323251e+07 
3.469708e+07 
3.469708e+07 
3.469708e+07 
3.469708e+07 
3.469708e+07 
3.469708e+07 
3.469708e+07 
3.469708e+07 
3.469708e+07 
3.469708e+07 
3.469708e+07 
3.469708e+07 
3.469708e+07 
3.469708e+07 
3.469708e+07 
3.469708e+07 
3.469708e+07 
3.469708e+07 
3.469708e+07 
3.469708e+07 
3.469708e+07 
3.469708e+07 
3.469708e+07 
3.469708e+07 
3.469708e+07 
3.469708e+07 
3.469708e+07 
3.469708e+07 
3.469708e+07 
3.469708e+07 
3.469708e+07 
3.469708e+07 
3.469708e+07 
3.469708e+07 
3.469708e+07 
3.469708e+07 
3.469708e+07 
3.469708e+07 
3.469708e+07 
3.469708e+07 
3.469708e+07 
3.469708e+07 
3.469708e+07 
3.469708e+07 
3.469708e+07 
3.469708e+07 
3.469708e+07 
3.469708e+07 
3.469708e+07 
3.469708e+07 
3.469708e+07 
3.469708e+07 
3.469708e+07 
3.469708e+07 
3.469708e+07 
3.469708e+07 
3.469708e+07 
3.469708e+07 
3.469708e+07 
3.469708e+07 
3.469708e+07 
3.469708e+07 
3.469708e+07 
3.469708e+07 
3.469708e+07 
3.469708e+07 
3.469708e+07 
3.469708e+07 
3.469708e+07 
3.469708e+07 
3.469708e+07 
3.469708e+07 
3.469708e+07 
3.469708e+07 
3.469708e+07 
3.469708e+07 
3.469708e+07 
3.469708e+07 
3.469708e+07 
3.469708e+07 
3.469708e+07 
3.469708e+07 
3.469708e+07 
3.469708e+07 
3.469708e+07 
3.469708e+07 
3.469708e+07 
3.469708e+07 
3.469708e+07 
3.469708e+07 
3.469708e+07 
3.469708e+07 
3.469708e+07 
3.469708e+07 
3.469708e+07 
3.469708e+07 
3.469708e+07 
3.469708e+07 
3.469708e+07 
3.469708e+07 
3.469708e+07 
3.469708e+07 
3.469708e+07 
3.469708e+07 
3.469708e+07 
3.469708e+07 
3.469708e+07 
3.469708e+07 
3.469708e+07 
3.469708e+07 
3.469708e+07 
3.469708e+07 
3.469708e+07 
3.469708e+07 
3.469708e+07 
3.469708e+07 
3.469708e+07 
3.469708e+07 
3.469708e+07 
3.469708e+07 
3.469708e+07 
3.469708e+07 
3.469708e+07 
3.469708e+07 
3.469708e+07 
3.469708e+07 
3.469708e+07 
3.469708e+07 
3.469708e+07 
3.469708e+07 
3.469708e+07 
3.469708e+07 
3.469708e+07 
3.469708e+07 
3.469708e+07 
3.469708e+07 
3.469708e+07 
3.469708e+07 
3.469708e+07 
3.469708e+07 
3.469708e+07 
3.469708e+07 
3.469708e+07 
3.469708e+07 
3.469708e+07 
3.469708e+07 
3.469708e+07 
3.469708e+07 
3.469708e+07 
3.469708e+07 
3.469708e+07 
3.469708e+07 
3.469708e+07 
3.469708e+07 
3.469708e+07 
3.469708e+07 
3.469708e+07 
3.469708e+07 
3.469708e+07 
3.469708e+07 
3.469708e+07 
3.469708e+07 
3.469708e+07 
3.469708e+07 
3.469708e+07 
3.469708e+07 
3.469708e+07 
3.469708e+07 
3.469708e+07 
3.469708e+07 
3.469708e+07 
3.469708e+07 
3.469708e+07 
3.469708e+07 
3.469708e+07 
3.469708e+07 
3.469708e+07 
3.469708e+07 
3.469708e+07 
3.469708e+07 
3.469708e+07 
3.469708e+07 
3.469708e+07 
3.469708e+07 
3.469708e+07 
2.497255e+07 
2.497255e+07 
2.497255e+07 
2.497255e+07 
2.497255e+07 
2.497255e+07 
2.497255e+07 
2.497255e+07 
2.497255e+07 
2.497255e+07 
2.497255e+07 
2.497255e+07 
2.497255e+07 
2.497255e+07 
2.497255e+07 
2.497255e+07 
2.497255e+07 
2.497255e+07 
2.497255e+07 
2.497255e+07 
2.497255e+07 
2.497255e+07 
2.497255e+07 
2.497255e+07 
2.497255e+07 
2.497255e+07 
2.497255e+07 
2.497255e+07 
2.497255e+07 
2.497255e+07 
2.497255e+07 
2.497255e+07 
2.497255e+07 
2.497255e+07 
2.497255e+07 
2.497255e+07 
2.497255e+07 
2.497255e+07 
2.497255e+07 
2.497255e+07 
2.497255e+07 
2.497255e+07 
2.497255e+07 
2.497255e+07 
2.497255e+07 
2.497255e+07 
2.497255e+07 
2.497255e+07 
2.497255e+07 
2.497255e+07 
2.497255e+07 
2.497255e+07 
2.497255e+07 
2.497255e+07 
2.497255e+07 
2.497255e+07 
2.497255e+07 
2.497255e+07 
2.497255e+07 
2.497255e+07 
2.497255e+07 
2.497255e+07 
2.497255e+07 
2.497255e+07 
2.497255e+07 
2.497255e+07 
2.497255e+07 
2.497255e+07 
2.497255e+07 
2.497255e+07 
2.497255e+07 
2.497255e+07 
2.497255e+07 
2.497255e+07 
2.497255e+07 
2.497255e+07 
2.497255e+07 
2.497255e+07 
2.497255e+07 
2.497255e+07 
2.497255e+07 
2.497255e+07 
2.497255e+07 
2.497255e+07 
2.497255e+07 
2.497255e+07 
2.497255e+07 
2.497255e+07 
2.497255e+07 
2.497255e+07 
2.497255e+07 
2.497255e+07 
2.497255e+07 
2.497255e+07 
2.497255e+07 
2.497255e+07 
2.497255e+07 
2.497255e+07 
2.497255e+07 
2.497255e+07 
2.497255e+07 
2.497255e+07 
2.497255e+07 
2.497255e+07 
2.497255e+07 
2.497255e+07 
2.497255e+07 
2.497255e+07 
2.497255e+07 
2.497255e+07 
2.497255e+07 
2.497255e+07 
2.497255e+07 
2.497255e+07 
2.497255e+07 
2.497255e+07 
2.497255e+07 
2.497255e+07 
2.497255e+07 
2.497255e+07 
2.497255e+07 
2.497255e+07 
2.497255e+07 
2.497255e+07 
2.497255e+07 
2.497255e+07 
2.497255e+07 
2.497255e+07 
2.497255e+07 
2.497255e+07 
2.497255e+07 
2.497255e+07 
2.497255e+07 
2.497255e+07 
2.497255e+07 
2.497255e+07 
2.497255e+07 
2.497255e+07 
2.497255e+07 
2.497255e+07 
2.497255e+07 
2.497255e+07 
2.497255e+07 
2.497255e+07 
2.497255e+07 
2.497255e+07 
2.497255e+07 
2.497255e+07 
2.497255e+07 
2.497255e+07 
2.497255e+07 
2.497255e+07 
2.497255e+07 
2.497255e+07 
2.497255e+07 
2.497255e+07 
2.497255e+07 
2.497255e+07 
2.497255e+07 
2.497255e+07 
2.497255e+07 
2.497255e+07 
2.497255e+07 
2.497255e+07 
2.497255e+07 
2.497255e+07 
2.497255e+07 
2.497255e+07 
2.497255e+07 
2.497255e+07 
2.497255e+07 
2.497255e+07 
2.497255e+07 
2.497255e+07 
2.497255e+07 
2.497255e+07 
2.497255e+07 
2.497255e+07 
2.497255e+07 
2.497255e+07 
2.497255e+07 
2.497255e+07 
2.497255e+07 
2.497255e+07 
2.497255e+07 
2.497255e+07 
2.497255e+07 
2.497255e+07 
2.497255e+07 
2.497255e+07 
2.497255e+07 
2.497255e+07 
2.497255e+07 
2.497255e+07 
2.497255e+07 
2.497255e+07 
2.497255e+07 
2.497255e+07 
2.497255e+07 
2.497255e+07 
2.497255e+07 
2.497255e+07 
2.497255e+07 
2.497255e+07 
2.497255e+07 
2.497255e+07 
2.497255e+07 
2.497255e+07 
2.497255e+07 
2.497255e+07 
2.497255e+07 
2.497255e+07 
2.497255e+07 
2.497255e+07 
2.497255e+07 
2.497255e+07 
2.497255e+07 
2.497255e+07 
2.497255e+07 
2.497255e+07 
2.497255e+07 
2.497255e+07 
2.497255e+07 
2.497255e+07 
2.497255e+07 
2.497255e+07 
2.497255e+07 
2.497255e+07 
2.497255e+07 
2.497255e+07 
2.497255e+07 
2.497255e+07 
2.497255e+07 
2.497255e+07 
2.497255e+07 
2.497255e+07 
2.497255e+07 
2.497255e+07 
2.497255e+07 
2.497255e+07 
2.497255e+07 
2.497255e+07 
2.497255e+07 
2.497255e+07 
2.497255e+07 
2.497255e+07 
2.497255e+07 
2.497255e+07 
2.497255e+07 
2.497255e+07 
1.775191e+07 
1.775191e+07 
1.775191e+07 
1.775191e+07 
1.775191e+07 
1.775191e+07 
1.775191e+07 
1.775191e+07 
1.775191e+07 
1.775191e+07 
1.775191e+07 
1.775191e+07 
1.775191e+07 
1.775191e+07 
1.775191e+07 
1.775191e+07 
1.775191e+07 
1.775191e+07 
1.775191e+07 
1.775191e+07 
1.775191e+07 
1.775191e+07 
1.775191e+07 
1.775191e+07 
1.775191e+07 
1.775191e+07 
1.775191e+07 
1.775191e+07 
1.775191e+07 
1.775191e+07 
1.775191e+07 
1.775191e+07 
1.775191e+07 
1.775191e+07 
1.775191e+07 
1.775191e+07 
1.775191e+07 
1.775191e+07 
1.775191e+07 
1.775191e+07 
1.775191e+07 
1.775191e+07 
1.775191e+07 
1.775191e+07 
1.775191e+07 
1.775191e+07 
1.775191e+07 
1.775191e+07 
1.775191e+07 
1.775191e+07 
1.775191e+07 
1.775191e+07 
1.775191e+07 
1.775191e+07 
1.775191e+07 
1.775191e+07 
1.775191e+07 
1.775191e+07 
1.775191e+07 
1.775191e+07 
1.775191e+07 
1.775191e+07 
1.775191e+07 
1.775191e+07 
1.775191e+07 
1.775191e+07 
1.775191e+07 
1.775191e+07 
1.775191e+07 
1.775191e+07 
1.775191e+07 
1.775191e+07 
1.775191e+07 
1.775191e+07 
1.775191e+07 
1.775191e+07 
1.775191e+07 
1.775191e+07 
1.775191e+07 
1.775191e+07 
1.775191e+07 
1.775191e+07 
1.775191e+07 
1.775191e+07 
1.775191e+07 
1.775191e+07 
1.775191e+07 
1.775191e+07 
1.775191e+07 
1.775191e+07 
1.775191e+07 
1.775191e+07 
1.775191e+07 
1.775191e+07 
1.775191e+07 
1.775191e+07 
1.775191e+07 
1.775191e+07 
1.775191e+07 
1.775191e+07 
1.775191e+07 
1.775191e+07 
1.775191e+07 
1.775191e+07 
1.775191e+07 
1.775191e+07 
1.775191e+07 
1.775191e+07 
1.775191e+07 
1.775191e+07 
1.775191e+07 
1.775191e+07 
1.775191e+07 
1.775191e+07 
1.775191e+07 
1.775191e+07 
1.775191e+07 
1.775191e+07 
1.775191e+07 
1.775191e+07 
1.775191e+07 
1.775191e+07 
1.775191e+07 
1.775191e+07 
1.775191e+07 
1.775191e+07 
1.775191e+07 
1.775191e+07 
1.775191e+07 
1.775191e+07 
1.775191e+07 
1.775191e+07 
1.775191e+07 
1.775191e+07 
1.775191e+07 
1.775191e+07 
1.775191e+07 
1.775191e+07 
1.775191e+07 
1.775191e+07 
1.775191e+07 
1.775191e+07 
1.775191e+07 
1.775191e+07 
1.775191e+07 
1.775191e+07 
1.775191e+07 
1.775191e+07 
1.775191e+07 
1.775191e+07 
1.775191e+07 
1.775191e+07 
1.775191e+07 
1.775191e+07 
1.775191e+07 
1.775191e+07 
1.775191e+07 
1.775191e+07 
1.775191e+07 
1.775191e+07 
1.775191e+07 
1.775191e+07 
1.775191e+07 
1.775191e+07 
1.775191e+07 
1.775191e+07 
1.775191e+07 
1.775191e+07 
1.775191e+07 
1.775191e+07 
1.775191e+07 
1.775191e+07 
1.775191e+07 
1.775191e+07 
1.775191e+07 
1.775191e+07 
1.775191e+07 
1.775191e+07 
1.775191e+07 
1.775191e+07 
1.775191e+07 
1.775191e+07 
1.775191e+07 
1.775191e+07 
1.775191e+07 
1.775191e+07 
1.775191e+07 
1.775191e+07 
1.775191e+07 
1.775191e+07 
1.775191e+07 
1.775191e+07 
1.775191e+07 
1.775191e+07 
1.775191e+07 
1.775191e+07 
1.775191e+07 
1.775191e+07 
1.775191e+07 
1.775191e+07 
1.775191e+07 
1.775191e+07 
1.775191e+07 
1.775191e+07 
1.775191e+07 
1.775191e+07 
1.775191e+07 
1.775191e+07 
1.775191e+07 
1.775191e+07 
1.775191e+07 
1.775191e+07 
1.775191e+07 
1.775191e+07 
1.775191e+07 
1.775191e+07 
1.775191e+07 
1.775191e+07 
1.775191e+07 
1.775191e+07 
1.775191e+07 
1.775191e+07 
1.775191e+07 
1.775191e+07 
1.775191e+07 
1.775191e+07 
1.775191e+07 
1.775191e+07 
1.775191e+07 
1.775191e+07 
1.775191e+07 
1.775191e+07 
1.775191e+07 
1.775191e+07 
1.775191e+07 
1.775191e+07 
1.544377e+07 
1.544377e+07 
1.544377e+07 
1.544377e+07 
1.544377e+07 
1.544377e+07 
1.544377e+07 
1.544377e+07 
1.544377e+07 
1.544377e+07 
1.544377e+07 
1.544377e+07 
1.544377e+07 
1.544377e+07 
1.544377e+07 
1.544377e+07 
1.544377e+07 
1.544377e+07 
1.544377e+07 
1.544377e+07 
1.544377e+07 
1.544377e+07 
1.544377e+07 
1.544377e+07 
1.544377e+07 
1.544377e+07 
1.544377e+07 
1.544377e+07 
1.544377e+07 
1.544377e+07 
1.544377e+07 
1.103378e+07 
1.103378e+07 
1.103378e+07 
1.103378e+07 
1.103378e+07 
1.103378e+07 
1.103378e+07 
1.103378e+07 
1.103378e+07 
1.103378e+07 
1.103378e+07 
1.103378e+07 
1.103378e+07 
1.103378e+07 
1.103378e+07 
1.103378e+07 
1.103378e+07 
1.103378e+07 
1.103378e+07 
1.103378e+07 
1.103378e+07 
1.103378e+07 
1.103378e+07 
1.103378e+07 
1.103378e+07 
1.103378e+07 
1.103378e+07 
1.103378e+07 
1.103378e+07 
1.103378e+07 
1.103378e+07 
1.103378e+07 
1.103378e+07 
1.103378e+07 
1.103378e+07 
1.103378e+07 
1.103378e+07 
1.103378e+07 
1.103378e+07 
1.103378e+07 
1.103378e+07 
1.103378e+07 
1.103378e+07 
1.103378e+07 
1.103378e+07 
1.103378e+07 
1.103378e+07 
1.103378e+07 
1.103378e+07 
1.103378e+07 
1.103378e+07 
1.103378e+07 
1.103378e+07 
1.103378e+07 
1.103378e+07 
1.103378e+07 
1.103378e+07 
1.103378e+07 
1.103378e+07 
1.103378e+07 
1.103378e+07 
1.103378e+07 
1.103378e+07 
1.103378e+07 
1.103378e+07 
1.103378e+07 
1.103378e+07 
1.103378e+07 
1.103378e+07 
1.103378e+07 
1.103378e+07 
1.103378e+07 
1.103378e+07 
1.103378e+07 
1.103378e+07 
1.103378e+07 
1.103378e+07 
1.103378e+07 
1.103378e+07 
1.103378e+07 
1.103378e+07 
1.103378e+07 
1.103378e+07 
1.103378e+07 
1.103378e+07 
1.103378e+07 
1.103378e+07 
1.103378e+07 
1.103378e+07 
1.103378e+07 
1.103378e+07 
1.103378e+07 
1.103378e+07 
1.103378e+07 
1.103378e+07 
1.103378e+07 
1.103378e+07 
1.103378e+07 
1.103378e+07 
1.103378e+07 
1.103378e+07 
1.103378e+07 
1.103378e+07 
1.103378e+07 
1.074634e+07 
1.074634e+07 
1.074634e+07 
1.074634e+07 
1.074634e+07 
1.074634e+07 
1.074634e+07 
1.074634e+07 
1.074634e+07 
1.074634e+07 
1.074634e+07 
1.074634e+07 
1.074634e+07 
1.074634e+07 
1.074634e+07 
1.074634e+07 
1.074634e+07 
1.074634e+07 
1.074634e+07 
1.074634e+07 
1.074634e+07 
1.074634e+07 
1.074634e+07 
1.074634e+07 
1.074634e+07 
1.074634e+07 
1.074634e+07 
1.074634e+07 
1.074634e+07 
1.074634e+07 
1.074634e+07 
1.074634e+07 
1.074634e+07 
1.074634e+07 
1.074634e+07 
1.074634e+07 
1.074634e+07 
1.074634e+07 
1.074634e+07 
1.074634e+07 
1.074634e+07 
1.074634e+07 
1.074634e+07 
1.074634e+07 
1.074634e+07 
1.074634e+07 
1.074634e+07 
1.074634e+07 
1.074634e+07 
2.085498e+06 
2.085498e+06 
2.085498e+06 
2.085498e+06 
2.085498e+06 
2.085498e+06 
2.085498e+06 
2.085498e+06 
2.085498e+06 
2.085498e+06 
2.085498e+06 
2.085498e+06 
2.085498e+06 
2.085498e+06 
2.085498e+06 
2.085498e+06 
2.085498e+06 
2.085498e+06 
2.085498e+06 
2.085498e+06 
2.085498e+06 
2.085498e+06 
2.085498e+06 
2.085498e+06 
2.085498e+06 
2.085498e+06 
2.085498e+06 
2.085498e+06 
2.085498e+06 
2.085498e+06 
2.085498e+06 
2.085498e+06 
2.085498e+06 
2.085498e+06 
2.085498e+06 
2.085498e+06 
2.085498e+06 
2.085498e+06 
2.085498e+06 
2.085498e+06 
2.085498e+06 
2.085498e+06 
2.085498e+06 
2.085498e+06 
2.085498e+06 
2.085498e+06 
2.085498e+06 
2.085498e+06 
2.085498e+06 
2.085498e+06 
2.085498e+06 
2.085498e+06 
2.085498e+06 
2.085498e+06 
2.085498e+06 
2.085498e+06 
2.085498e+06 
2.085498e+06 
2.085498e+06 
2.085498e+06 
2.085498e+06 
2.085498e+06 
2.085498e+06 
2.085498e+06 
2.085498e+06 
2.085498e+06 
2.085498e+06 
2.085498e+06 
2.085498e+06 
2.085498e+06 
2.085498e+06 
2.085498e+06 
2.085498e+06 
2.085498e+06 
2.085498e+06 
2.085498e+06 
2.085498e+06 
2.085498e+06 
2.085498e+06 
2.085498e+06 
2.085498e+06 
2.085498e+06 
2.085498e+06 
2.085498e+06 
2.085498e+06 
2.085498e+06 
2.085498e+06 
2.085498e+06 
2.085498e+06 
2.085498e+06 
2.085498e+06 
2.085498e+06 
2.085498e+06 
2.085498e+06 
2.075821e+06 
2.075821e+06 
2.075821e+06 
2.075821e+06 
2.075821e+06 
2.075821e+06 
2.075821e+06 
2.075821e+06 
2.075821e+06 
2.075821e+06 
2.075821e+06 
2.075821e+06 
2.075821e+06 
2.075821e+06 
2.075821e+06 
2.075821e+06 
2.075821e+06 
2.075821e+06 
2.075821e+06 
2.075821e+06 
2.075821e+06 
2.075821e+06 
2.075821e+06 
2.075821e+06 
2.075821e+06 
2.075821e+06 
2.075821e+06 
2.075821e+06 
2.075821e+06 
2.075821e+06 
2.075821e+06 
1.533686e+06 
1.533686e+06 
1.533686e+06 
1.533686e+06 
1.533686e+06 
1.533686e+06 
1.533686e+06 
1.533686e+06 
1.533686e+06 
1.533686e+06 
1.533686e+06 
1.533686e+06 
1.533686e+06 
1.533686e+06 
1.533686e+06 
1.533686e+06 
1.533686e+06 
1.533686e+06 
1.533686e+06 
1.533686e+06 
1.533686e+06 
1.533686e+06 
1.533686e+06 
1.533686e+06 
1.533686e+06 
1.533686e+06 
1.533686e+06 
1.533686e+06 
1.533686e+06 
1.533686e+06 
1.533686e+06 
1.533686e+06 
1.533686e+06 
1.533686e+06 
1.533686e+06 
1.533686e+06 
1.533686e+06 
1.384805e+06 
1.384805e+06 
1.384805e+06 
1.384805e+06 
1.384805e+06 
1.384805e+06 
1.384805e+06 
1.384805e+06 
1.384805e+06 
1.384805e+06 
1.384805e+06 
1.384805e+06 
1.384805e+06 
1.384805e+06 
1.384805e+06 
1.384805e+06 
1.384805e+06 
1.384805e+06 
1.384805e+06 
1.384805e+06 
1.384805e+06 
1.384805e+06 
1.384805e+06 
1.384805e+06 
1.384805e+06 
1.384805e+06 
1.384805e+06 
1.384805e+06 
1.384805e+06 
1.384805e+06 
1.384805e+06 
1.384805e+06 
1.384805e+06 
1.384805e+06 
1.384805e+06 
1.384805e+06 
1.384805e+06 
1.384805e+06 
1.384805e+06 
1.384805e+06 
1.384805e+06 
1.384805e+06 
1.384805e+06 
1.384805e+06 
1.384805e+06 
1.384805e+06 
1.384805e+06 
1.384805e+06 
1.384805e+06 
1.384805e+06 
1.384805e+06 
1.384805e+06 
1.384805e+06 
1.384805e+06 
1.384805e+06 
1.384805e+06 
1.384805e+06 
1.384805e+06 
1.384805e+06 
1.384805e+06 
1.384805e+06 
1.384805e+06 
1.384805e+06 
1.384805e+06 
1.384805e+06 
1.384805e+06 
1.384805e+06 
1.384805e+06 
1.384805e+06 
1.384805e+06 
1.384805e+06 
1.384805e+06 
1.384805e+06 
1.384805e+06 
1.384805e+06 
1.384805e+06 
1.384805e+06 
1.384805e+06 
1.384805e+06 
1.384805e+06 
1.384805e+06 
1.384805e+06 
1.384805e+06 
1.384805e+06 
1.384805e+06 
1.384805e+06 
1.384805e+06 
1.384805e+06 
1.384805e+06 
1.384805e+06 
1.384805e+06 
1.384805e+06 
1.384805e+06 
1.384805e+06 
1.384805e+06 
1.384805e+06 
1.384805e+06 
1.384805e+06 
1.384805e+06 
1.384805e+06 
1.384805e+06 
1.384805e+06 
1.384805e+06 
1.384805e+06 
1.384805e+06 
1.384805e+06 
1.384805e+06 
1.384805e+06 
1.384805e+06 
1.384805e+06 
1.384805e+06 
1.384805e+06 
1.384805e+06 
1.384805e+06 
1.384805e+06 
1.384805e+06 
1.384805e+06 
1.384805e+06 
1.384805e+06 
1.384805e+06 
1.384805e+06 
1.384805e+06 
1.384805e+06 
1.384805e+06 
1.384805e+06 
1.384805e+06 
1.384805e+06 
1.384805e+06 
1.384805e+06 
1.384805e+06 
1.384805e+06 
1.384805e+06 
1.384805e+06 
1.384805e+06 
1.384805e+06 
1.384805e+06 
1.384805e+06 
1.384805e+06 
1.384805e+06 
1.384805e+06 
1.384805e+06 
1.384805e+06 
1.384805e+06 
1.384805e+06 
1.384805e+06 
1.384805e+06 
1.384805e+06 
1.384805e+06 
1.384805e+06 
1.384805e+06 
1.384805e+06 
1.384805e+06 
1.384805e+06 
1.384805e+06 
1.384805e+06 
1.384805e+06 
1.384805e+06 
1.384805e+06 
1.384805e+06 
1.384805e+06 
1.384805e+06 
1.384805e+06 
1.384805e+06 
1.384805e+06 
1.384805e+06 
1.384805e+06 
1.384805e+06 
1.384805e+06 
1.384805e+06 
1.384805e+06 
1.384805e+06 
1.384805e+06 
1.384805e+06 
1.384805e+06 
1.384805e+06 
1.384805e+06 
1.313967e+06 
1.313967e+06 
1.313967e+06 
1.313967e+06 
1.313967e+06 
1.313967e+06 
1.313967e+06 
1.313967e+06 
1.313967e+06 
1.313967e+06 
1.313967e+06 
1.313967e+06 
1.313967e+06 
1.313967e+06 
1.313967e+06 
1.313967e+06 
1.313967e+06 
1.313967e+06 
1.313967e+06 
1.313967e+06 
1.313967e+06 
1.313967e+06 
1.313967e+06 
1.313967e+06 
1.313967e+06 
1.313967e+06 
1.313967e+06 
1.313967e+06 
1.313967e+06 
1.313967e+06 
1.313967e+06 
1.313967e+06 
1.313967e+06 
1.304074e+06 
1.304074e+06 
1.304074e+06 
1.304074e+06 
1.304074e+06 
1.304074e+06 
1.304074e+06 
1.304074e+06 
1.304074e+06 
1.304074e+06 
1.304074e+06 
1.304074e+06 
1.304074e+06 
1.304074e+06 
1.304074e+06 
1.304074e+06 
1.304074e+06 
1.304074e+06 
1.304074e+06 
1.304074e+06 
1.304074e+06 
1.304074e+06 
1.304074e+06 
1.304074e+06 
1.304074e+06 
1.304074e+06 
1.304074e+06 
1.304074e+06 
1.304074e+06 
1.304074e+06 
1.304074e+06 
1.304074e+06 
1.304074e+06 
1.297813e+06 
1.297813e+06 
1.296573e+06 
1.296573e+06 
1.296573e+06 
1.296573e+06 
1.296573e+06 
1.296573e+06 
1.296573e+06 
1.296573e+06 
1.296573e+06 
1.296573e+06 
1.296573e+06 
1.296573e+06 
1.296573e+06 
1.296573e+06 
1.296573e+06 
1.296573e+06 
1.296573e+06 
1.296573e+06 
1.296573e+06 
1.296573e+06 
1.296573e+06 
1.296573e+06 
1.296573e+06 
1.296573e+06 
1.296573e+06 
1.296573e+06 
1.296573e+06 
1.296573e+06 
1.296573e+06 
1.296573e+06 
1.296573e+06 
1.296573e+06 
1.296573e+06 
1.296573e+06 
1.296573e+06 
1.296573e+06 
1.296573e+06 
1.296573e+06 
1.296573e+06 
1.296573e+06 
1.296573e+06 
1.296573e+06 
1.296573e+06 
1.296573e+06 
1.296573e+06 
1.296573e+06 
1.296573e+06 
1.296573e+06 
1.296573e+06 
1.296573e+06 
1.296573e+06 
1.296573e+06 
1.296573e+06 
1.296573e+06 
1.296573e+06 
1.296573e+06 
1.296573e+06 
1.296573e+06 
1.296573e+06 
1.296573e+06 
1.296573e+06 
1.296573e+06 
1.296573e+06 
1.296573e+06 
1.296573e+06 
1.296573e+06 
1.296573e+06 
1.296573e+06 
1.296573e+06 
1.296573e+06 
1.296573e+06 
1.296573e+06 
1.296573e+06 
1.296573e+06 
1.296573e+06 
1.296573e+06 
1.296573e+06 
1.296573e+06 
1.296573e+06 
1.296573e+06 
1.296573e+06 
1.296573e+06 
1.296573e+06 
1.296573e+06 
1.296573e+06 
1.296573e+06 
1.296573e+06 
1.296573e+06 
1.296573e+06 
1.296573e+06 
1.296573e+06 
1.296573e+06 
1.296573e+06 
1.296573e+06 
1.296573e+06 
1.296573e+06 
1.296573e+06 
1.296573e+06 
1.296573e+06 
1.296573e+06 
1.296573e+06 
1.296573e+06 
1.296573e+06 
1.296573e+06 
1.296573e+06 
1.296573e+06 
1.296573e+06 
1.296573e+06 
1.296573e+06 
1.296573e+06 
1.296573e+06 
1.296573e+06 
1.296573e+06 
1.296573e+06 
1.296573e+06 
1.296573e+06 
1.296573e+06 
1.296573e+06 
1.296573e+06 
1.296573e+06 
1.296573e+06 
1.296573e+06 
1.296573e+06 
1.296573e+06 
1.296573e+06 
1.296573e+06 
1.296573e+06 
1.296573e+06 
1.296573e+06 
1.296573e+06 
1.296573e+06 
1.296573e+06 
1.296573e+06 
1.296573e+06 
1.296573e+06 
1.296573e+06 
1.296573e+06 
1.296573e+06 
1.296573e+06 
1.296573e+06 
1.296573e+06 
1.296573e+06 
1.296573e+06 
1.296573e+06 
1.296573e+06 
1.296573e+06 
1.296573e+06 
1.296573e+06 
1.296573e+06 
1.296573e+06 
1.296573e+06 
1.296573e+06 
1.296573e+06 
1.296573e+06 
1.296573e+06 
9.414195e+05 
9.414195e+05 
9.414195e+05 
9.414195e+05 
9.414195e+05 
9.414195e+05 
9.414195e+05 
9.414195e+05 
9.414195e+05 
9.414195e+05 
9.414195e+05 
9.414195e+05 
9.414195e+05 
9.414195e+05 
9.414195e+05 
9.414195e+05 
9.414195e+05 
9.414195e+05 
9.414195e+05 
9.414195e+05 
9.414195e+05 
9.414195e+05 
9.414195e+05 
9.414195e+05 
9.414195e+05 
9.414195e+05 
9.414195e+05 
9.414195e+05 
9.414195e+05 
9.414195e+05 
9.414195e+05 
9.414195e+05 
9.414195e+05 
9.414195e+05 
9.414195e+05 
9.414195e+05 
9.414195e+05 
9.414195e+05 
9.414195e+05 
9.414195e+05 
9.414195e+05 
9.414195e+05 
9.414195e+05 
9.414195e+05 
9.414195e+05 
9.414195e+05 
9.414195e+05 
9.414195e+05 
9.414195e+05 
9.414195e+05 
9.414195e+05 
9.414195e+05 
9.414195e+05 
9.414195e+05 
9.414195e+05 
9.414195e+05 
9.414195e+05 
9.414195e+05 
9.414195e+05 
9.414195e+05 
9.414195e+05 
9.414195e+05 
9.414195e+05 
9.048297e+05 
9.048297e+05 
9.048297e+05 
9.048297e+05 
8.499622e+05 
8.499622e+05 
8.499622e+05 
7.279837e+05 
7.279837e+05 
7.279837e+05 
7.279837e+05 
6.484011e+05 
6.484011e+05 
6.171967e+05 
6.171967e+05 
6.171967e+05 
5.905926e+05 
5.905926e+05 
5.905926e+05 
5.905926e+05 
5.604037e+05 
5.604037e+05 
5.509569e+05 
5.509569e+05 
5.509569e+05 
5.509569e+05 
5.509569e+05 
5.509569e+05 
5.509569e+05 
5.509569e+05 
5.509569e+05 
5.509569e+05 
5.509569e+05 
5.509569e+05 
5.509569e+05 
4.853334e+05 
4.853334e+05 
4.853334e+05 
4.853334e+05 
4.853334e+05 
4.853334e+05 
4.853334e+05 
4.853334e+05 
4.853334e+05 
4.853334e+05 
4.853334e+05 
4.853334e+05 
4.853334e+05 
4.853334e+05 
4.853334e+05 
4.853334e+05 
4.853334e+05 
4.853334e+05 
4.853334e+05 
4.853334e+05 
4.853334e+05 
4.853334e+05 
4.853334e+05 
4.853334e+05 
4.853334e+05 
4.853334e+05 
4.620068e+05 
4.620068e+05 
4.620068e+05 
4.620068e+05 
4.620068e+05 
4.620068e+05 
4.620068e+05 
4.620068e+05 
4.620068e+05 
4.620068e+05 
4.620068e+05 
4.620068e+05 
4.620068e+05 
4.620068e+05 
4.620068e+05 
4.620068e+05 
4.620068e+05 
4.620068e+05 
4.620068e+05 
4.620068e+05 
4.620068e+05 
4.620068e+05 
4.620068e+05 
4.620068e+05 
4.620068e+05 
4.620068e+05 
4.620068e+05 
4.620068e+05 
4.620068e+05 
4.620068e+05 
4.620068e+05 
4.620068e+05 
4.620068e+05 
4.620068e+05 
4.620068e+05 
4.620068e+05 
4.620068e+05 
4.620068e+05 
4.620068e+05 
4.620068e+05 
4.620068e+05 
4.365805e+05 
4.365805e+05 
4.365805e+05 
4.365805e+05 
4.365805e+05 
4.365805e+05 
4.365805e+05 
4.365805e+05 
4.365805e+05 
4.365805e+05 
4.365805e+05 
4.365805e+05 
4.365805e+05 
4.365805e+05 
4.365805e+05 
4.365805e+05 
4.365805e+05 
4.365805e+05 
4.365805e+05 
4.365805e+05 
4.365805e+05 
4.365805e+05 
4.365805e+05 
4.365805e+05 
4.365805e+05 
4.365805e+05 
4.365805e+05 
4.365805e+05 
4.365805e+05 
4.365805e+05 
4.365805e+05 
4.365805e+05 
4.365805e+05 
4.365805e+05 
4.365805e+05 
4.365805e+05 
4.365805e+05 
4.365805e+05 
4.365805e+05 
4.365805e+05 
4.365805e+05 
2.924506e+05 
2.924506e+05 
2.924506e+05 
2.924506e+05 
2.924506e+05 
2.924506e+05 
2.924506e+05 
2.924506e+05 
2.924506e+05 
2.924506e+05 
2.924506e+05 
2.924506e+05 
2.924506e+05 
2.924506e+05 
2.924506e+05 
2.924506e+05 
2.924506e+05 
2.924506e+05 
2.924506e+05 
2.924506e+05 
2.924506e+05 
2.924506e+05 
2.924506e+05 
2.924506e+05 
2.924506e+05 
2.924506e+05 
2.924506e+05 
2.924506e+05 
2.924506e+05 
2.924506e+05 
2.924506e+05 
2.924506e+05 
2.924506e+05 
2.924506e+05 
2.924506e+05 
2.924506e+05 
2.924506e+05 
2.924506e+05 
2.924506e+05 
2.924506e+05 
2.924506e+05 
2.924506e+05 
2.924506e+05 
2.924506e+05 
2.924506e+05 
2.924506e+05 
2.924506e+05 
2.924506e+05 
2.924506e+05 
2.924506e+05 
2.924506e+05 
2.924506e+05 
2.924506e+05 
2.924506e+05 
2.924506e+05 
2.924506e+05 
2.924506e+05 
2.924506e+05 
2.924506e+05 
2.924506e+05 
2.924506e+05 
2.924506e+05 
2.924506e+05 
2.924506e+05 
2.924506e+05 
2.924506e+05 
2.924506e+05 
2.924506e+05 
2.924506e+05 
2.924506e+05 
2.924506e+05 
2.924506e+05 
2.924506e+05 
2.924506e+05 
2.924506e+05 
2.924506e+05 
2.924506e+05 
2.924506e+05 
2.924506e+05 
2.924506e+05 
2.924506e+05 
2.924506e+05 
2.924506e+05 
2.924506e+05 
2.924506e+05 
2.924506e+05 
2.924506e+05 
2.924506e+05 
2.924506e+05 
2.924506e+05 
2.924506e+05 
2.924506e+05 
2.924506e+05 
2.924506e+05 
2.924506e+05 
2.924506e+05 
2.924506e+05 
2.924506e+05 
2.924506e+05 
2.924506e+05 
2.924506e+05 
2.924506e+05 
2.924506e+05 
2.924506e+05 
2.924506e+05 
2.924506e+05 
2.924506e+05 
2.924506e+05 
2.924506e+05 
2.924506e+05 
2.924506e+05 
2.924506e+05 
2.924506e+05 
2.924506e+05 
2.924506e+05 
2.924506e+05 
2.924506e+05 
2.924506e+05 
2.924506e+05 
2.924506e+05 
2.924506e+05 
2.924506e+05 
2.924506e+05 
2.924506e+05 
2.924506e+05 
2.924506e+05 
2.924506e+05 
2.924506e+05 
2.924506e+05 
2.924506e+05 
2.924506e+05 
2.924506e+05 
2.924506e+05 
2.924506e+05 
2.924506e+05 
2.924506e+05 
2.924506e+05 
2.924506e+05 
2.924506e+05 
2.924506e+05 
2.924506e+05 
2.924506e+05 
2.924506e+05 
1.708403e+05 
1.708403e+05 
1.708403e+05 
1.708403e+05 
1.708403e+05 
1.708403e+05 
1.708403e+05 
1.708403e+05 
1.708403e+05 
1.708403e+05 
1.708403e+05 
1.708403e+05 
1.708403e+05 
1.708403e+05 
1.708403e+05 
1.708403e+05 
1.708403e+05 
1.708403e+05 
1.708403e+05 
1.708403e+05 
1.708403e+05 
1.708403e+05 
1.708403e+05 
1.708403e+05 
1.708403e+05 
1.708403e+05 
1.708403e+05 
1.708403e+05 
1.708403e+05 
1.708403e+05 
1.708403e+05 
1.708403e+05 
1.708403e+05 
1.708403e+05 
1.708403e+05 
1.708403e+05 
1.708403e+05 
1.708403e+05 
1.708403e+05 
1.708403e+05 
1.708403e+05 
1.708403e+05 
1.708403e+05 
1.708403e+05 
1.708403e+05 
1.708403e+05 
1.708403e+05 
1.708403e+05 
1.708403e+05 
1.708403e+05 
1.708403e+05 
1.708403e+05 
1.708403e+05 
1.708403e+05 
1.708403e+05 
1.708403e+05 
1.708403e+05 
1.708403e+05 
1.708403e+05 
1.708403e+05 
1.708403e+05 
1.708403e+05 
1.708403e+05 
1.708403e+05 
1.708403e+05 
1.708403e+05 
1.708403e+05 
1.708403e+05 
1.700336e+05 
1.700336e+05 
1.700336e+05 
1.700336e+05 
1.700336e+05 
1.700336e+05 
1.700336e+05 
1.700336e+05 
1.633065e+05 
1.633065e+05 
1.633065e+05 
1.633065e+05 
1.633065e+05 
1.633065e+05 
1.633065e+05 
1.633065e+05 
1.633065e+05 
1.633065e+05 
1.633065e+05 
1.633065e+05 
1.633065e+05 
1.633065e+05 
1.633065e+05 
1.633065e+05 
1.633065e+05 
1.633065e+05 
1.633065e+05 
1.633065e+05 
1.432333e+05 
1.432333e+05 
1.432333e+05 
1.432333e+05 
1.432333e+05 
1.432333e+05 
1.392733e+05 
1.392733e+05 
1.392733e+05 
1.392733e+05 
1.392733e+05 
1.331612e+05 
1.331612e+05 
1.331612e+05 
1.318670e+05 
1.318670e+05 
1.318670e+05 
1.318670e+05 
1.318670e+05 
1.314786e+05 
1.314786e+05 
1.314786e+05 
1.314786e+05 
1.314786e+05 
1.314786e+05 
1.314786e+05 
1.314786e+05 
1.314786e+05 
1.314786e+05 
1.314786e+05 
1.314786e+05 
1.292920e+05 
1.292920e+05 
1.292920e+05 
1.292920e+05 
1.292920e+05 
1.292920e+05 
1.292920e+05 
1.112386e+05 
1.112386e+05 
1.112386e+05 
1.112386e+05 
1.112386e+05 
1.112386e+05 
1.112386e+05 
1.112386e+05 
1.112386e+05 
1.112386e+05 
1.112386e+05 
1.112386e+05 
1.112386e+05 
1.112386e+05 
1.112386e+05 
1.112386e+05 
1.112386e+05 
1.112386e+05 
1.112386e+05 
1.112386e+05 
1.112386e+05 
1.112386e+05 
1.112386e+05 
1.112386e+05 
1.112386e+05 
1.112386e+05 
1.112386e+05 
1.112386e+05 
1.112386e+05 
1.112386e+05 
1.112386e+05 
1.112386e+05 
1.112386e+05 
1.112386e+05 
1.112386e+05 
1.112386e+05 
1.112386e+05 
1.112386e+05 
1.112386e+05 
1.112386e+05 
1.112386e+05 
1.112386e+05 
1.112386e+05 
1.111618e+05 
1.111618e+05 
1.111618e+05 
1.111618e+05 
1.111618e+05 
1.111618e+05 
1.111618e+05 
1.111618e+05 
1.111618e+05 
1.111618e+05 
1.111618e+05 
1.111618e+05 
1.111618e+05 
1.111618e+05 
1.111618e+05 
1.111618e+05 
1.111618e+05 
1.111618e+05 
1.111618e+05 
1.111618e+05 
1.111618e+05 
1.111618e+05 
1.111618e+05 
1.111618e+05 
1.111618e+05 
1.111618e+05 
1.111618e+05 
1.111618e+05 
1.111618e+05 
1.111618e+05 
1.111618e+05 
1.110899e+05 
1.110899e+05 
1.110899e+05 
1.110899e+05 
1.110899e+05 
1.110899e+05 
1.110899e+05 
1.110899e+05 
1.110899e+05 
1.110899e+05 
1.110899e+05 
1.110899e+05 
7.850548e+04 
7.850548e+04 
7.850548e+04 
4.693015e+04 
4.693015e+04 
4.693015e+04 
4.693015e+04 
4.693015e+04 
4.693015e+04 
4.693015e+04 
4.693015e+04 
4.693015e+04 
4.693015e+04 
4.693015e+04 
4.693015e+04 
4.693015e+04 
4.693015e+04 
4.693015e+04 
4.693015e+04 
4.693015e+04 
4.105831e+04 
4.105831e+04 
3.824148e+04 
3.824148e+04 
3.824148e+04 
3.824148e+04 
3.824148e+04 
3.824148e+04 
3.762351e+04 
3.762351e+04 
3.762351e+04 
3.762351e+04 
3.687185e+04 
3.687185e+04 
3.687185e+04 
3.687185e+04 
3.687185e+04 
3.687185e+04 
3.687185e+04 
3.686677e+04 
3.451604e+04 
3.451604e+04 
3.451604e+04 
3.451604e+04 
3.201099e+04 
3.201099e+04 
3.201099e+04 
3.201099e+04 
3.201099e+04 
3.201099e+04 
3.201099e+04 
3.201099e+04 
2.989386e+04 
2.987585e+04 
2.987585e+04 
2.893748e+04 
2.893748e+04 
2.893748e+04 
2.893748e+04 
2.893748e+04 
2.893748e+04 
2.893748e+04 
2.893748e+04 
2.893748e+04 
2.893748e+04 
2.893748e+04 
2.893748e+04 
2.893748e+04 
2.893748e+04 
2.893748e+04 
2.893748e+04 
2.853612e+04 
2.853612e+04 
2.853436e+04 
2.853436e+04 
2.853436e+04 
2.853436e+04 
2.853436e+04 
2.853436e+04 
2.853436e+04 
2.853436e+04 
2.853436e+04 
2.853436e+04 
2.846187e+04 
2.837532e+04 
2.837532e+04 
2.837532e+04 
2.837532e+04 
2.837532e+04 
2.831589e+04 
2.826329e+04 
2.823583e+04 
2.822196e+04 
2.821533e+04 
2.821248e+04 
2.821153e+04 
2.821149e+04 
2.821149e+04 
2.821035e+04 
2.820951e+04 
2.820903e+04 
2.820876e+04 
2.820860e+04 
2.820851e+04 
2.820845e+04 
2.820842e+04 
2.820840e+04 
2.820839e+04 
2.820838e+04 
2.820838e+04 
2.820838e+04 
2.820837e+04 
2.820837e+04 
2.820837e+04 
2.820837e+04 
2.820837e+04 
2.820837e+04 
2.820837e+04 
2.820837e+04 
2.820837e+04 
2.820837e+04 
2.820837e+04 
2.820837e+04 
2.820837e+04 
2.820837e+04 
2.820837e+04 
2.820837e+04 
2.820837e+04 
2.820837e+04 
2.820837e+04 
2.820837e+04 
2.820837e+04 
2.820837e+04 
2.820837e+04 
2.820837e+04 
2.820837e+04 
2.820837e+04 
2.820837e+04 
2.820837e+04 
2.820837e+04 
2.820837e+04 
2.820837e+04 
2.820837e+04 
2.820837e+04 
2.820837e+04 
2.820837e+04 
2.820837e+04 
2.820837e+04 
2.820837e+04 
2.820837e+04 
2.820837e+04 
2.820837e+04 
2.820837e+04 
2.820837e+04 
2.820837e+04 
2.509850e+04 
2.509850e+04 
2.429935e+04 
2.429935e+04 
1.127759e+04 
1.127759e+04 
1.127759e+04 
1.127759e+04 
1.127759e+04 
1.127759e+04 
1.127759e+04 
1.127759e+04 
1.127759e+04 
1.127759e+04 
1.127759e+04 
1.127759e+04 
1.127759e+04 
1.118346e+04 
1.118346e+04 
1.118346e+04 
1.118346e+04 
1.110431e+04 
1.110431e+04 
1.063321e+04 
1.063321e+04 
1.063321e+04 
1.063321e+04 
1.063321e+04 
1.063321e+04 
1.063321e+04 
1.063321e+04 
1.063321e+04 
1.063321e+04 
1.063321e+04 
1.063321e+04 
7.769124e+03 
7.754311e+03 
7.754311e+03 
7.754311e+03 
7.754311e+03 
7.754311e+03 
7.639542e+03 
7.252688e+03 
7.091994e+03 
7.042820e+03 
7.042820e+03 
7.042820e+03 
6.882841e+03 
6.719991e+03 
6.627940e+03 
6.575561e+03 
6.545501e+03 
6.528065e+03 
6.517819e+03 
6.511704e+03 
6.507989e+03 
6.505686e+03 
6.504228e+03 
6.503284e+03 
6.502660e+03 
6.502239e+03 
6.501950e+03 
6.501748e+03 
6.501605e+03 
6.501503e+03 
6.501429e+03 
6.501376e+03 
6.501337e+03 
6.501308e+03 
6.501287e+03 
6.501271e+03 
6.501260e+03 
6.501251e+03 
6.501245e+03 
6.501240e+03 
6.501237e+03 
6.501234e+03 
6.501233e+03 
6.501231e+03 
6.501230e+03 
6.501229e+03 
6.501229e+03 
6.501228e+03 
6.501228e+03 
6.501228e+03 
6.501228e+03 
6.501227e+03 
6.501227e+03 
6.501227e+03 
6.501227e+03 
6.501227e+03 
6.501227e+03 
6.501227e+03 
6.501227e+03 
6.501227e+03 
6.501227e+03 
6.501227e+03 
6.051581e+03 
6.051581e+03 
6.051581e+03 
6.051581e+03 
6.051581e+03 
6.051581e+03 
6.051581e+03 
6.051581e+03 
6.051581e+03 
6.051581e+03 
6.051581e+03 
6.051581e+03 
6.051581e+03 
6.051581e+03 
6.051581e+03 
6.051581e+03 
6.051581e+03 
6.051581e+03 
6.051581e+03 
6.051581e+03 
6.051581e+03 
6.051581e+03 
4.249449e+03 
4.249449e+03 
3.173725e+03 
3.173725e+03 
3.173725e+03 
2.530930e+03 
2.530930e+03 
2.530930e+03 
2.530930e+03 
2.530930e+03 
2.530930e+03 
2.066572e+03 
2.066572e+03 
2.066572e+03 
2.066572e+03 
2.066572e+03 
2.066572e+03 
2.066572e+03 
2.066572e+03 
2.066572e+03 
2.066572e+03 
2.066572e+03 
2.066572e+03 
2.066572e+03 
2.066572e+03 
2.066572e+03 
2.066572e+03 
2.066572e+03 
2.066572e+03 
2.066572e+03 
2.066572e+03 
2.066572e+03 
2.066572e+03 
2.066572e+03 
2.066572e+03 
2.066572e+03 
2.066572e+03 
2.066572e+03 
2.066572e+03 
2.066572e+03 
2.066572e+03 
2.066572e+03 
1.588094e+03 
1.588094e+03 
1.588094e+03 
1.588094e+03 
1.588094e+03 
1.588094e+03 
1.588094e+03 
1.588094e+03 
1.588094e+03 
1.588094e+03 
1.588094e+03 
1.588094e+03 
1.588094e+03 
1.588094e+03 
1.588094e+03 
1.470914e+03 
1.470914e+03 
1.470914e+03 
1.470914e+03 
1.470914e+03 
1.470914e+03 
1.470914e+03 
1.470914e+03 
1.470914e+03 
1.470914e+03 
1.470914e+03 
1.470914e+03 
1.470914e+03 
1.470914e+03 
1.470914e+03 
1.470914e+03 
1.470914e+03 
1.391948e+03 
1.391948e+03 
1.391948e+03 
1.391948e+03 
1.391948e+03 
1.391948e+03 
1.391948e+03 
1.391948e+03 
1.391948e+03 
1.391948e+03 
1.391948e+03 
1.391948e+03 
1.391948e+03 
1.391948e+03 
1.391948e+03 
1.391948e+03 
1.391948e+03 
1.391948e+03 
1.391948e+03 
1.391948e+03 
1.391948e+03 
1.391948e+03 
1.391948e+03 
1.391948e+03 
1.391948e+03 
1.391948e+03 
1.391948e+03 
1.391948e+03 
1.391948e+03 
1.391948e+03 
1.391948e+03 
1.391948e+03 
1.391948e+03 
1.391948e+03 
1.391948e+03 
1.391948e+03 
1.391948e+03 
1.391948e+03 
1.391948e+03 
1.391948e+03 
1.391948e+03 
1.391948e+03 
1.391948e+03 
1.391948e+03 
1.391948e+03 
1.391948e+03 
1.391948e+03 
1.391948e+03 
1.391948e+03 
1.391948e+03 
1.391948e+03 
1.391948e+03 
1.391948e+03 
1.391948e+03 
1.391948e+03 
1.391948e+03 
1.391948e+03 
1.391948e+03 
1.391948e+03 
1.391948e+03 
1.391948e+03 
1.391948e+03 
1.391948e+03 
1.391948e+03 
1.391948e+03 
1.391948e+03 
1.391948e+03 
1.391948e+03 
1.391948e+03 
1.391948e+03 
1.391948e+03 
1.391948e+03 
1.391948e+03 
1.391948e+03 
1.391948e+03 
1.391948e+03 
1.391948e+03 
1.391948e+03 
1.391948e+03 
1.391948e+03 
1.364809e+03 
1.364809e+03 
1.364809e+03 
1.364809e+03 
1.364809e+03 
1.364809e+03 
1.364809e+03 
1.364809e+03 
1.350126e+03 
1.350126e+03 
1.350126e+03 
1.350126e+03 
1.307524e+03 
1.164395e+03 
1.164395e+03 
1.164395e+03 
1.164395e+03 
1.164395e+03 
1.164395e+03 
1.164395e+03 
1.073700e+03 
1.073700e+03 
1.073700e+03 
1.073700e+03 
1.073700e+03 
1.073700e+03 
1.073700e+03 
1.073700e+03 
1.073700e+03 
1.073700e+03 
1.073700e+03 
1.073700e+03 
1.073700e+03 
1.073700e+03 
1.073700e+03 
1.073700e+03 
1.057998e+03 
1.033381e+03 
1.033381e+03 
1.033381e+03 
1.017927e+03 
1.017927e+03 
1.017927e+03 
1.017927e+03 
1.017927e+03 
1.017927e+03 
1.017927e+03 
1.017927e+03 
1.017927e+03 
1.017927e+03 
1.017927e+03 
1.017927e+03 
1.017927e+03 
1.013550e+03 
1.013550e+03 
1.008320e+03 
1.001606e+03 
9.990914e+02 
9.985261e+02 
9.985261e+02 
9.985261e+02 
9.952909e+02 
9.933493e+02 
9.930054e+02 
9.930054e+02 
9.930054e+02 
9.930054e+02 
9.930054e+02 
9.930054e+02 
9.930054e+02 
9.930054e+02 
9.930054e+02 
9.930054e+02 
9.927388e+02 
9.927388e+02 
9.927388e+02 
9.927388e+02 
9.927388e+02 
9.927388e+02 
9.927388e+02 
9.927388e+02 
9.926185e+02 
9.921804e+02 
9.918682e+02 
9.916445e+02 
9.914836e+02 
9.913674e+02 
9.912834e+02 
9.912225e+02 
9.911783e+02 
9.911463e+02 
9.911229e+02 
9.911060e+02 
9.910937e+02 
9.910847e+02 
9.910782e+02 
9.910734e+02 
9.910700e+02 
9.910675e+02 
9.910657e+02 
9.108074e+02 
9.057292e+02 
9.057292e+02 
8.745030e+02 
8.198252e+02 
8.198252e+02 
8.198252e+02 
8.198252e+02 
7.768257e+02 
7.489778e+02 
7.430071e+02 
7.430071e+02 
7.430071e+02 
7.430071e+02 
7.430071e+02 
7.341442e+02 
7.309690e+02 
7.307747e+02 
7.307747e+02 
7.307747e+02 
7.307747e+02 
7.289446e+02 
7.275819e+02 
7.268046e+02 
7.263523e+02 
7.260829e+02 
7.259185e+02 
7.258156e+02 
7.257495e+02 
6.409295e+02 
6.409295e+02 
6.409295e+02 
6.409295e+02 
6.409295e+02 
6.409295e+02 
6.409295e+02 
6.409295e+02 
6.409295e+02 
6.409295e+02 
6.409295e+02 
3.185615e+02 
3.185615e+02 
3.185615e+02 
3.185615e+02 
3.185615e+02 
3.185615e+02 
1.925425e+02 
1.925425e+02 
1.925425e+02 
1.925425e+02 
1.914291e+02 
1.914291e+02 
1.914291e+02 
1.914291e+02 
1.914291e+02 
1.914291e+02 
1.842035e+02 
1.842035e+02 
1.842035e+02 
1.842035e+02 
1.206202e+02 
1.206202e+02 
1.206202e+02 
1.206202e+02 
1.206202e+02 
1.206202e+02 
1.206202e+02 
1.206202e+02 
1.206202e+02 
1.206202e+02 
1.206202e+02 
1.206202e+02 
1.206202e+02 
1.206202e+02 
1.206202e+02 
1.206202e+02 
1.206202e+02 
1.206202e+02 
1.206202e+02 
1.206202e+02 
1.206202e+02 
1.206202e+02 
1.206202e+02 
1.206202e+02 
1.206202e+02 
1.206202e+02 
1.206202e+02 
1.206202e+02 
1.206202e+02 
1.206202e+02 
1.206202e+02 
1.206202e+02 
1.206202e+02 
1.206202e+02 
1.206202e+02 
1.206202e+02 
1.160319e+02 
9.731165e+01 
8.788512e+01 
8.321529e+01 
8.095933e+01 
7.991314e+01 
7.946201e+01 
7.929512e+01 
7.925754e+01 
7.925754e+01 
7.925754e+01 
7.925754e+01 
7.925754e+01 
7.925754e+01 
7.925754e+01 
7.917818e+01 
7.905351e+01 
7.896552e+01 
7.890305e+01 
7.885850e+01 
7.882663e+01 
7.880378e+01 
7.878737e+01 
7.701077e+01 
7.701077e+01 
7.465797e+01 
7.465797e+01 
7.465797e+01 
7.465797e+01 
5.727547e+01 
5.727547e+01 
5.727547e+01 
5.727547e+01 
5.727547e+01 
5.727547e+01 
5.727547e+01 
5.024607e+01 
5.024607e+01 
5.024607e+01 
5.024607e+01 
5.024607e+01 
5.024607e+01 
5.024607e+01 
5.024607e+01 
5.024607e+01 
5.024607e+01 
4.929309e+01 
4.870771e+01 
4.870771e+01 
4.870771e+01 
4.770858e+01 
4.708253e+01 
4.671381e+01 
4.649088e+01 
4.635245e+01 
4.626422e+01 
4.620663e+01 
4.616825e+01 
4.614222e+01 
4.202222e+01 
4.045737e+01 
3.946076e+01 
3.946076e+01 
3.898360e+01 
3.898360e+01 
3.819136e+01 
3.819136e+01 
3.819136e+01 
3.819136e+01 
3.502708e+01 
3.211306e+01 
3.043009e+01 
2.943329e+01 
2.882689e+01 
2.844795e+01 
2.820500e+01 
2.804559e+01 
2.793887e+01 
2.226544e+01 
2.168485e+01 
2.168485e+01 
2.168485e+01 
2.168485e+01 
2.168485e+01 
2.168485e+01 
2.168485e+01 
2.117905e+01 
2.058576e+01 
2.058576e+01 
2.058576e+01 
2.042838e+01 
2.042838e+01 
2.042838e+01 
2.042838e+01 
2.042838e+01 
2.042838e+01 
2.042838e+01 
2.042838e+01 
2.042838e+01 
2.042838e+01 
2.042838e+01 
2.042838e+01 
2.042838e+01 
2.042838e+01 
2.042838e+01 
1.931325e+01 
1.931325e+01 
1.873190e+01 
1.772116e+01 
1.718084e+01 
1.688832e+01 
1.672740e+01 
1.663714e+01 
1.658534e+01 
1.655484e+01 
1.653639e+01 
1.652492e+01 
1.651760e+01 
1.651282e+01 
1.650963e+01 
1.650746e+01 
1.650597e+01 
1.650494e+01 
1.650421e+01 
1.650370e+01 
1.650334e+01 
1.650309e+01 
1.650290e+01 
1.650277e+01 
1.650268e+01 
1.650261e+01 
1.650257e+01 
1.650253e+01 
1.650251e+01 
1.650249e+01 
1.650248e+01 
1.650247e+01 
1.650246e+01 
1.650246e+01 
1.650245e+01 
1.650245e+01 
1.650245e+01 
1.650245e+01 
1.650245e+01 
1.650245e+01 
1.650245e+01 
1.650245e+01 
1.650245e+01 
1.650245e+01 
1.650245e+01 
1.650245e+01 
1.650245e+01 
1.650245e+01 
1.650245e+01 
1.650245e+01 
1.650245e+01 
1.261940e+01 
1.261940e+01 
1.261940e+01 
1.206877e+01 
1.179373e+01 
1.179373e+01 
1.179373e+01 
1.179373e+01 
1.179373e+01 
1.011487e+01 
1.011487e+01 
9.812762e+00 
7.207070e+00 
7.207070e+00 
7.207070e+00 
7.207070e+00 
6.067161e+00 
6.067161e+00 
6.067161e+00 
6.067161e+00 
6.067161e+00 
6.067161e+00 
6.067161e+00 
6.067161e+00 
6.067161e+00 
6.067161e+00 
6.067161e+00 
6.067161e+00 
6.067161e+00 
5.127342e+00 
5.127342e+00 
5.127342e+00 
5.127342e+00 
5.127342e+00 
5.127342e+00 
1.738284e+00 
1.738284e+00 
1.738284e+00 
1.738284e+00 
1.738284e+00 
1.504285e+00 
1.299748e+00 
1.299748e+00 
1.086127e+00 
1.086127e+00 
1.068862e+00 
1.068862e+00 
1.068862e+00 
1.068862e+00 
1.068862e+00 
9.447750e-01 
8.409670e-01 
8.409670e-01 
8.409670e-01 
8.063242e-01 
7.964733e-01 
7.964733e-01 
7.964733e-01 
7.964733e-01 
7.964733e-01 
7.888884e-01 
7.834263e-01 
7.804200e-01 
7.787268e-01 
7.777480e-01 
7.771661e-01 
7.768101e-01 
7.765861e-01 
7.764416e-01 
7.763464e-01 
7.762824e-01 
7.762388e-01 
7.762088e-01 
7.761880e-01 
7.761734e-01 
7.761632e-01 
7.761559e-01 
7.761508e-01 
7.761472e-01 
7.761447e-01 
7.761428e-01 
7.761416e-01 
7.761406e-01 
7.761400e-01 
7.761395e-01 
7.761392e-01 
7.761390e-01 
7.761388e-01 
7.761387e-01 
7.761386e-01 
7.761385e-01 
7.761385e-01 
7.761385e-01 
7.761384e-01 
7.761384e-01 
7.761384e-01 
5.631473e-01 
3.176870e-01 
3.176870e-01 
3.176870e-01 
3.176870e-01 
3.176870e-01 
3.176870e-01 
3.176870e-01 
3.176870e-01 
3.176870e-01 
3.176870e-01 
2.440291e-01 
2.440291e-01 
2.440291e-01 
2.440291e-01 
2.440291e-01 
2.440291e-01 
2.440291e-01 
2.440291e-01 
2.440291e-01 
2.440291e-01 
2.440291e-01 
2.440291e-01 
2.440291e-01 
2.440291e-01 
2.440291e-01 
2.440291e-01 
2.440291e-01 
2.440291e-01 
2.440291e-01 
2.184854e-01 
2.184854e-01 
2.184854e-01 
2.184854e-01 
2.184854e-01 
2.184854e-01 
2.184854e-01 
2.184854e-01 
2.184854e-01 
2.184854e-01 
2.184854e-01 
2.184854e-01 
2.184854e-01 
2.184854e-01 
2.184854e-01 
2.169687e-01 
2.169687e-01 
2.169687e-01 
2.169687e-01 
2.169687e-01 
2.169687e-01 
2.169687e-01 
2.169687e-01 
2.169687e-01 
2.169687e-01 
2.169687e-01 
2.169687e-01 
2.169687e-01 
2.169687e-01 
2.169687e-01 
2.169687e-01 
2.169687e-01 
2.169687e-01 
2.169687e-01 
2.169687e-01 
2.169687e-01 
2.169687e-01 
2.169687e-01 
2.169687e-01 
2.169687e-01 
2.107480e-01 
2.107480e-01 
2.107480e-01 
2.107480e-01 
2.107480e-01 
2.107480e-01 
2.107480e-01 
2.107480e-01 
2.107480e-01 
2.107480e-01 
2.107480e-01 
2.107480e-01 
1.903608e-01 
1.903608e-01 
1.903608e-01 
1.903608e-01 
1.895591e-01 
1.686069e-01 
1.368286e-01 
1.368286e-01 
1.368286e-01 
1.276298e-01 
1.276298e-01 
1.031848e-01 
8.986843e-02 
8.986843e-02 
8.986843e-02 
8.974107e-02 
8.974107e-02 
8.936758e-02 
8.936758e-02 
8.936758e-02 
8.936758e-02 
8.808773e-02 
8.808773e-02 
8.731287e-02 
8.731287e-02 
8.650545e-02 
8.460230e-02 
8.388813e-02 
8.369621e-02 
8.369621e-02 
8.369621e-02 
8.332608e-02 
8.294673e-02 
8.269350e-02 
8.252206e-02 
8.240476e-02 
8.232386e-02 
8.226773e-02 
8.222863e-02 
8.220131e-02 
8.218217e-02 
8.216875e-02 
8.204256e-02 
8.204124e-02 
7.992950e-02 
7.645547e-02 
7.633017e-02 
7.633017e-02 
7.633017e-02 
7.474782e-02 
7.402251e-02 
7.389731e-02 
7.389731e-02 
7.381238e-02 
7.381238e-02 
7.276628e-02 
6.730091e-02 
4.947374e-02 
4.947374e-02 
4.947374e-02 
4.947374e-02 
4.947374e-02 
4.947374e-02 
4.491191e-02 
4.491191e-02 
4.491191e-02 
4.491191e-02 
4.491191e-02 
4.130733e-02 
2.136947e-02 
2.136947e-02 
2.136947e-02 
2.136947e-02 
2.136947e-02 
2.136947e-02 
2.136947e-02 
2.136947e-02 
2.136947e-02 
2.136947e-02 
2.136947e-02 
2.136947e-02 
2.136947e-02 
2.136947e-02 
2.036423e-02 
2.019631e-02 
1.986711e-02 
1.986711e-02 
1.986711e-02 
1.882233e-02 
1.851669e-02 
1.851669e-02 
1.304071e-02 
1.304071e-02 
1.304071e-02 
1.304071e-02 
1.304071e-02 
1.304071e-02 
1.304071e-02 
1.182681e-02 
1.182681e-02 
1.182681e-02 
1.182681e-02 
1.182681e-02 
1.182681e-02 
1.182681e-02 
1.053264e-02 
1.053264e-02 
1.053264e-02 
1.053264e-02 
1.053264e-02 
1.053264e-02 
1.053264e-02 
1.053264e-02 
1.053264e-02 
1.053264e-02 
1.053264e-02 
1.053264e-02 
1.053264e-02 
1.053264e-02 
1.053264e-02 
1.042365e-02 
1.034614e-02 
1.034614e-02 
9.944110e-03 
9.779181e-03 
9.779181e-03 
9.561436e-03 
9.426086e-03 
9.345110e-03 
9.295175e-03 
9.263531e-03 
9.243003e-03 
9.229432e-03 
7.896457e-03 
7.896457e-03 
7.896457e-03 
6.590546e-03 
6.590546e-03 
6.590546e-03 
6.581529e-03 
6.581529e-03 
6.543557e-03 
6.543557e-03 
6.543557e-03 
6.417360e-03 
6.417360e-03 
6.417360e-03 
6.355372e-03 
6.310556e-03 
6.310556e-03 
6.310556e-03 
6.295334e-03 
6.237013e-03 
6.209544e-03 
6.196828e-03 
6.191102e-03 
6.188642e-03 
6.187674e-03 
2.936825e-03 
2.936825e-03 
2.936825e-03 
2.936825e-03 
2.706540e-03 
2.706540e-03 
2.191926e-03 
2.191926e-03 
2.191926e-03 
2.164206e-03 
2.164206e-03 
2.164206e-03 
2.164206e-03 
2.164206e-03 
1.538615e-03 
1.538615e-03 
1.538615e-03 
1.538615e-03 
1.538615e-03 
1.538615e-03 
1.538615e-03 
1.538615e-03 
1.538615e-03 
1.538615e-03 
1.538615e-03 
1.538615e-03 
1.538615e-03 
1.538615e-03 
1.492621e-03 
1.492621e-03 
1.417844e-03 
1.417844e-03 
1.222594e-03 
1.222594e-03 
1.222594e-03 
1.216211e-03 
1.141807e-03 
1.116081e-03 
1.110813e-03 
1.110813e-03 
9.250512e-04 
9.250512e-04 
9.250512e-04 
9.250512e-04 
7.275780e-04 
7.275780e-04 
7.275780e-04 
7.275780e-04 
7.275780e-04 
7.275780e-04 
7.275780e-04 
6.805692e-04 
6.364048e-04 
6.133326e-04 
6.009842e-04 
5.941851e-04 
5.903219e-04 
5.880538e-04 
5.866789e-04 
5.858208e-04 
5.456940e-04 
5.456940e-04 
5.456940e-04 
5.456940e-04 
5.456940e-04 
5.361572e-04 
5.361572e-04 
5.361572e-04 
5.361572e-04 
5.361572e-04 
4.929492e-04 
4.929492e-04 
4.332199e-04 
4.332199e-04 
4.332199e-04 
2.664377e-04 
2.664377e-04 
2.664377e-04 
2.664377e-04 
2.664377e-04 
2.664377e-04 
2.637966e-04 
2.637966e-04 
2.637966e-04 
1.744287e-04 
1.744287e-04 
1.743034e-04 
1.743034e-04 
1.743034e-04 
1.683624e-04 
1.600240e-04 
6.613967e-05 
6.613967e-05 
5.716219e-05 
5.716219e-05 
5.716219e-05 
5.716219e-05 
5.716219e-05 
5.540688e-05 
5.540688e-05 
5.497081e-05 
5.497081e-05 
5.388432e-05 
5.066138e-05 
4.978134e-05 
4.978134e-05 
4.978134e-05 
4.978134e-05 
4.978134e-05 
4.916669e-05 
4.916669e-05 
4.782614e-05 
4.714707e-05 
4.699342e-05 
4.699342e-05 
4.692730e-05 
4.692730e-05 
4.673984e-05 
4.664108e-05 
4.659968e-05 
4.658393e-05 
4.657921e-05 
4.657891e-05 
3.553257e-05 
3.553257e-05 
3.553257e-05 
2.838409e-05 
2.838409e-05 
2.838409e-05 
2.838409e-05 
2.838409e-05 
2.517754e-05 
2.517754e-05 
2.517754e-05 
2.517754e-05 
2.517754e-05 
2.517754e-05 
2.517754e-05 
2.517754e-05 
2.517754e-05 
2.517754e-05 
2.517754e-05 
2.517754e-05 
2.517754e-05 
2.002262e-05 
1.759433e-05 
1.759433e-05 
1.285359e-05 
1.285359e-05 
1.285359e-05 
1.285359e-05 
1.285359e-05 
1.285359e-05 
1.285359e-05 
1.164986e-05 
1.164986e-05 
1.131427e-05 
1.131427e-05 
1.131427e-05 
1.131427e-05 
1.131427e-05 
1.131427e-05 
1.131427e-05 
1.131427e-05 
1.131427e-05 
1.131427e-05 
1.131427e-05 
1.131427e-05 
1.131427e-05 
1.131427e-05 
1.131427e-05 
1.131427e-05 
1.131427e-05 
1.131427e-05 
1.131427e-05 
1.131427e-05 
1.131427e-05 
1.131427e-05 
1.131427e-05 
1.131427e-05 
1.131427e-05 
1.131427e-05 
9.385925e-06 
8.498794e-06 
8.498794e-06 
8.498794e-06 
8.498794e-06 
8.498794e-06 
8.498794e-06 
8.498794e-06 
7.306596e-06 
7.306596e-06 
7.306596e-06 
7.306596e-06 
7.306596e-06 
7.306596e-06 
6.675378e-06 
6.155619e-06 
6.155619e-06 
6.155619e-06 
5.818612e-06 
5.818612e-06 
5.818612e-06 
5.523154e-06 
5.212686e-06 
4.098926e-06 
4.098926e-06 
4.098926e-06 
4.041953e-06 
4.041953e-06 
3.637808e-06 
3.637808e-06 
3.637808e-06 
3.637808e-06 
3.427049e-06 
3.427049e-06 
3.427049e-06 
3.427049e-06 
3.427049e-06 
3.124649e-06 
3.122246e-06 
3.056064e-06 
2.927158e-06 
2.812420e-06 
2.812420e-06 
2.812420e-06 
2.812420e-06 
2.812420e-06 
2.796466e-06 
2.796466e-06 
2.731271e-06 
2.731271e-06 
2.514053e-06 
1.918682e-06 
1.918682e-06 
1.918682e-06 
1.367975e-06 
1.036764e-06 
1.036764e-06 
1.036764e-06 
1.036764e-06 
9.700790e-07 
6.478749e-07 
6.478749e-07 
6.478749e-07 
6.478749e-07 
6.478749e-07 
6.478749e-07 
6.478749e-07 
6.478749e-07 
6.478749e-07 
6.478749e-07 
6.478749e-07 
6.478749e-07 
6.478749e-07 
6.478749e-07 
6.478749e-07 
4.976425e-07 
4.976425e-07 
4.976425e-07 
4.557319e-07 
4.190424e-07 
4.190424e-07 
3.666567e-07 
3.470320e-07 
3.470320e-07 
3.445778e-07 
3.445778e-07 
3.445778e-07 
3.445778e-07 
3.445778e-07 
2.612453e-07 
2.612453e-07 
2.612453e-07 
2.612453e-07 
2.612453e-07 
2.612453e-07 
2.612453e-07 
2.612453e-07 
2.612453e-07 
2.612453e-07 
2.612453e-07 
2.612453e-07 
2.104432e-07 
2.104432e-07 
1.925056e-07 
1.925056e-07 
1.925056e-07 
1.626208e-07 
1.626208e-07 
1.626208e-07 
1.626208e-07 
1.626208e-07 
1.626208e-07 
1.626208e-07 
1.626208e-07 
1.626208e-07 
1.626208e-07 
1.626208e-07 
1.626208e-07 
1.626208e-07 
1.594700e-07 
1.570011e-07 
1.566871e-07 
1.566871e-07 
1.552999e-07 
1.548463e-07 
1.548463e-07 
1.545368e-07 
1.545368e-07 
1.545368e-07 
1.545368e-07 
1.540495e-07 
1.537428e-07 
1.535773e-07 
1.534848e-07 
1.534312e-07 
1.533990e-07 
1.533791e-07 
1.533665e-07 
1.345977e-07 
1.271833e-07 
1.271833e-07 
1.253181e-07 
1.253181e-07 
1.253181e-07 
1.253181e-07 
1.253181e-07 
1.253181e-07 
1.253181e-07 
1.253181e-07 
1.253181e-07 
1.253181e-07 
1.253181e-07 
1.253181e-07 
8.027704e-08 
8.027704e-08 
7.369513e-08 
7.369513e-08 
7.369513e-08 
7.369513e-08 
7.369513e-08 
7.369513e-08 
7.369513e-08 
7.369513e-08 
7.369513e-08 
7.369513e-08 
7.369513e-08 
7.369513e-08 
7.369513e-08 
6.923176e-08 
6.923176e-08 
6.923176e-08 
6.923176e-08 
5.897783e-08 
5.897783e-08 
5.897783e-08 
5.897783e-08 
5.897783e-08 
5.897783e-08 
5.897783e-08 
5.897783e-08 
5.897783e-08 
5.897783e-08 
5.897783e-08 
5.897783e-08 
5.897783e-08 
5.897783e-08 
5.897783e-08 
2.021471e-08 
2.021471e-08 
2.021471e-08 
2.021471e-08 
1.760044e-08 
1.760044e-08 
1.760044e-08 
1.760044e-08 
1.726724e-08 
1.454543e-08 
1.454543e-08 
1.454543e-08 
1.454543e-08 
1.174511e-08 
1.174511e-08 
1.174511e-08 
1.174511e-08 
1.106459e-08 
1.106459e-08 
8.624706e-09 
8.624706e-09 
8.624706e-09 
8.624706e-09 
8.624706e-09 
6.607897e-09 
6.607897e-09 
6.607897e-09 
6.607897e-09 
6.607897e-09 
6.607897e-09 
6.607897e-09 
6.607897e-09 
6.607897e-09 
6.607897e-09 
6.607897e-09 
6.607897e-09 
6.607897e-09 
6.607897e-09 
6.607897e-09 
6.607897e-09 
6.607897e-09 
6.607897e-09 
6.607897e-09 
6.607897e-09 
5.973361e-09 
5.973361e-09 
5.973361e-09 
4.439357e-09 
4.020880e-09 
4.020880e-09 
3.833180e-09 
3.833180e-09 
3.833180e-09 
3.136005e-09 
3.011487e-09 
3.011487e-09 
3.011487e-09 
2.992761e-09 
2.992761e-09 
2.598793e-09 
2.598793e-09 
2.598793e-09 
2.169871e-09 
2.095284e-09 
1.635283e-09 
1.635283e-09 
1.635283e-09 
1.635283e-09 
1.541637e-09 
7.641478e-10 
4.816653e-10 
4.816653e-10 
4.105264e-10 
4.105264e-10 
4.105264e-10 
4.105264e-10 
4.105264e-10 
4.105264e-10 
4.105264e-10 
4.105264e-10 
4.105264e-10 
4.105264e-10 
4.105264e-10 
4.105264e-10 
4.105264e-10 
4.105264e-10 
4.105264e-10 
4.105264e-10 
4.105264e-10 
4.105264e-10 
4.105264e-10 
4.105264e-10 
4.007541e-10 
4.007541e-10 
3.892212e-10 
3.049674e-10 
3.049674e-10 
3.049674e-10 
3.049674e-10 
2.933642e-10 
2.933642e-10 
2.884939e-10 
2.884939e-10 
1.856859e-10 
1.856859e-10 
1.856859e-10 
1.099092e-10 
1.099092e-10 
1.099092e-10 
1.099092e-10 
1.099092e-10 
1.099092e-10 
1.099092e-10 
1.099092e-10 
1.099092e-10 
1.099092e-10 
1.099092e-10 
1.099092e-10 
1.099092e-10 
1.099092e-10 
1.022720e-10 
9.323463e-11 
9.323463e-11 
9.323463e-11 
9.323463e-11 
9.323463e-11 
9.323463e-11 
9.323463e-11 
7.093620e-11 
7.093620e-11 
7.093620e-11 
6.561621e-11 
6.561621e-11 
5.392957e-11 
5.392957e-11 
5.392957e-11 
5.392957e-11 
5.157857e-11 
5.157857e-11 
5.157857e-11 
5.157857e-11 
5.092442e-11 
4.975449e-11 
4.924386e-11 
4.902538e-11 
4.893496e-11 
4.889970e-11 
4.888754e-11 
4.888459e-11 
4.888459e-11 
4.887112e-11 
4.886318e-11 
4.885845e-11 
4.885555e-11 
3.953345e-11 
3.953345e-11 
3.414317e-11 
3.294149e-11 
3.294149e-11 
3.294149e-11 
2.716661e-11 
2.594067e-11 
2.594067e-11 
2.594067e-11 
2.508439e-11 
2.508439e-11 
2.508439e-11 
2.246339e-11 
2.246339e-11 
2.246339e-11 
2.246339e-11 
2.246339e-11 
2.246339e-11 
2.246339e-11 
2.202115e-11 
1.853443e-11 
1.735850e-11 
1.735850e-11 
1.735850e-11 
1.735850e-11 
1.735850e-11 
1.735850e-11 
1.548335e-11 
1.548335e-11 
1.548335e-11 
1.548335e-11 
1.530085e-11 
1.530085e-11 
1.530085e-11 
1.530085e-11 
1.499745e-11 
1.499745e-11 
1.499745e-11 
1.413425e-11 
1.390700e-11 
1.390700e-11 
1.330235e-11 
1.330235e-11 
1.330235e-11 
1.330235e-11 
1.328871e-11 
1.319277e-11 
1.319277e-11 
1.265320e-11 
1.265320e-11 
1.157554e-11 
1.157554e-11 
1.157554e-11 
1.157554e-11 
1.119599e-11 
1.019391e-11 
1.019391e-11 
1.019391e-11 
1.019391e-11 
1.019391e-11 
1.019391e-11 
1.019391e-11 
9.241123e-12 
9.241123e-12 
9.241123e-12 
8.456862e-12 
7.923297e-12 
7.923297e-12 
7.760468e-12 
7.760468e-12 
7.760468e-12 
7.469109e-12 
7.469109e-12 
7.469109e-12 
7.469109e-12 
7.469109e-12 
7.469109e-12 
7.469109e-12 
7.469109e-12 
7.469109e-12 
7.469109e-12 
5.672457e-12 
5.672457e-12 
5.672457e-12 
5.344400e-12 
5.344400e-12 
5.344400e-12 
4.483814e-12 
2.912175e-12 
2.450320e-12 
2.450320e-12 
2.450320e-12 
2.450320e-12 
2.351436e-12 
2.351436e-12 
1.805964e-12 
1.805964e-12 
1.805964e-12 
1.487374e-12 
1.487374e-12 
1.487374e-12 
9.881308e-13 
9.881308e-13 
9.881308e-13 
7.810716e-13 
7.810716e-13 
2.413385e-13 
2.413385e-13 
2.413385e-13 
2.413385e-13 
2.413385e-13 
2.413385e-13 
2.413385e-13 
2.413385e-13 
2.413385e-13 
2.413385e-13 
2.413385e-13 
2.413385e-13 
2.413385e-13 
2.413385e-13 
2.413385e-13 
2.413385e-13 
2.413385e-13 
2.413385e-13 
2.413385e-13 
2.413385e-13 
2.269817e-13 
2.269817e-13 
2.269817e-13 
2.269817e-13 
2.269817e-13 
1.658393e-13 
1.658393e-13 
1.658393e-13 
1.658393e-13 
1.658393e-13 
1.658393e-13 
1.658393e-13 
1.658393e-13 
1.658393e-13 
1.658393e-13 
1.619484e-13 
1.619484e-13 
1.619484e-13 
1.619484e-13 
1.340630e-13 
1.340630e-13 
1.225994e-13 
1.062076e-13 
1.062076e-13 
1.062076e-13 
9.092857e-14 
9.092857e-14 
9.092857e-14 
9.092857e-14 
9.092857e-14 
7.264759e-14 
7.264759e-14 
7.264759e-14 
7.264759e-14 
6.285917e-14 
5.564841e-14 
5.523301e-14 
5.346888e-14 
5.346888e-14 
5.346888e-14 
5.346888e-14 
5.346888e-14 
5.346888e-14 
5.346888e-14 
5.346888e-14 
5.346888e-14 
5.346888e-14 
5.346888e-14 
5.346888e-14 
5.346888e-14 
5.346888e-14 
5.346888e-14 
5.346888e-14 
5.346888e-14 
5.346888e-14 
5.346888e-14 
5.346888e-14 
4.595432e-14 
4.595432e-14 
4.595432e-14 
4.595432e-14 
4.595432e-14 
4.595432e-14 
4.595432e-14 
4.595432e-14 
3.272267e-14 
3.272267e-14 
3.272267e-14 
3.272267e-14 
3.272267e-14 
3.272267e-14 
3.272267e-14 
3.014700e-14 
3.014700e-14 
3.014700e-14 
3.014700e-14 
3.014700e-14 
3.014700e-14 
2.839290e-14 
2.839290e-14 
2.369547e-14 
2.369547e-14 
1.730580e-14 
1.730580e-14 
1.713587e-14 
1.713587e-14 
1.713587e-14 
1.627655e-14 
1.627655e-14 
1.627655e-14 
1.627655e-14 
1.627655e-14 
1.627655e-14 
1.627655e-14 
1.627655e-14 
1.521205e-14 
1.521205e-14 
1.521205e-14 
1.521205e-14 
1.521205e-14 
1.521205e-14 
1.521205e-14 
1.521205e-14 
1.521205e-14 
1.521205e-14 
1.521205e-14 
1.521205e-14 
1.519108e-14 
1.519108e-14 
1.519108e-14 
1.430298e-14 
1.076701e-14 
1.007947e-14 
1.007947e-14 
1.007947e-14 
1.007947e-14 
8.892759e-15 
8.892759e-15 
8.160552e-15 
8.160552e-15 
8.160552e-15 
8.160552e-15 
8.160552e-15 
7.704676e-15 
7.704676e-15 
7.704676e-15 
7.704676e-15 
7.704676e-15 
7.704676e-15 
7.704676e-15 
7.545368e-15 
7.545368e-15 
6.802744e-15 
4.890751e-15 
4.890751e-15 
4.767603e-15 
4.767603e-15 
4.138567e-15 
3.517720e-15 
3.517720e-15 
3.517720e-15 
3.517720e-15 
3.517720e-15 
2.752795e-15 
1.791036e-15 
1.791036e-15 
1.791036e-15 
1.791036e-15 
1.131065e-15 
1.131065e-15 
1.131065e-15 
1.067550e-15 
1.067550e-15 
5.776012e-16 
5.776012e-16 
3.303621e-16 
3.303621e-16 
3.303621e-16 
3.303621e-16 
3.303621e-16 
3.303621e-16 
3.303621e-16 
3.303621e-16 
3.303621e-16 
3.303621e-16 
3.303621e-16 
2.914762e-16 
2.914762e-16 
2.914762e-16 
2.914762e-16 
2.562347e-16 
2.562347e-16 
2.562347e-16 
2.562347e-16 
2.562347e-16 
2.442905e-16 
2.442905e-16 
2.442905e-16 
1.635097e-16 
1.635097e-16 
1.431157e-16 
1.431157e-16 
1.431157e-16 
1.431157e-16 
1.431157e-16 
1.431157e-16 
1.431157e-16 
1.431157e-16 
1.431157e-16 
1.431157e-16 
1.431157e-16 
1.431157e-16 
1.431157e-16 
1.431157e-16 
1.431157e-16 
1.429857e-16 
1.429857e-16 
1.429857e-16 
1.429857e-16 
1.429857e-16 
1.429857e-16 
1.429857e-16 
1.429857e-16 
1.429857e-16 
1.429857e-16 
1.429857e-16 
1.429857e-16 
1.429857e-16 
1.429857e-16 
1.429857e-16 
9.333992e-17 
7.901849e-17 
7.901849e-17 
7.901849e-17 
7.901849e-17 
7.901849e-17 
7.901849e-17 
6.516387e-17 
6.516387e-17 
6.516387e-17 
6.516387e-17 
6.516387e-17 
6.516387e-17 
6.516387e-17 
6.516387e-17 
6.295575e-17 
6.295575e-17 
4.667735e-17 
4.667735e-17 
4.667735e-17 
4.667735e-17 
3.833872e-17 
3.833872e-17 
3.749142e-17 
3.749142e-17 
3.749142e-17 
3.749142e-17 
3.749142e-17 
3.749142e-17 
3.749142e-17 
3.749142e-17 
3.749142e-17 
3.656383e-17 
3.656383e-17 
3.656383e-17 
3.656383e-17 
3.656383e-17 
2.674049e-17 
2.674049e-17 
2.674049e-17 
2.674049e-17 
2.674049e-17 
2.674049e-17 
1.449694e-17 
1.449694e-17 
1.449694e-17 
1.449694e-17 
1.449694e-17 
1.449694e-17 
7.731623e-18 
7.731623e-18 
7.731623e-18 
7.731623e-18 
7.731623e-18 
7.731623e-18 
7.731623e-18 
7.731623e-18 
7.731623e-18 
7.731623e-18 
7.731623e-18 
7.731623e-18 
7.731623e-18 
7.731623e-18 
7.731623e-18 
7.731623e-18 
6.739107e-18 
5.211269e-18 
5.211269e-18 
5.211269e-18 
5.178520e-18 
5.178520e-18 
5.178520e-18 
5.178520e-18 
5.178520e-18 
5.178520e-18 
5.133315e-18 
5.133315e-18 
3.777276e-18 
3.777276e-18 
3.777276e-18 
3.777276e-18 
3.777276e-18 
3.777276e-18 
3.261564e-18 
3.261564e-18 
3.130462e-18 
3.130462e-18 
3.130462e-18 
3.130462e-18 
3.130462e-18 
2.673293e-18 
2.673293e-18 
2.463090e-18 
2.463090e-18 
2.463090e-18 
1.961642e-18 
1.961642e-18 
1.961642e-18 
1.961642e-18 
1.333657e-18 
1.333657e-18 
1.333657e-18 
1.333657e-18 
1.333259e-18 
1.333259e-18 
1.301789e-18 
9.530916e-19 
9.530916e-19 
9.530916e-19 
9.530916e-19 
9.530916e-19 
9.530916e-19 
9.530916e-19 
9.386657e-19 
9.386657e-19 
9.386657e-19 
9.386657e-19 
7.092632e-19 
7.092632e-19 
7.092632e-19 
7.092632e-19 
5.532815e-19 
5.532815e-19 
5.315601e-19 
5.315601e-19 
5.315601e-19 
5.315601e-19 
5.315601e-19 
5.315601e-19 
5.315601e-19 
5.315601e-19 
4.649526e-19 
3.597883e-19 
3.597883e-19 
3.597883e-19 
3.597883e-19 
3.597883e-19 
3.597883e-19 
3.597883e-19 
3.597883e-19 
3.089682e-19 
3.089682e-19 
2.953620e-19 
2.953620e-19 
2.953620e-19 
2.953620e-19 
2.953620e-19 
2.953620e-19 
2.846829e-19 
2.614226e-19 
2.614226e-19 
2.140746e-19 
2.140746e-19 
2.140746e-19 
2.140746e-19 
2.140746e-19 
2.140746e-19 
2.140746e-19 
2.140746e-19 
2.140746e-19 
2.140746e-19 
2.140746e-19 
2.140746e-19 
2.140746e-19 
2.140746e-19 
2.140746e-19 
2.140746e-19 
2.140746e-19 
2.140746e-19 
2.140746e-19 
2.140746e-19 
2.097565e-19 
2.097565e-19 
1.285954e-19 
1.285954e-19 
1.285954e-19 
9.371338e-20 
9.371338e-20 
9.371338e-20 
9.371338e-20 
9.371338e-20 
9.371338e-20 
8.765390e-20 
8.765390e-20 
8.765390e-20 
8.765390e-20 
8.765390e-20 
8.765390e-20 
6.172481e-20 
6.172481e-20 
6.172481e-20 
6.172481e-20 
4.498046e-20 
4.498046e-20 
4.498046e-20 
4.498046e-20 
4.498046e-20 
4.498046e-20 
4.498046e-20 
4.498046e-20 
4.498046e-20 
4.498046e-20 
4.340413e-20 
4.340413e-20 
4.340413e-20 
4.340413e-20 
4.340413e-20 
4.340413e-20 
4.340413e-20 
3.184160e-20 
3.184160e-20 
3.184160e-20 
3.184160e-20 
2.936168e-20 
2.936168e-20 
2.936168e-20 
2.936168e-20 
2.936168e-20 
2.936168e-20 
2.936168e-20 
2.936168e-20 
2.936168e-20 
2.936168e-20 
2.936168e-20 
2.936168e-20 
2.936168e-20 
2.015316e-20 
2.015316e-20 
2.015316e-20 
2.015316e-20 
2.015316e-20 
1.548677e-20 
1.548677e-20 
1.548677e-20 
1.548677e-20 
1.548677e-20 
1.311438e-20 
1.311438e-20 
1.295588e-20 
1.295588e-20 
1.199718e-20 
1.130168e-20 
1.130168e-20 
1.130168e-20 
1.130168e-20 
9.865424e-21 
9.865424e-21 
9.865424e-21 
8.448077e-21 
8.448077e-21 
8.448077e-21 
6.701362e-21 
6.701362e-21 
6.701362e-21 
3.548255e-21 
3.548255e-21 
3.548255e-21 
3.548255e-21 
2.678801e-21 
2.678801e-21 
2.463613e-21 
2.463613e-21 
2.463613e-21 
2.463613e-21 
2.463613e-21 
2.217442e-21 
2.217442e-21 
1.930606e-21 
1.930606e-21 
1.930606e-21 
1.930606e-21 
1.285916e-21 
1.285916e-21 
1.285916e-21 
1.285916e-21 
1.285916e-21 
1.285916e-21 
7.504258e-22 
7.504258e-22 
7.504258e-22 
7.504258e-22 
7.504258e-22 
6.527898e-22 
5.924035e-22 
5.924035e-22 
5.832753e-22 
5.832753e-22 
5.832753e-22 
5.397836e-22 
2.895868e-22 
2.719031e-22 
2.719031e-22 
2.719031e-22 
2.589349e-22 
2.589349e-22 
2.449421e-22 
2.449421e-22 
2.340435e-22 
2.340435e-22 
2.127534e-22 
2.127534e-22 
2.127534e-22 
2.127534e-22 
2.127534e-22 
2.127534e-22 
2.127534e-22 
1.587093e-22 
1.587093e-22 
5.747801e-23 
5.747801e-23 
5.747801e-23 
5.747801e-23 
5.747801e-23 
5.747801e-23 
5.747801e-23 
5.747801e-23 
5.747801e-23 
5.747801e-23 
4.548232e-23 
4.548232e-23 
4.548232e-23 
4.548232e-23 
4.126900e-23 
4.126900e-23 
3.792896e-23 
3.714319e-23 
3.714319e-23 
3.714319e-23 
3.440534e-23 
3.440534e-23 
3.440534e-23 
3.440534e-23 
3.300830e-23 
3.150283e-23 
3.149022e-23 
3.149022e-23 
3.076605e-23 
3.031991e-23 
3.014015e-23 
3.006819e-23 
2.902275e-23 
2.902275e-23 
2.588873e-23 
2.588873e-23 
2.493664e-23 
2.493664e-23 
2.114318e-23 
2.114318e-23 
2.114318e-23 
2.114318e-23 
2.102911e-23 
2.102911e-23 
2.102911e-23 
1.543041e-23 
1.543041e-23 
1.543041e-23 
1.285512e-23 
1.285512e-23 
1.185446e-23 
1.185446e-23 
1.185446e-23 
1.185446e-23 
1.061473e-23 
1.059392e-23 
1.059392e-23 
9.859602e-24 
9.859602e-24 
9.708564e-24 
9.708564e-24 
9.281862e-24 
9.072415e-24 
8.965684e-24 
8.908524e-24 
8.201409e-24 
5.812102e-24 
4.464996e-24 
3.032469e-24 
3.032469e-24 
2.629425e-24 
2.629425e-24 
1.946715e-24 
1.270127e-24 
1.270127e-24 
1.270127e-24 
1.270127e-24 
1.270127e-24 
1.270127e-24 
1.270127e-24 
1.036901e-24 
1.036901e-24 
1.036901e-24 
1.036901e-24 
9.707685e-25 
9.707685e-25 
9.707685e-25 
9.707685e-25 
9.707685e-25 
9.707685e-25 
9.707685e-25 
9.707685e-25 
9.707685e-25 
6.554031e-25 
6.554031e-25 
6.554031e-25 
6.438612e-25 
6.438612e-25 
6.438612e-25 
6.438612e-25 
6.065251e-25 
4.032948e-25 
4.032948e-25 
4.032948e-25 
4.032948e-25 
3.214511e-25 
3.214511e-25 
3.088905e-25 
3.088905e-25 
3.088905e-25 
3.088905e-25 
3.028813e-25 
3.028813e-25 
2.986162e-25 
2.986162e-25 
2.965144e-25 
2.965144e-25 
2.965144e-25 
2.965144e-25 
2.965144e-25 
2.965144e-25 
2.965144e-25 
2.341818e-25 
2.341818e-25 
2.195876e-25 
2.195876e-25 
2.195876e-25 
2.195876e-25 
2.195876e-25 
2.195876e-25 
2.150881e-25 
2.150881e-25 
2.150881e-25 
2.039588e-25 
1.860455e-25 
1.812531e-25 
1.231392e-25 
1.231392e-25 
8.026978e-26 
8.026978e-26 
7.775024e-26 
7.775024e-26 
7.775024e-26 
7.775024e-26 
7.775024e-26 
5.005653e-26 
5.005653e-26 
5.005653e-26 
4.528397e-26 
4.528397e-26 
4.528397e-26 
3.855688e-26 
3.855688e-26 
3.855688e-26 
3.855688e-26 
3.855688e-26 
3.855688e-26 
3.684796e-26 
3.684796e-26 
2.402165e-26 
2.201589e-26 
2.201589e-26 
1.846274e-26 
1.846274e-26 
1.846274e-26 
1.846274e-26 
1.846274e-26 
1.205286e-26 
1.205286e-26 
1.205286e-26 
1.205286e-26 
1.205286e-26 
1.050943e-26 
1.050943e-26 
1.050943e-26 
1.050943e-26 
1.050943e-26 
1.050943e-26 
9.608048e-27 
9.608048e-27 
9.608048e-27 
9.608048e-27 
9.608048e-27 
9.608048e-27 
9.608048e-27 
9.608048e-27 
9.608048e-27 
7.184171e-27 
7.184171e-27 
7.184171e-27 
7.184171e-27 
7.184171e-27 
7.184171e-27 
7.184171e-27 
6.807670e-27 
6.807670e-27 
6.144822e-27 
6.144822e-27 
6.144822e-27 
6.144822e-27 
6.144822e-27 
6.144822e-27 
5.825202e-27 
5.825202e-27 
5.542395e-27 
5.344680e-27 
5.344680e-27 
4.883138e-27 
3.905066e-27 
3.816548e-27 
3.522494e-27 
3.522494e-27 
3.421472e-27 
3.421472e-27 
3.226743e-27 
3.220813e-27 
3.220813e-27 
3.170683e-27 
2.752320e-27 
2.752320e-27 
2.752320e-27 
2.194915e-27 
2.194915e-27 
2.194915e-27 
1.858336e-27 
1.814144e-27 
1.767797e-27 
1.741541e-27 
1.741541e-27 
1.741541e-27 
1.490711e-27 
1.490711e-27 
1.482372e-27 
1.482372e-27 
1.482372e-27 
1.458714e-27 
1.458714e-27 
1.458714e-27 
1.440558e-27 
1.440558e-27 
1.440558e-27 
1.440558e-27 
1.440558e-27 
1.440558e-27 
1.440558e-27 
1.440558e-27 
1.440558e-27 
1.223102e-27 
1.223102e-27 
1.223102e-27 
1.009249e-27 
1.009249e-27 
9.745966e-28 
7.174107e-28 
7.174107e-28 
6.018250e-28 
6.018250e-28 
5.689135e-28 
5.689135e-28 
5.689135e-28 
5.486525e-28 
3.272543e-28 
3.272543e-28 
3.272543e-28 
2.530348e-28 
2.530348e-28 
2.530348e-28 
2.030148e-28 
2.030148e-28 
2.030148e-28 
2.030148e-28 
2.030148e-28 
2.030148e-28 
2.030148e-28 
2.030148e-28 
2.030148e-28 
1.574473e-28 
1.541147e-28 
1.541147e-28 
1.244812e-28 
1.067217e-28 
1.014337e-28 
1.004052e-28 
1.004052e-28 
1.004052e-28 
9.034798e-29 
7.460484e-29 
5.958778e-29 
5.565700e-29 
5.565700e-29 
5.565700e-29 
5.565700e-29 
5.565700e-29 
5.565700e-29 
5.565700e-29 
5.328960e-29 
5.328960e-29 
5.227478e-29 
3.072605e-29 
3.072605e-29 
3.072605e-29 
3.072605e-29 
3.072605e-29 
3.072605e-29 
3.072605e-29 
3.072605e-29 
3.072605e-29 
3.072605e-29 
2.686697e-29 
2.686697e-29 
2.686697e-29 
2.686697e-29 
2.686697e-29 
1.794267e-29 
1.794267e-29 
1.794267e-29 
1.794267e-29 
1.794267e-29 
1.794267e-29 
1.794267e-29 
1.794267e-29 
1.480664e-29 
1.480664e-29 
1.480664e-29 
1.480664e-29 
1.480664e-29 
1.480664e-29 
1.465489e-29 
1.449278e-29 
1.146445e-29 
9.100718e-30 
9.100718e-30 
5.502873e-30 
5.502873e-30 
5.502873e-30 
5.502873e-30 
5.502873e-30 
4.990494e-30 
4.990494e-30 
4.539477e-30 
3.977596e-30 
2.723709e-30 
2.723709e-30 
2.723709e-30 
2.721200e-30 
2.721200e-30 
2.721200e-30 
2.591310e-30 
2.591310e-30 
2.465196e-30 
2.465196e-30 
2.465196e-30 
2.455942e-30 
2.455942e-30 
2.453365e-30 
2.445377e-30 
2.445377e-30 
2.428483e-30 
2.428483e-30 
1.938565e-30 
1.876602e-30 
1.876602e-30 
1.489394e-30 
1.489394e-30 
1.489394e-30 
1.489394e-30 
1.408275e-30 
1.408275e-30 
1.386306e-30 
1.315743e-30 
1.315743e-30 
5.811657e-31 
5.811657e-31 
5.811657e-31 
5.811657e-31 
5.811657e-31 
5.811657e-31 
4.836064e-31 
4.719098e-31 
4.719098e-31 
4.719098e-31 
4.719098e-31 
4.719098e-31 
4.719098e-31 
4.719098e-31 
3.672920e-31 
3.672920e-31 
3.672920e-31 
3.672920e-31 
3.672920e-31 
3.672920e-31 
3.672920e-31 
2.951469e-31 
2.951469e-31 
2.951469e-31 
2.951469e-31 
2.474718e-31 
2.474718e-31 
2.474718e-31 
1.738165e-31 
1.636766e-31 
1.636766e-31 
1.636766e-31 
1.185390e-31 
1.185390e-31 
1.185390e-31 
1.185390e-31 
1.014283e-31 
1.014283e-31 
9.800794e-32 
9.800794e-32 
9.353196e-32 
9.353196e-32 
9.286774e-32 
9.286774e-32 
9.286774e-32 
9.286774e-32 
9.286774e-32 
9.286774e-32 
9.286774e-32 
9.286774e-32 
9.286774e-32 
9.286774e-32 
9.286774e-32 
7.906158e-32 
7.906158e-32 
7.343736e-32 
7.343736e-32 
7.343736e-32 
7.207592e-32 
7.207592e-32 
7.207592e-32 
7.207592e-32 
7.207592e-32 
7.207592e-32 
6.301072e-32 
6.301072e-32 
5.136287e-32 
5.136287e-32 
5.068607e-32 
5.068607e-32 
3.673659e-32 
1.473352e-32 
1.473352e-32 
1.473352e-32 
1.473352e-32 
1.473352e-32 
1.473352e-32 
1.473352e-32 
1.473352e-32 
1.473352e-32 
1.061369e-32 
1.061369e-32 
1.061369e-32 
1.061369e-32 
1.061369e-32 
1.061369e-32 
1.061369e-32 
1.061369e-32 
1.061369e-32 
1.061369e-32 
1.061369e-32 
1.061369e-32 
6.805101e-33 
6.805101e-33 
6.805101e-33 
6.805101e-33 
6.805101e-33 
5.358831e-33 
2.874280e-33 
2.874280e-33 
2.836053e-33 
2.498787e-33 
2.498787e-33 
1.849360e-33 
1.849360e-33 
1.290378e-33 
1.290378e-33 
1.290378e-33 
1.103132e-33 
1.103132e-33 
1.005623e-33 
1.005623e-33 
1.005623e-33 
1.005623e-33 
1.005623e-33 
1.005623e-33 
9.677572e-34 
9.677572e-34 
9.449110e-34 
8.862035e-34 
8.645015e-34 
6.301590e-34 
6.301590e-34 
4.427395e-34 
4.427395e-34 
4.427395e-34 
4.427395e-34 
4.427395e-34 
3.070617e-34 
3.070617e-34 
3.070617e-34 
3.070617e-34 
3.070617e-34 
3.070617e-34 
3.070617e-34 
3.070617e-34 
2.626155e-34 
2.626155e-34 
2.626155e-34 
2.626155e-34 
2.228210e-34 
2.228210e-34 
2.228210e-34 
2.228210e-34 
2.228210e-34 
1.989683e-34 
1.547162e-34 
1.368685e-34 
1.368685e-34 
1.368685e-34 
1.354555e-34 
1.301405e-34 
1.301405e-34 
1.301405e-34 
6.698751e-35 
6.698751e-35 
6.698751e-35 
6.698751e-35 
6.698751e-35 
6.698751e-35 
6.698751e-35 
6.698751e-35 
6.698751e-35 
4.384185e-35 
4.384185e-35 
4.384185e-35 
4.199766e-35 
2.548556e-35 
2.548556e-35 
2.548556e-35 
2.192522e-35 
2.192522e-35 
2.039583e-35 
1.098924e-35 
1.098924e-35 
9.901607e-36 
9.747132e-36 
8.828772e-36 
7.383370e-36 
6.227993e-36 
4.347437e-36 
4.347437e-36 
2.537324e-36 
2.537324e-36 
2.537324e-36 
2.537324e-36 
1.910119e-36 
1.910119e-36 
1.248946e-36 
1.248946e-36 
1.248946e-36 
1.248946e-36 
9.996898e-37 
9.996898e-37 
8.442109e-37 
8.442109e-37 
8.442109e-37 
8.442109e-37 
6.268337e-37 
3.889834e-37 
3.889834e-37 
3.889834e-37 
3.889834e-37 
3.889834e-37 
3.889834e-37 
3.889834e-37 
3.889834e-37 
3.889834e-37 
3.889834e-37 
3.889834e-37 
3.889834e-37 
3.889834e-37 
3.889834e-37 
3.889834e-37 
3.889834e-37 
3.887185e-37 
3.096998e-37 
3.096998e-37 
3.096998e-37 
1.031038e-37 
1.031038e-37 
1.031038e-37 
1.031038e-37 
1.031038e-37 
1.031038e-37 
1.031038e-37 
1.031038e-37 
9.390352e-38 
9.390352e-38 
9.390352e-38 
9.390352e-38 
9.390352e-38 
9.390352e-38 
9.390352e-38 
9.390352e-38 
9.390352e-38 
5.963528e-38 
4.943176e-38 
4.943176e-38 
4.943176e-38 
3.810109e-38 
3.810109e-38 
3.810109e-38 
3.396778e-38 
2.899748e-38 
2.899748e-38 
2.087608e-38 
2.087608e-38 
2.087608e-38 
2.087608e-38 
2.087608e-38 
1.808621e-38 
1.808621e-38 
1.333036e-38 
1.333036e-38 
1.333036e-38 
1.333036e-38 
1.333036e-38 
1.333036e-38 
1.333036e-38 
1.333036e-38 
1.333036e-38 
1.333036e-38 
1.333036e-38 
1.333036e-38 
1.333036e-38 
1.333036e-38 
1.333036e-38 
1.316642e-38 
1.316642e-38 
1.316642e-38 
1.316642e-38 
1.316642e-38 
1.239755e-38 
1.239755e-38 
1.179425e-38 
1.179425e-38 
8.518420e-39 
8.518420e-39 
8.518420e-39 
8.518420e-39 
8.518420e-39 
8.518420e-39 
7.976259e-39 
6.520886e-39 
6.520886e-39 
5.830050e-39 
5.558817e-39 
5.558817e-39 
5.558817e-39 
5.007030e-39 
5.007030e-39 
5.007030e-39 
4.740091e-39 
4.740091e-39 
4.740091e-39 
4.607540e-39 
4.266887e-39 
4.039167e-39 
3.313892e-39 
3.107110e-39 
3.107110e-39 
3.107110e-39 
1.543265e-39 
1.543265e-39 
1.543265e-39 
1.543265e-39 
1.543265e-39 
1.543265e-39 
1.543265e-39 
1.543265e-39 
1.543265e-39 
1.543265e-39 
1.543265e-39 
1.288358e-39 
1.288358e-39 
1.288358e-39 
1.288358e-39 
1.288358e-39 
1.288358e-39 
9.463027e-40 
9.463027e-40 
9.463027e-40 
6.354997e-40 
4.010179e-40 
4.010179e-40 
3.736281e-40 
3.736281e-40 
3.300843e-40 
3.300843e-40 
3.300843e-40 
3.300843e-40 
3.300843e-40 
3.300843e-40 
3.121110e-40 
3.121110e-40 
2.696865e-40 
2.696865e-40 
2.533825e-40 
2.533825e-40 
1.654907e-40 
1.654907e-40 
1.654907e-40 
1.654907e-40 
1.654907e-40 
8.403894e-41 
8.403894e-41 
7.332726e-41 
7.332726e-41 
7.332726e-41 
6.460311e-41 
6.460311e-41 
4.795132e-41 
3.864089e-41 
3.864089e-41 
3.864089e-41 
3.532047e-41 
3.532047e-41 
3.532047e-41 
3.532047e-41 
3.532047e-41 
3.532047e-41 
2.442863e-41 
2.442863e-41 
2.442863e-41 
1.721077e-41 
1.721077e-41 
1.721077e-41 
1.721077e-41 
1.239639e-41 
1.239639e-41 
1.239639e-41 
1.239639e-41 
1.239639e-41 
1.239639e-41 
1.126201e-41 
1.126201e-41 
1.113139e-41 
1.113139e-41 
1.113139e-41 
7.916561e-42 
6.533075e-42 
6.533075e-42 
6.533075e-42 
6.533075e-42 
4.728137e-42 
4.728137e-42 
4.728137e-42 
3.956116e-42 
3.956116e-42 
3.956116e-42 
3.178598e-42 
3.178598e-42 
3.178598e-42 
3.178598e-42 
3.178598e-42 
3.102664e-42 
3.102664e-42 
2.759630e-42 
2.759630e-42 
1.711987e-42 
1.711987e-42 
1.711987e-42 
1.711987e-42 
1.711987e-42 
1.711987e-42 
1.450860e-42 
1.450860e-42 
1.450860e-42 
1.003873e-42 
1.003873e-42 
9.397335e-43 
9.397335e-43 
9.397335e-43 
9.284522e-43 
9.284522e-43 
8.994872e-43 
8.994872e-43 
6.779592e-43 
6.779592e-43 
6.779592e-43 
5.610322e-43 
4.986660e-43 
4.722282e-43 
4.603203e-43 
2.659704e-43 
2.659704e-43 
2.279956e-43 
2.279956e-43 
2.199965e-43 
1.981478e-43 
1.981478e-43 
1.567268e-43 
1.567268e-43 
1.567268e-43 
1.567268e-43 
1.249971e-43 
1.249971e-43 
1.249971e-43 
1.109992e-43 
7.268222e-44 
7.190249e-44 
7.190249e-44 
7.190249e-44 
7.190249e-44 
7.190249e-44 
7.190249e-44 
7.190249e-44 
7.190249e-44 
7.190249e-44 
5.604645e-44 
4.625537e-44 
4.322091e-44 
1.402022e-44 
1.402022e-44 
1.402022e-44 
1.402022e-44 
1.402022e-44 
1.058220e-44 
1.058220e-44 
8.987819e-45 
8.987819e-45 
7.785282e-45 
7.785282e-45 
5.931089e-45 
5.931089e-45 
5.931089e-45 
5.747632e-45 
5.747632e-45 
5.747632e-45 
5.747632e-45 
5.747632e-45 
5.747632e-45 
5.747632e-45 
5.679712e-45 
5.679712e-45 
5.679712e-45 
5.679712e-45 
3.596078e-45 
3.596078e-45 
3.386152e-45 
3.386152e-45 
2.059163e-45 
2.059163e-45 
2.059163e-45 
1.854720e-45 
1.555616e-45 
1.555616e-45 
1.555616e-45 
1.358658e-45 
1.358658e-45 
1.358658e-45 
9.798729e-46 
9.798729e-46 
9.798729e-46 
9.798729e-46 
7.063952e-46 
6.745720e-46 
6.745720e-46 
6.745720e-46 
6.552955e-46 
6.552955e-46 
6.552955e-46 
6.552955e-46 
6.552955e-46 
6.552955e-46 
6.055682e-46 
4.693290e-46 
2.697848e-46 
2.697848e-46 
2.697848e-46 
2.697848e-46 
2.697848e-46 
2.697848e-46 
2.697848e-46 
2.000063e-46 
2.000063e-46 
2.000063e-46 
1.582071e-46 
1.247128e-46 
1.247128e-46 
1.247128e-46 
9.502831e-47 
9.502831e-47 
8.513035e-47 
8.235775e-47 
8.235775e-47 
7.057543e-47 
5.895810e-47 
5.895810e-47 
5.895810e-47 
5.895810e-47 
5.895810e-47 
5.895810e-47 
5.895810e-47 
4.240744e-47 
4.240744e-47 
4.240744e-47 
4.238786e-47 
4.238786e-47 
3.622917e-47 
2.592346e-47 
2.194257e-47 
2.053068e-47 
1.593260e-47 
1.593260e-47 
1.593260e-47 
1.593260e-47 
1.593260e-47 
1.323736e-47 
1.323736e-47 
1.323736e-47 
1.323736e-47 
1.309418e-47 
1.309418e-47 
1.309418e-47 
1.309418e-47 
1.002972e-47 
1.002972e-47 
7.957073e-48 
4.518641e-48 
4.518641e-48 
4.518641e-48 
4.518641e-48 
4.518641e-48 
4.518641e-48 
4.518641e-48 
4.518641e-48 
4.518641e-48 
4.518641e-48 
4.518641e-48 
4.518641e-48 
4.518641e-48 
4.040386e-48 
4.040386e-48 
4.040386e-48 
4.020039e-48 
3.701853e-48 
2.582741e-48 
2.582741e-48 
2.258164e-48 
2.258164e-48 
2.258164e-48 
1.720568e-48 
1.229052e-48 
1.229052e-48 
1.035527e-48 
1.035527e-48 
1.035527e-48 
1.035527e-48 
1.035527e-48 
4.939785e-49 
4.939785e-49 
4.939785e-49 
4.939785e-49 
4.939785e-49 
4.939785e-49 
4.939785e-49 
4.939785e-49 
3.601679e-49 
3.601679e-49 
3.601679e-49 
3.601679e-49 
2.361040e-49 
2.361040e-49 
2.361040e-49 
2.361040e-49 
2.361040e-49 
2.361040e-49 
2.361040e-49 
2.361040e-49 
2.361040e-49 
2.361040e-49 
2.062878e-49 
2.009268e-49 
2.009268e-49 
2.009268e-49 
1.969433e-49 
1.212883e-49 
1.212883e-49 
1.212883e-49 
1.016146e-49 
1.016146e-49 
1.016146e-49 
7.220865e-50 
7.220865e-50 
6.203372e-50 
6.203372e-50 
6.203372e-50 
6.193113e-50 
6.193113e-50 
5.522185e-50 
5.522185e-50 
5.115318e-50 
5.115318e-50 
5.115318e-50 
3.715462e-50 
3.715462e-50 
3.715462e-50 
3.715462e-50 
3.715462e-50 
3.132055e-50 
2.101375e-50 
1.966911e-50 
1.966911e-50 
1.966911e-50 
1.794340e-50 
1.794340e-50 
1.794340e-50 
1.794340e-50 
1.794340e-50 
1.794340e-50 
1.794340e-50 
1.794340e-50 
1.794340e-50 
1.344260e-50 
1.344260e-50 
1.344260e-50 
1.344260e-50 
9.319709e-51 
9.319709e-51 
9.319709e-51 
6.560928e-51 
6.560928e-51 
4.920182e-51 
4.920182e-51 
4.920182e-51 
4.920182e-51 
4.920182e-51 
4.920182e-51 
4.920182e-51 
4.920182e-51 
4.920182e-51 
4.781556e-51 
4.781556e-51 
2.431018e-51 
2.431018e-51 
2.431018e-51 
2.431018e-51 
2.431018e-51 
2.431018e-51 
2.431018e-51 
2.431018e-51 
2.431018e-51 
2.431018e-51 
2.431018e-51 
1.821300e-51 
1.821300e-51 
1.821300e-51 
1.821300e-51 
1.821300e-51 
1.821300e-51 
1.821300e-51 
1.821300e-51 
1.482243e-51 
1.482243e-51 
1.482243e-51 
1.482243e-51 
1.403107e-51 
1.403107e-51 
1.403107e-51 
7.793589e-52 
7.793589e-52 
7.793589e-52 
5.718502e-52 
4.608226e-52 
4.064407e-52 
4.064407e-52 
3.645899e-52 
3.465063e-52 
3.465063e-52 
3.278579e-52 
3.128123e-52 
3.128123e-52 
3.128123e-52 
2.771684e-52 
2.771684e-52 
2.771684e-52 
2.370334e-52 
2.172357e-52 
2.128907e-52 
2.128907e-52 
2.128907e-52 
1.953245e-52 
1.449572e-52 
1.449572e-52 
1.449572e-52 
1.422415e-52 
1.387621e-52 
1.180059e-52 
1.030811e-52 
1.030811e-52 
1.018391e-52 
1.018391e-52 
5.775017e-53 
5.775017e-53 
4.290836e-53 
4.290836e-53 
3.113154e-53 
3.113154e-53 
3.113154e-53 
3.113154e-53 
1.369166e-53 
1.026383e-53 
1.026383e-53 
1.026383e-53 
1.026383e-53 
1.026383e-53 
9.722633e-54 
9.719127e-54 
6.585095e-54 
6.585095e-54 
6.585095e-54 
6.585095e-54 
6.188621e-54 
6.188621e-54 
5.685846e-54 
5.685846e-54 
5.685846e-54 
5.520704e-54 
5.212998e-54 
4.497782e-54 
4.497782e-54 
4.497782e-54 
3.641781e-54 
3.641781e-54 
3.127650e-54 
3.127650e-54 
3.127650e-54 
3.127650e-54 
3.127650e-54 
3.127650e-54 
3.127650e-54 
3.127650e-54 
1.662555e-54 
1.662555e-54 
1.662555e-54 
1.590426e-54 
1.590426e-54 
1.590426e-54 
1.590426e-54 
1.568137e-54 
1.238149e-54 
1.238149e-54 
1.238149e-54 
7.073670e-55 
7.073670e-55 
7.073670e-55 
6.154260e-55 
6.154260e-55 
4.172469e-55 
4.172469e-55 
4.172469e-55 
4.172469e-55 
4.172469e-55 
3.780994e-55 
3.780994e-55 
3.780994e-55 
3.780994e-55 
3.780994e-55 
3.502705e-55 
1.560776e-55 
1.560776e-55 
1.560776e-55 
1.253125e-55 
1.042264e-55 
1.042264e-55 
7.035941e-56 
6.972243e-56 
6.972243e-56 
6.810943e-56 
6.810943e-56 
6.558960e-56 
6.558960e-56 
6.558960e-56 
6.558960e-56 
6.558960e-56 
5.774712e-56 
5.275069e-56 
4.715048e-56 
4.715048e-56 
3.902156e-56 
3.902156e-56 
3.778505e-56 
3.778505e-56 
2.979986e-56 
2.979986e-56 
2.979986e-56 
2.979986e-56 
1.730251e-56 
1.730251e-56 
1.730251e-56 
1.730251e-56 
1.730251e-56 
1.730251e-56 
1.643933e-56 
1.643933e-56 
1.643933e-56 
9.912642e-57 
9.912642e-57 
9.912642e-57 
8.341496e-57 
8.341496e-57 
7.496516e-57 
4.641278e-57 
4.641278e-57 
4.641278e-57 
4.641278e-57 
4.641278e-57 
4.641278e-57 
3.372255e-57 
3.372255e-57 
2.750915e-57 
2.750915e-57 
2.750915e-57 
2.696012e-57 
1.099435e-57 
1.099435e-57 
1.099435e-57 
9.604794e-58 
9.604794e-58 
8.691775e-58 
8.691775e-58 
6.231110e-58 
6.231110e-58 
4.389852e-58 
4.389852e-58 
4.389852e-58 
4.389852e-58 
4.389852e-58 
4.389852e-58 
3.864923e-58 
3.772389e-58 
3.772389e-58 
3.772389e-58 
2.827309e-58 
2.827309e-58 
2.827309e-58 
1.739456e-58 
1.493701e-58 
1.004540e-58 
1.004540e-58 
1.004540e-58 
1.004540e-58 
6.318534e-59 
6.318534e-59 
5.481631e-59 
5.481631e-59 
5.481631e-59 
5.481631e-59 
5.481631e-59 
4.313949e-59 
4.313949e-59 
4.313949e-59 
3.795566e-59 
2.873808e-59 
2.603549e-59 
2.534502e-59 
2.523513e-59 
2.160260e-59 
1.911390e-59 
1.369347e-59 
1.369347e-59 
1.369347e-59 
9.169869e-60 
8.616537e-60 
8.616537e-60 
8.616537e-60 
8.616537e-60 
8.616537e-60 
5.161069e-60 
5.161069e-60 
5.161069e-60 
5.161069e-60 
5.161069e-60 
5.161069e-60 
5.161069e-60 
5.161069e-60 
5.161069e-60 
5.161069e-60 
4.002388e-60 
4.002388e-60 
4.002388e-60 
4.002388e-60 
2.781315e-60 
2.781315e-60 
2.781315e-60 
2.123619e-60 
2.123619e-60 
2.123619e-60 
2.123619e-60 
2.123619e-60 
2.123619e-60 
1.338304e-60 
1.338304e-60 
1.338304e-60 
1.338304e-60 
1.009958e-60 
1.009958e-60 
1.009958e-60 
1.009958e-60 
8.177661e-61 
6.713769e-61 
6.713769e-61 
6.713769e-61 
6.713769e-61 
6.713769e-61 
5.828179e-61 
5.828179e-61 
5.734518e-61 
5.734518e-61 
4.692422e-61 
4.692422e-61 
4.420509e-61 
4.218580e-61 
4.137764e-61 
4.137764e-61 
4.103109e-61 
4.103109e-61 
2.835046e-61 
2.835046e-61 
2.835046e-61 
2.190859e-61 
2.190859e-61 
2.190859e-61 
1.760594e-61 
1.760594e-61 
1.760594e-61 
1.632311e-61 
1.632311e-61 
1.225757e-61 
1.225757e-61 
1.225757e-61 
1.225757e-61 
1.225757e-61 
8.850375e-62 
8.850375e-62 
8.850375e-62 
8.850375e-62 
7.652548e-62 
7.652548e-62 
6.147910e-62 
4.975174e-62 
4.975174e-62 
4.907181e-62 
4.907181e-62 
4.907181e-62 
3.074919e-62 
3.074919e-62 
3.074919e-62 
3.074919e-62 
3.074919e-62 
3.074919e-62 
2.882200e-62 
2.882200e-62 
2.882200e-62 
2.882200e-62 
2.882200e-62 
2.882200e-62 
2.882200e-62 
2.882200e-62 
1.847480e-62 
1.847480e-62 
1.847480e-62 
1.543090e-62 
1.543090e-62 
1.543090e-62 
1.543090e-62 
1.364878e-62 
1.104233e-62 
1.104233e-62 
1.104233e-62 
8.555445e-63 
8.555445e-63 
8.555445e-63 
8.555445e-63 
5.656713e-63 
5.656713e-63 
5.656713e-63 
5.656713e-63 
5.656713e-63 
4.451872e-63 
4.418363e-63 
4.418363e-63 
4.418363e-63 
4.418363e-63 
4.011449e-63 
4.011449e-63 
4.011449e-63 
4.011449e-63 
1.525976e-63 
1.465582e-63 
1.465582e-63 
1.465582e-63 
1.242601e-63 
8.424385e-64 
8.424385e-64 
8.424385e-64 
5.401168e-64 
5.401168e-64 
5.401168e-64 
5.401168e-64 
3.859792e-64 
3.859792e-64 
3.859792e-64 
3.859792e-64 
3.859792e-64 
3.607088e-64 
2.974670e-64 
2.974670e-64 
2.974670e-64 
2.798766e-64 
1.857795e-64 
1.666996e-64 
1.666996e-64 
1.666996e-64 
1.417006e-64 
1.417006e-64 
1.222578e-64 
9.284125e-65 
7.093921e-65 
7.093921e-65 
6.177695e-65 
6.026942e-65 
5.985564e-65 
5.985564e-65 
5.881389e-65 
5.881389e-65 
4.702154e-65 
3.863499e-65 
2.211198e-65 
2.211198e-65 
2.211198e-65 
1.502882e-65 
1.502882e-65 
1.502882e-65 
1.502882e-65 
9.820945e-66 
9.820945e-66 
9.820945e-66 
9.820945e-66 
5.617138e-66 
5.617138e-66 
5.617138e-66 
5.617138e-66 
5.617138e-66 
5.617138e-66 
5.617138e-66 
4.579676e-66 
4.579676e-66 
4.579676e-66 
3.703853e-66 
3.703853e-66 
3.703853e-66 
3.703853e-66 
3.703853e-66 
3.703853e-66 
3.548321e-66 
3.548321e-66 
3.548321e-66 
3.352271e-66 
2.950719e-66 
2.811797e-66 
8.243746e-67 
8.243746e-67 
7.723643e-67 
7.723643e-67 
7.723643e-67 
7.021294e-67 
7.021294e-67 
7.021294e-67 
2.917509e-67 
2.917509e-67 
2.917509e-67 
2.917509e-67 
2.917509e-67 
1.756302e-67 
1.756302e-67 
1.756302e-67 
1.756302e-67 
1.594093e-67 
1.524754e-67 
1.403136e-67 
1.403136e-67 
1.271893e-67 
1.271893e-67 
8.567323e-68 
8.567323e-68 
4.326251e-68 
4.326251e-68 
4.326251e-68 
4.326251e-68 
4.326251e-68 
4.326251e-68 
4.326251e-68 
4.326251e-68 
4.326251e-68 
3.919390e-68 
3.603785e-68 
3.603785e-68 
3.603785e-68 
3.525499e-68 
3.454305e-68 
2.928757e-68 
2.125210e-68 
2.125210e-68 
1.482106e-68 
1.482106e-68 
1.482106e-68 
1.128017e-68 
1.115541e-68 
1.115541e-68 
1.115541e-68 
7.491015e-69 
4.788660e-69 
4.788660e-69 
4.467897e-69 
2.104482e-69 
1.465134e-69 
1.465134e-69 
1.465134e-69 
1.465134e-69 
1.465134e-69 
1.302867e-69 
1.302867e-69 
1.302867e-69 
1.298813e-69 
1.298813e-69 
1.298813e-69 
1.105009e-69 
1.044366e-69 
1.044366e-69 
1.006871e-69 
7.867479e-70 
7.867479e-70 
7.867479e-70 
7.867479e-70 
7.867479e-70 
6.100496e-70 
3.089306e-70 
2.844405e-70 
2.254389e-70 
2.254389e-70 
2.254389e-70 
2.095849e-70 
1.555375e-70 
1.478335e-70 
1.318467e-70 
1.318467e-70 
1.318467e-70 
1.318467e-70 
1.130958e-70 
1.130958e-70 
1.130958e-70 
1.130958e-70 
1.130958e-70 
1.130958e-70 
9.826992e-71 
7.157386e-71 
7.157386e-71 
7.157386e-71 
7.157386e-71 
7.157386e-71 
7.105684e-71 
7.105684e-71 
3.823782e-71 
3.823782e-71 
3.356743e-71 
3.356743e-71 
3.356743e-71 
3.209767e-71 
3.209767e-71 
3.209767e-71 
3.195539e-71 
3.195539e-71 
3.195539e-71 
3.072380e-71 
3.072380e-71 
3.008477e-71 
2.236201e-71 
2.236201e-71 
2.236201e-71 
2.167930e-71 
2.167930e-71 
2.167930e-71 
1.565718e-71 
1.465131e-71 
1.347230e-71 
9.539464e-72 
9.539464e-72 
9.539464e-72 
9.539464e-72 
7.353381e-72 
4.314668e-72 
4.314668e-72 
4.314668e-72 
3.693672e-72 
3.009169e-72 
3.009169e-72 
2.840236e-72 
2.785855e-72 
2.544322e-72 
2.544322e-72 
1.943545e-72 
1.812102e-72 
1.812102e-72 
1.812102e-72 
1.812102e-72 
1.733958e-72 
1.693517e-72 
1.440511e-72 
1.440511e-72 
1.409482e-72 
1.409482e-72 
1.395062e-72 
1.208432e-72 
1.208432e-72 
1.208432e-72 
8.827898e-73 
5.757484e-73 
5.757484e-73 
5.757484e-73 
4.632441e-73 
4.632441e-73 
2.997506e-73 
2.407201e-73 
2.407201e-73 
2.407201e-73 
2.018086e-73 
2.018086e-73 
1.907824e-73 
1.907824e-73 
1.907824e-73 
1.868025e-73 
1.815116e-73 
1.815116e-73 
1.815116e-73 
1.815116e-73 
1.527693e-73 
1.527693e-73 
1.191450e-73 
1.191450e-73 
1.191450e-73 
9.165598e-74 
9.165598e-74 
9.165598e-74 
9.165598e-74 
8.079417e-74 
7.278704e-74 
7.150830e-74 
7.150830e-74 
7.150830e-74 
7.150830e-74 
5.816039e-74 
5.816039e-74 
3.810143e-74 
1.585099e-74 
9.027437e-75 
7.752607e-75 
7.752607e-75 
7.752607e-75 
5.371752e-75 
4.220541e-75 
4.080502e-75 
4.080502e-75 
3.784388e-75 
3.784388e-75 
3.784388e-75 
3.645388e-75 
3.645388e-75 
3.444508e-75 
3.444508e-75 
3.444508e-75 
3.444508e-75 
2.449207e-75 
1.857578e-75 
1.461983e-75 
1.333217e-75 
1.333217e-75 
1.333217e-75 
1.023075e-75 
8.201719e-76 
8.201719e-76 
6.725936e-76 
5.471052e-76 
5.471052e-76 
4.293634e-76 
4.293634e-76 
4.293634e-76 
3.507468e-76 
3.507468e-76 
3.507468e-76 
3.507468e-76 
3.507468e-76 
3.507468e-76 
2.578987e-76 
2.578987e-76 
1.283935e-76 
1.283935e-76 
1.283935e-76 
1.162363e-76 
6.730689e-77 
6.730689e-77 
6.357029e-77 
6.357029e-77 
6.357029e-77 
6.357029e-77 
6.357029e-77 
6.357029e-77 
5.243063e-77 
5.243063e-77 
2.247888e-77 
2.247888e-77 
2.247888e-77 
2.247888e-77 
2.247888e-77 
2.247888e-77 
2.247888e-77 
2.222984e-77 
1.889760e-77 
1.348229e-77 
1.348229e-77 
9.959444e-78 
9.959444e-78 
9.322887e-78 
8.299199e-78 
8.299199e-78 
5.122767e-78 
4.519826e-78 
2.913747e-78 
2.817981e-78 
2.817981e-78 
2.731973e-78 
2.731973e-78 
2.731973e-78 
2.339754e-78 
2.233200e-78 
2.233200e-78 
2.233200e-78 
1.952505e-78 
1.215776e-78 
1.215776e-78 
1.215776e-78 
1.052342e-78 
1.052342e-78 
9.929663e-79 
9.545817e-79 
7.648869e-79 
5.865045e-79 
5.865045e-79 
3.504920e-79 
3.504920e-79 
1.211464e-79 
1.211464e-79 
1.211464e-79 
1.211464e-79 
1.211464e-79 
1.211464e-79 
1.211464e-79 
1.211464e-79 
1.211464e-79 
1.211464e-79 
1.086211e-79 
1.086211e-79 
7.095790e-80 
7.095790e-80 
5.132432e-80 
5.132432e-80 
5.132432e-80 
5.132432e-80 
3.264145e-80 
3.264145e-80 
3.264145e-80 
3.264145e-80 
2.988862e-80 
2.880918e-80 
2.880918e-80 
2.880918e-80 
2.327462e-80 
2.327462e-80 
2.327462e-80 
2.250537e-80 
1.980623e-80 
1.914411e-80 
1.404407e-80 
1.165726e-80 
1.165726e-80 
9.563088e-81 
9.563088e-81 
9.563088e-81 
7.291686e-81 
6.900125e-81 
6.900125e-81 
5.754415e-81 
5.593343e-81 
5.593343e-81 
2.237517e-81 
2.237517e-81 
2.237517e-81 
2.237517e-81 
2.237517e-81 
2.237517e-81 
2.237517e-81 
2.237517e-81 
1.361130e-81 
1.361130e-81 
1.361130e-81 
1.361130e-81 
1.361130e-81 
1.281144e-81 
1.192010e-81 
7.563135e-82 
7.563135e-82 
7.563135e-82 
5.505214e-82 
5.505214e-82 
5.505214e-82 
4.627589e-82 
3.381417e-82 
1.695706e-82 
1.695706e-82 
1.695706e-82 
1.695706e-82 
1.651106e-82 
1.651106e-82 
1.651106e-82 
1.430657e-82 
1.272354e-82 
1.272354e-82 
1.272354e-82 
6.244230e-83 
6.244230e-83 
6.244230e-83 
6.244230e-83 
6.244230e-83 
3.480747e-83 
3.480747e-83 
2.967183e-83 
2.756500e-83 
2.756500e-83 
2.217685e-83 
2.217685e-83 
2.217685e-83 
9.979016e-84 
9.979016e-84 
9.979016e-84 
6.499910e-84 
6.499910e-84 
6.499910e-84 
4.605788e-84 
4.605788e-84 
4.605788e-84 
4.605788e-84 
4.605788e-84 
4.605788e-84 
4.605788e-84 
4.126446e-84 
4.126446e-84 
4.023458e-84 
3.944485e-84 
3.944485e-84 
3.944485e-84 
2.808024e-84 
2.808024e-84 
2.808024e-84 
2.477229e-84 
2.286525e-84 
1.844731e-84 
1.844731e-84 
1.844731e-84 
1.844731e-84 
1.770897e-84 
1.352288e-84 
1.352288e-84 
1.008297e-84 
1.008297e-84 
7.429348e-85 
7.429348e-85 
5.924446e-85 
5.924446e-85 
5.924446e-85 
5.924446e-85 
5.904841e-85 
4.534009e-85 
3.311877e-85 
3.311877e-85 
3.311877e-85 
3.311877e-85 
1.693647e-85 
1.693647e-85 
1.693647e-85 
1.693647e-85 
1.693647e-85 
1.229068e-85 
1.229068e-85 
1.229068e-85 
1.229068e-85 
1.229068e-85 
1.229068e-85 
1.229068e-85 
1.182518e-85 
1.139633e-85 
1.131512e-85 
1.131512e-85 
6.950158e-86 
6.950158e-86 
6.950158e-86 
6.950158e-86 
6.206498e-86 
6.206498e-86 
5.356475e-86 
5.356475e-86 
5.097598e-86 
5.097598e-86 
4.563586e-86 
4.192853e-86 
4.043775e-86 
2.753173e-86 
2.403525e-86 
2.403525e-86 
2.403525e-86 
2.204135e-86 
2.204135e-86 
2.148666e-86 
1.847415e-86 
1.847415e-86 
1.673737e-86 
1.673737e-86 
1.673737e-86 
1.354966e-86 
1.167078e-86 
1.167078e-86 
1.167078e-86 
8.401988e-87 
8.401988e-87 
6.299379e-87 
6.299379e-87 
5.599774e-87 
5.599774e-87 
5.411151e-87 
5.411151e-87 
4.943257e-87 
4.943257e-87 
4.251644e-87 
3.431784e-87 
2.661744e-87 
2.591795e-87 
2.591795e-87 
2.434549e-87 
1.846536e-87 
1.289933e-87 
1.289933e-87 
1.289933e-87 
1.289933e-87 
1.043271e-87 
1.043271e-87 
7.701592e-88 
7.701592e-88 
7.701592e-88 
7.701592e-88 
7.701592e-88 
2.225575e-88 
2.225575e-88 
2.225575e-88 
2.225575e-88 
1.776254e-88 
1.707898e-88 
1.707898e-88 
1.388009e-88 
8.699376e-89 
8.520283e-89 
8.520283e-89 
8.520283e-89 
8.520283e-89 
8.449708e-89 
7.143143e-89 
1.750298e-89 
5.876363e-90 
5.876363e-90 
5.876363e-90 
5.876363e-90 
5.876363e-90 
5.876363e-90 
5.876363e-90 
5.876363e-90 
5.876363e-90 
5.876363e-90 
5.876363e-90 
5.876363e-90 
5.876363e-90 
5.876363e-90 
5.239251e-90 
5.239251e-90 
5.239251e-90 
4.803194e-90 
4.803194e-90 
2.423121e-90 
1.958329e-90 
1.958329e-90 
1.958329e-90 
1.728898e-90 
1.728898e-90 
1.484354e-90 
1.484354e-90 
1.484354e-90 
1.316419e-90 
1.142729e-90 
1.142729e-90 
1.142729e-90 
1.142729e-90 
1.142729e-90 
6.577113e-91 
6.577113e-91 
5.854847e-91 
3.581203e-91 
3.581203e-91 
3.581203e-91 
2.082564e-91 
2.082564e-91 
2.082564e-91 
1.692818e-91 
1.562957e-91 
1.562957e-91 
1.562957e-91 
1.545209e-91 
1.545209e-91 
1.545209e-91 
9.949303e-92 
8.161485e-92 
8.161485e-92 
4.931457e-92 
4.931457e-92 
4.931457e-92 
4.699320e-92 
4.699320e-92 
4.699320e-92 
1.300229e-92 
1.300229e-92 
1.300229e-92 
1.300229e-92 
1.300229e-92 
1.118522e-92 
1.118522e-92 
1.118522e-92 
1.118522e-92 
1.118522e-92 
1.118522e-92 
1.118522e-92 
1.118522e-92 
1.083525e-92 
1.083525e-92 
9.660661e-93 
9.660661e-93 
9.660661e-93 
6.960289e-93 
6.960289e-93 
6.960289e-93 
6.960289e-93 
2.675164e-93 
2.675164e-93 
2.675164e-93 
2.675164e-93 
2.675164e-93 
2.633160e-93 
2.430145e-93 
2.427434e-93 
1.705139e-93 
1.565918e-93 
8.594200e-94 
8.106285e-94 
8.106285e-94 
7.508089e-94 
7.245097e-94 
7.245097e-94 
7.132026e-94 
7.132026e-94 
7.132026e-94 
7.023593e-94 
6.382981e-94 
5.555197e-94 
5.297058e-94 
5.297058e-94 
2.532472e-94 
2.161314e-94 
2.161314e-94 
2.161314e-94 
2.161314e-94 
2.029798e-94 
2.029798e-94 
2.029798e-94 
1.423085e-94 
1.202725e-94 
1.067005e-94 
8.965010e-95 
8.965010e-95 
8.965010e-95 
8.965010e-95 
8.253796e-95 
7.901774e-95 
6.544583e-95 
4.350944e-95 
4.350944e-95 
4.350944e-95 
4.181256e-95 
4.181256e-95 
3.881649e-95 
2.339736e-95 
2.339736e-95 
2.280519e-95 
2.280519e-95 
2.244324e-95 
1.551885e-95 
1.310698e-95 
1.058098e-95 
1.058098e-95 
1.058098e-95 
8.651692e-96 
5.970701e-96 
5.970701e-96 
5.970701e-96 
5.778379e-96 
5.778379e-96 
5.778379e-96 
4.954314e-96 
4.954314e-96 
4.491432e-96 
3.852192e-96 
3.294960e-96 
3.294960e-96 
2.663348e-96 
2.609850e-96 
2.219589e-96 
1.998671e-96 
1.986179e-96 
1.986179e-96 
1.986179e-96 
1.533579e-96 
9.402820e-97 
9.402820e-97 
9.402820e-97 
9.402820e-97 
9.402820e-97 
9.402820e-97 
5.560261e-97 
5.560261e-97 
4.624099e-97 
4.624099e-97 
4.624099e-97 
4.624099e-97 
2.711027e-97 
2.711027e-97 
1.851759e-97 
1.851759e-97 
1.312717e-97 
1.312717e-97 
1.312717e-97 
1.019901e-97 
5.368901e-98 
5.368901e-98 
5.368901e-98 
5.368901e-98 
5.368901e-98 
5.368901e-98 
5.368901e-98 
4.640396e-98 
4.640396e-98 
4.640396e-98 
4.640396e-98 
4.314125e-98 
3.499188e-98 
3.411705e-98 
3.411705e-98 
3.235736e-98 
3.235736e-98 
2.676131e-98 
2.605002e-98 
2.605002e-98 
2.596797e-98 
2.408469e-98 
2.104309e-98 
2.104309e-98 
1.725728e-98 
1.653666e-98 
1.372497e-98 
1.372497e-98 
1.284184e-98 
1.284184e-98 
1.284184e-98 
8.431027e-99 
5.193568e-99 
5.193568e-99 
2.730303e-99 
2.730303e-99 
2.730303e-99 
2.730303e-99 
2.730303e-99 
2.147270e-99 
2.147270e-99 
1.755227e-99 
1.755227e-99 
1.755227e-99 
1.755227e-99 
1.755227e-99 
1.755227e-99 
1.755227e-99 
1.148394e-99 
1.047297e-99 
1.047297e-99 
9.526658e-100 
9.358778e-100 
9.358778e-100 
9.358778e-100 
7.909722e-100 
7.909722e-100 
5.041605e-100 
5.041605e-100 
5.041605e-100 
5.041605e-100 
4.392020e-100 
4.342497e-100 
4.342497e-100 
4.301827e-100 
4.301827e-100 
4.283916e-100 
2.346765e-100 
1.722287e-100 
1.697463e-100 
1.103277e-100 
1.103277e-100 
1.103277e-100 
8.454203e-101 
7.409384e-101 
7.409384e-101 
6.358175e-101 
6.358175e-101 
6.358175e-101 
6.053817e-101 
5.728112e-101 
3.242674e-101 
3.232580e-101 
3.232580e-101 
2.795737e-101 
2.795737e-101 
2.795737e-101 
2.283192e-101 
1.367174e-101 
1.064859e-101 
1.064859e-101 
1.064859e-101 
6.678358e-102 
5.102576e-102 
5.102576e-102 
5.102576e-102 
4.453949e-102 
4.194003e-102 
4.194003e-102 
4.194003e-102 
4.194003e-102 
4.194003e-102 
3.924590e-102 
3.924590e-102 
3.060882e-102 
1.789261e-102 
1.789261e-102 
1.386688e-102 
1.386688e-102 
1.208353e-102 
1.173346e-102 
9.659518e-103 
7.418770e-103 
6.687778e-103 
6.159587e-103 
6.159587e-103 
6.159587e-103 
6.159587e-103 
6.159587e-103 
6.062828e-103 
5.056442e-103 
4.664134e-103 
3.939100e-103 
3.881060e-103 
3.660533e-103 
3.572928e-103 
3.428194e-103 
3.346303e-103 
2.465864e-103 
2.056872e-103 
2.032937e-103 
1.982009e-103 
1.790315e-103 
1.741685e-103 
1.425028e-103 
1.410800e-103 
1.400957e-103 
1.263587e-103 
3.595668e-104 
3.595668e-104 
3.595668e-104 
3.595668e-104 
3.595668e-104 
3.478291e-104 
3.478291e-104 
3.478291e-104 
3.478291e-104 
2.855010e-104 
2.855010e-104 
1.790439e-104 
1.790439e-104 
1.790439e-104 
1.062721e-104 
1.062721e-104 
1.056165e-104 
1.056165e-104 
5.524867e-105 
5.524867e-105 
5.524867e-105 
4.089923e-105 
4.089923e-105 
4.089923e-105 
4.089923e-105 
2.454078e-105 
1.120519e-105 
1.120519e-105 
1.120519e-105 
1.120519e-105 
8.487257e-106 
8.487257e-106 
8.487257e-106 
7.913569e-106 
7.913569e-106 
6.632410e-106 
6.632410e-106 
6.632410e-106 
6.134527e-106 
3.068130e-106 
2.883887e-106 
2.860930e-106 
2.860930e-106 
2.860930e-106 
2.131478e-106 
2.131478e-106 
2.131478e-106 
2.099522e-106 
2.099522e-106 
2.099522e-106 
2.099522e-106 
2.078566e-106 
2.078566e-106 
1.902774e-106 
1.902774e-106 
1.902774e-106 
1.902774e-106 
1.595343e-106 
1.530710e-106 
9.070307e-107 
6.434031e-107 
5.838597e-107 
5.838597e-107 
5.781714e-107 
5.506018e-107 
5.236745e-107 
5.078584e-107 
4.427527e-107 
2.324625e-107 
2.324625e-107 
1.788618e-107 
1.788618e-107 
1.788618e-107 
1.337132e-107 
1.121312e-107 
8.921843e-108 
8.921843e-108 
4.923076e-108 
4.923076e-108 
4.607003e-108 
4.306856e-108 
4.306856e-108 
4.306856e-108 
4.089314e-108 
4.089314e-108 
2.760996e-108 
2.731985e-108 
2.295874e-108 
2.295874e-108 
1.283955e-108 
1.283955e-108 
1.201601e-108 
8.120369e-109 
8.120369e-109 
7.312940e-109 
7.312940e-109 
5.654808e-109 
5.654808e-109 
4.395357e-109 
2.886817e-109 
2.886817e-109 
2.886817e-109 
2.515527e-109 
1.867845e-109 
1.867845e-109 
1.867845e-109 
8.541235e-110 
7.134304e-110 
7.134304e-110 
7.134304e-110 
6.718939e-110 
6.234137e-110 
6.075396e-110 
6.018020e-110 
5.994978e-110 
5.984835e-110 
4.816614e-110 
4.816614e-110 
4.816614e-110 
1.994130e-110 
1.722427e-110 
1.722427e-110 
1.584816e-110 
1.584816e-110 
1.213893e-110 
1.213893e-110 
1.213893e-110 
1.213893e-110 
7.867679e-111 
7.867679e-111 
3.875243e-111 
3.875243e-111 
3.875243e-111 
2.441574e-111 
2.441574e-111 
2.441574e-111 
2.216455e-111 
1.572816e-111 
1.572816e-111 
1.235119e-111 
1.235119e-111 
1.235119e-111 
1.235119e-111 
1.044154e-111 
9.520487e-112 
7.587240e-112 
4.873635e-112 
4.873635e-112 
4.873635e-112 
4.776480e-112 
4.776480e-112 
4.688131e-112 
4.688131e-112 
3.767044e-112 
3.767044e-112 
3.525825e-112 
2.233757e-112 
2.233757e-112 
2.233757e-112 
2.233757e-112 
1.634405e-112 
1.634405e-112 
1.634405e-112 
1.634405e-112 
1.634405e-112 
1.272332e-112 
1.272332e-112 
1.272332e-112 
1.272332e-112 
8.854921e-113 
5.549796e-113 
4.865997e-113 
4.865997e-113 
4.865997e-113 
4.865997e-113 
4.865997e-113 
4.865997e-113 
3.252716e-113 
2.732032e-113 
2.174976e-113 
1.589396e-113 
1.439753e-113 
1.203771e-113 
9.026412e-114 
9.026412e-114 
7.719082e-114 
7.719082e-114 
7.719082e-114 
5.270889e-114 
5.270889e-114 
5.270889e-114 
5.021677e-114 
4.839585e-114 
4.764451e-114 
4.730706e-114 
4.714644e-114 
4.706723e-114 
4.702739e-114 
4.219967e-114 
4.219967e-114 
3.306949e-114 
2.738910e-114 
2.450718e-114 
2.450718e-114 
2.450718e-114 
2.171688e-114 
1.809054e-114 
1.809054e-114 
1.513453e-114 
1.513453e-114 
1.447415e-114 
1.447415e-114 
1.447415e-114 
1.059707e-114 
1.059707e-114 
1.059707e-114 
7.509780e-115 
7.509780e-115 
7.509780e-115 
7.509780e-115 
7.509780e-115 
4.713734e-115 
4.713734e-115 
3.537186e-115 
2.771763e-115 
2.771763e-115 
2.771763e-115 
1.436997e-115 
1.436997e-115 
1.436997e-115 
8.741845e-116 
8.741845e-116 
7.201796e-116 
7.201796e-116 
5.096267e-116 
4.386204e-116 
4.386204e-116 
3.746988e-116 
3.746988e-116 
3.746988e-116 
3.746988e-116 
3.333895e-116 
2.593161e-116 
2.402271e-116 
2.402271e-116 
2.402271e-116 
2.402271e-116 
2.066735e-116 
1.970743e-116 
1.787515e-116 
1.787515e-116 
1.787515e-116 
1.513948e-116 
1.390642e-116 
1.284913e-116 
1.267247e-116 
1.267247e-116 
1.011281e-116 
9.163667e-117 
5.744611e-117 
5.596449e-117 
5.596449e-117 
3.636400e-117 
3.636400e-117 
3.130305e-117 
2.600681e-117 
2.507052e-117 
1.648322e-117 
1.648322e-117 
1.648322e-117 
1.648322e-117 
1.428369e-117 
1.428369e-117 
1.406111e-117 
1.406111e-117 
1.223740e-117 
1.223740e-117 
1.067432e-117 
1.067432e-117 
9.730013e-118 
8.811243e-118 
8.811243e-118 
8.811243e-118 
7.182571e-118 
7.182571e-118 
7.182571e-118 
4.249293e-118 
2.988013e-118 
2.673374e-118 
2.673374e-118 
2.673374e-118 
2.673374e-118 
2.673374e-118 
2.673374e-118 
2.673374e-118 
2.290994e-118 
1.900692e-118 
1.900692e-118 
1.740990e-118 
1.740990e-118 
1.740990e-118 
1.740990e-118 
1.740990e-118 
1.585991e-118 
1.585991e-118 
1.347760e-118 
9.627289e-119 
9.627289e-119 
9.627289e-119 
9.094695e-119 
9.094695e-119 
8.711486e-119 
3.088694e-119 
3.088694e-119 
3.088694e-119 
1.854080e-119 
8.921636e-120 
8.126793e-120 
8.126793e-120 
8.126793e-120 
8.126793e-120 
8.126793e-120 
6.444013e-120 
4.699146e-120 
4.699146e-120 
4.699146e-120 
4.699146e-120 
4.674574e-120 
4.674574e-120 
4.199318e-120 
3.728758e-120 
3.728758e-120 
2.142950e-120 
2.142950e-120 
1.982998e-120 
1.982998e-120 
1.982998e-120 
1.982998e-120 
1.579831e-120 
1.579831e-120 
1.549839e-120 
1.418580e-120 
6.896209e-121 
6.896209e-121 
6.896209e-121 
6.896209e-121 
4.468017e-121 
4.260289e-121 
4.260289e-121 
3.000265e-121 
3.000265e-121 
3.000265e-121 
2.315625e-121 
2.315625e-121 
2.315625e-121 
2.315625e-121 
1.773050e-121 
1.773050e-121 
1.465863e-121 
1.465863e-121 
1.045562e-121 
9.478143e-122 
9.478143e-122 
9.478143e-122 
8.702125e-122 
8.453330e-122 
8.453330e-122 
8.364229e-122 
8.343430e-122 
5.307464e-122 
5.307464e-122 
4.775313e-122 
4.221347e-122 
4.221347e-122 
4.221347e-122 
3.513191e-122 
3.499231e-122 
3.499231e-122 
3.122689e-122 
2.927226e-122 
2.927226e-122 
1.874483e-122 
1.874483e-122 
1.544340e-122 
1.368778e-122 
1.368778e-122 
1.368778e-122 
7.240811e-123 
7.240811e-123 
7.240811e-123 
5.080508e-123 
5.080508e-123 
5.080508e-123 
5.080508e-123 
5.080508e-123 
3.792651e-123 
3.792651e-123 
3.792651e-123 
3.116201e-123 
3.116201e-123 
3.033886e-123 
3.033886e-123 
2.434774e-123 
1.749494e-123 
1.513358e-123 
1.513358e-123 
1.491029e-123 
1.491029e-123 
1.046406e-123 
9.806130e-124 
9.806130e-124 
7.851300e-124 
7.851300e-124 
7.763047e-124 
7.763047e-124 
6.944814e-124 
5.228366e-124 
4.762449e-124 
4.762449e-124 
2.592652e-124 
2.310465e-124 
1.773532e-124 
1.773532e-124 
1.773532e-124 
1.773532e-124 
1.773532e-124 
1.335298e-124 
1.183354e-124 
1.183354e-124 
9.740570e-125 
7.409692e-125 
7.409692e-125 
7.409692e-125 
5.346729e-125 
4.506378e-125 
4.471966e-125 
4.311071e-125 
3.469062e-125 
3.469062e-125 
3.305276e-125 
3.060117e-125 
3.060117e-125 
3.060117e-125 
2.347085e-125 
2.295995e-125 
2.295995e-125 
1.761755e-125 
1.761755e-125 
1.761755e-125 
1.485540e-125 
1.485540e-125 
1.485540e-125 
1.378095e-125 
1.109364e-125 
1.109364e-125 
1.077816e-125 
8.651829e-126 
6.653357e-126 
6.653357e-126 
5.762321e-126 
5.762321e-126 
5.582760e-126 
5.567545e-126 
2.870250e-126 
2.870250e-126 
2.870250e-126 
2.524968e-126 
2.524968e-126 
2.524968e-126 
1.852251e-126 
1.852251e-126 
1.714245e-126 
1.714245e-126 
1.639460e-126 
1.639460e-126 
1.477122e-126 
1.438537e-126 
7.950933e-127 
7.950933e-127 
5.438737e-127 
3.645367e-127 
3.645367e-127 
3.645367e-127 
2.201285e-127 
2.201285e-127 
2.201285e-127 
2.201285e-127 
2.201285e-127 
1.972137e-127 
1.972137e-127 
1.424122e-127 
1.424122e-127 
1.379668e-127 
1.217962e-127 
1.217962e-127 
1.217962e-127 
1.158964e-127 
1.114208e-127 
9.556251e-128 
9.556251e-128 
9.556251e-128 
9.556251e-128 
2.859702e-128 
2.859702e-128 
2.685889e-128 
2.685889e-128 
2.685889e-128 
2.685889e-128 
2.685889e-128 
2.685889e-128 
2.685889e-128 
2.685889e-128 
1.953116e-128 
1.953116e-128 
1.788736e-128 
1.788736e-128 
1.372827e-128 
1.372827e-128 
1.372827e-128 
1.047843e-128 
1.047843e-128 
1.047843e-128 
1.047843e-128 
1.028098e-128 
1.028098e-128 
1.028098e-128 
7.349395e-129 
7.349395e-129 
7.349395e-129 
4.426760e-129 
4.426760e-129 
4.066837e-129 
3.357208e-129 
2.451838e-129 
1.762898e-129 
1.535011e-129 
1.535011e-129 
1.411668e-129 
1.411668e-129 
1.186131e-129 
1.186131e-129 
8.820240e-130 
7.695065e-130 
7.695065e-130 
4.824302e-130 
3.898989e-130 
3.898989e-130 
3.898989e-130 
3.172319e-130 
3.104905e-130 
3.104905e-130 
3.077604e-130 
2.990568e-130 
2.522683e-130 
1.962682e-130 
1.962682e-130 
1.962682e-130 
1.325739e-130 
1.325739e-130 
1.325739e-130 
1.194292e-130 
1.194292e-130 
1.194292e-130 
6.489679e-131 
3.394799e-131 
3.394799e-131 
3.394799e-131 
3.394799e-131 
3.394799e-131 
3.394799e-131 
2.195191e-131 
1.259029e-131 
1.259029e-131 
1.259029e-131 
1.259029e-131 
1.259029e-131 
1.259029e-131 
1.125534e-131 
1.123761e-131 
8.938939e-132 
8.938939e-132 
8.938939e-132 
6.664629e-132 
6.379879e-132 
6.344589e-132 
6.344589e-132 
2.956928e-132 
1.566077e-132 
1.340473e-132 
1.340473e-132 
1.288044e-132 
1.288044e-132 
6.487255e-133 
6.487255e-133 
6.487255e-133 
6.311720e-133 
4.032744e-133 
3.616699e-133 
3.112031e-133 
1.880860e-133 
1.857977e-133 
1.857977e-133 
1.750159e-133 
1.295256e-133 
1.295256e-133 
1.295256e-133 
1.295256e-133 
1.146727e-133 
1.067707e-133 
1.067707e-133 
1.062562e-133 
1.024666e-133 
1.024666e-133 
5.013625e-134 
4.884426e-134 
4.884426e-134 
4.304804e-134 
4.304804e-134 
4.161079e-134 
4.161079e-134 
4.006835e-134 
4.006835e-134 
3.771770e-134 
3.771770e-134 
3.771770e-134 
3.036000e-134 
2.912933e-134 
2.912933e-134 
2.912933e-134 
2.843431e-134 
2.843431e-134 
2.843431e-134 
2.460311e-134 
2.101573e-134 
1.156208e-134 
1.156208e-134 
1.089208e-134 
7.798081e-135 
7.798081e-135 
6.373114e-135 
6.373114e-135 
3.994088e-135 
3.994088e-135 
3.994088e-135 
3.994088e-135 
3.346960e-135 
3.346960e-135 
2.747128e-135 
2.634726e-135 
2.634726e-135 
2.360531e-135 
2.263417e-135 
2.263417e-135 
2.225237e-135 
1.388998e-135 
1.388998e-135 
1.388998e-135 
8.470197e-136 
8.470197e-136 
8.470197e-136 
8.470197e-136 
8.470197e-136 
6.017367e-136 
4.655475e-136 
4.655475e-136 
4.655475e-136 
4.655475e-136 
4.655475e-136 
4.648469e-136 
4.648469e-136 
4.648469e-136 
4.364781e-136 
3.850313e-136 
3.340720e-136 
2.929011e-136 
2.289918e-136 
2.289918e-136 
2.277563e-136 
2.167009e-136 
1.728700e-136 
1.728700e-136 
1.728700e-136 
1.117697e-136 
1.028620e-136 
9.448278e-137 
9.448278e-137 
7.710399e-137 
5.094417e-137 
5.094417e-137 
5.094417e-137 
3.363036e-137 
9.610350e-138 
9.610350e-138 
9.610350e-138 
9.610350e-138 
9.610350e-138 
9.610350e-138 
8.302808e-138 
8.302808e-138 
8.219710e-138 
7.332375e-138 
6.551578e-138 
6.545231e-138 
5.055103e-138 
4.759490e-138 
4.759490e-138 
3.328428e-138 
3.055889e-138 
1.973056e-138 
1.973056e-138 
1.973056e-138 
1.611062e-138 
1.150950e-138 
9.669965e-139 
9.669965e-139 
9.669965e-139 
9.669965e-139 
9.201173e-139 
9.201173e-139 
7.167568e-139 
6.161562e-139 
3.187877e-139 
3.187877e-139 
3.187877e-139 
3.187877e-139 
3.187877e-139 
3.187877e-139 
3.187877e-139 
2.510768e-139 
2.510768e-139 
2.510768e-139 
2.510768e-139 
2.510768e-139 
2.510768e-139 
1.750424e-139 
1.750424e-139 
1.750424e-139 
1.276280e-139 
1.265450e-139 
8.732195e-140 
8.732195e-140 
8.732195e-140 
8.732195e-140 
8.732195e-140 
8.494563e-140 
7.664185e-140 
6.639733e-140 
6.639733e-140 
6.639733e-140 
6.639733e-140 
3.025835e-140 
2.922399e-140 
2.922399e-140 
2.452105e-140 
1.668936e-140 
1.668936e-140 
1.668936e-140 
1.668936e-140 
1.668936e-140 
1.668936e-140 
1.242321e-140 
1.188212e-140 
1.096939e-140 
1.096939e-140 
7.751114e-141 
7.632500e-141 
7.632500e-141 
7.427269e-141 
5.827133e-141 
5.827133e-141 
5.827133e-141 
5.827133e-141 
5.827133e-141 
2.991677e-141 
2.980526e-141 
2.980526e-141 
2.980526e-141 
2.837564e-141 
2.796619e-141 
2.726042e-141 
2.663382e-141 
2.358030e-141 
2.358030e-141 
1.741378e-141 
1.655509e-141 
1.655509e-141 
1.322463e-141 
1.223805e-141 
1.015414e-141 
9.886007e-142 
9.886007e-142 
9.544947e-142 
9.544947e-142 
9.538863e-142 
9.480973e-142 
7.534708e-142 
7.534708e-142 
7.534708e-142 
7.534708e-142 
7.154799e-142 
5.590691e-142 
3.709249e-142 
3.709249e-142 
3.709249e-142 
3.709249e-142 
3.709249e-142 
2.214860e-142 
1.714808e-142 
1.371798e-142 
1.039541e-142 
8.025319e-143 
8.025319e-143 
7.079916e-143 
7.079916e-143 
6.405735e-143 
6.405735e-143 
6.405735e-143 
4.725462e-143 
4.725462e-143 
4.725462e-143 
4.686565e-143 
4.686565e-143 
4.652046e-143 
3.876375e-143 
2.937174e-143 
2.937174e-143 
2.342678e-143 
2.342678e-143 
1.637959e-143 
1.637959e-143 
1.637959e-143 
1.637959e-143 
1.046300e-143 
8.647794e-144 
8.647794e-144 
8.183067e-144 
8.183067e-144 
2.954262e-144 
2.954262e-144 
2.535101e-144 
2.305924e-144 
1.972741e-144 
1.334124e-144 
1.334124e-144 
1.313419e-144 
1.057736e-144 
1.016905e-144 
1.016905e-144 
8.233542e-145 
8.233542e-145 
8.110818e-145 
6.264478e-145 
4.490157e-145 
4.490157e-145 
4.402931e-145 
4.402931e-145 
3.104155e-145 
3.104155e-145 
2.800021e-145 
2.800021e-145 
2.800021e-145 
2.508706e-145 
1.904487e-145 
1.668134e-145 
1.668134e-145 
1.572344e-145 
1.304493e-145 
1.304493e-145 
1.304493e-145 
1.304493e-145 
1.304493e-145 
1.304493e-145 
3.414344e-146 
3.086740e-146 
3.086740e-146 
1.938569e-146 
1.938569e-146 
1.938569e-146 
1.938569e-146 
1.502586e-146 
1.502586e-146 
1.411886e-146 
1.411886e-146 
1.411886e-146 
8.200983e-147 
5.908321e-147 
5.908321e-147 
4.501040e-147 
4.501040e-147 
4.501040e-147 
4.501040e-147 
3.947653e-147 
3.160840e-147 
2.628620e-147 
2.628620e-147 
2.581980e-147 
1.910418e-147 
1.029096e-147 
1.029096e-147 
8.382780e-148 
8.382780e-148 
7.430624e-148 
7.430624e-148 
7.430624e-148 
6.266229e-148 
5.270510e-148 
4.422067e-148 
4.422067e-148 
4.182551e-148 
4.182551e-148 
1.553000e-148 
1.553000e-148 
1.553000e-148 
1.035059e-148 
1.035059e-148 
1.026347e-148 
1.026347e-148 
9.850934e-149 
7.656564e-149 
7.565786e-149 
7.565786e-149 
7.393848e-149 
7.393848e-149 
7.393848e-149 
7.393848e-149 
6.858373e-149 
5.120797e-149 
5.055152e-149 
5.055152e-149 
3.602232e-149 
3.602232e-149 
3.602232e-149 
2.899004e-149 
2.813617e-149 
2.813617e-149 
2.109147e-149 
2.109147e-149 
2.109147e-149 
2.109147e-149 
1.917433e-149 
1.549315e-149 
1.549315e-149 
1.527220e-149 
1.527220e-149 
8.226322e-150 
5.537696e-150 
5.537696e-150 
5.537696e-150 
5.537696e-150 
5.505115e-150 
4.736218e-150 
4.053295e-150 
4.053295e-150 
3.520583e-150 
2.654344e-150 
1.373514e-150 
1.272692e-150 
4.585243e-151 
4.585243e-151 
4.585243e-151 
4.585243e-151 
4.585243e-151 
3.406108e-151 
3.406108e-151 
3.406108e-151 
3.406108e-151 
3.406108e-151 
3.406108e-151 
1.493461e-151 
1.493461e-151 
1.277223e-151 
1.277223e-151 
1.000207e-151 
1.000207e-151 
1.000207e-151 
1.000207e-151 
7.425905e-152 
6.253926e-152 
2.516408e-152 
1.611099e-152 
1.484916e-152 
1.476787e-152 
1.476787e-152 
1.410845e-152 
1.410845e-152 
8.398768e-153 
8.398768e-153 
8.380541e-153 
8.380541e-153 
6.060386e-153 
6.060386e-153 
4.579715e-153 
4.579715e-153 
3.220647e-153 
3.220647e-153 
2.930939e-153 
2.930939e-153 
2.930939e-153 
2.419644e-153 
2.419644e-153 
2.419644e-153 
2.021693e-153 
1.265842e-153 
1.265842e-153 
1.265842e-153 
1.265842e-153 
1.265842e-153 
1.063204e-153 
9.879485e-154 
9.879485e-154 
9.677609e-154 
9.677609e-154 
7.873975e-154 
7.145516e-154 
5.354212e-154 
3.777806e-154 
3.691842e-154 
3.402748e-154 
3.212732e-154 
3.212732e-154 
2.016678e-154 
1.507136e-154 
1.507136e-154 
1.507136e-154 
1.507136e-154 
1.369643e-154 
1.369643e-154 
1.305775e-154 
7.840748e-155 
7.840748e-155 
7.820033e-155 
7.820033e-155 
6.891001e-155 
6.832543e-155 
5.846499e-155 
5.846499e-155 
5.846499e-155 
5.846499e-155 
4.088132e-155 
4.088132e-155 
3.709487e-155 
1.805457e-155 
1.805457e-155 
1.805457e-155 
1.805457e-155 
1.709893e-155 
1.433991e-155 
1.433991e-155 
9.918770e-156 
9.918770e-156 
9.918770e-156 
9.918770e-156 
8.265836e-156 
8.265836e-156 
8.265836e-156 
7.291392e-156 
5.983832e-156 
4.724725e-156 
4.185516e-156 
4.185516e-156 
4.185516e-156 
3.721180e-156 
3.721180e-156 
2.726278e-156 
2.370159e-156 
1.912422e-156 
1.912422e-156 
1.860841e-156 
1.395290e-156 
7.961051e-157 
7.961051e-157 
7.961051e-157 
7.961051e-157 
7.961051e-157 
7.961051e-157 
7.961051e-157 
6.694031e-157 
5.830900e-157 
5.830900e-157 
5.830900e-157 
5.092167e-157 
4.166764e-157 
3.833313e-157 
3.833313e-157 
1.832104e-157 
1.539601e-157 
1.137550e-157 
5.782577e-158 
4.424797e-158 
3.756877e-158 
3.756877e-158 
3.756877e-158 
3.641478e-158 
3.154695e-158 
2.964514e-158 
2.964514e-158 
2.964514e-158 
2.897186e-158 
2.854114e-158 
2.241882e-158 
1.678228e-158 
1.678228e-158 
1.678228e-158 
1.399222e-158 
1.113110e-158 
1.113110e-158 
1.025043e-158 
4.698180e-159 
4.698180e-159 
4.698180e-159 
3.955260e-159 
3.489723e-159 
3.249272e-159 
3.249272e-159 
2.605540e-159 
2.605540e-159 
2.155638e-159 
2.035069e-159 
1.854983e-159 
1.854983e-159 
1.854983e-159 
1.854983e-159 
1.609941e-159 
1.609941e-159 
1.609941e-159 
1.253422e-159 
1.253422e-159 
9.931822e-160 
6.627020e-160 
5.379539e-160 
4.676466e-160 
3.638832e-160 
3.638832e-160 
2.356003e-160 
2.356003e-160 
2.356003e-160 
2.356003e-160 
2.264531e-160 
1.667274e-160 
1.667274e-160 
1.375947e-160 
1.230871e-160 
1.230871e-160 
1.120715e-160 
9.752005e-161 
9.566677e-161 
9.566677e-161 
9.566677e-161 
5.624079e-161 
4.003995e-161 
4.003995e-161 
4.003995e-161 
3.362666e-161 
3.362666e-161 
2.008342e-161 
2.008342e-161 
2.008342e-161 
1.389584e-161 
1.389584e-161 
1.389584e-161 
1.057309e-161 
1.057309e-161 
1.008162e-161 
6.102348e-162 
6.102348e-162 
5.799045e-162 
5.799045e-162 
5.624387e-162 
3.990046e-162 
3.990046e-162 
3.990046e-162 
2.874952e-162 
2.874952e-162 
2.837139e-162 
2.837139e-162 
2.837139e-162 
2.060588e-162 
2.060588e-162 
2.060588e-162 
2.002077e-162 
2.002077e-162 
2.002077e-162 
1.892974e-162 
1.892974e-162 
1.892974e-162 
1.337189e-162 
7.974530e-163 
7.900200e-163 
6.365911e-163 
6.365911e-163 
6.365911e-163 
6.194858e-163 
3.943840e-163 
3.943840e-163 
3.901335e-163 
1.423224e-163 
1.423224e-163 
1.423224e-163 
1.423224e-163 
1.205436e-163 
1.205436e-163 
1.205436e-163 
1.155558e-163 
8.298017e-164 
6.417487e-164 
4.810248e-164 
4.810248e-164 
4.810248e-164 
4.810248e-164 
4.198454e-164 
3.406888e-164 
2.525738e-164 
2.525738e-164 
2.525738e-164 
2.525738e-164 
2.525738e-164 
2.525738e-164 
2.426770e-164 
2.289728e-164 
1.844849e-164 
1.692312e-164 
1.327298e-164 
1.327298e-164 
9.082632e-165 
7.429439e-165 
6.911633e-165 
2.050150e-165 
2.050150e-165 
2.050150e-165 
2.050150e-165 
2.050150e-165 
1.508003e-165 
1.508003e-165 
1.508003e-165 
1.028363e-165 
9.798460e-166 
8.101776e-166 
8.101776e-166 
8.087227e-166 
8.087227e-166 
5.589869e-166 
5.165943e-166 
5.151577e-166 
5.151577e-166 
5.040315e-166 
4.075997e-166 
3.687298e-166 
3.650220e-166 
2.197899e-166 
1.081296e-166 
1.081296e-166 
1.081296e-166 
1.081296e-166 
6.188058e-167 
6.188058e-167 
6.188058e-167 
3.884689e-167 
3.884689e-167 
3.884689e-167 
3.734227e-167 
3.533723e-167 
3.533723e-167 
3.533723e-167 
6.330856e-168 
6.330856e-168 
6.330856e-168 
6.330856e-168 
5.153903e-168 
5.153903e-168 
4.053957e-168 
4.053957e-168 
4.053957e-168 
2.105017e-168 
1.933731e-168 
1.933731e-168 
1.933731e-168 
1.730901e-168 
1.050925e-168 
1.050925e-168 
6.379093e-169 
3.783704e-169 
3.657690e-169 
3.657690e-169 
3.657690e-169 
2.780708e-169 
2.594118e-169 
2.410169e-169 
2.028305e-169 
1.391571e-169 
1.314926e-169 
1.071314e-169 
4.478233e-170 
4.478233e-170 
4.478233e-170 
4.013975e-170 
4.013975e-170 
3.657745e-170 
3.657745e-170 
3.634114e-170 
3.085460e-170 
1.960700e-170 
1.960700e-170 
1.814551e-170 
1.679686e-170 
1.679686e-170 
1.503126e-170 
1.503126e-170 
1.448926e-170 
1.448926e-170 
1.448926e-170 
1.448926e-170 
1.359140e-170 
7.925738e-171 
6.791104e-171 
6.791104e-171 
6.423364e-171 
6.096838e-171 
6.096838e-171 
6.096838e-171 
6.068834e-171 
4.957669e-171 
3.795216e-171 
3.294706e-171 
3.294706e-171 
2.872550e-171 
9.131454e-172 
8.623206e-172 
4.773014e-172 
4.115672e-172 
4.046676e-172 
4.046676e-172 
4.044767e-172 
3.460692e-172 
2.846289e-172 
2.437516e-172 
1.682315e-172 
1.682315e-172 
1.682315e-172 
1.344432e-172 
1.344432e-172 
1.205370e-172 
1.205370e-172 
1.041202e-172 
1.007528e-172 
7.965343e-173 
7.965343e-173 
7.650305e-173 
7.650305e-173 
7.650305e-173 
7.650305e-173 
7.180479e-173 
7.180479e-173 
7.046135e-173 
7.046135e-173 
3.340125e-173 
3.340125e-173 
3.140096e-173 
3.140096e-173 
3.029300e-173 
3.029300e-173 
3.029300e-173 
2.125127e-173 
1.831610e-173 
1.831610e-173 
1.090676e-173 
1.048883e-173 
1.048883e-173 
5.912053e-174 
5.912053e-174 
5.912053e-174 
4.022642e-174 
4.022642e-174 
4.022642e-174 
2.047545e-174 
1.747933e-174 
1.747933e-174 
1.655974e-174 
1.403236e-174 
9.555062e-175 
8.861558e-175 
8.861558e-175 
7.653445e-175 
7.653445e-175 
7.653445e-175 
4.653826e-175 
4.653826e-175 
4.653826e-175 
4.653826e-175 
4.055181e-175 
2.869177e-175 
2.869177e-175 
2.632135e-175 
2.632135e-175 
2.632135e-175 
2.295406e-175 
1.406446e-175 
1.345813e-175 
1.345813e-175 
1.180752e-175 
8.868244e-176 
8.868244e-176 
8.131861e-176 
7.089264e-176 
7.089264e-176 
6.253666e-176 
6.253666e-176 
4.748483e-176 
4.409262e-176 
4.409262e-176 
4.225997e-176 
3.292307e-176 
2.224759e-176 
1.143401e-176 
1.143401e-176 
1.143401e-176 
9.541643e-177 
8.280573e-177 
5.868683e-177 
5.868683e-177 
2.033311e-177 
2.033311e-177 
2.033311e-177 
1.459952e-177 
1.125649e-177 
1.125649e-177 
1.125649e-177 
7.760862e-178 
5.572429e-178 
3.054108e-178 
3.054108e-178 
2.543123e-178 
2.151847e-178 
2.151847e-178 
2.151847e-178 
1.173322e-178 
1.173322e-178 
9.962048e-179 
9.197093e-179 
9.197093e-179 
9.197093e-179 
7.313305e-179 
7.313305e-179 
7.186060e-179 
7.186060e-179 
5.433936e-179 
5.433936e-179 
4.974083e-179 
4.623183e-179 
2.626799e-179 
2.043784e-179 
1.980776e-179 
1.980776e-179 
1.980776e-179 
1.980776e-179 
1.864582e-179 
1.801633e-179 
1.514495e-179 
1.198899e-179 
1.060077e-179 
1.060077e-179 
1.060077e-179 
1.060077e-179 
7.959441e-180 
7.959441e-180 
7.959441e-180 
6.146755e-180 
4.379944e-180 
4.379944e-180 
4.379944e-180 
4.379944e-180 
3.451327e-180 
3.171310e-180 
3.171310e-180 
3.171310e-180 
2.430023e-180 
1.713538e-180 
1.713538e-180 
1.254605e-180 
1.055980e-180 
1.055980e-180 
5.614670e-181 
5.614670e-181 
5.170917e-181 
5.170917e-181 
5.170917e-181 
3.777732e-181 
3.372966e-181 
2.593431e-181 
2.081386e-181 
1.664951e-181 
1.062659e-181 
1.062659e-181 
1.062659e-181 
8.877864e-182 
6.882971e-182 
3.465245e-182 
2.649547e-182 
2.297259e-182 
2.217133e-182 
1.971022e-182 
1.812038e-182 
1.415751e-182 
1.415751e-182 
1.189073e-182 
1.189073e-182 
9.592899e-183 
6.743033e-183 
6.743033e-183 
3.542344e-183 
3.542344e-183 
3.542344e-183 
1.714341e-183 
1.714341e-183 
1.156643e-183 
1.073052e-183 
1.073052e-183 
9.879168e-184 
9.879168e-184 
9.520009e-184 
6.716978e-184 
6.716978e-184 
6.715554e-184 
6.205776e-184 
3.630434e-184 
3.630434e-184 
2.462173e-184 
2.462173e-184 
2.462173e-184 
1.564665e-184 
1.564665e-184 
1.564665e-184 
1.380136e-184 
1.343811e-184 
8.656491e-185 
5.548420e-185 
4.221621e-185 
4.221621e-185 
4.078671e-185 
3.499860e-185 
3.499860e-185 
3.499860e-185 
3.499860e-185 
3.252095e-185 
2.434550e-185 
2.434550e-185 
2.434550e-185 
1.710061e-185 
1.710061e-185 
1.065665e-185 
1.065665e-185 
9.394132e-186 
9.394132e-186 
9.394132e-186 
6.393205e-186 
6.102275e-186 
6.102275e-186 
5.612022e-186 
4.887636e-186 
3.948135e-186 
2.758624e-186 
2.758624e-186 
2.467195e-186 
2.191733e-186 
1.394938e-186 
1.394938e-186 
1.313598e-186 
1.215793e-186 
8.786020e-187 
8.786020e-187 
6.874123e-187 
4.417516e-187 
3.715297e-187 
3.673145e-187 
3.106361e-187 
3.106361e-187 
1.815630e-187 
1.669141e-187 
1.669141e-187 
1.267388e-187 
1.267388e-187 
9.871544e-188 
7.588381e-188 
7.256493e-188 
7.256493e-188 
7.256493e-188 
4.992401e-188 
4.992401e-188 
4.790402e-188 
4.689039e-188 
3.575959e-188 
3.199635e-188 
2.978664e-188 
2.842716e-188 
2.461766e-188 
2.113121e-188 
1.114219e-188 
8.153205e-189 
8.153205e-189 
5.668058e-189 
4.903977e-189 
3.517677e-189 
3.435897e-189 
2.038116e-189 
1.528454e-189 
1.528454e-189 
9.444829e-190 
9.444829e-190 
9.025998e-190 
9.025998e-190 
8.496293e-190 
6.085042e-190 
6.085042e-190 
5.944415e-190 
5.944415e-190 
5.944415e-190 
3.894056e-190 
3.870106e-190 
3.870106e-190 
1.513512e-190 
1.513512e-190 
1.513512e-190 
1.513512e-190 
1.173633e-190 
1.173633e-190 
6.873875e-191 
6.873875e-191 
6.522633e-191 
6.522633e-191 
3.472078e-191 
3.472078e-191 
3.472078e-191 
3.181118e-191 
2.627675e-191 
2.509976e-191 
1.789342e-191 
1.748274e-191 
7.110612e-192 
7.110612e-192 
7.110612e-192 
6.060265e-192 
6.060265e-192 
6.060265e-192 
6.060265e-192 
6.060265e-192 
5.374063e-192 
4.770459e-192 
4.188106e-192 
4.188106e-192 
2.880760e-192 
2.186448e-192 
2.186448e-192 
2.041253e-192 
1.645425e-192 
1.645425e-192 
1.645425e-192 
1.196127e-192 
1.196127e-192 
1.196127e-192 
1.011431e-192 
8.557069e-193 
7.483634e-193 
7.483634e-193 
6.894696e-193 
3.512554e-193 
3.512554e-193 
3.512554e-193 
3.512554e-193 
2.726358e-193 
2.350435e-193 
1.331641e-193 
1.331641e-193 
1.234970e-193 
3.283082e-194 
3.283082e-194 
2.865338e-194 
2.865338e-194 
2.865338e-194 
2.443543e-194 
2.122185e-194 
2.122185e-194 
2.122185e-194 
2.078819e-194 
2.073535e-194 
1.605242e-194 
1.605242e-194 
1.309861e-194 
1.253797e-194 
1.253797e-194 
6.704188e-195 
6.704188e-195 
6.383373e-195 
4.068106e-195 
4.068106e-195 
4.068106e-195 
4.068106e-195 
4.068106e-195 
4.064348e-195 
4.064348e-195 
3.317048e-195 
2.902128e-195 
2.790933e-195 
2.291944e-195 
1.637927e-195 
1.637927e-195 
1.556521e-195 
1.122991e-195 
9.106863e-196 
9.106863e-196 
7.502300e-196 
3.548726e-196 
3.548726e-196 
3.548726e-196 
2.860028e-196 
2.410336e-196 
2.317390e-196 
2.178154e-196 
1.523488e-196 
1.315496e-196 
1.155301e-196 
1.155301e-196 
1.053138e-196 
8.111001e-197 
8.111001e-197 
7.658823e-197 
7.176437e-197 
7.083056e-197 
7.064796e-197 
5.669304e-197 
4.135678e-197 
3.243347e-197 
2.875599e-197 
2.114176e-197 
1.680989e-197 
1.050814e-197 
9.277213e-198 
9.277213e-198 
4.401900e-198 
4.401900e-198 
3.674306e-198 
3.211906e-198 
2.912998e-198 
2.912998e-198 
2.110402e-198 
1.440481e-198 
1.440481e-198 
1.440481e-198 
1.310551e-198 
1.096647e-198 
1.009880e-198 
9.889199e-199 
9.889199e-199 
7.972146e-199 
4.605966e-199 
2.702735e-199 
2.702735e-199 
2.702735e-199 
1.371064e-199 
1.371064e-199 
1.371064e-199 
8.233384e-200 
7.645314e-200 
7.645314e-200 
6.524615e-200 
5.329660e-200 
4.889479e-200 
4.889479e-200 
3.470751e-200 
2.825051e-200 
2.825051e-200 
2.590550e-200 
2.053740e-200 
2.053740e-200 
2.053740e-200 
1.563812e-200 
1.501651e-200 
1.140314e-200 
1.140314e-200 
1.140314e-200 
7.777988e-201 
7.777988e-201 
5.881495e-201 
3.965916e-201 
3.965916e-201 
3.376331e-201 
3.376331e-201 
3.376331e-201 
3.135113e-201 
3.135113e-201 
1.670393e-201 
1.670393e-201 
1.670393e-201 
1.670393e-201 
1.284570e-201 
1.189826e-201 
6.556061e-202 
6.556061e-202 
6.516941e-202 
6.516941e-202 
5.779874e-202 
5.779874e-202 
5.779874e-202 
3.322203e-202 
3.322203e-202 
3.108171e-202 
3.108171e-202 
1.885453e-202 
1.745564e-202 
1.745564e-202 
1.613941e-202 
1.112510e-202 
9.830560e-203 
7.313820e-203 
7.313820e-203 
7.313820e-203 
3.547441e-203 
3.547441e-203 
3.547441e-203 
3.547441e-203 
3.547441e-203 
2.739470e-203 
2.482912e-203 
2.482912e-203 
2.412392e-203 
2.008677e-203 
2.008677e-203 
1.752078e-203 
1.752078e-203 
1.327190e-203 
1.170773e-203 
1.091599e-203 
1.075644e-203 
1.062907e-203 
8.723434e-204 
6.568817e-204 
5.943055e-204 
5.943055e-204 
5.943055e-204 
4.641877e-204 
3.472870e-204 
3.472870e-204 
3.472870e-204 
3.160212e-204 
2.866351e-204 
2.866351e-204 
2.169521e-204 
2.169521e-204 
1.374924e-204 
1.374924e-204 
1.107708e-204 
9.778131e-205 
9.383007e-205 
9.383007e-205 
8.042381e-205 
8.042381e-205 
6.983888e-205 
4.606658e-205 
3.360088e-205 
3.296282e-205 
3.296282e-205 
3.296282e-205 
3.198391e-205 
1.504463e-205 
1.504463e-205 
1.504463e-205 
1.342639e-205 
1.053856e-205 
6.557362e-206 
6.557362e-206 
6.557362e-206 
5.901490e-206 
5.282291e-206 
3.232620e-206 
3.232620e-206 
3.232620e-206 
2.217220e-206 
1.440306e-206 
1.440306e-206 
1.440306e-206 
1.440306e-206 
1.093624e-206 
1.093624e-206 
9.701835e-207 
4.983572e-207 
4.303179e-207 
4.303179e-207 
4.232864e-207 
4.232864e-207 
4.232864e-207 
4.130288e-207 
1.868416e-207 
1.437776e-207 
1.066755e-207 
1.066755e-207 
9.155873e-208 
7.674476e-208 
5.728344e-208 
5.728344e-208 
4.902407e-208 
4.450174e-208 
4.450174e-208 
3.900720e-208 
3.328189e-208 
3.328189e-208 
2.505564e-208 
2.505564e-208 
1.837792e-208 
1.570737e-208 
1.548443e-208 
1.548443e-208 
1.518691e-208 
1.502765e-208 
1.232353e-208 
1.232353e-208 
9.278202e-209 
9.278202e-209 
9.278202e-209 
9.278202e-209 
9.278202e-209 
9.278202e-209 
4.829375e-209 
4.829375e-209 
4.829375e-209 
4.553477e-209 
4.400965e-209 
3.479892e-209 
3.403962e-209 
2.871496e-209 
2.871496e-209 
2.372099e-209 
1.523874e-209 
1.162708e-209 
1.162708e-209 
1.136980e-209 
1.005272e-209 
1.005272e-209 
8.269605e-210 
8.269605e-210 
7.791469e-210 
5.877444e-210 
5.877444e-210 
5.877444e-210 
5.877444e-210 
5.877444e-210 
5.025596e-210 
4.833055e-210 
4.833055e-210 
4.833055e-210 
4.833055e-210 
4.833055e-210 
4.833055e-210 
4.563305e-210 
4.073430e-210 
4.073430e-210 
4.073430e-210 
3.527747e-210 
3.527747e-210 
3.410324e-210 
3.410324e-210 
2.806038e-210 
2.806038e-210 
2.587027e-210 
2.356092e-210 
2.356092e-210 
2.142176e-210 
1.808310e-210 
1.808310e-210 
1.085576e-210 
1.057122e-210 
9.441095e-211 
6.539038e-211 
6.539038e-211 
6.539038e-211 
6.539038e-211 
6.539038e-211 
2.170176e-211 
2.170176e-211 
1.334338e-211 
1.303511e-211 
1.303511e-211 
1.303511e-211 
1.052311e-211 
9.632842e-212 
9.273764e-212 
7.169860e-212 
3.799407e-212 
3.037435e-212 
3.037435e-212 
2.021497e-212 
1.862507e-212 
8.804525e-213 
7.019078e-213 
7.019078e-213 
4.806192e-213 
4.806192e-213 
4.806192e-213 
4.046341e-213 
3.774346e-213 
2.595182e-213 
1.789557e-213 
1.789557e-213 
1.789557e-213 
1.068406e-213 
8.567002e-214 
8.567002e-214 
4.900057e-214 
4.900057e-214 
4.900057e-214 
4.900057e-214 
4.900057e-214 
4.295916e-214 
2.867539e-214 
2.646831e-214 
2.646831e-214 
1.576702e-214 
1.576702e-214 
9.201281e-215 
6.403537e-215 
4.529498e-215 
4.529498e-215 
4.529498e-215 
2.403138e-215 
2.279561e-215 
2.279561e-215 
2.025004e-215 
2.025004e-215 
1.460029e-215 
1.460029e-215 
9.242521e-216 
8.127107e-216 
8.055476e-216 
8.055476e-216 
5.614857e-216 
3.713856e-216 
3.020766e-216 
2.874623e-216 
2.806552e-216 
2.751063e-216 
2.751063e-216 
2.708654e-216 
2.607211e-216 
2.454778e-216 
2.273349e-216 
1.568935e-216 
1.420334e-216 
7.271803e-217 
3.961051e-217 
3.961051e-217 
3.370552e-217 
3.201452e-217 
3.003082e-217 
2.842019e-217 
2.385724e-217 
2.247988e-217 
2.247988e-217 
1.755078e-217 
1.364897e-217 
1.155935e-217 
1.155935e-217 
7.324446e-218 
7.324446e-218 
7.324446e-218 
7.324446e-218 
6.728003e-218 
6.728003e-218 
4.683944e-218 
3.489392e-218 
3.489392e-218 
3.218707e-218 
2.431944e-218 
2.431944e-218 
2.247417e-218 
2.118265e-218 
2.118265e-218 
1.466518e-218 
9.739941e-219 
6.581127e-219 
6.581127e-219 
6.581127e-219 
5.847715e-219 
4.587374e-219 
3.919692e-219 
2.891384e-219 
2.891384e-219 
2.891384e-219 
2.714509e-219 
1.882641e-219 
1.882641e-219 
1.882641e-219 
1.882641e-219 
1.882641e-219 
1.787833e-219 
1.354805e-219 
1.345598e-219 
1.345598e-219 
1.176353e-219 
9.314291e-220 
9.115430e-220 
8.908912e-220 
8.845259e-220 
8.845259e-220 
8.065168e-220 
7.747459e-220 
6.991793e-220 
3.960072e-220 
3.960072e-220 
2.090700e-220 
2.090700e-220 
2.090700e-220 
2.090700e-220 
1.583196e-220 
8.673469e-221 
8.673469e-221 
8.673469e-221 
7.976103e-221 
7.976103e-221 
6.724164e-221 
4.968875e-221 
4.225164e-221 
3.477657e-221 
3.477657e-221 
3.073271e-221 
3.073271e-221 
2.794647e-221 
2.086298e-221 
1.956428e-221 
1.956428e-221 
1.956428e-221 
1.346867e-221 
1.189186e-221 
7.860193e-222 
7.860193e-222 
6.322998e-222 
3.864324e-222 
3.861926e-222 
3.648896e-222 
2.836903e-222 
2.836903e-222 
2.540566e-222 
2.525472e-222 
2.525472e-222 
2.272581e-222 
1.999398e-222 
1.581031e-222 
9.769479e-223 
9.769479e-223 
9.110383e-223 
8.497978e-223 
4.388638e-223 
4.388638e-223 
3.764296e-223 
3.642467e-223 
3.642467e-223 
3.642467e-223 
1.543799e-223 
1.543799e-223 
1.543799e-223 
9.950157e-224 
9.950157e-224 
9.950157e-224 
8.202329e-224 
8.202329e-224 
8.202329e-224 
8.112391e-224 
7.792745e-224 
5.974438e-224 
5.286197e-224 
5.182647e-224 
