4.357099e+09 
2.474947e+09 
2.474947e+09 
1.622318e+09 
1.578878e+09 
1.578878e+09 
8.349186e+08 
8.349186e+08 
8.349186e+08 
8.349186e+08 
6.706791e+08 
5.311994e+08 
5.311994e+08 
5.311994e+08 
5.311994e+08 
5.311994e+08 
5.311994e+08 
5.311994e+08 
5.311994e+08 
3.309300e+08 
3.309300e+08 
3.309300e+08 
3.309300e+08 
3.309300e+08 
3.309300e+08 
3.309300e+08 
3.309300e+08 
3.309300e+08 
3.309300e+08 
3.309300e+08 
3.309300e+08 
3.309300e+08 
3.309300e+08 
3.309300e+08 
3.309300e+08 
3.309300e+08 
3.309300e+08 
3.309300e+08 
3.309300e+08 
2.752912e+08 
2.752912e+08 
2.752912e+08 
2.752912e+08 
2.752912e+08 
2.752912e+08 
2.752912e+08 
2.752912e+08 
2.752912e+08 
2.752912e+08 
2.752912e+08 
2.752912e+08 
2.752912e+08 
2.752912e+08 
2.752912e+08 
2.752912e+08 
2.752912e+08 
2.752912e+08 
2.752912e+08 
2.752912e+08 
2.752912e+08 
2.752912e+08 
2.752912e+08 
2.752912e+08 
2.752912e+08 
2.752912e+08 
2.752912e+08 
2.752912e+08 
2.752912e+08 
2.752912e+08 
2.752912e+08 
2.752912e+08 
2.752912e+08 
2.752912e+08 
2.752912e+08 
2.752912e+08 
2.752912e+08 
2.752912e+08 
2.752912e+08 
2.752912e+08 
2.752912e+08 
2.752912e+08 
2.752912e+08 
2.752912e+08 
2.752912e+08 
2.752912e+08 
2.752912e+08 
2.752912e+08 
2.752912e+08 
2.752912e+08 
2.752912e+08 
2.752912e+08 
2.752912e+08 
2.752912e+08 
2.752912e+08 
2.752912e+08 
2.752912e+08 
2.752912e+08 
2.752912e+08 
2.752912e+08 
2.752912e+08 
2.752912e+08 
2.752912e+08 
2.560725e+08 
2.560725e+08 
2.560725e+08 
2.560725e+08 
2.560725e+08 
2.560725e+08 
2.560725e+08 
2.560725e+08 
2.560725e+08 
2.560725e+08 
2.560725e+08 
2.560725e+08 
2.560725e+08 
2.560725e+08 
2.560725e+08 
2.560725e+08 
2.560725e+08 
2.560725e+08 
2.560725e+08 
2.560725e+08 
2.560725e+08 
2.560725e+08 
2.560725e+08 
2.560725e+08 
2.560725e+08 
2.560725e+08 
2.560725e+08 
2.560725e+08 
2.560725e+08 
2.560725e+08 
2.560725e+08 
2.560725e+08 
2.560725e+08 
2.473572e+08 
2.473572e+08 
1.762304e+08 
1.762304e+08 
1.758298e+08 
1.758298e+08 
1.758298e+08 
1.758298e+08 
1.758298e+08 
1.758298e+08 
1.758298e+08 
1.758298e+08 
1.758298e+08 
1.758298e+08 
1.758298e+08 
1.758298e+08 
1.758298e+08 
1.758298e+08 
1.740747e+08 
1.740747e+08 
1.740747e+08 
1.740747e+08 
1.740747e+08 
1.740747e+08 
1.740747e+08 
1.740747e+08 
1.740747e+08 
1.740747e+08 
1.740747e+08 
1.740747e+08 
1.740747e+08 
1.740747e+08 
1.740747e+08 
1.740747e+08 
1.740747e+08 
1.740747e+08 
1.740747e+08 
1.740747e+08 
1.740747e+08 
1.740747e+08 
1.740747e+08 
1.740747e+08 
1.740747e+08 
1.740747e+08 
1.740747e+08 
1.740747e+08 
1.740747e+08 
1.740747e+08 
1.740747e+08 
1.740747e+08 
1.740747e+08 
1.740747e+08 
1.740747e+08 
1.740747e+08 
1.740747e+08 
1.740747e+08 
1.740747e+08 
1.740747e+08 
1.740747e+08 
1.740747e+08 
1.740747e+08 
1.740747e+08 
1.740747e+08 
1.740747e+08 
1.740747e+08 
1.740747e+08 
1.740747e+08 
1.740747e+08 
1.740747e+08 
1.740747e+08 
1.740747e+08 
1.740747e+08 
1.740747e+08 
1.740747e+08 
1.740747e+08 
1.740747e+08 
1.740747e+08 
1.740747e+08 
1.606190e+08 
1.606190e+08 
1.606190e+08 
1.606190e+08 
1.606190e+08 
1.606190e+08 
1.606190e+08 
1.606190e+08 
1.606190e+08 
1.606190e+08 
1.606190e+08 
1.606190e+08 
1.606190e+08 
1.606190e+08 
1.606190e+08 
1.606190e+08 
1.383720e+08 
1.383720e+08 
1.383720e+08 
1.383720e+08 
1.383720e+08 
1.383720e+08 
1.383720e+08 
1.300213e+08 
1.300213e+08 
1.300213e+08 
1.300213e+08 
1.300213e+08 
1.300213e+08 
1.300213e+08 
1.300213e+08 
1.300213e+08 
1.300213e+08 
1.300213e+08 
1.300213e+08 
1.300213e+08 
1.300213e+08 
1.300213e+08 
1.300213e+08 
1.300213e+08 
1.300213e+08 
1.300213e+08 
1.300213e+08 
1.300213e+08 
1.300213e+08 
1.300213e+08 
1.300213e+08 
1.300213e+08 
1.300213e+08 
1.098279e+08 
1.098279e+08 
1.098279e+08 
1.098279e+08 
1.098279e+08 
1.098279e+08 
1.098279e+08 
1.098279e+08 
1.098279e+08 
1.098279e+08 
1.098279e+08 
9.737279e+07 
9.737279e+07 
9.737279e+07 
9.737279e+07 
9.737279e+07 
9.737279e+07 
9.737279e+07 
9.737279e+07 
9.737279e+07 
9.737279e+07 
9.737279e+07 
9.737279e+07 
9.737279e+07 
9.737279e+07 
9.737279e+07 
9.737279e+07 
9.737279e+07 
9.737279e+07 
9.737279e+07 
9.737279e+07 
9.737279e+07 
9.737279e+07 
9.737279e+07 
9.737279e+07 
9.737279e+07 
9.737279e+07 
9.737279e+07 
9.737279e+07 
9.737279e+07 
9.737279e+07 
9.737279e+07 
9.737279e+07 
9.737279e+07 
9.737279e+07 
9.737279e+07 
9.737279e+07 
9.737279e+07 
9.737279e+07 
9.737279e+07 
9.737279e+07 
9.737279e+07 
9.737279e+07 
9.737279e+07 
9.737279e+07 
9.737279e+07 
9.737279e+07 
9.737279e+07 
9.737279e+07 
9.737279e+07 
9.737279e+07 
9.737279e+07 
9.737279e+07 
9.737279e+07 
9.737279e+07 
9.737279e+07 
9.737279e+07 
9.737279e+07 
9.737279e+07 
9.737279e+07 
9.737279e+07 
9.737279e+07 
9.737279e+07 
9.737279e+07 
9.737279e+07 
9.737279e+07 
9.737279e+07 
9.737279e+07 
9.737279e+07 
9.737279e+07 
9.737279e+07 
9.737279e+07 
9.737279e+07 
9.737279e+07 
9.737279e+07 
9.737279e+07 
9.737279e+07 
9.737279e+07 
9.737279e+07 
9.737279e+07 
9.737279e+07 
9.737279e+07 
9.737279e+07 
9.737279e+07 
9.737279e+07 
9.737279e+07 
9.737279e+07 
9.737279e+07 
9.737279e+07 
9.737279e+07 
9.737279e+07 
9.737279e+07 
9.737279e+07 
9.737279e+07 
9.737279e+07 
9.737279e+07 
9.737279e+07 
9.737279e+07 
9.737279e+07 
9.737279e+07 
9.737279e+07 
9.737279e+07 
9.737279e+07 
9.737279e+07 
9.737279e+07 
9.737279e+07 
9.737279e+07 
9.737279e+07 
9.737279e+07 
9.737279e+07 
9.737279e+07 
9.737279e+07 
9.737279e+07 
9.737279e+07 
9.737279e+07 
9.737279e+07 
9.737279e+07 
9.737279e+07 
9.737279e+07 
9.737279e+07 
9.737279e+07 
9.737279e+07 
9.737279e+07 
9.737279e+07 
9.737279e+07 
9.737279e+07 
9.000529e+07 
9.000529e+07 
9.000529e+07 
9.000529e+07 
9.000529e+07 
9.000529e+07 
5.945384e+07 
5.945384e+07 
5.945384e+07 
5.945384e+07 
5.945384e+07 
5.945384e+07 
5.945384e+07 
5.945384e+07 
5.945384e+07 
5.945384e+07 
5.945384e+07 
5.945384e+07 
5.945384e+07 
5.945384e+07 
5.945384e+07 
5.945384e+07 
5.945384e+07 
5.945384e+07 
5.945384e+07 
5.945384e+07 
5.945384e+07 
5.945384e+07 
5.945384e+07 
5.945384e+07 
5.945384e+07 
5.945384e+07 
5.945384e+07 
5.945384e+07 
5.945384e+07 
5.945384e+07 
5.945384e+07 
5.945384e+07 
5.945384e+07 
5.945384e+07 
5.945384e+07 
5.945384e+07 
5.945384e+07 
5.945384e+07 
5.945384e+07 
5.945384e+07 
5.945384e+07 
5.945384e+07 
5.945384e+07 
5.945384e+07 
5.945384e+07 
5.945384e+07 
5.945384e+07 
5.945384e+07 
5.945384e+07 
5.945384e+07 
5.945384e+07 
5.945384e+07 
5.945384e+07 
5.945384e+07 
5.945384e+07 
5.945384e+07 
5.945384e+07 
5.945384e+07 
5.945384e+07 
5.945384e+07 
5.945384e+07 
5.945384e+07 
5.945384e+07 
5.945384e+07 
5.945384e+07 
5.945384e+07 
5.945384e+07 
5.945384e+07 
5.945384e+07 
5.945384e+07 
5.945384e+07 
5.945384e+07 
5.945384e+07 
5.945384e+07 
5.945384e+07 
5.945384e+07 
5.945384e+07 
5.945384e+07 
5.945384e+07 
5.945384e+07 
5.945384e+07 
5.945384e+07 
5.945384e+07 
5.945384e+07 
5.945384e+07 
5.945384e+07 
5.945384e+07 
5.945384e+07 
5.945384e+07 
5.945384e+07 
5.945384e+07 
5.945384e+07 
5.945384e+07 
5.945384e+07 
5.945384e+07 
5.945384e+07 
5.945384e+07 
5.945384e+07 
5.945384e+07 
5.945384e+07 
5.945384e+07 
5.945384e+07 
5.945384e+07 
5.945384e+07 
5.945384e+07 
5.945384e+07 
5.945384e+07 
5.945384e+07 
5.945384e+07 
5.945384e+07 
5.945384e+07 
5.945384e+07 
5.945384e+07 
5.945384e+07 
5.945384e+07 
5.945384e+07 
5.945384e+07 
5.945384e+07 
5.945384e+07 
5.945384e+07 
5.945384e+07 
5.945384e+07 
5.945384e+07 
5.945384e+07 
5.945384e+07 
5.945384e+07 
5.945384e+07 
5.945384e+07 
5.945384e+07 
5.945384e+07 
5.945384e+07 
5.945384e+07 
5.945384e+07 
5.945384e+07 
5.945384e+07 
5.945384e+07 
5.945384e+07 
5.945384e+07 
5.945384e+07 
5.945384e+07 
5.945384e+07 
5.945384e+07 
5.945384e+07 
5.945384e+07 
5.945384e+07 
5.945384e+07 
5.945384e+07 
5.945384e+07 
5.945384e+07 
5.945384e+07 
5.945384e+07 
5.945384e+07 
5.945384e+07 
5.945384e+07 
5.945384e+07 
5.945384e+07 
5.945384e+07 
5.945384e+07 
5.945384e+07 
5.945384e+07 
5.945384e+07 
5.945384e+07 
5.945384e+07 
5.945384e+07 
5.945384e+07 
5.945384e+07 
5.945384e+07 
5.945384e+07 
5.945384e+07 
5.945384e+07 
5.945384e+07 
5.945384e+07 
5.945384e+07 
5.945384e+07 
5.945384e+07 
5.945384e+07 
5.945384e+07 
5.945384e+07 
5.945384e+07 
5.945384e+07 
5.945384e+07 
5.945384e+07 
5.945384e+07 
5.945384e+07 
5.945384e+07 
5.945384e+07 
5.945384e+07 
5.945384e+07 
5.945384e+07 
5.945384e+07 
5.945384e+07 
5.945384e+07 
5.945384e+07 
5.945384e+07 
5.945384e+07 
5.945384e+07 
5.945384e+07 
5.945384e+07 
5.945384e+07 
5.945384e+07 
5.945384e+07 
5.945384e+07 
5.945384e+07 
5.945384e+07 
5.945384e+07 
5.945384e+07 
5.945384e+07 
5.945384e+07 
5.945384e+07 
5.945384e+07 
5.945384e+07 
5.945384e+07 
5.945384e+07 
5.945384e+07 
5.945384e+07 
5.945384e+07 
5.945384e+07 
5.945384e+07 
5.945384e+07 
5.945384e+07 
5.945384e+07 
5.945384e+07 
5.945384e+07 
5.945384e+07 
5.945384e+07 
5.945384e+07 
5.945384e+07 
5.945384e+07 
5.945384e+07 
5.945384e+07 
5.945384e+07 
5.945384e+07 
5.945384e+07 
5.945384e+07 
5.945384e+07 
5.945384e+07 
5.945384e+07 
5.945384e+07 
5.945384e+07 
5.945384e+07 
5.945384e+07 
5.945384e+07 
5.945384e+07 
5.945384e+07 
5.945384e+07 
5.945384e+07 
5.945384e+07 
5.945384e+07 
5.945384e+07 
5.945384e+07 
5.945384e+07 
5.945384e+07 
5.945384e+07 
5.945384e+07 
5.945384e+07 
5.945384e+07 
5.945384e+07 
5.945384e+07 
5.945384e+07 
5.945384e+07 
5.945384e+07 
5.945384e+07 
5.945384e+07 
5.945384e+07 
5.945384e+07 
5.945384e+07 
5.945384e+07 
5.945384e+07 
5.945384e+07 
5.945384e+07 
5.945384e+07 
5.945384e+07 
5.945384e+07 
5.945384e+07 
5.945384e+07 
5.945384e+07 
5.945384e+07 
5.945384e+07 
5.945384e+07 
5.945384e+07 
5.945384e+07 
5.945384e+07 
5.945384e+07 
5.945384e+07 
5.945384e+07 
5.945384e+07 
5.945384e+07 
5.945384e+07 
5.945384e+07 
5.945384e+07 
5.945384e+07 
5.945384e+07 
5.945384e+07 
5.945384e+07 
5.945384e+07 
5.945384e+07 
5.945384e+07 
5.945384e+07 
5.945384e+07 
5.945384e+07 
5.945384e+07 
5.945384e+07 
5.945384e+07 
5.945384e+07 
5.945384e+07 
5.945384e+07 
5.945384e+07 
5.945384e+07 
5.945384e+07 
5.945384e+07 
5.945384e+07 
5.945384e+07 
5.945384e+07 
5.945384e+07 
5.945384e+07 
5.945384e+07 
5.945384e+07 
5.945384e+07 
5.945384e+07 
5.945384e+07 
5.945384e+07 
5.945384e+07 
5.945384e+07 
5.945384e+07 
5.945384e+07 
5.945384e+07 
5.945384e+07 
5.945384e+07 
5.945384e+07 
5.945384e+07 
5.945384e+07 
5.945384e+07 
5.945384e+07 
5.945384e+07 
5.945384e+07 
5.205901e+07 
5.205901e+07 
5.205901e+07 
5.205901e+07 
5.205901e+07 
5.205901e+07 
5.205901e+07 
5.205901e+07 
5.205901e+07 
5.205901e+07 
5.205901e+07 
5.205901e+07 
5.205901e+07 
5.205901e+07 
5.205901e+07 
5.205901e+07 
5.205901e+07 
5.205901e+07 
5.205901e+07 
5.205901e+07 
5.205901e+07 
5.205901e+07 
5.205901e+07 
5.205901e+07 
5.205901e+07 
5.205901e+07 
5.205901e+07 
5.205901e+07 
5.205901e+07 
5.205901e+07 
5.205901e+07 
5.205901e+07 
5.205901e+07 
5.205901e+07 
5.205901e+07 
5.205901e+07 
5.205901e+07 
5.205901e+07 
5.205901e+07 
5.205901e+07 
5.205901e+07 
5.205901e+07 
5.205901e+07 
5.205901e+07 
5.205901e+07 
5.205901e+07 
5.205901e+07 
5.205901e+07 
5.205901e+07 
5.205901e+07 
5.205901e+07 
5.205901e+07 
5.205901e+07 
5.205901e+07 
5.205901e+07 
5.205901e+07 
5.205901e+07 
5.205901e+07 
5.205901e+07 
5.205901e+07 
5.205901e+07 
5.205901e+07 
5.205901e+07 
5.205901e+07 
5.205901e+07 
5.205901e+07 
5.205901e+07 
5.205901e+07 
5.205901e+07 
5.205901e+07 
5.205901e+07 
5.205901e+07 
5.205901e+07 
5.205901e+07 
5.205901e+07 
5.205901e+07 
5.205901e+07 
5.205901e+07 
5.205901e+07 
5.205901e+07 
5.205901e+07 
5.205901e+07 
5.205901e+07 
5.205901e+07 
5.205901e+07 
5.205901e+07 
5.205901e+07 
5.205901e+07 
5.205901e+07 
5.205901e+07 
5.205901e+07 
5.205901e+07 
5.205901e+07 
5.205901e+07 
5.205901e+07 
5.205901e+07 
5.205901e+07 
5.205901e+07 
5.205901e+07 
5.205901e+07 
5.205901e+07 
5.205901e+07 
5.205901e+07 
5.205901e+07 
5.205901e+07 
5.205901e+07 
5.205901e+07 
5.205901e+07 
5.205901e+07 
5.205901e+07 
5.205901e+07 
5.205901e+07 
5.205901e+07 
5.205901e+07 
5.205901e+07 
5.205901e+07 
5.205901e+07 
5.205901e+07 
5.205901e+07 
5.205901e+07 
5.205901e+07 
5.205901e+07 
5.205901e+07 
5.205901e+07 
5.205901e+07 
5.205901e+07 
5.205901e+07 
5.205901e+07 
5.205901e+07 
5.205901e+07 
5.205901e+07 
5.205901e+07 
5.205901e+07 
5.205901e+07 
5.205901e+07 
5.205901e+07 
5.205901e+07 
5.205901e+07 
5.205901e+07 
5.205901e+07 
5.205901e+07 
5.205901e+07 
5.205901e+07 
5.205901e+07 
5.205901e+07 
5.205901e+07 
5.205901e+07 
5.205901e+07 
5.205901e+07 
5.205901e+07 
5.205901e+07 
5.205901e+07 
5.205901e+07 
5.205901e+07 
5.205901e+07 
5.205901e+07 
5.205901e+07 
5.205901e+07 
5.205901e+07 
5.205901e+07 
5.205901e+07 
5.205901e+07 
5.205901e+07 
5.205901e+07 
5.205901e+07 
5.205901e+07 
5.205901e+07 
5.205901e+07 
5.205901e+07 
5.205901e+07 
5.205901e+07 
5.205901e+07 
5.205901e+07 
5.205901e+07 
5.205901e+07 
5.205901e+07 
5.205901e+07 
5.205901e+07 
5.205901e+07 
5.205901e+07 
5.205901e+07 
4.620040e+07 
4.620040e+07 
4.620040e+07 
4.620040e+07 
4.620040e+07 
4.620040e+07 
4.620040e+07 
4.620040e+07 
4.620040e+07 
4.620040e+07 
4.620040e+07 
4.620040e+07 
4.620040e+07 
4.620040e+07 
4.620040e+07 
4.620040e+07 
4.620040e+07 
4.620040e+07 
4.620040e+07 
4.620040e+07 
4.620040e+07 
4.620040e+07 
4.620040e+07 
4.620040e+07 
4.620040e+07 
4.620040e+07 
4.620040e+07 
4.620040e+07 
4.620040e+07 
4.620040e+07 
4.620040e+07 
4.620040e+07 
4.620040e+07 
4.620040e+07 
4.620040e+07 
4.620040e+07 
4.620040e+07 
4.620040e+07 
4.620040e+07 
4.620040e+07 
4.620040e+07 
4.620040e+07 
4.620040e+07 
4.620040e+07 
4.620040e+07 
4.620040e+07 
4.620040e+07 
4.620040e+07 
4.620040e+07 
4.620040e+07 
4.620040e+07 
4.620040e+07 
4.620040e+07 
4.620040e+07 
4.620040e+07 
4.620040e+07 
4.620040e+07 
4.620040e+07 
4.620040e+07 
4.620040e+07 
4.620040e+07 
4.620040e+07 
4.620040e+07 
4.620040e+07 
4.620040e+07 
4.620040e+07 
4.620040e+07 
4.620040e+07 
4.620040e+07 
4.620040e+07 
4.620040e+07 
4.620040e+07 
4.620040e+07 
4.620040e+07 
4.620040e+07 
4.620040e+07 
4.620040e+07 
4.620040e+07 
4.620040e+07 
4.620040e+07 
4.620040e+07 
4.620040e+07 
4.620040e+07 
4.620040e+07 
3.888653e+07 
3.888653e+07 
3.888653e+07 
3.888653e+07 
3.888653e+07 
3.888653e+07 
3.888653e+07 
3.888653e+07 
3.888653e+07 
3.888653e+07 
3.888653e+07 
3.888653e+07 
3.888653e+07 
3.888653e+07 
3.888653e+07 
3.888653e+07 
3.888653e+07 
3.888653e+07 
3.888653e+07 
3.888653e+07 
3.888653e+07 
3.888653e+07 
3.888653e+07 
3.888653e+07 
3.888653e+07 
3.888653e+07 
3.888653e+07 
3.888653e+07 
3.888653e+07 
3.888653e+07 
3.888653e+07 
3.888653e+07 
3.888653e+07 
3.888653e+07 
3.888653e+07 
3.888653e+07 
3.888653e+07 
3.888653e+07 
3.888653e+07 
3.888653e+07 
3.888653e+07 
3.888653e+07 
3.888653e+07 
3.888653e+07 
3.888653e+07 
3.888653e+07 
3.888653e+07 
3.888653e+07 
3.888653e+07 
3.888653e+07 
3.888653e+07 
3.888653e+07 
3.888653e+07 
3.888653e+07 
3.888653e+07 
3.888653e+07 
3.888653e+07 
3.888653e+07 
3.888653e+07 
3.888653e+07 
3.888653e+07 
3.888653e+07 
3.888653e+07 
3.888653e+07 
3.888653e+07 
3.888653e+07 
3.888653e+07 
3.888653e+07 
3.888653e+07 
3.888653e+07 
3.888653e+07 
3.888653e+07 
3.888653e+07 
3.888653e+07 
3.888653e+07 
3.888653e+07 
3.888653e+07 
3.888653e+07 
3.888653e+07 
3.888653e+07 
3.888653e+07 
3.888653e+07 
3.888653e+07 
3.888653e+07 
3.888653e+07 
3.888653e+07 
3.888653e+07 
3.888653e+07 
3.888653e+07 
3.888653e+07 
3.888653e+07 
3.888653e+07 
3.888653e+07 
3.888653e+07 
3.888653e+07 
3.888653e+07 
3.888653e+07 
3.888653e+07 
3.888653e+07 
3.888653e+07 
3.888653e+07 
3.888653e+07 
3.888653e+07 
3.888653e+07 
3.888653e+07 
3.888653e+07 
3.888653e+07 
3.888653e+07 
3.888653e+07 
3.888653e+07 
3.888653e+07 
3.888653e+07 
3.888653e+07 
3.888653e+07 
3.888653e+07 
3.888653e+07 
3.888653e+07 
3.888653e+07 
3.888653e+07 
3.888653e+07 
3.888653e+07 
3.888653e+07 
3.888653e+07 
3.628286e+07 
3.628286e+07 
3.628286e+07 
3.628286e+07 
3.628286e+07 
3.628286e+07 
3.628286e+07 
3.628286e+07 
3.628286e+07 
3.628286e+07 
3.628286e+07 
3.628286e+07 
3.628286e+07 
3.628286e+07 
3.628286e+07 
3.628286e+07 
3.628286e+07 
3.628286e+07 
3.628286e+07 
3.628286e+07 
3.628286e+07 
3.628286e+07 
3.628286e+07 
3.628286e+07 
3.628286e+07 
3.628286e+07 
3.628286e+07 
3.628286e+07 
3.628286e+07 
3.628286e+07 
3.628286e+07 
3.628286e+07 
3.628286e+07 
3.628286e+07 
3.628286e+07 
3.628286e+07 
3.628286e+07 
3.628286e+07 
3.628286e+07 
3.628286e+07 
3.628286e+07 
3.628286e+07 
3.628286e+07 
3.628286e+07 
3.628286e+07 
3.628286e+07 
3.628286e+07 
3.628286e+07 
3.628286e+07 
3.628286e+07 
3.628286e+07 
3.628286e+07 
3.628286e+07 
3.628286e+07 
3.628286e+07 
3.628286e+07 
3.628286e+07 
3.628286e+07 
3.628286e+07 
3.628286e+07 
3.628286e+07 
3.628286e+07 
3.628286e+07 
3.628286e+07 
3.628286e+07 
3.628286e+07 
3.628286e+07 
3.628286e+07 
3.628286e+07 
3.628286e+07 
3.628286e+07 
3.628286e+07 
3.628286e+07 
3.628286e+07 
3.628286e+07 
3.628286e+07 
3.628286e+07 
3.628286e+07 
3.628286e+07 
3.628286e+07 
3.628286e+07 
3.628286e+07 
3.628286e+07 
3.628286e+07 
3.628286e+07 
3.628286e+07 
3.628286e+07 
3.628286e+07 
3.628286e+07 
3.628286e+07 
3.628286e+07 
3.628286e+07 
3.628286e+07 
3.628286e+07 
3.628286e+07 
3.628286e+07 
3.628286e+07 
3.628286e+07 
3.628286e+07 
3.628286e+07 
3.628286e+07 
3.628286e+07 
3.628286e+07 
3.628286e+07 
3.628286e+07 
3.628286e+07 
3.628286e+07 
3.628286e+07 
3.628286e+07 
3.628286e+07 
3.628286e+07 
3.628286e+07 
3.628286e+07 
3.628286e+07 
3.628286e+07 
3.628286e+07 
3.628286e+07 
3.628286e+07 
3.628286e+07 
3.628286e+07 
3.628286e+07 
3.628286e+07 
3.628286e+07 
3.628286e+07 
3.628286e+07 
3.628286e+07 
3.628286e+07 
3.628286e+07 
3.628286e+07 
3.628286e+07 
3.628286e+07 
3.628286e+07 
3.628286e+07 
3.628286e+07 
3.628286e+07 
3.628286e+07 
3.628286e+07 
3.628286e+07 
3.628286e+07 
3.628286e+07 
3.628286e+07 
3.628286e+07 
3.628286e+07 
3.628286e+07 
3.628286e+07 
3.628286e+07 
3.628286e+07 
3.628286e+07 
3.628286e+07 
3.628286e+07 
3.267338e+07 
3.267338e+07 
1.573387e+07 
1.573387e+07 
1.573387e+07 
1.573387e+07 
1.573387e+07 
1.573387e+07 
1.573387e+07 
1.573387e+07 
1.573387e+07 
1.573387e+07 
1.573387e+07 
1.573387e+07 
1.573387e+07 
1.573387e+07 
1.573387e+07 
1.573387e+07 
1.573387e+07 
1.573387e+07 
1.573387e+07 
1.573387e+07 
1.573387e+07 
1.573387e+07 
1.573387e+07 
1.573387e+07 
1.573387e+07 
1.573387e+07 
1.573387e+07 
1.573387e+07 
1.573387e+07 
1.573387e+07 
1.573387e+07 
1.573387e+07 
1.573387e+07 
1.573387e+07 
1.573387e+07 
1.573387e+07 
1.573387e+07 
1.573387e+07 
1.573387e+07 
1.573387e+07 
1.573387e+07 
1.573387e+07 
1.573387e+07 
1.573387e+07 
1.573387e+07 
1.573387e+07 
1.573387e+07 
1.573387e+07 
1.573387e+07 
1.573387e+07 
1.573387e+07 
1.573387e+07 
1.573387e+07 
1.573387e+07 
1.573387e+07 
1.573387e+07 
1.573387e+07 
1.573387e+07 
1.573387e+07 
1.573387e+07 
1.573387e+07 
1.573387e+07 
1.573387e+07 
1.573387e+07 
1.573387e+07 
1.573387e+07 
1.573387e+07 
1.573387e+07 
1.573387e+07 
1.573387e+07 
1.573387e+07 
1.573387e+07 
1.573387e+07 
1.573387e+07 
1.573387e+07 
1.573387e+07 
1.573387e+07 
1.573387e+07 
1.573387e+07 
1.573387e+07 
1.573387e+07 
1.573387e+07 
1.573387e+07 
1.573387e+07 
1.573387e+07 
1.573387e+07 
1.573387e+07 
1.573387e+07 
1.507603e+07 
1.507603e+07 
1.469986e+07 
1.469986e+07 
1.469986e+07 
1.469986e+07 
1.469986e+07 
1.469986e+07 
1.469986e+07 
1.469986e+07 
1.469986e+07 
1.469986e+07 
1.464574e+07 
1.464574e+07 
1.464574e+07 
1.464574e+07 
1.464574e+07 
1.464574e+07 
1.464574e+07 
1.464574e+07 
1.464574e+07 
1.464574e+07 
1.464574e+07 
1.464574e+07 
1.464574e+07 
1.464574e+07 
1.464574e+07 
1.464574e+07 
1.464574e+07 
1.464574e+07 
1.464574e+07 
1.464574e+07 
1.464574e+07 
1.464574e+07 
1.464574e+07 
1.464574e+07 
1.464574e+07 
1.464574e+07 
1.464574e+07 
1.464574e+07 
1.464574e+07 
1.464574e+07 
1.464574e+07 
1.464574e+07 
1.464574e+07 
1.464574e+07 
1.464574e+07 
1.464574e+07 
1.464574e+07 
1.464574e+07 
1.464574e+07 
1.464574e+07 
1.464574e+07 
1.464574e+07 
1.464574e+07 
1.464574e+07 
1.464574e+07 
1.464574e+07 
1.464574e+07 
1.464574e+07 
1.464574e+07 
1.464574e+07 
1.464574e+07 
1.464574e+07 
1.464574e+07 
1.464574e+07 
1.464574e+07 
1.464574e+07 
1.464574e+07 
1.464574e+07 
1.464574e+07 
1.464574e+07 
1.464574e+07 
1.464574e+07 
1.464574e+07 
1.464574e+07 
1.464574e+07 
1.464574e+07 
1.464574e+07 
1.464574e+07 
1.464574e+07 
1.464574e+07 
1.464574e+07 
1.464574e+07 
1.464574e+07 
1.464574e+07 
1.464574e+07 
1.464574e+07 
1.464574e+07 
1.464574e+07 
1.464574e+07 
1.464574e+07 
1.464574e+07 
1.131542e+07 
1.131542e+07 
1.131542e+07 
1.131542e+07 
1.131542e+07 
1.131542e+07 
1.131542e+07 
1.131542e+07 
1.131542e+07 
1.131542e+07 
1.131542e+07 
1.131542e+07 
1.131542e+07 
1.131542e+07 
1.131542e+07 
1.131542e+07 
1.131542e+07 
1.131542e+07 
1.131542e+07 
1.131542e+07 
1.131542e+07 
1.131542e+07 
1.131542e+07 
1.131542e+07 
1.131542e+07 
1.131542e+07 
1.131542e+07 
1.131542e+07 
1.131542e+07 
1.131542e+07 
1.131542e+07 
1.131542e+07 
1.131542e+07 
1.131542e+07 
1.131542e+07 
1.131542e+07 
1.131542e+07 
1.131542e+07 
1.131542e+07 
1.131542e+07 
1.131542e+07 
1.131542e+07 
1.131542e+07 
1.131542e+07 
1.131542e+07 
1.131542e+07 
1.131542e+07 
1.131542e+07 
1.131542e+07 
1.131542e+07 
1.131542e+07 
1.131542e+07 
1.131542e+07 
1.131542e+07 
1.131542e+07 
1.131542e+07 
1.131542e+07 
1.131542e+07 
1.131542e+07 
1.131542e+07 
1.131542e+07 
1.131542e+07 
1.131542e+07 
1.131542e+07 
1.131542e+07 
1.131542e+07 
1.131542e+07 
1.131542e+07 
1.131542e+07 
1.131542e+07 
1.131542e+07 
1.131542e+07 
1.131542e+07 
1.131542e+07 
1.131542e+07 
1.131542e+07 
1.131542e+07 
1.131542e+07 
1.131542e+07 
1.131542e+07 
1.131542e+07 
1.131542e+07 
1.131542e+07 
1.131542e+07 
1.131542e+07 
1.131542e+07 
1.131542e+07 
1.131542e+07 
1.131542e+07 
1.131542e+07 
1.131542e+07 
1.131542e+07 
1.131542e+07 
1.131542e+07 
1.131542e+07 
1.131542e+07 
1.131542e+07 
1.131542e+07 
1.131542e+07 
1.131542e+07 
1.131542e+07 
1.131542e+07 
1.131542e+07 
1.131542e+07 
1.131542e+07 
1.131542e+07 
1.131542e+07 
1.131542e+07 
1.131542e+07 
1.131542e+07 
1.131542e+07 
1.131542e+07 
1.131542e+07 
1.131542e+07 
1.131542e+07 
1.131542e+07 
1.131542e+07 
1.131542e+07 
1.131542e+07 
1.131542e+07 
1.131542e+07 
1.131542e+07 
1.131542e+07 
1.131542e+07 
1.131542e+07 
1.131542e+07 
1.131542e+07 
1.131542e+07 
1.131542e+07 
1.131542e+07 
1.131542e+07 
1.131542e+07 
1.131542e+07 
1.131542e+07 
1.131542e+07 
1.131542e+07 
1.131542e+07 
1.131542e+07 
1.131542e+07 
1.131542e+07 
1.131542e+07 
1.131542e+07 
1.131542e+07 
1.131542e+07 
1.131542e+07 
1.131542e+07 
1.131542e+07 
1.131542e+07 
1.131542e+07 
1.131542e+07 
1.131542e+07 
1.131542e+07 
1.131542e+07 
1.131542e+07 
1.131542e+07 
1.131542e+07 
1.131542e+07 
1.131542e+07 
1.131542e+07 
1.131542e+07 
1.131542e+07 
1.131542e+07 
1.131542e+07 
1.131542e+07 
1.131542e+07 
1.131542e+07 
1.131542e+07 
1.131542e+07 
1.131542e+07 
1.131542e+07 
1.131542e+07 
1.131542e+07 
1.131542e+07 
1.131542e+07 
1.131542e+07 
1.131542e+07 
1.131542e+07 
1.131542e+07 
1.131542e+07 
1.131542e+07 
1.131542e+07 
1.131542e+07 
1.131542e+07 
1.131542e+07 
1.131542e+07 
1.131542e+07 
1.131542e+07 
1.131542e+07 
1.131542e+07 
1.131542e+07 
1.131542e+07 
1.131542e+07 
1.131542e+07 
1.131542e+07 
1.131542e+07 
1.131542e+07 
1.131542e+07 
1.131542e+07 
1.131542e+07 
1.131542e+07 
1.131542e+07 
1.131542e+07 
1.131542e+07 
1.131542e+07 
1.131542e+07 
1.131542e+07 
1.131542e+07 
1.131542e+07 
1.131542e+07 
1.131542e+07 
1.131542e+07 
1.131542e+07 
1.131542e+07 
1.131542e+07 
1.131542e+07 
1.131542e+07 
1.131542e+07 
1.131542e+07 
1.131542e+07 
1.131542e+07 
1.131542e+07 
1.131542e+07 
1.131542e+07 
1.131542e+07 
1.131542e+07 
1.131542e+07 
1.131542e+07 
1.131542e+07 
1.131542e+07 
1.131542e+07 
1.131542e+07 
1.131542e+07 
1.131542e+07 
1.131542e+07 
1.131542e+07 
1.131542e+07 
1.131542e+07 
1.131542e+07 
1.131542e+07 
1.131542e+07 
1.131542e+07 
1.131542e+07 
1.131542e+07 
1.131542e+07 
1.131542e+07 
1.131542e+07 
1.131542e+07 
1.131542e+07 
1.131542e+07 
1.131542e+07 
1.131542e+07 
1.131542e+07 
1.131542e+07 
1.131542e+07 
1.131542e+07 
1.131542e+07 
1.131542e+07 
1.131542e+07 
1.131542e+07 
1.131542e+07 
1.131542e+07 
1.131542e+07 
1.131542e+07 
1.131542e+07 
1.131542e+07 
1.131542e+07 
1.131542e+07 
1.131542e+07 
1.131542e+07 
1.131542e+07 
1.131542e+07 
1.131542e+07 
1.131542e+07 
1.131542e+07 
1.131542e+07 
9.768303e+06 
9.768303e+06 
9.768303e+06 
9.768303e+06 
9.768303e+06 
8.850085e+06 
8.850085e+06 
8.850085e+06 
8.850085e+06 
8.850085e+06 
8.850085e+06 
8.633313e+06 
8.633313e+06 
8.633313e+06 
8.633313e+06 
8.633313e+06 
8.633313e+06 
8.633313e+06 
8.524288e+06 
8.524288e+06 
8.524288e+06 
8.524288e+06 
8.524288e+06 
8.524288e+06 
8.524288e+06 
8.524288e+06 
8.524288e+06 
8.524288e+06 
8.524288e+06 
8.524288e+06 
8.524288e+06 
8.524288e+06 
8.421708e+06 
8.421708e+06 
8.421708e+06 
8.421708e+06 
8.421708e+06 
8.421708e+06 
8.421708e+06 
8.421708e+06 
8.421708e+06 
8.421708e+06 
8.421708e+06 
8.292895e+06 
8.029970e+06 
7.861661e+06 
7.754714e+06 
7.687418e+06 
7.645624e+06 
7.620136e+06 
7.604991e+06 
7.596341e+06 
7.591713e+06 
7.589529e+06 
7.588788e+06 
7.588788e+06 
7.588788e+06 
7.588788e+06 
7.585603e+06 
7.577088e+06 
7.570312e+06 
7.564903e+06 
7.560575e+06 
7.557104e+06 
7.554315e+06 
7.552071e+06 
7.550263e+06 
7.548806e+06 
7.547630e+06 
7.546680e+06 
7.545913e+06 
7.545293e+06 
7.544792e+06 
7.544387e+06 
7.544059e+06 
7.543794e+06 
7.543579e+06 
7.543406e+06 
7.543266e+06 
7.543152e+06 
7.543060e+06 
7.542986e+06 
7.542926e+06 
7.542877e+06 
7.542838e+06 
7.542806e+06 
7.542780e+06 
7.542760e+06 
7.542743e+06 
7.542729e+06 
7.542718e+06 
7.542709e+06 
7.542702e+06 
7.542696e+06 
7.542691e+06 
7.542688e+06 
7.542685e+06 
7.542682e+06 
7.542680e+06 
7.542678e+06 
7.542677e+06 
7.542676e+06 
7.542675e+06 
7.542675e+06 
7.542674e+06 
4.326473e+06 
4.326473e+06 
4.326473e+06 
4.326473e+06 
4.326473e+06 
4.326473e+06 
4.326473e+06 
4.326473e+06 
4.326473e+06 
4.326473e+06 
4.326473e+06 
4.326473e+06 
4.326473e+06 
4.326473e+06 
4.326473e+06 
4.326473e+06 
4.326473e+06 
4.326473e+06 
4.326473e+06 
4.326473e+06 
4.326473e+06 
4.326473e+06 
4.326473e+06 
4.326473e+06 
4.135932e+06 
4.135932e+06 
4.135932e+06 
4.135932e+06 
4.135932e+06 
4.135932e+06 
4.135932e+06 
4.135932e+06 
4.135932e+06 
4.135932e+06 
4.135932e+06 
4.135932e+06 
4.135932e+06 
4.135932e+06 
4.135932e+06 
4.135932e+06 
4.135932e+06 
4.135932e+06 
4.135932e+06 
4.135932e+06 
4.135932e+06 
4.135932e+06 
4.135932e+06 
4.135932e+06 
4.135932e+06 
4.135932e+06 
4.135932e+06 
4.135932e+06 
4.135932e+06 
4.135932e+06 
4.135932e+06 
4.135932e+06 
4.135932e+06 
4.135932e+06 
4.135932e+06 
4.135932e+06 
4.135932e+06 
4.135932e+06 
4.135932e+06 
4.135932e+06 
4.135932e+06 
4.135932e+06 
4.135932e+06 
3.821396e+06 
3.821396e+06 
3.821396e+06 
3.821396e+06 
3.821396e+06 
3.821396e+06 
3.821396e+06 
3.821396e+06 
3.821396e+06 
3.821396e+06 
3.821396e+06 
3.821396e+06 
3.821396e+06 
3.821396e+06 
3.821396e+06 
3.821396e+06 
3.821396e+06 
3.821396e+06 
3.821396e+06 
3.821396e+06 
3.821396e+06 
3.821396e+06 
3.821396e+06 
3.821396e+06 
3.821396e+06 
3.821396e+06 
3.821396e+06 
3.821396e+06 
3.821396e+06 
3.821396e+06 
3.821396e+06 
3.821396e+06 
3.821396e+06 
3.821396e+06 
3.821396e+06 
3.821396e+06 
3.821396e+06 
3.821396e+06 
3.821396e+06 
3.821396e+06 
3.821396e+06 
3.821396e+06 
3.821396e+06 
3.821396e+06 
3.821396e+06 
3.821396e+06 
3.821396e+06 
3.821396e+06 
3.821396e+06 
3.821396e+06 
3.821396e+06 
3.821396e+06 
3.821396e+06 
3.821396e+06 
3.821396e+06 
3.821396e+06 
3.821396e+06 
3.821396e+06 
3.821396e+06 
3.612485e+06 
3.612485e+06 
3.612485e+06 
3.612485e+06 
3.612485e+06 
3.612485e+06 
3.612485e+06 
3.612485e+06 
3.612485e+06 
3.612485e+06 
3.612485e+06 
3.612485e+06 
3.612485e+06 
3.612485e+06 
3.612485e+06 
3.612485e+06 
3.612485e+06 
3.612485e+06 
3.612485e+06 
3.612485e+06 
3.612485e+06 
3.612485e+06 
3.612485e+06 
3.612485e+06 
3.612485e+06 
3.612485e+06 
3.612485e+06 
3.612485e+06 
3.612485e+06 
3.612485e+06 
3.612485e+06 
3.612485e+06 
3.612485e+06 
3.612485e+06 
3.612485e+06 
3.612485e+06 
3.612485e+06 
3.612485e+06 
3.612485e+06 
3.612485e+06 
3.612485e+06 
3.612485e+06 
3.612485e+06 
3.612485e+06 
3.612485e+06 
3.612485e+06 
3.612485e+06 
3.612485e+06 
3.612485e+06 
3.612485e+06 
3.612485e+06 
3.612485e+06 
3.612485e+06 
3.612485e+06 
3.612485e+06 
3.612485e+06 
3.612485e+06 
3.612485e+06 
3.612485e+06 
3.612485e+06 
3.612485e+06 
3.612485e+06 
3.612485e+06 
3.612485e+06 
3.612485e+06 
3.612485e+06 
3.612485e+06 
3.612485e+06 
3.612485e+06 
3.612485e+06 
3.612485e+06 
3.612485e+06 
3.612485e+06 
3.612485e+06 
3.612485e+06 
3.612485e+06 
3.612485e+06 
3.612485e+06 
3.612485e+06 
3.612485e+06 
3.612485e+06 
3.612485e+06 
3.612485e+06 
3.612485e+06 
3.612485e+06 
3.612485e+06 
3.612485e+06 
3.612485e+06 
3.612485e+06 
3.612485e+06 
3.612485e+06 
3.612485e+06 
3.612485e+06 
3.612485e+06 
3.612485e+06 
3.612485e+06 
3.612485e+06 
3.612485e+06 
3.612485e+06 
3.612485e+06 
3.612485e+06 
3.612485e+06 
3.612485e+06 
3.612485e+06 
3.612485e+06 
3.612485e+06 
3.612485e+06 
3.612485e+06 
3.612485e+06 
3.612485e+06 
3.612485e+06 
3.612485e+06 
3.612485e+06 
3.612485e+06 
3.612485e+06 
3.612485e+06 
3.612485e+06 
3.612485e+06 
3.612485e+06 
3.612485e+06 
3.612485e+06 
3.612485e+06 
3.612485e+06 
3.238333e+06 
3.238333e+06 
3.238333e+06 
3.238333e+06 
3.238333e+06 
3.238333e+06 
3.238333e+06 
3.238333e+06 
3.238333e+06 
3.238333e+06 
3.238333e+06 
3.238333e+06 
3.238333e+06 
3.238333e+06 
3.238333e+06 
3.238333e+06 
3.238333e+06 
3.238333e+06 
3.238333e+06 
3.238333e+06 
3.238333e+06 
3.238333e+06 
3.238333e+06 
3.238333e+06 
3.238333e+06 
3.238333e+06 
3.238333e+06 
3.238333e+06 
3.238333e+06 
3.238333e+06 
3.238333e+06 
3.238333e+06 
3.238333e+06 
3.238333e+06 
3.238333e+06 
3.238333e+06 
3.238333e+06 
3.238333e+06 
3.238333e+06 
3.238333e+06 
3.238333e+06 
3.238333e+06 
3.238333e+06 
3.238333e+06 
3.238333e+06 
3.238333e+06 
3.238333e+06 
3.238333e+06 
3.238333e+06 
3.238333e+06 
3.238333e+06 
3.238333e+06 
3.238333e+06 
3.238333e+06 
3.238333e+06 
3.238333e+06 
3.238333e+06 
3.238333e+06 
3.238333e+06 
3.238333e+06 
3.238333e+06 
3.238333e+06 
3.238333e+06 
3.238333e+06 
3.238333e+06 
3.238333e+06 
3.238333e+06 
3.238333e+06 
3.238333e+06 
3.238333e+06 
3.238333e+06 
3.238333e+06 
3.238333e+06 
3.238333e+06 
3.238333e+06 
3.238333e+06 
3.238333e+06 
3.238333e+06 
3.238333e+06 
3.238333e+06 
3.238333e+06 
3.238333e+06 
3.238333e+06 
3.238333e+06 
3.238333e+06 
3.238333e+06 
3.238333e+06 
3.238333e+06 
3.238333e+06 
3.238333e+06 
3.238333e+06 
3.238333e+06 
3.238333e+06 
3.238333e+06 
3.238333e+06 
3.238333e+06 
3.062591e+06 
2.597731e+06 
2.597731e+06 
2.355461e+06 
2.355461e+06 
2.355461e+06 
2.355461e+06 
2.355461e+06 
2.355461e+06 
2.355461e+06 
2.278814e+06 
2.278814e+06 
2.278814e+06 
2.278814e+06 
2.278814e+06 
2.278814e+06 
2.278814e+06 
2.278814e+06 
2.278814e+06 
2.278814e+06 
2.278814e+06 
2.278814e+06 
2.278814e+06 
2.278814e+06 
2.278814e+06 
2.278814e+06 
2.278814e+06 
2.278814e+06 
2.278814e+06 
2.278814e+06 
2.278814e+06 
2.278814e+06 
2.278814e+06 
2.278814e+06 
2.278814e+06 
2.278814e+06 
2.278814e+06 
2.278814e+06 
2.278814e+06 
2.278814e+06 
2.278814e+06 
2.278814e+06 
2.224402e+06 
2.224402e+06 
2.224402e+06 
2.224402e+06 
2.224402e+06 
2.224402e+06 
2.224402e+06 
2.224402e+06 
2.224402e+06 
2.224402e+06 
2.224402e+06 
2.224402e+06 
2.224402e+06 
2.224402e+06 
2.224402e+06 
2.224402e+06 
2.224402e+06 
2.224402e+06 
2.224402e+06 
2.224402e+06 
2.224402e+06 
2.224402e+06 
2.224402e+06 
2.224402e+06 
2.224402e+06 
2.224402e+06 
2.224402e+06 
2.224402e+06 
2.224402e+06 
2.224402e+06 
2.017775e+06 
2.017775e+06 
2.017775e+06 
1.949530e+06 
1.949530e+06 
1.949530e+06 
1.949530e+06 
1.949530e+06 
1.949530e+06 
1.949530e+06 
1.824215e+06 
1.824215e+06 
1.824215e+06 
1.824215e+06 
1.824215e+06 
1.824215e+06 
1.793980e+06 
1.732911e+06 
1.732911e+06 
1.732911e+06 
1.732911e+06 
1.726828e+06 
1.726828e+06 
1.726828e+06 
1.726828e+06 
1.726828e+06 
1.726674e+06 
1.726674e+06 
1.726674e+06 
1.726674e+06 
1.726674e+06 
1.726674e+06 
1.726674e+06 
1.726674e+06 
1.725349e+06 
1.725349e+06 
1.725349e+06 
1.725349e+06 
1.725349e+06 
1.722406e+06 
1.722406e+06 
1.722406e+06 
1.722406e+06 
1.722406e+06 
1.722406e+06 
1.722406e+06 
1.722406e+06 
1.722406e+06 
1.722406e+06 
1.722406e+06 
1.721159e+06 
1.720893e+06 
1.720893e+06 
1.720639e+06 
1.720344e+06 
1.720344e+06 
1.720344e+06 
1.720344e+06 
1.720237e+06 
1.720237e+06 
1.720237e+06 
1.720076e+06 
1.720076e+06 
1.720076e+06 
1.720076e+06 
1.718914e+06 
1.718061e+06 
1.717557e+06 
1.717262e+06 
1.717093e+06 
1.716999e+06 
1.716948e+06 
1.716922e+06 
1.716911e+06 
1.716908e+06 
1.716908e+06 
1.716810e+06 
1.716743e+06 
1.716697e+06 
1.716664e+06 
1.716641e+06 
1.716624e+06 
6.654356e+05 
6.583310e+05 
6.583310e+05 
6.583310e+05 
6.583310e+05 
6.583310e+05 
6.583310e+05 
6.583310e+05 
6.583310e+05 
6.583310e+05 
6.583310e+05 
6.583310e+05 
6.583310e+05 
6.583310e+05 
6.583310e+05 
6.583310e+05 
6.583310e+05 
6.535042e+05 
6.535042e+05 
6.535042e+05 
6.535042e+05 
6.535042e+05 
6.535042e+05 
6.535042e+05 
6.535042e+05 
6.535042e+05 
6.535042e+05 
6.535042e+05 
6.535042e+05 
6.535042e+05 
6.535042e+05 
6.535042e+05 
6.535042e+05 
6.535042e+05 
6.535042e+05 
6.535042e+05 
6.535042e+05 
6.535042e+05 
6.535042e+05 
6.535042e+05 
6.535042e+05 
6.535042e+05 
6.535042e+05 
6.535042e+05 
6.535042e+05 
6.535042e+05 
6.535042e+05 
6.535042e+05 
6.535042e+05 
6.535042e+05 
6.535042e+05 
6.535042e+05 
6.535042e+05 
6.535042e+05 
6.535042e+05 
6.535042e+05 
6.535042e+05 
6.535042e+05 
6.535042e+05 
6.535042e+05 
6.535042e+05 
6.535042e+05 
6.535042e+05 
6.535042e+05 
6.535042e+05 
6.535042e+05 
6.535042e+05 
6.535042e+05 
6.535042e+05 
6.535042e+05 
6.535042e+05 
6.535042e+05 
6.535042e+05 
6.535042e+05 
6.535042e+05 
6.535042e+05 
6.535042e+05 
6.535042e+05 
6.535042e+05 
6.535042e+05 
6.535042e+05 
6.535042e+05 
6.535042e+05 
6.535042e+05 
6.535042e+05 
6.535042e+05 
6.535042e+05 
6.535042e+05 
6.535042e+05 
6.535042e+05 
6.535042e+05 
6.535042e+05 
6.535042e+05 
6.535042e+05 
6.535042e+05 
6.535042e+05 
6.535042e+05 
6.535042e+05 
6.535042e+05 
6.535042e+05 
6.535042e+05 
6.535042e+05 
6.535042e+05 
6.535042e+05 
6.535042e+05 
6.535042e+05 
6.535042e+05 
6.535042e+05 
6.535042e+05 
6.535042e+05 
6.535042e+05 
6.535042e+05 
6.535042e+05 
6.535042e+05 
6.535042e+05 
6.535042e+05 
6.535042e+05 
6.535042e+05 
6.535042e+05 
6.535042e+05 
6.535042e+05 
6.535042e+05 
6.535042e+05 
6.535042e+05 
6.535042e+05 
6.535042e+05 
6.535042e+05 
6.535042e+05 
6.535042e+05 
6.535042e+05 
5.440129e+05 
5.440129e+05 
5.440129e+05 
5.440129e+05 
5.440129e+05 
5.440129e+05 
5.440129e+05 
5.440129e+05 
5.440129e+05 
5.440129e+05 
5.440129e+05 
5.440129e+05 
5.440129e+05 
5.440129e+05 
5.440129e+05 
5.440129e+05 
5.440129e+05 
5.440129e+05 
5.440129e+05 
5.440129e+05 
5.440129e+05 
5.440129e+05 
5.440129e+05 
5.440129e+05 
5.440129e+05 
5.440129e+05 
5.440129e+05 
5.440129e+05 
5.440129e+05 
5.440129e+05 
5.440129e+05 
5.440129e+05 
5.440129e+05 
5.440129e+05 
5.440129e+05 
5.440129e+05 
5.440129e+05 
5.440129e+05 
5.440129e+05 
5.440129e+05 
5.440129e+05 
5.440129e+05 
5.440129e+05 
5.440129e+05 
5.440129e+05 
5.440129e+05 
5.440129e+05 
5.440129e+05 
5.440129e+05 
5.440129e+05 
5.440129e+05 
5.440129e+05 
5.440129e+05 
5.440129e+05 
5.440129e+05 
5.440129e+05 
5.440129e+05 
5.440129e+05 
5.440129e+05 
5.440129e+05 
5.440129e+05 
5.440129e+05 
5.440129e+05 
5.440129e+05 
5.440129e+05 
5.440129e+05 
5.440129e+05 
5.440129e+05 
5.440129e+05 
5.440129e+05 
5.440129e+05 
5.440129e+05 
3.853761e+05 
3.853761e+05 
3.853761e+05 
3.853761e+05 
3.853761e+05 
3.853761e+05 
3.853761e+05 
3.853761e+05 
3.853761e+05 
3.835429e+05 
3.835429e+05 
3.835429e+05 
3.835429e+05 
3.835429e+05 
3.835429e+05 
3.835429e+05 
3.695326e+05 
3.695326e+05 
3.695326e+05 
3.695326e+05 
3.695326e+05 
3.695326e+05 
3.695326e+05 
3.695326e+05 
3.683049e+05 
3.683049e+05 
3.683049e+05 
3.683049e+05 
3.683049e+05 
3.683049e+05 
3.683049e+05 
3.683049e+05 
3.682946e+05 
3.682508e+05 
3.682508e+05 
3.679817e+05 
3.675445e+05 
3.674365e+05 
3.674365e+05 
3.674365e+05 
3.674365e+05 
3.673654e+05 
3.672804e+05 
3.672477e+05 
3.672420e+05 
3.672420e+05 
3.672039e+05 
3.671799e+05 
3.671681e+05 
3.671629e+05 
3.671612e+05 
3.671612e+05 
3.671585e+05 
3.671585e+05 
3.671585e+05 
3.671273e+05 
3.670802e+05 
3.670450e+05 
3.670185e+05 
3.669985e+05 
3.669833e+05 
3.669718e+05 
3.669629e+05 
3.669562e+05 
3.669510e+05 
3.669471e+05 
3.669440e+05 
3.669417e+05 
3.669399e+05 
3.669385e+05 
3.530183e+05 
3.530183e+05 
3.530183e+05 
3.530183e+05 
3.530183e+05 
3.530183e+05 
3.530183e+05 
3.530183e+05 
3.530183e+05 
3.530183e+05 
3.530183e+05 
3.530183e+05 
3.530183e+05 
3.530183e+05 
3.530183e+05 
3.530183e+05 
3.530183e+05 
3.530183e+05 
3.530183e+05 
3.530183e+05 
3.530183e+05 
3.530183e+05 
3.530183e+05 
3.530183e+05 
3.530183e+05 
3.100180e+05 
3.100180e+05 
3.100180e+05 
3.100180e+05 
3.100180e+05 
3.100180e+05 
3.100180e+05 
3.100180e+05 
2.518843e+05 
2.518843e+05 
2.518843e+05 
2.518843e+05 
2.518843e+05 
2.518843e+05 
2.518843e+05 
2.518843e+05 
2.518843e+05 
2.518843e+05 
2.518843e+05 
2.518843e+05 
2.518843e+05 
2.518843e+05 
2.518843e+05 
2.518843e+05 
2.518843e+05 
2.518843e+05 
2.518843e+05 
2.518843e+05 
2.518843e+05 
2.518843e+05 
2.518843e+05 
2.518843e+05 
2.518843e+05 
2.518843e+05 
2.518843e+05 
2.518843e+05 
2.518843e+05 
2.518843e+05 
2.518843e+05 
2.518843e+05 
2.518843e+05 
2.518843e+05 
2.518843e+05 
2.518843e+05 
2.518843e+05 
2.518843e+05 
2.518843e+05 
2.518843e+05 
2.518843e+05 
2.518843e+05 
2.518843e+05 
2.518843e+05 
2.518843e+05 
2.518843e+05 
2.518843e+05 
2.518843e+05 
2.518843e+05 
2.518843e+05 
2.518843e+05 
1.821009e+05 
1.821009e+05 
1.821009e+05 
1.821009e+05 
1.821009e+05 
1.821009e+05 
1.821009e+05 
1.821009e+05 
1.821009e+05 
1.821009e+05 
1.821009e+05 
1.821009e+05 
1.821009e+05 
1.821009e+05 
1.821009e+05 
1.821009e+05 
1.821009e+05 
1.821009e+05 
1.821009e+05 
1.821009e+05 
1.821009e+05 
1.821009e+05 
1.821009e+05 
1.821009e+05 
1.821009e+05 
1.821009e+05 
1.821009e+05 
1.821009e+05 
1.821009e+05 
1.821009e+05 
1.821009e+05 
1.821009e+05 
1.821009e+05 
1.821009e+05 
1.821009e+05 
1.821009e+05 
1.821009e+05 
1.821009e+05 
1.821009e+05 
1.821009e+05 
1.821009e+05 
1.821009e+05 
1.821009e+05 
1.821009e+05 
1.821009e+05 
1.821009e+05 
1.821009e+05 
1.821009e+05 
1.821009e+05 
1.821009e+05 
1.821009e+05 
1.821009e+05 
1.821009e+05 
1.821009e+05 
1.821009e+05 
1.765625e+05 
1.765625e+05 
1.534109e+05 
1.340725e+05 
1.340725e+05 
1.007015e+05 
8.471904e+04 
8.471904e+04 
8.471904e+04 
8.080391e+04 
7.304951e+04 
7.277762e+04 
7.277762e+04 
7.214255e+04 
6.973576e+04 
6.814140e+04 
6.706564e+04 
6.632675e+04 
6.581067e+04 
6.544471e+04 
6.518173e+04 
6.499059e+04 
6.485033e+04 
6.474660e+04 
6.466940e+04 
6.461166e+04 
6.456831e+04 
6.453565e+04 
6.451100e+04 
6.449235e+04 
6.447823e+04 
6.446752e+04 
6.445939e+04 
6.445322e+04 
6.444854e+04 
6.444498e+04 
6.444227e+04 
6.444021e+04 
6.443865e+04 
6.443746e+04 
6.443656e+04 
6.443587e+04 
6.443535e+04 
6.443495e+04 
6.443465e+04 
6.443442e+04 
6.443424e+04 
6.443411e+04 
6.443401e+04 
6.443393e+04 
6.443388e+04 
6.443383e+04 
6.443380e+04 
6.443377e+04 
6.443375e+04 
6.443374e+04 
6.443373e+04 
6.443372e+04 
6.443371e+04 
6.443371e+04 
6.443370e+04 
6.443370e+04 
6.443370e+04 
6.443370e+04 
6.443370e+04 
6.443369e+04 
5.645737e+04 
5.565590e+04 
5.565590e+04 
5.565590e+04 
5.565590e+04 
5.565590e+04 
3.305747e+04 
3.305747e+04 
3.305747e+04 
3.305747e+04 
3.305747e+04 
3.305747e+04 
3.305747e+04 
3.305747e+04 
3.305747e+04 
3.305747e+04 
3.305747e+04 
3.305747e+04 
3.305747e+04 
3.305747e+04 
3.305747e+04 
3.305747e+04 
3.305747e+04 
3.305747e+04 
3.039235e+04 
3.039235e+04 
3.039235e+04 
3.039235e+04 
3.039235e+04 
3.039235e+04 
2.788814e+04 
2.788814e+04 
2.631211e+04 
2.631211e+04 
2.631211e+04 
2.631211e+04 
2.631211e+04 
2.631211e+04 
2.631211e+04 
2.631211e+04 
2.388184e+04 
2.388184e+04 
1.877234e+04 
1.638454e+04 
1.638454e+04 
1.638454e+04 
1.600551e+04 
1.600551e+04 
1.600551e+04 
1.600551e+04 
1.600551e+04 
1.600551e+04 
1.600551e+04 
1.600551e+04 
1.600551e+04 
1.600551e+04 
1.600551e+04 
1.597895e+04 
1.597895e+04 
1.597895e+04 
1.597895e+04 
1.597895e+04 
1.597895e+04 
1.597895e+04 
1.597895e+04 
1.597895e+04 
1.461620e+04 
1.461620e+04 
1.461620e+04 
1.319937e+04 
9.983892e+03 
9.700723e+03 
9.273839e+03 
9.273839e+03 
9.273839e+03 
6.286915e+03 
5.157684e+03 
5.157684e+03 
5.157684e+03 
4.982547e+03 
4.982547e+03 
4.982547e+03 
4.982547e+03 
4.906671e+03 
4.166960e+03 
4.166960e+03 
4.166960e+03 
4.029475e+03 
4.029475e+03 
3.460204e+03 
3.460204e+03 
3.460204e+03 
3.460204e+03 
3.460204e+03 
3.460204e+03 
3.460204e+03 
3.460204e+03 
3.460204e+03 
3.460204e+03 
3.460204e+03 
2.982362e+03 
2.982362e+03 
2.913587e+03 
2.913587e+03 
2.913587e+03 
2.913587e+03 
2.389420e+03 
2.389420e+03 
2.389420e+03 
2.389420e+03 
2.389420e+03 
2.389420e+03 
2.291016e+03 
2.291016e+03 
2.291016e+03 
2.291016e+03 
2.291016e+03 
2.291016e+03 
2.291016e+03 
2.291016e+03 
2.291016e+03 
2.291016e+03 
2.263468e+03 
2.263468e+03 
2.263468e+03 
2.263468e+03 
2.263468e+03 
2.263468e+03 
2.263468e+03 
2.263468e+03 
2.263468e+03 
2.263468e+03 
2.263468e+03 
2.263468e+03 
2.025575e+03 
2.025575e+03 
2.025575e+03 
2.025575e+03 
2.025575e+03 
2.025575e+03 
2.025575e+03 
2.025575e+03 
2.025575e+03 
2.025575e+03 
2.025575e+03 
2.025575e+03 
2.025575e+03 
2.025575e+03 
2.025575e+03 
2.025575e+03 
2.025575e+03 
2.025575e+03 
2.025575e+03 
2.025575e+03 
2.025575e+03 
2.025575e+03 
2.025575e+03 
2.025575e+03 
2.025575e+03 
2.025575e+03 
2.025575e+03 
2.025575e+03 
2.025575e+03 
2.025575e+03 
2.025575e+03 
2.025575e+03 
2.025575e+03 
2.025575e+03 
2.025575e+03 
2.025575e+03 
2.025575e+03 
2.025575e+03 
2.025575e+03 
2.025575e+03 
2.025575e+03 
2.025575e+03 
2.025575e+03 
2.025575e+03 
2.025575e+03 
2.025575e+03 
2.025575e+03 
2.025575e+03 
1.917769e+03 
1.873786e+03 
1.873786e+03 
1.873786e+03 
1.873786e+03 
1.807546e+03 
1.807546e+03 
1.807546e+03 
1.807546e+03 
1.807546e+03 
1.807546e+03 
1.807546e+03 
1.807546e+03 
1.807546e+03 
1.807546e+03 
1.807546e+03 
1.807546e+03 
1.807201e+03 
1.807201e+03 
1.705933e+03 
1.705933e+03 
1.700985e+03 
1.700985e+03 
1.700985e+03 
1.700985e+03 
1.687338e+03 
1.687338e+03 
1.687338e+03 
1.687338e+03 
1.684532e+03 
1.662828e+03 
1.647463e+03 
1.636455e+03 
1.628493e+03 
1.622690e+03 
1.618433e+03 
1.615297e+03 
1.612977e+03 
1.611257e+03 
1.609978e+03 
1.609027e+03 
1.608317e+03 
1.607788e+03 
1.607394e+03 
1.607099e+03 
1.606878e+03 
1.606714e+03 
1.606591e+03 
1.606499e+03 
1.606430e+03 
1.606379e+03 
1.606341e+03 
1.606312e+03 
1.606291e+03 
1.606275e+03 
1.606263e+03 
1.606254e+03 
1.606247e+03 
1.606242e+03 
1.606238e+03 
1.606236e+03 
1.606233e+03 
1.606232e+03 
1.606231e+03 
1.606230e+03 
1.606229e+03 
1.606229e+03 
1.606228e+03 
1.606228e+03 
1.606228e+03 
1.606228e+03 
1.606228e+03 
1.606228e+03 
1.606227e+03 
1.606227e+03 
1.606227e+03 
1.606227e+03 
1.606227e+03 
1.606227e+03 
1.606227e+03 
1.606227e+03 
1.606227e+03 
1.606227e+03 
1.606227e+03 
1.606227e+03 
1.606227e+03 
1.606227e+03 
1.606227e+03 
1.606227e+03 
1.606227e+03 
1.606227e+03 
1.606227e+03 
1.606227e+03 
1.606227e+03 
1.606227e+03 
1.606227e+03 
1.606227e+03 
1.606227e+03 
1.606227e+03 
1.186093e+03 
1.186093e+03 
1.186093e+03 
1.061741e+03 
1.000985e+03 
1.000985e+03 
9.526964e+02 
9.526964e+02 
9.526964e+02 
8.378454e+02 
6.937582e+02 
6.146743e+02 
5.714279e+02 
5.478976e+02 
5.351838e+02 
5.283814e+02 
5.247929e+02 
5.229390e+02 
5.220119e+02 
5.215726e+02 
5.213845e+02 
5.213214e+02 
5.213170e+02 
5.213170e+02 
5.213170e+02 
5.183773e+02 
5.145286e+02 
5.116832e+02 
5.095764e+02 
5.080149e+02 
5.068566e+02 
5.059969e+02 
5.053586e+02 
5.048844e+02 
5.045322e+02 
5.042706e+02 
5.040761e+02 
5.039316e+02 
5.038243e+02 
5.037445e+02 
5.036852e+02 
5.036412e+02 
5.036085e+02 
5.035842e+02 
5.035661e+02 
5.035527e+02 
5.035427e+02 
5.035353e+02 
5.035298e+02 
5.035257e+02 
4.991368e+02 
3.710942e+02 
3.710942e+02 
3.710942e+02 
3.710942e+02 
3.601433e+02 
3.601433e+02 
2.859841e+02 
2.859841e+02 
2.859841e+02 
2.859841e+02 
2.859841e+02 
2.859841e+02 
2.859841e+02 
2.859841e+02 
2.859841e+02 
2.486014e+02 
2.486014e+02 
2.486014e+02 
2.486014e+02 
2.486014e+02 
2.486014e+02 
2.486014e+02 
2.280652e+02 
2.280652e+02 
2.280652e+02 
2.280652e+02 
2.280652e+02 
2.280652e+02 
2.067147e+02 
2.067147e+02 
2.067147e+02 
2.067147e+02 
2.067147e+02 
2.067147e+02 
2.067147e+02 
2.014614e+02 
2.014614e+02 
2.014614e+02 
2.014614e+02 
2.014614e+02 
1.918192e+02 
1.918192e+02 
1.918192e+02 
1.918192e+02 
1.918192e+02 
1.918192e+02 
1.918192e+02 
1.918192e+02 
1.918192e+02 
1.918192e+02 
1.918192e+02 
1.918192e+02 
1.918192e+02 
1.918192e+02 
1.918192e+02 
1.918192e+02 
1.918192e+02 
1.918192e+02 
1.918192e+02 
1.918192e+02 
1.918192e+02 
1.918192e+02 
1.918192e+02 
1.918192e+02 
1.918192e+02 
1.918192e+02 
1.918192e+02 
1.918192e+02 
1.918192e+02 
1.918192e+02 
1.918192e+02 
1.918192e+02 
1.918192e+02 
1.918192e+02 
1.918192e+02 
1.905699e+02 
1.905699e+02 
1.905699e+02 
1.905699e+02 
1.905699e+02 
1.898638e+02 
1.489650e+02 
1.489650e+02 
1.489650e+02 
1.489650e+02 
1.489650e+02 
1.489650e+02 
1.489650e+02 
1.489650e+02 
1.489650e+02 
1.489650e+02 
1.489650e+02 
1.489650e+02 
1.489650e+02 
1.489650e+02 
1.489650e+02 
1.489650e+02 
1.489650e+02 
1.489650e+02 
1.489650e+02 
1.489650e+02 
1.489650e+02 
1.489650e+02 
1.489650e+02 
1.489650e+02 
1.489650e+02 
1.489650e+02 
1.448661e+02 
1.448661e+02 
1.448661e+02 
1.448661e+02 
1.448661e+02 
1.448661e+02 
1.448661e+02 
1.448661e+02 
1.448661e+02 
1.448661e+02 
1.448661e+02 
1.448661e+02 
1.448661e+02 
1.209577e+02 
1.136406e+02 
1.136406e+02 
1.136406e+02 
1.136406e+02 
1.111429e+02 
1.111429e+02 
1.111429e+02 
1.111429e+02 
1.111429e+02 
1.111429e+02 
1.111429e+02 
1.111429e+02 
1.111429e+02 
1.111429e+02 
1.111429e+02 
1.111429e+02 
1.111429e+02 
1.111429e+02 
9.088977e+01 
9.088977e+01 
9.088977e+01 
9.088977e+01 
9.088977e+01 
9.088977e+01 
9.088977e+01 
9.088977e+01 
9.088977e+01 
9.088977e+01 
9.088977e+01 
9.088977e+01 
9.088977e+01 
9.088977e+01 
9.088977e+01 
9.088977e+01 
9.088977e+01 
9.088977e+01 
9.088977e+01 
7.931894e+01 
7.931894e+01 
7.931894e+01 
7.931894e+01 
7.931894e+01 
7.931894e+01 
7.931894e+01 
7.931894e+01 
7.931894e+01 
7.931894e+01 
7.931894e+01 
7.931894e+01 
7.931894e+01 
7.931894e+01 
7.931894e+01 
7.931894e+01 
7.931894e+01 
7.931894e+01 
7.931894e+01 
7.931894e+01 
7.931894e+01 
7.931894e+01 
7.931894e+01 
6.708240e+01 
6.708240e+01 
6.708240e+01 
6.708240e+01 
6.708240e+01 
6.708240e+01 
6.708240e+01 
6.708240e+01 
6.708240e+01 
6.708240e+01 
6.708240e+01 
5.763201e+01 
5.763201e+01 
5.763201e+01 
5.763201e+01 
5.605143e+01 
5.605143e+01 
5.605143e+01 
5.605143e+01 
5.605143e+01 
4.243448e+01 
4.242783e+01 
4.242783e+01 
4.242783e+01 
4.242783e+01 
4.242783e+01 
4.242783e+01 
4.242783e+01 
4.242783e+01 
4.242783e+01 
4.242783e+01 
4.242783e+01 
4.242783e+01 
4.242783e+01 
4.242783e+01 
4.242783e+01 
4.199660e+01 
4.199660e+01 
3.811525e+01 
3.811525e+01 
3.811525e+01 
3.811525e+01 
3.170269e+01 
3.170269e+01 
3.170269e+01 
3.170269e+01 
3.170269e+01 
3.170269e+01 
3.170269e+01 
3.170269e+01 
3.170269e+01 
3.170269e+01 
3.170269e+01 
3.170269e+01 
3.170269e+01 
3.170269e+01 
3.170269e+01 
2.625288e+01 
2.625288e+01 
2.205067e+01 
2.205067e+01 
2.205067e+01 
2.205067e+01 
2.066136e+01 
2.066136e+01 
2.066136e+01 
2.047058e+01 
2.047058e+01 
2.047058e+01 
2.047058e+01 
2.047058e+01 
2.047058e+01 
2.047058e+01 
2.047058e+01 
2.047058e+01 
2.047058e+01 
2.047058e+01 
2.047058e+01 
2.047058e+01 
2.047058e+01 
2.047058e+01 
2.047058e+01 
2.047058e+01 
1.569836e+01 
1.569836e+01 
1.569836e+01 
1.569836e+01 
1.569836e+01 
1.569836e+01 
1.569836e+01 
1.569836e+01 
1.569836e+01 
1.569836e+01 
1.569836e+01 
1.569836e+01 
1.569836e+01 
1.569836e+01 
1.569836e+01 
1.569836e+01 
1.569836e+01 
1.569836e+01 
1.569836e+01 
1.569836e+01 
1.569836e+01 
1.569836e+01 
1.569836e+01 
1.569836e+01 
1.569836e+01 
1.569836e+01 
1.569836e+01 
1.569836e+01 
1.569836e+01 
1.498602e+01 
1.498602e+01 
1.223652e+01 
1.223652e+01 
1.223652e+01 
1.223652e+01 
1.103763e+01 
1.103763e+01 
1.103763e+01 
1.103763e+01 
1.103763e+01 
1.103763e+01 
1.103763e+01 
1.103763e+01 
1.103763e+01 
1.103763e+01 
1.103763e+01 
1.103763e+01 
1.103763e+01 
1.103763e+01 
1.103763e+01 
1.103763e+01 
1.103763e+01 
1.092014e+01 
1.092014e+01 
1.092014e+01 
1.092014e+01 
1.092014e+01 
1.092014e+01 
1.092014e+01 
1.092014e+01 
1.092014e+01 
1.092014e+01 
1.092014e+01 
1.092014e+01 
1.092014e+01 
1.092014e+01 
1.092014e+01 
1.092014e+01 
1.092014e+01 
1.092014e+01 
1.092014e+01 
1.092014e+01 
1.092014e+01 
1.092014e+01 
1.092014e+01 
1.092014e+01 
1.092014e+01 
1.092014e+01 
1.092014e+01 
8.945091e+00 
8.945091e+00 
8.945091e+00 
8.945091e+00 
8.945091e+00 
8.945091e+00 
8.945091e+00 
8.945091e+00 
8.945091e+00 
8.945091e+00 
8.945091e+00 
8.945091e+00 
8.945091e+00 
8.945091e+00 
8.945091e+00 
8.945091e+00 
8.945091e+00 
8.945091e+00 
8.945091e+00 
8.945091e+00 
8.945091e+00 
8.945091e+00 
8.945091e+00 
8.945091e+00 
8.945091e+00 
8.945091e+00 
8.945091e+00 
8.945091e+00 
8.945091e+00 
8.945091e+00 
8.945091e+00 
8.945091e+00 
8.945091e+00 
8.945091e+00 
8.214085e+00 
8.214085e+00 
8.214085e+00 
8.214085e+00 
8.214085e+00 
8.214085e+00 
8.214085e+00 
8.214085e+00 
8.214085e+00 
8.214085e+00 
8.214085e+00 
8.214085e+00 
8.138003e+00 
8.138003e+00 
8.138003e+00 
8.138003e+00 
8.138003e+00 
8.138003e+00 
8.138003e+00 
8.138003e+00 
8.138003e+00 
8.138003e+00 
8.138003e+00 
8.138003e+00 
8.138003e+00 
8.138003e+00 
8.138003e+00 
8.138003e+00 
8.138003e+00 
8.138003e+00 
8.138003e+00 
8.138003e+00 
7.904303e+00 
7.904303e+00 
7.904303e+00 
7.904303e+00 
7.904303e+00 
7.904303e+00 
7.904303e+00 
7.904303e+00 
7.904303e+00 
7.904303e+00 
7.904303e+00 
7.904303e+00 
7.904303e+00 
7.904303e+00 
7.904303e+00 
7.904303e+00 
7.904303e+00 
7.904303e+00 
7.904303e+00 
7.904303e+00 
7.904303e+00 
7.904303e+00 
7.904303e+00 
7.904303e+00 
7.904303e+00 
7.904303e+00 
7.904303e+00 
7.904303e+00 
7.904303e+00 
7.904303e+00 
7.904303e+00 
7.904303e+00 
7.904303e+00 
7.904303e+00 
7.904303e+00 
7.904303e+00 
7.904303e+00 
7.904303e+00 
7.904303e+00 
7.904303e+00 
7.904303e+00 
7.904303e+00 
7.904303e+00 
7.904303e+00 
7.904303e+00 
7.904303e+00 
6.462849e+00 
6.323960e+00 
6.323960e+00 
6.323960e+00 
6.323960e+00 
6.323960e+00 
5.596066e+00 
5.596066e+00 
5.596066e+00 
5.570699e+00 
5.570699e+00 
5.010782e+00 
5.010782e+00 
5.010782e+00 
5.010782e+00 
5.010782e+00 
5.010782e+00 
5.010782e+00 
4.991752e+00 
4.856925e+00 
4.856925e+00 
4.856925e+00 
4.605333e+00 
4.484911e+00 
4.484911e+00 
4.481270e+00 
4.481270e+00 
4.481270e+00 
4.481270e+00 
4.464921e+00 
4.464921e+00 
4.464921e+00 
4.464921e+00 
4.464921e+00 
4.456828e+00 
4.456828e+00 
4.456828e+00 
4.456828e+00 
4.235481e+00 
4.167629e+00 
4.036801e+00 
3.985087e+00 
3.985087e+00 
3.734945e+00 
3.734945e+00 
3.523114e+00 
3.523114e+00 
3.083368e+00 
3.083368e+00 
3.083368e+00 
3.083368e+00 
3.083368e+00 
3.083368e+00 
2.915792e+00 
2.915792e+00 
2.915792e+00 
2.915792e+00 
2.915792e+00 
2.915792e+00 
2.915792e+00 
2.915792e+00 
2.849961e+00 
2.849961e+00 
2.849961e+00 
2.849961e+00 
2.849961e+00 
2.810727e+00 
2.810727e+00 
2.810727e+00 
2.810727e+00 
2.810727e+00 
2.528013e+00 
2.528013e+00 
2.441627e+00 
2.441627e+00 
2.441627e+00 
2.441627e+00 
1.970226e+00 
1.970226e+00 
1.970226e+00 
1.830661e+00 
1.830661e+00 
1.799184e+00 
1.799184e+00 
1.799184e+00 
1.799184e+00 
1.799184e+00 
1.711501e+00 
1.667950e+00 
1.633507e+00 
1.535185e+00 
1.535185e+00 
1.535185e+00 
1.535185e+00 
1.535185e+00 
1.535185e+00 
1.535185e+00 
1.445387e+00 
1.445387e+00 
1.445387e+00 
1.445387e+00 
1.445387e+00 
1.435228e+00 
1.435228e+00 
1.435228e+00 
1.435228e+00 
1.408696e+00 
1.408696e+00 
1.370400e+00 
1.370400e+00 
1.370400e+00 
1.370400e+00 
1.370400e+00 
1.240200e+00 
1.240200e+00 
1.240200e+00 
1.134062e+00 
1.134062e+00 
1.134062e+00 
1.134062e+00 
1.134062e+00 
1.134062e+00 
1.134062e+00 
1.134062e+00 
1.134062e+00 
1.134062e+00 
1.134062e+00 
8.130391e-01 
8.130391e-01 
8.130391e-01 
8.130391e-01 
8.130391e-01 
8.130391e-01 
8.130391e-01 
8.130391e-01 
8.130391e-01 
7.362868e-01 
7.362868e-01 
7.362868e-01 
7.362868e-01 
5.880460e-01 
5.880460e-01 
5.880460e-01 
5.880460e-01 
5.880460e-01 
5.880460e-01 
5.880460e-01 
5.880460e-01 
5.880460e-01 
5.880460e-01 
5.880460e-01 
5.880460e-01 
5.880460e-01 
5.880460e-01 
4.796377e-01 
4.796377e-01 
4.796377e-01 
4.796377e-01 
4.796377e-01 
4.796377e-01 
4.796377e-01 
4.796377e-01 
4.796377e-01 
4.796377e-01 
4.796377e-01 
4.796377e-01 
4.796377e-01 
4.796377e-01 
4.796377e-01 
4.796377e-01 
4.796377e-01 
4.704094e-01 
4.704094e-01 
4.373034e-01 
4.373034e-01 
4.373034e-01 
4.373034e-01 
4.312620e-01 
4.312620e-01 
4.274519e-01 
4.274519e-01 
4.274519e-01 
4.274519e-01 
4.274519e-01 
4.274519e-01 
4.274519e-01 
4.274519e-01 
4.274519e-01 
4.274519e-01 
4.274519e-01 
4.274519e-01 
4.274519e-01 
4.274519e-01 
4.274519e-01 
4.274519e-01 
2.985533e-01 
2.985533e-01 
2.985533e-01 
1.928601e-01 
1.928601e-01 
1.529352e-01 
1.529352e-01 
1.529352e-01 
1.529352e-01 
1.529352e-01 
1.529352e-01 
1.012995e-01 
1.012995e-01 
8.640346e-02 
8.640346e-02 
8.640346e-02 
8.640346e-02 
8.640346e-02 
8.640346e-02 
8.640346e-02 
8.640346e-02 
8.640346e-02 
8.640346e-02 
8.640346e-02 
8.640346e-02 
8.640346e-02 
8.640346e-02 
8.640346e-02 
8.640346e-02 
8.640346e-02 
8.640346e-02 
8.640346e-02 
8.640346e-02 
8.640346e-02 
8.640346e-02 
8.640346e-02 
8.640346e-02 
8.640346e-02 
8.640346e-02 
8.640346e-02 
8.640346e-02 
8.640346e-02 
4.919443e-02 
4.919443e-02 
4.919443e-02 
4.919443e-02 
4.919443e-02 
4.919443e-02 
4.919443e-02 
4.919443e-02 
4.919443e-02 
4.919443e-02 
4.919443e-02 
4.919443e-02 
4.919443e-02 
4.919443e-02 
4.919443e-02 
4.919443e-02 
4.919443e-02 
4.919443e-02 
4.919443e-02 
4.919443e-02 
4.919443e-02 
4.919443e-02 
4.919443e-02 
4.919443e-02 
4.919443e-02 
4.919443e-02 
4.919443e-02 
4.919443e-02 
4.919443e-02 
4.919443e-02 
4.919443e-02 
4.919443e-02 
4.919443e-02 
4.919443e-02 
4.919443e-02 
4.919443e-02 
4.919443e-02 
4.919443e-02 
4.919443e-02 
4.919443e-02 
4.919443e-02 
4.919443e-02 
4.919443e-02 
4.919443e-02 
4.919443e-02 
4.919443e-02 
4.461896e-02 
4.461896e-02 
4.461896e-02 
4.461896e-02 
4.461896e-02 
4.461896e-02 
4.461896e-02 
2.993489e-02 
2.993489e-02 
2.993489e-02 
1.299797e-02 
1.299797e-02 
1.299797e-02 
1.299797e-02 
1.299797e-02 
1.299797e-02 
1.299797e-02 
1.299797e-02 
1.299797e-02 
1.299797e-02 
1.299797e-02 
1.299797e-02 
1.299797e-02 
1.299797e-02 
1.299797e-02 
1.299797e-02 
1.299797e-02 
1.299797e-02 
1.299797e-02 
1.299797e-02 
1.299797e-02 
1.299797e-02 
1.299797e-02 
1.299797e-02 
1.299797e-02 
1.299797e-02 
8.698496e-03 
8.698496e-03 
8.698496e-03 
8.698496e-03 
8.698496e-03 
8.698496e-03 
8.698496e-03 
8.698496e-03 
8.698496e-03 
6.229500e-03 
6.229500e-03 
6.229500e-03 
6.229500e-03 
6.229500e-03 
6.229500e-03 
6.229500e-03 
6.229500e-03 
6.229500e-03 
6.229500e-03 
6.229500e-03 
6.229500e-03 
6.229500e-03 
6.229500e-03 
6.229500e-03 
5.671204e-03 
5.671204e-03 
5.671204e-03 
5.671204e-03 
5.671204e-03 
5.671204e-03 
5.181037e-03 
5.181037e-03 
5.181037e-03 
5.181037e-03 
5.181037e-03 
5.181037e-03 
5.181037e-03 
5.181037e-03 
5.181037e-03 
5.181037e-03 
5.181037e-03 
5.181037e-03 
5.181037e-03 
5.181037e-03 
5.181037e-03 
5.181037e-03 
5.181037e-03 
5.181037e-03 
5.181037e-03 
5.181037e-03 
5.181037e-03 
5.181037e-03 
5.181037e-03 
5.181037e-03 
5.181037e-03 
5.181037e-03 
5.181037e-03 
5.181037e-03 
5.181037e-03 
5.181037e-03 
5.181037e-03 
5.181037e-03 
5.181037e-03 
5.181037e-03 
5.181037e-03 
5.181037e-03 
5.181037e-03 
5.181037e-03 
5.181037e-03 
5.181037e-03 
5.181037e-03 
5.181037e-03 
5.181037e-03 
5.181037e-03 
5.181037e-03 
3.958527e-03 
3.958527e-03 
3.958527e-03 
3.958527e-03 
3.958527e-03 
3.958527e-03 
3.958527e-03 
3.786136e-03 
3.786136e-03 
3.786136e-03 
3.786136e-03 
3.786136e-03 
2.262224e-03 
2.155422e-03 
2.155422e-03 
2.155422e-03 
2.155422e-03 
2.155422e-03 
2.155422e-03 
2.155422e-03 
2.155422e-03 
2.155422e-03 
2.155422e-03 
2.155422e-03 
2.155422e-03 
2.155422e-03 
1.992756e-03 
1.992756e-03 
1.992756e-03 
1.992756e-03 
1.992756e-03 
1.669512e-03 
1.669512e-03 
1.669512e-03 
1.669512e-03 
1.669512e-03 
1.669512e-03 
1.669512e-03 
1.669512e-03 
1.669512e-03 
1.669512e-03 
1.669512e-03 
1.669512e-03 
1.669512e-03 
1.457382e-03 
1.457382e-03 
1.457382e-03 
1.457382e-03 
1.457382e-03 
1.457382e-03 
1.457382e-03 
1.329647e-03 
1.329647e-03 
1.329647e-03 
1.329647e-03 
1.329647e-03 
1.329647e-03 
1.329647e-03 
1.329647e-03 
1.227174e-03 
1.227174e-03 
1.227174e-03 
1.227174e-03 
1.227174e-03 
1.227174e-03 
1.227174e-03 
1.227174e-03 
1.227174e-03 
1.103614e-03 
1.103614e-03 
1.103614e-03 
1.103614e-03 
1.103614e-03 
1.103614e-03 
1.103614e-03 
1.103614e-03 
1.103086e-03 
1.103086e-03 
1.103086e-03 
1.103086e-03 
1.080370e-03 
1.080370e-03 
1.070854e-03 
1.070854e-03 
1.070854e-03 
1.070854e-03 
1.070854e-03 
1.052858e-03 
1.052858e-03 
1.052858e-03 
1.052858e-03 
1.044282e-03 
1.042880e-03 
1.042880e-03 
1.042880e-03 
1.040500e-03 
1.040500e-03 
4.929015e-04 
4.344408e-04 
4.344408e-04 
3.644756e-04 
3.644756e-04 
3.644756e-04 
3.644756e-04 
3.644756e-04 
2.825125e-04 
2.583422e-04 
2.583422e-04 
2.443394e-04 
2.443394e-04 
2.256721e-04 
2.256721e-04 
2.256721e-04 
2.193906e-04 
2.193906e-04 
2.193906e-04 
2.193906e-04 
2.193906e-04 
2.193906e-04 
2.042610e-04 
2.042610e-04 
2.042610e-04 
2.042610e-04 
1.954832e-04 
1.893034e-04 
1.877687e-04 
1.877687e-04 
1.812373e-04 
1.770621e-04 
1.744242e-04 
1.727188e-04 
1.715957e-04 
1.708456e-04 
1.703392e-04 
1.699947e-04 
1.697590e-04 
1.695972e-04 
1.694857e-04 
1.694087e-04 
1.693556e-04 
1.693188e-04 
1.692934e-04 
1.692758e-04 
1.692636e-04 
1.692551e-04 
1.692493e-04 
1.692452e-04 
1.692424e-04 
1.692405e-04 
1.692391e-04 
1.692382e-04 
1.692375e-04 
1.692371e-04 
1.692368e-04 
1.692366e-04 
1.692364e-04 
1.692363e-04 
1.692362e-04 
1.692362e-04 
1.692362e-04 
1.692361e-04 
1.692361e-04 
1.692361e-04 
1.692361e-04 
1.692361e-04 
1.094436e-04 
1.094436e-04 
1.094436e-04 
1.094436e-04 
1.094436e-04 
1.094436e-04 
9.812225e-05 
7.412858e-05 
7.090575e-05 
7.090575e-05 
7.090575e-05 
5.378763e-05 
5.111623e-05 
5.048179e-05 
5.048179e-05 
4.988937e-05 
4.924006e-05 
4.924006e-05 
4.924006e-05 
4.866263e-05 
4.761897e-05 
4.719561e-05 
4.704519e-05 
4.700907e-05 
4.700907e-05 
4.655799e-05 
4.555330e-05 
4.342630e-05 
4.342630e-05 
4.342630e-05 
4.342630e-05 
4.067309e-05 
3.541857e-05 
3.269416e-05 
3.178827e-05 
3.178827e-05 
3.178827e-05 
3.172576e-05 
3.172576e-05 
3.172576e-05 
3.125400e-05 
3.072340e-05 
3.050758e-05 
2.873295e-05 
2.873295e-05 
2.873295e-05 
2.873295e-05 
2.490631e-05 
2.490631e-05 
2.490631e-05 
2.490631e-05 
2.490631e-05 
2.335563e-05 
2.335563e-05 
2.335563e-05 
2.335563e-05 
2.335563e-05 
2.335563e-05 
2.335563e-05 
2.335563e-05 
2.208212e-05 
2.208212e-05 
2.208212e-05 
2.034590e-05 
2.034590e-05 
1.888027e-05 
1.868645e-05 
1.868645e-05 
1.868645e-05 
1.868645e-05 
1.868645e-05 
1.868645e-05 
1.868645e-05 
1.868645e-05 
1.868645e-05 
1.868645e-05 
1.720035e-05 
1.615215e-05 
1.571330e-05 
1.554501e-05 
1.478679e-05 
1.478679e-05 
1.478679e-05 
1.478679e-05 
1.478679e-05 
1.478679e-05 
1.406799e-05 
1.406799e-05 
1.406799e-05 
1.406799e-05 
1.406799e-05 
1.406799e-05 
1.406799e-05 
1.406799e-05 
1.406799e-05 
1.406799e-05 
1.367517e-05 
9.695063e-06 
9.695063e-06 
9.695063e-06 
8.908751e-06 
8.908751e-06 
8.908751e-06 
7.380094e-06 
7.380094e-06 
7.380094e-06 
7.380094e-06 
7.380094e-06 
7.380094e-06 
7.380094e-06 
7.380094e-06 
7.380094e-06 
7.380094e-06 
7.380094e-06 
7.380094e-06 
7.380094e-06 
7.380094e-06 
7.380094e-06 
7.380094e-06 
7.380094e-06 
7.380094e-06 
7.380094e-06 
7.380094e-06 
7.380094e-06 
7.380094e-06 
7.380094e-06 
7.380094e-06 
7.380094e-06 
7.380094e-06 
7.380094e-06 
7.380094e-06 
7.174559e-06 
6.538129e-06 
3.078484e-06 
3.078484e-06 
3.078484e-06 
3.078484e-06 
3.078484e-06 
3.078484e-06 
2.609099e-06 
2.285437e-06 
2.285437e-06 
2.285437e-06 
2.285437e-06 
2.285437e-06 
2.246378e-06 
2.232106e-06 
2.156270e-06 
2.114871e-06 
2.007728e-06 
2.007728e-06 
2.007728e-06 
2.007728e-06 
1.979788e-06 
1.909287e-06 
1.891983e-06 
1.891983e-06 
1.863439e-06 
1.731213e-06 
1.730600e-06 
1.730600e-06 
1.571766e-06 
1.571766e-06 
1.571766e-06 
1.571766e-06 
1.288907e-06 
1.288907e-06 
1.288907e-06 
1.288907e-06 
1.288907e-06 
1.288907e-06 
1.288907e-06 
1.288907e-06 
1.288907e-06 
1.288907e-06 
1.288907e-06 
1.216389e-06 
1.216389e-06 
1.208256e-06 
1.208256e-06 
8.551292e-07 
7.134909e-07 
7.134909e-07 
5.427379e-07 
5.427379e-07 
3.887942e-07 
3.887942e-07 
3.887942e-07 
3.887942e-07 
3.887942e-07 
3.887942e-07 
2.843022e-07 
2.843022e-07 
2.843022e-07 
2.843022e-07 
2.485510e-07 
2.485510e-07 
2.485510e-07 
2.458203e-07 
2.458203e-07 
2.458203e-07 
2.458203e-07 
2.458203e-07 
2.458203e-07 
2.458203e-07 
2.458203e-07 
2.458203e-07 
2.458203e-07 
2.458203e-07 
2.348348e-07 
2.348348e-07 
2.348348e-07 
2.235043e-07 
2.235043e-07 
2.235043e-07 
2.235043e-07 
2.235043e-07 
2.235043e-07 
2.235043e-07 
2.026216e-07 
2.026216e-07 
2.026216e-07 
2.026216e-07 
2.026216e-07 
2.026216e-07 
2.026216e-07 
1.122211e-07 
1.122211e-07 
9.219634e-08 
9.219634e-08 
6.473345e-08 
6.473345e-08 
6.473345e-08 
6.473345e-08 
6.473345e-08 
6.473345e-08 
6.473345e-08 
6.473345e-08 
6.473345e-08 
4.912638e-08 
4.912638e-08 
4.912638e-08 
4.554480e-08 
4.554480e-08 
4.320203e-08 
4.320203e-08 
4.320203e-08 
4.320203e-08 
4.320203e-08 
4.320203e-08 
4.320203e-08 
4.309450e-08 
3.995099e-08 
3.995099e-08 
3.995099e-08 
3.995099e-08 
3.995099e-08 
3.995099e-08 
3.995099e-08 
3.995099e-08 
3.995099e-08 
3.995099e-08 
3.995099e-08 
3.334627e-08 
3.334627e-08 
3.334627e-08 
2.895981e-08 
2.895981e-08 
2.895981e-08 
2.895981e-08 
2.425943e-08 
2.425943e-08 
2.425943e-08 
2.425943e-08 
2.425943e-08 
2.425943e-08 
2.340304e-08 
1.800732e-08 
1.800732e-08 
1.224246e-08 
1.224246e-08 
1.224246e-08 
1.224246e-08 
1.224246e-08 
1.224246e-08 
8.096599e-09 
8.096599e-09 
8.096599e-09 
8.096599e-09 
8.096599e-09 
8.096599e-09 
8.096599e-09 
8.096599e-09 
8.096599e-09 
8.096599e-09 
7.717182e-09 
7.717182e-09 
7.248931e-09 
6.840802e-09 
6.682559e-09 
6.629533e-09 
6.618422e-09 
6.618422e-09 
6.614412e-09 
6.614412e-09 
6.396317e-09 
6.396317e-09 
6.396317e-09 
6.396317e-09 
6.396317e-09 
5.549876e-09 
5.549876e-09 
5.549876e-09 
5.120955e-09 
4.594260e-09 
4.594260e-09 
4.365573e-09 
4.365573e-09 
4.295380e-09 
4.295380e-09 
4.295380e-09 
4.295380e-09 
4.295380e-09 
4.221715e-09 
4.211705e-09 
4.211705e-09 
4.205982e-09 
4.205982e-09 
4.205982e-09 
4.101657e-09 
4.101657e-09 
4.101657e-09 
3.243774e-09 
3.243774e-09 
3.243774e-09 
3.243774e-09 
3.001668e-09 
2.358677e-09 
2.358677e-09 
1.710564e-09 
1.710564e-09 
1.710564e-09 
1.710564e-09 
1.710564e-09 
1.710564e-09 
1.710564e-09 
1.710564e-09 
1.710564e-09 
1.298284e-09 
9.599556e-10 
8.829558e-10 
8.829558e-10 
8.829558e-10 
8.829558e-10 
8.829558e-10 
8.829558e-10 
8.829558e-10 
8.829558e-10 
8.829558e-10 
8.829558e-10 
4.991200e-10 
4.991200e-10 
4.991200e-10 
4.991200e-10 
4.991200e-10 
4.991200e-10 
4.991200e-10 
4.991200e-10 
4.991200e-10 
4.991200e-10 
3.830007e-10 
3.830007e-10 
3.830007e-10 
3.830007e-10 
3.830007e-10 
3.830007e-10 
3.830007e-10 
3.830007e-10 
3.830007e-10 
3.830007e-10 
3.830007e-10 
3.830007e-10 
3.830007e-10 
3.830007e-10 
3.830007e-10 
3.830007e-10 
3.830007e-10 
3.257856e-10 
3.061348e-10 
3.061348e-10 
3.061348e-10 
3.061348e-10 
2.461652e-10 
2.461652e-10 
2.461652e-10 
2.461652e-10 
2.461652e-10 
2.414364e-10 
2.414364e-10 
2.414364e-10 
2.414364e-10 
2.414364e-10 
2.414364e-10 
2.414364e-10 
2.414364e-10 
2.414364e-10 
2.414364e-10 
2.414364e-10 
2.384668e-10 
2.331099e-10 
2.331099e-10 
2.331099e-10 
2.331099e-10 
2.331099e-10 
2.331099e-10 
2.331099e-10 
2.331099e-10 
2.331099e-10 
2.325400e-10 
2.325400e-10 
2.155368e-10 
2.155368e-10 
2.155368e-10 
2.047286e-10 
1.750183e-10 
1.750183e-10 
1.750183e-10 
1.750183e-10 
1.666065e-10 
1.666065e-10 
1.450807e-10 
1.450807e-10 
1.449724e-10 
1.449724e-10 
1.386847e-10 
1.386847e-10 
1.246617e-10 
1.246617e-10 
1.142489e-10 
1.142489e-10 
1.142489e-10 
1.142489e-10 
1.142489e-10 
1.142489e-10 
1.107706e-10 
1.107706e-10 
1.107706e-10 
1.107706e-10 
1.107706e-10 
1.102443e-10 
1.102443e-10 
1.102443e-10 
1.052887e-10 
1.052887e-10 
8.144301e-11 
8.144301e-11 
7.593257e-11 
7.593257e-11 
7.593257e-11 
7.593257e-11 
7.035714e-11 
6.726963e-11 
6.726963e-11 
6.726963e-11 
6.499714e-11 
5.862858e-11 
4.735269e-11 
4.496962e-11 
4.496962e-11 
4.381639e-11 
3.836265e-11 
3.513430e-11 
2.614523e-11 
2.492020e-11 
2.492020e-11 
2.434668e-11 
2.189132e-11 
2.189132e-11 
2.189132e-11 
2.189132e-11 
2.189132e-11 
1.896436e-11 
1.896436e-11 
1.896436e-11 
1.896436e-11 
1.730980e-11 
1.730980e-11 
1.730980e-11 
1.659820e-11 
1.630210e-11 
1.616072e-11 
1.561227e-11 
1.536262e-11 
1.529293e-11 
1.528956e-11 
1.528956e-11 
1.420068e-11 
1.329945e-11 
1.157064e-11 
1.157064e-11 
7.655771e-12 
7.655771e-12 
7.655771e-12 
7.655771e-12 
7.655771e-12 
7.655771e-12 
5.356182e-12 
5.356182e-12 
5.356182e-12 
5.356182e-12 
5.356182e-12 
5.356182e-12 
5.356182e-12 
5.356182e-12 
5.356182e-12 
5.356182e-12 
5.356182e-12 
5.356182e-12 
5.356182e-12 
5.356182e-12 
5.356182e-12 
5.356182e-12 
5.176574e-12 
4.998992e-12 
4.376130e-12 
4.376130e-12 
3.834488e-12 
3.834488e-12 
3.834488e-12 
2.601744e-12 
2.601744e-12 
2.601744e-12 
2.601744e-12 
2.475483e-12 
2.475483e-12 
2.149442e-12 
2.149442e-12 
2.149442e-12 
2.149442e-12 
1.696148e-12 
1.696148e-12 
1.696148e-12 
1.696148e-12 
1.696148e-12 
1.696148e-12 
1.696148e-12 
1.696148e-12 
1.696148e-12 
1.464044e-12 
1.464044e-12 
1.111107e-12 
1.111107e-12 
1.111107e-12 
1.111107e-12 
1.111107e-12 
1.111107e-12 
1.111107e-12 
1.111107e-12 
1.111107e-12 
7.257562e-13 
7.257562e-13 
5.508163e-13 
5.508163e-13 
5.508163e-13 
5.508163e-13 
5.508163e-13 
5.508163e-13 
5.508163e-13 
4.996927e-13 
4.996927e-13 
4.996927e-13 
4.996927e-13 
4.996927e-13 
4.996927e-13 
4.996927e-13 
3.160673e-13 
3.160673e-13 
3.160673e-13 
2.998222e-13 
2.998222e-13 
2.998222e-13 
2.654764e-13 
2.654764e-13 
2.654764e-13 
2.654764e-13 
2.654764e-13 
2.553420e-13 
2.553420e-13 
2.387946e-13 
2.387946e-13 
2.387946e-13 
2.387946e-13 
2.387946e-13 
2.387946e-13 
2.387946e-13 
2.387946e-13 
2.387946e-13 
2.387946e-13 
2.387946e-13 
2.387946e-13 
2.387946e-13 
2.387946e-13 
2.387946e-13 
2.387946e-13 
2.387946e-13 
2.387946e-13 
2.387946e-13 
2.387946e-13 
2.387946e-13 
2.257783e-13 
2.257783e-13 
2.257783e-13 
9.761994e-14 
9.761994e-14 
9.761994e-14 
9.593384e-14 
9.593384e-14 
6.685536e-14 
6.685536e-14 
6.685536e-14 
6.685536e-14 
6.685536e-14 
6.685536e-14 
6.685536e-14 
6.685536e-14 
6.685536e-14 
6.685536e-14 
6.685536e-14 
6.239943e-14 
5.660458e-14 
5.630336e-14 
5.630336e-14 
5.524105e-14 
4.662226e-14 
4.662226e-14 
4.662226e-14 
4.662226e-14 
4.662226e-14 
3.840607e-14 
3.840607e-14 
3.751804e-14 
3.751804e-14 
3.751804e-14 
3.751804e-14 
1.270351e-14 
1.270351e-14 
1.270351e-14 
1.270351e-14 
1.270351e-14 
1.270351e-14 
1.270351e-14 
1.270351e-14 
1.270351e-14 
1.270351e-14 
1.270351e-14 
1.270351e-14 
1.270351e-14 
1.270351e-14 
1.270351e-14 
1.270351e-14 
1.270351e-14 
1.270351e-14 
1.270351e-14 
1.270351e-14 
1.270351e-14 
1.114479e-14 
1.114479e-14 
1.114479e-14 
8.156169e-15 
8.156169e-15 
8.156169e-15 
8.156169e-15 
8.156169e-15 
7.495543e-15 
7.495543e-15 
7.495543e-15 
7.495543e-15 
7.495543e-15 
7.495543e-15 
7.495543e-15 
7.495543e-15 
7.495543e-15 
7.495543e-15 
7.495543e-15 
7.495543e-15 
7.495543e-15 
7.495543e-15 
7.495543e-15 
7.495543e-15 
7.335022e-15 
7.335022e-15 
7.323626e-15 
7.323626e-15 
7.152276e-15 
6.863317e-15 
6.863317e-15 
6.403638e-15 
4.972578e-15 
4.972578e-15 
4.972578e-15 
4.972578e-15 
2.452796e-15 
2.452796e-15 
2.452796e-15 
2.452796e-15 
2.452796e-15 
2.452796e-15 
2.452796e-15 
2.452796e-15 
1.611648e-15 
1.611648e-15 
1.611648e-15 
1.611648e-15 
1.611648e-15 
1.611648e-15 
1.611648e-15 
1.611648e-15 
1.611648e-15 
1.611648e-15 
1.611648e-15 
1.611648e-15 
1.611648e-15 
1.611648e-15 
1.611648e-15 
1.611648e-15 
1.532823e-15 
1.532823e-15 
1.532823e-15 
1.532823e-15 
1.532823e-15 
1.532823e-15 
1.236181e-15 
1.095939e-15 
1.095939e-15 
1.052973e-15 
1.048006e-15 
1.048006e-15 
1.048006e-15 
1.021376e-15 
9.771938e-16 
9.519414e-16 
9.369840e-16 
9.278670e-16 
9.221880e-16 
9.185943e-16 
9.162951e-16 
9.148128e-16 
9.138524e-16 
9.132281e-16 
9.128212e-16 
8.598476e-16 
8.598476e-16 
8.598476e-16 
8.592297e-16 
8.592297e-16 
8.120114e-16 
7.094443e-16 
7.094443e-16 
4.944041e-16 
4.944041e-16 
4.944041e-16 
4.548495e-16 
4.548495e-16 
4.240840e-16 
4.240840e-16 
4.125565e-16 
3.254124e-16 
3.254124e-16 
3.254124e-16 
3.254124e-16 
3.254124e-16 
1.920327e-16 
1.920327e-16 
1.920327e-16 
1.920327e-16 
1.920327e-16 
1.920327e-16 
1.920327e-16 
1.920327e-16 
1.920327e-16 
1.920327e-16 
1.920327e-16 
1.920327e-16 
1.920327e-16 
1.821758e-16 
1.425099e-16 
1.425099e-16 
1.425099e-16 
1.160295e-16 
1.160295e-16 
1.160295e-16 
1.160295e-16 
1.160295e-16 
1.132231e-16 
1.132231e-16 
1.132231e-16 
8.700091e-17 
8.068055e-17 
8.068055e-17 
6.806189e-17 
6.120391e-17 
6.120391e-17 
6.120391e-17 
5.085578e-17 
5.085578e-17 
5.085578e-17 
5.085578e-17 
5.085578e-17 
4.965386e-17 
2.540988e-17 
2.540988e-17 
2.540988e-17 
2.540988e-17 
1.883847e-17 
1.883847e-17 
1.883847e-17 
1.883847e-17 
1.613292e-17 
1.613292e-17 
8.010888e-18 
8.010888e-18 
8.010888e-18 
8.010888e-18 
8.010888e-18 
8.010888e-18 
7.906210e-18 
7.906210e-18 
7.906210e-18 
7.906210e-18 
7.906210e-18 
7.418058e-18 
7.418058e-18 
7.418058e-18 
7.418058e-18 
7.418058e-18 
7.418058e-18 
7.418058e-18 
7.418058e-18 
7.418058e-18 
7.418058e-18 
7.418058e-18 
7.418058e-18 
7.418058e-18 
7.371196e-18 
7.371196e-18 
7.371196e-18 
7.371196e-18 
6.807677e-18 
5.823597e-18 
5.823597e-18 
5.823597e-18 
5.823597e-18 
5.823597e-18 
5.823597e-18 
5.823597e-18 
3.599319e-18 
3.599319e-18 
3.599319e-18 
3.257040e-18 
3.257040e-18 
3.168119e-18 
3.168119e-18 
3.168119e-18 
3.168119e-18 
3.168119e-18 
2.792501e-18 
2.600241e-18 
2.600241e-18 
2.600241e-18 
2.600241e-18 
2.138387e-18 
2.138387e-18 
2.138387e-18 
2.138387e-18 
2.138387e-18 
2.138387e-18 
1.969985e-18 
1.969985e-18 
1.807298e-18 
1.479969e-18 
1.479969e-18 
1.479969e-18 
1.479969e-18 
1.389312e-18 
1.389312e-18 
1.389312e-18 
1.078657e-18 
1.078657e-18 
1.020378e-18 
7.972425e-19 
7.972425e-19 
7.972425e-19 
6.801347e-19 
6.801347e-19 
6.801347e-19 
5.001397e-19 
5.001397e-19 
5.001397e-19 
5.001397e-19 
5.001397e-19 
5.001397e-19 
4.542044e-19 
4.542044e-19 
4.438069e-19 
4.438069e-19 
4.425912e-19 
4.425912e-19 
4.425912e-19 
3.853981e-19 
3.853981e-19 
1.924713e-19 
1.402036e-19 
1.402036e-19 
1.402036e-19 
1.377058e-19 
1.377058e-19 
1.377058e-19 
1.332992e-19 
1.332992e-19 
1.332992e-19 
1.332992e-19 
1.332992e-19 
1.332992e-19 
1.332992e-19 
1.332992e-19 
1.332992e-19 
1.117715e-19 
9.072787e-20 
7.226826e-20 
6.975455e-20 
6.975455e-20 
6.628392e-20 
6.208825e-20 
6.042483e-20 
5.978615e-20 
5.955498e-20 
5.948113e-20 
5.946482e-20 
5.946482e-20 
5.946482e-20 
5.946482e-20 
5.944946e-20 
5.940679e-20 
5.695469e-20 
5.417430e-20 
5.417430e-20 
5.417430e-20 
5.417430e-20 
5.417430e-20 
5.417430e-20 
5.313835e-20 
4.504361e-20 
4.109773e-20 
4.109773e-20 
4.109773e-20 
4.109773e-20 
4.109773e-20 
4.109773e-20 
3.702419e-20 
3.702419e-20 
3.702419e-20 
3.702419e-20 
3.702419e-20 
3.554550e-20 
3.537657e-20 
3.537657e-20 
3.537657e-20 
3.537657e-20 
3.416667e-20 
3.416667e-20 
3.146420e-20 
2.866128e-20 
2.697198e-20 
2.391027e-20 
2.285166e-20 
2.260354e-20 
2.181906e-20 
2.130826e-20 
2.130826e-20 
1.890602e-20 
1.890602e-20 
1.734983e-20 
1.734983e-20 
8.145197e-21 
8.145197e-21 
8.145197e-21 
6.031150e-21 
3.708837e-21 
3.708837e-21 
3.708837e-21 
3.708837e-21 
3.708837e-21 
3.708837e-21 
2.543961e-21 
2.543961e-21 
2.543961e-21 
2.543961e-21 
2.543961e-21 
2.543961e-21 
2.543961e-21 
2.427942e-21 
2.038105e-21 
2.038105e-21 
2.038105e-21 
1.596350e-21 
1.596350e-21 
1.596350e-21 
1.596350e-21 
1.596350e-21 
1.596350e-21 
1.596350e-21 
1.596350e-21 
1.596350e-21 
1.596350e-21 
1.596350e-21 
1.596350e-21 
1.596350e-21 
1.596350e-21 
1.468812e-21 
1.468812e-21 
1.210790e-21 
1.210790e-21 
1.166188e-21 
9.569012e-22 
9.569012e-22 
9.349856e-22 
9.349856e-22 
8.259378e-22 
8.259378e-22 
7.391940e-22 
7.138053e-22 
7.138053e-22 
7.138053e-22 
7.138053e-22 
6.011429e-22 
6.011429e-22 
6.011429e-22 
3.903281e-22 
2.861447e-22 
2.009761e-22 
2.009761e-22 
1.946664e-22 
1.946664e-22 
1.946664e-22 
1.946664e-22 
1.803011e-22 
1.803011e-22 
1.768065e-22 
1.768065e-22 
1.768065e-22 
1.703224e-22 
1.679386e-22 
1.679386e-22 
1.669047e-22 
1.669047e-22 
1.632175e-22 
1.607457e-22 
1.597144e-22 
1.592793e-22 
1.590927e-22 
1.441237e-22 
1.425627e-22 
1.415782e-22 
1.415782e-22 
1.400353e-22 
1.371312e-22 
1.371312e-22 
1.371312e-22 
1.117901e-22 
1.117901e-22 
1.117901e-22 
1.117901e-22 
1.029287e-22 
1.021857e-22 
8.910999e-23 
8.108341e-23 
8.108341e-23 
3.738865e-23 
3.738865e-23 
3.364967e-23 
3.364967e-23 
3.364967e-23 
2.104507e-23 
1.452230e-23 
1.280111e-23 
1.269509e-23 
1.269509e-23 
1.201380e-23 
1.196840e-23 
1.196840e-23 
1.188498e-23 
9.078871e-24 
9.078871e-24 
9.078871e-24 
9.078871e-24 
8.777084e-24 
8.684632e-24 
8.684632e-24 
8.684632e-24 
8.354057e-24 
7.954742e-24 
7.479301e-24 
7.118297e-24 
6.564416e-24 
5.968102e-24 
5.745559e-24 
5.667557e-24 
5.643704e-24 
5.638975e-24 
4.242149e-24 
4.242149e-24 
4.242149e-24 
4.242149e-24 
3.623425e-24 
3.609892e-24 
3.609892e-24 
3.427142e-24 
3.427142e-24 
3.316228e-24 
3.316228e-24 
3.316228e-24 
3.194760e-24 
3.194760e-24 
3.140030e-24 
3.140030e-24 
3.140030e-24 
2.810176e-24 
2.627194e-24 
2.627194e-24 
2.627194e-24 
2.225220e-24 
1.923269e-24 
1.812501e-24 
1.774850e-24 
1.465024e-24 
1.248958e-24 
1.248958e-24 
7.277438e-25 
7.277438e-25 
5.903826e-25 
5.550626e-25 
4.005174e-25 
3.824506e-25 
3.824506e-25 
3.824506e-25 
3.348128e-25 
3.348128e-25 
3.348128e-25 
3.327633e-25 
2.923149e-25 
2.923149e-25 
2.923149e-25 
2.923149e-25 
2.923149e-25 
2.697026e-25 
2.697026e-25 
2.511148e-25 
2.073261e-25 
2.024640e-25 
2.024640e-25 
2.024640e-25 
1.448160e-25 
1.391836e-25 
1.261595e-25 
8.755198e-26 
7.312691e-26 
7.087126e-26 
7.056200e-26 
7.053034e-26 
6.462829e-26 
4.488469e-26 
4.488469e-26 
4.488469e-26 
4.488469e-26 
4.336110e-26 
4.336110e-26 
4.336110e-26 
3.403085e-26 
3.403085e-26 
3.403085e-26 
3.403085e-26 
3.403085e-26 
3.403085e-26 
3.403085e-26 
3.403085e-26 
3.403085e-26 
3.403085e-26 
2.408558e-26 
2.408558e-26 
2.408558e-26 
1.897254e-26 
1.502342e-26 
1.502342e-26 
1.412178e-26 
1.412178e-26 
7.930889e-27 
7.930889e-27 
7.930889e-27 
7.930889e-27 
7.930889e-27 
7.930889e-27 
7.930889e-27 
7.930889e-27 
6.854159e-27 
6.640469e-27 
6.640469e-27 
6.640469e-27 
6.640469e-27 
6.640469e-27 
6.640469e-27 
5.966509e-27 
5.589246e-27 
5.589246e-27 
5.411583e-27 
5.411583e-27 
5.283054e-27 
5.283054e-27 
4.889005e-27 
4.889005e-27 
4.889005e-27 
4.889005e-27 
4.889005e-27 
4.024580e-27 
3.801083e-27 
2.185280e-27 
2.185280e-27 
2.185280e-27 
2.039844e-27 
2.039844e-27 
2.039844e-27 
2.039844e-27 
2.039844e-27 
2.039844e-27 
2.039844e-27 
2.039844e-27 
2.039844e-27 
2.039844e-27 
2.016279e-27 
2.001570e-27 
2.001570e-27 
1.909462e-27 
1.909462e-27 
1.720697e-27 
1.720697e-27 
4.533449e-28 
4.533449e-28 
4.528222e-28 
4.026691e-28 
4.026691e-28 
4.026691e-28 
4.026691e-28 
4.026691e-28 
4.026691e-28 
3.491886e-28 
3.491886e-28 
3.491886e-28 
1.953539e-28 
1.953539e-28 
1.953539e-28 
1.953539e-28 
1.953539e-28 
1.953539e-28 
1.953539e-28 
1.953539e-28 
1.953539e-28 
1.953539e-28 
1.953539e-28 
1.953539e-28 
1.953539e-28 
1.953539e-28 
1.953539e-28 
1.953539e-28 
1.953539e-28 
1.953539e-28 
1.953539e-28 
1.663431e-28 
1.663431e-28 
1.192427e-28 
1.192427e-28 
1.192427e-28 
1.192427e-28 
1.192427e-28 
1.192427e-28 
1.192427e-28 
1.192427e-28 
1.099463e-28 
9.815293e-29 
7.527298e-29 
7.527298e-29 
5.366371e-29 
5.366371e-29 
5.366371e-29 
5.366371e-29 
5.366371e-29 
4.699771e-29 
4.699771e-29 
3.935830e-29 
3.935830e-29 
3.935830e-29 
2.290316e-29 
2.290316e-29 
2.204559e-29 
2.204559e-29 
2.204559e-29 
1.650123e-29 
1.650123e-29 
1.311391e-29 
9.384129e-30 
5.222756e-30 
5.222756e-30 
5.222756e-30 
4.000319e-30 
4.000319e-30 
4.000319e-30 
4.000319e-30 
4.000319e-30 
4.000319e-30 
4.000319e-30 
4.000319e-30 
3.306032e-30 
3.306032e-30 
3.306032e-30 
3.125876e-30 
2.645985e-30 
2.645985e-30 
2.645985e-30 
2.421715e-30 
1.282709e-30 
1.282709e-30 
1.282709e-30 
1.282709e-30 
6.142869e-31 
6.142869e-31 
6.142869e-31 
6.142869e-31 
6.142869e-31 
5.736469e-31 
5.736469e-31 
5.471459e-31 
5.471459e-31 
5.471459e-31 
3.769648e-31 
3.769648e-31 
3.769648e-31 
3.769648e-31 
2.537089e-31 
2.537089e-31 
2.290872e-31 
2.290872e-31 
2.290872e-31 
2.290872e-31 
2.290872e-31 
2.284385e-31 
2.284385e-31 
2.284385e-31 
2.284385e-31 
2.284385e-31 
2.284385e-31 
2.284385e-31 
2.284385e-31 
2.165889e-31 
1.824301e-31 
1.824301e-31 
1.653467e-31 
1.653467e-31 
1.425250e-31 
1.425250e-31 
1.425250e-31 
1.367506e-31 
1.367506e-31 
1.367506e-31 
1.367506e-31 
1.367506e-31 
1.367506e-31 
1.367506e-31 
1.355324e-31 
1.355324e-31 
1.166703e-31 
1.166703e-31 
1.166703e-31 
1.166703e-31 
1.166703e-31 
1.166703e-31 
1.166703e-31 
5.877345e-32 
5.877345e-32 
5.877345e-32 
5.877345e-32 
5.877345e-32 
5.877345e-32 
5.877345e-32 
5.877345e-32 
4.255030e-32 
4.255030e-32 
1.846166e-32 
1.846166e-32 
1.846166e-32 
1.846166e-32 
1.846166e-32 
1.755067e-32 
1.755067e-32 
1.755067e-32 
1.755067e-32 
1.728469e-32 
1.728469e-32 
1.728469e-32 
1.728469e-32 
1.728469e-32 
1.728469e-32 
1.728469e-32 
1.533069e-32 
1.533069e-32 
1.218538e-32 
1.218538e-32 
1.218538e-32 
1.218538e-32 
6.173345e-33 
6.173345e-33 
6.173345e-33 
6.173345e-33 
6.173345e-33 
5.650553e-33 
5.650553e-33 
5.650553e-33 
5.650553e-33 
4.394378e-33 
4.394378e-33 
4.388388e-33 
4.388388e-33 
4.388388e-33 
4.039099e-33 
4.039099e-33 
4.039099e-33 
3.278310e-33 
3.278310e-33 
3.278310e-33 
3.217496e-33 
3.217496e-33 
3.217496e-33 
2.291690e-33 
2.291690e-33 
2.291690e-33 
2.291690e-33 
2.291690e-33 
2.291690e-33 
2.291690e-33 
2.291690e-33 
2.291690e-33 
2.291690e-33 
2.184123e-33 
2.096280e-33 
2.070202e-33 
1.914164e-33 
1.914164e-33 
9.048452e-34 
9.048452e-34 
9.048452e-34 
9.048452e-34 
9.048452e-34 
8.885541e-34 
8.885541e-34 
8.885541e-34 
8.885541e-34 
8.885541e-34 
8.885541e-34 
8.716092e-34 
8.716092e-34 
6.817987e-34 
6.168071e-34 
6.168071e-34 
5.133491e-34 
5.133491e-34 
5.133491e-34 
5.133491e-34 
3.264594e-34 
3.264594e-34 
3.264594e-34 
2.719830e-34 
2.530178e-34 
2.530178e-34 
2.530178e-34 
2.110919e-34 
2.110919e-34 
2.110919e-34 
1.463193e-34 
1.185963e-34 
1.185963e-34 
1.185963e-34 
9.881549e-35 
9.881549e-35 
8.245916e-35 
8.245916e-35 
8.245916e-35 
8.245916e-35 
8.245916e-35 
8.245916e-35 
8.245916e-35 
8.245916e-35 
8.245916e-35 
8.245916e-35 
5.514599e-35 
5.514599e-35 
5.514599e-35 
2.130625e-35 
2.130625e-35 
2.130625e-35 
2.130625e-35 
2.130625e-35 
2.062232e-35 
2.062232e-35 
2.062232e-35 
2.062232e-35 
2.062232e-35 
2.062232e-35 
2.062232e-35 
2.062232e-35 
2.062232e-35 
1.959127e-35 
1.959127e-35 
1.233140e-35 
1.233140e-35 
1.233140e-35 
1.233140e-35 
1.233140e-35 
1.233140e-35 
1.233140e-35 
1.233140e-35 
1.233140e-35 
1.233140e-35 
9.462236e-36 
7.457007e-36 
6.620593e-36 
6.256448e-36 
6.089379e-36 
6.008162e-36 
5.966362e-36 
5.943738e-36 
5.930991e-36 
5.923594e-36 
5.919212e-36 
5.916580e-36 
5.295080e-36 
5.161933e-36 
5.161933e-36 
4.911325e-36 
4.911325e-36 
4.576687e-36 
4.536415e-36 
4.536415e-36 
4.440202e-36 
4.101911e-36 
3.886724e-36 
2.469230e-36 
2.214295e-36 
1.970070e-36 
1.970070e-36 
1.970070e-36 
1.920260e-36 
1.914708e-36 
1.538623e-36 
1.522074e-36 
1.415665e-36 
1.415665e-36 
1.215100e-36 
1.215100e-36 
1.215100e-36 
1.065680e-36 
1.065680e-36 
1.065680e-36 
9.113925e-37 
9.113925e-37 
9.113925e-37 
9.113925e-37 
9.113925e-37 
9.113925e-37 
9.113925e-37 
7.393554e-37 
7.393554e-37 
5.134585e-37 
5.134585e-37 
5.134585e-37 
5.134585e-37 
5.134585e-37 
5.134585e-37 
5.134585e-37 
5.134585e-37 
5.134585e-37 
5.134585e-37 
5.134585e-37 
4.780647e-37 
4.780647e-37 
4.780647e-37 
4.665253e-37 
1.411839e-37 
1.411839e-37 
1.411839e-37 
1.411839e-37 
1.411839e-37 
1.411839e-37 
1.411839e-37 
1.411839e-37 
1.411839e-37 
1.411839e-37 
1.411839e-37 
1.160315e-37 
1.160315e-37 
1.160315e-37 
1.160315e-37 
1.160315e-37 
1.023337e-37 
1.003105e-37 
1.003105e-37 
1.003105e-37 
8.364258e-38 
5.968600e-38 
5.968600e-38 
5.512316e-38 
5.512316e-38 
5.512316e-38 
5.512316e-38 
4.479733e-38 
3.871497e-38 
3.871497e-38 
3.509916e-38 
2.705588e-38 
2.705588e-38 
2.705588e-38 
2.314162e-38 
2.314162e-38 
2.314162e-38 
2.314162e-38 
2.314162e-38 
2.314162e-38 
2.314162e-38 
2.314162e-38 
2.314162e-38 
1.918229e-38 
1.782698e-38 
1.397912e-38 
9.563793e-39 
8.473549e-39 
8.473549e-39 
7.748769e-39 
7.748769e-39 
7.346824e-39 
7.346824e-39 
7.346824e-39 
7.346824e-39 
7.167365e-39 
7.167365e-39 
6.692811e-39 
6.692811e-39 
5.825010e-39 
5.795208e-39 
5.223086e-39 
5.223086e-39 
5.223086e-39 
5.161942e-39 
5.161942e-39 
5.161942e-39 
5.161942e-39 
4.977281e-39 
4.715185e-39 
3.198601e-39 
3.198601e-39 
3.198601e-39 
2.781433e-39 
2.588209e-39 
1.436887e-39 
1.436887e-39 
1.436887e-39 
1.189504e-39 
1.189504e-39 
1.189504e-39 
1.189504e-39 
1.189504e-39 
1.189504e-39 
8.131984e-40 
8.131984e-40 
7.404442e-40 
7.404442e-40 
7.404442e-40 
6.358812e-40 
6.358812e-40 
6.358812e-40 
6.358812e-40 
5.940466e-40 
5.940466e-40 
5.661746e-40 
5.661746e-40 
5.661746e-40 
5.661746e-40 
5.661746e-40 
5.661746e-40 
5.661746e-40 
4.294961e-40 
4.294961e-40 
4.294961e-40 
3.605342e-40 
3.605342e-40 
3.605342e-40 
3.605342e-40 
3.546831e-40 
3.546831e-40 
3.546831e-40 
2.516804e-40 
2.319643e-40 
1.862266e-40 
1.862266e-40 
1.862266e-40 
1.862266e-40 
1.862266e-40 
9.667435e-41 
9.667435e-41 
9.667435e-41 
8.243357e-41 
8.243357e-41 
8.243357e-41 
8.243357e-41 
8.243357e-41 
4.537326e-41 
4.537326e-41 
4.537326e-41 
4.537326e-41 
3.066727e-41 
3.066727e-41 
3.066727e-41 
3.066727e-41 
3.066727e-41 
2.802064e-41 
2.802064e-41 
1.465233e-41 
1.093061e-41 
1.093061e-41 
1.093061e-41 
1.093061e-41 
1.093061e-41 
1.093061e-41 
1.093061e-41 
1.093061e-41 
1.093061e-41 
1.093061e-41 
1.093061e-41 
1.093061e-41 
8.531786e-42 
8.531786e-42 
8.047982e-42 
8.047982e-42 
8.047982e-42 
8.047982e-42 
8.047982e-42 
4.361911e-42 
4.361911e-42 
4.361911e-42 
4.361911e-42 
4.361911e-42 
4.361911e-42 
4.361911e-42 
4.361911e-42 
4.361911e-42 
4.361911e-42 
3.465542e-42 
3.465542e-42 
3.465542e-42 
3.339970e-42 
3.339970e-42 
3.339970e-42 
3.339970e-42 
3.339970e-42 
3.339970e-42 
3.339970e-42 
3.339970e-42 
2.273150e-42 
2.051958e-42 
1.251592e-42 
1.114412e-42 
5.570352e-43 
4.123020e-43 
4.123020e-43 
4.123020e-43 
4.123020e-43 
4.123020e-43 
4.061479e-43 
4.061479e-43 
3.289649e-43 
3.289649e-43 
3.289649e-43 
3.289649e-43 
3.289649e-43 
2.229652e-43 
2.229652e-43 
2.229652e-43 
2.229652e-43 
2.229652e-43 
2.229652e-43 
2.229652e-43 
1.911256e-43 
1.911256e-43 
1.911256e-43 
1.788015e-43 
1.788015e-43 
1.782231e-43 
1.782231e-43 
1.782231e-43 
1.679971e-43 
1.679971e-43 
1.103285e-43 
5.323985e-44 
5.323985e-44 
5.323985e-44 
5.323985e-44 
5.323985e-44 
5.323985e-44 
5.323985e-44 
4.987116e-44 
4.987116e-44 
4.987116e-44 
4.987116e-44 
4.456927e-44 
4.456927e-44 
3.533793e-44 
3.533793e-44 
3.533793e-44 
2.215354e-44 
2.215354e-44 
2.021329e-44 
2.021329e-44 
1.887428e-44 
1.887428e-44 
1.668188e-44 
1.668188e-44 
1.668188e-44 
1.668188e-44 
1.668188e-44 
1.668188e-44 
1.668188e-44 
1.668188e-44 
1.668188e-44 
1.668188e-44 
1.668188e-44 
1.668188e-44 
1.668188e-44 
1.668188e-44 
1.668188e-44 
1.668188e-44 
5.558790e-45 
5.558790e-45 
5.558790e-45 
5.558790e-45 
5.558790e-45 
5.558790e-45 
5.558790e-45 
5.558790e-45 
5.558790e-45 
5.558790e-45 
5.558790e-45 
5.558790e-45 
5.558790e-45 
5.558790e-45 
5.125768e-45 
5.125768e-45 
4.518644e-45 
1.251187e-45 
1.251187e-45 
1.251187e-45 
1.251187e-45 
1.251187e-45 
1.251187e-45 
1.251187e-45 
1.251187e-45 
1.251187e-45 
1.251187e-45 
1.251187e-45 
7.376854e-46 
7.376854e-46 
5.768714e-46 
5.768714e-46 
5.768714e-46 
5.768714e-46 
5.768714e-46 
5.672362e-46 
5.672362e-46 
5.672362e-46 
5.534740e-46 
5.534740e-46 
5.233911e-46 
5.099399e-46 
5.044893e-46 
3.876863e-46 
2.779897e-46 
2.779897e-46 
2.275860e-46 
2.275860e-46 
2.275860e-46 
1.726265e-46 
1.726265e-46 
1.726265e-46 
1.505512e-46 
1.505512e-46 
1.505512e-46 
1.505512e-46 
1.505512e-46 
1.473269e-46 
1.473269e-46 
1.251524e-46 
1.251524e-46 
1.251524e-46 
1.251524e-46 
1.251524e-46 
9.355569e-47 
9.355569e-47 
9.355569e-47 
9.355569e-47 
9.355569e-47 
9.355569e-47 
9.355569e-47 
9.355569e-47 
6.227979e-47 
4.647283e-47 
4.647283e-47 
4.647283e-47 
4.532088e-47 
4.532088e-47 
4.532088e-47 
2.512596e-47 
2.512596e-47 
2.512596e-47 
2.512596e-47 
2.301803e-47 
1.635669e-47 
1.462546e-47 
1.020586e-47 
1.020586e-47 
1.020586e-47 
4.903397e-48 
4.903397e-48 
4.903397e-48 
3.642815e-48 
3.642815e-48 
3.642815e-48 
3.253456e-48 
3.253456e-48 
2.974866e-48 
2.694423e-48 
2.694423e-48 
2.694423e-48 
2.694423e-48 
2.675584e-48 
2.534156e-48 
2.534156e-48 
2.534156e-48 
2.534156e-48 
1.985802e-48 
1.985802e-48 
1.706715e-48 
1.706715e-48 
1.706715e-48 
1.706715e-48 
1.642380e-48 
1.642380e-48 
1.642380e-48 
1.642380e-48 
1.642380e-48 
1.642380e-48 
1.642380e-48 
1.642380e-48 
1.465450e-48 
1.201690e-48 
1.201690e-48 
1.141145e-48 
1.141145e-48 
8.840163e-49 
5.419336e-49 
5.419336e-49 
5.419336e-49 
5.419336e-49 
5.419336e-49 
5.419336e-49 
5.049726e-49 
5.049726e-49 
5.049726e-49 
5.049726e-49 
5.049726e-49 
5.049726e-49 
4.601236e-49 
4.601236e-49 
4.601236e-49 
3.197959e-49 
2.436006e-49 
2.436006e-49 
2.436006e-49 
2.436006e-49 
2.301103e-49 
2.301103e-49 
1.930998e-49 
1.930998e-49 
1.930998e-49 
1.930998e-49 
1.930998e-49 
1.930998e-49 
1.930998e-49 
1.930998e-49 
1.921657e-49 
1.921657e-49 
1.921657e-49 
1.642176e-49 
1.642176e-49 
1.559011e-49 
1.559011e-49 
1.559011e-49 
1.559011e-49 
1.457144e-49 
1.288490e-49 
1.268378e-49 
1.052391e-49 
7.967200e-50 
6.854295e-50 
6.854295e-50 
6.579547e-50 
6.444746e-50 
6.444746e-50 
4.919171e-50 
4.892571e-50 
4.892571e-50 
3.087530e-50 
1.935936e-50 
1.935936e-50 
1.935936e-50 
1.935936e-50 
1.722522e-50 
1.722522e-50 
1.498705e-50 
1.498705e-50 
1.248230e-50 
8.270965e-51 
8.270965e-51 
7.617622e-51 
7.617622e-51 
6.691101e-51 
5.286875e-51 
5.286875e-51 
5.037984e-51 
5.037984e-51 
5.037984e-51 
3.236480e-51 
3.236480e-51 
3.236480e-51 
3.236480e-51 
1.998177e-51 
1.998177e-51 
1.998177e-51 
1.988801e-51 
1.988801e-51 
1.988801e-51 
1.988801e-51 
1.787807e-51 
1.787807e-51 
1.498206e-51 
1.498206e-51 
1.498206e-51 
1.498206e-51 
1.498206e-51 
1.498206e-51 
1.498206e-51 
1.278403e-51 
9.867118e-52 
9.867118e-52 
8.109747e-52 
8.109747e-52 
7.691516e-52 
7.691516e-52 
5.512522e-52 
4.731321e-52 
4.383620e-52 
4.383620e-52 
3.382505e-52 
3.382505e-52 
3.291899e-52 
3.291899e-52 
3.291899e-52 
1.815624e-52 
1.815624e-52 
1.492246e-52 
1.492246e-52 
1.492246e-52 
1.129072e-52 
1.129072e-52 
1.129072e-52 
1.124716e-52 
1.006432e-52 
1.006432e-52 
1.006432e-52 
1.006432e-52 
1.006432e-52 
1.006432e-52 
9.468825e-53 
8.323061e-53 
7.714966e-53 
4.494373e-53 
3.686162e-53 
3.686162e-53 
3.462719e-53 
3.462719e-53 
2.239270e-53 
1.532231e-53 
1.532231e-53 
3.601005e-54 
3.601005e-54 
3.601005e-54 
3.601005e-54 
3.601005e-54 
3.601005e-54 
3.601005e-54 
3.601005e-54 
3.601005e-54 
3.601005e-54 
3.601005e-54 
3.601005e-54 
2.549015e-54 
2.549015e-54 
2.549015e-54 
2.549015e-54 
1.521152e-54 
1.521152e-54 
1.521152e-54 
1.521152e-54 
1.521152e-54 
1.521152e-54 
1.521152e-54 
1.521152e-54 
1.521152e-54 
1.521152e-54 
1.521152e-54 
1.339963e-54 
1.339963e-54 
1.339963e-54 
7.366027e-55 
7.366027e-55 
7.366027e-55 
7.366027e-55 
5.375614e-55 
3.151591e-55 
3.151591e-55 
3.151591e-55 
3.151591e-55 
3.151591e-55 
3.151591e-55 
3.151591e-55 
3.151591e-55 
3.130952e-55 
3.130952e-55 
2.959650e-55 
2.677333e-55 
2.677333e-55 
1.974898e-55 
1.974898e-55 
1.625099e-55 
1.625099e-55 
1.180320e-55 
1.180320e-55 
1.180320e-55 
7.297593e-56 
7.297593e-56 
7.297593e-56 
6.587182e-56 
6.587182e-56 
6.587182e-56 
6.587182e-56 
5.983125e-56 
5.983125e-56 
4.654789e-56 
4.654789e-56 
4.654789e-56 
4.338035e-56 
4.338035e-56 
4.338035e-56 
4.156309e-56 
4.156309e-56 
3.937501e-56 
3.937501e-56 
3.313791e-56 
3.313791e-56 
3.313791e-56 
3.303039e-56 
3.303039e-56 
3.303039e-56 
3.303039e-56 
2.972701e-56 
2.972701e-56 
2.682539e-56 
2.682539e-56 
2.682539e-56 
2.345577e-56 
2.345577e-56 
2.345577e-56 
2.345577e-56 
2.263024e-56 
2.263024e-56 
2.263024e-56 
1.459572e-56 
1.459572e-56 
1.459572e-56 
1.295366e-56 
1.295366e-56 
1.295366e-56 
1.096513e-56 
9.680798e-57 
9.680798e-57 
8.852087e-57 
8.852087e-57 
6.147481e-57 
5.115245e-57 
5.115245e-57 
5.045841e-57 
5.045841e-57 
4.991949e-57 
4.991949e-57 
4.991949e-57 
4.885490e-57 
4.885490e-57 
4.885490e-57 
4.440265e-57 
3.501709e-57 
3.501709e-57 
3.501709e-57 
3.240756e-57 
3.240756e-57 
3.240756e-57 
2.050507e-57 
1.777422e-57 
1.777422e-57 
1.777422e-57 
7.794056e-58 
7.794056e-58 
7.377075e-58 
7.377075e-58 
6.223111e-58 
6.223111e-58 
6.223111e-58 
6.223111e-58 
6.223111e-58 
6.223111e-58 
5.763051e-58 
2.551499e-58 
2.551499e-58 
2.551499e-58 
2.504034e-58 
2.504034e-58 
2.475654e-58 
2.475654e-58 
1.252610e-58 
1.252610e-58 
8.314306e-59 
8.314306e-59 
8.314306e-59 
8.314306e-59 
6.856520e-59 
6.324550e-59 
4.305656e-59 
4.305656e-59 
4.305656e-59 
3.282808e-59 
3.282808e-59 
3.282808e-59 
3.282808e-59 
2.181207e-59 
2.027281e-59 
2.027281e-59 
1.489317e-59 
1.489317e-59 
1.410059e-59 
1.291592e-59 
1.182309e-59 
1.136548e-59 
1.136548e-59 
1.136548e-59 
9.066251e-60 
9.066251e-60 
8.992819e-60 
8.992819e-60 
5.714506e-60 
5.023200e-60 
5.023200e-60 
4.388469e-60 
3.848154e-60 
3.704684e-60 
3.704684e-60 
2.846517e-60 
2.846517e-60 
2.846517e-60 
2.846517e-60 
2.212464e-60 
2.212464e-60 
2.212464e-60 
2.212464e-60 
2.212464e-60 
2.212464e-60 
2.212464e-60 
2.212464e-60 
2.212464e-60 
2.212464e-60 
2.116701e-60 
2.116701e-60 
2.116701e-60 
1.992139e-60 
1.819997e-60 
1.819997e-60 
1.326760e-60 
1.326760e-60 
1.326760e-60 
1.222536e-60 
9.124521e-61 
7.052108e-61 
7.052108e-61 
7.052108e-61 
5.779447e-61 
4.135548e-61 
4.135548e-61 
4.135548e-61 
4.135548e-61 
4.135548e-61 
3.521521e-61 
3.179060e-61 
2.688669e-61 
2.688669e-61 
2.688669e-61 
2.688669e-61 
2.688669e-61 
2.029368e-61 
1.617083e-61 
1.271691e-61 
9.164474e-62 
8.975411e-62 
8.975411e-62 
8.975411e-62 
8.217353e-62 
8.217353e-62 
8.217353e-62 
6.383359e-62 
5.359335e-62 
5.359335e-62 
5.359335e-62 
5.359335e-62 
2.100093e-62 
2.100093e-62 
2.100093e-62 
1.271119e-62 
1.271119e-62 
1.271119e-62 
1.271119e-62 
1.271119e-62 
1.271119e-62 
1.271119e-62 
1.244544e-62 
1.244544e-62 
1.244544e-62 
1.244544e-62 
1.244544e-62 
1.039408e-62 
1.039408e-62 
1.039408e-62 
9.463568e-63 
9.463568e-63 
8.112212e-63 
8.112212e-63 
8.112212e-63 
4.643982e-63 
4.219310e-63 
4.219310e-63 
4.219310e-63 
4.100942e-63 
4.100942e-63 
3.920297e-63 
3.920297e-63 
3.762570e-63 
3.762570e-63 
3.298366e-63 
3.131782e-63 
2.632290e-63 
1.772153e-63 
1.772153e-63 
9.003935e-64 
9.003935e-64 
8.396230e-64 
6.410633e-64 
6.410633e-64 
5.999237e-64 
5.083964e-64 
4.750772e-64 
4.750772e-64 
3.966539e-64 
3.966539e-64 
3.966539e-64 
3.966539e-64 
3.966539e-64 
2.486110e-64 
2.486110e-64 
2.477120e-64 
2.477120e-64 
1.930477e-64 
1.930477e-64 
1.930477e-64 
1.930477e-64 
1.930477e-64 
1.128845e-64 
1.121537e-64 
9.931687e-65 
9.931687e-65 
9.931687e-65 
9.931687e-65 
9.931687e-65 
9.931687e-65 
9.931687e-65 
9.931687e-65 
9.223001e-65 
9.223001e-65 
7.718194e-65 
7.718194e-65 
7.718194e-65 
7.167347e-65 
7.167347e-65 
6.631265e-65 
6.613650e-65 
6.613650e-65 
6.613650e-65 
6.613650e-65 
6.613650e-65 
5.071150e-65 
3.528077e-65 
2.626121e-65 
2.626121e-65 
2.626121e-65 
2.626121e-65 
2.626121e-65 
2.626121e-65 
1.770413e-65 
1.770413e-65 
1.770413e-65 
1.587070e-65 
1.587070e-65 
1.587070e-65 
1.587070e-65 
1.587070e-65 
1.587070e-65 
1.356641e-65 
1.356641e-65 
1.082562e-65 
7.185519e-66 
7.185519e-66 
7.185519e-66 
7.185519e-66 
7.185519e-66 
7.185519e-66 
4.820746e-66 
4.010125e-66 
4.010125e-66 
3.838552e-66 
3.838552e-66 
2.866899e-66 
2.866899e-66 
2.318835e-66 
1.670595e-66 
1.515675e-66 
1.515675e-66 
1.388736e-66 
1.388736e-66 
1.388736e-66 
1.383657e-66 
9.410766e-67 
7.532211e-67 
6.434496e-67 
6.434496e-67 
6.434496e-67 
6.434496e-67 
6.434496e-67 
6.001455e-67 
4.253740e-67 
4.223256e-67 
4.223256e-67 
4.163747e-67 
4.163747e-67 
4.163747e-67 
3.674774e-67 
3.135620e-67 
2.456391e-67 
2.203687e-67 
1.886933e-67 
1.562358e-67 
1.382465e-67 
1.382465e-67 
1.382465e-67 
1.382465e-67 
1.382465e-67 
1.134488e-67 
1.134488e-67 
1.134488e-67 
8.844407e-68 
8.422396e-68 
8.422396e-68 
8.422396e-68 
8.422396e-68 
7.521877e-68 
7.521877e-68 
7.521877e-68 
7.521877e-68 
5.344261e-68 
5.344261e-68 
5.344261e-68 
3.536968e-68 
3.536968e-68 
3.536968e-68 
3.536968e-68 
3.536968e-68 
3.536968e-68 
3.536968e-68 
3.536968e-68 
2.130064e-68 
2.130064e-68 
2.130064e-68 
2.130064e-68 
2.130064e-68 
2.130064e-68 
1.526911e-68 
1.526911e-68 
1.526911e-68 
1.205356e-68 
1.205356e-68 
1.205356e-68 
1.205356e-68 
1.205356e-68 
1.205356e-68 
6.106143e-69 
4.272205e-69 
3.373287e-69 
3.373287e-69 
2.594552e-69 
2.594552e-69 
1.492709e-69 
1.492709e-69 
7.052576e-70 
7.052576e-70 
7.052576e-70 
7.052576e-70 
7.052576e-70 
7.052576e-70 
7.052576e-70 
7.052576e-70 
7.052576e-70 
7.052576e-70 
7.052576e-70 
7.052576e-70 
7.052576e-70 
4.574745e-70 
4.574745e-70 
4.574745e-70 
4.574745e-70 
4.574745e-70 
4.574745e-70 
3.296993e-70 
3.296993e-70 
3.296993e-70 
2.443486e-70 
2.443486e-70 
2.443486e-70 
2.443486e-70 
2.443486e-70 
2.443486e-70 
2.443486e-70 
2.443486e-70 
2.443486e-70 
1.943653e-70 
1.943653e-70 
1.691729e-70 
1.473000e-70 
1.473000e-70 
1.345490e-70 
1.345490e-70 
1.293575e-70 
1.293575e-70 
1.293575e-70 
1.293575e-70 
1.293575e-70 
1.150869e-70 
1.150869e-70 
1.140939e-70 
1.140939e-70 
1.075259e-70 
9.820958e-71 
8.253876e-71 
8.253876e-71 
8.253876e-71 
8.253876e-71 
7.630237e-71 
7.021483e-71 
6.872416e-71 
6.872416e-71 
6.872416e-71 
5.748830e-71 
4.993272e-71 
4.179724e-71 
3.367043e-71 
3.367043e-71 
3.367043e-71 
2.278330e-71 
2.278330e-71 
2.278330e-71 
2.278330e-71 
1.837890e-71 
1.686450e-71 
1.686450e-71 
1.316301e-71 
1.015117e-71 
1.015117e-71 
1.015117e-71 
1.000608e-71 
7.250526e-72 
6.906003e-72 
6.906003e-72 
6.193572e-72 
3.377751e-72 
2.662927e-72 
2.280677e-72 
2.280677e-72 
1.959523e-72 
1.713326e-72 
1.713326e-72 
1.713326e-72 
1.345287e-72 
1.345287e-72 
1.345287e-72 
8.922397e-73 
8.922397e-73 
6.937088e-73 
6.937088e-73 
6.937088e-73 
6.937088e-73 
6.937088e-73 
6.937088e-73 
5.920981e-73 
5.166051e-73 
5.166051e-73 
5.166051e-73 
5.166051e-73 
5.166051e-73 
3.954640e-73 
3.954640e-73 
3.660665e-73 
3.030764e-73 
3.030764e-73 
2.674991e-73 
2.632175e-73 
2.632175e-73 
2.373916e-73 
2.373916e-73 
2.373916e-73 
1.975134e-73 
1.436194e-73 
1.436194e-73 
1.197815e-73 
1.197815e-73 
1.115113e-73 
1.115113e-73 
1.115113e-73 
1.051338e-73 
7.693691e-74 
6.284547e-74 
6.284547e-74 
5.105663e-74 
5.105663e-74 
5.105663e-74 
5.105663e-74 
5.105663e-74 
4.925748e-74 
4.925748e-74 
4.925748e-74 
4.015897e-74 
4.015897e-74 
3.835120e-74 
3.534602e-74 
3.534602e-74 
2.301465e-74 
2.301465e-74 
2.301465e-74 
2.301465e-74 
2.017959e-74 
1.226955e-74 
1.102446e-74 
1.102446e-74 
1.102446e-74 
1.102446e-74 
1.102446e-74 
7.234346e-75 
7.234346e-75 
7.234346e-75 
3.432252e-75 
3.432252e-75 
3.432252e-75 
3.432252e-75 
3.432252e-75 
3.432252e-75 
1.440052e-75 
1.440052e-75 
1.240619e-75 
6.082269e-76 
6.082269e-76 
6.082269e-76 
6.082269e-76 
6.082269e-76 
6.082269e-76 
6.082269e-76 
6.082269e-76 
6.082269e-76 
4.878472e-76 
4.878472e-76 
4.275768e-76 
2.613324e-76 
2.613324e-76 
2.613324e-76 
2.613324e-76 
2.271329e-76 
1.637115e-76 
1.637115e-76 
1.277554e-76 
1.068240e-76 
1.068240e-76 
1.068240e-76 
9.053872e-77 
9.053872e-77 
9.053872e-77 
9.053872e-77 
7.141077e-77 
7.141077e-77 
7.141077e-77 
4.311549e-77 
2.783721e-77 
2.738734e-77 
2.738734e-77 
2.345927e-77 
2.345927e-77 
6.065461e-78 
6.065461e-78 
6.065461e-78 
6.065461e-78 
6.065461e-78 
6.065461e-78 
6.065461e-78 
6.065461e-78 
5.960171e-78 
5.960171e-78 
4.792965e-78 
3.133026e-78 
3.133026e-78 
3.133026e-78 
3.044779e-78 
3.044779e-78 
3.044779e-78 
3.044779e-78 
2.495865e-78 
2.495865e-78 
1.368096e-78 
1.368096e-78 
1.368096e-78 
1.368096e-78 
7.656179e-79 
7.656179e-79 
7.284643e-79 
7.284643e-79 
7.284643e-79 
5.707459e-79 
5.707459e-79 
4.495893e-79 
4.495893e-79 
4.422247e-79 
4.422247e-79 
4.422247e-79 
4.269949e-79 
3.568763e-79 
3.477446e-79 
3.477446e-79 
3.343715e-79 
2.607401e-79 
2.607401e-79 
2.607401e-79 
1.733615e-79 
1.733615e-79 
1.733615e-79 
1.733615e-79 
1.733615e-79 
1.685766e-79 
1.027050e-79 
6.585526e-80 
6.340360e-80 
6.340360e-80 
5.360489e-80 
5.360489e-80 
3.355820e-80 
3.355820e-80 
3.355820e-80 
3.355820e-80 
3.138349e-80 
2.140164e-80 
2.140164e-80 
2.140164e-80 
1.157685e-80 
6.888382e-81 
6.273463e-81 
6.273463e-81 
6.080213e-81 
6.080213e-81 
6.080213e-81 
6.080213e-81 
4.762125e-81 
4.762125e-81 
4.427697e-81 
4.427697e-81 
4.427697e-81 
4.427697e-81 
3.732295e-81 
3.732295e-81 
3.433905e-81 
2.855504e-81 
2.155792e-81 
2.155792e-81 
2.155792e-81 
2.019778e-81 
1.906019e-81 
1.900217e-81 
1.394724e-81 
1.286305e-81 
1.002248e-81 
1.002248e-81 
1.002248e-81 
1.001689e-81 
9.181827e-82 
6.287183e-82 
5.154897e-82 
4.549752e-82 
4.549752e-82 
4.549752e-82 
4.549752e-82 
4.549752e-82 
3.938183e-82 
3.938183e-82 
3.938183e-82 
3.313184e-82 
1.062522e-82 
1.062522e-82 
1.062522e-82 
1.062522e-82 
1.062522e-82 
1.030852e-82 
1.030852e-82 
1.030852e-82 
1.030852e-82 
6.964244e-83 
6.964244e-83 
6.158055e-83 
6.158055e-83 
5.307413e-83 
5.307413e-83 
5.307413e-83 
5.307413e-83 
5.307413e-83 
4.865211e-83 
4.865211e-83 
4.865211e-83 
3.709779e-83 
3.709779e-83 
2.894501e-83 
2.894501e-83 
2.894501e-83 
2.894501e-83 
2.894501e-83 
2.567032e-83 
2.567032e-83 
1.746021e-83 
1.687334e-83 
1.687334e-83 
1.687334e-83 
1.397165e-83 
1.203894e-83 
1.129113e-83 
1.109897e-83 
1.105897e-83 
1.105664e-83 
1.105664e-83 
7.591025e-84 
7.591025e-84 
7.591025e-84 
6.663667e-84 
6.476775e-84 
6.471675e-84 
5.302771e-84 
5.302771e-84 
4.079785e-84 
4.079785e-84 
4.079785e-84 
3.554374e-84 
3.554374e-84 
2.711720e-84 
2.408273e-84 
2.408273e-84 
2.408273e-84 
1.658246e-84 
1.658246e-84 
1.658246e-84 
1.399382e-84 
1.347276e-84 
1.347276e-84 
1.212849e-84 
6.073550e-85 
4.301849e-85 
3.643291e-85 
2.701949e-85 
2.228282e-85 
2.228282e-85 
2.021453e-85 
1.763741e-85 
1.306533e-85 
1.306533e-85 
5.329903e-86 
5.329903e-86 
5.329903e-86 
5.329903e-86 
5.329903e-86 
5.329903e-86 
5.329903e-86 
4.883344e-86 
4.883344e-86 
4.883344e-86 
4.873499e-86 
4.873499e-86 
4.332593e-86 
4.332593e-86 
4.274541e-86 
4.274541e-86 
4.274541e-86 
4.274541e-86 
3.791065e-86 
2.981084e-86 
2.981084e-86 
2.773018e-86 
2.280927e-86 
2.280927e-86 
2.165507e-86 
2.054343e-86 
1.425578e-86 
1.231784e-86 
1.231784e-86 
1.231784e-86 
1.188280e-86 
9.625300e-87 
7.330925e-87 
5.454954e-87 
5.454954e-87 
5.454954e-87 
4.812191e-87 
4.812191e-87 
4.102328e-87 
4.102328e-87 
4.102328e-87 
4.102328e-87 
3.855858e-87 
3.855858e-87 
3.021801e-87 
2.726122e-87 
2.726122e-87 
2.726122e-87 
2.726122e-87 
2.726122e-87 
2.726122e-87 
1.761721e-87 
1.761721e-87 
1.542650e-87 
1.542650e-87 
1.542650e-87 
1.399048e-87 
1.399048e-87 
1.303380e-87 
1.107471e-87 
7.266778e-88 
7.266778e-88 
7.266778e-88 
7.266778e-88 
7.013846e-88 
6.536930e-88 
6.536930e-88 
4.667371e-88 
4.667371e-88 
4.667371e-88 
4.623867e-88 
4.623867e-88 
4.616671e-88 
4.616671e-88 
4.616671e-88 
2.253745e-88 
2.253745e-88 
2.253745e-88 
1.624856e-88 
1.624856e-88 
1.624856e-88 
1.624856e-88 
1.624856e-88 
1.597158e-88 
1.597158e-88 
9.403255e-89 
9.403255e-89 
9.403255e-89 
6.663505e-89 
3.130713e-89 
3.130713e-89 
3.130713e-89 
3.130713e-89 
3.130713e-89 
3.130713e-89 
3.044989e-89 
3.044989e-89 
2.679054e-89 
2.679054e-89 
2.679054e-89 
2.679054e-89 
1.850392e-89 
1.464703e-89 
1.464703e-89 
1.272368e-89 
1.175756e-89 
1.175756e-89 
1.175756e-89 
1.175756e-89 
1.175756e-89 
9.456863e-90 
5.257953e-90 
5.257953e-90 
5.257953e-90 
5.257953e-90 
5.257953e-90 
5.257953e-90 
4.595965e-90 
3.645805e-90 
3.645805e-90 
3.645805e-90 
3.645805e-90 
3.485009e-90 
3.485009e-90 
3.485009e-90 
1.602556e-90 
1.602556e-90 
1.602556e-90 
8.835020e-91 
8.835020e-91 
8.835020e-91 
8.835020e-91 
8.482678e-91 
5.011392e-91 
5.011392e-91 
5.011392e-91 
5.011392e-91 
5.011392e-91 
5.011392e-91 
5.011392e-91 
5.011392e-91 
4.873834e-91 
4.615395e-91 
4.615395e-91 
4.066298e-91 
1.482299e-91 
1.482299e-91 
1.482299e-91 
1.482299e-91 
1.471039e-91 
1.471039e-91 
1.471039e-91 
1.188248e-91 
1.188248e-91 
1.188248e-91 
1.188248e-91 
1.188248e-91 
8.493949e-92 
8.493949e-92 
6.322739e-92 
6.322739e-92 
6.322739e-92 
6.322739e-92 
6.322739e-92 
6.322739e-92 
6.186353e-92 
6.143386e-92 
4.272334e-92 
4.272334e-92 
3.579327e-92 
3.257838e-92 
3.257838e-92 
2.089829e-92 
2.089829e-92 
1.800006e-92 
1.800006e-92 
1.800006e-92 
1.670121e-92 
8.773242e-93 
7.577995e-93 
7.577995e-93 
4.677923e-93 
4.677923e-93 
4.677923e-93 
3.706385e-93 
3.706385e-93 
3.211106e-93 
3.211106e-93 
3.211106e-93 
3.211106e-93 
2.993577e-93 
2.598107e-93 
2.447511e-93 
2.287698e-93 
2.287698e-93 
2.287698e-93 
1.063272e-93 
9.530235e-94 
9.388552e-94 
6.562283e-94 
6.562283e-94 
6.562283e-94 
5.620567e-94 
5.607401e-94 
5.125214e-94 
5.125214e-94 
3.606774e-94 
2.474110e-94 
2.474110e-94 
2.474110e-94 
2.474110e-94 
2.149345e-94 
2.149345e-94 
2.149345e-94 
1.588704e-94 
1.588704e-94 
1.280855e-94 
1.280855e-94 
1.280855e-94 
1.280855e-94 
1.040433e-94 
1.040433e-94 
8.964870e-95 
8.964870e-95 
8.964870e-95 
8.964870e-95 
8.964870e-95 
7.990855e-95 
5.162733e-95 
5.162733e-95 
5.162733e-95 
5.162733e-95 
5.052594e-95 
3.943175e-95 
3.260320e-95 
3.260320e-95 
3.260320e-95 
3.260320e-95 
3.260320e-95 
1.741703e-95 
5.525754e-96 
5.525754e-96 
5.525754e-96 
5.053296e-96 
5.053296e-96 
5.053296e-96 
3.409147e-96 
3.409147e-96 
2.265993e-96 
2.265993e-96 
2.265993e-96 
2.265993e-96 
2.132015e-96 
1.232586e-96 
1.232586e-96 
1.232586e-96 
9.768204e-97 
8.371265e-97 
4.442293e-97 
4.442293e-97 
4.442293e-97 
4.442293e-97 
3.078871e-97 
3.078871e-97 
3.078871e-97 
3.078871e-97 
3.078871e-97 
2.055744e-97 
1.885052e-97 
1.885052e-97 
1.517835e-97 
1.517835e-97 
1.073170e-97 
1.073170e-97 
1.073170e-97 
1.073170e-97 
1.073170e-97 
1.073170e-97 
1.073170e-97 
9.286760e-98 
7.737697e-98 
6.732049e-98 
5.927351e-98 
5.927351e-98 
5.023320e-98 
5.023320e-98 
5.023320e-98 
3.052228e-98 
2.701935e-98 
2.701935e-98 
1.682516e-98 
1.682516e-98 
1.682516e-98 
1.682516e-98 
1.085550e-98 
1.085550e-98 
1.085550e-98 
1.085550e-98 
1.085550e-98 
1.085550e-98 
1.085550e-98 
1.085550e-98 
1.085550e-98 
9.311813e-99 
9.311813e-99 
6.123180e-99 
5.692719e-99 
5.692719e-99 
5.692719e-99 
3.411618e-99 
2.933707e-99 
2.552936e-99 
2.552936e-99 
2.303455e-99 
1.403202e-99 
1.403202e-99 
1.403202e-99 
1.069362e-99 
9.351738e-100 
9.351738e-100 
9.351738e-100 
9.351738e-100 
8.390718e-100 
6.270486e-100 
4.022951e-100 
4.022951e-100 
3.515544e-100 
3.218394e-100 
3.218394e-100 
3.190318e-100 
3.190318e-100 
3.190318e-100 
1.615351e-100 
1.615351e-100 
1.497207e-100 
1.497207e-100 
9.048790e-101 
9.048790e-101 
9.048790e-101 
4.600851e-101 
4.600851e-101 
4.600851e-101 
4.600851e-101 
4.600851e-101 
4.348319e-101 
4.348319e-101 
4.348319e-101 
3.677155e-101 
3.145044e-101 
3.145044e-101 
3.145044e-101 
3.145044e-101 
3.145044e-101 
3.145044e-101 
2.417717e-101 
1.884928e-101 
1.884928e-101 
1.650247e-101 
1.305547e-101 
1.305547e-101 
1.305547e-101 
1.210952e-101 
1.044313e-101 
1.044313e-101 
8.260407e-102 
8.260407e-102 
8.260407e-102 
6.165630e-102 
5.173939e-102 
5.173939e-102 
4.646771e-102 
3.958886e-102 
3.958886e-102 
3.958886e-102 
3.379317e-102 
3.379317e-102 
2.908836e-102 
2.643741e-102 
2.643741e-102 
1.424984e-102 
1.214145e-102 
7.957951e-103 
4.145378e-103 
4.145378e-103 
4.145378e-103 
4.145378e-103 
4.024964e-103 
4.024964e-103 
3.607954e-103 
2.132228e-103 
2.132228e-103 
2.132228e-103 
2.132228e-103 
2.132228e-103 
2.132228e-103 
2.007662e-103 
2.007662e-103 
2.007662e-103 
2.007662e-103 
2.007662e-103 
1.851494e-103 
1.536634e-103 
1.326350e-103 
1.111754e-103 
9.714292e-104 
7.825283e-104 
6.095129e-104 
6.095129e-104 
6.095129e-104 
4.841682e-104 
4.525271e-104 
4.525271e-104 
3.444312e-104 
3.203942e-104 
2.318960e-104 
2.271406e-104 
2.271406e-104 
2.230126e-104 
1.931716e-104 
1.931716e-104 
1.686687e-104 
1.435418e-104 
1.435418e-104 
1.080019e-104 
7.853432e-105 
5.180252e-105 
5.180252e-105 
5.180252e-105 
5.180252e-105 
5.180252e-105 
5.180252e-105 
5.133861e-105 
3.869021e-105 
3.869021e-105 
2.559903e-105 
2.559903e-105 
1.983232e-105 
1.983232e-105 
1.983232e-105 
1.983232e-105 
1.983232e-105 
1.983232e-105 
1.983232e-105 
1.897412e-105 
1.723697e-105 
1.450423e-105 
7.750235e-106 
7.750235e-106 
7.750235e-106 
4.397549e-106 
3.344293e-106 
2.529989e-106 
2.529989e-106 
1.096242e-106 
1.096242e-106 
6.276717e-107 
6.276717e-107 
6.276717e-107 
6.276717e-107 
6.276717e-107 
3.932951e-107 
3.932951e-107 
3.932951e-107 
2.946707e-107 
2.946707e-107 
2.868399e-107 
2.868399e-107 
2.868399e-107 
2.868399e-107 
1.793476e-107 
1.793476e-107 
1.596431e-107 
1.596431e-107 
1.596431e-107 
1.596431e-107 
1.596431e-107 
1.596431e-107 
1.596431e-107 
1.596431e-107 
9.992841e-108 
9.992841e-108 
9.992841e-108 
9.992841e-108 
9.992841e-108 
9.992841e-108 
9.992841e-108 
9.992841e-108 
9.303333e-108 
9.303333e-108 
9.303333e-108 
8.838426e-108 
8.838426e-108 
8.724468e-108 
8.724468e-108 
6.062998e-108 
5.829429e-108 
5.829429e-108 
2.445721e-108 
2.445721e-108 
2.156829e-108 
1.502009e-108 
1.502009e-108 
1.502009e-108 
1.502009e-108 
1.502009e-108 
1.502009e-108 
1.339484e-108 
1.148090e-108 
1.148090e-108 
1.148090e-108 
8.542605e-109 
7.485188e-109 
6.783095e-109 
6.783095e-109 
4.628440e-109 
4.141181e-109 
2.971004e-109 
2.971004e-109 
2.971004e-109 
2.285742e-109 
2.285742e-109 
2.285742e-109 
2.285742e-109 
2.285742e-109 
2.285742e-109 
2.177001e-109 
2.177001e-109 
1.610708e-109 
1.610708e-109 
1.610708e-109 
1.610708e-109 
1.601352e-109 
1.509648e-109 
1.509648e-109 
1.089133e-109 
1.057213e-109 
7.433120e-110 
7.433120e-110 
4.817902e-110 
4.299304e-110 
4.299304e-110 
4.299304e-110 
3.713715e-110 
3.713715e-110 
3.334516e-110 
2.702061e-110 
2.702061e-110 
1.442214e-110 
1.442214e-110 
1.442214e-110 
1.442214e-110 
8.950717e-111 
8.950717e-111 
8.950717e-111 
8.950717e-111 
7.125495e-111 
7.125495e-111 
7.125495e-111 
7.125495e-111 
7.125495e-111 
4.425145e-111 
4.425145e-111 
4.389981e-111 
3.400803e-111 
3.400803e-111 
3.212783e-111 
3.096920e-111 
2.893503e-111 
2.893503e-111 
2.844544e-111 
1.791519e-111 
1.722821e-111 
1.722821e-111 
1.722821e-111 
1.716924e-111 
1.200545e-111 
1.200545e-111 
1.010348e-111 
8.746119e-112 
5.207327e-112 
3.880955e-112 
3.539950e-112 
3.455742e-112 
3.436802e-112 
3.433577e-112 
3.173990e-112 
2.810550e-112 
2.810550e-112 
1.538522e-112 
1.538522e-112 
1.538522e-112 
1.328271e-112 
1.328271e-112 
1.221624e-112 
1.148052e-112 
1.148052e-112 
1.062894e-112 
1.062894e-112 
7.009706e-113 
7.009706e-113 
7.009706e-113 
7.009706e-113 
5.726727e-113 
4.859120e-113 
4.859120e-113 
4.859120e-113 
4.468618e-113 
4.468618e-113 
3.769669e-113 
3.769669e-113 
3.769669e-113 
2.931338e-113 
2.931338e-113 
1.833868e-113 
1.833868e-113 
1.833868e-113 
1.646660e-113 
1.646660e-113 
1.471169e-113 
1.449806e-113 
1.449806e-113 
1.244065e-113 
1.239451e-113 
1.239451e-113 
7.842761e-114 
6.359989e-114 
6.359989e-114 
4.977337e-114 
4.977337e-114 
4.977337e-114 
4.977337e-114 
4.593795e-114 
4.593795e-114 
2.806897e-114 
2.280589e-114 
2.280589e-114 
1.389766e-114 
1.389766e-114 
1.389766e-114 
1.389766e-114 
1.389766e-114 
7.643721e-115 
7.643721e-115 
7.643721e-115 
5.209220e-115 
5.209220e-115 
5.209220e-115 
5.209220e-115 
4.124472e-115 
4.124472e-115 
3.324611e-115 
3.324611e-115 
2.498243e-115 
2.356847e-115 
2.356847e-115 
2.356847e-115 
2.356847e-115 
1.802397e-115 
1.802397e-115 
1.684919e-115 
1.684919e-115 
1.684919e-115 
1.378318e-115 
1.378318e-115 
1.378318e-115 
1.378318e-115 
1.291428e-115 
1.291195e-115 
1.142868e-115 
1.033895e-115 
1.033895e-115 
9.958155e-116 
9.881433e-116 
9.881433e-116 
9.420808e-116 
9.255538e-116 
8.936774e-116 
7.085632e-116 
7.085632e-116 
6.667321e-116 
6.667321e-116 
6.202638e-116 
6.202638e-116 
4.440789e-116 
4.440789e-116 
4.275002e-116 
3.579826e-116 
3.127336e-116 
3.127336e-116 
2.723628e-116 
2.723628e-116 
2.723628e-116 
2.290684e-116 
2.067042e-116 
2.067042e-116 
1.514183e-116 
1.514183e-116 
1.182469e-116 
1.140409e-116 
1.140409e-116 
1.025603e-116 
1.025603e-116 
9.073526e-117 
5.741199e-117 
5.741199e-117 
5.741199e-117 
4.254701e-117 
4.254701e-117 
4.120564e-117 
4.120564e-117 
4.120564e-117 
3.127593e-117 
2.406646e-117 
2.336161e-117 
2.022377e-117 
2.022377e-117 
2.022377e-117 
1.865023e-117 
1.865023e-117 
1.319150e-117 
1.273716e-117 
1.256072e-117 
1.244322e-117 
1.219060e-117 
1.219060e-117 
1.114178e-117 
8.269662e-118 
8.269662e-118 
6.787380e-118 
5.828714e-118 
5.828714e-118 
5.828714e-118 
5.828714e-118 
5.828714e-118 
5.017378e-118 
4.234146e-118 
3.296827e-118 
3.162584e-118 
3.162584e-118 
2.273009e-118 
1.931933e-118 
1.414446e-118 
8.447050e-119 
8.447050e-119 
8.447050e-119 
8.431868e-119 
6.419597e-119 
4.449733e-119 
2.915117e-119 
2.863030e-119 
2.863030e-119 
2.791722e-119 
2.791722e-119 
2.459041e-119 
2.041586e-119 
2.041586e-119 
1.364868e-119 
1.364868e-119 
9.834527e-120 
9.834527e-120 
9.834527e-120 
9.834527e-120 
9.834527e-120 
7.818741e-120 
5.312242e-120 
5.283555e-120 
3.021729e-120 
3.021729e-120 
2.626911e-120 
2.626911e-120 
7.296961e-121 
7.296961e-121 
7.296961e-121 
7.296961e-121 
7.296961e-121 
7.296961e-121 
4.146284e-121 
3.474876e-121 
3.474876e-121 
3.474876e-121 
3.474876e-121 
3.474876e-121 
1.853767e-121 
1.844020e-121 
1.844020e-121 
1.622413e-121 
1.622413e-121 
1.070754e-121 
9.167842e-122 
9.167842e-122 
7.945910e-122 
7.945910e-122 
6.107688e-122 
6.107688e-122 
6.107688e-122 
3.739673e-122 
3.739673e-122 
3.441301e-122 
2.735791e-122 
2.735791e-122 
2.735791e-122 
2.735791e-122 
2.095132e-122 
2.095132e-122 
2.095132e-122 
2.095132e-122 
2.095132e-122 
2.067390e-122 
2.067390e-122 
2.031529e-122 
2.031529e-122 
1.841406e-122 
1.841406e-122 
1.738695e-122 
1.426885e-122 
1.362577e-122 
1.362577e-122 
1.162823e-122 
1.100943e-122 
9.926502e-123 
9.671265e-123 
9.671265e-123 
9.671265e-123 
9.671265e-123 
8.528560e-123 
5.943850e-123 
5.535499e-123 
5.535499e-123 
5.249872e-123 
5.249872e-123 
4.948443e-123 
4.935348e-123 
4.935348e-123 
4.673503e-123 
4.590016e-123 
4.590016e-123 
4.128020e-123 
3.367763e-123 
3.367763e-123 
3.267117e-123 
1.897386e-123 
1.198461e-123 
1.198461e-123 
7.877143e-124 
4.558850e-124 
4.558850e-124 
4.558850e-124 
4.203561e-124 
4.203561e-124 
4.203561e-124 
4.174680e-124 
4.115922e-124 
3.865047e-124 
3.865047e-124 
3.865047e-124 
3.756769e-124 
3.034087e-124 
2.953386e-124 
2.953386e-124 
2.659696e-124 
2.659696e-124 
1.920124e-124 
1.920124e-124 
1.920124e-124 
1.555872e-124 
1.555872e-124 
8.587898e-125 
8.587898e-125 
8.587898e-125 
8.548719e-125 
7.673298e-125 
7.673298e-125 
7.673298e-125 
6.828316e-125 
6.828316e-125 
5.283966e-125 
5.283966e-125 
3.573613e-125 
3.230068e-125 
3.230068e-125 
3.230068e-125 
3.230068e-125 
3.230068e-125 
1.913556e-125 
1.913556e-125 
1.712193e-125 
1.531888e-125 
1.531888e-125 
1.486604e-125 
1.486604e-125 
1.242256e-125 
9.062447e-126 
9.062447e-126 
5.514552e-126 
3.121123e-126 
2.843434e-126 
2.843434e-126 
2.671874e-126 
2.671874e-126 
2.601795e-126 
2.601795e-126 
2.584687e-126 
2.547115e-126 
2.547115e-126 
1.720515e-126 
1.033315e-126 
1.033315e-126 
1.033315e-126 
6.892699e-127 
6.892699e-127 
3.980391e-127 
3.980391e-127 
3.980391e-127 
2.940407e-127 
2.940407e-127 
2.636096e-127 
2.104401e-127 
2.011796e-127 
1.778888e-127 
1.411864e-127 
1.411864e-127 
1.375673e-127 
1.375673e-127 
1.014309e-127 
1.014309e-127 
1.014309e-127 
8.845921e-128 
8.845921e-128 
8.845921e-128 
8.082349e-128 
7.420107e-128 
7.420107e-128 
7.420107e-128 
4.477985e-128 
4.477985e-128 
4.477985e-128 
4.321905e-128 
4.321905e-128 
3.241402e-128 
2.576541e-128 
2.576541e-128 
2.576541e-128 
2.151656e-128 
2.151656e-128 
2.151656e-128 
1.558721e-128 
1.274331e-128 
1.274331e-128 
1.078661e-128 
1.078661e-128 
1.078661e-128 
7.441333e-129 
4.541403e-129 
4.541403e-129 
3.316869e-129 
3.316869e-129 
1.482694e-129 
1.482694e-129 
1.482694e-129 
8.450491e-130 
8.450491e-130 
8.450491e-130 
8.450491e-130 
4.606585e-130 
2.508421e-130 
2.508421e-130 
2.404003e-130 
2.404003e-130 
2.098560e-130 
2.098560e-130 
2.098560e-130 
2.071770e-130 
2.071770e-130 
1.784897e-130 
1.728172e-130 
1.728172e-130 
1.260190e-130 
1.260190e-130 
1.260190e-130 
9.465310e-131 
8.972988e-131 
6.471203e-131 
4.756277e-131 
4.756277e-131 
4.756277e-131 
4.756277e-131 
4.756277e-131 
4.410072e-131 
4.410072e-131 
4.410072e-131 
3.901257e-131 
3.129366e-131 
3.129366e-131 
2.224490e-131 
2.043184e-131 
2.043184e-131 
2.043184e-131 
1.850559e-131 
1.767358e-131 
1.423164e-131 
1.423164e-131 
1.423164e-131 
1.265585e-131 
8.598528e-132 
7.829751e-132 
7.829751e-132 
6.025346e-132 
6.025346e-132 
2.029792e-132 
2.029792e-132 
2.029792e-132 
2.029792e-132 
1.643063e-132 
1.643063e-132 
9.532858e-133 
9.532858e-133 
9.532858e-133 
9.532858e-133 
6.712801e-133 
5.795787e-133 
5.795787e-133 
5.225185e-133 
2.464131e-133 
1.898759e-133 
1.898759e-133 
1.854268e-133 
1.854268e-133 
1.668561e-133 
1.668561e-133 
1.552591e-133 
1.552591e-133 
1.552591e-133 
1.343309e-133 
1.343309e-133 
1.343309e-133 
1.241937e-133 
8.709151e-134 
7.516229e-134 
7.248922e-134 
3.550510e-134 
3.550510e-134 
3.550510e-134 
3.196911e-134 
3.196911e-134 
3.196911e-134 
3.083723e-134 
3.083723e-134 
2.735581e-134 
9.448573e-135 
9.448573e-135 
9.448573e-135 
9.448573e-135 
9.448573e-135 
9.448573e-135 
5.002335e-135 
5.002335e-135 
5.002335e-135 
5.002335e-135 
3.052401e-135 
3.052401e-135 
2.343924e-135 
1.869114e-135 
1.869114e-135 
1.370654e-135 
1.370654e-135 
1.370654e-135 
1.222388e-135 
1.216908e-135 
1.216908e-135 
1.207532e-135 
1.207532e-135 
1.207532e-135 
1.039679e-135 
1.039679e-135 
9.189004e-136 
6.339604e-136 
4.890201e-136 
3.630621e-136 
3.567865e-136 
3.567865e-136 
2.978389e-136 
2.978389e-136 
2.978389e-136 
2.695205e-136 
2.611032e-136 
2.581208e-136 
2.332576e-136 
1.505435e-136 
9.234425e-137 
9.234425e-137 
8.610764e-137 
7.068572e-137 
7.068572e-137 
7.068572e-137 
6.470689e-137 
6.470689e-137 
6.184359e-137 
6.108037e-137 
3.369158e-137 
1.455368e-137 
1.455368e-137 
1.455368e-137 
1.455368e-137 
1.455368e-137 
1.455368e-137 
1.177574e-137 
1.008303e-137 
5.396590e-138 
4.261281e-138 
4.261281e-138 
4.261281e-138 
4.261281e-138 
4.121584e-138 
3.190641e-138 
3.190641e-138 
2.807601e-138 
2.807601e-138 
2.807601e-138 
2.245743e-138 
2.182764e-138 
1.884121e-138 
1.653199e-138 
1.565580e-138 
1.528782e-138 
1.335170e-138 
1.239698e-138 
1.239698e-138 
1.239698e-138 
9.157215e-139 
8.697066e-139 
5.582508e-139 
5.582508e-139 
5.582508e-139 
2.635191e-139 
2.435395e-139 
2.435395e-139 
2.347503e-139 
2.347503e-139 
2.321882e-139 
2.049997e-139 
2.049997e-139 
2.049997e-139 
1.307242e-139 
1.307242e-139 
1.144051e-139 
1.067222e-139 
8.977829e-140 
8.977829e-140 
8.977829e-140 
8.977829e-140 
7.763479e-140 
7.763479e-140 
6.233172e-140 
6.233172e-140 
4.799977e-140 
3.733623e-140 
3.733623e-140 
2.805101e-140 
2.805101e-140 
1.610487e-140 
1.610487e-140 
1.610487e-140 
1.411021e-140 
1.411021e-140 
1.040149e-140 
9.692722e-141 
9.692722e-141 
9.692722e-141 
8.310059e-141 
8.310059e-141 
4.174236e-141 
4.174236e-141 
4.174236e-141 
3.434046e-141 
3.434046e-141 
3.434046e-141 
2.613267e-141 
2.536708e-141 
2.536708e-141 
2.536708e-141 
2.364901e-141 
1.991135e-141 
1.991135e-141 
1.969957e-141 
1.969957e-141 
1.969957e-141 
1.602587e-141 
1.602587e-141 
1.517507e-141 
1.285546e-141 
1.108754e-141 
8.482812e-142 
5.810320e-142 
4.304491e-142 
2.299634e-142 
2.075791e-142 
2.075791e-142 
1.905063e-142 
1.905063e-142 
1.905063e-142 
1.905063e-142 
1.753993e-142 
1.497513e-142 
1.299164e-142 
1.299164e-142 
1.299164e-142 
1.184397e-142 
1.184397e-142 
1.184397e-142 
1.184397e-142 
1.184397e-142 
1.068140e-142 
1.068140e-142 
6.103707e-143 
3.290761e-143 
3.290761e-143 
3.226308e-143 
2.166605e-143 
2.166605e-143 
1.882256e-143 
1.882256e-143 
1.882256e-143 
1.882256e-143 
1.426299e-143 
1.426299e-143 
1.345131e-143 
1.345131e-143 
1.345131e-143 
1.238489e-143 
8.888354e-144 
8.646954e-144 
8.111923e-144 
7.881335e-144 
5.080515e-144 
5.080515e-144 
4.704329e-144 
4.704329e-144 
4.014174e-144 
3.571917e-144 
3.571917e-144 
3.434903e-144 
2.723041e-144 
1.053583e-144 
1.053583e-144 
1.053583e-144 
1.053583e-144 
9.239700e-145 
9.239700e-145 
9.239700e-145 
8.783782e-145 
6.285350e-145 
5.603006e-145 
5.401588e-145 
5.401588e-145 
5.045753e-145 
4.438823e-145 
3.652422e-145 
3.496189e-145 
2.377396e-145 
1.946860e-145 
1.946860e-145 
1.946860e-145 
1.219817e-145 
9.162527e-146 
9.162527e-146 
9.162527e-146 
9.162527e-146 
9.162527e-146 
9.162527e-146 
4.348862e-146 
2.738354e-146 
2.738354e-146 
2.738354e-146 
2.184319e-146 
2.184319e-146 
2.036459e-146 
2.036459e-146 
1.326460e-146 
1.326460e-146 
1.326460e-146 
1.268000e-146 
1.268000e-146 
1.268000e-146 
1.225380e-146 
9.454087e-147 
9.454087e-147 
6.415633e-147 
2.790865e-147 
2.790865e-147 
2.790865e-147 
2.379370e-147 
2.325974e-147 
2.279788e-147 
2.279788e-147 
1.667364e-147 
1.283519e-147 
6.733490e-148 
5.320369e-148 
5.320369e-148 
5.320369e-148 
4.504236e-148 
4.504236e-148 
4.444123e-148 
4.444123e-148 
4.444123e-148 
3.734247e-148 
2.379968e-148 
2.061294e-148 
2.061294e-148 
2.061294e-148 
1.765728e-148 
1.698320e-148 
1.071498e-148 
1.036721e-148 
1.036721e-148 
1.036721e-148 
1.036721e-148 
9.126234e-149 
9.126234e-149 
9.126234e-149 
9.126234e-149 
8.994546e-149 
4.780876e-149 
4.063870e-149 
4.063870e-149 
4.063870e-149 
4.063870e-149 
3.590109e-149 
3.506347e-149 
3.506347e-149 
2.388207e-149 
2.092924e-149 
2.092924e-149 
1.668558e-149 
1.637315e-149 
1.637315e-149 
1.637315e-149 
1.637315e-149 
1.240907e-149 
1.240907e-149 
7.907987e-150 
7.907987e-150 
7.467624e-150 
6.284890e-150 
5.174124e-150 
5.174124e-150 
2.766905e-150 
2.766905e-150 
2.766905e-150 
2.766905e-150 
2.755604e-150 
8.396019e-151 
8.396019e-151 
8.396019e-151 
7.177136e-151 
4.771740e-151 
4.771740e-151 
4.006271e-151 
4.006271e-151 
4.006271e-151 
4.006271e-151 
4.006271e-151 
4.006271e-151 
4.006271e-151 
3.385403e-151 
3.380136e-151 
3.380136e-151 
2.367905e-151 
2.367905e-151 
2.357390e-151 
1.720501e-151 
1.720501e-151 
1.478947e-151 
1.406905e-151 
1.123425e-151 
1.123425e-151 
1.123425e-151 
2.751332e-152 
2.751332e-152 
2.751332e-152 
2.588289e-152 
2.588289e-152 
2.588289e-152 
2.124420e-152 
2.124420e-152 
2.091898e-152 
2.091898e-152 
2.091898e-152 
2.091898e-152 
2.091898e-152 
2.091898e-152 
1.443578e-152 
1.443578e-152 
9.601594e-153 
9.601594e-153 
7.811229e-153 
7.811229e-153 
4.655239e-153 
4.655239e-153 
4.355268e-153 
4.355268e-153 
4.355268e-153 
4.355268e-153 
3.820102e-153 
3.820102e-153 
3.820102e-153 
3.153851e-153 
2.547397e-153 
2.547397e-153 
2.547397e-153 
1.207576e-153 
1.207576e-153 
1.207576e-153 
1.207576e-153 
1.207576e-153 
1.160514e-153 
1.160514e-153 
1.029935e-153 
7.216966e-154 
7.216966e-154 
6.058283e-154 
6.058283e-154 
4.424139e-154 
4.424139e-154 
2.988011e-154 
2.988011e-154 
2.988011e-154 
2.988011e-154 
2.988011e-154 
2.988011e-154 
1.930766e-154 
1.283957e-154 
1.283957e-154 
1.283957e-154 
1.283957e-154 
1.283957e-154 
1.283957e-154 
8.821242e-155 
5.539008e-155 
5.539008e-155 
5.539008e-155 
4.762038e-155 
4.660602e-155 
4.660602e-155 
3.039387e-155 
3.039387e-155 
3.039387e-155 
2.755297e-155 
2.755297e-155 
2.755297e-155 
2.247016e-155 
2.147597e-155 
1.865219e-155 
1.865219e-155 
1.656488e-155 
1.111244e-155 
1.111244e-155 
7.273374e-156 
6.327506e-156 
6.327506e-156 
6.327506e-156 
4.688888e-156 
4.682068e-156 
4.682068e-156 
4.050453e-156 
1.127639e-156 
1.127639e-156 
1.127639e-156 
1.040733e-156 
1.040733e-156 
4.065825e-157 
4.065825e-157 
4.065825e-157 
3.172183e-157 
1.681546e-157 
1.681546e-157 
1.681546e-157 
1.681546e-157 
1.394887e-157 
1.390257e-157 
1.390257e-157 
1.390257e-157 
1.361664e-157 
1.361664e-157 
1.121771e-157 
1.121771e-157 
1.121771e-157 
7.624651e-158 
7.624651e-158 
7.624651e-158 
7.624651e-158 
7.398831e-158 
6.674305e-158 
6.626782e-158 
5.537608e-158 
4.264946e-158 
2.857292e-158 
2.857292e-158 
2.857292e-158 
1.297555e-158 
1.297555e-158 
1.297555e-158 
1.263494e-158 
8.043911e-159 
7.852457e-159 
7.419074e-159 
7.280170e-159 
6.324936e-159 
5.573418e-159 
3.591246e-159 
2.475461e-159 
2.475461e-159 
2.475461e-159 
2.475461e-159 
2.039059e-159 
2.039059e-159 
1.194841e-159 
1.194841e-159 
1.194841e-159 
9.131407e-160 
8.589539e-160 
8.589539e-160 
7.309878e-160 
7.095533e-160 
7.095533e-160 
3.911498e-160 
3.911498e-160 
3.325058e-160 
2.741353e-160 
2.093920e-160 
2.093920e-160 
2.093920e-160 
1.666631e-160 
1.666631e-160 
1.013487e-160 
1.013487e-160 
1.013487e-160 
8.508796e-161 
5.534442e-161 
5.534442e-161 
5.279101e-161 
3.899605e-161 
3.899605e-161 
3.899605e-161 
3.629193e-161 
2.781275e-161 
2.476734e-161 
2.187748e-161 
1.540711e-161 
1.540711e-161 
1.540711e-161 
1.180067e-161 
8.195058e-162 
8.195058e-162 
8.195058e-162 
8.195058e-162 
8.195058e-162 
5.921615e-162 
5.885491e-162 
5.885491e-162 
4.468624e-162 
1.771604e-162 
1.299226e-162 
1.299226e-162 
1.299226e-162 
1.299226e-162 
1.232546e-162 
1.069087e-162 
9.848345e-163 
9.848345e-163 
9.317092e-163 
9.317092e-163 
9.317092e-163 
9.317092e-163 
4.242372e-163 
4.242372e-163 
4.242372e-163 
4.242372e-163 
3.627242e-163 
3.627242e-163 
3.627242e-163 
2.941660e-163 
2.941660e-163 
2.941660e-163 
2.941660e-163 
2.941660e-163 
2.941660e-163 
2.082988e-163 
1.180637e-163 
1.075405e-163 
8.791907e-164 
8.791907e-164 
5.055639e-164 
4.098148e-164 
4.098148e-164 
4.098148e-164 
4.060983e-164 
3.375397e-164 
2.307511e-164 
2.307511e-164 
1.211654e-164 
1.211654e-164 
1.211654e-164 
1.115577e-164 
1.115577e-164 
7.441546e-165 
6.897675e-165 
5.242771e-165 
5.131353e-165 
3.808028e-165 
3.808028e-165 
3.808028e-165 
3.549907e-165 
3.406116e-165 
3.406116e-165 
2.022069e-165 
2.022069e-165 
2.022069e-165 
1.020844e-165 
9.543175e-166 
8.078445e-166 
7.831941e-166 
7.831941e-166 
7.238478e-166 
6.286714e-166 
5.930061e-166 
5.930061e-166 
5.855610e-166 
3.566232e-166 
3.566232e-166 
3.566232e-166 
1.168541e-166 
1.168541e-166 
1.168541e-166 
1.168541e-166 
1.168541e-166 
1.168541e-166 
1.039330e-166 
9.306747e-167 
7.141882e-167 
7.141882e-167 
5.562135e-167 
5.562135e-167 
5.562135e-167 
5.562135e-167 
5.562135e-167 
3.975259e-167 
3.180189e-167 
3.180189e-167 
3.180189e-167 
3.180189e-167 
1.764783e-167 
1.764783e-167 
1.764783e-167 
1.737414e-167 
1.737414e-167 
1.233386e-167 
1.233386e-167 
1.233386e-167 
9.399851e-168 
8.502706e-168 
8.502706e-168 
7.563263e-168 
7.563263e-168 
6.899310e-168 
6.899310e-168 
6.824484e-168 
6.469384e-168 
4.145022e-168 
3.125014e-168 
3.125014e-168 
3.095750e-168 
3.095750e-168 
2.913568e-168 
1.282560e-168 
1.109736e-168 
1.018729e-168 
1.018729e-168 
8.901086e-169 
8.629757e-169 
3.729371e-169 
3.729371e-169 
3.729371e-169 
3.729371e-169 
3.729371e-169 
3.543494e-169 
3.280268e-169 
2.233928e-169 
2.233928e-169 
2.229383e-169 
2.229383e-169 
2.229383e-169 
1.658260e-169 
1.096402e-169 
1.096402e-169 
8.351565e-170 
7.670196e-170 
7.670196e-170 
7.172558e-170 
6.698371e-170 
5.092670e-170 
4.571879e-170 
3.617230e-170 
3.617230e-170 
2.828522e-170 
2.828522e-170 
8.647561e-171 
8.647561e-171 
7.522641e-171 
7.522641e-171 
7.522641e-171 
7.157047e-171 
4.998505e-171 
4.998505e-171 
4.998505e-171 
2.810303e-171 
2.810303e-171 
2.377057e-171 
1.978579e-171 
1.978579e-171 
1.804107e-171 
1.474806e-171 
1.163317e-171 
9.159241e-172 
8.238686e-172 
6.915808e-172 
6.630858e-172 
6.630858e-172 
5.871605e-172 
3.558489e-172 
3.558489e-172 
3.558489e-172 
3.558489e-172 
3.558489e-172 
2.947299e-172 
2.762640e-172 
2.762640e-172 
2.762640e-172 
2.513652e-172 
2.434705e-172 
2.434705e-172 
2.205400e-172 
1.466734e-172 
1.466734e-172 
1.466734e-172 
9.387109e-173 
8.316853e-173 
6.538298e-173 
6.318103e-173 
6.318103e-173 
5.867350e-173 
5.867350e-173 
3.942775e-173 
3.942775e-173 
2.821803e-173 
2.386526e-173 
2.386526e-173 
1.747579e-173 
1.747579e-173 
1.747579e-173 
1.529885e-173 
8.569961e-174 
8.569961e-174 
3.267534e-174 
3.267534e-174 
3.267534e-174 
3.267534e-174 
3.267534e-174 
2.539842e-174 
1.969428e-174 
1.887035e-174 
1.886696e-174 
1.651654e-174 
1.651654e-174 
1.651654e-174 
1.651654e-174 
1.222397e-174 
1.222397e-174 
1.211537e-174 
1.209529e-174 
1.146702e-174 
8.591303e-175 
7.540975e-175 
5.653591e-175 
4.991499e-175 
4.441390e-175 
2.730518e-175 
2.730518e-175 
2.431619e-175 
2.431619e-175 
2.085480e-175 
1.381062e-175 
1.381062e-175 
6.132960e-176 
6.132960e-176 
6.132960e-176 
4.265622e-176 
4.265622e-176 
3.922549e-176 
3.542912e-176 
3.125263e-176 
2.734947e-176 
2.321418e-176 
2.321418e-176 
2.129389e-176 
1.699226e-176 
1.699226e-176 
1.328556e-176 
6.775305e-177 
6.775305e-177 
6.545625e-177 
6.545625e-177 
5.544388e-177 
3.213800e-177 
3.213800e-177 
3.213800e-177 
3.213800e-177 
3.213800e-177 
2.635717e-177 
1.886452e-177 
1.886452e-177 
1.849136e-177 
1.849136e-177 
1.568220e-177 
9.731604e-178 
9.095108e-178 
9.095108e-178 
9.095108e-178 
9.095108e-178 
8.255082e-178 
4.041282e-178 
4.041282e-178 
4.041282e-178 
4.041282e-178 
4.041282e-178 
3.871060e-178 
3.871060e-178 
3.228266e-178 
2.834983e-178 
2.834983e-178 
2.557028e-178 
2.493498e-178 
2.407983e-178 
2.407983e-178 
2.275561e-178 
2.083054e-178 
1.439599e-178 
1.439599e-178 
1.154852e-178 
1.126559e-178 
1.126559e-178 
1.126559e-178 
9.046225e-179 
7.225064e-179 
7.225064e-179 
7.225064e-179 
4.252721e-179 
4.252721e-179 
4.252721e-179 
4.252721e-179 
3.589414e-179 
3.429822e-179 
3.032605e-179 
2.862983e-179 
2.320078e-179 
1.929442e-179 
1.796841e-179 
1.796841e-179 
1.455890e-179 
1.193249e-179 
1.078324e-179 
1.057763e-179 
1.057763e-179 
7.041095e-180 
7.041095e-180 
6.191667e-180 
6.191667e-180 
5.275384e-180 
5.275384e-180 
4.101372e-180 
1.778408e-180 
1.619952e-180 
1.327467e-180 
1.148776e-180 
7.726951e-181 
6.437951e-181 
5.708675e-181 
5.708675e-181 
4.847317e-181 
3.683511e-181 
3.504864e-181 
3.098395e-181 
1.478930e-181 
1.478930e-181 
1.478930e-181 
1.317532e-181 
1.168854e-181 
8.587264e-182 
6.919260e-182 
6.919260e-182 
6.919260e-182 
6.919260e-182 
6.585755e-182 
6.585755e-182 
6.416423e-182 
6.416423e-182 
1.538892e-182 
1.538892e-182 
1.538892e-182 
1.538892e-182 
1.538892e-182 
1.538892e-182 
1.538892e-182 
1.538892e-182 
1.538892e-182 
1.538892e-182 
1.538892e-182 
1.198553e-182 
9.469887e-183 
6.176705e-183 
5.949590e-183 
4.581996e-183 
3.697473e-183 
3.604604e-183 
2.137851e-183 
2.137851e-183 
1.793806e-183 
1.793806e-183 
1.793806e-183 
1.793806e-183 
1.793806e-183 
1.016860e-183 
9.432208e-184 
9.432208e-184 
9.432208e-184 
6.078742e-184 
5.213635e-184 
4.699311e-184 
4.699311e-184 
4.699311e-184 
4.699311e-184 
4.699311e-184 
4.623063e-184 
4.143387e-184 
3.860019e-184 
3.464090e-184 
3.464090e-184 
2.923959e-184 
2.572883e-184 
2.511301e-184 
1.978439e-184 
1.697593e-184 
1.638511e-184 
1.061431e-184 
1.061431e-184 
6.403539e-185 
6.403539e-185 
4.003320e-185 
4.003320e-185 
4.003320e-185 
2.671691e-185 
2.671691e-185 
1.569680e-185 
1.000674e-185 
6.775371e-186 
6.775371e-186 
1.782410e-186 
1.782410e-186 
1.782410e-186 
1.782410e-186 
1.782410e-186 
1.782410e-186 
1.245245e-186 
1.245245e-186 
1.245245e-186 
1.008847e-186 
1.008847e-186 
1.008847e-186 
1.008847e-186 
8.389457e-187 
8.389457e-187 
6.746400e-187 
6.746400e-187 
5.071731e-187 
3.673831e-187 
3.673831e-187 
3.673831e-187 
3.506443e-187 
3.392023e-187 
2.722511e-187 
2.554118e-187 
2.554118e-187 
2.466338e-187 
2.261617e-187 
2.208874e-187 
2.208874e-187 
1.992484e-187 
1.917818e-187 
1.895983e-187 
1.888526e-187 
1.885654e-187 
1.535045e-187 
1.482733e-187 
1.215305e-187 
8.618945e-188 
7.038864e-188 
3.082619e-188 
1.944239e-188 
1.944239e-188 
1.155317e-188 
9.058361e-189 
9.058361e-189 
4.945456e-189 
4.945456e-189 
4.945456e-189 
4.945456e-189 
4.945456e-189 
4.945456e-189 
2.760259e-189 
2.429322e-189 
2.429322e-189 
2.085282e-189 
2.085282e-189 
2.085282e-189 
1.604437e-189 
1.584433e-189 
1.584433e-189 
1.475404e-189 
1.140806e-189 
1.018998e-189 
6.513098e-190 
4.378373e-190 
4.378373e-190 
3.764025e-190 
3.764025e-190 
2.842883e-190 
1.940889e-190 
1.837879e-190 
1.837879e-190 
1.837879e-190 
1.430433e-190 
1.430433e-190 
1.429472e-190 
8.781398e-191 
6.846523e-191 
6.846523e-191 
5.583257e-191 
5.583257e-191 
3.548077e-191 
3.548077e-191 
2.576252e-191 
2.046984e-191 
1.979853e-191 
1.979853e-191 
1.908860e-191 
9.354893e-192 
9.354893e-192 
9.354893e-192 
9.354893e-192 
6.192246e-192 
6.192246e-192 
4.576422e-192 
4.207752e-192 
3.949902e-192 
3.496353e-192 
3.496353e-192 
3.243535e-192 
3.243535e-192 
3.243535e-192 
2.773153e-192 
2.499622e-192 
2.205722e-192 
1.351407e-192 
1.030984e-192 
9.105328e-193 
7.983693e-193 
7.725422e-193 
7.657686e-193 
3.514847e-193 
2.554764e-193 
2.121167e-193 
1.874960e-193 
1.753354e-193 
1.482521e-193 
1.482521e-193 
1.083876e-193 
5.339274e-194 
5.339274e-194 
5.339274e-194 
5.339274e-194 
5.339274e-194 
3.015083e-194 
3.015083e-194 
3.015083e-194 
2.987925e-194 
2.531869e-194 
2.444077e-194 
2.444077e-194 
2.444077e-194 
1.996385e-194 
1.632491e-194 
1.632491e-194 
1.632491e-194 
1.122243e-194 
7.944125e-195 
6.111134e-195 
5.274800e-195 
3.211880e-195 
3.211880e-195 
3.211880e-195 
3.211880e-195 
3.211880e-195 
3.183391e-195 
3.183391e-195 
1.949933e-195 
1.148336e-195 
9.802968e-196 
9.802968e-196 
9.802968e-196 
6.647745e-196 
5.149972e-196 
5.149972e-196 
3.347732e-196 
3.043654e-196 
3.043654e-196 
3.043654e-196 
1.830069e-196 
1.830069e-196 
1.830069e-196 
1.699789e-196 
1.578550e-196 
1.546326e-196 
1.514111e-196 
1.413461e-196 
1.257958e-196 
1.257958e-196 
1.257958e-196 
9.875137e-197 
9.020191e-197 
5.849970e-197 
5.849970e-197 
5.813983e-197 
4.825969e-197 
4.133871e-197 
3.778961e-197 
3.589126e-197 
3.589126e-197 
3.589126e-197 
3.176749e-197 
2.832968e-197 
2.013419e-197 
1.092299e-197 
8.415825e-198 
8.220988e-198 
8.220988e-198 
8.220988e-198 
7.018863e-198 
6.961380e-198 
6.961380e-198 
6.880137e-198 
6.880137e-198 
4.918583e-198 
4.918583e-198 
4.834455e-198 
4.725843e-198 
3.662917e-198 
2.150647e-198 
2.150647e-198 
2.150647e-198 
1.502170e-198 
1.502170e-198 
1.234642e-198 
8.727163e-199 
8.096592e-199 
8.096592e-199 
8.096592e-199 
7.647839e-199 
7.647839e-199 
7.647839e-199 
3.293295e-199 
2.447069e-199 
2.447069e-199 
2.369556e-199 
2.343325e-199 
1.846261e-199 
1.595808e-199 
1.595808e-199 
1.595808e-199 
1.595808e-199 
1.228605e-199 
1.102453e-199 
1.102453e-199 
9.676875e-200 
9.676875e-200 
7.582598e-200 
5.379206e-200 
5.379206e-200 
4.250134e-200 
4.250134e-200 
3.616310e-200 
3.616310e-200 
3.040399e-200 
2.086064e-200 
1.583941e-200 
1.583941e-200 
1.583941e-200 
1.056927e-200 
1.056927e-200 
1.056927e-200 
8.342644e-201 
8.342644e-201 
7.513735e-201 
7.513735e-201 
4.541804e-201 
3.960998e-201 
3.446117e-201 
2.874504e-201 
2.874504e-201 
2.593561e-201 
2.083601e-201 
2.083601e-201 
2.030583e-201 
2.030583e-201 
1.050751e-201 
1.050751e-201 
8.569293e-202 
8.569293e-202 
8.569293e-202 
7.855982e-202 
7.360710e-202 
3.409235e-202 
3.409235e-202 
2.563422e-202 
2.563422e-202 
2.563422e-202 
2.103250e-202 
2.103250e-202 
2.103250e-202 
2.092563e-202 
2.092563e-202 
1.904233e-202 
1.829618e-202 
1.602757e-202 
1.602757e-202 
1.602757e-202 
1.583189e-202 
6.152269e-203 
6.152269e-203 
4.929221e-203 
4.929221e-203 
4.929221e-203 
4.929221e-203 
3.713630e-203 
3.382492e-203 
3.382492e-203 
2.090469e-203 
2.090469e-203 
1.986481e-203 
8.514404e-204 
8.514404e-204 
8.514404e-204 
6.562017e-204 
6.537950e-204 
6.537950e-204 
3.377971e-204 
3.377971e-204 
3.377971e-204 
2.277751e-204 
2.277751e-204 
1.586483e-204 
1.586483e-204 
1.586483e-204 
6.878631e-205 
6.878631e-205 
6.878631e-205 
4.193192e-205 
4.193192e-205 
4.193192e-205 
4.193192e-205 
3.645150e-205 
3.645150e-205 
1.960175e-205 
1.801797e-205 
1.430912e-205 
1.407653e-205 
8.409773e-206 
8.409773e-206 
8.409773e-206 
8.060480e-206 
7.517002e-206 
7.517002e-206 
5.209074e-206 
5.209074e-206 
5.209074e-206 
4.290193e-206 
4.175158e-206 
3.795264e-206 
2.172152e-206 
8.136336e-207 
8.136336e-207 
8.136336e-207 
8.136336e-207 
7.919153e-207 
5.179824e-207 
5.179824e-207 
5.179824e-207 
5.179824e-207 
4.937814e-207 
3.808806e-207 
3.241848e-207 
3.241848e-207 
3.066891e-207 
2.215964e-207 
1.797754e-207 
1.471716e-207 
1.134175e-207 
8.791974e-208 
7.780390e-208 
7.780390e-208 
3.851214e-208 
3.366823e-208 
2.238287e-208 
1.692860e-208 
1.575700e-208 
8.772941e-209 
8.542368e-209 
8.277562e-209 
6.649824e-209 
6.649824e-209 
5.382794e-209 
5.382794e-209 
3.891116e-209 
3.891116e-209 
2.702529e-209 
1.441257e-209 
1.441257e-209 
1.441257e-209 
1.195042e-209 
6.802213e-210 
6.802213e-210 
5.463027e-210 
5.463027e-210 
5.463027e-210 
4.441107e-210 
2.628447e-210 
2.591276e-210 
1.986386e-210 
1.986386e-210 
1.923419e-210 
1.430214e-210 
1.430214e-210 
1.297155e-210 
1.297155e-210 
1.297155e-210 
1.086911e-210 
9.395660e-211 
7.996555e-211 
7.550874e-211 
7.012249e-211 
7.012249e-211 
6.049079e-211 
5.509572e-211 
5.029320e-211 
4.443363e-211 
2.795525e-211 
1.985194e-211 
1.985194e-211 
1.476738e-211 
1.476738e-211 
1.229516e-211 
7.733701e-212 
7.733701e-212 
7.733701e-212 
4.343502e-212 
4.343502e-212 
4.343502e-212 
2.157573e-212 
2.076310e-212 
2.076310e-212 
1.552170e-212 
1.452403e-212 
1.018361e-212 
9.939504e-213 
9.939504e-213 
9.939504e-213 
6.946075e-213 
4.211012e-213 
4.211012e-213 
4.211012e-213 
4.211012e-213 
3.860132e-213 
3.726888e-213 
3.402334e-213 
3.402334e-213 
2.014112e-213 
2.014112e-213 
1.868735e-213 
1.868735e-213 
1.641635e-213 
1.384566e-213 
1.384566e-213 
1.197127e-213 
6.333281e-214 
6.333281e-214 
5.107119e-214 
3.519800e-214 
3.519800e-214 
3.519800e-214 
3.519800e-214 
2.562742e-214 
2.187203e-214 
1.876066e-214 
1.552539e-214 
1.552539e-214 
1.158842e-214 
8.508630e-215 
8.508630e-215 
5.653101e-215 
5.352226e-215 
4.796776e-215 
2.540077e-215 
2.540077e-215 
2.540077e-215 
2.540077e-215 
2.026840e-215 
2.026840e-215 
1.598843e-215 
1.598843e-215 
9.691003e-216 
9.691003e-216 
9.686657e-216 
9.316660e-216 
7.045220e-216 
6.045079e-216 
5.031959e-216 
5.031959e-216 
4.797476e-216 
3.936008e-216 
3.474569e-216 
3.336125e-216 
2.837824e-216 
2.071083e-216 
1.783260e-216 
1.711708e-216 
1.480803e-216 
1.225662e-216 
9.234641e-217 
9.139706e-217 
5.401899e-217 
5.298386e-217 
5.298386e-217 
4.199402e-217 
4.033867e-217 
2.546381e-217 
1.805572e-217 
1.805572e-217 
1.768319e-217 
1.768319e-217 
1.373527e-217 
1.373527e-217 
9.166677e-218 
9.166677e-218 
9.166677e-218 
8.470778e-218 
8.470778e-218 
5.611412e-218 
5.436353e-218 
3.310034e-218 
3.310034e-218 
3.257920e-218 
2.164029e-218 
2.164029e-218 
1.981749e-218 
1.501624e-218 
1.360652e-218 
8.064021e-219 
7.474209e-219 
6.587462e-219 
6.058265e-219 
6.058265e-219 
3.714695e-219 
2.634437e-219 
2.111732e-219 
2.111732e-219 
1.338595e-219 
1.282465e-219 
1.282465e-219 
1.266713e-219 
6.533392e-220 
6.533392e-220 
6.329650e-220 
4.936827e-220 
4.936827e-220 
4.071513e-220 
3.389778e-220 
3.041037e-220 
1.750280e-220 
1.684791e-220 
1.684791e-220 
1.684791e-220 
1.684791e-220 
7.931080e-221 
7.931080e-221 
5.362595e-221 
5.362595e-221 
5.141171e-221 
4.658269e-221 
4.658269e-221 
3.639768e-221 
2.451398e-221 
2.008573e-221 
1.490112e-221 
1.490112e-221 
1.490112e-221 
1.260613e-221 
1.054454e-221 
1.054454e-221 
9.862240e-222 
8.686604e-222 
7.333784e-222 
5.633134e-222 
5.633134e-222 
5.278404e-222 
5.278404e-222 
5.278404e-222 
4.434433e-222 
4.434433e-222 
4.031240e-222 
3.897587e-222 
3.047427e-222 
2.894172e-222 
2.825653e-222 
2.531469e-222 
2.162198e-222 
1.422627e-222 
7.455469e-223 
7.455469e-223 
7.455469e-223 
7.455469e-223 
7.455469e-223 
7.455469e-223 
3.499504e-223 
3.499504e-223 
3.499504e-223 
3.499504e-223 
3.499504e-223 
3.468441e-223 
2.580252e-223 
2.580252e-223 
2.281797e-223 
1.424117e-223 
1.307701e-223 
1.307701e-223 
1.255073e-223 
1.255073e-223 
9.614749e-224 
9.221423e-224 
8.448659e-224 
4.910501e-224 
4.910501e-224 
4.910501e-224 
4.584012e-224 
4.404202e-224 
4.404202e-224 
3.780003e-224 
2.875549e-224 
2.875549e-224 
2.600149e-224 
2.526168e-224 
2.526168e-224 
2.413766e-224 
2.413766e-224 
1.921302e-224 
1.901876e-224 
1.901876e-224 
1.287996e-224 
1.287996e-224 
1.245934e-224 
1.124217e-224 
1.086512e-224 
1.086512e-224 
1.086512e-224 
1.054101e-224 
1.054101e-224 
7.979517e-225 
6.901371e-225 
6.901371e-225 
6.529976e-225 
6.379724e-225 
6.379724e-225 
5.903241e-225 
5.384207e-225 
5.384207e-225 
4.921729e-225 
2.870831e-225 
2.756188e-225 
