3.827178e+02 
1.620508e+02 
1.599327e+02 
1.599327e+02 
1.427925e+02 
1.427925e+02 
1.427925e+02 
1.205140e+02 
9.753716e+01 
9.627783e+01 
9.627783e+01 
9.074495e+01 
9.074495e+01 
8.398096e+01 
8.398096e+01 
8.398096e+01 
8.398096e+01 
7.887176e+01 
7.887176e+01 
7.887176e+01 
7.887176e+01 
7.887176e+01 
7.887176e+01 
7.887176e+01 
7.887176e+01 
7.887176e+01 
6.795554e+01 
6.795554e+01 
6.795554e+01 
6.795554e+01 
6.795554e+01 
6.795554e+01 
6.795554e+01 
6.795554e+01 
6.766901e+01 
6.766901e+01 
6.766901e+01 
6.766901e+01 
6.766901e+01 
6.766901e+01 
6.766901e+01 
6.519228e+01 
6.519228e+01 
6.519228e+01 
6.519228e+01 
6.519228e+01 
6.519228e+01 
6.519228e+01 
6.519228e+01 
6.519228e+01 
6.519228e+01 
6.519228e+01 
6.519228e+01 
6.519228e+01 
6.519228e+01 
6.519228e+01 
6.519228e+01 
6.519228e+01 
6.519228e+01 
6.519228e+01 
6.519228e+01 
6.519228e+01 
6.519228e+01 
6.519228e+01 
6.519228e+01 
6.519228e+01 
6.416797e+01 
6.416797e+01 
6.416797e+01 
6.416797e+01 
6.416797e+01 
6.416797e+01 
6.416797e+01 
6.416797e+01 
6.416797e+01 
6.416797e+01 
6.416797e+01 
6.416797e+01 
6.416797e+01 
6.416797e+01 
6.416797e+01 
6.416797e+01 
6.416797e+01 
6.416797e+01 
6.416797e+01 
6.416797e+01 
6.416797e+01 
6.416797e+01 
6.416797e+01 
6.416797e+01 
6.416797e+01 
6.416797e+01 
6.416797e+01 
5.860219e+01 
5.860219e+01 
5.860219e+01 
5.860219e+01 
5.860219e+01 
5.860219e+01 
5.860219e+01 
5.860219e+01 
5.860219e+01 
5.860219e+01 
5.860219e+01 
5.860219e+01 
5.860219e+01 
5.860219e+01 
5.860219e+01 
5.860219e+01 
5.860219e+01 
5.860219e+01 
5.860219e+01 
5.860219e+01 
5.860219e+01 
5.860219e+01 
5.860219e+01 
5.860219e+01 
5.860219e+01 
5.860219e+01 
5.860219e+01 
5.860219e+01 
5.860219e+01 
5.860219e+01 
5.860219e+01 
5.860219e+01 
5.860219e+01 
5.860219e+01 
5.860219e+01 
5.860219e+01 
5.860219e+01 
5.860219e+01 
5.860219e+01 
5.860219e+01 
5.860219e+01 
5.860219e+01 
5.860219e+01 
5.860219e+01 
5.860219e+01 
5.860219e+01 
5.860219e+01 
5.860219e+01 
5.860219e+01 
5.860219e+01 
5.860219e+01 
5.860219e+01 
5.860219e+01 
5.860219e+01 
5.860219e+01 
5.860219e+01 
5.860219e+01 
5.860219e+01 
5.860219e+01 
5.860219e+01 
5.860219e+01 
5.860219e+01 
5.860219e+01 
5.860219e+01 
5.860219e+01 
5.860219e+01 
5.860219e+01 
5.860219e+01 
5.860219e+01 
5.860219e+01 
5.679980e+01 
5.679980e+01 
5.679980e+01 
5.679980e+01 
5.679980e+01 
5.679980e+01 
5.679980e+01 
5.679980e+01 
5.679980e+01 
5.679980e+01 
5.679980e+01 
5.679980e+01 
5.679980e+01 
5.679980e+01 
5.679980e+01 
5.679980e+01 
5.679980e+01 
5.679980e+01 
5.679980e+01 
5.679980e+01 
5.679980e+01 
5.679980e+01 
5.679980e+01 
5.679980e+01 
5.679980e+01 
5.679980e+01 
5.679980e+01 
5.679980e+01 
5.679980e+01 
5.679980e+01 
5.679980e+01 
5.679980e+01 
5.679980e+01 
5.679980e+01 
5.679980e+01 
5.679980e+01 
5.679980e+01 
5.679980e+01 
5.679980e+01 
5.679980e+01 
5.679980e+01 
5.679980e+01 
5.679980e+01 
5.679980e+01 
5.679980e+01 
5.679980e+01 
5.679980e+01 
5.679980e+01 
5.679980e+01 
5.679980e+01 
5.679980e+01 
5.679980e+01 
5.679980e+01 
5.679980e+01 
5.679980e+01 
5.679980e+01 
5.679980e+01 
5.679980e+01 
5.679980e+01 
5.679980e+01 
5.679980e+01 
5.679980e+01 
5.679980e+01 
5.679980e+01 
5.679980e+01 
5.679980e+01 
5.679980e+01 
5.679980e+01 
5.679980e+01 
5.679980e+01 
5.679980e+01 
5.679980e+01 
5.679980e+01 
5.679980e+01 
5.679980e+01 
5.679980e+01 
5.679980e+01 
5.679980e+01 
5.679980e+01 
5.679980e+01 
5.679980e+01 
5.679980e+01 
5.679980e+01 
5.679980e+01 
5.679980e+01 
5.679980e+01 
5.679980e+01 
5.679980e+01 
5.679980e+01 
5.679980e+01 
5.679980e+01 
5.679980e+01 
5.679980e+01 
5.679980e+01 
5.679980e+01 
5.679980e+01 
5.679980e+01 
5.679980e+01 
5.679980e+01 
5.679980e+01 
5.679980e+01 
5.679980e+01 
5.679980e+01 
5.679980e+01 
5.679980e+01 
5.679980e+01 
5.679980e+01 
5.679980e+01 
5.679980e+01 
5.679980e+01 
5.679980e+01 
5.679980e+01 
5.679980e+01 
5.679980e+01 
5.679980e+01 
5.679980e+01 
5.679980e+01 
5.679980e+01 
5.679980e+01 
5.679980e+01 
5.679980e+01 
5.679980e+01 
5.679980e+01 
5.679980e+01 
5.679980e+01 
5.679980e+01 
5.679980e+01 
5.679980e+01 
5.679980e+01 
5.679980e+01 
5.679980e+01 
5.679980e+01 
5.679980e+01 
5.679980e+01 
5.679980e+01 
5.679980e+01 
5.679980e+01 
5.679980e+01 
5.679980e+01 
5.679980e+01 
5.679980e+01 
5.679980e+01 
5.679980e+01 
5.679980e+01 
5.679980e+01 
5.679980e+01 
5.679980e+01 
5.679980e+01 
5.679980e+01 
5.679980e+01 
5.679980e+01 
5.679980e+01 
5.679980e+01 
5.679980e+01 
5.679980e+01 
5.679980e+01 
5.679980e+01 
5.679980e+01 
5.679980e+01 
5.679980e+01 
5.679980e+01 
5.679980e+01 
5.679980e+01 
5.679980e+01 
5.679980e+01 
5.679980e+01 
5.679980e+01 
5.679980e+01 
5.679980e+01 
5.679980e+01 
5.679980e+01 
5.679980e+01 
5.679980e+01 
5.679980e+01 
5.679980e+01 
5.679980e+01 
5.679980e+01 
5.679980e+01 
5.679980e+01 
5.679980e+01 
5.679980e+01 
5.679980e+01 
5.679980e+01 
5.679980e+01 
5.679980e+01 
5.679980e+01 
5.679980e+01 
5.679980e+01 
5.679980e+01 
5.679980e+01 
5.679980e+01 
5.679980e+01 
5.679980e+01 
5.679980e+01 
5.679980e+01 
5.679980e+01 
5.679980e+01 
5.679980e+01 
5.679980e+01 
5.679980e+01 
5.679980e+01 
5.679980e+01 
5.658903e+01 
5.658903e+01 
5.658903e+01 
5.658903e+01 
5.658903e+01 
5.658903e+01 
5.658903e+01 
5.658903e+01 
5.658903e+01 
5.658903e+01 
5.658903e+01 
5.658903e+01 
5.658903e+01 
5.658903e+01 
5.658903e+01 
5.658903e+01 
5.658903e+01 
5.658903e+01 
5.658903e+01 
5.658903e+01 
5.658903e+01 
5.658903e+01 
5.658903e+01 
5.658903e+01 
5.658903e+01 
5.658903e+01 
5.658903e+01 
5.658903e+01 
5.658903e+01 
5.658903e+01 
5.658903e+01 
5.658903e+01 
5.658903e+01 
5.658903e+01 
5.658903e+01 
5.658903e+01 
5.658903e+01 
5.658903e+01 
5.658903e+01 
5.658903e+01 
5.658903e+01 
5.658903e+01 
5.658903e+01 
5.658903e+01 
5.658903e+01 
5.658903e+01 
5.658903e+01 
5.658903e+01 
5.658903e+01 
5.658903e+01 
5.658903e+01 
5.658903e+01 
5.658903e+01 
5.658903e+01 
5.658903e+01 
5.658903e+01 
5.658903e+01 
5.658903e+01 
5.658903e+01 
5.658903e+01 
5.658903e+01 
5.658903e+01 
5.658903e+01 
5.658903e+01 
5.658903e+01 
5.658903e+01 
5.658903e+01 
5.658903e+01 
5.658903e+01 
5.387944e+01 
5.387944e+01 
5.387944e+01 
5.387944e+01 
5.387944e+01 
5.387944e+01 
5.387944e+01 
5.387944e+01 
5.387944e+01 
5.387944e+01 
5.387944e+01 
5.387944e+01 
5.387944e+01 
5.387944e+01 
5.387944e+01 
5.387944e+01 
5.387944e+01 
5.387944e+01 
5.387944e+01 
5.387944e+01 
5.387944e+01 
5.387944e+01 
5.387944e+01 
5.387944e+01 
5.387944e+01 
5.387944e+01 
5.387944e+01 
5.387944e+01 
5.387944e+01 
5.387944e+01 
5.387944e+01 
5.387944e+01 
5.387944e+01 
5.387944e+01 
5.387944e+01 
5.387944e+01 
5.387944e+01 
5.387944e+01 
5.387944e+01 
5.387944e+01 
5.387944e+01 
5.387944e+01 
5.387944e+01 
5.387944e+01 
5.387944e+01 
5.387944e+01 
5.387944e+01 
5.387944e+01 
5.387944e+01 
5.387944e+01 
5.387944e+01 
5.387944e+01 
5.387944e+01 
5.387944e+01 
5.387944e+01 
5.387944e+01 
5.387944e+01 
5.387944e+01 
5.387944e+01 
5.387944e+01 
5.387944e+01 
5.387944e+01 
5.387944e+01 
5.387944e+01 
5.387944e+01 
5.387944e+01 
5.387944e+01 
5.387944e+01 
5.387944e+01 
5.387944e+01 
5.387944e+01 
5.387944e+01 
5.387944e+01 
5.387944e+01 
5.387944e+01 
5.387944e+01 
5.387944e+01 
5.387944e+01 
5.387944e+01 
5.387944e+01 
5.387944e+01 
5.387944e+01 
5.387944e+01 
5.387944e+01 
5.387944e+01 
5.387944e+01 
5.387944e+01 
5.387944e+01 
5.387944e+01 
5.387944e+01 
5.387944e+01 
5.387944e+01 
5.387944e+01 
5.387944e+01 
5.387944e+01 
5.387944e+01 
5.387944e+01 
5.387944e+01 
5.387944e+01 
5.387944e+01 
5.387944e+01 
5.387944e+01 
5.387944e+01 
5.387944e+01 
5.387944e+01 
5.387944e+01 
5.387944e+01 
5.387944e+01 
5.387944e+01 
5.387944e+01 
5.387944e+01 
5.387944e+01 
5.387944e+01 
5.387944e+01 
5.387944e+01 
5.387944e+01 
5.387944e+01 
5.387944e+01 
5.387944e+01 
5.387944e+01 
5.387944e+01 
5.387944e+01 
5.387944e+01 
5.387944e+01 
5.387944e+01 
5.387944e+01 
5.387944e+01 
5.387944e+01 
5.387944e+01 
5.387944e+01 
5.387944e+01 
5.387944e+01 
5.387944e+01 
5.387944e+01 
5.387944e+01 
5.387944e+01 
5.387944e+01 
5.387944e+01 
5.387944e+01 
5.387944e+01 
5.387944e+01 
5.387944e+01 
5.387944e+01 
5.387944e+01 
5.387944e+01 
5.387944e+01 
5.387944e+01 
5.387944e+01 
5.387944e+01 
5.387944e+01 
5.387944e+01 
5.387944e+01 
5.387944e+01 
5.387944e+01 
5.387944e+01 
5.387944e+01 
5.387944e+01 
5.387944e+01 
5.387944e+01 
5.387944e+01 
5.387944e+01 
5.387944e+01 
5.387944e+01 
5.387944e+01 
5.387944e+01 
5.387944e+01 
5.387944e+01 
5.387944e+01 
5.387944e+01 
5.387944e+01 
5.387944e+01 
5.387944e+01 
5.387944e+01 
5.387944e+01 
5.387944e+01 
5.387944e+01 
5.387944e+01 
5.387944e+01 
5.387944e+01 
5.387944e+01 
5.387944e+01 
5.387944e+01 
5.387944e+01 
5.387944e+01 
5.387944e+01 
5.387944e+01 
5.387944e+01 
5.387944e+01 
5.387944e+01 
5.387944e+01 
5.387944e+01 
5.387944e+01 
5.387944e+01 
5.387944e+01 
5.387944e+01 
5.387944e+01 
5.337238e+01 
5.337238e+01 
5.337238e+01 
5.337238e+01 
5.337238e+01 
5.337238e+01 
5.337238e+01 
5.337238e+01 
5.337238e+01 
5.337238e+01 
5.337238e+01 
5.337238e+01 
5.337238e+01 
5.337238e+01 
5.337238e+01 
5.337238e+01 
5.337238e+01 
5.337238e+01 
5.337238e+01 
5.337238e+01 
5.337238e+01 
5.337238e+01 
5.337238e+01 
5.337238e+01 
5.337238e+01 
5.337238e+01 
5.337238e+01 
5.337238e+01 
5.337238e+01 
5.337238e+01 
5.337238e+01 
5.337238e+01 
5.337238e+01 
5.337238e+01 
5.337238e+01 
5.337238e+01 
5.337238e+01 
5.337238e+01 
5.337238e+01 
5.337238e+01 
5.337238e+01 
5.337238e+01 
5.337238e+01 
5.337238e+01 
5.337238e+01 
5.337238e+01 
5.337238e+01 
5.337238e+01 
5.337238e+01 
5.337238e+01 
5.337238e+01 
5.337238e+01 
5.337238e+01 
5.337238e+01 
5.337238e+01 
5.337238e+01 
5.337238e+01 
5.337238e+01 
5.337238e+01 
5.337238e+01 
5.337238e+01 
5.337238e+01 
5.337238e+01 
5.337238e+01 
5.337238e+01 
5.337238e+01 
5.337238e+01 
5.337238e+01 
5.337238e+01 
5.337238e+01 
5.337238e+01 
5.337238e+01 
5.337238e+01 
5.337238e+01 
5.337238e+01 
5.337238e+01 
5.337238e+01 
5.337238e+01 
5.337238e+01 
5.337238e+01 
5.337238e+01 
5.337238e+01 
5.337238e+01 
5.337238e+01 
5.337238e+01 
5.337238e+01 
5.337238e+01 
5.337238e+01 
5.337238e+01 
5.337238e+01 
5.337238e+01 
5.337238e+01 
5.337238e+01 
5.337238e+01 
5.337238e+01 
5.337238e+01 
5.337238e+01 
5.337238e+01 
5.337238e+01 
5.337238e+01 
5.337238e+01 
5.337238e+01 
5.337238e+01 
5.337238e+01 
5.337238e+01 
5.337238e+01 
5.337238e+01 
5.337238e+01 
5.337238e+01 
5.337238e+01 
5.337238e+01 
5.337238e+01 
5.337238e+01 
5.337238e+01 
5.337238e+01 
5.337238e+01 
5.337238e+01 
5.337238e+01 
5.337238e+01 
5.337238e+01 
5.337238e+01 
5.337238e+01 
5.337238e+01 
5.337238e+01 
5.337238e+01 
5.337238e+01 
5.337238e+01 
5.337238e+01 
5.337238e+01 
5.337238e+01 
5.337238e+01 
5.337238e+01 
5.337238e+01 
5.337238e+01 
5.337238e+01 
5.337238e+01 
5.337238e+01 
5.337238e+01 
5.337238e+01 
5.337238e+01 
5.337238e+01 
5.337238e+01 
5.337238e+01 
5.337238e+01 
5.337238e+01 
5.337238e+01 
5.337238e+01 
5.337238e+01 
5.337238e+01 
5.337238e+01 
5.337238e+01 
5.337238e+01 
5.337238e+01 
5.337238e+01 
5.337238e+01 
5.337238e+01 
5.337238e+01 
5.337238e+01 
5.337238e+01 
5.337238e+01 
5.337238e+01 
5.337238e+01 
5.337238e+01 
5.337238e+01 
5.337238e+01 
5.337238e+01 
5.337238e+01 
5.337238e+01 
5.337238e+01 
5.337238e+01 
5.337238e+01 
5.337238e+01 
5.337238e+01 
5.337238e+01 
5.337238e+01 
5.337238e+01 
5.337238e+01 
5.337238e+01 
5.337238e+01 
5.337238e+01 
5.337238e+01 
5.337238e+01 
5.337238e+01 
5.337238e+01 
5.337238e+01 
5.337238e+01 
5.337238e+01 
5.337238e+01 
5.337238e+01 
5.337238e+01 
5.337238e+01 
5.337238e+01 
5.337238e+01 
5.337238e+01 
5.337238e+01 
5.337238e+01 
5.337238e+01 
5.337238e+01 
5.337238e+01 
5.337238e+01 
5.337238e+01 
5.337238e+01 
5.337238e+01 
5.337238e+01 
5.337238e+01 
5.337238e+01 
5.337238e+01 
5.337238e+01 
5.337238e+01 
5.337238e+01 
5.337238e+01 
5.337238e+01 
5.337238e+01 
5.337238e+01 
5.337238e+01 
5.337238e+01 
5.337238e+01 
5.337238e+01 
5.337238e+01 
5.337238e+01 
5.337238e+01 
5.337238e+01 
5.337238e+01 
5.337238e+01 
5.337238e+01 
5.337238e+01 
5.337238e+01 
5.337238e+01 
5.337238e+01 
5.337238e+01 
5.337238e+01 
5.337238e+01 
5.337238e+01 
5.337238e+01 
5.337238e+01 
5.337238e+01 
5.337238e+01 
5.337238e+01 
5.337238e+01 
5.337238e+01 
5.337238e+01 
5.337238e+01 
5.337238e+01 
5.337238e+01 
5.337238e+01 
5.337238e+01 
5.337238e+01 
5.337238e+01 
5.337238e+01 
5.337238e+01 
5.337238e+01 
5.337238e+01 
5.337238e+01 
5.337238e+01 
5.337238e+01 
5.337238e+01 
5.337238e+01 
5.337238e+01 
5.337238e+01 
5.337238e+01 
5.337238e+01 
5.337238e+01 
5.337238e+01 
5.337238e+01 
5.337238e+01 
5.337238e+01 
5.337238e+01 
5.337238e+01 
5.337238e+01 
5.337238e+01 
5.337238e+01 
5.337238e+01 
5.337238e+01 
5.337238e+01 
5.337238e+01 
5.337238e+01 
5.337238e+01 
5.337238e+01 
5.337238e+01 
5.337238e+01 
5.337238e+01 
5.337238e+01 
5.337238e+01 
5.337238e+01 
5.337238e+01 
5.337238e+01 
5.337238e+01 
5.337238e+01 
5.337238e+01 
5.337238e+01 
5.337238e+01 
5.337238e+01 
5.337238e+01 
5.337238e+01 
5.337238e+01 
5.337238e+01 
5.337238e+01 
5.337238e+01 
5.337238e+01 
5.337238e+01 
5.337238e+01 
5.337238e+01 
5.337238e+01 
5.337238e+01 
5.337238e+01 
5.337238e+01 
5.337238e+01 
5.337238e+01 
5.337238e+01 
5.337238e+01 
5.337238e+01 
5.337238e+01 
5.337238e+01 
5.337238e+01 
5.337238e+01 
5.337238e+01 
5.337238e+01 
5.337238e+01 
5.337238e+01 
5.337238e+01 
5.337238e+01 
5.337238e+01 
5.337238e+01 
5.337238e+01 
5.337238e+01 
5.337238e+01 
5.337238e+01 
5.337238e+01 
5.337238e+01 
5.337238e+01 
5.337238e+01 
5.337238e+01 
5.337238e+01 
5.337238e+01 
5.337238e+01 
5.337238e+01 
5.337238e+01 
5.337238e+01 
5.337238e+01 
5.337238e+01 
5.337238e+01 
5.337238e+01 
5.337238e+01 
5.337238e+01 
5.337238e+01 
5.337238e+01 
5.337238e+01 
5.337238e+01 
5.337238e+01 
5.337238e+01 
5.337238e+01 
5.337238e+01 
5.337238e+01 
5.337238e+01 
5.337238e+01 
5.337238e+01 
5.337238e+01 
5.337238e+01 
5.337238e+01 
5.337238e+01 
5.337238e+01 
5.337238e+01 
5.337238e+01 
5.337238e+01 
5.337238e+01 
5.337238e+01 
5.337238e+01 
5.337238e+01 
5.337238e+01 
5.337238e+01 
5.337238e+01 
5.337238e+01 
5.337238e+01 
5.337238e+01 
5.337238e+01 
5.337238e+01 
5.337238e+01 
5.337238e+01 
5.337238e+01 
5.337238e+01 
5.337238e+01 
5.337238e+01 
5.337238e+01 
5.337238e+01 
5.337238e+01 
5.337238e+01 
5.337238e+01 
5.337238e+01 
5.337238e+01 
5.337238e+01 
5.337238e+01 
5.337238e+01 
5.337238e+01 
5.337238e+01 
5.337238e+01 
5.337238e+01 
5.337238e+01 
5.337238e+01 
5.337238e+01 
5.337238e+01 
5.337238e+01 
5.337238e+01 
5.337238e+01 
5.337238e+01 
5.337238e+01 
5.337238e+01 
5.337238e+01 
5.337238e+01 
5.337238e+01 
5.337238e+01 
5.337238e+01 
5.337238e+01 
5.337238e+01 
5.337238e+01 
5.337238e+01 
5.337238e+01 
5.337238e+01 
5.337238e+01 
5.208521e+01 
5.208521e+01 
5.208521e+01 
5.208521e+01 
5.208521e+01 
5.208521e+01 
5.208521e+01 
5.208521e+01 
5.208521e+01 
5.208521e+01 
5.208521e+01 
5.208521e+01 
5.208521e+01 
5.208521e+01 
5.208521e+01 
5.208521e+01 
5.208521e+01 
5.208521e+01 
5.208521e+01 
5.208521e+01 
5.208521e+01 
5.208521e+01 
5.208521e+01 
5.208521e+01 
5.208521e+01 
5.208521e+01 
5.208521e+01 
5.208521e+01 
5.208521e+01 
5.208521e+01 
5.208521e+01 
5.208521e+01 
5.208521e+01 
5.208521e+01 
5.208521e+01 
5.208521e+01 
5.208521e+01 
5.208521e+01 
5.208521e+01 
5.208521e+01 
5.208521e+01 
5.208521e+01 
5.208521e+01 
5.208521e+01 
5.208521e+01 
5.208521e+01 
5.208521e+01 
5.208521e+01 
5.208521e+01 
5.208521e+01 
5.208521e+01 
5.208521e+01 
5.208521e+01 
5.208521e+01 
5.208521e+01 
5.208521e+01 
5.208521e+01 
5.208521e+01 
5.208521e+01 
5.208521e+01 
5.208521e+01 
5.208521e+01 
5.208521e+01 
5.208521e+01 
5.208521e+01 
5.208521e+01 
5.208521e+01 
5.208521e+01 
5.208521e+01 
5.208521e+01 
5.208521e+01 
5.208521e+01 
5.208521e+01 
5.208521e+01 
5.208521e+01 
5.208521e+01 
5.208521e+01 
5.208521e+01 
5.208521e+01 
5.208521e+01 
5.208521e+01 
5.208521e+01 
5.208521e+01 
5.208521e+01 
5.208521e+01 
5.208521e+01 
5.208521e+01 
5.208521e+01 
5.208521e+01 
5.208521e+01 
5.208521e+01 
5.208521e+01 
5.208521e+01 
5.208521e+01 
5.208521e+01 
5.208521e+01 
5.208521e+01 
5.208521e+01 
5.208521e+01 
5.208521e+01 
5.208521e+01 
5.208521e+01 
5.208521e+01 
5.208521e+01 
5.208521e+01 
5.208521e+01 
5.208521e+01 
5.208521e+01 
5.208521e+01 
5.208521e+01 
5.208521e+01 
5.208521e+01 
5.208521e+01 
5.208521e+01 
5.208521e+01 
5.208521e+01 
5.208521e+01 
5.208521e+01 
5.208521e+01 
5.208521e+01 
5.208521e+01 
5.208521e+01 
5.208521e+01 
5.208521e+01 
5.208521e+01 
5.208521e+01 
5.208521e+01 
5.208521e+01 
5.208521e+01 
5.208521e+01 
5.208521e+01 
5.208521e+01 
5.208521e+01 
5.208521e+01 
5.208521e+01 
5.208521e+01 
5.208521e+01 
5.208521e+01 
5.208521e+01 
5.208521e+01 
5.208521e+01 
5.208521e+01 
5.208521e+01 
5.208521e+01 
5.208521e+01 
5.208521e+01 
5.208521e+01 
5.208521e+01 
5.208521e+01 
5.208521e+01 
5.208521e+01 
5.208521e+01 
5.208521e+01 
5.208521e+01 
5.208521e+01 
5.208521e+01 
5.208521e+01 
5.208521e+01 
5.208521e+01 
5.208521e+01 
5.208521e+01 
5.208521e+01 
5.208521e+01 
5.208521e+01 
5.208521e+01 
5.208521e+01 
5.208521e+01 
5.208521e+01 
5.208521e+01 
5.208521e+01 
5.208521e+01 
5.208521e+01 
5.208521e+01 
5.208521e+01 
5.208521e+01 
5.208521e+01 
5.208521e+01 
5.208521e+01 
5.208521e+01 
5.208521e+01 
5.208521e+01 
5.208521e+01 
5.208521e+01 
5.208521e+01 
5.208521e+01 
5.208521e+01 
5.208521e+01 
5.208521e+01 
5.208521e+01 
5.208521e+01 
5.208521e+01 
5.208521e+01 
5.208521e+01 
5.208521e+01 
5.208521e+01 
5.208521e+01 
5.208521e+01 
5.208521e+01 
5.208521e+01 
5.208521e+01 
5.208521e+01 
5.208521e+01 
5.208521e+01 
5.208521e+01 
5.208521e+01 
5.208521e+01 
5.208521e+01 
5.208521e+01 
5.208521e+01 
5.208521e+01 
5.174829e+01 
5.174829e+01 
5.174829e+01 
5.174829e+01 
5.174829e+01 
5.174829e+01 
5.174829e+01 
5.174829e+01 
5.174829e+01 
5.174829e+01 
5.174829e+01 
5.174829e+01 
5.174829e+01 
5.174829e+01 
5.174829e+01 
5.174829e+01 
5.174829e+01 
5.174829e+01 
5.174829e+01 
5.174829e+01 
5.174829e+01 
5.174829e+01 
5.174829e+01 
5.174829e+01 
5.174829e+01 
5.174829e+01 
5.174829e+01 
5.174829e+01 
5.174829e+01 
5.174829e+01 
5.174829e+01 
5.174829e+01 
5.174829e+01 
5.174829e+01 
5.174829e+01 
5.174829e+01 
5.174829e+01 
5.174829e+01 
5.174829e+01 
5.174829e+01 
5.174829e+01 
5.174829e+01 
5.174829e+01 
5.174829e+01 
5.174829e+01 
5.174829e+01 
5.174829e+01 
5.174829e+01 
5.174829e+01 
5.174829e+01 
5.174829e+01 
5.174829e+01 
5.174829e+01 
5.174829e+01 
5.174829e+01 
5.174829e+01 
5.174829e+01 
5.174829e+01 
5.174829e+01 
5.174829e+01 
5.174829e+01 
5.174829e+01 
5.174829e+01 
5.174829e+01 
5.174829e+01 
5.174829e+01 
5.174829e+01 
5.174829e+01 
5.174829e+01 
5.174829e+01 
5.174829e+01 
5.174829e+01 
5.174829e+01 
5.174829e+01 
5.174829e+01 
5.174829e+01 
5.174829e+01 
5.174829e+01 
5.174829e+01 
5.174829e+01 
5.174829e+01 
5.174829e+01 
5.174829e+01 
5.174829e+01 
5.174829e+01 
5.174829e+01 
5.174829e+01 
5.174829e+01 
5.174829e+01 
5.174829e+01 
5.174829e+01 
5.174829e+01 
5.174829e+01 
5.174829e+01 
5.174829e+01 
5.174829e+01 
5.174829e+01 
5.174829e+01 
5.174829e+01 
5.174829e+01 
5.174829e+01 
5.174829e+01 
5.174829e+01 
5.174829e+01 
5.174829e+01 
5.174829e+01 
5.174829e+01 
5.174829e+01 
5.174829e+01 
5.174829e+01 
5.174829e+01 
5.174829e+01 
5.174829e+01 
5.174829e+01 
5.174829e+01 
5.174829e+01 
5.174829e+01 
5.174829e+01 
5.174829e+01 
5.174829e+01 
5.174829e+01 
5.174829e+01 
5.174829e+01 
5.174829e+01 
5.174829e+01 
5.174829e+01 
5.174829e+01 
5.174829e+01 
5.174829e+01 
5.174829e+01 
5.174829e+01 
5.174829e+01 
5.174829e+01 
5.174829e+01 
5.174829e+01 
5.174829e+01 
5.174829e+01 
5.174829e+01 
5.174829e+01 
5.174829e+01 
5.174829e+01 
5.174829e+01 
5.174829e+01 
5.174829e+01 
5.174829e+01 
5.174829e+01 
5.174829e+01 
5.174829e+01 
5.174829e+01 
5.174829e+01 
5.174829e+01 
5.174829e+01 
5.174829e+01 
5.174829e+01 
5.174829e+01 
5.174829e+01 
5.174829e+01 
5.174829e+01 
5.174829e+01 
5.174829e+01 
5.174829e+01 
5.174829e+01 
5.174829e+01 
5.174829e+01 
5.174829e+01 
5.174829e+01 
5.174829e+01 
5.174829e+01 
5.174829e+01 
5.174829e+01 
5.174829e+01 
5.174829e+01 
5.174829e+01 
5.174829e+01 
5.174829e+01 
5.174829e+01 
5.174829e+01 
5.174829e+01 
5.174829e+01 
5.174829e+01 
5.174829e+01 
5.174829e+01 
5.174829e+01 
5.174829e+01 
5.174829e+01 
5.174829e+01 
5.174829e+01 
5.174829e+01 
5.174829e+01 
5.174829e+01 
5.174829e+01 
5.174829e+01 
5.174829e+01 
5.174829e+01 
5.174829e+01 
5.174829e+01 
5.174829e+01 
5.174829e+01 
5.174829e+01 
5.174829e+01 
5.174829e+01 
5.174829e+01 
5.174829e+01 
5.174829e+01 
5.174829e+01 
5.174829e+01 
5.174829e+01 
5.174829e+01 
5.174829e+01 
5.174829e+01 
5.174829e+01 
5.174829e+01 
5.174829e+01 
5.174829e+01 
5.174829e+01 
5.174829e+01 
5.174829e+01 
5.174829e+01 
5.174829e+01 
5.174829e+01 
5.174829e+01 
5.174829e+01 
5.174829e+01 
5.174829e+01 
5.174829e+01 
5.174829e+01 
5.174829e+01 
5.174829e+01 
5.174829e+01 
5.174829e+01 
5.174829e+01 
5.174829e+01 
5.174829e+01 
5.174829e+01 
5.174829e+01 
5.174829e+01 
5.174829e+01 
5.174829e+01 
5.174829e+01 
5.174829e+01 
5.174829e+01 
5.174829e+01 
5.174829e+01 
5.174829e+01 
5.174829e+01 
5.174829e+01 
5.174829e+01 
5.174829e+01 
5.174829e+01 
5.174829e+01 
5.174829e+01 
5.174829e+01 
5.174829e+01 
5.174829e+01 
5.174829e+01 
5.174829e+01 
5.174829e+01 
5.174829e+01 
5.174829e+01 
5.174829e+01 
5.174829e+01 
5.174829e+01 
5.174829e+01 
5.174829e+01 
5.174829e+01 
5.174829e+01 
5.174829e+01 
5.174829e+01 
5.174829e+01 
5.174829e+01 
5.174829e+01 
5.174829e+01 
5.174829e+01 
5.174829e+01 
5.174829e+01 
5.174829e+01 
5.174829e+01 
5.174829e+01 
5.174829e+01 
5.174829e+01 
5.174829e+01 
5.174829e+01 
5.174829e+01 
5.174829e+01 
5.174829e+01 
5.174829e+01 
5.174829e+01 
5.174829e+01 
5.174829e+01 
5.174829e+01 
5.174829e+01 
5.174829e+01 
5.174829e+01 
5.174829e+01 
5.174829e+01 
5.174829e+01 
5.174829e+01 
5.174829e+01 
5.174829e+01 
5.174829e+01 
5.174829e+01 
5.174829e+01 
5.174829e+01 
5.174829e+01 
5.174829e+01 
5.174829e+01 
5.174829e+01 
5.174829e+01 
5.174829e+01 
5.174829e+01 
5.174829e+01 
5.174829e+01 
5.174829e+01 
5.174829e+01 
5.174829e+01 
5.174829e+01 
5.174829e+01 
5.174829e+01 
5.174829e+01 
5.173530e+01 
5.173530e+01 
5.173530e+01 
5.173530e+01 
5.173530e+01 
5.173530e+01 
5.173530e+01 
5.173530e+01 
5.173530e+01 
5.173530e+01 
5.173530e+01 
5.173530e+01 
5.173530e+01 
5.173530e+01 
5.173530e+01 
5.173530e+01 
5.173530e+01 
5.173530e+01 
5.173530e+01 
5.173530e+01 
5.173530e+01 
5.173530e+01 
5.173530e+01 
5.173530e+01 
5.173530e+01 
5.173530e+01 
5.173530e+01 
5.173530e+01 
5.173530e+01 
5.173530e+01 
5.173530e+01 
5.173530e+01 
5.173530e+01 
5.173530e+01 
5.173530e+01 
5.173530e+01 
5.173530e+01 
5.173530e+01 
5.173530e+01 
5.173530e+01 
5.173530e+01 
5.173530e+01 
5.173530e+01 
5.173530e+01 
5.173530e+01 
5.173530e+01 
5.173530e+01 
5.173530e+01 
5.173530e+01 
5.173530e+01 
5.173530e+01 
5.173530e+01 
5.173530e+01 
5.173530e+01 
5.173530e+01 
5.173530e+01 
5.173530e+01 
5.173530e+01 
5.173530e+01 
5.173530e+01 
5.173530e+01 
5.173530e+01 
5.173530e+01 
5.173530e+01 
5.173530e+01 
5.173530e+01 
5.173530e+01 
5.173530e+01 
5.173530e+01 
5.173530e+01 
5.173530e+01 
5.173530e+01 
5.173530e+01 
5.173530e+01 
5.173530e+01 
5.173530e+01 
5.173530e+01 
5.173530e+01 
5.173530e+01 
5.173530e+01 
5.173530e+01 
5.173530e+01 
5.173530e+01 
5.173530e+01 
5.173530e+01 
5.173530e+01 
5.173530e+01 
5.173530e+01 
5.173530e+01 
5.173530e+01 
5.173530e+01 
5.173530e+01 
5.173530e+01 
5.173530e+01 
5.173530e+01 
5.173530e+01 
5.173530e+01 
5.173530e+01 
5.173530e+01 
5.173530e+01 
5.173530e+01 
5.173530e+01 
5.173530e+01 
5.173530e+01 
5.173530e+01 
5.173530e+01 
5.173530e+01 
5.173530e+01 
5.173530e+01 
5.173530e+01 
5.173530e+01 
5.173530e+01 
5.173530e+01 
5.173530e+01 
5.173530e+01 
5.173530e+01 
5.173530e+01 
5.173530e+01 
5.173530e+01 
5.173530e+01 
5.173530e+01 
5.173530e+01 
5.173530e+01 
5.173530e+01 
5.173530e+01 
5.173530e+01 
5.173530e+01 
5.173530e+01 
5.173530e+01 
5.173530e+01 
5.173530e+01 
5.173530e+01 
5.173530e+01 
5.173530e+01 
5.173530e+01 
5.173530e+01 
5.173530e+01 
5.173530e+01 
5.173530e+01 
5.173530e+01 
5.173530e+01 
5.173530e+01 
5.173530e+01 
5.173530e+01 
5.173530e+01 
5.173530e+01 
5.173530e+01 
5.173530e+01 
5.173530e+01 
5.173530e+01 
5.173530e+01 
5.173530e+01 
5.173530e+01 
5.173530e+01 
5.173530e+01 
5.173530e+01 
5.173530e+01 
5.173530e+01 
5.173530e+01 
5.173530e+01 
5.173530e+01 
5.173530e+01 
5.173530e+01 
5.173530e+01 
5.173530e+01 
5.173530e+01 
5.173530e+01 
5.173530e+01 
5.173530e+01 
5.173530e+01 
5.173530e+01 
5.173530e+01 
5.173530e+01 
5.173530e+01 
5.173530e+01 
5.173530e+01 
5.173530e+01 
5.173530e+01 
5.173530e+01 
5.173530e+01 
5.173530e+01 
5.173530e+01 
5.173530e+01 
5.173530e+01 
5.173530e+01 
5.173530e+01 
5.173530e+01 
5.173530e+01 
5.173530e+01 
5.173530e+01 
5.173530e+01 
5.173530e+01 
5.173530e+01 
5.173530e+01 
5.173530e+01 
5.173530e+01 
5.173530e+01 
5.173530e+01 
5.173530e+01 
5.173530e+01 
5.173530e+01 
5.173530e+01 
5.173530e+01 
5.173530e+01 
5.173530e+01 
5.173530e+01 
5.173530e+01 
5.173530e+01 
5.173530e+01 
5.173530e+01 
5.173530e+01 
5.173530e+01 
5.173530e+01 
5.173530e+01 
5.173530e+01 
5.173530e+01 
5.173530e+01 
5.173530e+01 
5.173530e+01 
5.173530e+01 
5.173530e+01 
5.173530e+01 
5.173530e+01 
5.173530e+01 
5.173530e+01 
5.173530e+01 
5.173530e+01 
5.173530e+01 
5.173530e+01 
5.173530e+01 
5.173530e+01 
5.173530e+01 
5.173530e+01 
5.173530e+01 
5.173530e+01 
5.173530e+01 
5.173530e+01 
5.173530e+01 
5.173530e+01 
5.173530e+01 
5.173530e+01 
5.173530e+01 
5.173530e+01 
5.173530e+01 
5.173530e+01 
5.173530e+01 
5.173530e+01 
5.173530e+01 
5.173530e+01 
5.173530e+01 
5.173530e+01 
5.173530e+01 
5.173530e+01 
5.173530e+01 
5.173530e+01 
5.173530e+01 
5.173530e+01 
5.173530e+01 
5.173530e+01 
5.173530e+01 
5.173530e+01 
5.173530e+01 
5.173530e+01 
5.173530e+01 
5.173530e+01 
5.173530e+01 
5.152323e+01 
5.152323e+01 
5.152323e+01 
5.152323e+01 
5.152323e+01 
5.152323e+01 
5.152323e+01 
5.152323e+01 
5.152323e+01 
5.152323e+01 
5.152323e+01 
5.152323e+01 
5.152323e+01 
5.152323e+01 
5.152323e+01 
5.152323e+01 
5.152323e+01 
5.152323e+01 
5.152323e+01 
5.152323e+01 
5.152323e+01 
5.152323e+01 
5.152323e+01 
5.152323e+01 
5.152323e+01 
5.152323e+01 
5.152323e+01 
5.152323e+01 
5.152323e+01 
5.152323e+01 
5.152323e+01 
5.152323e+01 
5.152323e+01 
5.152323e+01 
5.152323e+01 
5.152323e+01 
5.152323e+01 
5.152323e+01 
5.152323e+01 
5.152323e+01 
5.152323e+01 
5.152323e+01 
5.152323e+01 
5.152323e+01 
5.152323e+01 
5.152323e+01 
5.152323e+01 
5.152323e+01 
5.152323e+01 
5.152323e+01 
5.152323e+01 
5.152323e+01 
5.152323e+01 
5.152323e+01 
5.152323e+01 
5.152323e+01 
5.152323e+01 
5.152323e+01 
5.152323e+01 
5.152323e+01 
5.152323e+01 
5.152323e+01 
5.152323e+01 
5.152323e+01 
5.152323e+01 
5.152323e+01 
5.152323e+01 
5.152323e+01 
5.152323e+01 
5.152323e+01 
5.152323e+01 
5.152323e+01 
5.152323e+01 
5.152323e+01 
5.152323e+01 
5.152323e+01 
5.152323e+01 
5.152323e+01 
5.152323e+01 
5.152323e+01 
5.152323e+01 
5.152323e+01 
5.152323e+01 
5.152323e+01 
5.152323e+01 
5.152323e+01 
5.152323e+01 
5.152323e+01 
5.152323e+01 
5.152323e+01 
5.152323e+01 
5.152323e+01 
5.152323e+01 
5.152323e+01 
5.152323e+01 
5.152323e+01 
5.152323e+01 
5.152323e+01 
5.152323e+01 
5.152323e+01 
5.152323e+01 
5.152323e+01 
5.152323e+01 
5.152323e+01 
5.152323e+01 
5.152323e+01 
5.152323e+01 
5.152323e+01 
5.152323e+01 
5.152323e+01 
5.152323e+01 
5.152323e+01 
5.152323e+01 
5.152323e+01 
5.152323e+01 
5.152323e+01 
5.152323e+01 
5.152323e+01 
5.152323e+01 
5.152323e+01 
5.152323e+01 
5.152323e+01 
5.152323e+01 
5.152323e+01 
5.152323e+01 
5.152323e+01 
5.152323e+01 
5.152323e+01 
5.152323e+01 
5.152323e+01 
5.152323e+01 
5.152323e+01 
5.152323e+01 
5.152323e+01 
5.152323e+01 
5.152323e+01 
5.152323e+01 
5.152323e+01 
5.152323e+01 
5.152323e+01 
5.152323e+01 
5.152323e+01 
5.152323e+01 
5.152323e+01 
5.152323e+01 
5.152323e+01 
5.152323e+01 
5.152323e+01 
5.152323e+01 
5.152323e+01 
5.152323e+01 
5.152323e+01 
5.152323e+01 
5.152323e+01 
5.152323e+01 
5.152323e+01 
5.152323e+01 
5.152323e+01 
5.152323e+01 
5.152323e+01 
5.152323e+01 
5.152323e+01 
5.152323e+01 
5.152323e+01 
5.152323e+01 
5.152323e+01 
5.152323e+01 
5.152323e+01 
5.152323e+01 
5.152323e+01 
5.152323e+01 
5.152323e+01 
5.152323e+01 
5.152323e+01 
5.152323e+01 
5.152323e+01 
5.152323e+01 
5.152323e+01 
5.152323e+01 
5.152323e+01 
5.152323e+01 
5.152323e+01 
5.152323e+01 
5.152323e+01 
5.152323e+01 
5.152323e+01 
5.152323e+01 
5.152323e+01 
5.152323e+01 
5.152323e+01 
5.152323e+01 
5.152323e+01 
5.152323e+01 
5.152323e+01 
5.152323e+01 
5.152323e+01 
5.152323e+01 
5.152323e+01 
5.152323e+01 
5.152323e+01 
5.152323e+01 
5.152323e+01 
5.152323e+01 
5.152323e+01 
5.152323e+01 
5.152323e+01 
5.152323e+01 
5.152323e+01 
5.152323e+01 
5.152323e+01 
5.152323e+01 
5.152323e+01 
5.152323e+01 
5.152323e+01 
5.152323e+01 
5.152323e+01 
5.152323e+01 
5.152323e+01 
5.152323e+01 
5.152323e+01 
5.152323e+01 
5.152323e+01 
5.152323e+01 
5.152323e+01 
5.152323e+01 
5.152323e+01 
5.150726e+01 
5.150726e+01 
5.150726e+01 
5.150726e+01 
5.150726e+01 
5.150726e+01 
5.150726e+01 
5.150726e+01 
5.150726e+01 
5.150726e+01 
5.150726e+01 
5.150726e+01 
5.150726e+01 
5.150726e+01 
5.150726e+01 
5.150726e+01 
5.150726e+01 
5.150726e+01 
5.150726e+01 
5.150726e+01 
5.150726e+01 
5.150726e+01 
5.150726e+01 
5.150726e+01 
5.150726e+01 
5.150726e+01 
5.150726e+01 
5.150726e+01 
5.150726e+01 
5.150726e+01 
5.150726e+01 
5.150726e+01 
5.150726e+01 
5.150726e+01 
5.150726e+01 
5.150726e+01 
5.150726e+01 
5.150726e+01 
5.150726e+01 
5.150726e+01 
5.150726e+01 
5.150726e+01 
5.150726e+01 
5.150726e+01 
5.150726e+01 
5.150726e+01 
5.150726e+01 
5.150726e+01 
5.150726e+01 
5.150726e+01 
5.150726e+01 
5.150726e+01 
5.150726e+01 
5.150726e+01 
5.150726e+01 
5.150726e+01 
5.150726e+01 
5.150726e+01 
5.150726e+01 
5.150726e+01 
5.150726e+01 
5.150726e+01 
5.150726e+01 
5.150726e+01 
5.150726e+01 
5.150726e+01 
5.150726e+01 
5.150726e+01 
5.150726e+01 
5.150726e+01 
5.150726e+01 
5.150726e+01 
5.150726e+01 
5.150726e+01 
5.150726e+01 
5.150726e+01 
5.150726e+01 
5.150726e+01 
5.150726e+01 
5.150726e+01 
5.150726e+01 
5.150726e+01 
5.150726e+01 
5.150726e+01 
5.150726e+01 
5.150726e+01 
5.150726e+01 
5.150726e+01 
5.150726e+01 
5.150726e+01 
5.150726e+01 
5.150726e+01 
5.150726e+01 
5.150726e+01 
5.150726e+01 
5.150726e+01 
5.120315e+01 
5.120315e+01 
5.120315e+01 
5.120315e+01 
5.120315e+01 
5.120315e+01 
5.120315e+01 
5.120315e+01 
5.120315e+01 
5.120315e+01 
5.120315e+01 
5.120315e+01 
5.120315e+01 
5.120315e+01 
5.120315e+01 
5.120315e+01 
5.120315e+01 
5.120315e+01 
5.120315e+01 
5.120315e+01 
5.120315e+01 
5.120315e+01 
5.120315e+01 
5.098978e+01 
5.098978e+01 
5.098978e+01 
5.098978e+01 
5.098978e+01 
5.098978e+01 
5.098978e+01 
5.098978e+01 
5.098978e+01 
5.098978e+01 
5.098978e+01 
5.098978e+01 
5.098978e+01 
5.098978e+01 
5.098978e+01 
5.098978e+01 
5.098978e+01 
5.098978e+01 
5.098978e+01 
5.098978e+01 
5.098978e+01 
5.098978e+01 
5.098978e+01 
5.098978e+01 
5.098978e+01 
5.098978e+01 
5.098978e+01 
5.098978e+01 
5.098978e+01 
5.098978e+01 
5.098978e+01 
5.098978e+01 
5.098978e+01 
5.098978e+01 
5.098978e+01 
5.098978e+01 
5.098978e+01 
5.098978e+01 
5.098978e+01 
5.098978e+01 
5.098978e+01 
5.098978e+01 
5.096805e+01 
5.096805e+01 
5.096805e+01 
5.096805e+01 
5.096805e+01 
5.096805e+01 
5.096805e+01 
5.096805e+01 
5.096805e+01 
5.096805e+01 
5.096805e+01 
5.096805e+01 
5.096805e+01 
5.096805e+01 
5.096805e+01 
5.096805e+01 
5.096805e+01 
5.096805e+01 
5.096805e+01 
5.096033e+01 
5.096033e+01 
5.096033e+01 
5.096033e+01 
5.096033e+01 
5.096033e+01 
5.096033e+01 
5.096033e+01 
5.096033e+01 
5.096033e+01 
5.096033e+01 
5.096033e+01 
5.096033e+01 
5.096033e+01 
5.096033e+01 
5.096033e+01 
5.096033e+01 
5.096033e+01 
5.096033e+01 
5.096033e+01 
5.096033e+01 
5.096033e+01 
5.096033e+01 
5.096033e+01 
5.096033e+01 
5.096033e+01 
5.096033e+01 
5.096033e+01 
5.096033e+01 
5.096033e+01 
5.096033e+01 
5.096033e+01 
5.096033e+01 
5.096033e+01 
5.096033e+01 
5.096033e+01 
5.096033e+01 
5.096033e+01 
5.096033e+01 
5.096033e+01 
5.096033e+01 
5.096033e+01 
5.096033e+01 
5.096033e+01 
5.096033e+01 
5.096033e+01 
5.096033e+01 
5.096033e+01 
5.096033e+01 
5.096033e+01 
5.096033e+01 
5.096033e+01 
5.096033e+01 
5.096033e+01 
5.096033e+01 
5.096033e+01 
5.096033e+01 
5.096033e+01 
5.096033e+01 
5.096033e+01 
5.096033e+01 
5.096033e+01 
5.096033e+01 
5.096033e+01 
5.096033e+01 
5.096033e+01 
5.096033e+01 
5.096033e+01 
5.096033e+01 
5.094172e+01 
5.094172e+01 
5.094172e+01 
5.094172e+01 
5.094172e+01 
5.094172e+01 
5.094172e+01 
5.094172e+01 
5.094172e+01 
5.094172e+01 
5.094172e+01 
5.094172e+01 
5.094172e+01 
5.094172e+01 
5.094172e+01 
5.094172e+01 
5.094172e+01 
5.093586e+01 
5.093586e+01 
5.093586e+01 
5.093586e+01 
5.093586e+01 
5.092618e+01 
5.092618e+01 
5.092618e+01 
5.092618e+01 
5.092618e+01 
5.092618e+01 
5.092618e+01 
5.092618e+01 
5.092618e+01 
5.092618e+01 
5.092618e+01 
5.092618e+01 
5.092618e+01 
5.092618e+01 
5.092618e+01 
5.092618e+01 
5.092618e+01 
5.092618e+01 
5.092618e+01 
5.092618e+01 
5.092618e+01 
5.092618e+01 
5.092618e+01 
5.092618e+01 
5.092618e+01 
5.092618e+01 
5.090797e+01 
5.090797e+01 
5.090797e+01 
5.090797e+01 
5.090797e+01 
5.090797e+01 
5.090797e+01 
5.090797e+01 
5.090797e+01 
5.090797e+01 
5.090797e+01 
5.090797e+01 
5.090797e+01 
5.090797e+01 
5.090797e+01 
5.090797e+01 
5.090797e+01 
5.090732e+01 
5.090732e+01 
5.090732e+01 
5.090732e+01 
5.090732e+01 
5.090732e+01 
5.090732e+01 
5.090732e+01 
5.090732e+01 
5.090732e+01 
5.090732e+01 
5.090732e+01 
5.090732e+01 
5.090732e+01 
5.090732e+01 
5.090732e+01 
5.090732e+01 
5.090732e+01 
5.090732e+01 
5.090732e+01 
5.090732e+01 
5.090732e+01 
5.090732e+01 
5.090732e+01 
5.090732e+01 
5.090732e+01 
5.090732e+01 
5.090732e+01 
5.090732e+01 
5.090732e+01 
5.090732e+01 
5.090732e+01 
5.090732e+01 
5.090732e+01 
5.090678e+01 
5.090678e+01 
5.090678e+01 
5.090678e+01 
5.090678e+01 
5.090678e+01 
5.090678e+01 
5.090678e+01 
5.090678e+01 
5.090678e+01 
5.090678e+01 
5.090678e+01 
5.090678e+01 
5.090678e+01 
5.090678e+01 
5.090678e+01 
5.090678e+01 
5.090678e+01 
5.090678e+01 
5.090677e+01 
5.090677e+01 
5.090677e+01 
5.090677e+01 
5.090677e+01 
5.090677e+01 
5.090677e+01 
5.090677e+01 
5.090677e+01 
5.090677e+01 
5.090677e+01 
5.090677e+01 
5.090677e+01 
5.090677e+01 
5.090677e+01 
5.090677e+01 
5.090677e+01 
5.090677e+01 
5.090677e+01 
5.090677e+01 
5.090677e+01 
5.041098e+01 
5.041098e+01 
5.041098e+01 
5.041098e+01 
5.041098e+01 
5.041098e+01 
5.041098e+01 
5.041098e+01 
5.041098e+01 
5.041098e+01 
5.041098e+01 
5.041098e+01 
5.041098e+01 
5.041098e+01 
5.041098e+01 
5.041098e+01 
5.041098e+01 
5.041098e+01 
5.041098e+01 
5.041098e+01 
5.041098e+01 
5.041098e+01 
5.041098e+01 
5.041098e+01 
5.003186e+01 
5.003186e+01 
5.003186e+01 
5.003186e+01 
5.003186e+01 
5.003186e+01 
5.003186e+01 
5.003186e+01 
5.003186e+01 
5.003186e+01 
5.003186e+01 
5.003186e+01 
5.003186e+01 
5.003186e+01 
5.003186e+01 
5.003186e+01 
5.003186e+01 
5.003186e+01 
5.003186e+01 
5.003186e+01 
5.003186e+01 
5.003186e+01 
5.003186e+01 
5.003186e+01 
5.003186e+01 
5.003186e+01 
5.003186e+01 
5.003186e+01 
5.003186e+01 
5.003186e+01 
5.003186e+01 
5.003186e+01 
5.003186e+01 
5.003186e+01 
5.003186e+01 
5.003186e+01 
5.003186e+01 
5.003186e+01 
5.003186e+01 
5.003186e+01 
5.003186e+01 
5.003186e+01 
5.003186e+01 
5.003186e+01 
5.003186e+01 
5.003186e+01 
5.003186e+01 
5.003186e+01 
5.003186e+01 
5.003186e+01 
5.003186e+01 
5.003186e+01 
5.003186e+01 
5.003186e+01 
5.003186e+01 
5.003186e+01 
5.003186e+01 
5.003186e+01 
5.003186e+01 
5.003186e+01 
5.003186e+01 
5.003186e+01 
5.003186e+01 
5.003186e+01 
5.003186e+01 
5.003186e+01 
5.003186e+01 
5.003186e+01 
5.003186e+01 
5.003186e+01 
5.003186e+01 
4.999398e+01 
4.999398e+01 
4.999398e+01 
4.999398e+01 
4.999398e+01 
4.999398e+01 
4.999398e+01 
4.999398e+01 
4.999398e+01 
4.988566e+01 
4.988566e+01 
4.988566e+01 
4.988566e+01 
4.988566e+01 
4.988566e+01 
4.988566e+01 
4.988566e+01 
4.983652e+01 
4.983652e+01 
4.983652e+01 
4.983652e+01 
4.983652e+01 
4.979012e+01 
4.979012e+01 
4.979012e+01 
4.979012e+01 
4.979012e+01 
4.979012e+01 
4.979012e+01 
4.979012e+01 
4.979012e+01 
4.979012e+01 
4.979012e+01 
4.979012e+01 
4.979012e+01 
4.979012e+01 
4.979012e+01 
4.979012e+01 
4.979012e+01 
4.979012e+01 
4.979012e+01 
4.979012e+01 
4.979012e+01 
4.979012e+01 
4.979012e+01 
4.979012e+01 
4.979012e+01 
4.979012e+01 
4.979012e+01 
4.979012e+01 
4.979012e+01 
4.979012e+01 
4.979012e+01 
4.979012e+01 
4.979012e+01 
4.979012e+01 
4.979012e+01 
4.979012e+01 
4.979012e+01 
4.975413e+01 
4.975413e+01 
4.975413e+01 
4.975413e+01 
4.975413e+01 
4.975413e+01 
4.975413e+01 
4.975413e+01 
4.975413e+01 
4.975413e+01 
4.975413e+01 
4.973325e+01 
4.973325e+01 
4.973325e+01 
4.973325e+01 
4.973325e+01 
4.973325e+01 
4.973325e+01 
4.973325e+01 
4.973085e+01 
4.973085e+01 
4.973085e+01 
4.972259e+01 
4.972259e+01 
4.972025e+01 
4.972025e+01 
4.972025e+01 
4.972025e+01 
4.972025e+01 
4.972025e+01 
4.972025e+01 
4.972025e+01 
4.972025e+01 
4.972025e+01 
4.972025e+01 
4.972025e+01 
4.972025e+01 
4.972025e+01 
4.971911e+01 
4.971911e+01 
4.971911e+01 
4.971911e+01 
4.971911e+01 
4.971911e+01 
4.971911e+01 
4.971911e+01 
4.971911e+01 
4.971911e+01 
4.971911e+01 
4.971911e+01 
4.971911e+01 
4.971850e+01 
4.971850e+01 
4.971850e+01 
4.971850e+01 
4.971850e+01 
4.971850e+01 
4.971850e+01 
4.971850e+01 
4.971850e+01 
4.971850e+01 
4.971850e+01 
4.971850e+01 
4.971850e+01 
4.971850e+01 
4.971850e+01 
4.971850e+01 
4.971850e+01 
4.971850e+01 
4.971850e+01 
4.971850e+01 
4.971850e+01 
4.971850e+01 
4.971850e+01 
4.971850e+01 
4.971850e+01 
4.971850e+01 
4.971850e+01 
4.971850e+01 
4.971850e+01 
4.971850e+01 
4.971850e+01 
4.971850e+01 
4.971850e+01 
4.971850e+01 
4.971850e+01 
4.971850e+01 
4.971850e+01 
4.971850e+01 
4.971850e+01 
4.971850e+01 
4.971850e+01 
4.971850e+01 
4.971850e+01 
4.971850e+01 
4.971850e+01 
4.971850e+01 
4.971850e+01 
4.971850e+01 
4.971850e+01 
4.971850e+01 
4.971850e+01 
4.971850e+01 
4.971850e+01 
4.971850e+01 
4.971850e+01 
4.971850e+01 
4.971850e+01 
4.971850e+01 
4.971850e+01 
4.971850e+01 
4.971850e+01 
4.971850e+01 
4.971850e+01 
4.971850e+01 
4.971850e+01 
4.971850e+01 
4.971850e+01 
4.971850e+01 
4.971850e+01 
4.971850e+01 
4.971850e+01 
4.971850e+01 
4.971850e+01 
4.971850e+01 
4.971850e+01 
4.971850e+01 
4.971850e+01 
4.971850e+01 
4.971850e+01 
4.971850e+01 
4.971850e+01 
4.971850e+01 
4.971850e+01 
4.971850e+01 
4.971850e+01 
4.971850e+01 
4.971850e+01 
4.971850e+01 
4.971850e+01 
4.971850e+01 
4.971850e+01 
4.971850e+01 
4.971850e+01 
4.971850e+01 
4.971850e+01 
4.971850e+01 
4.971850e+01 
4.971850e+01 
4.971850e+01 
4.971850e+01 
4.971850e+01 
4.971850e+01 
4.971850e+01 
4.971796e+01 
4.971796e+01 
4.971796e+01 
4.971796e+01 
4.971796e+01 
4.971796e+01 
4.971796e+01 
4.971796e+01 
4.971796e+01 
4.971796e+01 
4.971796e+01 
4.971796e+01 
4.971788e+01 
4.971766e+01 
4.971754e+01 
4.971748e+01 
4.971744e+01 
4.971742e+01 
4.971742e+01 
4.971741e+01 
4.971741e+01 
4.971741e+01 
4.971740e+01 
4.971740e+01 
4.971740e+01 
4.971740e+01 
4.971740e+01 
4.971739e+01 
4.971738e+01 
4.971737e+01 
4.971736e+01 
4.971735e+01 
4.971735e+01 
4.971734e+01 
4.971734e+01 
4.971734e+01 
4.971734e+01 
4.971733e+01 
4.971733e+01 
4.971733e+01 
4.971733e+01 
4.971733e+01 
4.971733e+01 
4.971733e+01 
4.971733e+01 
4.971733e+01 
4.971733e+01 
4.971733e+01 
4.971733e+01 
4.971733e+01 
4.971733e+01 
4.971733e+01 
4.971733e+01 
4.971733e+01 
4.971733e+01 
4.971733e+01 
4.971733e+01 
4.971733e+01 
4.971733e+01 
4.971733e+01 
4.971733e+01 
4.971733e+01 
4.971733e+01 
4.971733e+01 
4.971733e+01 
4.971733e+01 
4.971733e+01 
4.971733e+01 
4.971733e+01 
4.971733e+01 
4.971733e+01 
4.971733e+01 
4.971733e+01 
4.971733e+01 
4.971733e+01 
4.971733e+01 
4.971733e+01 
4.971733e+01 
4.971733e+01 
4.971733e+01 
4.971733e+01 
4.971733e+01 
4.971733e+01 
4.971733e+01 
4.971733e+01 
4.971733e+01 
4.971733e+01 
4.971733e+01 
4.971733e+01 
4.971733e+01 
4.971733e+01 
4.971733e+01 
4.971733e+01 
4.971733e+01 
4.971733e+01 
4.971733e+01 
4.971733e+01 
4.971733e+01 
4.971733e+01 
4.971733e+01 
4.971733e+01 
4.971733e+01 
4.971733e+01 
4.971733e+01 
4.971733e+01 
4.971733e+01 
4.971733e+01 
4.971733e+01 
4.971733e+01 
4.971733e+01 
4.968755e+01 
4.968755e+01 
4.968755e+01 
4.968755e+01 
4.964677e+01 
4.964677e+01 
4.964677e+01 
4.964677e+01 
4.964677e+01 
4.964677e+01 
4.964677e+01 
4.964677e+01 
4.964677e+01 
4.964677e+01 
4.964677e+01 
4.964677e+01 
4.964677e+01 
4.964677e+01 
4.964677e+01 
4.964677e+01 
4.964677e+01 
4.964677e+01 
4.964677e+01 
4.964677e+01 
4.964677e+01 
4.964677e+01 
4.953429e+01 
4.953429e+01 
4.953429e+01 
4.953429e+01 
4.953429e+01 
4.953429e+01 
4.953429e+01 
4.953429e+01 
4.953429e+01 
4.953429e+01 
4.953429e+01 
4.953429e+01 
4.953429e+01 
4.953429e+01 
4.953429e+01 
4.953429e+01 
4.953429e+01 
4.953429e+01 
4.946672e+01 
4.946672e+01 
4.946672e+01 
4.946672e+01 
4.946672e+01 
4.946672e+01 
4.946672e+01 
4.946672e+01 
4.946672e+01 
4.946672e+01 
4.946672e+01 
4.946672e+01 
4.946672e+01 
4.946672e+01 
4.946672e+01 
4.946672e+01 
4.946672e+01 
4.946672e+01 
4.946672e+01 
4.946672e+01 
4.946672e+01 
4.946672e+01 
4.946672e+01 
4.946672e+01 
4.946672e+01 
4.946672e+01 
4.946672e+01 
4.946672e+01 
4.946672e+01 
4.946672e+01 
4.946672e+01 
4.946672e+01 
4.946672e+01 
4.946672e+01 
4.946672e+01 
4.946672e+01 
4.946672e+01 
4.946672e+01 
4.946672e+01 
4.946672e+01 
4.946672e+01 
4.946672e+01 
4.946672e+01 
4.946672e+01 
4.946672e+01 
4.946672e+01 
4.946672e+01 
4.946672e+01 
4.946672e+01 
4.946672e+01 
4.946672e+01 
4.946672e+01 
4.946672e+01 
4.946672e+01 
4.946672e+01 
4.946672e+01 
4.946672e+01 
4.946672e+01 
4.946672e+01 
4.946672e+01 
4.946672e+01 
4.946672e+01 
4.946672e+01 
4.946672e+01 
4.946672e+01 
4.946672e+01 
4.946672e+01 
4.946672e+01 
4.946672e+01 
4.946672e+01 
4.946672e+01 
4.946672e+01 
4.946672e+01 
4.946672e+01 
4.946672e+01 
4.946672e+01 
4.946672e+01 
4.946672e+01 
4.946672e+01 
4.946672e+01 
4.946672e+01 
4.946672e+01 
4.946672e+01 
4.946672e+01 
4.946672e+01 
4.946672e+01 
4.946672e+01 
4.946672e+01 
4.946672e+01 
4.946672e+01 
4.946672e+01 
4.946672e+01 
4.946672e+01 
4.946672e+01 
4.946672e+01 
4.946672e+01 
4.946672e+01 
4.946672e+01 
4.946672e+01 
4.946672e+01 
4.946672e+01 
4.946672e+01 
4.946672e+01 
4.932360e+01 
4.932360e+01 
4.932360e+01 
4.932360e+01 
4.932360e+01 
4.932360e+01 
4.932360e+01 
4.932360e+01 
4.932360e+01 
4.932360e+01 
4.932360e+01 
4.932360e+01 
4.932360e+01 
4.932360e+01 
4.932360e+01 
4.932360e+01 
4.932360e+01 
4.932360e+01 
4.932360e+01 
4.932360e+01 
4.932360e+01 
4.932360e+01 
4.932360e+01 
4.932360e+01 
4.932360e+01 
4.932360e+01 
4.932360e+01 
4.932360e+01 
4.932360e+01 
4.932360e+01 
4.932360e+01 
4.932360e+01 
4.932360e+01 
4.932360e+01 
4.932360e+01 
4.932360e+01 
4.932360e+01 
4.932360e+01 
4.932360e+01 
4.932360e+01 
4.932360e+01 
4.932360e+01 
4.932360e+01 
4.932360e+01 
4.932360e+01 
4.932360e+01 
4.932360e+01 
4.932360e+01 
4.932360e+01 
4.932360e+01 
4.932360e+01 
4.932360e+01 
4.932360e+01 
4.932360e+01 
4.932360e+01 
4.932360e+01 
4.932360e+01 
4.932360e+01 
4.932360e+01 
4.932360e+01 
4.932360e+01 
4.932360e+01 
4.932360e+01 
4.932360e+01 
4.932360e+01 
4.932360e+01 
4.932360e+01 
4.932360e+01 
4.932360e+01 
4.932360e+01 
4.932360e+01 
4.932360e+01 
4.932360e+01 
4.932360e+01 
4.932360e+01 
4.932360e+01 
4.932360e+01 
4.932360e+01 
4.932360e+01 
4.932360e+01 
4.932360e+01 
4.932360e+01 
4.932360e+01 
4.932360e+01 
4.932360e+01 
4.932360e+01 
4.932360e+01 
4.932360e+01 
4.932360e+01 
4.932360e+01 
4.932360e+01 
4.932360e+01 
4.932360e+01 
4.932360e+01 
4.932360e+01 
4.932360e+01 
4.932360e+01 
4.932360e+01 
4.932360e+01 
4.932360e+01 
4.932360e+01 
4.932360e+01 
4.932360e+01 
4.932360e+01 
4.932360e+01 
4.932360e+01 
4.932360e+01 
4.932360e+01 
4.932360e+01 
4.932360e+01 
4.932360e+01 
4.932360e+01 
4.932360e+01 
4.932360e+01 
4.932360e+01 
4.932360e+01 
4.932360e+01 
4.932360e+01 
4.932360e+01 
4.932360e+01 
4.932360e+01 
4.932360e+01 
4.932360e+01 
4.932360e+01 
4.932360e+01 
4.932360e+01 
4.932360e+01 
4.932360e+01 
4.932360e+01 
4.932360e+01 
4.932360e+01 
4.932360e+01 
4.932360e+01 
4.932360e+01 
4.932360e+01 
4.932360e+01 
4.932360e+01 
4.932360e+01 
4.932360e+01 
4.932360e+01 
4.932360e+01 
4.932360e+01 
4.932360e+01 
4.932360e+01 
4.932360e+01 
4.932360e+01 
4.932360e+01 
4.932360e+01 
4.932360e+01 
4.932360e+01 
4.932360e+01 
4.932360e+01 
4.932360e+01 
4.932360e+01 
4.932360e+01 
4.932360e+01 
4.932360e+01 
4.932360e+01 
4.932360e+01 
4.932360e+01 
4.932360e+01 
4.932360e+01 
4.932360e+01 
4.932360e+01 
4.932360e+01 
4.932360e+01 
4.932360e+01 
4.932360e+01 
4.932360e+01 
4.932360e+01 
4.932360e+01 
4.932360e+01 
4.932360e+01 
4.932360e+01 
4.932360e+01 
4.932360e+01 
4.932360e+01 
4.932360e+01 
4.932360e+01 
4.932360e+01 
4.932360e+01 
4.932360e+01 
4.932360e+01 
4.932360e+01 
4.932360e+01 
4.932360e+01 
4.930326e+01 
4.930326e+01 
4.930326e+01 
4.930326e+01 
4.930326e+01 
4.930326e+01 
4.930326e+01 
4.930326e+01 
4.930326e+01 
4.930326e+01 
4.930326e+01 
4.930326e+01 
4.930326e+01 
4.930326e+01 
4.918155e+01 
4.917957e+01 
4.917957e+01 
4.917957e+01 
4.917957e+01 
4.917957e+01 
4.917957e+01 
4.917957e+01 
4.917957e+01 
4.917957e+01 
4.917957e+01 
4.917957e+01 
4.917957e+01 
4.917957e+01 
4.917957e+01 
4.917957e+01 
4.910551e+01 
4.910551e+01 
4.910551e+01 
4.910551e+01 
4.910551e+01 
4.910551e+01 
4.910551e+01 
4.910551e+01 
4.910551e+01 
4.910551e+01 
4.910551e+01 
4.910551e+01 
4.910551e+01 
4.910551e+01 
4.910551e+01 
4.910551e+01 
4.910551e+01 
4.910551e+01 
4.910551e+01 
4.910551e+01 
4.910551e+01 
4.910551e+01 
4.910551e+01 
4.910551e+01 
4.910551e+01 
4.910551e+01 
4.903858e+01 
4.903858e+01 
4.903858e+01 
4.903858e+01 
4.903858e+01 
4.903858e+01 
4.903858e+01 
4.903858e+01 
4.903858e+01 
4.903175e+01 
4.903175e+01 
4.894626e+01 
4.894626e+01 
4.894626e+01 
4.894626e+01 
4.894626e+01 
4.894626e+01 
4.894626e+01 
4.894626e+01 
4.894626e+01 
4.894626e+01 
4.894626e+01 
4.894626e+01 
4.890478e+01 
4.890478e+01 
4.890478e+01 
4.890478e+01 
4.890478e+01 
4.890478e+01 
4.890478e+01 
4.890478e+01 
4.890478e+01 
4.890478e+01 
4.890478e+01 
4.890478e+01 
4.890478e+01 
4.890478e+01 
4.890478e+01 
4.890478e+01 
4.890478e+01 
4.890478e+01 
4.890478e+01 
4.890478e+01 
4.890478e+01 
4.890336e+01 
4.890336e+01 
4.890336e+01 
4.890336e+01 
4.890336e+01 
4.890336e+01 
4.890336e+01 
4.890336e+01 
4.890336e+01 
4.890336e+01 
4.890336e+01 
4.890336e+01 
4.890336e+01 
4.890336e+01 
4.890336e+01 
4.890336e+01 
4.890336e+01 
4.890336e+01 
4.890336e+01 
4.890336e+01 
4.890336e+01 
4.890336e+01 
4.890103e+01 
4.890103e+01 
4.890103e+01 
4.889697e+01 
4.889697e+01 
4.889163e+01 
4.889163e+01 
4.889163e+01 
4.889163e+01 
4.889163e+01 
4.889163e+01 
4.889163e+01 
4.889163e+01 
4.889163e+01 
4.889163e+01 
4.889163e+01 
4.889163e+01 
4.889163e+01 
4.889163e+01 
4.889163e+01 
4.889163e+01 
4.889163e+01 
4.889163e+01 
4.889163e+01 
4.889163e+01 
4.889163e+01 
4.889163e+01 
4.889163e+01 
4.889163e+01 
4.889163e+01 
4.889163e+01 
4.889163e+01 
4.889163e+01 
4.889163e+01 
4.889163e+01 
4.889163e+01 
4.889163e+01 
4.889163e+01 
4.889163e+01 
4.889163e+01 
4.889163e+01 
4.889163e+01 
4.889163e+01 
4.889163e+01 
4.889163e+01 
4.889163e+01 
4.889163e+01 
4.889163e+01 
4.889163e+01 
4.889163e+01 
4.889163e+01 
4.889163e+01 
4.889163e+01 
4.889163e+01 
4.889163e+01 
4.889163e+01 
4.889163e+01 
4.889163e+01 
4.889163e+01 
4.889163e+01 
4.889153e+01 
4.889153e+01 
4.889153e+01 
4.889153e+01 
4.889153e+01 
4.889153e+01 
4.889153e+01 
4.889145e+01 
4.889145e+01 
4.889145e+01 
4.889145e+01 
4.889145e+01 
4.889145e+01 
4.889145e+01 
4.889145e+01 
4.889145e+01 
4.889145e+01 
4.889145e+01 
4.889145e+01 
4.889145e+01 
4.889145e+01 
4.889145e+01 
4.889145e+01 
4.889145e+01 
4.889145e+01 
4.889145e+01 
4.889145e+01 
4.889145e+01 
4.889145e+01 
4.889145e+01 
4.889145e+01 
4.889145e+01 
4.889145e+01 
4.889145e+01 
4.889145e+01 
4.889145e+01 
4.889145e+01 
4.889145e+01 
4.889145e+01 
4.889145e+01 
4.889145e+01 
4.889145e+01 
4.889145e+01 
4.889145e+01 
4.889145e+01 
4.889145e+01 
4.889145e+01 
4.889145e+01 
4.889145e+01 
4.889145e+01 
4.889145e+01 
4.889145e+01 
4.889145e+01 
4.889145e+01 
4.889145e+01 
4.889145e+01 
4.889145e+01 
4.889145e+01 
4.889145e+01 
4.889145e+01 
4.889145e+01 
4.889145e+01 
4.889145e+01 
4.889145e+01 
4.889145e+01 
4.889145e+01 
4.889145e+01 
4.889145e+01 
4.889145e+01 
4.889145e+01 
4.889145e+01 
4.889145e+01 
4.889145e+01 
4.889145e+01 
4.889145e+01 
4.889145e+01 
4.889145e+01 
4.889145e+01 
4.889145e+01 
4.889145e+01 
4.889145e+01 
4.889145e+01 
4.889145e+01 
4.889145e+01 
4.889145e+01 
4.889145e+01 
4.889145e+01 
4.889145e+01 
4.889145e+01 
4.889145e+01 
4.889094e+01 
4.889094e+01 
4.889094e+01 
4.889094e+01 
4.889094e+01 
4.889094e+01 
4.889094e+01 
4.889094e+01 
4.889094e+01 
4.889094e+01 
4.889094e+01 
4.889094e+01 
4.889094e+01 
4.889094e+01 
4.889094e+01 
4.889094e+01 
4.889094e+01 
4.889094e+01 
4.889094e+01 
4.889094e+01 
4.889094e+01 
4.889094e+01 
4.889094e+01 
4.889094e+01 
4.889094e+01 
4.889094e+01 
4.889094e+01 
4.889094e+01 
4.889094e+01 
4.889094e+01 
4.889090e+01 
4.889090e+01 
4.889090e+01 
4.889090e+01 
4.889090e+01 
4.889090e+01 
4.889090e+01 
4.889088e+01 
4.889088e+01 
4.889088e+01 
4.889088e+01 
4.889088e+01 
4.889087e+01 
4.889086e+01 
4.889086e+01 
4.889086e+01 
4.889086e+01 
4.889086e+01 
4.889086e+01 
4.889086e+01 
4.889086e+01 
4.889086e+01 
4.889086e+01 
4.889086e+01 
4.889086e+01 
4.889086e+01 
4.889086e+01 
4.889086e+01 
4.889086e+01 
4.889086e+01 
4.889086e+01 
4.889086e+01 
4.889086e+01 
4.889086e+01 
4.889086e+01 
4.889086e+01 
4.889086e+01 
4.889086e+01 
4.889086e+01 
4.889086e+01 
4.889086e+01 
4.889086e+01 
4.889086e+01 
4.889086e+01 
4.889086e+01 
4.889086e+01 
4.889086e+01 
4.889086e+01 
4.889086e+01 
4.889086e+01 
4.889086e+01 
4.889086e+01 
4.889086e+01 
4.889086e+01 
4.889086e+01 
4.889086e+01 
4.889086e+01 
4.889086e+01 
4.889086e+01 
4.889086e+01 
4.889086e+01 
4.889086e+01 
4.889086e+01 
4.889086e+01 
4.889086e+01 
4.889086e+01 
4.889086e+01 
4.889086e+01 
4.889086e+01 
4.889086e+01 
4.889086e+01 
4.889086e+01 
4.889086e+01 
4.889086e+01 
4.889086e+01 
4.889086e+01 
4.889086e+01 
4.889086e+01 
4.889086e+01 
4.889086e+01 
4.889086e+01 
4.889086e+01 
4.889086e+01 
4.889086e+01 
4.889086e+01 
4.889086e+01 
4.889086e+01 
4.889086e+01 
4.889086e+01 
4.889086e+01 
4.889086e+01 
4.889086e+01 
4.889086e+01 
4.889086e+01 
4.889086e+01 
4.889086e+01 
4.889086e+01 
4.889086e+01 
4.889086e+01 
4.889086e+01 
4.889086e+01 
4.889086e+01 
4.889086e+01 
4.889086e+01 
4.889086e+01 
4.889086e+01 
4.889086e+01 
4.889086e+01 
4.889086e+01 
4.889086e+01 
4.889086e+01 
4.889086e+01 
4.889086e+01 
4.889086e+01 
4.889086e+01 
4.889086e+01 
4.889086e+01 
4.889086e+01 
4.889086e+01 
4.889086e+01 
4.889086e+01 
4.889086e+01 
4.889086e+01 
4.889086e+01 
4.889086e+01 
4.889086e+01 
4.889086e+01 
4.889086e+01 
4.889086e+01 
4.889086e+01 
4.889086e+01 
4.889086e+01 
4.889086e+01 
4.889086e+01 
4.889086e+01 
4.889086e+01 
4.889086e+01 
4.889086e+01 
4.889086e+01 
4.889086e+01 
4.889086e+01 
4.889086e+01 
4.889086e+01 
4.889086e+01 
4.889086e+01 
4.889086e+01 
4.889086e+01 
4.889086e+01 
4.889086e+01 
4.889086e+01 
4.889086e+01 
4.889086e+01 
4.889086e+01 
4.889086e+01 
4.889086e+01 
4.889086e+01 
4.889086e+01 
4.889086e+01 
4.889086e+01 
4.889086e+01 
4.889086e+01 
4.889086e+01 
4.889086e+01 
4.889086e+01 
4.889086e+01 
4.889086e+01 
4.889086e+01 
4.889086e+01 
4.889086e+01 
4.889086e+01 
4.889086e+01 
4.889086e+01 
4.889086e+01 
4.889086e+01 
4.889086e+01 
4.889086e+01 
4.889086e+01 
4.889086e+01 
4.889086e+01 
4.889086e+01 
4.889086e+01 
4.889086e+01 
4.889086e+01 
4.889086e+01 
4.889086e+01 
4.889086e+01 
4.889086e+01 
4.889086e+01 
4.889086e+01 
4.889086e+01 
4.889086e+01 
4.889086e+01 
4.889086e+01 
4.889086e+01 
4.889086e+01 
4.889086e+01 
4.889086e+01 
4.889086e+01 
4.889086e+01 
4.889086e+01 
4.889086e+01 
4.889086e+01 
4.889086e+01 
4.889086e+01 
4.889086e+01 
4.889086e+01 
4.889086e+01 
4.889086e+01 
4.889086e+01 
4.889086e+01 
4.889086e+01 
4.889086e+01 
4.889086e+01 
4.889086e+01 
4.889086e+01 
4.889086e+01 
4.889086e+01 
4.889086e+01 
4.889086e+01 
4.889086e+01 
4.889086e+01 
4.889086e+01 
4.889086e+01 
4.889086e+01 
4.889086e+01 
4.889086e+01 
4.889086e+01 
4.889086e+01 
4.889086e+01 
4.885942e+01 
4.885942e+01 
4.885942e+01 
4.885942e+01 
4.885942e+01 
4.885942e+01 
4.885942e+01 
4.885942e+01 
4.885942e+01 
4.885942e+01 
4.885942e+01 
4.885942e+01 
4.885942e+01 
4.885942e+01 
4.885942e+01 
4.885942e+01 
4.885942e+01 
4.885942e+01 
4.885942e+01 
4.885942e+01 
4.885942e+01 
4.885942e+01 
4.885942e+01 
4.885942e+01 
4.885942e+01 
4.885942e+01 
4.885942e+01 
4.885942e+01 
4.885942e+01 
4.885942e+01 
4.885942e+01 
4.885942e+01 
4.885942e+01 
4.885942e+01 
4.885942e+01 
4.885942e+01 
4.885942e+01 
4.885942e+01 
4.885942e+01 
4.885942e+01 
4.885942e+01 
4.885942e+01 
4.885942e+01 
4.885942e+01 
4.885942e+01 
4.885942e+01 
4.885942e+01 
4.885942e+01 
4.885942e+01 
4.885942e+01 
4.885942e+01 
4.885942e+01 
4.885942e+01 
4.885942e+01 
4.885942e+01 
4.885942e+01 
4.885942e+01 
4.885942e+01 
4.885942e+01 
4.885942e+01 
4.885942e+01 
4.885942e+01 
4.885942e+01 
4.885942e+01 
4.885942e+01 
4.885942e+01 
4.885942e+01 
4.885942e+01 
4.885942e+01 
4.885942e+01 
4.885942e+01 
4.885942e+01 
4.885942e+01 
4.885942e+01 
4.885942e+01 
4.885942e+01 
4.885942e+01 
4.885942e+01 
4.885942e+01 
4.885942e+01 
4.885942e+01 
4.885942e+01 
4.885942e+01 
4.885942e+01 
4.885942e+01 
4.885942e+01 
4.885942e+01 
4.885942e+01 
4.885942e+01 
4.885942e+01 
4.885942e+01 
4.885942e+01 
4.885942e+01 
4.885942e+01 
4.885942e+01 
4.885942e+01 
4.885942e+01 
4.885942e+01 
4.885942e+01 
4.885942e+01 
4.885942e+01 
4.885942e+01 
4.885942e+01 
4.885942e+01 
4.885942e+01 
4.883083e+01 
4.882415e+01 
4.882415e+01 
4.881436e+01 
4.881436e+01 
4.881436e+01 
4.881436e+01 
4.881436e+01 
4.881432e+01 
4.881432e+01 
4.881432e+01 
4.881432e+01 
4.881432e+01 
4.881432e+01 
4.881432e+01 
4.881432e+01 
4.881432e+01 
4.881122e+01 
4.881122e+01 
4.881122e+01 
4.881122e+01 
4.881122e+01 
4.881122e+01 
4.881122e+01 
4.881122e+01 
4.881122e+01 
4.881122e+01 
4.881122e+01 
4.881122e+01 
4.881122e+01 
4.881122e+01 
4.881122e+01 
4.881122e+01 
4.881122e+01 
4.881122e+01 
4.881122e+01 
4.881122e+01 
4.881122e+01 
4.881100e+01 
4.881079e+01 
4.881074e+01 
4.881074e+01 
4.881058e+01 
4.881045e+01 
4.881036e+01 
4.881030e+01 
4.881025e+01 
4.881022e+01 
4.881020e+01 
4.881019e+01 
4.881018e+01 
4.881017e+01 
4.881017e+01 
4.881016e+01 
4.881016e+01 
4.881016e+01 
4.881016e+01 
4.881016e+01 
4.881016e+01 
4.881016e+01 
4.881015e+01 
4.881015e+01 
4.881015e+01 
4.881015e+01 
4.881015e+01 
4.881015e+01 
4.881015e+01 
4.881015e+01 
4.881015e+01 
4.881015e+01 
4.881015e+01 
4.881015e+01 
4.881015e+01 
4.881015e+01 
4.881015e+01 
4.881015e+01 
4.881015e+01 
4.881015e+01 
4.881015e+01 
4.881015e+01 
4.881015e+01 
4.881015e+01 
4.881015e+01 
4.881015e+01 
4.881015e+01 
4.881015e+01 
4.881015e+01 
4.881015e+01 
4.881015e+01 
4.881015e+01 
4.881015e+01 
4.881015e+01 
4.881015e+01 
4.881015e+01 
4.881015e+01 
4.881015e+01 
4.881015e+01 
4.881015e+01 
4.881015e+01 
4.881015e+01 
4.881015e+01 
4.881015e+01 
4.881015e+01 
4.881015e+01 
4.881015e+01 
4.881015e+01 
4.881015e+01 
4.881015e+01 
4.881015e+01 
4.881015e+01 
4.881015e+01 
4.881015e+01 
4.881015e+01 
4.881015e+01 
4.881015e+01 
4.881015e+01 
4.881015e+01 
4.881015e+01 
4.881015e+01 
4.881015e+01 
4.881015e+01 
4.881015e+01 
4.881015e+01 
4.881015e+01 
4.881015e+01 
4.881015e+01 
4.881015e+01 
4.881015e+01 
4.881015e+01 
4.881015e+01 
4.881015e+01 
4.881015e+01 
4.881015e+01 
4.881015e+01 
4.881015e+01 
4.881015e+01 
4.881015e+01 
4.881015e+01 
4.881015e+01 
4.881015e+01 
4.881015e+01 
4.881015e+01 
4.881015e+01 
4.881015e+01 
4.881015e+01 
4.881015e+01 
4.881015e+01 
4.881015e+01 
4.881015e+01 
4.881015e+01 
4.881015e+01 
4.881015e+01 
4.881015e+01 
4.881015e+01 
4.881015e+01 
4.881015e+01 
4.881015e+01 
4.881015e+01 
4.881015e+01 
4.881015e+01 
4.881015e+01 
4.881015e+01 
4.881015e+01 
4.881015e+01 
4.881015e+01 
4.881015e+01 
4.881015e+01 
4.881015e+01 
4.881015e+01 
4.881015e+01 
4.881015e+01 
4.881015e+01 
4.881015e+01 
4.881015e+01 
4.881015e+01 
4.881015e+01 
4.881015e+01 
4.881015e+01 
4.881015e+01 
4.881015e+01 
4.881015e+01 
4.881015e+01 
4.881015e+01 
4.881015e+01 
4.881015e+01 
4.881015e+01 
4.881015e+01 
4.881015e+01 
4.881015e+01 
4.881015e+01 
4.881015e+01 
4.881015e+01 
4.881015e+01 
4.881015e+01 
4.881015e+01 
4.881015e+01 
4.881015e+01 
4.881015e+01 
4.881015e+01 
4.881015e+01 
4.881015e+01 
4.881015e+01 
4.881015e+01 
4.881015e+01 
4.881015e+01 
4.881015e+01 
4.881015e+01 
4.881015e+01 
4.881015e+01 
4.881015e+01 
4.881015e+01 
4.881015e+01 
4.881015e+01 
4.881015e+01 
4.881015e+01 
4.881015e+01 
4.881015e+01 
4.881015e+01 
4.881015e+01 
4.881015e+01 
4.881015e+01 
4.881015e+01 
4.881015e+01 
4.881015e+01 
4.881015e+01 
4.881015e+01 
4.881015e+01 
4.881015e+01 
4.881015e+01 
4.881015e+01 
4.881015e+01 
4.881015e+01 
4.881015e+01 
4.881015e+01 
4.881015e+01 
4.881015e+01 
4.881015e+01 
4.881015e+01 
4.881015e+01 
4.881015e+01 
4.881015e+01 
4.881015e+01 
4.881015e+01 
4.881015e+01 
4.881015e+01 
4.881015e+01 
4.881015e+01 
4.881015e+01 
4.881015e+01 
4.881015e+01 
4.881015e+01 
4.881015e+01 
4.881015e+01 
4.881015e+01 
4.881015e+01 
4.881015e+01 
4.881015e+01 
4.881015e+01 
4.881015e+01 
4.881015e+01 
4.881015e+01 
4.880974e+01 
4.878674e+01 
4.878674e+01 
4.878674e+01 
4.878602e+01 
4.878602e+01 
4.878602e+01 
4.878602e+01 
4.875802e+01 
4.875467e+01 
4.875467e+01 
4.874349e+01 
4.874349e+01 
4.874223e+01 
4.874223e+01 
4.874132e+01 
4.874132e+01 
4.874132e+01 
4.873587e+01 
4.873587e+01 
4.873587e+01 
4.871720e+01 
4.871720e+01 
4.871720e+01 
4.871720e+01 
4.871720e+01 
4.871720e+01 
4.871720e+01 
4.871425e+01 
4.871425e+01 
4.871425e+01 
4.871425e+01 
4.871425e+01 
4.871425e+01 
4.871425e+01 
4.871425e+01 
4.871425e+01 
4.871425e+01 
4.871425e+01 
4.869123e+01 
4.869123e+01 
4.869123e+01 
4.869123e+01 
4.868170e+01 
4.868170e+01 
4.868170e+01 
4.868170e+01 
4.868170e+01 
4.868170e+01 
4.867362e+01 
4.867362e+01 
4.865367e+01 
4.865367e+01 
4.865367e+01 
4.865367e+01 
4.865367e+01 
4.865367e+01 
4.865367e+01 
4.865367e+01 
4.865367e+01 
4.865367e+01 
4.865367e+01 
4.865367e+01 
4.865309e+01 
4.865309e+01 
4.865309e+01 
4.865309e+01 
4.865309e+01 
4.864792e+01 
4.864792e+01 
4.864775e+01 
4.864775e+01 
4.864775e+01 
4.864775e+01 
4.864730e+01 
4.864730e+01 
4.864730e+01 
4.864730e+01 
4.864710e+01 
4.864689e+01 
4.864676e+01 
4.864667e+01 
4.864662e+01 
4.864658e+01 
4.864656e+01 
4.864655e+01 
4.864654e+01 
4.864653e+01 
4.864652e+01 
4.864652e+01 
4.864652e+01 
4.864652e+01 
4.864651e+01 
4.864651e+01 
4.864651e+01 
4.864651e+01 
4.864651e+01 
4.864651e+01 
4.864651e+01 
4.864651e+01 
4.864651e+01 
4.864651e+01 
4.864651e+01 
4.864651e+01 
4.864651e+01 
4.864651e+01 
4.864651e+01 
4.864651e+01 
4.864651e+01 
4.864651e+01 
4.864651e+01 
4.864651e+01 
4.864651e+01 
4.864651e+01 
4.864651e+01 
4.864651e+01 
4.864651e+01 
4.864651e+01 
4.864651e+01 
4.864651e+01 
4.864651e+01 
4.864651e+01 
4.864651e+01 
4.864651e+01 
4.864651e+01 
4.864651e+01 
4.864651e+01 
4.864651e+01 
4.864651e+01 
4.864651e+01 
4.864651e+01 
4.864651e+01 
4.864651e+01 
4.864651e+01 
4.864651e+01 
4.864651e+01 
4.864651e+01 
4.864651e+01 
4.864651e+01 
4.864651e+01 
4.864651e+01 
4.864651e+01 
4.864651e+01 
4.864651e+01 
4.864651e+01 
4.864651e+01 
4.864651e+01 
4.864651e+01 
4.864651e+01 
4.864651e+01 
4.864651e+01 
4.864651e+01 
4.864651e+01 
4.864651e+01 
4.864651e+01 
4.864651e+01 
4.864651e+01 
4.864651e+01 
4.864651e+01 
4.864651e+01 
4.864651e+01 
4.864651e+01 
4.864651e+01 
4.864651e+01 
4.864651e+01 
4.864651e+01 
4.864651e+01 
4.864651e+01 
4.864651e+01 
4.864651e+01 
4.864651e+01 
4.864651e+01 
4.864651e+01 
4.864651e+01 
4.864651e+01 
4.864651e+01 
4.864651e+01 
4.864651e+01 
4.864651e+01 
4.864651e+01 
4.864651e+01 
4.864651e+01 
4.864651e+01 
4.864651e+01 
4.864651e+01 
4.864651e+01 
4.864651e+01 
4.864651e+01 
4.864651e+01 
4.864651e+01 
4.864651e+01 
4.864651e+01 
4.864651e+01 
4.864651e+01 
4.864651e+01 
4.864651e+01 
4.864651e+01 
4.864651e+01 
4.864651e+01 
4.863004e+01 
4.863004e+01 
4.863004e+01 
4.863004e+01 
4.860818e+01 
4.860818e+01 
4.860807e+01 
4.860807e+01 
4.860807e+01 
4.860807e+01 
4.860513e+01 
4.860513e+01 
4.860513e+01 
4.860441e+01 
4.860441e+01 
4.860441e+01 
4.860441e+01 
4.860441e+01 
4.860441e+01 
4.860423e+01 
4.860423e+01 
4.860349e+01 
4.860330e+01 
4.860330e+01 
4.860302e+01 
4.860302e+01 
4.860302e+01 
4.860302e+01 
4.860302e+01 
4.860258e+01 
4.860209e+01 
4.860178e+01 
4.860158e+01 
4.860144e+01 
4.860135e+01 
4.860129e+01 
4.860125e+01 
4.860122e+01 
4.860120e+01 
4.860119e+01 
4.860118e+01 
4.860117e+01 
4.860117e+01 
4.860117e+01 
4.860117e+01 
4.860116e+01 
4.860116e+01 
4.860116e+01 
4.860116e+01 
4.860116e+01 
4.860116e+01 
4.860116e+01 
4.860116e+01 
4.860116e+01 
4.860116e+01 
4.860116e+01 
4.860116e+01 
4.860116e+01 
4.860116e+01 
4.860116e+01 
4.860116e+01 
4.860116e+01 
4.860116e+01 
4.860116e+01 
4.860116e+01 
4.860116e+01 
4.860116e+01 
4.860116e+01 
4.860116e+01 
4.860116e+01 
4.860116e+01 
4.860116e+01 
4.860116e+01 
4.860116e+01 
4.860116e+01 
4.860116e+01 
4.860116e+01 
4.860116e+01 
4.860116e+01 
4.860116e+01 
4.860116e+01 
4.860116e+01 
4.860116e+01 
4.860116e+01 
4.860116e+01 
4.860116e+01 
4.860116e+01 
4.860116e+01 
4.860116e+01 
4.860116e+01 
4.860116e+01 
4.860116e+01 
4.860116e+01 
4.860116e+01 
4.860116e+01 
4.860116e+01 
4.860116e+01 
4.860116e+01 
4.860116e+01 
4.860116e+01 
4.860116e+01 
4.860116e+01 
4.860116e+01 
4.860116e+01 
4.860116e+01 
4.860116e+01 
4.860116e+01 
4.860116e+01 
4.860116e+01 
4.860116e+01 
4.860116e+01 
4.860116e+01 
4.860116e+01 
4.860116e+01 
4.860116e+01 
4.860116e+01 
4.860116e+01 
4.860116e+01 
4.860116e+01 
4.860116e+01 
4.860116e+01 
4.860116e+01 
4.860116e+01 
4.860116e+01 
4.860116e+01 
4.860116e+01 
4.860116e+01 
4.860116e+01 
4.860116e+01 
4.860116e+01 
4.859821e+01 
4.859821e+01 
4.859434e+01 
4.859434e+01 
4.859434e+01 
4.859434e+01 
4.859331e+01 
4.859262e+01 
4.859262e+01 
4.859262e+01 
4.859262e+01 
4.859230e+01 
4.859228e+01 
4.859228e+01 
4.859110e+01 
4.859044e+01 
4.859012e+01 
4.858997e+01 
4.858990e+01 
4.858986e+01 
4.858984e+01 
4.858983e+01 
4.858982e+01 
4.858982e+01 
4.858981e+01 
4.858981e+01 
4.858981e+01 
4.858981e+01 
4.858981e+01 
4.858981e+01 
4.858981e+01 
4.858981e+01 
4.858981e+01 
4.858981e+01 
4.858981e+01 
4.858981e+01 
4.858981e+01 
4.858981e+01 
4.858981e+01 
4.858981e+01 
4.858981e+01 
4.858981e+01 
4.858981e+01 
4.858981e+01 
4.858981e+01 
4.858981e+01 
4.858981e+01 
4.858981e+01 
4.858981e+01 
4.858981e+01 
4.858981e+01 
4.858981e+01 
4.858981e+01 
4.858981e+01 
4.858981e+01 
4.858920e+01 
4.858751e+01 
4.858751e+01 
4.858751e+01 
4.858636e+01 
4.858377e+01 
4.858273e+01 
4.858236e+01 
4.858225e+01 
4.858225e+01 
4.858225e+01 
4.858225e+01 
4.858176e+01 
4.858137e+01 
4.858112e+01 
4.858096e+01 
4.858086e+01 
4.858079e+01 
4.858075e+01 
4.858072e+01 
4.858070e+01 
4.858068e+01 
4.858068e+01 
4.858067e+01 
4.858067e+01 
4.858066e+01 
4.858066e+01 
4.857622e+01 
4.857622e+01 
4.857622e+01 
4.857622e+01 
4.857622e+01 
4.857622e+01 
4.857622e+01 
4.857622e+01 
4.857622e+01 
4.857622e+01 
4.857622e+01 
4.857622e+01 
4.857622e+01 
4.857622e+01 
4.857522e+01 
4.857522e+01 
4.857522e+01 
4.857522e+01 
4.857522e+01 
4.857522e+01 
4.857522e+01 
4.857522e+01 
4.857522e+01 
4.857522e+01 
4.857522e+01 
4.857522e+01 
4.857522e+01 
4.857522e+01 
4.857522e+01 
4.857522e+01 
4.857522e+01 
4.857522e+01 
4.857522e+01 
4.857522e+01 
4.857522e+01 
4.857522e+01 
4.857522e+01 
4.857522e+01 
4.857522e+01 
4.857522e+01 
4.857522e+01 
4.857522e+01 
4.857522e+01 
4.857522e+01 
4.857522e+01 
4.857522e+01 
4.857522e+01 
4.857522e+01 
4.857522e+01 
4.857522e+01 
4.857522e+01 
4.857522e+01 
4.857522e+01 
4.857522e+01 
4.857522e+01 
4.857522e+01 
4.857522e+01 
4.857522e+01 
4.857522e+01 
4.857522e+01 
4.857522e+01 
4.857522e+01 
4.857522e+01 
4.857522e+01 
4.857522e+01 
4.857488e+01 
4.857488e+01 
4.857488e+01 
4.857483e+01 
4.857483e+01 
4.857483e+01 
4.857483e+01 
4.857483e+01 
4.857483e+01 
4.857483e+01 
4.857483e+01 
4.857417e+01 
4.857417e+01 
4.857417e+01 
4.857417e+01 
4.857417e+01 
4.857417e+01 
4.857385e+01 
4.857385e+01 
4.857385e+01 
4.857385e+01 
4.857385e+01 
4.857015e+01 
4.857015e+01 
4.857015e+01 
4.857015e+01 
4.856795e+01 
4.856795e+01 
4.856795e+01 
4.856795e+01 
4.856795e+01 
4.856795e+01 
4.856795e+01 
4.856795e+01 
4.856795e+01 
4.856795e+01 
4.856795e+01 
4.856791e+01 
4.856698e+01 
4.856698e+01 
4.856698e+01 
4.856600e+01 
4.856577e+01 
4.856577e+01 
4.856577e+01 
4.856566e+01 
4.856560e+01 
4.856558e+01 
4.856558e+01 
4.856558e+01 
4.856558e+01 
4.856554e+01 
4.856549e+01 
4.856546e+01 
4.856544e+01 
4.856543e+01 
4.856542e+01 
4.856542e+01 
4.856541e+01 
4.856541e+01 
4.856541e+01 
4.856541e+01 
4.856541e+01 
4.856541e+01 
4.856541e+01 
4.856541e+01 
4.856541e+01 
4.856541e+01 
4.856541e+01 
4.856541e+01 
4.856541e+01 
4.856485e+01 
4.856485e+01 
4.856485e+01 
4.856485e+01 
4.856485e+01 
4.856485e+01 
4.856449e+01 
4.856384e+01 
4.856384e+01 
4.856384e+01 
4.856384e+01 
4.856384e+01 
4.856361e+01 
4.856361e+01 
4.856361e+01 
4.856361e+01 
4.856361e+01 
4.856361e+01 
4.856361e+01 
4.856361e+01 
4.856361e+01 
4.856361e+01 
4.856361e+01 
4.856361e+01 
4.856243e+01 
4.856243e+01 
4.856243e+01 
4.856243e+01 
4.856243e+01 
4.856023e+01 
4.856023e+01 
4.856023e+01 
4.856023e+01 
4.856023e+01 
4.856023e+01 
4.856023e+01 
4.856023e+01 
4.856023e+01 
4.855922e+01 
4.855922e+01 
4.855922e+01 
4.855840e+01 
4.855809e+01 
4.855809e+01 
4.855768e+01 
4.855721e+01 
4.855700e+01 
4.855690e+01 
4.855686e+01 
4.855683e+01 
4.855682e+01 
4.855682e+01 
4.855681e+01 
4.855681e+01 
4.855681e+01 
4.855681e+01 
4.855681e+01 
4.855681e+01 
4.855681e+01 
4.855681e+01 
4.855681e+01 
4.855681e+01 
4.855681e+01 
4.855681e+01 
4.855681e+01 
4.855681e+01 
4.855681e+01 
4.855681e+01 
4.855681e+01 
4.855681e+01 
4.855681e+01 
4.855681e+01 
4.855681e+01 
4.855681e+01 
4.855681e+01 
4.855681e+01 
4.855681e+01 
4.855681e+01 
4.855681e+01 
4.855681e+01 
4.855681e+01 
4.855681e+01 
4.855681e+01 
4.855681e+01 
4.855681e+01 
4.855681e+01 
4.855681e+01 
4.855681e+01 
4.855619e+01 
4.855619e+01 
4.855619e+01 
4.855449e+01 
4.855449e+01 
4.855449e+01 
4.855416e+01 
4.855416e+01 
4.855416e+01 
4.855416e+01 
4.855416e+01 
4.855416e+01 
4.855415e+01 
4.855415e+01 
4.855367e+01 
4.855367e+01 
4.855364e+01 
4.855364e+01 
4.855356e+01 
4.855356e+01 
4.855343e+01 
4.855343e+01 
4.855337e+01 
4.855337e+01 
4.855337e+01 
4.855337e+01 
4.855337e+01 
4.855337e+01 
4.855337e+01 
4.855308e+01 
4.855308e+01 
4.855308e+01 
4.855297e+01 
4.855297e+01 
4.855297e+01 
4.855297e+01 
4.855297e+01 
4.855297e+01 
4.855215e+01 
4.855215e+01 
4.855168e+01 
4.855168e+01 
4.855168e+01 
4.855168e+01 
4.855168e+01 
4.855168e+01 
4.855168e+01 
4.855168e+01 
4.855168e+01 
4.855168e+01 
4.855168e+01 
4.855168e+01 
4.855168e+01 
4.855168e+01 
4.855168e+01 
4.855155e+01 
4.855155e+01 
4.855155e+01 
4.855155e+01 
4.855155e+01 
4.855155e+01 
4.855155e+01 
4.855155e+01 
4.855155e+01 
4.855155e+01 
4.855155e+01 
4.855155e+01 
4.855155e+01 
4.855155e+01 
4.855155e+01 
4.855155e+01 
4.855119e+01 
4.855113e+01 
4.855113e+01 
4.855113e+01 
4.855113e+01 
4.855113e+01 
4.855113e+01 
4.855113e+01 
4.855113e+01 
4.855113e+01 
4.855113e+01 
4.855113e+01 
4.855113e+01 
4.855113e+01 
4.855113e+01 
4.855113e+01 
4.855113e+01 
4.855113e+01 
4.855113e+01 
4.855105e+01 
4.855099e+01 
4.855098e+01 
4.855098e+01 
4.855098e+01 
4.855098e+01 
4.855098e+01 
4.855098e+01 
4.855098e+01 
4.855097e+01 
4.855095e+01 
4.855095e+01 
4.855094e+01 
4.855094e+01 
4.855072e+01 
4.855072e+01 
4.855072e+01 
4.855071e+01 
4.855071e+01 
4.855071e+01 
4.855071e+01 
4.855065e+01 
4.855065e+01 
4.855065e+01 
4.855065e+01 
4.855065e+01 
4.855065e+01 
4.855065e+01 
4.855065e+01 
4.855065e+01 
4.855065e+01 
4.855065e+01 
4.855065e+01 
4.855065e+01 
4.855065e+01 
4.855065e+01 
4.855065e+01 
4.855064e+01 
4.855064e+01 
4.855064e+01 
4.855060e+01 
4.855060e+01 
4.855060e+01 
4.855060e+01 
4.855060e+01 
4.855060e+01 
4.855060e+01 
4.855060e+01 
4.855060e+01 
4.855060e+01 
4.855058e+01 
4.855058e+01 
4.855058e+01 
4.855056e+01 
4.855056e+01 
4.855056e+01 
4.855056e+01 
4.855056e+01 
4.855055e+01 
4.855055e+01 
4.855054e+01 
4.855054e+01 
4.855054e+01 
4.855054e+01 
4.855054e+01 
4.855054e+01 
4.855054e+01 
4.855054e+01 
4.855054e+01 
4.855054e+01 
4.855054e+01 
4.855054e+01 
4.855054e+01 
4.855053e+01 
4.855051e+01 
4.855051e+01 
4.855051e+01 
4.855051e+01 
4.855051e+01 
4.855051e+01 
4.855051e+01 
4.855051e+01 
4.855051e+01 
4.855051e+01 
4.855050e+01 
4.855050e+01 
4.855050e+01 
4.855050e+01 
4.855050e+01 
4.855050e+01 
4.855049e+01 
4.855049e+01 
4.855049e+01 
4.855049e+01 
4.855049e+01 
4.855049e+01 
4.855049e+01 
4.855048e+01 
4.855048e+01 
4.855047e+01 
4.855047e+01 
4.855047e+01 
4.855047e+01 
4.855047e+01 
4.855047e+01 
4.855047e+01 
4.855046e+01 
4.855046e+01 
4.855046e+01 
4.855046e+01 
4.855046e+01 
4.855046e+01 
4.855046e+01 
4.855046e+01 
4.855046e+01 
4.855046e+01 
4.855046e+01 
4.855046e+01 
4.855046e+01 
4.855046e+01 
4.855046e+01 
4.855046e+01 
4.855046e+01 
4.855046e+01 
4.855046e+01 
4.855046e+01 
4.855046e+01 
4.855046e+01 
4.855046e+01 
4.855046e+01 
4.855046e+01 
4.855046e+01 
4.855046e+01 
4.855046e+01 
4.855046e+01 
4.855046e+01 
4.855046e+01 
4.855046e+01 
4.855046e+01 
4.855046e+01 
4.855046e+01 
4.855046e+01 
4.855046e+01 
4.855046e+01 
4.855046e+01 
4.855046e+01 
4.855046e+01 
4.855046e+01 
4.855046e+01 
4.855046e+01 
4.855046e+01 
4.855046e+01 
4.855046e+01 
4.855046e+01 
4.855046e+01 
4.855046e+01 
4.855046e+01 
4.855046e+01 
4.855046e+01 
4.855046e+01 
4.855046e+01 
4.855046e+01 
4.855046e+01 
4.855046e+01 
4.855046e+01 
4.855046e+01 
4.851636e+01 
4.849612e+01 
4.847496e+01 
4.847496e+01 
4.847496e+01 
4.846315e+01 
4.846315e+01 
4.843462e+01 
4.839096e+01 
4.839096e+01 
4.839096e+01 
4.839096e+01 
4.839096e+01 
4.839096e+01 
4.839096e+01 
4.839096e+01 
4.839096e+01 
4.839096e+01 
4.839096e+01 
4.839096e+01 
4.839096e+01 
4.839096e+01 
4.839096e+01 
4.839096e+01 
4.839096e+01 
4.839096e+01 
4.839046e+01 
4.839046e+01 
4.839046e+01 
4.839046e+01 
4.839046e+01 
4.839046e+01 
4.839046e+01 
4.839046e+01 
4.839046e+01 
4.839046e+01 
4.839046e+01 
4.839030e+01 
4.839030e+01 
4.839030e+01 
4.839030e+01 
4.839030e+01 
4.839030e+01 
4.839030e+01 
4.839030e+01 
4.839030e+01 
4.839030e+01 
4.839019e+01 
4.838992e+01 
4.838992e+01 
4.838991e+01 
4.838991e+01 
4.838991e+01 
4.838991e+01 
4.838955e+01 
4.838955e+01 
4.838950e+01 
4.838950e+01 
4.838950e+01 
4.838931e+01 
4.838931e+01 
4.838924e+01 
4.838924e+01 
4.838919e+01 
4.838919e+01 
4.838919e+01 
4.838903e+01 
4.838903e+01 
4.838903e+01 
4.838903e+01 
4.838903e+01 
4.837755e+01 
4.837755e+01 
4.837755e+01 
4.837755e+01 
4.837755e+01 
4.837755e+01 
4.836079e+01 
4.836079e+01 
4.836079e+01 
4.836079e+01 
4.836079e+01 
4.836079e+01 
4.836079e+01 
4.836079e+01 
4.836079e+01 
4.836079e+01 
4.836079e+01 
4.836079e+01 
4.836079e+01 
4.836079e+01 
4.836079e+01 
4.836079e+01 
4.836079e+01 
4.836079e+01 
4.836079e+01 
4.836079e+01 
4.836079e+01 
4.836019e+01 
4.836019e+01 
4.836019e+01 
4.836019e+01 
4.836019e+01 
4.836019e+01 
4.836019e+01 
4.836019e+01 
4.836019e+01 
4.836019e+01 
4.836019e+01 
4.836019e+01 
4.836019e+01 
4.836019e+01 
4.836013e+01 
4.836013e+01 
4.836013e+01 
4.836013e+01 
4.836013e+01 
4.836012e+01 
4.836012e+01 
4.836011e+01 
4.835251e+01 
4.835251e+01 
4.835251e+01 
4.835251e+01 
4.835251e+01 
4.835251e+01 
4.835251e+01 
4.835251e+01 
4.835251e+01 
4.835251e+01 
4.835251e+01 
4.835251e+01 
4.835251e+01 
4.834985e+01 
4.834985e+01 
4.834985e+01 
4.834985e+01 
4.834985e+01 
4.834985e+01 
4.833984e+01 
4.833984e+01 
4.833984e+01 
4.833984e+01 
4.833527e+01 
4.833527e+01 
4.833527e+01 
4.833527e+01 
4.833527e+01 
4.831832e+01 
4.831832e+01 
4.831832e+01 
4.831832e+01 
4.831832e+01 
4.831832e+01 
4.831832e+01 
4.831832e+01 
4.831832e+01 
4.831832e+01 
4.830951e+01 
4.830951e+01 
4.830951e+01 
4.830951e+01 
4.830951e+01 
4.830951e+01 
4.830951e+01 
4.830951e+01 
4.830951e+01 
4.830951e+01 
4.830951e+01 
4.830951e+01 
4.830951e+01 
4.830951e+01 
4.830951e+01 
4.830951e+01 
4.830951e+01 
4.830951e+01 
4.830951e+01 
4.829392e+01 
4.829392e+01 
4.829392e+01 
4.829392e+01 
4.829392e+01 
4.829067e+01 
4.829067e+01 
4.829067e+01 
4.829067e+01 
4.828822e+01 
4.828822e+01 
4.828822e+01 
4.828751e+01 
4.828725e+01 
4.828725e+01 
4.828698e+01 
4.828690e+01 
4.828690e+01 
4.828670e+01 
4.828657e+01 
4.828656e+01 
4.828656e+01 
4.828656e+01 
4.828656e+01 
4.828656e+01 
4.828655e+01 
4.828655e+01 
4.828655e+01 
4.828655e+01 
4.828655e+01 
4.828655e+01 
4.828655e+01 
4.828655e+01 
4.828655e+01 
4.828655e+01 
4.828655e+01 
4.828655e+01 
4.828655e+01 
4.828655e+01 
4.828655e+01 
4.828655e+01 
4.828655e+01 
4.828655e+01 
4.828655e+01 
4.828655e+01 
4.828655e+01 
4.828655e+01 
4.828655e+01 
4.828620e+01 
4.828620e+01 
4.828620e+01 
4.828574e+01 
4.828574e+01 
4.828566e+01 
4.828548e+01 
4.828545e+01 
4.828539e+01 
4.828478e+01 
4.828478e+01 
4.828478e+01 
4.828478e+01 
4.828478e+01 
4.828478e+01 
4.828477e+01 
4.828429e+01 
4.828429e+01 
4.828429e+01 
4.828429e+01 
4.828429e+01 
4.828429e+01 
4.828429e+01 
4.828429e+01 
4.828429e+01 
4.828429e+01 
4.828429e+01 
4.828429e+01 
4.828429e+01 
4.828425e+01 
4.828418e+01 
4.828414e+01 
4.828412e+01 
4.828410e+01 
4.828410e+01 
4.828409e+01 
4.828409e+01 
4.828409e+01 
4.828408e+01 
4.828408e+01 
4.828408e+01 
4.828408e+01 
4.828408e+01 
4.828408e+01 
4.828408e+01 
4.828408e+01 
4.828408e+01 
4.828408e+01 
4.828408e+01 
4.828408e+01 
4.828408e+01 
4.828408e+01 
4.828408e+01 
4.828408e+01 
4.828408e+01 
4.828408e+01 
4.828408e+01 
4.828408e+01 
4.828408e+01 
4.828408e+01 
4.828408e+01 
4.828408e+01 
4.828408e+01 
4.828408e+01 
4.828408e+01 
4.828408e+01 
4.828408e+01 
4.828408e+01 
4.828408e+01 
4.828408e+01 
4.828408e+01 
4.828408e+01 
4.828408e+01 
4.828408e+01 
4.828408e+01 
4.828391e+01 
4.828389e+01 
4.828389e+01 
4.828379e+01 
4.828379e+01 
4.828379e+01 
4.828379e+01 
4.828379e+01 
4.828379e+01 
4.828377e+01 
4.828377e+01 
4.828377e+01 
4.828377e+01 
4.828377e+01 
4.828373e+01 
4.828373e+01 
4.828373e+01 
4.828370e+01 
4.828370e+01 
4.828370e+01 
4.828370e+01 
4.828370e+01 
4.828364e+01 
4.828364e+01 
4.828363e+01 
4.828363e+01 
4.828363e+01 
4.828363e+01 
4.828363e+01 
4.828363e+01 
4.828363e+01 
4.828363e+01 
4.828363e+01 
4.828363e+01 
4.828361e+01 
4.828361e+01 
4.828360e+01 
4.828360e+01 
4.828360e+01 
4.828360e+01 
4.828360e+01 
4.828360e+01 
4.828360e+01 
4.828360e+01 
4.828360e+01 
4.828360e+01 
4.828360e+01 
4.828360e+01 
4.828360e+01 
4.828360e+01 
4.828360e+01 
4.828360e+01 
4.828360e+01 
4.828360e+01 
4.828360e+01 
4.828360e+01 
4.828360e+01 
4.828360e+01 
4.828360e+01 
4.828360e+01 
4.828360e+01 
4.828360e+01 
4.828360e+01 
4.828360e+01 
4.828360e+01 
4.828360e+01 
4.828360e+01 
4.828360e+01 
4.828360e+01 
4.828360e+01 
4.828360e+01 
4.828360e+01 
4.828360e+01 
4.828360e+01 
4.828359e+01 
4.828359e+01 
4.828359e+01 
4.828359e+01 
4.828359e+01 
4.828359e+01 
4.828359e+01 
4.828359e+01 
4.828359e+01 
4.828359e+01 
4.828359e+01 
4.828359e+01 
4.828359e+01 
4.828359e+01 
4.828359e+01 
4.828359e+01 
4.828359e+01 
4.828359e+01 
4.828359e+01 
4.828359e+01 
4.828359e+01 
4.828359e+01 
4.828359e+01 
4.828359e+01 
4.828359e+01 
4.828359e+01 
4.828359e+01 
4.828359e+01 
4.828359e+01 
4.828359e+01 
4.828359e+01 
4.828359e+01 
4.828359e+01 
4.828359e+01 
4.828359e+01 
4.828359e+01 
4.828359e+01 
4.828359e+01 
4.828359e+01 
4.828359e+01 
4.828359e+01 
4.828358e+01 
4.828358e+01 
4.828358e+01 
4.828358e+01 
4.828358e+01 
4.828358e+01 
4.828358e+01 
4.828358e+01 
4.828358e+01 
4.828358e+01 
4.828358e+01 
4.828358e+01 
4.828358e+01 
4.828358e+01 
4.828358e+01 
4.828358e+01 
4.828358e+01 
4.828358e+01 
4.828358e+01 
4.828358e+01 
4.828358e+01 
4.828358e+01 
4.828358e+01 
4.828358e+01 
4.828358e+01 
4.828358e+01 
4.828358e+01 
4.828358e+01 
4.828358e+01 
4.828358e+01 
4.828358e+01 
4.828358e+01 
4.828358e+01 
4.828358e+01 
4.828358e+01 
4.828358e+01 
4.828358e+01 
4.828358e+01 
4.828358e+01 
4.828358e+01 
4.828358e+01 
4.828358e+01 
4.828358e+01 
4.828358e+01 
4.828358e+01 
4.828358e+01 
4.828358e+01 
4.828358e+01 
4.828358e+01 
4.828358e+01 
4.828358e+01 
4.828358e+01 
4.828358e+01 
4.828358e+01 
4.828358e+01 
4.828358e+01 
4.828358e+01 
4.828358e+01 
4.828358e+01 
4.828358e+01 
4.828358e+01 
4.828358e+01 
4.828358e+01 
4.828358e+01 
4.828358e+01 
4.828358e+01 
4.828358e+01 
4.828358e+01 
4.828358e+01 
4.828358e+01 
4.828358e+01 
4.828358e+01 
4.828358e+01 
4.828358e+01 
4.828358e+01 
4.828358e+01 
4.828358e+01 
4.828358e+01 
4.828358e+01 
4.828358e+01 
4.828358e+01 
4.828358e+01 
4.828358e+01 
4.828358e+01 
4.828358e+01 
4.828358e+01 
4.828358e+01 
4.828358e+01 
4.828358e+01 
4.828358e+01 
4.828358e+01 
4.828358e+01 
4.828358e+01 
4.828358e+01 
4.828358e+01 
4.828358e+01 
4.828358e+01 
4.828358e+01 
4.828358e+01 
4.828358e+01 
4.828358e+01 
4.828358e+01 
4.828358e+01 
4.828358e+01 
4.828358e+01 
4.828358e+01 
4.828358e+01 
4.828358e+01 
4.828358e+01 
4.828358e+01 
4.828358e+01 
4.828358e+01 
4.828358e+01 
4.828358e+01 
4.828358e+01 
4.828358e+01 
4.828358e+01 
4.828358e+01 
4.828358e+01 
4.828358e+01 
4.828358e+01 
4.828358e+01 
4.828358e+01 
4.828358e+01 
4.828358e+01 
4.828358e+01 
4.828358e+01 
4.828358e+01 
4.828358e+01 
4.828358e+01 
4.828358e+01 
4.828358e+01 
4.828358e+01 
4.828358e+01 
4.828358e+01 
4.828358e+01 
4.828358e+01 
4.828358e+01 
4.828358e+01 
4.828358e+01 
4.828358e+01 
4.828358e+01 
4.828358e+01 
4.828358e+01 
4.828358e+01 
4.828358e+01 
4.828358e+01 
4.828358e+01 
4.828358e+01 
4.828358e+01 
4.828358e+01 
4.828358e+01 
4.828358e+01 
4.828358e+01 
4.828358e+01 
4.828358e+01 
4.828358e+01 
4.828358e+01 
4.828358e+01 
4.828358e+01 
4.828358e+01 
4.828358e+01 
4.828358e+01 
4.828358e+01 
4.828358e+01 
4.828358e+01 
4.828358e+01 
4.828358e+01 
4.828358e+01 
4.828358e+01 
4.828358e+01 
4.828358e+01 
4.828358e+01 
4.828358e+01 
4.828358e+01 
4.828358e+01 
4.828358e+01 
4.828358e+01 
4.828358e+01 
4.828358e+01 
4.828358e+01 
4.828358e+01 
4.828358e+01 
4.828358e+01 
4.828358e+01 
4.828358e+01 
4.828358e+01 
4.828358e+01 
4.828358e+01 
4.828358e+01 
4.828358e+01 
4.828358e+01 
4.828358e+01 
4.828358e+01 
4.828358e+01 
4.828358e+01 
4.828358e+01 
4.828358e+01 
4.828358e+01 
4.828358e+01 
4.828358e+01 
4.828358e+01 
4.828358e+01 
4.828358e+01 
4.828358e+01 
4.828358e+01 
4.828358e+01 
4.828358e+01 
4.828358e+01 
4.828358e+01 
4.828358e+01 
4.828358e+01 
4.828358e+01 
4.828358e+01 
4.828358e+01 
4.828358e+01 
4.828358e+01 
4.828358e+01 
4.828358e+01 
4.828358e+01 
4.828358e+01 
4.828358e+01 
4.828358e+01 
4.828358e+01 
4.828358e+01 
4.828358e+01 
4.828358e+01 
4.828358e+01 
4.828358e+01 
4.828358e+01 
4.828358e+01 
4.828358e+01 
4.828358e+01 
4.828358e+01 
4.828358e+01 
4.828358e+01 
4.828358e+01 
4.828358e+01 
4.828358e+01 
4.828358e+01 
4.828358e+01 
4.828358e+01 
4.828358e+01 
4.828358e+01 
4.828358e+01 
4.828358e+01 
4.828358e+01 
4.828358e+01 
4.828358e+01 
4.828358e+01 
4.828358e+01 
4.828358e+01 
4.828358e+01 
4.828358e+01 
4.828358e+01 
4.828358e+01 
4.828358e+01 
4.828358e+01 
4.828358e+01 
4.828358e+01 
4.828358e+01 
4.828358e+01 
4.828358e+01 
4.828358e+01 
4.828358e+01 
4.828358e+01 
4.828358e+01 
4.828358e+01 
4.828358e+01 
4.828358e+01 
4.828358e+01 
4.828358e+01 
4.828358e+01 
4.828358e+01 
4.828358e+01 
4.828358e+01 
4.828358e+01 
4.828358e+01 
4.828358e+01 
4.828358e+01 
4.828358e+01 
4.828358e+01 
4.828358e+01 
4.828358e+01 
4.828358e+01 
4.828358e+01 
4.828358e+01 
4.828358e+01 
4.828358e+01 
4.828358e+01 
4.828358e+01 
4.828358e+01 
4.828358e+01 
4.828358e+01 
4.828358e+01 
4.828358e+01 
4.828358e+01 
4.828358e+01 
4.828358e+01 
4.828358e+01 
4.828358e+01 
4.828358e+01 
4.828358e+01 
4.828358e+01 
4.828358e+01 
4.828358e+01 
4.828358e+01 
4.828358e+01 
4.828358e+01 
4.828358e+01 
4.828358e+01 
4.828358e+01 
4.828358e+01 
4.828358e+01 
4.828358e+01 
4.828358e+01 
4.828358e+01 
4.828358e+01 
4.828358e+01 
4.828358e+01 
4.828358e+01 
4.828358e+01 
4.828358e+01 
4.828358e+01 
4.828358e+01 
4.828358e+01 
4.828358e+01 
4.828358e+01 
4.828358e+01 
4.828358e+01 
4.828358e+01 
4.828358e+01 
4.828358e+01 
4.828358e+01 
4.828358e+01 
4.828358e+01 
4.828358e+01 
4.828358e+01 
4.828358e+01 
4.828358e+01 
4.828358e+01 
4.828358e+01 
4.828358e+01 
4.828358e+01 
4.828358e+01 
4.828358e+01 
4.828358e+01 
4.828358e+01 
4.828358e+01 
4.828358e+01 
4.828358e+01 
4.828358e+01 
4.828358e+01 
4.828358e+01 
4.828358e+01 
4.828358e+01 
4.828358e+01 
4.828358e+01 
4.828358e+01 
4.828358e+01 
4.828358e+01 
4.828358e+01 
4.828358e+01 
4.828358e+01 
4.828358e+01 
4.828358e+01 
4.828358e+01 
4.828358e+01 
4.828358e+01 
4.828358e+01 
4.828358e+01 
4.828358e+01 
4.828358e+01 
4.828358e+01 
4.828358e+01 
4.828358e+01 
4.828358e+01 
4.828358e+01 
4.828358e+01 
4.828358e+01 
4.828358e+01 
4.828358e+01 
4.828358e+01 
4.828358e+01 
4.828358e+01 
4.828358e+01 
4.828358e+01 
4.821576e+01 
4.821576e+01 
4.820706e+01 
4.817603e+01 
4.817603e+01 
4.817603e+01 
4.817603e+01 
4.817603e+01 
4.817603e+01 
4.817603e+01 
4.817603e+01 
4.817603e+01 
4.817603e+01 
4.817603e+01 
4.817603e+01 
4.817603e+01 
4.817603e+01 
4.817603e+01 
4.817278e+01 
4.817278e+01 
4.817278e+01 
4.817278e+01 
4.817278e+01 
4.817278e+01 
4.817278e+01 
4.817278e+01 
4.817136e+01 
4.817136e+01 
4.816915e+01 
4.816915e+01 
4.816915e+01 
4.816884e+01 
4.816884e+01 
4.816844e+01 
4.816844e+01 
4.816819e+01 
4.816809e+01 
4.816809e+01 
4.816802e+01 
4.816802e+01 
4.816802e+01 
4.816802e+01 
4.816802e+01 
4.816802e+01 
4.816802e+01 
4.816802e+01 
4.816802e+01 
4.816802e+01 
4.816802e+01 
4.816802e+01 
4.816802e+01 
4.816802e+01 
4.816802e+01 
4.816802e+01 
4.816802e+01 
4.816802e+01 
4.816802e+01 
4.816802e+01 
4.816802e+01 
4.816802e+01 
4.816802e+01 
4.816802e+01 
4.816802e+01 
4.816802e+01 
4.816802e+01 
4.816802e+01 
4.815418e+01 
4.812240e+01 
4.812240e+01 
4.812240e+01 
4.811639e+01 
4.811639e+01 
4.809028e+01 
4.809028e+01 
4.809028e+01 
4.806653e+01 
4.805656e+01 
4.805656e+01 
4.805656e+01 
4.805656e+01 
4.805656e+01 
4.805656e+01 
4.805656e+01 
4.805656e+01 
4.805656e+01 
4.805656e+01 
4.805656e+01 
4.805656e+01 
4.805656e+01 
4.805656e+01 
4.805656e+01 
4.805656e+01 
4.805656e+01 
4.805577e+01 
4.805549e+01 
4.805549e+01 
4.805548e+01 
4.805548e+01 
4.805548e+01 
4.805548e+01 
4.805547e+01 
4.805547e+01 
4.805547e+01 
4.805544e+01 
4.805541e+01 
4.805535e+01 
4.805531e+01 
4.805531e+01 
4.805531e+01 
4.805531e+01 
4.805531e+01 
4.805531e+01 
4.805531e+01 
4.805531e+01 
4.805531e+01 
4.805531e+01 
4.805518e+01 
4.805518e+01 
4.805518e+01 
4.805518e+01 
4.805518e+01 
4.805518e+01 
4.805518e+01 
4.805518e+01 
4.805517e+01 
4.805517e+01 
4.805517e+01 
4.805514e+01 
4.805514e+01 
4.805511e+01 
4.805509e+01 
4.805509e+01 
4.805509e+01 
4.805509e+01 
4.805509e+01 
4.805509e+01 
4.805509e+01 
4.805509e+01 
4.805509e+01 
4.805509e+01 
4.805509e+01 
4.805509e+01 
4.805509e+01 
4.805509e+01 
4.805509e+01 
4.805509e+01 
4.805509e+01 
4.805507e+01 
4.805507e+01 
4.805506e+01 
4.805506e+01 
4.805506e+01 
4.805503e+01 
4.805503e+01 
4.805503e+01 
4.805503e+01 
4.805503e+01 
4.805503e+01 
4.805503e+01 
4.805503e+01 
4.805503e+01 
4.805503e+01 
4.805503e+01 
4.805502e+01 
4.805502e+01 
4.805502e+01 
4.805502e+01 
4.805502e+01 
4.805502e+01 
4.805502e+01 
4.805502e+01 
4.805502e+01 
4.805502e+01 
4.805502e+01 
4.805502e+01 
4.805502e+01 
4.805502e+01 
4.805502e+01 
4.805502e+01 
4.805502e+01 
4.805502e+01 
4.805502e+01 
4.805502e+01 
4.805502e+01 
4.805502e+01 
4.805502e+01 
4.805502e+01 
4.805502e+01 
4.805502e+01 
4.805502e+01 
4.805502e+01 
4.805502e+01 
4.805501e+01 
4.805501e+01 
4.805501e+01 
4.805501e+01 
4.805501e+01 
4.805501e+01 
4.805501e+01 
4.805501e+01 
4.805501e+01 
4.805501e+01 
4.805501e+01 
4.805501e+01 
4.805501e+01 
4.805501e+01 
4.805501e+01 
4.805501e+01 
4.805501e+01 
4.805500e+01 
4.805500e+01 
4.805500e+01 
4.805500e+01 
4.805500e+01 
4.805500e+01 
4.805500e+01 
4.805500e+01 
4.805500e+01 
4.805500e+01 
4.805500e+01 
4.805500e+01 
4.805500e+01 
4.805500e+01 
4.805500e+01 
4.805500e+01 
4.805500e+01 
4.805500e+01 
4.805500e+01 
4.805500e+01 
4.805500e+01 
4.805500e+01 
4.805500e+01 
4.805500e+01 
4.805500e+01 
4.805500e+01 
4.805500e+01 
4.805435e+01 
4.805435e+01 
4.805435e+01 
4.805435e+01 
4.805435e+01 
4.805435e+01 
4.805435e+01 
4.805435e+01 
4.805435e+01 
4.805435e+01 
4.805388e+01 
4.805388e+01 
4.805388e+01 
4.805388e+01 
4.805388e+01 
4.805388e+01 
4.805388e+01 
4.805388e+01 
4.805388e+01 
4.805388e+01 
4.805388e+01 
4.805388e+01 
4.805388e+01 
4.805388e+01 
4.805388e+01 
4.805388e+01 
4.805388e+01 
4.805388e+01 
4.805351e+01 
4.805351e+01 
4.805351e+01 
4.805351e+01 
4.805351e+01 
4.805351e+01 
4.805332e+01 
4.805160e+01 
4.805160e+01 
4.805147e+01 
4.805147e+01 
4.805136e+01 
4.805136e+01 
4.805136e+01 
4.805131e+01 
4.805131e+01 
4.805131e+01 
4.805118e+01 
4.805114e+01 
4.805114e+01 
4.805114e+01 
4.805110e+01 
4.805107e+01 
4.805107e+01 
4.805104e+01 
4.805104e+01 
4.805098e+01 
4.805093e+01 
4.805093e+01 
4.805090e+01 
4.805090e+01 
4.805087e+01 
4.805078e+01 
4.805074e+01 
4.805073e+01 
4.805072e+01 
4.805072e+01 
4.805072e+01 
4.805070e+01 
4.805070e+01 
4.805070e+01 
4.805070e+01 
4.805070e+01 
4.805070e+01 
4.805069e+01 
4.805069e+01 
4.805069e+01 
4.805069e+01 
4.805069e+01 
4.805069e+01 
4.805069e+01 
4.805069e+01 
4.805069e+01 
4.805069e+01 
4.805069e+01 
4.805069e+01 
4.805069e+01 
4.805069e+01 
4.805069e+01 
4.805069e+01 
4.805069e+01 
4.805068e+01 
4.805068e+01 
4.805068e+01 
4.805068e+01 
4.805068e+01 
4.805068e+01 
4.805068e+01 
4.805068e+01 
4.805068e+01 
4.805068e+01 
4.805068e+01 
4.805067e+01 
4.805066e+01 
4.805066e+01 
4.805065e+01 
4.805064e+01 
4.805064e+01 
4.805064e+01 
4.805064e+01 
4.805064e+01 
4.805064e+01 
4.805064e+01 
4.805064e+01 
4.805064e+01 
4.805063e+01 
4.805063e+01 
4.805063e+01 
4.805063e+01 
4.805063e+01 
4.805063e+01 
4.805063e+01 
4.805063e+01 
4.805063e+01 
4.805063e+01 
4.805063e+01 
4.805063e+01 
4.805063e+01 
4.805063e+01 
4.805063e+01 
4.805063e+01 
4.805063e+01 
4.805063e+01 
4.805063e+01 
4.805063e+01 
4.805063e+01 
4.805063e+01 
4.805063e+01 
4.805063e+01 
4.805063e+01 
4.805063e+01 
4.805063e+01 
4.805063e+01 
4.805063e+01 
4.805063e+01 
4.805063e+01 
4.805063e+01 
4.805063e+01 
4.805063e+01 
4.805063e+01 
4.805063e+01 
4.805063e+01 
4.805063e+01 
4.805063e+01 
4.805063e+01 
4.805063e+01 
4.805063e+01 
4.805063e+01 
4.805063e+01 
4.805063e+01 
4.805063e+01 
4.805063e+01 
4.805063e+01 
4.805063e+01 
4.805063e+01 
4.805063e+01 
4.805063e+01 
4.805063e+01 
4.805063e+01 
4.805063e+01 
4.805063e+01 
4.805063e+01 
4.805063e+01 
4.805063e+01 
4.805063e+01 
4.805063e+01 
4.805063e+01 
4.805063e+01 
4.805063e+01 
4.805063e+01 
4.805063e+01 
4.805063e+01 
4.805063e+01 
4.805063e+01 
4.805063e+01 
4.805063e+01 
4.805063e+01 
4.805063e+01 
4.805063e+01 
4.805063e+01 
4.805063e+01 
4.805063e+01 
4.805063e+01 
4.805063e+01 
4.805063e+01 
4.805063e+01 
4.805063e+01 
4.805063e+01 
4.805063e+01 
4.805063e+01 
4.805063e+01 
4.805063e+01 
4.805063e+01 
4.805063e+01 
4.805063e+01 
4.805063e+01 
4.805063e+01 
4.805063e+01 
4.805063e+01 
4.805063e+01 
4.805063e+01 
4.805063e+01 
4.805063e+01 
4.805063e+01 
4.805063e+01 
4.805063e+01 
4.805063e+01 
4.805063e+01 
4.805063e+01 
4.805063e+01 
4.805063e+01 
4.805063e+01 
4.805063e+01 
4.805063e+01 
4.805063e+01 
4.805063e+01 
4.805063e+01 
4.805063e+01 
4.805063e+01 
4.805063e+01 
4.805063e+01 
4.805063e+01 
4.805063e+01 
4.805063e+01 
4.805063e+01 
4.805063e+01 
4.805063e+01 
4.805063e+01 
4.805063e+01 
4.805063e+01 
4.805063e+01 
4.805063e+01 
4.805063e+01 
4.805063e+01 
4.805063e+01 
4.805063e+01 
4.805063e+01 
4.805063e+01 
4.805063e+01 
4.805063e+01 
4.805063e+01 
4.805063e+01 
4.805063e+01 
4.805063e+01 
4.805063e+01 
4.805063e+01 
4.805063e+01 
4.805063e+01 
4.805063e+01 
4.805063e+01 
4.805063e+01 
4.805063e+01 
4.805063e+01 
4.805063e+01 
4.805063e+01 
4.805063e+01 
4.805063e+01 
4.805063e+01 
4.805063e+01 
4.805063e+01 
4.805063e+01 
4.805063e+01 
4.805063e+01 
4.805063e+01 
4.805063e+01 
4.805063e+01 
4.805063e+01 
4.805063e+01 
4.805063e+01 
4.805063e+01 
4.805063e+01 
4.805063e+01 
4.805063e+01 
4.805063e+01 
4.805063e+01 
4.805063e+01 
4.805063e+01 
4.805063e+01 
4.805063e+01 
4.805063e+01 
4.805063e+01 
4.805063e+01 
4.805063e+01 
4.805063e+01 
4.805063e+01 
4.805063e+01 
4.805063e+01 
4.805063e+01 
4.805063e+01 
4.805063e+01 
4.805063e+01 
4.805063e+01 
4.805063e+01 
4.805063e+01 
4.805063e+01 
4.805063e+01 
4.805063e+01 
4.805063e+01 
4.805063e+01 
4.805063e+01 
4.805063e+01 
4.805063e+01 
4.805063e+01 
4.805063e+01 
4.805063e+01 
4.805063e+01 
4.805063e+01 
4.805063e+01 
4.805063e+01 
4.805063e+01 
4.805063e+01 
4.805063e+01 
4.805063e+01 
4.805063e+01 
4.805063e+01 
4.805063e+01 
4.805063e+01 
4.805063e+01 
4.805063e+01 
4.805063e+01 
4.805063e+01 
4.805063e+01 
4.805063e+01 
4.805063e+01 
4.805063e+01 
4.805063e+01 
4.805063e+01 
4.805063e+01 
4.805063e+01 
4.805063e+01 
4.805063e+01 
4.805063e+01 
4.805063e+01 
4.805063e+01 
4.805063e+01 
4.805063e+01 
4.805063e+01 
4.805063e+01 
4.805063e+01 
4.805063e+01 
4.805063e+01 
4.805063e+01 
4.805063e+01 
4.805063e+01 
4.805063e+01 
4.805063e+01 
4.805063e+01 
4.805063e+01 
4.805063e+01 
4.805063e+01 
4.805063e+01 
4.805063e+01 
4.805063e+01 
4.805063e+01 
4.805063e+01 
4.805063e+01 
4.805063e+01 
4.805063e+01 
4.805063e+01 
4.805063e+01 
4.805063e+01 
4.805063e+01 
4.805063e+01 
4.805063e+01 
4.805063e+01 
4.805063e+01 
4.805063e+01 
4.805063e+01 
4.805063e+01 
4.805063e+01 
4.805063e+01 
4.805063e+01 
4.805063e+01 
4.805063e+01 
4.805063e+01 
4.805063e+01 
4.805063e+01 
4.805063e+01 
4.805063e+01 
4.805063e+01 
4.805063e+01 
4.805063e+01 
4.805063e+01 
4.805063e+01 
4.805063e+01 
4.805063e+01 
4.805063e+01 
4.805063e+01 
4.805063e+01 
4.805063e+01 
4.805063e+01 
4.805063e+01 
4.805063e+01 
4.805063e+01 
4.805063e+01 
4.805063e+01 
4.805063e+01 
4.805063e+01 
4.805063e+01 
4.805063e+01 
4.805063e+01 
4.805063e+01 
4.805063e+01 
4.805063e+01 
4.805063e+01 
4.805063e+01 
4.805063e+01 
4.805063e+01 
4.805063e+01 
4.805063e+01 
4.805063e+01 
4.805063e+01 
4.805063e+01 
4.805063e+01 
4.805063e+01 
4.805063e+01 
4.805063e+01 
4.805063e+01 
4.805063e+01 
4.805063e+01 
4.805063e+01 
4.805063e+01 
4.805063e+01 
4.805063e+01 
4.805063e+01 
4.805063e+01 
4.805063e+01 
4.805063e+01 
4.805063e+01 
4.805063e+01 
4.805063e+01 
4.805063e+01 
4.805063e+01 
4.805063e+01 
4.805063e+01 
4.805063e+01 
4.805063e+01 
4.805063e+01 
4.805063e+01 
4.805063e+01 
4.805063e+01 
4.805063e+01 
4.805063e+01 
4.805063e+01 
4.805063e+01 
4.805063e+01 
4.805063e+01 
4.805063e+01 
4.805063e+01 
4.805063e+01 
4.805063e+01 
4.805063e+01 
4.805063e+01 
4.805063e+01 
4.805063e+01 
4.805063e+01 
4.805063e+01 
4.805063e+01 
4.805063e+01 
4.805063e+01 
4.805063e+01 
4.805063e+01 
4.805063e+01 
4.805063e+01 
4.805063e+01 
4.805063e+01 
4.805063e+01 
4.805063e+01 
4.805063e+01 
4.805063e+01 
4.805063e+01 
4.805063e+01 
4.805063e+01 
4.805063e+01 
4.805063e+01 
4.805063e+01 
4.805063e+01 
4.805063e+01 
4.805063e+01 
4.805063e+01 
4.805063e+01 
4.805063e+01 
4.805063e+01 
4.805063e+01 
4.805063e+01 
4.805063e+01 
4.805063e+01 
4.805063e+01 
4.805063e+01 
4.805063e+01 
4.805063e+01 
4.805063e+01 
4.805063e+01 
4.805063e+01 
4.805063e+01 
4.805063e+01 
4.805063e+01 
4.805063e+01 
4.805063e+01 
4.805063e+01 
4.805063e+01 
4.805063e+01 
4.805063e+01 
4.805063e+01 
4.805063e+01 
4.805063e+01 
4.805063e+01 
4.805063e+01 
4.805063e+01 
4.805063e+01 
4.805063e+01 
4.805063e+01 
4.805063e+01 
4.805063e+01 
4.805063e+01 
4.805063e+01 
4.805063e+01 
4.805063e+01 
4.805063e+01 
4.805063e+01 
4.805063e+01 
4.805063e+01 
4.805063e+01 
4.805063e+01 
4.805063e+01 
4.805063e+01 
4.805063e+01 
4.805063e+01 
4.805063e+01 
4.805063e+01 
4.805063e+01 
4.805063e+01 
4.805063e+01 
4.805063e+01 
4.805063e+01 
4.805063e+01 
4.805063e+01 
4.805063e+01 
4.805063e+01 
4.805063e+01 
4.805063e+01 
4.805063e+01 
4.805063e+01 
4.805063e+01 
4.805063e+01 
4.805063e+01 
4.805063e+01 
4.805063e+01 
4.805063e+01 
4.805063e+01 
4.805063e+01 
4.805063e+01 
4.805063e+01 
4.805063e+01 
4.805063e+01 
4.805063e+01 
4.805063e+01 
4.805063e+01 
4.805063e+01 
4.805063e+01 
4.805063e+01 
4.805063e+01 
4.805063e+01 
4.805063e+01 
4.805063e+01 
4.805063e+01 
4.805063e+01 
4.805063e+01 
4.805063e+01 
4.805063e+01 
4.805063e+01 
4.805063e+01 
4.805063e+01 
4.805063e+01 
4.805063e+01 
4.805063e+01 
4.805063e+01 
4.805063e+01 
4.805063e+01 
4.805063e+01 
4.805063e+01 
4.805063e+01 
4.805063e+01 
4.805063e+01 
4.805063e+01 
4.805063e+01 
4.805063e+01 
4.805063e+01 
4.805063e+01 
4.805063e+01 
4.805063e+01 
4.805063e+01 
4.805063e+01 
4.805063e+01 
4.805063e+01 
4.805063e+01 
4.805063e+01 
4.805063e+01 
4.805063e+01 
4.805063e+01 
4.805063e+01 
4.805063e+01 
4.805063e+01 
4.805063e+01 
4.805063e+01 
4.805063e+01 
4.805063e+01 
4.805063e+01 
4.805063e+01 
4.805063e+01 
4.805063e+01 
4.805063e+01 
4.805063e+01 
4.805063e+01 
4.805063e+01 
4.805063e+01 
4.805063e+01 
4.805063e+01 
4.805063e+01 
4.805063e+01 
4.805063e+01 
4.805063e+01 
4.805063e+01 
4.805063e+01 
4.805063e+01 
4.805063e+01 
4.805063e+01 
4.805063e+01 
4.805063e+01 
4.805063e+01 
4.805063e+01 
4.805063e+01 
4.805063e+01 
4.805063e+01 
4.805063e+01 
4.805063e+01 
4.805063e+01 
4.805063e+01 
4.805063e+01 
4.805063e+01 
4.805063e+01 
4.805063e+01 
4.805063e+01 
4.805063e+01 
4.805063e+01 
4.805063e+01 
4.805063e+01 
4.805063e+01 
4.805063e+01 
4.805063e+01 
4.805063e+01 
4.805063e+01 
4.805063e+01 
4.805063e+01 
4.805063e+01 
4.805063e+01 
4.805063e+01 
4.805063e+01 
4.805063e+01 
4.805063e+01 
4.805063e+01 
4.805063e+01 
4.805063e+01 
4.805063e+01 
4.805063e+01 
4.805063e+01 
4.805063e+01 
4.805063e+01 
4.805063e+01 
4.805063e+01 
4.805063e+01 
4.805063e+01 
4.805063e+01 
4.805063e+01 
4.805063e+01 
4.805063e+01 
4.805063e+01 
4.805063e+01 
4.805063e+01 
4.805063e+01 
4.805063e+01 
4.805063e+01 
4.805063e+01 
4.805063e+01 
4.805063e+01 
4.805063e+01 
4.805063e+01 
4.805063e+01 
4.805063e+01 
4.805063e+01 
4.805063e+01 
4.805063e+01 
4.805063e+01 
4.805063e+01 
4.805063e+01 
4.805063e+01 
4.805063e+01 
4.805063e+01 
4.805063e+01 
4.805063e+01 
4.805063e+01 
4.805063e+01 
4.805063e+01 
4.805063e+01 
4.805063e+01 
4.805063e+01 
4.805063e+01 
4.805063e+01 
4.805063e+01 
4.805063e+01 
4.805063e+01 
4.805063e+01 
4.805063e+01 
4.805063e+01 
4.805063e+01 
4.805063e+01 
4.805063e+01 
4.805063e+01 
4.805063e+01 
4.805063e+01 
4.805063e+01 
4.805063e+01 
4.805063e+01 
4.805063e+01 
4.805063e+01 
4.805063e+01 
4.805063e+01 
4.805063e+01 
4.805063e+01 
4.805063e+01 
4.805063e+01 
4.805063e+01 
4.805063e+01 
4.805063e+01 
4.805063e+01 
4.805063e+01 
4.805063e+01 
4.805063e+01 
4.805063e+01 
4.805063e+01 
4.805063e+01 
4.805063e+01 
4.805063e+01 
4.805063e+01 
4.805063e+01 
4.805063e+01 
4.805063e+01 
4.805063e+01 
4.805063e+01 
4.805063e+01 
4.805063e+01 
4.805063e+01 
4.805063e+01 
4.805063e+01 
4.805063e+01 
4.805063e+01 
4.805063e+01 
4.805063e+01 
4.805063e+01 
4.805063e+01 
4.805063e+01 
4.805063e+01 
4.805063e+01 
4.805063e+01 
4.805063e+01 
4.805063e+01 
4.805063e+01 
4.805063e+01 
4.805063e+01 
4.805063e+01 
4.805063e+01 
4.805063e+01 
4.805063e+01 
4.805063e+01 
4.805063e+01 
4.805063e+01 
4.805063e+01 
4.805063e+01 
4.805063e+01 
4.805063e+01 
4.805063e+01 
4.805063e+01 
4.805063e+01 
4.805063e+01 
4.805063e+01 
4.805063e+01 
4.805063e+01 
4.805063e+01 
4.805063e+01 
4.805063e+01 
4.805063e+01 
4.805063e+01 
4.805063e+01 
4.805063e+01 
4.805063e+01 
4.805063e+01 
4.805063e+01 
4.805063e+01 
4.805063e+01 
4.805063e+01 
4.805063e+01 
4.805063e+01 
4.805063e+01 
4.805063e+01 
4.805063e+01 
4.805063e+01 
4.805063e+01 
4.805063e+01 
4.805063e+01 
4.805063e+01 
4.805063e+01 
4.805063e+01 
4.805063e+01 
4.805063e+01 
4.805063e+01 
4.805063e+01 
4.805063e+01 
4.805063e+01 
4.805063e+01 
4.805063e+01 
4.805063e+01 
4.805063e+01 
4.805063e+01 
4.805063e+01 
4.805063e+01 
4.805063e+01 
4.805063e+01 
4.805063e+01 
4.805063e+01 
4.805063e+01 
4.805063e+01 
4.805063e+01 
4.805063e+01 
4.805063e+01 
4.805063e+01 
4.805063e+01 
4.805063e+01 
4.805063e+01 
4.805063e+01 
4.805063e+01 
4.805063e+01 
4.805063e+01 
4.805063e+01 
4.805063e+01 
4.805063e+01 
4.805063e+01 
4.805063e+01 
4.805063e+01 
4.805063e+01 
4.805063e+01 
4.805063e+01 
4.805063e+01 
4.805063e+01 
4.805063e+01 
4.805063e+01 
4.805063e+01 
4.805063e+01 
4.805063e+01 
4.805063e+01 
4.805063e+01 
4.805063e+01 
4.805063e+01 
4.805063e+01 
4.805063e+01 
4.805063e+01 
4.805063e+01 
4.805063e+01 
4.805063e+01 
4.805063e+01 
4.805063e+01 
4.805063e+01 
4.805063e+01 
4.805063e+01 
4.805063e+01 
4.805063e+01 
4.805063e+01 
4.805063e+01 
4.805063e+01 
4.805063e+01 
4.805063e+01 
4.805063e+01 
4.805063e+01 
4.805063e+01 
4.805063e+01 
4.805063e+01 
4.805063e+01 
4.805063e+01 
4.805063e+01 
4.805063e+01 
4.805063e+01 
4.805063e+01 
4.805063e+01 
4.805063e+01 
4.805063e+01 
4.805063e+01 
4.805063e+01 
4.805063e+01 
4.805063e+01 
4.805063e+01 
4.805063e+01 
4.805063e+01 
4.805063e+01 
4.805063e+01 
4.805063e+01 
4.805063e+01 
4.805063e+01 
4.805063e+01 
4.805063e+01 
4.805063e+01 
4.805063e+01 
4.805063e+01 
4.805063e+01 
4.805063e+01 
4.805063e+01 
4.805063e+01 
4.805063e+01 
4.805063e+01 
4.805063e+01 
4.805063e+01 
4.805063e+01 
4.805063e+01 
4.805063e+01 
4.805063e+01 
4.805063e+01 
4.805063e+01 
4.805063e+01 
4.805063e+01 
4.805063e+01 
4.805063e+01 
4.805063e+01 
4.805063e+01 
4.805063e+01 
4.805063e+01 
4.805063e+01 
4.805063e+01 
4.805063e+01 
4.805063e+01 
4.805063e+01 
4.805063e+01 
4.805063e+01 
4.805063e+01 
4.805063e+01 
4.805063e+01 
4.805063e+01 
4.805063e+01 
4.805063e+01 
4.805063e+01 
4.805063e+01 
4.805063e+01 
4.805063e+01 
4.805063e+01 
4.805063e+01 
4.805063e+01 
4.805063e+01 
4.805063e+01 
4.805063e+01 
4.805063e+01 
4.805063e+01 
4.805063e+01 
4.805063e+01 
4.805063e+01 
4.805063e+01 
4.805063e+01 
4.805063e+01 
4.805063e+01 
4.805063e+01 
4.805063e+01 
4.805063e+01 
4.805063e+01 
4.805063e+01 
4.805063e+01 
4.805063e+01 
4.805063e+01 
4.805063e+01 
4.805063e+01 
4.805063e+01 
4.805063e+01 
4.805063e+01 
4.805063e+01 
4.805063e+01 
4.805063e+01 
4.805063e+01 
4.805063e+01 
4.805063e+01 
4.805063e+01 
4.805063e+01 
4.805063e+01 
4.805063e+01 
4.805063e+01 
4.805063e+01 
4.805063e+01 
4.805063e+01 
4.805063e+01 
4.805063e+01 
4.805063e+01 
4.805063e+01 
4.805063e+01 
4.805063e+01 
4.805063e+01 
4.805063e+01 
4.805063e+01 
4.805063e+01 
4.805063e+01 
4.805063e+01 
4.805063e+01 
4.805063e+01 
4.805063e+01 
4.805063e+01 
4.805063e+01 
4.805063e+01 
4.805063e+01 
4.805063e+01 
4.805063e+01 
4.805063e+01 
4.805063e+01 
4.805063e+01 
4.805063e+01 
4.805063e+01 
4.805063e+01 
4.805063e+01 
4.805063e+01 
4.805063e+01 
4.805063e+01 
4.805063e+01 
4.805063e+01 
4.805063e+01 
4.805063e+01 
4.805063e+01 
4.805063e+01 
4.805063e+01 
4.805063e+01 
4.805063e+01 
4.805063e+01 
4.805063e+01 
4.805063e+01 
4.805063e+01 
4.805063e+01 
4.805063e+01 
4.805063e+01 
4.805063e+01 
4.805063e+01 
4.805063e+01 
4.805063e+01 
4.805063e+01 
4.805063e+01 
4.805063e+01 
4.805063e+01 
4.805063e+01 
4.805063e+01 
4.805063e+01 
4.805063e+01 
4.805063e+01 
4.805063e+01 
4.805063e+01 
4.805063e+01 
4.805063e+01 
4.805063e+01 
4.805063e+01 
4.805063e+01 
4.805063e+01 
4.805063e+01 
4.805063e+01 
4.805063e+01 
4.805063e+01 
4.805063e+01 
4.805063e+01 
4.805063e+01 
4.805063e+01 
4.805063e+01 
4.805063e+01 
4.805063e+01 
4.805063e+01 
4.805063e+01 
4.805063e+01 
4.805063e+01 
4.805063e+01 
4.805063e+01 
4.805063e+01 
4.805063e+01 
4.805063e+01 
4.805063e+01 
4.805063e+01 
4.805063e+01 
4.805063e+01 
4.805063e+01 
4.805063e+01 
4.805063e+01 
4.805063e+01 
4.805063e+01 
4.805063e+01 
4.805063e+01 
4.805063e+01 
4.805063e+01 
4.805063e+01 
4.805063e+01 
4.805063e+01 
4.805063e+01 
4.805063e+01 
4.805063e+01 
4.805063e+01 
4.805063e+01 
4.805063e+01 
4.805063e+01 
4.805063e+01 
4.805063e+01 
4.805063e+01 
4.805063e+01 
4.805063e+01 
4.805063e+01 
4.805063e+01 
4.805063e+01 
4.805063e+01 
4.805063e+01 
4.805063e+01 
4.805063e+01 
4.805063e+01 
4.805063e+01 
4.805063e+01 
4.805063e+01 
4.805063e+01 
4.805063e+01 
4.805063e+01 
4.805063e+01 
4.805063e+01 
4.805063e+01 
4.805063e+01 
4.805063e+01 
4.805063e+01 
4.805063e+01 
4.805063e+01 
4.805063e+01 
4.805063e+01 
4.805063e+01 
4.805063e+01 
4.805063e+01 
4.805063e+01 
4.805063e+01 
4.805063e+01 
4.805063e+01 
4.805063e+01 
4.805063e+01 
4.805063e+01 
4.805063e+01 
4.805063e+01 
4.805063e+01 
4.805063e+01 
4.805063e+01 
4.805063e+01 
4.805063e+01 
4.805063e+01 
4.805063e+01 
4.805063e+01 
4.805063e+01 
4.805063e+01 
4.805063e+01 
4.805063e+01 
4.805063e+01 
4.805063e+01 
4.805063e+01 
4.805063e+01 
4.805063e+01 
4.805063e+01 
4.805063e+01 
4.805063e+01 
4.805063e+01 
4.805063e+01 
4.805063e+01 
4.805063e+01 
4.805063e+01 
4.805063e+01 
4.805063e+01 
4.805063e+01 
4.805063e+01 
4.805063e+01 
4.805063e+01 
4.805063e+01 
4.805063e+01 
4.805063e+01 
4.805063e+01 
4.805063e+01 
4.805063e+01 
4.805063e+01 
4.805063e+01 
4.805063e+01 
4.805063e+01 
4.805063e+01 
4.805063e+01 
4.805063e+01 
4.805063e+01 
4.805063e+01 
4.805063e+01 
4.805063e+01 
4.805063e+01 
4.805063e+01 
4.805063e+01 
4.805063e+01 
4.805063e+01 
4.805063e+01 
4.805063e+01 
4.805063e+01 
4.805063e+01 
4.805063e+01 
4.805063e+01 
4.805063e+01 
4.805063e+01 
4.805063e+01 
4.805063e+01 
4.805063e+01 
4.805063e+01 
4.805063e+01 
4.805063e+01 
4.805063e+01 
4.805063e+01 
4.805063e+01 
4.805063e+01 
4.805063e+01 
4.805063e+01 
4.805063e+01 
4.805063e+01 
4.805063e+01 
4.805063e+01 
4.805063e+01 
4.805063e+01 
4.805063e+01 
4.805063e+01 
4.805063e+01 
4.805063e+01 
4.805063e+01 
4.805063e+01 
4.805063e+01 
4.805063e+01 
4.805063e+01 
4.805063e+01 
4.805063e+01 
4.805063e+01 
4.805063e+01 
4.805063e+01 
4.805063e+01 
4.805063e+01 
4.805063e+01 
4.805063e+01 
4.805063e+01 
4.805063e+01 
4.805063e+01 
4.805063e+01 
4.805063e+01 
4.805063e+01 
4.805063e+01 
4.805063e+01 
4.805063e+01 
4.805063e+01 
4.805063e+01 
4.805063e+01 
4.805063e+01 
4.805063e+01 
4.805063e+01 
4.805063e+01 
4.805063e+01 
4.805063e+01 
4.805063e+01 
4.805063e+01 
4.805063e+01 
4.805063e+01 
4.805063e+01 
4.805063e+01 
4.805063e+01 
4.805063e+01 
4.805063e+01 
4.805063e+01 
4.805063e+01 
4.805063e+01 
4.805063e+01 
4.805063e+01 
4.805063e+01 
4.805063e+01 
4.805063e+01 
4.805063e+01 
4.805063e+01 
4.805063e+01 
4.805063e+01 
4.805063e+01 
4.805063e+01 
4.805063e+01 
4.805063e+01 
4.805063e+01 
4.805063e+01 
4.805063e+01 
4.805063e+01 
4.805063e+01 
4.805063e+01 
4.805063e+01 
4.805063e+01 
4.805063e+01 
4.805063e+01 
4.805063e+01 
4.805063e+01 
4.805063e+01 
4.805063e+01 
4.805063e+01 
4.805063e+01 
4.805063e+01 
4.805063e+01 
4.805063e+01 
4.805063e+01 
4.805063e+01 
4.805063e+01 
4.805063e+01 
4.805063e+01 
4.805063e+01 
4.805063e+01 
4.805063e+01 
4.805063e+01 
4.805063e+01 
4.805063e+01 
4.805063e+01 
4.805063e+01 
4.805063e+01 
4.805063e+01 
4.805063e+01 
4.805063e+01 
4.805063e+01 
4.805063e+01 
4.805063e+01 
4.805063e+01 
4.805063e+01 
4.805063e+01 
4.805063e+01 
4.805063e+01 
4.805063e+01 
4.805063e+01 
4.805063e+01 
4.805063e+01 
4.805063e+01 
4.805063e+01 
4.805063e+01 
4.805063e+01 
4.805063e+01 
4.805063e+01 
4.805063e+01 
4.805063e+01 
4.805063e+01 
4.805063e+01 
4.805063e+01 
4.805063e+01 
4.805063e+01 
4.805063e+01 
4.805063e+01 
4.805063e+01 
4.805063e+01 
4.805063e+01 
4.805063e+01 
4.805063e+01 
4.805063e+01 
4.805063e+01 
4.805063e+01 
4.805063e+01 
4.805063e+01 
4.805063e+01 
4.805063e+01 
4.805063e+01 
4.805063e+01 
4.805063e+01 
4.805063e+01 
4.805063e+01 
4.805063e+01 
4.805063e+01 
4.805063e+01 
4.805063e+01 
4.805063e+01 
4.805063e+01 
4.805063e+01 
4.805063e+01 
4.805063e+01 
4.805063e+01 
4.805063e+01 
4.805063e+01 
4.805063e+01 
4.805063e+01 
4.805063e+01 
4.805063e+01 
4.805063e+01 
4.805063e+01 
4.805063e+01 
4.805063e+01 
4.805063e+01 
4.805063e+01 
4.805063e+01 
4.805063e+01 
4.805063e+01 
4.805063e+01 
4.805063e+01 
4.805063e+01 
4.805063e+01 
4.805063e+01 
4.805063e+01 
4.805063e+01 
4.805063e+01 
4.805063e+01 
4.805063e+01 
4.805063e+01 
4.805063e+01 
4.805063e+01 
4.805063e+01 
4.805063e+01 
4.805063e+01 
4.805063e+01 
4.805063e+01 
4.805063e+01 
4.805063e+01 
4.805063e+01 
4.805063e+01 
4.805063e+01 
4.805063e+01 
4.805063e+01 
4.805063e+01 
4.805063e+01 
4.805063e+01 
4.805063e+01 
4.805063e+01 
4.805063e+01 
4.805063e+01 
4.805063e+01 
4.805063e+01 
4.805063e+01 
4.805063e+01 
4.805063e+01 
4.805063e+01 
4.805063e+01 
4.805063e+01 
4.805063e+01 
4.805063e+01 
4.805063e+01 
4.805063e+01 
4.805063e+01 
4.805063e+01 
4.805063e+01 
4.805063e+01 
4.805063e+01 
4.805063e+01 
4.805063e+01 
4.805063e+01 
4.805063e+01 
4.805063e+01 
4.805063e+01 
4.805063e+01 
4.805063e+01 
4.805063e+01 
4.805063e+01 
4.805063e+01 
4.805063e+01 
4.805063e+01 
4.805063e+01 
4.805063e+01 
4.805063e+01 
4.805063e+01 
4.805063e+01 
4.805063e+01 
4.805063e+01 
4.805063e+01 
4.805063e+01 
4.805063e+01 
4.805063e+01 
4.805063e+01 
4.805063e+01 
4.805063e+01 
4.805063e+01 
4.805063e+01 
4.805063e+01 
4.805063e+01 
4.805063e+01 
4.805063e+01 
4.805063e+01 
4.805063e+01 
4.805063e+01 
4.805063e+01 
4.805063e+01 
4.805063e+01 
4.805063e+01 
4.805063e+01 
4.805063e+01 
4.805063e+01 
4.805063e+01 
4.805063e+01 
4.805063e+01 
4.805063e+01 
4.805063e+01 
4.805063e+01 
4.805063e+01 
4.805063e+01 
4.805063e+01 
4.805063e+01 
4.805063e+01 
4.805063e+01 
4.805063e+01 
4.805063e+01 
4.805063e+01 
4.805063e+01 
4.805063e+01 
4.805063e+01 
4.805063e+01 
4.805063e+01 
4.805063e+01 
4.805063e+01 
4.805063e+01 
4.805063e+01 
4.805063e+01 
4.805063e+01 
4.805063e+01 
4.805063e+01 
4.805063e+01 
4.805063e+01 
4.805063e+01 
4.805063e+01 
4.805063e+01 
4.805063e+01 
4.805063e+01 
4.805063e+01 
4.805063e+01 
4.805063e+01 
4.805063e+01 
4.805063e+01 
4.805063e+01 
4.805063e+01 
4.805063e+01 
4.805063e+01 
4.805063e+01 
4.805063e+01 
4.805063e+01 
4.805063e+01 
4.805063e+01 
4.805063e+01 
4.805063e+01 
4.805063e+01 
4.805063e+01 
4.805063e+01 
4.805063e+01 
4.805063e+01 
4.805063e+01 
4.805063e+01 
4.805063e+01 
4.805063e+01 
4.805063e+01 
4.805063e+01 
4.805063e+01 
4.805063e+01 
4.805063e+01 
4.805063e+01 
4.805063e+01 
4.805063e+01 
4.805063e+01 
4.805063e+01 
4.805063e+01 
4.805063e+01 
4.805063e+01 
4.805063e+01 
4.805063e+01 
4.805063e+01 
4.805063e+01 
4.805063e+01 
4.805063e+01 
4.805063e+01 
4.805063e+01 
4.805063e+01 
4.805063e+01 
4.805063e+01 
4.805063e+01 
4.805063e+01 
4.805063e+01 
4.805063e+01 
4.805063e+01 
4.805063e+01 
4.805063e+01 
4.805063e+01 
4.805063e+01 
4.805063e+01 
4.805063e+01 
4.805063e+01 
4.805063e+01 
4.805063e+01 
4.805063e+01 
4.805063e+01 
4.805063e+01 
4.805063e+01 
4.805063e+01 
4.805063e+01 
4.805063e+01 
4.805063e+01 
4.805063e+01 
4.805063e+01 
4.805063e+01 
4.805063e+01 
4.805063e+01 
4.805063e+01 
4.805063e+01 
4.805063e+01 
4.805063e+01 
4.805063e+01 
4.805063e+01 
4.805063e+01 
4.805063e+01 
4.805063e+01 
4.805063e+01 
4.805063e+01 
4.805063e+01 
4.805063e+01 
4.805063e+01 
4.805063e+01 
4.805063e+01 
4.805063e+01 
4.805063e+01 
4.805063e+01 
4.805063e+01 
4.805063e+01 
4.805063e+01 
4.805063e+01 
4.805063e+01 
4.805063e+01 
4.805063e+01 
4.805063e+01 
4.805063e+01 
4.805063e+01 
4.805063e+01 
4.805063e+01 
4.805063e+01 
4.805063e+01 
4.805063e+01 
4.805063e+01 
4.805063e+01 
4.805063e+01 
4.805063e+01 
4.805063e+01 
4.805063e+01 
4.805063e+01 
4.805063e+01 
4.805063e+01 
4.805063e+01 
4.805063e+01 
4.805063e+01 
4.805063e+01 
4.805063e+01 
4.805063e+01 
4.805063e+01 
4.805063e+01 
4.805063e+01 
4.805063e+01 
4.805063e+01 
4.805063e+01 
4.805063e+01 
4.805063e+01 
4.805063e+01 
4.805063e+01 
4.805063e+01 
4.805063e+01 
4.805063e+01 
4.805063e+01 
4.805063e+01 
4.805063e+01 
4.805063e+01 
4.805063e+01 
4.805063e+01 
4.805063e+01 
4.805063e+01 
4.805063e+01 
4.805063e+01 
4.805063e+01 
4.805063e+01 
4.805063e+01 
4.805063e+01 
4.805063e+01 
4.805063e+01 
4.805063e+01 
4.805063e+01 
4.805063e+01 
4.805063e+01 
4.805063e+01 
4.805063e+01 
4.805063e+01 
4.805063e+01 
4.805063e+01 
4.805063e+01 
4.805063e+01 
4.805063e+01 
4.805063e+01 
4.805063e+01 
4.805063e+01 
4.805063e+01 
4.805063e+01 
4.805063e+01 
4.805063e+01 
4.805063e+01 
4.805063e+01 
4.805063e+01 
4.805063e+01 
4.805063e+01 
4.805063e+01 
4.805063e+01 
4.805063e+01 
4.805063e+01 
4.805063e+01 
4.805063e+01 
4.805063e+01 
4.805063e+01 
4.805063e+01 
4.805063e+01 
4.805063e+01 
4.805063e+01 
4.805063e+01 
4.805063e+01 
4.805063e+01 
4.805063e+01 
4.805063e+01 
4.805063e+01 
4.805063e+01 
4.805063e+01 
4.805063e+01 
4.805063e+01 
4.805063e+01 
4.805063e+01 
4.805063e+01 
4.805063e+01 
4.805063e+01 
4.805063e+01 
4.805063e+01 
4.805063e+01 
4.805063e+01 
4.805063e+01 
4.805063e+01 
4.805063e+01 
4.805063e+01 
4.805063e+01 
4.805063e+01 
4.805063e+01 
4.805063e+01 
4.805063e+01 
4.805063e+01 
4.805063e+01 
4.805063e+01 
4.805063e+01 
4.805063e+01 
4.805063e+01 
4.805063e+01 
4.805063e+01 
4.805063e+01 
4.805063e+01 
4.805063e+01 
4.805063e+01 
4.805063e+01 
4.805063e+01 
4.805063e+01 
4.805063e+01 
4.805063e+01 
4.805063e+01 
4.805063e+01 
4.805063e+01 
4.805063e+01 
4.805063e+01 
4.805063e+01 
4.805063e+01 
4.805063e+01 
4.805063e+01 
4.805063e+01 
4.805063e+01 
4.805063e+01 
4.805063e+01 
4.805063e+01 
4.805063e+01 
4.805063e+01 
4.805063e+01 
4.805063e+01 
4.805063e+01 
4.805063e+01 
4.805063e+01 
4.805063e+01 
4.805063e+01 
4.805063e+01 
4.805063e+01 
4.805063e+01 
4.805063e+01 
4.805063e+01 
4.805063e+01 
4.805063e+01 
4.805063e+01 
4.805063e+01 
4.805063e+01 
4.805063e+01 
4.805063e+01 
4.805063e+01 
4.805063e+01 
4.805063e+01 
4.805063e+01 
4.805063e+01 
4.805063e+01 
4.805063e+01 
4.805063e+01 
4.805063e+01 
4.805052e+01 
4.805052e+01 
4.803169e+01 
4.803169e+01 
4.802261e+01 
4.802261e+01 
4.802261e+01 
4.802261e+01 
4.802261e+01 
4.802261e+01 
4.802261e+01 
4.802261e+01 
4.802261e+01 
4.802261e+01 
4.802261e+01 
4.802261e+01 
4.802261e+01 
4.802261e+01 
4.802261e+01 
4.802261e+01 
4.802261e+01 
4.802261e+01 
4.802261e+01 
4.802261e+01 
4.802261e+01 
4.802261e+01 
4.802261e+01 
4.802206e+01 
4.802206e+01 
4.802206e+01 
4.802206e+01 
4.802206e+01 
4.802206e+01 
4.802206e+01 
4.802203e+01 
4.802203e+01 
4.802203e+01 
4.802201e+01 
4.802201e+01 
4.802199e+01 
4.802198e+01 
4.802198e+01 
4.802198e+01 
4.802198e+01 
4.802195e+01 
4.802195e+01 
4.802193e+01 
4.802187e+01 
4.802183e+01 
4.802183e+01 
4.802183e+01 
4.802183e+01 
4.802182e+01 
4.802181e+01 
4.802179e+01 
4.802179e+01 
4.802179e+01 
4.802177e+01 
4.802175e+01 
4.802175e+01 
4.802175e+01 
4.802174e+01 
4.802174e+01 
4.802174e+01 
4.802174e+01 
4.802174e+01 
4.802174e+01 
4.802174e+01 
4.802174e+01 
4.802174e+01 
4.802174e+01 
4.802174e+01 
4.802174e+01 
4.802174e+01 
4.802174e+01 
4.802174e+01 
4.802174e+01 
4.802174e+01 
4.802174e+01 
4.802174e+01 
4.802174e+01 
4.802174e+01 
4.802174e+01 
4.802174e+01 
4.802174e+01 
4.802174e+01 
4.802174e+01 
4.802174e+01 
4.802174e+01 
4.802174e+01 
4.802174e+01 
4.802174e+01 
4.802174e+01 
4.802174e+01 
4.802174e+01 
4.802174e+01 
4.802174e+01 
4.802173e+01 
4.802173e+01 
4.802173e+01 
4.802173e+01 
4.802173e+01 
4.802173e+01 
4.802173e+01 
4.802173e+01 
4.802173e+01 
4.802173e+01 
4.802173e+01 
4.802173e+01 
4.802173e+01 
4.802173e+01 
4.802173e+01 
4.802173e+01 
4.802173e+01 
4.802173e+01 
4.802173e+01 
4.802173e+01 
4.802173e+01 
4.802173e+01 
4.802173e+01 
4.802173e+01 
4.802173e+01 
4.802173e+01 
4.802173e+01 
4.802173e+01 
4.802173e+01 
4.802173e+01 
4.802173e+01 
4.802173e+01 
4.802173e+01 
4.802173e+01 
4.802173e+01 
4.802173e+01 
4.802173e+01 
4.802173e+01 
4.802173e+01 
4.802173e+01 
4.802173e+01 
4.802173e+01 
4.802173e+01 
4.802173e+01 
4.802173e+01 
4.802173e+01 
4.802173e+01 
4.802173e+01 
4.802173e+01 
4.802173e+01 
4.802173e+01 
4.802173e+01 
4.802173e+01 
4.802173e+01 
4.802173e+01 
4.802173e+01 
4.802173e+01 
4.802173e+01 
4.802173e+01 
4.802173e+01 
4.802173e+01 
4.802173e+01 
4.802173e+01 
4.802173e+01 
4.802173e+01 
4.802173e+01 
4.802173e+01 
4.802173e+01 
4.802173e+01 
4.802173e+01 
4.802173e+01 
4.802173e+01 
4.802173e+01 
4.802173e+01 
4.802173e+01 
4.802173e+01 
4.802173e+01 
4.802173e+01 
4.802173e+01 
4.802173e+01 
4.802173e+01 
4.802173e+01 
4.802173e+01 
4.802173e+01 
4.802173e+01 
4.802173e+01 
4.802173e+01 
4.802173e+01 
4.802173e+01 
4.802173e+01 
4.802173e+01 
4.802173e+01 
4.802173e+01 
4.802173e+01 
4.802173e+01 
4.802173e+01 
4.802173e+01 
4.802173e+01 
4.802173e+01 
4.802173e+01 
4.802173e+01 
4.802173e+01 
4.802173e+01 
4.802173e+01 
4.802173e+01 
4.802173e+01 
4.802173e+01 
4.802173e+01 
4.802173e+01 
4.802173e+01 
4.802173e+01 
4.802173e+01 
4.802173e+01 
4.802173e+01 
4.802173e+01 
4.802173e+01 
4.802173e+01 
4.802173e+01 
4.802173e+01 
4.802173e+01 
4.802173e+01 
4.802173e+01 
4.802173e+01 
4.802173e+01 
4.802173e+01 
4.802173e+01 
4.802173e+01 
4.802173e+01 
4.802173e+01 
4.802173e+01 
4.802173e+01 
4.802173e+01 
4.802173e+01 
4.802173e+01 
4.802173e+01 
4.802173e+01 
4.802173e+01 
4.802173e+01 
4.802173e+01 
4.802173e+01 
4.802173e+01 
4.802173e+01 
4.802173e+01 
4.802173e+01 
4.802173e+01 
4.802173e+01 
4.802173e+01 
4.802173e+01 
4.802173e+01 
4.802173e+01 
4.802173e+01 
4.802173e+01 
4.802173e+01 
4.802173e+01 
4.802173e+01 
4.802173e+01 
4.802173e+01 
4.802173e+01 
4.802173e+01 
4.802173e+01 
4.802173e+01 
4.802173e+01 
4.802173e+01 
4.802173e+01 
4.802173e+01 
4.802173e+01 
4.802173e+01 
4.802173e+01 
4.802173e+01 
4.802173e+01 
4.802173e+01 
4.802173e+01 
4.802173e+01 
4.802173e+01 
4.802173e+01 
4.802173e+01 
4.802173e+01 
4.802173e+01 
4.802173e+01 
4.802173e+01 
4.802173e+01 
4.802173e+01 
4.802173e+01 
4.802173e+01 
4.802173e+01 
4.802173e+01 
4.802173e+01 
4.802173e+01 
4.802173e+01 
4.802173e+01 
4.802173e+01 
4.802173e+01 
4.802173e+01 
4.802173e+01 
4.802173e+01 
4.802173e+01 
4.802173e+01 
4.802173e+01 
4.802173e+01 
4.802173e+01 
4.802173e+01 
4.802173e+01 
4.802173e+01 
4.802173e+01 
4.802173e+01 
4.802173e+01 
4.802173e+01 
4.802173e+01 
4.802173e+01 
4.802173e+01 
4.802173e+01 
4.802173e+01 
4.802173e+01 
4.802173e+01 
4.802173e+01 
4.802173e+01 
4.802173e+01 
4.802173e+01 
4.802173e+01 
4.802173e+01 
4.802173e+01 
4.802173e+01 
4.802173e+01 
4.802173e+01 
4.802173e+01 
4.802173e+01 
4.802173e+01 
4.802173e+01 
4.802173e+01 
4.802173e+01 
4.802173e+01 
4.802173e+01 
4.802173e+01 
4.802173e+01 
4.802173e+01 
4.802173e+01 
4.802173e+01 
4.802173e+01 
4.802173e+01 
4.802173e+01 
4.802173e+01 
4.802173e+01 
4.802173e+01 
4.802173e+01 
4.802173e+01 
4.802173e+01 
4.802173e+01 
4.802173e+01 
4.802173e+01 
4.802173e+01 
4.802173e+01 
4.802173e+01 
4.802173e+01 
4.802173e+01 
4.802173e+01 
4.802173e+01 
4.802173e+01 
4.802173e+01 
4.802173e+01 
4.802173e+01 
4.802173e+01 
4.802173e+01 
4.802173e+01 
4.802173e+01 
4.802173e+01 
4.802173e+01 
4.802173e+01 
4.802173e+01 
4.802173e+01 
4.802173e+01 
4.802173e+01 
4.802173e+01 
4.802173e+01 
4.802173e+01 
4.802173e+01 
4.802173e+01 
4.802173e+01 
4.802173e+01 
4.802173e+01 
4.802173e+01 
4.802173e+01 
4.802173e+01 
4.802173e+01 
4.802173e+01 
4.802173e+01 
4.802173e+01 
4.802173e+01 
4.802173e+01 
4.802173e+01 
4.802173e+01 
4.802173e+01 
4.802173e+01 
4.802173e+01 
4.802173e+01 
4.802173e+01 
4.802173e+01 
4.802173e+01 
4.802173e+01 
4.802173e+01 
4.802173e+01 
4.802173e+01 
4.802173e+01 
4.802173e+01 
4.802173e+01 
4.802173e+01 
4.802173e+01 
4.802173e+01 
4.802173e+01 
4.802173e+01 
4.802173e+01 
4.802173e+01 
4.802173e+01 
4.802173e+01 
4.802173e+01 
4.802173e+01 
4.802173e+01 
4.802173e+01 
4.802173e+01 
4.802173e+01 
4.802173e+01 
4.802173e+01 
4.802173e+01 
4.802173e+01 
4.802173e+01 
4.802173e+01 
4.802173e+01 
4.802173e+01 
4.802173e+01 
4.802173e+01 
4.802173e+01 
4.802173e+01 
4.802173e+01 
4.802173e+01 
4.802173e+01 
4.802173e+01 
4.802173e+01 
4.802173e+01 
4.802173e+01 
4.802173e+01 
4.802173e+01 
4.802173e+01 
4.802173e+01 
4.802173e+01 
4.802173e+01 
4.802173e+01 
4.802173e+01 
4.802173e+01 
4.802173e+01 
4.802173e+01 
4.802173e+01 
4.802173e+01 
4.802173e+01 
4.802173e+01 
4.802173e+01 
4.802173e+01 
4.802173e+01 
4.802173e+01 
4.802173e+01 
4.802173e+01 
4.802173e+01 
4.802173e+01 
4.802173e+01 
4.802173e+01 
4.802173e+01 
4.802173e+01 
4.802173e+01 
4.802173e+01 
4.802173e+01 
4.802173e+01 
4.802173e+01 
4.802173e+01 
4.802173e+01 
4.802173e+01 
4.802173e+01 
4.802173e+01 
4.802173e+01 
4.802173e+01 
4.802173e+01 
4.802173e+01 
4.802173e+01 
4.802173e+01 
4.802173e+01 
4.802173e+01 
4.802173e+01 
4.802173e+01 
4.802173e+01 
4.802173e+01 
4.802173e+01 
4.802173e+01 
4.802173e+01 
4.802173e+01 
4.802173e+01 
4.802173e+01 
4.802173e+01 
4.802173e+01 
4.802173e+01 
4.802173e+01 
4.802173e+01 
4.802173e+01 
4.802173e+01 
4.802173e+01 
4.802173e+01 
4.802173e+01 
4.802173e+01 
4.802173e+01 
4.802173e+01 
4.802173e+01 
4.802173e+01 
4.802173e+01 
4.802173e+01 
4.802173e+01 
4.802173e+01 
4.802173e+01 
4.802173e+01 
4.802173e+01 
4.802173e+01 
4.802173e+01 
4.802173e+01 
4.802173e+01 
4.802173e+01 
4.802173e+01 
4.802173e+01 
4.802173e+01 
4.802173e+01 
4.802173e+01 
4.802173e+01 
4.802173e+01 
4.802173e+01 
4.802173e+01 
4.802173e+01 
4.802173e+01 
4.802173e+01 
4.802173e+01 
4.802173e+01 
4.802173e+01 
4.802173e+01 
4.802173e+01 
4.802173e+01 
4.802173e+01 
4.802173e+01 
4.802173e+01 
4.802173e+01 
4.802173e+01 
4.802173e+01 
4.802173e+01 
4.802173e+01 
4.802173e+01 
4.802173e+01 
4.802173e+01 
4.802173e+01 
4.802173e+01 
4.802173e+01 
4.802173e+01 
4.802173e+01 
4.802173e+01 
4.802173e+01 
4.802173e+01 
4.802173e+01 
4.802173e+01 
4.802173e+01 
4.802173e+01 
4.802173e+01 
4.802173e+01 
4.802173e+01 
4.802173e+01 
4.802173e+01 
4.802173e+01 
4.802173e+01 
4.802173e+01 
4.802173e+01 
4.802173e+01 
4.802173e+01 
4.802173e+01 
4.802173e+01 
4.802173e+01 
4.802173e+01 
4.802173e+01 
4.802173e+01 
4.802173e+01 
4.802173e+01 
4.802173e+01 
4.802173e+01 
4.802173e+01 
4.802173e+01 
4.802173e+01 
4.802173e+01 
4.802173e+01 
4.802173e+01 
4.802173e+01 
4.802173e+01 
4.802173e+01 
4.802173e+01 
4.802173e+01 
4.802173e+01 
4.802173e+01 
4.802173e+01 
4.802173e+01 
4.802173e+01 
4.802173e+01 
4.802173e+01 
4.802173e+01 
4.802173e+01 
4.802173e+01 
4.802173e+01 
4.802173e+01 
4.802173e+01 
4.802173e+01 
4.802173e+01 
4.802173e+01 
4.802173e+01 
4.802173e+01 
4.802173e+01 
4.802173e+01 
4.802173e+01 
4.802173e+01 
4.802173e+01 
4.802173e+01 
4.802173e+01 
4.802173e+01 
4.802173e+01 
4.802173e+01 
4.802173e+01 
4.802173e+01 
4.802173e+01 
4.802173e+01 
4.802173e+01 
4.802173e+01 
4.802173e+01 
4.802173e+01 
4.802173e+01 
4.802173e+01 
4.802173e+01 
4.802173e+01 
4.802173e+01 
4.802173e+01 
4.802173e+01 
4.802173e+01 
4.802173e+01 
4.802173e+01 
4.802173e+01 
4.802173e+01 
4.802173e+01 
4.802173e+01 
4.802173e+01 
4.802173e+01 
4.802173e+01 
4.802173e+01 
4.802173e+01 
4.802173e+01 
4.802173e+01 
4.802173e+01 
4.802173e+01 
4.802173e+01 
4.802173e+01 
4.802173e+01 
4.802173e+01 
4.802173e+01 
4.802173e+01 
4.802173e+01 
4.802173e+01 
4.802173e+01 
4.802173e+01 
4.802173e+01 
4.802173e+01 
4.802173e+01 
4.802173e+01 
4.802173e+01 
4.802173e+01 
4.802173e+01 
4.802173e+01 
4.802173e+01 
4.802173e+01 
4.802173e+01 
4.802173e+01 
4.802173e+01 
4.802173e+01 
4.802173e+01 
4.802173e+01 
4.802173e+01 
4.802173e+01 
4.802173e+01 
4.802173e+01 
4.802173e+01 
4.802173e+01 
4.802173e+01 
4.802173e+01 
4.802173e+01 
4.802173e+01 
4.802173e+01 
4.802173e+01 
4.802173e+01 
4.802173e+01 
4.802173e+01 
4.802173e+01 
4.802173e+01 
4.802173e+01 
4.802173e+01 
4.802173e+01 
4.802173e+01 
4.802173e+01 
4.802173e+01 
4.802173e+01 
4.802173e+01 
4.802173e+01 
4.802173e+01 
4.802173e+01 
4.802173e+01 
4.802173e+01 
4.802173e+01 
4.802173e+01 
4.802173e+01 
4.802173e+01 
4.802173e+01 
4.802173e+01 
4.802173e+01 
4.802173e+01 
4.802173e+01 
4.802173e+01 
4.802173e+01 
4.802173e+01 
4.802173e+01 
4.802173e+01 
4.802173e+01 
4.802173e+01 
4.802173e+01 
4.802173e+01 
4.802173e+01 
4.802173e+01 
4.802173e+01 
4.802173e+01 
4.802173e+01 
4.802173e+01 
4.802173e+01 
4.802173e+01 
4.802173e+01 
4.802173e+01 
4.802173e+01 
4.802173e+01 
4.802173e+01 
4.802173e+01 
4.802173e+01 
4.802173e+01 
4.802173e+01 
4.802173e+01 
4.802173e+01 
4.802173e+01 
4.802173e+01 
4.802173e+01 
4.802173e+01 
4.802173e+01 
4.802173e+01 
4.802173e+01 
4.802173e+01 
4.802173e+01 
4.802173e+01 
4.802173e+01 
4.802173e+01 
4.802173e+01 
4.802173e+01 
4.802173e+01 
4.802173e+01 
4.802173e+01 
4.802173e+01 
4.802173e+01 
4.802173e+01 
4.802173e+01 
4.802173e+01 
4.802173e+01 
4.802173e+01 
4.802173e+01 
4.802173e+01 
4.802173e+01 
4.802173e+01 
4.802173e+01 
4.802173e+01 
4.802173e+01 
4.802173e+01 
4.802173e+01 
4.802173e+01 
4.802173e+01 
4.802173e+01 
4.802173e+01 
4.802173e+01 
4.802173e+01 
4.802173e+01 
4.802173e+01 
4.802173e+01 
4.802173e+01 
4.802173e+01 
4.802173e+01 
4.802173e+01 
4.802173e+01 
4.802173e+01 
4.802173e+01 
4.802173e+01 
4.802173e+01 
4.802173e+01 
4.802173e+01 
4.802173e+01 
4.802173e+01 
4.802173e+01 
4.802173e+01 
4.802173e+01 
4.802173e+01 
4.802173e+01 
4.802173e+01 
4.802173e+01 
4.802173e+01 
4.802173e+01 
4.802173e+01 
4.802173e+01 
4.802173e+01 
4.802173e+01 
4.802173e+01 
4.802173e+01 
4.802173e+01 
4.802173e+01 
4.802173e+01 
4.802173e+01 
4.802173e+01 
4.802173e+01 
4.802173e+01 
4.802173e+01 
4.802173e+01 
4.802173e+01 
4.802173e+01 
4.802173e+01 
4.802173e+01 
4.802173e+01 
4.802173e+01 
4.802173e+01 
4.802173e+01 
4.802173e+01 
4.802173e+01 
4.802173e+01 
4.802173e+01 
4.802173e+01 
4.802173e+01 
4.802173e+01 
4.802173e+01 
4.802173e+01 
4.802173e+01 
4.802173e+01 
4.802173e+01 
4.802173e+01 
4.802173e+01 
4.802173e+01 
4.802173e+01 
4.802173e+01 
4.802173e+01 
4.802173e+01 
4.802173e+01 
4.802173e+01 
4.802173e+01 
4.802173e+01 
4.802173e+01 
4.802173e+01 
4.802173e+01 
4.802173e+01 
4.802173e+01 
4.802173e+01 
4.802173e+01 
4.802173e+01 
4.802173e+01 
4.802173e+01 
4.802173e+01 
4.802173e+01 
4.802173e+01 
4.802173e+01 
4.802173e+01 
4.802173e+01 
4.802173e+01 
4.802173e+01 
4.802173e+01 
4.802173e+01 
4.802173e+01 
4.802173e+01 
4.802173e+01 
4.802173e+01 
4.802173e+01 
4.802173e+01 
4.802173e+01 
4.802173e+01 
4.802173e+01 
4.802173e+01 
4.802173e+01 
4.802173e+01 
4.802173e+01 
4.802173e+01 
4.802173e+01 
4.802173e+01 
4.802173e+01 
4.802173e+01 
4.802173e+01 
4.802173e+01 
4.802173e+01 
4.802173e+01 
4.802173e+01 
4.802173e+01 
4.802173e+01 
4.802173e+01 
4.802173e+01 
4.802173e+01 
4.802173e+01 
4.802173e+01 
4.802173e+01 
4.802173e+01 
4.802173e+01 
4.802173e+01 
4.802173e+01 
4.802173e+01 
4.802173e+01 
4.802173e+01 
4.802173e+01 
4.802173e+01 
4.802173e+01 
4.802173e+01 
4.802173e+01 
4.802173e+01 
4.802173e+01 
4.802173e+01 
4.802173e+01 
4.802173e+01 
4.802173e+01 
4.802173e+01 
4.802173e+01 
4.802173e+01 
4.802173e+01 
4.802173e+01 
4.802173e+01 
4.802173e+01 
4.802173e+01 
4.802173e+01 
4.802173e+01 
4.802173e+01 
4.802173e+01 
4.802173e+01 
4.802173e+01 
4.802173e+01 
4.802173e+01 
4.802173e+01 
4.802173e+01 
4.802173e+01 
4.802173e+01 
4.802173e+01 
4.802173e+01 
4.802173e+01 
4.802173e+01 
4.802173e+01 
4.802173e+01 
4.802173e+01 
4.802173e+01 
4.802173e+01 
4.802173e+01 
4.802173e+01 
4.802173e+01 
4.802173e+01 
4.802173e+01 
4.802173e+01 
4.802173e+01 
4.802173e+01 
4.802173e+01 
4.802173e+01 
4.802173e+01 
4.802173e+01 
4.802173e+01 
4.802173e+01 
4.802173e+01 
4.802173e+01 
4.802173e+01 
4.802173e+01 
4.802173e+01 
4.802173e+01 
4.802173e+01 
4.802173e+01 
4.802173e+01 
4.802173e+01 
4.802173e+01 
4.802173e+01 
4.802173e+01 
4.802173e+01 
4.802173e+01 
4.802173e+01 
4.802173e+01 
4.802173e+01 
4.802173e+01 
4.802173e+01 
4.802173e+01 
4.802173e+01 
4.802173e+01 
4.802173e+01 
4.802173e+01 
4.802173e+01 
4.802173e+01 
4.802173e+01 
4.802173e+01 
4.802173e+01 
4.802173e+01 
4.802173e+01 
4.802173e+01 
4.802173e+01 
4.802173e+01 
4.802173e+01 
4.802173e+01 
4.802173e+01 
4.802173e+01 
4.802173e+01 
4.802173e+01 
4.802173e+01 
4.802173e+01 
4.802173e+01 
4.802173e+01 
4.802173e+01 
4.802173e+01 
4.802173e+01 
4.802173e+01 
4.802173e+01 
4.802173e+01 
4.802173e+01 
4.802173e+01 
4.802173e+01 
4.802173e+01 
4.802173e+01 
4.802173e+01 
4.802173e+01 
4.802173e+01 
4.802173e+01 
4.802173e+01 
4.802173e+01 
4.802173e+01 
4.802173e+01 
4.802173e+01 
4.802173e+01 
4.802173e+01 
4.802173e+01 
4.802173e+01 
4.802173e+01 
4.802173e+01 
4.802173e+01 
4.802173e+01 
4.802173e+01 
4.802173e+01 
4.802173e+01 
4.802173e+01 
4.802173e+01 
4.802173e+01 
4.802173e+01 
4.802173e+01 
4.802173e+01 
4.802173e+01 
4.802173e+01 
4.802173e+01 
4.802173e+01 
4.802173e+01 
4.802173e+01 
4.802173e+01 
4.802173e+01 
4.802173e+01 
4.802173e+01 
4.802173e+01 
4.802173e+01 
4.802173e+01 
4.802173e+01 
4.802173e+01 
4.802173e+01 
4.802173e+01 
4.802173e+01 
4.802173e+01 
4.802173e+01 
4.802173e+01 
4.802173e+01 
4.802173e+01 
4.802173e+01 
4.802173e+01 
4.802173e+01 
4.802173e+01 
4.802173e+01 
4.802173e+01 
4.802173e+01 
4.802173e+01 
4.802173e+01 
4.802173e+01 
4.802173e+01 
4.802173e+01 
4.802173e+01 
4.802173e+01 
4.802173e+01 
4.802173e+01 
4.802173e+01 
4.802173e+01 
4.802173e+01 
4.802173e+01 
4.802173e+01 
4.802173e+01 
4.802173e+01 
4.802173e+01 
4.802173e+01 
4.802173e+01 
4.802173e+01 
4.802173e+01 
4.802173e+01 
4.802173e+01 
4.802173e+01 
4.802173e+01 
4.802173e+01 
4.802173e+01 
4.802173e+01 
4.802173e+01 
4.802173e+01 
4.802173e+01 
4.802173e+01 
4.802173e+01 
4.802173e+01 
4.802173e+01 
4.802173e+01 
4.802173e+01 
4.802173e+01 
4.802173e+01 
4.802173e+01 
4.802173e+01 
4.802173e+01 
4.802173e+01 
4.802173e+01 
4.802173e+01 
4.802173e+01 
4.802173e+01 
4.802173e+01 
4.802173e+01 
4.802173e+01 
4.802173e+01 
4.802173e+01 
4.802173e+01 
4.802173e+01 
4.802173e+01 
4.802173e+01 
4.802173e+01 
4.802173e+01 
4.802173e+01 
4.802173e+01 
4.802173e+01 
4.802173e+01 
4.802173e+01 
4.802173e+01 
4.802173e+01 
4.802173e+01 
4.802173e+01 
4.802173e+01 
4.802173e+01 
4.802173e+01 
4.802173e+01 
4.802173e+01 
4.802173e+01 
4.802173e+01 
4.802173e+01 
4.802173e+01 
4.802173e+01 
4.802173e+01 
4.802173e+01 
4.802173e+01 
4.802173e+01 
4.802173e+01 
4.802173e+01 
4.802173e+01 
4.802173e+01 
4.802173e+01 
4.802173e+01 
4.802173e+01 
4.802173e+01 
4.802173e+01 
4.802173e+01 
4.802173e+01 
4.802173e+01 
4.802173e+01 
4.802173e+01 
4.802173e+01 
4.802173e+01 
4.802173e+01 
4.802173e+01 
4.802173e+01 
4.802173e+01 
4.802173e+01 
4.802173e+01 
4.802173e+01 
4.802173e+01 
4.802173e+01 
4.802173e+01 
4.802173e+01 
4.802173e+01 
4.802173e+01 
4.802173e+01 
4.802173e+01 
4.802173e+01 
4.802173e+01 
4.802173e+01 
4.802173e+01 
4.802173e+01 
4.802173e+01 
4.802173e+01 
4.802173e+01 
4.802173e+01 
4.802173e+01 
4.802173e+01 
4.802173e+01 
4.802173e+01 
4.802173e+01 
4.802173e+01 
4.802173e+01 
4.802173e+01 
4.802173e+01 
4.802173e+01 
4.802173e+01 
4.802173e+01 
4.802173e+01 
4.802173e+01 
4.802173e+01 
4.802173e+01 
4.802173e+01 
4.802173e+01 
4.802173e+01 
4.802173e+01 
4.802173e+01 
4.802173e+01 
4.802173e+01 
4.802173e+01 
4.802173e+01 
4.802173e+01 
4.802173e+01 
4.802173e+01 
4.802173e+01 
4.802173e+01 
4.802173e+01 
4.802173e+01 
4.802173e+01 
4.802173e+01 
4.802173e+01 
4.802173e+01 
4.802173e+01 
4.802173e+01 
4.802173e+01 
4.802173e+01 
4.802173e+01 
4.802173e+01 
4.802173e+01 
4.802173e+01 
4.802173e+01 
4.802173e+01 
4.802173e+01 
4.802173e+01 
4.802173e+01 
4.802173e+01 
4.802173e+01 
4.802173e+01 
4.802173e+01 
4.802173e+01 
4.802173e+01 
4.802173e+01 
4.802173e+01 
4.802173e+01 
4.802173e+01 
4.802173e+01 
4.802173e+01 
4.802173e+01 
4.802173e+01 
4.802173e+01 
4.802173e+01 
4.802173e+01 
4.802173e+01 
4.802173e+01 
4.802173e+01 
4.802173e+01 
4.802173e+01 
4.802173e+01 
4.802173e+01 
4.802173e+01 
4.802173e+01 
4.802173e+01 
4.802173e+01 
4.802173e+01 
4.802173e+01 
4.802173e+01 
4.802173e+01 
4.802173e+01 
4.802173e+01 
4.802173e+01 
4.802173e+01 
4.802173e+01 
4.802173e+01 
4.802173e+01 
4.802173e+01 
4.802173e+01 
4.802173e+01 
4.802173e+01 
4.802173e+01 
4.802173e+01 
4.802173e+01 
4.802173e+01 
4.802173e+01 
4.802173e+01 
4.802173e+01 
4.802173e+01 
4.802173e+01 
4.802173e+01 
4.802173e+01 
4.802173e+01 
4.802173e+01 
4.802173e+01 
4.802173e+01 
4.802173e+01 
4.802173e+01 
4.802173e+01 
4.802173e+01 
4.802173e+01 
4.802173e+01 
4.802173e+01 
4.802173e+01 
4.802173e+01 
4.802173e+01 
4.802173e+01 
4.802173e+01 
4.802173e+01 
4.802173e+01 
4.802173e+01 
4.802173e+01 
4.802173e+01 
4.802173e+01 
4.802173e+01 
4.802173e+01 
4.802173e+01 
4.802173e+01 
4.802173e+01 
4.802173e+01 
4.802173e+01 
4.802173e+01 
4.802173e+01 
4.802173e+01 
4.802173e+01 
4.802173e+01 
4.802173e+01 
4.802173e+01 
4.802173e+01 
4.802173e+01 
4.802173e+01 
4.802173e+01 
4.802173e+01 
4.802173e+01 
4.802173e+01 
4.802173e+01 
4.802173e+01 
4.802173e+01 
4.802173e+01 
4.802173e+01 
4.802173e+01 
4.802173e+01 
4.802173e+01 
4.802173e+01 
4.802173e+01 
4.802173e+01 
4.802173e+01 
4.802173e+01 
4.802173e+01 
4.802173e+01 
4.802173e+01 
4.802173e+01 
4.802173e+01 
4.802173e+01 
4.802173e+01 
4.802173e+01 
4.802173e+01 
4.802173e+01 
4.802173e+01 
4.802173e+01 
4.802173e+01 
4.802173e+01 
4.802173e+01 
4.802173e+01 
4.802173e+01 
4.802173e+01 
4.802173e+01 
4.802173e+01 
4.802173e+01 
4.802173e+01 
4.802173e+01 
4.802173e+01 
4.802173e+01 
4.802173e+01 
4.802173e+01 
4.802173e+01 
4.802173e+01 
4.802173e+01 
4.802173e+01 
4.802173e+01 
4.802173e+01 
4.802173e+01 
4.802173e+01 
4.802173e+01 
4.802173e+01 
4.802173e+01 
4.802173e+01 
4.802173e+01 
4.802173e+01 
4.802173e+01 
4.802173e+01 
4.802173e+01 
4.802173e+01 
4.802173e+01 
4.802173e+01 
4.802173e+01 
4.802173e+01 
4.802173e+01 
4.802173e+01 
4.802173e+01 
4.802173e+01 
4.802173e+01 
4.802173e+01 
4.802173e+01 
4.802173e+01 
4.802173e+01 
4.802173e+01 
4.802173e+01 
4.802173e+01 
4.802173e+01 
4.802173e+01 
4.802173e+01 
4.802173e+01 
4.802173e+01 
4.802173e+01 
4.802173e+01 
4.802173e+01 
4.802173e+01 
4.802173e+01 
4.802173e+01 
4.802173e+01 
4.802173e+01 
4.802173e+01 
4.802173e+01 
4.802173e+01 
4.802173e+01 
4.802173e+01 
4.802173e+01 
4.802173e+01 
4.802173e+01 
4.802173e+01 
4.802173e+01 
4.802173e+01 
4.802173e+01 
4.802173e+01 
4.802173e+01 
4.802173e+01 
4.802173e+01 
4.802173e+01 
4.802173e+01 
4.802173e+01 
4.802173e+01 
4.802173e+01 
4.802173e+01 
4.802173e+01 
4.802173e+01 
4.802173e+01 
4.802173e+01 
4.802173e+01 
4.802173e+01 
4.802173e+01 
4.802173e+01 
4.802173e+01 
4.802173e+01 
4.802173e+01 
4.802173e+01 
4.802173e+01 
4.802173e+01 
4.802173e+01 
4.802173e+01 
4.802173e+01 
4.802173e+01 
4.802173e+01 
4.802173e+01 
4.802173e+01 
4.802173e+01 
4.802173e+01 
4.802173e+01 
4.802173e+01 
4.802173e+01 
4.802173e+01 
4.802173e+01 
4.802173e+01 
4.802173e+01 
4.802173e+01 
4.802173e+01 
4.802173e+01 
4.802173e+01 
4.802173e+01 
4.802173e+01 
4.802173e+01 
4.802173e+01 
4.802173e+01 
4.802173e+01 
4.802173e+01 
4.802173e+01 
4.802173e+01 
4.802173e+01 
4.802173e+01 
4.802173e+01 
4.802173e+01 
4.802173e+01 
4.802173e+01 
4.802173e+01 
4.802173e+01 
4.802173e+01 
4.802173e+01 
4.802173e+01 
4.802173e+01 
4.802173e+01 
4.802173e+01 
4.802173e+01 
4.802173e+01 
4.802173e+01 
4.802173e+01 
4.802173e+01 
4.802173e+01 
4.802173e+01 
4.802173e+01 
4.802173e+01 
4.802173e+01 
4.802173e+01 
4.802173e+01 
4.802173e+01 
4.802173e+01 
4.802173e+01 
4.802173e+01 
4.802173e+01 
4.802173e+01 
4.802173e+01 
4.802173e+01 
4.802173e+01 
4.802173e+01 
4.802173e+01 
4.802173e+01 
4.802173e+01 
4.802173e+01 
4.802173e+01 
4.802173e+01 
4.802173e+01 
4.802173e+01 
4.802173e+01 
4.802173e+01 
4.802173e+01 
4.802173e+01 
4.802173e+01 
4.802173e+01 
4.802173e+01 
4.802173e+01 
4.802173e+01 
4.802173e+01 
4.802173e+01 
4.802173e+01 
4.802173e+01 
4.802173e+01 
4.802173e+01 
4.802173e+01 
4.802173e+01 
4.802173e+01 
4.802173e+01 
4.802173e+01 
4.802173e+01 
4.802173e+01 
4.802173e+01 
4.802173e+01 
4.802173e+01 
4.802173e+01 
4.802173e+01 
4.802173e+01 
4.802173e+01 
4.802173e+01 
4.802173e+01 
4.802173e+01 
4.802173e+01 
4.802173e+01 
4.802173e+01 
4.802173e+01 
4.802173e+01 
4.802173e+01 
4.802173e+01 
4.802173e+01 
4.802173e+01 
4.802173e+01 
4.802173e+01 
4.802173e+01 
4.802173e+01 
4.802173e+01 
4.802173e+01 
4.802173e+01 
4.802173e+01 
4.802173e+01 
4.802173e+01 
4.802173e+01 
4.802173e+01 
4.802173e+01 
4.802173e+01 
4.802173e+01 
4.802173e+01 
4.802173e+01 
4.802173e+01 
4.802173e+01 
4.802173e+01 
4.802173e+01 
4.802173e+01 
4.802173e+01 
4.802173e+01 
4.802173e+01 
4.802173e+01 
4.802173e+01 
4.802173e+01 
4.802173e+01 
4.802173e+01 
4.802173e+01 
4.802173e+01 
4.802173e+01 
4.802173e+01 
4.802173e+01 
4.802173e+01 
4.802173e+01 
4.802173e+01 
4.802173e+01 
4.802173e+01 
4.802173e+01 
4.802173e+01 
4.802173e+01 
4.802173e+01 
4.802173e+01 
4.802173e+01 
4.802173e+01 
4.802173e+01 
4.802173e+01 
4.802173e+01 
4.802173e+01 
4.802173e+01 
4.802173e+01 
4.802173e+01 
4.802173e+01 
4.802173e+01 
4.802173e+01 
4.802173e+01 
4.802173e+01 
4.802173e+01 
4.802173e+01 
4.802173e+01 
4.802173e+01 
4.802173e+01 
4.802173e+01 
4.802173e+01 
4.802173e+01 
4.802173e+01 
4.802173e+01 
4.802173e+01 
4.802173e+01 
4.802173e+01 
4.802173e+01 
4.802173e+01 
4.802173e+01 
4.802173e+01 
4.802173e+01 
4.802173e+01 
4.802173e+01 
4.802173e+01 
4.802173e+01 
4.802173e+01 
4.802173e+01 
4.802173e+01 
4.802173e+01 
4.802173e+01 
4.802173e+01 
4.802173e+01 
4.802173e+01 
4.802173e+01 
4.802173e+01 
4.802173e+01 
4.802173e+01 
4.802173e+01 
4.802173e+01 
4.802173e+01 
4.802173e+01 
4.802173e+01 
4.802173e+01 
4.802173e+01 
4.802173e+01 
4.802173e+01 
4.802173e+01 
4.802173e+01 
4.802173e+01 
4.802173e+01 
4.802173e+01 
4.802173e+01 
4.802173e+01 
4.802173e+01 
4.802173e+01 
4.802173e+01 
4.802173e+01 
4.802173e+01 
4.802173e+01 
4.802173e+01 
4.802173e+01 
4.802173e+01 
4.802173e+01 
4.802173e+01 
4.802173e+01 
4.802173e+01 
4.802173e+01 
4.802173e+01 
4.802173e+01 
4.802173e+01 
4.802173e+01 
4.802173e+01 
4.802173e+01 
4.802173e+01 
4.802173e+01 
4.802173e+01 
4.802173e+01 
4.802173e+01 
4.802173e+01 
4.802173e+01 
4.802173e+01 
4.802173e+01 
4.802173e+01 
4.802173e+01 
4.802173e+01 
4.802173e+01 
4.802173e+01 
4.802173e+01 
4.802173e+01 
4.802173e+01 
4.802173e+01 
4.802173e+01 
4.802173e+01 
4.802173e+01 
4.802173e+01 
4.802173e+01 
4.802173e+01 
4.802173e+01 
4.802173e+01 
4.802173e+01 
4.802173e+01 
4.802173e+01 
4.802173e+01 
4.802173e+01 
4.802173e+01 
4.802173e+01 
4.802173e+01 
4.802173e+01 
4.802173e+01 
4.802173e+01 
4.802173e+01 
4.802173e+01 
4.802173e+01 
4.802173e+01 
4.802173e+01 
4.802173e+01 
4.802173e+01 
4.802173e+01 
4.802173e+01 
4.802173e+01 
4.802173e+01 
4.802173e+01 
4.802173e+01 
4.802173e+01 
4.802173e+01 
4.802173e+01 
4.802173e+01 
4.802173e+01 
4.802173e+01 
4.802173e+01 
4.802173e+01 
4.802173e+01 
4.802173e+01 
4.802173e+01 
4.802173e+01 
4.802173e+01 
4.802173e+01 
4.802173e+01 
4.802173e+01 
4.802173e+01 
4.802173e+01 
4.802173e+01 
4.802173e+01 
4.802173e+01 
4.802173e+01 
4.802173e+01 
4.802173e+01 
4.802173e+01 
4.802173e+01 
4.802173e+01 
4.802173e+01 
4.802173e+01 
4.802173e+01 
4.802173e+01 
4.802173e+01 
4.802173e+01 
4.802173e+01 
4.802173e+01 
4.802173e+01 
4.802173e+01 
4.802173e+01 
4.802173e+01 
4.802173e+01 
4.802173e+01 
4.802173e+01 
4.802173e+01 
4.802173e+01 
4.802173e+01 
4.802173e+01 
4.802173e+01 
4.802173e+01 
4.802173e+01 
4.802173e+01 
4.802173e+01 
4.802173e+01 
4.802173e+01 
4.802173e+01 
4.802173e+01 
4.802173e+01 
4.802173e+01 
4.802173e+01 
4.802173e+01 
4.802173e+01 
4.802173e+01 
4.802173e+01 
4.802173e+01 
4.802173e+01 
4.802173e+01 
4.802173e+01 
4.802173e+01 
4.802173e+01 
4.802173e+01 
4.802173e+01 
4.802173e+01 
4.802173e+01 
4.802173e+01 
4.802173e+01 
4.802173e+01 
4.802173e+01 
4.802173e+01 
4.802173e+01 
4.802173e+01 
4.802173e+01 
4.802173e+01 
4.802173e+01 
