2.407167e+03 
2.000987e+03 
1.871008e+03 
1.871008e+03 
1.774993e+03 
1.774993e+03 
1.774993e+03 
1.774993e+03 
1.774993e+03 
1.774993e+03 
1.774993e+03 
1.774993e+03 
1.774993e+03 
1.774993e+03 
1.774993e+03 
1.774993e+03 
1.774993e+03 
1.774993e+03 
1.642294e+03 
1.642294e+03 
1.642294e+03 
1.642294e+03 
1.642294e+03 
1.642294e+03 
1.642294e+03 
1.642294e+03 
1.642294e+03 
1.642294e+03 
1.642294e+03 
1.642294e+03 
1.605899e+03 
1.605899e+03 
1.605899e+03 
1.605899e+03 
1.605899e+03 
1.605899e+03 
1.605899e+03 
1.605899e+03 
1.605899e+03 
1.605899e+03 
1.605899e+03 
1.605899e+03 
1.605899e+03 
1.605899e+03 
1.605899e+03 
1.605899e+03 
1.605899e+03 
1.605899e+03 
1.605899e+03 
1.605899e+03 
1.605899e+03 
1.605899e+03 
1.605899e+03 
1.605899e+03 
1.605899e+03 
1.605899e+03 
1.605899e+03 
1.605899e+03 
1.605899e+03 
1.605899e+03 
1.605899e+03 
1.605899e+03 
1.605899e+03 
1.605899e+03 
1.605899e+03 
1.605899e+03 
1.605899e+03 
1.605899e+03 
1.605899e+03 
1.605899e+03 
1.605899e+03 
1.605899e+03 
1.605899e+03 
1.605899e+03 
1.605899e+03 
1.605899e+03 
1.605899e+03 
1.605899e+03 
1.605899e+03 
1.605899e+03 
1.605899e+03 
1.605899e+03 
1.605899e+03 
1.426617e+03 
1.426617e+03 
1.426617e+03 
1.426617e+03 
1.426617e+03 
1.426617e+03 
1.426617e+03 
1.426617e+03 
1.426617e+03 
1.426617e+03 
1.426617e+03 
1.426617e+03 
1.426617e+03 
1.426617e+03 
1.426617e+03 
1.426617e+03 
1.426617e+03 
1.426617e+03 
1.426617e+03 
1.426617e+03 
1.426617e+03 
1.426617e+03 
1.426617e+03 
1.426617e+03 
1.426617e+03 
1.426617e+03 
1.426617e+03 
1.426617e+03 
1.426617e+03 
1.426617e+03 
1.426617e+03 
1.426617e+03 
1.426617e+03 
1.426617e+03 
1.426617e+03 
1.426617e+03 
1.426617e+03 
1.426617e+03 
1.426617e+03 
1.426617e+03 
1.426617e+03 
1.426617e+03 
1.426617e+03 
1.426617e+03 
1.426617e+03 
1.426617e+03 
1.426617e+03 
1.426617e+03 
1.426617e+03 
1.426617e+03 
1.426617e+03 
1.426617e+03 
1.426617e+03 
1.426617e+03 
1.426617e+03 
1.426617e+03 
1.426617e+03 
1.426617e+03 
1.426617e+03 
1.426617e+03 
1.426617e+03 
1.426617e+03 
1.426617e+03 
1.426617e+03 
1.426617e+03 
1.426617e+03 
1.426617e+03 
1.426617e+03 
1.426617e+03 
1.426617e+03 
1.426617e+03 
1.426617e+03 
1.426617e+03 
1.426617e+03 
1.426617e+03 
1.426617e+03 
1.426617e+03 
1.426617e+03 
1.426617e+03 
1.426617e+03 
1.426617e+03 
1.426617e+03 
1.426617e+03 
1.426617e+03 
1.426617e+03 
1.426617e+03 
1.347355e+03 
1.347355e+03 
1.347355e+03 
1.347355e+03 
1.347355e+03 
1.347355e+03 
1.347355e+03 
1.347355e+03 
8.277403e+02 
8.277403e+02 
8.277403e+02 
8.277403e+02 
8.277403e+02 
8.277403e+02 
8.277403e+02 
8.277403e+02 
8.277403e+02 
8.277403e+02 
8.277403e+02 
8.277403e+02 
8.277403e+02 
8.277403e+02 
8.277403e+02 
8.277403e+02 
8.277403e+02 
8.277403e+02 
8.277403e+02 
8.277403e+02 
8.277403e+02 
8.277403e+02 
8.277403e+02 
8.277403e+02 
8.277403e+02 
8.277403e+02 
8.277403e+02 
8.277403e+02 
8.277403e+02 
8.277403e+02 
8.277403e+02 
8.277403e+02 
8.277403e+02 
8.277403e+02 
8.277403e+02 
8.277403e+02 
8.277403e+02 
8.277403e+02 
8.277403e+02 
8.277403e+02 
8.277403e+02 
8.277403e+02 
8.277403e+02 
8.277403e+02 
8.277403e+02 
8.277403e+02 
8.277403e+02 
8.277403e+02 
8.277403e+02 
8.277403e+02 
8.277403e+02 
8.277403e+02 
8.277403e+02 
8.277403e+02 
8.277403e+02 
8.277403e+02 
8.277403e+02 
8.277403e+02 
8.277403e+02 
8.277403e+02 
8.277403e+02 
8.277403e+02 
8.277403e+02 
8.277403e+02 
8.277403e+02 
8.277403e+02 
8.277403e+02 
8.277403e+02 
8.277403e+02 
8.277403e+02 
8.277403e+02 
8.277403e+02 
8.277403e+02 
8.277403e+02 
8.277403e+02 
8.277403e+02 
8.277403e+02 
8.277403e+02 
8.277403e+02 
8.277403e+02 
8.277403e+02 
8.277403e+02 
8.277403e+02 
8.277403e+02 
8.277403e+02 
8.277403e+02 
8.277403e+02 
8.277403e+02 
8.277403e+02 
8.277403e+02 
8.277403e+02 
8.277403e+02 
8.277403e+02 
8.277403e+02 
8.277403e+02 
8.277403e+02 
8.277403e+02 
8.277403e+02 
8.277403e+02 
8.277403e+02 
8.277403e+02 
8.277403e+02 
8.277403e+02 
8.277403e+02 
8.277403e+02 
8.277403e+02 
8.277403e+02 
8.277403e+02 
8.277403e+02 
8.277403e+02 
8.277403e+02 
8.277403e+02 
8.277403e+02 
8.277403e+02 
8.277403e+02 
8.277403e+02 
8.277403e+02 
8.277403e+02 
8.277403e+02 
8.277403e+02 
8.277403e+02 
8.277403e+02 
8.277403e+02 
8.277403e+02 
8.277403e+02 
8.277403e+02 
8.277403e+02 
8.277403e+02 
8.277403e+02 
8.277403e+02 
8.277403e+02 
8.277403e+02 
8.277403e+02 
8.277403e+02 
8.277403e+02 
8.277403e+02 
8.277403e+02 
8.277403e+02 
8.277403e+02 
8.277403e+02 
8.277403e+02 
8.277403e+02 
8.277403e+02 
8.277403e+02 
8.277403e+02 
8.277403e+02 
8.277403e+02 
8.277403e+02 
8.277403e+02 
8.277403e+02 
8.277403e+02 
8.277403e+02 
8.277403e+02 
8.277403e+02 
8.277403e+02 
8.277403e+02 
8.277403e+02 
8.277403e+02 
8.277403e+02 
8.277403e+02 
8.277403e+02 
8.277403e+02 
8.277403e+02 
8.277403e+02 
8.277403e+02 
8.277403e+02 
8.277403e+02 
8.277403e+02 
8.277403e+02 
8.277403e+02 
8.277403e+02 
8.277403e+02 
8.277403e+02 
8.277403e+02 
8.277403e+02 
8.277403e+02 
8.277403e+02 
8.277403e+02 
8.277403e+02 
8.277403e+02 
8.277403e+02 
8.277403e+02 
8.277403e+02 
8.277403e+02 
8.277403e+02 
8.277403e+02 
8.277403e+02 
8.277403e+02 
8.277403e+02 
8.277403e+02 
8.277403e+02 
8.277403e+02 
8.277403e+02 
8.277403e+02 
8.277403e+02 
8.277403e+02 
8.277403e+02 
8.277403e+02 
8.277403e+02 
8.277403e+02 
8.277403e+02 
8.277403e+02 
8.277403e+02 
8.277403e+02 
8.277403e+02 
8.277403e+02 
8.277403e+02 
8.277403e+02 
8.277403e+02 
8.277403e+02 
8.277403e+02 
8.277403e+02 
8.277403e+02 
8.277403e+02 
8.277403e+02 
8.277403e+02 
8.277403e+02 
8.277403e+02 
8.277403e+02 
8.277403e+02 
8.277403e+02 
8.277403e+02 
8.277403e+02 
8.277403e+02 
8.277403e+02 
8.277403e+02 
8.277403e+02 
8.277403e+02 
8.277403e+02 
8.277403e+02 
8.277403e+02 
8.277403e+02 
8.277403e+02 
8.277403e+02 
8.277403e+02 
8.277403e+02 
8.277403e+02 
8.277403e+02 
8.277403e+02 
8.277403e+02 
8.277403e+02 
8.277403e+02 
8.277403e+02 
8.277403e+02 
8.277403e+02 
8.277403e+02 
8.277403e+02 
8.277403e+02 
8.277403e+02 
8.277403e+02 
8.277403e+02 
8.277403e+02 
8.277403e+02 
8.277403e+02 
8.277403e+02 
8.277403e+02 
8.277403e+02 
8.277403e+02 
8.277403e+02 
8.277403e+02 
8.277403e+02 
8.277403e+02 
8.277403e+02 
8.277403e+02 
8.277403e+02 
8.277403e+02 
8.277403e+02 
8.277403e+02 
8.277403e+02 
8.277403e+02 
8.277403e+02 
8.277403e+02 
8.277403e+02 
8.277403e+02 
8.277403e+02 
8.277403e+02 
8.277403e+02 
8.277403e+02 
8.277403e+02 
8.277403e+02 
8.277403e+02 
8.277403e+02 
8.277403e+02 
8.277403e+02 
8.277403e+02 
8.277403e+02 
8.277403e+02 
8.277403e+02 
8.277403e+02 
8.277403e+02 
8.277403e+02 
8.277403e+02 
8.277403e+02 
8.277403e+02 
8.277403e+02 
8.277403e+02 
8.277403e+02 
8.277403e+02 
8.277403e+02 
8.277403e+02 
8.277403e+02 
8.277403e+02 
8.277403e+02 
8.277403e+02 
8.277403e+02 
8.277403e+02 
8.277403e+02 
8.277403e+02 
8.277403e+02 
7.700768e+02 
7.700768e+02 
7.700768e+02 
7.700768e+02 
7.700768e+02 
7.700768e+02 
7.700768e+02 
7.700768e+02 
7.700768e+02 
7.700768e+02 
7.700768e+02 
7.700768e+02 
7.700768e+02 
7.700768e+02 
7.700768e+02 
7.700768e+02 
7.700768e+02 
7.700768e+02 
7.700768e+02 
7.700768e+02 
7.700768e+02 
7.700768e+02 
7.700768e+02 
7.700768e+02 
7.700768e+02 
7.700768e+02 
7.700768e+02 
7.700768e+02 
7.700768e+02 
7.700768e+02 
7.700768e+02 
7.700768e+02 
7.700768e+02 
7.700768e+02 
7.700768e+02 
7.700768e+02 
7.700768e+02 
7.700768e+02 
7.700768e+02 
7.700768e+02 
7.700768e+02 
7.700768e+02 
7.700768e+02 
7.700768e+02 
7.700768e+02 
7.700768e+02 
7.700768e+02 
7.700768e+02 
7.700768e+02 
7.700768e+02 
7.700768e+02 
7.700768e+02 
7.700768e+02 
7.700768e+02 
7.700768e+02 
7.700768e+02 
7.700768e+02 
7.700768e+02 
7.700768e+02 
7.700768e+02 
7.700768e+02 
7.700768e+02 
7.700768e+02 
7.700768e+02 
7.700768e+02 
7.700768e+02 
7.700768e+02 
7.700768e+02 
7.700768e+02 
7.700768e+02 
7.700768e+02 
7.700768e+02 
7.700768e+02 
7.700768e+02 
7.700768e+02 
7.700768e+02 
7.700768e+02 
7.700768e+02 
7.700768e+02 
7.700768e+02 
7.700768e+02 
7.700768e+02 
7.700768e+02 
7.700768e+02 
7.700768e+02 
7.700768e+02 
7.700768e+02 
7.700768e+02 
7.700768e+02 
7.700768e+02 
7.700768e+02 
7.700768e+02 
7.700768e+02 
7.700768e+02 
7.700768e+02 
7.700768e+02 
7.700768e+02 
7.700768e+02 
7.700768e+02 
7.700768e+02 
7.700768e+02 
7.700768e+02 
7.700768e+02 
7.700768e+02 
7.700768e+02 
7.700768e+02 
7.700768e+02 
7.700768e+02 
7.700768e+02 
7.700768e+02 
7.700768e+02 
7.700768e+02 
7.700768e+02 
7.700768e+02 
7.700768e+02 
7.700768e+02 
7.700768e+02 
7.700768e+02 
7.700768e+02 
7.700768e+02 
7.700768e+02 
7.700768e+02 
7.700768e+02 
7.700768e+02 
7.700768e+02 
7.700768e+02 
7.700768e+02 
7.700768e+02 
7.700768e+02 
7.700768e+02 
7.700768e+02 
7.700768e+02 
7.700768e+02 
7.700768e+02 
7.700768e+02 
7.700768e+02 
7.700768e+02 
7.700768e+02 
7.700768e+02 
7.700768e+02 
7.700768e+02 
7.700768e+02 
7.700768e+02 
7.700768e+02 
7.700768e+02 
7.700768e+02 
7.700768e+02 
7.700768e+02 
7.700768e+02 
7.700768e+02 
7.700768e+02 
7.700768e+02 
7.700768e+02 
7.700768e+02 
7.700768e+02 
7.700768e+02 
7.700768e+02 
7.700768e+02 
7.700768e+02 
7.700768e+02 
7.700768e+02 
7.700768e+02 
7.700768e+02 
7.700768e+02 
7.700768e+02 
7.700768e+02 
7.700768e+02 
7.700768e+02 
7.700768e+02 
7.700768e+02 
7.700768e+02 
7.700768e+02 
7.700768e+02 
7.700768e+02 
7.700768e+02 
7.700768e+02 
7.700768e+02 
7.700768e+02 
7.700768e+02 
7.700768e+02 
7.700768e+02 
7.700768e+02 
7.700768e+02 
7.700768e+02 
7.700768e+02 
7.700768e+02 
7.700768e+02 
7.700768e+02 
7.700768e+02 
7.700768e+02 
7.700768e+02 
7.700768e+02 
7.700768e+02 
7.700768e+02 
7.700768e+02 
7.700768e+02 
7.700768e+02 
7.700768e+02 
7.700768e+02 
7.700768e+02 
7.700768e+02 
7.700768e+02 
7.700768e+02 
7.700768e+02 
7.700768e+02 
7.700768e+02 
7.700768e+02 
7.700768e+02 
7.700768e+02 
7.700768e+02 
7.700768e+02 
7.700768e+02 
7.700768e+02 
7.700768e+02 
7.700768e+02 
7.700768e+02 
7.700768e+02 
7.700768e+02 
7.700768e+02 
7.700768e+02 
7.700768e+02 
7.700768e+02 
7.700768e+02 
7.700768e+02 
7.700768e+02 
7.700768e+02 
7.700768e+02 
7.700768e+02 
7.700768e+02 
7.700768e+02 
7.700768e+02 
7.700768e+02 
7.700768e+02 
7.700768e+02 
7.700768e+02 
7.700768e+02 
7.700768e+02 
7.700768e+02 
7.700768e+02 
7.700768e+02 
7.700768e+02 
7.700768e+02 
7.700768e+02 
7.700768e+02 
7.700768e+02 
7.700768e+02 
7.700768e+02 
7.700768e+02 
7.700768e+02 
7.700768e+02 
7.700768e+02 
7.700768e+02 
7.700768e+02 
7.700768e+02 
7.700768e+02 
7.700768e+02 
7.700768e+02 
7.700768e+02 
7.700768e+02 
7.700768e+02 
7.700768e+02 
7.700768e+02 
7.700768e+02 
7.700768e+02 
7.700768e+02 
7.700768e+02 
7.700768e+02 
7.700768e+02 
7.700768e+02 
7.700768e+02 
7.700768e+02 
7.700768e+02 
7.700768e+02 
7.700768e+02 
7.700768e+02 
7.700768e+02 
7.700768e+02 
7.700768e+02 
7.700768e+02 
7.700768e+02 
7.700768e+02 
7.700768e+02 
7.700768e+02 
7.700768e+02 
7.700768e+02 
7.700768e+02 
7.700768e+02 
7.700768e+02 
7.700768e+02 
7.700768e+02 
7.700768e+02 
7.700768e+02 
7.700768e+02 
7.700768e+02 
7.700768e+02 
7.700768e+02 
7.700768e+02 
7.700768e+02 
7.700768e+02 
7.700768e+02 
7.700768e+02 
7.700768e+02 
7.700768e+02 
7.700768e+02 
7.700768e+02 
7.700768e+02 
7.700768e+02 
7.700768e+02 
7.700768e+02 
7.700768e+02 
7.700768e+02 
7.700768e+02 
7.700768e+02 
7.700768e+02 
7.700768e+02 
7.700768e+02 
7.700768e+02 
7.700768e+02 
7.700768e+02 
7.700768e+02 
7.700768e+02 
7.700768e+02 
7.700768e+02 
7.700768e+02 
5.591843e+02 
5.591843e+02 
5.591843e+02 
5.591843e+02 
5.591843e+02 
5.591843e+02 
5.591843e+02 
5.591843e+02 
5.591843e+02 
5.591843e+02 
5.591843e+02 
5.591843e+02 
5.591843e+02 
5.591843e+02 
5.591843e+02 
5.591843e+02 
5.591843e+02 
5.591843e+02 
5.591843e+02 
5.591843e+02 
5.591843e+02 
5.591843e+02 
5.591843e+02 
5.591843e+02 
5.591843e+02 
5.591843e+02 
5.591843e+02 
5.591843e+02 
5.591843e+02 
5.591843e+02 
5.591843e+02 
5.591843e+02 
5.591843e+02 
5.591843e+02 
5.591843e+02 
5.591843e+02 
5.591843e+02 
5.591843e+02 
5.591843e+02 
5.591843e+02 
5.591843e+02 
5.591843e+02 
5.591843e+02 
5.591843e+02 
5.591843e+02 
5.591843e+02 
5.591843e+02 
5.591843e+02 
5.591843e+02 
5.591843e+02 
5.591843e+02 
5.591843e+02 
5.591843e+02 
5.591843e+02 
5.591843e+02 
5.591843e+02 
5.591843e+02 
5.591843e+02 
5.591843e+02 
5.591843e+02 
5.591843e+02 
5.591843e+02 
5.591843e+02 
5.591843e+02 
5.591843e+02 
5.591843e+02 
5.591843e+02 
5.591843e+02 
5.591843e+02 
5.591843e+02 
5.591843e+02 
5.591843e+02 
5.591843e+02 
5.591843e+02 
5.591843e+02 
5.591843e+02 
5.591843e+02 
5.591843e+02 
5.591843e+02 
5.591843e+02 
5.591843e+02 
5.591843e+02 
5.591843e+02 
5.591843e+02 
5.591843e+02 
5.591843e+02 
5.591843e+02 
5.591843e+02 
5.591843e+02 
5.591843e+02 
5.591843e+02 
5.591843e+02 
5.591843e+02 
5.591843e+02 
5.591843e+02 
5.591843e+02 
5.591843e+02 
5.591843e+02 
5.591843e+02 
5.591843e+02 
5.591843e+02 
5.591843e+02 
5.591843e+02 
5.591843e+02 
5.591843e+02 
5.591843e+02 
5.591843e+02 
5.591843e+02 
5.591843e+02 
5.591843e+02 
5.591843e+02 
5.591843e+02 
5.591843e+02 
5.591843e+02 
5.591843e+02 
5.591843e+02 
5.591843e+02 
5.591843e+02 
5.591843e+02 
5.591843e+02 
5.591843e+02 
5.591843e+02 
5.591843e+02 
5.591843e+02 
5.591843e+02 
5.591843e+02 
5.591843e+02 
5.591843e+02 
5.591843e+02 
5.591843e+02 
5.591843e+02 
5.591843e+02 
5.591843e+02 
5.591843e+02 
5.591843e+02 
5.591843e+02 
5.591843e+02 
5.591843e+02 
5.591843e+02 
5.591843e+02 
5.591843e+02 
5.591843e+02 
5.591843e+02 
5.591843e+02 
5.591843e+02 
5.591843e+02 
5.591843e+02 
5.591843e+02 
5.591843e+02 
5.591843e+02 
5.591843e+02 
5.591843e+02 
5.591843e+02 
5.591843e+02 
5.591843e+02 
5.591843e+02 
5.591843e+02 
5.591843e+02 
5.591843e+02 
5.591843e+02 
5.591843e+02 
5.591843e+02 
5.591843e+02 
5.591843e+02 
5.591843e+02 
5.591843e+02 
5.591843e+02 
5.591843e+02 
5.591843e+02 
5.591843e+02 
5.591843e+02 
5.591843e+02 
5.591843e+02 
5.591843e+02 
5.591843e+02 
5.591843e+02 
5.591843e+02 
5.591843e+02 
5.591843e+02 
5.591843e+02 
5.591843e+02 
5.591843e+02 
5.591843e+02 
5.591843e+02 
5.591843e+02 
5.591843e+02 
5.591843e+02 
5.591843e+02 
5.591843e+02 
5.591843e+02 
5.591843e+02 
5.591843e+02 
5.591843e+02 
5.591843e+02 
5.591843e+02 
5.591843e+02 
5.591843e+02 
5.591843e+02 
5.591843e+02 
5.591843e+02 
5.591843e+02 
5.591843e+02 
5.591843e+02 
5.591843e+02 
5.591843e+02 
5.591843e+02 
5.591843e+02 
5.591843e+02 
5.591843e+02 
5.591843e+02 
5.591843e+02 
5.591843e+02 
5.591843e+02 
5.591843e+02 
5.591843e+02 
5.591843e+02 
5.591843e+02 
5.591843e+02 
5.591843e+02 
5.591843e+02 
5.591843e+02 
5.591843e+02 
5.591843e+02 
5.591843e+02 
5.591843e+02 
5.591843e+02 
5.591843e+02 
5.591843e+02 
5.591843e+02 
5.591843e+02 
5.591843e+02 
5.591843e+02 
5.591843e+02 
5.591843e+02 
5.591843e+02 
5.591843e+02 
5.591843e+02 
5.591843e+02 
5.591843e+02 
5.591843e+02 
5.591843e+02 
5.591843e+02 
5.591843e+02 
5.591843e+02 
5.591843e+02 
5.591843e+02 
5.591843e+02 
5.591843e+02 
5.591843e+02 
5.591843e+02 
5.591843e+02 
5.591843e+02 
5.591843e+02 
5.591843e+02 
5.591843e+02 
5.591843e+02 
5.591843e+02 
5.591843e+02 
5.591843e+02 
5.591843e+02 
5.591843e+02 
5.591843e+02 
5.591843e+02 
5.591843e+02 
5.591843e+02 
5.591843e+02 
5.591843e+02 
5.591843e+02 
5.591843e+02 
5.591843e+02 
5.591843e+02 
5.591843e+02 
5.591843e+02 
5.591843e+02 
5.591843e+02 
5.591843e+02 
5.591843e+02 
5.591843e+02 
5.591843e+02 
5.591843e+02 
5.591843e+02 
5.591843e+02 
5.591843e+02 
5.591843e+02 
5.591843e+02 
5.591843e+02 
5.591843e+02 
5.591843e+02 
5.591843e+02 
5.591843e+02 
5.591843e+02 
5.591843e+02 
5.591843e+02 
5.591843e+02 
5.591843e+02 
5.591843e+02 
5.591843e+02 
5.591843e+02 
5.591843e+02 
5.591843e+02 
5.591843e+02 
5.591843e+02 
5.591843e+02 
5.591843e+02 
5.591843e+02 
5.591843e+02 
5.591843e+02 
5.591843e+02 
5.591843e+02 
5.591843e+02 
5.591843e+02 
5.591843e+02 
5.591843e+02 
5.591843e+02 
5.591843e+02 
5.591843e+02 
5.591843e+02 
5.591843e+02 
5.591843e+02 
5.591843e+02 
5.591843e+02 
5.591843e+02 
5.591843e+02 
5.591843e+02 
5.591843e+02 
5.591843e+02 
5.591843e+02 
5.591843e+02 
5.591843e+02 
5.591843e+02 
5.591843e+02 
5.591843e+02 
5.591843e+02 
5.591843e+02 
5.591843e+02 
5.591843e+02 
5.591843e+02 
5.591843e+02 
5.591843e+02 
5.591843e+02 
5.591843e+02 
5.591843e+02 
5.591843e+02 
5.591843e+02 
5.591843e+02 
5.591843e+02 
5.591843e+02 
5.591843e+02 
5.591843e+02 
5.591843e+02 
5.591843e+02 
5.591843e+02 
5.591843e+02 
5.591843e+02 
5.591843e+02 
5.591843e+02 
5.591843e+02 
5.591843e+02 
5.591843e+02 
5.591843e+02 
5.591843e+02 
5.591843e+02 
5.591843e+02 
5.591843e+02 
5.591843e+02 
5.591843e+02 
5.591843e+02 
5.591843e+02 
5.591843e+02 
5.591843e+02 
5.591843e+02 
5.591843e+02 
5.591843e+02 
5.591843e+02 
5.591843e+02 
5.591843e+02 
5.591843e+02 
5.591843e+02 
5.591843e+02 
5.591843e+02 
5.591843e+02 
5.591843e+02 
5.591843e+02 
5.591843e+02 
5.591843e+02 
5.591843e+02 
5.591843e+02 
5.591843e+02 
5.591843e+02 
5.591843e+02 
5.591843e+02 
5.591843e+02 
5.591843e+02 
5.591843e+02 
5.591843e+02 
5.591843e+02 
5.591843e+02 
5.591843e+02 
5.591843e+02 
5.591843e+02 
5.591843e+02 
5.591843e+02 
5.591843e+02 
5.591843e+02 
5.591843e+02 
5.591843e+02 
5.591843e+02 
5.591843e+02 
5.591843e+02 
5.591843e+02 
5.591843e+02 
5.591843e+02 
5.591843e+02 
5.591843e+02 
5.591843e+02 
5.591843e+02 
5.591843e+02 
5.591843e+02 
5.591843e+02 
5.591843e+02 
5.591843e+02 
5.591843e+02 
5.591843e+02 
5.591843e+02 
5.591843e+02 
5.591843e+02 
5.591843e+02 
5.591843e+02 
5.591843e+02 
5.591843e+02 
5.591843e+02 
5.591843e+02 
5.591843e+02 
5.591843e+02 
5.591843e+02 
5.591843e+02 
5.591843e+02 
5.591843e+02 
5.591843e+02 
5.591843e+02 
5.591843e+02 
5.591843e+02 
5.591843e+02 
5.591843e+02 
5.591843e+02 
5.591843e+02 
5.591843e+02 
5.591843e+02 
5.591843e+02 
5.591843e+02 
5.591843e+02 
5.591843e+02 
5.591843e+02 
5.591843e+02 
5.591843e+02 
5.591843e+02 
5.591843e+02 
5.591843e+02 
5.591843e+02 
5.591843e+02 
5.591843e+02 
5.591843e+02 
5.591843e+02 
5.591843e+02 
5.591843e+02 
5.591843e+02 
5.591843e+02 
5.591843e+02 
5.591843e+02 
5.591843e+02 
5.591843e+02 
5.591843e+02 
5.591843e+02 
5.591843e+02 
5.591843e+02 
5.591843e+02 
5.591843e+02 
5.591843e+02 
5.591843e+02 
5.591843e+02 
5.591843e+02 
5.591843e+02 
5.591843e+02 
5.591843e+02 
5.591843e+02 
5.591843e+02 
5.591843e+02 
5.591843e+02 
5.591843e+02 
5.591843e+02 
5.591843e+02 
5.591843e+02 
5.591843e+02 
5.591843e+02 
5.591843e+02 
5.591843e+02 
5.591843e+02 
5.591843e+02 
5.591843e+02 
5.591843e+02 
5.591843e+02 
5.591843e+02 
5.591843e+02 
5.591843e+02 
5.591843e+02 
5.591843e+02 
5.591843e+02 
5.591843e+02 
5.591843e+02 
5.591843e+02 
5.591843e+02 
5.591843e+02 
5.591843e+02 
5.591843e+02 
5.591843e+02 
5.591843e+02 
5.591843e+02 
5.591843e+02 
5.591843e+02 
5.591843e+02 
5.591843e+02 
5.591843e+02 
5.591843e+02 
5.591843e+02 
5.591843e+02 
5.591843e+02 
5.591843e+02 
5.591843e+02 
5.591843e+02 
5.591843e+02 
5.591843e+02 
5.591843e+02 
5.591843e+02 
5.591843e+02 
5.591843e+02 
5.591843e+02 
5.591843e+02 
5.591843e+02 
5.591843e+02 
5.591843e+02 
5.591843e+02 
5.591843e+02 
5.591843e+02 
5.591843e+02 
5.591843e+02 
5.591843e+02 
5.591843e+02 
5.591843e+02 
5.591843e+02 
5.591843e+02 
5.591843e+02 
5.591843e+02 
5.591843e+02 
5.591843e+02 
5.591843e+02 
5.591843e+02 
5.591843e+02 
5.591843e+02 
5.591843e+02 
5.591843e+02 
5.591843e+02 
5.591843e+02 
5.591843e+02 
5.591843e+02 
5.591843e+02 
5.591843e+02 
5.591843e+02 
5.591843e+02 
5.591843e+02 
5.591843e+02 
5.591843e+02 
5.591843e+02 
5.591843e+02 
5.591843e+02 
5.591843e+02 
5.591843e+02 
5.591843e+02 
5.591843e+02 
5.591843e+02 
5.591843e+02 
5.591843e+02 
5.591843e+02 
5.591843e+02 
5.591843e+02 
5.591843e+02 
5.591843e+02 
5.591843e+02 
5.591843e+02 
5.591843e+02 
5.591843e+02 
5.591843e+02 
5.591843e+02 
5.591843e+02 
5.591843e+02 
5.591843e+02 
5.591843e+02 
5.591843e+02 
5.591843e+02 
5.591843e+02 
5.591843e+02 
5.591843e+02 
5.591843e+02 
5.591843e+02 
5.591843e+02 
5.591843e+02 
5.591843e+02 
5.591843e+02 
5.591843e+02 
5.591843e+02 
5.591843e+02 
5.591843e+02 
5.591843e+02 
5.591843e+02 
5.591843e+02 
5.591843e+02 
5.591843e+02 
5.591843e+02 
5.591843e+02 
5.591843e+02 
5.591843e+02 
5.591843e+02 
5.591843e+02 
5.591843e+02 
5.591843e+02 
5.591843e+02 
5.591843e+02 
5.591843e+02 
5.591843e+02 
5.591843e+02 
5.591843e+02 
5.591843e+02 
5.591843e+02 
5.591843e+02 
5.591843e+02 
5.591843e+02 
5.591843e+02 
5.591843e+02 
5.591843e+02 
5.591843e+02 
5.591843e+02 
5.591843e+02 
5.591843e+02 
5.591843e+02 
5.591843e+02 
5.591843e+02 
5.591843e+02 
5.591843e+02 
5.591843e+02 
5.591843e+02 
5.591843e+02 
5.591843e+02 
5.591843e+02 
5.591843e+02 
5.591843e+02 
5.591843e+02 
5.591843e+02 
5.591843e+02 
5.591843e+02 
5.591843e+02 
5.591843e+02 
5.591843e+02 
5.591843e+02 
5.591843e+02 
5.591843e+02 
5.591843e+02 
5.591843e+02 
5.591843e+02 
5.591843e+02 
5.591843e+02 
5.591843e+02 
5.591843e+02 
5.591843e+02 
5.591843e+02 
5.591843e+02 
5.591843e+02 
5.591843e+02 
5.591843e+02 
5.591843e+02 
5.591843e+02 
5.591843e+02 
5.591843e+02 
5.591843e+02 
5.591843e+02 
5.591843e+02 
5.591843e+02 
5.591843e+02 
5.591843e+02 
5.591843e+02 
5.591843e+02 
5.591843e+02 
5.591843e+02 
5.591843e+02 
5.591843e+02 
5.591843e+02 
5.591843e+02 
5.591843e+02 
5.591843e+02 
5.591843e+02 
5.591843e+02 
5.591843e+02 
5.591843e+02 
5.591843e+02 
5.591843e+02 
5.591843e+02 
5.591843e+02 
5.591843e+02 
5.591843e+02 
5.591843e+02 
5.591843e+02 
5.591843e+02 
5.591843e+02 
5.591843e+02 
5.591843e+02 
5.591843e+02 
5.591843e+02 
5.591843e+02 
5.591843e+02 
5.591843e+02 
5.591843e+02 
5.591843e+02 
5.591843e+02 
5.591843e+02 
5.591843e+02 
5.591843e+02 
5.591843e+02 
5.591843e+02 
5.591843e+02 
5.591843e+02 
5.591843e+02 
5.591843e+02 
5.591843e+02 
5.591843e+02 
5.591843e+02 
5.591843e+02 
5.591843e+02 
5.591843e+02 
5.591843e+02 
5.591843e+02 
5.591843e+02 
5.591843e+02 
5.591843e+02 
5.591843e+02 
5.591843e+02 
5.591843e+02 
5.591843e+02 
5.591843e+02 
5.591843e+02 
5.591843e+02 
5.591843e+02 
5.591843e+02 
5.591843e+02 
5.591843e+02 
5.591843e+02 
5.591843e+02 
5.591843e+02 
5.591843e+02 
5.591843e+02 
5.591843e+02 
5.591843e+02 
5.591843e+02 
5.591843e+02 
5.591843e+02 
5.591843e+02 
5.591843e+02 
5.591843e+02 
5.591843e+02 
5.591843e+02 
5.591843e+02 
5.591843e+02 
5.591843e+02 
5.591843e+02 
5.591843e+02 
5.591843e+02 
5.591843e+02 
5.591843e+02 
5.591843e+02 
5.591843e+02 
5.591843e+02 
5.591843e+02 
5.591843e+02 
5.591843e+02 
5.591843e+02 
5.591843e+02 
5.591843e+02 
5.591843e+02 
5.591843e+02 
5.591843e+02 
5.591843e+02 
5.591843e+02 
5.591843e+02 
5.591843e+02 
5.591843e+02 
5.591843e+02 
5.591843e+02 
5.591843e+02 
5.591843e+02 
5.591843e+02 
5.591843e+02 
5.591843e+02 
5.591843e+02 
5.591843e+02 
5.591843e+02 
5.591843e+02 
5.591843e+02 
5.591843e+02 
5.591843e+02 
5.591843e+02 
5.591843e+02 
5.591843e+02 
5.591843e+02 
5.591843e+02 
5.591843e+02 
5.591843e+02 
5.591843e+02 
5.591843e+02 
5.591843e+02 
5.591843e+02 
5.591843e+02 
5.591843e+02 
5.591843e+02 
5.591843e+02 
5.591843e+02 
5.591843e+02 
5.591843e+02 
5.591843e+02 
5.591843e+02 
5.591843e+02 
5.591843e+02 
5.591843e+02 
5.591843e+02 
5.591843e+02 
5.591843e+02 
5.591843e+02 
5.591843e+02 
5.591843e+02 
5.591843e+02 
5.591843e+02 
5.591843e+02 
5.591843e+02 
5.591843e+02 
5.591843e+02 
5.591843e+02 
5.591843e+02 
5.591843e+02 
5.591843e+02 
5.591843e+02 
5.591843e+02 
5.591843e+02 
5.591843e+02 
5.591843e+02 
5.591843e+02 
5.591843e+02 
5.591843e+02 
5.591843e+02 
5.591843e+02 
5.591843e+02 
5.591843e+02 
5.591843e+02 
4.971925e+02 
4.971925e+02 
4.971925e+02 
4.971925e+02 
4.971925e+02 
4.971925e+02 
4.971925e+02 
4.971925e+02 
4.971925e+02 
4.971925e+02 
4.971925e+02 
4.971925e+02 
4.971925e+02 
4.971925e+02 
4.971925e+02 
4.971925e+02 
4.971925e+02 
4.971925e+02 
4.971925e+02 
4.971925e+02 
4.971925e+02 
4.971925e+02 
4.971925e+02 
4.971925e+02 
4.971925e+02 
4.971925e+02 
4.971925e+02 
4.971925e+02 
4.971925e+02 
4.971925e+02 
4.971925e+02 
4.971925e+02 
4.971925e+02 
4.971925e+02 
4.971925e+02 
4.971925e+02 
4.971925e+02 
4.971925e+02 
4.971925e+02 
4.971925e+02 
4.971925e+02 
4.971925e+02 
4.971925e+02 
4.971925e+02 
4.971925e+02 
4.971925e+02 
4.971925e+02 
4.971925e+02 
4.971925e+02 
4.971925e+02 
4.971925e+02 
4.971925e+02 
4.971925e+02 
4.971925e+02 
4.971925e+02 
4.971925e+02 
4.971925e+02 
4.971925e+02 
4.971925e+02 
4.399776e+02 
4.399776e+02 
4.399776e+02 
4.399776e+02 
3.889797e+02 
3.889797e+02 
3.889797e+02 
3.889797e+02 
3.889797e+02 
3.889797e+02 
3.889797e+02 
3.889797e+02 
3.889797e+02 
3.889797e+02 
3.889797e+02 
3.889797e+02 
3.889797e+02 
3.889797e+02 
3.889797e+02 
3.889797e+02 
3.889797e+02 
3.889797e+02 
3.889797e+02 
3.889797e+02 
3.889797e+02 
3.889797e+02 
3.889797e+02 
3.889797e+02 
3.889797e+02 
3.889797e+02 
3.889797e+02 
3.889797e+02 
3.889797e+02 
3.889797e+02 
3.889797e+02 
3.889797e+02 
3.889797e+02 
3.889797e+02 
3.889797e+02 
3.889797e+02 
3.889797e+02 
3.889797e+02 
3.889797e+02 
3.889797e+02 
3.889797e+02 
3.889797e+02 
3.889797e+02 
3.889797e+02 
3.889797e+02 
3.889797e+02 
3.889797e+02 
3.889797e+02 
3.778344e+02 
3.778344e+02 
3.778344e+02 
3.778344e+02 
3.778344e+02 
3.778344e+02 
3.778344e+02 
3.778344e+02 
3.778344e+02 
3.778344e+02 
3.778344e+02 
3.778344e+02 
3.778344e+02 
3.778344e+02 
3.570691e+02 
3.570691e+02 
3.570691e+02 
3.570691e+02 
3.570691e+02 
3.570691e+02 
3.570691e+02 
3.567045e+02 
3.567045e+02 
3.567045e+02 
3.567045e+02 
3.567045e+02 
3.567045e+02 
3.567045e+02 
3.567045e+02 
3.567045e+02 
3.567045e+02 
3.567045e+02 
3.567045e+02 
3.567045e+02 
3.564971e+02 
3.564971e+02 
3.564971e+02 
3.564971e+02 
3.564971e+02 
3.564971e+02 
3.564971e+02 
3.489493e+02 
3.489493e+02 
3.489493e+02 
3.489493e+02 
3.489493e+02 
3.489493e+02 
3.489493e+02 
3.489493e+02 
3.489493e+02 
3.489493e+02 
3.489493e+02 
3.489493e+02 
3.489493e+02 
3.489493e+02 
3.489493e+02 
3.489493e+02 
3.489493e+02 
3.489493e+02 
3.489493e+02 
3.437666e+02 
3.437666e+02 
3.437666e+02 
3.437666e+02 
3.437666e+02 
3.437666e+02 
3.437666e+02 
3.437666e+02 
3.437666e+02 
3.437666e+02 
3.437666e+02 
3.437666e+02 
3.437666e+02 
3.437666e+02 
3.437666e+02 
3.437666e+02 
3.437666e+02 
3.437666e+02 
3.437666e+02 
3.437666e+02 
3.437666e+02 
3.437666e+02 
3.437666e+02 
3.437666e+02 
3.437666e+02 
3.437666e+02 
3.437666e+02 
3.437666e+02 
3.437666e+02 
3.437666e+02 
3.437666e+02 
3.437666e+02 
3.437666e+02 
3.437666e+02 
3.419855e+02 
3.419855e+02 
3.419855e+02 
3.419855e+02 
3.419855e+02 
3.419855e+02 
3.419855e+02 
3.419855e+02 
3.419855e+02 
3.419855e+02 
3.419855e+02 
3.419855e+02 
3.419855e+02 
3.419855e+02 
3.419855e+02 
3.419855e+02 
3.419855e+02 
2.595614e+02 
2.595614e+02 
2.595614e+02 
2.595614e+02 
2.595614e+02 
2.595614e+02 
2.595614e+02 
2.595614e+02 
2.595614e+02 
2.595614e+02 
2.595614e+02 
2.595614e+02 
2.595614e+02 
2.595614e+02 
2.595614e+02 
2.595614e+02 
2.595614e+02 
2.595614e+02 
2.595614e+02 
2.595614e+02 
2.595614e+02 
2.595614e+02 
2.595614e+02 
2.595614e+02 
2.595614e+02 
2.595614e+02 
2.595614e+02 
2.595614e+02 
2.595614e+02 
2.595614e+02 
2.595614e+02 
2.595614e+02 
2.595614e+02 
2.595614e+02 
2.595614e+02 
2.595614e+02 
2.595614e+02 
2.595614e+02 
2.595614e+02 
2.595614e+02 
2.595614e+02 
2.595614e+02 
2.595614e+02 
2.595614e+02 
2.595614e+02 
2.595614e+02 
2.595614e+02 
2.595614e+02 
2.595614e+02 
2.595614e+02 
2.595614e+02 
2.595614e+02 
2.073071e+02 
2.073071e+02 
2.073071e+02 
2.073071e+02 
2.073071e+02 
2.073071e+02 
2.073071e+02 
2.073071e+02 
2.073071e+02 
2.073071e+02 
2.073071e+02 
2.073071e+02 
2.073071e+02 
2.073071e+02 
2.073071e+02 
2.073071e+02 
2.073071e+02 
2.073071e+02 
2.073071e+02 
2.073071e+02 
2.073071e+02 
2.073071e+02 
2.073071e+02 
2.073071e+02 
2.073071e+02 
2.073071e+02 
2.073071e+02 
2.073071e+02 
2.073071e+02 
2.073071e+02 
2.073071e+02 
2.073071e+02 
2.073071e+02 
2.073071e+02 
2.073071e+02 
2.073071e+02 
2.073071e+02 
2.073071e+02 
2.073071e+02 
2.073071e+02 
1.805820e+02 
1.805820e+02 
1.805820e+02 
1.805820e+02 
1.805820e+02 
1.805820e+02 
1.805820e+02 
1.805820e+02 
1.805820e+02 
1.805820e+02 
1.805820e+02 
1.805820e+02 
1.805820e+02 
1.805820e+02 
1.805820e+02 
1.805820e+02 
1.805820e+02 
1.805820e+02 
1.805820e+02 
1.805820e+02 
1.805820e+02 
1.805820e+02 
1.805820e+02 
1.805820e+02 
1.805820e+02 
1.805820e+02 
1.805820e+02 
1.805820e+02 
1.805820e+02 
1.805820e+02 
1.805820e+02 
1.805820e+02 
1.805820e+02 
1.805820e+02 
1.805820e+02 
1.805820e+02 
1.805820e+02 
1.805820e+02 
1.805820e+02 
1.805820e+02 
1.805820e+02 
1.805820e+02 
1.805820e+02 
1.805820e+02 
1.805820e+02 
1.805820e+02 
1.805820e+02 
1.805820e+02 
1.805820e+02 
1.805820e+02 
1.805820e+02 
1.805820e+02 
1.805820e+02 
1.805820e+02 
1.805820e+02 
1.805820e+02 
1.805820e+02 
1.805820e+02 
1.805820e+02 
1.805820e+02 
1.805820e+02 
1.805820e+02 
1.805820e+02 
1.805820e+02 
1.805820e+02 
1.805820e+02 
1.805820e+02 
1.805820e+02 
1.805820e+02 
1.805820e+02 
1.805820e+02 
1.805820e+02 
1.805820e+02 
1.805820e+02 
1.805820e+02 
1.805820e+02 
1.805820e+02 
1.805820e+02 
1.805820e+02 
1.805820e+02 
1.805820e+02 
1.805820e+02 
1.805820e+02 
1.805820e+02 
1.805820e+02 
1.805820e+02 
1.805820e+02 
1.805820e+02 
1.805820e+02 
1.805820e+02 
1.805820e+02 
1.805820e+02 
1.805820e+02 
1.805820e+02 
1.805820e+02 
1.805820e+02 
1.805820e+02 
1.805820e+02 
1.805820e+02 
1.805820e+02 
1.805820e+02 
1.805820e+02 
1.805820e+02 
1.805820e+02 
1.805820e+02 
1.805820e+02 
1.805820e+02 
1.805820e+02 
1.805820e+02 
1.805820e+02 
1.805820e+02 
1.805820e+02 
1.805820e+02 
1.805820e+02 
1.805820e+02 
1.805820e+02 
1.805820e+02 
1.805820e+02 
1.805820e+02 
1.805820e+02 
1.805820e+02 
1.805820e+02 
1.805820e+02 
1.805820e+02 
1.805820e+02 
1.805820e+02 
1.805820e+02 
1.805820e+02 
1.805820e+02 
1.805820e+02 
1.805820e+02 
1.805820e+02 
1.805820e+02 
1.805820e+02 
1.805820e+02 
1.805820e+02 
1.805820e+02 
1.805820e+02 
1.805820e+02 
1.805820e+02 
1.805820e+02 
1.805820e+02 
1.805820e+02 
1.805820e+02 
1.805820e+02 
1.805820e+02 
1.805820e+02 
1.805820e+02 
1.805820e+02 
1.805820e+02 
1.805820e+02 
1.805820e+02 
1.805820e+02 
1.805820e+02 
1.805820e+02 
1.805820e+02 
1.805820e+02 
1.805820e+02 
1.805820e+02 
1.805820e+02 
1.805820e+02 
1.805820e+02 
1.805820e+02 
1.805820e+02 
1.805820e+02 
1.805820e+02 
1.805820e+02 
1.805820e+02 
1.805820e+02 
1.805820e+02 
1.805820e+02 
1.805820e+02 
1.805820e+02 
1.803466e+02 
1.803466e+02 
1.803466e+02 
1.803466e+02 
1.803466e+02 
1.803466e+02 
1.803466e+02 
1.803466e+02 
1.803466e+02 
1.803466e+02 
1.781638e+02 
1.672671e+02 
1.594605e+02 
1.537990e+02 
1.496442e+02 
1.465612e+02 
1.442502e+02 
1.425023e+02 
1.411700e+02 
1.401476e+02 
1.393586e+02 
1.387469e+02 
1.382707e+02 
1.378990e+02 
1.376080e+02 
1.373797e+02 
1.372004e+02 
1.370593e+02 
1.369482e+02 
1.368606e+02 
1.367915e+02 
1.367370e+02 
1.366940e+02 
1.366601e+02 
1.366332e+02 
1.366121e+02 
1.365953e+02 
1.365821e+02 
1.365717e+02 
1.365634e+02 
1.365569e+02 
1.365517e+02 
1.365477e+02 
1.365445e+02 
1.365419e+02 
1.365399e+02 
1.365383e+02 
1.365371e+02 
1.365361e+02 
1.365353e+02 
1.365347e+02 
1.365342e+02 
1.365338e+02 
1.365335e+02 
1.365333e+02 
1.365331e+02 
1.365329e+02 
1.365328e+02 
1.365327e+02 
1.365326e+02 
1.365326e+02 
1.365325e+02 
1.365325e+02 
1.365325e+02 
1.365325e+02 
1.365324e+02 
1.365324e+02 
1.365324e+02 
1.365324e+02 
1.365324e+02 
1.365324e+02 
1.365324e+02 
1.365324e+02 
1.365324e+02 
1.365324e+02 
1.365324e+02 
1.365324e+02 
1.365324e+02 
1.365324e+02 
1.365324e+02 
1.365324e+02 
1.365324e+02 
1.365324e+02 
1.365324e+02 
1.365324e+02 
1.365324e+02 
1.365324e+02 
1.365324e+02 
1.365324e+02 
1.365324e+02 
1.365324e+02 
1.365324e+02 
1.365324e+02 
1.365324e+02 
1.365324e+02 
1.365324e+02 
1.365324e+02 
1.365324e+02 
1.365324e+02 
1.365324e+02 
1.365324e+02 
1.365324e+02 
1.365324e+02 
1.365324e+02 
1.365324e+02 
1.365324e+02 
1.365324e+02 
1.271944e+02 
1.262566e+02 
1.193648e+02 
1.146849e+02 
1.114637e+02 
1.092149e+02 
1.076225e+02 
1.064792e+02 
1.056475e+02 
1.050352e+02 
1.045794e+02 
1.042370e+02 
1.039776e+02 
1.037798e+02 
1.036280e+02 
1.035110e+02 
1.034205e+02 
1.033502e+02 
1.032955e+02 
1.032529e+02 
1.032195e+02 
1.031935e+02 
1.031731e+02 
1.031572e+02 
1.031446e+02 
1.031348e+02 
1.031271e+02 
1.031211e+02 
1.031163e+02 
1.031126e+02 
1.031097e+02 
1.031074e+02 
1.031056e+02 
1.031042e+02 
1.031031e+02 
1.031022e+02 
1.031015e+02 
1.031010e+02 
1.031006e+02 
1.031002e+02 
1.031000e+02 
1.030998e+02 
1.030996e+02 
1.030995e+02 
9.702870e+01 
9.702870e+01 
9.702870e+01 
9.702870e+01 
9.702870e+01 
9.625594e+01 
9.488933e+01 
9.399529e+01 
9.340358e+01 
9.300689e+01 
9.273723e+01 
9.255126e+01 
9.242110e+01 
9.232868e+01 
9.226215e+01 
9.221362e+01 
9.217782e+01 
9.215113e+01 
9.213105e+01 
9.211584e+01 
9.210423e+01 
9.209533e+01 
9.208848e+01 
9.208318e+01 
9.207908e+01 
9.207589e+01 
9.207341e+01 
9.207148e+01 
9.206997e+01 
9.206879e+01 
9.206787e+01 
9.206715e+01 
9.206659e+01 
9.206615e+01 
9.206581e+01 
9.206554e+01 
9.206533e+01 
9.206517e+01 
9.206504e+01 
9.206494e+01 
9.206486e+01 
9.206480e+01 
9.206475e+01 
9.206471e+01 
9.206468e+01 
9.206466e+01 
9.206464e+01 
9.206462e+01 
9.206461e+01 
9.206461e+01 
9.206460e+01 
9.065080e+01 
9.065080e+01 
9.026401e+01 
9.026401e+01 
9.026401e+01 
8.754866e+01 
8.642599e+01 
8.642599e+01 
8.642599e+01 
6.784948e+01 
5.003911e+01 
4.616255e+01 
4.616255e+01 
4.616255e+01 
4.616255e+01 
4.616255e+01 
4.616255e+01 
4.447524e+01 
4.099339e+01 
4.099339e+01 
4.099339e+01 
4.099339e+01 
4.099339e+01 
4.099339e+01 
4.099339e+01 
4.099339e+01 
4.088041e+01 
4.088041e+01 
4.088041e+01 
4.088041e+01 
4.088041e+01 
4.088041e+01 
4.088041e+01 
4.088041e+01 
4.088041e+01 
4.088041e+01 
4.088041e+01 
4.070621e+01 
4.070621e+01 
4.070621e+01 
4.020551e+01 
4.020551e+01 
4.020551e+01 
3.195843e+01 
3.195843e+01 
3.195843e+01 
3.195843e+01 
3.195843e+01 
3.195843e+01 
3.195843e+01 
3.195843e+01 
3.195843e+01 
3.195843e+01 
3.195843e+01 
3.195843e+01 
3.195843e+01 
3.195843e+01 
2.739077e+01 
2.739077e+01 
2.739077e+01 
2.739077e+01 
2.739077e+01 
2.739077e+01 
2.739077e+01 
2.739077e+01 
2.739077e+01 
2.739077e+01 
2.739077e+01 
2.739077e+01 
2.739077e+01 
2.739077e+01 
2.739077e+01 
2.739077e+01 
2.739077e+01 
2.739077e+01 
2.739077e+01 
2.739077e+01 
2.739077e+01 
2.739077e+01 
2.739077e+01 
2.739077e+01 
2.739077e+01 
2.739077e+01 
2.739077e+01 
2.739077e+01 
2.739077e+01 
2.739077e+01 
2.739077e+01 
2.739077e+01 
2.739077e+01 
2.739077e+01 
2.739077e+01 
2.739077e+01 
2.739077e+01 
2.739077e+01 
2.739077e+01 
2.739077e+01 
2.739077e+01 
2.739077e+01 
2.739077e+01 
2.739077e+01 
2.739077e+01 
2.739077e+01 
2.739077e+01 
2.739077e+01 
2.739077e+01 
2.739077e+01 
2.739077e+01 
2.739077e+01 
2.739077e+01 
2.739077e+01 
2.739077e+01 
2.739077e+01 
2.739077e+01 
2.739077e+01 
2.739077e+01 
2.739077e+01 
2.739077e+01 
2.739077e+01 
2.739077e+01 
2.739077e+01 
2.739077e+01 
2.739077e+01 
2.739077e+01 
2.739077e+01 
2.739077e+01 
2.739077e+01 
2.739077e+01 
2.739077e+01 
2.733121e+01 
2.733121e+01 
2.733121e+01 
2.733121e+01 
2.696458e+01 
2.696458e+01 
2.681024e+01 
2.681024e+01 
1.739698e+01 
1.739698e+01 
1.739698e+01 
1.739698e+01 
1.739698e+01 
1.739698e+01 
1.739698e+01 
1.739698e+01 
1.739698e+01 
1.739698e+01 
1.739698e+01 
1.739698e+01 
1.739698e+01 
1.739698e+01 
1.739698e+01 
1.739698e+01 
1.739698e+01 
1.739698e+01 
1.739698e+01 
1.739698e+01 
1.739698e+01 
1.739698e+01 
1.739698e+01 
1.739698e+01 
1.739698e+01 
1.739698e+01 
1.739698e+01 
1.739698e+01 
1.739698e+01 
1.739698e+01 
1.662650e+01 
1.662650e+01 
1.662650e+01 
1.662650e+01 
1.662650e+01 
1.662650e+01 
1.662650e+01 
1.662650e+01 
1.662650e+01 
1.662650e+01 
1.662650e+01 
1.662650e+01 
1.662650e+01 
1.662650e+01 
1.432039e+01 
1.432039e+01 
1.432039e+01 
1.432039e+01 
1.432039e+01 
1.432039e+01 
1.432039e+01 
1.432039e+01 
1.432039e+01 
1.432039e+01 
1.432039e+01 
1.432039e+01 
1.432039e+01 
1.432039e+01 
1.432039e+01 
1.432039e+01 
1.432039e+01 
1.432039e+01 
1.432039e+01 
1.432039e+01 
1.432039e+01 
1.432039e+01 
1.432039e+01 
1.432039e+01 
1.432039e+01 
1.432039e+01 
1.432039e+01 
1.432039e+01 
1.432039e+01 
1.432039e+01 
1.432039e+01 
1.432039e+01 
1.432039e+01 
1.432039e+01 
1.432039e+01 
1.432039e+01 
1.432039e+01 
1.414080e+01 
1.414080e+01 
1.126062e+01 
1.126062e+01 
1.126062e+01 
1.126062e+01 
7.957186e+00 
7.957186e+00 
7.025233e+00 
7.025233e+00 
7.025233e+00 
7.025233e+00 
7.025233e+00 
7.025233e+00 
7.025233e+00 
7.025233e+00 
7.025233e+00 
7.025233e+00 
7.025233e+00 
7.025233e+00 
7.025233e+00 
7.025233e+00 
7.025233e+00 
7.025233e+00 
7.025233e+00 
7.025233e+00 
6.577765e+00 
6.577765e+00 
6.577765e+00 
6.577765e+00 
6.577765e+00 
5.453058e+00 
5.453058e+00 
5.453058e+00 
5.453058e+00 
5.453058e+00 
5.453058e+00 
5.453058e+00 
5.429222e+00 
5.429222e+00 
5.429222e+00 
5.429222e+00 
5.429222e+00 
5.354356e+00 
5.261537e+00 
5.261537e+00 
5.261537e+00 
5.261537e+00 
5.261537e+00 
5.261537e+00 
5.261537e+00 
5.261537e+00 
5.261537e+00 
5.261537e+00 
5.261537e+00 
5.261537e+00 
5.261537e+00 
5.261537e+00 
5.261537e+00 
5.261537e+00 
5.261537e+00 
5.261537e+00 
5.261537e+00 
5.261537e+00 
5.261537e+00 
5.261537e+00 
5.261537e+00 
5.261537e+00 
5.261537e+00 
5.261537e+00 
5.261537e+00 
5.261537e+00 
5.261537e+00 
5.261537e+00 
5.261537e+00 
5.261537e+00 
5.261537e+00 
5.261537e+00 
5.261537e+00 
5.261537e+00 
5.261537e+00 
5.261537e+00 
5.261537e+00 
5.261537e+00 
5.261537e+00 
5.261537e+00 
5.261537e+00 
5.261537e+00 
5.261537e+00 
5.261537e+00 
5.261537e+00 
5.261537e+00 
5.230723e+00 
5.230723e+00 
5.230723e+00 
5.230723e+00 
5.230723e+00 
5.230723e+00 
5.230723e+00 
5.230723e+00 
5.230723e+00 
5.230723e+00 
5.230723e+00 
5.230723e+00 
5.230723e+00 
5.230723e+00 
5.230723e+00 
5.230723e+00 
5.230723e+00 
5.230723e+00 
5.230723e+00 
5.230723e+00 
5.230723e+00 
5.230723e+00 
5.230723e+00 
5.230723e+00 
5.230723e+00 
5.230723e+00 
5.230723e+00 
5.230723e+00 
5.230723e+00 
5.230723e+00 
5.229307e+00 
5.229307e+00 
5.229307e+00 
5.229307e+00 
5.229307e+00 
5.229307e+00 
5.229307e+00 
5.229307e+00 
5.229307e+00 
5.229307e+00 
5.229307e+00 
5.229307e+00 
5.229307e+00 
5.229307e+00 
5.229307e+00 
5.228257e+00 
5.228257e+00 
5.228257e+00 
5.228257e+00 
5.228257e+00 
5.228257e+00 
5.228257e+00 
5.228257e+00 
5.228257e+00 
5.228257e+00 
5.228257e+00 
5.228257e+00 
5.228257e+00 
5.228257e+00 
5.228257e+00 
5.228257e+00 
5.228257e+00 
5.228257e+00 
5.228257e+00 
5.228257e+00 
5.228257e+00 
5.228257e+00 
5.228257e+00 
5.228257e+00 
5.228257e+00 
5.228257e+00 
5.228257e+00 
5.228257e+00 
5.228257e+00 
5.228257e+00 
5.228257e+00 
5.228257e+00 
5.228257e+00 
5.228257e+00 
5.228257e+00 
4.956494e+00 
4.942627e+00 
4.942627e+00 
4.942627e+00 
4.942627e+00 
4.942627e+00 
4.460844e+00 
4.460844e+00 
4.460844e+00 
4.460844e+00 
4.460844e+00 
4.460844e+00 
4.460844e+00 
4.460844e+00 
4.460844e+00 
4.460844e+00 
4.316748e+00 
4.316748e+00 
4.316748e+00 
4.316748e+00 
4.316748e+00 
4.316748e+00 
4.316748e+00 
4.316748e+00 
4.316748e+00 
4.290696e+00 
4.290696e+00 
4.242898e+00 
4.153444e+00 
4.153444e+00 
4.153444e+00 
4.153444e+00 
4.134529e+00 
4.134529e+00 
4.126421e+00 
4.126421e+00 
4.126421e+00 
4.124486e+00 
4.124486e+00 
4.092857e+00 
4.092857e+00 
4.092857e+00 
4.092857e+00 
4.092857e+00 
4.070254e+00 
4.070254e+00 
4.070254e+00 
4.070254e+00 
4.070254e+00 
4.070254e+00 
4.070254e+00 
4.070254e+00 
4.070254e+00 
4.070254e+00 
4.070254e+00 
4.070254e+00 
4.070254e+00 
4.070254e+00 
4.070254e+00 
4.070254e+00 
4.070254e+00 
4.070254e+00 
4.070254e+00 
4.070254e+00 
4.070254e+00 
4.070254e+00 
4.070254e+00 
4.070254e+00 
4.070254e+00 
4.070254e+00 
4.070254e+00 
4.070254e+00 
4.070254e+00 
4.070254e+00 
4.070254e+00 
4.070254e+00 
4.070254e+00 
4.070254e+00 
4.070254e+00 
4.070254e+00 
4.070254e+00 
4.070254e+00 
4.070254e+00 
4.070254e+00 
4.070254e+00 
4.070254e+00 
4.070254e+00 
4.070254e+00 
4.070254e+00 
4.070254e+00 
4.070254e+00 
4.070254e+00 
4.070254e+00 
4.070254e+00 
4.070254e+00 
4.070254e+00 
4.070254e+00 
4.070254e+00 
4.070254e+00 
4.068477e+00 
4.068477e+00 
4.068477e+00 
4.066609e+00 
4.066609e+00 
4.066609e+00 
4.066609e+00 
4.066609e+00 
4.066609e+00 
4.066609e+00 
4.066609e+00 
4.066609e+00 
4.066609e+00 
4.066609e+00 
4.066609e+00 
4.066547e+00 
4.066547e+00 
4.066547e+00 
4.066547e+00 
4.066547e+00 
4.066547e+00 
4.066547e+00 
4.066547e+00 
4.066547e+00 
4.066547e+00 
4.066547e+00 
4.066547e+00 
4.066547e+00 
4.066547e+00 
4.066547e+00 
4.066547e+00 
4.066547e+00 
4.066547e+00 
4.066547e+00 
4.066547e+00 
4.066547e+00 
4.066547e+00 
4.066547e+00 
4.066547e+00 
4.066275e+00 
4.066275e+00 
4.066275e+00 
4.066275e+00 
4.066275e+00 
4.066275e+00 
4.066275e+00 
4.066275e+00 
4.066275e+00 
4.066275e+00 
4.066275e+00 
4.066275e+00 
4.066256e+00 
4.066256e+00 
4.066177e+00 
4.066177e+00 
4.066177e+00 
4.066177e+00 
4.066177e+00 
4.066177e+00 
4.066177e+00 
4.066177e+00 
4.066177e+00 
4.066177e+00 
4.066177e+00 
4.066177e+00 
4.066177e+00 
4.066177e+00 
4.066177e+00 
4.066177e+00 
4.066130e+00 
4.066130e+00 
4.066130e+00 
4.066130e+00 
4.066130e+00 
4.065954e+00 
4.065954e+00 
4.065954e+00 
4.065954e+00 
4.065954e+00 
4.065954e+00 
4.065954e+00 
4.065946e+00 
4.065946e+00 
4.065801e+00 
4.065773e+00 
4.065773e+00 
4.065764e+00 
4.065764e+00 
4.065764e+00 
4.065764e+00 
4.065764e+00 
4.065764e+00 
4.065755e+00 
4.065747e+00 
4.065747e+00 
4.065747e+00 
4.065747e+00 
4.065747e+00 
4.065736e+00 
4.065736e+00 
4.065736e+00 
4.065736e+00 
4.065736e+00 
4.065736e+00 
4.065736e+00 
4.065736e+00 
4.065736e+00 
4.065736e+00 
4.065736e+00 
4.065736e+00 
4.065736e+00 
4.065734e+00 
4.065734e+00 
4.065734e+00 
4.065734e+00 
4.065734e+00 
4.065734e+00 
4.065734e+00 
4.065734e+00 
4.065734e+00 
4.065734e+00 
4.065732e+00 
4.065732e+00 
4.065732e+00 
4.065732e+00 
4.065732e+00 
4.065732e+00 
4.065732e+00 
4.065732e+00 
4.065732e+00 
4.065732e+00 
4.065732e+00 
4.065732e+00 
4.065732e+00 
4.065731e+00 
4.065731e+00 
4.065731e+00 
4.065731e+00 
4.065731e+00 
4.065731e+00 
4.065731e+00 
4.065731e+00 
4.065731e+00 
4.065731e+00 
4.065731e+00 
4.065731e+00 
4.065731e+00 
4.065731e+00 
4.065731e+00 
4.065731e+00 
4.065731e+00 
4.065731e+00 
4.065731e+00 
4.065731e+00 
4.065731e+00 
4.065731e+00 
4.065731e+00 
4.065731e+00 
4.065731e+00 
4.065731e+00 
4.065731e+00 
4.065731e+00 
4.065731e+00 
4.065731e+00 
4.065731e+00 
4.065731e+00 
4.065731e+00 
4.065731e+00 
4.065731e+00 
4.065731e+00 
4.065731e+00 
4.065731e+00 
4.065731e+00 
4.065731e+00 
4.065731e+00 
4.065731e+00 
4.065731e+00 
4.065731e+00 
4.065731e+00 
4.065731e+00 
4.065731e+00 
4.065731e+00 
4.065731e+00 
4.065731e+00 
4.065731e+00 
4.065731e+00 
4.065731e+00 
4.065731e+00 
4.065731e+00 
4.065731e+00 
4.065731e+00 
4.065731e+00 
4.065731e+00 
4.065731e+00 
4.065731e+00 
4.065731e+00 
4.065731e+00 
4.065731e+00 
4.065731e+00 
4.065731e+00 
4.065731e+00 
4.065731e+00 
4.065731e+00 
4.065731e+00 
4.065731e+00 
4.065731e+00 
4.065731e+00 
4.065731e+00 
4.065731e+00 
4.065731e+00 
4.065731e+00 
4.065731e+00 
4.065731e+00 
4.065731e+00 
4.065731e+00 
4.065731e+00 
4.065731e+00 
4.065731e+00 
4.065731e+00 
4.065731e+00 
4.065731e+00 
4.065731e+00 
4.065731e+00 
4.065731e+00 
4.065731e+00 
4.065731e+00 
4.065731e+00 
4.065731e+00 
4.065731e+00 
4.065731e+00 
4.065731e+00 
4.065731e+00 
4.065731e+00 
4.065731e+00 
4.065731e+00 
4.065731e+00 
4.065731e+00 
4.065731e+00 
4.065731e+00 
4.065731e+00 
4.065731e+00 
4.065731e+00 
4.065731e+00 
4.065731e+00 
4.065731e+00 
4.065731e+00 
4.065731e+00 
4.065731e+00 
4.065731e+00 
4.065731e+00 
4.065731e+00 
4.065731e+00 
4.065731e+00 
3.847829e+00 
3.847829e+00 
3.847829e+00 
3.847829e+00 
3.847829e+00 
3.847829e+00 
3.847829e+00 
3.847829e+00 
3.847829e+00 
3.847829e+00 
3.847829e+00 
3.847829e+00 
3.847829e+00 
3.847829e+00 
3.847829e+00 
3.847829e+00 
3.847829e+00 
3.847829e+00 
3.847829e+00 
3.847829e+00 
3.847829e+00 
3.847829e+00 
3.847829e+00 
3.847829e+00 
3.847829e+00 
3.847829e+00 
3.847829e+00 
3.834955e+00 
3.834955e+00 
3.834955e+00 
3.834955e+00 
3.834955e+00 
3.834955e+00 
3.832740e+00 
3.832740e+00 
3.832740e+00 
3.832740e+00 
3.832740e+00 
3.832740e+00 
3.832740e+00 
3.832740e+00 
3.832740e+00 
3.832740e+00 
3.806840e+00 
3.806840e+00 
3.806840e+00 
3.806840e+00 
3.806840e+00 
3.806840e+00 
3.806840e+00 
3.806840e+00 
3.806840e+00 
3.806840e+00 
3.806840e+00 
3.806840e+00 
3.803943e+00 
3.803943e+00 
3.803943e+00 
3.803943e+00 
3.803943e+00 
3.803943e+00 
3.803943e+00 
3.803943e+00 
3.803943e+00 
3.803943e+00 
3.803943e+00 
3.803943e+00 
3.791364e+00 
3.791364e+00 
3.791364e+00 
3.791364e+00 
3.791364e+00 
3.791364e+00 
3.788786e+00 
3.788786e+00 
3.786705e+00 
3.786705e+00 
3.780918e+00 
3.780918e+00 
3.780918e+00 
3.779698e+00 
3.779698e+00 
3.779698e+00 
3.779698e+00 
3.779698e+00 
3.779698e+00 
3.779698e+00 
3.779698e+00 
3.779240e+00 
3.779240e+00 
3.779240e+00 
3.779240e+00 
3.779178e+00 
3.779178e+00 
3.779178e+00 
3.779178e+00 
3.779178e+00 
3.779178e+00 
3.778709e+00 
3.778709e+00 
3.778709e+00 
3.778709e+00 
3.778709e+00 
3.778582e+00 
3.778582e+00 
3.778354e+00 
3.778265e+00 
3.778264e+00 
3.778264e+00 
3.778264e+00 
3.778264e+00 
3.778264e+00 
3.778264e+00 
3.778233e+00 
3.778217e+00 
3.778210e+00 
3.778208e+00 
3.778208e+00 
3.778208e+00 
3.778184e+00 
3.778153e+00 
3.778130e+00 
3.778113e+00 
3.778100e+00 
3.778091e+00 
3.778085e+00 
3.778080e+00 
3.778076e+00 
3.778073e+00 
3.778071e+00 
3.778070e+00 
3.778069e+00 
3.778068e+00 
3.778068e+00 
3.778067e+00 
3.778067e+00 
3.778067e+00 
3.778066e+00 
3.778066e+00 
3.778066e+00 
3.778066e+00 
3.778066e+00 
3.778066e+00 
3.778066e+00 
3.778066e+00 
3.778066e+00 
3.778066e+00 
3.778066e+00 
3.778066e+00 
3.778066e+00 
3.778066e+00 
3.778066e+00 
3.778066e+00 
3.778066e+00 
3.778066e+00 
3.778066e+00 
3.778066e+00 
3.778066e+00 
3.778066e+00 
3.778066e+00 
3.778066e+00 
3.778066e+00 
3.778066e+00 
3.778066e+00 
3.778066e+00 
3.778066e+00 
3.778066e+00 
3.778066e+00 
3.778066e+00 
3.778066e+00 
3.778066e+00 
3.778066e+00 
3.778066e+00 
3.778066e+00 
3.778066e+00 
3.778066e+00 
3.778066e+00 
3.777025e+00 
3.777025e+00 
3.777025e+00 
3.777025e+00 
3.777025e+00 
3.775212e+00 
3.775212e+00 
3.775212e+00 
3.775212e+00 
3.768103e+00 
3.767585e+00 
3.763701e+00 
3.763701e+00 
3.763701e+00 
3.763701e+00 
3.756956e+00 
3.751377e+00 
3.751377e+00 
3.751377e+00 
3.749343e+00 
3.749343e+00 
3.749343e+00 
3.749343e+00 
3.749343e+00 
3.749343e+00 
3.749343e+00 
3.749343e+00 
3.749343e+00 
3.749343e+00 
3.749343e+00 
3.749343e+00 
3.749343e+00 
3.749343e+00 
3.749343e+00 
3.749343e+00 
3.749343e+00 
3.749343e+00 
3.749343e+00 
3.749343e+00 
3.749343e+00 
3.749343e+00 
3.749343e+00 
3.749343e+00 
3.749343e+00 
3.749343e+00 
3.749343e+00 
3.749343e+00 
3.749343e+00 
3.749343e+00 
3.741131e+00 
3.741131e+00 
3.741131e+00 
3.741131e+00 
3.741131e+00 
3.741131e+00 
3.741131e+00 
3.739446e+00 
3.739446e+00 
3.739446e+00 
3.739446e+00 
3.739446e+00 
3.739021e+00 
3.739021e+00 
3.739021e+00 
3.738917e+00 
3.738865e+00 
3.738850e+00 
3.738850e+00 
3.738850e+00 
3.738775e+00 
3.738675e+00 
3.738604e+00 
3.738553e+00 
3.738516e+00 
3.738489e+00 
3.738469e+00 
3.738455e+00 
3.738444e+00 
3.738437e+00 
3.738431e+00 
3.738427e+00 
3.738424e+00 
3.738422e+00 
3.738420e+00 
3.738419e+00 
3.738418e+00 
3.738418e+00 
3.738417e+00 
3.738417e+00 
3.738417e+00 
3.738417e+00 
3.738416e+00 
3.738416e+00 
3.738416e+00 
3.738416e+00 
3.738403e+00 
3.737322e+00 
3.737322e+00 
3.737322e+00 
3.737322e+00 
3.737322e+00 
3.736461e+00 
3.736461e+00 
3.735669e+00 
3.735669e+00 
3.735669e+00 
3.734758e+00 
3.734311e+00 
3.734311e+00 
3.734311e+00 
3.734259e+00 
3.733895e+00 
3.733705e+00 
3.733608e+00 
3.733558e+00 
3.733533e+00 
3.733522e+00 
3.733516e+00 
3.733514e+00 
3.733514e+00 
3.733514e+00 
3.733514e+00 
3.733509e+00 
3.733500e+00 
3.733495e+00 
3.733490e+00 
3.733487e+00 
3.733485e+00 
3.733484e+00 
3.733483e+00 
3.733482e+00 
3.733481e+00 
3.733481e+00 
3.733480e+00 
3.733480e+00 
3.733480e+00 
3.733480e+00 
3.733480e+00 
3.733480e+00 
3.733480e+00 
3.733480e+00 
3.733480e+00 
3.733480e+00 
3.733480e+00 
3.732773e+00 
3.732773e+00 
3.732773e+00 
3.731334e+00 
3.730688e+00 
3.730688e+00 
3.730688e+00 
3.730529e+00 
3.730529e+00 
3.730529e+00 
3.730529e+00 
3.730529e+00 
3.730529e+00 
3.730529e+00 
3.730529e+00 
3.730529e+00 
3.730529e+00 
3.730529e+00 
3.730529e+00 
3.730529e+00 
3.730529e+00 
3.730529e+00 
3.730529e+00 
3.730529e+00 
3.730529e+00 
3.730529e+00 
3.730529e+00 
3.730529e+00 
3.730529e+00 
3.730529e+00 
3.730529e+00 
3.730529e+00 
3.730529e+00 
3.730529e+00 
3.730529e+00 
3.730511e+00 
3.730511e+00 
3.730511e+00 
3.730511e+00 
3.730511e+00 
3.730511e+00 
3.730511e+00 
3.730511e+00 
3.730511e+00 
3.730511e+00 
3.730511e+00 
3.730511e+00 
3.730511e+00 
3.730398e+00 
3.730398e+00 
3.729929e+00 
3.729921e+00 
3.729921e+00 
3.729921e+00 
3.729921e+00 
3.729860e+00 
3.729860e+00 
3.729860e+00 
3.729860e+00 
3.729860e+00 
3.729860e+00 
3.729860e+00 
3.729860e+00 
3.729860e+00 
3.729860e+00 
3.729860e+00 
3.729860e+00 
3.729860e+00 
3.729860e+00 
3.729860e+00 
3.729860e+00 
3.729860e+00 
3.729860e+00 
3.729860e+00 
3.729860e+00 
3.729860e+00 
3.729860e+00 
3.729860e+00 
3.729860e+00 
3.729860e+00 
3.729072e+00 
3.729072e+00 
3.729072e+00 
3.729072e+00 
3.729072e+00 
3.729072e+00 
3.729072e+00 
3.729072e+00 
3.729072e+00 
3.729072e+00 
3.729072e+00 
3.729072e+00 
3.729072e+00 
3.729072e+00 
3.729072e+00 
3.728913e+00 
3.728863e+00 
3.728863e+00 
3.728863e+00 
3.728863e+00 
3.728863e+00 
3.728863e+00 
3.728799e+00 
3.728763e+00 
3.728759e+00 
3.728759e+00 
3.728759e+00 
3.728751e+00 
3.728738e+00 
3.728733e+00 
3.728732e+00 
3.728732e+00 
3.728556e+00 
3.728556e+00 
3.728285e+00 
3.728285e+00 
3.728285e+00 
3.728285e+00 
3.728285e+00 
3.728285e+00 
3.728200e+00 
3.728200e+00 
3.728200e+00 
3.728200e+00 
3.728200e+00 
3.728200e+00 
3.728200e+00 
3.728200e+00 
3.728116e+00 
3.728116e+00 
3.728116e+00 
3.728116e+00 
3.728116e+00 
3.728116e+00 
3.728116e+00 
3.728116e+00 
3.728116e+00 
3.728116e+00 
3.728116e+00 
3.728109e+00 
3.728109e+00 
3.728109e+00 
3.728109e+00 
3.728109e+00 
3.728109e+00 
3.728099e+00 
3.728099e+00 
3.728099e+00 
3.728099e+00 
3.728099e+00 
3.728099e+00 
3.728099e+00 
3.728099e+00 
3.728099e+00 
3.728099e+00 
3.728099e+00 
3.728099e+00 
3.728099e+00 
3.728099e+00 
3.728097e+00 
3.728097e+00 
3.728097e+00 
3.728097e+00 
3.728097e+00 
3.727875e+00 
3.727875e+00 
3.727875e+00 
3.727875e+00 
3.727875e+00 
3.727875e+00 
3.727867e+00 
3.727867e+00 
3.727748e+00 
3.727748e+00 
3.727723e+00 
3.727723e+00 
3.727723e+00 
3.727723e+00 
3.727583e+00 
3.727583e+00 
3.727583e+00 
3.727583e+00 
3.727583e+00 
3.727583e+00 
3.727583e+00 
3.727583e+00 
3.727583e+00 
3.727583e+00 
3.727583e+00 
3.727583e+00 
3.727583e+00 
3.727583e+00 
3.727583e+00 
3.727583e+00 
3.727583e+00 
3.727583e+00 
3.727583e+00 
3.727564e+00 
3.727564e+00 
3.727564e+00 
3.727549e+00 
3.727549e+00 
3.727549e+00 
3.727549e+00 
3.727549e+00 
3.727549e+00 
3.727549e+00 
3.727549e+00 
3.727547e+00 
3.727547e+00 
3.727547e+00 
3.727547e+00 
3.727547e+00 
3.727547e+00 
3.727547e+00 
3.727547e+00 
3.727546e+00 
3.727546e+00 
3.727546e+00 
3.727546e+00 
3.727546e+00 
3.727546e+00 
3.727546e+00 
3.727546e+00 
3.727546e+00 
3.727546e+00 
3.727546e+00 
3.727546e+00 
3.727488e+00 
3.727488e+00 
3.727488e+00 
3.727488e+00 
3.727488e+00 
3.727484e+00 
3.727484e+00 
3.727479e+00 
3.727479e+00 
3.727479e+00 
3.727479e+00 
3.727479e+00 
3.727479e+00 
3.727479e+00 
3.727444e+00 
3.727442e+00 
3.727442e+00 
3.727442e+00 
3.727442e+00 
3.727442e+00 
3.727442e+00 
3.727442e+00 
3.727433e+00 
3.727409e+00 
3.727408e+00 
3.727408e+00 
3.727396e+00 
3.727396e+00 
3.727387e+00 
3.727387e+00 
3.727387e+00 
3.727387e+00 
3.727387e+00 
3.727387e+00 
3.727387e+00 
3.727386e+00 
3.727386e+00 
3.727308e+00 
3.727308e+00 
3.727308e+00 
3.727308e+00 
3.727308e+00 
3.727308e+00 
3.727308e+00 
3.727308e+00 
3.727308e+00 
3.727308e+00 
3.727308e+00 
3.727305e+00 
3.727305e+00 
3.727305e+00 
3.727305e+00 
3.727298e+00 
3.727291e+00 
3.727287e+00 
3.727285e+00 
3.727284e+00 
3.727283e+00 
3.727281e+00 
3.727281e+00 
3.727263e+00 
3.727263e+00 
3.727263e+00 
3.727263e+00 
3.727263e+00 
3.727262e+00 
3.727262e+00 
3.727262e+00 
3.727258e+00 
3.727258e+00 
3.727258e+00 
3.727258e+00 
3.727258e+00 
3.727258e+00 
3.727258e+00 
3.727258e+00 
3.727258e+00 
3.727258e+00 
3.727258e+00 
3.727258e+00 
3.727258e+00 
3.727253e+00 
3.727253e+00 
3.727253e+00 
3.727253e+00 
3.727253e+00 
3.727253e+00 
3.727253e+00 
3.727253e+00 
3.727253e+00 
3.727249e+00 
3.727249e+00 
3.727246e+00 
3.727246e+00 
3.727246e+00 
3.727246e+00 
3.727246e+00 
3.727246e+00 
3.727245e+00 
3.727245e+00 
3.727245e+00 
3.727241e+00 
3.727241e+00 
3.727241e+00 
3.727241e+00 
3.727241e+00 
3.727241e+00 
3.727241e+00 
3.727241e+00 
3.727241e+00 
3.727240e+00 
3.727240e+00 
3.727240e+00 
3.727240e+00 
3.727240e+00 
3.727240e+00 
3.727240e+00 
3.727239e+00 
3.727239e+00 
3.727239e+00 
3.727239e+00 
3.727239e+00 
3.727239e+00 
3.727239e+00 
3.727238e+00 
3.727238e+00 
3.727238e+00 
3.727238e+00 
3.727238e+00 
3.727238e+00 
3.727238e+00 
3.727238e+00 
3.727238e+00 
3.727238e+00 
3.727238e+00 
3.727237e+00 
3.727237e+00 
3.727237e+00 
3.727237e+00 
3.727237e+00 
3.727237e+00 
3.727237e+00 
3.727237e+00 
3.727237e+00 
3.727237e+00 
3.727237e+00 
3.727237e+00 
3.727237e+00 
3.727237e+00 
3.727237e+00 
3.727237e+00 
3.727237e+00 
3.727237e+00 
3.727237e+00 
3.727237e+00 
3.727237e+00 
3.727237e+00 
3.727237e+00 
3.727237e+00 
3.727237e+00 
3.727237e+00 
3.727237e+00 
3.727237e+00 
3.727237e+00 
3.727237e+00 
3.727237e+00 
3.727237e+00 
3.727237e+00 
3.727237e+00 
3.727237e+00 
3.727237e+00 
3.727237e+00 
3.727237e+00 
3.727237e+00 
3.727237e+00 
3.727237e+00 
3.727237e+00 
3.727237e+00 
3.727237e+00 
3.727237e+00 
3.727237e+00 
3.727237e+00 
3.727237e+00 
3.727237e+00 
3.727237e+00 
3.727237e+00 
3.727237e+00 
3.727237e+00 
3.727237e+00 
3.727237e+00 
3.727237e+00 
3.727237e+00 
3.727237e+00 
3.727237e+00 
3.727237e+00 
3.727237e+00 
3.727237e+00 
3.727237e+00 
3.727237e+00 
3.727237e+00 
3.727237e+00 
3.727237e+00 
3.727237e+00 
3.727237e+00 
3.727237e+00 
3.727237e+00 
3.727237e+00 
3.727237e+00 
3.727237e+00 
3.727237e+00 
3.727237e+00 
3.727237e+00 
3.727237e+00 
3.727237e+00 
3.727237e+00 
3.727237e+00 
3.727237e+00 
3.727237e+00 
3.727237e+00 
3.727237e+00 
3.727237e+00 
3.727237e+00 
3.727237e+00 
3.727237e+00 
3.727237e+00 
3.727237e+00 
3.727237e+00 
3.727237e+00 
3.727237e+00 
3.727237e+00 
3.727237e+00 
3.727237e+00 
3.727237e+00 
3.727237e+00 
3.727237e+00 
3.727237e+00 
3.727237e+00 
3.727237e+00 
3.727235e+00 
3.727235e+00 
3.727235e+00 
3.727235e+00 
3.727235e+00 
3.727235e+00 
3.727235e+00 
3.727235e+00 
3.727235e+00 
3.727235e+00 
3.727235e+00 
3.727235e+00 
3.727235e+00 
3.727235e+00 
3.727235e+00 
3.727235e+00 
3.727235e+00 
3.727235e+00 
3.727235e+00 
3.727235e+00 
3.727235e+00 
3.727235e+00 
3.727235e+00 
3.727234e+00 
3.727234e+00 
3.727234e+00 
3.727234e+00 
3.727234e+00 
3.727234e+00 
3.727234e+00 
3.727234e+00 
3.727234e+00 
3.727234e+00 
3.727234e+00 
3.727234e+00 
3.727234e+00 
3.727234e+00 
3.727234e+00 
3.727234e+00 
3.727234e+00 
3.727234e+00 
3.727234e+00 
3.727234e+00 
3.727234e+00 
3.727234e+00 
3.727234e+00 
3.727234e+00 
3.727234e+00 
3.727234e+00 
3.727234e+00 
3.727234e+00 
3.727234e+00 
3.727234e+00 
3.727234e+00 
3.727234e+00 
3.727234e+00 
3.727234e+00 
3.727234e+00 
3.727234e+00 
3.727234e+00 
3.727234e+00 
3.727234e+00 
3.727234e+00 
3.727234e+00 
3.727234e+00 
3.727234e+00 
3.727234e+00 
3.727234e+00 
3.727234e+00 
3.727234e+00 
3.727234e+00 
3.727234e+00 
3.727234e+00 
3.727233e+00 
3.727233e+00 
3.727233e+00 
3.727233e+00 
3.727233e+00 
3.727233e+00 
3.727233e+00 
3.727233e+00 
3.727233e+00 
3.727233e+00 
3.727233e+00 
3.727233e+00 
3.727233e+00 
3.727233e+00 
3.727233e+00 
3.727233e+00 
3.727233e+00 
3.727233e+00 
3.727233e+00 
3.727233e+00 
3.727233e+00 
3.727233e+00 
3.727233e+00 
3.727233e+00 
3.727233e+00 
3.727233e+00 
3.727233e+00 
3.727233e+00 
3.727233e+00 
3.727233e+00 
3.727233e+00 
3.727233e+00 
3.727233e+00 
3.727233e+00 
3.727233e+00 
3.727233e+00 
3.727233e+00 
3.727233e+00 
3.727233e+00 
3.727233e+00 
3.727233e+00 
3.727233e+00 
3.727233e+00 
3.727233e+00 
3.727233e+00 
3.727233e+00 
3.727233e+00 
3.727233e+00 
3.727233e+00 
3.727233e+00 
3.727233e+00 
3.727233e+00 
3.727233e+00 
3.727233e+00 
3.727233e+00 
3.727233e+00 
3.727233e+00 
3.727233e+00 
3.727233e+00 
3.727233e+00 
3.727233e+00 
3.727233e+00 
3.727233e+00 
3.727233e+00 
3.727233e+00 
3.727233e+00 
3.727233e+00 
3.727233e+00 
3.727233e+00 
3.727233e+00 
3.727233e+00 
3.727233e+00 
3.727233e+00 
3.727233e+00 
3.727233e+00 
3.727233e+00 
3.727233e+00 
3.727233e+00 
3.727233e+00 
3.727233e+00 
3.727233e+00 
3.727233e+00 
3.727233e+00 
3.727233e+00 
3.727233e+00 
3.727233e+00 
3.727233e+00 
3.727233e+00 
3.727233e+00 
3.727233e+00 
3.727233e+00 
3.727233e+00 
3.727233e+00 
3.727233e+00 
3.727233e+00 
3.727233e+00 
3.727233e+00 
3.727233e+00 
3.727233e+00 
3.727233e+00 
3.727233e+00 
3.727233e+00 
3.727233e+00 
3.727233e+00 
3.727233e+00 
3.727233e+00 
3.727233e+00 
3.727233e+00 
3.727233e+00 
3.727233e+00 
3.727233e+00 
3.727233e+00 
3.727233e+00 
3.727233e+00 
3.727233e+00 
3.727233e+00 
3.727233e+00 
3.727233e+00 
3.727233e+00 
3.727233e+00 
3.727233e+00 
3.727233e+00 
3.727233e+00 
3.727233e+00 
3.727233e+00 
3.727233e+00 
3.727233e+00 
3.727233e+00 
3.727233e+00 
3.727233e+00 
3.727233e+00 
3.727233e+00 
3.727233e+00 
3.727233e+00 
3.727233e+00 
3.727233e+00 
3.727233e+00 
3.727233e+00 
3.727233e+00 
3.727233e+00 
3.727233e+00 
3.727233e+00 
3.727233e+00 
3.727233e+00 
3.727233e+00 
3.727233e+00 
3.727233e+00 
3.727233e+00 
3.727233e+00 
3.727233e+00 
3.727233e+00 
3.727233e+00 
3.727233e+00 
3.727233e+00 
3.727233e+00 
3.727233e+00 
3.727233e+00 
3.727233e+00 
3.727233e+00 
3.727233e+00 
3.727233e+00 
3.727233e+00 
3.727233e+00 
3.727233e+00 
3.727233e+00 
3.727233e+00 
3.727233e+00 
3.727233e+00 
3.727233e+00 
3.727233e+00 
3.727233e+00 
3.727233e+00 
3.727233e+00 
3.727233e+00 
3.727233e+00 
3.727233e+00 
3.727233e+00 
3.727233e+00 
3.727233e+00 
3.727233e+00 
3.727233e+00 
3.727233e+00 
3.727233e+00 
3.727233e+00 
3.727233e+00 
3.727233e+00 
3.727233e+00 
3.727233e+00 
3.727233e+00 
3.727233e+00 
3.727233e+00 
3.727233e+00 
3.727233e+00 
3.727233e+00 
3.727233e+00 
3.727233e+00 
3.727233e+00 
3.727233e+00 
3.727233e+00 
3.727233e+00 
3.727233e+00 
3.727233e+00 
3.727233e+00 
3.727233e+00 
3.727233e+00 
3.727233e+00 
3.727233e+00 
3.727233e+00 
3.727233e+00 
3.727233e+00 
3.727233e+00 
3.727233e+00 
3.727233e+00 
3.727233e+00 
3.727233e+00 
3.727233e+00 
3.727233e+00 
3.727233e+00 
3.727233e+00 
3.727233e+00 
3.727233e+00 
3.727233e+00 
3.727233e+00 
3.727233e+00 
3.727233e+00 
3.727233e+00 
3.727233e+00 
3.727233e+00 
3.727233e+00 
3.727233e+00 
3.727233e+00 
3.727233e+00 
3.727233e+00 
3.727233e+00 
3.727233e+00 
3.727233e+00 
3.727233e+00 
3.727233e+00 
3.727233e+00 
3.727233e+00 
3.727233e+00 
3.727233e+00 
3.727233e+00 
3.727233e+00 
3.727233e+00 
3.727233e+00 
3.727233e+00 
3.727233e+00 
3.727233e+00 
3.727233e+00 
3.727233e+00 
3.727233e+00 
3.727233e+00 
3.727233e+00 
3.727233e+00 
3.727233e+00 
3.727233e+00 
3.727233e+00 
3.727233e+00 
3.727233e+00 
3.727233e+00 
3.727233e+00 
3.727233e+00 
3.727233e+00 
3.727233e+00 
3.727233e+00 
3.727233e+00 
3.727233e+00 
3.727233e+00 
3.727233e+00 
3.727233e+00 
3.727233e+00 
3.727233e+00 
3.727233e+00 
3.727233e+00 
3.727233e+00 
3.727233e+00 
3.727233e+00 
3.727233e+00 
3.727233e+00 
3.727233e+00 
3.727233e+00 
3.727233e+00 
3.727233e+00 
3.727233e+00 
3.727233e+00 
3.727233e+00 
3.727233e+00 
3.727233e+00 
3.727233e+00 
3.727233e+00 
3.727233e+00 
3.727233e+00 
3.727233e+00 
3.727233e+00 
3.727233e+00 
3.727233e+00 
3.727233e+00 
3.727233e+00 
3.727233e+00 
3.727233e+00 
3.727233e+00 
3.727233e+00 
3.727233e+00 
3.727233e+00 
3.727233e+00 
3.727233e+00 
3.727233e+00 
3.727233e+00 
3.727233e+00 
3.727233e+00 
3.727233e+00 
3.727233e+00 
3.727233e+00 
3.727233e+00 
3.727233e+00 
3.727233e+00 
3.727233e+00 
3.727233e+00 
3.727233e+00 
3.727233e+00 
3.727233e+00 
3.727233e+00 
3.727233e+00 
3.727233e+00 
3.727233e+00 
3.727233e+00 
3.727233e+00 
3.727233e+00 
3.727233e+00 
3.727233e+00 
3.727233e+00 
3.727233e+00 
3.727233e+00 
3.727233e+00 
3.727233e+00 
3.727233e+00 
3.727233e+00 
3.727233e+00 
3.727233e+00 
3.727233e+00 
3.727233e+00 
3.727233e+00 
3.727233e+00 
3.727233e+00 
3.727233e+00 
3.727233e+00 
3.727233e+00 
3.727233e+00 
3.727233e+00 
3.727233e+00 
3.727233e+00 
3.727233e+00 
3.727233e+00 
3.727233e+00 
3.727233e+00 
3.727233e+00 
3.727233e+00 
3.727233e+00 
3.727233e+00 
3.727233e+00 
3.727233e+00 
3.727233e+00 
3.727233e+00 
3.727233e+00 
3.727233e+00 
3.727233e+00 
3.727233e+00 
3.727233e+00 
3.727233e+00 
3.727233e+00 
3.727233e+00 
3.727233e+00 
3.727233e+00 
3.727233e+00 
3.727233e+00 
3.727233e+00 
3.727233e+00 
3.727233e+00 
3.727233e+00 
3.727233e+00 
3.727233e+00 
3.727233e+00 
3.727233e+00 
3.727233e+00 
3.727233e+00 
3.727233e+00 
3.727233e+00 
3.727233e+00 
3.727233e+00 
3.727233e+00 
3.727233e+00 
3.727233e+00 
3.727233e+00 
3.727233e+00 
3.727233e+00 
3.727233e+00 
3.727233e+00 
3.727233e+00 
3.727233e+00 
3.727233e+00 
3.727233e+00 
3.727233e+00 
3.727233e+00 
3.727233e+00 
3.727233e+00 
3.727233e+00 
3.727233e+00 
3.727233e+00 
3.727233e+00 
3.727233e+00 
3.727233e+00 
3.727233e+00 
3.727233e+00 
3.727233e+00 
3.727233e+00 
3.727233e+00 
3.727233e+00 
3.727233e+00 
3.727233e+00 
3.727233e+00 
3.727233e+00 
3.727233e+00 
3.727233e+00 
3.727233e+00 
3.727233e+00 
3.727233e+00 
3.727233e+00 
3.727233e+00 
3.727233e+00 
3.727233e+00 
3.727233e+00 
3.727233e+00 
3.727233e+00 
3.727233e+00 
3.727233e+00 
3.727233e+00 
3.727233e+00 
3.727233e+00 
3.727233e+00 
3.727233e+00 
3.727233e+00 
3.727233e+00 
3.727233e+00 
3.727233e+00 
3.727233e+00 
3.727233e+00 
3.727233e+00 
3.727233e+00 
3.727233e+00 
3.727233e+00 
3.727233e+00 
3.727233e+00 
3.727233e+00 
3.727233e+00 
3.727233e+00 
3.727233e+00 
3.727233e+00 
3.727233e+00 
3.727233e+00 
3.727233e+00 
3.727233e+00 
3.727233e+00 
3.727233e+00 
3.727233e+00 
3.727233e+00 
3.727233e+00 
3.727233e+00 
3.727233e+00 
3.727233e+00 
3.727233e+00 
3.727233e+00 
3.727233e+00 
3.727233e+00 
3.727233e+00 
3.727233e+00 
3.727233e+00 
3.727233e+00 
3.727233e+00 
3.727233e+00 
3.727233e+00 
3.727233e+00 
3.727233e+00 
3.727233e+00 
3.727233e+00 
3.727233e+00 
3.727233e+00 
3.727233e+00 
3.727233e+00 
3.727233e+00 
3.727233e+00 
3.727233e+00 
3.727233e+00 
3.727233e+00 
3.727233e+00 
3.727233e+00 
3.727233e+00 
3.727233e+00 
3.727233e+00 
3.727233e+00 
3.727233e+00 
3.727233e+00 
3.727233e+00 
3.727233e+00 
3.727233e+00 
3.727233e+00 
3.727233e+00 
3.727233e+00 
3.727233e+00 
3.727233e+00 
3.727233e+00 
3.727233e+00 
3.727233e+00 
3.727233e+00 
3.727233e+00 
3.727233e+00 
3.727233e+00 
3.727233e+00 
3.727233e+00 
3.727233e+00 
3.727233e+00 
3.727233e+00 
3.727233e+00 
3.727233e+00 
3.727233e+00 
3.727233e+00 
3.727233e+00 
3.727233e+00 
3.727233e+00 
3.727233e+00 
3.727233e+00 
3.727233e+00 
3.727233e+00 
3.727233e+00 
3.727233e+00 
3.727233e+00 
3.727233e+00 
3.727233e+00 
3.727233e+00 
3.727233e+00 
3.727233e+00 
3.727233e+00 
3.727233e+00 
3.727233e+00 
3.727233e+00 
3.727233e+00 
3.727233e+00 
3.727233e+00 
3.727233e+00 
3.727233e+00 
3.727233e+00 
3.727233e+00 
3.727233e+00 
3.727233e+00 
3.727233e+00 
3.727233e+00 
3.727233e+00 
3.727233e+00 
3.727233e+00 
3.727233e+00 
3.727233e+00 
3.727233e+00 
3.727233e+00 
3.727233e+00 
3.727233e+00 
3.727233e+00 
3.727233e+00 
3.727233e+00 
3.727233e+00 
3.727233e+00 
3.727233e+00 
3.727233e+00 
3.727233e+00 
3.727233e+00 
3.727233e+00 
3.727233e+00 
3.727233e+00 
3.727233e+00 
3.727233e+00 
3.727233e+00 
3.727233e+00 
3.727233e+00 
3.727233e+00 
3.727233e+00 
3.727233e+00 
3.727233e+00 
3.727233e+00 
3.727233e+00 
3.727233e+00 
3.727233e+00 
3.727233e+00 
3.727233e+00 
3.727233e+00 
3.727233e+00 
3.727233e+00 
3.727233e+00 
3.727233e+00 
3.727233e+00 
3.727233e+00 
3.727233e+00 
3.727233e+00 
3.727233e+00 
3.727233e+00 
3.727233e+00 
3.727233e+00 
3.727233e+00 
3.727233e+00 
3.727233e+00 
3.727233e+00 
3.727233e+00 
3.727233e+00 
3.727233e+00 
3.727233e+00 
3.727233e+00 
3.727233e+00 
3.727233e+00 
3.727233e+00 
3.727233e+00 
3.727233e+00 
3.727233e+00 
3.727233e+00 
3.727233e+00 
3.727233e+00 
3.727233e+00 
3.727233e+00 
3.727233e+00 
3.727233e+00 
3.727233e+00 
3.727233e+00 
3.727233e+00 
3.727233e+00 
3.727233e+00 
3.727233e+00 
3.727233e+00 
3.727233e+00 
3.727233e+00 
3.727233e+00 
3.727233e+00 
3.727233e+00 
3.727233e+00 
3.727233e+00 
3.727233e+00 
3.727233e+00 
3.727233e+00 
3.727233e+00 
3.727233e+00 
3.727233e+00 
3.727233e+00 
3.727233e+00 
3.727233e+00 
3.727233e+00 
3.727233e+00 
3.727233e+00 
3.727233e+00 
3.727233e+00 
3.727233e+00 
3.727233e+00 
3.727233e+00 
3.727233e+00 
3.727233e+00 
3.727233e+00 
3.727233e+00 
3.727233e+00 
3.727233e+00 
3.727233e+00 
3.727233e+00 
3.727233e+00 
3.727233e+00 
3.727233e+00 
3.727233e+00 
3.727233e+00 
3.727233e+00 
3.727233e+00 
3.727233e+00 
3.727233e+00 
3.727233e+00 
3.727233e+00 
3.727233e+00 
3.727233e+00 
3.727233e+00 
3.727233e+00 
3.727233e+00 
3.727233e+00 
3.727233e+00 
3.727233e+00 
3.727233e+00 
3.727233e+00 
3.727233e+00 
3.727233e+00 
3.727233e+00 
3.727233e+00 
3.727233e+00 
3.727233e+00 
3.727233e+00 
3.727233e+00 
3.727233e+00 
3.727233e+00 
3.727233e+00 
3.727233e+00 
3.727233e+00 
3.727233e+00 
3.727233e+00 
3.727233e+00 
3.727233e+00 
3.727233e+00 
3.727233e+00 
3.727233e+00 
3.727233e+00 
3.727233e+00 
3.727233e+00 
3.727233e+00 
3.727233e+00 
3.727233e+00 
3.727233e+00 
3.727233e+00 
3.727233e+00 
3.727233e+00 
3.727233e+00 
3.727233e+00 
3.727233e+00 
3.727233e+00 
3.727233e+00 
3.727233e+00 
3.727233e+00 
3.727233e+00 
3.727233e+00 
3.727233e+00 
3.727233e+00 
3.727233e+00 
3.727233e+00 
3.727233e+00 
3.727233e+00 
3.727233e+00 
3.727233e+00 
3.727233e+00 
3.727233e+00 
3.727233e+00 
3.727233e+00 
3.727233e+00 
3.727233e+00 
3.727233e+00 
3.727233e+00 
3.727233e+00 
3.727233e+00 
3.727233e+00 
3.727233e+00 
3.727233e+00 
3.727233e+00 
3.727233e+00 
3.727233e+00 
3.727233e+00 
3.727233e+00 
3.727233e+00 
3.727233e+00 
3.727233e+00 
3.727233e+00 
3.727233e+00 
3.727233e+00 
3.727233e+00 
3.727233e+00 
3.727233e+00 
3.727233e+00 
3.727233e+00 
3.727233e+00 
3.727233e+00 
3.727233e+00 
3.727233e+00 
3.727233e+00 
3.727233e+00 
3.727233e+00 
3.727233e+00 
3.727233e+00 
3.727233e+00 
3.727233e+00 
3.727233e+00 
3.727233e+00 
3.727233e+00 
3.727233e+00 
3.727233e+00 
3.727233e+00 
3.727233e+00 
3.727233e+00 
3.727233e+00 
3.727233e+00 
3.727233e+00 
3.727233e+00 
3.727233e+00 
3.727233e+00 
3.727233e+00 
3.727233e+00 
3.727233e+00 
3.727233e+00 
3.727233e+00 
3.727233e+00 
3.727233e+00 
3.727233e+00 
3.727233e+00 
3.727233e+00 
3.727233e+00 
3.727233e+00 
3.727233e+00 
3.727233e+00 
3.727233e+00 
3.727233e+00 
3.727233e+00 
3.727233e+00 
3.727233e+00 
3.727233e+00 
3.727233e+00 
3.727233e+00 
3.727233e+00 
3.727233e+00 
3.727233e+00 
3.727233e+00 
3.727233e+00 
3.727233e+00 
3.727233e+00 
3.727233e+00 
3.727233e+00 
3.727233e+00 
3.727233e+00 
3.727233e+00 
3.727233e+00 
3.727233e+00 
3.727233e+00 
3.727233e+00 
3.727233e+00 
3.727233e+00 
3.727233e+00 
3.727233e+00 
3.727233e+00 
3.727233e+00 
3.727233e+00 
3.727233e+00 
3.727233e+00 
3.727233e+00 
3.727233e+00 
3.727233e+00 
3.727233e+00 
3.727233e+00 
3.727233e+00 
3.727233e+00 
3.727233e+00 
3.727233e+00 
3.727233e+00 
3.727233e+00 
3.727233e+00 
3.727233e+00 
3.727233e+00 
3.727233e+00 
3.727233e+00 
3.727233e+00 
3.727233e+00 
3.727233e+00 
3.727233e+00 
3.727233e+00 
3.727233e+00 
3.727233e+00 
3.727233e+00 
3.727233e+00 
3.727233e+00 
3.727233e+00 
3.727233e+00 
3.727233e+00 
3.727233e+00 
3.727233e+00 
3.727233e+00 
3.727233e+00 
3.727233e+00 
3.727233e+00 
3.727233e+00 
3.727233e+00 
3.727233e+00 
3.727233e+00 
3.727233e+00 
3.727233e+00 
3.727233e+00 
3.727233e+00 
3.727233e+00 
3.727233e+00 
3.727233e+00 
3.727233e+00 
3.727233e+00 
3.727233e+00 
3.727233e+00 
3.727233e+00 
3.727233e+00 
3.727233e+00 
3.727233e+00 
3.727233e+00 
3.727233e+00 
3.727233e+00 
3.727233e+00 
3.727233e+00 
3.727233e+00 
3.727233e+00 
3.727233e+00 
3.727233e+00 
3.727233e+00 
3.727233e+00 
3.727233e+00 
3.727233e+00 
3.727233e+00 
3.727233e+00 
3.727233e+00 
3.727233e+00 
3.727233e+00 
3.727233e+00 
3.727233e+00 
3.727233e+00 
3.727233e+00 
3.727233e+00 
3.727233e+00 
3.727233e+00 
3.727233e+00 
3.727233e+00 
3.727233e+00 
3.727233e+00 
3.727233e+00 
3.727233e+00 
3.727233e+00 
3.727233e+00 
3.727233e+00 
3.727233e+00 
3.727233e+00 
3.727233e+00 
3.727233e+00 
3.727233e+00 
3.727233e+00 
3.727233e+00 
3.727233e+00 
3.727233e+00 
3.727233e+00 
3.727233e+00 
3.727233e+00 
3.727233e+00 
3.727233e+00 
3.727233e+00 
3.727233e+00 
3.727233e+00 
3.727233e+00 
3.727233e+00 
3.727233e+00 
3.727233e+00 
3.727233e+00 
3.727233e+00 
3.727233e+00 
3.727233e+00 
3.727233e+00 
3.727233e+00 
3.727233e+00 
3.727233e+00 
3.727233e+00 
3.727233e+00 
3.727233e+00 
3.727233e+00 
3.727233e+00 
3.727233e+00 
3.727233e+00 
3.727233e+00 
3.727233e+00 
3.727233e+00 
3.727233e+00 
3.727233e+00 
3.727233e+00 
3.727233e+00 
3.727233e+00 
3.727233e+00 
3.727233e+00 
3.727233e+00 
3.727233e+00 
3.727233e+00 
3.727233e+00 
3.727233e+00 
3.727233e+00 
3.727233e+00 
3.727233e+00 
3.727233e+00 
3.727233e+00 
3.727233e+00 
3.727233e+00 
3.727233e+00 
3.727233e+00 
3.727233e+00 
3.727233e+00 
3.727233e+00 
3.727233e+00 
3.727233e+00 
3.727233e+00 
3.727233e+00 
3.727233e+00 
3.727233e+00 
3.727233e+00 
3.727233e+00 
3.727233e+00 
3.727233e+00 
3.727233e+00 
3.727233e+00 
3.727233e+00 
3.727233e+00 
3.727233e+00 
3.727233e+00 
3.727233e+00 
3.727233e+00 
3.727233e+00 
3.727233e+00 
3.727233e+00 
3.727233e+00 
3.727233e+00 
3.727233e+00 
3.727233e+00 
3.727233e+00 
3.727233e+00 
3.727233e+00 
3.727233e+00 
3.727233e+00 
3.727233e+00 
3.727233e+00 
3.727233e+00 
3.727233e+00 
3.727233e+00 
3.727233e+00 
3.727233e+00 
3.727233e+00 
3.727233e+00 
3.727233e+00 
3.727233e+00 
3.727233e+00 
3.727233e+00 
3.727233e+00 
3.727233e+00 
3.727233e+00 
3.727233e+00 
3.727233e+00 
3.727233e+00 
3.727233e+00 
3.727233e+00 
3.727233e+00 
3.727233e+00 
3.727233e+00 
3.727233e+00 
3.727233e+00 
3.727233e+00 
3.727233e+00 
3.727233e+00 
3.727233e+00 
3.727233e+00 
3.727233e+00 
3.727233e+00 
3.727233e+00 
3.727233e+00 
3.727233e+00 
3.727233e+00 
3.727233e+00 
3.727233e+00 
3.727233e+00 
3.727233e+00 
3.727233e+00 
3.727233e+00 
3.727233e+00 
3.727233e+00 
3.727233e+00 
3.727233e+00 
3.727233e+00 
3.727233e+00 
3.727233e+00 
3.727233e+00 
3.727233e+00 
3.727233e+00 
3.727233e+00 
3.727233e+00 
3.727233e+00 
3.727233e+00 
3.727233e+00 
3.727233e+00 
3.727233e+00 
3.727233e+00 
3.727233e+00 
3.727233e+00 
3.727233e+00 
3.727233e+00 
3.727233e+00 
3.727233e+00 
3.727233e+00 
3.727233e+00 
3.727233e+00 
3.727233e+00 
3.727233e+00 
3.727233e+00 
3.727233e+00 
3.727233e+00 
3.727233e+00 
3.727233e+00 
3.727233e+00 
3.727233e+00 
3.727233e+00 
3.727233e+00 
3.727233e+00 
3.727233e+00 
3.727233e+00 
3.727233e+00 
3.727233e+00 
3.727233e+00 
3.727233e+00 
3.727233e+00 
3.727233e+00 
3.727233e+00 
3.727233e+00 
3.727233e+00 
3.727233e+00 
3.727233e+00 
3.727233e+00 
3.727233e+00 
3.727233e+00 
3.727233e+00 
3.727233e+00 
3.727233e+00 
3.727233e+00 
3.727233e+00 
3.727233e+00 
3.727233e+00 
3.727233e+00 
3.727233e+00 
3.727233e+00 
3.727233e+00 
3.727233e+00 
3.727233e+00 
3.727233e+00 
3.727233e+00 
3.727233e+00 
3.727233e+00 
3.727233e+00 
3.727233e+00 
3.727233e+00 
3.727233e+00 
3.727233e+00 
3.727233e+00 
3.727233e+00 
3.727233e+00 
3.727233e+00 
3.727233e+00 
3.727233e+00 
3.727233e+00 
3.727233e+00 
3.727233e+00 
3.727233e+00 
3.727233e+00 
3.727233e+00 
3.727233e+00 
3.727233e+00 
3.727233e+00 
3.727233e+00 
3.727233e+00 
3.727233e+00 
3.727233e+00 
3.727233e+00 
3.727233e+00 
3.727233e+00 
3.727233e+00 
3.727233e+00 
3.727233e+00 
3.727233e+00 
3.727233e+00 
3.727233e+00 
3.727233e+00 
3.727233e+00 
3.727233e+00 
3.727233e+00 
3.727233e+00 
3.727233e+00 
3.727233e+00 
3.727233e+00 
3.727233e+00 
3.727233e+00 
3.727233e+00 
3.727233e+00 
3.727233e+00 
3.727233e+00 
3.727233e+00 
3.727233e+00 
3.727233e+00 
3.727233e+00 
3.727233e+00 
3.727233e+00 
3.727233e+00 
3.727233e+00 
3.727233e+00 
3.727233e+00 
3.727233e+00 
3.727233e+00 
3.727233e+00 
3.727233e+00 
3.727233e+00 
3.727233e+00 
3.727233e+00 
3.727233e+00 
3.727233e+00 
3.727233e+00 
3.727233e+00 
3.727233e+00 
3.727233e+00 
3.727233e+00 
3.727233e+00 
3.727233e+00 
3.727233e+00 
3.727233e+00 
3.727233e+00 
3.727233e+00 
3.727233e+00 
3.727233e+00 
3.727233e+00 
3.727233e+00 
3.727233e+00 
3.727233e+00 
3.727233e+00 
3.727233e+00 
3.727233e+00 
3.727233e+00 
3.727233e+00 
3.727233e+00 
3.727233e+00 
3.727233e+00 
3.727233e+00 
3.727233e+00 
3.727233e+00 
3.727233e+00 
3.727233e+00 
3.727233e+00 
3.727233e+00 
3.727233e+00 
3.727233e+00 
3.727233e+00 
3.727233e+00 
3.727233e+00 
3.727233e+00 
3.727233e+00 
3.727233e+00 
3.727233e+00 
3.727233e+00 
3.727233e+00 
3.727233e+00 
3.727233e+00 
3.727233e+00 
3.727233e+00 
3.727233e+00 
3.727233e+00 
3.727233e+00 
3.727233e+00 
3.727233e+00 
3.727233e+00 
3.727233e+00 
3.727233e+00 
3.727233e+00 
3.727233e+00 
3.727233e+00 
3.727233e+00 
3.727233e+00 
3.727233e+00 
3.727233e+00 
3.727233e+00 
3.727233e+00 
3.727233e+00 
3.727233e+00 
3.727233e+00 
3.727233e+00 
3.727233e+00 
3.727233e+00 
3.727233e+00 
3.727233e+00 
3.727233e+00 
3.727233e+00 
3.727233e+00 
3.727233e+00 
3.727233e+00 
3.727233e+00 
3.727233e+00 
3.727233e+00 
3.727233e+00 
3.727233e+00 
3.727233e+00 
3.727233e+00 
3.727233e+00 
3.727233e+00 
3.727233e+00 
3.727233e+00 
3.727233e+00 
3.727233e+00 
3.727233e+00 
3.727233e+00 
3.727233e+00 
3.727233e+00 
3.727233e+00 
3.727233e+00 
3.727233e+00 
3.727233e+00 
3.727233e+00 
3.727233e+00 
3.727233e+00 
3.727233e+00 
3.727233e+00 
3.727233e+00 
3.727233e+00 
3.727233e+00 
3.727233e+00 
3.727233e+00 
3.727233e+00 
3.727233e+00 
3.727233e+00 
3.727233e+00 
3.727233e+00 
3.727233e+00 
3.727233e+00 
3.727233e+00 
3.727233e+00 
3.727233e+00 
3.727233e+00 
3.727233e+00 
3.727233e+00 
3.727233e+00 
3.727233e+00 
3.727233e+00 
3.727233e+00 
3.727233e+00 
3.727233e+00 
3.727233e+00 
3.727233e+00 
3.727233e+00 
3.727233e+00 
3.727233e+00 
3.727233e+00 
3.727233e+00 
3.727233e+00 
3.727233e+00 
3.727233e+00 
3.727233e+00 
3.727233e+00 
3.727233e+00 
3.727233e+00 
3.727233e+00 
3.727233e+00 
3.727233e+00 
3.727233e+00 
3.727233e+00 
3.727233e+00 
3.727233e+00 
3.727233e+00 
3.727233e+00 
3.727233e+00 
3.727233e+00 
3.727233e+00 
3.727233e+00 
3.727233e+00 
3.727233e+00 
3.727233e+00 
3.727233e+00 
3.727233e+00 
3.727233e+00 
3.727233e+00 
3.727233e+00 
3.727233e+00 
3.727233e+00 
3.727233e+00 
3.727233e+00 
3.727233e+00 
3.727233e+00 
3.727233e+00 
3.727233e+00 
3.727233e+00 
3.727233e+00 
3.727233e+00 
3.727233e+00 
3.727233e+00 
3.727233e+00 
3.727233e+00 
3.727233e+00 
3.727233e+00 
3.727233e+00 
3.727233e+00 
3.727233e+00 
3.727233e+00 
3.727233e+00 
3.727233e+00 
3.727233e+00 
3.727233e+00 
3.727233e+00 
3.727233e+00 
3.727233e+00 
3.727233e+00 
3.727233e+00 
3.727233e+00 
3.727233e+00 
3.727233e+00 
3.727233e+00 
3.727233e+00 
3.727233e+00 
3.727233e+00 
3.727233e+00 
3.727233e+00 
3.727233e+00 
3.727233e+00 
3.727233e+00 
3.727233e+00 
3.727233e+00 
3.727233e+00 
3.727233e+00 
3.727233e+00 
3.727233e+00 
3.727233e+00 
3.727233e+00 
3.727233e+00 
3.727233e+00 
3.727233e+00 
3.727233e+00 
3.727233e+00 
3.727233e+00 
3.727233e+00 
3.727233e+00 
3.727233e+00 
3.727233e+00 
3.727233e+00 
3.727233e+00 
3.727233e+00 
3.727233e+00 
3.727233e+00 
3.727233e+00 
3.727233e+00 
3.727233e+00 
3.727233e+00 
3.727233e+00 
3.727233e+00 
3.727233e+00 
3.727233e+00 
3.727233e+00 
3.727233e+00 
3.727233e+00 
3.727233e+00 
3.727233e+00 
3.727233e+00 
3.727233e+00 
3.727233e+00 
3.727233e+00 
3.727233e+00 
3.727233e+00 
3.727233e+00 
3.727233e+00 
3.727233e+00 
3.727233e+00 
3.727233e+00 
3.727233e+00 
3.727233e+00 
3.727233e+00 
3.727233e+00 
3.727233e+00 
3.727233e+00 
3.727233e+00 
3.727233e+00 
3.727233e+00 
3.727233e+00 
3.727233e+00 
3.727233e+00 
3.727233e+00 
3.727233e+00 
3.727233e+00 
3.727233e+00 
3.727233e+00 
3.727233e+00 
3.727233e+00 
3.727233e+00 
3.727233e+00 
3.727233e+00 
3.727233e+00 
3.727233e+00 
3.727233e+00 
3.727233e+00 
3.727233e+00 
3.727233e+00 
3.727233e+00 
3.727233e+00 
3.727233e+00 
3.727233e+00 
3.727233e+00 
3.727233e+00 
3.727233e+00 
3.727233e+00 
3.727233e+00 
3.727233e+00 
3.727233e+00 
3.727233e+00 
3.727233e+00 
3.727233e+00 
3.727233e+00 
3.727233e+00 
3.727233e+00 
3.727233e+00 
3.727233e+00 
3.727233e+00 
3.727233e+00 
3.727233e+00 
3.727233e+00 
3.727233e+00 
3.727233e+00 
3.727233e+00 
3.727233e+00 
3.727233e+00 
3.727233e+00 
3.727233e+00 
3.727233e+00 
3.727233e+00 
3.727233e+00 
3.727233e+00 
3.727233e+00 
3.727233e+00 
3.727233e+00 
3.727233e+00 
3.727233e+00 
3.727233e+00 
3.727233e+00 
3.727233e+00 
3.727233e+00 
3.727233e+00 
3.727233e+00 
3.727233e+00 
3.727233e+00 
3.727233e+00 
3.727233e+00 
3.727233e+00 
3.727233e+00 
3.727233e+00 
3.727233e+00 
3.727233e+00 
3.727233e+00 
3.727233e+00 
3.727233e+00 
3.727233e+00 
3.727233e+00 
3.727233e+00 
3.727233e+00 
3.727233e+00 
3.727233e+00 
3.727233e+00 
3.727233e+00 
3.727233e+00 
3.727233e+00 
3.727233e+00 
3.727233e+00 
3.727233e+00 
3.727233e+00 
3.727233e+00 
3.727233e+00 
3.727233e+00 
3.727233e+00 
3.727233e+00 
3.727233e+00 
3.727233e+00 
3.727233e+00 
3.727233e+00 
3.727233e+00 
3.727233e+00 
3.727233e+00 
3.727233e+00 
3.727233e+00 
3.727233e+00 
3.727233e+00 
3.727233e+00 
3.727233e+00 
3.727233e+00 
3.727233e+00 
3.727233e+00 
3.727233e+00 
3.727233e+00 
3.727233e+00 
3.727233e+00 
3.727233e+00 
3.727233e+00 
3.727233e+00 
3.727233e+00 
3.727233e+00 
3.727233e+00 
3.727233e+00 
3.727233e+00 
3.727233e+00 
3.727233e+00 
3.727233e+00 
3.727233e+00 
3.727233e+00 
3.727233e+00 
3.727233e+00 
3.727233e+00 
3.727233e+00 
3.727233e+00 
3.727233e+00 
3.727233e+00 
3.727233e+00 
3.727233e+00 
3.727233e+00 
3.727233e+00 
3.727233e+00 
3.727233e+00 
3.727233e+00 
3.727233e+00 
3.727233e+00 
3.727233e+00 
3.727233e+00 
3.727233e+00 
3.727233e+00 
3.727233e+00 
3.727233e+00 
3.727233e+00 
3.727233e+00 
3.727233e+00 
3.727233e+00 
3.727233e+00 
3.727233e+00 
3.727233e+00 
3.727233e+00 
3.727233e+00 
3.727233e+00 
3.727233e+00 
3.727233e+00 
3.727233e+00 
3.727233e+00 
3.727233e+00 
3.727233e+00 
3.727233e+00 
3.727233e+00 
3.727233e+00 
3.727233e+00 
3.727233e+00 
3.727233e+00 
3.727233e+00 
3.727233e+00 
3.727233e+00 
3.727233e+00 
3.727233e+00 
3.727233e+00 
3.727233e+00 
3.727233e+00 
3.727233e+00 
3.727233e+00 
3.727233e+00 
3.727233e+00 
3.727233e+00 
3.727233e+00 
3.727233e+00 
3.727233e+00 
3.727233e+00 
3.727233e+00 
3.727233e+00 
3.727233e+00 
3.727233e+00 
3.727233e+00 
3.727233e+00 
3.727233e+00 
3.727233e+00 
3.727233e+00 
3.727233e+00 
3.727233e+00 
3.727233e+00 
3.727233e+00 
3.727233e+00 
3.727233e+00 
3.727233e+00 
3.727233e+00 
3.727233e+00 
3.727233e+00 
3.727233e+00 
3.727233e+00 
3.727233e+00 
3.727233e+00 
3.727233e+00 
3.727233e+00 
3.727233e+00 
3.727233e+00 
3.727233e+00 
3.727233e+00 
3.727233e+00 
3.727233e+00 
3.727233e+00 
3.727233e+00 
3.727233e+00 
3.727233e+00 
3.727233e+00 
3.727233e+00 
3.727233e+00 
3.727233e+00 
3.727233e+00 
3.727233e+00 
3.727233e+00 
3.727233e+00 
3.727233e+00 
3.727233e+00 
3.727233e+00 
3.727233e+00 
3.727233e+00 
3.727233e+00 
3.727233e+00 
3.727233e+00 
3.727233e+00 
3.727233e+00 
3.727233e+00 
3.727233e+00 
3.727233e+00 
3.727233e+00 
3.727233e+00 
3.727233e+00 
3.727233e+00 
3.727233e+00 
3.727233e+00 
3.727233e+00 
3.727233e+00 
3.727233e+00 
3.727233e+00 
3.727233e+00 
3.727233e+00 
3.727233e+00 
3.727233e+00 
3.727233e+00 
3.727233e+00 
3.727233e+00 
3.727233e+00 
3.727233e+00 
3.727233e+00 
3.727233e+00 
3.727233e+00 
3.727233e+00 
3.727233e+00 
3.727233e+00 
3.727233e+00 
3.727233e+00 
3.727233e+00 
3.727233e+00 
3.727233e+00 
3.727233e+00 
3.727233e+00 
3.727233e+00 
3.727233e+00 
3.727233e+00 
3.727233e+00 
3.727233e+00 
3.727233e+00 
3.727233e+00 
3.727233e+00 
3.727233e+00 
3.727233e+00 
3.727233e+00 
3.727233e+00 
3.727233e+00 
3.727233e+00 
3.727233e+00 
3.727233e+00 
3.727233e+00 
3.727233e+00 
3.727233e+00 
3.727233e+00 
3.727233e+00 
3.727233e+00 
3.727233e+00 
3.727233e+00 
3.727233e+00 
3.727233e+00 
3.727233e+00 
3.727233e+00 
3.727233e+00 
3.727233e+00 
3.727233e+00 
3.727233e+00 
3.727233e+00 
3.727233e+00 
3.727233e+00 
3.727233e+00 
3.727233e+00 
3.727233e+00 
3.727233e+00 
3.727233e+00 
3.727233e+00 
3.727233e+00 
3.727233e+00 
3.727233e+00 
3.727233e+00 
3.727233e+00 
3.727233e+00 
3.727233e+00 
3.727233e+00 
3.727233e+00 
3.727233e+00 
3.727233e+00 
3.727233e+00 
3.727233e+00 
3.727233e+00 
3.727233e+00 
3.727233e+00 
3.727233e+00 
3.727233e+00 
3.727233e+00 
3.727233e+00 
3.727233e+00 
3.727233e+00 
3.727233e+00 
3.727233e+00 
3.727233e+00 
3.727233e+00 
3.727233e+00 
3.727233e+00 
3.727233e+00 
3.727233e+00 
3.727233e+00 
3.727233e+00 
3.727233e+00 
3.727233e+00 
3.727233e+00 
3.727233e+00 
3.727233e+00 
3.727233e+00 
3.727233e+00 
3.727233e+00 
3.727233e+00 
3.727233e+00 
3.727233e+00 
3.727233e+00 
3.727233e+00 
3.727233e+00 
3.727233e+00 
3.727233e+00 
3.727233e+00 
3.727233e+00 
3.727233e+00 
3.727233e+00 
3.727233e+00 
3.727233e+00 
3.727233e+00 
3.727233e+00 
3.727233e+00 
3.727233e+00 
3.727233e+00 
3.727233e+00 
3.727233e+00 
3.727233e+00 
3.727233e+00 
3.727233e+00 
3.727233e+00 
3.727233e+00 
3.727233e+00 
3.727233e+00 
3.727233e+00 
3.727233e+00 
3.727233e+00 
3.727233e+00 
3.727233e+00 
3.727233e+00 
3.727233e+00 
3.727233e+00 
3.727233e+00 
3.727233e+00 
3.727233e+00 
3.727233e+00 
3.727233e+00 
3.727233e+00 
3.727233e+00 
3.727233e+00 
3.727233e+00 
3.727233e+00 
3.727233e+00 
3.727233e+00 
3.727233e+00 
3.727233e+00 
3.727233e+00 
3.727233e+00 
3.727233e+00 
3.727233e+00 
3.727233e+00 
3.727233e+00 
3.727233e+00 
3.727233e+00 
3.727233e+00 
3.727233e+00 
3.727233e+00 
3.727233e+00 
3.727233e+00 
3.727233e+00 
3.727233e+00 
3.727233e+00 
3.727233e+00 
3.727233e+00 
3.727233e+00 
3.727233e+00 
3.727233e+00 
3.727233e+00 
3.727233e+00 
3.727233e+00 
3.727233e+00 
3.727233e+00 
3.727233e+00 
3.727233e+00 
3.727233e+00 
3.727233e+00 
3.727233e+00 
3.727233e+00 
3.727233e+00 
3.727233e+00 
3.727233e+00 
3.727233e+00 
3.727233e+00 
3.727233e+00 
3.727233e+00 
3.727233e+00 
3.727233e+00 
3.727233e+00 
3.727233e+00 
3.727233e+00 
3.727233e+00 
3.727233e+00 
3.727233e+00 
3.727233e+00 
3.727233e+00 
3.727233e+00 
3.727233e+00 
3.727233e+00 
3.727233e+00 
3.727233e+00 
3.727233e+00 
3.727233e+00 
3.727233e+00 
3.727233e+00 
3.727233e+00 
3.727233e+00 
3.727233e+00 
3.727233e+00 
3.727233e+00 
3.727233e+00 
3.727233e+00 
3.727233e+00 
3.727233e+00 
3.727233e+00 
3.727233e+00 
3.727233e+00 
3.727233e+00 
3.727233e+00 
3.727233e+00 
3.727233e+00 
3.727233e+00 
3.727233e+00 
3.727233e+00 
3.727233e+00 
3.727233e+00 
3.727233e+00 
3.727233e+00 
3.727233e+00 
3.727233e+00 
3.727233e+00 
3.727233e+00 
3.727233e+00 
3.727233e+00 
3.727233e+00 
3.727233e+00 
3.727233e+00 
3.727233e+00 
3.727233e+00 
3.727233e+00 
3.727233e+00 
3.727233e+00 
3.727233e+00 
3.727233e+00 
3.727233e+00 
3.727233e+00 
3.727233e+00 
3.727233e+00 
3.727233e+00 
3.727233e+00 
3.727233e+00 
3.727233e+00 
3.727233e+00 
3.727233e+00 
3.727233e+00 
3.727233e+00 
3.727233e+00 
3.727233e+00 
3.727233e+00 
3.727233e+00 
3.727233e+00 
3.727233e+00 
3.727233e+00 
3.727233e+00 
3.727233e+00 
3.727233e+00 
3.727233e+00 
3.727233e+00 
3.727233e+00 
3.727233e+00 
3.727233e+00 
3.727233e+00 
3.727233e+00 
3.727233e+00 
3.727233e+00 
3.727233e+00 
3.727233e+00 
3.727233e+00 
3.727233e+00 
3.727233e+00 
3.727233e+00 
3.727233e+00 
3.727233e+00 
3.727233e+00 
3.727233e+00 
3.727233e+00 
3.727233e+00 
3.727233e+00 
3.727233e+00 
3.727233e+00 
3.727233e+00 
3.727233e+00 
3.727233e+00 
3.727233e+00 
3.727233e+00 
3.727233e+00 
3.727233e+00 
3.727233e+00 
3.727233e+00 
3.727233e+00 
3.727233e+00 
3.727233e+00 
3.727233e+00 
3.727233e+00 
3.727233e+00 
3.727233e+00 
3.727233e+00 
3.727233e+00 
3.727233e+00 
3.727233e+00 
3.727233e+00 
3.727233e+00 
3.727233e+00 
3.727233e+00 
3.727233e+00 
3.727233e+00 
3.727233e+00 
3.727233e+00 
3.727233e+00 
3.727233e+00 
3.727233e+00 
3.727233e+00 
3.727233e+00 
3.727233e+00 
3.727233e+00 
3.727233e+00 
3.727233e+00 
3.727233e+00 
3.727233e+00 
3.727233e+00 
3.727233e+00 
3.727233e+00 
3.727233e+00 
3.727233e+00 
3.727233e+00 
3.727233e+00 
3.727233e+00 
3.727233e+00 
3.727233e+00 
3.727233e+00 
3.727233e+00 
3.727233e+00 
3.727233e+00 
3.727233e+00 
3.727233e+00 
3.727233e+00 
3.727233e+00 
3.727233e+00 
3.727233e+00 
3.727233e+00 
3.727233e+00 
3.727233e+00 
3.727233e+00 
3.727233e+00 
3.727233e+00 
3.727233e+00 
3.727233e+00 
3.727233e+00 
3.727233e+00 
3.727233e+00 
3.727233e+00 
3.727233e+00 
3.727233e+00 
3.727233e+00 
3.727233e+00 
3.727233e+00 
3.727233e+00 
3.727233e+00 
3.727233e+00 
3.727233e+00 
3.727233e+00 
3.727233e+00 
3.727233e+00 
3.727233e+00 
3.727233e+00 
3.727233e+00 
3.727233e+00 
3.727233e+00 
3.727233e+00 
3.727233e+00 
3.727233e+00 
3.727233e+00 
3.727233e+00 
3.727233e+00 
3.727233e+00 
3.727233e+00 
3.727233e+00 
3.727233e+00 
3.727233e+00 
3.727233e+00 
3.727233e+00 
3.727233e+00 
3.727233e+00 
3.727233e+00 
3.727233e+00 
3.727233e+00 
3.727233e+00 
3.727233e+00 
3.727233e+00 
3.727233e+00 
3.727233e+00 
3.727233e+00 
3.727233e+00 
3.727233e+00 
3.727233e+00 
3.727233e+00 
3.727233e+00 
3.727233e+00 
3.727233e+00 
3.727233e+00 
3.727233e+00 
3.727233e+00 
3.727233e+00 
3.727233e+00 
3.727233e+00 
3.727233e+00 
3.727233e+00 
3.727233e+00 
3.727233e+00 
3.727233e+00 
3.727233e+00 
3.727233e+00 
3.727233e+00 
3.727233e+00 
3.727233e+00 
3.727233e+00 
3.727233e+00 
3.727233e+00 
3.727233e+00 
3.727233e+00 
3.727233e+00 
3.727233e+00 
3.727233e+00 
3.727233e+00 
3.727233e+00 
3.727233e+00 
3.727233e+00 
3.727233e+00 
3.727233e+00 
3.727233e+00 
3.727233e+00 
3.727233e+00 
3.727233e+00 
3.727233e+00 
3.727233e+00 
3.727233e+00 
3.727233e+00 
3.727233e+00 
3.727233e+00 
3.727233e+00 
3.727233e+00 
3.727233e+00 
3.727233e+00 
3.727233e+00 
3.727233e+00 
3.727233e+00 
3.727233e+00 
3.727233e+00 
3.727233e+00 
3.727233e+00 
3.727233e+00 
3.727233e+00 
3.727233e+00 
3.727233e+00 
3.727233e+00 
3.727233e+00 
3.727233e+00 
3.727233e+00 
3.727233e+00 
3.727233e+00 
3.727233e+00 
3.727233e+00 
3.727233e+00 
3.727233e+00 
3.727233e+00 
3.727233e+00 
3.727233e+00 
3.727233e+00 
3.727233e+00 
3.727233e+00 
3.727233e+00 
3.727233e+00 
3.727233e+00 
3.727233e+00 
3.727233e+00 
3.727233e+00 
3.727233e+00 
3.727233e+00 
3.727233e+00 
3.727233e+00 
3.727233e+00 
3.727233e+00 
3.727233e+00 
3.727233e+00 
3.727233e+00 
3.727233e+00 
3.727233e+00 
3.727233e+00 
3.727233e+00 
3.727233e+00 
3.727233e+00 
3.727233e+00 
3.727233e+00 
3.727233e+00 
3.727233e+00 
3.727233e+00 
3.727233e+00 
3.727233e+00 
3.727233e+00 
3.727233e+00 
3.727233e+00 
3.727233e+00 
3.727233e+00 
3.727233e+00 
3.727233e+00 
3.727233e+00 
3.727233e+00 
3.727233e+00 
3.727233e+00 
3.727233e+00 
3.727233e+00 
3.727233e+00 
3.727233e+00 
3.727233e+00 
3.727233e+00 
3.727233e+00 
3.727233e+00 
3.727233e+00 
3.727233e+00 
3.727233e+00 
3.727233e+00 
3.727233e+00 
3.727233e+00 
3.727233e+00 
3.727233e+00 
3.727233e+00 
3.727233e+00 
3.727233e+00 
3.727233e+00 
3.727233e+00 
3.727233e+00 
3.727233e+00 
3.727233e+00 
3.727233e+00 
3.727233e+00 
3.727233e+00 
3.727233e+00 
3.727233e+00 
3.727233e+00 
3.727233e+00 
3.727233e+00 
3.727233e+00 
3.727233e+00 
3.727233e+00 
3.727233e+00 
3.727233e+00 
3.727233e+00 
3.727233e+00 
3.727233e+00 
3.727233e+00 
3.727233e+00 
3.727233e+00 
3.727233e+00 
3.727233e+00 
3.727233e+00 
3.727233e+00 
3.727233e+00 
3.727233e+00 
3.727233e+00 
3.727233e+00 
3.727233e+00 
3.727233e+00 
3.727233e+00 
3.727233e+00 
3.727233e+00 
3.727233e+00 
3.727233e+00 
3.727233e+00 
3.727233e+00 
3.727233e+00 
3.727233e+00 
3.727233e+00 
3.727233e+00 
3.727233e+00 
3.727233e+00 
3.727233e+00 
3.727233e+00 
3.727233e+00 
3.727233e+00 
3.727233e+00 
3.727233e+00 
3.727233e+00 
3.727233e+00 
3.727233e+00 
3.727233e+00 
3.727233e+00 
3.727233e+00 
3.727233e+00 
3.727233e+00 
3.727233e+00 
3.727233e+00 
3.727233e+00 
3.727233e+00 
3.727233e+00 
3.727233e+00 
3.727233e+00 
3.727233e+00 
3.727233e+00 
3.727233e+00 
3.727233e+00 
3.727233e+00 
3.727233e+00 
3.727233e+00 
3.727233e+00 
3.727233e+00 
3.727233e+00 
3.727233e+00 
3.727233e+00 
3.727233e+00 
3.727233e+00 
3.727233e+00 
3.727233e+00 
3.727233e+00 
3.727233e+00 
3.727233e+00 
3.727233e+00 
3.727233e+00 
3.727233e+00 
3.727233e+00 
3.727233e+00 
3.727233e+00 
3.727233e+00 
3.727233e+00 
3.727233e+00 
3.727233e+00 
3.727233e+00 
3.727233e+00 
3.727233e+00 
3.727233e+00 
3.727233e+00 
3.727233e+00 
3.727233e+00 
3.727233e+00 
3.727233e+00 
3.727233e+00 
3.727233e+00 
3.727233e+00 
3.727233e+00 
3.727233e+00 
3.727233e+00 
3.727233e+00 
3.727233e+00 
3.727233e+00 
3.727233e+00 
3.727233e+00 
3.727233e+00 
3.727233e+00 
3.727233e+00 
3.727233e+00 
3.727233e+00 
3.727233e+00 
3.727233e+00 
3.727233e+00 
3.727233e+00 
3.727233e+00 
3.727233e+00 
3.727233e+00 
3.727233e+00 
3.727233e+00 
3.727233e+00 
3.727233e+00 
3.727233e+00 
3.727233e+00 
3.727233e+00 
3.727233e+00 
3.727233e+00 
3.727233e+00 
3.727233e+00 
3.727233e+00 
3.727233e+00 
3.727233e+00 
3.727233e+00 
3.727233e+00 
3.727233e+00 
3.727233e+00 
3.727233e+00 
3.727233e+00 
3.727233e+00 
3.727233e+00 
3.727233e+00 
3.727233e+00 
3.727233e+00 
3.727233e+00 
3.727233e+00 
3.727233e+00 
3.727233e+00 
3.727233e+00 
3.727233e+00 
3.727233e+00 
3.727233e+00 
3.727233e+00 
3.727233e+00 
3.727233e+00 
3.727233e+00 
3.727233e+00 
3.727233e+00 
3.727233e+00 
3.727233e+00 
3.727233e+00 
3.727233e+00 
3.727233e+00 
3.727233e+00 
3.727233e+00 
3.727233e+00 
3.727233e+00 
3.727233e+00 
3.727233e+00 
3.727233e+00 
3.727233e+00 
3.727233e+00 
3.727233e+00 
3.727233e+00 
3.727233e+00 
3.727233e+00 
3.727233e+00 
3.727233e+00 
3.727233e+00 
3.727233e+00 
3.727233e+00 
3.727233e+00 
3.727233e+00 
3.727233e+00 
3.727233e+00 
3.727233e+00 
3.727233e+00 
3.727233e+00 
3.727233e+00 
3.727233e+00 
3.727233e+00 
3.727233e+00 
3.727233e+00 
3.727233e+00 
3.727233e+00 
3.727233e+00 
3.727233e+00 
3.727233e+00 
3.727233e+00 
3.727233e+00 
3.727233e+00 
3.727233e+00 
3.727233e+00 
3.727233e+00 
3.727233e+00 
3.727233e+00 
3.727233e+00 
3.727233e+00 
3.727233e+00 
3.727233e+00 
3.727233e+00 
3.727233e+00 
3.727233e+00 
3.727233e+00 
3.727233e+00 
3.727233e+00 
3.727233e+00 
3.727233e+00 
3.727233e+00 
3.727233e+00 
3.727233e+00 
3.727233e+00 
3.727233e+00 
3.727233e+00 
3.727233e+00 
3.727233e+00 
3.727233e+00 
3.727233e+00 
3.727233e+00 
3.727233e+00 
3.727233e+00 
3.727233e+00 
3.727233e+00 
3.727233e+00 
3.727233e+00 
3.727233e+00 
3.727233e+00 
3.727233e+00 
3.727233e+00 
3.727233e+00 
3.727233e+00 
3.727233e+00 
3.727233e+00 
3.727233e+00 
3.727233e+00 
3.727233e+00 
3.727233e+00 
3.727233e+00 
3.727233e+00 
3.727233e+00 
3.727233e+00 
3.727233e+00 
3.727233e+00 
3.727233e+00 
3.727233e+00 
3.727233e+00 
3.727233e+00 
3.727233e+00 
3.727233e+00 
3.727233e+00 
3.727233e+00 
3.727233e+00 
3.727233e+00 
3.727233e+00 
3.727233e+00 
3.727233e+00 
3.727233e+00 
3.727233e+00 
3.727233e+00 
3.727233e+00 
3.727233e+00 
3.727233e+00 
3.727233e+00 
3.727233e+00 
3.727233e+00 
3.727233e+00 
3.727233e+00 
3.727233e+00 
3.727233e+00 
3.727233e+00 
3.727233e+00 
3.727233e+00 
3.727233e+00 
3.727233e+00 
3.727233e+00 
3.727233e+00 
3.727233e+00 
3.727233e+00 
3.727233e+00 
3.727233e+00 
3.727233e+00 
3.727233e+00 
3.727233e+00 
3.727233e+00 
3.727233e+00 
3.727233e+00 
3.727233e+00 
3.727233e+00 
3.727233e+00 
3.727233e+00 
3.727233e+00 
3.727233e+00 
3.727233e+00 
3.727233e+00 
3.727233e+00 
3.727233e+00 
3.727233e+00 
3.727233e+00 
3.727233e+00 
3.727233e+00 
3.727233e+00 
3.727233e+00 
3.727233e+00 
3.727233e+00 
3.727233e+00 
3.727233e+00 
3.727233e+00 
3.727233e+00 
3.727233e+00 
3.727233e+00 
3.727233e+00 
3.727233e+00 
3.727233e+00 
3.727233e+00 
3.727233e+00 
3.727233e+00 
3.727233e+00 
3.727233e+00 
3.727233e+00 
3.727233e+00 
3.727233e+00 
3.727233e+00 
3.727233e+00 
3.727233e+00 
3.727233e+00 
3.727233e+00 
3.727233e+00 
3.727233e+00 
3.727233e+00 
3.727233e+00 
3.727233e+00 
3.727233e+00 
3.727233e+00 
3.727233e+00 
3.727233e+00 
3.727233e+00 
3.727233e+00 
3.727233e+00 
3.727233e+00 
3.727233e+00 
3.727233e+00 
3.727233e+00 
3.727233e+00 
3.727233e+00 
3.727233e+00 
3.727233e+00 
3.727233e+00 
3.727233e+00 
3.727233e+00 
3.727233e+00 
3.727233e+00 
3.727233e+00 
3.727233e+00 
3.727233e+00 
3.727233e+00 
3.727233e+00 
3.727233e+00 
3.727233e+00 
3.727233e+00 
3.727233e+00 
3.727233e+00 
3.727233e+00 
3.727233e+00 
3.727233e+00 
3.727233e+00 
3.727233e+00 
3.727233e+00 
3.727233e+00 
3.727233e+00 
3.727233e+00 
3.727233e+00 
3.727233e+00 
3.727233e+00 
3.727233e+00 
3.727233e+00 
3.727233e+00 
3.727233e+00 
3.727233e+00 
3.727233e+00 
3.727233e+00 
3.727233e+00 
3.727233e+00 
3.727233e+00 
3.727233e+00 
3.727233e+00 
3.727233e+00 
3.727233e+00 
3.727233e+00 
3.727233e+00 
3.727233e+00 
3.727233e+00 
3.727233e+00 
3.727233e+00 
3.727233e+00 
3.727233e+00 
3.727233e+00 
3.727233e+00 
3.727233e+00 
3.727233e+00 
3.727233e+00 
3.727233e+00 
3.727233e+00 
3.727233e+00 
3.727233e+00 
3.727233e+00 
3.727233e+00 
3.727233e+00 
3.727233e+00 
3.727233e+00 
3.727233e+00 
3.727233e+00 
3.727233e+00 
3.727233e+00 
3.727233e+00 
3.727233e+00 
3.727233e+00 
3.727233e+00 
3.727233e+00 
3.727233e+00 
3.727233e+00 
3.727233e+00 
3.727233e+00 
3.727233e+00 
3.727233e+00 
3.727233e+00 
3.727233e+00 
3.727233e+00 
3.727233e+00 
3.727233e+00 
3.727233e+00 
3.727233e+00 
3.727233e+00 
3.727233e+00 
3.727233e+00 
3.727233e+00 
3.727233e+00 
3.727233e+00 
3.727233e+00 
3.727233e+00 
3.727233e+00 
3.727233e+00 
3.727233e+00 
3.727233e+00 
3.727233e+00 
3.727233e+00 
3.727233e+00 
3.727233e+00 
3.727233e+00 
3.727233e+00 
3.727233e+00 
3.727233e+00 
3.727233e+00 
3.727233e+00 
3.727233e+00 
3.727233e+00 
3.727233e+00 
3.727233e+00 
3.727233e+00 
3.727233e+00 
3.727233e+00 
3.727233e+00 
3.727233e+00 
3.727233e+00 
3.727233e+00 
3.727233e+00 
3.727233e+00 
3.727233e+00 
3.727233e+00 
3.727233e+00 
3.727233e+00 
3.727233e+00 
3.727233e+00 
3.727233e+00 
3.727233e+00 
3.727233e+00 
3.727233e+00 
3.727233e+00 
3.727233e+00 
3.727233e+00 
3.727233e+00 
3.727233e+00 
3.727233e+00 
3.727233e+00 
3.727233e+00 
3.727233e+00 
3.727233e+00 
3.727233e+00 
3.727233e+00 
3.727233e+00 
3.727233e+00 
3.727233e+00 
3.727233e+00 
3.727233e+00 
3.727233e+00 
3.727233e+00 
3.727233e+00 
3.727233e+00 
3.727233e+00 
3.727233e+00 
3.727233e+00 
3.727233e+00 
3.727233e+00 
3.727233e+00 
3.727233e+00 
3.727233e+00 
3.727233e+00 
3.727233e+00 
3.727233e+00 
3.727233e+00 
3.727233e+00 
3.727233e+00 
3.727233e+00 
3.727233e+00 
3.727233e+00 
3.727233e+00 
3.727233e+00 
3.727233e+00 
3.727233e+00 
3.727233e+00 
3.727233e+00 
3.727233e+00 
3.727233e+00 
3.727233e+00 
3.727233e+00 
3.727233e+00 
3.727233e+00 
3.727233e+00 
3.727233e+00 
3.727233e+00 
3.727233e+00 
3.727233e+00 
3.727233e+00 
3.727233e+00 
3.727233e+00 
3.727233e+00 
3.727233e+00 
3.727233e+00 
3.727233e+00 
3.727233e+00 
3.727233e+00 
3.727233e+00 
3.727233e+00 
3.727233e+00 
3.727233e+00 
3.727233e+00 
3.727233e+00 
3.727233e+00 
3.727233e+00 
3.727233e+00 
3.727233e+00 
3.727233e+00 
3.727233e+00 
3.727233e+00 
3.727233e+00 
3.727233e+00 
3.727233e+00 
3.727233e+00 
3.727233e+00 
3.727233e+00 
3.727233e+00 
3.727233e+00 
3.727233e+00 
3.727233e+00 
3.727233e+00 
3.727233e+00 
3.727233e+00 
3.727233e+00 
3.727233e+00 
3.727233e+00 
3.727233e+00 
3.727233e+00 
3.727233e+00 
3.727233e+00 
3.727233e+00 
3.727233e+00 
3.727233e+00 
3.727233e+00 
3.727233e+00 
3.727233e+00 
3.727233e+00 
3.727233e+00 
3.727233e+00 
3.727233e+00 
3.727233e+00 
3.727233e+00 
3.727233e+00 
3.727233e+00 
3.727233e+00 
3.727233e+00 
3.727233e+00 
3.727233e+00 
3.727233e+00 
3.727233e+00 
3.727233e+00 
3.727233e+00 
3.727233e+00 
3.727233e+00 
3.727233e+00 
3.727233e+00 
3.727233e+00 
3.727233e+00 
3.727233e+00 
3.727233e+00 
3.727233e+00 
3.727233e+00 
3.727233e+00 
3.727233e+00 
3.727233e+00 
3.727233e+00 
3.727233e+00 
3.727233e+00 
3.727233e+00 
3.727233e+00 
3.727233e+00 
3.727233e+00 
3.727233e+00 
3.727233e+00 
3.727233e+00 
3.727233e+00 
3.727233e+00 
3.727233e+00 
3.727233e+00 
3.727233e+00 
3.727233e+00 
3.727233e+00 
3.727233e+00 
3.727233e+00 
3.727233e+00 
3.727233e+00 
3.727233e+00 
3.727233e+00 
3.727233e+00 
3.727233e+00 
3.727233e+00 
3.727233e+00 
3.727233e+00 
3.727233e+00 
3.727233e+00 
3.727233e+00 
3.727233e+00 
3.727233e+00 
3.727233e+00 
3.727233e+00 
3.727233e+00 
3.727233e+00 
3.727233e+00 
3.727233e+00 
3.727233e+00 
3.727233e+00 
3.727233e+00 
3.727233e+00 
3.727233e+00 
3.727233e+00 
3.727233e+00 
3.727233e+00 
3.727233e+00 
3.727233e+00 
3.727233e+00 
3.727233e+00 
3.727233e+00 
3.727233e+00 
3.727233e+00 
3.727233e+00 
3.727233e+00 
3.727233e+00 
3.727233e+00 
3.727233e+00 
3.727233e+00 
3.727233e+00 
3.727233e+00 
3.727233e+00 
3.727233e+00 
3.727233e+00 
3.727233e+00 
3.727233e+00 
3.727233e+00 
3.727233e+00 
3.727233e+00 
3.727233e+00 
3.727233e+00 
3.727233e+00 
3.727233e+00 
3.727233e+00 
3.727233e+00 
3.727233e+00 
3.727233e+00 
3.727233e+00 
3.727233e+00 
3.727233e+00 
3.727233e+00 
3.727233e+00 
3.727233e+00 
3.727233e+00 
3.727233e+00 
3.727233e+00 
3.727233e+00 
3.727233e+00 
3.727233e+00 
3.727233e+00 
3.727233e+00 
3.727233e+00 
3.727233e+00 
3.727233e+00 
3.727233e+00 
3.727233e+00 
3.727233e+00 
3.727233e+00 
3.727233e+00 
3.727233e+00 
3.727233e+00 
3.727233e+00 
3.727233e+00 
3.727233e+00 
3.727233e+00 
3.727233e+00 
3.727233e+00 
3.727233e+00 
3.727233e+00 
3.727233e+00 
3.727233e+00 
3.727233e+00 
3.727233e+00 
3.727233e+00 
3.727233e+00 
3.727233e+00 
3.727233e+00 
3.727233e+00 
3.727233e+00 
3.727233e+00 
3.727233e+00 
3.727233e+00 
3.727233e+00 
3.727233e+00 
3.727233e+00 
3.727233e+00 
3.727233e+00 
3.727233e+00 
3.727233e+00 
3.727233e+00 
3.727233e+00 
3.727233e+00 
3.727233e+00 
3.727233e+00 
3.727233e+00 
3.727233e+00 
3.727233e+00 
3.727233e+00 
3.727233e+00 
3.727233e+00 
3.727233e+00 
3.727233e+00 
3.727233e+00 
3.727233e+00 
3.727233e+00 
3.727233e+00 
3.727233e+00 
3.727233e+00 
3.727233e+00 
3.727233e+00 
3.727233e+00 
3.727233e+00 
3.727233e+00 
3.727233e+00 
3.727233e+00 
3.727233e+00 
3.727233e+00 
3.727233e+00 
3.727233e+00 
3.727233e+00 
3.727233e+00 
3.727233e+00 
3.727233e+00 
3.727233e+00 
3.727233e+00 
3.727233e+00 
3.727233e+00 
3.727233e+00 
3.727233e+00 
3.727233e+00 
3.727233e+00 
3.727233e+00 
3.727233e+00 
3.727233e+00 
3.727233e+00 
3.727233e+00 
3.727233e+00 
3.727233e+00 
3.727233e+00 
3.727233e+00 
3.727233e+00 
3.727233e+00 
3.727233e+00 
3.727233e+00 
3.727233e+00 
3.727233e+00 
3.727233e+00 
3.727233e+00 
3.727233e+00 
3.727233e+00 
3.727233e+00 
3.727233e+00 
3.727233e+00 
3.727233e+00 
3.727233e+00 
3.727233e+00 
3.727233e+00 
3.727233e+00 
3.727233e+00 
3.727233e+00 
3.727233e+00 
3.727233e+00 
3.727233e+00 
3.727233e+00 
3.727233e+00 
3.727233e+00 
3.727233e+00 
3.727233e+00 
3.727233e+00 
3.727233e+00 
3.727233e+00 
3.727233e+00 
3.727233e+00 
3.727233e+00 
3.727233e+00 
3.727233e+00 
3.727233e+00 
3.727233e+00 
3.727233e+00 
3.727233e+00 
3.727233e+00 
3.727233e+00 
3.727233e+00 
3.727233e+00 
3.727233e+00 
3.727233e+00 
3.727233e+00 
3.727233e+00 
3.727233e+00 
3.727233e+00 
3.727233e+00 
3.727233e+00 
3.727233e+00 
3.727233e+00 
3.727233e+00 
3.727233e+00 
3.727233e+00 
3.727233e+00 
3.727233e+00 
3.727233e+00 
3.727233e+00 
3.727233e+00 
3.727233e+00 
3.727233e+00 
3.727233e+00 
3.727233e+00 
3.727233e+00 
3.727233e+00 
3.727233e+00 
3.727233e+00 
3.727233e+00 
3.727233e+00 
3.727233e+00 
3.727233e+00 
3.727233e+00 
3.727233e+00 
3.727233e+00 
3.727233e+00 
3.727233e+00 
3.727233e+00 
3.727233e+00 
3.727233e+00 
3.727233e+00 
3.727233e+00 
3.727233e+00 
3.727233e+00 
3.727233e+00 
3.727233e+00 
3.727233e+00 
3.727233e+00 
3.727233e+00 
3.727233e+00 
3.727233e+00 
3.727233e+00 
3.727233e+00 
3.727233e+00 
3.727233e+00 
3.727233e+00 
3.727233e+00 
3.727233e+00 
3.727233e+00 
3.727233e+00 
3.727233e+00 
3.727233e+00 
3.727233e+00 
3.727233e+00 
3.727233e+00 
3.727233e+00 
3.727233e+00 
3.727233e+00 
3.727233e+00 
3.727233e+00 
3.727233e+00 
3.727233e+00 
3.727233e+00 
3.727233e+00 
3.727233e+00 
3.727233e+00 
3.727233e+00 
3.727233e+00 
3.727233e+00 
3.727233e+00 
3.727233e+00 
3.727233e+00 
3.727233e+00 
3.727233e+00 
3.727233e+00 
3.727233e+00 
3.727233e+00 
3.727233e+00 
3.727233e+00 
3.727233e+00 
3.727233e+00 
3.727233e+00 
3.727233e+00 
3.727233e+00 
3.727233e+00 
3.727233e+00 
3.727233e+00 
3.727233e+00 
3.727233e+00 
3.727233e+00 
3.727233e+00 
3.727233e+00 
3.727233e+00 
3.727233e+00 
3.727233e+00 
3.727233e+00 
3.727233e+00 
3.727233e+00 
3.727233e+00 
3.727233e+00 
3.727233e+00 
3.727233e+00 
3.727233e+00 
3.727233e+00 
3.727233e+00 
3.727233e+00 
3.727233e+00 
3.727233e+00 
3.727233e+00 
3.727233e+00 
3.727233e+00 
3.727233e+00 
3.727233e+00 
3.727233e+00 
3.727233e+00 
3.727233e+00 
3.727233e+00 
3.727233e+00 
3.727233e+00 
3.727233e+00 
3.727233e+00 
3.727233e+00 
3.727233e+00 
3.727233e+00 
3.727233e+00 
3.727233e+00 
3.727233e+00 
3.727233e+00 
3.727233e+00 
3.727233e+00 
3.727233e+00 
3.727233e+00 
3.727233e+00 
3.727233e+00 
3.727233e+00 
3.727233e+00 
3.727233e+00 
3.727233e+00 
3.727233e+00 
3.727233e+00 
3.727233e+00 
3.727233e+00 
3.727233e+00 
3.727233e+00 
3.727233e+00 
3.727233e+00 
3.727233e+00 
3.727233e+00 
3.727233e+00 
3.727233e+00 
3.727233e+00 
3.727233e+00 
3.727233e+00 
3.727233e+00 
3.727233e+00 
3.727233e+00 
3.727233e+00 
3.727233e+00 
3.727233e+00 
3.727233e+00 
3.727233e+00 
3.727233e+00 
3.727233e+00 
3.727233e+00 
3.727233e+00 
3.727233e+00 
3.727233e+00 
3.727233e+00 
3.727233e+00 
3.727233e+00 
3.727233e+00 
3.727233e+00 
3.727233e+00 
3.727233e+00 
3.727233e+00 
3.727233e+00 
3.727233e+00 
3.727233e+00 
3.727233e+00 
3.727233e+00 
3.727233e+00 
3.727233e+00 
3.727233e+00 
3.727233e+00 
3.727233e+00 
3.727233e+00 
3.727233e+00 
3.727233e+00 
3.727233e+00 
3.727233e+00 
3.727233e+00 
3.727233e+00 
3.727233e+00 
3.727233e+00 
3.727233e+00 
3.727233e+00 
3.727233e+00 
3.727233e+00 
3.727233e+00 
3.727233e+00 
3.727233e+00 
3.727233e+00 
3.727233e+00 
3.727233e+00 
3.727233e+00 
3.727233e+00 
3.727233e+00 
3.727233e+00 
3.727233e+00 
3.727233e+00 
3.727233e+00 
3.727233e+00 
3.727233e+00 
3.727233e+00 
3.727233e+00 
3.727233e+00 
3.727233e+00 
3.727233e+00 
3.727233e+00 
3.727233e+00 
3.727233e+00 
3.727233e+00 
3.727233e+00 
3.727233e+00 
3.727233e+00 
3.727233e+00 
3.727233e+00 
3.727233e+00 
3.727233e+00 
3.727233e+00 
3.727233e+00 
3.727233e+00 
3.727233e+00 
3.727233e+00 
3.727233e+00 
3.727233e+00 
3.727233e+00 
3.727233e+00 
3.727233e+00 
3.727233e+00 
3.727233e+00 
3.727233e+00 
3.727233e+00 
3.727233e+00 
3.727233e+00 
3.727233e+00 
3.727233e+00 
3.727233e+00 
3.727233e+00 
3.727233e+00 
3.727233e+00 
3.727233e+00 
3.727233e+00 
3.727233e+00 
3.727233e+00 
3.727233e+00 
3.727233e+00 
3.727233e+00 
3.727233e+00 
3.727233e+00 
3.727233e+00 
3.727233e+00 
3.727233e+00 
3.727233e+00 
3.727233e+00 
3.727233e+00 
3.727233e+00 
3.727233e+00 
3.727233e+00 
3.727233e+00 
3.727233e+00 
3.727233e+00 
3.727233e+00 
3.727233e+00 
3.727233e+00 
3.727233e+00 
3.727233e+00 
3.727233e+00 
3.727233e+00 
3.727233e+00 
3.727233e+00 
3.727233e+00 
3.727233e+00 
3.727233e+00 
3.727233e+00 
3.727233e+00 
3.727233e+00 
3.727233e+00 
3.727233e+00 
3.727233e+00 
3.727233e+00 
3.727233e+00 
3.727233e+00 
3.727233e+00 
3.727233e+00 
3.727233e+00 
3.727233e+00 
3.727233e+00 
3.727233e+00 
3.727233e+00 
3.727233e+00 
3.727233e+00 
3.727233e+00 
3.727233e+00 
3.727233e+00 
3.727233e+00 
3.727233e+00 
3.727233e+00 
3.727233e+00 
3.727233e+00 
3.727233e+00 
3.727233e+00 
3.727233e+00 
3.727233e+00 
3.727233e+00 
3.727233e+00 
3.727233e+00 
3.727233e+00 
3.727233e+00 
3.727233e+00 
3.727233e+00 
3.727233e+00 
3.727233e+00 
3.727233e+00 
3.727233e+00 
3.727233e+00 
3.727233e+00 
3.727233e+00 
3.727233e+00 
3.727233e+00 
3.727233e+00 
3.727233e+00 
3.727233e+00 
3.727233e+00 
3.727233e+00 
3.727233e+00 
3.727233e+00 
3.727233e+00 
3.727233e+00 
3.727233e+00 
3.727233e+00 
3.727233e+00 
3.727233e+00 
3.727233e+00 
3.727233e+00 
3.727233e+00 
3.727233e+00 
3.727233e+00 
3.727233e+00 
3.727233e+00 
3.727233e+00 
3.727233e+00 
3.727233e+00 
3.727233e+00 
3.727233e+00 
3.727233e+00 
3.727233e+00 
3.727233e+00 
3.727233e+00 
3.727233e+00 
3.727233e+00 
3.727233e+00 
3.727233e+00 
3.727233e+00 
3.727233e+00 
3.727233e+00 
3.727233e+00 
3.727233e+00 
3.727233e+00 
3.727233e+00 
3.727233e+00 
3.727233e+00 
3.727233e+00 
3.727233e+00 
3.727233e+00 
3.727233e+00 
3.727233e+00 
3.727233e+00 
3.727233e+00 
3.727233e+00 
3.727233e+00 
3.727233e+00 
3.727233e+00 
3.727233e+00 
3.727233e+00 
3.727233e+00 
3.727233e+00 
3.727233e+00 
3.727233e+00 
3.727233e+00 
3.727233e+00 
3.727233e+00 
3.727233e+00 
3.727233e+00 
3.727233e+00 
3.727233e+00 
3.727233e+00 
3.727233e+00 
3.727233e+00 
3.727233e+00 
3.727233e+00 
3.727233e+00 
3.727233e+00 
3.727233e+00 
3.727233e+00 
3.727233e+00 
3.727233e+00 
3.727233e+00 
3.727233e+00 
3.727233e+00 
3.727233e+00 
3.727233e+00 
3.727233e+00 
3.727233e+00 
3.727233e+00 
3.727233e+00 
3.727233e+00 
3.727233e+00 
3.727233e+00 
3.727233e+00 
3.727233e+00 
3.727233e+00 
3.727233e+00 
3.727233e+00 
3.727233e+00 
3.727233e+00 
3.727233e+00 
3.727233e+00 
3.727233e+00 
3.727233e+00 
3.727233e+00 
3.727233e+00 
3.727233e+00 
3.727233e+00 
3.727233e+00 
3.727233e+00 
3.727233e+00 
3.727233e+00 
3.727233e+00 
3.727233e+00 
3.727233e+00 
3.727233e+00 
3.727233e+00 
3.727233e+00 
3.727233e+00 
3.727233e+00 
3.727233e+00 
3.727233e+00 
3.727233e+00 
3.727233e+00 
3.727233e+00 
3.727233e+00 
3.727233e+00 
3.727233e+00 
3.727233e+00 
3.727233e+00 
3.727233e+00 
3.727233e+00 
3.727233e+00 
3.727233e+00 
3.727233e+00 
3.727233e+00 
3.727233e+00 
3.727233e+00 
3.727233e+00 
3.727233e+00 
3.727233e+00 
3.727233e+00 
3.727233e+00 
3.727233e+00 
3.727233e+00 
3.727233e+00 
3.727233e+00 
3.727233e+00 
3.727233e+00 
3.727233e+00 
3.727233e+00 
3.727233e+00 
3.727233e+00 
3.727233e+00 
3.727233e+00 
3.727233e+00 
3.727233e+00 
3.727233e+00 
3.727233e+00 
3.727233e+00 
3.727233e+00 
3.727233e+00 
3.727233e+00 
3.727233e+00 
3.727233e+00 
3.727233e+00 
3.727233e+00 
3.727233e+00 
3.727233e+00 
3.727233e+00 
3.727233e+00 
3.727233e+00 
3.727233e+00 
3.727233e+00 
3.727233e+00 
3.727233e+00 
3.727233e+00 
3.727233e+00 
3.727233e+00 
3.727233e+00 
3.727233e+00 
3.727233e+00 
3.727233e+00 
3.727233e+00 
3.727233e+00 
3.727233e+00 
3.727233e+00 
3.727233e+00 
3.727233e+00 
3.727233e+00 
3.727233e+00 
3.727233e+00 
3.727233e+00 
3.727233e+00 
3.727233e+00 
3.727233e+00 
3.727233e+00 
3.727233e+00 
3.727233e+00 
3.727233e+00 
3.727233e+00 
3.727233e+00 
3.727233e+00 
3.727233e+00 
3.727233e+00 
3.727233e+00 
3.727233e+00 
3.727233e+00 
3.727233e+00 
3.727233e+00 
3.727233e+00 
3.727233e+00 
3.727233e+00 
3.727233e+00 
3.727233e+00 
3.727233e+00 
3.727233e+00 
3.727233e+00 
3.727233e+00 
3.727233e+00 
3.727233e+00 
3.727233e+00 
3.727233e+00 
3.727233e+00 
3.727233e+00 
3.727233e+00 
3.727233e+00 
3.727233e+00 
3.727233e+00 
3.727233e+00 
3.727233e+00 
3.727233e+00 
3.727233e+00 
3.727233e+00 
3.727233e+00 
3.727233e+00 
3.727233e+00 
3.727233e+00 
3.727233e+00 
3.727233e+00 
3.727233e+00 
3.727233e+00 
3.727233e+00 
3.727233e+00 
3.727233e+00 
3.727233e+00 
3.727233e+00 
3.727233e+00 
3.727233e+00 
3.727233e+00 
3.727233e+00 
3.727233e+00 
3.727233e+00 
3.727233e+00 
3.727233e+00 
3.727233e+00 
3.727233e+00 
3.727233e+00 
3.727233e+00 
3.727233e+00 
3.727233e+00 
3.727233e+00 
3.727233e+00 
3.727233e+00 
3.727233e+00 
3.727233e+00 
3.727233e+00 
3.727233e+00 
3.727233e+00 
3.727233e+00 
3.727233e+00 
3.727233e+00 
3.727233e+00 
3.727233e+00 
3.727233e+00 
3.727233e+00 
3.727233e+00 
3.727233e+00 
3.727233e+00 
3.727233e+00 
3.727233e+00 
3.727233e+00 
3.727233e+00 
3.727233e+00 
3.727233e+00 
3.727233e+00 
3.727233e+00 
3.727233e+00 
3.727233e+00 
3.727233e+00 
3.727233e+00 
3.727233e+00 
3.727233e+00 
3.727233e+00 
3.727233e+00 
3.727233e+00 
3.727233e+00 
3.727233e+00 
3.727233e+00 
3.727233e+00 
3.727233e+00 
3.727233e+00 
3.727233e+00 
3.727233e+00 
3.727233e+00 
3.727233e+00 
3.727233e+00 
3.727233e+00 
3.727233e+00 
3.727233e+00 
3.727233e+00 
3.727233e+00 
3.727233e+00 
3.727233e+00 
3.727233e+00 
3.727233e+00 
3.727233e+00 
3.727233e+00 
3.727233e+00 
3.727233e+00 
3.727233e+00 
3.727233e+00 
3.727233e+00 
3.727233e+00 
3.727233e+00 
3.727233e+00 
3.727233e+00 
3.727233e+00 
3.727233e+00 
3.727233e+00 
3.727233e+00 
3.727233e+00 
3.727233e+00 
3.727233e+00 
3.727233e+00 
3.727233e+00 
3.727233e+00 
3.727233e+00 
3.727233e+00 
3.727233e+00 
3.727233e+00 
3.727233e+00 
3.727233e+00 
3.727233e+00 
3.727233e+00 
3.727233e+00 
3.727233e+00 
3.727233e+00 
3.727233e+00 
3.727233e+00 
3.727233e+00 
3.727233e+00 
3.727233e+00 
3.727233e+00 
3.727233e+00 
3.727233e+00 
3.727233e+00 
3.727233e+00 
3.727233e+00 
3.727233e+00 
3.727233e+00 
3.727233e+00 
3.727233e+00 
3.727233e+00 
3.727233e+00 
3.727233e+00 
3.727233e+00 
3.727233e+00 
3.727233e+00 
3.727233e+00 
3.727233e+00 
3.727233e+00 
3.727233e+00 
3.727233e+00 
3.727233e+00 
3.727233e+00 
3.727233e+00 
3.727233e+00 
3.727233e+00 
3.727233e+00 
3.727233e+00 
3.727233e+00 
3.727233e+00 
3.727233e+00 
3.727233e+00 
3.727233e+00 
3.727233e+00 
3.727233e+00 
3.727233e+00 
3.727233e+00 
3.727233e+00 
3.727233e+00 
3.727233e+00 
3.727233e+00 
3.727233e+00 
3.727233e+00 
3.727233e+00 
3.727233e+00 
3.727233e+00 
3.727233e+00 
3.727233e+00 
3.727233e+00 
3.727233e+00 
3.727233e+00 
3.727233e+00 
3.727233e+00 
3.727233e+00 
3.727233e+00 
3.727233e+00 
3.727233e+00 
3.727233e+00 
3.727233e+00 
3.727233e+00 
3.727233e+00 
3.727233e+00 
3.727233e+00 
3.727233e+00 
3.727233e+00 
3.727233e+00 
3.727233e+00 
3.727233e+00 
3.727233e+00 
3.727233e+00 
3.727233e+00 
3.727233e+00 
3.727233e+00 
3.727233e+00 
3.727233e+00 
3.727233e+00 
3.727233e+00 
3.727233e+00 
3.727233e+00 
3.727233e+00 
3.727233e+00 
3.727233e+00 
3.727233e+00 
3.727233e+00 
3.727233e+00 
3.727233e+00 
3.727233e+00 
3.727233e+00 
3.727233e+00 
3.727233e+00 
3.727233e+00 
3.727233e+00 
3.727233e+00 
3.727233e+00 
3.727233e+00 
3.727233e+00 
3.727233e+00 
3.727233e+00 
3.727233e+00 
3.727233e+00 
3.727233e+00 
3.727233e+00 
3.727233e+00 
3.727233e+00 
3.727233e+00 
3.727233e+00 
3.727233e+00 
3.727233e+00 
3.727233e+00 
3.727233e+00 
3.727233e+00 
3.727233e+00 
3.727233e+00 
3.727233e+00 
3.727233e+00 
3.727233e+00 
3.727233e+00 
3.727233e+00 
3.727233e+00 
3.727233e+00 
3.727233e+00 
3.727233e+00 
3.727233e+00 
3.727233e+00 
3.727233e+00 
3.727233e+00 
3.727233e+00 
3.727233e+00 
3.727233e+00 
3.727233e+00 
3.727233e+00 
3.727233e+00 
3.727233e+00 
3.727233e+00 
3.727233e+00 
3.727233e+00 
3.727233e+00 
3.727233e+00 
3.727233e+00 
3.727233e+00 
3.727233e+00 
3.727233e+00 
3.727233e+00 
3.727233e+00 
3.727233e+00 
3.727233e+00 
3.727233e+00 
3.727233e+00 
3.727233e+00 
3.727233e+00 
3.727233e+00 
3.727233e+00 
3.727233e+00 
3.727233e+00 
3.727233e+00 
3.727233e+00 
3.727233e+00 
3.727233e+00 
3.727233e+00 
3.727233e+00 
3.727233e+00 
3.727233e+00 
3.727233e+00 
3.727233e+00 
3.727233e+00 
3.727233e+00 
3.727233e+00 
3.727233e+00 
3.727233e+00 
3.727233e+00 
3.727233e+00 
3.727233e+00 
3.727233e+00 
3.727233e+00 
3.727233e+00 
3.727233e+00 
3.727233e+00 
3.727233e+00 
3.727233e+00 
3.727233e+00 
3.727233e+00 
3.727233e+00 
3.727233e+00 
3.727233e+00 
3.727233e+00 
3.727233e+00 
3.727233e+00 
3.727233e+00 
3.727233e+00 
3.727233e+00 
3.727233e+00 
3.727233e+00 
3.727233e+00 
3.727233e+00 
3.727233e+00 
3.727233e+00 
3.727233e+00 
3.727233e+00 
3.727233e+00 
3.727233e+00 
3.727233e+00 
3.727233e+00 
3.727233e+00 
3.727233e+00 
3.727233e+00 
3.727233e+00 
3.727233e+00 
3.727233e+00 
3.727233e+00 
3.727233e+00 
3.727233e+00 
3.727233e+00 
3.727233e+00 
3.727233e+00 
3.727233e+00 
3.727233e+00 
3.727233e+00 
3.727233e+00 
3.727233e+00 
3.727233e+00 
3.727233e+00 
3.727233e+00 
3.727233e+00 
3.727233e+00 
3.727233e+00 
3.727233e+00 
3.727233e+00 
3.727233e+00 
3.727233e+00 
3.727233e+00 
3.727233e+00 
3.727233e+00 
3.727233e+00 
3.727233e+00 
3.727233e+00 
3.727233e+00 
3.727233e+00 
3.727233e+00 
3.727233e+00 
3.727233e+00 
3.727233e+00 
3.727233e+00 
3.727233e+00 
3.727233e+00 
3.727233e+00 
3.727233e+00 
3.727233e+00 
3.727233e+00 
3.727233e+00 
3.727233e+00 
3.727233e+00 
3.727233e+00 
3.727233e+00 
3.727233e+00 
3.727233e+00 
3.727233e+00 
3.727233e+00 
3.727233e+00 
3.727233e+00 
3.727233e+00 
3.727233e+00 
3.727233e+00 
3.727233e+00 
3.727233e+00 
3.727233e+00 
3.727233e+00 
3.727233e+00 
3.727233e+00 
3.727233e+00 
3.727233e+00 
3.727233e+00 
3.727233e+00 
3.727233e+00 
3.727233e+00 
3.727233e+00 
3.727233e+00 
3.727233e+00 
3.727233e+00 
3.727233e+00 
3.727233e+00 
3.727233e+00 
3.727233e+00 
3.727233e+00 
3.727233e+00 
3.727233e+00 
3.727233e+00 
3.727233e+00 
3.727233e+00 
3.727233e+00 
3.727233e+00 
3.727233e+00 
3.727233e+00 
3.727233e+00 
3.727233e+00 
3.727233e+00 
3.727233e+00 
3.727233e+00 
3.727233e+00 
3.727233e+00 
3.727233e+00 
3.727233e+00 
3.727233e+00 
3.727233e+00 
3.727233e+00 
3.727233e+00 
3.727233e+00 
3.727233e+00 
3.727233e+00 
3.727233e+00 
3.727233e+00 
3.727233e+00 
3.727233e+00 
3.727233e+00 
3.727233e+00 
3.727233e+00 
3.727233e+00 
3.727233e+00 
3.727233e+00 
3.727233e+00 
3.727233e+00 
3.727233e+00 
3.727233e+00 
3.727233e+00 
3.727233e+00 
3.727233e+00 
3.727233e+00 
3.727233e+00 
3.727233e+00 
3.727233e+00 
3.727233e+00 
3.727233e+00 
3.727233e+00 
3.727233e+00 
3.727233e+00 
3.727233e+00 
3.727233e+00 
3.727233e+00 
3.727233e+00 
3.727233e+00 
3.727233e+00 
3.727233e+00 
3.727233e+00 
3.727233e+00 
3.727233e+00 
3.727233e+00 
3.727233e+00 
3.727233e+00 
3.727233e+00 
3.727233e+00 
3.727233e+00 
3.727233e+00 
3.727233e+00 
3.727233e+00 
3.727233e+00 
3.727233e+00 
3.727233e+00 
3.727233e+00 
3.727233e+00 
3.727233e+00 
3.727233e+00 
3.727233e+00 
3.727233e+00 
3.727233e+00 
3.727233e+00 
3.727233e+00 
3.727233e+00 
3.727233e+00 
3.727233e+00 
3.727233e+00 
3.727233e+00 
3.727233e+00 
3.727233e+00 
3.727233e+00 
3.727233e+00 
3.727233e+00 
3.727233e+00 
3.727233e+00 
3.727233e+00 
3.727233e+00 
3.727233e+00 
3.727233e+00 
3.727233e+00 
3.727233e+00 
3.727233e+00 
3.727233e+00 
3.727233e+00 
3.727233e+00 
3.727233e+00 
3.727233e+00 
3.727233e+00 
3.727233e+00 
3.727233e+00 
3.727233e+00 
3.727233e+00 
3.727233e+00 
3.727233e+00 
3.727233e+00 
3.727233e+00 
3.727233e+00 
3.727233e+00 
3.727233e+00 
3.727233e+00 
3.727233e+00 
3.727233e+00 
3.727233e+00 
3.727233e+00 
3.727233e+00 
3.727233e+00 
3.727233e+00 
3.727233e+00 
3.727233e+00 
3.727233e+00 
3.727233e+00 
3.727233e+00 
3.727233e+00 
3.727233e+00 
3.727233e+00 
3.727233e+00 
3.727233e+00 
3.727233e+00 
3.727233e+00 
3.727233e+00 
3.727233e+00 
3.727233e+00 
3.727233e+00 
3.727233e+00 
3.727233e+00 
3.727233e+00 
3.727233e+00 
3.727233e+00 
3.727233e+00 
3.727233e+00 
3.727233e+00 
3.727233e+00 
3.727233e+00 
3.727233e+00 
3.727233e+00 
3.727233e+00 
3.727233e+00 
3.727233e+00 
3.727233e+00 
3.727233e+00 
3.727233e+00 
3.727233e+00 
3.727233e+00 
3.727233e+00 
3.727233e+00 
3.727233e+00 
3.727233e+00 
3.727233e+00 
3.727233e+00 
3.727233e+00 
3.727233e+00 
3.727233e+00 
3.727233e+00 
3.727233e+00 
3.727233e+00 
3.727233e+00 
3.727233e+00 
3.727233e+00 
3.727233e+00 
3.727233e+00 
3.727233e+00 
3.727233e+00 
3.727233e+00 
3.727233e+00 
3.727233e+00 
3.727233e+00 
3.727233e+00 
3.727233e+00 
3.727233e+00 
3.727233e+00 
3.727233e+00 
3.727233e+00 
3.727233e+00 
3.727233e+00 
3.727233e+00 
3.727233e+00 
3.727233e+00 
3.727233e+00 
3.727233e+00 
3.727233e+00 
3.727233e+00 
3.727233e+00 
3.727233e+00 
3.727233e+00 
3.727233e+00 
3.727233e+00 
3.727233e+00 
3.727233e+00 
3.727233e+00 
3.727233e+00 
3.727233e+00 
3.727233e+00 
3.727233e+00 
3.727233e+00 
3.727233e+00 
3.727233e+00 
3.727233e+00 
3.727233e+00 
3.727233e+00 
3.727233e+00 
3.727233e+00 
3.727233e+00 
3.727233e+00 
3.727233e+00 
3.727233e+00 
3.727233e+00 
3.727233e+00 
3.727233e+00 
3.727233e+00 
3.727233e+00 
3.727233e+00 
3.727233e+00 
3.727233e+00 
3.727233e+00 
3.727233e+00 
3.727233e+00 
3.727233e+00 
3.727233e+00 
3.727233e+00 
3.727233e+00 
3.727233e+00 
3.727233e+00 
3.727233e+00 
3.727233e+00 
3.727233e+00 
3.727233e+00 
3.727233e+00 
3.727233e+00 
3.727233e+00 
3.727233e+00 
3.727233e+00 
3.727233e+00 
3.727233e+00 
3.727233e+00 
3.727233e+00 
3.727233e+00 
3.727233e+00 
3.727233e+00 
3.727233e+00 
3.727233e+00 
3.727233e+00 
3.727233e+00 
3.727233e+00 
3.727233e+00 
3.727233e+00 
3.727233e+00 
3.727233e+00 
3.727233e+00 
3.727233e+00 
3.727233e+00 
3.727233e+00 
3.727233e+00 
3.727233e+00 
3.727233e+00 
3.727233e+00 
3.727233e+00 
3.727233e+00 
3.727233e+00 
3.727233e+00 
3.727233e+00 
3.727233e+00 
3.727233e+00 
3.727233e+00 
3.727233e+00 
3.727233e+00 
3.727233e+00 
3.727233e+00 
3.727233e+00 
3.727233e+00 
3.727233e+00 
3.727233e+00 
3.727233e+00 
3.727233e+00 
3.727233e+00 
3.727233e+00 
3.727233e+00 
3.727233e+00 
3.727233e+00 
3.727233e+00 
3.727233e+00 
3.727233e+00 
3.727233e+00 
3.727233e+00 
3.727233e+00 
3.727233e+00 
3.727233e+00 
3.727233e+00 
3.727233e+00 
3.727233e+00 
3.727233e+00 
3.727233e+00 
3.727233e+00 
3.727233e+00 
3.727233e+00 
3.727233e+00 
3.727233e+00 
3.727233e+00 
3.727233e+00 
3.727233e+00 
3.727233e+00 
3.727233e+00 
3.727233e+00 
3.727233e+00 
3.727233e+00 
3.727233e+00 
3.727233e+00 
3.727233e+00 
3.727233e+00 
3.727233e+00 
3.727233e+00 
3.727233e+00 
3.727233e+00 
3.727233e+00 
3.727233e+00 
3.727233e+00 
3.727233e+00 
3.727233e+00 
3.727233e+00 
3.727233e+00 
3.727233e+00 
3.727233e+00 
3.727233e+00 
3.727233e+00 
3.727233e+00 
3.727233e+00 
3.727233e+00 
3.727233e+00 
3.727233e+00 
3.727233e+00 
3.727233e+00 
3.727233e+00 
3.727233e+00 
3.727233e+00 
3.727233e+00 
3.727233e+00 
3.727233e+00 
3.727233e+00 
3.727233e+00 
3.727233e+00 
3.727233e+00 
3.727233e+00 
3.727233e+00 
3.727233e+00 
3.727233e+00 
3.727233e+00 
3.727233e+00 
3.727233e+00 
3.727233e+00 
3.727233e+00 
3.727233e+00 
3.727233e+00 
3.727233e+00 
3.727233e+00 
3.727233e+00 
3.727233e+00 
3.727233e+00 
3.727233e+00 
3.727233e+00 
3.727233e+00 
3.727233e+00 
3.727233e+00 
3.727233e+00 
3.727233e+00 
3.727233e+00 
3.727233e+00 
3.727233e+00 
3.727233e+00 
3.727233e+00 
3.727233e+00 
3.727233e+00 
3.727233e+00 
3.727233e+00 
3.727233e+00 
3.727233e+00 
3.727233e+00 
3.727233e+00 
3.727233e+00 
3.727233e+00 
3.727233e+00 
3.727233e+00 
3.727233e+00 
3.727233e+00 
3.727233e+00 
3.727233e+00 
3.727233e+00 
3.727233e+00 
3.727233e+00 
3.727233e+00 
3.727233e+00 
3.727233e+00 
3.727233e+00 
3.727233e+00 
3.727233e+00 
3.727233e+00 
3.727233e+00 
3.727233e+00 
3.727233e+00 
3.727233e+00 
3.727233e+00 
3.727233e+00 
3.727233e+00 
3.727233e+00 
3.727233e+00 
3.727233e+00 
3.727233e+00 
3.727233e+00 
3.727233e+00 
3.727233e+00 
3.727233e+00 
3.727233e+00 
3.727233e+00 
3.727233e+00 
3.727233e+00 
3.727233e+00 
3.727233e+00 
3.727233e+00 
3.727233e+00 
3.727233e+00 
3.727233e+00 
3.727233e+00 
3.727233e+00 
3.727233e+00 
3.727233e+00 
3.727233e+00 
3.727233e+00 
3.727233e+00 
3.727233e+00 
3.727233e+00 
3.727233e+00 
3.727233e+00 
3.727233e+00 
3.727233e+00 
3.727233e+00 
3.727233e+00 
3.727233e+00 
3.727233e+00 
3.727233e+00 
3.727233e+00 
3.727233e+00 
3.727233e+00 
3.727233e+00 
3.727233e+00 
3.727233e+00 
3.727233e+00 
3.727233e+00 
3.727233e+00 
3.727233e+00 
3.727233e+00 
3.727233e+00 
3.727233e+00 
3.727233e+00 
3.727233e+00 
3.727233e+00 
3.727233e+00 
3.727233e+00 
3.727233e+00 
3.727233e+00 
3.727233e+00 
3.727233e+00 
3.727233e+00 
3.727233e+00 
3.727233e+00 
3.727233e+00 
3.727233e+00 
3.727233e+00 
3.727233e+00 
3.727233e+00 
3.727233e+00 
3.727233e+00 
3.727233e+00 
3.727233e+00 
3.727233e+00 
3.727233e+00 
3.727233e+00 
3.727233e+00 
3.727233e+00 
3.727233e+00 
3.727233e+00 
3.727233e+00 
3.727233e+00 
3.727233e+00 
3.727233e+00 
3.727233e+00 
3.727233e+00 
3.727233e+00 
3.727233e+00 
3.727233e+00 
3.727233e+00 
3.727233e+00 
3.727233e+00 
3.727233e+00 
3.727233e+00 
3.727233e+00 
3.727233e+00 
3.727233e+00 
3.727233e+00 
3.727233e+00 
3.727233e+00 
3.727233e+00 
3.727233e+00 
3.727233e+00 
3.727233e+00 
3.727233e+00 
3.727233e+00 
3.727233e+00 
3.727233e+00 
3.727233e+00 
3.727233e+00 
3.727233e+00 
3.727233e+00 
3.727233e+00 
3.727233e+00 
3.727233e+00 
3.727233e+00 
3.727233e+00 
3.727233e+00 
3.727233e+00 
3.727233e+00 
3.727233e+00 
3.727233e+00 
3.727233e+00 
3.727233e+00 
3.727233e+00 
3.727233e+00 
3.727233e+00 
3.727233e+00 
3.727233e+00 
3.727233e+00 
3.727233e+00 
3.727233e+00 
3.727233e+00 
3.727233e+00 
3.727233e+00 
3.727233e+00 
3.727233e+00 
3.727233e+00 
3.727233e+00 
3.727233e+00 
3.727233e+00 
3.727233e+00 
3.727233e+00 
3.727233e+00 
3.727233e+00 
3.727233e+00 
3.727233e+00 
3.727233e+00 
3.727233e+00 
3.727233e+00 
3.727233e+00 
3.727233e+00 
3.727233e+00 
3.727233e+00 
3.727233e+00 
3.727233e+00 
3.727233e+00 
3.727233e+00 
3.727233e+00 
3.727233e+00 
3.727233e+00 
3.727233e+00 
3.727233e+00 
3.727233e+00 
3.727233e+00 
3.727233e+00 
3.727233e+00 
3.727233e+00 
3.727233e+00 
3.727233e+00 
3.727233e+00 
3.727233e+00 
3.727233e+00 
3.727233e+00 
3.727233e+00 
3.727233e+00 
3.727233e+00 
3.727233e+00 
3.727233e+00 
3.727233e+00 
3.727233e+00 
3.727233e+00 
3.727233e+00 
3.727233e+00 
3.727233e+00 
3.727233e+00 
3.727233e+00 
3.727233e+00 
3.727233e+00 
3.727233e+00 
3.727233e+00 
3.727233e+00 
3.727233e+00 
3.727233e+00 
3.727233e+00 
3.727233e+00 
3.727233e+00 
3.727233e+00 
3.727233e+00 
3.727233e+00 
3.727233e+00 
3.727233e+00 
3.727233e+00 
3.727233e+00 
3.727233e+00 
3.727233e+00 
3.727233e+00 
3.727233e+00 
3.727233e+00 
3.727233e+00 
3.727233e+00 
3.727233e+00 
3.727233e+00 
3.727233e+00 
3.727233e+00 
3.727233e+00 
3.727233e+00 
3.727233e+00 
3.727233e+00 
3.727233e+00 
3.727233e+00 
3.727233e+00 
3.727233e+00 
3.727233e+00 
3.727233e+00 
3.727233e+00 
3.727233e+00 
3.727233e+00 
3.727233e+00 
3.727233e+00 
3.727233e+00 
3.727233e+00 
3.727233e+00 
3.727233e+00 
3.727233e+00 
3.727233e+00 
3.727233e+00 
3.727233e+00 
3.727233e+00 
3.727233e+00 
3.727233e+00 
3.727233e+00 
3.727233e+00 
3.727233e+00 
3.727233e+00 
3.727233e+00 
3.727233e+00 
3.727233e+00 
3.727233e+00 
3.727233e+00 
3.727233e+00 
3.727233e+00 
3.727233e+00 
3.727233e+00 
3.727233e+00 
3.727233e+00 
3.727233e+00 
3.727233e+00 
3.727233e+00 
3.727233e+00 
3.727233e+00 
3.727233e+00 
3.727233e+00 
3.727233e+00 
3.727233e+00 
3.727233e+00 
3.727233e+00 
3.727233e+00 
3.727233e+00 
3.727233e+00 
3.727233e+00 
3.727233e+00 
3.727233e+00 
3.727233e+00 
3.727233e+00 
3.727233e+00 
3.727233e+00 
3.727233e+00 
3.727233e+00 
3.727233e+00 
3.727233e+00 
3.727233e+00 
3.727233e+00 
3.727233e+00 
3.727233e+00 
3.727233e+00 
3.727233e+00 
3.727233e+00 
3.727233e+00 
3.727233e+00 
3.727233e+00 
3.727233e+00 
3.727233e+00 
3.727233e+00 
3.727233e+00 
3.727233e+00 
3.727233e+00 
3.727233e+00 
3.727233e+00 
3.727233e+00 
3.727233e+00 
3.727233e+00 
3.727233e+00 
3.727233e+00 
3.727233e+00 
3.727233e+00 
3.727233e+00 
3.727233e+00 
3.727233e+00 
3.727233e+00 
3.727233e+00 
3.727233e+00 
3.727233e+00 
3.727233e+00 
3.727233e+00 
3.727233e+00 
3.727233e+00 
3.727233e+00 
3.727233e+00 
3.727233e+00 
3.727233e+00 
3.727233e+00 
3.727233e+00 
3.727233e+00 
3.727233e+00 
3.727233e+00 
3.727233e+00 
3.727233e+00 
3.727233e+00 
3.727233e+00 
3.727233e+00 
3.727233e+00 
3.727233e+00 
3.727233e+00 
3.727233e+00 
3.727233e+00 
3.727233e+00 
3.727233e+00 
3.727233e+00 
3.727233e+00 
3.727233e+00 
3.727233e+00 
3.727233e+00 
3.727233e+00 
3.727233e+00 
3.727233e+00 
3.727233e+00 
3.727233e+00 
3.727233e+00 
3.727233e+00 
3.727233e+00 
3.727233e+00 
3.727233e+00 
3.727233e+00 
3.727233e+00 
3.727233e+00 
3.727233e+00 
3.727233e+00 
3.727233e+00 
3.727233e+00 
3.727233e+00 
3.727233e+00 
3.727233e+00 
3.727233e+00 
3.727233e+00 
3.727233e+00 
3.727233e+00 
3.727233e+00 
3.727233e+00 
3.727233e+00 
3.727233e+00 
3.727233e+00 
3.727233e+00 
3.727233e+00 
3.727233e+00 
3.727233e+00 
3.727233e+00 
3.727233e+00 
3.727233e+00 
3.727233e+00 
3.727233e+00 
3.727233e+00 
3.727233e+00 
3.727233e+00 
3.727233e+00 
3.727233e+00 
3.727233e+00 
3.727233e+00 
3.727233e+00 
3.727233e+00 
3.727233e+00 
3.727233e+00 
3.727233e+00 
3.727233e+00 
3.727233e+00 
3.727233e+00 
3.727233e+00 
3.727233e+00 
3.727233e+00 
3.727233e+00 
3.727233e+00 
3.727233e+00 
3.727233e+00 
3.727233e+00 
3.727233e+00 
3.727233e+00 
3.727233e+00 
3.727233e+00 
3.727233e+00 
3.727233e+00 
3.727233e+00 
3.727233e+00 
3.727233e+00 
3.727233e+00 
3.727233e+00 
3.727233e+00 
3.727233e+00 
3.727233e+00 
3.727233e+00 
3.727233e+00 
3.727233e+00 
3.727233e+00 
3.727233e+00 
3.727233e+00 
3.727233e+00 
3.727233e+00 
3.727233e+00 
3.727233e+00 
3.727233e+00 
3.727233e+00 
3.727233e+00 
3.727233e+00 
3.727233e+00 
3.727233e+00 
3.727233e+00 
3.727233e+00 
3.727233e+00 
3.727233e+00 
3.727233e+00 
3.727233e+00 
3.727233e+00 
3.727233e+00 
3.727233e+00 
3.727233e+00 
3.727233e+00 
3.727233e+00 
3.727233e+00 
3.727233e+00 
3.727233e+00 
3.727233e+00 
3.727233e+00 
3.727233e+00 
3.727233e+00 
3.727233e+00 
3.727233e+00 
3.727233e+00 
3.727233e+00 
3.727233e+00 
3.727233e+00 
3.727233e+00 
3.727233e+00 
3.727233e+00 
3.727233e+00 
3.727233e+00 
3.727233e+00 
3.727233e+00 
3.727233e+00 
3.727233e+00 
3.727233e+00 
3.727233e+00 
3.727233e+00 
3.727233e+00 
3.727233e+00 
3.727233e+00 
3.727233e+00 
3.727233e+00 
3.727233e+00 
3.727233e+00 
3.727233e+00 
3.727233e+00 
3.727233e+00 
3.727233e+00 
3.727233e+00 
3.727233e+00 
3.727233e+00 
3.727233e+00 
3.727233e+00 
3.727233e+00 
3.727233e+00 
3.727233e+00 
3.727233e+00 
3.727233e+00 
3.727233e+00 
3.727233e+00 
3.727233e+00 
3.727233e+00 
3.727233e+00 
3.727233e+00 
3.727233e+00 
3.727233e+00 
3.727233e+00 
3.727233e+00 
3.727233e+00 
3.727233e+00 
3.727233e+00 
3.727233e+00 
3.727233e+00 
3.727233e+00 
3.727233e+00 
3.727233e+00 
3.727233e+00 
3.727233e+00 
3.727233e+00 
3.727233e+00 
3.727233e+00 
3.727233e+00 
3.727233e+00 
3.727233e+00 
3.727233e+00 
3.727233e+00 
3.727233e+00 
3.727233e+00 
3.727233e+00 
3.727233e+00 
3.727233e+00 
3.727233e+00 
3.727233e+00 
3.727233e+00 
3.727233e+00 
3.727233e+00 
3.727233e+00 
3.727233e+00 
3.727233e+00 
3.727233e+00 
3.727233e+00 
3.727233e+00 
3.727233e+00 
3.727233e+00 
3.727233e+00 
3.727233e+00 
3.727233e+00 
3.727233e+00 
3.727233e+00 
3.727233e+00 
3.727233e+00 
3.727233e+00 
3.727233e+00 
3.727233e+00 
3.727233e+00 
3.727233e+00 
3.727233e+00 
3.727233e+00 
3.727233e+00 
3.727233e+00 
3.727233e+00 
3.727233e+00 
3.727233e+00 
3.727233e+00 
3.727233e+00 
3.727233e+00 
3.727233e+00 
3.727233e+00 
3.727233e+00 
3.727233e+00 
3.727233e+00 
3.727233e+00 
3.727233e+00 
3.727233e+00 
3.727233e+00 
3.727233e+00 
3.727233e+00 
3.727233e+00 
3.727233e+00 
3.727233e+00 
3.727233e+00 
3.727233e+00 
3.727233e+00 
3.727233e+00 
3.727233e+00 
3.727233e+00 
3.727233e+00 
3.727233e+00 
3.727233e+00 
3.727233e+00 
3.727233e+00 
3.727233e+00 
3.727233e+00 
3.727233e+00 
3.727233e+00 
3.727233e+00 
3.727233e+00 
3.727233e+00 
3.727233e+00 
3.727233e+00 
3.727233e+00 
3.727233e+00 
3.727233e+00 
3.727233e+00 
3.727233e+00 
3.727233e+00 
3.727233e+00 
3.727233e+00 
3.727233e+00 
3.727233e+00 
3.727233e+00 
3.727233e+00 
3.727233e+00 
3.727233e+00 
3.727233e+00 
3.727233e+00 
3.727233e+00 
3.727233e+00 
3.727233e+00 
3.727233e+00 
3.727233e+00 
3.727233e+00 
3.727233e+00 
3.727233e+00 
3.727233e+00 
3.727233e+00 
3.727233e+00 
3.727233e+00 
3.727233e+00 
3.727233e+00 
3.727233e+00 
3.727233e+00 
3.727233e+00 
3.727233e+00 
3.727233e+00 
3.727233e+00 
3.727233e+00 
3.727233e+00 
3.727233e+00 
3.727233e+00 
3.727233e+00 
3.727233e+00 
3.727233e+00 
3.727233e+00 
3.727233e+00 
3.727233e+00 
3.727233e+00 
3.727233e+00 
3.727233e+00 
3.727233e+00 
3.727233e+00 
3.727233e+00 
3.727233e+00 
3.727233e+00 
3.727233e+00 
3.727233e+00 
3.727233e+00 
3.727233e+00 
3.727233e+00 
3.727233e+00 
3.727233e+00 
3.727233e+00 
3.727233e+00 
3.727233e+00 
3.727233e+00 
3.727233e+00 
3.727233e+00 
3.727233e+00 
3.727233e+00 
3.727233e+00 
3.727233e+00 
3.727233e+00 
3.727233e+00 
3.727233e+00 
3.727233e+00 
3.727233e+00 
3.727233e+00 
3.727233e+00 
3.727233e+00 
3.727233e+00 
3.727233e+00 
3.727233e+00 
3.727233e+00 
3.727233e+00 
3.727233e+00 
3.727233e+00 
3.727233e+00 
3.727233e+00 
3.727233e+00 
3.727233e+00 
3.727233e+00 
3.727233e+00 
3.727233e+00 
3.727233e+00 
3.727233e+00 
3.727233e+00 
3.727233e+00 
3.727233e+00 
3.727233e+00 
3.727233e+00 
3.727233e+00 
3.727233e+00 
3.727233e+00 
3.727233e+00 
3.727233e+00 
3.727233e+00 
3.727233e+00 
3.727233e+00 
3.727233e+00 
3.727233e+00 
3.727233e+00 
3.727233e+00 
3.727233e+00 
3.727233e+00 
3.727233e+00 
3.727233e+00 
3.727233e+00 
3.727233e+00 
3.727233e+00 
3.727233e+00 
3.727233e+00 
3.727233e+00 
3.727233e+00 
3.727233e+00 
3.727233e+00 
3.727233e+00 
3.727233e+00 
3.727233e+00 
3.727233e+00 
3.727233e+00 
3.727233e+00 
3.727233e+00 
3.727233e+00 
3.727233e+00 
3.727233e+00 
3.727233e+00 
3.727233e+00 
3.727233e+00 
3.727233e+00 
3.727233e+00 
3.727233e+00 
3.727233e+00 
3.727233e+00 
3.727233e+00 
3.727233e+00 
3.727233e+00 
3.727233e+00 
3.727233e+00 
3.727233e+00 
3.727233e+00 
3.727233e+00 
3.727233e+00 
3.727233e+00 
3.727233e+00 
3.727233e+00 
3.727233e+00 
3.727233e+00 
3.727233e+00 
3.727233e+00 
3.727233e+00 
3.727233e+00 
3.727233e+00 
3.727233e+00 
3.727233e+00 
3.727233e+00 
3.727233e+00 
3.727233e+00 
3.727233e+00 
3.727233e+00 
3.727233e+00 
3.727233e+00 
3.727233e+00 
3.727233e+00 
3.727233e+00 
3.727233e+00 
3.727233e+00 
3.727233e+00 
3.727233e+00 
3.727233e+00 
3.727233e+00 
3.727233e+00 
3.727233e+00 
3.727233e+00 
3.727233e+00 
3.727233e+00 
3.727233e+00 
3.727233e+00 
3.727233e+00 
3.727233e+00 
3.727233e+00 
3.727233e+00 
3.727233e+00 
3.727233e+00 
3.727233e+00 
3.727233e+00 
3.727233e+00 
3.727233e+00 
3.727233e+00 
3.727233e+00 
3.727233e+00 
3.727233e+00 
3.727233e+00 
3.727233e+00 
3.727233e+00 
3.727233e+00 
3.727233e+00 
3.727233e+00 
3.727233e+00 
3.727233e+00 
3.727233e+00 
3.727233e+00 
3.727233e+00 
3.727233e+00 
3.727233e+00 
3.727233e+00 
3.727233e+00 
3.727233e+00 
3.727233e+00 
3.727233e+00 
3.727233e+00 
3.727233e+00 
3.727233e+00 
3.727233e+00 
3.727233e+00 
3.727233e+00 
3.727233e+00 
3.727233e+00 
3.727233e+00 
3.727233e+00 
3.727233e+00 
3.727233e+00 
3.727233e+00 
3.727233e+00 
3.727233e+00 
3.727233e+00 
3.727233e+00 
3.727233e+00 
3.727233e+00 
3.727233e+00 
3.727233e+00 
3.727233e+00 
3.727233e+00 
3.727233e+00 
3.727233e+00 
3.727233e+00 
3.727233e+00 
3.727233e+00 
3.727233e+00 
3.727233e+00 
3.727233e+00 
3.727233e+00 
3.727233e+00 
3.727233e+00 
3.727233e+00 
3.727233e+00 
3.727233e+00 
3.727233e+00 
3.727233e+00 
3.727233e+00 
3.727233e+00 
3.727233e+00 
3.727233e+00 
3.727233e+00 
3.727233e+00 
3.727233e+00 
3.727233e+00 
3.727233e+00 
3.727233e+00 
3.727233e+00 
3.727233e+00 
3.727233e+00 
3.727233e+00 
3.727233e+00 
3.727233e+00 
3.727233e+00 
3.727233e+00 
3.727233e+00 
3.727233e+00 
3.727233e+00 
3.727233e+00 
3.727233e+00 
3.727233e+00 
3.727233e+00 
3.727233e+00 
3.727233e+00 
3.727233e+00 
3.727233e+00 
3.727233e+00 
3.727233e+00 
3.727233e+00 
3.727233e+00 
3.727233e+00 
3.727233e+00 
3.727233e+00 
3.727233e+00 
3.727233e+00 
3.727233e+00 
3.727233e+00 
3.727233e+00 
3.727233e+00 
3.727233e+00 
3.727233e+00 
3.727233e+00 
3.727233e+00 
3.727233e+00 
3.727233e+00 
3.727233e+00 
3.727233e+00 
3.727233e+00 
3.727233e+00 
3.727233e+00 
3.727233e+00 
3.727233e+00 
3.727233e+00 
3.727233e+00 
3.727233e+00 
3.727233e+00 
3.727233e+00 
3.727233e+00 
3.727233e+00 
3.727233e+00 
3.727233e+00 
3.727233e+00 
3.727233e+00 
3.727233e+00 
3.727233e+00 
3.727233e+00 
3.727233e+00 
3.727233e+00 
3.727233e+00 
3.727233e+00 
3.727233e+00 
3.727233e+00 
3.727233e+00 
3.727233e+00 
3.727233e+00 
3.727233e+00 
3.727233e+00 
3.727233e+00 
3.727233e+00 
3.727233e+00 
3.727233e+00 
3.727233e+00 
3.727233e+00 
3.727233e+00 
3.727233e+00 
3.727233e+00 
3.727233e+00 
3.727233e+00 
3.727233e+00 
3.727233e+00 
3.727233e+00 
3.727233e+00 
3.727233e+00 
3.727233e+00 
3.727233e+00 
3.727233e+00 
3.727233e+00 
3.727233e+00 
3.727233e+00 
3.727233e+00 
3.727233e+00 
3.727233e+00 
3.727233e+00 
3.727233e+00 
3.727233e+00 
3.727233e+00 
3.727233e+00 
3.727233e+00 
3.727233e+00 
3.727233e+00 
3.727233e+00 
3.727233e+00 
3.727233e+00 
3.727233e+00 
3.727233e+00 
3.727233e+00 
3.727233e+00 
3.727233e+00 
3.727233e+00 
3.727233e+00 
3.727233e+00 
3.727233e+00 
3.727233e+00 
3.727233e+00 
3.727233e+00 
3.727233e+00 
3.727233e+00 
3.727233e+00 
3.727233e+00 
3.727233e+00 
3.727233e+00 
3.727233e+00 
3.727233e+00 
3.727233e+00 
3.727233e+00 
3.727233e+00 
3.727233e+00 
3.727233e+00 
3.727233e+00 
3.727233e+00 
3.727233e+00 
3.727233e+00 
3.727233e+00 
3.727233e+00 
3.727233e+00 
3.727233e+00 
3.727233e+00 
3.727233e+00 
3.727233e+00 
3.727233e+00 
3.727233e+00 
3.727233e+00 
3.727233e+00 
3.727233e+00 
3.727233e+00 
3.727233e+00 
3.727233e+00 
3.727233e+00 
3.727233e+00 
3.727233e+00 
3.727233e+00 
3.727233e+00 
3.727233e+00 
3.727233e+00 
3.727233e+00 
3.727233e+00 
3.727233e+00 
3.727233e+00 
3.727233e+00 
3.727233e+00 
3.727233e+00 
3.727233e+00 
3.727233e+00 
3.727233e+00 
3.727233e+00 
3.727233e+00 
3.727233e+00 
3.727233e+00 
3.727233e+00 
3.727233e+00 
3.727233e+00 
3.727233e+00 
3.727233e+00 
3.727233e+00 
3.727233e+00 
3.727233e+00 
3.727233e+00 
3.727233e+00 
3.727233e+00 
3.727233e+00 
3.727233e+00 
3.727233e+00 
3.727233e+00 
3.727233e+00 
3.727233e+00 
3.727233e+00 
3.727233e+00 
3.727233e+00 
3.727233e+00 
3.727233e+00 
3.727233e+00 
3.727233e+00 
3.727233e+00 
3.727233e+00 
3.727233e+00 
3.727233e+00 
3.727233e+00 
3.727233e+00 
3.727233e+00 
3.727233e+00 
3.727233e+00 
3.727233e+00 
3.727233e+00 
3.727233e+00 
3.727233e+00 
3.727233e+00 
3.727233e+00 
3.727233e+00 
3.727233e+00 
3.727233e+00 
3.727233e+00 
3.727233e+00 
3.727233e+00 
3.727233e+00 
3.727233e+00 
3.727233e+00 
3.727233e+00 
3.727233e+00 
3.727233e+00 
3.727233e+00 
3.727233e+00 
3.727233e+00 
3.727233e+00 
3.727233e+00 
3.727233e+00 
3.727233e+00 
3.727233e+00 
3.727233e+00 
3.727233e+00 
3.727233e+00 
3.727233e+00 
3.727233e+00 
3.727233e+00 
3.727233e+00 
3.727233e+00 
3.727233e+00 
3.727233e+00 
3.727233e+00 
3.727233e+00 
3.727233e+00 
3.727233e+00 
3.727233e+00 
3.727233e+00 
3.727233e+00 
3.727233e+00 
3.727233e+00 
3.727233e+00 
3.727233e+00 
3.727233e+00 
3.727233e+00 
3.727233e+00 
3.727233e+00 
3.727233e+00 
3.727233e+00 
3.727233e+00 
3.727233e+00 
3.727233e+00 
3.727233e+00 
3.727233e+00 
3.727233e+00 
3.727233e+00 
3.727233e+00 
3.727233e+00 
3.727233e+00 
3.727233e+00 
3.727233e+00 
3.727233e+00 
3.727233e+00 
3.727233e+00 
3.727233e+00 
3.727233e+00 
3.727233e+00 
3.727233e+00 
3.727233e+00 
3.727233e+00 
3.727233e+00 
3.727233e+00 
3.727233e+00 
3.727233e+00 
3.727233e+00 
3.727233e+00 
3.727233e+00 
3.727233e+00 
3.727233e+00 
3.727233e+00 
3.727233e+00 
3.727233e+00 
3.727233e+00 
3.727233e+00 
3.727233e+00 
3.727233e+00 
3.727233e+00 
3.727233e+00 
3.727233e+00 
3.727233e+00 
3.727233e+00 
3.727233e+00 
3.727233e+00 
3.727233e+00 
3.727233e+00 
3.727233e+00 
3.727233e+00 
3.727233e+00 
3.727233e+00 
3.727233e+00 
3.727233e+00 
3.727233e+00 
3.727233e+00 
3.727233e+00 
3.727233e+00 
3.727233e+00 
3.727233e+00 
3.727233e+00 
3.727233e+00 
3.727233e+00 
3.727233e+00 
3.727233e+00 
3.727233e+00 
3.727233e+00 
3.727233e+00 
3.727233e+00 
3.727233e+00 
3.727233e+00 
3.727233e+00 
3.727233e+00 
3.727233e+00 
3.727233e+00 
3.727233e+00 
3.727233e+00 
3.727233e+00 
3.727233e+00 
3.727233e+00 
3.727233e+00 
3.727233e+00 
3.727233e+00 
3.727233e+00 
3.727233e+00 
3.727233e+00 
3.727233e+00 
3.727233e+00 
3.727233e+00 
3.727233e+00 
3.727233e+00 
3.727233e+00 
3.727233e+00 
3.727233e+00 
3.727233e+00 
3.727233e+00 
3.727233e+00 
3.727233e+00 
3.727233e+00 
3.727233e+00 
3.727233e+00 
3.727233e+00 
3.727233e+00 
3.727233e+00 
3.727233e+00 
3.727233e+00 
