6.445253e+06 
6.445253e+06 
6.445253e+06 
3.223824e+06 
1.386986e+06 
1.386986e+06 
2.265325e+05 
2.265325e+05 
2.265325e+05 
2.265325e+05 
2.265325e+05 
2.265325e+05 
2.265325e+05 
2.265325e+05 
2.160075e+05 
2.160075e+05 
2.160075e+05 
2.160075e+05 
2.160075e+05 
2.160075e+05 
2.160075e+05 
2.160075e+05 
2.160075e+05 
2.160075e+05 
1.554094e+05 
1.554094e+05 
1.554094e+05 
1.554094e+05 
7.131290e+04 
7.131290e+04 
7.131290e+04 
7.131290e+04 
7.131290e+04 
7.131290e+04 
7.131290e+04 
7.131290e+04 
7.131290e+04 
5.540309e+04 
5.540309e+04 
5.540309e+04 
5.540309e+04 
5.540309e+04 
5.540309e+04 
5.540309e+04 
5.540309e+04 
5.540309e+04 
5.540309e+04 
5.540309e+04 
5.540309e+04 
5.540309e+04 
5.540309e+04 
5.540309e+04 
5.540309e+04 
5.540309e+04 
5.540309e+04 
5.540309e+04 
5.540309e+04 
5.540309e+04 
5.540309e+04 
5.540309e+04 
5.540309e+04 
5.540309e+04 
5.540309e+04 
5.540309e+04 
5.540309e+04 
5.540309e+04 
5.540309e+04 
5.540309e+04 
5.540309e+04 
5.540309e+04 
5.540309e+04 
5.540309e+04 
5.540309e+04 
5.540309e+04 
5.540309e+04 
5.540309e+04 
5.540309e+04 
5.540309e+04 
9.862208e+03 
9.862208e+03 
9.862208e+03 
9.862208e+03 
9.862208e+03 
9.862208e+03 
9.862208e+03 
9.862208e+03 
9.862208e+03 
9.862208e+03 
9.862208e+03 
9.862208e+03 
9.862208e+03 
9.862208e+03 
9.862208e+03 
9.862208e+03 
9.862208e+03 
9.862208e+03 
9.862208e+03 
9.862208e+03 
9.862208e+03 
9.862208e+03 
9.862208e+03 
9.862208e+03 
9.862208e+03 
9.862208e+03 
9.862208e+03 
9.862208e+03 
9.862208e+03 
9.862208e+03 
9.862208e+03 
9.862208e+03 
9.862208e+03 
9.862208e+03 
9.862208e+03 
9.862208e+03 
9.862208e+03 
9.862208e+03 
9.862208e+03 
9.862208e+03 
9.862208e+03 
9.862208e+03 
9.862208e+03 
9.862208e+03 
9.862208e+03 
9.862208e+03 
9.862208e+03 
9.862208e+03 
9.862208e+03 
9.862208e+03 
9.862208e+03 
9.862208e+03 
9.862208e+03 
9.862208e+03 
9.862208e+03 
9.862208e+03 
9.862208e+03 
9.862208e+03 
9.862208e+03 
9.862208e+03 
9.862208e+03 
9.862208e+03 
9.862208e+03 
9.862208e+03 
9.862208e+03 
9.862208e+03 
9.862208e+03 
9.862208e+03 
9.862208e+03 
9.862208e+03 
9.862208e+03 
9.862208e+03 
9.862208e+03 
9.862208e+03 
9.862208e+03 
9.862208e+03 
9.862208e+03 
9.862208e+03 
9.862208e+03 
9.862208e+03 
9.862208e+03 
9.862208e+03 
9.862208e+03 
9.862208e+03 
9.862208e+03 
9.862208e+03 
9.862208e+03 
9.862208e+03 
9.862208e+03 
9.862208e+03 
9.862208e+03 
9.862208e+03 
9.862208e+03 
9.862208e+03 
9.862208e+03 
9.862208e+03 
9.862208e+03 
9.862208e+03 
9.862208e+03 
9.862208e+03 
9.862208e+03 
9.862208e+03 
9.862208e+03 
9.862208e+03 
9.862208e+03 
9.862208e+03 
9.862208e+03 
9.862208e+03 
9.862208e+03 
9.862208e+03 
9.862208e+03 
9.862208e+03 
9.862208e+03 
9.862208e+03 
9.862208e+03 
9.862208e+03 
9.862208e+03 
9.862208e+03 
9.862208e+03 
9.862208e+03 
9.862208e+03 
9.862208e+03 
9.862208e+03 
9.862208e+03 
9.862208e+03 
9.862208e+03 
9.862208e+03 
9.862208e+03 
9.862208e+03 
9.862208e+03 
9.862208e+03 
9.862208e+03 
9.862208e+03 
9.862208e+03 
9.862208e+03 
9.862208e+03 
9.862208e+03 
9.862208e+03 
9.862208e+03 
9.862208e+03 
9.862208e+03 
9.862208e+03 
9.862208e+03 
9.862208e+03 
9.862208e+03 
9.862208e+03 
9.862208e+03 
9.862208e+03 
9.862208e+03 
9.862208e+03 
9.862208e+03 
9.862208e+03 
9.862208e+03 
9.862208e+03 
9.862208e+03 
9.862208e+03 
9.862208e+03 
9.862208e+03 
9.862208e+03 
9.862208e+03 
9.862208e+03 
9.862208e+03 
9.862208e+03 
9.862208e+03 
9.862208e+03 
9.862208e+03 
9.862208e+03 
9.862208e+03 
9.862208e+03 
9.862208e+03 
9.862208e+03 
9.862208e+03 
9.862208e+03 
9.862208e+03 
9.862208e+03 
9.862208e+03 
9.862208e+03 
9.276986e+03 
9.276986e+03 
9.276986e+03 
9.276986e+03 
9.276986e+03 
9.276986e+03 
9.276986e+03 
9.276986e+03 
9.276986e+03 
9.276986e+03 
9.276986e+03 
9.276986e+03 
9.276986e+03 
9.276986e+03 
9.276986e+03 
9.276986e+03 
9.276986e+03 
9.276986e+03 
9.276986e+03 
9.276986e+03 
9.276986e+03 
9.276986e+03 
9.276986e+03 
9.276986e+03 
9.276986e+03 
9.276986e+03 
9.276986e+03 
9.276986e+03 
9.276986e+03 
9.276986e+03 
9.276986e+03 
9.276986e+03 
9.276986e+03 
9.276986e+03 
9.276986e+03 
9.276986e+03 
9.276986e+03 
9.276986e+03 
9.276986e+03 
9.276986e+03 
9.276986e+03 
9.276986e+03 
9.276986e+03 
9.276986e+03 
9.276986e+03 
9.276986e+03 
9.276986e+03 
9.276986e+03 
9.276986e+03 
9.276986e+03 
9.276986e+03 
9.276986e+03 
9.276986e+03 
9.276986e+03 
9.276986e+03 
9.276986e+03 
9.276986e+03 
9.276986e+03 
9.276986e+03 
9.276986e+03 
9.276986e+03 
9.276986e+03 
9.276986e+03 
9.276986e+03 
9.276986e+03 
9.276986e+03 
9.276986e+03 
9.276986e+03 
9.276986e+03 
4.325805e+03 
4.325805e+03 
4.325805e+03 
4.325805e+03 
4.325805e+03 
4.325805e+03 
4.325805e+03 
4.325805e+03 
4.325805e+03 
4.325805e+03 
4.325805e+03 
4.325805e+03 
4.325805e+03 
4.325805e+03 
4.325805e+03 
4.325805e+03 
4.325805e+03 
4.325805e+03 
4.325805e+03 
4.325805e+03 
4.325805e+03 
4.325805e+03 
4.325805e+03 
4.325805e+03 
4.325805e+03 
4.325805e+03 
4.325805e+03 
4.325805e+03 
4.325805e+03 
4.325805e+03 
4.325805e+03 
4.325805e+03 
4.325805e+03 
4.325805e+03 
4.325805e+03 
4.325805e+03 
4.325805e+03 
4.325805e+03 
4.325805e+03 
4.325805e+03 
4.325805e+03 
4.325805e+03 
4.325805e+03 
4.325805e+03 
4.325805e+03 
4.325805e+03 
4.325805e+03 
4.325805e+03 
4.325805e+03 
4.325805e+03 
4.325805e+03 
4.325805e+03 
4.325805e+03 
4.325805e+03 
4.325805e+03 
4.325805e+03 
4.325805e+03 
4.325805e+03 
4.325805e+03 
4.325805e+03 
4.325805e+03 
4.325805e+03 
4.325805e+03 
4.325805e+03 
4.325805e+03 
4.325805e+03 
4.325805e+03 
4.325805e+03 
4.325805e+03 
4.325805e+03 
4.325805e+03 
4.325805e+03 
4.325805e+03 
4.325805e+03 
4.325805e+03 
4.325805e+03 
4.325805e+03 
4.325805e+03 
4.325805e+03 
4.325805e+03 
4.325805e+03 
4.325805e+03 
4.325805e+03 
4.325805e+03 
4.325805e+03 
4.325805e+03 
4.325805e+03 
4.325805e+03 
4.325805e+03 
4.325805e+03 
4.325805e+03 
4.325805e+03 
4.325805e+03 
4.325805e+03 
4.325805e+03 
4.325805e+03 
4.325805e+03 
4.325805e+03 
4.325805e+03 
4.325805e+03 
4.325805e+03 
4.325805e+03 
4.325805e+03 
4.325805e+03 
4.325805e+03 
4.325805e+03 
4.325805e+03 
4.325805e+03 
4.325805e+03 
4.325805e+03 
4.325805e+03 
4.325805e+03 
4.325805e+03 
4.325805e+03 
4.325805e+03 
4.325805e+03 
4.325805e+03 
4.325805e+03 
4.325805e+03 
4.325805e+03 
4.325805e+03 
4.325805e+03 
4.325805e+03 
4.325805e+03 
4.325805e+03 
4.325805e+03 
4.325805e+03 
4.325805e+03 
4.325805e+03 
4.325805e+03 
4.325805e+03 
4.325805e+03 
4.325805e+03 
4.325805e+03 
4.325805e+03 
4.325805e+03 
4.325805e+03 
4.325805e+03 
4.325805e+03 
4.325805e+03 
4.325805e+03 
4.325805e+03 
4.325805e+03 
4.325805e+03 
4.325805e+03 
4.325805e+03 
4.325805e+03 
4.325805e+03 
4.325805e+03 
4.325805e+03 
4.325805e+03 
4.325805e+03 
4.325805e+03 
3.948644e+03 
3.948644e+03 
3.948644e+03 
3.948644e+03 
3.808076e+03 
3.808076e+03 
3.042570e+03 
3.042570e+03 
3.042570e+03 
3.042570e+03 
3.042570e+03 
3.042570e+03 
3.042570e+03 
2.952485e+03 
2.952485e+03 
2.952485e+03 
2.952485e+03 
2.952485e+03 
2.952485e+03 
2.952485e+03 
2.952485e+03 
2.952485e+03 
2.952485e+03 
2.952485e+03 
2.952485e+03 
2.952485e+03 
2.952485e+03 
2.952485e+03 
2.952485e+03 
2.952485e+03 
2.952485e+03 
2.952485e+03 
2.952485e+03 
2.952485e+03 
2.952485e+03 
2.952485e+03 
2.868986e+03 
2.868986e+03 
2.868986e+03 
2.868986e+03 
2.868986e+03 
2.868986e+03 
2.868986e+03 
2.868986e+03 
2.868986e+03 
2.868986e+03 
2.868986e+03 
2.868986e+03 
2.868986e+03 
2.868986e+03 
2.868986e+03 
2.868986e+03 
2.868986e+03 
2.868986e+03 
2.868986e+03 
2.868986e+03 
2.868986e+03 
2.868986e+03 
2.868986e+03 
2.868986e+03 
2.868986e+03 
2.868986e+03 
2.868986e+03 
2.868986e+03 
2.868986e+03 
2.868986e+03 
2.868986e+03 
2.868986e+03 
2.868986e+03 
2.868986e+03 
2.868986e+03 
2.868986e+03 
2.868986e+03 
2.868986e+03 
2.868986e+03 
2.868986e+03 
2.868986e+03 
2.868986e+03 
2.868986e+03 
2.868986e+03 
2.868986e+03 
2.868986e+03 
2.868986e+03 
2.868986e+03 
2.868986e+03 
2.868986e+03 
2.868986e+03 
2.868986e+03 
2.868986e+03 
2.868986e+03 
2.868986e+03 
2.868986e+03 
2.868986e+03 
2.868986e+03 
2.868986e+03 
2.868986e+03 
2.868986e+03 
2.868986e+03 
2.868986e+03 
2.868986e+03 
2.868986e+03 
2.868986e+03 
2.868986e+03 
2.868986e+03 
2.868986e+03 
2.868986e+03 
2.868986e+03 
2.868986e+03 
2.868986e+03 
2.868986e+03 
2.868986e+03 
2.868986e+03 
2.868986e+03 
2.868986e+03 
2.868986e+03 
2.868986e+03 
2.868986e+03 
2.868986e+03 
2.868986e+03 
2.868986e+03 
2.868986e+03 
2.868986e+03 
2.868986e+03 
2.868986e+03 
2.868986e+03 
2.868986e+03 
2.868986e+03 
2.868986e+03 
2.868986e+03 
2.868986e+03 
2.868986e+03 
2.868986e+03 
2.868986e+03 
2.868986e+03 
2.868986e+03 
2.868986e+03 
2.868986e+03 
2.868986e+03 
2.868986e+03 
2.868986e+03 
2.868986e+03 
2.868986e+03 
2.868986e+03 
2.868986e+03 
2.868986e+03 
2.868986e+03 
2.868986e+03 
2.868986e+03 
2.868986e+03 
2.868986e+03 
2.868986e+03 
2.868986e+03 
2.868986e+03 
2.868986e+03 
2.868986e+03 
2.868986e+03 
2.868986e+03 
2.868986e+03 
2.868986e+03 
2.868986e+03 
2.868986e+03 
2.868986e+03 
2.868986e+03 
2.868986e+03 
2.868986e+03 
2.868986e+03 
2.868986e+03 
2.868986e+03 
2.868986e+03 
2.868986e+03 
2.868986e+03 
2.868986e+03 
2.868986e+03 
2.868986e+03 
2.868986e+03 
2.868986e+03 
2.868986e+03 
2.868986e+03 
2.868986e+03 
2.868986e+03 
2.868986e+03 
2.868986e+03 
2.868986e+03 
2.868986e+03 
2.868986e+03 
2.868986e+03 
2.868986e+03 
2.868986e+03 
2.868986e+03 
2.868986e+03 
2.868986e+03 
2.868986e+03 
2.868986e+03 
2.868986e+03 
2.868986e+03 
2.868986e+03 
2.868986e+03 
2.868986e+03 
2.868986e+03 
2.868986e+03 
2.868986e+03 
2.868986e+03 
2.868986e+03 
2.868986e+03 
2.868986e+03 
2.868986e+03 
2.868986e+03 
2.868986e+03 
2.868986e+03 
2.868986e+03 
2.868986e+03 
2.868986e+03 
2.868986e+03 
2.868986e+03 
2.868986e+03 
2.868986e+03 
2.868986e+03 
2.868986e+03 
2.868986e+03 
2.868986e+03 
2.868986e+03 
2.868986e+03 
2.868986e+03 
2.868986e+03 
2.868986e+03 
2.868986e+03 
2.868986e+03 
2.868986e+03 
2.868986e+03 
2.868986e+03 
2.868986e+03 
2.868986e+03 
2.842324e+03 
2.842324e+03 
2.842324e+03 
2.842324e+03 
2.842324e+03 
2.842324e+03 
2.842324e+03 
2.842324e+03 
2.842324e+03 
2.842324e+03 
2.842324e+03 
2.842324e+03 
2.842324e+03 
2.842324e+03 
2.842324e+03 
2.842324e+03 
2.842324e+03 
2.842324e+03 
2.842324e+03 
2.842324e+03 
2.842324e+03 
2.842324e+03 
2.842324e+03 
2.842324e+03 
2.842324e+03 
2.842324e+03 
2.842324e+03 
2.842324e+03 
2.842324e+03 
2.842324e+03 
2.842324e+03 
2.842324e+03 
2.842324e+03 
2.842324e+03 
2.842324e+03 
2.842324e+03 
2.842324e+03 
2.842324e+03 
2.842324e+03 
2.842324e+03 
2.842324e+03 
2.842324e+03 
2.842324e+03 
2.842324e+03 
2.842324e+03 
2.842324e+03 
2.842324e+03 
2.842324e+03 
2.842324e+03 
2.842324e+03 
2.842324e+03 
2.842324e+03 
2.842324e+03 
2.842324e+03 
2.842324e+03 
2.842324e+03 
2.842324e+03 
2.842324e+03 
2.842324e+03 
2.842324e+03 
2.842324e+03 
2.842324e+03 
2.842324e+03 
2.842324e+03 
2.842324e+03 
2.842324e+03 
2.842324e+03 
2.842324e+03 
2.842324e+03 
2.842324e+03 
2.842324e+03 
2.842324e+03 
2.842324e+03 
2.842324e+03 
2.842324e+03 
2.842324e+03 
2.842324e+03 
2.842324e+03 
2.842324e+03 
2.842324e+03 
2.842324e+03 
2.842324e+03 
2.842324e+03 
2.842324e+03 
2.842324e+03 
2.842324e+03 
2.842324e+03 
2.842324e+03 
2.842324e+03 
2.842324e+03 
2.842324e+03 
2.842324e+03 
2.842324e+03 
2.842324e+03 
2.842324e+03 
2.842324e+03 
2.842324e+03 
2.842324e+03 
2.842324e+03 
2.842324e+03 
2.842324e+03 
2.842324e+03 
2.842324e+03 
2.842324e+03 
2.842324e+03 
2.842324e+03 
2.842324e+03 
2.842324e+03 
2.842324e+03 
2.842324e+03 
2.842324e+03 
2.842324e+03 
2.842324e+03 
2.842324e+03 
2.842324e+03 
2.842324e+03 
2.842324e+03 
2.842324e+03 
2.842324e+03 
2.842324e+03 
2.842324e+03 
2.842324e+03 
2.842324e+03 
2.842324e+03 
2.842324e+03 
2.842324e+03 
1.438879e+03 
1.438879e+03 
1.438879e+03 
1.438879e+03 
1.438879e+03 
1.438879e+03 
1.438879e+03 
1.438879e+03 
1.438879e+03 
1.438879e+03 
1.438879e+03 
1.438879e+03 
1.438879e+03 
1.438879e+03 
1.438879e+03 
1.438879e+03 
1.438879e+03 
1.438879e+03 
1.438879e+03 
1.438879e+03 
1.438879e+03 
1.438879e+03 
1.438879e+03 
1.438879e+03 
1.438879e+03 
1.438879e+03 
1.438879e+03 
1.438879e+03 
1.438879e+03 
1.438879e+03 
1.438879e+03 
1.438879e+03 
1.438879e+03 
1.438879e+03 
1.438879e+03 
1.438879e+03 
1.438879e+03 
1.438879e+03 
1.438879e+03 
1.438879e+03 
1.438879e+03 
1.438879e+03 
1.438879e+03 
1.438879e+03 
1.438879e+03 
1.438879e+03 
1.438879e+03 
1.438879e+03 
1.438879e+03 
1.438879e+03 
1.438879e+03 
1.438879e+03 
1.438879e+03 
1.438879e+03 
1.438879e+03 
1.438879e+03 
1.438879e+03 
1.438879e+03 
1.438879e+03 
1.438879e+03 
1.438879e+03 
1.438879e+03 
1.438879e+03 
1.438879e+03 
1.438879e+03 
1.438879e+03 
1.438879e+03 
1.438879e+03 
1.438879e+03 
1.438879e+03 
1.438879e+03 
1.438879e+03 
1.438879e+03 
1.438879e+03 
1.438879e+03 
1.438879e+03 
1.438879e+03 
1.438879e+03 
1.438879e+03 
1.438879e+03 
1.438879e+03 
1.438879e+03 
1.438879e+03 
1.438879e+03 
1.438879e+03 
1.438879e+03 
1.438879e+03 
1.438879e+03 
1.438879e+03 
1.438879e+03 
1.438879e+03 
1.438879e+03 
1.438879e+03 
1.438879e+03 
1.438879e+03 
1.438879e+03 
1.438879e+03 
1.438879e+03 
1.438879e+03 
1.438879e+03 
1.438879e+03 
1.438879e+03 
1.438879e+03 
1.438879e+03 
1.438879e+03 
1.438879e+03 
1.438879e+03 
1.438879e+03 
1.438879e+03 
1.438879e+03 
1.438879e+03 
1.438879e+03 
1.438879e+03 
1.438879e+03 
1.438879e+03 
1.438879e+03 
1.438879e+03 
1.438879e+03 
1.438879e+03 
1.438879e+03 
1.438879e+03 
1.438879e+03 
1.438879e+03 
1.438879e+03 
1.438879e+03 
1.438879e+03 
1.438879e+03 
1.438879e+03 
1.438879e+03 
1.438879e+03 
1.438879e+03 
1.438879e+03 
1.438879e+03 
1.438879e+03 
1.438879e+03 
1.438879e+03 
1.438879e+03 
1.438879e+03 
1.438879e+03 
1.438879e+03 
1.438879e+03 
1.438879e+03 
1.438879e+03 
1.438879e+03 
1.438879e+03 
1.438879e+03 
1.438879e+03 
1.438879e+03 
1.438879e+03 
1.438879e+03 
1.438879e+03 
1.438879e+03 
1.438879e+03 
1.438879e+03 
1.438879e+03 
1.438879e+03 
1.438879e+03 
1.438879e+03 
1.438879e+03 
1.438879e+03 
1.438879e+03 
1.438879e+03 
1.438879e+03 
1.438879e+03 
1.438879e+03 
1.438879e+03 
1.438879e+03 
1.438879e+03 
1.438879e+03 
1.438879e+03 
1.438879e+03 
1.438879e+03 
1.438879e+03 
1.438879e+03 
1.438879e+03 
1.438879e+03 
1.438879e+03 
1.438879e+03 
1.438879e+03 
1.438879e+03 
1.438879e+03 
1.438879e+03 
1.438879e+03 
1.438879e+03 
1.438879e+03 
1.438879e+03 
1.438879e+03 
1.438879e+03 
1.438879e+03 
1.438879e+03 
1.438879e+03 
1.438879e+03 
1.438879e+03 
1.438879e+03 
1.438879e+03 
1.438879e+03 
1.438879e+03 
1.438879e+03 
1.438879e+03 
1.438879e+03 
1.438879e+03 
1.438879e+03 
1.438879e+03 
1.438879e+03 
1.438879e+03 
1.438879e+03 
1.438879e+03 
1.438879e+03 
1.438879e+03 
1.438879e+03 
1.438879e+03 
1.438879e+03 
1.438879e+03 
1.438879e+03 
1.438879e+03 
1.438879e+03 
1.438879e+03 
1.438879e+03 
1.438879e+03 
1.438879e+03 
1.438879e+03 
1.438879e+03 
1.438879e+03 
1.438879e+03 
1.438879e+03 
1.438879e+03 
1.438879e+03 
1.438879e+03 
1.438879e+03 
1.438879e+03 
1.438879e+03 
1.438879e+03 
1.438879e+03 
1.438879e+03 
1.438879e+03 
1.438879e+03 
1.438879e+03 
1.438879e+03 
1.438879e+03 
1.438879e+03 
1.438879e+03 
1.438879e+03 
1.438879e+03 
1.438879e+03 
1.438879e+03 
1.438879e+03 
1.438879e+03 
1.438879e+03 
1.438879e+03 
1.438879e+03 
1.438879e+03 
1.438879e+03 
1.438879e+03 
1.438879e+03 
1.438879e+03 
1.438879e+03 
1.438879e+03 
1.438879e+03 
1.438879e+03 
1.438879e+03 
1.438879e+03 
1.438879e+03 
1.438879e+03 
1.438879e+03 
1.438879e+03 
1.438879e+03 
1.438879e+03 
1.438879e+03 
1.438879e+03 
1.438879e+03 
1.438879e+03 
1.438879e+03 
1.438879e+03 
1.438879e+03 
1.438879e+03 
1.438879e+03 
1.438879e+03 
1.438879e+03 
1.438879e+03 
1.438879e+03 
1.438879e+03 
1.438879e+03 
1.438879e+03 
1.438879e+03 
1.438879e+03 
1.438879e+03 
1.438879e+03 
1.438879e+03 
1.438879e+03 
1.438879e+03 
1.438879e+03 
1.438879e+03 
1.438879e+03 
1.438879e+03 
1.438879e+03 
1.438879e+03 
1.438879e+03 
1.438879e+03 
1.438879e+03 
1.438879e+03 
1.438879e+03 
1.438879e+03 
1.438879e+03 
1.438879e+03 
1.438879e+03 
1.438879e+03 
1.438879e+03 
1.438879e+03 
1.438879e+03 
1.438879e+03 
1.438879e+03 
1.438879e+03 
1.438879e+03 
1.438879e+03 
1.438879e+03 
1.438879e+03 
1.438879e+03 
1.438879e+03 
1.438879e+03 
1.438879e+03 
1.438879e+03 
1.438879e+03 
1.438879e+03 
1.438879e+03 
1.438879e+03 
1.438879e+03 
1.438879e+03 
1.438879e+03 
1.438879e+03 
1.438879e+03 
1.438879e+03 
1.438879e+03 
1.438879e+03 
1.438879e+03 
1.438879e+03 
1.438879e+03 
1.438879e+03 
1.438879e+03 
1.438879e+03 
1.438879e+03 
1.438879e+03 
1.438879e+03 
1.438879e+03 
1.438879e+03 
1.438879e+03 
1.438879e+03 
1.438879e+03 
1.438879e+03 
1.438879e+03 
1.438879e+03 
1.438879e+03 
1.438879e+03 
1.438879e+03 
1.438879e+03 
1.438879e+03 
1.438879e+03 
1.438879e+03 
1.438879e+03 
1.438879e+03 
1.438879e+03 
1.438879e+03 
1.438879e+03 
1.438879e+03 
1.438879e+03 
1.438879e+03 
1.438879e+03 
1.438879e+03 
1.438879e+03 
1.438879e+03 
1.438879e+03 
1.438879e+03 
1.438879e+03 
1.438879e+03 
1.438879e+03 
1.438879e+03 
1.438879e+03 
1.438879e+03 
1.438879e+03 
1.438879e+03 
1.438879e+03 
1.438879e+03 
1.438879e+03 
1.438879e+03 
1.438879e+03 
1.438879e+03 
1.438879e+03 
1.438879e+03 
1.438879e+03 
1.438879e+03 
1.438879e+03 
1.438879e+03 
1.438879e+03 
1.438879e+03 
1.438879e+03 
1.438879e+03 
9.575559e+02 
9.575559e+02 
9.575559e+02 
9.575559e+02 
9.575559e+02 
9.575559e+02 
9.575559e+02 
9.575559e+02 
9.575559e+02 
9.575559e+02 
9.575559e+02 
9.575559e+02 
9.575559e+02 
9.575559e+02 
9.575559e+02 
9.575559e+02 
9.575559e+02 
9.575559e+02 
9.575559e+02 
9.575559e+02 
9.575559e+02 
9.575559e+02 
9.575559e+02 
9.575559e+02 
9.575559e+02 
9.575559e+02 
9.575559e+02 
9.575559e+02 
9.575559e+02 
9.575559e+02 
9.575559e+02 
9.575559e+02 
9.575559e+02 
9.575559e+02 
9.575559e+02 
9.575559e+02 
9.575559e+02 
9.575559e+02 
9.575559e+02 
9.575559e+02 
9.575559e+02 
9.575559e+02 
9.575559e+02 
9.575559e+02 
9.575559e+02 
9.575559e+02 
9.575559e+02 
9.575559e+02 
9.575559e+02 
9.575559e+02 
9.575559e+02 
9.575559e+02 
9.575559e+02 
9.575559e+02 
9.575559e+02 
9.575559e+02 
9.575559e+02 
9.575559e+02 
9.575559e+02 
9.575559e+02 
9.575559e+02 
9.575559e+02 
9.575559e+02 
9.575559e+02 
9.575559e+02 
9.575559e+02 
9.575559e+02 
9.575559e+02 
9.575559e+02 
9.575559e+02 
9.575559e+02 
9.575559e+02 
9.575559e+02 
9.575559e+02 
9.575559e+02 
9.575559e+02 
9.575559e+02 
9.575559e+02 
9.575559e+02 
9.575559e+02 
9.575559e+02 
9.575559e+02 
9.575559e+02 
9.575559e+02 
9.575559e+02 
9.575559e+02 
9.575559e+02 
9.575559e+02 
9.575559e+02 
9.575559e+02 
9.575559e+02 
9.575559e+02 
9.575559e+02 
9.575559e+02 
9.575559e+02 
9.575559e+02 
9.575559e+02 
9.575559e+02 
8.590586e+02 
8.590586e+02 
8.590586e+02 
8.590586e+02 
8.590586e+02 
8.590586e+02 
8.590586e+02 
8.590586e+02 
8.590586e+02 
8.590586e+02 
8.590586e+02 
8.590586e+02 
8.590586e+02 
8.590586e+02 
8.590586e+02 
8.590586e+02 
8.590586e+02 
8.590586e+02 
8.590586e+02 
8.590586e+02 
8.590586e+02 
8.590586e+02 
8.590586e+02 
8.590586e+02 
8.590586e+02 
8.590586e+02 
8.590586e+02 
8.590586e+02 
8.590586e+02 
8.590586e+02 
8.590586e+02 
8.590586e+02 
8.590586e+02 
8.590586e+02 
8.590586e+02 
8.590586e+02 
8.590586e+02 
8.455494e+02 
8.455494e+02 
8.455494e+02 
8.455494e+02 
8.455494e+02 
8.455494e+02 
8.455494e+02 
8.455494e+02 
8.455494e+02 
8.310945e+02 
8.310945e+02 
8.310945e+02 
8.310945e+02 
8.310945e+02 
8.310945e+02 
8.310945e+02 
8.310945e+02 
8.310945e+02 
8.310945e+02 
8.310945e+02 
8.310945e+02 
8.310945e+02 
8.310945e+02 
8.310945e+02 
8.310945e+02 
8.310945e+02 
8.310945e+02 
8.310945e+02 
8.310945e+02 
8.310945e+02 
8.310945e+02 
8.310945e+02 
8.310945e+02 
8.310945e+02 
8.310945e+02 
8.243121e+02 
8.243121e+02 
8.243121e+02 
8.243121e+02 
8.243121e+02 
8.243121e+02 
8.243121e+02 
8.243121e+02 
8.243121e+02 
8.243121e+02 
8.243121e+02 
8.173703e+02 
8.173703e+02 
8.173703e+02 
8.173703e+02 
8.173703e+02 
8.173703e+02 
8.173703e+02 
8.173703e+02 
8.173703e+02 
8.173703e+02 
8.173703e+02 
8.173703e+02 
8.082280e+02 
8.082280e+02 
8.082280e+02 
8.082280e+02 
8.082280e+02 
8.082280e+02 
8.082280e+02 
8.082280e+02 
8.082280e+02 
8.082280e+02 
8.082280e+02 
8.082280e+02 
8.082280e+02 
8.082280e+02 
8.082280e+02 
8.082280e+02 
8.082280e+02 
8.082280e+02 
8.082280e+02 
8.082280e+02 
8.082280e+02 
8.082280e+02 
8.082280e+02 
8.082280e+02 
8.082280e+02 
8.082280e+02 
8.082280e+02 
8.082280e+02 
8.082280e+02 
8.082280e+02 
8.082280e+02 
8.082280e+02 
8.082280e+02 
8.082280e+02 
8.082280e+02 
8.082280e+02 
8.082280e+02 
8.082280e+02 
7.957903e+02 
7.957903e+02 
7.957903e+02 
7.957903e+02 
7.957903e+02 
7.957903e+02 
7.957903e+02 
7.957903e+02 
7.957903e+02 
7.957903e+02 
7.957903e+02 
7.957903e+02 
7.957903e+02 
7.957903e+02 
7.957903e+02 
7.957903e+02 
7.957903e+02 
7.957903e+02 
7.957903e+02 
7.957903e+02 
7.957903e+02 
7.957903e+02 
7.957903e+02 
7.957903e+02 
7.957903e+02 
7.957903e+02 
7.957903e+02 
7.957903e+02 
7.957903e+02 
7.957903e+02 
7.957903e+02 
7.957903e+02 
7.957903e+02 
7.957903e+02 
7.957903e+02 
7.957903e+02 
7.957903e+02 
7.957903e+02 
7.957903e+02 
7.957903e+02 
7.957903e+02 
7.957903e+02 
7.957903e+02 
7.957903e+02 
7.957903e+02 
7.957903e+02 
7.957903e+02 
7.957903e+02 
7.957903e+02 
7.957903e+02 
7.957903e+02 
7.957903e+02 
7.957903e+02 
7.957903e+02 
7.957903e+02 
7.957903e+02 
7.957903e+02 
7.957903e+02 
7.957903e+02 
7.957903e+02 
7.957903e+02 
7.957903e+02 
7.957903e+02 
7.957903e+02 
7.957903e+02 
7.957903e+02 
7.957903e+02 
7.957903e+02 
7.957903e+02 
7.957903e+02 
7.957903e+02 
7.957903e+02 
7.957903e+02 
7.957903e+02 
7.957903e+02 
7.957903e+02 
7.957903e+02 
7.957903e+02 
7.957903e+02 
7.957903e+02 
7.957903e+02 
7.957903e+02 
7.957903e+02 
7.957903e+02 
7.957903e+02 
7.957903e+02 
7.957903e+02 
7.957903e+02 
7.957903e+02 
7.957903e+02 
7.957903e+02 
7.957903e+02 
7.957903e+02 
7.957903e+02 
7.957903e+02 
7.957903e+02 
7.957903e+02 
7.957903e+02 
7.957903e+02 
7.957903e+02 
7.957903e+02 
7.957903e+02 
7.957903e+02 
7.957903e+02 
7.951703e+02 
7.951703e+02 
7.951703e+02 
7.951703e+02 
7.916972e+02 
7.916972e+02 
7.914505e+02 
7.914505e+02 
7.914505e+02 
7.914505e+02 
7.914505e+02 
7.914505e+02 
7.896859e+02 
7.896859e+02 
7.882916e+02 
7.882916e+02 
7.882916e+02 
7.882916e+02 
7.882916e+02 
7.882916e+02 
7.882916e+02 
7.882916e+02 
7.882916e+02 
7.882916e+02 
7.882916e+02 
7.882916e+02 
7.882916e+02 
7.882916e+02 
7.877665e+02 
7.877665e+02 
7.877665e+02 
7.877665e+02 
7.877665e+02 
7.877665e+02 
7.877665e+02 
7.877665e+02 
7.877665e+02 
7.877665e+02 
7.877665e+02 
7.877665e+02 
7.877665e+02 
7.877665e+02 
7.877665e+02 
7.877665e+02 
7.877665e+02 
7.877665e+02 
7.877665e+02 
7.877665e+02 
7.877665e+02 
7.877665e+02 
7.877665e+02 
7.877665e+02 
7.877665e+02 
7.877665e+02 
7.877665e+02 
7.877665e+02 
7.877665e+02 
7.877665e+02 
7.877665e+02 
7.877665e+02 
7.877665e+02 
7.877665e+02 
7.877665e+02 
7.877665e+02 
7.877665e+02 
7.877665e+02 
7.877665e+02 
7.877665e+02 
7.877665e+02 
7.877665e+02 
7.877665e+02 
7.877665e+02 
7.877665e+02 
7.877665e+02 
7.877665e+02 
7.877665e+02 
7.877665e+02 
7.877665e+02 
7.877665e+02 
7.875475e+02 
7.875475e+02 
7.875475e+02 
7.875475e+02 
7.875475e+02 
7.875475e+02 
7.875475e+02 
7.875475e+02 
7.875296e+02 
7.875296e+02 
7.875296e+02 
7.875296e+02 
7.875296e+02 
7.874744e+02 
7.874744e+02 
7.874744e+02 
7.874744e+02 
7.874744e+02 
7.874744e+02 
7.874744e+02 
7.874744e+02 
7.874229e+02 
5.731898e+02 
5.731898e+02 
5.679103e+02 
5.679103e+02 
5.556013e+02 
5.556013e+02 
5.556013e+02 
5.556013e+02 
5.556013e+02 
5.556013e+02 
5.556013e+02 
5.556013e+02 
5.556013e+02 
5.556013e+02 
5.556013e+02 
5.556013e+02 
5.556013e+02 
5.556013e+02 
5.556013e+02 
5.556013e+02 
5.556013e+02 
5.556013e+02 
5.556013e+02 
5.556013e+02 
5.556013e+02 
5.556013e+02 
5.556013e+02 
5.556013e+02 
5.556013e+02 
5.556013e+02 
5.556013e+02 
5.556013e+02 
5.556013e+02 
5.556013e+02 
5.556013e+02 
5.556013e+02 
5.556013e+02 
5.556013e+02 
5.556013e+02 
5.556013e+02 
5.556013e+02 
5.556013e+02 
5.556013e+02 
5.556013e+02 
5.556013e+02 
5.556013e+02 
5.556013e+02 
5.556013e+02 
5.556013e+02 
5.556013e+02 
5.556013e+02 
5.556013e+02 
5.556013e+02 
5.556013e+02 
5.556013e+02 
5.556013e+02 
5.556013e+02 
5.556013e+02 
5.556013e+02 
5.556013e+02 
5.556013e+02 
5.556013e+02 
5.556013e+02 
5.556013e+02 
5.556013e+02 
5.556013e+02 
5.556013e+02 
5.556013e+02 
5.556013e+02 
5.556013e+02 
5.556013e+02 
5.556013e+02 
5.556013e+02 
5.556013e+02 
5.556013e+02 
5.556013e+02 
5.556013e+02 
5.556013e+02 
5.556013e+02 
5.556013e+02 
5.556013e+02 
5.556013e+02 
5.556013e+02 
5.556013e+02 
5.556013e+02 
5.556013e+02 
5.556013e+02 
5.556013e+02 
5.556013e+02 
5.556013e+02 
5.556013e+02 
5.556013e+02 
5.556013e+02 
5.556013e+02 
5.556013e+02 
5.556013e+02 
5.556013e+02 
5.556013e+02 
5.556013e+02 
5.556013e+02 
5.556013e+02 
5.556013e+02 
5.556013e+02 
5.556013e+02 
5.556013e+02 
5.556013e+02 
5.556013e+02 
5.556013e+02 
5.556013e+02 
5.556013e+02 
5.556013e+02 
5.556013e+02 
5.556013e+02 
5.556013e+02 
5.556013e+02 
5.556013e+02 
5.556013e+02 
5.556013e+02 
5.556013e+02 
5.556013e+02 
5.556013e+02 
5.556013e+02 
5.556013e+02 
5.556013e+02 
5.556013e+02 
5.556013e+02 
5.556013e+02 
5.556013e+02 
5.556013e+02 
5.556013e+02 
5.556013e+02 
5.556013e+02 
5.556013e+02 
5.556013e+02 
5.556013e+02 
5.556013e+02 
5.556013e+02 
5.556013e+02 
5.556013e+02 
5.556013e+02 
5.556013e+02 
5.556013e+02 
5.556013e+02 
5.556013e+02 
5.556013e+02 
5.556013e+02 
5.556013e+02 
5.556013e+02 
5.556013e+02 
5.556013e+02 
5.556013e+02 
5.556013e+02 
5.556013e+02 
5.556013e+02 
5.556013e+02 
5.556013e+02 
5.556013e+02 
5.556013e+02 
5.556013e+02 
5.556013e+02 
5.556013e+02 
5.556013e+02 
5.556013e+02 
5.556013e+02 
5.556013e+02 
5.556013e+02 
5.556013e+02 
5.556013e+02 
5.556013e+02 
5.556013e+02 
5.556013e+02 
5.556013e+02 
5.556013e+02 
5.556013e+02 
5.556013e+02 
5.556013e+02 
5.556013e+02 
5.556013e+02 
5.556013e+02 
5.556013e+02 
5.556013e+02 
5.556013e+02 
5.556013e+02 
5.556013e+02 
5.556013e+02 
5.556013e+02 
5.556013e+02 
5.556013e+02 
5.556013e+02 
5.556013e+02 
5.556013e+02 
5.556013e+02 
5.556013e+02 
5.556013e+02 
5.556013e+02 
5.556013e+02 
5.556013e+02 
5.556013e+02 
5.556013e+02 
5.556013e+02 
5.556013e+02 
5.556013e+02 
5.556013e+02 
5.556013e+02 
5.556013e+02 
5.556013e+02 
5.556013e+02 
5.556013e+02 
5.556013e+02 
5.556013e+02 
5.556013e+02 
5.556013e+02 
5.556013e+02 
5.556013e+02 
5.556013e+02 
5.556013e+02 
5.556013e+02 
4.839868e+02 
4.839868e+02 
4.839868e+02 
4.839868e+02 
4.839868e+02 
4.839868e+02 
4.839868e+02 
4.839868e+02 
4.839868e+02 
4.839868e+02 
4.839868e+02 
4.839868e+02 
4.839868e+02 
4.839868e+02 
4.839868e+02 
4.839868e+02 
4.839868e+02 
4.839868e+02 
4.762622e+02 
4.762622e+02 
3.741279e+02 
3.741279e+02 
3.741279e+02 
3.741279e+02 
3.741279e+02 
3.181641e+02 
3.181641e+02 
3.181641e+02 
3.181641e+02 
3.181641e+02 
3.181641e+02 
3.181641e+02 
3.181641e+02 
3.181641e+02 
3.181641e+02 
3.181641e+02 
3.181641e+02 
3.181641e+02 
3.181641e+02 
3.181641e+02 
3.181641e+02 
3.181641e+02 
3.181641e+02 
3.181641e+02 
3.181641e+02 
3.181641e+02 
3.181641e+02 
3.181641e+02 
3.181641e+02 
3.181641e+02 
3.181641e+02 
3.181641e+02 
3.181641e+02 
3.181641e+02 
3.181641e+02 
3.181641e+02 
3.076816e+02 
3.076816e+02 
3.076816e+02 
3.076816e+02 
3.076816e+02 
3.076816e+02 
3.076816e+02 
3.076816e+02 
3.076816e+02 
3.076816e+02 
3.076816e+02 
3.076816e+02 
3.076816e+02 
3.076816e+02 
3.076816e+02 
3.076816e+02 
3.076816e+02 
3.076816e+02 
3.076816e+02 
3.076816e+02 
3.076816e+02 
3.076816e+02 
3.076816e+02 
3.049217e+02 
3.049217e+02 
3.049217e+02 
3.049217e+02 
3.049217e+02 
3.049217e+02 
3.049217e+02 
3.049217e+02 
3.049217e+02 
3.049217e+02 
3.049217e+02 
3.049217e+02 
3.049217e+02 
3.049217e+02 
3.049217e+02 
3.049217e+02 
3.049217e+02 
3.049217e+02 
3.049217e+02 
3.049217e+02 
3.049217e+02 
3.049217e+02 
3.049217e+02 
3.049217e+02 
3.049217e+02 
3.049217e+02 
3.049217e+02 
3.049217e+02 
3.049217e+02 
3.049217e+02 
3.049217e+02 
3.049217e+02 
3.049217e+02 
3.049217e+02 
3.049217e+02 
3.049217e+02 
3.049217e+02 
3.049217e+02 
3.049217e+02 
3.049217e+02 
3.049217e+02 
3.049217e+02 
3.049217e+02 
3.049217e+02 
3.049217e+02 
3.049217e+02 
3.049217e+02 
3.049217e+02 
3.049217e+02 
3.049217e+02 
3.049217e+02 
3.049217e+02 
3.049217e+02 
3.049217e+02 
3.049217e+02 
3.049217e+02 
3.049217e+02 
3.001996e+02 
3.001996e+02 
3.001996e+02 
3.001996e+02 
3.001996e+02 
3.001996e+02 
3.001996e+02 
3.001996e+02 
3.001996e+02 
3.001996e+02 
3.001996e+02 
3.001996e+02 
3.001996e+02 
3.001996e+02 
3.001996e+02 
3.001996e+02 
3.001996e+02 
3.001996e+02 
3.001996e+02 
3.001996e+02 
3.001996e+02 
3.001996e+02 
3.001996e+02 
3.001996e+02 
3.001996e+02 
3.001996e+02 
3.001996e+02 
3.001996e+02 
3.001996e+02 
3.001996e+02 
3.001996e+02 
3.001996e+02 
3.001996e+02 
3.001996e+02 
3.001996e+02 
3.001996e+02 
3.001996e+02 
3.001996e+02 
3.001996e+02 
3.001996e+02 
3.001996e+02 
3.001996e+02 
3.001996e+02 
3.001996e+02 
3.001996e+02 
3.001996e+02 
3.001996e+02 
3.001996e+02 
3.001996e+02 
3.001996e+02 
3.001996e+02 
3.001996e+02 
3.001996e+02 
3.001996e+02 
3.001996e+02 
3.001996e+02 
3.001996e+02 
3.001996e+02 
3.001996e+02 
3.001996e+02 
3.001996e+02 
3.001996e+02 
3.001996e+02 
3.001996e+02 
3.001996e+02 
3.001996e+02 
3.001996e+02 
3.001996e+02 
3.001996e+02 
3.001996e+02 
3.001996e+02 
3.001996e+02 
3.001996e+02 
3.001996e+02 
3.001996e+02 
3.001996e+02 
3.001996e+02 
3.001996e+02 
3.001996e+02 
2.886390e+02 
2.886390e+02 
2.886390e+02 
2.886390e+02 
2.886390e+02 
2.886390e+02 
2.886390e+02 
2.886390e+02 
2.886390e+02 
2.886390e+02 
2.886390e+02 
2.886390e+02 
2.886390e+02 
2.886390e+02 
2.886390e+02 
2.886390e+02 
2.886390e+02 
2.886390e+02 
2.886390e+02 
2.886390e+02 
2.886390e+02 
2.886390e+02 
2.886390e+02 
2.886390e+02 
2.886390e+02 
2.886390e+02 
2.886390e+02 
2.886390e+02 
2.886390e+02 
2.886390e+02 
2.886390e+02 
2.886390e+02 
2.886390e+02 
2.886390e+02 
2.886390e+02 
2.886390e+02 
2.813695e+02 
2.813695e+02 
2.755676e+02 
2.732191e+02 
2.703906e+02 
2.703906e+02 
2.636212e+02 
2.636212e+02 
2.636212e+02 
2.636212e+02 
2.620964e+02 
2.620964e+02 
2.620964e+02 
2.620964e+02 
2.620964e+02 
2.620964e+02 
2.620964e+02 
2.620964e+02 
2.620964e+02 
2.620964e+02 
2.620964e+02 
2.620964e+02 
2.620964e+02 
2.620964e+02 
2.620964e+02 
2.620964e+02 
2.620964e+02 
2.620964e+02 
2.620964e+02 
2.620964e+02 
2.620964e+02 
2.608354e+02 
2.608354e+02 
2.608354e+02 
2.608354e+02 
2.608354e+02 
2.608354e+02 
2.608354e+02 
2.608354e+02 
2.608354e+02 
2.608354e+02 
2.608354e+02 
2.608354e+02 
2.608354e+02 
2.608354e+02 
2.608354e+02 
2.608354e+02 
2.608354e+02 
2.608354e+02 
2.608354e+02 
2.608354e+02 
2.608354e+02 
2.608354e+02 
2.608354e+02 
2.608354e+02 
2.608354e+02 
2.608354e+02 
2.608354e+02 
2.608354e+02 
2.608354e+02 
2.608354e+02 
2.608354e+02 
2.608354e+02 
2.608354e+02 
2.608354e+02 
2.608354e+02 
2.608354e+02 
2.608354e+02 
2.608354e+02 
2.608354e+02 
2.608354e+02 
2.608354e+02 
2.608354e+02 
2.608354e+02 
2.608354e+02 
2.608354e+02 
2.608354e+02 
2.608354e+02 
2.608354e+02 
2.608354e+02 
2.608354e+02 
2.608354e+02 
2.608354e+02 
2.608354e+02 
2.608354e+02 
2.608354e+02 
2.608354e+02 
2.608354e+02 
2.608354e+02 
2.591856e+02 
2.591856e+02 
2.591856e+02 
2.591856e+02 
2.591856e+02 
2.591856e+02 
2.591856e+02 
2.591856e+02 
2.591856e+02 
2.591856e+02 
2.591856e+02 
2.583781e+02 
2.583781e+02 
2.583781e+02 
2.583781e+02 
2.583781e+02 
2.583781e+02 
2.583781e+02 
2.583781e+02 
2.583781e+02 
2.583781e+02 
2.583781e+02 
2.583781e+02 
2.583781e+02 
2.583781e+02 
2.583781e+02 
2.583781e+02 
2.583781e+02 
2.583781e+02 
2.583781e+02 
2.583781e+02 
2.583781e+02 
2.583781e+02 
2.583781e+02 
2.583781e+02 
2.583781e+02 
2.583781e+02 
2.583781e+02 
2.583781e+02 
2.583781e+02 
2.583781e+02 
2.583781e+02 
2.583781e+02 
2.583781e+02 
2.583781e+02 
2.583781e+02 
2.583781e+02 
2.583781e+02 
2.583781e+02 
2.583781e+02 
2.583781e+02 
2.583781e+02 
2.583781e+02 
2.583781e+02 
2.583781e+02 
2.583781e+02 
2.583781e+02 
2.583781e+02 
2.583781e+02 
2.583781e+02 
2.583781e+02 
2.583781e+02 
2.583781e+02 
2.583781e+02 
2.583781e+02 
2.583781e+02 
2.583781e+02 
2.583781e+02 
2.583781e+02 
2.583781e+02 
2.570302e+02 
2.570302e+02 
2.570237e+02 
2.570237e+02 
2.570237e+02 
2.570237e+02 
2.570237e+02 
2.567439e+02 
2.567439e+02 
2.567439e+02 
2.567439e+02 
2.567439e+02 
2.567439e+02 
2.567439e+02 
2.567439e+02 
2.567439e+02 
2.567439e+02 
2.567439e+02 
2.567439e+02 
2.567439e+02 
2.567439e+02 
2.567439e+02 
2.567439e+02 
2.567439e+02 
2.567439e+02 
2.567439e+02 
2.567439e+02 
2.567439e+02 
2.567439e+02 
2.567439e+02 
2.567439e+02 
2.567439e+02 
2.567439e+02 
2.567439e+02 
2.567439e+02 
2.567439e+02 
2.567439e+02 
2.567439e+02 
2.567439e+02 
2.567439e+02 
2.567439e+02 
2.567439e+02 
2.567439e+02 
2.567439e+02 
2.567439e+02 
2.567439e+02 
2.567439e+02 
2.567439e+02 
2.567439e+02 
2.567439e+02 
2.567439e+02 
2.567439e+02 
2.567439e+02 
2.567439e+02 
2.567439e+02 
2.567439e+02 
2.567439e+02 
2.567439e+02 
2.567439e+02 
2.567439e+02 
2.567439e+02 
2.567439e+02 
2.567439e+02 
2.567439e+02 
2.567439e+02 
2.567439e+02 
2.567439e+02 
2.567439e+02 
2.567439e+02 
2.553934e+02 
2.544042e+02 
2.544042e+02 
2.537979e+02 
2.537979e+02 
2.537979e+02 
2.537979e+02 
2.537979e+02 
2.535037e+02 
2.535037e+02 
2.534130e+02 
2.534130e+02 
2.534130e+02 
2.532972e+02 
2.532972e+02 
2.532972e+02 
2.532972e+02 
2.532972e+02 
2.532972e+02 
2.532972e+02 
2.532972e+02 
2.532972e+02 
2.532972e+02 
2.532972e+02 
2.532972e+02 
2.532972e+02 
2.532972e+02 
2.532972e+02 
2.532972e+02 
2.532972e+02 
2.532972e+02 
2.532972e+02 
2.532972e+02 
2.532972e+02 
2.532972e+02 
2.532972e+02 
2.532972e+02 
2.532972e+02 
2.532972e+02 
2.532972e+02 
2.532972e+02 
2.532972e+02 
2.532972e+02 
2.532972e+02 
2.532972e+02 
2.532972e+02 
2.532972e+02 
2.532972e+02 
2.532972e+02 
2.532972e+02 
2.532972e+02 
2.531930e+02 
2.531930e+02 
2.531930e+02 
2.531930e+02 
2.531930e+02 
2.531930e+02 
2.531930e+02 
2.531930e+02 
2.531930e+02 
2.531930e+02 
2.531930e+02 
2.531631e+02 
2.531631e+02 
2.531517e+02 
2.531517e+02 
2.531517e+02 
2.531517e+02 
2.531517e+02 
2.531517e+02 
2.531517e+02 
2.531517e+02 
2.531517e+02 
2.531517e+02 
2.531517e+02 
2.531517e+02 
2.531517e+02 
2.531517e+02 
2.531517e+02 
2.531517e+02 
2.531517e+02 
2.531517e+02 
2.531517e+02 
2.531517e+02 
2.531517e+02 
2.531517e+02 
2.531517e+02 
2.531517e+02 
2.531517e+02 
2.531517e+02 
2.531517e+02 
2.531517e+02 
2.531517e+02 
2.531517e+02 
2.531517e+02 
2.531517e+02 
2.531517e+02 
2.531517e+02 
2.531517e+02 
2.531517e+02 
2.531517e+02 
2.531517e+02 
2.531517e+02 
2.531517e+02 
2.531517e+02 
2.531517e+02 
2.531517e+02 
2.531517e+02 
2.531517e+02 
2.531517e+02 
2.531517e+02 
2.531517e+02 
2.531517e+02 
2.531517e+02 
2.531517e+02 
2.531517e+02 
2.531517e+02 
2.531517e+02 
2.531517e+02 
2.531517e+02 
2.531517e+02 
2.531517e+02 
2.531517e+02 
2.531517e+02 
2.531517e+02 
2.531517e+02 
2.531517e+02 
2.531517e+02 
2.531517e+02 
2.531517e+02 
2.531517e+02 
2.531517e+02 
2.531517e+02 
2.531517e+02 
2.531517e+02 
2.531517e+02 
2.531321e+02 
2.531321e+02 
2.531321e+02 
2.531321e+02 
2.531321e+02 
2.531321e+02 
2.531321e+02 
2.531321e+02 
2.531321e+02 
2.531321e+02 
2.531321e+02 
2.531321e+02 
2.531321e+02 
2.531321e+02 
2.531321e+02 
2.531321e+02 
2.531321e+02 
2.531321e+02 
2.531321e+02 
2.531321e+02 
2.531321e+02 
2.531321e+02 
2.531321e+02 
2.531321e+02 
2.531321e+02 
2.531321e+02 
2.531321e+02 
2.531321e+02 
2.531321e+02 
2.531321e+02 
2.450276e+02 
2.450276e+02 
2.450276e+02 
2.450276e+02 
2.450276e+02 
2.450276e+02 
2.450276e+02 
2.450276e+02 
2.450276e+02 
2.450276e+02 
2.450276e+02 
2.450276e+02 
2.450276e+02 
2.450276e+02 
2.450276e+02 
2.450276e+02 
2.450276e+02 
2.450276e+02 
2.430748e+02 
2.430748e+02 
2.430748e+02 
2.430748e+02 
2.430748e+02 
2.430748e+02 
2.430748e+02 
2.430748e+02 
2.430748e+02 
2.430748e+02 
2.430748e+02 
2.430748e+02 
2.430748e+02 
2.430748e+02 
2.430748e+02 
2.430748e+02 
2.430748e+02 
2.430748e+02 
2.430748e+02 
2.430748e+02 
2.424801e+02 
2.424801e+02 
2.424801e+02 
2.424801e+02 
2.424801e+02 
2.424801e+02 
2.424801e+02 
2.424801e+02 
2.423977e+02 
2.423977e+02 
2.423977e+02 
2.423977e+02 
2.423977e+02 
2.423977e+02 
2.423977e+02 
2.423977e+02 
2.423977e+02 
2.423977e+02 
2.423977e+02 
2.423977e+02 
2.423977e+02 
2.423977e+02 
2.423977e+02 
2.423977e+02 
2.423977e+02 
2.423977e+02 
2.423595e+02 
2.423595e+02 
2.422318e+02 
2.422318e+02 
2.422318e+02 
2.421711e+02 
2.421711e+02 
2.421711e+02 
2.421711e+02 
2.421711e+02 
2.421711e+02 
2.421711e+02 
2.421711e+02 
2.421711e+02 
2.421711e+02 
2.421711e+02 
2.421711e+02 
2.421711e+02 
2.421711e+02 
2.421711e+02 
2.421711e+02 
2.421711e+02 
2.421711e+02 
2.421711e+02 
2.421711e+02 
2.421711e+02 
2.421711e+02 
2.421711e+02 
2.421711e+02 
2.421711e+02 
2.421711e+02 
2.421711e+02 
2.421711e+02 
2.421711e+02 
2.421711e+02 
2.421711e+02 
2.421711e+02 
2.419814e+02 
2.419814e+02 
2.419814e+02 
2.419814e+02 
2.419814e+02 
2.419814e+02 
2.410421e+02 
2.410421e+02 
2.410421e+02 
2.410421e+02 
2.410421e+02 
2.410421e+02 
2.410421e+02 
2.410421e+02 
2.410421e+02 
2.410421e+02 
2.410421e+02 
2.410421e+02 
2.410421e+02 
2.410421e+02 
2.406100e+02 
2.406100e+02 
2.406100e+02 
2.406100e+02 
2.406100e+02 
2.406100e+02 
2.406100e+02 
2.405229e+02 
2.405229e+02 
2.405229e+02 
2.405229e+02 
2.405229e+02 
2.405229e+02 
2.405229e+02 
2.405229e+02 
2.404277e+02 
2.404277e+02 
2.404277e+02 
2.404277e+02 
2.404277e+02 
2.404277e+02 
2.404277e+02 
2.404277e+02 
2.404277e+02 
2.404277e+02 
2.404277e+02 
2.404277e+02 
2.404277e+02 
2.404277e+02 
2.404277e+02 
2.404277e+02 
2.404277e+02 
2.404277e+02 
2.404277e+02 
2.404277e+02 
2.404277e+02 
2.404277e+02 
2.400512e+02 
2.400512e+02 
2.400512e+02 
2.400512e+02 
2.400512e+02 
2.399063e+02 
2.399063e+02 
2.399063e+02 
2.399063e+02 
2.399063e+02 
2.399063e+02 
2.399063e+02 
2.399063e+02 
2.399063e+02 
2.399063e+02 
2.399063e+02 
2.399063e+02 
2.399063e+02 
2.399063e+02 
2.399063e+02 
2.399063e+02 
2.399063e+02 
2.399063e+02 
2.396772e+02 
2.396772e+02 
2.396772e+02 
2.396772e+02 
2.396772e+02 
2.396772e+02 
2.396772e+02 
2.396608e+02 
2.396608e+02 
2.396608e+02 
2.396608e+02 
2.396608e+02 
2.396608e+02 
2.396608e+02 
2.396608e+02 
2.396608e+02 
2.396608e+02 
2.396608e+02 
2.396608e+02 
2.396608e+02 
2.396608e+02 
2.396608e+02 
2.396608e+02 
2.396608e+02 
2.396608e+02 
2.396608e+02 
2.396608e+02 
2.396608e+02 
2.396608e+02 
2.396608e+02 
2.396608e+02 
2.396120e+02 
2.396120e+02 
2.396120e+02 
2.396120e+02 
2.396120e+02 
2.396120e+02 
2.396120e+02 
2.396120e+02 
2.396120e+02 
2.396120e+02 
2.396120e+02 
2.396120e+02 
2.396120e+02 
2.396120e+02 
2.396120e+02 
2.396120e+02 
2.396120e+02 
2.396120e+02 
2.396120e+02 
2.396120e+02 
2.396120e+02 
2.396120e+02 
2.396120e+02 
2.396120e+02 
2.396120e+02 
2.396120e+02 
2.396120e+02 
2.396120e+02 
2.396120e+02 
2.396120e+02 
2.396120e+02 
2.396120e+02 
2.396120e+02 
2.396120e+02 
2.396120e+02 
2.396120e+02 
2.396120e+02 
2.396120e+02 
2.396120e+02 
2.396120e+02 
2.396120e+02 
2.396120e+02 
2.396120e+02 
2.396120e+02 
2.396120e+02 
2.396120e+02 
2.396120e+02 
2.396120e+02 
2.396120e+02 
2.396120e+02 
2.396120e+02 
2.396120e+02 
2.396120e+02 
2.396120e+02 
2.396120e+02 
2.396120e+02 
2.396120e+02 
2.396120e+02 
2.396120e+02 
2.396120e+02 
2.396120e+02 
2.396120e+02 
2.396120e+02 
2.396120e+02 
2.396120e+02 
2.396120e+02 
2.396120e+02 
2.396120e+02 
2.396120e+02 
2.396120e+02 
2.396120e+02 
2.396120e+02 
2.396120e+02 
2.396120e+02 
2.396120e+02 
2.396120e+02 
1.491420e+02 
1.491420e+02 
1.491420e+02 
1.491420e+02 
1.491420e+02 
1.491420e+02 
1.467359e+02 
1.467359e+02 
1.467359e+02 
1.467359e+02 
1.467359e+02 
1.467359e+02 
1.467359e+02 
1.467359e+02 
1.467359e+02 
1.467359e+02 
1.467359e+02 
1.467359e+02 
1.467359e+02 
1.467359e+02 
1.467359e+02 
1.467359e+02 
1.467359e+02 
1.467359e+02 
1.467359e+02 
1.467359e+02 
1.467359e+02 
1.467359e+02 
1.467359e+02 
1.467359e+02 
1.467359e+02 
1.467359e+02 
1.467359e+02 
1.467359e+02 
1.467359e+02 
1.467359e+02 
1.467359e+02 
1.467359e+02 
1.467359e+02 
1.467359e+02 
1.467359e+02 
1.467359e+02 
1.467359e+02 
1.467359e+02 
1.436466e+02 
1.436466e+02 
1.436466e+02 
1.436466e+02 
1.436466e+02 
1.436466e+02 
1.436466e+02 
1.436466e+02 
1.436466e+02 
1.436466e+02 
1.436466e+02 
1.436466e+02 
1.436466e+02 
1.436466e+02 
1.436466e+02 
1.436466e+02 
1.436466e+02 
1.405992e+02 
1.405992e+02 
1.405992e+02 
1.405992e+02 
1.405992e+02 
1.405992e+02 
1.405992e+02 
1.405992e+02 
1.405992e+02 
1.405992e+02 
1.405992e+02 
1.405992e+02 
1.405992e+02 
1.405992e+02 
1.405992e+02 
1.396180e+02 
1.396180e+02 
1.396180e+02 
1.396180e+02 
1.396180e+02 
1.396180e+02 
1.396180e+02 
1.396180e+02 
1.396180e+02 
1.396180e+02 
1.396180e+02 
1.396180e+02 
1.396180e+02 
1.396180e+02 
1.396180e+02 
1.396180e+02 
1.396180e+02 
1.396180e+02 
1.396180e+02 
1.396180e+02 
1.396180e+02 
1.396180e+02 
1.396180e+02 
1.396180e+02 
1.396180e+02 
1.396180e+02 
1.396180e+02 
1.396180e+02 
1.396180e+02 
1.396180e+02 
1.396180e+02 
1.396180e+02 
1.396180e+02 
1.396180e+02 
1.396180e+02 
1.396180e+02 
1.396180e+02 
1.396180e+02 
1.396180e+02 
1.396180e+02 
1.396180e+02 
1.396180e+02 
1.396180e+02 
1.396180e+02 
1.396180e+02 
1.396180e+02 
1.329606e+02 
1.329606e+02 
1.329606e+02 
1.329606e+02 
1.329606e+02 
1.329606e+02 
1.329606e+02 
1.329606e+02 
1.329606e+02 
1.329606e+02 
1.329606e+02 
1.329606e+02 
1.329606e+02 
1.329606e+02 
1.329606e+02 
1.329606e+02 
1.329606e+02 
1.329606e+02 
1.329606e+02 
1.329606e+02 
1.329606e+02 
1.329606e+02 
1.329606e+02 
1.329606e+02 
1.329606e+02 
1.329606e+02 
1.329606e+02 
1.329606e+02 
1.329606e+02 
1.329606e+02 
1.329606e+02 
1.281639e+02 
1.281639e+02 
1.281639e+02 
1.281639e+02 
1.281639e+02 
1.281639e+02 
1.281639e+02 
1.281639e+02 
1.258208e+02 
1.258208e+02 
1.258208e+02 
1.258208e+02 
1.258208e+02 
1.258208e+02 
1.258208e+02 
1.258208e+02 
1.258208e+02 
1.258208e+02 
1.258208e+02 
1.258208e+02 
1.258208e+02 
1.258208e+02 
1.258208e+02 
1.258208e+02 
1.258208e+02 
1.258208e+02 
1.258208e+02 
1.258208e+02 
1.258208e+02 
1.258208e+02 
1.258208e+02 
1.258208e+02 
1.258208e+02 
1.258208e+02 
1.258208e+02 
1.258208e+02 
1.258208e+02 
1.258208e+02 
1.258208e+02 
1.258208e+02 
1.258208e+02 
1.258208e+02 
1.258208e+02 
1.258208e+02 
1.258208e+02 
1.258208e+02 
1.258208e+02 
1.258208e+02 
1.258208e+02 
1.258208e+02 
1.258208e+02 
1.247679e+02 
1.247679e+02 
1.247679e+02 
1.247679e+02 
1.247679e+02 
1.247679e+02 
1.247679e+02 
1.247679e+02 
1.247679e+02 
1.247679e+02 
1.247679e+02 
1.247679e+02 
1.247679e+02 
1.247679e+02 
1.247679e+02 
1.247679e+02 
1.247679e+02 
1.245368e+02 
1.245368e+02 
1.245368e+02 
1.245368e+02 
1.245368e+02 
1.245368e+02 
1.245368e+02 
1.245368e+02 
1.245368e+02 
1.245368e+02 
1.245368e+02 
1.245368e+02 
1.245368e+02 
1.245368e+02 
1.245368e+02 
1.245368e+02 
1.245368e+02 
1.245368e+02 
1.245368e+02 
1.245368e+02 
1.245368e+02 
1.245368e+02 
1.245368e+02 
1.245368e+02 
1.245368e+02 
1.245368e+02 
1.245368e+02 
1.245368e+02 
1.245368e+02 
1.245368e+02 
1.245368e+02 
1.245368e+02 
1.245368e+02 
1.245368e+02 
1.245368e+02 
1.245368e+02 
1.245368e+02 
1.245368e+02 
1.245368e+02 
1.245368e+02 
1.245368e+02 
1.245368e+02 
1.245368e+02 
1.245368e+02 
1.245368e+02 
1.245368e+02 
1.245368e+02 
1.245368e+02 
1.245368e+02 
1.245368e+02 
1.245368e+02 
1.245368e+02 
1.235594e+02 
1.235594e+02 
1.235594e+02 
1.235594e+02 
1.235594e+02 
1.235594e+02 
1.235594e+02 
1.235594e+02 
1.235594e+02 
1.235594e+02 
1.235594e+02 
1.235594e+02 
1.235594e+02 
1.235594e+02 
1.235594e+02 
1.235594e+02 
1.235594e+02 
1.235594e+02 
1.235594e+02 
1.235594e+02 
1.235594e+02 
1.235594e+02 
1.235594e+02 
1.235594e+02 
1.235594e+02 
1.235594e+02 
1.235594e+02 
1.235594e+02 
1.235594e+02 
1.235594e+02 
1.235594e+02 
1.235594e+02 
1.235594e+02 
1.235594e+02 
1.235594e+02 
1.235594e+02 
1.235594e+02 
1.235594e+02 
1.235594e+02 
1.235594e+02 
1.233217e+02 
1.233217e+02 
1.233217e+02 
1.233217e+02 
1.233217e+02 
1.233217e+02 
1.233217e+02 
1.233217e+02 
1.233217e+02 
1.233217e+02 
1.233217e+02 
1.233217e+02 
1.233217e+02 
1.233217e+02 
1.233217e+02 
1.233217e+02 
1.233217e+02 
1.233217e+02 
1.233217e+02 
1.233217e+02 
1.233217e+02 
1.233217e+02 
1.233217e+02 
1.233217e+02 
1.233217e+02 
1.233217e+02 
1.233217e+02 
1.233217e+02 
1.233217e+02 
1.233217e+02 
1.233217e+02 
1.233217e+02 
1.233217e+02 
1.233217e+02 
1.233217e+02 
1.233217e+02 
1.233217e+02 
1.233217e+02 
1.233217e+02 
1.233217e+02 
1.233217e+02 
1.233217e+02 
1.233217e+02 
1.233217e+02 
1.233217e+02 
1.233217e+02 
1.233217e+02 
1.233217e+02 
1.233217e+02 
1.221644e+02 
1.221644e+02 
1.221644e+02 
1.221644e+02 
1.221644e+02 
1.221644e+02 
1.221644e+02 
1.221644e+02 
1.221644e+02 
1.221644e+02 
1.221644e+02 
1.221644e+02 
1.217848e+02 
1.214092e+02 
1.213260e+02 
1.213260e+02 
1.213260e+02 
1.213260e+02 
1.213260e+02 
1.213260e+02 
1.213260e+02 
1.213079e+02 
1.213079e+02 
1.212282e+02 
1.212282e+02 
1.212282e+02 
1.212282e+02 
1.212282e+02 
1.212282e+02 
1.212282e+02 
1.212282e+02 
1.211451e+02 
1.211451e+02 
1.211451e+02 
1.211451e+02 
1.211451e+02 
1.211451e+02 
1.211451e+02 
1.211451e+02 
1.211451e+02 
1.211451e+02 
1.211451e+02 
1.211373e+02 
1.211373e+02 
1.211373e+02 
1.211229e+02 
1.211168e+02 
1.211168e+02 
1.211168e+02 
1.211168e+02 
1.211168e+02 
1.211131e+02 
1.211101e+02 
1.211086e+02 
1.211079e+02 
1.210580e+02 
1.210580e+02 
1.210580e+02 
1.210580e+02 
1.210580e+02 
1.210580e+02 
1.210580e+02 
1.210580e+02 
1.210580e+02 
1.210580e+02 
1.210580e+02 
1.210580e+02 
1.210580e+02 
1.210580e+02 
1.210580e+02 
1.210580e+02 
1.210580e+02 
1.210580e+02 
1.210580e+02 
1.210580e+02 
1.210580e+02 
1.210580e+02 
1.210580e+02 
1.210580e+02 
1.210580e+02 
1.210580e+02 
1.210580e+02 
1.210580e+02 
1.210580e+02 
1.210580e+02 
1.210580e+02 
1.210580e+02 
1.210580e+02 
1.209845e+02 
1.209845e+02 
1.209845e+02 
1.209845e+02 
1.209845e+02 
1.209845e+02 
1.209845e+02 
1.209845e+02 
1.209845e+02 
1.209845e+02 
1.209845e+02 
1.209845e+02 
1.209845e+02 
1.209845e+02 
1.209062e+02 
1.208684e+02 
1.207939e+02 
1.207939e+02 
1.207939e+02 
1.203502e+02 
1.203502e+02 
1.202649e+02 
1.202649e+02 
1.202649e+02 
1.202649e+02 
1.202649e+02 
1.202649e+02 
1.202649e+02 
1.202649e+02 
1.202649e+02 
1.202649e+02 
1.202649e+02 
1.202649e+02 
1.202649e+02 
1.202649e+02 
1.202649e+02 
1.202649e+02 
1.202649e+02 
1.202649e+02 
1.202649e+02 
1.202649e+02 
1.200460e+02 
1.200460e+02 
1.200460e+02 
1.200460e+02 
1.200460e+02 
1.200460e+02 
1.200460e+02 
1.200460e+02 
1.200460e+02 
1.200460e+02 
1.200460e+02 
1.200460e+02 
1.200460e+02 
1.200460e+02 
1.200460e+02 
1.200460e+02 
1.200460e+02 
1.200323e+02 
1.200323e+02 
1.200323e+02 
1.200323e+02 
1.200323e+02 
1.200323e+02 
1.200323e+02 
1.200323e+02 
1.200323e+02 
1.200323e+02 
1.200323e+02 
1.200323e+02 
1.200323e+02 
1.200323e+02 
1.200323e+02 
1.200323e+02 
1.200323e+02 
1.200323e+02 
1.200323e+02 
1.200323e+02 
1.200323e+02 
1.200323e+02 
1.200323e+02 
1.200323e+02 
1.200323e+02 
1.200323e+02 
1.200323e+02 
1.200323e+02 
1.200323e+02 
1.200323e+02 
1.200323e+02 
1.200323e+02 
1.200323e+02 
1.200323e+02 
1.200323e+02 
1.200323e+02 
1.200323e+02 
1.200323e+02 
1.200323e+02 
1.200323e+02 
1.200323e+02 
1.200323e+02 
1.200323e+02 
1.200323e+02 
1.200323e+02 
1.200323e+02 
1.200323e+02 
1.200323e+02 
1.200323e+02 
1.200323e+02 
1.199352e+02 
1.199352e+02 
1.199352e+02 
1.199352e+02 
1.199352e+02 
1.199352e+02 
1.199352e+02 
1.199352e+02 
1.199352e+02 
1.199352e+02 
1.199352e+02 
1.199352e+02 
1.199352e+02 
1.199352e+02 
1.199352e+02 
1.199352e+02 
1.199352e+02 
1.199352e+02 
1.197324e+02 
1.197324e+02 
1.197324e+02 
1.197324e+02 
1.197324e+02 
1.197324e+02 
1.197324e+02 
1.197324e+02 
1.197324e+02 
1.197324e+02 
1.197050e+02 
1.197050e+02 
1.197050e+02 
1.197050e+02 
1.197050e+02 
1.197050e+02 
1.197050e+02 
1.197050e+02 
1.197050e+02 
1.197039e+02 
1.196489e+02 
1.196489e+02 
1.196489e+02 
1.196489e+02 
1.196489e+02 
1.196342e+02 
1.196342e+02 
1.196342e+02 
1.196342e+02 
1.196342e+02 
1.196342e+02 
1.196342e+02 
1.196342e+02 
1.196342e+02 
1.196342e+02 
1.196211e+02 
1.196211e+02 
1.196211e+02 
1.196211e+02 
1.196211e+02 
1.196211e+02 
1.195963e+02 
1.195963e+02 
1.195963e+02 
1.195963e+02 
1.195843e+02 
1.195843e+02 
1.195843e+02 
1.195843e+02 
1.195843e+02 
1.195843e+02 
1.195843e+02 
1.195734e+02 
1.195670e+02 
1.195670e+02 
1.195670e+02 
1.195670e+02 
1.195664e+02 
1.195664e+02 
1.195664e+02 
1.195664e+02 
1.195663e+02 
1.195663e+02 
1.195663e+02 
1.195646e+02 
1.195646e+02 
1.195646e+02 
1.195646e+02 
1.195646e+02 
1.195639e+02 
1.195636e+02 
1.195636e+02 
1.195636e+02 
1.195635e+02 
1.195635e+02 
1.195635e+02 
1.195635e+02 
1.195635e+02 
1.195635e+02 
1.195634e+02 
1.195634e+02 
1.195634e+02 
1.195633e+02 
1.195633e+02 
1.195633e+02 
1.195530e+02 
1.195530e+02 
1.195530e+02 
1.195530e+02 
1.195530e+02 
1.195530e+02 
1.195530e+02 
1.195451e+02 
1.195451e+02 
1.195451e+02 
1.195451e+02 
1.195243e+02 
1.195243e+02 
1.195243e+02 
1.195223e+02 
1.195223e+02 
1.195223e+02 
1.195223e+02 
1.195223e+02 
1.195223e+02 
1.195223e+02 
1.195223e+02 
1.195223e+02 
1.195223e+02 
1.195223e+02 
1.195223e+02 
1.195223e+02 
1.195030e+02 
1.195030e+02 
1.195030e+02 
1.195030e+02 
1.195019e+02 
1.195019e+02 
1.195019e+02 
1.195019e+02 
1.195019e+02 
1.195019e+02 
1.195019e+02 
1.195019e+02 
1.195019e+02 
1.195003e+02 
1.195003e+02 
1.195003e+02 
1.195003e+02 
1.195003e+02 
1.195003e+02 
1.195003e+02 
1.195003e+02 
1.195003e+02 
1.195003e+02 
1.195003e+02 
1.195003e+02 
1.195003e+02 
1.195003e+02 
1.195003e+02 
1.195003e+02 
1.194960e+02 
1.194960e+02 
1.194960e+02 
1.194960e+02 
1.194960e+02 
1.194960e+02 
1.194960e+02 
1.194960e+02 
1.194960e+02 
1.194949e+02 
1.194939e+02 
1.194935e+02 
1.194935e+02 
1.194935e+02 
1.194935e+02 
1.194933e+02 
1.194926e+02 
1.194922e+02 
1.194919e+02 
1.194917e+02 
1.194916e+02 
1.194915e+02 
1.194914e+02 
1.194914e+02 
1.194913e+02 
1.194913e+02 
1.194913e+02 
1.194913e+02 
1.194913e+02 
1.194913e+02 
1.194913e+02 
1.194913e+02 
1.194913e+02 
1.194913e+02 
1.194913e+02 
1.194913e+02 
1.194913e+02 
1.194913e+02 
1.194913e+02 
1.194913e+02 
1.194913e+02 
1.194913e+02 
1.194913e+02 
1.194752e+02 
1.194752e+02 
1.194668e+02 
1.194668e+02 
1.194668e+02 
1.194668e+02 
1.194668e+02 
1.194668e+02 
1.194668e+02 
1.194668e+02 
1.194668e+02 
1.194668e+02 
1.194668e+02 
1.194668e+02 
1.194668e+02 
1.194668e+02 
1.194668e+02 
1.194668e+02 
1.194668e+02 
1.194668e+02 
1.194668e+02 
1.194668e+02 
1.194668e+02 
1.194668e+02 
1.194668e+02 
1.194668e+02 
1.194640e+02 
1.194598e+02 
1.194598e+02 
1.194598e+02 
1.194588e+02 
1.194532e+02 
1.194532e+02 
1.194532e+02 
1.194532e+02 
1.194532e+02 
1.194532e+02 
1.194532e+02 
1.194530e+02 
1.194530e+02 
1.194530e+02 
1.194530e+02 
1.194530e+02 
1.194530e+02 
1.194530e+02 
1.194530e+02 
1.194530e+02 
1.194522e+02 
1.194522e+02 
1.194522e+02 
1.194522e+02 
1.194511e+02 
1.194511e+02 
1.194511e+02 
1.194511e+02 
1.194511e+02 
1.194474e+02 
1.194474e+02 
1.194474e+02 
1.194410e+02 
1.194410e+02 
1.194410e+02 
1.194410e+02 
1.194410e+02 
1.194410e+02 
1.194410e+02 
1.194410e+02 
1.194410e+02 
1.194410e+02 
1.194410e+02 
1.194410e+02 
1.194410e+02 
1.194410e+02 
1.194410e+02 
1.194410e+02 
1.194410e+02 
1.194410e+02 
1.194410e+02 
1.194410e+02 
1.194410e+02 
1.194410e+02 
1.194410e+02 
1.194410e+02 
1.194410e+02 
1.194410e+02 
1.194410e+02 
1.194410e+02 
1.194410e+02 
1.194410e+02 
1.194410e+02 
1.194410e+02 
1.194410e+02 
1.194410e+02 
1.194410e+02 
1.194410e+02 
1.194410e+02 
1.194410e+02 
1.194410e+02 
1.194410e+02 
1.194410e+02 
1.194410e+02 
1.194410e+02 
1.194410e+02 
1.194410e+02 
1.194410e+02 
1.194410e+02 
1.194410e+02 
1.194410e+02 
1.194410e+02 
1.194410e+02 
1.194410e+02 
1.194410e+02 
1.194410e+02 
1.194410e+02 
1.194410e+02 
1.194410e+02 
1.194410e+02 
1.194410e+02 
1.194410e+02 
1.194410e+02 
1.194410e+02 
1.194409e+02 
1.194409e+02 
1.194409e+02 
1.194408e+02 
1.194408e+02 
1.194408e+02 
1.194408e+02 
1.194408e+02 
1.194408e+02 
1.194408e+02 
1.194408e+02 
1.194408e+02 
1.194407e+02 
1.194407e+02 
1.194407e+02 
1.194407e+02 
1.194407e+02 
1.194407e+02 
1.194407e+02 
1.194407e+02 
1.194407e+02 
1.194407e+02 
1.194407e+02 
1.194407e+02 
1.194407e+02 
1.194407e+02 
1.194407e+02 
1.194407e+02 
1.194407e+02 
1.194391e+02 
1.194391e+02 
1.194391e+02 
1.194391e+02 
1.194391e+02 
1.194391e+02 
1.194386e+02 
1.194386e+02 
1.194386e+02 
1.194386e+02 
1.194385e+02 
1.194385e+02 
1.194385e+02 
1.194385e+02 
1.194384e+02 
1.194384e+02 
1.194384e+02 
1.194384e+02 
1.194384e+02 
1.194383e+02 
1.194383e+02 
1.194383e+02 
1.194383e+02 
1.194383e+02 
1.194383e+02 
1.194383e+02 
1.194383e+02 
1.194383e+02 
1.194383e+02 
1.194382e+02 
1.194382e+02 
1.194382e+02 
1.194382e+02 
1.194382e+02 
1.194382e+02 
1.194382e+02 
1.194382e+02 
1.194382e+02 
1.194382e+02 
1.194382e+02 
1.194382e+02 
1.194379e+02 
1.194379e+02 
1.194379e+02 
1.194371e+02 
1.194371e+02 
1.194365e+02 
1.194365e+02 
1.194354e+02 
1.194354e+02 
1.194354e+02 
1.194354e+02 
1.194354e+02 
1.194354e+02 
1.194354e+02 
1.194354e+02 
1.194354e+02 
1.194353e+02 
1.194353e+02 
1.194353e+02 
1.194353e+02 
1.194352e+02 
1.194352e+02 
1.194352e+02 
1.194352e+02 
1.194352e+02 
1.194352e+02 
1.194352e+02 
1.194352e+02 
1.194352e+02 
1.194352e+02 
1.194352e+02 
1.194352e+02 
1.194352e+02 
1.194352e+02 
1.194352e+02 
1.194352e+02 
1.194351e+02 
1.194351e+02 
1.194351e+02 
1.194351e+02 
1.194351e+02 
1.194351e+02 
1.194351e+02 
1.194351e+02 
1.194351e+02 
1.194351e+02 
1.194351e+02 
1.194351e+02 
1.194351e+02 
1.194351e+02 
1.194351e+02 
1.194351e+02 
1.194351e+02 
1.194351e+02 
1.194351e+02 
1.194351e+02 
1.194351e+02 
1.194351e+02 
1.194351e+02 
1.194351e+02 
1.194351e+02 
1.194351e+02 
1.194351e+02 
1.194351e+02 
1.194351e+02 
1.194351e+02 
1.194346e+02 
1.194346e+02 
1.194346e+02 
1.194340e+02 
1.194340e+02 
1.194340e+02 
1.194340e+02 
1.194340e+02 
1.194340e+02 
1.194340e+02 
1.194340e+02 
1.194337e+02 
1.194337e+02 
1.194336e+02 
1.194336e+02 
1.194336e+02 
1.194336e+02 
1.194336e+02 
1.194336e+02 
1.194336e+02 
1.194336e+02 
1.194336e+02 
1.194336e+02 
1.194336e+02 
1.194336e+02 
1.194335e+02 
1.194335e+02 
1.194335e+02 
1.194335e+02 
1.194335e+02 
1.194335e+02 
1.194335e+02 
1.194335e+02 
1.194335e+02 
1.194335e+02 
1.194335e+02 
1.194335e+02 
1.194335e+02 
1.194335e+02 
1.194335e+02 
1.194335e+02 
1.194335e+02 
1.194335e+02 
1.194335e+02 
1.194335e+02 
1.194335e+02 
1.194335e+02 
1.194335e+02 
1.194335e+02 
1.194335e+02 
1.194335e+02 
1.194335e+02 
1.194334e+02 
1.194334e+02 
1.194334e+02 
1.194334e+02 
1.194334e+02 
1.194334e+02 
1.194334e+02 
1.194334e+02 
1.194334e+02 
1.194334e+02 
1.194334e+02 
1.194334e+02 
1.194334e+02 
1.194334e+02 
1.194334e+02 
1.194334e+02 
1.194334e+02 
1.194334e+02 
1.194334e+02 
1.194334e+02 
1.194334e+02 
1.194334e+02 
1.194334e+02 
1.194334e+02 
1.194334e+02 
1.194334e+02 
1.194334e+02 
1.194334e+02 
1.194334e+02 
1.194334e+02 
1.194334e+02 
1.194334e+02 
1.194334e+02 
1.194334e+02 
1.194334e+02 
1.194334e+02 
1.194334e+02 
1.194334e+02 
1.194334e+02 
1.194334e+02 
1.194334e+02 
1.194334e+02 
1.194334e+02 
1.194334e+02 
1.194334e+02 
1.194334e+02 
1.194334e+02 
1.194334e+02 
1.194334e+02 
1.194334e+02 
1.194334e+02 
1.194334e+02 
1.194334e+02 
1.194334e+02 
1.194333e+02 
1.194333e+02 
1.194333e+02 
1.194333e+02 
1.194333e+02 
1.194333e+02 
1.194333e+02 
1.194333e+02 
1.194333e+02 
1.194333e+02 
1.194333e+02 
1.194333e+02 
1.194333e+02 
1.194333e+02 
1.194333e+02 
1.194333e+02 
1.194333e+02 
1.194333e+02 
1.194333e+02 
1.194333e+02 
1.194333e+02 
1.194333e+02 
1.194333e+02 
1.194333e+02 
1.194333e+02 
1.194333e+02 
1.194333e+02 
1.194333e+02 
1.194333e+02 
1.194333e+02 
1.194333e+02 
1.194333e+02 
1.194333e+02 
1.194333e+02 
1.194333e+02 
1.194333e+02 
1.194333e+02 
1.194333e+02 
1.194333e+02 
1.194333e+02 
1.194333e+02 
1.194333e+02 
1.194333e+02 
1.194333e+02 
1.194333e+02 
1.194333e+02 
1.194333e+02 
1.194333e+02 
1.194333e+02 
1.194333e+02 
1.194333e+02 
1.194333e+02 
1.194333e+02 
1.194333e+02 
1.194333e+02 
1.194333e+02 
1.194333e+02 
1.194333e+02 
1.194333e+02 
1.194333e+02 
1.194333e+02 
1.194333e+02 
1.194333e+02 
1.194333e+02 
1.194333e+02 
1.194333e+02 
1.194333e+02 
1.194333e+02 
1.194333e+02 
1.194333e+02 
1.194333e+02 
1.194333e+02 
1.194333e+02 
1.194333e+02 
1.194333e+02 
1.194333e+02 
1.194333e+02 
1.194333e+02 
1.194333e+02 
1.194333e+02 
1.194333e+02 
1.194333e+02 
1.194333e+02 
1.194333e+02 
1.194333e+02 
1.194333e+02 
1.194333e+02 
1.194333e+02 
1.194333e+02 
1.194333e+02 
1.194333e+02 
1.194333e+02 
1.194333e+02 
1.194333e+02 
1.194333e+02 
1.194333e+02 
1.194333e+02 
1.194333e+02 
1.194333e+02 
1.194333e+02 
1.194333e+02 
1.194333e+02 
1.194333e+02 
1.194333e+02 
1.194333e+02 
1.194333e+02 
1.194333e+02 
1.194333e+02 
1.194333e+02 
1.194333e+02 
1.194333e+02 
1.194333e+02 
1.194333e+02 
1.194333e+02 
1.194333e+02 
1.194333e+02 
1.194333e+02 
1.194333e+02 
1.194333e+02 
1.194333e+02 
1.194333e+02 
1.194333e+02 
1.194333e+02 
1.194333e+02 
1.194333e+02 
1.194333e+02 
1.194333e+02 
1.194333e+02 
1.194333e+02 
1.194333e+02 
1.194333e+02 
1.194333e+02 
1.194333e+02 
1.194333e+02 
1.194333e+02 
1.194333e+02 
1.194333e+02 
1.194333e+02 
1.194333e+02 
1.194333e+02 
1.194333e+02 
1.194333e+02 
1.194333e+02 
1.194333e+02 
1.194333e+02 
1.194333e+02 
1.194333e+02 
1.194333e+02 
1.194333e+02 
1.194333e+02 
1.194333e+02 
1.194333e+02 
1.194333e+02 
1.194333e+02 
1.194333e+02 
1.194333e+02 
1.194333e+02 
1.194333e+02 
1.194333e+02 
1.194333e+02 
1.194333e+02 
1.194333e+02 
1.194333e+02 
1.194333e+02 
1.194333e+02 
1.194333e+02 
1.194333e+02 
1.194333e+02 
1.194333e+02 
1.194333e+02 
1.194333e+02 
1.194333e+02 
1.194333e+02 
1.194333e+02 
1.194333e+02 
1.194333e+02 
1.194333e+02 
1.194333e+02 
1.194333e+02 
1.194333e+02 
1.194333e+02 
1.194333e+02 
1.194333e+02 
1.194333e+02 
1.194333e+02 
1.194333e+02 
1.194333e+02 
1.194333e+02 
1.194333e+02 
1.194333e+02 
1.194333e+02 
1.194333e+02 
1.194333e+02 
1.194333e+02 
1.194333e+02 
1.194333e+02 
1.194333e+02 
1.194333e+02 
1.194333e+02 
1.194333e+02 
1.194333e+02 
1.194333e+02 
1.194333e+02 
1.194333e+02 
1.194333e+02 
1.194333e+02 
1.194333e+02 
1.194333e+02 
1.194333e+02 
1.194333e+02 
1.194333e+02 
1.194333e+02 
1.194333e+02 
1.194333e+02 
1.194333e+02 
1.194333e+02 
1.194333e+02 
1.194333e+02 
1.194333e+02 
1.194333e+02 
1.194333e+02 
1.194333e+02 
1.194333e+02 
1.194333e+02 
1.194333e+02 
1.194333e+02 
1.194333e+02 
1.194333e+02 
1.194333e+02 
1.194333e+02 
1.194333e+02 
1.194333e+02 
1.194333e+02 
1.194333e+02 
1.194333e+02 
1.194333e+02 
1.194333e+02 
1.194333e+02 
1.194333e+02 
1.194333e+02 
1.194333e+02 
1.194333e+02 
1.194333e+02 
1.194333e+02 
1.194333e+02 
1.194333e+02 
1.194333e+02 
1.194333e+02 
1.194333e+02 
1.194333e+02 
1.194333e+02 
1.194333e+02 
1.194333e+02 
1.194333e+02 
1.194333e+02 
1.194333e+02 
1.194333e+02 
1.194333e+02 
1.194333e+02 
1.194333e+02 
1.194333e+02 
1.194333e+02 
1.194333e+02 
1.194333e+02 
1.194333e+02 
1.194333e+02 
1.194333e+02 
1.194333e+02 
1.194333e+02 
1.194333e+02 
1.194333e+02 
1.194333e+02 
1.194333e+02 
1.194333e+02 
1.194333e+02 
1.194333e+02 
1.194333e+02 
1.194333e+02 
1.194333e+02 
1.194333e+02 
1.194333e+02 
1.194333e+02 
1.194333e+02 
1.194333e+02 
1.194333e+02 
1.194333e+02 
1.194333e+02 
1.194333e+02 
1.194333e+02 
1.194333e+02 
1.194333e+02 
1.194333e+02 
1.194333e+02 
1.194333e+02 
1.194333e+02 
1.194333e+02 
1.194333e+02 
1.194333e+02 
1.194333e+02 
1.194333e+02 
1.194333e+02 
1.194333e+02 
1.194333e+02 
1.194333e+02 
1.194333e+02 
1.194333e+02 
1.194333e+02 
1.194333e+02 
1.194333e+02 
1.194333e+02 
1.194333e+02 
1.194333e+02 
1.194333e+02 
1.194333e+02 
1.194333e+02 
1.194333e+02 
1.194333e+02 
1.194333e+02 
1.194333e+02 
1.194333e+02 
1.194333e+02 
1.194333e+02 
1.194333e+02 
1.194333e+02 
1.194333e+02 
1.194333e+02 
1.194333e+02 
1.194333e+02 
1.194333e+02 
1.194333e+02 
1.194333e+02 
1.194333e+02 
1.194333e+02 
1.194333e+02 
1.194333e+02 
1.194333e+02 
1.194333e+02 
1.194333e+02 
1.194333e+02 
1.194333e+02 
1.194333e+02 
1.194333e+02 
1.194333e+02 
1.194333e+02 
1.194333e+02 
1.194333e+02 
1.194333e+02 
1.194333e+02 
1.194333e+02 
1.194333e+02 
1.194333e+02 
1.194333e+02 
1.194333e+02 
1.194333e+02 
1.194333e+02 
1.194333e+02 
1.194333e+02 
1.194333e+02 
1.194333e+02 
1.194333e+02 
1.194333e+02 
1.194333e+02 
1.194333e+02 
1.194333e+02 
1.194333e+02 
1.194333e+02 
1.194333e+02 
1.194333e+02 
1.194333e+02 
1.194333e+02 
1.194333e+02 
1.194333e+02 
1.194333e+02 
1.194333e+02 
1.194333e+02 
1.194333e+02 
1.194333e+02 
1.194333e+02 
1.194333e+02 
1.194333e+02 
1.194333e+02 
1.194333e+02 
1.194333e+02 
1.194333e+02 
1.194333e+02 
1.194333e+02 
1.194333e+02 
1.194333e+02 
1.194333e+02 
1.194333e+02 
1.194333e+02 
1.194333e+02 
1.194333e+02 
1.194333e+02 
1.194333e+02 
1.194333e+02 
1.194333e+02 
1.194333e+02 
1.194333e+02 
1.194333e+02 
1.194333e+02 
1.194333e+02 
1.194333e+02 
1.194333e+02 
1.194333e+02 
1.194333e+02 
1.194333e+02 
1.194333e+02 
1.194333e+02 
1.194333e+02 
1.194333e+02 
1.194333e+02 
1.194333e+02 
1.194333e+02 
1.194333e+02 
1.194333e+02 
1.194333e+02 
1.194333e+02 
1.194333e+02 
1.194333e+02 
1.194333e+02 
1.194333e+02 
1.194333e+02 
1.194333e+02 
1.194333e+02 
1.194333e+02 
1.194333e+02 
1.194333e+02 
1.194333e+02 
1.194333e+02 
1.194333e+02 
1.194333e+02 
1.194333e+02 
1.194333e+02 
1.194333e+02 
1.194333e+02 
1.194333e+02 
1.194333e+02 
1.194333e+02 
1.194333e+02 
1.194333e+02 
1.194333e+02 
1.194333e+02 
1.194333e+02 
1.194333e+02 
1.194333e+02 
1.194333e+02 
1.194333e+02 
1.194333e+02 
1.194333e+02 
1.194333e+02 
1.194333e+02 
1.194333e+02 
1.194333e+02 
1.194333e+02 
1.194333e+02 
1.194333e+02 
1.194333e+02 
1.194333e+02 
1.194333e+02 
1.194333e+02 
1.194333e+02 
1.194333e+02 
1.194333e+02 
1.194333e+02 
1.194333e+02 
1.194333e+02 
1.194333e+02 
1.194333e+02 
1.194333e+02 
1.194333e+02 
1.194333e+02 
1.194333e+02 
1.194333e+02 
1.194333e+02 
1.194333e+02 
1.194333e+02 
1.194333e+02 
1.194333e+02 
1.194333e+02 
1.194333e+02 
1.194333e+02 
1.194333e+02 
1.194333e+02 
1.194333e+02 
1.194333e+02 
1.194333e+02 
1.194333e+02 
1.194333e+02 
1.194333e+02 
1.194333e+02 
1.194333e+02 
1.194333e+02 
1.194333e+02 
1.194333e+02 
1.194333e+02 
1.194333e+02 
1.194333e+02 
1.194333e+02 
1.194333e+02 
1.194333e+02 
1.194333e+02 
1.194333e+02 
1.194333e+02 
1.194333e+02 
1.194333e+02 
1.194333e+02 
1.194333e+02 
1.194333e+02 
1.194333e+02 
1.194333e+02 
1.194333e+02 
1.194333e+02 
1.194333e+02 
1.194333e+02 
1.194333e+02 
1.194333e+02 
1.194333e+02 
1.194333e+02 
1.194333e+02 
1.194333e+02 
1.194333e+02 
1.194333e+02 
1.194333e+02 
1.194333e+02 
1.194333e+02 
1.194333e+02 
1.194333e+02 
1.194333e+02 
1.194333e+02 
1.194333e+02 
1.194333e+02 
1.194333e+02 
1.194333e+02 
1.194333e+02 
1.194333e+02 
1.194333e+02 
1.194333e+02 
1.194333e+02 
1.194333e+02 
1.194333e+02 
1.194333e+02 
1.194333e+02 
1.194333e+02 
1.194333e+02 
1.194333e+02 
1.194333e+02 
1.194333e+02 
1.194333e+02 
1.194333e+02 
1.194333e+02 
1.194333e+02 
1.194333e+02 
1.194333e+02 
1.194333e+02 
1.194333e+02 
1.194333e+02 
1.194333e+02 
1.194333e+02 
1.194333e+02 
1.194333e+02 
1.194333e+02 
1.194333e+02 
1.194333e+02 
1.194333e+02 
1.194333e+02 
1.194333e+02 
1.194333e+02 
1.194333e+02 
1.194333e+02 
1.194333e+02 
1.194333e+02 
1.194333e+02 
1.194333e+02 
1.194333e+02 
1.194333e+02 
1.194333e+02 
1.194333e+02 
1.194333e+02 
1.194333e+02 
1.194333e+02 
1.194333e+02 
1.194333e+02 
1.194333e+02 
1.194333e+02 
1.194333e+02 
1.194333e+02 
1.194333e+02 
1.194333e+02 
1.194333e+02 
1.194333e+02 
1.194333e+02 
1.194333e+02 
1.194333e+02 
1.194333e+02 
1.194333e+02 
1.194333e+02 
1.194333e+02 
1.194333e+02 
1.194333e+02 
1.194333e+02 
1.194333e+02 
1.194333e+02 
1.194333e+02 
1.194333e+02 
1.194333e+02 
1.194333e+02 
1.194333e+02 
1.194333e+02 
1.194333e+02 
1.194333e+02 
1.194333e+02 
1.194333e+02 
1.194333e+02 
1.194333e+02 
1.194333e+02 
1.194333e+02 
1.194333e+02 
1.194333e+02 
1.194333e+02 
1.194333e+02 
1.194333e+02 
1.194333e+02 
1.194333e+02 
1.194333e+02 
1.194333e+02 
1.194333e+02 
1.194333e+02 
1.194333e+02 
1.194333e+02 
1.194333e+02 
1.194333e+02 
1.194333e+02 
1.194333e+02 
1.194333e+02 
1.194333e+02 
1.194333e+02 
1.194333e+02 
1.194333e+02 
1.194333e+02 
1.194333e+02 
1.194333e+02 
1.194333e+02 
1.194333e+02 
1.194333e+02 
1.194333e+02 
1.194333e+02 
1.194333e+02 
1.194333e+02 
1.194333e+02 
1.194333e+02 
1.194333e+02 
1.194333e+02 
1.194333e+02 
1.194333e+02 
1.194333e+02 
1.194333e+02 
1.194333e+02 
1.194333e+02 
1.194333e+02 
1.194333e+02 
1.194333e+02 
1.194333e+02 
1.194333e+02 
1.194333e+02 
1.194333e+02 
1.194333e+02 
1.194333e+02 
1.194333e+02 
1.194333e+02 
1.194333e+02 
1.194333e+02 
1.194333e+02 
1.194333e+02 
1.194333e+02 
1.194333e+02 
1.194333e+02 
1.194333e+02 
1.194333e+02 
1.194333e+02 
1.194333e+02 
1.194333e+02 
1.194333e+02 
1.194333e+02 
1.194333e+02 
1.194333e+02 
1.194333e+02 
1.194333e+02 
1.194333e+02 
1.194333e+02 
1.194333e+02 
1.194333e+02 
1.194333e+02 
1.194333e+02 
1.194333e+02 
1.194333e+02 
1.194333e+02 
1.194333e+02 
1.194333e+02 
1.194333e+02 
1.194333e+02 
1.194333e+02 
1.194333e+02 
1.194333e+02 
1.194333e+02 
1.194333e+02 
1.194333e+02 
1.194333e+02 
1.194333e+02 
1.194333e+02 
1.194333e+02 
1.194333e+02 
1.194333e+02 
1.194333e+02 
1.194333e+02 
1.194333e+02 
1.194333e+02 
1.194333e+02 
1.194333e+02 
1.194333e+02 
1.194333e+02 
1.194333e+02 
1.194333e+02 
1.194333e+02 
1.194333e+02 
1.194333e+02 
1.194333e+02 
1.194333e+02 
1.194333e+02 
1.194333e+02 
1.194333e+02 
1.194333e+02 
1.194333e+02 
1.194333e+02 
1.194333e+02 
1.194333e+02 
1.194333e+02 
1.194333e+02 
1.194333e+02 
1.194333e+02 
1.194333e+02 
1.194333e+02 
1.194333e+02 
1.194333e+02 
1.194333e+02 
1.194333e+02 
1.194333e+02 
1.194333e+02 
1.194333e+02 
1.194333e+02 
1.194333e+02 
1.194333e+02 
1.194333e+02 
1.194333e+02 
1.194333e+02 
1.194333e+02 
1.194333e+02 
1.194333e+02 
1.194333e+02 
1.194333e+02 
1.194333e+02 
1.194333e+02 
1.194333e+02 
1.194333e+02 
1.194333e+02 
1.194333e+02 
1.194333e+02 
1.194333e+02 
1.194333e+02 
1.194333e+02 
1.194333e+02 
1.194333e+02 
1.194333e+02 
1.194333e+02 
1.194333e+02 
1.194333e+02 
1.194333e+02 
1.194333e+02 
1.194333e+02 
1.194333e+02 
1.194333e+02 
1.194333e+02 
1.194333e+02 
1.194333e+02 
1.194333e+02 
1.194333e+02 
1.194333e+02 
1.194333e+02 
1.194333e+02 
1.194333e+02 
1.194333e+02 
1.194333e+02 
1.194333e+02 
1.194333e+02 
1.194333e+02 
1.194333e+02 
1.194333e+02 
1.194333e+02 
1.194333e+02 
1.194333e+02 
1.194333e+02 
1.194333e+02 
1.194333e+02 
1.194333e+02 
1.194333e+02 
1.194333e+02 
1.194333e+02 
1.194333e+02 
1.194333e+02 
1.194333e+02 
1.194333e+02 
1.194333e+02 
1.194333e+02 
1.194333e+02 
1.194333e+02 
1.194333e+02 
1.194333e+02 
1.194333e+02 
1.194333e+02 
1.194333e+02 
1.194333e+02 
1.194333e+02 
1.194333e+02 
1.194333e+02 
1.194333e+02 
1.194333e+02 
1.194333e+02 
1.194333e+02 
1.194333e+02 
1.194333e+02 
1.194333e+02 
1.194333e+02 
1.194333e+02 
1.194333e+02 
1.194333e+02 
1.194333e+02 
1.194333e+02 
1.194333e+02 
1.194333e+02 
1.194333e+02 
1.194333e+02 
1.194333e+02 
1.194333e+02 
1.194333e+02 
1.194333e+02 
1.194333e+02 
1.194333e+02 
1.194333e+02 
1.194333e+02 
1.194333e+02 
1.194333e+02 
1.194333e+02 
1.194333e+02 
1.194333e+02 
1.194333e+02 
1.194333e+02 
1.194333e+02 
1.194333e+02 
1.194333e+02 
1.194333e+02 
1.194333e+02 
1.194333e+02 
1.194333e+02 
1.194333e+02 
1.194333e+02 
1.194333e+02 
1.194333e+02 
1.194333e+02 
1.194333e+02 
1.194333e+02 
1.194333e+02 
1.194333e+02 
1.194333e+02 
1.194333e+02 
1.194333e+02 
1.194333e+02 
1.194333e+02 
1.194333e+02 
1.194333e+02 
1.194333e+02 
1.194333e+02 
1.194333e+02 
1.194333e+02 
1.194333e+02 
1.194333e+02 
1.194333e+02 
1.194333e+02 
1.194333e+02 
1.194333e+02 
1.194333e+02 
1.194333e+02 
1.194333e+02 
1.194333e+02 
1.194333e+02 
1.194333e+02 
1.194333e+02 
1.194333e+02 
1.194333e+02 
1.194333e+02 
1.194333e+02 
1.194333e+02 
1.194333e+02 
1.194333e+02 
1.194333e+02 
1.194333e+02 
1.194333e+02 
1.194333e+02 
1.194333e+02 
1.194333e+02 
1.194333e+02 
1.194333e+02 
1.194333e+02 
1.194333e+02 
1.194333e+02 
1.194333e+02 
1.194333e+02 
1.194333e+02 
1.194333e+02 
1.194333e+02 
1.194333e+02 
1.194333e+02 
1.194333e+02 
1.194333e+02 
1.194333e+02 
1.194333e+02 
1.194333e+02 
1.194333e+02 
1.194333e+02 
1.194333e+02 
1.194333e+02 
1.194333e+02 
1.194333e+02 
1.194333e+02 
1.194333e+02 
1.194333e+02 
1.194333e+02 
1.194333e+02 
1.194333e+02 
1.194333e+02 
1.194333e+02 
1.194333e+02 
1.194333e+02 
1.194333e+02 
1.194333e+02 
1.194333e+02 
1.194333e+02 
1.194333e+02 
1.194333e+02 
1.194333e+02 
1.194333e+02 
1.194333e+02 
1.194333e+02 
1.194333e+02 
1.194333e+02 
1.194333e+02 
1.194333e+02 
1.194333e+02 
1.194333e+02 
1.194333e+02 
1.194333e+02 
1.194333e+02 
1.194333e+02 
1.194333e+02 
1.194333e+02 
1.194333e+02 
1.194333e+02 
1.194333e+02 
1.194333e+02 
1.194333e+02 
1.194333e+02 
1.194333e+02 
1.194333e+02 
1.194333e+02 
1.194333e+02 
1.194333e+02 
1.194333e+02 
1.194333e+02 
1.194333e+02 
1.194333e+02 
1.194333e+02 
1.194333e+02 
1.194333e+02 
1.194333e+02 
1.194333e+02 
1.194333e+02 
1.194333e+02 
1.194333e+02 
1.194333e+02 
1.194333e+02 
1.194333e+02 
1.194333e+02 
1.194333e+02 
1.194333e+02 
1.194333e+02 
1.194333e+02 
1.194333e+02 
1.194333e+02 
1.194333e+02 
1.194333e+02 
1.194333e+02 
1.194333e+02 
1.194333e+02 
1.194333e+02 
1.194333e+02 
1.194333e+02 
1.194333e+02 
1.194333e+02 
1.194333e+02 
1.194333e+02 
1.194333e+02 
1.194333e+02 
1.194333e+02 
1.194333e+02 
1.194333e+02 
1.194333e+02 
1.194333e+02 
1.194333e+02 
1.194333e+02 
1.194333e+02 
1.194333e+02 
1.194333e+02 
1.194333e+02 
1.194333e+02 
1.194333e+02 
1.194333e+02 
1.194333e+02 
1.194333e+02 
1.194333e+02 
1.194333e+02 
1.194333e+02 
1.194333e+02 
1.194333e+02 
1.194333e+02 
1.194333e+02 
1.194333e+02 
1.194333e+02 
1.194333e+02 
1.194333e+02 
1.194333e+02 
1.194333e+02 
1.194333e+02 
1.194333e+02 
1.194333e+02 
1.194333e+02 
1.194333e+02 
1.194333e+02 
1.194333e+02 
1.194333e+02 
1.194333e+02 
1.194333e+02 
1.194333e+02 
1.194333e+02 
1.194333e+02 
1.194333e+02 
1.194333e+02 
1.194333e+02 
1.194333e+02 
1.194333e+02 
1.194333e+02 
1.194333e+02 
1.194333e+02 
1.194333e+02 
1.194333e+02 
1.194333e+02 
1.194333e+02 
1.194333e+02 
1.194333e+02 
1.194333e+02 
1.194333e+02 
1.194333e+02 
1.194333e+02 
1.194333e+02 
1.194333e+02 
1.194333e+02 
1.194333e+02 
1.194333e+02 
1.194333e+02 
1.194333e+02 
1.194333e+02 
1.194333e+02 
1.194333e+02 
1.194333e+02 
1.194333e+02 
1.194333e+02 
1.194333e+02 
1.194333e+02 
1.194333e+02 
1.194333e+02 
1.194333e+02 
1.194333e+02 
1.194333e+02 
1.194333e+02 
1.194333e+02 
1.194333e+02 
1.194333e+02 
1.194333e+02 
1.194333e+02 
1.194333e+02 
1.194333e+02 
1.194333e+02 
1.194333e+02 
1.194333e+02 
1.194333e+02 
1.194333e+02 
1.194333e+02 
1.194333e+02 
1.194333e+02 
1.194333e+02 
1.194333e+02 
1.194333e+02 
1.194333e+02 
1.194333e+02 
1.194333e+02 
1.194333e+02 
1.194333e+02 
1.194333e+02 
1.194333e+02 
1.194333e+02 
1.194333e+02 
1.194333e+02 
1.194333e+02 
1.194333e+02 
1.194333e+02 
1.194333e+02 
1.194333e+02 
1.194333e+02 
1.194333e+02 
1.194333e+02 
1.194333e+02 
1.194333e+02 
1.194333e+02 
1.194333e+02 
1.194333e+02 
1.194333e+02 
1.194333e+02 
1.194333e+02 
1.194333e+02 
1.194333e+02 
1.194333e+02 
1.194333e+02 
1.194333e+02 
1.194333e+02 
1.194333e+02 
1.194333e+02 
1.194333e+02 
1.194333e+02 
1.194333e+02 
1.194333e+02 
1.194333e+02 
1.194333e+02 
1.194333e+02 
1.194333e+02 
1.194333e+02 
1.194333e+02 
1.194333e+02 
1.194333e+02 
1.194333e+02 
1.194333e+02 
1.194333e+02 
1.194333e+02 
1.194333e+02 
1.194333e+02 
1.194333e+02 
1.194333e+02 
1.194333e+02 
1.194333e+02 
1.194333e+02 
1.194333e+02 
1.194333e+02 
1.194333e+02 
1.194333e+02 
1.194333e+02 
1.194333e+02 
1.194333e+02 
1.194333e+02 
1.194333e+02 
1.194333e+02 
1.194333e+02 
1.194333e+02 
1.194333e+02 
1.194333e+02 
1.194333e+02 
1.194333e+02 
1.194333e+02 
1.194333e+02 
1.194333e+02 
1.194333e+02 
1.194333e+02 
1.194333e+02 
1.194333e+02 
1.194333e+02 
1.194333e+02 
1.194333e+02 
1.194333e+02 
1.194333e+02 
1.194333e+02 
1.194333e+02 
1.194333e+02 
1.194333e+02 
1.194333e+02 
1.194333e+02 
1.194333e+02 
1.194333e+02 
1.194333e+02 
1.194333e+02 
1.194333e+02 
1.194333e+02 
1.194333e+02 
1.194333e+02 
1.194333e+02 
1.194333e+02 
1.194333e+02 
1.194333e+02 
1.194333e+02 
1.194333e+02 
1.194333e+02 
1.194333e+02 
1.194333e+02 
1.194333e+02 
1.194333e+02 
1.194333e+02 
1.194333e+02 
1.194333e+02 
1.194333e+02 
1.194333e+02 
1.194333e+02 
1.194333e+02 
1.194333e+02 
1.194333e+02 
1.194333e+02 
1.194333e+02 
1.194333e+02 
1.194333e+02 
1.194333e+02 
1.194333e+02 
1.194333e+02 
1.194333e+02 
1.194333e+02 
1.194333e+02 
1.194333e+02 
1.194333e+02 
1.194333e+02 
1.194333e+02 
1.194333e+02 
1.194333e+02 
1.194333e+02 
1.194333e+02 
1.194333e+02 
1.194333e+02 
1.194333e+02 
1.194333e+02 
1.194333e+02 
1.194333e+02 
1.194333e+02 
1.194333e+02 
1.194333e+02 
1.194333e+02 
1.194333e+02 
1.194333e+02 
1.194333e+02 
1.194333e+02 
1.194333e+02 
1.194333e+02 
1.194333e+02 
1.194333e+02 
1.194333e+02 
1.194333e+02 
1.194333e+02 
1.194333e+02 
1.194333e+02 
1.194333e+02 
1.194333e+02 
1.194333e+02 
1.194333e+02 
1.194333e+02 
1.194333e+02 
1.194333e+02 
1.194333e+02 
1.194333e+02 
1.194333e+02 
1.194333e+02 
1.194333e+02 
1.194333e+02 
1.194333e+02 
1.194333e+02 
1.194333e+02 
1.194333e+02 
1.194333e+02 
1.194333e+02 
1.194333e+02 
1.194333e+02 
1.194333e+02 
1.194333e+02 
1.194333e+02 
1.194333e+02 
1.194333e+02 
1.194333e+02 
1.194333e+02 
1.194333e+02 
1.194333e+02 
1.194333e+02 
1.194333e+02 
1.194333e+02 
1.194333e+02 
1.194333e+02 
1.194333e+02 
1.194333e+02 
1.194333e+02 
1.194333e+02 
1.194333e+02 
1.194333e+02 
1.194333e+02 
1.194333e+02 
1.194333e+02 
1.194333e+02 
1.194333e+02 
1.194333e+02 
1.194333e+02 
1.194333e+02 
1.194333e+02 
1.194333e+02 
1.194333e+02 
1.194333e+02 
1.194333e+02 
1.194333e+02 
1.194333e+02 
1.194333e+02 
1.194333e+02 
1.194333e+02 
1.194333e+02 
1.194333e+02 
1.194333e+02 
1.194333e+02 
1.194333e+02 
1.194333e+02 
1.194333e+02 
1.194333e+02 
1.194333e+02 
1.194333e+02 
1.194333e+02 
1.194333e+02 
1.194333e+02 
1.194333e+02 
1.194333e+02 
1.194333e+02 
1.194333e+02 
1.194333e+02 
1.194333e+02 
1.194333e+02 
1.194333e+02 
1.194333e+02 
1.194333e+02 
1.194333e+02 
1.194333e+02 
1.194333e+02 
1.194333e+02 
1.194333e+02 
1.194333e+02 
1.194333e+02 
1.194333e+02 
1.194333e+02 
1.194333e+02 
1.194333e+02 
1.194333e+02 
1.194333e+02 
1.194333e+02 
1.194333e+02 
1.194333e+02 
1.194333e+02 
1.194333e+02 
1.194333e+02 
1.194333e+02 
1.194333e+02 
1.194333e+02 
1.194333e+02 
1.194333e+02 
1.194333e+02 
1.194333e+02 
1.194333e+02 
1.194333e+02 
1.194333e+02 
1.194333e+02 
1.194333e+02 
1.194333e+02 
1.194333e+02 
1.194333e+02 
1.194333e+02 
1.194333e+02 
1.194333e+02 
1.194333e+02 
1.194333e+02 
1.194333e+02 
1.194333e+02 
1.194333e+02 
1.194333e+02 
1.194333e+02 
1.194333e+02 
1.194333e+02 
1.194333e+02 
1.194333e+02 
1.194333e+02 
1.194333e+02 
1.194333e+02 
1.194333e+02 
1.194333e+02 
1.194333e+02 
1.194333e+02 
1.194333e+02 
1.194333e+02 
1.194333e+02 
1.194333e+02 
1.194333e+02 
1.194333e+02 
1.194333e+02 
1.194333e+02 
1.194333e+02 
1.194333e+02 
1.194333e+02 
1.194333e+02 
1.194333e+02 
1.194333e+02 
1.194333e+02 
1.194333e+02 
1.194333e+02 
1.194333e+02 
1.194333e+02 
1.194333e+02 
1.194333e+02 
1.194333e+02 
1.194333e+02 
1.194333e+02 
1.194333e+02 
1.194333e+02 
1.194333e+02 
1.194333e+02 
1.194333e+02 
1.194333e+02 
1.194333e+02 
1.194333e+02 
1.194333e+02 
1.194333e+02 
1.194333e+02 
1.194333e+02 
1.194333e+02 
1.194333e+02 
1.194333e+02 
1.194333e+02 
1.194333e+02 
1.194333e+02 
1.194333e+02 
1.194333e+02 
1.194333e+02 
1.194333e+02 
1.194333e+02 
1.194333e+02 
1.194333e+02 
1.194333e+02 
1.194333e+02 
1.194333e+02 
1.194333e+02 
1.194333e+02 
1.194333e+02 
1.194333e+02 
1.194333e+02 
1.194333e+02 
1.194333e+02 
1.194333e+02 
1.194333e+02 
1.194333e+02 
1.194333e+02 
1.194333e+02 
1.194333e+02 
1.194333e+02 
1.194333e+02 
1.194333e+02 
1.194333e+02 
1.194333e+02 
1.194333e+02 
1.194333e+02 
1.194333e+02 
1.194333e+02 
1.194333e+02 
1.194333e+02 
1.194333e+02 
1.194333e+02 
1.194333e+02 
1.194333e+02 
1.194333e+02 
1.194333e+02 
1.194333e+02 
1.194333e+02 
1.194333e+02 
1.194333e+02 
1.194333e+02 
1.194333e+02 
1.194333e+02 
1.194333e+02 
1.194333e+02 
1.194333e+02 
1.194333e+02 
1.194333e+02 
1.194333e+02 
1.194333e+02 
1.194333e+02 
1.194333e+02 
1.194333e+02 
1.194333e+02 
1.194333e+02 
1.194333e+02 
1.194333e+02 
1.194333e+02 
1.194333e+02 
1.194333e+02 
1.194333e+02 
1.194333e+02 
1.194333e+02 
1.194333e+02 
1.194333e+02 
1.194333e+02 
1.194333e+02 
1.194333e+02 
1.194333e+02 
1.194333e+02 
1.194333e+02 
1.194333e+02 
1.194333e+02 
1.194333e+02 
1.194333e+02 
1.194333e+02 
1.194333e+02 
1.194333e+02 
1.194333e+02 
1.194333e+02 
1.194333e+02 
1.194333e+02 
1.194333e+02 
1.194333e+02 
1.194333e+02 
1.194333e+02 
1.194333e+02 
1.194333e+02 
1.194333e+02 
1.194333e+02 
1.194333e+02 
1.194333e+02 
1.194333e+02 
1.194333e+02 
1.194333e+02 
1.194333e+02 
1.194333e+02 
1.194333e+02 
1.194333e+02 
1.194333e+02 
1.194333e+02 
1.194333e+02 
1.194333e+02 
1.194333e+02 
1.194333e+02 
1.194333e+02 
1.194333e+02 
1.194333e+02 
1.194333e+02 
1.194333e+02 
1.194333e+02 
1.194333e+02 
1.194333e+02 
1.194333e+02 
1.194333e+02 
1.194333e+02 
1.194333e+02 
1.194333e+02 
1.194333e+02 
1.194333e+02 
1.194333e+02 
1.194333e+02 
1.194333e+02 
1.194333e+02 
1.194333e+02 
1.194333e+02 
1.194333e+02 
1.194333e+02 
1.194333e+02 
1.194333e+02 
1.194333e+02 
1.194333e+02 
1.194333e+02 
1.194333e+02 
1.194333e+02 
1.194333e+02 
1.194333e+02 
1.194333e+02 
1.194333e+02 
1.194333e+02 
1.194333e+02 
1.194333e+02 
1.194333e+02 
1.194333e+02 
1.194333e+02 
1.194333e+02 
1.194333e+02 
1.194333e+02 
1.194333e+02 
1.194333e+02 
1.194333e+02 
1.194333e+02 
1.194333e+02 
1.194333e+02 
1.194333e+02 
1.194333e+02 
1.194333e+02 
1.194333e+02 
1.194333e+02 
1.194333e+02 
1.194333e+02 
1.194333e+02 
1.194333e+02 
1.194333e+02 
1.194333e+02 
1.194333e+02 
1.194333e+02 
1.194333e+02 
1.194333e+02 
1.194333e+02 
1.194333e+02 
1.194333e+02 
1.194333e+02 
1.194333e+02 
1.194333e+02 
1.194333e+02 
1.194333e+02 
1.194333e+02 
1.194333e+02 
1.194333e+02 
1.194333e+02 
1.194333e+02 
1.194333e+02 
1.194333e+02 
1.194333e+02 
1.194333e+02 
1.194333e+02 
1.194333e+02 
1.194333e+02 
1.194333e+02 
1.194333e+02 
1.194333e+02 
1.194333e+02 
1.194333e+02 
1.194333e+02 
1.194333e+02 
1.194333e+02 
1.194333e+02 
1.194333e+02 
1.194333e+02 
1.194333e+02 
1.194333e+02 
1.194333e+02 
1.194333e+02 
1.194333e+02 
1.194333e+02 
1.194333e+02 
1.194333e+02 
1.194333e+02 
1.194333e+02 
1.194333e+02 
1.194333e+02 
1.194333e+02 
1.194333e+02 
1.194333e+02 
1.194333e+02 
1.194333e+02 
1.194333e+02 
1.194333e+02 
1.194333e+02 
1.194333e+02 
1.194333e+02 
1.194333e+02 
1.194333e+02 
1.194333e+02 
1.194333e+02 
1.194333e+02 
1.194333e+02 
1.194333e+02 
1.194333e+02 
1.194333e+02 
1.194333e+02 
1.194333e+02 
1.194333e+02 
1.194333e+02 
1.194333e+02 
1.194333e+02 
1.194333e+02 
1.194333e+02 
1.194333e+02 
1.194333e+02 
1.194333e+02 
1.194333e+02 
1.194333e+02 
1.194333e+02 
1.194333e+02 
1.194333e+02 
1.194333e+02 
1.194333e+02 
1.194333e+02 
1.194333e+02 
1.194333e+02 
1.194333e+02 
1.194333e+02 
1.194333e+02 
1.194333e+02 
1.194333e+02 
1.194333e+02 
1.194333e+02 
1.194333e+02 
1.194333e+02 
1.194333e+02 
1.194333e+02 
1.194333e+02 
1.194333e+02 
1.194333e+02 
1.194333e+02 
1.194333e+02 
1.194333e+02 
1.194333e+02 
1.194333e+02 
1.194333e+02 
1.194333e+02 
1.194333e+02 
1.194333e+02 
1.194333e+02 
1.194333e+02 
1.194333e+02 
1.194333e+02 
1.194333e+02 
1.194333e+02 
1.194333e+02 
1.194333e+02 
1.194333e+02 
1.194333e+02 
1.194333e+02 
1.194333e+02 
1.194333e+02 
1.194333e+02 
1.194333e+02 
1.194333e+02 
1.194333e+02 
1.194333e+02 
1.194333e+02 
1.194333e+02 
1.194333e+02 
1.194333e+02 
1.194333e+02 
1.194333e+02 
1.194333e+02 
1.194333e+02 
1.194333e+02 
1.194333e+02 
1.194333e+02 
1.194333e+02 
1.194333e+02 
1.194333e+02 
1.194333e+02 
1.194333e+02 
1.194333e+02 
1.194333e+02 
1.194333e+02 
1.194333e+02 
1.194333e+02 
1.194333e+02 
1.194333e+02 
1.194333e+02 
1.194333e+02 
1.194333e+02 
1.194333e+02 
1.194333e+02 
1.194333e+02 
1.194333e+02 
1.194333e+02 
1.194333e+02 
1.194333e+02 
1.194333e+02 
1.194333e+02 
1.194333e+02 
1.194333e+02 
1.194333e+02 
1.194333e+02 
1.194333e+02 
1.194333e+02 
1.194333e+02 
1.194333e+02 
1.194333e+02 
1.194333e+02 
1.194333e+02 
1.194333e+02 
1.194333e+02 
1.194333e+02 
1.194333e+02 
1.194333e+02 
1.194333e+02 
1.194333e+02 
1.194333e+02 
1.194333e+02 
1.194333e+02 
1.194333e+02 
1.194333e+02 
1.194333e+02 
1.194333e+02 
1.194333e+02 
1.194333e+02 
1.194333e+02 
1.194333e+02 
1.194333e+02 
1.194333e+02 
1.194333e+02 
1.194333e+02 
1.194333e+02 
1.194333e+02 
1.194333e+02 
1.194333e+02 
1.194333e+02 
1.194333e+02 
1.194333e+02 
1.194333e+02 
1.194333e+02 
1.194333e+02 
1.194333e+02 
1.194333e+02 
1.194333e+02 
1.194333e+02 
1.194333e+02 
1.194333e+02 
1.194333e+02 
1.194333e+02 
1.194333e+02 
1.194333e+02 
1.194333e+02 
1.194333e+02 
1.194333e+02 
1.194333e+02 
1.194333e+02 
1.194333e+02 
1.194333e+02 
1.194333e+02 
1.194333e+02 
1.194333e+02 
1.194333e+02 
1.194333e+02 
1.194333e+02 
1.194333e+02 
1.194333e+02 
1.194333e+02 
1.194333e+02 
1.194333e+02 
1.194333e+02 
1.194333e+02 
1.194333e+02 
1.194333e+02 
1.194333e+02 
1.194333e+02 
1.194333e+02 
1.194333e+02 
1.194333e+02 
1.194333e+02 
1.194333e+02 
1.194333e+02 
1.194333e+02 
1.194333e+02 
1.194333e+02 
1.194333e+02 
1.194333e+02 
1.194333e+02 
1.194333e+02 
1.194333e+02 
1.194333e+02 
1.194333e+02 
1.194333e+02 
1.194333e+02 
1.194333e+02 
1.194333e+02 
1.194333e+02 
1.194333e+02 
1.194333e+02 
1.194333e+02 
1.194333e+02 
1.194333e+02 
1.194333e+02 
1.194333e+02 
1.194333e+02 
1.194333e+02 
1.194333e+02 
1.194333e+02 
1.194333e+02 
1.194333e+02 
1.194333e+02 
1.194333e+02 
1.194333e+02 
1.194333e+02 
1.194333e+02 
1.194333e+02 
1.194333e+02 
1.194333e+02 
1.194333e+02 
1.194333e+02 
1.194333e+02 
1.194333e+02 
1.194333e+02 
1.194333e+02 
1.194333e+02 
1.194333e+02 
1.194333e+02 
1.194333e+02 
1.194333e+02 
1.194333e+02 
1.194333e+02 
1.194333e+02 
1.194333e+02 
1.194333e+02 
1.194333e+02 
1.194333e+02 
1.194333e+02 
1.194333e+02 
1.194333e+02 
1.194333e+02 
1.194333e+02 
1.194333e+02 
1.194333e+02 
1.194333e+02 
1.194333e+02 
1.194333e+02 
1.194333e+02 
1.194333e+02 
1.194333e+02 
1.194333e+02 
1.194333e+02 
1.194333e+02 
1.194333e+02 
1.194333e+02 
1.194333e+02 
1.194333e+02 
1.194333e+02 
1.194333e+02 
1.194333e+02 
1.194333e+02 
1.194333e+02 
1.194333e+02 
1.194333e+02 
1.194333e+02 
1.194333e+02 
1.194333e+02 
1.194333e+02 
1.194333e+02 
1.194333e+02 
1.194333e+02 
1.194333e+02 
1.194333e+02 
1.194333e+02 
1.194333e+02 
1.194333e+02 
1.194333e+02 
1.194333e+02 
1.194333e+02 
1.194333e+02 
1.194333e+02 
1.194333e+02 
1.194333e+02 
1.194333e+02 
1.194333e+02 
1.194333e+02 
1.194333e+02 
1.194333e+02 
1.194333e+02 
1.194333e+02 
1.194333e+02 
1.194333e+02 
1.194333e+02 
1.194333e+02 
1.194333e+02 
1.194333e+02 
1.194333e+02 
1.194333e+02 
1.194333e+02 
1.194333e+02 
1.194333e+02 
1.194333e+02 
1.194333e+02 
1.194333e+02 
1.194333e+02 
1.194333e+02 
1.194333e+02 
1.194333e+02 
1.194333e+02 
1.194333e+02 
1.194333e+02 
1.194333e+02 
1.194333e+02 
1.194333e+02 
1.194333e+02 
1.194333e+02 
1.194333e+02 
1.194333e+02 
1.194333e+02 
1.194333e+02 
1.194333e+02 
1.194333e+02 
1.194333e+02 
1.194333e+02 
1.194333e+02 
1.194333e+02 
1.194333e+02 
1.194333e+02 
1.194333e+02 
1.194333e+02 
1.194333e+02 
1.194333e+02 
1.194333e+02 
1.194333e+02 
1.194333e+02 
1.194333e+02 
1.194333e+02 
1.194333e+02 
1.194333e+02 
1.194333e+02 
1.194333e+02 
1.194333e+02 
1.194333e+02 
1.194333e+02 
1.194333e+02 
1.194333e+02 
1.194333e+02 
1.194333e+02 
1.194333e+02 
1.194333e+02 
1.194333e+02 
1.194333e+02 
1.194333e+02 
1.194333e+02 
1.194333e+02 
1.194333e+02 
1.194333e+02 
1.194333e+02 
1.194333e+02 
1.194333e+02 
1.194333e+02 
1.194333e+02 
1.194333e+02 
1.194333e+02 
1.194333e+02 
1.194333e+02 
1.194333e+02 
1.194333e+02 
1.194333e+02 
1.194333e+02 
1.194333e+02 
1.194333e+02 
1.194333e+02 
1.194333e+02 
1.194333e+02 
1.194333e+02 
1.194333e+02 
1.194333e+02 
1.194333e+02 
1.194333e+02 
1.194333e+02 
1.194333e+02 
1.194333e+02 
1.194333e+02 
1.194333e+02 
1.194333e+02 
1.194333e+02 
1.194333e+02 
1.194333e+02 
1.194333e+02 
1.194333e+02 
1.194333e+02 
1.194333e+02 
1.194333e+02 
1.194333e+02 
1.194333e+02 
1.194333e+02 
1.194333e+02 
1.194333e+02 
1.194333e+02 
1.194333e+02 
1.194333e+02 
1.194333e+02 
1.194333e+02 
1.194333e+02 
1.194333e+02 
1.194333e+02 
1.194333e+02 
1.194333e+02 
1.194333e+02 
1.194333e+02 
1.194333e+02 
1.194333e+02 
1.194333e+02 
1.194333e+02 
1.194333e+02 
1.194333e+02 
1.194333e+02 
1.194333e+02 
1.194333e+02 
1.194333e+02 
1.194333e+02 
1.194333e+02 
1.194333e+02 
1.194333e+02 
1.194333e+02 
1.194333e+02 
1.194333e+02 
1.194333e+02 
1.194333e+02 
1.194333e+02 
1.194333e+02 
1.194333e+02 
1.194333e+02 
1.194333e+02 
1.194333e+02 
1.194333e+02 
1.194333e+02 
1.194333e+02 
1.194333e+02 
1.194333e+02 
1.194333e+02 
1.194333e+02 
1.194333e+02 
1.194333e+02 
1.194333e+02 
1.194333e+02 
1.194333e+02 
1.194333e+02 
1.194333e+02 
1.194333e+02 
1.194333e+02 
1.194333e+02 
1.194333e+02 
1.194333e+02 
1.194333e+02 
1.194333e+02 
1.194333e+02 
1.194333e+02 
1.194333e+02 
1.194333e+02 
1.194333e+02 
1.194333e+02 
1.194333e+02 
1.194333e+02 
1.194333e+02 
1.194333e+02 
1.194333e+02 
1.194333e+02 
1.194333e+02 
1.194333e+02 
1.194333e+02 
1.194333e+02 
1.194333e+02 
1.194333e+02 
1.194333e+02 
1.194333e+02 
1.194333e+02 
1.194333e+02 
1.194333e+02 
1.194333e+02 
1.194333e+02 
1.194333e+02 
1.194333e+02 
1.194333e+02 
1.194333e+02 
1.194333e+02 
1.194333e+02 
1.194333e+02 
1.194333e+02 
1.194333e+02 
1.194333e+02 
1.194333e+02 
1.194333e+02 
1.194333e+02 
1.194333e+02 
1.194333e+02 
1.194333e+02 
1.194333e+02 
1.194333e+02 
1.194333e+02 
1.194333e+02 
1.194333e+02 
1.194333e+02 
1.194333e+02 
1.194333e+02 
1.194333e+02 
1.194333e+02 
1.194333e+02 
1.194333e+02 
1.194333e+02 
1.194333e+02 
1.194333e+02 
1.194333e+02 
1.194333e+02 
1.194333e+02 
1.194333e+02 
1.194333e+02 
1.194333e+02 
1.194333e+02 
1.194333e+02 
1.194333e+02 
1.194333e+02 
1.194333e+02 
1.194333e+02 
1.194333e+02 
1.194333e+02 
1.194333e+02 
1.194333e+02 
1.194333e+02 
1.194333e+02 
1.194333e+02 
1.194333e+02 
1.194333e+02 
1.194333e+02 
1.194333e+02 
1.194333e+02 
1.194333e+02 
1.194333e+02 
1.194333e+02 
1.194333e+02 
1.194333e+02 
1.194333e+02 
1.194333e+02 
1.194333e+02 
1.194333e+02 
1.194333e+02 
1.194333e+02 
1.194333e+02 
1.194333e+02 
1.194333e+02 
1.194333e+02 
1.194333e+02 
1.194333e+02 
1.194333e+02 
1.194333e+02 
1.194333e+02 
1.194333e+02 
1.194333e+02 
1.194333e+02 
1.194333e+02 
1.194333e+02 
1.194333e+02 
1.194333e+02 
1.194333e+02 
1.194333e+02 
1.194333e+02 
1.194333e+02 
1.194333e+02 
1.194333e+02 
1.194333e+02 
1.194333e+02 
1.194333e+02 
1.194333e+02 
1.194333e+02 
1.194333e+02 
1.194333e+02 
1.194333e+02 
1.194333e+02 
1.194333e+02 
1.194333e+02 
1.194333e+02 
1.194333e+02 
1.194333e+02 
1.194333e+02 
1.194333e+02 
1.194333e+02 
1.194333e+02 
1.194333e+02 
1.194333e+02 
1.194333e+02 
1.194333e+02 
1.194333e+02 
1.194333e+02 
1.194333e+02 
1.194333e+02 
1.194333e+02 
1.194333e+02 
1.194333e+02 
1.194333e+02 
1.194333e+02 
1.194333e+02 
1.194333e+02 
1.194333e+02 
1.194333e+02 
1.194333e+02 
1.194333e+02 
1.194333e+02 
1.194333e+02 
1.194333e+02 
1.194333e+02 
1.194333e+02 
1.194333e+02 
1.194333e+02 
1.194333e+02 
1.194333e+02 
1.194333e+02 
1.194333e+02 
1.194333e+02 
1.194333e+02 
1.194333e+02 
1.194333e+02 
1.194333e+02 
1.194333e+02 
1.194333e+02 
1.194333e+02 
1.194333e+02 
1.194333e+02 
1.194333e+02 
1.194333e+02 
1.194333e+02 
1.194333e+02 
1.194333e+02 
1.194333e+02 
1.194333e+02 
1.194333e+02 
1.194333e+02 
1.194333e+02 
1.194333e+02 
1.194333e+02 
1.194333e+02 
1.194333e+02 
1.194333e+02 
1.194333e+02 
1.194333e+02 
1.194333e+02 
1.194333e+02 
1.194333e+02 
1.194333e+02 
1.194333e+02 
1.194333e+02 
1.194333e+02 
1.194333e+02 
1.194333e+02 
1.194333e+02 
1.194333e+02 
1.194333e+02 
1.194333e+02 
1.194333e+02 
1.194333e+02 
1.194333e+02 
1.194333e+02 
1.194333e+02 
1.194333e+02 
1.194333e+02 
1.194333e+02 
1.194333e+02 
1.194333e+02 
1.194333e+02 
1.194333e+02 
1.194333e+02 
1.194333e+02 
1.194333e+02 
1.194333e+02 
1.194333e+02 
1.194333e+02 
1.194333e+02 
1.194333e+02 
1.194333e+02 
1.194333e+02 
1.194333e+02 
1.194333e+02 
1.194333e+02 
1.194333e+02 
1.194333e+02 
1.194333e+02 
1.194333e+02 
1.194333e+02 
1.194333e+02 
1.194333e+02 
1.194333e+02 
1.194333e+02 
1.194333e+02 
1.194333e+02 
1.194333e+02 
1.194333e+02 
1.194333e+02 
1.194333e+02 
1.194333e+02 
1.194333e+02 
1.194333e+02 
1.194333e+02 
1.194333e+02 
1.194333e+02 
1.194333e+02 
1.194333e+02 
1.194333e+02 
1.194333e+02 
1.194333e+02 
1.194333e+02 
1.194333e+02 
1.194333e+02 
1.194333e+02 
1.194333e+02 
1.194333e+02 
1.194333e+02 
1.194333e+02 
1.194333e+02 
1.194333e+02 
1.194333e+02 
1.194333e+02 
1.194333e+02 
1.194333e+02 
1.194333e+02 
1.194333e+02 
1.194333e+02 
1.194333e+02 
1.194333e+02 
1.194333e+02 
1.194333e+02 
1.194333e+02 
1.194333e+02 
1.194333e+02 
1.194333e+02 
1.194333e+02 
1.194333e+02 
1.194333e+02 
1.194333e+02 
1.194333e+02 
1.194333e+02 
1.194333e+02 
1.194333e+02 
1.194333e+02 
1.194333e+02 
1.194333e+02 
1.194333e+02 
1.194333e+02 
1.194333e+02 
1.194333e+02 
1.194333e+02 
1.194333e+02 
1.194333e+02 
1.194333e+02 
1.194333e+02 
1.194333e+02 
1.194333e+02 
1.194333e+02 
1.194333e+02 
1.194333e+02 
1.194333e+02 
1.194333e+02 
1.194333e+02 
1.194333e+02 
1.194333e+02 
1.194333e+02 
1.194333e+02 
1.194333e+02 
1.194333e+02 
1.194333e+02 
1.194333e+02 
1.194333e+02 
1.194333e+02 
1.194333e+02 
1.194333e+02 
1.194333e+02 
1.194333e+02 
1.194333e+02 
1.194333e+02 
1.194333e+02 
1.194333e+02 
1.194333e+02 
1.194333e+02 
1.194333e+02 
1.194333e+02 
1.194333e+02 
1.194333e+02 
1.194333e+02 
1.194333e+02 
1.194333e+02 
1.194333e+02 
1.194333e+02 
1.194333e+02 
1.194333e+02 
1.194333e+02 
1.194333e+02 
1.194333e+02 
1.194333e+02 
1.194333e+02 
1.194333e+02 
1.194333e+02 
1.194333e+02 
1.194333e+02 
1.194333e+02 
1.194333e+02 
1.194333e+02 
1.194333e+02 
1.194333e+02 
1.194333e+02 
1.194333e+02 
1.194333e+02 
1.194333e+02 
1.194333e+02 
1.194333e+02 
1.194333e+02 
1.194333e+02 
1.194333e+02 
1.194333e+02 
1.194333e+02 
1.194333e+02 
1.194333e+02 
1.194333e+02 
1.194333e+02 
1.194333e+02 
1.194333e+02 
1.194333e+02 
1.194333e+02 
1.194333e+02 
1.194333e+02 
1.194333e+02 
1.194333e+02 
1.194333e+02 
1.194333e+02 
1.194333e+02 
1.194333e+02 
1.194333e+02 
1.194333e+02 
1.194333e+02 
1.194333e+02 
1.194333e+02 
1.194333e+02 
1.194333e+02 
1.194333e+02 
1.194333e+02 
1.194333e+02 
1.194333e+02 
1.194333e+02 
1.194333e+02 
1.194333e+02 
1.194333e+02 
1.194333e+02 
1.194333e+02 
1.194333e+02 
1.194333e+02 
1.194333e+02 
1.194333e+02 
1.194333e+02 
1.194333e+02 
1.194333e+02 
1.194333e+02 
1.194333e+02 
1.194333e+02 
1.194333e+02 
1.194333e+02 
1.194333e+02 
1.194333e+02 
1.194333e+02 
1.194333e+02 
1.194333e+02 
1.194333e+02 
1.194333e+02 
1.194333e+02 
1.194333e+02 
1.194333e+02 
1.194333e+02 
1.194333e+02 
1.194333e+02 
1.194333e+02 
1.194333e+02 
1.194333e+02 
1.194333e+02 
1.194333e+02 
1.194333e+02 
1.194333e+02 
1.194333e+02 
1.194333e+02 
1.194333e+02 
1.194333e+02 
1.194333e+02 
1.194333e+02 
1.194333e+02 
1.194333e+02 
1.194333e+02 
1.194333e+02 
1.194333e+02 
1.194333e+02 
1.194333e+02 
1.194333e+02 
1.194333e+02 
1.194333e+02 
1.194333e+02 
1.194333e+02 
1.194333e+02 
1.194333e+02 
1.194333e+02 
1.194333e+02 
1.194333e+02 
1.194333e+02 
1.194333e+02 
1.194333e+02 
1.194333e+02 
1.194333e+02 
1.194333e+02 
1.194333e+02 
1.194333e+02 
1.194333e+02 
1.194333e+02 
1.194333e+02 
1.194333e+02 
1.194333e+02 
1.194333e+02 
1.194333e+02 
1.194333e+02 
1.194333e+02 
1.194333e+02 
1.194333e+02 
1.194333e+02 
1.194333e+02 
1.194333e+02 
1.194333e+02 
1.194333e+02 
1.194333e+02 
1.194333e+02 
1.194333e+02 
1.194333e+02 
1.194333e+02 
1.194333e+02 
1.194333e+02 
1.194333e+02 
1.194333e+02 
1.194333e+02 
1.194333e+02 
1.194333e+02 
1.194333e+02 
1.194333e+02 
1.194333e+02 
1.194333e+02 
1.194333e+02 
1.194333e+02 
1.194333e+02 
1.194333e+02 
1.194333e+02 
1.194333e+02 
1.194333e+02 
1.194333e+02 
1.194333e+02 
1.194333e+02 
1.194333e+02 
1.194333e+02 
1.194333e+02 
1.194333e+02 
1.194333e+02 
1.194333e+02 
1.194333e+02 
1.194333e+02 
1.194333e+02 
1.194333e+02 
1.194333e+02 
1.194333e+02 
1.194333e+02 
1.194333e+02 
1.194333e+02 
1.194333e+02 
1.194333e+02 
1.194333e+02 
1.194333e+02 
1.194333e+02 
1.194333e+02 
1.194333e+02 
1.194333e+02 
1.194333e+02 
1.194333e+02 
1.194333e+02 
1.194333e+02 
1.194333e+02 
1.194333e+02 
1.194333e+02 
1.194333e+02 
1.194333e+02 
1.194333e+02 
1.194333e+02 
1.194333e+02 
1.194333e+02 
1.194333e+02 
1.194333e+02 
1.194333e+02 
1.194333e+02 
1.194333e+02 
1.194333e+02 
1.194333e+02 
1.194333e+02 
1.194333e+02 
1.194333e+02 
1.194333e+02 
1.194333e+02 
1.194333e+02 
1.194333e+02 
1.194333e+02 
1.194333e+02 
1.194333e+02 
1.194333e+02 
1.194333e+02 
1.194333e+02 
1.194333e+02 
1.194333e+02 
1.194333e+02 
1.194333e+02 
1.194333e+02 
1.194333e+02 
1.194333e+02 
1.194333e+02 
1.194333e+02 
1.194333e+02 
1.194333e+02 
1.194333e+02 
1.194333e+02 
1.194333e+02 
1.194333e+02 
1.194333e+02 
1.194333e+02 
1.194333e+02 
1.194333e+02 
1.194333e+02 
1.194333e+02 
1.194333e+02 
1.194333e+02 
1.194333e+02 
1.194333e+02 
1.194333e+02 
1.194333e+02 
1.194333e+02 
1.194333e+02 
1.194333e+02 
1.194333e+02 
1.194333e+02 
1.194333e+02 
1.194333e+02 
1.194333e+02 
1.194333e+02 
1.194333e+02 
1.194333e+02 
1.194333e+02 
1.194333e+02 
1.194333e+02 
1.194333e+02 
1.194333e+02 
1.194333e+02 
1.194333e+02 
1.194333e+02 
1.194333e+02 
1.194333e+02 
1.194333e+02 
1.194333e+02 
1.194333e+02 
1.194333e+02 
1.194333e+02 
1.194333e+02 
1.194333e+02 
1.194333e+02 
1.194333e+02 
1.194333e+02 
1.194333e+02 
1.194333e+02 
1.194333e+02 
1.194333e+02 
1.194333e+02 
1.194333e+02 
1.194333e+02 
1.194333e+02 
1.194333e+02 
1.194333e+02 
1.194333e+02 
1.194333e+02 
1.194333e+02 
1.194333e+02 
1.194333e+02 
1.194333e+02 
1.194333e+02 
1.194333e+02 
1.194333e+02 
1.194333e+02 
1.194333e+02 
1.194333e+02 
1.194333e+02 
1.194333e+02 
1.194333e+02 
1.194333e+02 
1.194333e+02 
1.194333e+02 
1.194333e+02 
1.194333e+02 
1.194333e+02 
1.194333e+02 
1.194333e+02 
1.194333e+02 
1.194333e+02 
1.194333e+02 
1.194333e+02 
1.194333e+02 
1.194333e+02 
1.194333e+02 
1.194333e+02 
1.194333e+02 
1.194333e+02 
1.194333e+02 
1.194333e+02 
1.194333e+02 
1.194333e+02 
1.194333e+02 
1.194333e+02 
1.194333e+02 
1.194333e+02 
1.194333e+02 
1.194333e+02 
1.194333e+02 
1.194333e+02 
1.194333e+02 
1.194333e+02 
1.194333e+02 
1.194333e+02 
1.194333e+02 
1.194333e+02 
1.194333e+02 
1.194333e+02 
1.194333e+02 
1.194333e+02 
1.194333e+02 
1.194333e+02 
1.194333e+02 
1.194333e+02 
1.194333e+02 
1.194333e+02 
1.194333e+02 
1.194333e+02 
1.194333e+02 
1.194333e+02 
1.194333e+02 
1.194333e+02 
1.194333e+02 
1.194333e+02 
1.194333e+02 
1.194333e+02 
1.194333e+02 
1.194333e+02 
1.194333e+02 
1.194333e+02 
1.194333e+02 
1.194333e+02 
1.194333e+02 
1.194333e+02 
1.194333e+02 
1.194333e+02 
1.194333e+02 
1.194333e+02 
1.194333e+02 
1.194333e+02 
1.194333e+02 
1.194333e+02 
1.194333e+02 
1.194333e+02 
1.194333e+02 
1.194333e+02 
1.194333e+02 
1.194333e+02 
1.194333e+02 
1.194333e+02 
1.194333e+02 
1.194333e+02 
1.194333e+02 
1.194333e+02 
1.194333e+02 
1.194333e+02 
1.194333e+02 
1.194333e+02 
1.194333e+02 
1.194333e+02 
1.194333e+02 
1.194333e+02 
1.194333e+02 
1.194333e+02 
1.194333e+02 
1.194333e+02 
1.194333e+02 
1.194333e+02 
1.194333e+02 
1.194333e+02 
1.194333e+02 
1.194333e+02 
1.194333e+02 
1.194333e+02 
1.194333e+02 
1.194333e+02 
1.194333e+02 
1.194333e+02 
1.194333e+02 
1.194333e+02 
1.194333e+02 
1.194333e+02 
1.194333e+02 
1.194333e+02 
1.194333e+02 
1.194333e+02 
1.194333e+02 
1.194333e+02 
1.194333e+02 
1.194333e+02 
1.194333e+02 
1.194333e+02 
1.194333e+02 
1.194333e+02 
1.194333e+02 
1.194333e+02 
1.194333e+02 
1.194333e+02 
1.194333e+02 
1.194333e+02 
1.194333e+02 
1.194333e+02 
1.194333e+02 
1.194333e+02 
1.194333e+02 
1.194333e+02 
1.194333e+02 
1.194333e+02 
1.194333e+02 
1.194333e+02 
1.194333e+02 
1.194333e+02 
1.194333e+02 
1.194333e+02 
1.194333e+02 
1.194333e+02 
1.194333e+02 
1.194333e+02 
1.194333e+02 
1.194333e+02 
1.194333e+02 
1.194333e+02 
1.194333e+02 
1.194333e+02 
1.194333e+02 
1.194333e+02 
1.194333e+02 
1.194333e+02 
1.194333e+02 
1.194333e+02 
1.194333e+02 
1.194333e+02 
1.194333e+02 
1.194333e+02 
1.194333e+02 
1.194333e+02 
1.194333e+02 
1.194333e+02 
1.194333e+02 
1.194333e+02 
1.194333e+02 
1.194333e+02 
1.194333e+02 
1.194333e+02 
1.194333e+02 
1.194333e+02 
1.194333e+02 
1.194333e+02 
1.194333e+02 
1.194333e+02 
1.194333e+02 
1.194333e+02 
1.194333e+02 
1.194333e+02 
1.194333e+02 
1.194333e+02 
1.194333e+02 
1.194333e+02 
1.194333e+02 
1.194333e+02 
1.194333e+02 
1.194333e+02 
1.194333e+02 
1.194333e+02 
1.194333e+02 
1.194333e+02 
1.194333e+02 
1.194333e+02 
1.194333e+02 
1.194333e+02 
1.194333e+02 
1.194333e+02 
1.194333e+02 
1.194333e+02 
1.194333e+02 
1.194333e+02 
1.194333e+02 
1.194333e+02 
1.194333e+02 
1.194333e+02 
1.194333e+02 
1.194333e+02 
1.194333e+02 
1.194333e+02 
1.194333e+02 
1.194333e+02 
1.194333e+02 
1.194333e+02 
1.194333e+02 
1.194333e+02 
1.194333e+02 
1.194333e+02 
1.194333e+02 
1.194333e+02 
1.194333e+02 
1.194333e+02 
1.194333e+02 
1.194333e+02 
1.194333e+02 
1.194333e+02 
1.194333e+02 
1.194333e+02 
1.194333e+02 
1.194333e+02 
1.194333e+02 
1.194333e+02 
1.194333e+02 
1.194333e+02 
1.194333e+02 
1.194333e+02 
1.194333e+02 
1.194333e+02 
1.194333e+02 
1.194333e+02 
1.194333e+02 
1.194333e+02 
1.194333e+02 
1.194333e+02 
1.194333e+02 
1.194333e+02 
1.194333e+02 
1.194333e+02 
1.194333e+02 
1.194333e+02 
1.194333e+02 
1.194333e+02 
1.194333e+02 
1.194333e+02 
1.194333e+02 
1.194333e+02 
1.194333e+02 
1.194333e+02 
1.194333e+02 
1.194333e+02 
1.194333e+02 
1.194333e+02 
1.194333e+02 
1.194333e+02 
1.194333e+02 
1.194333e+02 
1.194333e+02 
1.194333e+02 
1.194333e+02 
1.194333e+02 
1.194333e+02 
1.194333e+02 
1.194333e+02 
1.194333e+02 
1.194333e+02 
1.194333e+02 
1.194333e+02 
1.194333e+02 
1.194333e+02 
1.194333e+02 
1.194333e+02 
1.194333e+02 
1.194333e+02 
1.194333e+02 
1.194333e+02 
1.194333e+02 
1.194333e+02 
1.194333e+02 
1.194333e+02 
1.194333e+02 
1.194333e+02 
1.194333e+02 
1.194333e+02 
1.194333e+02 
1.194333e+02 
1.194333e+02 
1.194333e+02 
1.194333e+02 
1.194333e+02 
1.194333e+02 
1.194333e+02 
1.194333e+02 
1.194333e+02 
1.194333e+02 
1.194333e+02 
1.194333e+02 
1.194333e+02 
1.194333e+02 
1.194333e+02 
1.194333e+02 
1.194333e+02 
1.194333e+02 
1.194333e+02 
1.194333e+02 
1.194333e+02 
1.194333e+02 
1.194333e+02 
1.194333e+02 
1.194333e+02 
1.194333e+02 
1.194333e+02 
1.194333e+02 
1.194333e+02 
1.194333e+02 
1.194333e+02 
1.194333e+02 
1.194333e+02 
1.194333e+02 
1.194333e+02 
1.194333e+02 
1.194333e+02 
1.194333e+02 
1.194333e+02 
1.194333e+02 
1.194333e+02 
1.194333e+02 
1.194333e+02 
1.194333e+02 
1.194333e+02 
1.194333e+02 
1.194333e+02 
1.194333e+02 
1.194333e+02 
1.194333e+02 
1.194333e+02 
1.194333e+02 
1.194333e+02 
1.194333e+02 
1.194333e+02 
1.194333e+02 
1.194333e+02 
1.194333e+02 
1.194333e+02 
1.194333e+02 
1.194333e+02 
1.194333e+02 
1.194333e+02 
1.194333e+02 
1.194333e+02 
1.194333e+02 
1.194333e+02 
1.194333e+02 
1.194333e+02 
1.194333e+02 
1.194333e+02 
1.194333e+02 
1.194333e+02 
1.194333e+02 
1.194333e+02 
1.194333e+02 
1.194333e+02 
1.194333e+02 
1.194333e+02 
1.194333e+02 
1.194333e+02 
1.194333e+02 
1.194333e+02 
1.194333e+02 
1.194333e+02 
1.194333e+02 
1.194333e+02 
1.194333e+02 
1.194333e+02 
1.194333e+02 
1.194333e+02 
1.194333e+02 
1.194333e+02 
1.194333e+02 
1.194333e+02 
1.194333e+02 
1.194333e+02 
1.194333e+02 
1.194333e+02 
1.194333e+02 
1.194333e+02 
1.194333e+02 
1.194333e+02 
1.194333e+02 
1.194333e+02 
1.194333e+02 
1.194333e+02 
1.194333e+02 
1.194333e+02 
1.194333e+02 
1.194333e+02 
1.194333e+02 
1.194333e+02 
1.194333e+02 
1.194333e+02 
1.194333e+02 
1.194333e+02 
1.194333e+02 
1.194333e+02 
1.194333e+02 
1.194333e+02 
1.194333e+02 
1.194333e+02 
1.194333e+02 
1.194333e+02 
1.194333e+02 
1.194333e+02 
1.194333e+02 
1.194333e+02 
1.194333e+02 
1.194333e+02 
1.194333e+02 
1.194333e+02 
1.194333e+02 
1.194333e+02 
1.194333e+02 
1.194333e+02 
1.194333e+02 
1.194333e+02 
1.194333e+02 
1.194333e+02 
1.194333e+02 
1.194333e+02 
1.194333e+02 
1.194333e+02 
1.194333e+02 
1.194333e+02 
1.194333e+02 
1.194333e+02 
1.194333e+02 
1.194333e+02 
1.194333e+02 
1.194333e+02 
1.194333e+02 
1.194333e+02 
1.194333e+02 
1.194333e+02 
1.194333e+02 
1.194333e+02 
1.194333e+02 
1.194333e+02 
1.194333e+02 
1.194333e+02 
1.194333e+02 
1.194333e+02 
1.194333e+02 
1.194333e+02 
1.194333e+02 
1.194333e+02 
1.194333e+02 
1.194333e+02 
1.194333e+02 
1.194333e+02 
1.194333e+02 
1.194333e+02 
1.194333e+02 
1.194333e+02 
1.194333e+02 
1.194333e+02 
1.194333e+02 
1.194333e+02 
1.194333e+02 
1.194333e+02 
1.194333e+02 
1.194333e+02 
1.194333e+02 
1.194333e+02 
1.194333e+02 
1.194333e+02 
1.194333e+02 
1.194333e+02 
1.194333e+02 
1.194333e+02 
1.194333e+02 
1.194333e+02 
1.194333e+02 
1.194333e+02 
1.194333e+02 
1.194333e+02 
1.194333e+02 
1.194333e+02 
1.194333e+02 
1.194333e+02 
1.194333e+02 
1.194333e+02 
1.194333e+02 
1.194333e+02 
1.194333e+02 
1.194333e+02 
1.194333e+02 
1.194333e+02 
1.194333e+02 
1.194333e+02 
1.194333e+02 
1.194333e+02 
1.194333e+02 
1.194333e+02 
1.194333e+02 
1.194333e+02 
1.194333e+02 
1.194333e+02 
1.194333e+02 
1.194333e+02 
1.194333e+02 
1.194333e+02 
1.194333e+02 
1.194333e+02 
1.194333e+02 
1.194333e+02 
1.194333e+02 
1.194333e+02 
1.194333e+02 
1.194333e+02 
1.194333e+02 
1.194333e+02 
1.194333e+02 
1.194333e+02 
1.194333e+02 
1.194333e+02 
1.194333e+02 
1.194333e+02 
1.194333e+02 
1.194333e+02 
1.194333e+02 
1.194333e+02 
1.194333e+02 
1.194333e+02 
1.194333e+02 
1.194333e+02 
1.194333e+02 
1.194333e+02 
1.194333e+02 
1.194333e+02 
1.194333e+02 
1.194333e+02 
1.194333e+02 
1.194333e+02 
1.194333e+02 
1.194333e+02 
1.194333e+02 
1.194333e+02 
1.194333e+02 
1.194333e+02 
1.194333e+02 
1.194333e+02 
1.194333e+02 
1.194333e+02 
1.194333e+02 
1.194333e+02 
1.194333e+02 
1.194333e+02 
1.194333e+02 
1.194333e+02 
1.194333e+02 
1.194333e+02 
1.194333e+02 
1.194333e+02 
1.194333e+02 
1.194333e+02 
1.194333e+02 
1.194333e+02 
1.194333e+02 
1.194333e+02 
1.194333e+02 
1.194333e+02 
1.194333e+02 
1.194333e+02 
1.194333e+02 
1.194333e+02 
1.194333e+02 
1.194333e+02 
1.194333e+02 
1.194333e+02 
1.194333e+02 
1.194333e+02 
1.194333e+02 
1.194333e+02 
1.194333e+02 
1.194333e+02 
1.194333e+02 
1.194333e+02 
1.194333e+02 
1.194333e+02 
1.194333e+02 
1.194333e+02 
1.194333e+02 
1.194333e+02 
1.194333e+02 
1.194333e+02 
1.194333e+02 
1.194333e+02 
1.194333e+02 
1.194333e+02 
1.194333e+02 
1.194333e+02 
1.194333e+02 
1.194333e+02 
1.194333e+02 
1.194333e+02 
1.194333e+02 
1.194333e+02 
1.194333e+02 
1.194333e+02 
1.194333e+02 
1.194333e+02 
1.194333e+02 
1.194333e+02 
1.194333e+02 
1.194333e+02 
1.194333e+02 
1.194333e+02 
1.194333e+02 
1.194333e+02 
1.194333e+02 
1.194333e+02 
1.194333e+02 
1.194333e+02 
1.194333e+02 
1.194333e+02 
1.194333e+02 
1.194333e+02 
1.194333e+02 
1.194333e+02 
1.194333e+02 
1.194333e+02 
1.194333e+02 
1.194333e+02 
1.194333e+02 
1.194333e+02 
1.194333e+02 
1.194333e+02 
1.194333e+02 
1.194333e+02 
1.194333e+02 
1.194333e+02 
1.194333e+02 
1.194333e+02 
1.194333e+02 
1.194333e+02 
1.194333e+02 
1.194333e+02 
1.194333e+02 
1.194333e+02 
1.194333e+02 
1.194333e+02 
1.194333e+02 
1.194333e+02 
1.194333e+02 
1.194333e+02 
1.194333e+02 
1.194333e+02 
1.194333e+02 
1.194333e+02 
1.194333e+02 
1.194333e+02 
1.194333e+02 
1.194333e+02 
1.194333e+02 
1.194333e+02 
1.194333e+02 
1.194333e+02 
1.194333e+02 
1.194333e+02 
1.194333e+02 
1.194333e+02 
1.194333e+02 
1.194333e+02 
1.194333e+02 
1.194333e+02 
1.194333e+02 
1.194333e+02 
1.194333e+02 
1.194333e+02 
1.194333e+02 
1.194333e+02 
1.194333e+02 
1.194333e+02 
1.194333e+02 
1.194333e+02 
1.194333e+02 
1.194333e+02 
1.194333e+02 
1.194333e+02 
1.194333e+02 
1.194333e+02 
1.194333e+02 
1.194333e+02 
1.194333e+02 
1.194333e+02 
1.194333e+02 
1.194333e+02 
1.194333e+02 
1.194333e+02 
1.194333e+02 
1.194333e+02 
1.194333e+02 
1.194333e+02 
1.194333e+02 
1.194333e+02 
1.194333e+02 
1.194333e+02 
1.194333e+02 
1.194333e+02 
1.194333e+02 
1.194333e+02 
1.194333e+02 
1.194333e+02 
1.194333e+02 
1.194333e+02 
1.194333e+02 
1.194333e+02 
1.194333e+02 
1.194333e+02 
1.194333e+02 
1.194333e+02 
1.194333e+02 
1.194333e+02 
1.194333e+02 
1.194333e+02 
1.194333e+02 
1.194333e+02 
1.194333e+02 
1.194333e+02 
1.194333e+02 
1.194333e+02 
1.194333e+02 
1.194333e+02 
1.194333e+02 
1.194333e+02 
1.194333e+02 
1.194333e+02 
1.194333e+02 
1.194333e+02 
1.194333e+02 
1.194333e+02 
1.194333e+02 
1.194333e+02 
1.194333e+02 
1.194333e+02 
1.194333e+02 
1.194333e+02 
1.194333e+02 
1.194333e+02 
1.194333e+02 
1.194333e+02 
1.194333e+02 
1.194333e+02 
1.194333e+02 
1.194333e+02 
1.194333e+02 
1.194333e+02 
1.194333e+02 
1.194333e+02 
1.194333e+02 
1.194333e+02 
1.194333e+02 
1.194333e+02 
1.194333e+02 
1.194333e+02 
1.194333e+02 
1.194333e+02 
1.194333e+02 
1.194333e+02 
1.194333e+02 
1.194333e+02 
1.194333e+02 
1.194333e+02 
1.194333e+02 
1.194333e+02 
1.194333e+02 
1.194333e+02 
1.194333e+02 
1.194333e+02 
1.194333e+02 
1.194333e+02 
1.194333e+02 
1.194333e+02 
1.194333e+02 
1.194333e+02 
1.194333e+02 
1.194333e+02 
1.194333e+02 
1.194333e+02 
1.194333e+02 
1.194333e+02 
1.194333e+02 
1.194333e+02 
1.194333e+02 
1.194333e+02 
1.194333e+02 
1.194333e+02 
1.194333e+02 
1.194333e+02 
1.194333e+02 
1.194333e+02 
1.194333e+02 
1.194333e+02 
1.194333e+02 
1.194333e+02 
1.194333e+02 
1.194333e+02 
1.194333e+02 
1.194333e+02 
1.194333e+02 
1.194333e+02 
1.194333e+02 
1.194333e+02 
1.194333e+02 
1.194333e+02 
1.194333e+02 
1.194333e+02 
1.194333e+02 
1.194333e+02 
1.194333e+02 
1.194333e+02 
1.194333e+02 
1.194333e+02 
1.194333e+02 
1.194333e+02 
1.194333e+02 
1.194333e+02 
1.194333e+02 
1.194333e+02 
1.194333e+02 
1.194333e+02 
1.194333e+02 
1.194333e+02 
1.194333e+02 
1.194333e+02 
1.194333e+02 
1.194333e+02 
1.194333e+02 
1.194333e+02 
1.194333e+02 
1.194333e+02 
1.194333e+02 
1.194333e+02 
1.194333e+02 
1.194333e+02 
1.194333e+02 
1.194333e+02 
1.194333e+02 
1.194333e+02 
1.194333e+02 
1.194333e+02 
1.194333e+02 
1.194333e+02 
1.194333e+02 
1.194333e+02 
1.194333e+02 
1.194333e+02 
1.194333e+02 
1.194333e+02 
1.194333e+02 
1.194333e+02 
1.194333e+02 
1.194333e+02 
1.194333e+02 
1.194333e+02 
1.194333e+02 
1.194333e+02 
1.194333e+02 
1.194333e+02 
1.194333e+02 
1.194333e+02 
1.194333e+02 
1.194333e+02 
1.194333e+02 
1.194333e+02 
1.194333e+02 
1.194333e+02 
1.194333e+02 
1.194333e+02 
1.194333e+02 
1.194333e+02 
1.194333e+02 
1.194333e+02 
1.194333e+02 
1.194333e+02 
1.194333e+02 
1.194333e+02 
1.194333e+02 
1.194333e+02 
1.194333e+02 
1.194333e+02 
1.194333e+02 
1.194333e+02 
1.194333e+02 
1.194333e+02 
1.194333e+02 
1.194333e+02 
1.194333e+02 
1.194333e+02 
1.194333e+02 
1.194333e+02 
1.194333e+02 
1.194333e+02 
1.194333e+02 
1.194333e+02 
1.194333e+02 
1.194333e+02 
1.194333e+02 
1.194333e+02 
1.194333e+02 
1.194333e+02 
1.194333e+02 
1.194333e+02 
1.194333e+02 
1.194333e+02 
1.194333e+02 
1.194333e+02 
1.194333e+02 
1.194333e+02 
1.194333e+02 
1.194333e+02 
1.194333e+02 
1.194333e+02 
1.194333e+02 
1.194333e+02 
1.194333e+02 
1.194333e+02 
1.194333e+02 
1.194333e+02 
1.194333e+02 
1.194333e+02 
1.194333e+02 
1.194333e+02 
1.194333e+02 
1.194333e+02 
1.194333e+02 
1.194333e+02 
1.194333e+02 
1.194333e+02 
1.194333e+02 
1.194333e+02 
1.194333e+02 
1.194333e+02 
1.194333e+02 
1.194333e+02 
1.194333e+02 
1.194333e+02 
1.194333e+02 
1.194333e+02 
1.194333e+02 
1.194333e+02 
1.194333e+02 
1.194333e+02 
1.194333e+02 
1.194333e+02 
1.194333e+02 
1.194333e+02 
1.194333e+02 
1.194333e+02 
1.194333e+02 
1.194333e+02 
1.194333e+02 
1.194333e+02 
1.194333e+02 
1.194333e+02 
1.194333e+02 
1.194333e+02 
1.194333e+02 
1.194333e+02 
1.194333e+02 
1.194333e+02 
1.194333e+02 
1.194333e+02 
1.194333e+02 
1.194333e+02 
1.194333e+02 
1.194333e+02 
1.194333e+02 
1.194333e+02 
1.194333e+02 
1.194333e+02 
1.194333e+02 
1.194333e+02 
1.194333e+02 
1.194333e+02 
1.194333e+02 
1.194333e+02 
1.194333e+02 
1.194333e+02 
1.194333e+02 
1.194333e+02 
1.194333e+02 
1.194333e+02 
1.194333e+02 
1.194333e+02 
1.194333e+02 
1.194333e+02 
1.194333e+02 
1.194333e+02 
1.194333e+02 
1.194333e+02 
1.194333e+02 
1.194333e+02 
1.194333e+02 
1.194333e+02 
1.194333e+02 
1.194333e+02 
1.194333e+02 
1.194333e+02 
1.194333e+02 
1.194333e+02 
1.194333e+02 
1.194333e+02 
1.194333e+02 
1.194333e+02 
1.194333e+02 
1.194333e+02 
1.194333e+02 
1.194333e+02 
1.194333e+02 
1.194333e+02 
1.194333e+02 
1.194333e+02 
1.194333e+02 
1.194333e+02 
1.194333e+02 
1.194333e+02 
1.194333e+02 
1.194333e+02 
1.194333e+02 
1.194333e+02 
1.194333e+02 
1.194333e+02 
1.194333e+02 
1.194333e+02 
1.194333e+02 
1.194333e+02 
1.194333e+02 
1.194333e+02 
1.194333e+02 
1.194333e+02 
1.194333e+02 
1.194333e+02 
1.194333e+02 
1.194333e+02 
1.194333e+02 
1.194333e+02 
1.194333e+02 
1.194333e+02 
1.194333e+02 
1.194333e+02 
1.194333e+02 
1.194333e+02 
1.194333e+02 
1.194333e+02 
1.194333e+02 
1.194333e+02 
1.194333e+02 
1.194333e+02 
1.194333e+02 
1.194333e+02 
1.194333e+02 
1.194333e+02 
1.194333e+02 
1.194333e+02 
1.194333e+02 
1.194333e+02 
1.194333e+02 
1.194333e+02 
1.194333e+02 
1.194333e+02 
1.194333e+02 
1.194333e+02 
1.194333e+02 
1.194333e+02 
1.194333e+02 
1.194333e+02 
1.194333e+02 
1.194333e+02 
1.194333e+02 
1.194333e+02 
1.194333e+02 
1.194333e+02 
1.194333e+02 
1.194333e+02 
1.194333e+02 
1.194333e+02 
1.194333e+02 
1.194333e+02 
1.194333e+02 
1.194333e+02 
1.194333e+02 
1.194333e+02 
1.194333e+02 
1.194333e+02 
1.194333e+02 
1.194333e+02 
1.194333e+02 
1.194333e+02 
1.194333e+02 
1.194333e+02 
1.194333e+02 
1.194333e+02 
1.194333e+02 
1.194333e+02 
1.194333e+02 
1.194333e+02 
1.194333e+02 
1.194333e+02 
1.194333e+02 
1.194333e+02 
1.194333e+02 
1.194333e+02 
1.194333e+02 
1.194333e+02 
1.194333e+02 
1.194333e+02 
1.194333e+02 
1.194333e+02 
1.194333e+02 
1.194333e+02 
1.194333e+02 
1.194333e+02 
1.194333e+02 
1.194333e+02 
1.194333e+02 
1.194333e+02 
1.194333e+02 
1.194333e+02 
1.194333e+02 
1.194333e+02 
1.194333e+02 
1.194333e+02 
1.194333e+02 
1.194333e+02 
1.194333e+02 
1.194333e+02 
1.194333e+02 
1.194333e+02 
1.194333e+02 
1.194333e+02 
1.194333e+02 
1.194333e+02 
1.194333e+02 
1.194333e+02 
1.194333e+02 
1.194333e+02 
1.194333e+02 
1.194333e+02 
1.194333e+02 
1.194333e+02 
1.194333e+02 
1.194333e+02 
1.194333e+02 
1.194333e+02 
1.194333e+02 
1.194333e+02 
1.194333e+02 
1.194333e+02 
1.194333e+02 
1.194333e+02 
1.194333e+02 
1.194333e+02 
1.194333e+02 
1.194333e+02 
1.194333e+02 
1.194333e+02 
1.194333e+02 
1.194333e+02 
1.194333e+02 
1.194333e+02 
1.194333e+02 
1.194333e+02 
1.194333e+02 
1.194333e+02 
1.194333e+02 
1.194333e+02 
1.194333e+02 
1.194333e+02 
1.194333e+02 
1.194333e+02 
1.194333e+02 
1.194333e+02 
1.194333e+02 
1.194333e+02 
1.194333e+02 
1.194333e+02 
1.194333e+02 
1.194333e+02 
1.194333e+02 
1.194333e+02 
1.194333e+02 
1.194333e+02 
1.194333e+02 
1.194333e+02 
1.194333e+02 
1.194333e+02 
1.194333e+02 
1.194333e+02 
1.194333e+02 
1.194333e+02 
1.194333e+02 
1.194333e+02 
1.194333e+02 
1.194333e+02 
1.194333e+02 
1.194333e+02 
1.194333e+02 
1.194333e+02 
1.194333e+02 
1.194333e+02 
1.194333e+02 
1.194333e+02 
1.194333e+02 
1.194333e+02 
1.194333e+02 
1.194333e+02 
1.194333e+02 
1.194333e+02 
1.194333e+02 
1.194333e+02 
1.194333e+02 
1.194333e+02 
1.194333e+02 
1.194333e+02 
1.194333e+02 
1.194333e+02 
1.194333e+02 
1.194333e+02 
1.194333e+02 
1.194333e+02 
1.194333e+02 
1.194333e+02 
1.194333e+02 
1.194333e+02 
1.194333e+02 
1.194333e+02 
1.194333e+02 
1.194333e+02 
1.194333e+02 
1.194333e+02 
1.194333e+02 
1.194333e+02 
1.194333e+02 
1.194333e+02 
1.194333e+02 
1.194333e+02 
1.194333e+02 
1.194333e+02 
1.194333e+02 
1.194333e+02 
1.194333e+02 
1.194333e+02 
1.194333e+02 
1.194333e+02 
1.194333e+02 
1.194333e+02 
1.194333e+02 
1.194333e+02 
1.194333e+02 
1.194333e+02 
1.194333e+02 
1.194333e+02 
1.194333e+02 
1.194333e+02 
1.194333e+02 
1.194333e+02 
1.194333e+02 
1.194333e+02 
1.194333e+02 
1.194333e+02 
1.194333e+02 
1.194333e+02 
1.194333e+02 
1.194333e+02 
1.194333e+02 
1.194333e+02 
1.194333e+02 
1.194333e+02 
1.194333e+02 
1.194333e+02 
1.194333e+02 
1.194333e+02 
1.194333e+02 
1.194333e+02 
1.194333e+02 
1.194333e+02 
1.194333e+02 
1.194333e+02 
1.194333e+02 
1.194333e+02 
1.194333e+02 
1.194333e+02 
1.194333e+02 
1.194333e+02 
1.194333e+02 
1.194333e+02 
1.194333e+02 
1.194333e+02 
1.194333e+02 
1.194333e+02 
1.194333e+02 
1.194333e+02 
1.194333e+02 
1.194333e+02 
1.194333e+02 
1.194333e+02 
1.194333e+02 
1.194333e+02 
1.194333e+02 
1.194333e+02 
1.194333e+02 
1.194333e+02 
1.194333e+02 
1.194333e+02 
1.194333e+02 
1.194333e+02 
1.194333e+02 
1.194333e+02 
1.194333e+02 
1.194333e+02 
1.194333e+02 
1.194333e+02 
1.194333e+02 
1.194333e+02 
1.194333e+02 
1.194333e+02 
1.194333e+02 
1.194333e+02 
1.194333e+02 
1.194333e+02 
1.194333e+02 
1.194333e+02 
1.194333e+02 
1.194333e+02 
1.194333e+02 
1.194333e+02 
1.194333e+02 
1.194333e+02 
1.194333e+02 
1.194333e+02 
1.194333e+02 
1.194333e+02 
1.194333e+02 
1.194333e+02 
1.194333e+02 
1.194333e+02 
1.194333e+02 
1.194333e+02 
1.194333e+02 
1.194333e+02 
1.194333e+02 
1.194333e+02 
1.194333e+02 
1.194333e+02 
1.194333e+02 
1.194333e+02 
1.194333e+02 
1.194333e+02 
1.194333e+02 
1.194333e+02 
1.194333e+02 
1.194333e+02 
1.194333e+02 
1.194333e+02 
1.194333e+02 
1.194333e+02 
1.194333e+02 
1.194333e+02 
1.194333e+02 
1.194333e+02 
1.194333e+02 
1.194333e+02 
1.194333e+02 
1.194333e+02 
1.194333e+02 
1.194333e+02 
1.194333e+02 
1.194333e+02 
1.194333e+02 
1.194333e+02 
1.194333e+02 
1.194333e+02 
1.194333e+02 
1.194333e+02 
1.194333e+02 
1.194333e+02 
1.194333e+02 
1.194333e+02 
1.194333e+02 
1.194333e+02 
1.194333e+02 
1.194333e+02 
1.194333e+02 
1.194333e+02 
1.194333e+02 
1.194333e+02 
1.194333e+02 
1.194333e+02 
1.194333e+02 
1.194333e+02 
1.194333e+02 
1.194333e+02 
1.194333e+02 
1.194333e+02 
1.194333e+02 
1.194333e+02 
1.194333e+02 
1.194333e+02 
1.194333e+02 
1.194333e+02 
1.194333e+02 
1.194333e+02 
1.194333e+02 
1.194333e+02 
1.194333e+02 
1.194333e+02 
1.194333e+02 
1.194333e+02 
1.194333e+02 
1.194333e+02 
1.194333e+02 
1.194333e+02 
1.194333e+02 
1.194333e+02 
1.194333e+02 
1.194333e+02 
1.194333e+02 
1.194333e+02 
1.194333e+02 
1.194333e+02 
1.194333e+02 
1.194333e+02 
1.194333e+02 
1.194333e+02 
1.194333e+02 
1.194333e+02 
1.194333e+02 
1.194333e+02 
1.194333e+02 
1.194333e+02 
1.194333e+02 
1.194333e+02 
1.194333e+02 
1.194333e+02 
1.194333e+02 
1.194333e+02 
1.194333e+02 
1.194333e+02 
1.194333e+02 
1.194333e+02 
1.194333e+02 
1.194333e+02 
1.194333e+02 
1.194333e+02 
1.194333e+02 
1.194333e+02 
1.194333e+02 
1.194333e+02 
1.194333e+02 
1.194333e+02 
1.194333e+02 
1.194333e+02 
1.194333e+02 
1.194333e+02 
1.194333e+02 
1.194333e+02 
1.194333e+02 
1.194333e+02 
1.194333e+02 
1.194333e+02 
1.194333e+02 
1.194333e+02 
1.194333e+02 
1.194333e+02 
1.194333e+02 
1.194333e+02 
1.194333e+02 
1.194333e+02 
1.194333e+02 
1.194333e+02 
1.194333e+02 
1.194333e+02 
1.194333e+02 
1.194333e+02 
1.194333e+02 
1.194333e+02 
1.194333e+02 
1.194333e+02 
1.194333e+02 
1.194333e+02 
1.194333e+02 
1.194333e+02 
1.194333e+02 
1.194333e+02 
1.194333e+02 
1.194333e+02 
1.194333e+02 
1.194333e+02 
1.194333e+02 
1.194333e+02 
1.194333e+02 
1.194333e+02 
1.194333e+02 
1.194333e+02 
1.194333e+02 
1.194333e+02 
1.194333e+02 
1.194333e+02 
1.194333e+02 
1.194333e+02 
1.194333e+02 
1.194333e+02 
1.194333e+02 
1.194333e+02 
1.194333e+02 
1.194333e+02 
1.194333e+02 
1.194333e+02 
1.194333e+02 
1.194333e+02 
1.194333e+02 
1.194333e+02 
1.194333e+02 
1.194333e+02 
1.194333e+02 
1.194333e+02 
1.194333e+02 
1.194333e+02 
1.194333e+02 
1.194333e+02 
1.194333e+02 
1.194333e+02 
1.194333e+02 
1.194333e+02 
1.194333e+02 
1.194333e+02 
1.194333e+02 
1.194333e+02 
1.194333e+02 
1.194333e+02 
1.194333e+02 
1.194333e+02 
1.194333e+02 
1.194333e+02 
1.194333e+02 
1.194333e+02 
1.194333e+02 
1.194333e+02 
1.194333e+02 
1.194333e+02 
1.194333e+02 
1.194333e+02 
1.194333e+02 
1.194333e+02 
1.194333e+02 
1.194333e+02 
1.194333e+02 
1.194333e+02 
1.194333e+02 
1.194333e+02 
1.194333e+02 
1.194333e+02 
1.194333e+02 
1.194333e+02 
1.194333e+02 
1.194333e+02 
1.194333e+02 
1.194333e+02 
1.194333e+02 
1.194333e+02 
1.194333e+02 
1.194333e+02 
1.194333e+02 
1.194333e+02 
1.194333e+02 
1.194333e+02 
1.194333e+02 
1.194333e+02 
1.194333e+02 
1.194333e+02 
1.194333e+02 
1.194333e+02 
1.194333e+02 
1.194333e+02 
1.194333e+02 
1.194333e+02 
1.194333e+02 
1.194333e+02 
1.194333e+02 
1.194333e+02 
1.194333e+02 
1.194333e+02 
1.194333e+02 
1.194333e+02 
1.194333e+02 
1.194333e+02 
1.194333e+02 
1.194333e+02 
1.194333e+02 
1.194333e+02 
1.194333e+02 
1.194333e+02 
1.194333e+02 
1.194333e+02 
1.194333e+02 
1.194333e+02 
1.194333e+02 
1.194333e+02 
1.194333e+02 
1.194333e+02 
1.194333e+02 
1.194333e+02 
1.194333e+02 
1.194333e+02 
1.194333e+02 
1.194333e+02 
1.194333e+02 
1.194333e+02 
1.194333e+02 
1.194333e+02 
1.194333e+02 
1.194333e+02 
1.194333e+02 
1.194333e+02 
1.194333e+02 
1.194333e+02 
1.194333e+02 
1.194333e+02 
1.194333e+02 
1.194333e+02 
1.194333e+02 
1.194333e+02 
1.194333e+02 
1.194333e+02 
1.194333e+02 
1.194333e+02 
1.194333e+02 
1.194333e+02 
1.194333e+02 
1.194333e+02 
1.194333e+02 
1.194333e+02 
1.194333e+02 
1.194333e+02 
1.194333e+02 
1.194333e+02 
1.194333e+02 
1.194333e+02 
1.194333e+02 
1.194333e+02 
1.194333e+02 
1.194333e+02 
1.194333e+02 
1.194333e+02 
1.194333e+02 
1.194333e+02 
1.194333e+02 
1.194333e+02 
1.194333e+02 
1.194333e+02 
1.194333e+02 
1.194333e+02 
1.194333e+02 
1.194333e+02 
1.194333e+02 
1.194333e+02 
1.194333e+02 
1.194333e+02 
1.194333e+02 
1.194333e+02 
1.194333e+02 
1.194333e+02 
1.194333e+02 
1.194333e+02 
1.194333e+02 
1.194333e+02 
1.194333e+02 
1.194333e+02 
1.194333e+02 
1.194333e+02 
1.194333e+02 
1.194333e+02 
1.194333e+02 
1.194333e+02 
1.194333e+02 
1.194333e+02 
1.194333e+02 
1.194333e+02 
1.194333e+02 
1.194333e+02 
1.194333e+02 
1.194333e+02 
1.194333e+02 
1.194333e+02 
1.194333e+02 
1.194333e+02 
1.194333e+02 
1.194333e+02 
1.194333e+02 
1.194333e+02 
1.194333e+02 
1.194333e+02 
1.194333e+02 
1.194333e+02 
1.194333e+02 
1.194333e+02 
1.194333e+02 
1.194333e+02 
1.194333e+02 
1.194333e+02 
1.194333e+02 
1.194333e+02 
1.194333e+02 
1.194333e+02 
1.194333e+02 
1.194333e+02 
1.194333e+02 
1.194333e+02 
1.194333e+02 
1.194333e+02 
1.194333e+02 
1.194333e+02 
1.194333e+02 
1.194333e+02 
1.194333e+02 
1.194333e+02 
1.194333e+02 
1.194333e+02 
1.194333e+02 
1.194333e+02 
1.194333e+02 
1.194333e+02 
1.194333e+02 
1.194333e+02 
1.194333e+02 
1.194333e+02 
1.194333e+02 
1.194333e+02 
1.194333e+02 
1.194333e+02 
1.194333e+02 
1.194333e+02 
1.194333e+02 
1.194333e+02 
1.194333e+02 
1.194333e+02 
1.194333e+02 
1.194333e+02 
1.194333e+02 
1.194333e+02 
1.194333e+02 
1.194333e+02 
1.194333e+02 
1.194333e+02 
1.194333e+02 
1.194333e+02 
1.194333e+02 
1.194333e+02 
1.194333e+02 
1.194333e+02 
1.194333e+02 
1.194333e+02 
1.194333e+02 
1.194333e+02 
1.194333e+02 
1.194333e+02 
1.194333e+02 
1.194333e+02 
1.194333e+02 
1.194333e+02 
1.194333e+02 
1.194333e+02 
1.194333e+02 
1.194333e+02 
1.194333e+02 
1.194333e+02 
1.194333e+02 
1.194333e+02 
1.194333e+02 
1.194333e+02 
1.194333e+02 
1.194333e+02 
1.194333e+02 
1.194333e+02 
1.194333e+02 
1.194333e+02 
1.194333e+02 
1.194333e+02 
1.194333e+02 
1.194333e+02 
1.194333e+02 
1.194333e+02 
1.194333e+02 
1.194333e+02 
1.194333e+02 
1.194333e+02 
1.194333e+02 
1.194333e+02 
1.194333e+02 
1.194333e+02 
1.194333e+02 
1.194333e+02 
1.194333e+02 
1.194333e+02 
1.194333e+02 
1.194333e+02 
1.194333e+02 
1.194333e+02 
1.194333e+02 
1.194333e+02 
1.194333e+02 
1.194333e+02 
1.194333e+02 
1.194333e+02 
1.194333e+02 
1.194333e+02 
1.194333e+02 
1.194333e+02 
1.194333e+02 
1.194333e+02 
1.194333e+02 
1.194333e+02 
1.194333e+02 
1.194333e+02 
1.194333e+02 
1.194333e+02 
1.194333e+02 
1.194333e+02 
1.194333e+02 
1.194333e+02 
1.194333e+02 
1.194333e+02 
1.194333e+02 
1.194333e+02 
1.194333e+02 
1.194333e+02 
1.194333e+02 
1.194333e+02 
1.194333e+02 
1.194333e+02 
1.194333e+02 
1.194333e+02 
1.194333e+02 
1.194333e+02 
1.194333e+02 
1.194333e+02 
1.194333e+02 
1.194333e+02 
1.194333e+02 
1.194333e+02 
1.194333e+02 
1.194333e+02 
1.194333e+02 
1.194333e+02 
1.194333e+02 
1.194333e+02 
1.194333e+02 
1.194333e+02 
1.194333e+02 
1.194333e+02 
1.194333e+02 
1.194333e+02 
1.194333e+02 
1.194333e+02 
1.194333e+02 
1.194333e+02 
1.194333e+02 
1.194333e+02 
1.194333e+02 
1.194333e+02 
1.194333e+02 
1.194333e+02 
1.194333e+02 
1.194333e+02 
1.194333e+02 
1.194333e+02 
1.194333e+02 
1.194333e+02 
1.194333e+02 
1.194333e+02 
1.194333e+02 
1.194333e+02 
1.194333e+02 
1.194333e+02 
1.194333e+02 
1.194333e+02 
1.194333e+02 
1.194333e+02 
1.194333e+02 
1.194333e+02 
1.194333e+02 
1.194333e+02 
1.194333e+02 
1.194333e+02 
1.194333e+02 
1.194333e+02 
1.194333e+02 
1.194333e+02 
1.194333e+02 
1.194333e+02 
1.194333e+02 
1.194333e+02 
1.194333e+02 
1.194333e+02 
1.194333e+02 
1.194333e+02 
1.194333e+02 
1.194333e+02 
1.194333e+02 
1.194333e+02 
1.194333e+02 
1.194333e+02 
1.194333e+02 
1.194333e+02 
1.194333e+02 
1.194333e+02 
1.194333e+02 
1.194333e+02 
1.194333e+02 
1.194333e+02 
1.194333e+02 
1.194333e+02 
1.194333e+02 
1.194333e+02 
1.194333e+02 
1.194333e+02 
1.194333e+02 
1.194333e+02 
1.194333e+02 
1.194333e+02 
1.194333e+02 
1.194333e+02 
1.194333e+02 
1.194333e+02 
1.194333e+02 
1.194333e+02 
1.194333e+02 
1.194333e+02 
1.194333e+02 
1.194333e+02 
1.194333e+02 
1.194333e+02 
1.194333e+02 
1.194333e+02 
1.194333e+02 
1.194333e+02 
1.194333e+02 
1.194333e+02 
1.194333e+02 
1.194333e+02 
1.194333e+02 
1.194333e+02 
1.194333e+02 
1.194333e+02 
1.194333e+02 
1.194333e+02 
1.194333e+02 
1.194333e+02 
1.194333e+02 
1.194333e+02 
1.194333e+02 
1.194333e+02 
1.194333e+02 
1.194333e+02 
1.194333e+02 
1.194333e+02 
1.194333e+02 
1.194333e+02 
1.194333e+02 
1.194333e+02 
1.194333e+02 
1.194333e+02 
1.194333e+02 
1.194333e+02 
1.194333e+02 
1.194333e+02 
1.194333e+02 
1.194333e+02 
1.194333e+02 
1.194333e+02 
1.194333e+02 
1.194333e+02 
1.194333e+02 
1.194333e+02 
1.194333e+02 
1.194333e+02 
1.194333e+02 
1.194333e+02 
1.194333e+02 
1.194333e+02 
1.194333e+02 
1.194333e+02 
1.194333e+02 
1.194333e+02 
1.194333e+02 
1.194333e+02 
1.194333e+02 
1.194333e+02 
1.194333e+02 
1.194333e+02 
1.194333e+02 
1.194333e+02 
1.194333e+02 
1.194333e+02 
1.194333e+02 
1.194333e+02 
1.194333e+02 
1.194333e+02 
1.194333e+02 
1.194333e+02 
1.194333e+02 
1.194333e+02 
1.194333e+02 
1.194333e+02 
1.194333e+02 
1.194333e+02 
1.194333e+02 
1.194333e+02 
1.194333e+02 
1.194333e+02 
1.194333e+02 
1.194333e+02 
1.194333e+02 
1.194333e+02 
1.194333e+02 
1.194333e+02 
1.194333e+02 
1.194333e+02 
1.194333e+02 
1.194333e+02 
1.194333e+02 
1.194333e+02 
1.194333e+02 
1.194333e+02 
1.194333e+02 
1.194333e+02 
1.194333e+02 
1.194333e+02 
1.194333e+02 
1.194333e+02 
1.194333e+02 
1.194333e+02 
1.194333e+02 
1.194333e+02 
1.194333e+02 
1.194333e+02 
1.194333e+02 
1.194333e+02 
1.194333e+02 
1.194333e+02 
1.194333e+02 
1.194333e+02 
1.194333e+02 
1.194333e+02 
1.194333e+02 
1.194333e+02 
1.194333e+02 
1.194333e+02 
1.194333e+02 
1.194333e+02 
1.194333e+02 
1.194333e+02 
1.194333e+02 
1.194333e+02 
1.194333e+02 
1.194333e+02 
1.194333e+02 
1.194333e+02 
1.194333e+02 
1.194333e+02 
1.194333e+02 
1.194333e+02 
1.194333e+02 
1.194333e+02 
1.194333e+02 
1.194333e+02 
1.194333e+02 
1.194333e+02 
1.194333e+02 
1.194333e+02 
1.194333e+02 
1.194333e+02 
1.194333e+02 
1.194333e+02 
1.194333e+02 
1.194333e+02 
1.194333e+02 
1.194333e+02 
1.194333e+02 
1.194333e+02 
1.194333e+02 
1.194333e+02 
1.194333e+02 
1.194333e+02 
1.194333e+02 
1.194333e+02 
1.194333e+02 
1.194333e+02 
1.194333e+02 
1.194333e+02 
1.194333e+02 
1.194333e+02 
1.194333e+02 
1.194333e+02 
1.194333e+02 
1.194333e+02 
1.194333e+02 
1.194333e+02 
1.194333e+02 
1.194333e+02 
1.194333e+02 
1.194333e+02 
1.194333e+02 
1.194333e+02 
1.194333e+02 
1.194333e+02 
1.194333e+02 
1.194333e+02 
1.194333e+02 
1.194333e+02 
1.194333e+02 
1.194333e+02 
1.194333e+02 
1.194333e+02 
1.194333e+02 
1.194333e+02 
1.194333e+02 
1.194333e+02 
1.194333e+02 
1.194333e+02 
1.194333e+02 
1.194333e+02 
1.194333e+02 
1.194333e+02 
1.194333e+02 
1.194333e+02 
1.194333e+02 
1.194333e+02 
1.194333e+02 
1.194333e+02 
1.194333e+02 
1.194333e+02 
1.194333e+02 
1.194333e+02 
1.194333e+02 
1.194333e+02 
1.194333e+02 
1.194333e+02 
1.194333e+02 
1.194333e+02 
1.194333e+02 
1.194333e+02 
1.194333e+02 
1.194333e+02 
1.194333e+02 
1.194333e+02 
1.194333e+02 
1.194333e+02 
1.194333e+02 
1.194333e+02 
1.194333e+02 
1.194333e+02 
1.194333e+02 
1.194333e+02 
1.194333e+02 
1.194333e+02 
1.194333e+02 
1.194333e+02 
1.194333e+02 
1.194333e+02 
1.194333e+02 
1.194333e+02 
1.194333e+02 
1.194333e+02 
1.194333e+02 
1.194333e+02 
1.194333e+02 
1.194333e+02 
1.194333e+02 
1.194333e+02 
1.194333e+02 
1.194333e+02 
1.194333e+02 
1.194333e+02 
1.194333e+02 
1.194333e+02 
1.194333e+02 
1.194333e+02 
1.194333e+02 
1.194333e+02 
1.194333e+02 
1.194333e+02 
1.194333e+02 
1.194333e+02 
1.194333e+02 
1.194333e+02 
1.194333e+02 
1.194333e+02 
1.194333e+02 
1.194333e+02 
1.194333e+02 
1.194333e+02 
1.194333e+02 
1.194333e+02 
1.194333e+02 
1.194333e+02 
1.194333e+02 
1.194333e+02 
1.194333e+02 
1.194333e+02 
1.194333e+02 
1.194333e+02 
1.194333e+02 
1.194333e+02 
1.194333e+02 
1.194333e+02 
1.194333e+02 
1.194333e+02 
1.194333e+02 
1.194333e+02 
1.194333e+02 
1.194333e+02 
1.194333e+02 
1.194333e+02 
1.194333e+02 
1.194333e+02 
1.194333e+02 
1.194333e+02 
1.194333e+02 
1.194333e+02 
1.194333e+02 
1.194333e+02 
1.194333e+02 
1.194333e+02 
1.194333e+02 
1.194333e+02 
1.194333e+02 
1.194333e+02 
1.194333e+02 
1.194333e+02 
1.194333e+02 
1.194333e+02 
1.194333e+02 
1.194333e+02 
1.194333e+02 
1.194333e+02 
1.194333e+02 
1.194333e+02 
1.194333e+02 
1.194333e+02 
1.194333e+02 
1.194333e+02 
1.194333e+02 
1.194333e+02 
1.194333e+02 
1.194333e+02 
1.194333e+02 
1.194333e+02 
1.194333e+02 
1.194333e+02 
1.194333e+02 
1.194333e+02 
1.194333e+02 
1.194333e+02 
1.194333e+02 
1.194333e+02 
1.194333e+02 
1.194333e+02 
1.194333e+02 
1.194333e+02 
1.194333e+02 
1.194333e+02 
1.194333e+02 
1.194333e+02 
1.194333e+02 
1.194333e+02 
1.194333e+02 
1.194333e+02 
1.194333e+02 
1.194333e+02 
1.194333e+02 
1.194333e+02 
1.194333e+02 
1.194333e+02 
1.194333e+02 
1.194333e+02 
1.194333e+02 
1.194333e+02 
1.194333e+02 
1.194333e+02 
1.194333e+02 
1.194333e+02 
1.194333e+02 
1.194333e+02 
1.194333e+02 
1.194333e+02 
1.194333e+02 
1.194333e+02 
1.194333e+02 
1.194333e+02 
1.194333e+02 
1.194333e+02 
1.194333e+02 
1.194333e+02 
1.194333e+02 
1.194333e+02 
1.194333e+02 
1.194333e+02 
1.194333e+02 
1.194333e+02 
1.194333e+02 
1.194333e+02 
1.194333e+02 
1.194333e+02 
1.194333e+02 
1.194333e+02 
1.194333e+02 
1.194333e+02 
1.194333e+02 
1.194333e+02 
1.194333e+02 
1.194333e+02 
1.194333e+02 
1.194333e+02 
1.194333e+02 
1.194333e+02 
1.194333e+02 
1.194333e+02 
1.194333e+02 
1.194333e+02 
1.194333e+02 
1.194333e+02 
1.194333e+02 
1.194333e+02 
1.194333e+02 
1.194333e+02 
1.194333e+02 
1.194333e+02 
1.194333e+02 
1.194333e+02 
1.194333e+02 
1.194333e+02 
1.194333e+02 
1.194333e+02 
1.194333e+02 
1.194333e+02 
1.194333e+02 
1.194333e+02 
1.194333e+02 
1.194333e+02 
1.194333e+02 
1.194333e+02 
1.194333e+02 
1.194333e+02 
1.194333e+02 
1.194333e+02 
1.194333e+02 
1.194333e+02 
1.194333e+02 
1.194333e+02 
1.194333e+02 
1.194333e+02 
1.194333e+02 
1.194333e+02 
1.194333e+02 
1.194333e+02 
1.194333e+02 
1.194333e+02 
1.194333e+02 
1.194333e+02 
1.194333e+02 
1.194333e+02 
1.194333e+02 
1.194333e+02 
1.194333e+02 
1.194333e+02 
1.194333e+02 
1.194333e+02 
1.194333e+02 
1.194333e+02 
1.194333e+02 
1.194333e+02 
1.194333e+02 
1.194333e+02 
1.194333e+02 
1.194333e+02 
1.194333e+02 
1.194333e+02 
1.194333e+02 
1.194333e+02 
1.194333e+02 
1.194333e+02 
1.194333e+02 
1.194333e+02 
1.194333e+02 
1.194333e+02 
1.194333e+02 
1.194333e+02 
1.194333e+02 
1.194333e+02 
1.194333e+02 
1.194333e+02 
1.194333e+02 
1.194333e+02 
1.194333e+02 
1.194333e+02 
1.194333e+02 
1.194333e+02 
1.194333e+02 
1.194333e+02 
1.194333e+02 
1.194333e+02 
1.194333e+02 
1.194333e+02 
1.194333e+02 
1.194333e+02 
1.194333e+02 
1.194333e+02 
1.194333e+02 
1.194333e+02 
1.194333e+02 
1.194333e+02 
1.194333e+02 
1.194333e+02 
1.194333e+02 
1.194333e+02 
1.194333e+02 
1.194333e+02 
1.194333e+02 
1.194333e+02 
1.194333e+02 
1.194333e+02 
1.194333e+02 
1.194333e+02 
1.194333e+02 
1.194333e+02 
1.194333e+02 
1.194333e+02 
1.194333e+02 
1.194333e+02 
1.194333e+02 
1.194333e+02 
1.194333e+02 
1.194333e+02 
1.194333e+02 
1.194333e+02 
1.194333e+02 
1.194333e+02 
1.194333e+02 
1.194333e+02 
1.194333e+02 
1.194333e+02 
1.194333e+02 
1.194333e+02 
1.194333e+02 
1.194333e+02 
1.194333e+02 
1.194333e+02 
1.194333e+02 
1.194333e+02 
1.194333e+02 
1.194333e+02 
1.194333e+02 
1.194333e+02 
1.194333e+02 
1.194333e+02 
1.194333e+02 
1.194333e+02 
1.194333e+02 
1.194333e+02 
1.194333e+02 
1.194333e+02 
1.194333e+02 
1.194333e+02 
1.194333e+02 
1.194333e+02 
1.194333e+02 
1.194333e+02 
1.194333e+02 
1.194333e+02 
1.194333e+02 
1.194333e+02 
1.194333e+02 
1.194333e+02 
1.194333e+02 
1.194333e+02 
1.194333e+02 
1.194333e+02 
1.194333e+02 
1.194333e+02 
1.194333e+02 
1.194333e+02 
1.194333e+02 
1.194333e+02 
1.194333e+02 
1.194333e+02 
1.194333e+02 
1.194333e+02 
1.194333e+02 
1.194333e+02 
1.194333e+02 
1.194333e+02 
1.194333e+02 
1.194333e+02 
1.194333e+02 
1.194333e+02 
1.194333e+02 
1.194333e+02 
1.194333e+02 
1.194333e+02 
1.194333e+02 
1.194333e+02 
1.194333e+02 
1.194333e+02 
1.194333e+02 
1.194333e+02 
1.194333e+02 
1.194333e+02 
1.194333e+02 
1.194333e+02 
1.194333e+02 
1.194333e+02 
1.194333e+02 
1.194333e+02 
1.194333e+02 
1.194333e+02 
1.194333e+02 
1.194333e+02 
1.194333e+02 
1.194333e+02 
1.194333e+02 
1.194333e+02 
1.194333e+02 
1.194333e+02 
1.194333e+02 
1.194333e+02 
1.194333e+02 
1.194333e+02 
1.194333e+02 
1.194333e+02 
1.194333e+02 
1.194333e+02 
1.194333e+02 
1.194333e+02 
1.194333e+02 
1.194333e+02 
1.194333e+02 
1.194333e+02 
1.194333e+02 
1.194333e+02 
1.194333e+02 
1.194333e+02 
1.194333e+02 
1.194333e+02 
1.194333e+02 
1.194333e+02 
1.194333e+02 
1.194333e+02 
1.194333e+02 
1.194333e+02 
1.194333e+02 
1.194333e+02 
1.194333e+02 
1.194333e+02 
1.194333e+02 
1.194333e+02 
1.194333e+02 
1.194333e+02 
1.194333e+02 
1.194333e+02 
1.194333e+02 
1.194333e+02 
1.194333e+02 
1.194333e+02 
1.194333e+02 
1.194333e+02 
1.194333e+02 
1.194333e+02 
1.194333e+02 
1.194333e+02 
1.194333e+02 
1.194333e+02 
1.194333e+02 
1.194333e+02 
1.194333e+02 
1.194333e+02 
1.194333e+02 
1.194333e+02 
1.194333e+02 
1.194333e+02 
1.194333e+02 
1.194333e+02 
1.194333e+02 
1.194333e+02 
1.194333e+02 
1.194333e+02 
1.194333e+02 
1.194333e+02 
1.194333e+02 
1.194333e+02 
1.194333e+02 
1.194333e+02 
1.194333e+02 
1.194333e+02 
1.194333e+02 
1.194333e+02 
1.194333e+02 
1.194333e+02 
1.194333e+02 
1.194333e+02 
1.194333e+02 
1.194333e+02 
1.194333e+02 
1.194333e+02 
1.194333e+02 
1.194333e+02 
1.194333e+02 
1.194333e+02 
1.194333e+02 
1.194333e+02 
1.194333e+02 
1.194333e+02 
1.194333e+02 
1.194333e+02 
1.194333e+02 
1.194333e+02 
1.194333e+02 
1.194333e+02 
1.194333e+02 
1.194333e+02 
1.194333e+02 
1.194333e+02 
1.194333e+02 
1.194333e+02 
1.194333e+02 
1.194333e+02 
1.194333e+02 
1.194333e+02 
1.194333e+02 
1.194333e+02 
1.194333e+02 
1.194333e+02 
1.194333e+02 
1.194333e+02 
1.194333e+02 
1.194333e+02 
1.194333e+02 
1.194333e+02 
1.194333e+02 
1.194333e+02 
1.194333e+02 
1.194333e+02 
1.194333e+02 
1.194333e+02 
1.194333e+02 
1.194333e+02 
1.194333e+02 
1.194333e+02 
1.194333e+02 
1.194333e+02 
1.194333e+02 
1.194333e+02 
1.194333e+02 
1.194333e+02 
1.194333e+02 
1.194333e+02 
1.194333e+02 
1.194333e+02 
1.194333e+02 
1.194333e+02 
1.194333e+02 
1.194333e+02 
1.194333e+02 
1.194333e+02 
1.194333e+02 
1.194333e+02 
1.194333e+02 
1.194333e+02 
1.194333e+02 
1.194333e+02 
1.194333e+02 
1.194333e+02 
1.194333e+02 
1.194333e+02 
1.194333e+02 
1.194333e+02 
1.194333e+02 
1.194333e+02 
1.194333e+02 
1.194333e+02 
1.194333e+02 
1.194333e+02 
1.194333e+02 
1.194333e+02 
1.194333e+02 
1.194333e+02 
1.194333e+02 
1.194333e+02 
1.194333e+02 
1.194333e+02 
1.194333e+02 
1.194333e+02 
1.194333e+02 
1.194333e+02 
1.194333e+02 
1.194333e+02 
1.194333e+02 
1.194333e+02 
1.194333e+02 
1.194333e+02 
1.194333e+02 
1.194333e+02 
1.194333e+02 
1.194333e+02 
1.194333e+02 
1.194333e+02 
1.194333e+02 
1.194333e+02 
1.194333e+02 
1.194333e+02 
1.194333e+02 
1.194333e+02 
1.194333e+02 
1.194333e+02 
1.194333e+02 
1.194333e+02 
1.194333e+02 
1.194333e+02 
1.194333e+02 
1.194333e+02 
1.194333e+02 
1.194333e+02 
1.194333e+02 
1.194333e+02 
1.194333e+02 
1.194333e+02 
1.194333e+02 
1.194333e+02 
1.194333e+02 
1.194333e+02 
1.194333e+02 
1.194333e+02 
1.194333e+02 
1.194333e+02 
1.194333e+02 
1.194333e+02 
1.194333e+02 
1.194333e+02 
1.194333e+02 
1.194333e+02 
1.194333e+02 
1.194333e+02 
1.194333e+02 
1.194333e+02 
1.194333e+02 
1.194333e+02 
1.194333e+02 
1.194333e+02 
1.194333e+02 
1.194333e+02 
1.194333e+02 
1.194333e+02 
1.194333e+02 
1.194333e+02 
1.194333e+02 
1.194333e+02 
1.194333e+02 
1.194333e+02 
1.194333e+02 
1.194333e+02 
1.194333e+02 
1.194333e+02 
1.194333e+02 
1.194333e+02 
1.194333e+02 
1.194333e+02 
1.194333e+02 
1.194333e+02 
1.194333e+02 
1.194333e+02 
1.194333e+02 
1.194333e+02 
1.194333e+02 
1.194333e+02 
1.194333e+02 
1.194333e+02 
1.194333e+02 
1.194333e+02 
1.194333e+02 
1.194333e+02 
1.194333e+02 
1.194333e+02 
1.194333e+02 
1.194333e+02 
1.194333e+02 
1.194333e+02 
1.194333e+02 
1.194333e+02 
1.194333e+02 
1.194333e+02 
1.194333e+02 
1.194333e+02 
1.194333e+02 
1.194333e+02 
1.194333e+02 
1.194333e+02 
1.194333e+02 
1.194333e+02 
1.194333e+02 
1.194333e+02 
1.194333e+02 
1.194333e+02 
1.194333e+02 
1.194333e+02 
1.194333e+02 
1.194333e+02 
1.194333e+02 
1.194333e+02 
1.194333e+02 
1.194333e+02 
1.194333e+02 
1.194333e+02 
1.194333e+02 
1.194333e+02 
1.194333e+02 
1.194333e+02 
1.194333e+02 
1.194333e+02 
1.194333e+02 
1.194333e+02 
1.194333e+02 
1.194333e+02 
1.194333e+02 
1.194333e+02 
1.194333e+02 
1.194333e+02 
1.194333e+02 
1.194333e+02 
1.194333e+02 
1.194333e+02 
1.194333e+02 
1.194333e+02 
1.194333e+02 
1.194333e+02 
1.194333e+02 
1.194333e+02 
1.194333e+02 
1.194333e+02 
1.194333e+02 
1.194333e+02 
1.194333e+02 
1.194333e+02 
1.194333e+02 
1.194333e+02 
1.194333e+02 
1.194333e+02 
1.194333e+02 
1.194333e+02 
1.194333e+02 
1.194333e+02 
1.194333e+02 
1.194333e+02 
1.194333e+02 
1.194333e+02 
1.194333e+02 
1.194333e+02 
1.194333e+02 
1.194333e+02 
1.194333e+02 
1.194333e+02 
1.194333e+02 
1.194333e+02 
1.194333e+02 
1.194333e+02 
1.194333e+02 
1.194333e+02 
1.194333e+02 
1.194333e+02 
1.194333e+02 
1.194333e+02 
1.194333e+02 
1.194333e+02 
1.194333e+02 
1.194333e+02 
1.194333e+02 
1.194333e+02 
1.194333e+02 
1.194333e+02 
1.194333e+02 
1.194333e+02 
1.194333e+02 
1.194333e+02 
1.194333e+02 
1.194333e+02 
1.194333e+02 
1.194333e+02 
1.194333e+02 
1.194333e+02 
1.194333e+02 
1.194333e+02 
1.194333e+02 
1.194333e+02 
1.194333e+02 
1.194333e+02 
1.194333e+02 
1.194333e+02 
1.194333e+02 
1.194333e+02 
1.194333e+02 
1.194333e+02 
1.194333e+02 
1.194333e+02 
1.194333e+02 
1.194333e+02 
1.194333e+02 
1.194333e+02 
1.194333e+02 
1.194333e+02 
1.194333e+02 
1.194333e+02 
1.194333e+02 
1.194333e+02 
1.194333e+02 
1.194333e+02 
1.194333e+02 
1.194333e+02 
1.194333e+02 
1.194333e+02 
1.194333e+02 
1.194333e+02 
1.194333e+02 
1.194333e+02 
1.194333e+02 
1.194333e+02 
1.194333e+02 
1.194333e+02 
1.194333e+02 
1.194333e+02 
1.194333e+02 
1.194333e+02 
1.194333e+02 
1.194333e+02 
1.194333e+02 
1.194333e+02 
1.194333e+02 
1.194333e+02 
1.194333e+02 
1.194333e+02 
1.194333e+02 
1.194333e+02 
