3.800233e+02 
2.901571e+02 
1.770409e+02 
1.770409e+02 
1.769341e+02 
1.769341e+02 
1.569535e+02 
1.569535e+02 
1.224845e+02 
1.224845e+02 
9.570925e+01 
8.018347e+01 
8.018347e+01 
8.018347e+01 
8.018347e+01 
8.018347e+01 
8.018347e+01 
8.018347e+01 
8.018347e+01 
8.018347e+01 
8.018347e+01 
8.018347e+01 
8.018347e+01 
8.018347e+01 
8.018347e+01 
8.018347e+01 
7.928422e+01 
7.928422e+01 
7.928422e+01 
7.928422e+01 
7.928422e+01 
7.928422e+01 
7.928422e+01 
7.928422e+01 
6.734310e+01 
6.734310e+01 
6.734310e+01 
6.734310e+01 
6.734310e+01 
6.734310e+01 
6.734310e+01 
6.734310e+01 
6.734310e+01 
6.734310e+01 
6.734310e+01 
6.734310e+01 
6.734310e+01 
6.734310e+01 
6.734310e+01 
6.734310e+01 
6.734310e+01 
6.734310e+01 
6.734310e+01 
6.734310e+01 
6.734310e+01 
6.734310e+01 
6.734310e+01 
6.734310e+01 
6.734310e+01 
6.734310e+01 
6.734310e+01 
6.734310e+01 
6.734310e+01 
6.734310e+01 
6.734310e+01 
6.734310e+01 
6.734310e+01 
6.734310e+01 
6.734310e+01 
6.734310e+01 
6.734310e+01 
6.734310e+01 
6.734310e+01 
6.734310e+01 
6.734310e+01 
6.734310e+01 
6.734310e+01 
6.734310e+01 
6.734310e+01 
6.734310e+01 
6.734310e+01 
6.734310e+01 
6.734310e+01 
6.734310e+01 
6.734310e+01 
6.734310e+01 
6.734310e+01 
6.734310e+01 
6.734310e+01 
6.734310e+01 
6.734310e+01 
6.734310e+01 
6.734310e+01 
6.734310e+01 
6.734310e+01 
6.450727e+01 
6.450727e+01 
6.450727e+01 
6.450727e+01 
6.450727e+01 
6.450727e+01 
6.450727e+01 
6.450727e+01 
6.450727e+01 
6.450727e+01 
6.450727e+01 
6.450727e+01 
6.450727e+01 
6.450727e+01 
6.450727e+01 
6.450727e+01 
6.450727e+01 
6.450727e+01 
6.450727e+01 
6.450727e+01 
6.450727e+01 
6.450727e+01 
6.450727e+01 
6.450727e+01 
6.450727e+01 
6.450727e+01 
6.450727e+01 
6.450727e+01 
6.450727e+01 
6.450727e+01 
6.450727e+01 
6.450727e+01 
6.450727e+01 
6.450727e+01 
6.450727e+01 
6.450727e+01 
6.450727e+01 
6.450727e+01 
6.450727e+01 
6.450727e+01 
6.450727e+01 
6.450727e+01 
6.450727e+01 
6.450727e+01 
6.450727e+01 
6.450727e+01 
6.450727e+01 
6.450727e+01 
6.450727e+01 
6.450727e+01 
6.450727e+01 
6.450727e+01 
6.450727e+01 
6.450727e+01 
6.450727e+01 
6.450727e+01 
6.450727e+01 
6.450727e+01 
6.450727e+01 
6.450727e+01 
6.450727e+01 
6.450727e+01 
6.450727e+01 
6.450727e+01 
6.450727e+01 
6.450727e+01 
6.450727e+01 
6.450727e+01 
6.450727e+01 
6.450727e+01 
6.450727e+01 
6.450727e+01 
6.450727e+01 
6.450727e+01 
6.450727e+01 
6.450727e+01 
6.450727e+01 
6.450727e+01 
6.450727e+01 
6.450727e+01 
6.450727e+01 
6.450727e+01 
5.710873e+01 
5.710873e+01 
5.710873e+01 
5.710873e+01 
5.710873e+01 
5.710873e+01 
5.710873e+01 
5.710873e+01 
5.710873e+01 
5.710873e+01 
5.710873e+01 
5.710873e+01 
5.710873e+01 
5.710873e+01 
5.710873e+01 
5.710873e+01 
5.710873e+01 
5.710873e+01 
5.710873e+01 
5.710873e+01 
5.710873e+01 
5.710873e+01 
5.710873e+01 
5.710873e+01 
5.710873e+01 
5.710873e+01 
5.710873e+01 
5.710873e+01 
5.710873e+01 
5.710873e+01 
5.710873e+01 
5.710873e+01 
5.710873e+01 
5.710873e+01 
5.710873e+01 
5.710873e+01 
5.710873e+01 
5.710873e+01 
5.710873e+01 
5.710873e+01 
5.710873e+01 
5.710873e+01 
5.710873e+01 
5.710873e+01 
5.710873e+01 
5.710873e+01 
5.710873e+01 
5.710873e+01 
5.710873e+01 
5.710873e+01 
5.710873e+01 
5.710873e+01 
5.710873e+01 
5.710873e+01 
5.710873e+01 
5.710873e+01 
5.710873e+01 
5.710873e+01 
5.710873e+01 
5.710873e+01 
5.710873e+01 
5.710873e+01 
5.710873e+01 
5.710873e+01 
5.710873e+01 
5.710873e+01 
5.710873e+01 
5.710873e+01 
5.710873e+01 
5.710873e+01 
5.710873e+01 
5.710873e+01 
5.710873e+01 
5.710873e+01 
5.710873e+01 
5.710873e+01 
5.710873e+01 
5.710873e+01 
5.710873e+01 
5.710873e+01 
5.710873e+01 
5.710873e+01 
5.710873e+01 
5.710873e+01 
5.710873e+01 
5.475383e+01 
5.475383e+01 
5.475383e+01 
5.475383e+01 
5.475383e+01 
5.475383e+01 
5.475383e+01 
5.475383e+01 
5.475383e+01 
5.475383e+01 
5.475383e+01 
5.475383e+01 
5.475383e+01 
5.475383e+01 
5.475383e+01 
5.475383e+01 
5.475383e+01 
5.475383e+01 
5.475383e+01 
5.475383e+01 
5.475383e+01 
5.475383e+01 
5.475383e+01 
5.475383e+01 
5.475383e+01 
5.475383e+01 
5.475383e+01 
5.475383e+01 
5.475383e+01 
5.475383e+01 
5.475383e+01 
5.475383e+01 
5.475383e+01 
5.475383e+01 
5.475383e+01 
5.475383e+01 
5.475383e+01 
5.475383e+01 
5.475383e+01 
5.475383e+01 
5.475383e+01 
5.475383e+01 
5.475383e+01 
5.475383e+01 
5.475383e+01 
5.475383e+01 
5.475383e+01 
5.475383e+01 
5.475383e+01 
5.475383e+01 
5.475383e+01 
5.475383e+01 
5.475383e+01 
5.475383e+01 
5.475383e+01 
5.475383e+01 
5.475383e+01 
5.475383e+01 
5.475383e+01 
5.475383e+01 
5.475383e+01 
5.475383e+01 
5.475383e+01 
5.475383e+01 
5.475383e+01 
5.475383e+01 
5.475383e+01 
5.475383e+01 
5.475383e+01 
5.475383e+01 
5.475383e+01 
5.475383e+01 
5.475383e+01 
5.475383e+01 
5.475383e+01 
5.475383e+01 
5.475383e+01 
5.475383e+01 
5.475383e+01 
5.475383e+01 
5.475383e+01 
5.475383e+01 
5.475383e+01 
5.475383e+01 
5.475383e+01 
5.475383e+01 
5.475383e+01 
5.475383e+01 
5.475383e+01 
5.475383e+01 
5.475383e+01 
5.475383e+01 
5.475383e+01 
5.475383e+01 
5.475383e+01 
5.475383e+01 
5.475383e+01 
5.436860e+01 
5.436860e+01 
5.436860e+01 
5.436860e+01 
5.436860e+01 
5.436860e+01 
5.436860e+01 
5.436860e+01 
5.436860e+01 
5.436860e+01 
5.436860e+01 
5.436860e+01 
5.436860e+01 
5.436860e+01 
5.436860e+01 
5.436860e+01 
5.436860e+01 
5.436860e+01 
5.436860e+01 
5.436860e+01 
5.436860e+01 
5.436860e+01 
5.436860e+01 
5.436860e+01 
5.436860e+01 
5.436860e+01 
5.436860e+01 
5.436860e+01 
5.436860e+01 
5.436860e+01 
5.436860e+01 
5.436860e+01 
5.436860e+01 
5.436860e+01 
5.436860e+01 
5.436860e+01 
5.436860e+01 
5.311303e+01 
5.311303e+01 
5.311303e+01 
5.311303e+01 
5.311303e+01 
5.311303e+01 
5.311303e+01 
5.311303e+01 
5.311303e+01 
5.311303e+01 
5.311303e+01 
5.311303e+01 
5.311303e+01 
5.311303e+01 
5.311303e+01 
5.311303e+01 
5.311303e+01 
5.311303e+01 
5.311303e+01 
5.311303e+01 
5.311303e+01 
5.311303e+01 
5.311303e+01 
5.311303e+01 
5.311303e+01 
5.311303e+01 
5.311303e+01 
5.311303e+01 
5.311303e+01 
5.311303e+01 
5.311303e+01 
5.311303e+01 
5.311303e+01 
5.311303e+01 
5.311303e+01 
5.311303e+01 
5.311303e+01 
5.311303e+01 
5.311303e+01 
5.311303e+01 
5.311303e+01 
5.311303e+01 
5.311303e+01 
5.311303e+01 
5.311303e+01 
5.311303e+01 
5.311303e+01 
5.311303e+01 
5.311303e+01 
5.311303e+01 
5.311303e+01 
5.311303e+01 
5.311303e+01 
5.311303e+01 
5.311303e+01 
5.311303e+01 
5.311303e+01 
5.311303e+01 
5.311303e+01 
5.311303e+01 
5.311303e+01 
5.311303e+01 
5.311303e+01 
5.311303e+01 
5.311303e+01 
5.311303e+01 
5.311303e+01 
5.311303e+01 
5.311303e+01 
5.311303e+01 
5.311303e+01 
5.311303e+01 
5.311303e+01 
5.311303e+01 
5.311303e+01 
5.311303e+01 
5.311303e+01 
5.311303e+01 
5.311303e+01 
5.311303e+01 
5.311303e+01 
5.311303e+01 
5.311303e+01 
5.311303e+01 
5.311303e+01 
5.311303e+01 
5.311303e+01 
5.311303e+01 
5.311303e+01 
5.311303e+01 
5.311303e+01 
5.311303e+01 
5.311303e+01 
5.311303e+01 
5.311303e+01 
5.311303e+01 
5.311303e+01 
5.311303e+01 
5.311303e+01 
5.311303e+01 
5.311303e+01 
5.311303e+01 
5.311303e+01 
5.311303e+01 
5.311303e+01 
5.311303e+01 
5.311303e+01 
5.311303e+01 
5.311303e+01 
5.311303e+01 
5.311303e+01 
4.982620e+01 
4.982620e+01 
4.982620e+01 
4.982620e+01 
4.982620e+01 
4.982620e+01 
4.982620e+01 
4.982620e+01 
4.982620e+01 
4.982620e+01 
4.982620e+01 
4.982620e+01 
4.982620e+01 
4.982620e+01 
4.982620e+01 
4.982620e+01 
4.982620e+01 
4.982620e+01 
4.982620e+01 
4.982620e+01 
4.982620e+01 
4.982620e+01 
4.982620e+01 
4.982620e+01 
4.982620e+01 
4.982620e+01 
4.982620e+01 
4.982620e+01 
4.982620e+01 
4.982620e+01 
4.982620e+01 
4.982620e+01 
4.982620e+01 
4.982620e+01 
4.982620e+01 
4.982620e+01 
4.982620e+01 
4.982620e+01 
4.982620e+01 
4.982620e+01 
4.982620e+01 
4.982620e+01 
4.982620e+01 
4.982620e+01 
4.654673e+01 
4.654673e+01 
4.654673e+01 
4.654673e+01 
4.654673e+01 
4.654673e+01 
4.654673e+01 
4.654673e+01 
4.654673e+01 
4.654673e+01 
4.654673e+01 
4.654673e+01 
4.654673e+01 
4.654673e+01 
4.654673e+01 
4.654673e+01 
4.654673e+01 
4.654673e+01 
4.654673e+01 
4.654673e+01 
4.654673e+01 
4.654673e+01 
4.654673e+01 
4.654673e+01 
4.654673e+01 
4.654673e+01 
4.654673e+01 
4.654673e+01 
4.654673e+01 
4.654673e+01 
4.654673e+01 
4.654673e+01 
4.654673e+01 
4.654673e+01 
4.654673e+01 
4.654673e+01 
4.654673e+01 
4.654673e+01 
4.654673e+01 
4.654673e+01 
4.654673e+01 
4.654673e+01 
4.654673e+01 
4.654673e+01 
4.654673e+01 
4.654673e+01 
4.654673e+01 
4.654673e+01 
4.279527e+01 
4.279527e+01 
4.279527e+01 
4.279527e+01 
4.279527e+01 
4.279527e+01 
4.279527e+01 
4.279527e+01 
4.279527e+01 
4.279527e+01 
4.279527e+01 
4.279527e+01 
4.279527e+01 
4.279527e+01 
4.279527e+01 
4.279527e+01 
4.279527e+01 
4.279527e+01 
4.279527e+01 
4.279527e+01 
4.279527e+01 
4.279527e+01 
4.279527e+01 
4.279527e+01 
4.279527e+01 
4.279527e+01 
4.279527e+01 
4.279527e+01 
4.279527e+01 
4.279527e+01 
4.279527e+01 
4.279527e+01 
4.279527e+01 
4.279527e+01 
4.279527e+01 
4.279527e+01 
4.279527e+01 
4.279527e+01 
4.279527e+01 
4.279527e+01 
4.279527e+01 
4.279527e+01 
4.279527e+01 
4.279527e+01 
4.279527e+01 
4.279527e+01 
4.279527e+01 
4.279527e+01 
4.279527e+01 
4.279527e+01 
4.279527e+01 
4.279527e+01 
4.279527e+01 
4.279527e+01 
4.279527e+01 
4.279527e+01 
4.279527e+01 
4.279527e+01 
4.279527e+01 
4.279527e+01 
4.279527e+01 
4.279527e+01 
4.279527e+01 
4.279527e+01 
4.279527e+01 
4.279527e+01 
4.279527e+01 
4.279527e+01 
4.279527e+01 
4.279527e+01 
4.279527e+01 
4.279527e+01 
4.279527e+01 
4.279527e+01 
4.279527e+01 
4.279527e+01 
4.279527e+01 
4.279527e+01 
4.279527e+01 
4.279527e+01 
4.279527e+01 
4.279527e+01 
4.279527e+01 
4.279527e+01 
4.279527e+01 
4.279527e+01 
4.279527e+01 
4.279527e+01 
4.279527e+01 
4.279527e+01 
4.279527e+01 
4.279527e+01 
4.279527e+01 
4.279527e+01 
4.279527e+01 
4.279527e+01 
4.279527e+01 
4.279527e+01 
4.279527e+01 
4.279527e+01 
4.279527e+01 
4.279527e+01 
4.279527e+01 
4.279527e+01 
4.279527e+01 
4.279527e+01 
4.279527e+01 
4.279527e+01 
4.279527e+01 
4.279527e+01 
4.279527e+01 
4.279527e+01 
4.279527e+01 
4.279527e+01 
4.279527e+01 
4.279527e+01 
4.279527e+01 
4.279527e+01 
4.279527e+01 
4.279527e+01 
4.279527e+01 
4.279527e+01 
4.279527e+01 
4.279527e+01 
4.279527e+01 
4.279527e+01 
4.279527e+01 
4.279527e+01 
4.279527e+01 
4.279527e+01 
4.279527e+01 
4.279527e+01 
4.279527e+01 
4.279527e+01 
4.279527e+01 
4.279527e+01 
4.279527e+01 
4.279527e+01 
4.279527e+01 
4.279527e+01 
4.279527e+01 
4.279527e+01 
4.279527e+01 
4.279527e+01 
4.279527e+01 
4.279527e+01 
4.279527e+01 
4.279527e+01 
4.279527e+01 
4.279527e+01 
4.279527e+01 
4.279527e+01 
4.279527e+01 
4.279527e+01 
4.279527e+01 
4.279527e+01 
4.279527e+01 
4.279527e+01 
4.279527e+01 
4.279527e+01 
4.279527e+01 
4.279527e+01 
4.279527e+01 
4.279527e+01 
4.279527e+01 
4.279527e+01 
4.279527e+01 
4.279527e+01 
4.279527e+01 
4.279527e+01 
4.279527e+01 
4.279527e+01 
4.279527e+01 
4.279527e+01 
4.279527e+01 
4.279527e+01 
4.279527e+01 
4.279527e+01 
4.279527e+01 
4.279527e+01 
4.279527e+01 
4.279527e+01 
4.279527e+01 
4.279527e+01 
4.279527e+01 
4.279527e+01 
4.279527e+01 
4.279527e+01 
4.279527e+01 
4.279527e+01 
4.279527e+01 
4.279527e+01 
4.279527e+01 
4.279527e+01 
4.279527e+01 
4.279527e+01 
4.279527e+01 
4.279527e+01 
4.279527e+01 
4.279527e+01 
4.279527e+01 
4.279527e+01 
4.279527e+01 
4.279527e+01 
4.279527e+01 
4.279527e+01 
4.279527e+01 
4.279527e+01 
4.279527e+01 
4.279527e+01 
4.279527e+01 
4.279527e+01 
4.279527e+01 
4.279527e+01 
4.279527e+01 
4.279527e+01 
4.279527e+01 
4.279527e+01 
4.279527e+01 
4.279527e+01 
4.279527e+01 
4.279527e+01 
4.279527e+01 
4.279527e+01 
4.279527e+01 
4.279527e+01 
4.279527e+01 
4.279527e+01 
4.279527e+01 
4.279527e+01 
4.279527e+01 
4.279527e+01 
4.279527e+01 
4.279527e+01 
4.279527e+01 
4.279527e+01 
4.279527e+01 
4.279527e+01 
4.279527e+01 
4.279527e+01 
4.279527e+01 
4.279527e+01 
4.279527e+01 
4.279527e+01 
4.279527e+01 
4.279527e+01 
4.279527e+01 
4.279527e+01 
4.279527e+01 
4.279527e+01 
4.279527e+01 
4.279527e+01 
4.279527e+01 
4.279527e+01 
4.279527e+01 
4.279527e+01 
4.279527e+01 
4.279527e+01 
4.279527e+01 
4.279527e+01 
4.279527e+01 
4.279527e+01 
4.279527e+01 
4.279527e+01 
4.279527e+01 
4.279527e+01 
4.279527e+01 
4.279527e+01 
4.279527e+01 
4.279527e+01 
4.279527e+01 
4.279527e+01 
4.279527e+01 
4.279527e+01 
4.279527e+01 
4.279527e+01 
4.279527e+01 
4.279527e+01 
4.279527e+01 
4.279527e+01 
4.279527e+01 
4.279527e+01 
4.279527e+01 
4.279527e+01 
4.279527e+01 
4.279527e+01 
4.279527e+01 
4.279527e+01 
4.279527e+01 
4.279527e+01 
4.279527e+01 
4.279527e+01 
4.279527e+01 
4.279527e+01 
4.279527e+01 
4.279527e+01 
4.279527e+01 
4.279527e+01 
4.279527e+01 
4.279527e+01 
4.279527e+01 
4.279527e+01 
4.279527e+01 
4.279527e+01 
4.279527e+01 
4.279527e+01 
4.279527e+01 
4.279527e+01 
4.279527e+01 
4.279527e+01 
4.279527e+01 
4.279527e+01 
4.279527e+01 
4.279527e+01 
4.279527e+01 
4.279527e+01 
4.279527e+01 
4.279527e+01 
4.279527e+01 
4.279527e+01 
4.279527e+01 
4.279527e+01 
4.279527e+01 
4.279527e+01 
4.279527e+01 
4.279527e+01 
4.279527e+01 
4.279527e+01 
4.279527e+01 
4.279527e+01 
4.279527e+01 
4.279527e+01 
4.279527e+01 
4.279527e+01 
4.279527e+01 
4.279527e+01 
4.220343e+01 
4.220343e+01 
4.220343e+01 
4.220343e+01 
4.220343e+01 
4.220343e+01 
4.220343e+01 
4.220343e+01 
4.220343e+01 
4.220343e+01 
4.220343e+01 
4.220343e+01 
4.220343e+01 
4.220343e+01 
4.220343e+01 
4.220343e+01 
4.220343e+01 
4.220343e+01 
4.220343e+01 
4.220343e+01 
4.220343e+01 
4.220343e+01 
4.220343e+01 
4.220343e+01 
4.220343e+01 
4.220343e+01 
4.220343e+01 
4.220343e+01 
4.220343e+01 
4.220343e+01 
4.220343e+01 
3.353497e+01 
3.353497e+01 
3.353497e+01 
3.353497e+01 
3.353497e+01 
3.353497e+01 
3.353497e+01 
3.353497e+01 
3.353497e+01 
3.353497e+01 
3.353497e+01 
3.353497e+01 
3.353497e+01 
3.353497e+01 
3.353497e+01 
3.353497e+01 
3.353497e+01 
3.353497e+01 
3.353497e+01 
3.353497e+01 
3.353497e+01 
3.353497e+01 
3.353497e+01 
3.353497e+01 
3.353497e+01 
3.353497e+01 
3.353497e+01 
3.353497e+01 
3.353497e+01 
3.353497e+01 
3.353497e+01 
3.353497e+01 
3.353497e+01 
3.353497e+01 
3.353497e+01 
3.353497e+01 
3.353497e+01 
3.353497e+01 
3.353497e+01 
3.353497e+01 
3.353497e+01 
3.353497e+01 
3.353497e+01 
3.353497e+01 
3.353497e+01 
3.353497e+01 
3.353497e+01 
3.353497e+01 
3.353497e+01 
3.353497e+01 
3.353497e+01 
3.353497e+01 
3.353497e+01 
3.353497e+01 
3.353497e+01 
3.353497e+01 
3.353497e+01 
3.353497e+01 
3.353497e+01 
3.353497e+01 
3.353497e+01 
3.353497e+01 
3.353497e+01 
3.353497e+01 
3.353497e+01 
3.353497e+01 
3.353497e+01 
3.353497e+01 
3.353497e+01 
3.353497e+01 
3.353497e+01 
3.353497e+01 
3.353497e+01 
3.353497e+01 
3.353497e+01 
3.353497e+01 
3.353497e+01 
3.353497e+01 
3.353497e+01 
3.353497e+01 
3.353497e+01 
3.353497e+01 
3.353497e+01 
3.353497e+01 
3.353497e+01 
3.353497e+01 
3.353497e+01 
3.353497e+01 
3.353497e+01 
3.353497e+01 
3.353497e+01 
3.353497e+01 
3.353497e+01 
3.353497e+01 
3.353497e+01 
3.353497e+01 
3.353497e+01 
3.353497e+01 
3.353497e+01 
3.353497e+01 
3.353497e+01 
3.353497e+01 
3.353497e+01 
3.353497e+01 
3.353497e+01 
3.353497e+01 
3.353497e+01 
3.353497e+01 
3.353497e+01 
3.353497e+01 
3.353497e+01 
3.353497e+01 
3.353497e+01 
3.353497e+01 
3.353497e+01 
3.353497e+01 
3.353497e+01 
3.353497e+01 
3.353497e+01 
3.353497e+01 
3.353497e+01 
3.353497e+01 
3.353497e+01 
3.353497e+01 
3.353497e+01 
3.353497e+01 
3.353497e+01 
3.353497e+01 
3.353497e+01 
3.353497e+01 
3.353497e+01 
3.353497e+01 
3.353497e+01 
3.353497e+01 
3.353497e+01 
3.353497e+01 
3.353497e+01 
3.353497e+01 
3.353497e+01 
3.353497e+01 
3.353497e+01 
3.353497e+01 
3.353497e+01 
3.353497e+01 
3.353497e+01 
3.353497e+01 
3.353497e+01 
3.353497e+01 
3.353497e+01 
3.353497e+01 
3.353497e+01 
3.353497e+01 
3.353497e+01 
3.353497e+01 
3.353497e+01 
3.353497e+01 
3.353497e+01 
3.353497e+01 
3.353497e+01 
3.353497e+01 
3.353497e+01 
3.353497e+01 
3.353497e+01 
3.353497e+01 
3.353497e+01 
3.353497e+01 
3.353497e+01 
3.353497e+01 
3.353497e+01 
3.353497e+01 
3.353497e+01 
3.353497e+01 
3.353497e+01 
3.353497e+01 
3.353497e+01 
3.353497e+01 
3.353497e+01 
3.353497e+01 
3.353497e+01 
3.353497e+01 
3.353497e+01 
3.353497e+01 
3.353497e+01 
3.353497e+01 
3.353497e+01 
3.353497e+01 
3.353497e+01 
3.353497e+01 
3.353497e+01 
3.353497e+01 
3.353497e+01 
3.353497e+01 
3.353497e+01 
3.353497e+01 
3.353497e+01 
3.353497e+01 
3.353497e+01 
3.353497e+01 
3.353497e+01 
3.353497e+01 
3.353497e+01 
3.353497e+01 
3.353497e+01 
3.353497e+01 
3.353497e+01 
3.353497e+01 
3.353497e+01 
3.353497e+01 
3.353497e+01 
3.353497e+01 
3.353497e+01 
3.353497e+01 
3.353497e+01 
3.353497e+01 
3.353497e+01 
3.353497e+01 
3.353497e+01 
3.353497e+01 
3.353497e+01 
3.353497e+01 
3.353497e+01 
3.353497e+01 
3.353497e+01 
3.353497e+01 
3.353497e+01 
3.353497e+01 
3.353497e+01 
3.353497e+01 
3.353497e+01 
3.353497e+01 
3.353497e+01 
3.353497e+01 
3.353497e+01 
3.353497e+01 
3.353497e+01 
3.353497e+01 
3.353497e+01 
3.353497e+01 
3.353497e+01 
3.353497e+01 
3.353497e+01 
3.353497e+01 
3.353497e+01 
3.353497e+01 
3.353497e+01 
3.353497e+01 
3.353497e+01 
3.353497e+01 
3.353497e+01 
3.353497e+01 
3.301422e+01 
3.301422e+01 
3.301422e+01 
3.301422e+01 
3.301422e+01 
3.301422e+01 
3.301422e+01 
3.301422e+01 
3.301422e+01 
3.301422e+01 
3.301422e+01 
3.301422e+01 
3.301422e+01 
3.301422e+01 
3.301422e+01 
3.301422e+01 
3.301422e+01 
3.301422e+01 
3.301422e+01 
3.301422e+01 
3.301422e+01 
3.301422e+01 
3.301422e+01 
3.301422e+01 
3.301422e+01 
3.301422e+01 
3.301422e+01 
3.301422e+01 
3.301422e+01 
3.301422e+01 
3.301422e+01 
3.301422e+01 
3.301422e+01 
3.301422e+01 
3.301422e+01 
3.301422e+01 
3.301422e+01 
3.301422e+01 
3.301422e+01 
3.301422e+01 
3.301422e+01 
3.301422e+01 
3.301422e+01 
3.301422e+01 
3.301422e+01 
3.301422e+01 
3.301422e+01 
3.301422e+01 
3.301422e+01 
3.301422e+01 
3.301422e+01 
3.301422e+01 
3.301422e+01 
3.301422e+01 
3.301422e+01 
3.301422e+01 
3.301422e+01 
3.301422e+01 
3.301422e+01 
3.301422e+01 
3.301422e+01 
3.301422e+01 
3.301422e+01 
3.301422e+01 
3.301422e+01 
3.301422e+01 
3.301422e+01 
3.301422e+01 
3.301422e+01 
3.301422e+01 
3.301422e+01 
3.301422e+01 
3.301422e+01 
3.301422e+01 
2.777929e+01 
2.777929e+01 
2.777929e+01 
2.777929e+01 
2.777929e+01 
2.777929e+01 
2.777929e+01 
2.777929e+01 
2.777929e+01 
2.777929e+01 
2.777929e+01 
2.777929e+01 
2.777929e+01 
2.777929e+01 
2.777929e+01 
2.777929e+01 
2.777929e+01 
2.777929e+01 
2.777929e+01 
2.777929e+01 
2.777929e+01 
2.777929e+01 
2.777929e+01 
2.777929e+01 
2.777929e+01 
2.777929e+01 
2.777929e+01 
2.777929e+01 
2.777929e+01 
2.777929e+01 
2.777929e+01 
2.777929e+01 
2.777929e+01 
2.777929e+01 
2.777929e+01 
2.777929e+01 
2.777929e+01 
2.777929e+01 
2.777929e+01 
2.777929e+01 
2.777929e+01 
2.777929e+01 
2.777929e+01 
2.777929e+01 
2.777929e+01 
2.777929e+01 
2.777929e+01 
2.777929e+01 
2.777929e+01 
2.777929e+01 
2.777929e+01 
2.777929e+01 
2.777929e+01 
2.777929e+01 
2.777929e+01 
2.777929e+01 
2.777929e+01 
2.777929e+01 
2.777929e+01 
2.777929e+01 
2.777929e+01 
2.777929e+01 
2.777929e+01 
2.777929e+01 
2.777929e+01 
2.777929e+01 
2.777929e+01 
2.777929e+01 
2.777929e+01 
2.777929e+01 
2.777929e+01 
2.777929e+01 
2.777929e+01 
2.777929e+01 
2.777929e+01 
2.777929e+01 
2.777929e+01 
2.777929e+01 
2.777929e+01 
2.777929e+01 
2.777929e+01 
2.777929e+01 
2.777929e+01 
2.777929e+01 
2.777929e+01 
2.777929e+01 
2.777929e+01 
2.777929e+01 
2.777929e+01 
2.777929e+01 
2.777929e+01 
2.777929e+01 
2.777929e+01 
2.777929e+01 
2.777929e+01 
2.777929e+01 
2.777929e+01 
2.777929e+01 
2.777929e+01 
2.777929e+01 
2.777929e+01 
2.777929e+01 
2.777929e+01 
2.777929e+01 
2.777929e+01 
2.777929e+01 
2.777929e+01 
2.777929e+01 
2.777929e+01 
2.777929e+01 
2.777929e+01 
2.777929e+01 
2.777929e+01 
2.777929e+01 
2.777929e+01 
2.777929e+01 
2.777929e+01 
2.777929e+01 
2.777929e+01 
2.777929e+01 
2.777929e+01 
2.777929e+01 
2.777929e+01 
2.777929e+01 
2.777929e+01 
2.777929e+01 
2.777929e+01 
2.777929e+01 
2.777929e+01 
2.777929e+01 
2.777929e+01 
2.777929e+01 
2.777929e+01 
2.777929e+01 
2.777929e+01 
2.777929e+01 
2.777929e+01 
2.777929e+01 
2.777929e+01 
2.777929e+01 
2.777929e+01 
2.777929e+01 
2.777929e+01 
2.777929e+01 
2.777929e+01 
2.777929e+01 
2.777929e+01 
2.777929e+01 
2.777929e+01 
2.777929e+01 
2.777929e+01 
2.777929e+01 
2.777929e+01 
2.777929e+01 
2.777929e+01 
2.777929e+01 
2.777929e+01 
2.777929e+01 
2.777929e+01 
2.777929e+01 
2.777929e+01 
2.777929e+01 
2.777929e+01 
2.777929e+01 
2.777929e+01 
2.777929e+01 
2.777929e+01 
2.777929e+01 
2.777929e+01 
2.777929e+01 
2.777929e+01 
2.777929e+01 
2.777929e+01 
2.777929e+01 
2.777929e+01 
2.777929e+01 
2.777929e+01 
2.777929e+01 
2.777929e+01 
2.777929e+01 
2.777929e+01 
2.777929e+01 
2.777929e+01 
2.777929e+01 
2.777929e+01 
2.777929e+01 
2.777929e+01 
2.777929e+01 
2.777929e+01 
2.777929e+01 
2.777929e+01 
2.777929e+01 
2.777929e+01 
2.777929e+01 
2.777929e+01 
2.777929e+01 
2.777929e+01 
2.777929e+01 
2.699486e+01 
2.699486e+01 
2.699486e+01 
2.699486e+01 
2.699486e+01 
2.699486e+01 
2.699486e+01 
2.699486e+01 
2.699486e+01 
2.699486e+01 
2.699486e+01 
2.699486e+01 
2.699486e+01 
2.487336e+01 
2.487336e+01 
2.487336e+01 
2.487336e+01 
2.487336e+01 
2.487336e+01 
2.487336e+01 
2.487336e+01 
2.487336e+01 
2.487336e+01 
2.487336e+01 
2.487336e+01 
2.487336e+01 
2.487336e+01 
2.322644e+01 
2.322644e+01 
2.322644e+01 
2.322644e+01 
2.322644e+01 
2.322644e+01 
2.322644e+01 
2.322644e+01 
2.322644e+01 
2.322644e+01 
2.322644e+01 
2.322644e+01 
2.322644e+01 
2.322644e+01 
2.322644e+01 
2.322644e+01 
2.322644e+01 
2.322644e+01 
2.322644e+01 
2.322644e+01 
2.322644e+01 
2.322644e+01 
2.322644e+01 
2.322644e+01 
2.322644e+01 
2.322644e+01 
2.322644e+01 
2.322644e+01 
2.322644e+01 
2.322644e+01 
2.227992e+01 
2.227992e+01 
2.227992e+01 
2.227992e+01 
2.227992e+01 
2.227992e+01 
2.227992e+01 
2.227992e+01 
2.227992e+01 
2.227992e+01 
2.227992e+01 
2.227992e+01 
2.227992e+01 
2.227992e+01 
2.227992e+01 
2.227992e+01 
2.227992e+01 
2.066876e+01 
2.066876e+01 
2.066876e+01 
2.066876e+01 
2.066876e+01 
2.066876e+01 
2.066876e+01 
2.066876e+01 
2.066876e+01 
2.066876e+01 
2.066876e+01 
2.066876e+01 
2.066876e+01 
2.066876e+01 
2.066876e+01 
2.066876e+01 
2.066876e+01 
2.066876e+01 
2.066876e+01 
2.066876e+01 
2.066876e+01 
2.066876e+01 
2.066876e+01 
2.066876e+01 
2.066876e+01 
2.066876e+01 
2.066876e+01 
2.066876e+01 
2.066876e+01 
2.066876e+01 
2.066876e+01 
2.066876e+01 
2.066876e+01 
2.066876e+01 
2.066876e+01 
2.066876e+01 
2.066876e+01 
2.066876e+01 
2.066876e+01 
2.066876e+01 
2.066876e+01 
2.066876e+01 
2.066876e+01 
2.066876e+01 
2.066876e+01 
2.066876e+01 
2.066876e+01 
2.066876e+01 
2.066876e+01 
2.066876e+01 
2.066876e+01 
2.066876e+01 
2.066876e+01 
2.066876e+01 
2.066876e+01 
2.066876e+01 
2.066876e+01 
2.066876e+01 
2.066876e+01 
2.066876e+01 
2.066876e+01 
2.066876e+01 
2.066876e+01 
2.066876e+01 
2.066876e+01 
2.066876e+01 
2.066876e+01 
2.066876e+01 
2.066876e+01 
2.066876e+01 
2.066876e+01 
2.066876e+01 
2.066876e+01 
2.066876e+01 
2.066876e+01 
2.066876e+01 
2.066876e+01 
2.066876e+01 
2.066876e+01 
1.738630e+01 
1.738630e+01 
1.738630e+01 
1.738630e+01 
1.738630e+01 
1.738630e+01 
1.738630e+01 
1.738630e+01 
1.738630e+01 
1.738630e+01 
1.738630e+01 
1.738630e+01 
1.738630e+01 
1.738630e+01 
1.738630e+01 
1.738630e+01 
1.738630e+01 
1.738630e+01 
1.738630e+01 
1.738630e+01 
1.738630e+01 
1.738630e+01 
1.738630e+01 
1.738630e+01 
1.738630e+01 
1.738630e+01 
1.738630e+01 
1.738630e+01 
1.738630e+01 
1.738630e+01 
1.738630e+01 
1.738630e+01 
1.738630e+01 
1.738630e+01 
1.738630e+01 
1.738630e+01 
1.738630e+01 
1.738630e+01 
1.738630e+01 
1.738630e+01 
1.738630e+01 
1.738630e+01 
1.738630e+01 
1.738630e+01 
1.738630e+01 
1.738630e+01 
1.738630e+01 
1.738630e+01 
1.738630e+01 
1.738630e+01 
1.738630e+01 
1.738630e+01 
1.733397e+01 
1.733397e+01 
1.733397e+01 
1.733397e+01 
1.733397e+01 
1.733397e+01 
1.733397e+01 
1.733397e+01 
1.733397e+01 
1.733397e+01 
1.733397e+01 
1.733397e+01 
1.733397e+01 
1.733397e+01 
1.733397e+01 
1.733397e+01 
1.733397e+01 
1.733397e+01 
1.733397e+01 
1.733397e+01 
1.733397e+01 
1.733397e+01 
1.733397e+01 
1.733397e+01 
1.733397e+01 
1.733397e+01 
1.733397e+01 
1.733397e+01 
1.733397e+01 
1.733397e+01 
1.733397e+01 
1.733397e+01 
1.733397e+01 
1.733397e+01 
1.733397e+01 
1.733397e+01 
1.733397e+01 
1.733397e+01 
1.699496e+01 
1.699496e+01 
1.699496e+01 
1.699496e+01 
1.699496e+01 
1.690903e+01 
1.690903e+01 
1.690903e+01 
1.690903e+01 
1.690903e+01 
1.690903e+01 
1.690903e+01 
1.690903e+01 
1.690903e+01 
1.690903e+01 
1.690903e+01 
1.690903e+01 
1.690903e+01 
1.690903e+01 
1.690903e+01 
1.690903e+01 
1.690903e+01 
1.690903e+01 
1.650447e+01 
1.650447e+01 
1.650447e+01 
1.650447e+01 
1.650447e+01 
1.650447e+01 
1.650447e+01 
1.650447e+01 
1.650447e+01 
1.650447e+01 
1.650447e+01 
1.650447e+01 
1.650447e+01 
1.650447e+01 
1.650447e+01 
1.650447e+01 
1.650447e+01 
1.650447e+01 
1.650447e+01 
1.650447e+01 
1.650447e+01 
1.650447e+01 
1.650447e+01 
1.650447e+01 
1.650447e+01 
1.650447e+01 
1.650447e+01 
1.650447e+01 
1.650447e+01 
1.650447e+01 
1.650447e+01 
1.650447e+01 
1.650447e+01 
1.650447e+01 
1.650447e+01 
1.650447e+01 
1.650447e+01 
1.650447e+01 
1.650447e+01 
1.650447e+01 
1.650447e+01 
1.650447e+01 
1.650447e+01 
1.650447e+01 
1.650447e+01 
1.650447e+01 
1.650447e+01 
1.650447e+01 
1.650447e+01 
1.650447e+01 
1.650447e+01 
1.650447e+01 
1.650447e+01 
1.650447e+01 
1.650447e+01 
1.650447e+01 
1.650447e+01 
1.650447e+01 
1.650447e+01 
1.650447e+01 
1.650447e+01 
1.650447e+01 
1.650447e+01 
1.650447e+01 
1.650447e+01 
1.650447e+01 
1.650447e+01 
1.650447e+01 
1.650447e+01 
1.650447e+01 
1.650447e+01 
1.650447e+01 
1.650447e+01 
1.650447e+01 
1.650447e+01 
1.650447e+01 
1.650447e+01 
1.650447e+01 
1.650447e+01 
1.650447e+01 
1.650447e+01 
1.650447e+01 
1.650447e+01 
1.650447e+01 
1.650447e+01 
1.650447e+01 
1.650447e+01 
1.650447e+01 
1.650447e+01 
1.650447e+01 
1.650447e+01 
1.650447e+01 
1.650447e+01 
1.650447e+01 
1.650447e+01 
1.650447e+01 
1.650447e+01 
1.650447e+01 
1.650447e+01 
1.650447e+01 
1.650447e+01 
1.650447e+01 
1.650447e+01 
1.650447e+01 
1.650447e+01 
1.650447e+01 
1.650447e+01 
1.650447e+01 
1.650447e+01 
1.650447e+01 
1.650447e+01 
1.650447e+01 
1.650447e+01 
1.650447e+01 
1.650447e+01 
1.650447e+01 
1.650447e+01 
1.650447e+01 
1.650447e+01 
1.650447e+01 
1.650447e+01 
1.650447e+01 
1.650447e+01 
1.650447e+01 
1.650447e+01 
1.650447e+01 
1.650447e+01 
1.650447e+01 
1.650447e+01 
1.650447e+01 
1.650447e+01 
1.650447e+01 
1.650447e+01 
1.650447e+01 
1.650447e+01 
1.650447e+01 
1.650447e+01 
1.650447e+01 
1.650447e+01 
1.650447e+01 
1.650447e+01 
1.650447e+01 
1.650447e+01 
1.650447e+01 
1.650447e+01 
1.650447e+01 
1.650447e+01 
1.650447e+01 
1.650447e+01 
1.650447e+01 
1.650447e+01 
1.650447e+01 
1.650447e+01 
1.650447e+01 
1.650447e+01 
1.650447e+01 
1.650447e+01 
1.650447e+01 
1.650447e+01 
1.650447e+01 
1.650447e+01 
1.650447e+01 
1.650447e+01 
1.650447e+01 
1.650447e+01 
1.650447e+01 
1.650447e+01 
1.650447e+01 
1.650447e+01 
1.650447e+01 
1.650447e+01 
1.650447e+01 
1.650447e+01 
1.650447e+01 
1.564650e+01 
1.564650e+01 
1.564650e+01 
1.564650e+01 
1.564650e+01 
1.564650e+01 
1.564650e+01 
1.564650e+01 
1.564650e+01 
1.564650e+01 
1.564650e+01 
1.564650e+01 
1.564650e+01 
1.564650e+01 
1.564650e+01 
1.564650e+01 
1.564650e+01 
1.564650e+01 
1.564650e+01 
1.564650e+01 
1.564650e+01 
1.564650e+01 
1.564650e+01 
1.564650e+01 
1.564650e+01 
1.564650e+01 
1.564650e+01 
1.564650e+01 
1.564650e+01 
1.564650e+01 
1.564650e+01 
1.564650e+01 
1.564650e+01 
1.564650e+01 
1.564650e+01 
1.564650e+01 
1.564650e+01 
1.564650e+01 
1.564650e+01 
1.564650e+01 
1.564650e+01 
1.564650e+01 
1.564650e+01 
1.564650e+01 
1.564650e+01 
1.564650e+01 
1.564650e+01 
1.564650e+01 
1.564650e+01 
1.564650e+01 
1.564650e+01 
1.564650e+01 
1.564650e+01 
1.564650e+01 
1.564650e+01 
1.564650e+01 
1.564650e+01 
1.564650e+01 
1.564650e+01 
1.564650e+01 
1.564650e+01 
1.564650e+01 
1.564650e+01 
1.564650e+01 
1.564650e+01 
1.564650e+01 
1.564650e+01 
1.564650e+01 
1.564650e+01 
1.564650e+01 
1.564650e+01 
1.564650e+01 
1.564650e+01 
1.564650e+01 
1.564650e+01 
1.564650e+01 
1.564650e+01 
1.564650e+01 
1.564650e+01 
1.564650e+01 
1.564650e+01 
1.564650e+01 
1.564650e+01 
1.564650e+01 
1.564650e+01 
1.564650e+01 
1.564650e+01 
1.564650e+01 
1.564650e+01 
1.564650e+01 
1.564650e+01 
1.564650e+01 
1.564650e+01 
1.564650e+01 
1.564650e+01 
1.564650e+01 
1.564650e+01 
1.564650e+01 
1.564650e+01 
1.564650e+01 
1.564650e+01 
1.564650e+01 
1.564650e+01 
1.564650e+01 
1.564650e+01 
1.564650e+01 
1.564650e+01 
1.564650e+01 
1.564650e+01 
1.564650e+01 
1.564650e+01 
1.564650e+01 
1.564650e+01 
1.564650e+01 
1.564650e+01 
1.564650e+01 
1.564650e+01 
1.564650e+01 
1.564650e+01 
1.564650e+01 
1.564650e+01 
1.564650e+01 
1.564650e+01 
1.564650e+01 
1.564650e+01 
1.495081e+01 
1.495081e+01 
1.495081e+01 
1.495081e+01 
1.495081e+01 
1.495081e+01 
1.495081e+01 
1.495081e+01 
1.495081e+01 
1.495081e+01 
1.495081e+01 
1.495081e+01 
1.495081e+01 
1.495081e+01 
1.495081e+01 
1.495081e+01 
1.495081e+01 
1.495081e+01 
1.495081e+01 
1.495081e+01 
1.495081e+01 
1.495081e+01 
1.495081e+01 
1.495081e+01 
1.495081e+01 
1.495081e+01 
1.495081e+01 
1.495081e+01 
1.495081e+01 
1.495081e+01 
1.495081e+01 
1.495081e+01 
1.495081e+01 
1.495081e+01 
1.495081e+01 
1.495081e+01 
1.458677e+01 
1.458677e+01 
1.458677e+01 
1.364360e+01 
1.364360e+01 
1.364360e+01 
1.275359e+01 
1.275359e+01 
1.275359e+01 
1.275359e+01 
1.275359e+01 
1.235899e+01 
1.074542e+01 
1.051447e+01 
1.051447e+01 
9.756062e+00 
9.756062e+00 
9.756062e+00 
9.756062e+00 
9.756062e+00 
9.756062e+00 
9.756062e+00 
9.756062e+00 
9.756062e+00 
9.756062e+00 
9.756062e+00 
9.756062e+00 
9.756062e+00 
9.756062e+00 
9.756062e+00 
9.756062e+00 
9.756062e+00 
9.756062e+00 
9.756062e+00 
9.756062e+00 
9.756062e+00 
9.756062e+00 
9.756062e+00 
9.756062e+00 
9.756062e+00 
9.756062e+00 
9.150013e+00 
9.150013e+00 
9.150013e+00 
9.150013e+00 
9.150013e+00 
9.150013e+00 
9.150013e+00 
9.150013e+00 
9.150013e+00 
9.150013e+00 
9.150013e+00 
9.150013e+00 
9.150013e+00 
9.150013e+00 
9.150013e+00 
9.150013e+00 
9.150013e+00 
9.150013e+00 
9.150013e+00 
9.150013e+00 
9.150013e+00 
9.150013e+00 
9.150013e+00 
9.150013e+00 
9.150013e+00 
9.150013e+00 
9.150013e+00 
9.150013e+00 
9.150013e+00 
9.150013e+00 
9.150013e+00 
9.150013e+00 
9.138466e+00 
9.138466e+00 
9.138466e+00 
9.138466e+00 
9.138466e+00 
9.138466e+00 
9.138466e+00 
9.138466e+00 
8.584125e+00 
8.584125e+00 
8.584125e+00 
8.584125e+00 
8.584125e+00 
8.584125e+00 
8.584125e+00 
8.584125e+00 
8.584125e+00 
8.074369e+00 
8.074369e+00 
8.074369e+00 
8.074369e+00 
8.074369e+00 
8.074369e+00 
8.074369e+00 
8.074369e+00 
8.074369e+00 
8.074369e+00 
8.074369e+00 
8.074369e+00 
8.074369e+00 
8.074369e+00 
8.074369e+00 
8.074369e+00 
8.074369e+00 
8.074369e+00 
8.074369e+00 
8.074369e+00 
8.074369e+00 
8.074369e+00 
8.074369e+00 
8.074369e+00 
8.074369e+00 
8.074369e+00 
8.074369e+00 
8.074369e+00 
8.074369e+00 
8.074369e+00 
8.074369e+00 
8.074369e+00 
8.074369e+00 
8.074369e+00 
8.074369e+00 
8.074369e+00 
8.074369e+00 
8.074369e+00 
8.074369e+00 
8.074369e+00 
8.074369e+00 
8.074369e+00 
8.074369e+00 
8.074369e+00 
8.074369e+00 
8.074369e+00 
8.074369e+00 
8.074369e+00 
8.074369e+00 
8.074369e+00 
8.074369e+00 
8.074369e+00 
8.074369e+00 
8.074369e+00 
8.074369e+00 
8.074369e+00 
8.074369e+00 
7.876905e+00 
7.876905e+00 
7.876905e+00 
7.876905e+00 
7.876905e+00 
7.876905e+00 
7.876905e+00 
7.876905e+00 
7.876905e+00 
7.876905e+00 
7.876905e+00 
7.876905e+00 
7.876905e+00 
7.876905e+00 
7.876905e+00 
7.876905e+00 
7.876905e+00 
7.876905e+00 
7.876905e+00 
7.876905e+00 
7.876905e+00 
7.876905e+00 
7.848393e+00 
7.848393e+00 
7.848393e+00 
7.848393e+00 
7.848393e+00 
7.848393e+00 
7.848393e+00 
7.848393e+00 
7.848393e+00 
7.848393e+00 
7.848393e+00 
7.848393e+00 
7.848393e+00 
7.848393e+00 
7.848393e+00 
7.848393e+00 
7.848393e+00 
7.848393e+00 
7.848393e+00 
7.848393e+00 
7.848393e+00 
7.848393e+00 
7.848393e+00 
7.848393e+00 
7.848393e+00 
7.848393e+00 
7.848393e+00 
7.848393e+00 
7.848393e+00 
7.848393e+00 
7.848393e+00 
7.848393e+00 
7.848393e+00 
7.848393e+00 
7.848393e+00 
7.848393e+00 
7.848393e+00 
7.848393e+00 
7.842161e+00 
7.842161e+00 
7.842161e+00 
7.842161e+00 
7.842161e+00 
7.842161e+00 
7.842161e+00 
7.808272e+00 
7.808272e+00 
7.808272e+00 
7.808272e+00 
7.808272e+00 
7.808272e+00 
7.808272e+00 
7.808272e+00 
7.808272e+00 
7.808272e+00 
7.808272e+00 
7.808272e+00 
7.808272e+00 
7.808272e+00 
7.808272e+00 
7.808272e+00 
7.808272e+00 
7.808272e+00 
7.808272e+00 
7.808272e+00 
7.808272e+00 
7.808272e+00 
7.808272e+00 
7.808272e+00 
7.808272e+00 
7.808272e+00 
7.808272e+00 
7.808272e+00 
7.808272e+00 
7.808272e+00 
7.808272e+00 
7.808272e+00 
7.808272e+00 
7.808272e+00 
7.808272e+00 
7.808272e+00 
7.808272e+00 
7.808272e+00 
7.808272e+00 
7.808272e+00 
7.808272e+00 
7.808272e+00 
7.808272e+00 
7.808272e+00 
7.808272e+00 
7.808272e+00 
7.808272e+00 
7.808272e+00 
7.808272e+00 
7.808272e+00 
7.808272e+00 
7.808272e+00 
7.808272e+00 
7.808272e+00 
7.808272e+00 
7.808272e+00 
7.808272e+00 
7.808272e+00 
7.808272e+00 
7.808272e+00 
7.808272e+00 
7.808272e+00 
7.808272e+00 
7.808272e+00 
7.808272e+00 
7.808272e+00 
7.808272e+00 
7.808272e+00 
7.808272e+00 
7.808272e+00 
7.808272e+00 
7.808272e+00 
7.808272e+00 
7.808272e+00 
7.808272e+00 
7.808272e+00 
7.808272e+00 
7.808272e+00 
7.808272e+00 
7.808272e+00 
7.808272e+00 
7.808272e+00 
7.808272e+00 
7.808272e+00 
7.808272e+00 
7.808272e+00 
7.808272e+00 
7.808272e+00 
7.808272e+00 
7.808272e+00 
7.808272e+00 
7.808272e+00 
7.808272e+00 
7.808272e+00 
7.808272e+00 
7.808272e+00 
7.808272e+00 
7.808272e+00 
7.808272e+00 
7.808272e+00 
7.808272e+00 
7.808272e+00 
7.808272e+00 
7.808272e+00 
7.808272e+00 
7.808272e+00 
7.808272e+00 
7.808272e+00 
7.808272e+00 
7.808272e+00 
7.808272e+00 
7.808272e+00 
7.808272e+00 
7.808272e+00 
7.808272e+00 
7.808272e+00 
7.808272e+00 
7.808272e+00 
7.808272e+00 
7.808272e+00 
7.808272e+00 
7.808272e+00 
7.808272e+00 
7.808272e+00 
7.808272e+00 
7.808272e+00 
7.808272e+00 
7.808272e+00 
7.808272e+00 
7.808272e+00 
7.808272e+00 
7.808272e+00 
7.808272e+00 
7.808272e+00 
7.808272e+00 
7.808272e+00 
7.808272e+00 
7.808272e+00 
7.808272e+00 
7.808272e+00 
7.808272e+00 
7.808272e+00 
7.808272e+00 
7.808272e+00 
7.808272e+00 
7.808272e+00 
7.808272e+00 
7.808272e+00 
7.808272e+00 
7.808272e+00 
7.808272e+00 
7.808272e+00 
7.808272e+00 
7.808272e+00 
7.808272e+00 
7.808272e+00 
7.808272e+00 
7.808272e+00 
7.808272e+00 
7.808272e+00 
7.808272e+00 
7.808272e+00 
7.808272e+00 
7.808272e+00 
7.808272e+00 
7.808272e+00 
7.808272e+00 
7.808272e+00 
7.808272e+00 
7.808272e+00 
7.808272e+00 
7.808272e+00 
7.808272e+00 
7.808272e+00 
7.808272e+00 
7.808272e+00 
7.808272e+00 
7.808272e+00 
7.786409e+00 
7.786409e+00 
7.786409e+00 
7.773842e+00 
7.773842e+00 
7.773842e+00 
7.773842e+00 
7.773842e+00 
7.773842e+00 
7.773842e+00 
7.773842e+00 
7.773842e+00 
7.773842e+00 
7.773030e+00 
7.773030e+00 
7.773030e+00 
7.773030e+00 
7.773030e+00 
7.773030e+00 
7.773030e+00 
7.773030e+00 
7.773030e+00 
7.773030e+00 
7.169588e+00 
7.169588e+00 
6.663171e+00 
6.663171e+00 
6.663171e+00 
6.663171e+00 
6.206177e+00 
6.206177e+00 
6.206177e+00 
6.206177e+00 
6.206177e+00 
6.206177e+00 
6.037163e+00 
6.037163e+00 
6.037163e+00 
6.037163e+00 
6.037163e+00 
6.037163e+00 
6.037163e+00 
6.037163e+00 
6.037163e+00 
6.037163e+00 
6.037163e+00 
6.037163e+00 
5.998652e+00 
5.998652e+00 
5.998652e+00 
5.998652e+00 
5.998652e+00 
5.998652e+00 
5.998652e+00 
5.998652e+00 
5.998652e+00 
5.998652e+00 
5.998652e+00 
5.998652e+00 
5.998652e+00 
5.998652e+00 
5.998652e+00 
5.998652e+00 
5.998652e+00 
5.998652e+00 
5.998652e+00 
5.998652e+00 
5.998652e+00 
5.998652e+00 
5.998652e+00 
5.998652e+00 
5.998652e+00 
5.998652e+00 
5.998652e+00 
5.998652e+00 
5.998652e+00 
5.998652e+00 
5.998652e+00 
5.998652e+00 
5.998652e+00 
5.998652e+00 
5.998652e+00 
5.998652e+00 
5.998652e+00 
5.998652e+00 
5.998652e+00 
5.998652e+00 
5.998652e+00 
5.998652e+00 
5.998652e+00 
5.998652e+00 
5.998652e+00 
5.998652e+00 
5.998652e+00 
5.998652e+00 
5.998652e+00 
5.998652e+00 
5.998652e+00 
5.998652e+00 
5.998652e+00 
5.998652e+00 
5.998652e+00 
5.998652e+00 
5.998652e+00 
5.998652e+00 
5.998652e+00 
5.998652e+00 
5.998652e+00 
5.998652e+00 
5.998652e+00 
5.998652e+00 
5.998652e+00 
5.998652e+00 
5.998652e+00 
5.998652e+00 
5.998652e+00 
5.998652e+00 
5.998652e+00 
5.998652e+00 
5.998652e+00 
5.998652e+00 
5.998652e+00 
5.998652e+00 
5.998652e+00 
5.998652e+00 
5.998652e+00 
5.998652e+00 
5.998652e+00 
5.998652e+00 
5.998652e+00 
5.998652e+00 
5.998652e+00 
5.998652e+00 
5.998652e+00 
5.998652e+00 
5.998652e+00 
5.998652e+00 
5.998652e+00 
5.998652e+00 
5.998652e+00 
5.998652e+00 
5.998652e+00 
5.998652e+00 
5.998652e+00 
5.998652e+00 
5.998652e+00 
5.998652e+00 
5.913406e+00 
5.913406e+00 
5.913406e+00 
5.913406e+00 
5.913406e+00 
5.913406e+00 
5.913406e+00 
5.913406e+00 
5.913406e+00 
5.913406e+00 
5.913406e+00 
5.913406e+00 
5.913406e+00 
5.913406e+00 
5.913406e+00 
5.913406e+00 
5.913406e+00 
5.913406e+00 
5.913406e+00 
5.913406e+00 
5.913406e+00 
5.913406e+00 
5.913406e+00 
5.913406e+00 
5.913406e+00 
5.168745e+00 
5.168745e+00 
5.168745e+00 
5.168745e+00 
5.168745e+00 
5.168745e+00 
5.168745e+00 
5.168745e+00 
5.168745e+00 
5.168745e+00 
5.168745e+00 
5.168745e+00 
5.168745e+00 
5.168745e+00 
5.168745e+00 
5.168745e+00 
5.168745e+00 
5.168745e+00 
5.168745e+00 
5.168745e+00 
5.168745e+00 
5.168745e+00 
5.168745e+00 
5.168745e+00 
5.168745e+00 
5.168745e+00 
5.168745e+00 
5.168745e+00 
5.168745e+00 
5.168745e+00 
5.168745e+00 
5.168745e+00 
5.168745e+00 
5.168745e+00 
5.168745e+00 
5.168745e+00 
5.168745e+00 
5.168745e+00 
5.168745e+00 
5.168745e+00 
5.168745e+00 
5.168745e+00 
5.168745e+00 
5.168745e+00 
5.168745e+00 
5.168745e+00 
5.168745e+00 
5.168745e+00 
5.168745e+00 
5.168745e+00 
5.168745e+00 
5.168745e+00 
5.168745e+00 
5.168745e+00 
5.168745e+00 
5.168745e+00 
5.168745e+00 
5.168745e+00 
5.168745e+00 
5.168745e+00 
5.168745e+00 
5.168745e+00 
5.168745e+00 
4.711124e+00 
4.711124e+00 
4.711124e+00 
4.711124e+00 
4.711124e+00 
4.711124e+00 
4.711124e+00 
4.711124e+00 
4.711124e+00 
4.711124e+00 
4.711124e+00 
4.711124e+00 
4.711124e+00 
4.711124e+00 
4.711124e+00 
4.711124e+00 
4.711124e+00 
4.711124e+00 
4.711124e+00 
4.711124e+00 
4.711124e+00 
4.711124e+00 
4.711124e+00 
4.711124e+00 
4.711124e+00 
4.711124e+00 
4.711124e+00 
4.711124e+00 
4.711124e+00 
4.711124e+00 
4.711124e+00 
4.711124e+00 
4.711124e+00 
4.711124e+00 
4.711124e+00 
4.711124e+00 
4.711124e+00 
4.711124e+00 
4.711124e+00 
4.711124e+00 
4.711124e+00 
4.711124e+00 
4.711124e+00 
4.711124e+00 
4.711124e+00 
4.711124e+00 
4.711124e+00 
4.711124e+00 
4.711124e+00 
4.711124e+00 
4.711124e+00 
4.711124e+00 
4.711124e+00 
4.711124e+00 
4.711124e+00 
4.711124e+00 
4.711124e+00 
4.711124e+00 
4.711124e+00 
4.276307e+00 
4.276307e+00 
4.276307e+00 
4.276307e+00 
4.276307e+00 
4.276307e+00 
4.276307e+00 
4.276307e+00 
3.975632e+00 
3.975632e+00 
3.975632e+00 
3.975632e+00 
3.975632e+00 
3.975632e+00 
3.772744e+00 
3.772744e+00 
3.772744e+00 
3.772744e+00 
3.772744e+00 
3.772744e+00 
3.772744e+00 
3.772744e+00 
3.772744e+00 
3.772744e+00 
3.772744e+00 
3.772744e+00 
3.772744e+00 
3.772744e+00 
3.769058e+00 
3.769058e+00 
3.769058e+00 
3.769058e+00 
3.769058e+00 
3.769058e+00 
3.769058e+00 
3.769058e+00 
3.769058e+00 
3.769058e+00 
3.769058e+00 
3.769058e+00 
3.769058e+00 
3.638813e+00 
3.638813e+00 
3.638813e+00 
3.638813e+00 
3.638813e+00 
3.638813e+00 
3.638813e+00 
3.638813e+00 
3.638813e+00 
3.627931e+00 
3.627931e+00 
3.627931e+00 
3.627931e+00 
3.627931e+00 
3.627931e+00 
3.627931e+00 
3.627931e+00 
3.627931e+00 
3.627931e+00 
3.627931e+00 
3.627931e+00 
3.627931e+00 
3.627931e+00 
3.627931e+00 
3.627931e+00 
3.627931e+00 
3.627931e+00 
3.627931e+00 
3.627931e+00 
3.627931e+00 
3.627931e+00 
3.627931e+00 
3.615185e+00 
3.615185e+00 
3.615185e+00 
3.615185e+00 
3.486089e+00 
3.404273e+00 
3.369642e+00 
3.359669e+00 
3.359669e+00 
3.359669e+00 
3.359669e+00 
3.359669e+00 
3.359669e+00 
3.357950e+00 
3.357950e+00 
3.357950e+00 
3.357950e+00 
3.357950e+00 
3.357950e+00 
3.357950e+00 
3.357950e+00 
3.357835e+00 
3.357835e+00 
3.357835e+00 
3.357835e+00 
3.357835e+00 
3.357835e+00 
3.357835e+00 
3.357835e+00 
3.357835e+00 
3.357835e+00 
3.357835e+00 
3.357835e+00 
3.357835e+00 
3.357835e+00 
3.357835e+00 
3.357835e+00 
3.357835e+00 
3.357835e+00 
3.357835e+00 
3.357835e+00 
3.357693e+00 
3.357693e+00 
3.357655e+00 
3.357655e+00 
3.357655e+00 
3.357655e+00 
3.357655e+00 
3.357655e+00 
3.357655e+00 
3.357655e+00 
3.357655e+00 
3.357655e+00 
3.357655e+00 
3.357655e+00 
3.357655e+00 
3.357655e+00 
3.357655e+00 
3.357655e+00 
3.357655e+00 
3.357655e+00 
3.357655e+00 
3.357593e+00 
3.357593e+00 
3.357493e+00 
3.357465e+00 
3.357465e+00 
3.357446e+00 
3.357443e+00 
3.357443e+00 
3.357443e+00 
3.357441e+00 
3.357441e+00 
3.357441e+00 
3.357441e+00 
3.357441e+00 
3.357441e+00 
3.357441e+00 
3.357441e+00 
3.357441e+00 
3.357441e+00 
3.357441e+00 
3.357441e+00 
3.357441e+00 
3.357441e+00 
3.357441e+00 
3.357441e+00 
3.357441e+00 
3.357406e+00 
3.357406e+00 
3.357406e+00 
3.357406e+00 
3.259178e+00 
3.177996e+00 
2.778449e+00 
2.775731e+00 
2.775731e+00 
2.775731e+00 
2.618017e+00 
2.559672e+00 
2.559672e+00 
2.549502e+00 
2.549502e+00 
2.549502e+00 
2.549502e+00 
2.549502e+00 
2.549502e+00 
2.549502e+00 
2.549502e+00 
2.549502e+00 
2.549502e+00 
2.549502e+00 
2.549502e+00 
2.549502e+00 
2.549502e+00 
2.549502e+00 
2.549502e+00 
2.549502e+00 
2.549502e+00 
2.549502e+00 
2.549502e+00 
2.549502e+00 
2.536104e+00 
2.536104e+00 
2.536104e+00 
2.536104e+00 
2.536104e+00 
2.536104e+00 
2.536104e+00 
2.536104e+00 
2.532427e+00 
2.511249e+00 
2.511249e+00 
2.511249e+00 
2.020987e+00 
2.020987e+00 
2.020987e+00 
2.020987e+00 
2.020987e+00 
1.643912e+00 
1.643912e+00 
1.643912e+00 
1.643912e+00 
1.643912e+00 
1.643912e+00 
1.643912e+00 
1.643912e+00 
1.643912e+00 
1.643912e+00 
1.643912e+00 
1.643912e+00 
1.643912e+00 
1.643912e+00 
1.643912e+00 
1.643912e+00 
1.643912e+00 
1.643912e+00 
1.643912e+00 
1.643912e+00 
1.643912e+00 
1.383958e+00 
1.383958e+00 
1.383958e+00 
1.383958e+00 
1.383958e+00 
1.383958e+00 
1.339381e+00 
1.339381e+00 
1.339381e+00 
1.339381e+00 
1.283495e+00 
1.283495e+00 
1.243429e+00 
1.243429e+00 
1.243429e+00 
1.243429e+00 
1.243429e+00 
1.243429e+00 
1.105084e+00 
1.105084e+00 
1.105084e+00 
1.105084e+00 
1.105084e+00 
1.105084e+00 
1.105084e+00 
1.105084e+00 
1.105084e+00 
1.105084e+00 
1.105084e+00 
1.105084e+00 
1.048465e+00 
1.048465e+00 
1.048465e+00 
1.048465e+00 
1.048465e+00 
9.730167e-01 
9.730167e-01 
9.730167e-01 
9.730167e-01 
9.730167e-01 
9.700090e-01 
9.700090e-01 
9.700090e-01 
9.700090e-01 
9.700090e-01 
9.700090e-01 
9.594238e-01 
9.594238e-01 
9.584225e-01 
9.584225e-01 
9.584225e-01 
9.584225e-01 
9.584225e-01 
9.584225e-01 
9.584225e-01 
9.584225e-01 
9.584225e-01 
9.584225e-01 
9.584225e-01 
9.584225e-01 
9.584225e-01 
9.584225e-01 
9.584225e-01 
9.584225e-01 
9.584225e-01 
9.584225e-01 
9.584225e-01 
9.584225e-01 
9.584225e-01 
9.584225e-01 
9.584225e-01 
9.571420e-01 
9.571420e-01 
9.571420e-01 
9.571420e-01 
9.571420e-01 
9.563242e-01 
9.563242e-01 
9.563242e-01 
9.563242e-01 
9.563242e-01 
9.563242e-01 
9.563242e-01 
9.563242e-01 
9.563242e-01 
9.563242e-01 
9.563242e-01 
9.563242e-01 
9.563242e-01 
9.563242e-01 
9.563242e-01 
9.563242e-01 
9.563242e-01 
9.563242e-01 
9.563242e-01 
9.563242e-01 
9.563242e-01 
9.563242e-01 
9.563242e-01 
9.563242e-01 
9.563242e-01 
9.563242e-01 
9.563242e-01 
9.563242e-01 
9.563242e-01 
9.563242e-01 
9.563242e-01 
9.563242e-01 
9.563242e-01 
9.563242e-01 
9.563242e-01 
9.563242e-01 
9.563242e-01 
9.563242e-01 
9.563242e-01 
9.563242e-01 
9.563242e-01 
9.563242e-01 
9.563242e-01 
9.563242e-01 
9.563242e-01 
9.563242e-01 
9.563242e-01 
9.563242e-01 
9.563242e-01 
9.563242e-01 
9.563242e-01 
9.563242e-01 
9.563242e-01 
9.563242e-01 
9.563242e-01 
9.563242e-01 
9.563242e-01 
9.563242e-01 
9.563242e-01 
9.563242e-01 
9.563242e-01 
9.563242e-01 
9.563242e-01 
9.563242e-01 
9.563242e-01 
9.563242e-01 
9.563242e-01 
9.563242e-01 
9.563242e-01 
9.563242e-01 
9.563242e-01 
9.563242e-01 
9.563242e-01 
9.563242e-01 
9.563242e-01 
9.563242e-01 
9.563242e-01 
9.563242e-01 
9.563242e-01 
9.563242e-01 
9.563242e-01 
9.563242e-01 
9.563242e-01 
9.563242e-01 
9.563242e-01 
9.563242e-01 
9.563242e-01 
9.563242e-01 
9.563242e-01 
9.563242e-01 
9.563242e-01 
9.563242e-01 
9.563242e-01 
9.563242e-01 
9.558512e-01 
9.558512e-01 
9.558512e-01 
9.558512e-01 
9.556386e-01 
9.556386e-01 
9.556386e-01 
9.556386e-01 
9.556386e-01 
9.556386e-01 
9.556386e-01 
9.556386e-01 
9.556386e-01 
9.556386e-01 
9.556386e-01 
7.723157e-01 
7.723157e-01 
7.723157e-01 
7.723157e-01 
7.723157e-01 
7.723157e-01 
7.723157e-01 
7.723157e-01 
7.723157e-01 
7.723157e-01 
7.723157e-01 
7.723157e-01 
7.723157e-01 
7.723157e-01 
7.723157e-01 
7.723157e-01 
7.723157e-01 
7.718186e-01 
7.411887e-01 
7.411887e-01 
6.915013e-01 
6.915013e-01 
6.280437e-01 
6.280437e-01 
6.280437e-01 
6.280437e-01 
6.280437e-01 
6.280437e-01 
6.280437e-01 
6.280437e-01 
6.280437e-01 
6.280437e-01 
6.280437e-01 
6.280437e-01 
6.280437e-01 
6.280437e-01 
6.280437e-01 
6.280437e-01 
6.280437e-01 
6.280437e-01 
6.280437e-01 
6.280437e-01 
6.280437e-01 
6.280437e-01 
6.280437e-01 
6.280437e-01 
6.280437e-01 
6.280437e-01 
6.280437e-01 
5.999597e-01 
5.999597e-01 
5.999597e-01 
5.999597e-01 
5.918696e-01 
5.918696e-01 
5.918696e-01 
5.918696e-01 
5.918696e-01 
5.918696e-01 
5.918696e-01 
5.918696e-01 
5.465639e-01 
5.465639e-01 
5.437701e-01 
5.437701e-01 
5.437701e-01 
4.599437e-01 
4.599437e-01 
4.313419e-01 
4.313419e-01 
4.313419e-01 
4.313419e-01 
3.964317e-01 
3.964317e-01 
3.964317e-01 
3.964317e-01 
3.137680e-01 
3.137680e-01 
3.137680e-01 
3.137680e-01 
3.137680e-01 
2.872135e-01 
2.872135e-01 
2.534107e-01 
2.534107e-01 
2.534107e-01 
2.534107e-01 
2.534107e-01 
2.534107e-01 
2.534107e-01 
2.534107e-01 
2.446560e-01 
2.446560e-01 
2.446560e-01 
2.390727e-01 
2.390727e-01 
2.390727e-01 
2.390727e-01 
2.390727e-01 
2.390727e-01 
2.281234e-01 
2.235669e-01 
2.235669e-01 
2.235669e-01 
2.235669e-01 
2.235669e-01 
2.235669e-01 
2.235669e-01 
2.235669e-01 
2.235669e-01 
2.235669e-01 
2.235669e-01 
2.235669e-01 
2.235669e-01 
2.235669e-01 
2.235669e-01 
2.235669e-01 
2.235669e-01 
2.235669e-01 
2.235669e-01 
2.235669e-01 
2.235669e-01 
2.235669e-01 
2.235669e-01 
2.235669e-01 
2.235669e-01 
2.235669e-01 
2.229110e-01 
2.229110e-01 
2.229110e-01 
2.229110e-01 
2.229110e-01 
2.229110e-01 
2.229110e-01 
2.083119e-01 
2.083119e-01 
2.083119e-01 
2.083119e-01 
2.083119e-01 
2.083119e-01 
2.083119e-01 
1.546905e-01 
1.546905e-01 
1.546905e-01 
1.546905e-01 
1.546905e-01 
1.546905e-01 
1.546905e-01 
1.546905e-01 
1.546905e-01 
1.546905e-01 
1.546905e-01 
1.546905e-01 
1.546905e-01 
1.546905e-01 
1.546905e-01 
1.546905e-01 
1.546905e-01 
1.546905e-01 
1.546905e-01 
1.546905e-01 
1.546905e-01 
1.546905e-01 
1.546905e-01 
1.546905e-01 
1.546905e-01 
1.392699e-01 
1.392699e-01 
1.356841e-01 
1.356841e-01 
1.356841e-01 
1.356841e-01 
1.356841e-01 
1.356841e-01 
1.356841e-01 
1.356841e-01 
1.150635e-01 
1.150635e-01 
1.150635e-01 
1.150635e-01 
1.150635e-01 
1.150635e-01 
1.150635e-01 
1.150635e-01 
1.150635e-01 
1.150635e-01 
1.150635e-01 
9.741091e-02 
9.741091e-02 
9.741091e-02 
9.741091e-02 
9.741091e-02 
9.741091e-02 
9.741091e-02 
9.741091e-02 
9.741091e-02 
9.741091e-02 
9.741091e-02 
9.741091e-02 
9.741091e-02 
9.741091e-02 
9.741091e-02 
9.741091e-02 
9.741091e-02 
9.741091e-02 
9.741091e-02 
9.741091e-02 
9.741091e-02 
9.741091e-02 
9.741091e-02 
9.741091e-02 
9.741091e-02 
9.741091e-02 
9.741091e-02 
9.741091e-02 
8.929658e-02 
8.929658e-02 
8.929658e-02 
6.058812e-02 
6.058812e-02 
6.058812e-02 
6.058812e-02 
6.058812e-02 
6.058812e-02 
6.058812e-02 
6.058812e-02 
6.058812e-02 
6.058812e-02 
6.058812e-02 
6.058812e-02 
6.058812e-02 
6.058812e-02 
5.469803e-02 
5.469803e-02 
5.469803e-02 
5.469803e-02 
5.469803e-02 
5.469803e-02 
5.469803e-02 
5.469803e-02 
5.469803e-02 
5.469803e-02 
5.469803e-02 
5.469803e-02 
5.469803e-02 
5.469803e-02 
5.469803e-02 
5.469803e-02 
5.469803e-02 
5.469803e-02 
5.469803e-02 
5.469803e-02 
5.469803e-02 
5.434574e-02 
5.434574e-02 
4.324520e-02 
4.324520e-02 
4.324520e-02 
4.324520e-02 
4.324520e-02 
4.324520e-02 
4.324520e-02 
4.324520e-02 
4.324520e-02 
4.324520e-02 
4.324520e-02 
4.324520e-02 
4.324520e-02 
4.324520e-02 
4.324520e-02 
4.324520e-02 
4.324520e-02 
4.259979e-02 
4.259979e-02 
4.203611e-02 
4.203611e-02 
4.203611e-02 
4.203611e-02 
4.203611e-02 
3.474676e-02 
3.474676e-02 
3.382808e-02 
3.382808e-02 
3.382808e-02 
3.382808e-02 
3.382808e-02 
3.382808e-02 
3.382808e-02 
3.382808e-02 
3.382808e-02 
3.382808e-02 
3.382808e-02 
2.971998e-02 
2.971998e-02 
2.971998e-02 
2.916229e-02 
2.916229e-02 
2.639316e-02 
2.495218e-02 
2.495218e-02 
2.495218e-02 
2.386056e-02 
2.386056e-02 
2.386056e-02 
2.386056e-02 
2.386056e-02 
2.386056e-02 
2.386056e-02 
2.386056e-02 
2.386056e-02 
2.386056e-02 
2.386056e-02 
2.386056e-02 
2.386056e-02 
2.386056e-02 
2.386056e-02 
2.386056e-02 
2.386056e-02 
2.386056e-02 
1.819727e-02 
1.819727e-02 
1.819727e-02 
1.819727e-02 
1.590800e-02 
1.590800e-02 
1.590800e-02 
1.590800e-02 
1.309266e-02 
1.309266e-02 
1.309266e-02 
1.309266e-02 
1.208557e-02 
1.208557e-02 
1.208557e-02 
1.208557e-02 
1.208557e-02 
1.208557e-02 
1.208557e-02 
1.208557e-02 
1.208557e-02 
1.208557e-02 
1.208557e-02 
1.208557e-02 
1.208557e-02 
1.208557e-02 
1.208557e-02 
1.208557e-02 
1.208557e-02 
1.208557e-02 
1.208557e-02 
1.208557e-02 
1.175530e-02 
1.175530e-02 
1.175530e-02 
1.175530e-02 
1.175530e-02 
1.175530e-02 
1.175530e-02 
1.163045e-02 
1.151947e-02 
1.144833e-02 
1.140174e-02 
1.137063e-02 
1.134949e-02 
1.133492e-02 
1.132476e-02 
1.131762e-02 
1.131257e-02 
1.130897e-02 
1.130640e-02 
1.130456e-02 
1.130323e-02 
1.130228e-02 
1.130160e-02 
1.130111e-02 
1.130075e-02 
1.130050e-02 
1.130031e-02 
1.130018e-02 
1.130008e-02 
1.130002e-02 
1.129997e-02 
1.129993e-02 
1.129990e-02 
1.129989e-02 
1.129987e-02 
1.129986e-02 
1.129985e-02 
1.129985e-02 
1.129985e-02 
1.129984e-02 
1.129984e-02 
1.129984e-02 
1.129984e-02 
1.129984e-02 
1.129984e-02 
1.129984e-02 
1.129984e-02 
1.129984e-02 
1.129984e-02 
1.129984e-02 
1.129984e-02 
1.129984e-02 
1.129984e-02 
1.129984e-02 
1.129984e-02 
1.129984e-02 
1.129984e-02 
1.129984e-02 
1.129984e-02 
1.129984e-02 
1.129984e-02 
1.129984e-02 
1.129984e-02 
1.129984e-02 
1.129984e-02 
1.129984e-02 
1.129984e-02 
1.129984e-02 
1.129984e-02 
1.129984e-02 
1.129984e-02 
1.129984e-02 
1.129984e-02 
1.129984e-02 
1.129984e-02 
1.129984e-02 
1.129984e-02 
1.129984e-02 
1.129984e-02 
1.129984e-02 
1.129984e-02 
1.129984e-02 
1.129984e-02 
1.129984e-02 
1.129984e-02 
1.129984e-02 
1.015371e-02 
1.015371e-02 
8.333743e-03 
8.333743e-03 
8.333743e-03 
8.333743e-03 
8.333743e-03 
8.333743e-03 
8.333743e-03 
8.333743e-03 
8.333743e-03 
8.333743e-03 
8.333743e-03 
8.333743e-03 
8.333743e-03 
8.333743e-03 
8.333743e-03 
8.333743e-03 
8.333743e-03 
8.333743e-03 
8.333743e-03 
8.333743e-03 
8.333743e-03 
8.333743e-03 
8.333743e-03 
8.333743e-03 
8.333743e-03 
8.333743e-03 
8.333743e-03 
7.519610e-03 
7.519610e-03 
7.519610e-03 
7.519610e-03 
7.519610e-03 
7.519610e-03 
7.519610e-03 
7.519610e-03 
7.519610e-03 
7.519610e-03 
7.519610e-03 
7.519610e-03 
7.519610e-03 
4.262734e-03 
4.262734e-03 
4.262734e-03 
4.262734e-03 
4.262734e-03 
4.262734e-03 
4.262734e-03 
4.262734e-03 
4.262734e-03 
4.262734e-03 
4.262734e-03 
4.262734e-03 
4.262734e-03 
4.262734e-03 
4.262734e-03 
4.262734e-03 
4.262734e-03 
4.262734e-03 
4.262734e-03 
4.262734e-03 
4.262734e-03 
4.262734e-03 
4.262734e-03 
4.262734e-03 
4.262734e-03 
4.262734e-03 
4.262734e-03 
4.262734e-03 
4.262734e-03 
4.262734e-03 
4.262734e-03 
4.262734e-03 
4.262734e-03 
3.892174e-03 
3.892174e-03 
3.892174e-03 
3.892174e-03 
3.892174e-03 
3.263848e-03 
3.263848e-03 
3.263848e-03 
3.263848e-03 
3.068485e-03 
2.977543e-03 
2.977543e-03 
2.977543e-03 
2.976361e-03 
2.976361e-03 
2.926804e-03 
2.926804e-03 
2.887423e-03 
2.887423e-03 
2.887423e-03 
2.887423e-03 
2.887423e-03 
2.887423e-03 
2.814666e-03 
2.814666e-03 
2.814666e-03 
2.814666e-03 
2.802720e-03 
2.781535e-03 
2.778691e-03 
2.778691e-03 
2.765243e-03 
2.754481e-03 
2.747761e-03 
2.743458e-03 
2.740640e-03 
2.738759e-03 
2.737482e-03 
2.736605e-03 
2.735997e-03 
2.735572e-03 
2.735274e-03 
2.735063e-03 
2.734914e-03 
2.734809e-03 
2.734734e-03 
2.734681e-03 
2.734643e-03 
2.734616e-03 
2.734597e-03 
2.734583e-03 
2.734573e-03 
2.734566e-03 
2.734561e-03 
2.734558e-03 
2.734555e-03 
2.734554e-03 
2.734552e-03 
2.734551e-03 
2.734551e-03 
2.734550e-03 
2.734550e-03 
2.734550e-03 
2.734550e-03 
2.734550e-03 
2.734549e-03 
2.734549e-03 
2.734549e-03 
2.734549e-03 
2.734549e-03 
2.734549e-03 
2.734549e-03 
2.734549e-03 
2.734549e-03 
2.734549e-03 
2.734549e-03 
2.577553e-03 
2.577553e-03 
2.577553e-03 
2.577553e-03 
2.577553e-03 
2.577553e-03 
2.577553e-03 
2.577553e-03 
2.122615e-03 
2.122615e-03 
2.122615e-03 
2.122615e-03 
2.122615e-03 
2.122615e-03 
2.122615e-03 
2.122615e-03 
2.122615e-03 
2.122615e-03 
2.122615e-03 
2.122615e-03 
2.122615e-03 
2.122615e-03 
2.122615e-03 
2.122615e-03 
2.122615e-03 
2.122615e-03 
2.122615e-03 
2.122615e-03 
2.122615e-03 
2.122615e-03 
2.122615e-03 
2.122615e-03 
2.072445e-03 
2.072445e-03 
2.028329e-03 
2.028329e-03 
2.028329e-03 
2.002151e-03 
2.002151e-03 
2.002151e-03 
1.746629e-03 
1.746629e-03 
1.746629e-03 
1.746629e-03 
1.746629e-03 
1.746629e-03 
1.590878e-03 
1.590878e-03 
1.590878e-03 
1.590878e-03 
1.590878e-03 
1.590878e-03 
1.590878e-03 
1.590878e-03 
1.590878e-03 
1.590878e-03 
1.590878e-03 
1.590878e-03 
1.247892e-03 
1.247892e-03 
1.247892e-03 
1.247892e-03 
1.247892e-03 
1.247892e-03 
1.247892e-03 
1.247892e-03 
1.247892e-03 
1.247892e-03 
1.247892e-03 
1.247892e-03 
1.247892e-03 
1.247892e-03 
1.247892e-03 
1.247892e-03 
1.247892e-03 
1.247892e-03 
1.247892e-03 
1.247892e-03 
1.094906e-03 
1.094906e-03 
1.094906e-03 
1.094906e-03 
1.094906e-03 
1.094906e-03 
1.094906e-03 
8.859594e-04 
8.859594e-04 
8.818910e-04 
8.818910e-04 
8.818910e-04 
8.818910e-04 
8.818910e-04 
8.818910e-04 
8.818910e-04 
8.818910e-04 
8.818910e-04 
8.818910e-04 
8.818910e-04 
8.818910e-04 
8.818910e-04 
8.818910e-04 
8.818910e-04 
8.818910e-04 
8.818910e-04 
8.818910e-04 
8.818910e-04 
8.818910e-04 
8.818910e-04 
8.818910e-04 
8.818910e-04 
8.818910e-04 
8.818910e-04 
8.818910e-04 
8.818910e-04 
8.818910e-04 
8.818910e-04 
8.818910e-04 
8.818910e-04 
7.274973e-04 
7.274973e-04 
7.274973e-04 
7.274973e-04 
7.274973e-04 
7.274973e-04 
7.274973e-04 
7.274973e-04 
7.274973e-04 
7.274973e-04 
7.274973e-04 
7.274973e-04 
7.274973e-04 
7.188634e-04 
7.188634e-04 
7.188634e-04 
7.188634e-04 
7.188634e-04 
7.188634e-04 
7.188634e-04 
7.188634e-04 
7.188634e-04 
7.188634e-04 
7.188634e-04 
7.188634e-04 
7.188634e-04 
7.166026e-04 
7.166026e-04 
7.166026e-04 
7.166026e-04 
7.166026e-04 
7.166026e-04 
7.166026e-04 
7.166026e-04 
7.166026e-04 
7.166026e-04 
6.450353e-04 
5.626510e-04 
5.626510e-04 
5.626510e-04 
5.626510e-04 
5.626510e-04 
5.626510e-04 
5.626510e-04 
5.626510e-04 
5.626510e-04 
5.609903e-04 
5.609903e-04 
5.609903e-04 
5.609903e-04 
5.609903e-04 
5.609903e-04 
5.609903e-04 
5.609903e-04 
5.383066e-04 
5.383066e-04 
5.383066e-04 
5.383066e-04 
5.383066e-04 
5.133125e-04 
5.133125e-04 
5.133125e-04 
5.022747e-04 
5.022747e-04 
5.022747e-04 
5.022747e-04 
5.022747e-04 
5.022747e-04 
4.991011e-04 
4.991011e-04 
4.991011e-04 
4.969031e-04 
4.969031e-04 
4.808268e-04 
4.808268e-04 
4.808268e-04 
4.657318e-04 
4.481309e-04 
4.396311e-04 
4.356827e-04 
4.339332e-04 
4.332141e-04 
4.329608e-04 
4.329067e-04 
4.329067e-04 
4.328804e-04 
4.328804e-04 
4.328804e-04 
4.328804e-04 
4.324138e-04 
4.320763e-04 
4.318547e-04 
4.317067e-04 
4.316067e-04 
4.315385e-04 
4.314915e-04 
4.314591e-04 
4.314365e-04 
4.314209e-04 
3.992908e-04 
3.798083e-04 
3.798083e-04 
3.465758e-04 
3.465758e-04 
3.325628e-04 
3.325628e-04 
3.325628e-04 
3.325628e-04 
3.187728e-04 
2.903039e-04 
2.903039e-04 
2.903039e-04 
2.824879e-04 
2.824879e-04 
2.824879e-04 
2.824879e-04 
2.824879e-04 
2.824879e-04 
2.812858e-04 
2.812858e-04 
2.571409e-04 
2.571409e-04 
2.351211e-04 
2.016209e-04 
1.949453e-04 
1.949453e-04 
1.811193e-04 
1.742410e-04 
1.513839e-04 
1.513839e-04 
1.237566e-04 
1.237566e-04 
1.237566e-04 
1.237566e-04 
1.237566e-04 
1.237566e-04 
1.237566e-04 
1.237566e-04 
1.237566e-04 
1.236190e-04 
1.236190e-04 
1.236190e-04 
1.236190e-04 
1.236190e-04 
1.236190e-04 
1.236190e-04 
1.236190e-04 
1.142284e-04 
1.142284e-04 
1.142284e-04 
1.142284e-04 
1.142284e-04 
1.142284e-04 
1.142284e-04 
1.142284e-04 
1.142284e-04 
1.142284e-04 
1.142284e-04 
1.142284e-04 
1.142284e-04 
1.142284e-04 
1.142284e-04 
1.142284e-04 
1.142284e-04 
1.142284e-04 
1.142284e-04 
1.142284e-04 
1.142284e-04 
1.142284e-04 
1.142284e-04 
1.142284e-04 
1.142284e-04 
1.142284e-04 
1.091957e-04 
1.091957e-04 
1.091957e-04 
1.091957e-04 
1.091957e-04 
1.091957e-04 
1.091957e-04 
1.091957e-04 
1.066578e-04 
1.066578e-04 
1.066578e-04 
1.066578e-04 
1.066578e-04 
1.066578e-04 
1.066578e-04 
1.065064e-04 
1.065064e-04 
9.779414e-05 
9.779414e-05 
9.779414e-05 
9.779414e-05 
9.507058e-05 
9.507058e-05 
9.507058e-05 
9.507058e-05 
9.507058e-05 
9.507058e-05 
9.507058e-05 
9.507058e-05 
9.507058e-05 
9.507058e-05 
9.507058e-05 
9.507058e-05 
9.507058e-05 
9.507058e-05 
9.507058e-05 
9.229396e-05 
9.229396e-05 
9.134862e-05 
9.134862e-05 
9.134862e-05 
9.134862e-05 
9.134862e-05 
9.134862e-05 
9.117359e-05 
9.064741e-05 
9.030563e-05 
9.007984e-05 
8.992869e-05 
8.982649e-05 
8.975687e-05 
8.748957e-05 
8.410041e-05 
8.410041e-05 
8.410041e-05 
8.410041e-05 
8.410041e-05 
8.410041e-05 
7.521225e-05 
7.521225e-05 
7.521225e-05 
7.521225e-05 
7.521225e-05 
7.521225e-05 
7.521225e-05 
6.057794e-05 
5.657402e-05 
5.408199e-05 
5.162192e-05 
5.162192e-05 
5.162192e-05 
5.162192e-05 
5.162192e-05 
5.162192e-05 
5.151303e-05 
5.151303e-05 
5.038655e-05 
4.676148e-05 
4.676148e-05 
4.676148e-05 
4.397851e-05 
4.289156e-05 
4.289156e-05 
4.289156e-05 
4.278185e-05 
4.263967e-05 
4.263967e-05 
4.263967e-05 
4.263967e-05 
4.263967e-05 
4.262487e-05 
4.262487e-05 
4.256562e-05 
4.245287e-05 
4.239023e-05 
4.235428e-05 
4.233296e-05 
4.231991e-05 
4.231169e-05 
4.230640e-05 
4.230293e-05 
4.230062e-05 
4.229906e-05 
3.337309e-05 
3.337309e-05 
3.337309e-05 
3.337309e-05 
3.337309e-05 
3.337309e-05 
3.337309e-05 
3.337309e-05 
3.040979e-05 
3.040979e-05 
3.040979e-05 
3.040979e-05 
3.040979e-05 
3.040979e-05 
3.040979e-05 
3.040979e-05 
3.040979e-05 
2.792247e-05 
2.788010e-05 
2.788010e-05 
2.788010e-05 
2.788010e-05 
2.788010e-05 
2.788010e-05 
2.788010e-05 
2.498542e-05 
2.498542e-05 
2.498542e-05 
2.498542e-05 
2.498542e-05 
2.498542e-05 
2.498542e-05 
2.498542e-05 
2.498542e-05 
2.498542e-05 
2.498542e-05 
2.498542e-05 
2.498542e-05 
2.498542e-05 
2.498542e-05 
2.498542e-05 
2.081282e-05 
2.081282e-05 
2.081282e-05 
2.081282e-05 
2.081282e-05 
2.081282e-05 
2.081282e-05 
2.081282e-05 
2.081282e-05 
2.081282e-05 
1.988562e-05 
1.719278e-05 
1.719278e-05 
1.368292e-05 
1.368292e-05 
1.368292e-05 
1.368292e-05 
1.220487e-05 
1.220487e-05 
1.220487e-05 
1.220487e-05 
1.220487e-05 
1.149618e-05 
1.149618e-05 
1.149618e-05 
1.149618e-05 
1.149618e-05 
1.149618e-05 
1.149618e-05 
1.149618e-05 
1.149618e-05 
1.149618e-05 
1.149618e-05 
1.149618e-05 
1.149618e-05 
1.149618e-05 
1.149618e-05 
1.149618e-05 
1.149618e-05 
1.145327e-05 
1.145327e-05 
1.138211e-05 
1.138211e-05 
1.135577e-05 
1.135577e-05 
1.135577e-05 
1.135577e-05 
1.122480e-05 
1.122480e-05 
1.122480e-05 
1.122480e-05 
1.122480e-05 
1.111746e-05 
1.107212e-05 
1.106262e-05 
1.106262e-05 
1.052944e-05 
1.052944e-05 
8.433978e-06 
8.433978e-06 
7.066768e-06 
6.426563e-06 
6.426563e-06 
6.426563e-06 
6.314431e-06 
5.207390e-06 
5.207390e-06 
5.207390e-06 
5.207390e-06 
4.812452e-06 
4.789140e-06 
4.789140e-06 
4.635413e-06 
4.635413e-06 
4.635413e-06 
4.635413e-06 
4.635413e-06 
4.146745e-06 
4.146745e-06 
4.146745e-06 
4.146745e-06 
4.146745e-06 
4.146745e-06 
4.146745e-06 
4.146745e-06 
4.146745e-06 
4.032576e-06 
4.032576e-06 
4.032576e-06 
4.032576e-06 
4.032576e-06 
4.032576e-06 
4.032576e-06 
4.032576e-06 
4.032576e-06 
4.032576e-06 
3.907571e-06 
3.675281e-06 
3.064132e-06 
3.064132e-06 
3.064132e-06 
3.064132e-06 
3.064132e-06 
3.064132e-06 
3.064132e-06 
2.888381e-06 
2.888381e-06 
2.888381e-06 
2.888381e-06 
2.846912e-06 
2.846912e-06 
2.846912e-06 
2.846912e-06 
2.846912e-06 
2.846912e-06 
2.846912e-06 
2.838565e-06 
2.838565e-06 
2.838565e-06 
2.838565e-06 
2.838565e-06 
2.838565e-06 
2.838565e-06 
2.807211e-06 
2.807211e-06 
2.765452e-06 
2.729287e-06 
2.729287e-06 
2.726588e-06 
2.722124e-06 
2.592364e-06 
1.994060e-06 
1.994060e-06 
1.994060e-06 
1.994060e-06 
1.994060e-06 
1.937971e-06 
1.875550e-06 
1.875550e-06 
1.875550e-06 
1.875550e-06 
1.875550e-06 
1.875550e-06 
1.719505e-06 
1.719505e-06 
1.719505e-06 
1.719505e-06 
1.719505e-06 
1.700861e-06 
1.700861e-06 
1.618782e-06 
1.430734e-06 
1.430734e-06 
1.430734e-06 
1.187051e-06 
1.187051e-06 
1.187051e-06 
1.187051e-06 
1.187051e-06 
1.187051e-06 
1.187051e-06 
1.117305e-06 
1.044531e-06 
1.044531e-06 
1.044531e-06 
1.044531e-06 
1.044531e-06 
1.044531e-06 
1.044531e-06 
1.044531e-06 
1.044531e-06 
1.044531e-06 
1.044531e-06 
1.044531e-06 
1.044531e-06 
1.044531e-06 
9.480257e-07 
9.480257e-07 
9.480257e-07 
9.480257e-07 
9.480257e-07 
9.480257e-07 
9.480257e-07 
9.480257e-07 
9.480257e-07 
9.480257e-07 
9.480257e-07 
9.172681e-07 
9.141990e-07 
9.141990e-07 
9.141990e-07 
9.141990e-07 
9.141990e-07 
9.141990e-07 
9.141990e-07 
9.141990e-07 
9.141990e-07 
8.085965e-07 
6.518053e-07 
6.518053e-07 
6.518053e-07 
6.337616e-07 
6.337616e-07 
6.337616e-07 
6.337616e-07 
6.337616e-07 
5.967208e-07 
5.930840e-07 
5.930840e-07 
5.599542e-07 
5.599542e-07 
5.599542e-07 
4.971859e-07 
4.442571e-07 
4.442571e-07 
4.442571e-07 
4.442571e-07 
4.442571e-07 
3.955204e-07 
3.955204e-07 
3.955204e-07 
3.955204e-07 
3.955204e-07 
3.955204e-07 
3.955204e-07 
3.955204e-07 
3.678820e-07 
3.231125e-07 
3.231125e-07 
3.231125e-07 
3.231125e-07 
3.231125e-07 
3.231125e-07 
3.231125e-07 
3.231125e-07 
3.231125e-07 
3.231125e-07 
3.204917e-07 
3.204917e-07 
3.204917e-07 
3.204917e-07 
3.154215e-07 
2.904555e-07 
2.904555e-07 
2.166310e-07 
2.166310e-07 
2.166310e-07 
2.166310e-07 
2.166310e-07 
2.166310e-07 
2.166310e-07 
2.166310e-07 
2.166310e-07 
2.087920e-07 
2.087920e-07 
2.087920e-07 
2.087920e-07 
2.039724e-07 
2.039724e-07 
1.977892e-07 
1.977892e-07 
1.977892e-07 
1.977892e-07 
1.977892e-07 
1.977892e-07 
1.977892e-07 
1.977892e-07 
1.950133e-07 
1.950133e-07 
1.950133e-07 
1.950133e-07 
1.950133e-07 
1.950133e-07 
1.950133e-07 
1.824957e-07 
1.813233e-07 
1.813233e-07 
1.813233e-07 
1.808077e-07 
1.808077e-07 
1.808077e-07 
1.808077e-07 
1.808077e-07 
1.808077e-07 
1.808077e-07 
1.808077e-07 
1.808077e-07 
1.808077e-07 
1.260232e-07 
1.260232e-07 
1.182308e-07 
1.182308e-07 
1.182308e-07 
1.182308e-07 
1.182308e-07 
1.182308e-07 
1.182308e-07 
1.182308e-07 
1.182308e-07 
1.182308e-07 
1.182308e-07 
1.182308e-07 
1.182308e-07 
1.182308e-07 
1.182308e-07 
1.182308e-07 
1.182308e-07 
1.182308e-07 
1.182308e-07 
1.019328e-07 
9.578480e-08 
9.578480e-08 
9.578480e-08 
9.578480e-08 
9.578480e-08 
9.133956e-08 
9.133956e-08 
9.133956e-08 
9.133956e-08 
9.133956e-08 
8.937684e-08 
8.937684e-08 
8.937684e-08 
8.937684e-08 
8.937684e-08 
8.937684e-08 
8.817713e-08 
8.541353e-08 
8.541353e-08 
8.541353e-08 
8.541353e-08 
8.541353e-08 
8.541353e-08 
7.077280e-08 
7.077280e-08 
7.077280e-08 
7.077280e-08 
7.077280e-08 
7.077280e-08 
7.077280e-08 
6.944994e-08 
6.944994e-08 
6.944994e-08 
6.944994e-08 
6.608860e-08 
6.202643e-08 
6.188891e-08 
6.188891e-08 
6.188891e-08 
6.090374e-08 
6.090374e-08 
6.090374e-08 
6.090374e-08 
6.090374e-08 
6.090374e-08 
6.090374e-08 
5.755283e-08 
5.755283e-08 
5.755283e-08 
5.755283e-08 
5.755283e-08 
5.755283e-08 
5.755283e-08 
5.755283e-08 
5.755283e-08 
5.290813e-08 
5.290813e-08 
5.290813e-08 
5.290813e-08 
5.290813e-08 
4.786975e-08 
4.786975e-08 
4.786975e-08 
4.786975e-08 
4.786975e-08 
4.786975e-08 
4.786975e-08 
4.786975e-08 
4.786975e-08 
4.786975e-08 
4.107083e-08 
4.107083e-08 
4.107083e-08 
4.107083e-08 
3.375240e-08 
3.375240e-08 
3.375240e-08 
3.375240e-08 
3.314878e-08 
3.314878e-08 
3.177785e-08 
3.034527e-08 
3.034527e-08 
2.490612e-08 
2.490612e-08 
2.490612e-08 
2.490612e-08 
2.490612e-08 
2.490612e-08 
2.490612e-08 
2.490612e-08 
1.888080e-08 
1.888080e-08 
1.888080e-08 
1.888080e-08 
1.888080e-08 
1.876071e-08 
1.876071e-08 
1.876071e-08 
1.852838e-08 
1.852838e-08 
1.852838e-08 
1.852838e-08 
1.852838e-08 
1.852838e-08 
1.852838e-08 
1.852838e-08 
1.852838e-08 
1.852838e-08 
1.852838e-08 
1.831265e-08 
1.831265e-08 
1.831265e-08 
1.826660e-08 
1.826660e-08 
1.629260e-08 
1.419297e-08 
1.419297e-08 
1.419297e-08 
1.419297e-08 
1.419297e-08 
9.599299e-09 
9.599299e-09 
9.599299e-09 
9.599299e-09 
9.599299e-09 
9.599299e-09 
9.599299e-09 
8.465895e-09 
6.942322e-09 
6.942322e-09 
6.726886e-09 
6.726886e-09 
6.726886e-09 
5.430660e-09 
5.430660e-09 
5.388952e-09 
5.388952e-09 
5.388952e-09 
5.388952e-09 
5.388952e-09 
5.388952e-09 
4.789511e-09 
3.853193e-09 
3.853193e-09 
3.853193e-09 
3.853193e-09 
3.853193e-09 
3.853193e-09 
3.853193e-09 
3.853193e-09 
3.853193e-09 
3.853193e-09 
3.696607e-09 
3.696607e-09 
3.632810e-09 
3.323528e-09 
3.307967e-09 
2.885203e-09 
2.885203e-09 
2.885203e-09 
2.825953e-09 
2.825953e-09 
2.825953e-09 
2.614593e-09 
2.614593e-09 
2.614593e-09 
2.614593e-09 
2.614593e-09 
2.614593e-09 
2.614593e-09 
2.614593e-09 
2.592282e-09 
2.508447e-09 
2.508447e-09 
2.442730e-09 
2.426450e-09 
2.064420e-09 
2.064420e-09 
2.064420e-09 
2.064420e-09 
2.064420e-09 
1.891873e-09 
1.891873e-09 
1.891873e-09 
1.891092e-09 
1.680505e-09 
1.620499e-09 
1.620499e-09 
1.551550e-09 
1.533147e-09 
1.499405e-09 
1.451781e-09 
1.451781e-09 
1.420517e-09 
1.420517e-09 
1.420517e-09 
1.419735e-09 
1.419735e-09 
1.419735e-09 
1.402114e-09 
1.389537e-09 
1.389537e-09 
1.388329e-09 
1.388329e-09 
1.357989e-09 
1.356879e-09 
1.356879e-09 
1.325651e-09 
1.319265e-09 
1.292939e-09 
1.292939e-09 
1.292939e-09 
1.240057e-09 
1.086722e-09 
1.086722e-09 
1.086722e-09 
9.938628e-10 
9.938628e-10 
9.938628e-10 
9.863932e-10 
9.863932e-10 
9.863932e-10 
9.863932e-10 
9.218137e-10 
8.868994e-10 
8.699264e-10 
8.615597e-10 
8.573231e-10 
8.551027e-10 
8.372680e-10 
8.372680e-10 
6.967582e-10 
6.967582e-10 
6.967582e-10 
6.967582e-10 
6.967582e-10 
6.958878e-10 
6.958878e-10 
6.782219e-10 
6.782219e-10 
6.782219e-10 
6.048584e-10 
6.048584e-10 
4.812062e-10 
4.812062e-10 
4.812062e-10 
4.812062e-10 
3.941025e-10 
3.941025e-10 
3.941025e-10 
3.941025e-10 
3.941025e-10 
3.941025e-10 
3.941025e-10 
3.583001e-10 
3.583001e-10 
3.518608e-10 
3.518608e-10 
3.518608e-10 
3.462830e-10 
2.915712e-10 
2.915712e-10 
2.915712e-10 
2.832667e-10 
2.832667e-10 
2.832667e-10 
2.832667e-10 
2.832667e-10 
2.832667e-10 
2.832667e-10 
2.832667e-10 
2.832667e-10 
2.832667e-10 
2.832667e-10 
2.832667e-10 
2.832667e-10 
2.832667e-10 
2.832667e-10 
2.832667e-10 
2.577316e-10 
2.308553e-10 
2.308553e-10 
2.308553e-10 
2.308553e-10 
2.308553e-10 
2.308553e-10 
2.308553e-10 
2.308553e-10 
2.308553e-10 
2.308553e-10 
2.154277e-10 
2.154277e-10 
1.996359e-10 
1.996359e-10 
1.996359e-10 
1.709211e-10 
1.709211e-10 
1.709211e-10 
1.543832e-10 
1.543832e-10 
1.543832e-10 
1.543832e-10 
1.543832e-10 
1.543832e-10 
1.487432e-10 
1.487432e-10 
1.487432e-10 
1.487432e-10 
1.434497e-10 
1.434497e-10 
1.420730e-10 
1.420730e-10 
1.420730e-10 
1.420730e-10 
1.420730e-10 
1.420730e-10 
1.420730e-10 
1.420730e-10 
1.302336e-10 
1.302336e-10 
1.302336e-10 
1.302336e-10 
1.302336e-10 
1.302336e-10 
1.302336e-10 
1.302336e-10 
1.302336e-10 
1.302336e-10 
1.302336e-10 
1.268763e-10 
1.258016e-10 
1.258016e-10 
1.258016e-10 
1.206946e-10 
1.162537e-10 
1.152500e-10 
1.152500e-10 
1.152500e-10 
1.152500e-10 
1.152500e-10 
1.145839e-10 
1.100631e-10 
1.100631e-10 
1.100631e-10 
1.100631e-10 
1.100631e-10 
1.100631e-10 
1.068656e-10 
1.068656e-10 
9.791279e-11 
9.791279e-11 
9.251266e-11 
9.251266e-11 
9.251266e-11 
9.251266e-11 
9.202417e-11 
9.202417e-11 
9.202417e-11 
9.202417e-11 
9.202417e-11 
9.202417e-11 
9.202417e-11 
9.165113e-11 
9.157120e-11 
9.157120e-11 
9.157120e-11 
9.134027e-11 
9.134027e-11 
9.100276e-11 
9.087842e-11 
8.691714e-11 
8.691714e-11 
8.472334e-11 
6.803447e-11 
6.803447e-11 
6.358469e-11 
6.358469e-11 
5.051071e-11 
5.051071e-11 
5.051071e-11 
5.051071e-11 
5.051071e-11 
5.051071e-11 
5.051071e-11 
5.051071e-11 
4.352962e-11 
4.352962e-11 
4.321876e-11 
4.321876e-11 
4.146905e-11 
4.146905e-11 
4.093614e-11 
2.538414e-11 
2.538414e-11 
2.538414e-11 
2.538414e-11 
1.744382e-11 
1.658229e-11 
1.658229e-11 
1.658229e-11 
1.585398e-11 
1.585398e-11 
1.406875e-11 
1.406875e-11 
1.406875e-11 
1.368683e-11 
1.368683e-11 
1.350919e-11 
1.350919e-11 
1.350919e-11 
1.350919e-11 
1.350919e-11 
1.350919e-11 
1.350919e-11 
1.350919e-11 
1.312728e-11 
1.312728e-11 
1.312728e-11 
1.312728e-11 
1.309175e-11 
1.305622e-11 
1.304734e-11 
1.114664e-11 
9.254819e-12 
9.112711e-12 
9.112711e-12 
8.721912e-12 
8.721912e-12 
7.798207e-12 
7.762679e-12 
7.762679e-12 
6.856737e-12 
6.856737e-12 
6.856737e-12 
6.856737e-12 
6.847856e-12 
5.497824e-12 
5.409007e-12 
5.346834e-12 
4.805045e-12 
4.316547e-12 
4.316547e-12 
4.316547e-12 
4.316547e-12 
3.765876e-12 
3.321787e-12 
3.321787e-12 
3.321787e-12 
3.321787e-12 
3.321787e-12 
3.321787e-12 
3.321787e-12 
3.321787e-12 
3.321787e-12 
3.321787e-12 
3.304024e-12 
2.975398e-12 
2.806644e-12 
2.442491e-12 
2.131628e-12 
2.131628e-12 
2.131628e-12 
2.131628e-12 
2.131628e-12 
2.131628e-12 
2.131628e-12 
2.131628e-12 
2.131628e-12 
2.131628e-12 
2.131628e-12 
2.131628e-12 
1.980638e-12 
1.980638e-12 
1.980638e-12 
1.278977e-12 
1.278977e-12 
1.278977e-12 
1.278977e-12 
1.074696e-12 
1.074696e-12 
1.074696e-12 
9.858780e-13 
9.592327e-13 
9.592327e-13 
9.592327e-13 
9.414691e-13 
9.148238e-13 
9.059420e-13 
8.970602e-13 
8.970602e-13 
8.970602e-13 
8.970602e-13 
8.970602e-13 
8.970602e-13 
8.970602e-13 
8.970602e-13 
8.970602e-13 
8.970602e-13 
8.970602e-13 
8.970602e-13 
8.970602e-13 
8.970602e-13 
8.970602e-13 
8.970602e-13 
8.970602e-13 
8.970602e-13 
8.970602e-13 
8.970602e-13 
8.526513e-13 
8.526513e-13 
8.526513e-13 
8.526513e-13 
8.437695e-13 
8.437695e-13 
8.437695e-13 
8.260059e-13 
8.171241e-13 
8.171241e-13 
8.171241e-13 
8.082424e-13 
7.815970e-13 
7.460699e-13 
7.105427e-13 
6.572520e-13 
6.572520e-13 
6.394885e-13 
6.394885e-13 
6.394885e-13 
6.394885e-13 
5.773160e-13 
5.595524e-13 
5.595524e-13 
5.595524e-13 
5.595524e-13 
5.506706e-13 
4.618528e-13 
4.618528e-13 
4.085621e-13 
3.996803e-13 
3.996803e-13 
3.996803e-13 
3.996803e-13 
3.996803e-13 
3.996803e-13 
3.996803e-13 
3.996803e-13 
3.996803e-13 
3.996803e-13 
3.996803e-13 
3.996803e-13 
2.753353e-13 
2.753353e-13 
2.753353e-13 
2.753353e-13 
2.753353e-13 
2.753353e-13 
2.753353e-13 
2.753353e-13 
2.753353e-13 
2.753353e-13 
2.753353e-13 
2.753353e-13 
2.753353e-13 
2.753353e-13 
2.753353e-13 
2.753353e-13 
2.753353e-13 
2.753353e-13 
2.753353e-13 
2.309264e-13 
2.220446e-13 
2.220446e-13 
2.220446e-13 
1.776357e-13 
1.776357e-13 
1.776357e-13 
1.332268e-13 
1.332268e-13 
1.332268e-13 
1.332268e-13 
1.332268e-13 
1.332268e-13 
1.332268e-13 
1.332268e-13 
1.332268e-13 
1.332268e-13 
1.065814e-13 
1.065814e-13 
1.065814e-13 
1.065814e-13 
1.065814e-13 
1.065814e-13 
1.065814e-13 
1.065814e-13 
1.065814e-13 
1.065814e-13 
1.065814e-13 
9.769963e-14 
9.769963e-14 
8.881784e-14 
8.881784e-14 
7.105427e-14 
7.105427e-14 
7.105427e-14 
6.217249e-14 
6.217249e-14 
5.329071e-14 
5.329071e-14 
5.329071e-14 
3.552714e-14 
3.552714e-14 
3.552714e-14 
3.552714e-14 
3.552714e-14 
3.552714e-14 
3.552714e-14 
3.552714e-14 
3.552714e-14 
3.552714e-14 
3.552714e-14 
3.552714e-14 
3.552714e-14 
3.552714e-14 
3.552714e-14 
3.552714e-14 
3.552714e-14 
3.552714e-14 
3.552714e-14 
3.552714e-14 
3.552714e-14 
3.552714e-14 
3.552714e-14 
3.552714e-14 
3.552714e-14 
3.552714e-14 
3.552714e-14 
3.552714e-14 
3.552714e-14 
3.552714e-14 
3.552714e-14 
3.552714e-14 
3.552714e-14 
3.552714e-14 
3.552714e-14 
3.552714e-14 
3.552714e-14 
3.552714e-14 
3.552714e-14 
2.664535e-14 
2.664535e-14 
2.664535e-14 
2.664535e-14 
2.664535e-14 
2.664535e-14 
1.776357e-14 
1.776357e-14 
1.776357e-14 
1.776357e-14 
1.776357e-14 
1.776357e-14 
1.776357e-14 
1.776357e-14 
1.776357e-14 
1.776357e-14 
1.776357e-14 
1.776357e-14 
1.776357e-14 
1.776357e-14 
1.776357e-14 
1.776357e-14 
1.776357e-14 
1.776357e-14 
1.776357e-14 
1.776357e-14 
1.776357e-14 
1.776357e-14 
1.776357e-14 
1.776357e-14 
1.776357e-14 
1.776357e-14 
1.776357e-14 
1.776357e-14 
1.776357e-14 
1.776357e-14 
1.776357e-14 
1.776357e-14 
1.776357e-14 
1.776357e-14 
1.776357e-14 
1.776357e-14 
1.776357e-14 
1.776357e-14 
1.776357e-14 
1.776357e-14 
1.776357e-14 
1.776357e-14 
1.776357e-14 
1.776357e-14 
1.776357e-14 
1.776357e-14 
1.776357e-14 
1.776357e-14 
1.776357e-14 
1.776357e-14 
1.776357e-14 
1.776357e-14 
1.776357e-14 
1.776357e-14 
1.776357e-14 
1.776357e-14 
1.776357e-14 
1.776357e-14 
1.776357e-14 
1.776357e-14 
1.776357e-14 
1.776357e-14 
1.776357e-14 
1.776357e-14 
1.776357e-14 
1.776357e-14 
1.776357e-14 
1.776357e-14 
1.776357e-14 
1.776357e-14 
1.776357e-14 
1.776357e-14 
8.881784e-15 
8.881784e-15 
8.881784e-15 
8.881784e-15 
8.881784e-15 
8.881784e-15 
8.881784e-15 
8.881784e-15 
8.881784e-15 
8.881784e-15 
8.881784e-15 
8.881784e-15 
8.881784e-15 
8.881784e-15 
8.881784e-15 
8.881784e-15 
8.881784e-15 
8.881784e-15 
8.881784e-15 
8.881784e-15 
8.881784e-15 
8.881784e-15 
8.881784e-15 
8.881784e-15 
8.881784e-15 
8.881784e-15 
8.881784e-15 
8.881784e-15 
8.881784e-15 
8.881784e-15 
8.881784e-15 
8.881784e-15 
8.881784e-15 
8.881784e-15 
8.881784e-15 
8.881784e-15 
8.881784e-15 
8.881784e-15 
8.881784e-15 
8.881784e-15 
8.881784e-15 
8.881784e-15 
8.881784e-15 
8.881784e-15 
8.881784e-15 
8.881784e-15 
8.881784e-15 
8.881784e-15 
8.881784e-15 
8.881784e-15 
8.881784e-15 
8.881784e-15 
8.881784e-15 
8.881784e-15 
8.881784e-15 
8.881784e-15 
8.881784e-15 
8.881784e-15 
8.881784e-15 
8.881784e-15 
8.881784e-15 
8.881784e-15 
8.881784e-15 
8.881784e-15 
8.881784e-15 
8.881784e-15 
8.881784e-15 
8.881784e-15 
8.881784e-15 
8.881784e-15 
8.881784e-15 
8.881784e-15 
8.881784e-15 
8.881784e-15 
8.881784e-15 
8.881784e-15 
8.881784e-15 
8.881784e-15 
8.881784e-15 
8.881784e-15 
8.881784e-15 
8.881784e-15 
8.881784e-15 
8.881784e-15 
8.881784e-15 
8.881784e-15 
8.881784e-15 
8.881784e-15 
8.881784e-15 
8.881784e-15 
8.881784e-15 
8.881784e-15 
8.881784e-15 
8.881784e-15 
8.881784e-15 
8.881784e-15 
8.881784e-15 
8.881784e-15 
8.881784e-15 
8.881784e-15 
8.881784e-15 
8.881784e-15 
8.881784e-15 
8.881784e-15 
8.881784e-15 
8.881784e-15 
8.881784e-15 
8.881784e-15 
8.881784e-15 
8.881784e-15 
8.881784e-15 
8.881784e-15 
8.881784e-15 
8.881784e-15 
8.881784e-15 
8.881784e-15 
8.881784e-15 
8.881784e-15 
8.881784e-15 
8.881784e-15 
8.881784e-15 
8.881784e-15 
8.881784e-15 
8.881784e-15 
8.881784e-15 
8.881784e-15 
8.881784e-15 
8.881784e-15 
8.881784e-15 
8.881784e-15 
8.881784e-15 
8.881784e-15 
8.881784e-15 
8.881784e-15 
8.881784e-15 
8.881784e-15 
8.881784e-15 
8.881784e-15 
8.881784e-15 
8.881784e-15 
8.881784e-15 
8.881784e-15 
8.881784e-15 
8.881784e-15 
8.881784e-15 
8.881784e-15 
8.881784e-15 
8.881784e-15 
8.881784e-15 
8.881784e-15 
8.881784e-15 
8.881784e-15 
8.881784e-15 
8.881784e-15 
8.881784e-15 
8.881784e-15 
8.881784e-15 
8.881784e-15 
8.881784e-15 
8.881784e-15 
8.881784e-15 
8.881784e-15 
8.881784e-15 
8.881784e-15 
8.881784e-15 
8.881784e-15 
8.881784e-15 
8.881784e-15 
8.881784e-15 
8.881784e-15 
8.881784e-15 
8.881784e-15 
8.881784e-15 
8.881784e-15 
8.881784e-15 
8.881784e-15 
8.881784e-15 
8.881784e-15 
8.881784e-15 
8.881784e-15 
8.881784e-15 
8.881784e-15 
8.881784e-15 
8.881784e-15 
8.881784e-15 
8.881784e-15 
8.881784e-15 
8.881784e-15 
8.881784e-15 
8.881784e-15 
8.881784e-15 
8.881784e-15 
8.881784e-15 
8.881784e-15 
8.881784e-15 
8.881784e-15 
8.881784e-15 
8.881784e-15 
8.881784e-15 
8.881784e-15 
8.881784e-15 
8.881784e-15 
8.881784e-15 
8.881784e-15 
8.881784e-15 
8.881784e-15 
8.881784e-15 
8.881784e-15 
8.881784e-15 
8.881784e-15 
8.881784e-15 
8.881784e-15 
8.881784e-15 
8.881784e-15 
8.881784e-15 
8.881784e-15 
8.881784e-15 
8.881784e-15 
8.881784e-15 
8.881784e-15 
8.881784e-15 
8.881784e-15 
8.881784e-15 
8.881784e-15 
8.881784e-15 
8.881784e-15 
8.881784e-15 
8.881784e-15 
8.881784e-15 
8.881784e-15 
8.881784e-15 
8.881784e-15 
8.881784e-15 
8.881784e-15 
8.881784e-15 
8.881784e-15 
8.881784e-15 
8.881784e-15 
8.881784e-15 
8.881784e-15 
8.881784e-15 
8.881784e-15 
8.881784e-15 
8.881784e-15 
8.881784e-15 
8.881784e-15 
8.881784e-15 
8.881784e-15 
8.881784e-15 
8.881784e-15 
8.881784e-15 
8.881784e-15 
8.881784e-15 
8.881784e-15 
8.881784e-15 
8.881784e-15 
8.881784e-15 
8.881784e-15 
8.881784e-15 
8.881784e-15 
8.881784e-15 
8.881784e-15 
8.881784e-15 
8.881784e-15 
8.881784e-15 
8.881784e-15 
8.881784e-15 
8.881784e-15 
8.881784e-15 
8.881784e-15 
8.881784e-15 
8.881784e-15 
8.881784e-15 
8.881784e-15 
8.881784e-15 
8.881784e-15 
8.881784e-15 
8.881784e-15 
8.881784e-15 
8.881784e-15 
8.881784e-15 
8.881784e-15 
8.881784e-15 
8.881784e-15 
8.881784e-15 
8.881784e-15 
8.881784e-15 
8.881784e-15 
8.881784e-15 
8.881784e-15 
8.881784e-15 
8.881784e-15 
8.881784e-15 
8.881784e-15 
8.881784e-15 
8.881784e-15 
8.881784e-15 
8.881784e-15 
8.881784e-15 
8.881784e-15 
8.881784e-15 
8.881784e-15 
8.881784e-15 
8.881784e-15 
8.881784e-15 
8.881784e-15 
8.881784e-15 
8.881784e-15 
8.881784e-15 
8.881784e-15 
8.881784e-15 
8.881784e-15 
8.881784e-15 
8.881784e-15 
8.881784e-15 
8.881784e-15 
8.881784e-15 
8.881784e-15 
8.881784e-15 
8.881784e-15 
8.881784e-15 
8.881784e-15 
8.881784e-15 
8.881784e-15 
8.881784e-15 
8.881784e-15 
8.881784e-15 
8.881784e-15 
8.881784e-15 
8.881784e-15 
8.881784e-15 
8.881784e-15 
8.881784e-15 
8.881784e-15 
8.881784e-15 
8.881784e-15 
8.881784e-15 
8.881784e-15 
8.881784e-15 
8.881784e-15 
8.881784e-15 
8.881784e-15 
8.881784e-15 
8.881784e-15 
8.881784e-15 
8.881784e-15 
8.881784e-15 
8.881784e-15 
8.881784e-15 
8.881784e-15 
8.881784e-15 
8.881784e-15 
8.881784e-15 
8.881784e-15 
8.881784e-15 
8.881784e-15 
8.881784e-15 
8.881784e-15 
8.881784e-15 
8.881784e-15 
8.881784e-15 
8.881784e-15 
8.881784e-15 
8.881784e-15 
8.881784e-15 
8.881784e-15 
8.881784e-15 
8.881784e-15 
8.881784e-15 
8.881784e-15 
8.881784e-15 
8.881784e-15 
8.881784e-15 
8.881784e-15 
8.881784e-15 
8.881784e-15 
8.881784e-15 
8.881784e-15 
8.881784e-15 
8.881784e-15 
8.881784e-15 
8.881784e-15 
8.881784e-15 
8.881784e-15 
8.881784e-15 
8.881784e-15 
8.881784e-15 
8.881784e-15 
8.881784e-15 
8.881784e-15 
8.881784e-15 
8.881784e-15 
8.881784e-15 
8.881784e-15 
8.881784e-15 
8.881784e-15 
8.881784e-15 
8.881784e-15 
8.881784e-15 
8.881784e-15 
8.881784e-15 
8.881784e-15 
8.881784e-15 
8.881784e-15 
8.881784e-15 
8.881784e-15 
8.881784e-15 
8.881784e-15 
8.881784e-15 
8.881784e-15 
8.881784e-15 
8.881784e-15 
8.881784e-15 
8.881784e-15 
8.881784e-15 
8.881784e-15 
8.881784e-15 
8.881784e-15 
8.881784e-15 
8.881784e-15 
8.881784e-15 
8.881784e-15 
8.881784e-15 
8.881784e-15 
8.881784e-15 
8.881784e-15 
8.881784e-15 
8.881784e-15 
8.881784e-15 
8.881784e-15 
8.881784e-15 
8.881784e-15 
8.881784e-15 
8.881784e-15 
8.881784e-15 
8.881784e-15 
8.881784e-15 
8.881784e-15 
8.881784e-15 
8.881784e-15 
8.881784e-15 
8.881784e-15 
8.881784e-15 
8.881784e-15 
8.881784e-15 
8.881784e-15 
8.881784e-15 
8.881784e-15 
8.881784e-15 
8.881784e-15 
8.881784e-15 
8.881784e-15 
8.881784e-15 
8.881784e-15 
8.881784e-15 
8.881784e-15 
8.881784e-15 
8.881784e-15 
8.881784e-15 
8.881784e-15 
8.881784e-15 
8.881784e-15 
8.881784e-15 
8.881784e-15 
8.881784e-15 
8.881784e-15 
8.881784e-15 
8.881784e-15 
8.881784e-15 
8.881784e-15 
8.881784e-15 
8.881784e-15 
8.881784e-15 
8.881784e-15 
8.881784e-15 
8.881784e-15 
8.881784e-15 
8.881784e-15 
8.881784e-15 
8.881784e-15 
8.881784e-15 
8.881784e-15 
8.881784e-15 
8.881784e-15 
8.881784e-15 
8.881784e-15 
8.881784e-15 
8.881784e-15 
8.881784e-15 
8.881784e-15 
8.881784e-15 
8.881784e-15 
8.881784e-15 
8.881784e-15 
8.881784e-15 
8.881784e-15 
8.881784e-15 
8.881784e-15 
8.881784e-15 
8.881784e-15 
8.881784e-15 
8.881784e-15 
8.881784e-15 
8.881784e-15 
8.881784e-15 
8.881784e-15 
8.881784e-15 
8.881784e-15 
8.881784e-15 
8.881784e-15 
8.881784e-15 
8.881784e-15 
8.881784e-15 
8.881784e-15 
8.881784e-15 
8.881784e-15 
8.881784e-15 
8.881784e-15 
8.881784e-15 
8.881784e-15 
8.881784e-15 
8.881784e-15 
8.881784e-15 
8.881784e-15 
8.881784e-15 
8.881784e-15 
8.881784e-15 
8.881784e-15 
8.881784e-15 
8.881784e-15 
8.881784e-15 
8.881784e-15 
8.881784e-15 
8.881784e-15 
8.881784e-15 
8.881784e-15 
8.881784e-15 
8.881784e-15 
8.881784e-15 
8.881784e-15 
8.881784e-15 
8.881784e-15 
8.881784e-15 
8.881784e-15 
8.881784e-15 
8.881784e-15 
8.881784e-15 
8.881784e-15 
8.881784e-15 
8.881784e-15 
8.881784e-15 
8.881784e-15 
8.881784e-15 
8.881784e-15 
8.881784e-15 
8.881784e-15 
8.881784e-15 
8.881784e-15 
8.881784e-15 
8.881784e-15 
8.881784e-15 
8.881784e-15 
8.881784e-15 
8.881784e-15 
8.881784e-15 
8.881784e-15 
8.881784e-15 
8.881784e-15 
8.881784e-15 
8.881784e-15 
8.881784e-15 
8.881784e-15 
8.881784e-15 
8.881784e-15 
8.881784e-15 
8.881784e-15 
8.881784e-15 
8.881784e-15 
8.881784e-15 
8.881784e-15 
8.881784e-15 
8.881784e-15 
8.881784e-15 
8.881784e-15 
8.881784e-15 
8.881784e-15 
8.881784e-15 
8.881784e-15 
8.881784e-15 
8.881784e-15 
8.881784e-15 
8.881784e-15 
8.881784e-15 
8.881784e-15 
8.881784e-15 
8.881784e-15 
8.881784e-15 
8.881784e-15 
8.881784e-15 
8.881784e-15 
8.881784e-15 
8.881784e-15 
8.881784e-15 
8.881784e-15 
8.881784e-15 
8.881784e-15 
8.881784e-15 
8.881784e-15 
8.881784e-15 
8.881784e-15 
8.881784e-15 
8.881784e-15 
8.881784e-15 
8.881784e-15 
8.881784e-15 
8.881784e-15 
8.881784e-15 
8.881784e-15 
8.881784e-15 
8.881784e-15 
8.881784e-15 
8.881784e-15 
8.881784e-15 
8.881784e-15 
8.881784e-15 
8.881784e-15 
8.881784e-15 
8.881784e-15 
8.881784e-15 
8.881784e-15 
8.881784e-15 
8.881784e-15 
8.881784e-15 
8.881784e-15 
8.881784e-15 
8.881784e-15 
8.881784e-15 
8.881784e-15 
8.881784e-15 
8.881784e-15 
8.881784e-15 
8.881784e-15 
8.881784e-15 
8.881784e-15 
8.881784e-15 
8.881784e-15 
8.881784e-15 
8.881784e-15 
8.881784e-15 
8.881784e-15 
8.881784e-15 
8.881784e-15 
8.881784e-15 
8.881784e-15 
8.881784e-15 
8.881784e-15 
8.881784e-15 
8.881784e-15 
8.881784e-15 
8.881784e-15 
8.881784e-15 
8.881784e-15 
8.881784e-15 
8.881784e-15 
8.881784e-15 
8.881784e-15 
8.881784e-15 
8.881784e-15 
8.881784e-15 
8.881784e-15 
8.881784e-15 
8.881784e-15 
8.881784e-15 
8.881784e-15 
8.881784e-15 
8.881784e-15 
8.881784e-15 
8.881784e-15 
8.881784e-15 
8.881784e-15 
8.881784e-15 
8.881784e-15 
8.881784e-15 
8.881784e-15 
8.881784e-15 
8.881784e-15 
8.881784e-15 
8.881784e-15 
8.881784e-15 
8.881784e-15 
8.881784e-15 
8.881784e-15 
8.881784e-15 
8.881784e-15 
8.881784e-15 
8.881784e-15 
8.881784e-15 
8.881784e-15 
8.881784e-15 
8.881784e-15 
8.881784e-15 
8.881784e-15 
8.881784e-15 
8.881784e-15 
8.881784e-15 
8.881784e-15 
8.881784e-15 
8.881784e-15 
8.881784e-15 
8.881784e-15 
8.881784e-15 
8.881784e-15 
8.881784e-15 
8.881784e-15 
8.881784e-15 
8.881784e-15 
8.881784e-15 
8.881784e-15 
8.881784e-15 
8.881784e-15 
8.881784e-15 
8.881784e-15 
8.881784e-15 
8.881784e-15 
8.881784e-15 
8.881784e-15 
8.881784e-15 
8.881784e-15 
8.881784e-15 
8.881784e-15 
8.881784e-15 
8.881784e-15 
8.881784e-15 
8.881784e-15 
8.881784e-15 
8.881784e-15 
8.881784e-15 
8.881784e-15 
8.881784e-15 
8.881784e-15 
8.881784e-15 
8.881784e-15 
8.881784e-15 
8.881784e-15 
8.881784e-15 
8.881784e-15 
8.881784e-15 
8.881784e-15 
8.881784e-15 
8.881784e-15 
8.881784e-15 
8.881784e-15 
8.881784e-15 
8.881784e-15 
8.881784e-15 
8.881784e-15 
8.881784e-15 
8.881784e-15 
8.881784e-15 
8.881784e-15 
8.881784e-15 
8.881784e-15 
8.881784e-15 
8.881784e-15 
8.881784e-15 
8.881784e-15 
8.881784e-15 
8.881784e-15 
8.881784e-15 
8.881784e-15 
8.881784e-15 
8.881784e-15 
8.881784e-15 
8.881784e-15 
8.881784e-15 
8.881784e-15 
8.881784e-15 
8.881784e-15 
8.881784e-15 
8.881784e-15 
8.881784e-15 
8.881784e-15 
8.881784e-15 
8.881784e-15 
8.881784e-15 
8.881784e-15 
8.881784e-15 
8.881784e-15 
8.881784e-15 
8.881784e-15 
8.881784e-15 
8.881784e-15 
8.881784e-15 
8.881784e-15 
8.881784e-15 
8.881784e-15 
8.881784e-15 
8.881784e-15 
8.881784e-15 
8.881784e-15 
8.881784e-15 
8.881784e-15 
8.881784e-15 
8.881784e-15 
8.881784e-15 
8.881784e-15 
8.881784e-15 
8.881784e-15 
8.881784e-15 
8.881784e-15 
8.881784e-15 
8.881784e-15 
8.881784e-15 
8.881784e-15 
8.881784e-15 
8.881784e-15 
8.881784e-15 
8.881784e-15 
8.881784e-15 
8.881784e-15 
8.881784e-15 
8.881784e-15 
8.881784e-15 
8.881784e-15 
8.881784e-15 
8.881784e-15 
8.881784e-15 
8.881784e-15 
8.881784e-15 
8.881784e-15 
8.881784e-15 
8.881784e-15 
8.881784e-15 
8.881784e-15 
8.881784e-15 
8.881784e-15 
8.881784e-15 
8.881784e-15 
8.881784e-15 
8.881784e-15 
8.881784e-15 
8.881784e-15 
8.881784e-15 
8.881784e-15 
8.881784e-15 
8.881784e-15 
8.881784e-15 
8.881784e-15 
8.881784e-15 
8.881784e-15 
8.881784e-15 
8.881784e-15 
8.881784e-15 
8.881784e-15 
8.881784e-15 
8.881784e-15 
8.881784e-15 
8.881784e-15 
8.881784e-15 
8.881784e-15 
8.881784e-15 
8.881784e-15 
8.881784e-15 
8.881784e-15 
8.881784e-15 
8.881784e-15 
8.881784e-15 
8.881784e-15 
8.881784e-15 
8.881784e-15 
8.881784e-15 
8.881784e-15 
8.881784e-15 
8.881784e-15 
8.881784e-15 
8.881784e-15 
8.881784e-15 
8.881784e-15 
8.881784e-15 
8.881784e-15 
8.881784e-15 
8.881784e-15 
8.881784e-15 
8.881784e-15 
8.881784e-15 
8.881784e-15 
8.881784e-15 
8.881784e-15 
8.881784e-15 
8.881784e-15 
8.881784e-15 
8.881784e-15 
8.881784e-15 
8.881784e-15 
8.881784e-15 
8.881784e-15 
8.881784e-15 
8.881784e-15 
8.881784e-15 
8.881784e-15 
8.881784e-15 
8.881784e-15 
8.881784e-15 
8.881784e-15 
8.881784e-15 
8.881784e-15 
8.881784e-15 
8.881784e-15 
8.881784e-15 
8.881784e-15 
8.881784e-15 
8.881784e-15 
8.881784e-15 
8.881784e-15 
8.881784e-15 
8.881784e-15 
8.881784e-15 
8.881784e-15 
8.881784e-15 
8.881784e-15 
8.881784e-15 
8.881784e-15 
8.881784e-15 
8.881784e-15 
8.881784e-15 
8.881784e-15 
8.881784e-15 
8.881784e-15 
8.881784e-15 
8.881784e-15 
8.881784e-15 
8.881784e-15 
8.881784e-15 
8.881784e-15 
8.881784e-15 
8.881784e-15 
8.881784e-15 
8.881784e-15 
8.881784e-15 
8.881784e-15 
8.881784e-15 
8.881784e-15 
8.881784e-15 
8.881784e-15 
8.881784e-15 
8.881784e-15 
8.881784e-15 
8.881784e-15 
8.881784e-15 
8.881784e-15 
8.881784e-15 
8.881784e-15 
8.881784e-15 
8.881784e-15 
8.881784e-15 
8.881784e-15 
8.881784e-15 
8.881784e-15 
8.881784e-15 
8.881784e-15 
8.881784e-15 
8.881784e-15 
8.881784e-15 
8.881784e-15 
8.881784e-15 
8.881784e-15 
8.881784e-15 
8.881784e-15 
8.881784e-15 
8.881784e-15 
8.881784e-15 
8.881784e-15 
8.881784e-15 
8.881784e-15 
8.881784e-15 
8.881784e-15 
8.881784e-15 
8.881784e-15 
8.881784e-15 
8.881784e-15 
8.881784e-15 
8.881784e-15 
8.881784e-15 
8.881784e-15 
8.881784e-15 
8.881784e-15 
8.881784e-15 
8.881784e-15 
8.881784e-15 
8.881784e-15 
8.881784e-15 
8.881784e-15 
8.881784e-15 
8.881784e-15 
8.881784e-15 
8.881784e-15 
8.881784e-15 
8.881784e-15 
8.881784e-15 
8.881784e-15 
8.881784e-15 
8.881784e-15 
8.881784e-15 
8.881784e-15 
8.881784e-15 
8.881784e-15 
8.881784e-15 
8.881784e-15 
8.881784e-15 
8.881784e-15 
8.881784e-15 
8.881784e-15 
8.881784e-15 
8.881784e-15 
8.881784e-15 
8.881784e-15 
8.881784e-15 
8.881784e-15 
8.881784e-15 
8.881784e-15 
8.881784e-15 
8.881784e-15 
8.881784e-15 
8.881784e-15 
8.881784e-15 
8.881784e-15 
8.881784e-15 
8.881784e-15 
8.881784e-15 
8.881784e-15 
8.881784e-15 
8.881784e-15 
8.881784e-15 
8.881784e-15 
8.881784e-15 
8.881784e-15 
8.881784e-15 
8.881784e-15 
8.881784e-15 
8.881784e-15 
8.881784e-15 
8.881784e-15 
8.881784e-15 
8.881784e-15 
8.881784e-15 
8.881784e-15 
8.881784e-15 
8.881784e-15 
8.881784e-15 
8.881784e-15 
8.881784e-15 
8.881784e-15 
8.881784e-15 
8.881784e-15 
8.881784e-15 
8.881784e-15 
8.881784e-15 
8.881784e-15 
8.881784e-15 
8.881784e-15 
8.881784e-15 
8.881784e-15 
8.881784e-15 
8.881784e-15 
8.881784e-15 
8.881784e-15 
8.881784e-15 
8.881784e-15 
8.881784e-15 
8.881784e-15 
8.881784e-15 
8.881784e-15 
8.881784e-15 
8.881784e-15 
8.881784e-15 
8.881784e-15 
8.881784e-15 
8.881784e-15 
8.881784e-15 
8.881784e-15 
8.881784e-15 
8.881784e-15 
8.881784e-15 
8.881784e-15 
8.881784e-15 
8.881784e-15 
8.881784e-15 
8.881784e-15 
8.881784e-15 
8.881784e-15 
8.881784e-15 
8.881784e-15 
8.881784e-15 
8.881784e-15 
8.881784e-15 
8.881784e-15 
8.881784e-15 
8.881784e-15 
8.881784e-15 
8.881784e-15 
8.881784e-15 
8.881784e-15 
8.881784e-15 
8.881784e-15 
8.881784e-15 
8.881784e-15 
8.881784e-15 
8.881784e-15 
8.881784e-15 
8.881784e-15 
8.881784e-15 
8.881784e-15 
8.881784e-15 
8.881784e-15 
8.881784e-15 
8.881784e-15 
8.881784e-15 
8.881784e-15 
8.881784e-15 
8.881784e-15 
8.881784e-15 
8.881784e-15 
8.881784e-15 
8.881784e-15 
8.881784e-15 
8.881784e-15 
8.881784e-15 
8.881784e-15 
8.881784e-15 
8.881784e-15 
8.881784e-15 
8.881784e-15 
8.881784e-15 
8.881784e-15 
8.881784e-15 
8.881784e-15 
8.881784e-15 
8.881784e-15 
8.881784e-15 
8.881784e-15 
8.881784e-15 
8.881784e-15 
8.881784e-15 
8.881784e-15 
8.881784e-15 
8.881784e-15 
8.881784e-15 
8.881784e-15 
8.881784e-15 
8.881784e-15 
8.881784e-15 
8.881784e-15 
8.881784e-15 
8.881784e-15 
8.881784e-15 
8.881784e-15 
8.881784e-15 
8.881784e-15 
8.881784e-15 
8.881784e-15 
8.881784e-15 
8.881784e-15 
8.881784e-15 
8.881784e-15 
8.881784e-15 
8.881784e-15 
8.881784e-15 
8.881784e-15 
8.881784e-15 
8.881784e-15 
8.881784e-15 
8.881784e-15 
8.881784e-15 
8.881784e-15 
8.881784e-15 
8.881784e-15 
8.881784e-15 
8.881784e-15 
8.881784e-15 
8.881784e-15 
8.881784e-15 
8.881784e-15 
8.881784e-15 
8.881784e-15 
8.881784e-15 
8.881784e-15 
8.881784e-15 
8.881784e-15 
8.881784e-15 
8.881784e-15 
8.881784e-15 
8.881784e-15 
8.881784e-15 
8.881784e-15 
8.881784e-15 
8.881784e-15 
8.881784e-15 
8.881784e-15 
8.881784e-15 
8.881784e-15 
8.881784e-15 
8.881784e-15 
8.881784e-15 
8.881784e-15 
8.881784e-15 
8.881784e-15 
8.881784e-15 
8.881784e-15 
8.881784e-15 
8.881784e-15 
8.881784e-15 
8.881784e-15 
8.881784e-15 
8.881784e-15 
8.881784e-15 
8.881784e-15 
8.881784e-15 
8.881784e-15 
8.881784e-15 
8.881784e-15 
8.881784e-15 
8.881784e-15 
8.881784e-15 
8.881784e-15 
8.881784e-15 
8.881784e-15 
8.881784e-15 
8.881784e-15 
8.881784e-15 
8.881784e-15 
8.881784e-15 
8.881784e-15 
8.881784e-15 
8.881784e-15 
8.881784e-15 
8.881784e-15 
8.881784e-15 
8.881784e-15 
8.881784e-15 
8.881784e-15 
8.881784e-15 
8.881784e-15 
8.881784e-15 
8.881784e-15 
8.881784e-15 
8.881784e-15 
8.881784e-15 
8.881784e-15 
8.881784e-15 
8.881784e-15 
8.881784e-15 
8.881784e-15 
8.881784e-15 
8.881784e-15 
8.881784e-15 
8.881784e-15 
8.881784e-15 
8.881784e-15 
8.881784e-15 
8.881784e-15 
8.881784e-15 
8.881784e-15 
8.881784e-15 
8.881784e-15 
8.881784e-15 
8.881784e-15 
8.881784e-15 
8.881784e-15 
8.881784e-15 
8.881784e-15 
8.881784e-15 
8.881784e-15 
8.881784e-15 
8.881784e-15 
8.881784e-15 
8.881784e-15 
8.881784e-15 
8.881784e-15 
8.881784e-15 
8.881784e-15 
8.881784e-15 
8.881784e-15 
8.881784e-15 
8.881784e-15 
8.881784e-15 
8.881784e-15 
8.881784e-15 
8.881784e-15 
8.881784e-15 
8.881784e-15 
8.881784e-15 
8.881784e-15 
8.881784e-15 
8.881784e-15 
8.881784e-15 
8.881784e-15 
8.881784e-15 
8.881784e-15 
8.881784e-15 
8.881784e-15 
8.881784e-15 
8.881784e-15 
8.881784e-15 
8.881784e-15 
8.881784e-15 
8.881784e-15 
8.881784e-15 
8.881784e-15 
8.881784e-15 
8.881784e-15 
8.881784e-15 
8.881784e-15 
8.881784e-15 
8.881784e-15 
8.881784e-15 
8.881784e-15 
8.881784e-15 
8.881784e-15 
8.881784e-15 
8.881784e-15 
8.881784e-15 
8.881784e-15 
8.881784e-15 
8.881784e-15 
8.881784e-15 
8.881784e-15 
8.881784e-15 
8.881784e-15 
8.881784e-15 
8.881784e-15 
8.881784e-15 
8.881784e-15 
8.881784e-15 
8.881784e-15 
8.881784e-15 
8.881784e-15 
8.881784e-15 
8.881784e-15 
8.881784e-15 
8.881784e-15 
8.881784e-15 
8.881784e-15 
8.881784e-15 
8.881784e-15 
8.881784e-15 
8.881784e-15 
8.881784e-15 
8.881784e-15 
8.881784e-15 
8.881784e-15 
8.881784e-15 
8.881784e-15 
8.881784e-15 
8.881784e-15 
8.881784e-15 
8.881784e-15 
8.881784e-15 
8.881784e-15 
8.881784e-15 
8.881784e-15 
8.881784e-15 
8.881784e-15 
8.881784e-15 
8.881784e-15 
8.881784e-15 
8.881784e-15 
8.881784e-15 
8.881784e-15 
8.881784e-15 
8.881784e-15 
8.881784e-15 
8.881784e-15 
8.881784e-15 
8.881784e-15 
8.881784e-15 
8.881784e-15 
8.881784e-15 
8.881784e-15 
8.881784e-15 
8.881784e-15 
8.881784e-15 
8.881784e-15 
8.881784e-15 
8.881784e-15 
8.881784e-15 
8.881784e-15 
8.881784e-15 
8.881784e-15 
8.881784e-15 
8.881784e-15 
8.881784e-15 
8.881784e-15 
8.881784e-15 
8.881784e-15 
8.881784e-15 
8.881784e-15 
8.881784e-15 
8.881784e-15 
8.881784e-15 
8.881784e-15 
8.881784e-15 
8.881784e-15 
8.881784e-15 
8.881784e-15 
8.881784e-15 
8.881784e-15 
8.881784e-15 
8.881784e-15 
8.881784e-15 
8.881784e-15 
8.881784e-15 
8.881784e-15 
8.881784e-15 
8.881784e-15 
8.881784e-15 
8.881784e-15 
8.881784e-15 
8.881784e-15 
8.881784e-15 
8.881784e-15 
8.881784e-15 
8.881784e-15 
8.881784e-15 
8.881784e-15 
8.881784e-15 
8.881784e-15 
8.881784e-15 
8.881784e-15 
8.881784e-15 
8.881784e-15 
8.881784e-15 
8.881784e-15 
8.881784e-15 
8.881784e-15 
8.881784e-15 
8.881784e-15 
8.881784e-15 
8.881784e-15 
8.881784e-15 
8.881784e-15 
8.881784e-15 
8.881784e-15 
8.881784e-15 
8.881784e-15 
8.881784e-15 
8.881784e-15 
8.881784e-15 
8.881784e-15 
8.881784e-15 
8.881784e-15 
8.881784e-15 
8.881784e-15 
8.881784e-15 
8.881784e-15 
8.881784e-15 
8.881784e-15 
8.881784e-15 
8.881784e-15 
8.881784e-15 
8.881784e-15 
8.881784e-15 
8.881784e-15 
8.881784e-15 
8.881784e-15 
8.881784e-15 
8.881784e-15 
8.881784e-15 
8.881784e-15 
8.881784e-15 
8.881784e-15 
8.881784e-15 
8.881784e-15 
8.881784e-15 
8.881784e-15 
8.881784e-15 
8.881784e-15 
8.881784e-15 
8.881784e-15 
8.881784e-15 
8.881784e-15 
8.881784e-15 
8.881784e-15 
8.881784e-15 
8.881784e-15 
8.881784e-15 
8.881784e-15 
8.881784e-15 
8.881784e-15 
8.881784e-15 
8.881784e-15 
8.881784e-15 
8.881784e-15 
8.881784e-15 
8.881784e-15 
8.881784e-15 
8.881784e-15 
8.881784e-15 
8.881784e-15 
8.881784e-15 
8.881784e-15 
8.881784e-15 
8.881784e-15 
8.881784e-15 
8.881784e-15 
8.881784e-15 
8.881784e-15 
8.881784e-15 
8.881784e-15 
8.881784e-15 
8.881784e-15 
8.881784e-15 
8.881784e-15 
8.881784e-15 
8.881784e-15 
8.881784e-15 
8.881784e-15 
8.881784e-15 
8.881784e-15 
8.881784e-15 
8.881784e-15 
8.881784e-15 
8.881784e-15 
8.881784e-15 
8.881784e-15 
8.881784e-15 
8.881784e-15 
8.881784e-15 
8.881784e-15 
8.881784e-15 
8.881784e-15 
8.881784e-15 
8.881784e-15 
8.881784e-15 
8.881784e-15 
8.881784e-15 
8.881784e-15 
8.881784e-15 
8.881784e-15 
8.881784e-15 
8.881784e-15 
8.881784e-15 
8.881784e-15 
8.881784e-15 
8.881784e-15 
8.881784e-15 
8.881784e-15 
8.881784e-15 
8.881784e-15 
8.881784e-15 
8.881784e-15 
8.881784e-15 
8.881784e-15 
8.881784e-15 
8.881784e-15 
8.881784e-15 
8.881784e-15 
8.881784e-15 
8.881784e-15 
8.881784e-15 
8.881784e-15 
8.881784e-15 
8.881784e-15 
8.881784e-15 
8.881784e-15 
8.881784e-15 
8.881784e-15 
8.881784e-15 
8.881784e-15 
8.881784e-15 
8.881784e-15 
8.881784e-15 
8.881784e-15 
8.881784e-15 
8.881784e-15 
8.881784e-15 
8.881784e-15 
8.881784e-15 
8.881784e-15 
8.881784e-15 
8.881784e-15 
8.881784e-15 
8.881784e-15 
8.881784e-15 
8.881784e-15 
8.881784e-15 
8.881784e-15 
8.881784e-15 
8.881784e-15 
8.881784e-15 
8.881784e-15 
8.881784e-15 
8.881784e-15 
8.881784e-15 
8.881784e-15 
8.881784e-15 
8.881784e-15 
8.881784e-15 
8.881784e-15 
8.881784e-15 
8.881784e-15 
8.881784e-15 
8.881784e-15 
8.881784e-15 
8.881784e-15 
8.881784e-15 
8.881784e-15 
8.881784e-15 
8.881784e-15 
8.881784e-15 
8.881784e-15 
8.881784e-15 
8.881784e-15 
8.881784e-15 
8.881784e-15 
8.881784e-15 
8.881784e-15 
8.881784e-15 
8.881784e-15 
8.881784e-15 
8.881784e-15 
8.881784e-15 
8.881784e-15 
8.881784e-15 
8.881784e-15 
8.881784e-15 
8.881784e-15 
8.881784e-15 
8.881784e-15 
8.881784e-15 
8.881784e-15 
8.881784e-15 
8.881784e-15 
8.881784e-15 
8.881784e-15 
8.881784e-15 
8.881784e-15 
8.881784e-15 
8.881784e-15 
8.881784e-15 
8.881784e-15 
8.881784e-15 
8.881784e-15 
8.881784e-15 
8.881784e-15 
8.881784e-15 
8.881784e-15 
8.881784e-15 
8.881784e-15 
8.881784e-15 
8.881784e-15 
8.881784e-15 
8.881784e-15 
8.881784e-15 
8.881784e-15 
8.881784e-15 
8.881784e-15 
8.881784e-15 
8.881784e-15 
8.881784e-15 
8.881784e-15 
8.881784e-15 
8.881784e-15 
8.881784e-15 
8.881784e-15 
8.881784e-15 
8.881784e-15 
8.881784e-15 
8.881784e-15 
8.881784e-15 
8.881784e-15 
8.881784e-15 
8.881784e-15 
8.881784e-15 
8.881784e-15 
8.881784e-15 
8.881784e-15 
8.881784e-15 
8.881784e-15 
8.881784e-15 
8.881784e-15 
8.881784e-15 
8.881784e-15 
8.881784e-15 
8.881784e-15 
8.881784e-15 
8.881784e-15 
8.881784e-15 
8.881784e-15 
8.881784e-15 
8.881784e-15 
8.881784e-15 
8.881784e-15 
8.881784e-15 
8.881784e-15 
8.881784e-15 
8.881784e-15 
8.881784e-15 
8.881784e-15 
8.881784e-15 
8.881784e-15 
8.881784e-15 
8.881784e-15 
8.881784e-15 
8.881784e-15 
8.881784e-15 
8.881784e-15 
8.881784e-15 
8.881784e-15 
8.881784e-15 
8.881784e-15 
8.881784e-15 
8.881784e-15 
8.881784e-15 
8.881784e-15 
8.881784e-15 
8.881784e-15 
8.881784e-15 
8.881784e-15 
8.881784e-15 
8.881784e-15 
8.881784e-15 
8.881784e-15 
8.881784e-15 
8.881784e-15 
8.881784e-15 
8.881784e-15 
8.881784e-15 
8.881784e-15 
8.881784e-15 
8.881784e-15 
8.881784e-15 
8.881784e-15 
8.881784e-15 
8.881784e-15 
8.881784e-15 
8.881784e-15 
8.881784e-15 
8.881784e-15 
8.881784e-15 
8.881784e-15 
8.881784e-15 
8.881784e-15 
8.881784e-15 
8.881784e-15 
8.881784e-15 
8.881784e-15 
8.881784e-15 
8.881784e-15 
8.881784e-15 
8.881784e-15 
8.881784e-15 
8.881784e-15 
8.881784e-15 
8.881784e-15 
8.881784e-15 
8.881784e-15 
8.881784e-15 
8.881784e-15 
8.881784e-15 
8.881784e-15 
8.881784e-15 
8.881784e-15 
8.881784e-15 
8.881784e-15 
8.881784e-15 
8.881784e-15 
8.881784e-15 
8.881784e-15 
8.881784e-15 
8.881784e-15 
8.881784e-15 
8.881784e-15 
8.881784e-15 
8.881784e-15 
8.881784e-15 
8.881784e-15 
8.881784e-15 
8.881784e-15 
8.881784e-15 
8.881784e-15 
8.881784e-15 
8.881784e-15 
8.881784e-15 
8.881784e-15 
8.881784e-15 
8.881784e-15 
8.881784e-15 
8.881784e-15 
8.881784e-15 
8.881784e-15 
8.881784e-15 
8.881784e-15 
8.881784e-15 
8.881784e-15 
8.881784e-15 
8.881784e-15 
8.881784e-15 
8.881784e-15 
8.881784e-15 
8.881784e-15 
8.881784e-15 
8.881784e-15 
8.881784e-15 
8.881784e-15 
8.881784e-15 
8.881784e-15 
8.881784e-15 
8.881784e-15 
8.881784e-15 
8.881784e-15 
8.881784e-15 
8.881784e-15 
8.881784e-15 
8.881784e-15 
8.881784e-15 
8.881784e-15 
8.881784e-15 
8.881784e-15 
8.881784e-15 
8.881784e-15 
8.881784e-15 
8.881784e-15 
8.881784e-15 
8.881784e-15 
8.881784e-15 
8.881784e-15 
8.881784e-15 
8.881784e-15 
8.881784e-15 
8.881784e-15 
8.881784e-15 
8.881784e-15 
8.881784e-15 
8.881784e-15 
8.881784e-15 
8.881784e-15 
8.881784e-15 
8.881784e-15 
8.881784e-15 
8.881784e-15 
8.881784e-15 
8.881784e-15 
8.881784e-15 
8.881784e-15 
8.881784e-15 
8.881784e-15 
8.881784e-15 
8.881784e-15 
8.881784e-15 
8.881784e-15 
8.881784e-15 
8.881784e-15 
8.881784e-15 
8.881784e-15 
8.881784e-15 
8.881784e-15 
8.881784e-15 
8.881784e-15 
8.881784e-15 
8.881784e-15 
8.881784e-15 
8.881784e-15 
8.881784e-15 
8.881784e-15 
8.881784e-15 
8.881784e-15 
8.881784e-15 
8.881784e-15 
8.881784e-15 
8.881784e-15 
8.881784e-15 
8.881784e-15 
8.881784e-15 
8.881784e-15 
8.881784e-15 
8.881784e-15 
8.881784e-15 
8.881784e-15 
8.881784e-15 
8.881784e-15 
8.881784e-15 
8.881784e-15 
8.881784e-15 
8.881784e-15 
8.881784e-15 
8.881784e-15 
8.881784e-15 
8.881784e-15 
8.881784e-15 
8.881784e-15 
8.881784e-15 
8.881784e-15 
8.881784e-15 
8.881784e-15 
8.881784e-15 
8.881784e-15 
8.881784e-15 
8.881784e-15 
8.881784e-15 
8.881784e-15 
8.881784e-15 
8.881784e-15 
8.881784e-15 
8.881784e-15 
8.881784e-15 
8.881784e-15 
8.881784e-15 
8.881784e-15 
8.881784e-15 
8.881784e-15 
8.881784e-15 
8.881784e-15 
8.881784e-15 
8.881784e-15 
8.881784e-15 
8.881784e-15 
8.881784e-15 
8.881784e-15 
8.881784e-15 
8.881784e-15 
8.881784e-15 
8.881784e-15 
8.881784e-15 
8.881784e-15 
8.881784e-15 
8.881784e-15 
8.881784e-15 
8.881784e-15 
8.881784e-15 
8.881784e-15 
8.881784e-15 
8.881784e-15 
8.881784e-15 
8.881784e-15 
8.881784e-15 
8.881784e-15 
8.881784e-15 
8.881784e-15 
8.881784e-15 
8.881784e-15 
8.881784e-15 
8.881784e-15 
8.881784e-15 
8.881784e-15 
8.881784e-15 
8.881784e-15 
8.881784e-15 
8.881784e-15 
8.881784e-15 
8.881784e-15 
8.881784e-15 
8.881784e-15 
8.881784e-15 
8.881784e-15 
8.881784e-15 
8.881784e-15 
8.881784e-15 
8.881784e-15 
8.881784e-15 
8.881784e-15 
8.881784e-15 
8.881784e-15 
8.881784e-15 
8.881784e-15 
8.881784e-15 
8.881784e-15 
8.881784e-15 
8.881784e-15 
8.881784e-15 
8.881784e-15 
8.881784e-15 
8.881784e-15 
8.881784e-15 
8.881784e-15 
8.881784e-15 
8.881784e-15 
8.881784e-15 
8.881784e-15 
8.881784e-15 
8.881784e-15 
8.881784e-15 
8.881784e-15 
8.881784e-15 
8.881784e-15 
8.881784e-15 
8.881784e-15 
8.881784e-15 
8.881784e-15 
8.881784e-15 
8.881784e-15 
8.881784e-15 
8.881784e-15 
8.881784e-15 
8.881784e-15 
8.881784e-15 
8.881784e-15 
8.881784e-15 
8.881784e-15 
8.881784e-15 
8.881784e-15 
8.881784e-15 
8.881784e-15 
8.881784e-15 
8.881784e-15 
8.881784e-15 
8.881784e-15 
8.881784e-15 
8.881784e-15 
8.881784e-15 
8.881784e-15 
8.881784e-15 
8.881784e-15 
8.881784e-15 
8.881784e-15 
8.881784e-15 
8.881784e-15 
8.881784e-15 
8.881784e-15 
8.881784e-15 
8.881784e-15 
8.881784e-15 
8.881784e-15 
8.881784e-15 
8.881784e-15 
8.881784e-15 
8.881784e-15 
8.881784e-15 
8.881784e-15 
8.881784e-15 
8.881784e-15 
8.881784e-15 
8.881784e-15 
8.881784e-15 
8.881784e-15 
8.881784e-15 
8.881784e-15 
8.881784e-15 
8.881784e-15 
8.881784e-15 
8.881784e-15 
8.881784e-15 
8.881784e-15 
8.881784e-15 
8.881784e-15 
8.881784e-15 
8.881784e-15 
8.881784e-15 
8.881784e-15 
8.881784e-15 
8.881784e-15 
8.881784e-15 
8.881784e-15 
8.881784e-15 
8.881784e-15 
8.881784e-15 
8.881784e-15 
8.881784e-15 
8.881784e-15 
8.881784e-15 
8.881784e-15 
8.881784e-15 
8.881784e-15 
8.881784e-15 
8.881784e-15 
8.881784e-15 
8.881784e-15 
8.881784e-15 
8.881784e-15 
8.881784e-15 
8.881784e-15 
8.881784e-15 
8.881784e-15 
8.881784e-15 
8.881784e-15 
8.881784e-15 
8.881784e-15 
8.881784e-15 
8.881784e-15 
8.881784e-15 
8.881784e-15 
8.881784e-15 
8.881784e-15 
8.881784e-15 
8.881784e-15 
8.881784e-15 
8.881784e-15 
8.881784e-15 
8.881784e-15 
8.881784e-15 
8.881784e-15 
8.881784e-15 
8.881784e-15 
8.881784e-15 
8.881784e-15 
8.881784e-15 
8.881784e-15 
8.881784e-15 
8.881784e-15 
8.881784e-15 
8.881784e-15 
8.881784e-15 
8.881784e-15 
8.881784e-15 
8.881784e-15 
8.881784e-15 
8.881784e-15 
8.881784e-15 
8.881784e-15 
8.881784e-15 
8.881784e-15 
8.881784e-15 
8.881784e-15 
8.881784e-15 
8.881784e-15 
8.881784e-15 
8.881784e-15 
8.881784e-15 
8.881784e-15 
8.881784e-15 
8.881784e-15 
8.881784e-15 
8.881784e-15 
8.881784e-15 
8.881784e-15 
8.881784e-15 
8.881784e-15 
8.881784e-15 
8.881784e-15 
8.881784e-15 
8.881784e-15 
8.881784e-15 
8.881784e-15 
8.881784e-15 
8.881784e-15 
8.881784e-15 
8.881784e-15 
8.881784e-15 
8.881784e-15 
8.881784e-15 
8.881784e-15 
8.881784e-15 
8.881784e-15 
8.881784e-15 
8.881784e-15 
8.881784e-15 
8.881784e-15 
8.881784e-15 
8.881784e-15 
8.881784e-15 
8.881784e-15 
8.881784e-15 
8.881784e-15 
8.881784e-15 
8.881784e-15 
8.881784e-15 
8.881784e-15 
8.881784e-15 
8.881784e-15 
8.881784e-15 
8.881784e-15 
8.881784e-15 
8.881784e-15 
8.881784e-15 
8.881784e-15 
8.881784e-15 
8.881784e-15 
8.881784e-15 
8.881784e-15 
8.881784e-15 
8.881784e-15 
8.881784e-15 
8.881784e-15 
8.881784e-15 
8.881784e-15 
8.881784e-15 
8.881784e-15 
8.881784e-15 
8.881784e-15 
8.881784e-15 
8.881784e-15 
8.881784e-15 
8.881784e-15 
8.881784e-15 
8.881784e-15 
8.881784e-15 
8.881784e-15 
8.881784e-15 
8.881784e-15 
8.881784e-15 
8.881784e-15 
8.881784e-15 
8.881784e-15 
8.881784e-15 
8.881784e-15 
8.881784e-15 
8.881784e-15 
8.881784e-15 
8.881784e-15 
8.881784e-15 
8.881784e-15 
8.881784e-15 
8.881784e-15 
8.881784e-15 
8.881784e-15 
8.881784e-15 
8.881784e-15 
8.881784e-15 
8.881784e-15 
8.881784e-15 
8.881784e-15 
8.881784e-15 
8.881784e-15 
8.881784e-15 
8.881784e-15 
8.881784e-15 
8.881784e-15 
8.881784e-15 
8.881784e-15 
8.881784e-15 
8.881784e-15 
8.881784e-15 
8.881784e-15 
8.881784e-15 
8.881784e-15 
8.881784e-15 
8.881784e-15 
8.881784e-15 
8.881784e-15 
8.881784e-15 
8.881784e-15 
8.881784e-15 
8.881784e-15 
8.881784e-15 
8.881784e-15 
8.881784e-15 
8.881784e-15 
8.881784e-15 
8.881784e-15 
8.881784e-15 
8.881784e-15 
8.881784e-15 
8.881784e-15 
8.881784e-15 
8.881784e-15 
8.881784e-15 
8.881784e-15 
8.881784e-15 
8.881784e-15 
8.881784e-15 
8.881784e-15 
8.881784e-15 
8.881784e-15 
8.881784e-15 
8.881784e-15 
8.881784e-15 
8.881784e-15 
8.881784e-15 
8.881784e-15 
8.881784e-15 
8.881784e-15 
8.881784e-15 
8.881784e-15 
8.881784e-15 
8.881784e-15 
8.881784e-15 
8.881784e-15 
8.881784e-15 
8.881784e-15 
8.881784e-15 
8.881784e-15 
8.881784e-15 
8.881784e-15 
8.881784e-15 
8.881784e-15 
8.881784e-15 
8.881784e-15 
8.881784e-15 
8.881784e-15 
8.881784e-15 
8.881784e-15 
8.881784e-15 
8.881784e-15 
8.881784e-15 
8.881784e-15 
8.881784e-15 
8.881784e-15 
8.881784e-15 
8.881784e-15 
8.881784e-15 
8.881784e-15 
8.881784e-15 
8.881784e-15 
8.881784e-15 
8.881784e-15 
8.881784e-15 
8.881784e-15 
8.881784e-15 
8.881784e-15 
8.881784e-15 
8.881784e-15 
8.881784e-15 
8.881784e-15 
8.881784e-15 
8.881784e-15 
8.881784e-15 
8.881784e-15 
8.881784e-15 
8.881784e-15 
8.881784e-15 
8.881784e-15 
8.881784e-15 
8.881784e-15 
8.881784e-15 
8.881784e-15 
8.881784e-15 
8.881784e-15 
8.881784e-15 
8.881784e-15 
8.881784e-15 
8.881784e-15 
8.881784e-15 
8.881784e-15 
8.881784e-15 
8.881784e-15 
8.881784e-15 
8.881784e-15 
8.881784e-15 
8.881784e-15 
8.881784e-15 
8.881784e-15 
8.881784e-15 
8.881784e-15 
8.881784e-15 
8.881784e-15 
8.881784e-15 
8.881784e-15 
8.881784e-15 
8.881784e-15 
8.881784e-15 
8.881784e-15 
8.881784e-15 
8.881784e-15 
8.881784e-15 
8.881784e-15 
8.881784e-15 
8.881784e-15 
8.881784e-15 
8.881784e-15 
8.881784e-15 
8.881784e-15 
8.881784e-15 
8.881784e-15 
8.881784e-15 
8.881784e-15 
8.881784e-15 
8.881784e-15 
8.881784e-15 
8.881784e-15 
8.881784e-15 
8.881784e-15 
8.881784e-15 
8.881784e-15 
8.881784e-15 
8.881784e-15 
8.881784e-15 
8.881784e-15 
8.881784e-15 
8.881784e-15 
8.881784e-15 
8.881784e-15 
8.881784e-15 
8.881784e-15 
8.881784e-15 
8.881784e-15 
8.881784e-15 
8.881784e-15 
8.881784e-15 
8.881784e-15 
8.881784e-15 
8.881784e-15 
8.881784e-15 
8.881784e-15 
8.881784e-15 
8.881784e-15 
8.881784e-15 
8.881784e-15 
8.881784e-15 
8.881784e-15 
8.881784e-15 
8.881784e-15 
8.881784e-15 
8.881784e-15 
8.881784e-15 
8.881784e-15 
8.881784e-15 
8.881784e-15 
8.881784e-15 
8.881784e-15 
8.881784e-15 
8.881784e-15 
8.881784e-15 
8.881784e-15 
8.881784e-15 
8.881784e-15 
8.881784e-15 
8.881784e-15 
8.881784e-15 
8.881784e-15 
8.881784e-15 
8.881784e-15 
8.881784e-15 
8.881784e-15 
8.881784e-15 
8.881784e-15 
8.881784e-15 
8.881784e-15 
8.881784e-15 
8.881784e-15 
8.881784e-15 
8.881784e-15 
8.881784e-15 
8.881784e-15 
8.881784e-15 
8.881784e-15 
8.881784e-15 
8.881784e-15 
8.881784e-15 
8.881784e-15 
8.881784e-15 
8.881784e-15 
8.881784e-15 
8.881784e-15 
8.881784e-15 
8.881784e-15 
8.881784e-15 
8.881784e-15 
8.881784e-15 
8.881784e-15 
8.881784e-15 
8.881784e-15 
8.881784e-15 
8.881784e-15 
8.881784e-15 
8.881784e-15 
8.881784e-15 
8.881784e-15 
8.881784e-15 
8.881784e-15 
8.881784e-15 
8.881784e-15 
8.881784e-15 
8.881784e-15 
8.881784e-15 
8.881784e-15 
8.881784e-15 
8.881784e-15 
8.881784e-15 
8.881784e-15 
8.881784e-15 
8.881784e-15 
8.881784e-15 
8.881784e-15 
8.881784e-15 
8.881784e-15 
8.881784e-15 
8.881784e-15 
8.881784e-15 
8.881784e-15 
8.881784e-15 
8.881784e-15 
8.881784e-15 
8.881784e-15 
8.881784e-15 
8.881784e-15 
8.881784e-15 
8.881784e-15 
8.881784e-15 
8.881784e-15 
8.881784e-15 
8.881784e-15 
8.881784e-15 
8.881784e-15 
8.881784e-15 
8.881784e-15 
8.881784e-15 
8.881784e-15 
8.881784e-15 
8.881784e-15 
8.881784e-15 
8.881784e-15 
8.881784e-15 
8.881784e-15 
8.881784e-15 
8.881784e-15 
8.881784e-15 
8.881784e-15 
8.881784e-15 
8.881784e-15 
8.881784e-15 
8.881784e-15 
8.881784e-15 
8.881784e-15 
8.881784e-15 
8.881784e-15 
8.881784e-15 
8.881784e-15 
8.881784e-15 
8.881784e-15 
8.881784e-15 
8.881784e-15 
8.881784e-15 
8.881784e-15 
8.881784e-15 
8.881784e-15 
8.881784e-15 
8.881784e-15 
8.881784e-15 
8.881784e-15 
8.881784e-15 
8.881784e-15 
8.881784e-15 
8.881784e-15 
8.881784e-15 
8.881784e-15 
8.881784e-15 
8.881784e-15 
8.881784e-15 
8.881784e-15 
8.881784e-15 
8.881784e-15 
8.881784e-15 
8.881784e-15 
8.881784e-15 
8.881784e-15 
8.881784e-15 
8.881784e-15 
8.881784e-15 
8.881784e-15 
8.881784e-15 
8.881784e-15 
8.881784e-15 
8.881784e-15 
8.881784e-15 
8.881784e-15 
8.881784e-15 
8.881784e-15 
8.881784e-15 
8.881784e-15 
8.881784e-15 
8.881784e-15 
8.881784e-15 
8.881784e-15 
8.881784e-15 
8.881784e-15 
8.881784e-15 
8.881784e-15 
8.881784e-15 
8.881784e-15 
8.881784e-15 
8.881784e-15 
8.881784e-15 
8.881784e-15 
8.881784e-15 
8.881784e-15 
8.881784e-15 
8.881784e-15 
8.881784e-15 
8.881784e-15 
8.881784e-15 
8.881784e-15 
8.881784e-15 
8.881784e-15 
8.881784e-15 
8.881784e-15 
8.881784e-15 
8.881784e-15 
8.881784e-15 
8.881784e-15 
8.881784e-15 
8.881784e-15 
8.881784e-15 
8.881784e-15 
8.881784e-15 
8.881784e-15 
8.881784e-15 
8.881784e-15 
8.881784e-15 
8.881784e-15 
8.881784e-15 
8.881784e-15 
8.881784e-15 
8.881784e-15 
8.881784e-15 
8.881784e-15 
8.881784e-15 
8.881784e-15 
8.881784e-15 
8.881784e-15 
8.881784e-15 
8.881784e-15 
8.881784e-15 
8.881784e-15 
8.881784e-15 
8.881784e-15 
8.881784e-15 
8.881784e-15 
8.881784e-15 
8.881784e-15 
8.881784e-15 
8.881784e-15 
8.881784e-15 
8.881784e-15 
8.881784e-15 
8.881784e-15 
8.881784e-15 
8.881784e-15 
8.881784e-15 
8.881784e-15 
8.881784e-15 
8.881784e-15 
8.881784e-15 
8.881784e-15 
8.881784e-15 
8.881784e-15 
8.881784e-15 
8.881784e-15 
8.881784e-15 
8.881784e-15 
8.881784e-15 
8.881784e-15 
8.881784e-15 
8.881784e-15 
8.881784e-15 
8.881784e-15 
8.881784e-15 
8.881784e-15 
8.881784e-15 
8.881784e-15 
8.881784e-15 
8.881784e-15 
8.881784e-15 
8.881784e-15 
8.881784e-15 
8.881784e-15 
8.881784e-15 
8.881784e-15 
8.881784e-15 
8.881784e-15 
8.881784e-15 
8.881784e-15 
8.881784e-15 
8.881784e-15 
8.881784e-15 
8.881784e-15 
8.881784e-15 
8.881784e-15 
8.881784e-15 
8.881784e-15 
8.881784e-15 
8.881784e-15 
8.881784e-15 
8.881784e-15 
8.881784e-15 
8.881784e-15 
8.881784e-15 
8.881784e-15 
8.881784e-15 
8.881784e-15 
8.881784e-15 
8.881784e-15 
8.881784e-15 
8.881784e-15 
8.881784e-15 
8.881784e-15 
8.881784e-15 
8.881784e-15 
8.881784e-15 
8.881784e-15 
8.881784e-15 
8.881784e-15 
8.881784e-15 
8.881784e-15 
8.881784e-15 
8.881784e-15 
8.881784e-15 
8.881784e-15 
8.881784e-15 
8.881784e-15 
8.881784e-15 
8.881784e-15 
8.881784e-15 
8.881784e-15 
8.881784e-15 
8.881784e-15 
8.881784e-15 
8.881784e-15 
8.881784e-15 
8.881784e-15 
8.881784e-15 
8.881784e-15 
8.881784e-15 
8.881784e-15 
8.881784e-15 
8.881784e-15 
8.881784e-15 
8.881784e-15 
8.881784e-15 
8.881784e-15 
8.881784e-15 
8.881784e-15 
8.881784e-15 
8.881784e-15 
8.881784e-15 
8.881784e-15 
8.881784e-15 
8.881784e-15 
8.881784e-15 
8.881784e-15 
8.881784e-15 
8.881784e-15 
8.881784e-15 
8.881784e-15 
8.881784e-15 
8.881784e-15 
8.881784e-15 
8.881784e-15 
8.881784e-15 
8.881784e-15 
8.881784e-15 
8.881784e-15 
8.881784e-15 
8.881784e-15 
8.881784e-15 
8.881784e-15 
8.881784e-15 
8.881784e-15 
8.881784e-15 
8.881784e-15 
8.881784e-15 
8.881784e-15 
8.881784e-15 
8.881784e-15 
8.881784e-15 
8.881784e-15 
8.881784e-15 
8.881784e-15 
8.881784e-15 
8.881784e-15 
8.881784e-15 
8.881784e-15 
8.881784e-15 
8.881784e-15 
8.881784e-15 
8.881784e-15 
8.881784e-15 
8.881784e-15 
8.881784e-15 
8.881784e-15 
8.881784e-15 
8.881784e-15 
8.881784e-15 
8.881784e-15 
8.881784e-15 
8.881784e-15 
8.881784e-15 
8.881784e-15 
8.881784e-15 
8.881784e-15 
8.881784e-15 
8.881784e-15 
8.881784e-15 
8.881784e-15 
8.881784e-15 
8.881784e-15 
8.881784e-15 
8.881784e-15 
8.881784e-15 
8.881784e-15 
8.881784e-15 
8.881784e-15 
8.881784e-15 
8.881784e-15 
8.881784e-15 
8.881784e-15 
8.881784e-15 
8.881784e-15 
8.881784e-15 
8.881784e-15 
8.881784e-15 
8.881784e-15 
8.881784e-15 
8.881784e-15 
8.881784e-15 
8.881784e-15 
8.881784e-15 
8.881784e-15 
8.881784e-15 
8.881784e-15 
8.881784e-15 
8.881784e-15 
8.881784e-15 
8.881784e-15 
8.881784e-15 
8.881784e-15 
8.881784e-15 
8.881784e-15 
8.881784e-15 
8.881784e-15 
8.881784e-15 
8.881784e-15 
8.881784e-15 
8.881784e-15 
8.881784e-15 
8.881784e-15 
8.881784e-15 
8.881784e-15 
8.881784e-15 
8.881784e-15 
8.881784e-15 
8.881784e-15 
8.881784e-15 
8.881784e-15 
8.881784e-15 
8.881784e-15 
8.881784e-15 
8.881784e-15 
8.881784e-15 
8.881784e-15 
8.881784e-15 
8.881784e-15 
8.881784e-15 
8.881784e-15 
8.881784e-15 
8.881784e-15 
8.881784e-15 
8.881784e-15 
8.881784e-15 
8.881784e-15 
8.881784e-15 
8.881784e-15 
8.881784e-15 
8.881784e-15 
8.881784e-15 
8.881784e-15 
8.881784e-15 
8.881784e-15 
8.881784e-15 
8.881784e-15 
8.881784e-15 
8.881784e-15 
8.881784e-15 
8.881784e-15 
8.881784e-15 
8.881784e-15 
8.881784e-15 
8.881784e-15 
8.881784e-15 
8.881784e-15 
8.881784e-15 
8.881784e-15 
8.881784e-15 
8.881784e-15 
8.881784e-15 
8.881784e-15 
8.881784e-15 
8.881784e-15 
8.881784e-15 
8.881784e-15 
8.881784e-15 
8.881784e-15 
8.881784e-15 
8.881784e-15 
8.881784e-15 
8.881784e-15 
8.881784e-15 
8.881784e-15 
8.881784e-15 
8.881784e-15 
8.881784e-15 
8.881784e-15 
8.881784e-15 
8.881784e-15 
8.881784e-15 
8.881784e-15 
8.881784e-15 
8.881784e-15 
8.881784e-15 
8.881784e-15 
8.881784e-15 
8.881784e-15 
8.881784e-15 
8.881784e-15 
8.881784e-15 
8.881784e-15 
8.881784e-15 
8.881784e-15 
8.881784e-15 
8.881784e-15 
8.881784e-15 
8.881784e-15 
8.881784e-15 
8.881784e-15 
8.881784e-15 
8.881784e-15 
8.881784e-15 
8.881784e-15 
8.881784e-15 
8.881784e-15 
8.881784e-15 
8.881784e-15 
8.881784e-15 
8.881784e-15 
8.881784e-15 
8.881784e-15 
8.881784e-15 
8.881784e-15 
8.881784e-15 
8.881784e-15 
8.881784e-15 
8.881784e-15 
8.881784e-15 
8.881784e-15 
8.881784e-15 
8.881784e-15 
8.881784e-15 
8.881784e-15 
8.881784e-15 
8.881784e-15 
8.881784e-15 
8.881784e-15 
8.881784e-15 
8.881784e-15 
8.881784e-15 
8.881784e-15 
8.881784e-15 
8.881784e-15 
8.881784e-15 
8.881784e-15 
8.881784e-15 
8.881784e-15 
8.881784e-15 
8.881784e-15 
8.881784e-15 
8.881784e-15 
8.881784e-15 
8.881784e-15 
8.881784e-15 
8.881784e-15 
8.881784e-15 
8.881784e-15 
8.881784e-15 
8.881784e-15 
8.881784e-15 
8.881784e-15 
8.881784e-15 
8.881784e-15 
8.881784e-15 
8.881784e-15 
8.881784e-15 
8.881784e-15 
8.881784e-15 
8.881784e-15 
8.881784e-15 
8.881784e-15 
8.881784e-15 
8.881784e-15 
8.881784e-15 
8.881784e-15 
8.881784e-15 
8.881784e-15 
8.881784e-15 
8.881784e-15 
8.881784e-15 
8.881784e-15 
8.881784e-15 
8.881784e-15 
8.881784e-15 
8.881784e-15 
8.881784e-15 
8.881784e-15 
8.881784e-15 
8.881784e-15 
8.881784e-15 
8.881784e-15 
8.881784e-15 
8.881784e-15 
8.881784e-15 
8.881784e-15 
8.881784e-15 
8.881784e-15 
8.881784e-15 
8.881784e-15 
8.881784e-15 
8.881784e-15 
8.881784e-15 
8.881784e-15 
8.881784e-15 
8.881784e-15 
8.881784e-15 
8.881784e-15 
8.881784e-15 
8.881784e-15 
8.881784e-15 
8.881784e-15 
8.881784e-15 
8.881784e-15 
8.881784e-15 
8.881784e-15 
8.881784e-15 
8.881784e-15 
8.881784e-15 
8.881784e-15 
8.881784e-15 
8.881784e-15 
8.881784e-15 
8.881784e-15 
8.881784e-15 
8.881784e-15 
8.881784e-15 
8.881784e-15 
8.881784e-15 
8.881784e-15 
8.881784e-15 
8.881784e-15 
8.881784e-15 
8.881784e-15 
8.881784e-15 
8.881784e-15 
8.881784e-15 
8.881784e-15 
8.881784e-15 
8.881784e-15 
8.881784e-15 
8.881784e-15 
8.881784e-15 
8.881784e-15 
8.881784e-15 
8.881784e-15 
8.881784e-15 
8.881784e-15 
8.881784e-15 
8.881784e-15 
8.881784e-15 
8.881784e-15 
8.881784e-15 
8.881784e-15 
8.881784e-15 
8.881784e-15 
8.881784e-15 
8.881784e-15 
8.881784e-15 
8.881784e-15 
8.881784e-15 
8.881784e-15 
8.881784e-15 
8.881784e-15 
8.881784e-15 
8.881784e-15 
8.881784e-15 
8.881784e-15 
8.881784e-15 
8.881784e-15 
8.881784e-15 
8.881784e-15 
8.881784e-15 
8.881784e-15 
8.881784e-15 
8.881784e-15 
8.881784e-15 
8.881784e-15 
8.881784e-15 
8.881784e-15 
8.881784e-15 
8.881784e-15 
8.881784e-15 
8.881784e-15 
8.881784e-15 
8.881784e-15 
8.881784e-15 
8.881784e-15 
8.881784e-15 
8.881784e-15 
8.881784e-15 
8.881784e-15 
8.881784e-15 
8.881784e-15 
8.881784e-15 
8.881784e-15 
8.881784e-15 
8.881784e-15 
8.881784e-15 
8.881784e-15 
8.881784e-15 
8.881784e-15 
8.881784e-15 
8.881784e-15 
8.881784e-15 
8.881784e-15 
8.881784e-15 
8.881784e-15 
8.881784e-15 
8.881784e-15 
8.881784e-15 
8.881784e-15 
8.881784e-15 
8.881784e-15 
8.881784e-15 
8.881784e-15 
8.881784e-15 
8.881784e-15 
8.881784e-15 
8.881784e-15 
8.881784e-15 
8.881784e-15 
8.881784e-15 
8.881784e-15 
8.881784e-15 
8.881784e-15 
8.881784e-15 
8.881784e-15 
8.881784e-15 
8.881784e-15 
8.881784e-15 
8.881784e-15 
8.881784e-15 
8.881784e-15 
8.881784e-15 
8.881784e-15 
8.881784e-15 
8.881784e-15 
8.881784e-15 
8.881784e-15 
8.881784e-15 
8.881784e-15 
8.881784e-15 
8.881784e-15 
8.881784e-15 
8.881784e-15 
8.881784e-15 
8.881784e-15 
8.881784e-15 
8.881784e-15 
8.881784e-15 
8.881784e-15 
8.881784e-15 
8.881784e-15 
8.881784e-15 
8.881784e-15 
8.881784e-15 
8.881784e-15 
8.881784e-15 
8.881784e-15 
8.881784e-15 
8.881784e-15 
8.881784e-15 
8.881784e-15 
8.881784e-15 
8.881784e-15 
8.881784e-15 
8.881784e-15 
8.881784e-15 
8.881784e-15 
8.881784e-15 
8.881784e-15 
8.881784e-15 
8.881784e-15 
8.881784e-15 
8.881784e-15 
8.881784e-15 
8.881784e-15 
8.881784e-15 
8.881784e-15 
8.881784e-15 
8.881784e-15 
8.881784e-15 
8.881784e-15 
8.881784e-15 
8.881784e-15 
8.881784e-15 
8.881784e-15 
8.881784e-15 
8.881784e-15 
8.881784e-15 
8.881784e-15 
8.881784e-15 
8.881784e-15 
8.881784e-15 
8.881784e-15 
8.881784e-15 
8.881784e-15 
8.881784e-15 
8.881784e-15 
8.881784e-15 
8.881784e-15 
8.881784e-15 
8.881784e-15 
8.881784e-15 
8.881784e-15 
8.881784e-15 
8.881784e-15 
8.881784e-15 
8.881784e-15 
8.881784e-15 
8.881784e-15 
8.881784e-15 
8.881784e-15 
8.881784e-15 
8.881784e-15 
8.881784e-15 
8.881784e-15 
8.881784e-15 
8.881784e-15 
8.881784e-15 
8.881784e-15 
8.881784e-15 
8.881784e-15 
8.881784e-15 
8.881784e-15 
8.881784e-15 
8.881784e-15 
8.881784e-15 
8.881784e-15 
8.881784e-15 
8.881784e-15 
8.881784e-15 
8.881784e-15 
8.881784e-15 
8.881784e-15 
8.881784e-15 
8.881784e-15 
8.881784e-15 
8.881784e-15 
8.881784e-15 
8.881784e-15 
8.881784e-15 
8.881784e-15 
8.881784e-15 
8.881784e-15 
8.881784e-15 
8.881784e-15 
8.881784e-15 
8.881784e-15 
8.881784e-15 
8.881784e-15 
8.881784e-15 
8.881784e-15 
8.881784e-15 
8.881784e-15 
8.881784e-15 
8.881784e-15 
8.881784e-15 
8.881784e-15 
8.881784e-15 
8.881784e-15 
8.881784e-15 
8.881784e-15 
8.881784e-15 
8.881784e-15 
8.881784e-15 
8.881784e-15 
8.881784e-15 
8.881784e-15 
8.881784e-15 
8.881784e-15 
8.881784e-15 
8.881784e-15 
8.881784e-15 
8.881784e-15 
8.881784e-15 
8.881784e-15 
8.881784e-15 
8.881784e-15 
8.881784e-15 
8.881784e-15 
8.881784e-15 
8.881784e-15 
8.881784e-15 
8.881784e-15 
8.881784e-15 
8.881784e-15 
8.881784e-15 
8.881784e-15 
8.881784e-15 
8.881784e-15 
8.881784e-15 
8.881784e-15 
8.881784e-15 
8.881784e-15 
8.881784e-15 
8.881784e-15 
8.881784e-15 
8.881784e-15 
8.881784e-15 
8.881784e-15 
8.881784e-15 
8.881784e-15 
8.881784e-15 
8.881784e-15 
8.881784e-15 
8.881784e-15 
8.881784e-15 
8.881784e-15 
8.881784e-15 
8.881784e-15 
8.881784e-15 
8.881784e-15 
8.881784e-15 
8.881784e-15 
8.881784e-15 
8.881784e-15 
8.881784e-15 
8.881784e-15 
8.881784e-15 
8.881784e-15 
8.881784e-15 
8.881784e-15 
8.881784e-15 
8.881784e-15 
8.881784e-15 
8.881784e-15 
8.881784e-15 
8.881784e-15 
8.881784e-15 
8.881784e-15 
8.881784e-15 
8.881784e-15 
8.881784e-15 
8.881784e-15 
8.881784e-15 
8.881784e-15 
8.881784e-15 
8.881784e-15 
8.881784e-15 
8.881784e-15 
8.881784e-15 
8.881784e-15 
8.881784e-15 
8.881784e-15 
8.881784e-15 
8.881784e-15 
8.881784e-15 
8.881784e-15 
8.881784e-15 
8.881784e-15 
8.881784e-15 
8.881784e-15 
8.881784e-15 
8.881784e-15 
8.881784e-15 
8.881784e-15 
8.881784e-15 
8.881784e-15 
8.881784e-15 
8.881784e-15 
8.881784e-15 
8.881784e-15 
8.881784e-15 
8.881784e-15 
8.881784e-15 
8.881784e-15 
8.881784e-15 
8.881784e-15 
8.881784e-15 
8.881784e-15 
8.881784e-15 
8.881784e-15 
8.881784e-15 
8.881784e-15 
8.881784e-15 
8.881784e-15 
8.881784e-15 
8.881784e-15 
8.881784e-15 
8.881784e-15 
8.881784e-15 
8.881784e-15 
8.881784e-15 
8.881784e-15 
8.881784e-15 
8.881784e-15 
8.881784e-15 
8.881784e-15 
8.881784e-15 
8.881784e-15 
8.881784e-15 
8.881784e-15 
8.881784e-15 
8.881784e-15 
8.881784e-15 
8.881784e-15 
8.881784e-15 
8.881784e-15 
8.881784e-15 
8.881784e-15 
8.881784e-15 
8.881784e-15 
8.881784e-15 
8.881784e-15 
8.881784e-15 
8.881784e-15 
8.881784e-15 
8.881784e-15 
8.881784e-15 
8.881784e-15 
8.881784e-15 
8.881784e-15 
8.881784e-15 
8.881784e-15 
8.881784e-15 
8.881784e-15 
8.881784e-15 
8.881784e-15 
8.881784e-15 
8.881784e-15 
8.881784e-15 
8.881784e-15 
8.881784e-15 
8.881784e-15 
8.881784e-15 
8.881784e-15 
8.881784e-15 
8.881784e-15 
8.881784e-15 
8.881784e-15 
8.881784e-15 
8.881784e-15 
8.881784e-15 
8.881784e-15 
8.881784e-15 
8.881784e-15 
8.881784e-15 
8.881784e-15 
8.881784e-15 
8.881784e-15 
8.881784e-15 
8.881784e-15 
8.881784e-15 
8.881784e-15 
8.881784e-15 
8.881784e-15 
8.881784e-15 
8.881784e-15 
8.881784e-15 
8.881784e-15 
8.881784e-15 
8.881784e-15 
8.881784e-15 
8.881784e-15 
8.881784e-15 
8.881784e-15 
8.881784e-15 
8.881784e-15 
8.881784e-15 
8.881784e-15 
8.881784e-15 
8.881784e-15 
8.881784e-15 
8.881784e-15 
8.881784e-15 
8.881784e-15 
8.881784e-15 
8.881784e-15 
8.881784e-15 
8.881784e-15 
8.881784e-15 
8.881784e-15 
8.881784e-15 
8.881784e-15 
8.881784e-15 
8.881784e-15 
8.881784e-15 
8.881784e-15 
8.881784e-15 
8.881784e-15 
8.881784e-15 
8.881784e-15 
8.881784e-15 
8.881784e-15 
8.881784e-15 
8.881784e-15 
8.881784e-15 
8.881784e-15 
8.881784e-15 
8.881784e-15 
8.881784e-15 
8.881784e-15 
8.881784e-15 
8.881784e-15 
8.881784e-15 
8.881784e-15 
8.881784e-15 
8.881784e-15 
8.881784e-15 
8.881784e-15 
8.881784e-15 
8.881784e-15 
8.881784e-15 
8.881784e-15 
8.881784e-15 
8.881784e-15 
8.881784e-15 
8.881784e-15 
8.881784e-15 
8.881784e-15 
8.881784e-15 
8.881784e-15 
8.881784e-15 
8.881784e-15 
8.881784e-15 
8.881784e-15 
8.881784e-15 
8.881784e-15 
8.881784e-15 
8.881784e-15 
8.881784e-15 
8.881784e-15 
8.881784e-15 
8.881784e-15 
8.881784e-15 
8.881784e-15 
8.881784e-15 
8.881784e-15 
8.881784e-15 
8.881784e-15 
8.881784e-15 
8.881784e-15 
8.881784e-15 
8.881784e-15 
8.881784e-15 
8.881784e-15 
8.881784e-15 
8.881784e-15 
8.881784e-15 
8.881784e-15 
8.881784e-15 
8.881784e-15 
8.881784e-15 
8.881784e-15 
8.881784e-15 
8.881784e-15 
8.881784e-15 
8.881784e-15 
8.881784e-15 
8.881784e-15 
8.881784e-15 
8.881784e-15 
8.881784e-15 
8.881784e-15 
8.881784e-15 
8.881784e-15 
8.881784e-15 
8.881784e-15 
8.881784e-15 
8.881784e-15 
8.881784e-15 
8.881784e-15 
8.881784e-15 
8.881784e-15 
8.881784e-15 
8.881784e-15 
8.881784e-15 
8.881784e-15 
8.881784e-15 
8.881784e-15 
8.881784e-15 
8.881784e-15 
8.881784e-15 
8.881784e-15 
8.881784e-15 
8.881784e-15 
8.881784e-15 
8.881784e-15 
8.881784e-15 
8.881784e-15 
8.881784e-15 
8.881784e-15 
8.881784e-15 
8.881784e-15 
8.881784e-15 
8.881784e-15 
8.881784e-15 
8.881784e-15 
8.881784e-15 
8.881784e-15 
8.881784e-15 
8.881784e-15 
8.881784e-15 
8.881784e-15 
8.881784e-15 
8.881784e-15 
8.881784e-15 
8.881784e-15 
8.881784e-15 
8.881784e-15 
8.881784e-15 
8.881784e-15 
8.881784e-15 
8.881784e-15 
8.881784e-15 
8.881784e-15 
8.881784e-15 
8.881784e-15 
8.881784e-15 
8.881784e-15 
8.881784e-15 
8.881784e-15 
8.881784e-15 
8.881784e-15 
8.881784e-15 
8.881784e-15 
8.881784e-15 
8.881784e-15 
8.881784e-15 
8.881784e-15 
8.881784e-15 
8.881784e-15 
8.881784e-15 
8.881784e-15 
8.881784e-15 
8.881784e-15 
8.881784e-15 
8.881784e-15 
8.881784e-15 
8.881784e-15 
8.881784e-15 
8.881784e-15 
8.881784e-15 
8.881784e-15 
8.881784e-15 
8.881784e-15 
8.881784e-15 
8.881784e-15 
8.881784e-15 
8.881784e-15 
8.881784e-15 
8.881784e-15 
8.881784e-15 
8.881784e-15 
8.881784e-15 
8.881784e-15 
8.881784e-15 
8.881784e-15 
8.881784e-15 
8.881784e-15 
8.881784e-15 
8.881784e-15 
8.881784e-15 
8.881784e-15 
8.881784e-15 
8.881784e-15 
8.881784e-15 
8.881784e-15 
8.881784e-15 
8.881784e-15 
8.881784e-15 
8.881784e-15 
8.881784e-15 
8.881784e-15 
8.881784e-15 
8.881784e-15 
8.881784e-15 
8.881784e-15 
8.881784e-15 
8.881784e-15 
8.881784e-15 
8.881784e-15 
8.881784e-15 
8.881784e-15 
8.881784e-15 
8.881784e-15 
8.881784e-15 
8.881784e-15 
8.881784e-15 
8.881784e-15 
8.881784e-15 
8.881784e-15 
8.881784e-15 
8.881784e-15 
8.881784e-15 
8.881784e-15 
8.881784e-15 
8.881784e-15 
8.881784e-15 
8.881784e-15 
8.881784e-15 
8.881784e-15 
8.881784e-15 
8.881784e-15 
8.881784e-15 
8.881784e-15 
8.881784e-15 
8.881784e-15 
8.881784e-15 
8.881784e-15 
8.881784e-15 
8.881784e-15 
8.881784e-15 
8.881784e-15 
8.881784e-15 
8.881784e-15 
8.881784e-15 
8.881784e-15 
8.881784e-15 
8.881784e-15 
8.881784e-15 
8.881784e-15 
8.881784e-15 
8.881784e-15 
8.881784e-15 
8.881784e-15 
8.881784e-15 
8.881784e-15 
8.881784e-15 
8.881784e-15 
8.881784e-15 
8.881784e-15 
8.881784e-15 
8.881784e-15 
8.881784e-15 
8.881784e-15 
8.881784e-15 
8.881784e-15 
8.881784e-15 
8.881784e-15 
8.881784e-15 
8.881784e-15 
8.881784e-15 
8.881784e-15 
8.881784e-15 
8.881784e-15 
8.881784e-15 
8.881784e-15 
8.881784e-15 
8.881784e-15 
8.881784e-15 
8.881784e-15 
8.881784e-15 
8.881784e-15 
8.881784e-15 
8.881784e-15 
8.881784e-15 
8.881784e-15 
8.881784e-15 
8.881784e-15 
8.881784e-15 
8.881784e-15 
8.881784e-15 
8.881784e-15 
8.881784e-15 
8.881784e-15 
8.881784e-15 
8.881784e-15 
8.881784e-15 
8.881784e-15 
8.881784e-15 
8.881784e-15 
8.881784e-15 
8.881784e-15 
8.881784e-15 
8.881784e-15 
8.881784e-15 
8.881784e-15 
8.881784e-15 
8.881784e-15 
8.881784e-15 
8.881784e-15 
8.881784e-15 
8.881784e-15 
8.881784e-15 
8.881784e-15 
8.881784e-15 
8.881784e-15 
8.881784e-15 
8.881784e-15 
8.881784e-15 
8.881784e-15 
8.881784e-15 
8.881784e-15 
8.881784e-15 
8.881784e-15 
8.881784e-15 
8.881784e-15 
8.881784e-15 
8.881784e-15 
8.881784e-15 
8.881784e-15 
8.881784e-15 
8.881784e-15 
8.881784e-15 
8.881784e-15 
8.881784e-15 
8.881784e-15 
8.881784e-15 
8.881784e-15 
8.881784e-15 
8.881784e-15 
8.881784e-15 
8.881784e-15 
8.881784e-15 
8.881784e-15 
8.881784e-15 
8.881784e-15 
8.881784e-15 
8.881784e-15 
8.881784e-15 
8.881784e-15 
8.881784e-15 
8.881784e-15 
8.881784e-15 
8.881784e-15 
8.881784e-15 
8.881784e-15 
8.881784e-15 
8.881784e-15 
8.881784e-15 
8.881784e-15 
8.881784e-15 
8.881784e-15 
8.881784e-15 
8.881784e-15 
8.881784e-15 
8.881784e-15 
8.881784e-15 
8.881784e-15 
8.881784e-15 
8.881784e-15 
8.881784e-15 
8.881784e-15 
8.881784e-15 
8.881784e-15 
8.881784e-15 
8.881784e-15 
8.881784e-15 
8.881784e-15 
8.881784e-15 
8.881784e-15 
8.881784e-15 
8.881784e-15 
8.881784e-15 
8.881784e-15 
8.881784e-15 
8.881784e-15 
8.881784e-15 
8.881784e-15 
8.881784e-15 
8.881784e-15 
8.881784e-15 
8.881784e-15 
8.881784e-15 
8.881784e-15 
8.881784e-15 
8.881784e-15 
8.881784e-15 
8.881784e-15 
8.881784e-15 
8.881784e-15 
8.881784e-15 
8.881784e-15 
8.881784e-15 
8.881784e-15 
8.881784e-15 
8.881784e-15 
8.881784e-15 
8.881784e-15 
8.881784e-15 
8.881784e-15 
8.881784e-15 
8.881784e-15 
8.881784e-15 
8.881784e-15 
8.881784e-15 
8.881784e-15 
8.881784e-15 
8.881784e-15 
8.881784e-15 
8.881784e-15 
8.881784e-15 
8.881784e-15 
8.881784e-15 
8.881784e-15 
8.881784e-15 
8.881784e-15 
8.881784e-15 
8.881784e-15 
8.881784e-15 
8.881784e-15 
8.881784e-15 
8.881784e-15 
8.881784e-15 
8.881784e-15 
8.881784e-15 
8.881784e-15 
8.881784e-15 
8.881784e-15 
8.881784e-15 
8.881784e-15 
8.881784e-15 
8.881784e-15 
8.881784e-15 
8.881784e-15 
8.881784e-15 
8.881784e-15 
8.881784e-15 
8.881784e-15 
8.881784e-15 
8.881784e-15 
8.881784e-15 
8.881784e-15 
8.881784e-15 
8.881784e-15 
8.881784e-15 
8.881784e-15 
8.881784e-15 
8.881784e-15 
8.881784e-15 
8.881784e-15 
8.881784e-15 
8.881784e-15 
8.881784e-15 
8.881784e-15 
8.881784e-15 
8.881784e-15 
8.881784e-15 
8.881784e-15 
8.881784e-15 
8.881784e-15 
8.881784e-15 
8.881784e-15 
8.881784e-15 
8.881784e-15 
8.881784e-15 
8.881784e-15 
8.881784e-15 
8.881784e-15 
8.881784e-15 
8.881784e-15 
8.881784e-15 
8.881784e-15 
8.881784e-15 
8.881784e-15 
8.881784e-15 
8.881784e-15 
8.881784e-15 
8.881784e-15 
8.881784e-15 
8.881784e-15 
8.881784e-15 
8.881784e-15 
8.881784e-15 
8.881784e-15 
8.881784e-15 
8.881784e-15 
8.881784e-15 
8.881784e-15 
8.881784e-15 
8.881784e-15 
8.881784e-15 
8.881784e-15 
8.881784e-15 
8.881784e-15 
8.881784e-15 
8.881784e-15 
8.881784e-15 
8.881784e-15 
8.881784e-15 
8.881784e-15 
8.881784e-15 
8.881784e-15 
8.881784e-15 
8.881784e-15 
8.881784e-15 
8.881784e-15 
8.881784e-15 
8.881784e-15 
8.881784e-15 
8.881784e-15 
8.881784e-15 
8.881784e-15 
8.881784e-15 
8.881784e-15 
8.881784e-15 
8.881784e-15 
8.881784e-15 
8.881784e-15 
8.881784e-15 
8.881784e-15 
8.881784e-15 
8.881784e-15 
8.881784e-15 
8.881784e-15 
8.881784e-15 
8.881784e-15 
8.881784e-15 
8.881784e-15 
8.881784e-15 
8.881784e-15 
8.881784e-15 
8.881784e-15 
8.881784e-15 
8.881784e-15 
8.881784e-15 
8.881784e-15 
8.881784e-15 
8.881784e-15 
8.881784e-15 
8.881784e-15 
8.881784e-15 
8.881784e-15 
8.881784e-15 
8.881784e-15 
8.881784e-15 
8.881784e-15 
8.881784e-15 
8.881784e-15 
8.881784e-15 
8.881784e-15 
8.881784e-15 
8.881784e-15 
8.881784e-15 
8.881784e-15 
8.881784e-15 
8.881784e-15 
8.881784e-15 
8.881784e-15 
8.881784e-15 
8.881784e-15 
8.881784e-15 
8.881784e-15 
8.881784e-15 
8.881784e-15 
8.881784e-15 
8.881784e-15 
8.881784e-15 
8.881784e-15 
8.881784e-15 
8.881784e-15 
8.881784e-15 
8.881784e-15 
8.881784e-15 
8.881784e-15 
8.881784e-15 
8.881784e-15 
8.881784e-15 
8.881784e-15 
8.881784e-15 
8.881784e-15 
8.881784e-15 
8.881784e-15 
8.881784e-15 
8.881784e-15 
8.881784e-15 
8.881784e-15 
8.881784e-15 
8.881784e-15 
8.881784e-15 
8.881784e-15 
8.881784e-15 
8.881784e-15 
8.881784e-15 
8.881784e-15 
8.881784e-15 
8.881784e-15 
8.881784e-15 
8.881784e-15 
8.881784e-15 
8.881784e-15 
8.881784e-15 
8.881784e-15 
8.881784e-15 
8.881784e-15 
8.881784e-15 
8.881784e-15 
8.881784e-15 
8.881784e-15 
8.881784e-15 
8.881784e-15 
8.881784e-15 
8.881784e-15 
8.881784e-15 
8.881784e-15 
8.881784e-15 
8.881784e-15 
8.881784e-15 
8.881784e-15 
8.881784e-15 
8.881784e-15 
8.881784e-15 
8.881784e-15 
8.881784e-15 
8.881784e-15 
8.881784e-15 
8.881784e-15 
8.881784e-15 
8.881784e-15 
8.881784e-15 
8.881784e-15 
8.881784e-15 
8.881784e-15 
8.881784e-15 
8.881784e-15 
8.881784e-15 
8.881784e-15 
8.881784e-15 
8.881784e-15 
8.881784e-15 
8.881784e-15 
8.881784e-15 
8.881784e-15 
8.881784e-15 
8.881784e-15 
8.881784e-15 
8.881784e-15 
8.881784e-15 
8.881784e-15 
8.881784e-15 
8.881784e-15 
8.881784e-15 
8.881784e-15 
8.881784e-15 
8.881784e-15 
8.881784e-15 
8.881784e-15 
8.881784e-15 
8.881784e-15 
8.881784e-15 
8.881784e-15 
8.881784e-15 
8.881784e-15 
8.881784e-15 
8.881784e-15 
8.881784e-15 
8.881784e-15 
8.881784e-15 
8.881784e-15 
8.881784e-15 
8.881784e-15 
8.881784e-15 
8.881784e-15 
8.881784e-15 
8.881784e-15 
8.881784e-15 
8.881784e-15 
8.881784e-15 
8.881784e-15 
8.881784e-15 
8.881784e-15 
8.881784e-15 
8.881784e-15 
8.881784e-15 
8.881784e-15 
8.881784e-15 
8.881784e-15 
8.881784e-15 
8.881784e-15 
8.881784e-15 
8.881784e-15 
8.881784e-15 
8.881784e-15 
8.881784e-15 
8.881784e-15 
8.881784e-15 
8.881784e-15 
8.881784e-15 
8.881784e-15 
8.881784e-15 
8.881784e-15 
8.881784e-15 
8.881784e-15 
8.881784e-15 
8.881784e-15 
8.881784e-15 
8.881784e-15 
8.881784e-15 
8.881784e-15 
8.881784e-15 
8.881784e-15 
8.881784e-15 
8.881784e-15 
8.881784e-15 
8.881784e-15 
8.881784e-15 
8.881784e-15 
8.881784e-15 
8.881784e-15 
8.881784e-15 
8.881784e-15 
8.881784e-15 
8.881784e-15 
8.881784e-15 
8.881784e-15 
8.881784e-15 
8.881784e-15 
8.881784e-15 
8.881784e-15 
8.881784e-15 
8.881784e-15 
8.881784e-15 
8.881784e-15 
8.881784e-15 
8.881784e-15 
8.881784e-15 
8.881784e-15 
8.881784e-15 
8.881784e-15 
8.881784e-15 
8.881784e-15 
8.881784e-15 
8.881784e-15 
8.881784e-15 
8.881784e-15 
8.881784e-15 
8.881784e-15 
8.881784e-15 
8.881784e-15 
8.881784e-15 
8.881784e-15 
8.881784e-15 
8.881784e-15 
8.881784e-15 
8.881784e-15 
8.881784e-15 
8.881784e-15 
8.881784e-15 
8.881784e-15 
8.881784e-15 
8.881784e-15 
8.881784e-15 
8.881784e-15 
8.881784e-15 
8.881784e-15 
8.881784e-15 
8.881784e-15 
8.881784e-15 
8.881784e-15 
8.881784e-15 
8.881784e-15 
8.881784e-15 
8.881784e-15 
8.881784e-15 
8.881784e-15 
8.881784e-15 
8.881784e-15 
8.881784e-15 
8.881784e-15 
8.881784e-15 
8.881784e-15 
8.881784e-15 
8.881784e-15 
8.881784e-15 
8.881784e-15 
8.881784e-15 
8.881784e-15 
8.881784e-15 
8.881784e-15 
8.881784e-15 
8.881784e-15 
8.881784e-15 
8.881784e-15 
8.881784e-15 
8.881784e-15 
8.881784e-15 
8.881784e-15 
8.881784e-15 
8.881784e-15 
8.881784e-15 
8.881784e-15 
8.881784e-15 
8.881784e-15 
8.881784e-15 
8.881784e-15 
8.881784e-15 
8.881784e-15 
8.881784e-15 
8.881784e-15 
8.881784e-15 
8.881784e-15 
8.881784e-15 
8.881784e-15 
8.881784e-15 
8.881784e-15 
8.881784e-15 
8.881784e-15 
8.881784e-15 
8.881784e-15 
8.881784e-15 
8.881784e-15 
8.881784e-15 
8.881784e-15 
8.881784e-15 
8.881784e-15 
8.881784e-15 
8.881784e-15 
8.881784e-15 
8.881784e-15 
8.881784e-15 
8.881784e-15 
8.881784e-15 
8.881784e-15 
8.881784e-15 
8.881784e-15 
8.881784e-15 
8.881784e-15 
8.881784e-15 
8.881784e-15 
8.881784e-15 
8.881784e-15 
8.881784e-15 
8.881784e-15 
8.881784e-15 
8.881784e-15 
8.881784e-15 
8.881784e-15 
8.881784e-15 
8.881784e-15 
8.881784e-15 
8.881784e-15 
8.881784e-15 
8.881784e-15 
8.881784e-15 
8.881784e-15 
8.881784e-15 
8.881784e-15 
8.881784e-15 
8.881784e-15 
8.881784e-15 
8.881784e-15 
8.881784e-15 
8.881784e-15 
8.881784e-15 
8.881784e-15 
8.881784e-15 
8.881784e-15 
8.881784e-15 
8.881784e-15 
8.881784e-15 
8.881784e-15 
8.881784e-15 
8.881784e-15 
8.881784e-15 
8.881784e-15 
8.881784e-15 
8.881784e-15 
8.881784e-15 
8.881784e-15 
8.881784e-15 
8.881784e-15 
8.881784e-15 
8.881784e-15 
8.881784e-15 
8.881784e-15 
8.881784e-15 
8.881784e-15 
8.881784e-15 
8.881784e-15 
8.881784e-15 
8.881784e-15 
8.881784e-15 
8.881784e-15 
8.881784e-15 
8.881784e-15 
8.881784e-15 
8.881784e-15 
8.881784e-15 
8.881784e-15 
8.881784e-15 
8.881784e-15 
8.881784e-15 
8.881784e-15 
8.881784e-15 
8.881784e-15 
8.881784e-15 
8.881784e-15 
8.881784e-15 
8.881784e-15 
8.881784e-15 
8.881784e-15 
8.881784e-15 
8.881784e-15 
8.881784e-15 
8.881784e-15 
8.881784e-15 
8.881784e-15 
8.881784e-15 
8.881784e-15 
8.881784e-15 
8.881784e-15 
8.881784e-15 
8.881784e-15 
8.881784e-15 
8.881784e-15 
8.881784e-15 
8.881784e-15 
8.881784e-15 
8.881784e-15 
8.881784e-15 
8.881784e-15 
8.881784e-15 
8.881784e-15 
8.881784e-15 
8.881784e-15 
8.881784e-15 
8.881784e-15 
8.881784e-15 
8.881784e-15 
8.881784e-15 
8.881784e-15 
8.881784e-15 
8.881784e-15 
8.881784e-15 
8.881784e-15 
8.881784e-15 
8.881784e-15 
8.881784e-15 
8.881784e-15 
8.881784e-15 
8.881784e-15 
8.881784e-15 
8.881784e-15 
8.881784e-15 
8.881784e-15 
8.881784e-15 
8.881784e-15 
8.881784e-15 
8.881784e-15 
8.881784e-15 
