5.078914e+09 
1.812926e+09 
1.812926e+09 
1.323204e+09 
1.323204e+09 
1.323204e+09 
1.251889e+09 
1.100280e+09 
2.494761e+08 
2.494761e+08 
2.494761e+08 
2.494761e+08 
2.494761e+08 
2.494761e+08 
2.494761e+08 
2.494761e+08 
1.898793e+08 
1.898793e+08 
1.898793e+08 
1.898793e+08 
1.898793e+08 
1.898793e+08 
1.898793e+08 
1.898793e+08 
1.898793e+08 
1.898793e+08 
1.898793e+08 
1.898793e+08 
1.898793e+08 
1.898793e+08 
1.898793e+08 
1.898793e+08 
1.898793e+08 
1.898793e+08 
1.898793e+08 
1.898793e+08 
1.898793e+08 
1.898793e+08 
1.898793e+08 
1.898793e+08 
1.898793e+08 
1.898793e+08 
1.898793e+08 
1.898793e+08 
1.898793e+08 
1.898793e+08 
1.898793e+08 
1.898793e+08 
1.898793e+08 
1.885177e+08 
1.885177e+08 
1.885177e+08 
1.885177e+08 
1.885177e+08 
1.885177e+08 
1.885177e+08 
1.885177e+08 
1.885177e+08 
1.885177e+08 
1.885177e+08 
1.885177e+08 
1.885177e+08 
1.230832e+08 
1.230832e+08 
1.230832e+08 
1.230832e+08 
1.230832e+08 
1.230832e+08 
1.230832e+08 
1.230832e+08 
1.230832e+08 
1.230832e+08 
1.230832e+08 
1.230832e+08 
1.230832e+08 
1.230832e+08 
1.230832e+08 
1.230832e+08 
1.194930e+08 
1.194930e+08 
1.194930e+08 
1.194930e+08 
1.194930e+08 
1.194930e+08 
1.194930e+08 
1.194930e+08 
1.194930e+08 
1.194930e+08 
1.194930e+08 
1.194930e+08 
1.194930e+08 
1.194930e+08 
1.194930e+08 
1.194930e+08 
1.194930e+08 
1.194930e+08 
1.194930e+08 
1.194930e+08 
1.194930e+08 
1.194930e+08 
1.194930e+08 
1.194930e+08 
1.194930e+08 
1.194930e+08 
1.194930e+08 
1.194930e+08 
1.194930e+08 
1.194930e+08 
1.194930e+08 
1.194930e+08 
1.194930e+08 
1.194930e+08 
1.194930e+08 
1.194930e+08 
1.194930e+08 
1.194930e+08 
1.194930e+08 
1.194930e+08 
1.194930e+08 
1.194930e+08 
1.194930e+08 
1.194930e+08 
1.194930e+08 
1.194930e+08 
1.194930e+08 
1.194930e+08 
1.194930e+08 
1.194930e+08 
1.194930e+08 
1.194930e+08 
1.194930e+08 
1.194930e+08 
1.194930e+08 
1.194930e+08 
1.194930e+08 
1.194930e+08 
1.194930e+08 
1.194930e+08 
1.194930e+08 
1.194930e+08 
1.194930e+08 
1.194930e+08 
1.194930e+08 
1.194930e+08 
1.194930e+08 
1.194930e+08 
1.194930e+08 
1.194930e+08 
1.194930e+08 
1.194930e+08 
1.194930e+08 
1.194930e+08 
1.194930e+08 
1.194930e+08 
1.194930e+08 
1.194930e+08 
1.194930e+08 
1.194930e+08 
1.194930e+08 
1.194930e+08 
1.194930e+08 
1.194930e+08 
1.194930e+08 
1.194930e+08 
1.194930e+08 
1.194930e+08 
1.194930e+08 
1.194930e+08 
1.194930e+08 
1.194930e+08 
1.194930e+08 
1.194930e+08 
1.194930e+08 
1.194930e+08 
1.194930e+08 
1.194930e+08 
1.194930e+08 
1.194930e+08 
1.194930e+08 
1.194930e+08 
1.194930e+08 
1.194930e+08 
1.194930e+08 
1.194930e+08 
1.194930e+08 
1.194930e+08 
1.194930e+08 
1.194930e+08 
1.194930e+08 
1.194930e+08 
1.194930e+08 
1.194930e+08 
1.194930e+08 
1.194930e+08 
1.194930e+08 
1.194930e+08 
1.194930e+08 
1.194930e+08 
1.194930e+08 
1.148427e+08 
1.148427e+08 
1.148427e+08 
1.148427e+08 
1.148427e+08 
1.148427e+08 
1.148427e+08 
1.148427e+08 
1.148427e+08 
1.148427e+08 
1.148427e+08 
1.148427e+08 
1.148427e+08 
1.148427e+08 
1.148427e+08 
1.148427e+08 
1.148427e+08 
1.148427e+08 
1.148427e+08 
1.148427e+08 
1.148427e+08 
1.148427e+08 
1.148427e+08 
1.148427e+08 
1.148427e+08 
1.148427e+08 
1.148427e+08 
1.148427e+08 
1.148427e+08 
1.148427e+08 
1.148427e+08 
1.148427e+08 
1.148427e+08 
1.148427e+08 
1.148427e+08 
1.148427e+08 
1.148427e+08 
1.148427e+08 
1.148427e+08 
1.148427e+08 
1.148427e+08 
1.148427e+08 
1.148427e+08 
1.148427e+08 
1.148427e+08 
1.148427e+08 
1.148427e+08 
1.148427e+08 
1.148427e+08 
1.148427e+08 
1.148427e+08 
1.148427e+08 
1.148427e+08 
1.148427e+08 
1.148427e+08 
1.148427e+08 
1.148427e+08 
1.148427e+08 
1.148427e+08 
1.148427e+08 
1.148427e+08 
1.148427e+08 
1.148427e+08 
1.148427e+08 
1.148427e+08 
1.148427e+08 
1.148427e+08 
1.148427e+08 
1.148427e+08 
1.148427e+08 
1.148427e+08 
1.148427e+08 
1.148427e+08 
1.148427e+08 
1.148427e+08 
1.148427e+08 
1.148427e+08 
1.148427e+08 
1.148427e+08 
1.148427e+08 
1.148427e+08 
1.148427e+08 
1.148427e+08 
1.148427e+08 
1.148427e+08 
1.148427e+08 
1.148427e+08 
1.148427e+08 
1.148427e+08 
1.148427e+08 
1.148427e+08 
1.148427e+08 
1.148427e+08 
1.148427e+08 
1.148427e+08 
1.148427e+08 
1.148427e+08 
1.148427e+08 
1.148427e+08 
1.148427e+08 
1.148427e+08 
1.148427e+08 
1.148427e+08 
1.148427e+08 
1.148427e+08 
1.148427e+08 
1.148427e+08 
1.148427e+08 
1.148427e+08 
1.148427e+08 
1.148427e+08 
1.148427e+08 
1.148427e+08 
1.148427e+08 
1.148427e+08 
1.148427e+08 
1.148427e+08 
1.148427e+08 
1.148427e+08 
1.148427e+08 
1.148427e+08 
1.148427e+08 
1.148427e+08 
1.148427e+08 
1.148427e+08 
1.148427e+08 
1.148427e+08 
1.148427e+08 
1.148427e+08 
1.148427e+08 
1.148427e+08 
1.148427e+08 
1.148427e+08 
1.148427e+08 
1.148427e+08 
1.148427e+08 
1.148427e+08 
1.148427e+08 
1.148427e+08 
1.148427e+08 
1.148427e+08 
1.148427e+08 
1.148427e+08 
1.148427e+08 
1.148427e+08 
1.148427e+08 
1.148427e+08 
1.148427e+08 
1.148427e+08 
1.148427e+08 
1.148427e+08 
1.148427e+08 
1.148427e+08 
1.148427e+08 
1.148427e+08 
1.148427e+08 
1.148427e+08 
1.148427e+08 
1.148427e+08 
1.148427e+08 
1.148427e+08 
1.148427e+08 
1.148427e+08 
1.148427e+08 
1.148427e+08 
1.148427e+08 
1.148427e+08 
1.148427e+08 
1.148427e+08 
1.148427e+08 
1.148427e+08 
1.148427e+08 
1.148427e+08 
1.148427e+08 
1.148427e+08 
1.148427e+08 
1.148427e+08 
1.148427e+08 
1.148427e+08 
1.148427e+08 
1.148427e+08 
1.148427e+08 
1.148427e+08 
1.148427e+08 
1.148427e+08 
1.148427e+08 
1.148427e+08 
1.148427e+08 
1.148427e+08 
1.148427e+08 
1.148427e+08 
1.148427e+08 
1.148427e+08 
1.148427e+08 
1.148427e+08 
1.148427e+08 
1.148427e+08 
1.148427e+08 
1.148427e+08 
1.148427e+08 
1.148427e+08 
1.148427e+08 
1.148427e+08 
1.148427e+08 
1.148427e+08 
1.148427e+08 
1.148427e+08 
1.148427e+08 
1.148427e+08 
1.148427e+08 
1.148427e+08 
1.148427e+08 
1.148427e+08 
1.148427e+08 
1.148427e+08 
1.148427e+08 
1.148427e+08 
1.148427e+08 
1.148427e+08 
1.148427e+08 
1.148427e+08 
1.148427e+08 
1.148427e+08 
1.148427e+08 
1.148427e+08 
1.148427e+08 
1.148427e+08 
1.148427e+08 
1.148427e+08 
1.148427e+08 
1.148427e+08 
1.148427e+08 
1.148427e+08 
1.148427e+08 
1.148427e+08 
1.148427e+08 
1.148427e+08 
1.148427e+08 
1.148427e+08 
1.148427e+08 
1.148427e+08 
1.148427e+08 
1.148427e+08 
1.148427e+08 
1.148427e+08 
1.148427e+08 
1.148427e+08 
1.148427e+08 
1.148427e+08 
1.148427e+08 
1.148427e+08 
1.148427e+08 
1.148427e+08 
1.148427e+08 
1.148427e+08 
1.148427e+08 
1.148427e+08 
1.148427e+08 
1.148427e+08 
1.148427e+08 
1.148427e+08 
1.148427e+08 
1.148427e+08 
1.148427e+08 
1.148427e+08 
1.148427e+08 
1.148427e+08 
1.148427e+08 
1.148427e+08 
1.148427e+08 
1.148427e+08 
1.148427e+08 
1.148427e+08 
1.148427e+08 
1.148427e+08 
1.148427e+08 
1.148427e+08 
1.148427e+08 
1.148427e+08 
1.148427e+08 
1.148427e+08 
1.148427e+08 
1.148427e+08 
1.148427e+08 
1.148427e+08 
1.148427e+08 
1.148427e+08 
9.495407e+07 
9.495407e+07 
9.495407e+07 
9.495407e+07 
9.495407e+07 
9.495407e+07 
9.495407e+07 
9.495407e+07 
9.495407e+07 
9.495407e+07 
9.495407e+07 
9.495407e+07 
9.495407e+07 
9.495407e+07 
9.495407e+07 
9.495407e+07 
9.495407e+07 
9.495407e+07 
9.495407e+07 
9.495407e+07 
9.495407e+07 
9.495407e+07 
9.495407e+07 
9.495407e+07 
9.495407e+07 
9.495407e+07 
9.495407e+07 
9.495407e+07 
9.495407e+07 
9.495407e+07 
9.495407e+07 
9.495407e+07 
9.495407e+07 
9.495407e+07 
9.495407e+07 
9.495407e+07 
9.495407e+07 
9.495407e+07 
9.495407e+07 
9.495407e+07 
9.495407e+07 
9.495407e+07 
9.495407e+07 
9.495407e+07 
9.495407e+07 
9.495407e+07 
9.495407e+07 
9.495407e+07 
9.495407e+07 
9.495407e+07 
9.495407e+07 
9.495407e+07 
9.495407e+07 
9.495407e+07 
9.495407e+07 
9.495407e+07 
9.495407e+07 
9.495407e+07 
9.495407e+07 
9.495407e+07 
9.495407e+07 
9.495407e+07 
9.495407e+07 
9.495407e+07 
9.495407e+07 
9.495407e+07 
9.495407e+07 
9.495407e+07 
9.495407e+07 
9.495407e+07 
9.495407e+07 
9.495407e+07 
9.495407e+07 
9.495407e+07 
9.495407e+07 
9.495407e+07 
9.495407e+07 
9.495407e+07 
9.495407e+07 
9.495407e+07 
9.495407e+07 
9.495407e+07 
9.495407e+07 
9.495407e+07 
9.495407e+07 
9.495407e+07 
9.495407e+07 
9.495407e+07 
9.495407e+07 
9.495407e+07 
9.495407e+07 
9.495407e+07 
9.495407e+07 
9.495407e+07 
9.495407e+07 
9.495407e+07 
9.495407e+07 
9.495407e+07 
9.495407e+07 
9.495407e+07 
9.495407e+07 
9.495407e+07 
9.495407e+07 
9.495407e+07 
9.495407e+07 
9.495407e+07 
9.495407e+07 
9.495407e+07 
9.495407e+07 
9.495407e+07 
9.495407e+07 
9.495407e+07 
9.495407e+07 
9.495407e+07 
9.495407e+07 
9.495407e+07 
9.495407e+07 
9.495407e+07 
9.495407e+07 
9.495407e+07 
9.495407e+07 
9.495407e+07 
9.495407e+07 
9.495407e+07 
9.495407e+07 
9.495407e+07 
9.495407e+07 
9.495407e+07 
9.495407e+07 
9.495407e+07 
9.495407e+07 
9.495407e+07 
9.495407e+07 
9.495407e+07 
9.495407e+07 
9.495407e+07 
9.495407e+07 
9.495407e+07 
9.495407e+07 
9.495407e+07 
9.495407e+07 
9.495407e+07 
9.495407e+07 
9.495407e+07 
9.495407e+07 
9.495407e+07 
9.495407e+07 
9.495407e+07 
9.495407e+07 
9.495407e+07 
9.495407e+07 
9.495407e+07 
9.495407e+07 
9.495407e+07 
9.495407e+07 
9.495407e+07 
9.495407e+07 
9.495407e+07 
9.495407e+07 
9.495407e+07 
9.495407e+07 
9.495407e+07 
9.495407e+07 
9.495407e+07 
9.495407e+07 
9.495407e+07 
9.495407e+07 
9.495407e+07 
9.495407e+07 
9.495407e+07 
9.495407e+07 
9.495407e+07 
9.495407e+07 
9.495407e+07 
9.495407e+07 
9.495407e+07 
9.495407e+07 
9.495407e+07 
9.495407e+07 
9.495407e+07 
9.495407e+07 
9.495407e+07 
9.495407e+07 
9.495407e+07 
9.495407e+07 
9.495407e+07 
9.495407e+07 
9.495407e+07 
9.495407e+07 
9.495407e+07 
9.495407e+07 
9.495407e+07 
9.495407e+07 
9.495407e+07 
9.495407e+07 
9.495407e+07 
9.495407e+07 
9.495407e+07 
9.495407e+07 
9.495407e+07 
9.495407e+07 
9.495407e+07 
9.495407e+07 
9.495407e+07 
9.495407e+07 
9.495407e+07 
9.495407e+07 
9.495407e+07 
9.495407e+07 
9.495407e+07 
9.495407e+07 
9.495407e+07 
9.495407e+07 
9.495407e+07 
9.495407e+07 
9.495407e+07 
9.495407e+07 
9.495407e+07 
9.495407e+07 
9.495407e+07 
9.495407e+07 
9.495407e+07 
9.495407e+07 
9.495407e+07 
9.495407e+07 
9.495407e+07 
9.495407e+07 
9.495407e+07 
9.495407e+07 
9.495407e+07 
9.495407e+07 
9.495407e+07 
9.495407e+07 
9.495407e+07 
9.495407e+07 
9.495407e+07 
9.495407e+07 
9.495407e+07 
9.495407e+07 
9.495407e+07 
9.495407e+07 
9.495407e+07 
9.495407e+07 
9.495407e+07 
9.495407e+07 
9.495407e+07 
9.495407e+07 
9.495407e+07 
9.495407e+07 
9.495407e+07 
9.495407e+07 
9.495407e+07 
9.495407e+07 
9.495407e+07 
9.495407e+07 
9.495407e+07 
9.495407e+07 
9.495407e+07 
9.495407e+07 
9.495407e+07 
9.495407e+07 
9.495407e+07 
9.495407e+07 
9.495407e+07 
9.495407e+07 
9.495407e+07 
9.495407e+07 
9.495407e+07 
9.495407e+07 
9.495407e+07 
9.495407e+07 
9.495407e+07 
9.495407e+07 
9.495407e+07 
9.495407e+07 
9.495407e+07 
9.495407e+07 
9.495407e+07 
9.495407e+07 
9.495407e+07 
9.495407e+07 
9.495407e+07 
9.495407e+07 
9.495407e+07 
9.495407e+07 
9.495407e+07 
9.495407e+07 
9.495407e+07 
9.495407e+07 
9.495407e+07 
9.495407e+07 
9.495407e+07 
9.495407e+07 
9.495407e+07 
9.495407e+07 
9.495407e+07 
9.495407e+07 
9.495407e+07 
9.495407e+07 
9.495407e+07 
9.495407e+07 
9.495407e+07 
9.495407e+07 
9.495407e+07 
9.495407e+07 
9.495407e+07 
9.495407e+07 
9.495407e+07 
9.495407e+07 
9.495407e+07 
9.495407e+07 
9.495407e+07 
9.495407e+07 
9.495407e+07 
9.495407e+07 
9.495407e+07 
9.495407e+07 
9.495407e+07 
9.495407e+07 
9.495407e+07 
9.495407e+07 
9.495407e+07 
9.495407e+07 
9.495407e+07 
9.495407e+07 
9.495407e+07 
9.495407e+07 
9.495407e+07 
9.495407e+07 
9.495407e+07 
9.495407e+07 
9.495407e+07 
9.495407e+07 
9.495407e+07 
9.495407e+07 
9.495407e+07 
9.495407e+07 
9.495407e+07 
9.495407e+07 
9.495407e+07 
9.495407e+07 
9.495407e+07 
9.495407e+07 
7.870855e+07 
7.870855e+07 
7.870855e+07 
7.870855e+07 
7.870855e+07 
7.870855e+07 
7.870855e+07 
7.870855e+07 
7.870855e+07 
7.870855e+07 
7.870855e+07 
7.870855e+07 
7.870855e+07 
7.870855e+07 
7.870855e+07 
7.870855e+07 
7.870855e+07 
7.870855e+07 
7.870855e+07 
7.870855e+07 
7.870855e+07 
7.870855e+07 
7.870855e+07 
7.870855e+07 
7.870855e+07 
7.870855e+07 
7.870855e+07 
7.870855e+07 
7.870855e+07 
7.870855e+07 
7.870855e+07 
7.870855e+07 
7.870855e+07 
7.870855e+07 
7.870855e+07 
7.870855e+07 
7.870855e+07 
7.870855e+07 
7.870855e+07 
7.870855e+07 
7.870855e+07 
7.870855e+07 
7.870855e+07 
7.870855e+07 
7.870855e+07 
7.870855e+07 
7.870855e+07 
7.870855e+07 
7.870855e+07 
7.870855e+07 
7.870855e+07 
7.870855e+07 
7.870855e+07 
7.870855e+07 
7.870855e+07 
7.870855e+07 
7.870855e+07 
7.870855e+07 
7.870855e+07 
7.870855e+07 
7.870855e+07 
7.870855e+07 
7.870855e+07 
7.870855e+07 
7.870855e+07 
7.870855e+07 
7.870855e+07 
7.870855e+07 
7.870855e+07 
7.870855e+07 
7.870855e+07 
7.870855e+07 
7.870855e+07 
7.870855e+07 
7.870855e+07 
7.870855e+07 
7.870855e+07 
7.870855e+07 
7.870855e+07 
7.870855e+07 
7.870855e+07 
7.870855e+07 
7.870855e+07 
7.870855e+07 
7.870855e+07 
7.870855e+07 
7.870855e+07 
7.870855e+07 
7.870855e+07 
7.870855e+07 
7.870855e+07 
7.870855e+07 
7.870855e+07 
7.870855e+07 
7.870855e+07 
7.870855e+07 
7.870855e+07 
7.870855e+07 
7.870855e+07 
7.870855e+07 
7.870855e+07 
7.870855e+07 
7.870855e+07 
7.870855e+07 
7.870855e+07 
7.870855e+07 
7.870855e+07 
7.870855e+07 
7.870855e+07 
7.870855e+07 
7.870855e+07 
7.870855e+07 
7.870855e+07 
7.870855e+07 
7.870855e+07 
7.870855e+07 
7.870855e+07 
7.870855e+07 
7.870855e+07 
7.870855e+07 
7.870855e+07 
7.870855e+07 
7.870855e+07 
7.870855e+07 
7.870855e+07 
7.870855e+07 
7.870855e+07 
7.870855e+07 
7.870855e+07 
7.870855e+07 
7.870855e+07 
7.870855e+07 
7.870855e+07 
7.870855e+07 
7.870855e+07 
7.870855e+07 
7.870855e+07 
7.870855e+07 
7.870855e+07 
7.870855e+07 
7.870855e+07 
7.870855e+07 
7.870855e+07 
7.870855e+07 
7.870855e+07 
7.870855e+07 
7.870855e+07 
7.870855e+07 
7.870855e+07 
7.870855e+07 
7.870855e+07 
7.870855e+07 
7.870855e+07 
7.870855e+07 
7.870855e+07 
7.870855e+07 
7.870855e+07 
7.870855e+07 
7.870855e+07 
7.870855e+07 
7.870855e+07 
7.870855e+07 
7.870855e+07 
7.870855e+07 
7.870855e+07 
7.870855e+07 
7.870855e+07 
7.870855e+07 
7.870855e+07 
7.870855e+07 
7.870855e+07 
6.111848e+07 
6.111848e+07 
6.111848e+07 
6.111848e+07 
6.111848e+07 
6.111848e+07 
6.111848e+07 
6.111848e+07 
6.111848e+07 
6.111848e+07 
6.111848e+07 
6.111848e+07 
6.111848e+07 
6.111848e+07 
6.111848e+07 
6.111848e+07 
6.111848e+07 
6.111848e+07 
6.111848e+07 
6.111848e+07 
6.111848e+07 
6.111848e+07 
6.111848e+07 
6.111848e+07 
6.111848e+07 
6.111848e+07 
6.111848e+07 
6.111848e+07 
6.111848e+07 
6.111848e+07 
6.111848e+07 
6.111848e+07 
6.111848e+07 
6.111848e+07 
6.111848e+07 
6.111848e+07 
6.111848e+07 
6.111848e+07 
6.111848e+07 
6.111848e+07 
6.111848e+07 
6.111848e+07 
6.111848e+07 
6.111848e+07 
6.111848e+07 
6.111848e+07 
6.111848e+07 
6.111848e+07 
6.111848e+07 
6.111848e+07 
6.111848e+07 
6.111848e+07 
6.111848e+07 
6.111848e+07 
6.111848e+07 
6.111848e+07 
6.111848e+07 
6.111848e+07 
6.111848e+07 
5.743764e+07 
5.743764e+07 
5.743764e+07 
5.743764e+07 
5.743764e+07 
5.743764e+07 
3.266512e+07 
3.266512e+07 
3.266512e+07 
3.266512e+07 
3.266512e+07 
3.266512e+07 
3.266512e+07 
3.266512e+07 
3.266512e+07 
3.266512e+07 
3.266512e+07 
3.266512e+07 
3.266512e+07 
3.266512e+07 
3.266512e+07 
3.266512e+07 
3.266512e+07 
3.266512e+07 
3.266512e+07 
3.266512e+07 
3.266512e+07 
3.266512e+07 
3.266512e+07 
3.266512e+07 
3.266512e+07 
3.266512e+07 
3.266512e+07 
3.266512e+07 
3.266512e+07 
3.266512e+07 
3.266512e+07 
3.266512e+07 
3.266512e+07 
3.266512e+07 
3.266512e+07 
3.266512e+07 
3.266512e+07 
3.266512e+07 
3.266512e+07 
3.266512e+07 
3.266512e+07 
3.266512e+07 
3.266512e+07 
3.266512e+07 
3.266512e+07 
3.266512e+07 
3.266512e+07 
3.266512e+07 
3.266512e+07 
3.266512e+07 
3.266512e+07 
3.266512e+07 
3.266512e+07 
3.266512e+07 
3.266512e+07 
3.266512e+07 
3.266512e+07 
3.266512e+07 
3.266512e+07 
3.266512e+07 
3.266512e+07 
3.266512e+07 
3.266512e+07 
3.266512e+07 
3.266512e+07 
3.266512e+07 
3.266512e+07 
3.266512e+07 
3.266512e+07 
3.266512e+07 
3.266512e+07 
3.266512e+07 
3.266512e+07 
3.266512e+07 
3.266512e+07 
3.266512e+07 
3.266512e+07 
3.266512e+07 
3.266512e+07 
3.266512e+07 
3.266512e+07 
3.266512e+07 
3.266512e+07 
3.266512e+07 
3.266512e+07 
3.266512e+07 
3.266512e+07 
3.266512e+07 
3.266512e+07 
3.266512e+07 
3.266512e+07 
3.266512e+07 
3.266512e+07 
3.266512e+07 
3.266512e+07 
3.266512e+07 
3.266512e+07 
3.266512e+07 
3.266512e+07 
3.266512e+07 
3.266512e+07 
3.266512e+07 
3.266512e+07 
3.266512e+07 
3.266512e+07 
3.266512e+07 
3.266512e+07 
3.266512e+07 
3.266512e+07 
3.266512e+07 
3.266512e+07 
3.266512e+07 
3.266512e+07 
3.266512e+07 
3.266512e+07 
3.266512e+07 
3.266512e+07 
3.266512e+07 
3.266512e+07 
3.266512e+07 
3.266512e+07 
3.266512e+07 
3.266512e+07 
3.266512e+07 
3.266512e+07 
3.266512e+07 
3.266512e+07 
3.266512e+07 
3.266512e+07 
3.266512e+07 
3.266512e+07 
3.266512e+07 
3.266512e+07 
3.266512e+07 
3.266512e+07 
3.266512e+07 
3.266512e+07 
3.266512e+07 
3.266512e+07 
3.266512e+07 
3.266512e+07 
3.266512e+07 
3.266512e+07 
3.266512e+07 
3.266512e+07 
3.266512e+07 
3.266512e+07 
3.266512e+07 
3.266512e+07 
3.266512e+07 
3.266512e+07 
3.266512e+07 
3.266512e+07 
2.869414e+07 
2.869414e+07 
2.869414e+07 
2.869414e+07 
2.869414e+07 
2.869414e+07 
2.869414e+07 
2.869414e+07 
2.869414e+07 
2.418280e+07 
2.418280e+07 
2.418280e+07 
2.418280e+07 
2.418280e+07 
2.418280e+07 
2.418280e+07 
2.418280e+07 
2.418280e+07 
2.418280e+07 
2.418280e+07 
2.418280e+07 
2.418280e+07 
2.418280e+07 
2.418280e+07 
2.418280e+07 
2.418280e+07 
2.418280e+07 
2.418280e+07 
2.418280e+07 
2.418280e+07 
2.418280e+07 
2.418280e+07 
2.418280e+07 
2.418280e+07 
2.418280e+07 
2.418280e+07 
2.418280e+07 
2.418280e+07 
2.418280e+07 
2.176124e+07 
2.176124e+07 
2.176124e+07 
2.176124e+07 
2.176124e+07 
2.176124e+07 
2.176124e+07 
2.176124e+07 
2.176124e+07 
2.176124e+07 
2.176124e+07 
2.176124e+07 
2.176124e+07 
2.176124e+07 
2.176124e+07 
2.176124e+07 
2.176124e+07 
2.176124e+07 
2.176124e+07 
2.176124e+07 
2.176124e+07 
2.176124e+07 
2.176124e+07 
2.176124e+07 
2.176124e+07 
2.176124e+07 
2.176124e+07 
2.176124e+07 
2.176124e+07 
2.176124e+07 
2.176124e+07 
2.176124e+07 
2.176124e+07 
2.176124e+07 
2.176124e+07 
2.176124e+07 
2.176124e+07 
2.176124e+07 
2.176124e+07 
2.176124e+07 
2.176124e+07 
2.176124e+07 
2.176124e+07 
2.176124e+07 
2.176124e+07 
2.176124e+07 
2.176124e+07 
2.176124e+07 
2.176124e+07 
2.176124e+07 
2.176124e+07 
2.176124e+07 
2.176124e+07 
2.176124e+07 
2.176124e+07 
2.176124e+07 
2.176124e+07 
2.176124e+07 
2.176124e+07 
2.176124e+07 
2.176124e+07 
2.176124e+07 
2.176124e+07 
2.176124e+07 
2.176124e+07 
2.176124e+07 
2.176124e+07 
2.176124e+07 
2.176124e+07 
2.176124e+07 
2.176124e+07 
2.176124e+07 
2.176124e+07 
2.176124e+07 
2.176124e+07 
2.176124e+07 
2.176124e+07 
2.176124e+07 
2.176124e+07 
2.176124e+07 
2.176124e+07 
2.176124e+07 
2.176124e+07 
2.176124e+07 
2.176124e+07 
2.176124e+07 
2.176124e+07 
2.176124e+07 
2.176124e+07 
2.176124e+07 
2.176124e+07 
2.176124e+07 
2.176124e+07 
2.176124e+07 
2.176124e+07 
2.176124e+07 
2.176124e+07 
2.176124e+07 
2.176124e+07 
2.176124e+07 
2.176124e+07 
2.176124e+07 
2.176124e+07 
2.176124e+07 
2.176124e+07 
2.176124e+07 
2.176124e+07 
2.176124e+07 
2.176124e+07 
2.176124e+07 
2.176124e+07 
2.176124e+07 
2.176124e+07 
2.176124e+07 
2.176124e+07 
2.176124e+07 
2.176124e+07 
2.176124e+07 
2.176124e+07 
2.176124e+07 
2.176124e+07 
2.176124e+07 
2.176124e+07 
2.176124e+07 
2.176124e+07 
2.176124e+07 
2.176124e+07 
2.176124e+07 
2.176124e+07 
2.176124e+07 
2.176124e+07 
2.176124e+07 
2.176124e+07 
2.176124e+07 
2.176124e+07 
2.176124e+07 
2.176124e+07 
2.176124e+07 
2.176124e+07 
2.176124e+07 
2.176124e+07 
2.176124e+07 
2.176124e+07 
2.176124e+07 
2.176124e+07 
2.176124e+07 
2.176124e+07 
2.176124e+07 
2.176124e+07 
2.176124e+07 
2.176124e+07 
2.176124e+07 
2.176124e+07 
2.176124e+07 
2.176124e+07 
2.176124e+07 
2.176124e+07 
2.176124e+07 
2.176124e+07 
2.176124e+07 
2.176124e+07 
2.176124e+07 
2.176124e+07 
2.176124e+07 
2.176124e+07 
2.176124e+07 
2.176124e+07 
2.176124e+07 
2.176124e+07 
2.176124e+07 
2.176124e+07 
2.176124e+07 
2.176124e+07 
2.176124e+07 
2.176124e+07 
2.176124e+07 
2.176124e+07 
2.176124e+07 
2.176124e+07 
2.176124e+07 
2.176124e+07 
2.176124e+07 
2.176124e+07 
2.176124e+07 
2.176124e+07 
2.176124e+07 
2.176124e+07 
2.176124e+07 
2.176124e+07 
2.176124e+07 
2.176124e+07 
2.176124e+07 
2.176124e+07 
2.176124e+07 
2.176124e+07 
2.176124e+07 
2.176124e+07 
2.176124e+07 
2.176124e+07 
2.176124e+07 
2.176124e+07 
2.176124e+07 
2.176124e+07 
2.176124e+07 
2.176124e+07 
2.176124e+07 
2.176124e+07 
2.176124e+07 
2.176124e+07 
2.176124e+07 
2.176124e+07 
2.176124e+07 
2.176124e+07 
2.176124e+07 
2.176124e+07 
2.176124e+07 
2.176124e+07 
2.176124e+07 
2.176124e+07 
2.176124e+07 
2.176124e+07 
2.176124e+07 
2.176124e+07 
2.176124e+07 
2.176124e+07 
2.176124e+07 
2.176124e+07 
2.176124e+07 
2.176124e+07 
2.176124e+07 
2.176124e+07 
2.176124e+07 
2.176124e+07 
2.176124e+07 
2.176124e+07 
2.176124e+07 
2.176124e+07 
2.176124e+07 
2.176124e+07 
2.176124e+07 
2.176124e+07 
2.176124e+07 
2.176124e+07 
2.176124e+07 
2.176124e+07 
2.176124e+07 
2.176124e+07 
2.176124e+07 
2.176124e+07 
2.176124e+07 
2.176124e+07 
2.176124e+07 
2.176124e+07 
2.176124e+07 
2.176124e+07 
2.176124e+07 
2.176124e+07 
2.176124e+07 
2.176124e+07 
2.176124e+07 
2.176124e+07 
2.176124e+07 
2.176124e+07 
2.176124e+07 
2.176124e+07 
2.176124e+07 
2.176124e+07 
2.176124e+07 
2.176124e+07 
2.176124e+07 
2.176124e+07 
2.176124e+07 
2.176124e+07 
2.176124e+07 
2.176124e+07 
2.176124e+07 
2.176124e+07 
2.176124e+07 
2.176124e+07 
2.176124e+07 
2.176124e+07 
2.176124e+07 
2.176124e+07 
2.176124e+07 
2.176124e+07 
2.176124e+07 
2.176124e+07 
2.176124e+07 
2.176124e+07 
2.176124e+07 
2.176124e+07 
2.176124e+07 
2.176124e+07 
2.176124e+07 
2.176124e+07 
2.176124e+07 
2.176124e+07 
2.176124e+07 
2.176124e+07 
2.176124e+07 
2.176124e+07 
2.176124e+07 
2.176124e+07 
2.176124e+07 
2.176124e+07 
2.176124e+07 
2.176124e+07 
2.176124e+07 
2.176124e+07 
2.176124e+07 
2.176124e+07 
2.176124e+07 
2.176124e+07 
2.176124e+07 
2.176124e+07 
2.176124e+07 
2.176124e+07 
2.176124e+07 
2.176124e+07 
2.176124e+07 
2.176124e+07 
2.176124e+07 
2.176124e+07 
2.176124e+07 
2.176124e+07 
2.176124e+07 
2.176124e+07 
2.176124e+07 
2.176124e+07 
1.502412e+07 
1.502412e+07 
1.502412e+07 
1.502412e+07 
1.502412e+07 
1.502412e+07 
1.502412e+07 
1.502412e+07 
1.502412e+07 
1.502412e+07 
1.502412e+07 
1.502412e+07 
1.502412e+07 
1.502412e+07 
1.502412e+07 
1.502412e+07 
1.502412e+07 
1.502412e+07 
1.502412e+07 
1.502412e+07 
1.502412e+07 
1.502412e+07 
1.502412e+07 
1.502412e+07 
1.502412e+07 
1.502412e+07 
1.502412e+07 
1.502412e+07 
1.502412e+07 
1.502412e+07 
1.502412e+07 
1.502412e+07 
1.502412e+07 
1.502412e+07 
1.502412e+07 
1.502412e+07 
1.502412e+07 
1.502412e+07 
1.502412e+07 
1.502412e+07 
1.502412e+07 
1.502412e+07 
1.502412e+07 
1.502412e+07 
1.502412e+07 
1.502412e+07 
1.502412e+07 
1.502412e+07 
1.502412e+07 
1.502412e+07 
1.502412e+07 
1.502412e+07 
1.502412e+07 
1.502412e+07 
1.502412e+07 
1.502412e+07 
1.502412e+07 
1.502412e+07 
1.502412e+07 
1.502412e+07 
1.502412e+07 
1.502412e+07 
1.291002e+07 
1.291002e+07 
1.291002e+07 
1.291002e+07 
1.291002e+07 
1.291002e+07 
1.291002e+07 
1.291002e+07 
1.291002e+07 
1.291002e+07 
1.291002e+07 
1.291002e+07 
1.291002e+07 
1.291002e+07 
1.291002e+07 
1.291002e+07 
1.291002e+07 
1.291002e+07 
1.291002e+07 
1.291002e+07 
1.291002e+07 
1.291002e+07 
1.291002e+07 
1.291002e+07 
1.291002e+07 
1.291002e+07 
1.291002e+07 
1.291002e+07 
1.291002e+07 
1.291002e+07 
1.291002e+07 
1.291002e+07 
1.291002e+07 
1.291002e+07 
1.291002e+07 
1.291002e+07 
1.291002e+07 
1.291002e+07 
1.291002e+07 
1.291002e+07 
1.291002e+07 
1.291002e+07 
1.291002e+07 
1.291002e+07 
1.291002e+07 
1.291002e+07 
1.291002e+07 
1.291002e+07 
1.291002e+07 
1.291002e+07 
1.291002e+07 
1.291002e+07 
1.291002e+07 
1.291002e+07 
1.291002e+07 
1.291002e+07 
1.187762e+07 
1.187762e+07 
1.187762e+07 
1.187762e+07 
1.187762e+07 
1.187762e+07 
1.187762e+07 
1.187762e+07 
1.187762e+07 
7.423517e+06 
7.423517e+06 
7.423517e+06 
7.423517e+06 
7.423517e+06 
7.423517e+06 
7.423517e+06 
7.423517e+06 
7.423517e+06 
7.423517e+06 
7.423517e+06 
7.423517e+06 
7.423517e+06 
7.423517e+06 
7.423517e+06 
7.423517e+06 
7.423517e+06 
7.423517e+06 
7.423517e+06 
7.423517e+06 
7.423517e+06 
7.423517e+06 
7.423517e+06 
7.423517e+06 
7.423517e+06 
7.423517e+06 
7.423517e+06 
7.423517e+06 
7.423517e+06 
7.423517e+06 
7.423517e+06 
7.423517e+06 
7.423517e+06 
7.423517e+06 
7.423517e+06 
7.423517e+06 
7.423517e+06 
7.423517e+06 
7.423517e+06 
7.423517e+06 
7.423517e+06 
7.423517e+06 
7.423517e+06 
7.423517e+06 
7.423517e+06 
7.423517e+06 
7.423517e+06 
7.423517e+06 
7.423517e+06 
7.423517e+06 
7.423517e+06 
7.423517e+06 
7.423517e+06 
7.423517e+06 
7.423517e+06 
7.423517e+06 
7.423517e+06 
7.423517e+06 
7.423517e+06 
7.423517e+06 
7.423517e+06 
7.423517e+06 
7.423517e+06 
7.423517e+06 
7.423517e+06 
7.423517e+06 
7.423517e+06 
7.423517e+06 
7.423517e+06 
7.423517e+06 
7.423517e+06 
7.423517e+06 
7.423517e+06 
7.423517e+06 
7.423517e+06 
7.423517e+06 
7.423517e+06 
7.423517e+06 
7.423517e+06 
7.423517e+06 
7.423517e+06 
7.423517e+06 
7.423517e+06 
7.423517e+06 
7.423517e+06 
7.423517e+06 
7.423517e+06 
7.423517e+06 
7.423517e+06 
7.423517e+06 
7.423517e+06 
7.423517e+06 
7.423517e+06 
7.423517e+06 
7.423517e+06 
7.423517e+06 
7.423517e+06 
7.423517e+06 
7.423517e+06 
6.066177e+06 
6.066177e+06 
6.066177e+06 
6.066177e+06 
5.844050e+06 
5.844050e+06 
5.767416e+06 
5.767416e+06 
5.757605e+06 
5.757605e+06 
5.757605e+06 
5.757605e+06 
5.742203e+06 
5.678116e+06 
5.678116e+06 
5.672314e+06 
5.672314e+06 
5.669043e+06 
5.669043e+06 
5.668395e+06 
5.668395e+06 
5.668395e+06 
5.668395e+06 
5.668395e+06 
5.668395e+06 
5.668395e+06 
5.668395e+06 
5.668395e+06 
5.668395e+06 
5.668395e+06 
5.668395e+06 
5.668395e+06 
5.668395e+06 
5.668395e+06 
5.668395e+06 
5.668395e+06 
5.668395e+06 
5.668395e+06 
5.668395e+06 
5.668395e+06 
5.668395e+06 
5.668395e+06 
5.668395e+06 
5.668395e+06 
5.668395e+06 
5.668395e+06 
5.668395e+06 
5.668395e+06 
5.668395e+06 
5.668395e+06 
5.668395e+06 
5.668395e+06 
5.668395e+06 
5.668395e+06 
5.668395e+06 
5.668395e+06 
5.668395e+06 
5.668395e+06 
5.668395e+06 
5.668358e+06 
5.668358e+06 
5.668358e+06 
5.668358e+06 
5.668358e+06 
5.668358e+06 
5.664113e+06 
5.664113e+06 
5.664113e+06 
5.664113e+06 
5.664113e+06 
5.664113e+06 
5.664113e+06 
5.664113e+06 
5.664113e+06 
5.664113e+06 
5.664113e+06 
5.664113e+06 
5.664113e+06 
5.664113e+06 
5.664113e+06 
5.664113e+06 
5.664113e+06 
5.664113e+06 
5.664113e+06 
5.664113e+06 
5.664113e+06 
5.664113e+06 
5.664113e+06 
5.664113e+06 
5.664113e+06 
5.664113e+06 
5.664061e+06 
5.664061e+06 
5.664061e+06 
5.664061e+06 
5.664061e+06 
5.664061e+06 
5.664061e+06 
5.664061e+06 
5.664061e+06 
5.664061e+06 
5.664061e+06 
5.664061e+06 
5.664061e+06 
5.664061e+06 
5.664061e+06 
5.664061e+06 
5.664061e+06 
5.664061e+06 
5.664061e+06 
5.664061e+06 
5.664061e+06 
5.664061e+06 
5.664061e+06 
5.664061e+06 
5.664061e+06 
5.664061e+06 
5.664061e+06 
5.664061e+06 
5.663815e+06 
5.663815e+06 
5.663815e+06 
5.663815e+06 
5.663815e+06 
5.663815e+06 
5.663815e+06 
5.663815e+06 
5.663815e+06 
5.663620e+06 
5.663620e+06 
5.663620e+06 
5.663620e+06 
5.663620e+06 
5.663620e+06 
5.663620e+06 
5.663620e+06 
5.663620e+06 
5.663620e+06 
5.663620e+06 
5.663620e+06 
5.663620e+06 
5.663620e+06 
5.663620e+06 
5.663620e+06 
5.663620e+06 
5.663620e+06 
5.663620e+06 
5.663620e+06 
5.663620e+06 
5.663620e+06 
5.663620e+06 
5.663620e+06 
5.663620e+06 
5.663620e+06 
5.663620e+06 
5.663620e+06 
5.663620e+06 
5.663620e+06 
5.663620e+06 
5.663620e+06 
5.663620e+06 
5.663620e+06 
5.663620e+06 
5.663620e+06 
5.663620e+06 
5.663620e+06 
5.663620e+06 
5.663620e+06 
5.663620e+06 
5.663620e+06 
5.663620e+06 
5.663438e+06 
5.663438e+06 
5.663187e+06 
5.663187e+06 
5.663117e+06 
5.663117e+06 
5.663117e+06 
5.663117e+06 
5.663117e+06 
5.663036e+06 
5.663036e+06 
5.663036e+06 
5.663036e+06 
5.663031e+06 
5.663031e+06 
5.663003e+06 
5.663003e+06 
5.663003e+06 
5.663003e+06 
5.662948e+06 
5.662948e+06 
5.662917e+06 
5.662917e+06 
5.662917e+06 
5.662917e+06 
5.662917e+06 
5.662917e+06 
5.662917e+06 
5.662917e+06 
5.662917e+06 
5.662917e+06 
5.662917e+06 
5.662907e+06 
5.662907e+06 
5.662907e+06 
5.662906e+06 
5.662906e+06 
5.662906e+06 
5.662906e+06 
5.662906e+06 
5.662905e+06 
5.662905e+06 
5.662905e+06 
5.662905e+06 
5.662905e+06 
5.662905e+06 
5.662905e+06 
5.662905e+06 
5.662905e+06 
5.662905e+06 
5.662905e+06 
5.662905e+06 
5.662905e+06 
5.662905e+06 
5.662905e+06 
5.662905e+06 
5.662905e+06 
5.662905e+06 
5.662905e+06 
5.662905e+06 
5.662905e+06 
5.662905e+06 
5.662905e+06 
5.662905e+06 
5.662905e+06 
5.662905e+06 
5.662905e+06 
5.662905e+06 
5.662905e+06 
5.662905e+06 
5.662905e+06 
5.662905e+06 
5.662904e+06 
5.662904e+06 
5.662904e+06 
5.662904e+06 
5.662904e+06 
5.662904e+06 
5.662904e+06 
5.662904e+06 
5.662904e+06 
5.662904e+06 
5.662904e+06 
5.662904e+06 
5.662904e+06 
5.662904e+06 
5.662904e+06 
5.662904e+06 
5.662904e+06 
5.662904e+06 
5.662904e+06 
5.662904e+06 
5.662904e+06 
5.662904e+06 
5.662904e+06 
5.662904e+06 
5.662904e+06 
5.662904e+06 
5.662904e+06 
5.662904e+06 
5.662904e+06 
5.662904e+06 
5.662904e+06 
5.662904e+06 
5.662904e+06 
5.662904e+06 
5.662904e+06 
5.662904e+06 
5.662904e+06 
5.662904e+06 
5.662904e+06 
5.662904e+06 
5.662904e+06 
5.662904e+06 
5.662904e+06 
5.662904e+06 
5.662904e+06 
5.662904e+06 
5.662904e+06 
5.662904e+06 
5.662904e+06 
5.662904e+06 
5.662904e+06 
5.662904e+06 
5.662904e+06 
5.662904e+06 
5.662904e+06 
5.662904e+06 
5.662904e+06 
5.662904e+06 
5.662904e+06 
5.662904e+06 
5.662904e+06 
5.662904e+06 
5.662904e+06 
5.662904e+06 
5.662904e+06 
5.662904e+06 
5.662904e+06 
5.662904e+06 
5.662904e+06 
5.662904e+06 
5.662904e+06 
5.662904e+06 
5.662904e+06 
5.662904e+06 
5.662904e+06 
5.662904e+06 
5.662904e+06 
5.662904e+06 
5.662904e+06 
5.662904e+06 
5.662904e+06 
5.662904e+06 
5.662904e+06 
5.662904e+06 
5.662904e+06 
5.662904e+06 
5.662904e+06 
5.662904e+06 
5.662904e+06 
5.662904e+06 
5.662904e+06 
5.662904e+06 
5.662904e+06 
5.662904e+06 
5.662904e+06 
5.662904e+06 
5.662904e+06 
5.662904e+06 
5.662904e+06 
5.662904e+06 
5.662904e+06 
5.662904e+06 
5.662904e+06 
5.662904e+06 
5.662904e+06 
5.662904e+06 
5.662904e+06 
5.662904e+06 
5.662904e+06 
5.280549e+06 
5.280549e+06 
5.280549e+06 
5.280549e+06 
5.280549e+06 
5.280549e+06 
3.865030e+06 
3.865030e+06 
3.865030e+06 
3.865030e+06 
3.865030e+06 
3.865030e+06 
3.865030e+06 
3.865030e+06 
3.865030e+06 
3.865030e+06 
3.865030e+06 
3.865030e+06 
3.865030e+06 
3.865030e+06 
3.865030e+06 
3.865030e+06 
3.865030e+06 
3.865030e+06 
3.619783e+06 
3.619783e+06 
3.611051e+06 
3.611051e+06 
3.611051e+06 
3.611051e+06 
3.611051e+06 
3.611051e+06 
3.563292e+06 
3.563292e+06 
3.563292e+06 
3.563292e+06 
3.563292e+06 
3.387773e+06 
3.161512e+06 
3.011520e+06 
2.910971e+06 
2.842737e+06 
2.795822e+06 
2.549797e+06 
2.549797e+06 
2.549797e+06 
2.549797e+06 
2.463511e+06 
2.463511e+06 
2.463511e+06 
2.463511e+06 
2.463511e+06 
2.463511e+06 
2.463511e+06 
2.463511e+06 
2.319345e+06 
2.319345e+06 
2.146813e+06 
2.146813e+06 
2.146813e+06 
2.146813e+06 
2.135165e+06 
2.135165e+06 
2.105117e+06 
2.105117e+06 
2.105117e+06 
2.105117e+06 
2.060533e+06 
2.060533e+06 
2.060533e+06 
2.060533e+06 
2.060533e+06 
2.048091e+06 
2.048091e+06 
2.048091e+06 
1.981736e+06 
1.969225e+06 
1.969225e+06 
1.966917e+06 
1.947543e+06 
1.934373e+06 
1.925298e+06 
1.918955e+06 
1.914460e+06 
1.911229e+06 
1.908877e+06 
1.907145e+06 
1.817139e+06 
1.817139e+06 
1.817139e+06 
1.327256e+06 
1.309860e+06 
1.309860e+06 
1.190813e+06 
1.190813e+06 
1.190813e+06 
1.190813e+06 
1.190813e+06 
1.190813e+06 
1.190813e+06 
1.190813e+06 
1.190813e+06 
1.190813e+06 
1.190813e+06 
1.190813e+06 
1.190813e+06 
1.190813e+06 
1.190813e+06 
1.190813e+06 
1.190813e+06 
1.190813e+06 
1.190813e+06 
1.190813e+06 
1.190813e+06 
1.190813e+06 
1.190813e+06 
1.190813e+06 
1.190813e+06 
1.190813e+06 
1.190813e+06 
1.190813e+06 
1.190813e+06 
1.190813e+06 
1.190813e+06 
1.190813e+06 
1.190813e+06 
1.190813e+06 
1.190813e+06 
1.190813e+06 
1.190813e+06 
1.190813e+06 
1.190813e+06 
1.190813e+06 
1.190813e+06 
1.190813e+06 
1.190813e+06 
1.190813e+06 
1.190813e+06 
1.190813e+06 
1.190813e+06 
1.190813e+06 
1.190813e+06 
1.190813e+06 
1.190813e+06 
1.190813e+06 
1.190813e+06 
1.190813e+06 
1.190813e+06 
1.190813e+06 
1.190813e+06 
1.190813e+06 
1.190813e+06 
1.190813e+06 
1.190813e+06 
1.190813e+06 
1.190813e+06 
1.190813e+06 
1.190813e+06 
1.190813e+06 
1.190813e+06 
1.190813e+06 
1.190813e+06 
1.190813e+06 
1.190813e+06 
1.190813e+06 
9.717000e+05 
9.717000e+05 
9.717000e+05 
9.717000e+05 
9.717000e+05 
9.717000e+05 
9.717000e+05 
9.717000e+05 
9.717000e+05 
9.717000e+05 
9.717000e+05 
9.717000e+05 
9.717000e+05 
9.717000e+05 
9.717000e+05 
9.717000e+05 
9.717000e+05 
9.717000e+05 
9.717000e+05 
9.717000e+05 
9.717000e+05 
9.717000e+05 
9.717000e+05 
9.717000e+05 
9.717000e+05 
9.717000e+05 
9.717000e+05 
9.717000e+05 
9.717000e+05 
9.717000e+05 
9.717000e+05 
9.717000e+05 
9.717000e+05 
9.717000e+05 
9.717000e+05 
9.717000e+05 
9.717000e+05 
9.717000e+05 
9.717000e+05 
9.717000e+05 
9.717000e+05 
9.717000e+05 
9.717000e+05 
9.717000e+05 
9.717000e+05 
9.717000e+05 
9.717000e+05 
9.717000e+05 
9.717000e+05 
9.717000e+05 
9.717000e+05 
9.717000e+05 
9.717000e+05 
9.717000e+05 
9.717000e+05 
9.717000e+05 
9.717000e+05 
9.717000e+05 
9.717000e+05 
9.717000e+05 
9.717000e+05 
9.717000e+05 
9.717000e+05 
9.717000e+05 
9.717000e+05 
9.717000e+05 
9.717000e+05 
9.717000e+05 
9.717000e+05 
9.717000e+05 
9.717000e+05 
9.717000e+05 
9.717000e+05 
9.717000e+05 
9.717000e+05 
9.717000e+05 
9.717000e+05 
9.717000e+05 
9.717000e+05 
9.717000e+05 
9.717000e+05 
9.717000e+05 
9.717000e+05 
9.717000e+05 
9.717000e+05 
9.717000e+05 
9.717000e+05 
9.717000e+05 
9.717000e+05 
9.717000e+05 
9.717000e+05 
9.717000e+05 
9.717000e+05 
9.717000e+05 
9.717000e+05 
9.717000e+05 
9.717000e+05 
9.717000e+05 
9.717000e+05 
9.717000e+05 
9.717000e+05 
9.717000e+05 
9.717000e+05 
9.717000e+05 
9.349617e+05 
9.349617e+05 
9.349617e+05 
9.349617e+05 
9.225988e+05 
9.225988e+05 
9.225988e+05 
9.225988e+05 
9.225988e+05 
9.225988e+05 
9.225988e+05 
9.225988e+05 
9.225988e+05 
8.367238e+05 
8.367238e+05 
8.367238e+05 
8.367238e+05 
8.367238e+05 
8.367238e+05 
8.367238e+05 
8.367238e+05 
8.367238e+05 
8.367238e+05 
8.367238e+05 
7.832757e+05 
7.832757e+05 
7.832757e+05 
7.832757e+05 
7.832757e+05 
7.832757e+05 
7.832757e+05 
7.832757e+05 
7.239313e+05 
7.239313e+05 
7.239313e+05 
7.239313e+05 
7.239313e+05 
7.239313e+05 
7.239313e+05 
7.239313e+05 
7.239313e+05 
7.239313e+05 
7.239313e+05 
7.239313e+05 
7.239313e+05 
7.239313e+05 
7.239313e+05 
7.239313e+05 
7.239313e+05 
7.239313e+05 
7.239313e+05 
7.239313e+05 
7.239313e+05 
7.239313e+05 
7.239313e+05 
7.226570e+05 
7.226570e+05 
7.226570e+05 
7.226570e+05 
7.226570e+05 
7.226570e+05 
7.226570e+05 
7.226570e+05 
7.226570e+05 
7.226570e+05 
7.226570e+05 
7.226570e+05 
7.226570e+05 
7.226570e+05 
7.226570e+05 
7.226570e+05 
7.226570e+05 
7.226570e+05 
7.226570e+05 
7.226570e+05 
7.226570e+05 
7.226570e+05 
7.226570e+05 
7.226570e+05 
7.226570e+05 
7.226570e+05 
7.226570e+05 
7.226570e+05 
7.226570e+05 
7.226570e+05 
7.226570e+05 
7.226570e+05 
7.226570e+05 
7.226570e+05 
7.226570e+05 
7.226570e+05 
7.226570e+05 
7.226570e+05 
7.226570e+05 
7.226570e+05 
7.226570e+05 
7.226570e+05 
7.226570e+05 
7.226570e+05 
7.226570e+05 
7.226570e+05 
7.226570e+05 
7.226570e+05 
7.226570e+05 
7.226570e+05 
7.226570e+05 
7.226570e+05 
7.226570e+05 
7.226570e+05 
7.226570e+05 
7.226570e+05 
7.226570e+05 
7.226570e+05 
7.226570e+05 
7.226570e+05 
7.226570e+05 
7.226570e+05 
7.226570e+05 
7.206033e+05 
7.206033e+05 
7.206033e+05 
7.206033e+05 
7.206033e+05 
7.206033e+05 
7.206033e+05 
7.206033e+05 
7.206033e+05 
7.206033e+05 
7.206033e+05 
7.206033e+05 
7.206033e+05 
7.206033e+05 
7.206033e+05 
7.206033e+05 
7.206033e+05 
7.206033e+05 
7.206033e+05 
7.206033e+05 
7.206033e+05 
7.206033e+05 
7.206033e+05 
7.206033e+05 
6.092697e+05 
6.092697e+05 
6.092697e+05 
6.092697e+05 
6.092697e+05 
6.092697e+05 
6.092697e+05 
6.092697e+05 
6.092697e+05 
6.092697e+05 
6.092697e+05 
6.092697e+05 
4.950171e+05 
4.950171e+05 
4.801794e+05 
4.801794e+05 
4.801794e+05 
4.801794e+05 
4.801794e+05 
4.801794e+05 
4.801794e+05 
4.801794e+05 
3.650310e+05 
3.650310e+05 
3.650310e+05 
3.650310e+05 
3.650310e+05 
3.650310e+05 
3.650310e+05 
3.650310e+05 
3.650310e+05 
3.650310e+05 
3.650310e+05 
3.650310e+05 
3.650310e+05 
3.650310e+05 
3.650310e+05 
3.650310e+05 
3.650310e+05 
3.650310e+05 
3.650310e+05 
3.650310e+05 
3.650310e+05 
3.650310e+05 
3.650310e+05 
3.650310e+05 
3.650310e+05 
3.650310e+05 
3.650310e+05 
3.650310e+05 
3.650310e+05 
3.650310e+05 
3.650310e+05 
3.650310e+05 
3.650310e+05 
3.650310e+05 
2.994814e+05 
2.994814e+05 
2.809118e+05 
2.809118e+05 
2.809118e+05 
2.809118e+05 
2.809118e+05 
2.809118e+05 
2.809118e+05 
2.809118e+05 
2.809118e+05 
8.707939e+04 
8.707939e+04 
8.707939e+04 
8.707939e+04 
8.707939e+04 
8.707939e+04 
8.707939e+04 
8.707939e+04 
8.707939e+04 
8.707939e+04 
8.707939e+04 
8.707939e+04 
8.707939e+04 
8.707939e+04 
8.707939e+04 
8.707939e+04 
8.707939e+04 
8.707939e+04 
8.707939e+04 
8.707939e+04 
8.707939e+04 
8.707939e+04 
8.707939e+04 
8.707939e+04 
8.707939e+04 
8.707939e+04 
8.707939e+04 
8.707939e+04 
8.707939e+04 
8.707939e+04 
8.707939e+04 
8.707939e+04 
8.707939e+04 
8.707939e+04 
8.707939e+04 
8.707939e+04 
8.707939e+04 
8.707939e+04 
8.707939e+04 
8.707939e+04 
8.707939e+04 
8.707939e+04 
8.707939e+04 
8.299160e+04 
8.299160e+04 
8.299160e+04 
8.299160e+04 
7.523826e+04 
7.523826e+04 
7.523826e+04 
7.523826e+04 
7.523826e+04 
7.523826e+04 
7.523826e+04 
7.523826e+04 
7.523826e+04 
7.523826e+04 
7.523826e+04 
7.523826e+04 
7.523826e+04 
7.523826e+04 
7.523826e+04 
7.523826e+04 
7.523826e+04 
7.523826e+04 
6.691868e+04 
6.691868e+04 
6.691868e+04 
6.691868e+04 
6.691868e+04 
6.691868e+04 
6.691868e+04 
6.691868e+04 
6.691868e+04 
6.691868e+04 
6.691868e+04 
6.691868e+04 
6.691868e+04 
6.691868e+04 
6.620507e+04 
6.429244e+04 
6.315591e+04 
6.247710e+04 
6.206907e+04 
6.182186e+04 
6.167063e+04 
6.157705e+04 
6.151837e+04 
6.148101e+04 
6.145682e+04 
6.144089e+04 
6.143019e+04 
6.142289e+04 
6.141782e+04 
6.141424e+04 
6.141168e+04 
6.140982e+04 
6.140846e+04 
6.140746e+04 
6.140671e+04 
6.140615e+04 
6.140573e+04 
6.140542e+04 
6.140518e+04 
6.140500e+04 
6.140486e+04 
6.140476e+04 
6.140468e+04 
6.140462e+04 
6.140457e+04 
6.140454e+04 
6.140451e+04 
6.140449e+04 
6.140448e+04 
6.140446e+04 
6.140446e+04 
6.140445e+04 
6.140444e+04 
6.140444e+04 
6.140444e+04 
6.140443e+04 
6.140443e+04 
6.140443e+04 
6.140443e+04 
6.140443e+04 
6.140443e+04 
6.140443e+04 
6.140443e+04 
6.140443e+04 
6.140443e+04 
6.140443e+04 
6.140443e+04 
6.140443e+04 
6.140443e+04 
6.140443e+04 
6.140443e+04 
6.140443e+04 
6.140443e+04 
6.140443e+04 
6.140443e+04 
6.140443e+04 
6.140443e+04 
6.140443e+04 
6.140443e+04 
6.140443e+04 
6.140443e+04 
6.140443e+04 
6.140443e+04 
3.748005e+04 
3.748005e+04 
3.748005e+04 
3.748005e+04 
3.748005e+04 
3.748005e+04 
3.493081e+04 
3.493081e+04 
3.493081e+04 
3.493081e+04 
3.148974e+04 
3.148974e+04 
3.148974e+04 
3.148974e+04 
3.148974e+04 
2.965831e+04 
2.965831e+04 
2.965831e+04 
2.965831e+04 
2.965831e+04 
2.965831e+04 
2.965831e+04 
2.965831e+04 
2.965831e+04 
2.898190e+04 
2.898190e+04 
2.898190e+04 
2.883407e+04 
2.835646e+04 
2.810668e+04 
2.798203e+04 
2.792484e+04 
2.790299e+04 
2.789882e+04 
2.789882e+04 
2.789882e+04 
2.788791e+04 
2.787702e+04 
2.786939e+04 
2.786397e+04 
2.786007e+04 
2.785724e+04 
2.785516e+04 
2.785362e+04 
2.785247e+04 
2.785162e+04 
2.785098e+04 
2.785050e+04 
2.785014e+04 
2.784987e+04 
2.784966e+04 
2.784950e+04 
2.784939e+04 
2.784930e+04 
2.784923e+04 
2.784918e+04 
2.784914e+04 
2.784911e+04 
2.784909e+04 
2.784907e+04 
2.784906e+04 
2.784905e+04 
2.784904e+04 
2.784904e+04 
2.784903e+04 
2.784903e+04 
2.784903e+04 
2.784903e+04 
2.784902e+04 
2.784902e+04 
2.784902e+04 
2.784902e+04 
2.784902e+04 
2.784902e+04 
2.784902e+04 
2.784902e+04 
2.784902e+04 
2.784902e+04 
2.784902e+04 
2.784902e+04 
2.784902e+04 
2.784902e+04 
2.784902e+04 
2.784902e+04 
2.784902e+04 
2.784902e+04 
2.784902e+04 
2.784902e+04 
2.784902e+04 
2.784902e+04 
2.784902e+04 
2.784902e+04 
2.784902e+04 
2.784902e+04 
2.784902e+04 
2.784902e+04 
2.784902e+04 
2.784902e+04 
2.784902e+04 
2.784902e+04 
2.784902e+04 
2.784902e+04 
2.784902e+04 
2.784902e+04 
2.784902e+04 
2.784902e+04 
2.784902e+04 
2.784902e+04 
2.784902e+04 
2.784902e+04 
2.784902e+04 
2.784902e+04 
2.784902e+04 
2.784902e+04 
2.784902e+04 
2.784902e+04 
2.784902e+04 
2.784902e+04 
2.784902e+04 
2.784902e+04 
2.479899e+04 
2.472300e+04 
2.472300e+04 
2.472300e+04 
1.816438e+04 
1.816438e+04 
1.784272e+04 
1.784272e+04 
1.784272e+04 
1.784272e+04 
1.784272e+04 
1.784272e+04 
1.784272e+04 
1.784272e+04 
1.784272e+04 
1.784272e+04 
1.530251e+04 
1.530251e+04 
1.530251e+04 
1.530251e+04 
1.530251e+04 
1.530251e+04 
1.530251e+04 
1.530251e+04 
1.530251e+04 
1.530251e+04 
1.530251e+04 
1.530251e+04 
1.530251e+04 
1.530251e+04 
1.530251e+04 
1.530251e+04 
1.530251e+04 
1.530251e+04 
1.373618e+04 
1.373618e+04 
1.373618e+04 
1.373618e+04 
1.373618e+04 
1.373618e+04 
1.373618e+04 
1.373618e+04 
1.373618e+04 
1.373618e+04 
1.373618e+04 
1.373618e+04 
1.373618e+04 
1.373618e+04 
1.373618e+04 
1.373618e+04 
1.373618e+04 
1.373618e+04 
1.373618e+04 
1.373618e+04 
1.373618e+04 
1.373618e+04 
1.373618e+04 
1.373618e+04 
1.373618e+04 
1.373618e+04 
1.373618e+04 
1.373618e+04 
1.373618e+04 
1.373618e+04 
1.373618e+04 
1.373618e+04 
1.373618e+04 
1.373618e+04 
1.373618e+04 
1.373618e+04 
1.373618e+04 
1.373618e+04 
1.373618e+04 
1.373618e+04 
1.373618e+04 
1.349959e+04 
1.349959e+04 
1.349959e+04 
1.349959e+04 
1.349959e+04 
1.349959e+04 
1.349959e+04 
1.349959e+04 
1.349959e+04 
1.349959e+04 
1.349959e+04 
1.349959e+04 
1.349959e+04 
1.349959e+04 
1.349959e+04 
1.349959e+04 
1.349959e+04 
1.349959e+04 
1.349959e+04 
1.349959e+04 
1.349959e+04 
1.349959e+04 
1.349959e+04 
1.349959e+04 
1.349959e+04 
1.349959e+04 
1.349959e+04 
1.349959e+04 
1.349959e+04 
1.349959e+04 
1.349959e+04 
1.349959e+04 
1.164956e+04 
1.164956e+04 
1.164956e+04 
1.164956e+04 
1.164956e+04 
1.164956e+04 
1.164956e+04 
1.164956e+04 
1.164956e+04 
1.164956e+04 
1.164956e+04 
1.164956e+04 
1.164956e+04 
1.164956e+04 
1.164956e+04 
1.164956e+04 
1.164956e+04 
1.164956e+04 
1.164956e+04 
1.164956e+04 
1.164956e+04 
9.742055e+03 
9.742055e+03 
9.742055e+03 
9.742055e+03 
9.742055e+03 
9.742055e+03 
9.742055e+03 
9.742055e+03 
9.742055e+03 
8.403327e+03 
8.403327e+03 
8.403327e+03 
8.403327e+03 
7.892619e+03 
7.892619e+03 
7.892619e+03 
7.892619e+03 
7.892619e+03 
7.892619e+03 
7.892619e+03 
7.892619e+03 
7.702907e+03 
7.702907e+03 
7.702907e+03 
7.076770e+03 
7.051024e+03 
7.051024e+03 
7.051024e+03 
6.969508e+03 
6.969508e+03 
6.969508e+03 
6.937222e+03 
6.937222e+03 
6.914506e+03 
6.914506e+03 
5.590836e+03 
5.590836e+03 
4.700717e+03 
4.700717e+03 
4.700717e+03 
4.700717e+03 
4.364424e+03 
4.364424e+03 
4.364424e+03 
4.095325e+03 
4.095325e+03 
4.095325e+03 
4.046721e+03 
4.046721e+03 
4.046721e+03 
4.046721e+03 
4.046721e+03 
3.373938e+03 
3.373938e+03 
3.373938e+03 
3.373938e+03 
3.373938e+03 
3.373938e+03 
3.373938e+03 
3.340080e+03 
3.340080e+03 
3.340080e+03 
3.340080e+03 
3.323142e+03 
3.323142e+03 
3.295891e+03 
3.295891e+03 
3.295891e+03 
3.295891e+03 
3.295891e+03 
3.295891e+03 
3.295891e+03 
3.295891e+03 
3.295891e+03 
3.295891e+03 
2.981355e+03 
2.650998e+03 
2.650998e+03 
2.650998e+03 
2.650998e+03 
2.650998e+03 
2.650998e+03 
2.650998e+03 
2.650998e+03 
2.650998e+03 
2.650998e+03 
2.579821e+03 
2.579821e+03 
2.579821e+03 
2.579821e+03 
2.579821e+03 
2.579821e+03 
2.579821e+03 
2.579821e+03 
2.579821e+03 
2.579821e+03 
2.579821e+03 
2.579821e+03 
2.579821e+03 
2.579821e+03 
2.579821e+03 
2.579821e+03 
2.578916e+03 
2.578916e+03 
2.578916e+03 
2.576788e+03 
2.576788e+03 
2.576788e+03 
2.576788e+03 
2.576322e+03 
2.576322e+03 
2.576322e+03 
2.576322e+03 
2.571110e+03 
2.569826e+03 
2.569826e+03 
2.567779e+03 
2.566049e+03 
1.045734e+03 
1.045734e+03 
1.045734e+03 
1.045734e+03 
1.045734e+03 
1.045734e+03 
1.045734e+03 
1.045734e+03 
9.156412e+02 
9.156412e+02 
8.801510e+02 
8.801510e+02 
8.801510e+02 
8.801510e+02 
8.801510e+02 
8.801510e+02 
8.801510e+02 
8.801510e+02 
8.801510e+02 
8.801510e+02 
8.801510e+02 
3.467545e+02 
3.467545e+02 
3.467545e+02 
3.467545e+02 
3.467545e+02 
3.467545e+02 
3.467545e+02 
3.467545e+02 
3.467545e+02 
3.467545e+02 
3.467545e+02 
3.467545e+02 
3.467545e+02 
3.467545e+02 
3.467545e+02 
3.467545e+02 
3.467545e+02 
3.467545e+02 
3.467545e+02 
3.289887e+02 
3.289887e+02 
3.289887e+02 
3.289887e+02 
3.289887e+02 
3.289887e+02 
2.669685e+02 
2.661273e+02 
2.661273e+02 
2.661273e+02 
2.495380e+02 
2.495380e+02 
2.495380e+02 
2.495380e+02 
2.495380e+02 
2.495380e+02 
2.495380e+02 
2.495380e+02 
2.495380e+02 
2.459370e+02 
2.442859e+02 
2.442859e+02 
2.442859e+02 
2.442859e+02 
2.442859e+02 
2.442859e+02 
2.442859e+02 
2.442859e+02 
2.442859e+02 
2.442859e+02 
2.442859e+02 
2.442859e+02 
2.442859e+02 
2.442859e+02 
2.442859e+02 
2.442859e+02 
2.442859e+02 
2.430942e+02 
2.430942e+02 
2.430942e+02 
2.430942e+02 
2.430942e+02 
2.430942e+02 
2.430942e+02 
2.430942e+02 
2.430942e+02 
2.430942e+02 
2.418093e+02 
2.418093e+02 
2.417128e+02 
2.417128e+02 
2.417128e+02 
2.414981e+02 
2.414981e+02 
2.414016e+02 
2.414016e+02 
2.414016e+02 
2.414016e+02 
2.414016e+02 
2.414016e+02 
2.414016e+02 
2.414016e+02 
2.414016e+02 
2.414016e+02 
2.414016e+02 
2.414016e+02 
2.414016e+02 
2.413638e+02 
2.413638e+02 
2.413638e+02 
2.413638e+02 
2.413638e+02 
2.413638e+02 
2.413638e+02 
2.413638e+02 
2.413638e+02 
2.413638e+02 
2.413638e+02 
2.413638e+02 
2.412711e+02 
2.412711e+02 
2.412711e+02 
2.412711e+02 
2.412711e+02 
2.412711e+02 
2.412711e+02 
2.412711e+02 
2.412711e+02 
2.412711e+02 
2.412711e+02 
2.412576e+02 
2.412576e+02 
2.412576e+02 
2.412576e+02 
2.412576e+02 
2.412576e+02 
2.412576e+02 
2.412576e+02 
2.412538e+02 
2.412538e+02 
2.412538e+02 
2.412538e+02 
2.412538e+02 
2.412538e+02 
2.412511e+02 
2.412510e+02 
2.412510e+02 
2.412510e+02 
2.412507e+02 
2.412499e+02 
2.412499e+02 
2.412499e+02 
2.412499e+02 
2.412497e+02 
2.412493e+02 
2.412493e+02 
2.412493e+02 
2.412493e+02 
2.412493e+02 
2.412489e+02 
2.412485e+02 
2.412485e+02 
2.412485e+02 
2.412485e+02 
2.412485e+02 
2.412482e+02 
2.412480e+02 
2.412478e+02 
2.412477e+02 
2.412476e+02 
2.412475e+02 
2.412475e+02 
2.412475e+02 
2.412475e+02 
2.412474e+02 
2.412474e+02 
2.412474e+02 
2.412474e+02 
2.412474e+02 
2.412474e+02 
2.412474e+02 
2.412474e+02 
2.412474e+02 
1.392823e+02 
1.392823e+02 
1.392823e+02 
1.392823e+02 
1.392823e+02 
1.312591e+02 
1.312591e+02 
1.312591e+02 
1.312591e+02 
1.312591e+02 
1.312591e+02 
1.312591e+02 
1.312591e+02 
1.312591e+02 
1.312591e+02 
1.312591e+02 
1.312591e+02 
1.312591e+02 
1.312591e+02 
1.312591e+02 
1.312591e+02 
1.312591e+02 
1.311362e+02 
1.311362e+02 
1.311362e+02 
1.311362e+02 
1.311362e+02 
1.311362e+02 
1.311362e+02 
1.311362e+02 
1.311362e+02 
1.311362e+02 
1.311362e+02 
1.311362e+02 
1.311362e+02 
1.311362e+02 
1.307461e+02 
1.300758e+02 
1.297910e+02 
1.296926e+02 
1.296794e+02 
1.296794e+02 
1.296794e+02 
1.296794e+02 
1.292560e+02 
1.289368e+02 
1.287245e+02 
1.285807e+02 
1.252991e+02 
8.123413e+01 
8.123413e+01 
8.123413e+01 
8.123413e+01 
8.123413e+01 
8.123413e+01 
4.788499e+01 
4.788499e+01 
4.788499e+01 
4.788499e+01 
3.214134e+01 
3.214134e+01 
3.214134e+01 
3.214134e+01 
3.214134e+01 
3.214134e+01 
3.214134e+01 
3.214134e+01 
3.214134e+01 
3.214134e+01 
3.214134e+01 
3.214134e+01 
3.214134e+01 
3.214134e+01 
3.214134e+01 
3.214134e+01 
3.214134e+01 
3.214134e+01 
3.214134e+01 
3.214134e+01 
3.214134e+01 
3.214134e+01 
3.214134e+01 
3.214134e+01 
3.214134e+01 
3.214134e+01 
3.214134e+01 
3.214134e+01 
3.214134e+01 
3.214134e+01 
3.214134e+01 
3.214134e+01 
3.214134e+01 
3.214134e+01 
3.214134e+01 
3.214134e+01 
3.214134e+01 
3.214134e+01 
3.214134e+01 
3.176460e+01 
3.176460e+01 
3.176460e+01 
3.176460e+01 
3.176460e+01 
3.176460e+01 
3.176460e+01 
3.176460e+01 
3.176460e+01 
3.176460e+01 
3.176460e+01 
3.176460e+01 
3.176460e+01 
3.176460e+01 
3.176460e+01 
3.176460e+01 
3.171414e+01 
3.171414e+01 
3.171414e+01 
3.125669e+01 
3.125669e+01 
3.119365e+01 
3.119365e+01 
3.119365e+01 
3.119365e+01 
3.119365e+01 
2.512176e+01 
2.512176e+01 
2.281495e+01 
2.281495e+01 
2.281495e+01 
2.281495e+01 
2.281495e+01 
2.281495e+01 
2.281495e+01 
2.281495e+01 
1.795024e+01 
1.795024e+01 
1.795024e+01 
1.584024e+01 
1.584024e+01 
1.584024e+01 
1.584024e+01 
1.584024e+01 
1.584024e+01 
1.584024e+01 
1.584024e+01 
1.584024e+01 
1.519845e+01 
1.416488e+01 
1.375615e+01 
1.363927e+01 
1.363927e+01 
1.363927e+01 
1.363927e+01 
1.327762e+01 
1.305812e+01 
1.294328e+01 
1.288333e+01 
1.285212e+01 
1.283594e+01 
1.282761e+01 
1.282334e+01 
9.072227e+00 
9.072227e+00 
9.072227e+00 
8.685748e+00 
8.685748e+00 
8.685748e+00 
8.685748e+00 
8.685748e+00 
8.024348e+00 
8.024348e+00 
8.024348e+00 
8.024348e+00 
7.710925e+00 
7.710925e+00 
7.710925e+00 
6.531042e+00 
6.531042e+00 
6.531042e+00 
6.531042e+00 
6.531042e+00 
6.531042e+00 
6.296354e+00 
6.296354e+00 
6.296354e+00 
6.296354e+00 
6.296354e+00 
6.281287e+00 
6.281287e+00 
6.281287e+00 
5.709885e+00 
5.072408e+00 
5.072408e+00 
5.072408e+00 
5.072408e+00 
5.072408e+00 
5.072408e+00 
5.072408e+00 
5.072408e+00 
5.072408e+00 
5.072408e+00 
4.784994e+00 
3.101387e+00 
3.101387e+00 
3.101387e+00 
3.101387e+00 
3.101387e+00 
2.842300e+00 
2.842300e+00 
2.536029e+00 
2.536029e+00 
2.356317e+00 
2.239210e+00 
2.239210e+00 
2.103783e+00 
2.103783e+00 
2.103783e+00 
2.021787e+00 
1.978805e+00 
1.978805e+00 
1.978805e+00 
1.966073e+00 
1.966073e+00 
1.966073e+00 
1.964182e+00 
1.963842e+00 
1.963842e+00 
1.957354e+00 
1.955903e+00 
1.955903e+00 
1.955903e+00 
1.955903e+00 
1.955903e+00 
1.955903e+00 
1.954137e+00 
1.954137e+00 
1.950585e+00 
1.948784e+00 
1.947906e+00 
1.947490e+00 
1.947304e+00 
1.947229e+00 
1.947206e+00 
1.947205e+00 
1.947205e+00 
1.947202e+00 
1.947196e+00 
1.947192e+00 
1.947189e+00 
1.947187e+00 
1.947186e+00 
1.947185e+00 
1.947185e+00 
1.947184e+00 
1.947184e+00 
1.947184e+00 
1.947184e+00 
1.947183e+00 
1.947183e+00 
1.947183e+00 
1.947183e+00 
1.947183e+00 
1.947183e+00 
1.947183e+00 
1.947183e+00 
1.947183e+00 
1.947183e+00 
1.947183e+00 
1.947183e+00 
1.947183e+00 
1.947183e+00 
1.947183e+00 
1.947183e+00 
1.451920e+00 
1.451920e+00 
1.451920e+00 
1.451920e+00 
1.451920e+00 
1.451920e+00 
1.451920e+00 
1.316803e+00 
1.316803e+00 
1.275554e+00 
1.275554e+00 
1.275554e+00 
1.275554e+00 
1.275554e+00 
1.275554e+00 
1.275554e+00 
1.275554e+00 
1.275554e+00 
1.275554e+00 
1.275554e+00 
1.275554e+00 
1.275554e+00 
1.275554e+00 
1.275554e+00 
1.275554e+00 
1.275554e+00 
1.275554e+00 
1.275554e+00 
1.275554e+00 
1.275554e+00 
1.275554e+00 
1.275554e+00 
1.275554e+00 
1.275554e+00 
1.275554e+00 
1.275554e+00 
1.275554e+00 
1.275554e+00 
1.275554e+00 
1.247985e+00 
1.247985e+00 
1.104911e+00 
1.104911e+00 
1.104911e+00 
1.104911e+00 
1.104911e+00 
1.104911e+00 
8.831977e-01 
8.831977e-01 
8.831977e-01 
5.769952e-01 
4.986708e-01 
4.986708e-01 
4.986708e-01 
4.493026e-01 
4.385214e-01 
4.385214e-01 
4.385214e-01 
4.150384e-01 
3.913911e-01 
3.804694e-01 
3.757346e-01 
3.739280e-01 
3.734471e-01 
3.734471e-01 
3.732229e-01 
3.732229e-01 
3.711908e-01 
3.701938e-01 
3.698226e-01 
3.697325e-01 
3.305583e-01 
2.912891e-01 
2.912891e-01 
2.660110e-01 
2.660110e-01 
2.652477e-01 
2.581812e-01 
2.581812e-01 
2.581812e-01 
2.581812e-01 
2.581812e-01 
2.557769e-01 
2.520671e-01 
2.500594e-01 
2.489536e-01 
2.483318e-01 
2.479734e-01 
2.477613e-01 
2.476323e-01 
2.475515e-01 
2.474997e-01 
2.474657e-01 
2.474429e-01 
2.474274e-01 
2.474167e-01 
2.474093e-01 
2.474041e-01 
2.474004e-01 
2.473978e-01 
1.171873e-01 
1.171873e-01 
1.171873e-01 
1.171873e-01 
1.171873e-01 
1.059551e-01 
1.059551e-01 
9.159633e-02 
8.902558e-02 
8.902558e-02 
8.902558e-02 
8.486918e-02 
8.125215e-02 
7.964692e-02 
7.899866e-02 
7.878935e-02 
7.876899e-02 
7.876899e-02 
7.876899e-02 
7.876899e-02 
7.712768e-02 
7.631657e-02 
7.614597e-02 
7.614597e-02 
7.612279e-02 
7.605635e-02 
7.601472e-02 
7.598797e-02 
7.597039e-02 
7.595861e-02 
7.595060e-02 
7.594508e-02 
7.594125e-02 
7.593857e-02 
7.593668e-02 
7.593535e-02 
7.593441e-02 
4.298346e-02 
4.298346e-02 
4.298346e-02 
3.470031e-02 
3.470031e-02 
3.470031e-02 
3.470031e-02 
3.470031e-02 
3.470031e-02 
3.470031e-02 
3.470031e-02 
3.470031e-02 
3.470031e-02 
3.470031e-02 
2.255988e-02 
2.255988e-02 
2.255988e-02 
2.255988e-02 
2.255988e-02 
2.255988e-02 
2.255988e-02 
2.255988e-02 
1.825236e-02 
1.825236e-02 
1.825236e-02 
1.825236e-02 
1.825236e-02 
1.825236e-02 
1.825236e-02 
1.825236e-02 
1.825236e-02 
1.172131e-02 
1.172131e-02 
1.172131e-02 
1.172131e-02 
1.172131e-02 
1.172131e-02 
1.172131e-02 
1.172131e-02 
1.172131e-02 
1.086595e-02 
1.076432e-02 
1.076432e-02 
1.076432e-02 
1.071696e-02 
1.071696e-02 
1.071696e-02 
1.071696e-02 
1.052317e-02 
1.052317e-02 
1.052317e-02 
1.052317e-02 
1.052317e-02 
1.052317e-02 
1.052317e-02 
1.052317e-02 
1.052317e-02 
1.052317e-02 
1.052317e-02 
1.052317e-02 
1.052317e-02 
1.052317e-02 
9.994416e-03 
9.994416e-03 
9.994416e-03 
9.994416e-03 
9.994416e-03 
9.879930e-03 
9.879930e-03 
9.879930e-03 
7.321220e-03 
7.321220e-03 
7.321220e-03 
7.216568e-03 
7.216568e-03 
7.216568e-03 
7.216568e-03 
7.216568e-03 
7.216568e-03 
7.216568e-03 
7.216568e-03 
7.216568e-03 
7.216568e-03 
7.216568e-03 
7.216568e-03 
7.216568e-03 
7.216568e-03 
7.216568e-03 
7.216568e-03 
7.216568e-03 
7.216568e-03 
7.088708e-03 
7.088708e-03 
7.088708e-03 
7.088708e-03 
7.088708e-03 
7.088708e-03 
7.088708e-03 
7.088708e-03 
7.088708e-03 
7.088708e-03 
7.088708e-03 
6.945135e-03 
6.945135e-03 
6.532904e-03 
6.532904e-03 
6.532904e-03 
6.532904e-03 
6.532904e-03 
6.315023e-03 
6.223586e-03 
6.223586e-03 
6.167568e-03 
6.167568e-03 
6.167568e-03 
6.167568e-03 
6.167568e-03 
6.167568e-03 
6.167568e-03 
6.167568e-03 
6.167568e-03 
6.167568e-03 
6.167568e-03 
6.167568e-03 
5.132393e-03 
5.132393e-03 
4.791890e-03 
4.791890e-03 
4.791890e-03 
4.791890e-03 
4.791890e-03 
4.791890e-03 
4.791890e-03 
4.791890e-03 
4.791890e-03 
3.977841e-03 
3.977841e-03 
3.977841e-03 
3.977841e-03 
3.977841e-03 
3.977841e-03 
3.977841e-03 
3.977841e-03 
3.977841e-03 
3.977841e-03 
3.977841e-03 
3.817936e-03 
3.817936e-03 
3.817936e-03 
3.601318e-03 
2.945959e-03 
2.933694e-03 
2.933694e-03 
2.818984e-03 
2.818984e-03 
2.427356e-03 
2.409037e-03 
2.409037e-03 
2.409037e-03 
2.409037e-03 
2.409037e-03 
2.127753e-03 
2.032858e-03 
2.021404e-03 
2.021404e-03 
2.021404e-03 
1.933745e-03 
1.921695e-03 
1.921695e-03 
1.841198e-03 
1.778106e-03 
1.740427e-03 
1.717242e-03 
1.702576e-03 
1.693073e-03 
1.686791e-03 
1.117531e-03 
1.117531e-03 
1.066823e-03 
1.066823e-03 
1.066823e-03 
7.924601e-04 
7.924601e-04 
7.924601e-04 
7.924601e-04 
7.924601e-04 
7.924601e-04 
7.924601e-04 
7.924601e-04 
7.924601e-04 
7.924601e-04 
7.924601e-04 
7.924601e-04 
7.924601e-04 
7.924601e-04 
7.482019e-04 
7.482019e-04 
7.482019e-04 
7.482019e-04 
7.482019e-04 
5.086026e-04 
5.086026e-04 
5.086026e-04 
4.115460e-04 
4.115460e-04 
4.115460e-04 
4.115460e-04 
4.115460e-04 
4.115460e-04 
4.115460e-04 
4.115460e-04 
4.115460e-04 
3.493812e-04 
3.493812e-04 
3.493812e-04 
3.493812e-04 
3.493812e-04 
3.493812e-04 
3.493812e-04 
3.493812e-04 
3.332577e-04 
3.332577e-04 
3.332577e-04 
3.332577e-04 
3.332577e-04 
1.563326e-04 
1.563326e-04 
1.563326e-04 
1.563326e-04 
1.482425e-04 
1.482425e-04 
1.482425e-04 
1.482425e-04 
1.482425e-04 
1.482425e-04 
1.482425e-04 
1.482425e-04 
1.482425e-04 
1.482425e-04 
1.482425e-04 
1.441260e-04 
1.441260e-04 
1.441260e-04 
1.441260e-04 
1.441260e-04 
1.441260e-04 
1.441260e-04 
9.237562e-05 
9.237562e-05 
9.237562e-05 
9.237562e-05 
6.781004e-05 
6.781004e-05 
6.781004e-05 
6.781004e-05 
6.781004e-05 
6.344652e-05 
6.344652e-05 
6.344652e-05 
6.344652e-05 
6.344652e-05 
6.314943e-05 
5.724203e-05 
1.481307e-05 
1.481307e-05 
1.481307e-05 
1.481307e-05 
1.481307e-05 
1.481307e-05 
1.481307e-05 
1.481307e-05 
1.481307e-05 
1.481307e-05 
1.481307e-05 
1.481307e-05 
1.481307e-05 
7.305297e-06 
7.305297e-06 
7.305297e-06 
7.305297e-06 
7.305297e-06 
7.305297e-06 
7.305297e-06 
7.305297e-06 
7.305297e-06 
7.305297e-06 
7.305297e-06 
7.305297e-06 
7.305297e-06 
7.305297e-06 
7.305297e-06 
7.305297e-06 
7.305297e-06 
7.305297e-06 
5.974594e-06 
5.974594e-06 
5.974594e-06 
5.974594e-06 
5.974594e-06 
5.937453e-06 
5.937453e-06 
5.937453e-06 
5.794402e-06 
5.794402e-06 
5.712436e-06 
5.712436e-06 
5.712436e-06 
5.653575e-06 
5.631080e-06 
5.625833e-06 
5.625833e-06 
5.596295e-06 
5.581600e-06 
5.574699e-06 
5.571512e-06 
5.570079e-06 
5.569462e-06 
5.569219e-06 
5.569139e-06 
5.569127e-06 
5.569127e-06 
5.567346e-06 
5.566102e-06 
5.565238e-06 
5.564638e-06 
5.564220e-06 
5.563930e-06 
5.563728e-06 
2.547960e-06 
2.547960e-06 
2.547960e-06 
2.547960e-06 
2.547960e-06 
2.547960e-06 
2.547960e-06 
2.547960e-06 
2.547960e-06 
2.490375e-06 
2.455854e-06 
2.455854e-06 
2.408223e-06 
2.359836e-06 
2.359836e-06 
2.323719e-06 
2.316623e-06 
2.316623e-06 
2.316623e-06 
2.316223e-06 
2.316223e-06 
2.295635e-06 
2.283319e-06 
2.282881e-06 
2.282881e-06 
2.274062e-06 
2.271300e-06 
2.271300e-06 
2.271300e-06 
2.271300e-06 
2.271300e-06 
2.253351e-06 
2.245600e-06 
2.245600e-06 
2.245600e-06 
2.245600e-06 
2.245600e-06 
1.766642e-06 
1.766642e-06 
1.766642e-06 
1.766642e-06 
1.766642e-06 
1.585863e-06 
1.585863e-06 
1.585863e-06 
1.585863e-06 
1.585863e-06 
1.585863e-06 
1.585863e-06 
1.585863e-06 
1.585863e-06 
1.585863e-06 
1.585863e-06 
1.131976e-06 
1.124821e-06 
9.995471e-07 
9.995471e-07 
9.995471e-07 
9.995471e-07 
7.674389e-07 
6.508693e-07 
6.122361e-07 
6.057130e-07 
6.057130e-07 
6.057130e-07 
6.039920e-07 
6.031345e-07 
6.031345e-07 
5.377649e-07 
5.291836e-07 
5.291836e-07 
5.291836e-07 
3.779116e-07 
3.779116e-07 
3.779116e-07 
3.005865e-07 
2.895366e-07 
2.895366e-07 
2.895366e-07 
2.895366e-07 
2.895366e-07 
2.895366e-07 
2.410778e-07 
2.410778e-07 
2.410778e-07 
2.410778e-07 
2.410778e-07 
2.410778e-07 
2.410778e-07 
1.562181e-07 
1.562181e-07 
1.562181e-07 
1.204726e-07 
1.204726e-07 
1.204726e-07 
1.204726e-07 
1.204726e-07 
9.780778e-08 
9.780778e-08 
9.780778e-08 
9.540728e-08 
9.540728e-08 
8.671931e-08 
8.671931e-08 
8.219402e-08 
8.219402e-08 
8.219402e-08 
8.219402e-08 
8.219402e-08 
8.219402e-08 
7.901105e-08 
7.901105e-08 
7.901105e-08 
7.901105e-08 
7.455502e-08 
6.892464e-08 
6.609100e-08 
6.463687e-08 
6.387231e-08 
6.345854e-08 
6.322725e-08 
6.309348e-08 
6.301348e-08 
6.296414e-08 
6.293289e-08 
6.291265e-08 
6.289933e-08 
6.289043e-08 
6.288444e-08 
6.288038e-08 
6.287761e-08 
6.287572e-08 
6.287442e-08 
6.287353e-08 
6.287291e-08 
6.287249e-08 
6.287220e-08 
6.287200e-08 
6.287186e-08 
6.287177e-08 
6.287170e-08 
6.287166e-08 
5.693175e-08 
5.693175e-08 
4.930544e-08 
4.668978e-08 
4.668978e-08 
4.271141e-08 
4.271141e-08 
4.076756e-08 
3.569249e-08 
3.569249e-08 
3.569249e-08 
3.569249e-08 
3.569249e-08 
3.569249e-08 
3.569249e-08 
3.569249e-08 
3.569249e-08 
3.569249e-08 
3.569249e-08 
3.569249e-08 
3.569249e-08 
3.163384e-08 
3.163384e-08 
3.163384e-08 
3.061614e-08 
2.938770e-08 
2.938770e-08 
2.938770e-08 
2.938770e-08 
2.938770e-08 
2.749129e-08 
2.074019e-08 
2.074019e-08 
2.074019e-08 
2.074019e-08 
2.074019e-08 
2.074019e-08 
2.074019e-08 
2.074019e-08 
2.074019e-08 
2.074019e-08 
2.066759e-08 
2.066759e-08 
1.669228e-08 
1.669228e-08 
1.669228e-08 
1.669228e-08 
1.669228e-08 
1.669228e-08 
1.425512e-08 
1.425512e-08 
1.425512e-08 
1.237545e-08 
1.237545e-08 
1.237545e-08 
1.237545e-08 
1.076762e-08 
1.076762e-08 
1.076762e-08 
1.076762e-08 
7.279572e-09 
7.279572e-09 
7.279572e-09 
7.279572e-09 
7.279572e-09 
7.279572e-09 
7.279572e-09 
7.279572e-09 
6.862189e-09 
6.862189e-09 
6.006794e-09 
6.006794e-09 
4.747948e-09 
4.747948e-09 
4.747948e-09 
4.747948e-09 
4.747948e-09 
4.747948e-09 
4.747948e-09 
4.747948e-09 
4.747948e-09 
4.747948e-09 
4.747948e-09 
4.747948e-09 
4.747948e-09 
4.747948e-09 
4.212891e-09 
4.212891e-09 
4.212891e-09 
4.073080e-09 
4.073080e-09 
4.073080e-09 
4.073080e-09 
4.073080e-09 
4.073080e-09 
4.073080e-09 
3.740925e-09 
3.740925e-09 
3.740925e-09 
3.740925e-09 
3.740925e-09 
3.638722e-09 
3.638722e-09 
3.638722e-09 
3.638722e-09 
3.638722e-09 
3.638722e-09 
3.638722e-09 
3.638722e-09 
3.626090e-09 
3.626090e-09 
3.626090e-09 
3.626090e-09 
3.626090e-09 
3.626090e-09 
3.526369e-09 
3.304274e-09 
3.304274e-09 
3.304274e-09 
3.304274e-09 
3.277962e-09 
3.277962e-09 
3.223765e-09 
3.223765e-09 
3.223765e-09 
3.081229e-09 
2.987966e-09 
2.740757e-09 
1.560550e-09 
1.560550e-09 
1.560550e-09 
1.140897e-09 
1.140897e-09 
1.140897e-09 
1.140897e-09 
1.106879e-09 
1.106879e-09 
9.404866e-10 
6.467885e-10 
6.467885e-10 
6.467885e-10 
6.467885e-10 
6.467885e-10 
6.467885e-10 
6.467885e-10 
6.467885e-10 
6.467885e-10 
6.467885e-10 
6.467885e-10 
6.467885e-10 
6.467885e-10 
3.694333e-10 
3.694333e-10 
3.694333e-10 
3.694333e-10 
3.694333e-10 
3.694333e-10 
3.694333e-10 
3.694333e-10 
3.567505e-10 
3.567505e-10 
3.567505e-10 
3.220981e-10 
3.220981e-10 
1.932677e-10 
1.932677e-10 
1.932677e-10 
1.932677e-10 
1.932677e-10 
1.932677e-10 
1.932677e-10 
1.932677e-10 
1.932677e-10 
1.106018e-10 
9.894097e-11 
9.894097e-11 
9.894097e-11 
9.894097e-11 
9.894097e-11 
9.894097e-11 
9.894097e-11 
9.894097e-11 
9.894097e-11 
9.894097e-11 
9.894097e-11 
9.894097e-11 
9.894097e-11 
9.894097e-11 
9.894097e-11 
9.894097e-11 
9.894097e-11 
9.894097e-11 
9.894097e-11 
9.894097e-11 
9.894097e-11 
9.894097e-11 
9.894097e-11 
9.894097e-11 
9.894097e-11 
9.894097e-11 
9.427134e-11 
9.427134e-11 
6.411181e-11 
6.411181e-11 
5.581818e-11 
4.073254e-11 
4.073254e-11 
4.073254e-11 
4.073254e-11 
3.928123e-11 
3.928123e-11 
3.928123e-11 
3.928123e-11 
3.462252e-11 
3.462252e-11 
3.462252e-11 
3.205461e-11 
3.205461e-11 
3.074352e-11 
3.007607e-11 
2.002435e-11 
2.002435e-11 
2.002435e-11 
2.002435e-11 
2.002435e-11 
2.002435e-11 
2.002435e-11 
2.002435e-11 
2.002435e-11 
2.002435e-11 
2.002435e-11 
2.002435e-11 
1.797330e-11 
1.797330e-11 
1.797330e-11 
1.797330e-11 
1.578543e-11 
1.285165e-11 
1.285165e-11 
1.285165e-11 
1.285165e-11 
1.285165e-11 
1.285165e-11 
1.285165e-11 
1.285165e-11 
1.285165e-11 
1.285165e-11 
1.285165e-11 
1.285165e-11 
1.285165e-11 
1.285165e-11 
1.285165e-11 
1.285165e-11 
1.285165e-11 
1.273354e-11 
1.168299e-11 
1.165872e-11 
1.165872e-11 
1.165872e-11 
1.108227e-11 
1.079087e-11 
1.072014e-11 
1.072014e-11 
1.003426e-11 
9.041248e-12 
8.613821e-12 
8.578927e-12 
5.555336e-12 
3.934809e-12 
3.934809e-12 
3.934809e-12 
3.934809e-12 
3.934809e-12 
3.736087e-12 
3.736087e-12 
1.783900e-12 
1.671200e-12 
1.671200e-12 
1.671200e-12 
1.633679e-12 
1.633679e-12 
1.487009e-12 
1.393952e-12 
1.393952e-12 
1.352940e-12 
1.195025e-12 
1.195025e-12 
1.142753e-12 
1.142753e-12 
1.052375e-12 
7.263783e-13 
5.525766e-13 
5.189908e-13 
5.189908e-13 
4.530356e-13 
4.530356e-13 
4.530356e-13 
4.530356e-13 
4.530356e-13 
4.530356e-13 
4.530356e-13 
4.530356e-13 
4.530356e-13 
4.530356e-13 
4.530356e-13 
3.814721e-13 
3.814721e-13 
3.405889e-13 
3.405889e-13 
3.405889e-13 
3.405889e-13 
3.405889e-13 
2.736721e-13 
2.736721e-13 
2.399970e-13 
2.399970e-13 
2.399970e-13 
2.399970e-13 
2.399970e-13 
2.399970e-13 
2.399970e-13 
2.029990e-13 
2.029990e-13 
2.029990e-13 
2.029990e-13 
2.029990e-13 
2.029990e-13 
2.029990e-13 
1.285695e-13 
1.285695e-13 
1.251509e-13 
1.251509e-13 
1.251509e-13 
1.196617e-13 
1.196617e-13 
1.196617e-13 
1.015372e-13 
8.801899e-14 
8.801899e-14 
8.437749e-14 
8.437749e-14 
8.437749e-14 
7.472529e-14 
4.995421e-14 
4.995421e-14 
4.995421e-14 
2.551254e-14 
2.551254e-14 
2.166583e-14 
1.277959e-14 
1.277959e-14 
1.277959e-14 
1.277959e-14 
1.189504e-14 
1.189504e-14 
1.189504e-14 
1.189504e-14 
1.189504e-14 
1.189504e-14 
1.189504e-14 
1.189504e-14 
1.189504e-14 
1.189504e-14 
1.189504e-14 
1.189504e-14 
1.189504e-14 
1.189504e-14 
1.189504e-14 
1.189504e-14 
1.189504e-14 
1.177577e-14 
9.849618e-15 
9.849618e-15 
9.849618e-15 
9.849618e-15 
9.646801e-15 
9.515647e-15 
9.434320e-15 
7.820305e-15 
7.820305e-15 
7.820305e-15 
7.820305e-15 
7.820305e-15 
7.633589e-15 
7.633589e-15 
7.633589e-15 
7.633589e-15 
4.679414e-15 
4.679414e-15 
4.679414e-15 
4.679414e-15 
4.679414e-15 
4.679414e-15 
4.679414e-15 
4.679414e-15 
4.679414e-15 
4.679414e-15 
4.679414e-15 
4.679414e-15 
4.679414e-15 
4.679414e-15 
4.679414e-15 
4.679414e-15 
4.679414e-15 
4.679414e-15 
4.299508e-15 
4.299508e-15 
4.299508e-15 
4.299508e-15 
2.886581e-15 
2.886581e-15 
2.886581e-15 
2.886581e-15 
2.744856e-15 
2.661003e-15 
2.661003e-15 
2.661003e-15 
2.231249e-15 
2.231249e-15 
2.231249e-15 
1.464241e-15 
1.464241e-15 
1.464241e-15 
1.464241e-15 
1.345120e-15 
1.345120e-15 
1.345120e-15 
1.197740e-15 
1.197740e-15 
1.197740e-15 
1.197740e-15 
1.197740e-15 
1.197740e-15 
1.197740e-15 
1.197740e-15 
1.197740e-15 
1.157269e-15 
1.157269e-15 
1.157269e-15 
1.157269e-15 
1.157269e-15 
1.157269e-15 
1.157269e-15 
1.157269e-15 
1.157269e-15 
1.157269e-15 
1.157269e-15 
1.157269e-15 
1.157269e-15 
1.157269e-15 
1.157269e-15 
1.157269e-15 
1.157269e-15 
1.157269e-15 
1.157269e-15 
1.157269e-15 
1.157269e-15 
1.157269e-15 
1.157269e-15 
9.773449e-16 
9.773449e-16 
5.940879e-16 
5.940879e-16 
5.940879e-16 
5.940879e-16 
5.940879e-16 
5.940879e-16 
5.940879e-16 
5.940879e-16 
5.940879e-16 
5.940879e-16 
5.940879e-16 
5.940879e-16 
5.104359e-16 
5.104359e-16 
5.104359e-16 
4.204775e-16 
4.204775e-16 
4.204775e-16 
4.204775e-16 
4.204775e-16 
4.204775e-16 
4.204775e-16 
4.204775e-16 
4.204775e-16 
4.204775e-16 
4.204775e-16 
3.204940e-16 
3.204940e-16 
1.674509e-16 
1.674509e-16 
1.674509e-16 
1.674509e-16 
1.674509e-16 
1.674509e-16 
1.583733e-16 
1.583733e-16 
1.583733e-16 
1.583733e-16 
1.220296e-16 
1.220296e-16 
1.220296e-16 
1.220296e-16 
1.220296e-16 
1.220296e-16 
1.220296e-16 
1.220296e-16 
1.220296e-16 
1.220296e-16 
1.220296e-16 
1.220296e-16 
1.214523e-16 
9.619879e-17 
9.619879e-17 
9.619879e-17 
9.619879e-17 
9.619879e-17 
9.619879e-17 
9.619879e-17 
9.619879e-17 
6.574805e-17 
6.201517e-17 
4.918936e-17 
4.918936e-17 
4.918329e-17 
4.918329e-17 
3.024931e-17 
3.024931e-17 
1.824171e-17 
1.824171e-17 
1.824171e-17 
1.824171e-17 
1.824171e-17 
1.824171e-17 
1.824171e-17 
1.588501e-17 
1.588501e-17 
1.588501e-17 
1.391238e-17 
1.391238e-17 
1.391238e-17 
1.297445e-17 
1.297445e-17 
1.297445e-17 
1.182053e-17 
1.182053e-17 
1.182053e-17 
1.182053e-17 
1.182053e-17 
1.182053e-17 
1.182053e-17 
1.182053e-17 
1.088446e-17 
1.088446e-17 
1.088446e-17 
1.088446e-17 
9.808780e-18 
9.808780e-18 
7.843062e-18 
7.843062e-18 
7.843062e-18 
7.843062e-18 
7.843062e-18 
7.843062e-18 
7.194117e-18 
7.194117e-18 
7.194117e-18 
7.023406e-18 
6.969223e-18 
6.969223e-18 
6.513849e-18 
6.513849e-18 
6.513849e-18 
6.305447e-18 
6.305447e-18 
6.305447e-18 
6.305447e-18 
6.305447e-18 
6.305447e-18 
6.305447e-18 
6.305447e-18 
5.787097e-18 
5.787097e-18 
5.787097e-18 
5.787097e-18 
5.787097e-18 
5.787097e-18 
5.787097e-18 
3.870250e-18 
3.870250e-18 
3.561621e-18 
3.561621e-18 
3.561621e-18 
3.561621e-18 
3.561621e-18 
3.269951e-18 
3.269951e-18 
3.269951e-18 
3.269951e-18 
3.269951e-18 
3.269951e-18 
3.269951e-18 
3.269951e-18 
3.249272e-18 
2.480293e-18 
2.480293e-18 
2.480293e-18 
2.078743e-18 
2.078743e-18 
2.078743e-18 
2.078743e-18 
1.527920e-18 
1.527920e-18 
1.527920e-18 
5.747221e-19 
5.747221e-19 
5.747221e-19 
5.713895e-19 
5.713895e-19 
5.713895e-19 
5.713895e-19 
5.713895e-19 
5.713895e-19 
5.713895e-19 
4.475052e-19 
4.475052e-19 
4.475052e-19 
3.592355e-19 
3.592355e-19 
2.976494e-19 
2.304133e-19 
2.304133e-19 
2.304133e-19 
1.828539e-19 
1.272733e-19 
1.272733e-19 
1.173588e-19 
1.173588e-19 
9.793555e-20 
9.793555e-20 
9.049238e-20 
9.049238e-20 
9.049238e-20 
9.049238e-20 
9.049238e-20 
9.049238e-20 
9.049238e-20 
8.884060e-20 
8.884060e-20 
8.884060e-20 
8.884060e-20 
8.884060e-20 
4.835782e-20 
4.835782e-20 
4.227346e-20 
4.227346e-20 
4.227346e-20 
4.227346e-20 
4.227346e-20 
4.227346e-20 
4.227346e-20 
4.227346e-20 
4.152106e-20 
4.152106e-20 
4.152106e-20 
4.152106e-20 
4.084133e-20 
4.084133e-20 
3.827594e-20 
3.827594e-20 
2.841135e-20 
2.841135e-20 
7.529826e-21 
7.529826e-21 
7.529826e-21 
7.529826e-21 
7.529826e-21 
7.529826e-21 
7.529826e-21 
7.529826e-21 
7.529826e-21 
7.529826e-21 
7.529826e-21 
7.529826e-21 
7.529826e-21 
7.529826e-21 
4.875247e-21 
4.875247e-21 
4.875247e-21 
4.875247e-21 
4.875247e-21 
4.875247e-21 
4.875247e-21 
4.875247e-21 
4.875247e-21 
4.875247e-21 
4.875247e-21 
4.875247e-21 
4.540729e-21 
4.540729e-21 
4.540729e-21 
2.000958e-21 
2.000958e-21 
2.000958e-21 
2.000958e-21 
2.000958e-21 
2.000958e-21 
2.000958e-21 
2.000958e-21 
2.000958e-21 
2.000958e-21 
2.000958e-21 
1.736088e-21 
1.736088e-21 
1.736088e-21 
1.736088e-21 
1.736088e-21 
1.543461e-21 
1.543461e-21 
1.543461e-21 
1.255938e-21 
1.255938e-21 
1.245697e-21 
1.245697e-21 
1.245697e-21 
1.208652e-21 
1.208652e-21 
1.155693e-21 
1.155693e-21 
1.155693e-21 
1.155693e-21 
1.155693e-21 
1.155693e-21 
1.155693e-21 
1.155693e-21 
1.155693e-21 
1.155693e-21 
1.155693e-21 
1.145683e-21 
6.913310e-22 
6.913310e-22 
6.331661e-22 
5.151289e-22 
5.151289e-22 
5.151289e-22 
4.895433e-22 
4.895433e-22 
4.524119e-22 
4.524119e-22 
4.524119e-22 
4.524119e-22 
4.524119e-22 
4.524119e-22 
4.524119e-22 
4.184072e-22 
3.991400e-22 
3.954407e-22 
2.646400e-22 
2.581082e-22 
2.581082e-22 
2.581082e-22 
2.581082e-22 
2.581082e-22 
2.581082e-22 
2.581082e-22 
2.581082e-22 
1.483113e-22 
1.483113e-22 
1.483113e-22 
1.483113e-22 
1.483113e-22 
1.483113e-22 
1.483113e-22 
9.281739e-23 
9.281739e-23 
9.281739e-23 
9.281739e-23 
9.269232e-23 
9.269232e-23 
9.269232e-23 
9.078619e-23 
9.078619e-23 
9.078619e-23 
8.043031e-23 
7.684179e-23 
7.684179e-23 
6.831630e-23 
6.831630e-23 
6.831630e-23 
6.831630e-23 
6.831630e-23 
6.831630e-23 
6.831630e-23 
6.831630e-23 
6.831630e-23 
6.831630e-23 
6.831630e-23 
6.799581e-23 
6.799581e-23 
3.817179e-23 
3.817179e-23 
3.817179e-23 
3.708169e-23 
3.708169e-23 
3.161073e-23 
3.161073e-23 
3.161073e-23 
2.904007e-23 
2.125162e-23 
2.125162e-23 
1.833231e-23 
1.617904e-23 
1.502818e-23 
1.438516e-23 
1.401163e-23 
1.230087e-23 
1.230087e-23 
1.230087e-23 
1.230087e-23 
1.230087e-23 
1.230087e-23 
1.230087e-23 
1.230087e-23 
1.230087e-23 
5.660409e-24 
5.660409e-24 
5.660409e-24 
5.660409e-24 
5.660409e-24 
5.660409e-24 
5.660409e-24 
5.660409e-24 
5.660409e-24 
5.660409e-24 
5.660409e-24 
5.660409e-24 
5.660409e-24 
5.660409e-24 
5.660409e-24 
5.660409e-24 
5.660409e-24 
5.660409e-24 
5.660409e-24 
5.660409e-24 
5.660409e-24 
5.660409e-24 
5.129952e-24 
5.129952e-24 
5.129952e-24 
5.129952e-24 
4.883094e-24 
4.883094e-24 
4.810085e-24 
4.810085e-24 
4.810085e-24 
4.810085e-24 
4.810085e-24 
4.810085e-24 
4.750847e-24 
4.750847e-24 
3.643895e-24 
3.357952e-24 
3.357952e-24 
3.357952e-24 
3.311190e-24 
3.311190e-24 
3.299461e-24 
3.081850e-24 
2.910464e-24 
2.598835e-24 
2.598835e-24 
2.598835e-24 
2.598835e-24 
2.598835e-24 
2.598835e-24 
2.598835e-24 
2.598835e-24 
2.598835e-24 
2.598835e-24 
2.598835e-24 
2.598835e-24 
2.598835e-24 
2.598835e-24 
2.598835e-24 
2.598835e-24 
2.590804e-24 
2.590804e-24 
2.582876e-24 
2.582876e-24 
2.528998e-24 
2.414585e-24 
2.085471e-24 
2.085471e-24 
1.219915e-24 
1.219915e-24 
1.219915e-24 
1.219247e-24 
1.219247e-24 
1.219247e-24 
1.219247e-24 
1.219247e-24 
1.053671e-24 
1.041751e-24 
1.041751e-24 
9.899921e-25 
7.903329e-25 
6.707956e-25 
6.427281e-25 
5.959304e-25 
5.777585e-25 
5.777585e-25 
5.777585e-25 
5.402672e-25 
5.379457e-25 
5.379457e-25 
4.969655e-25 
4.229765e-25 
4.229765e-25 
4.229765e-25 
4.229765e-25 
4.229765e-25 
4.229765e-25 
4.229765e-25 
4.229765e-25 
4.218537e-25 
3.261245e-25 
2.834784e-25 
2.765582e-25 
2.671378e-25 
2.671378e-25 
2.671378e-25 
2.671378e-25 
2.184094e-25 
2.182891e-25 
2.182891e-25 
2.182891e-25 
1.408826e-25 
1.408826e-25 
1.408826e-25 
1.408826e-25 
1.408826e-25 
1.408826e-25 
1.408826e-25 
1.408826e-25 
9.540151e-26 
9.540151e-26 
9.540151e-26 
9.540151e-26 
9.540151e-26 
9.540151e-26 
9.540151e-26 
8.412519e-26 
8.412519e-26 
8.412519e-26 
8.412519e-26 
5.742084e-26 
5.742084e-26 
5.742084e-26 
5.742084e-26 
5.207226e-26 
5.207226e-26 
5.207226e-26 
5.207226e-26 
4.323422e-26 
4.323422e-26 
4.323422e-26 
4.323422e-26 
4.323422e-26 
1.818211e-26 
1.818211e-26 
1.650309e-26 
1.650309e-26 
1.650309e-26 
1.650309e-26 
1.553248e-26 
1.124910e-26 
1.124910e-26 
9.356601e-27 
9.356601e-27 
9.356601e-27 
9.356601e-27 
9.356601e-27 
9.356601e-27 
9.356601e-27 
9.356601e-27 
8.048912e-27 
8.048912e-27 
5.157119e-27 
5.157119e-27 
5.157119e-27 
4.958537e-27 
4.958537e-27 
4.958537e-27 
3.664825e-27 
3.332762e-27 
3.332762e-27 
3.006588e-27 
2.901348e-27 
2.895912e-27 
2.895912e-27 
2.837470e-27 
2.789857e-27 
2.716243e-27 
2.577897e-27 
2.577897e-27 
2.515453e-27 
4.768702e-28 
4.768702e-28 
2.967367e-28 
2.967367e-28 
2.967367e-28 
2.967367e-28 
2.967367e-28 
2.967367e-28 
2.967367e-28 
2.967367e-28 
2.967367e-28 
2.350511e-28 
2.350511e-28 
2.312927e-28 
1.295798e-28 
1.295798e-28 
1.295798e-28 
1.295798e-28 
1.295798e-28 
1.295798e-28 
1.295798e-28 
1.295798e-28 
1.295798e-28 
1.295798e-28 
1.295798e-28 
1.035405e-28 
8.756364e-29 
8.620779e-29 
8.620779e-29 
8.620779e-29 
8.620779e-29 
8.620779e-29 
8.620779e-29 
7.045051e-29 
7.045051e-29 
7.045051e-29 
7.045051e-29 
6.846419e-29 
6.846419e-29 
6.340707e-29 
6.340707e-29 
6.340707e-29 
6.340707e-29 
6.007653e-29 
6.007653e-29 
6.007653e-29 
6.007653e-29 
6.007653e-29 
6.007653e-29 
5.300031e-29 
5.300031e-29 
5.300031e-29 
2.373163e-29 
2.373163e-29 
2.373163e-29 
2.373163e-29 
2.373163e-29 
2.245166e-29 
2.245166e-29 
1.803322e-29 
1.803322e-29 
1.803322e-29 
1.361501e-29 
9.259583e-30 
9.259583e-30 
6.477694e-30 
6.477694e-30 
6.477694e-30 
6.477694e-30 
6.477694e-30 
6.477694e-30 
6.477694e-30 
6.477694e-30 
6.477694e-30 
6.477694e-30 
6.477694e-30 
6.477694e-30 
6.477694e-30 
6.477694e-30 
6.477694e-30 
6.477694e-30 
6.477694e-30 
6.477694e-30 
6.358139e-30 
6.358139e-30 
6.284328e-30 
6.284328e-30 
6.284328e-30 
6.284328e-30 
4.374780e-30 
4.374780e-30 
3.509857e-30 
3.509857e-30 
3.509857e-30 
2.874444e-30 
2.874444e-30 
2.136725e-30 
2.136725e-30 
1.733308e-30 
1.733308e-30 
1.733308e-30 
1.733308e-30 
1.733308e-30 
1.726457e-30 
1.506815e-30 
1.423168e-30 
1.415565e-30 
1.415565e-30 
5.900162e-31 
5.900162e-31 
5.900162e-31 
3.798236e-31 
3.798236e-31 
3.798236e-31 
3.798236e-31 
3.798236e-31 
3.798236e-31 
3.798236e-31 
3.798236e-31 
3.798236e-31 
3.610980e-31 
3.610980e-31 
3.443279e-31 
3.294253e-31 
3.294253e-31 
3.027041e-31 
3.027041e-31 
3.027041e-31 
1.962488e-31 
1.962488e-31 
1.962488e-31 
1.962488e-31 
1.962488e-31 
1.962488e-31 
1.962488e-31 
1.906195e-31 
1.906195e-31 
1.792557e-31 
1.792557e-31 
1.792557e-31 
1.637432e-31 
1.637432e-31 
1.410645e-31 
1.410645e-31 
1.396494e-31 
1.396494e-31 
1.342173e-31 
1.342173e-31 
1.214861e-31 
8.271704e-32 
5.696842e-32 
5.696842e-32 
5.696842e-32 
5.220012e-32 
5.220012e-32 
5.220012e-32 
2.561275e-32 
2.561275e-32 
2.561275e-32 
2.561275e-32 
2.561275e-32 
2.561275e-32 
2.561275e-32 
2.561275e-32 
2.348248e-32 
2.348248e-32 
1.366512e-32 
1.366512e-32 
1.366512e-32 
1.366512e-32 
1.366512e-32 
1.221809e-32 
1.221809e-32 
9.310289e-33 
9.310289e-33 
9.310289e-33 
9.310289e-33 
9.310289e-33 
6.015579e-33 
6.015579e-33 
6.015579e-33 
6.015579e-33 
6.015579e-33 
6.015579e-33 
4.180135e-33 
4.180135e-33 
4.180135e-33 
4.180135e-33 
4.180135e-33 
4.180135e-33 
4.180135e-33 
4.180135e-33 
2.214936e-33 
2.214936e-33 
2.176376e-33 
2.176376e-33 
2.176376e-33 
2.176376e-33 
2.176376e-33 
2.176376e-33 
2.176376e-33 
2.176376e-33 
2.176376e-33 
2.176376e-33 
2.176376e-33 
2.176376e-33 
1.635475e-33 
1.150533e-33 
1.150533e-33 
1.150533e-33 
1.150533e-33 
1.150533e-33 
1.150533e-33 
1.150533e-33 
1.150533e-33 
1.150533e-33 
1.150533e-33 
1.150533e-33 
1.150533e-33 
1.150533e-33 
1.150533e-33 
1.150533e-33 
7.710039e-34 
7.710039e-34 
7.710039e-34 
7.710039e-34 
7.003508e-34 
7.003508e-34 
5.698439e-34 
5.698439e-34 
3.545165e-34 
3.384900e-34 
3.384900e-34 
3.070794e-34 
3.070794e-34 
3.070794e-34 
3.070794e-34 
3.070794e-34 
3.070794e-34 
3.070794e-34 
3.070794e-34 
3.070794e-34 
3.070794e-34 
3.070794e-34 
3.070794e-34 
3.070794e-34 
3.070794e-34 
3.070794e-34 
3.070794e-34 
3.070794e-34 
3.070794e-34 
3.070794e-34 
3.070794e-34 
2.463197e-34 
1.665971e-34 
1.665971e-34 
1.355542e-34 
1.355542e-34 
1.355542e-34 
1.264697e-34 
1.245587e-34 
1.245587e-34 
1.245587e-34 
1.240980e-34 
5.416985e-35 
5.197773e-35 
5.197773e-35 
5.197773e-35 
5.197773e-35 
5.197773e-35 
5.197773e-35 
5.197773e-35 
5.197773e-35 
5.197773e-35 
5.197773e-35 
4.086522e-35 
4.086522e-35 
4.086522e-35 
2.237591e-35 
2.237591e-35 
2.237591e-35 
2.237591e-35 
2.237591e-35 
2.237591e-35 
2.237591e-35 
2.237591e-35 
2.237591e-35 
2.237591e-35 
2.237591e-35 
2.237591e-35 
2.237591e-35 
2.237591e-35 
2.237591e-35 
2.237591e-35 
1.704313e-35 
1.704313e-35 
1.704313e-35 
1.704313e-35 
1.704313e-35 
1.704313e-35 
1.704313e-35 
1.704313e-35 
1.687685e-35 
1.687685e-35 
1.679829e-35 
1.327285e-35 
1.327285e-35 
1.193048e-35 
1.193048e-35 
1.193048e-35 
1.193048e-35 
1.193048e-35 
1.193048e-35 
1.104041e-35 
9.851629e-36 
8.986278e-36 
7.731247e-36 
7.731247e-36 
7.731247e-36 
7.731247e-36 
7.731247e-36 
7.731247e-36 
7.731247e-36 
6.242357e-36 
6.242357e-36 
4.570978e-36 
4.205517e-36 
3.161041e-36 
3.161041e-36 
3.161041e-36 
3.161041e-36 
3.161041e-36 
2.960753e-36 
2.059818e-36 
1.346381e-36 
1.346381e-36 
1.346381e-36 
1.024421e-36 
9.251664e-37 
9.251664e-37 
8.914533e-37 
8.914533e-37 
8.914533e-37 
7.207892e-37 
7.207892e-37 
7.207892e-37 
6.284980e-37 
6.284980e-37 
6.058878e-37 
5.926401e-37 
5.802429e-37 
5.802429e-37 
5.663627e-37 
5.663627e-37 
4.556799e-37 
4.362950e-37 
4.362950e-37 
3.751975e-37 
3.580321e-37 
3.580321e-37 
3.580321e-37 
3.195665e-37 
2.970141e-37 
2.970141e-37 
6.121174e-38 
6.121174e-38 
6.121174e-38 
4.497240e-38 
4.497240e-38 
4.497240e-38 
4.497240e-38 
4.497240e-38 
4.497240e-38 
4.352566e-38 
4.352566e-38 
4.278859e-38 
4.278859e-38 
4.278859e-38 
4.085554e-38 
4.085554e-38 
3.874124e-38 
3.874124e-38 
3.874124e-38 
3.593421e-38 
3.412578e-38 
3.365155e-38 
3.360572e-38 
3.360572e-38 
3.360572e-38 
3.360572e-38 
2.566963e-38 
2.449375e-38 
2.449375e-38 
2.449375e-38 
2.449375e-38 
2.053302e-38 
1.386978e-38 
1.050213e-38 
1.050213e-38 
1.050213e-38 
1.047364e-38 
1.047364e-38 
1.047364e-38 
1.047364e-38 
1.047364e-38 
8.574066e-39 
8.574066e-39 
8.574066e-39 
8.574066e-39 
6.855605e-39 
6.855605e-39 
6.855605e-39 
6.855605e-39 
6.855605e-39 
6.855605e-39 
6.855605e-39 
6.855605e-39 
6.855605e-39 
6.855605e-39 
6.716221e-39 
6.682889e-39 
6.682889e-39 
6.682889e-39 
6.682889e-39 
6.541801e-39 
6.541801e-39 
6.367787e-39 
5.116192e-39 
5.116192e-39 
5.116192e-39 
2.873440e-39 
2.873440e-39 
2.873440e-39 
2.177800e-39 
2.177800e-39 
2.004310e-39 
1.768517e-39 
1.768517e-39 
1.768517e-39 
1.670513e-39 
1.670513e-39 
1.670513e-39 
1.670513e-39 
1.670513e-39 
1.633896e-39 
1.633896e-39 
1.633896e-39 
1.633613e-39 
1.633613e-39 
1.633613e-39 
1.484657e-39 
1.484657e-39 
1.440817e-39 
1.288909e-39 
1.026414e-39 
1.026414e-39 
1.026414e-39 
1.026414e-39 
8.931520e-40 
8.563788e-40 
8.563788e-40 
7.894619e-40 
7.894619e-40 
7.894619e-40 
7.894619e-40 
7.559964e-40 
7.559964e-40 
7.298359e-40 
7.275775e-40 
7.275775e-40 
7.275775e-40 
7.192732e-40 
7.192732e-40 
5.036093e-40 
4.692234e-40 
4.692234e-40 
3.189504e-40 
3.057337e-40 
3.057337e-40 
2.754073e-40 
2.754073e-40 
2.754073e-40 
2.689713e-40 
2.689713e-40 
2.443358e-40 
2.268739e-40 
2.268739e-40 
1.211042e-40 
1.211042e-40 
1.211042e-40 
1.211042e-40 
1.211042e-40 
1.211042e-40 
1.211042e-40 
1.211042e-40 
1.121998e-40 
1.121998e-40 
1.121998e-40 
1.121998e-40 
9.918655e-41 
9.918655e-41 
9.918655e-41 
9.918655e-41 
9.918655e-41 
6.560773e-41 
6.560773e-41 
6.560773e-41 
6.560773e-41 
5.337670e-41 
5.337670e-41 
4.703024e-41 
4.703024e-41 
4.703024e-41 
4.703024e-41 
4.703024e-41 
4.139720e-41 
4.139720e-41 
3.904692e-41 
3.904692e-41 
3.904692e-41 
3.904692e-41 
3.904692e-41 
3.904692e-41 
3.043462e-41 
2.220685e-41 
2.122312e-41 
1.855356e-41 
1.855356e-41 
1.855356e-41 
1.214593e-41 
1.214593e-41 
1.214593e-41 
1.214593e-41 
1.214593e-41 
1.214593e-41 
1.214593e-41 
1.214593e-41 
1.063933e-41 
1.063933e-41 
1.063933e-41 
1.063933e-41 
1.063933e-41 
1.063933e-41 
1.063933e-41 
1.063933e-41 
7.659382e-42 
6.973413e-42 
6.973413e-42 
6.973413e-42 
6.973413e-42 
6.973413e-42 
6.973413e-42 
6.973413e-42 
6.608774e-42 
5.998318e-42 
5.998318e-42 
4.979240e-42 
4.333257e-42 
4.025012e-42 
3.868953e-42 
3.785659e-42 
3.739274e-42 
3.712620e-42 
3.696968e-42 
3.687645e-42 
3.463311e-42 
3.166494e-42 
3.166494e-42 
3.166494e-42 
2.842048e-42 
2.652732e-42 
2.598515e-42 
2.588257e-42 
2.588257e-42 
2.576655e-42 
2.571023e-42 
2.568633e-42 
2.333692e-42 
2.333692e-42 
2.322549e-42 
2.235392e-42 
2.235392e-42 
2.225337e-42 
1.863106e-42 
1.326609e-42 
1.087769e-42 
1.012578e-42 
1.012578e-42 
1.012578e-42 
9.909579e-43 
8.476645e-43 
8.476645e-43 
8.476645e-43 
8.476645e-43 
8.476645e-43 
8.476645e-43 
8.476645e-43 
4.834629e-43 
4.834629e-43 
4.834629e-43 
4.834629e-43 
4.834629e-43 
4.834629e-43 
4.834629e-43 
2.965974e-43 
2.138614e-43 
2.138614e-43 
2.138614e-43 
2.138614e-43 
2.138614e-43 
1.756398e-43 
1.756398e-43 
1.756398e-43 
1.756398e-43 
1.756398e-43 
1.756398e-43 
1.756398e-43 
1.756398e-43 
1.551203e-43 
1.428411e-43 
1.292569e-43 
1.172758e-43 
1.105197e-43 
1.066083e-43 
1.043034e-43 
9.738663e-44 
9.738663e-44 
9.738663e-44 
9.738663e-44 
9.535809e-44 
9.295340e-44 
6.732479e-44 
6.732479e-44 
6.732479e-44 
6.205725e-44 
6.205725e-44 
4.331106e-44 
4.331106e-44 
4.331106e-44 
4.331106e-44 
4.331106e-44 
4.331106e-44 
4.331106e-44 
4.331106e-44 
4.331106e-44 
4.331106e-44 
4.331106e-44 
4.331106e-44 
4.284534e-44 
4.069522e-44 
3.724518e-44 
3.226708e-44 
3.226708e-44 
3.033401e-44 
3.033401e-44 
2.587598e-44 
2.369390e-44 
1.961853e-44 
1.743339e-44 
1.588466e-44 
1.459038e-44 
1.459038e-44 
1.426240e-44 
1.274735e-44 
1.252342e-44 
1.252342e-44 
1.252342e-44 
1.039757e-44 
1.034918e-44 
1.007198e-44 
1.007198e-44 
9.612318e-45 
7.508112e-45 
6.370918e-45 
6.370918e-45 
6.370918e-45 
4.748059e-45 
4.748059e-45 
4.748059e-45 
4.748059e-45 
4.748059e-45 
4.748059e-45 
3.856981e-45 
3.856981e-45 
3.856981e-45 
3.856981e-45 
3.455737e-45 
3.455737e-45 
3.455737e-45 
3.455737e-45 
2.830807e-45 
2.830807e-45 
2.830807e-45 
1.893250e-45 
1.893250e-45 
1.893250e-45 
1.893250e-45 
1.893250e-45 
1.893250e-45 
1.893250e-45 
1.893250e-45 
1.733793e-45 
1.692305e-45 
1.145310e-45 
1.145310e-45 
1.145310e-45 
1.145310e-45 
1.145310e-45 
1.085293e-45 
1.085293e-45 
9.930647e-46 
8.676635e-46 
8.676635e-46 
8.272413e-46 
8.272413e-46 
8.272413e-46 
8.272413e-46 
8.272413e-46 
8.052392e-46 
5.791212e-46 
4.682593e-46 
4.258047e-46 
4.090678e-46 
4.021955e-46 
3.992212e-46 
3.978527e-46 
3.971820e-46 
3.968338e-46 
3.451495e-46 
1.695495e-46 
1.346462e-46 
1.346462e-46 
1.346462e-46 
1.132023e-46 
1.132023e-46 
1.110287e-46 
7.455327e-47 
7.455327e-47 
7.455327e-47 
5.671177e-47 
5.671177e-47 
5.671177e-47 
3.973799e-47 
3.973799e-47 
3.973799e-47 
2.678417e-47 
2.678417e-47 
2.678417e-47 
2.678417e-47 
2.678417e-47 
2.678417e-47 
2.678417e-47 
2.320208e-47 
1.889682e-47 
1.393651e-47 
1.393651e-47 
1.393651e-47 
1.393651e-47 
1.393651e-47 
6.788899e-48 
6.788899e-48 
6.788899e-48 
6.788899e-48 
6.727013e-48 
6.727013e-48 
6.727013e-48 
6.727013e-48 
6.085387e-48 
6.085387e-48 
5.546911e-48 
5.546911e-48 
5.546911e-48 
5.546911e-48 
5.546911e-48 
5.546911e-48 
5.546911e-48 
5.546911e-48 
5.546911e-48 
5.463187e-48 
5.182577e-48 
5.182577e-48 
4.724921e-48 
4.724921e-48 
4.455566e-48 
4.455566e-48 
4.455566e-48 
3.833820e-48 
3.596772e-48 
3.596772e-48 
3.596772e-48 
3.537628e-48 
3.418347e-48 
3.418347e-48 
3.312949e-48 
3.312949e-48 
3.085387e-48 
3.085387e-48 
3.040133e-48 
3.040133e-48 
3.040133e-48 
3.040133e-48 
2.260092e-48 
1.962841e-48 
1.498399e-48 
1.498399e-48 
1.323527e-48 
1.323527e-48 
1.323527e-48 
1.323527e-48 
1.323527e-48 
1.323527e-48 
1.323527e-48 
1.323527e-48 
1.323527e-48 
1.044177e-48 
1.044177e-48 
9.835917e-49 
9.835917e-49 
7.078925e-49 
7.078925e-49 
7.078925e-49 
6.616345e-49 
5.614585e-49 
5.614585e-49 
5.614585e-49 
5.614585e-49 
3.274652e-49 
3.274652e-49 
2.790030e-49 
2.790030e-49 
2.790030e-49 
2.790030e-49 
1.973945e-49 
1.973945e-49 
1.919583e-49 
1.919583e-49 
1.662159e-49 
1.662159e-49 
1.603977e-49 
1.603977e-49 
1.603977e-49 
1.401353e-49 
1.305014e-49 
1.227979e-49 
9.718509e-50 
7.773735e-50 
7.773735e-50 
7.697382e-50 
7.697382e-50 
7.697382e-50 
7.527326e-50 
7.527326e-50 
7.527326e-50 
6.489575e-50 
6.489575e-50 
6.489575e-50 
6.095311e-50 
6.095311e-50 
6.095311e-50 
6.095311e-50 
4.165769e-50 
4.165769e-50 
4.165769e-50 
3.114023e-50 
3.114023e-50 
3.114023e-50 
3.085945e-50 
2.468209e-50 
2.468209e-50 
1.524927e-50 
1.524927e-50 
1.401338e-50 
1.401338e-50 
1.401338e-50 
1.163192e-50 
1.163192e-50 
1.163192e-50 
1.163192e-50 
1.163192e-50 
7.957636e-51 
7.957636e-51 
7.957636e-51 
7.189017e-51 
7.189017e-51 
7.189017e-51 
7.189017e-51 
3.568524e-51 
3.568524e-51 
3.187746e-51 
3.187746e-51 
3.054253e-51 
2.933635e-51 
2.933635e-51 
2.894694e-51 
2.240233e-51 
1.564905e-51 
1.564905e-51 
1.501859e-51 
1.293813e-51 
1.293813e-51 
1.136524e-51 
7.748947e-52 
7.748947e-52 
7.748947e-52 
7.748947e-52 
6.851351e-52 
6.851351e-52 
6.833398e-52 
6.833398e-52 
6.833398e-52 
5.573298e-52 
5.573298e-52 
3.618522e-52 
3.618522e-52 
2.903903e-52 
2.903903e-52 
2.903903e-52 
2.903903e-52 
2.903903e-52 
2.903903e-52 
2.903903e-52 
2.576504e-52 
2.576504e-52 
2.523063e-52 
2.523063e-52 
2.220906e-52 
1.540605e-52 
1.540605e-52 
1.540605e-52 
1.540605e-52 
1.540605e-52 
1.135298e-52 
1.135298e-52 
1.135298e-52 
1.135298e-52 
1.135298e-52 
1.135298e-52 
1.135298e-52 
1.135298e-52 
8.868565e-53 
8.868565e-53 
7.975109e-53 
7.975109e-53 
7.975109e-53 
7.975109e-53 
5.953847e-53 
5.953847e-53 
5.953847e-53 
5.922589e-53 
4.057635e-53 
3.416395e-53 
3.416395e-53 
2.466300e-53 
2.466300e-53 
2.466300e-53 
1.344249e-53 
1.344249e-53 
1.289604e-53 
1.289604e-53 
1.289604e-53 
1.181675e-53 
1.165841e-53 
1.165841e-53 
1.120304e-53 
1.038373e-53 
7.835739e-54 
7.835739e-54 
7.835739e-54 
7.835739e-54 
7.835739e-54 
7.648447e-54 
7.648447e-54 
4.409636e-54 
3.369116e-54 
3.369116e-54 
3.369116e-54 
3.369116e-54 
3.369116e-54 
3.248750e-54 
3.248750e-54 
2.838134e-54 
2.838134e-54 
2.838134e-54 
2.202817e-54 
2.054248e-54 
2.053545e-54 
2.053545e-54 
2.053545e-54 
2.053545e-54 
1.941998e-54 
1.892813e-54 
1.674651e-54 
1.653128e-54 
1.653128e-54 
1.653128e-54 
1.391918e-54 
1.391918e-54 
1.134744e-54 
1.134744e-54 
1.134744e-54 
1.134744e-54 
1.134744e-54 
9.459500e-55 
9.459500e-55 
6.604402e-55 
6.604402e-55 
6.604402e-55 
6.604402e-55 
6.465073e-55 
6.465073e-55 
6.465073e-55 
6.081484e-55 
5.979618e-55 
4.069514e-55 
3.618289e-55 
3.618289e-55 
1.553265e-55 
1.553265e-55 
1.553265e-55 
1.553265e-55 
1.553265e-55 
1.553265e-55 
1.553265e-55 
1.553265e-55 
1.553265e-55 
1.553265e-55 
1.553265e-55 
1.395866e-55 
1.364040e-55 
1.364040e-55 
9.008936e-56 
8.688990e-56 
7.879587e-56 
7.879587e-56 
5.574525e-56 
4.239027e-56 
3.937792e-56 
3.927251e-56 
3.277108e-56 
3.277108e-56 
3.277108e-56 
3.051931e-56 
3.051931e-56 
3.051931e-56 
2.212016e-56 
1.254464e-56 
1.254464e-56 
1.254464e-56 
1.254464e-56 
1.254464e-56 
1.254464e-56 
1.254464e-56 
1.254464e-56 
1.254464e-56 
1.254464e-56 
1.254464e-56 
1.254464e-56 
1.254464e-56 
9.514186e-57 
9.514186e-57 
5.260574e-57 
5.260574e-57 
5.260574e-57 
5.260574e-57 
5.260574e-57 
5.260574e-57 
5.260574e-57 
5.260574e-57 
5.260574e-57 
5.260574e-57 
5.096020e-57 
4.298230e-57 
4.298230e-57 
4.298230e-57 
4.298230e-57 
3.690291e-57 
3.690291e-57 
2.872263e-57 
2.037197e-57 
2.037197e-57 
2.037197e-57 
2.037197e-57 
1.821032e-57 
1.821032e-57 
1.472439e-57 
1.472439e-57 
1.472439e-57 
1.286284e-57 
1.068110e-57 
9.806700e-58 
9.806700e-58 
9.806700e-58 
8.257818e-58 
5.145326e-58 
5.145326e-58 
5.145326e-58 
4.960488e-58 
4.960488e-58 
4.960488e-58 
4.960488e-58 
4.116466e-58 
4.116466e-58 
2.028338e-58 
1.877257e-58 
1.877257e-58 
1.877257e-58 
1.653132e-58 
1.653132e-58 
1.653132e-58 
1.647886e-58 
1.647886e-58 
1.381175e-58 
1.381175e-58 
1.381175e-58 
1.381175e-58 
1.381175e-58 
1.318380e-58 
8.169305e-59 
8.169305e-59 
8.169305e-59 
6.172572e-59 
6.172572e-59 
5.472983e-59 
5.472983e-59 
5.109667e-59 
5.109667e-59 
5.109667e-59 
5.109667e-59 
3.542965e-59 
3.272185e-59 
3.272185e-59 
3.089246e-59 
3.089246e-59 
1.938354e-59 
1.938354e-59 
1.886251e-59 
1.245758e-59 
1.245758e-59 
1.245758e-59 
1.245758e-59 
1.245758e-59 
1.245758e-59 
9.599622e-60 
9.599622e-60 
9.599622e-60 
9.599622e-60 
9.599622e-60 
9.599622e-60 
9.599622e-60 
9.599622e-60 
9.599622e-60 
9.599622e-60 
9.524263e-60 
9.524263e-60 
9.524263e-60 
7.919058e-60 
7.919058e-60 
7.919058e-60 
7.424913e-60 
4.497934e-60 
4.497934e-60 
4.497934e-60 
4.497934e-60 
3.164863e-60 
2.587524e-60 
2.457144e-60 
2.457144e-60 
2.457144e-60 
1.350779e-60 
1.350779e-60 
1.350779e-60 
1.350779e-60 
1.230632e-60 
1.230632e-60 
7.727979e-61 
7.727979e-61 
7.727979e-61 
7.727979e-61 
7.123657e-61 
7.123657e-61 
7.123657e-61 
4.073746e-61 
4.073746e-61 
3.363745e-61 
3.363745e-61 
3.363745e-61 
3.363745e-61 
3.363745e-61 
3.363745e-61 
3.363745e-61 
3.363745e-61 
3.363745e-61 
2.768501e-61 
2.768501e-61 
1.545485e-61 
1.545485e-61 
1.545485e-61 
1.545485e-61 
1.545485e-61 
1.545485e-61 
1.149300e-61 
1.149300e-61 
1.149300e-61 
9.272269e-62 
9.272269e-62 
8.978444e-62 
8.978444e-62 
8.978444e-62 
7.364957e-62 
7.364957e-62 
6.569063e-62 
6.569063e-62 
6.569063e-62 
6.569063e-62 
5.599947e-62 
3.955737e-62 
3.955737e-62 
3.955737e-62 
2.726761e-62 
2.726761e-62 
2.726761e-62 
2.726761e-62 
2.726761e-62 
2.726761e-62 
2.366939e-62 
2.230511e-62 
2.230511e-62 
1.641328e-62 
1.641328e-62 
1.641328e-62 
1.641328e-62 
1.641328e-62 
1.641328e-62 
1.641328e-62 
1.641328e-62 
1.401684e-62 
1.401684e-62 
1.401684e-62 
1.149534e-62 
1.149534e-62 
1.149534e-62 
9.771363e-63 
9.771363e-63 
9.771363e-63 
9.771363e-63 
9.771363e-63 
9.487686e-63 
9.324401e-63 
9.324401e-63 
9.007848e-63 
8.977994e-63 
8.837760e-63 
8.837760e-63 
7.247588e-63 
7.247588e-63 
7.247588e-63 
7.247588e-63 
5.760777e-63 
5.549696e-63 
5.549696e-63 
5.549696e-63 
5.549696e-63 
5.549696e-63 
4.280316e-63 
4.280316e-63 
4.280316e-63 
4.280316e-63 
4.280316e-63 
4.280316e-63 
4.280316e-63 
3.526399e-63 
3.226363e-63 
2.320388e-63 
2.320388e-63 
2.052717e-63 
1.820678e-63 
1.764889e-63 
1.428342e-63 
8.934785e-64 
8.934785e-64 
7.453047e-64 
7.404386e-64 
7.404386e-64 
6.867980e-64 
5.571559e-64 
5.571559e-64 
5.571559e-64 
5.533880e-64 
4.848999e-64 
4.848999e-64 
4.848999e-64 
3.950403e-64 
3.950403e-64 
3.950403e-64 
3.950403e-64 
3.697361e-64 
3.697361e-64 
3.137784e-64 
2.659695e-64 
1.814893e-64 
1.814893e-64 
1.186881e-64 
5.405898e-65 
5.405898e-65 
5.405898e-65 
5.379142e-65 
5.379142e-65 
4.891588e-65 
4.891588e-65 
4.891588e-65 
4.891588e-65 
4.813741e-65 
3.715187e-65 
3.715187e-65 
3.715187e-65 
2.839225e-65 
2.839225e-65 
2.839225e-65 
2.584208e-65 
2.246266e-65 
2.246266e-65 
2.246266e-65 
9.634948e-66 
9.634948e-66 
9.634948e-66 
5.099854e-66 
5.099854e-66 
5.099854e-66 
5.099854e-66 
5.099854e-66 
5.099854e-66 
5.099854e-66 
5.099854e-66 
5.099854e-66 
5.099854e-66 
2.567344e-66 
2.567344e-66 
2.567344e-66 
2.567344e-66 
2.567344e-66 
2.358625e-66 
1.840181e-66 
1.840181e-66 
1.840181e-66 
1.839160e-66 
1.711321e-66 
1.711321e-66 
1.600642e-66 
1.600642e-66 
1.600642e-66 
1.600642e-66 
1.600642e-66 
1.600642e-66 
1.118627e-66 
1.118627e-66 
1.118627e-66 
5.062418e-67 
5.062418e-67 
4.857360e-67 
4.857360e-67 
4.857360e-67 
4.857360e-67 
4.043921e-67 
3.322871e-67 
3.322871e-67 
3.322871e-67 
2.922931e-67 
2.922931e-67 
2.922931e-67 
2.704197e-67 
2.704197e-67 
2.704197e-67 
2.704197e-67 
1.880146e-67 
1.873020e-67 
1.701817e-67 
1.701817e-67 
1.638286e-67 
1.638286e-67 
1.638286e-67 
1.566975e-67 
1.566975e-67 
1.566975e-67 
1.377129e-67 
1.377129e-67 
1.377129e-67 
5.155088e-68 
2.677228e-68 
2.677228e-68 
2.677228e-68 
2.677228e-68 
2.677228e-68 
2.677228e-68 
2.677228e-68 
2.499293e-68 
1.841328e-68 
1.841328e-68 
1.841328e-68 
1.792472e-68 
1.751039e-68 
1.751039e-68 
1.111614e-68 
1.081303e-68 
1.081303e-68 
1.081303e-68 
8.724366e-69 
8.724366e-69 
6.056415e-69 
6.056415e-69 
5.923923e-69 
5.923923e-69 
5.923923e-69 
5.097135e-69 
5.097135e-69 
4.886687e-69 
4.886687e-69 
4.824587e-69 
4.824587e-69 
4.328409e-69 
3.200831e-69 
3.200831e-69 
3.080647e-69 
3.080647e-69 
3.080647e-69 
2.606487e-69 
2.606487e-69 
2.606487e-69 
2.353182e-69 
2.333013e-69 
2.333013e-69 
2.218050e-69 
2.218050e-69 
2.218050e-69 
2.218050e-69 
2.218050e-69 
2.218050e-69 
2.218050e-69 
2.073698e-69 
1.669285e-69 
1.669285e-69 
1.669285e-69 
1.534010e-69 
1.534010e-69 
1.360123e-69 
1.360123e-69 
1.181369e-69 
1.181369e-69 
1.061234e-69 
1.061234e-69 
1.061234e-69 
1.061234e-69 
1.061234e-69 
7.292201e-70 
7.292201e-70 
7.292201e-70 
7.292201e-70 
7.292201e-70 
6.963491e-70 
6.963491e-70 
5.834449e-70 
5.834449e-70 
5.834449e-70 
5.834449e-70 
5.834449e-70 
5.118269e-70 
5.118269e-70 
4.676934e-70 
4.676934e-70 
4.329024e-70 
4.329024e-70 
4.329024e-70 
4.329024e-70 
2.830118e-70 
2.830118e-70 
2.830118e-70 
2.830118e-70 
2.830118e-70 
2.830118e-70 
2.830118e-70 
2.830118e-70 
2.830118e-70 
2.830118e-70 
2.830118e-70 
2.830118e-70 
2.830118e-70 
2.659975e-70 
2.659975e-70 
2.659975e-70 
2.498991e-70 
2.498991e-70 
2.498991e-70 
2.498991e-70 
2.488601e-70 
2.488601e-70 
2.450071e-70 
2.450071e-70 
2.450071e-70 
2.450071e-70 
1.729280e-70 
1.729280e-70 
1.714988e-70 
1.714988e-70 
1.584671e-70 
1.546114e-70 
1.546114e-70 
1.390274e-70 
1.100504e-70 
1.100504e-70 
1.100504e-70 
7.250291e-71 
7.250291e-71 
7.250291e-71 
7.250291e-71 
7.250291e-71 
7.250291e-71 
5.297576e-71 
3.711204e-71 
3.711204e-71 
3.711204e-71 
3.711204e-71 
2.771230e-71 
2.771230e-71 
2.771230e-71 
2.643543e-71 
1.907198e-71 
1.907198e-71 
1.907198e-71 
1.537717e-71 
6.366520e-72 
5.872723e-72 
5.872723e-72 
5.872723e-72 
5.872723e-72 
5.684444e-72 
5.684444e-72 
5.684444e-72 
5.684444e-72 
5.684444e-72 
5.684444e-72 
3.070990e-72 
2.908270e-72 
2.908270e-72 
2.511491e-72 
2.116008e-72 
1.863328e-72 
8.842480e-73 
8.842480e-73 
8.226147e-73 
8.226147e-73 
8.226147e-73 
8.025240e-73 
8.025240e-73 
6.069007e-73 
6.069007e-73 
6.069007e-73 
6.069007e-73 
6.069007e-73 
6.069007e-73 
6.069007e-73 
6.069007e-73 
6.069007e-73 
2.861563e-73 
2.861563e-73 
2.861563e-73 
2.674869e-73 
2.674869e-73 
1.487133e-73 
1.175557e-73 
1.175557e-73 
1.175557e-73 
1.175557e-73 
9.018253e-74 
3.610740e-74 
3.610740e-74 
3.610740e-74 
2.897345e-74 
2.897345e-74 
2.897345e-74 
2.897345e-74 
2.897345e-74 
2.066147e-74 
2.066147e-74 
2.066147e-74 
1.418845e-74 
4.246640e-75 
4.246640e-75 
4.246640e-75 
4.246640e-75 
4.246640e-75 
4.246640e-75 
4.246640e-75 
4.246640e-75 
4.246640e-75 
4.246640e-75 
4.246640e-75 
4.246640e-75 
4.246640e-75 
4.246640e-75 
4.246640e-75 
4.246640e-75 
3.547941e-75 
2.555824e-75 
2.555824e-75 
2.555824e-75 
1.851147e-75 
1.725388e-75 
1.725388e-75 
1.725388e-75 
1.725388e-75 
1.517208e-75 
6.752878e-76 
5.451202e-76 
5.451202e-76 
5.451202e-76 
2.960248e-76 
2.960248e-76 
2.960248e-76 
2.748768e-76 
2.748768e-76 
2.333050e-76 
2.333050e-76 
2.333050e-76 
2.333050e-76 
2.333050e-76 
2.333050e-76 
1.930468e-76 
1.721367e-76 
1.721367e-76 
1.302203e-76 
8.558921e-77 
8.558921e-77 
8.558921e-77 
8.558921e-77 
8.558921e-77 
5.907071e-77 
3.526082e-77 
3.526082e-77 
2.815040e-77 
2.815040e-77 
2.815040e-77 
2.815040e-77 
2.815040e-77 
2.815040e-77 
1.816716e-77 
1.816716e-77 
1.816716e-77 
1.816716e-77 
1.816716e-77 
1.816716e-77 
1.816716e-77 
1.816716e-77 
1.198079e-77 
8.308815e-78 
5.635513e-78 
5.308187e-78 
5.308187e-78 
3.437638e-78 
2.291981e-78 
2.291981e-78 
2.291981e-78 
2.291981e-78 
2.048488e-78 
1.604846e-78 
1.604846e-78 
1.604846e-78 
1.604846e-78 
1.604846e-78 
1.279529e-78 
9.695037e-79 
9.695037e-79 
7.607036e-79 
7.607036e-79 
7.607036e-79 
7.324426e-79 
7.324426e-79 
7.001129e-79 
7.001129e-79 
4.770171e-79 
4.106905e-79 
4.106905e-79 
3.920804e-79 
3.920804e-79 
3.699273e-79 
3.699273e-79 
3.699273e-79 
2.814308e-79 
2.814308e-79 
2.814308e-79 
2.814308e-79 
2.076898e-79 
2.076898e-79 
2.076898e-79 
2.076898e-79 
1.966319e-79 
1.850591e-79 
1.817122e-79 
1.555082e-79 
1.503016e-79 
1.503016e-79 
1.029612e-79 
1.029612e-79 
7.310210e-80 
6.790216e-80 
2.746652e-80 
1.367563e-80 
1.367563e-80 
1.367563e-80 
1.367563e-80 
1.221430e-80 
8.453207e-81 
8.453207e-81 
5.907354e-81 
5.907354e-81 
5.907354e-81 
4.639576e-81 
3.972450e-81 
3.972450e-81 
3.972450e-81 
3.589738e-81 
2.604386e-81 
2.604386e-81 
2.485691e-81 
2.485691e-81 
2.433021e-81 
2.433021e-81 
2.433021e-81 
2.179801e-81 
1.085241e-81 
1.085241e-81 
1.085241e-81 
1.085241e-81 
1.085241e-81 
8.781814e-82 
8.781814e-82 
8.781814e-82 
8.781814e-82 
8.781814e-82 
6.160068e-82 
5.860812e-82 
5.860812e-82 
5.760154e-82 
5.760154e-82 
5.760154e-82 
5.760154e-82 
5.760154e-82 
4.861720e-82 
8.636287e-83 
8.636287e-83 
8.636287e-83 
8.636287e-83 
8.636287e-83 
8.636287e-83 
8.636287e-83 
8.636287e-83 
8.636287e-83 
8.636287e-83 
8.636287e-83 
2.232827e-83 
2.232827e-83 
2.232827e-83 
2.232827e-83 
2.232827e-83 
2.232827e-83 
2.232827e-83 
2.232827e-83 
2.232827e-83 
2.232827e-83 
1.908431e-83 
1.908431e-83 
7.182643e-84 
7.182643e-84 
7.182643e-84 
7.182643e-84 
7.182643e-84 
7.086665e-84 
7.086665e-84 
7.086665e-84 
7.086665e-84 
6.741045e-84 
6.741045e-84 
5.090313e-84 
5.090313e-84 
5.090313e-84 
5.090313e-84 
5.090313e-84 
4.920149e-84 
4.920149e-84 
4.920149e-84 
4.840180e-84 
4.840180e-84 
4.840180e-84 
4.755175e-84 
4.755175e-84 
3.429457e-84 
2.820957e-84 
2.820957e-84 
2.732036e-84 
2.044196e-84 
2.044196e-84 
1.903893e-84 
1.607942e-84 
1.409116e-84 
1.112451e-84 
1.054747e-84 
8.671150e-85 
3.844445e-85 
3.844445e-85 
2.902541e-85 
2.902541e-85 
1.979283e-85 
1.979283e-85 
1.602990e-85 
6.644616e-86 
6.644616e-86 
6.644616e-86 
5.082016e-86 
5.082016e-86 
5.082016e-86 
5.082016e-86 
5.082016e-86 
5.082016e-86 
5.082016e-86 
5.082016e-86 
5.082016e-86 
5.082016e-86 
5.082016e-86 
4.894478e-86 
4.894478e-86 
4.229829e-86 
4.229829e-86 
4.229829e-86 
2.955287e-86 
2.933851e-86 
2.597335e-86 
2.597335e-86 
2.560394e-86 
2.560394e-86 
2.548714e-86 
2.548714e-86 
2.536011e-86 
2.536011e-86 
2.536011e-86 
2.536011e-86 
1.195309e-86 
1.195309e-86 
1.195309e-86 
1.195309e-86 
1.086148e-86 
9.646828e-87 
9.646828e-87 
9.646828e-87 
9.324484e-87 
9.160926e-87 
9.135096e-87 
9.135096e-87 
7.541053e-87 
7.484317e-87 
7.484317e-87 
5.192859e-87 
5.192859e-87 
5.192859e-87 
3.925027e-87 
3.925027e-87 
3.925027e-87 
3.925027e-87 
3.925027e-87 
3.925027e-87 
3.703869e-87 
3.074805e-87 
2.929017e-87 
2.929017e-87 
2.392236e-87 
1.675249e-87 
1.428399e-87 
1.011659e-87 
1.011659e-87 
1.011659e-87 
9.520398e-88 
8.905469e-88 
8.702686e-88 
4.757084e-88 
4.757084e-88 
4.757084e-88 
4.757084e-88 
4.757084e-88 
3.179653e-88 
3.179653e-88 
3.179653e-88 
3.179653e-88 
3.179653e-88 
3.179653e-88 
3.179653e-88 
2.945384e-88 
2.787164e-88 
2.421067e-88 
2.421067e-88 
1.755246e-88 
1.755246e-88 
1.755246e-88 
1.755246e-88 
1.755246e-88 
1.755246e-88 
1.157354e-88 
8.537056e-89 
6.316049e-89 
6.316049e-89 
6.316049e-89 
6.316049e-89 
3.834245e-89 
3.680062e-89 
3.680062e-89 
2.854066e-89 
2.854066e-89 
2.854066e-89 
2.854066e-89 
2.854066e-89 
2.546164e-89 
2.546164e-89 
2.546164e-89 
2.144267e-89 
2.144267e-89 
1.969353e-89 
1.855547e-89 
1.523542e-89 
1.523542e-89 
1.322784e-89 
1.322784e-89 
1.322784e-89 
1.322784e-89 
9.015856e-90 
7.331301e-90 
6.150329e-90 
6.150329e-90 
5.481527e-90 
5.481527e-90 
4.662523e-90 
3.938705e-90 
3.938705e-90 
3.062302e-90 
2.804940e-90 
2.804940e-90 
2.804940e-90 
1.343690e-90 
1.343690e-90 
1.343690e-90 
1.343690e-90 
1.343690e-90 
1.167137e-90 
1.167137e-90 
1.167137e-90 
1.167137e-90 
1.167137e-90 
1.167137e-90 
7.093223e-91 
7.093223e-91 
7.093223e-91 
6.394894e-91 
3.966434e-91 
3.966434e-91 
3.966434e-91 
2.566883e-91 
2.566883e-91 
2.467743e-91 
2.204270e-91 
2.204270e-91 
1.497772e-91 
9.813496e-92 
9.813496e-92 
7.430994e-92 
7.430994e-92 
5.546622e-92 
5.546622e-92 
5.546622e-92 
4.458969e-92 
4.458969e-92 
4.192994e-92 
3.967917e-92 
3.967917e-92 
3.967917e-92 
3.967917e-92 
2.623508e-92 
2.623508e-92 
2.623508e-92 
2.623508e-92 
1.857595e-92 
1.857595e-92 
1.857595e-92 
1.857595e-92 
1.475602e-92 
1.452190e-92 
1.452190e-92 
1.452190e-92 
1.058977e-92 
9.888050e-93 
9.888050e-93 
8.514356e-93 
8.514356e-93 
8.514356e-93 
8.514356e-93 
4.400611e-93 
4.400611e-93 
4.400611e-93 
4.130435e-93 
4.130435e-93 
3.216967e-93 
3.216967e-93 
3.216967e-93 
2.904893e-93 
2.904893e-93 
2.752984e-93 
2.679473e-93 
1.489513e-93 
1.489513e-93 
1.489513e-93 
1.489513e-93 
1.286558e-93 
1.205249e-93 
1.204077e-93 
1.204077e-93 
1.204077e-93 
1.037683e-93 
9.976460e-94 
9.976460e-94 
9.162541e-94 
8.123056e-94 
6.763387e-94 
6.763387e-94 
6.763387e-94 
6.763387e-94 
6.526936e-94 
6.147131e-94 
3.848903e-94 
3.848903e-94 
3.714390e-94 
3.714390e-94 
3.714390e-94 
2.500275e-94 
2.500275e-94 
2.500275e-94 
2.500275e-94 
1.629119e-94 
1.629119e-94 
1.541470e-94 
1.541470e-94 
1.541470e-94 
1.396851e-94 
1.360596e-94 
1.360596e-94 
1.138266e-94 
1.066373e-94 
6.475505e-95 
6.475505e-95 
6.475505e-95 
6.475505e-95 
6.131539e-95 
3.906692e-95 
2.468041e-95 
1.896770e-95 
1.896770e-95 
1.896770e-95 
1.896770e-95 
1.583293e-95 
1.388626e-95 
1.328382e-95 
1.308745e-95 
1.301850e-95 
1.277220e-95 
1.254651e-95 
1.057186e-95 
8.740973e-96 
8.651133e-96 
8.651133e-96 
8.459591e-96 
8.308395e-96 
7.935243e-96 
7.773306e-96 
6.323043e-96 
4.642489e-96 
4.412642e-96 
3.917265e-96 
1.934562e-96 
1.934562e-96 
1.934562e-96 
1.423976e-96 
1.423976e-96 
1.423976e-96 
1.423976e-96 
1.423976e-96 
1.217262e-96 
1.217262e-96 
8.642485e-97 
6.802389e-97 
6.802389e-97 
6.802389e-97 
6.802389e-97 
5.865075e-97 
5.865075e-97 
5.865075e-97 
4.501923e-97 
3.965031e-97 
3.739534e-97 
3.739534e-97 
2.669656e-97 
2.669656e-97 
2.437947e-97 
2.437947e-97 
2.437947e-97 
1.780427e-97 
1.780427e-97 
1.779515e-97 
1.650262e-97 
1.650262e-97 
1.445457e-97 
1.394247e-97 
1.394247e-97 
9.393934e-98 
7.847959e-98 
7.847959e-98 
6.700625e-98 
6.700625e-98 
6.700625e-98 
6.361928e-98 
6.195415e-98 
4.561430e-98 
4.545853e-98 
4.545853e-98 
4.545853e-98 
3.281251e-98 
3.281251e-98 
3.281251e-98 
2.360129e-98 
2.114492e-98 
2.114492e-98 
1.773101e-98 
1.406566e-98 
1.406566e-98 
1.406566e-98 
6.001772e-99 
6.001772e-99 
6.001772e-99 
4.526838e-99 
4.526838e-99 
4.526838e-99 
4.526838e-99 
4.526838e-99 
4.526838e-99 
4.078404e-99 
3.962973e-99 
3.960763e-99 
3.545333e-99 
3.545333e-99 
3.173189e-99 
3.173189e-99 
3.173189e-99 
3.065676e-99 
2.643034e-99 
2.298232e-99 
2.298232e-99 
2.298232e-99 
2.298232e-99 
7.434112e-100 
7.434112e-100 
7.434112e-100 
7.434112e-100 
7.434112e-100 
4.337136e-100 
4.337136e-100 
4.337136e-100 
4.337136e-100 
3.819646e-100 
3.819646e-100 
3.819646e-100 
3.819646e-100 
3.740827e-100 
3.740827e-100 
3.740827e-100 
3.731529e-100 
3.731529e-100 
3.174857e-100 
3.067798e-100 
2.978265e-100 
2.978265e-100 
1.290534e-100 
1.290534e-100 
8.167265e-101 
5.961068e-101 
5.961068e-101 
5.961068e-101 
5.961068e-101 
5.961068e-101 
5.961068e-101 
5.109707e-101 
4.322969e-101 
3.987402e-101 
2.534163e-101 
2.534163e-101 
2.534163e-101 
2.534163e-101 
1.866309e-101 
8.747654e-102 
8.747654e-102 
8.747654e-102 
8.747654e-102 
6.722973e-102 
6.722973e-102 
6.722973e-102 
6.722973e-102 
6.722973e-102 
6.722973e-102 
6.722973e-102 
5.555537e-102 
5.555537e-102 
5.239752e-102 
5.239752e-102 
5.239752e-102 
4.837662e-102 
3.243132e-102 
2.431613e-102 
2.431613e-102 
2.431613e-102 
1.392132e-102 
1.392132e-102 
1.392132e-102 
9.368308e-103 
3.675398e-103 
3.416297e-103 
3.287898e-103 
3.287898e-103 
3.287898e-103 
3.287898e-103 
3.287898e-103 
3.287898e-103 
3.287898e-103 
3.287898e-103 
3.287898e-103 
1.636299e-103 
1.147997e-103 
1.147997e-103 
1.147997e-103 
1.147997e-103 
7.691545e-104 
7.691545e-104 
6.536065e-104 
6.536065e-104 
6.536065e-104 
6.536065e-104 
6.349487e-104 
6.349487e-104 
6.349487e-104 
6.349487e-104 
6.349487e-104 
5.500056e-104 
3.799425e-104 
3.799425e-104 
3.799425e-104 
1.574039e-104 
1.574039e-104 
1.574039e-104 
1.574039e-104 
1.574039e-104 
1.574039e-104 
1.117564e-104 
1.117564e-104 
8.680575e-105 
6.897398e-105 
5.840875e-105 
2.760148e-105 
2.760148e-105 
2.760148e-105 
2.760148e-105 
2.165174e-105 
2.165174e-105 
2.165174e-105 
1.372267e-105 
1.372267e-105 
1.372267e-105 
1.334665e-105 
1.215580e-105 
1.095829e-105 
1.095829e-105 
1.095829e-105 
1.095829e-105 
1.095829e-105 
1.095829e-105 
5.833294e-106 
3.981853e-106 
3.981853e-106 
2.291089e-106 
2.288734e-106 
2.288734e-106 
2.288734e-106 
2.043585e-106 
2.043585e-106 
2.043585e-106 
2.043585e-106 
2.043585e-106 
2.043585e-106 
1.954748e-106 
1.621592e-106 
1.419615e-106 
9.719957e-107 
9.719957e-107 
9.719957e-107 
9.719957e-107 
9.719957e-107 
9.366205e-107 
6.150653e-107 
5.858975e-107 
4.720775e-107 
4.720775e-107 
4.143798e-107 
3.473995e-107 
3.473995e-107 
3.473995e-107 
3.428967e-107 
3.428967e-107 
3.382137e-107 
3.382137e-107 
2.411624e-107 
2.346862e-107 
2.346862e-107 
1.959046e-107 
1.692088e-107 
1.692088e-107 
1.692088e-107 
1.669513e-107 
6.945663e-108 
6.945663e-108 
6.945663e-108 
5.771311e-108 
3.642594e-108 
3.642594e-108 
3.421107e-108 
3.421107e-108 
2.340197e-108 
1.969491e-108 
1.565267e-108 
9.438796e-109 
7.377444e-109 
7.377444e-109 
7.377444e-109 
7.377444e-109 
7.377444e-109 
7.235159e-109 
7.235159e-109 
7.109686e-109 
4.677289e-109 
4.677289e-109 
4.677289e-109 
3.938677e-109 
3.938677e-109 
3.938677e-109 
3.286074e-109 
3.286074e-109 
3.286074e-109 
3.222186e-109 
3.222186e-109 
2.411671e-109 
2.411671e-109 
2.411671e-109 
1.239180e-109 
1.239180e-109 
1.239180e-109 
1.239180e-109 
1.025818e-109 
6.059199e-110 
6.059199e-110 
6.059199e-110 
6.059199e-110 
6.059199e-110 
5.199662e-110 
3.981041e-110 
3.981041e-110 
3.981041e-110 
3.981041e-110 
3.981041e-110 
3.210034e-110 
3.210034e-110 
2.936214e-110 
2.936214e-110 
2.847409e-110 
2.847409e-110 
2.782813e-110 
2.321271e-110 
1.743715e-110 
1.654302e-110 
1.654302e-110 
1.654302e-110 
1.654302e-110 
1.654302e-110 
1.188911e-110 
1.136449e-110 
1.136449e-110 
9.455161e-111 
8.852242e-111 
8.852242e-111 
8.481410e-111 
8.425213e-111 
7.661522e-111 
7.661522e-111 
4.160093e-111 
4.160093e-111 
4.160093e-111 
4.160093e-111 
4.160093e-111 
3.272411e-111 
3.272411e-111 
3.151069e-111 
3.151069e-111 
3.151069e-111 
2.838676e-111 
2.800582e-111 
2.269853e-111 
2.269853e-111 
2.269853e-111 
2.269853e-111 
2.269853e-111 
2.269853e-111 
1.712363e-111 
1.413748e-111 
7.463878e-112 
7.463878e-112 
7.463878e-112 
7.463878e-112 
7.463878e-112 
7.229170e-112 
7.006454e-112 
7.006454e-112 
6.525828e-112 
3.525519e-112 
3.285164e-112 
3.285164e-112 
3.213733e-112 
2.145078e-112 
1.739525e-112 
1.546482e-112 
1.096433e-112 
1.040084e-112 
9.901152e-113 
9.901152e-113 
7.427212e-113 
7.427212e-113 
6.777913e-113 
6.777913e-113 
6.777913e-113 
5.124529e-113 
3.999636e-113 
3.999636e-113 
3.585493e-113 
3.585493e-113 
3.585493e-113 
3.585493e-113 
3.383534e-113 
2.999755e-113 
2.999755e-113 
2.885371e-113 
2.474640e-113 
2.474640e-113 
2.474640e-113 
2.474640e-113 
2.306222e-113 
1.368698e-113 
1.368698e-113 
1.368698e-113 
1.368698e-113 
1.368698e-113 
1.368698e-113 
1.358060e-113 
1.358060e-113 
1.358060e-113 
8.326644e-114 
7.307753e-114 
7.307753e-114 
7.307753e-114 
7.307753e-114 
6.604439e-114 
3.652283e-114 
3.652283e-114 
2.721150e-114 
2.721150e-114 
2.721150e-114 
2.268398e-114 
2.268398e-114 
2.164306e-114 
2.164306e-114 
2.164306e-114 
9.351843e-115 
8.126411e-115 
8.126411e-115 
8.126411e-115 
8.126411e-115 
8.035318e-115 
8.035318e-115 
5.750047e-115 
5.750047e-115 
5.722193e-115 
5.722193e-115 
4.588086e-115 
4.588086e-115 
4.588086e-115 
3.944658e-115 
3.944658e-115 
2.894651e-115 
2.894651e-115 
2.222156e-115 
2.222156e-115 
2.222156e-115 
2.222156e-115 
2.222156e-115 
1.245043e-115 
4.827789e-116 
4.827789e-116 
4.827789e-116 
4.827789e-116 
3.426513e-116 
3.426513e-116 
3.426513e-116 
3.426513e-116 
3.426513e-116 
3.426513e-116 
2.499792e-116 
1.269451e-116 
1.269451e-116 
6.184425e-117 
6.184425e-117 
6.184425e-117 
6.184425e-117 
6.184425e-117 
6.184425e-117 
5.829690e-117 
5.829690e-117 
5.586280e-117 
5.586280e-117 
4.109338e-117 
4.109338e-117 
3.983183e-117 
3.983183e-117 
3.983183e-117 
3.983183e-117 
3.983183e-117 
3.569706e-117 
3.569706e-117 
3.569706e-117 
3.516638e-117 
3.516638e-117 
3.516638e-117 
3.446757e-117 
3.446757e-117 
3.446757e-117 
3.419988e-117 
2.927483e-117 
2.564737e-117 
2.428363e-117 
1.399275e-117 
1.032549e-117 
8.814033e-118 
8.814033e-118 
8.701344e-118 
7.674798e-118 
6.817524e-118 
6.002979e-118 
3.407098e-118 
3.407098e-118 
3.407098e-118 
3.407098e-118 
3.407098e-118 
3.407098e-118 
1.208475e-118 
1.208475e-118 
1.208475e-118 
1.208475e-118 
5.519669e-119 
5.519669e-119 
5.519669e-119 
3.861120e-119 
2.902573e-119 
2.738643e-119 
2.738643e-119 
2.022845e-119 
2.022845e-119 
2.022845e-119 
2.022845e-119 
2.022845e-119 
2.022845e-119 
2.022845e-119 
2.022845e-119 
2.022845e-119 
2.022845e-119 
2.022845e-119 
2.005930e-119 
2.005930e-119 
1.742767e-119 
1.742767e-119 
1.541977e-119 
1.541977e-119 
1.541977e-119 
1.541977e-119 
1.541977e-119 
1.452824e-119 
1.386542e-119 
1.246533e-119 
1.246533e-119 
1.008855e-119 
9.336700e-120 
9.336700e-120 
7.312922e-120 
7.312922e-120 
7.312922e-120 
7.312922e-120 
6.945195e-120 
6.945195e-120 
6.706506e-120 
4.234360e-120 
4.218262e-120 
4.218262e-120 
3.240436e-120 
3.240436e-120 
2.330836e-120 
2.330836e-120 
2.330836e-120 
2.330836e-120 
2.330836e-120 
2.330836e-120 
2.330836e-120 
2.109738e-120 
1.911010e-120 
1.904488e-120 
1.904488e-120 
1.889782e-120 
1.679598e-120 
1.481686e-120 
1.269132e-120 
1.269132e-120 
1.209274e-120 
1.209274e-120 
1.104796e-120 
8.927305e-121 
6.487767e-121 
6.487767e-121 
6.487767e-121 
5.390800e-121 
5.390800e-121 
5.390800e-121 
3.608447e-121 
3.608447e-121 
2.368772e-121 
2.368772e-121 
2.368772e-121 
1.980701e-121 
1.802320e-121 
1.499204e-121 
1.467041e-121 
1.467041e-121 
1.141791e-121 
5.938768e-122 
5.938768e-122 
5.938768e-122 
5.938768e-122 
5.938768e-122 
5.450467e-122 
5.450467e-122 
5.450467e-122 
3.573273e-122 
3.573273e-122 
3.573273e-122 
2.349740e-122 
1.687383e-122 
1.687383e-122 
1.687383e-122 
1.454303e-122 
1.369846e-122 
1.348903e-122 
1.348903e-122 
1.348903e-122 
1.177955e-122 
1.053717e-122 
1.029309e-122 
8.191815e-123 
8.082094e-123 
4.631095e-123 
2.546188e-123 
2.546188e-123 
2.479188e-123 
2.135643e-123 
1.018633e-123 
1.018633e-123 
7.909645e-124 
7.909645e-124 
7.909645e-124 
5.445693e-124 
5.445693e-124 
5.445693e-124 
4.086565e-124 
4.086565e-124 
4.086565e-124 
2.620778e-124 
2.620778e-124 
2.620778e-124 
2.620778e-124 
2.620778e-124 
2.620778e-124 
2.289905e-124 
1.803373e-124 
1.285597e-124 
1.285597e-124 
1.285597e-124 
1.285597e-124 
1.285597e-124 
8.753947e-125 
8.753947e-125 
8.648342e-125 
8.648342e-125 
8.648342e-125 
8.648342e-125 
7.867143e-125 
7.867143e-125 
7.867143e-125 
7.867143e-125 
4.957308e-125 
3.133925e-125 
3.133925e-125 
2.457006e-125 
2.457006e-125 
2.361711e-125 
1.556397e-125 
1.556397e-125 
1.556397e-125 
1.556397e-125 
1.556397e-125 
1.556397e-125 
8.291088e-126 
7.626930e-126 
7.626930e-126 
7.626930e-126 
4.750499e-126 
4.750499e-126 
4.750499e-126 
4.750499e-126 
4.428060e-126 
3.568845e-126 
3.085082e-126 
3.085082e-126 
3.085082e-126 
3.085082e-126 
3.070328e-126 
1.698880e-126 
1.698880e-126 
1.698880e-126 
1.444216e-126 
1.406228e-126 
1.406228e-126 
1.406228e-126 
1.005442e-126 
3.577210e-127 
3.577210e-127 
3.577210e-127 
3.577210e-127 
3.111597e-127 
2.130285e-127 
2.130285e-127 
2.130285e-127 
2.130285e-127 
1.466523e-127 
1.466523e-127 
1.466523e-127 
1.131420e-127 
1.131420e-127 
1.131420e-127 
7.249254e-128 
7.249254e-128 
7.249254e-128 
7.249254e-128 
7.249254e-128 
6.826166e-128 
6.826166e-128 
6.826166e-128 
6.826166e-128 
2.983466e-128 
2.983466e-128 
2.983466e-128 
2.983466e-128 
2.983466e-128 
2.983466e-128 
1.785820e-128 
1.785820e-128 
1.785820e-128 
1.054687e-128 
1.054687e-128 
1.054687e-128 
1.054687e-128 
1.025281e-128 
8.060852e-129 
8.060852e-129 
7.928014e-129 
4.114382e-129 
3.802759e-129 
3.802759e-129 
3.802759e-129 
3.231248e-129 
3.231248e-129 
2.771159e-129 
1.262153e-129 
1.262153e-129 
1.262153e-129 
9.634039e-130 
9.634039e-130 
7.245149e-130 
6.452542e-130 
4.761791e-130 
4.761791e-130 
3.573076e-130 
3.573076e-130 
3.496587e-130 
3.064278e-130 
1.725109e-130 
1.725109e-130 
1.725109e-130 
1.446429e-130 
1.171198e-130 
7.607096e-131 
7.607096e-131 
5.875450e-131 
4.580807e-131 
4.580807e-131 
4.580807e-131 
4.580807e-131 
3.242087e-131 
9.601415e-132 
9.201815e-132 
9.201815e-132 
9.201815e-132 
9.201815e-132 
9.201815e-132 
9.201815e-132 
6.668073e-132 
6.668073e-132 
6.668073e-132 
6.560157e-132 
6.560157e-132 
3.481810e-132 
3.481810e-132 
3.481810e-132 
2.551936e-132 
2.551936e-132 
2.546402e-132 
2.523585e-132 
2.436489e-132 
2.278198e-132 
1.936946e-132 
1.821337e-132 
1.332122e-132 
1.332122e-132 
1.332122e-132 
1.332122e-132 
8.470991e-133 
8.470991e-133 
8.470991e-133 
8.470991e-133 
8.470991e-133 
7.445150e-133 
7.445150e-133 
7.445150e-133 
7.445150e-133 
7.445150e-133 
7.445150e-133 
5.175541e-133 
5.175541e-133 
5.045426e-133 
5.045426e-133 
5.045426e-133 
4.496947e-133 
4.496947e-133 
3.943101e-133 
3.235001e-133 
3.188357e-133 
2.902462e-133 
1.980248e-133 
1.661494e-133 
9.208560e-134 
5.573195e-134 
5.573195e-134 
5.573195e-134 
5.573195e-134 
5.573195e-134 
4.719941e-134 
4.719941e-134 
4.422475e-134 
3.465671e-134 
3.465671e-134 
3.158264e-134 
3.158264e-134 
2.417801e-134 
2.077338e-134 
2.077338e-134 
1.950884e-134 
1.950884e-134 
1.553346e-134 
1.553346e-134 
1.292242e-134 
1.075605e-134 
5.522189e-135 
5.522189e-135 
4.879526e-135 
4.345534e-135 
4.345534e-135 
3.973530e-135 
2.772134e-135 
2.772134e-135 
2.772134e-135 
1.950172e-135 
1.950172e-135 
1.950172e-135 
1.950172e-135 
1.934025e-135 
1.801492e-135 
1.801492e-135 
1.801492e-135 
1.801492e-135 
1.088867e-135 
7.188857e-136 
7.188857e-136 
7.188857e-136 
4.121118e-136 
2.582329e-136 
2.582329e-136 
2.582329e-136 
2.582329e-136 
2.389127e-136 
1.481625e-136 
1.149748e-136 
9.762348e-137 
9.762348e-137 
7.703648e-137 
5.268661e-137 
4.634516e-137 
3.702224e-137 
3.702224e-137 
1.842137e-137 
1.842137e-137 
1.842137e-137 
1.842137e-137 
1.744129e-137 
1.744129e-137 
1.297432e-137 
9.926241e-138 
9.926241e-138 
9.479628e-138 
7.261686e-138 
6.840037e-138 
4.559952e-138 
3.781345e-138 
3.781345e-138 
3.781345e-138 
3.781345e-138 
3.065349e-138 
3.053403e-138 
2.301661e-138 
1.497319e-138 
1.497319e-138 
1.497319e-138 
9.136462e-139 
9.136462e-139 
9.136462e-139 
4.477650e-139 
4.477650e-139 
4.477650e-139 
4.477650e-139 
4.477650e-139 
4.477650e-139 
4.477650e-139 
3.321059e-139 
3.321059e-139 
3.321059e-139 
2.291806e-139 
2.291806e-139 
2.184761e-139 
2.184761e-139 
1.831892e-139 
1.831892e-139 
1.048859e-139 
1.048859e-139 
1.048859e-139 
1.048859e-139 
9.918598e-140 
5.569609e-140 
5.569609e-140 
5.569609e-140 
5.569609e-140 
4.050286e-140 
4.050286e-140 
4.050286e-140 
3.643673e-140 
3.491523e-140 
2.865166e-140 
2.688698e-140 
2.397037e-140 
1.495547e-140 
1.495547e-140 
1.253228e-140 
1.253228e-140 
1.253228e-140 
9.298096e-141 
9.298096e-141 
6.924375e-141 
6.924375e-141 
3.580166e-141 
3.192909e-141 
3.192909e-141 
2.341608e-141 
2.341608e-141 
1.269789e-141 
1.269789e-141 
1.269789e-141 
1.269789e-141 
1.020713e-141 
1.020713e-141 
9.442261e-142 
9.442261e-142 
3.881249e-142 
3.881249e-142 
3.881249e-142 
3.700084e-142 
2.304829e-142 
2.262850e-142 
2.262850e-142 
1.685446e-142 
1.384974e-142 
1.384974e-142 
1.022335e-142 
1.022335e-142 
1.022335e-142 
7.905356e-143 
7.905356e-143 
7.822250e-143 
7.822250e-143 
6.110302e-143 
5.932912e-143 
5.932912e-143 
5.194724e-143 
3.881275e-143 
3.881275e-143 
3.881275e-143 
3.346595e-143 
3.003938e-143 
3.003938e-143 
1.457078e-143 
1.260631e-143 
1.260631e-143 
6.442998e-144 
6.442998e-144 
6.442998e-144 
6.442998e-144 
2.226417e-144 
2.226417e-144 
2.226417e-144 
2.226417e-144 
1.907355e-144 
1.907355e-144 
1.761522e-144 
1.423232e-144 
9.920735e-145 
6.736168e-145 
6.736168e-145 
6.736168e-145 
5.596878e-145 
3.962486e-145 
3.338436e-145 
3.223179e-145 
2.653722e-145 
1.838571e-145 
1.838571e-145 
8.237828e-146 
8.237828e-146 
8.237828e-146 
8.237828e-146 
8.237828e-146 
6.728939e-146 
6.728939e-146 
6.728939e-146 
4.442064e-146 
4.442064e-146 
4.442064e-146 
4.442064e-146 
4.442064e-146 
4.064516e-146 
4.064516e-146 
4.064516e-146 
4.064516e-146 
3.881600e-146 
3.881600e-146 
2.936912e-146 
2.219824e-146 
1.787154e-146 
1.787154e-146 
1.294091e-146 
1.294091e-146 
1.294091e-146 
1.052291e-146 
8.617128e-147 
3.550083e-147 
3.550083e-147 
3.550083e-147 
3.550083e-147 
3.550083e-147 
3.361645e-147 
2.976115e-147 
2.142705e-147 
2.142705e-147 
2.142705e-147 
1.342600e-147 
1.172054e-147 
6.847937e-148 
6.847937e-148 
4.622045e-148 
4.622045e-148 
4.622045e-148 
4.219426e-148 
3.876512e-148 
3.193121e-148 
3.193121e-148 
3.193121e-148 
1.208446e-148 
1.208446e-148 
1.208446e-148 
1.208446e-148 
7.182947e-149 
7.182947e-149 
7.182947e-149 
5.626004e-149 
3.584156e-149 
3.584156e-149 
2.617825e-149 
2.617825e-149 
2.617825e-149 
2.089116e-149 
1.836442e-149 
1.805619e-149 
1.805619e-149 
1.805619e-149 
1.393689e-149 
1.393689e-149 
1.165143e-149 
8.786925e-150 
7.894271e-150 
7.176402e-150 
6.173284e-150 
6.173284e-150 
6.173284e-150 
5.631429e-150 
4.279156e-150 
3.723746e-150 
3.262871e-150 
2.351721e-150 
2.168961e-150 
2.168961e-150 
2.168961e-150 
2.168961e-150 
1.917996e-150 
1.917996e-150 
1.640662e-150 
1.640662e-150 
1.392403e-150 
1.341280e-150 
1.231854e-150 
6.200389e-151 
6.200389e-151 
4.576795e-151 
4.576795e-151 
4.576795e-151 
4.576795e-151 
4.576795e-151 
4.186168e-151 
3.936777e-151 
3.122840e-151 
2.865730e-151 
2.813511e-151 
2.223133e-151 
1.457611e-151 
1.219145e-151 
1.219145e-151 
1.042397e-151 
9.647356e-152 
7.732980e-152 
6.124527e-152 
6.124527e-152 
5.610948e-152 
5.610948e-152 
2.840106e-152 
2.840106e-152 
2.463739e-152 
2.463739e-152 
2.463739e-152 
2.463739e-152 
2.463739e-152 
2.463739e-152 
2.261219e-152 
1.369448e-152 
1.327544e-152 
1.327544e-152 
9.580756e-153 
8.465112e-153 
8.391544e-153 
8.391544e-153 
8.176645e-153 
8.055990e-153 
8.034937e-153 
7.098346e-153 
4.755793e-153 
1.972207e-153 
1.972207e-153 
1.972207e-153 
1.569012e-153 
1.411165e-153 
1.411165e-153 
1.035661e-153 
1.035661e-153 
1.035661e-153 
1.035661e-153 
9.215457e-154 
9.215457e-154 
7.342829e-154 
6.729159e-154 
4.637257e-154 
3.021773e-154 
1.520553e-154 
1.420527e-154 
1.420527e-154 
1.420527e-154 
1.185268e-154 
1.185268e-154 
1.185268e-154 
1.093822e-154 
9.199406e-155 
9.199406e-155 
8.358181e-155 
8.358181e-155 
6.941111e-155 
6.941111e-155 
6.802600e-155 
4.007965e-155 
4.007965e-155 
4.007965e-155 
3.422048e-155 
3.422048e-155 
3.422048e-155 
2.911465e-155 
2.414335e-155 
2.414335e-155 
2.414335e-155 
2.007157e-155 
2.007157e-155 
2.007157e-155 
2.007157e-155 
1.733115e-155 
1.345326e-155 
1.279002e-155 
1.240094e-155 
1.113658e-155 
1.113658e-155 
1.113658e-155 
9.044644e-156 
6.354577e-156 
6.354577e-156 
5.844221e-156 
5.844221e-156 
4.632284e-156 
4.632284e-156 
4.075503e-156 
1.617954e-156 
1.161267e-156 
1.161267e-156 
1.037861e-156 
1.037861e-156 
7.690455e-157 
7.690455e-157 
7.089599e-157 
4.741641e-157 
4.741641e-157 
3.915798e-157 
3.915798e-157 
3.915798e-157 
2.486945e-157 
2.486945e-157 
2.486945e-157 
2.341214e-157 
2.225138e-157 
2.144938e-157 
2.144938e-157 
1.410172e-157 
1.076521e-157 
1.076521e-157 
1.076521e-157 
6.591673e-158 
3.881846e-158 
3.881846e-158 
3.550030e-158 
1.025389e-158 
1.025389e-158 
1.025389e-158 
1.025389e-158 
8.145376e-159 
8.145376e-159 
8.145376e-159 
6.915328e-159 
6.223955e-159 
6.223955e-159 
4.409229e-159 
2.280262e-159 
2.280262e-159 
2.280262e-159 
2.280262e-159 
1.731823e-159 
1.731823e-159 
1.349882e-159 
1.226278e-159 
1.226278e-159 
1.224580e-159 
1.224580e-159 
1.158528e-159 
7.741179e-160 
5.414101e-160 
5.210153e-160 
4.868151e-160 
2.936511e-160 
2.936511e-160 
2.113539e-160 
1.719533e-160 
1.158004e-160 
1.158004e-160 
1.158004e-160 
1.158004e-160 
1.158004e-160 
1.068268e-160 
8.935555e-161 
8.935555e-161 
7.211054e-161 
3.183562e-161 
3.183562e-161 
3.183562e-161 
2.361519e-161 
1.749828e-161 
1.749828e-161 
1.556571e-161 
1.415560e-161 
8.335369e-162 
6.483515e-162 
6.483515e-162 
6.483515e-162 
5.020097e-162 
5.020097e-162 
4.879163e-162 
4.879163e-162 
4.204957e-162 
3.556149e-162 
3.105899e-162 
3.105899e-162 
2.814410e-162 
2.814410e-162 
2.814410e-162 
2.425656e-162 
2.425656e-162 
1.809081e-162 
1.656161e-162 
1.481362e-162 
1.481362e-162 
1.477088e-162 
1.477088e-162 
1.477088e-162 
1.234601e-162 
8.898066e-163 
8.637893e-163 
5.705386e-163 
5.316421e-163 
5.316421e-163 
3.568528e-163 
3.069628e-163 
2.160030e-163 
2.160030e-163 
1.760441e-163 
1.358528e-163 
1.088227e-163 
1.088227e-163 
1.088227e-163 
1.062879e-163 
9.584297e-164 
9.584297e-164 
9.584297e-164 
6.243756e-164 
4.945617e-164 
4.945617e-164 
3.576073e-164 
3.257882e-164 
3.257882e-164 
3.155720e-164 
3.155720e-164 
2.831080e-164 
2.430698e-164 
1.644457e-164 
1.644457e-164 
1.644457e-164 
1.254502e-164 
7.744263e-165 
7.744263e-165 
7.744263e-165 
7.744263e-165 
7.744263e-165 
6.596136e-165 
6.596136e-165 
6.596136e-165 
6.596136e-165 
6.596136e-165 
5.970568e-165 
4.815124e-165 
4.815124e-165 
4.815124e-165 
3.950718e-165 
3.860348e-165 
2.306693e-165 
2.306693e-165 
2.306693e-165 
2.271983e-165 
2.271983e-165 
1.241955e-165 
1.226373e-165 
1.226373e-165 
1.226373e-165 
1.226373e-165 
9.707737e-166 
8.096536e-166 
8.096536e-166 
8.096536e-166 
6.090222e-166 
5.823262e-166 
3.376367e-166 
3.376367e-166 
3.376367e-166 
3.376367e-166 
3.376367e-166 
3.376367e-166 
3.275292e-166 
3.275292e-166 
2.497426e-166 
2.497426e-166 
1.800621e-166 
1.800621e-166 
1.533022e-166 
1.533022e-166 
1.533022e-166 
9.422362e-167 
9.422362e-167 
9.422362e-167 
9.290867e-167 
9.290867e-167 
5.908500e-167 
5.908500e-167 
5.908500e-167 
5.722514e-167 
3.220114e-167 
3.220114e-167 
3.220114e-167 
2.481415e-167 
2.481415e-167 
2.481415e-167 
1.601099e-167 
1.202883e-167 
1.202883e-167 
1.038646e-167 
1.038646e-167 
8.191275e-168 
8.191275e-168 
8.079922e-168 
8.079922e-168 
8.079922e-168 
7.141373e-168 
6.317838e-168 
6.317838e-168 
6.279752e-168 
5.753372e-168 
5.627675e-168 
4.587084e-168 
4.587084e-168 
3.118063e-168 
3.118063e-168 
3.118063e-168 
3.118063e-168 
2.333080e-168 
2.333080e-168 
1.807720e-168 
1.705308e-168 
1.705308e-168 
1.513272e-168 
1.513272e-168 
1.513272e-168 
1.513272e-168 
1.513272e-168 
1.513272e-168 
1.312428e-168 
1.039075e-168 
8.024831e-169 
4.738863e-169 
4.738863e-169 
4.738863e-169 
3.818215e-169 
2.769993e-169 
2.217263e-169 
2.092505e-169 
2.092505e-169 
1.402795e-169 
1.297533e-169 
8.430317e-170 
7.408920e-170 
7.408920e-170 
7.078108e-170 
7.078108e-170 
6.197411e-170 
3.465592e-170 
3.465592e-170 
3.287658e-170 
2.836224e-170 
2.621601e-170 
1.339564e-170 
1.303563e-170 
1.282052e-170 
6.845733e-171 
6.845733e-171 
6.285135e-171 
6.285135e-171 
5.765286e-171 
5.078225e-171 
5.078225e-171 
4.466072e-171 
4.466072e-171 
4.466072e-171 
3.666679e-171 
3.666679e-171 
3.666679e-171 
2.325187e-171 
2.325187e-171 
1.329769e-171 
1.265662e-171 
1.265662e-171 
1.013469e-171 
4.863954e-172 
4.863954e-172 
4.335082e-172 
4.335082e-172 
3.203042e-172 
2.983062e-172 
2.983062e-172 
2.434422e-172 
2.124668e-172 
1.157230e-172 
1.157230e-172 
1.128948e-172 
1.128948e-172 
1.128948e-172 
1.128948e-172 
1.128948e-172 
8.361436e-173 
6.655178e-173 
6.655178e-173 
5.931182e-173 
5.415886e-173 
5.144161e-173 
4.165910e-173 
4.165910e-173 
3.267137e-173 
3.267137e-173 
3.267137e-173 
2.767010e-173 
1.446241e-173 
1.231660e-173 
7.734839e-174 
7.734839e-174 
6.791182e-174 
6.791182e-174 
4.215006e-174 
4.215006e-174 
4.092703e-174 
4.092703e-174 
3.753123e-174 
3.753123e-174 
3.753123e-174 
3.753123e-174 
3.562455e-174 
3.562455e-174 
2.164786e-174 
1.837850e-174 
1.837850e-174 
1.595982e-174 
1.595982e-174 
1.595982e-174 
1.595982e-174 
1.077522e-174 
1.077522e-174 
1.077522e-174 
6.279647e-175 
5.405246e-175 
5.405246e-175 
5.405246e-175 
5.405246e-175 
5.405246e-175 
2.461815e-175 
2.461815e-175 
2.461815e-175 
2.461815e-175 
1.699210e-175 
1.699210e-175 
1.699210e-175 
1.295312e-175 
1.295312e-175 
1.042828e-175 
1.042828e-175 
1.034151e-175 
8.078598e-176 
7.855686e-176 
7.855686e-176 
5.133422e-176 
5.133422e-176 
5.069320e-176 
3.858481e-176 
3.380381e-176 
2.026196e-176 
2.026196e-176 
9.655233e-177 
9.655233e-177 
2.400578e-177 
2.400578e-177 
2.400578e-177 
2.400578e-177 
2.400578e-177 
2.400578e-177 
2.400578e-177 
1.547639e-177 
1.547639e-177 
8.841199e-178 
8.841199e-178 
8.841199e-178 
8.841199e-178 
6.979650e-178 
6.979650e-178 
5.006517e-178 
5.006517e-178 
5.006517e-178 
4.784050e-178 
4.553674e-178 
4.553674e-178 
4.553674e-178 
4.553674e-178 
4.263092e-178 
1.656383e-178 
1.168400e-178 
1.168400e-178 
6.497076e-179 
6.497076e-179 
6.497076e-179 
6.497076e-179 
6.266265e-179 
6.266265e-179 
4.985688e-179 
4.416775e-179 
3.837917e-179 
3.837917e-179 
3.837917e-179 
3.304275e-179 
2.507033e-179 
2.441122e-179 
2.412284e-179 
2.111563e-179 
2.066973e-179 
1.882421e-179 
1.882421e-179 
1.882421e-179 
1.799555e-179 
1.799555e-179 
1.727184e-179 
1.727184e-179 
1.556440e-179 
1.556440e-179 
1.226025e-179 
1.178294e-179 
1.178294e-179 
6.435354e-180 
6.435354e-180 
6.435354e-180 
3.690453e-180 
3.690453e-180 
3.690453e-180 
2.723248e-180 
2.723248e-180 
2.378233e-180 
1.841898e-180 
1.841898e-180 
1.841898e-180 
1.841898e-180 
1.693238e-180 
1.693238e-180 
1.383215e-180 
1.232701e-180 
1.166091e-180 
1.113386e-180 
8.230594e-181 
8.141155e-181 
7.365447e-181 
5.693589e-181 
5.693589e-181 
4.688827e-181 
3.216511e-181 
3.216511e-181 
1.690651e-181 
1.690651e-181 
1.690651e-181 
1.441992e-181 
1.441992e-181 
1.441992e-181 
1.441992e-181 
5.127844e-182 
5.127844e-182 
4.726989e-182 
4.726989e-182 
3.277613e-182 
2.909400e-182 
2.666612e-182 
2.553959e-182 
2.344117e-182 
1.413195e-182 
1.413195e-182 
9.981573e-183 
9.142205e-183 
9.066600e-183 
6.114412e-183 
6.114412e-183 
4.952173e-183 
4.947167e-183 
4.947167e-183 
4.499171e-183 
4.499171e-183 
2.633236e-183 
2.177939e-183 
2.177939e-183 
1.885889e-183 
1.631492e-183 
1.628092e-183 
1.359226e-183 
1.243914e-183 
1.243914e-183 
1.243914e-183 
1.141291e-183 
9.655133e-184 
8.588846e-184 
7.546775e-184 
6.796200e-184 
5.744071e-184 
4.168345e-184 
2.906380e-184 
2.186874e-184 
1.906638e-184 
1.486067e-184 
1.486067e-184 
7.951413e-185 
7.951413e-185 
7.590482e-185 
7.227135e-185 
4.480346e-185 
4.480346e-185 
4.229333e-185 
3.815941e-185 
3.162886e-185 
1.917505e-185 
1.807451e-185 
1.807451e-185 
1.807451e-185 
1.380357e-185 
6.300896e-186 
6.300896e-186 
6.300896e-186 
4.658486e-186 
3.786831e-186 
3.149681e-186 
2.380042e-186 
1.931859e-186 
1.931859e-186 
1.931859e-186 
1.618505e-186 
1.284371e-186 
1.172348e-186 
8.007965e-187 
6.364280e-187 
6.364280e-187 
4.695735e-187 
4.695735e-187 
4.695735e-187 
4.615113e-187 
4.615113e-187 
3.851913e-187 
3.851913e-187 
3.556266e-187 
3.493086e-187 
3.493086e-187 
2.415607e-187 
2.415607e-187 
2.179524e-187 
1.684055e-187 
1.684055e-187 
1.652551e-187 
1.432482e-187 
6.809706e-188 
6.809706e-188 
4.563855e-188 
4.563855e-188 
4.063433e-188 
2.918616e-188 
2.918616e-188 
2.918616e-188 
2.918616e-188 
2.416535e-188 
1.520979e-188 
1.203724e-188 
6.565803e-189 
5.416350e-189 
5.162458e-189 
3.119994e-189 
3.119994e-189 
2.867673e-189 
1.970977e-189 
1.970977e-189 
1.566996e-189 
1.490583e-189 
1.490583e-189 
1.490583e-189 
8.781164e-190 
8.781164e-190 
1.323751e-190 
1.323751e-190 
1.323751e-190 
1.323751e-190 
1.323751e-190 
1.121572e-190 
8.888027e-191 
8.888027e-191 
8.888027e-191 
8.888027e-191 
7.613201e-191 
7.613201e-191 
7.613201e-191 
7.613201e-191 
6.987630e-191 
6.768910e-191 
4.210858e-191 
4.210858e-191 
3.564357e-191 
3.283884e-191 
3.283884e-191 
2.643258e-191 
2.108956e-191 
2.108956e-191 
1.982973e-191 
1.601670e-191 
1.552991e-191 
1.552991e-191 
1.547521e-191 
1.330790e-191 
1.238136e-191 
1.118074e-191 
1.118074e-191 
1.093039e-191 
8.749795e-192 
8.749795e-192 
7.820560e-192 
6.982914e-192 
5.540631e-192 
5.374559e-192 
3.130494e-192 
3.130494e-192 
3.130494e-192 
3.130494e-192 
2.765555e-192 
2.765555e-192 
2.106214e-192 
2.106214e-192 
2.020127e-192 
1.848979e-192 
1.848979e-192 
1.153704e-192 
1.153704e-192 
1.074961e-192 
9.957955e-193 
9.957955e-193 
9.235859e-193 
7.744350e-193 
7.744350e-193 
6.237051e-193 
5.642674e-193 
5.642674e-193 
5.642674e-193 
4.571960e-193 
4.479999e-193 
3.137461e-193 
2.359775e-193 
1.724938e-193 
1.724938e-193 
1.297669e-193 
1.297669e-193 
9.016940e-194 
9.016940e-194 
7.970510e-194 
7.375703e-194 
7.134207e-194 
5.496405e-194 
5.496405e-194 
5.496405e-194 
4.447585e-194 
4.447585e-194 
3.129088e-194 
3.129088e-194 
3.129088e-194 
2.394856e-194 
1.420295e-194 
1.420295e-194 
9.152350e-195 
8.668994e-195 
8.668994e-195 
5.059383e-195 
1.710543e-195 
1.710543e-195 
1.710543e-195 
1.580217e-195 
1.385793e-195 
9.876281e-196 
9.282903e-196 
8.079894e-196 
8.079894e-196 
4.919942e-196 
4.919942e-196 
3.927993e-196 
1.317418e-196 
1.317418e-196 
1.317418e-196 
1.317418e-196 
1.317418e-196 
7.030920e-197 
7.030920e-197 
7.030920e-197 
7.030920e-197 
7.030920e-197 
5.447583e-197 
5.447583e-197 
5.447583e-197 
3.778342e-197 
3.778342e-197 
2.740626e-197 
2.740626e-197 
2.175355e-197 
2.118649e-197 
2.118649e-197 
1.458903e-197 
1.458903e-197 
1.446095e-197 
1.446095e-197 
1.203870e-197 
1.203870e-197 
9.228452e-198 
6.436629e-198 
6.089562e-198 
6.010309e-198 
3.808035e-198 
3.678981e-198 
2.585638e-198 
1.942265e-198 
1.508752e-198 
1.261470e-198 
1.261470e-198 
1.261470e-198 
1.261470e-198 
1.261470e-198 
1.253535e-198 
1.020126e-198 
1.020126e-198 
3.644166e-199 
1.977807e-199 
6.573884e-200 
6.573884e-200 
6.573884e-200 
6.432009e-200 
6.432009e-200 
6.432009e-200 
6.390273e-200 
5.919987e-200 
5.919987e-200 
4.950872e-200 
3.403353e-200 
3.403353e-200 
2.734571e-200 
1.685536e-200 
1.066091e-200 
1.066091e-200 
1.066091e-200 
6.495509e-201 
6.495509e-201 
5.750540e-201 
5.750540e-201 
3.175722e-201 
3.175722e-201 
3.175722e-201 
2.757381e-201 
2.463375e-201 
1.564598e-201 
1.564598e-201 
1.313730e-201 
1.096306e-201 
1.096306e-201 
1.096306e-201 
1.096306e-201 
1.085571e-201 
1.042217e-201 
6.758639e-202 
5.680327e-202 
5.680327e-202 
4.130919e-202 
3.846647e-202 
3.517019e-202 
2.681975e-202 
2.681975e-202 
2.681975e-202 
2.681975e-202 
2.681975e-202 
2.384460e-202 
1.480617e-202 
1.480617e-202 
1.480617e-202 
1.206957e-202 
7.924666e-203 
7.924666e-203 
6.488069e-203 
6.488069e-203 
6.335325e-203 
5.367568e-203 
2.868697e-203 
2.868697e-203 
2.868697e-203 
2.734088e-203 
2.703032e-203 
2.703032e-203 
2.277089e-203 
2.277089e-203 
1.733133e-203 
1.484722e-203 
1.182814e-203 
1.107742e-203 
8.190267e-204 
7.440640e-204 
7.440640e-204 
7.440640e-204 
6.537431e-204 
6.432265e-204 
4.772199e-204 
4.131089e-204 
2.791152e-204 
2.505285e-204 
1.928482e-204 
1.092039e-204 
1.028602e-204 
1.028602e-204 
1.028602e-204 
9.080127e-205 
9.080127e-205 
8.834437e-205 
7.046142e-205 
5.073517e-205 
3.617681e-205 
3.301709e-205 
3.301709e-205 
3.301709e-205 
2.743914e-205 
1.429701e-205 
1.127145e-205 
1.127145e-205 
1.065601e-205 
1.065601e-205 
8.273769e-206 
8.273769e-206 
8.273769e-206 
8.125046e-206 
6.134960e-206 
5.678120e-206 
4.284389e-206 
4.284389e-206 
4.284389e-206 
4.284389e-206 
4.279283e-206 
3.807584e-206 
3.466512e-206 
2.822993e-206 
2.822993e-206 
2.822993e-206 
2.258206e-206 
2.258206e-206 
2.257943e-206 
2.209527e-206 
2.164114e-206 
2.126269e-206 
1.390029e-206 
1.390029e-206 
1.081721e-206 
1.081721e-206 
7.167178e-207 
6.239952e-207 
4.733342e-207 
2.955133e-207 
2.251392e-207 
2.008515e-207 
1.704278e-207 
1.267920e-207 
1.267920e-207 
1.267920e-207 
9.435921e-208 
9.435921e-208 
9.435921e-208 
7.385889e-208 
7.385889e-208 
7.128647e-208 
4.471452e-208 
4.471452e-208 
4.138258e-208 
4.138258e-208 
4.138258e-208 
3.195216e-208 
2.583516e-208 
2.583516e-208 
2.583516e-208 
2.321106e-208 
1.604288e-208 
8.758319e-209 
6.006319e-209 
5.437334e-209 
5.437334e-209 
5.318361e-209 
5.318361e-209 
4.740032e-209 
4.060033e-209 
2.378891e-209 
2.378891e-209 
2.378891e-209 
2.187419e-209 
1.697667e-209 
1.167248e-209 
1.167248e-209 
1.167248e-209 
7.589263e-210 
7.589263e-210 
7.589263e-210 
5.639037e-210 
4.700032e-210 
3.221305e-210 
3.129051e-210 
2.137871e-210 
1.980972e-210 
7.726378e-211 
7.726378e-211 
7.726378e-211 
7.726378e-211 
7.726378e-211 
5.925288e-211 
5.925288e-211 
4.568083e-211 
2.789696e-211 
2.789696e-211 
2.789696e-211 
2.591854e-211 
2.591854e-211 
2.591854e-211 
2.216671e-211 
1.703941e-211 
1.514872e-211 
1.388365e-211 
1.388365e-211 
1.388365e-211 
6.928929e-212 
6.523854e-212 
5.219450e-212 
4.376205e-212 
4.376205e-212 
4.376205e-212 
3.978931e-212 
3.571721e-212 
3.170307e-212 
2.364642e-212 
2.091768e-212 
1.829217e-212 
1.829217e-212 
1.160514e-212 
1.160514e-212 
1.160514e-212 
1.160514e-212 
5.637045e-213 
4.460656e-213 
4.091668e-213 
3.701019e-213 
2.872275e-213 
2.083200e-213 
1.842307e-213 
1.756943e-213 
1.462688e-213 
1.396490e-213 
1.388406e-213 
9.904646e-214 
8.925237e-214 
6.904900e-214 
6.231019e-214 
5.594298e-214 
3.471855e-214 
3.440806e-214 
3.323557e-214 
3.175715e-214 
2.100261e-214 
1.406652e-214 
1.095172e-214 
8.998225e-215 
8.998225e-215 
5.404128e-215 
4.110696e-215 
3.703591e-215 
3.703591e-215 
3.283481e-215 
2.078005e-215 
2.078005e-215 
2.078005e-215 
2.078005e-215 
1.460616e-215 
1.460616e-215 
1.460616e-215 
1.446417e-215 
1.446417e-215 
9.802574e-216 
9.802574e-216 
9.802574e-216 
9.802574e-216 
5.913944e-216 
5.240368e-216 
5.240368e-216 
5.240368e-216 
3.891642e-216 
3.891642e-216 
3.891642e-216 
2.952048e-216 
2.227043e-216 
2.034772e-216 
1.957756e-216 
1.888976e-216 
1.707648e-216 
1.172314e-216 
1.172314e-216 
7.550474e-217 
7.550474e-217 
7.550474e-217 
5.364486e-217 
5.364486e-217 
5.364486e-217 
2.668926e-217 
2.668926e-217 
2.668926e-217 
2.096297e-217 
1.944661e-217 
1.610361e-217 
1.610361e-217 
1.460336e-217 
1.237330e-217 
1.153022e-217 
9.067344e-218 
7.144919e-218 
7.144919e-218 
6.643327e-218 
6.643327e-218 
6.111867e-218 
6.004290e-218 
6.004290e-218 
5.326289e-218 
5.326289e-218 
5.326289e-218 
4.861001e-218 
4.861001e-218 
3.179748e-218 
2.706365e-218 
2.398403e-218 
2.398403e-218 
2.195146e-218 
1.420799e-218 
1.420799e-218 
1.280972e-218 
1.168928e-218 
1.168928e-218 
9.604023e-219 
5.376667e-219 
5.047509e-219 
5.047509e-219 
3.083840e-219 
3.083840e-219 
3.083840e-219 
3.083840e-219 
2.805174e-219 
1.857717e-219 
1.857717e-219 
1.857717e-219 
1.409606e-219 
1.382326e-219 
1.382326e-219 
1.173730e-219 
5.259100e-220 
4.391527e-220 
3.785988e-220 
3.785988e-220 
3.785988e-220 
2.652610e-220 
2.652610e-220 
2.383598e-220 
2.383598e-220 
2.172544e-220 
1.401839e-220 
1.401839e-220 
1.347675e-220 
1.347675e-220 
9.358673e-221 
9.294299e-221 
9.294299e-221 
9.294299e-221 
7.784032e-221 
7.784032e-221 
6.786171e-221 
6.702933e-221 
4.805376e-221 
4.601742e-221 
4.601742e-221 
3.619096e-221 
3.619096e-221 
3.529671e-221 
2.750456e-221 
2.670354e-221 
2.670354e-221 
2.616198e-221 
2.616198e-221 
2.613200e-221 
2.368690e-221 
1.738904e-221 
1.000248e-221 
7.785105e-222 
6.380610e-222 
6.380610e-222 
6.380610e-222 
3.565492e-222 
3.565492e-222 
2.432981e-222 
2.131366e-222 
2.131366e-222 
1.042351e-222 
1.042351e-222 
8.077589e-223 
6.751162e-223 
6.751162e-223 
4.782151e-223 
4.782151e-223 
3.197750e-223 
3.197750e-223 
2.334170e-223 
1.389482e-223 
1.389482e-223 
1.389482e-223 
1.389482e-223 
1.389482e-223 
1.389482e-223 
7.722192e-224 
5.963127e-224 
5.963127e-224 
2.264737e-224 
2.264737e-224 
2.264737e-224 
1.820899e-224 
1.689689e-224 
1.489916e-224 
1.248846e-224 
1.248846e-224 
1.041286e-224 
7.900669e-225 
7.900669e-225 
7.507053e-225 
7.226457e-225 
7.226457e-225 
6.159201e-225 
5.797172e-225 
4.711798e-225 
3.134855e-225 
3.134855e-225 
2.371448e-225 
1.972444e-225 
1.267118e-225 
9.510362e-226 
9.510362e-226 
9.510362e-226 
9.015112e-226 
9.015112e-226 
9.015112e-226 
7.538469e-226 
5.387048e-226 
4.331546e-226 
3.092996e-226 
2.957747e-226 
2.243806e-226 
2.243806e-226 
2.029142e-226 
2.029142e-226 
2.029142e-226 
1.273364e-226 
1.196874e-226 
8.068851e-227 
4.967264e-227 
3.785996e-227 
2.612294e-227 
2.151286e-227 
2.025088e-227 
2.025088e-227 
1.973005e-227 
1.973005e-227 
1.973005e-227 
1.973005e-227 
1.953347e-227 
1.056361e-227 
9.794332e-228 
9.794332e-228 
6.936193e-228 
6.936193e-228 
6.936193e-228 
6.936193e-228 
4.711432e-228 
4.511014e-228 
4.093896e-228 
4.093896e-228 
3.159930e-228 
2.127530e-228 
2.126079e-228 
2.126079e-228 
1.326901e-228 
4.038554e-229 
4.038554e-229 
4.038554e-229 
4.038554e-229 
3.277141e-229 
3.277141e-229 
3.231779e-229 
3.231779e-229 
2.110855e-229 
2.110855e-229 
7.728825e-230 
7.728825e-230 
7.728825e-230 
