1.835864e+03 
1.108870e+03 
1.108870e+03 
1.108870e+03 
1.108870e+03 
1.108870e+03 
1.108870e+03 
1.108870e+03 
1.108870e+03 
1.108870e+03 
1.108870e+03 
1.108870e+03 
1.108870e+03 
9.427750e+02 
9.427750e+02 
7.433851e+02 
7.433851e+02 
7.433851e+02 
7.433851e+02 
7.433851e+02 
7.433851e+02 
7.433851e+02 
7.433851e+02 
7.433851e+02 
7.433851e+02 
7.433851e+02 
7.433851e+02 
7.433851e+02 
7.433851e+02 
7.433851e+02 
7.433851e+02 
7.433851e+02 
7.433851e+02 
7.433851e+02 
7.433851e+02 
7.433851e+02 
7.433851e+02 
7.433851e+02 
7.433851e+02 
7.433851e+02 
6.417309e+02 
6.417309e+02 
6.417309e+02 
6.417309e+02 
6.417309e+02 
6.417309e+02 
6.417309e+02 
6.417309e+02 
6.417309e+02 
6.417309e+02 
6.417309e+02 
6.417309e+02 
6.417309e+02 
6.417309e+02 
6.417309e+02 
6.417309e+02 
6.417309e+02 
6.417309e+02 
6.417309e+02 
6.417309e+02 
6.417309e+02 
6.417309e+02 
6.417309e+02 
6.417309e+02 
6.417309e+02 
6.417309e+02 
6.417309e+02 
6.417309e+02 
6.417309e+02 
6.417309e+02 
6.417309e+02 
6.417309e+02 
6.417309e+02 
6.270814e+02 
6.270814e+02 
6.270814e+02 
6.270814e+02 
6.270814e+02 
6.270814e+02 
6.270814e+02 
6.270814e+02 
6.270814e+02 
6.270814e+02 
6.270814e+02 
6.270814e+02 
6.270814e+02 
6.270814e+02 
6.270814e+02 
6.270814e+02 
6.270814e+02 
5.381914e+02 
5.381914e+02 
5.381914e+02 
5.381914e+02 
5.381914e+02 
5.381914e+02 
5.381914e+02 
5.381914e+02 
5.381914e+02 
5.381914e+02 
5.381914e+02 
5.381914e+02 
4.339008e+02 
4.339008e+02 
4.339008e+02 
4.339008e+02 
4.339008e+02 
4.339008e+02 
4.339008e+02 
4.339008e+02 
4.339008e+02 
4.339008e+02 
4.339008e+02 
4.339008e+02 
4.339008e+02 
4.339008e+02 
4.339008e+02 
4.339008e+02 
4.339008e+02 
4.339008e+02 
4.339008e+02 
4.339008e+02 
4.339008e+02 
4.339008e+02 
4.339008e+02 
4.339008e+02 
4.339008e+02 
4.339008e+02 
4.339008e+02 
4.339008e+02 
4.339008e+02 
4.339008e+02 
4.339008e+02 
4.339008e+02 
4.339008e+02 
4.339008e+02 
4.339008e+02 
4.339008e+02 
4.339008e+02 
4.339008e+02 
4.339008e+02 
4.339008e+02 
4.339008e+02 
4.339008e+02 
4.339008e+02 
4.339008e+02 
4.339008e+02 
4.339008e+02 
4.339008e+02 
4.339008e+02 
4.339008e+02 
4.339008e+02 
4.339008e+02 
4.339008e+02 
4.339008e+02 
4.339008e+02 
4.339008e+02 
4.339008e+02 
4.339008e+02 
4.339008e+02 
4.339008e+02 
4.339008e+02 
4.339008e+02 
4.339008e+02 
4.339008e+02 
4.339008e+02 
4.339008e+02 
4.339008e+02 
4.339008e+02 
4.339008e+02 
4.339008e+02 
4.339008e+02 
4.339008e+02 
4.339008e+02 
4.339008e+02 
4.339008e+02 
4.339008e+02 
4.339008e+02 
4.339008e+02 
4.339008e+02 
4.339008e+02 
4.339008e+02 
4.339008e+02 
4.339008e+02 
4.339008e+02 
4.339008e+02 
4.339008e+02 
4.339008e+02 
4.339008e+02 
4.339008e+02 
4.339008e+02 
4.339008e+02 
4.339008e+02 
4.339008e+02 
4.339008e+02 
4.339008e+02 
4.339008e+02 
4.339008e+02 
4.339008e+02 
4.339008e+02 
4.339008e+02 
4.339008e+02 
4.339008e+02 
4.339008e+02 
4.339008e+02 
4.339008e+02 
4.339008e+02 
4.339008e+02 
4.339008e+02 
4.339008e+02 
4.339008e+02 
4.339008e+02 
4.339008e+02 
4.339008e+02 
4.339008e+02 
4.339008e+02 
4.339008e+02 
4.339008e+02 
4.339008e+02 
4.339008e+02 
4.339008e+02 
4.339008e+02 
4.339008e+02 
4.339008e+02 
4.339008e+02 
4.339008e+02 
4.339008e+02 
4.339008e+02 
4.339008e+02 
4.339008e+02 
4.339008e+02 
4.339008e+02 
4.339008e+02 
4.339008e+02 
4.339008e+02 
4.339008e+02 
4.339008e+02 
4.339008e+02 
4.339008e+02 
4.339008e+02 
4.339008e+02 
4.339008e+02 
4.339008e+02 
4.339008e+02 
4.339008e+02 
4.339008e+02 
4.339008e+02 
4.339008e+02 
4.339008e+02 
4.339008e+02 
4.339008e+02 
4.339008e+02 
4.339008e+02 
4.339008e+02 
4.339008e+02 
4.339008e+02 
4.339008e+02 
4.339008e+02 
4.339008e+02 
4.339008e+02 
4.339008e+02 
4.339008e+02 
4.339008e+02 
4.339008e+02 
4.339008e+02 
4.339008e+02 
4.339008e+02 
4.339008e+02 
4.339008e+02 
4.339008e+02 
4.339008e+02 
4.339008e+02 
4.339008e+02 
4.339008e+02 
4.339008e+02 
4.339008e+02 
4.339008e+02 
4.339008e+02 
4.339008e+02 
4.339008e+02 
4.339008e+02 
4.339008e+02 
4.339008e+02 
4.339008e+02 
4.339008e+02 
4.339008e+02 
4.339008e+02 
4.339008e+02 
4.339008e+02 
4.339008e+02 
4.339008e+02 
4.339008e+02 
4.339008e+02 
4.339008e+02 
4.339008e+02 
4.339008e+02 
4.339008e+02 
4.339008e+02 
4.339008e+02 
4.339008e+02 
4.339008e+02 
4.339008e+02 
4.339008e+02 
4.339008e+02 
4.339008e+02 
4.339008e+02 
4.339008e+02 
4.339008e+02 
4.339008e+02 
4.339008e+02 
4.339008e+02 
4.339008e+02 
4.339008e+02 
4.339008e+02 
4.339008e+02 
4.339008e+02 
4.339008e+02 
4.339008e+02 
4.339008e+02 
4.339008e+02 
4.339008e+02 
4.339008e+02 
4.339008e+02 
4.339008e+02 
4.339008e+02 
3.899419e+02 
3.899419e+02 
3.899419e+02 
3.899419e+02 
3.899419e+02 
3.899419e+02 
3.899419e+02 
3.899419e+02 
3.899419e+02 
3.899419e+02 
3.899419e+02 
3.899419e+02 
3.899419e+02 
3.899419e+02 
3.899419e+02 
3.899419e+02 
3.899419e+02 
3.899419e+02 
3.899419e+02 
3.899419e+02 
3.899419e+02 
3.899419e+02 
3.899419e+02 
3.899419e+02 
3.899419e+02 
3.899419e+02 
3.899419e+02 
3.899419e+02 
3.899419e+02 
3.899419e+02 
3.899419e+02 
3.899419e+02 
3.899419e+02 
3.899419e+02 
3.899419e+02 
3.899419e+02 
3.899419e+02 
3.899419e+02 
3.899419e+02 
3.899419e+02 
3.899419e+02 
3.899419e+02 
3.899419e+02 
3.899419e+02 
3.899419e+02 
3.899419e+02 
3.899419e+02 
3.899419e+02 
3.899419e+02 
3.899419e+02 
3.899419e+02 
3.899419e+02 
3.899419e+02 
3.899419e+02 
3.899419e+02 
3.899419e+02 
3.899419e+02 
3.899419e+02 
3.899419e+02 
3.899419e+02 
3.899419e+02 
3.899419e+02 
3.899419e+02 
3.899419e+02 
3.899419e+02 
3.899419e+02 
3.899419e+02 
3.899419e+02 
3.899419e+02 
3.899419e+02 
3.899419e+02 
3.899419e+02 
3.899419e+02 
3.899419e+02 
3.899419e+02 
3.899419e+02 
3.899419e+02 
3.899419e+02 
3.899419e+02 
3.899419e+02 
3.899419e+02 
3.899419e+02 
3.899419e+02 
3.899419e+02 
3.899419e+02 
3.899419e+02 
3.899419e+02 
3.899419e+02 
3.899419e+02 
3.899419e+02 
3.899419e+02 
3.899419e+02 
3.899419e+02 
3.899419e+02 
3.899419e+02 
3.899419e+02 
3.899419e+02 
3.899419e+02 
3.899419e+02 
3.899419e+02 
3.899419e+02 
3.899419e+02 
3.899419e+02 
3.899419e+02 
3.899419e+02 
3.899419e+02 
3.899419e+02 
3.899419e+02 
3.899419e+02 
3.899419e+02 
3.899419e+02 
3.899419e+02 
3.899419e+02 
3.899419e+02 
3.899419e+02 
3.899419e+02 
3.899419e+02 
3.899419e+02 
3.899419e+02 
3.899419e+02 
3.899419e+02 
3.899419e+02 
3.899419e+02 
3.899419e+02 
3.899419e+02 
3.899419e+02 
3.899419e+02 
3.899419e+02 
3.899419e+02 
3.899419e+02 
3.899419e+02 
3.899419e+02 
3.899419e+02 
3.899419e+02 
3.899419e+02 
3.899419e+02 
3.899419e+02 
3.899419e+02 
3.899419e+02 
3.899419e+02 
3.899419e+02 
3.899419e+02 
3.899419e+02 
3.899419e+02 
3.899419e+02 
3.899419e+02 
3.899419e+02 
3.899419e+02 
3.899419e+02 
3.899419e+02 
3.899419e+02 
3.899419e+02 
3.899419e+02 
3.899419e+02 
3.899419e+02 
3.899419e+02 
3.899419e+02 
3.899419e+02 
3.899419e+02 
3.899419e+02 
3.899419e+02 
3.899419e+02 
3.899419e+02 
3.899419e+02 
3.899419e+02 
3.899419e+02 
3.899419e+02 
3.899419e+02 
3.899419e+02 
3.899419e+02 
3.899419e+02 
3.899419e+02 
3.899419e+02 
3.899419e+02 
3.899419e+02 
3.899419e+02 
3.899419e+02 
3.899419e+02 
3.899419e+02 
3.899419e+02 
3.899419e+02 
3.899419e+02 
3.899419e+02 
3.899419e+02 
3.899419e+02 
3.899419e+02 
3.899419e+02 
3.899419e+02 
3.899419e+02 
3.899419e+02 
3.899419e+02 
3.899419e+02 
3.899419e+02 
3.899419e+02 
3.899419e+02 
3.899419e+02 
3.899419e+02 
3.899419e+02 
3.899419e+02 
3.899419e+02 
3.899419e+02 
3.899419e+02 
3.899419e+02 
3.899419e+02 
3.899419e+02 
3.899419e+02 
3.899419e+02 
3.899419e+02 
3.899419e+02 
3.899419e+02 
3.899419e+02 
3.899419e+02 
3.899419e+02 
3.899419e+02 
3.899419e+02 
3.899419e+02 
3.899419e+02 
3.899419e+02 
3.899419e+02 
3.899419e+02 
3.899419e+02 
3.899419e+02 
3.899419e+02 
3.899419e+02 
3.899419e+02 
3.899419e+02 
3.899419e+02 
3.899419e+02 
3.899419e+02 
3.899419e+02 
3.899419e+02 
3.899419e+02 
3.899419e+02 
3.899419e+02 
3.899419e+02 
3.899419e+02 
3.899419e+02 
3.899419e+02 
3.899419e+02 
3.899419e+02 
3.899419e+02 
3.899419e+02 
3.899419e+02 
3.899419e+02 
3.899419e+02 
3.899419e+02 
3.899419e+02 
3.899419e+02 
3.899419e+02 
3.899419e+02 
3.899419e+02 
3.899419e+02 
3.899419e+02 
3.899419e+02 
3.899419e+02 
3.899419e+02 
3.899419e+02 
3.899419e+02 
3.899419e+02 
3.899419e+02 
3.899419e+02 
3.899419e+02 
3.899419e+02 
3.899419e+02 
3.899419e+02 
3.899419e+02 
3.899419e+02 
3.899419e+02 
3.899419e+02 
3.899419e+02 
3.899419e+02 
3.899419e+02 
3.899419e+02 
3.899419e+02 
3.899419e+02 
3.899419e+02 
3.899419e+02 
3.899419e+02 
3.899419e+02 
3.899419e+02 
3.899419e+02 
3.899419e+02 
3.899419e+02 
3.899419e+02 
3.899419e+02 
3.899419e+02 
3.899419e+02 
3.899419e+02 
3.899419e+02 
3.899419e+02 
3.899419e+02 
3.899419e+02 
3.899419e+02 
3.899419e+02 
3.899419e+02 
3.899419e+02 
3.899419e+02 
3.899419e+02 
3.899419e+02 
3.899419e+02 
3.899419e+02 
3.899419e+02 
3.899419e+02 
3.899419e+02 
3.899419e+02 
3.899419e+02 
3.899419e+02 
3.899419e+02 
3.899419e+02 
3.899419e+02 
3.899419e+02 
3.899419e+02 
3.899419e+02 
3.899419e+02 
3.899419e+02 
3.899419e+02 
3.899419e+02 
3.899419e+02 
3.899419e+02 
3.899419e+02 
3.899419e+02 
3.899419e+02 
3.899419e+02 
3.899419e+02 
3.899419e+02 
3.899419e+02 
3.899419e+02 
3.899419e+02 
3.899419e+02 
3.899419e+02 
3.899419e+02 
3.899419e+02 
3.899419e+02 
3.899419e+02 
3.899419e+02 
3.899419e+02 
3.899419e+02 
3.899419e+02 
3.899419e+02 
3.899419e+02 
3.899419e+02 
3.899419e+02 
3.899419e+02 
3.899419e+02 
3.899419e+02 
3.899419e+02 
3.899419e+02 
3.899419e+02 
3.899419e+02 
3.899419e+02 
3.899419e+02 
3.899419e+02 
3.899419e+02 
3.899419e+02 
3.899419e+02 
3.899419e+02 
3.639121e+02 
3.639121e+02 
3.639121e+02 
3.639121e+02 
3.639121e+02 
3.639121e+02 
3.639121e+02 
3.639121e+02 
3.639121e+02 
3.639121e+02 
3.639121e+02 
3.639121e+02 
3.639121e+02 
3.639121e+02 
3.639121e+02 
3.639121e+02 
3.639121e+02 
3.639121e+02 
3.639121e+02 
3.639121e+02 
3.639121e+02 
3.639121e+02 
3.639121e+02 
3.639121e+02 
3.639121e+02 
3.639121e+02 
3.639121e+02 
3.639121e+02 
3.639121e+02 
3.639121e+02 
3.639121e+02 
3.639121e+02 
3.639121e+02 
3.639121e+02 
3.639121e+02 
3.639121e+02 
3.639121e+02 
3.639121e+02 
3.639121e+02 
3.639121e+02 
3.639121e+02 
3.639121e+02 
3.639121e+02 
3.639121e+02 
3.639121e+02 
3.639121e+02 
3.639121e+02 
3.639121e+02 
3.639121e+02 
3.639121e+02 
3.639121e+02 
3.639121e+02 
3.639121e+02 
3.639121e+02 
3.639121e+02 
3.639121e+02 
3.639121e+02 
3.639121e+02 
3.639121e+02 
3.360935e+02 
3.360935e+02 
3.360935e+02 
3.360935e+02 
3.360935e+02 
3.360935e+02 
3.360935e+02 
3.360935e+02 
3.360935e+02 
3.360935e+02 
3.360935e+02 
3.360935e+02 
3.360935e+02 
3.360935e+02 
3.360935e+02 
3.360935e+02 
3.360935e+02 
3.360935e+02 
3.360935e+02 
3.360935e+02 
3.360935e+02 
3.360935e+02 
3.360935e+02 
3.360935e+02 
3.360935e+02 
3.360935e+02 
3.360935e+02 
3.360935e+02 
3.360935e+02 
3.360935e+02 
3.360935e+02 
3.360935e+02 
3.360935e+02 
3.360935e+02 
3.360935e+02 
3.360935e+02 
3.360935e+02 
3.360935e+02 
3.360935e+02 
3.360935e+02 
3.360935e+02 
3.360935e+02 
3.360935e+02 
3.360935e+02 
3.360935e+02 
3.360935e+02 
3.360935e+02 
3.360935e+02 
3.360935e+02 
3.360935e+02 
3.360935e+02 
3.360935e+02 
3.360935e+02 
3.360935e+02 
3.360935e+02 
3.360935e+02 
3.360935e+02 
3.360935e+02 
3.360935e+02 
3.360935e+02 
3.360935e+02 
3.360935e+02 
3.360935e+02 
3.360935e+02 
3.360935e+02 
3.360935e+02 
3.360935e+02 
3.360935e+02 
3.360935e+02 
3.360935e+02 
3.360935e+02 
3.360935e+02 
3.360935e+02 
3.360935e+02 
3.360935e+02 
3.360935e+02 
3.360935e+02 
3.360935e+02 
3.360935e+02 
3.360935e+02 
3.360935e+02 
3.360935e+02 
3.360935e+02 
3.360935e+02 
3.360935e+02 
3.360935e+02 
3.360935e+02 
3.360935e+02 
3.360935e+02 
3.360935e+02 
3.360935e+02 
3.360935e+02 
3.360935e+02 
3.360935e+02 
3.360935e+02 
3.360935e+02 
3.360935e+02 
3.360935e+02 
3.360935e+02 
3.360935e+02 
3.360935e+02 
3.360935e+02 
3.360935e+02 
3.360935e+02 
3.360935e+02 
3.360935e+02 
3.360935e+02 
3.360935e+02 
3.360935e+02 
3.360935e+02 
3.360935e+02 
3.360935e+02 
3.360935e+02 
3.360935e+02 
3.360935e+02 
3.360935e+02 
3.360935e+02 
3.360935e+02 
3.360935e+02 
3.360935e+02 
3.360935e+02 
3.360935e+02 
3.360935e+02 
3.360935e+02 
3.360935e+02 
3.360935e+02 
3.360935e+02 
3.360935e+02 
3.360935e+02 
3.360935e+02 
3.360935e+02 
3.360935e+02 
3.360935e+02 
3.360935e+02 
3.360935e+02 
3.360935e+02 
3.360935e+02 
3.360935e+02 
3.360935e+02 
3.360935e+02 
3.360935e+02 
3.360935e+02 
3.360935e+02 
3.360935e+02 
3.360935e+02 
3.360935e+02 
3.360935e+02 
3.360935e+02 
3.360935e+02 
3.360935e+02 
3.360935e+02 
3.360935e+02 
3.360935e+02 
3.360935e+02 
3.360935e+02 
3.360935e+02 
3.360935e+02 
3.360935e+02 
3.360935e+02 
3.360935e+02 
3.360935e+02 
3.360935e+02 
3.360935e+02 
3.360935e+02 
3.360935e+02 
3.360935e+02 
3.360935e+02 
3.360935e+02 
3.360935e+02 
3.360935e+02 
3.360935e+02 
3.360935e+02 
3.360935e+02 
3.360935e+02 
3.360935e+02 
3.360935e+02 
3.360935e+02 
3.360935e+02 
3.360935e+02 
3.360935e+02 
3.360935e+02 
3.360935e+02 
3.360935e+02 
3.360935e+02 
3.360935e+02 
3.360935e+02 
3.360935e+02 
3.360935e+02 
3.360935e+02 
3.360935e+02 
3.360935e+02 
3.360935e+02 
3.360935e+02 
3.360935e+02 
3.360935e+02 
3.360935e+02 
3.360935e+02 
3.360935e+02 
3.360935e+02 
3.360935e+02 
3.360935e+02 
3.360935e+02 
3.360935e+02 
3.360935e+02 
3.360935e+02 
3.360935e+02 
3.360935e+02 
3.360935e+02 
3.360935e+02 
3.360935e+02 
3.360935e+02 
3.360935e+02 
3.360935e+02 
3.360935e+02 
3.360935e+02 
3.360935e+02 
3.360935e+02 
3.360935e+02 
3.360935e+02 
3.360935e+02 
3.360935e+02 
3.360935e+02 
3.360935e+02 
3.360935e+02 
3.360935e+02 
3.360935e+02 
3.360935e+02 
3.360935e+02 
3.360935e+02 
3.360935e+02 
3.360935e+02 
3.360935e+02 
3.360935e+02 
3.360935e+02 
3.360935e+02 
3.360935e+02 
3.360935e+02 
3.360935e+02 
3.360935e+02 
3.360935e+02 
3.360935e+02 
3.360935e+02 
3.360935e+02 
3.360935e+02 
3.360935e+02 
2.542052e+02 
2.542052e+02 
2.542052e+02 
2.542052e+02 
2.542052e+02 
2.542052e+02 
2.542052e+02 
2.542052e+02 
2.542052e+02 
2.542052e+02 
2.542052e+02 
2.542052e+02 
2.542052e+02 
2.542052e+02 
2.542052e+02 
2.542052e+02 
2.542052e+02 
2.542052e+02 
2.542052e+02 
2.542052e+02 
2.542052e+02 
2.542052e+02 
2.542052e+02 
2.542052e+02 
2.542052e+02 
2.542052e+02 
2.542052e+02 
2.542052e+02 
2.542052e+02 
2.542052e+02 
2.542052e+02 
2.542052e+02 
2.542052e+02 
2.542052e+02 
2.542052e+02 
2.542052e+02 
2.542052e+02 
2.542052e+02 
2.542052e+02 
2.542052e+02 
2.542052e+02 
2.542052e+02 
2.542052e+02 
2.542052e+02 
2.542052e+02 
2.542052e+02 
2.542052e+02 
2.542052e+02 
2.542052e+02 
2.542052e+02 
2.542052e+02 
2.542052e+02 
2.542052e+02 
2.542052e+02 
2.542052e+02 
2.542052e+02 
2.542052e+02 
2.542052e+02 
2.542052e+02 
2.542052e+02 
2.542052e+02 
2.542052e+02 
2.542052e+02 
2.542052e+02 
2.542052e+02 
2.542052e+02 
2.542052e+02 
2.542052e+02 
2.542052e+02 
2.542052e+02 
2.542052e+02 
2.542052e+02 
2.542052e+02 
2.542052e+02 
2.542052e+02 
2.542052e+02 
2.542052e+02 
2.542052e+02 
2.542052e+02 
2.542052e+02 
2.542052e+02 
2.542052e+02 
2.542052e+02 
2.542052e+02 
2.542052e+02 
2.542052e+02 
2.542052e+02 
2.542052e+02 
2.542052e+02 
2.542052e+02 
2.542052e+02 
2.542052e+02 
2.542052e+02 
2.542052e+02 
2.542052e+02 
2.542052e+02 
2.542052e+02 
2.542052e+02 
2.542052e+02 
2.542052e+02 
2.542052e+02 
2.542052e+02 
2.542052e+02 
2.542052e+02 
2.542052e+02 
2.542052e+02 
2.542052e+02 
2.542052e+02 
2.542052e+02 
2.542052e+02 
2.542052e+02 
2.542052e+02 
2.542052e+02 
2.542052e+02 
2.542052e+02 
2.542052e+02 
2.542052e+02 
2.542052e+02 
2.542052e+02 
2.542052e+02 
2.542052e+02 
2.542052e+02 
2.542052e+02 
2.542052e+02 
2.542052e+02 
2.542052e+02 
2.542052e+02 
2.542052e+02 
2.542052e+02 
2.542052e+02 
2.542052e+02 
2.542052e+02 
2.542052e+02 
2.542052e+02 
2.542052e+02 
2.542052e+02 
2.542052e+02 
2.542052e+02 
2.542052e+02 
2.542052e+02 
2.542052e+02 
2.542052e+02 
2.542052e+02 
2.542052e+02 
2.542052e+02 
2.542052e+02 
2.542052e+02 
2.542052e+02 
2.542052e+02 
2.542052e+02 
2.542052e+02 
2.542052e+02 
2.542052e+02 
2.542052e+02 
2.542052e+02 
2.542052e+02 
2.542052e+02 
2.542052e+02 
2.542052e+02 
2.542052e+02 
2.542052e+02 
2.542052e+02 
2.542052e+02 
2.542052e+02 
2.542052e+02 
2.542052e+02 
2.542052e+02 
2.542052e+02 
2.542052e+02 
2.542052e+02 
2.542052e+02 
2.542052e+02 
2.542052e+02 
2.542052e+02 
2.542052e+02 
2.542052e+02 
2.542052e+02 
2.542052e+02 
2.542052e+02 
2.542052e+02 
2.542052e+02 
2.542052e+02 
2.542052e+02 
2.542052e+02 
2.542052e+02 
2.542052e+02 
2.542052e+02 
2.542052e+02 
2.542052e+02 
2.542052e+02 
2.542052e+02 
2.542052e+02 
2.542052e+02 
2.542052e+02 
2.542052e+02 
2.542052e+02 
2.542052e+02 
2.542052e+02 
2.542052e+02 
2.542052e+02 
2.542052e+02 
2.542052e+02 
2.542052e+02 
2.542052e+02 
2.542052e+02 
2.542052e+02 
2.542052e+02 
2.542052e+02 
2.542052e+02 
2.542052e+02 
2.542052e+02 
2.542052e+02 
2.542052e+02 
2.542052e+02 
2.542052e+02 
2.542052e+02 
2.542052e+02 
2.542052e+02 
2.542052e+02 
2.542052e+02 
2.542052e+02 
2.542052e+02 
2.542052e+02 
2.542052e+02 
2.542052e+02 
2.542052e+02 
2.542052e+02 
2.542052e+02 
2.542052e+02 
2.542052e+02 
2.542052e+02 
2.542052e+02 
2.542052e+02 
2.542052e+02 
2.542052e+02 
2.542052e+02 
2.542052e+02 
2.542052e+02 
2.542052e+02 
2.542052e+02 
2.542052e+02 
2.542052e+02 
2.542052e+02 
2.542052e+02 
2.542052e+02 
2.542052e+02 
2.542052e+02 
2.542052e+02 
2.542052e+02 
2.542052e+02 
2.542052e+02 
2.542052e+02 
2.542052e+02 
2.542052e+02 
2.542052e+02 
2.542052e+02 
2.542052e+02 
2.542052e+02 
2.542052e+02 
2.542052e+02 
2.542052e+02 
2.542052e+02 
2.542052e+02 
2.542052e+02 
2.542052e+02 
2.542052e+02 
2.542052e+02 
2.542052e+02 
2.542052e+02 
2.542052e+02 
2.542052e+02 
2.542052e+02 
2.542052e+02 
2.542052e+02 
2.542052e+02 
2.542052e+02 
2.542052e+02 
2.542052e+02 
2.542052e+02 
2.542052e+02 
2.542052e+02 
2.542052e+02 
2.542052e+02 
2.542052e+02 
2.542052e+02 
2.542052e+02 
2.542052e+02 
2.542052e+02 
2.542052e+02 
2.542052e+02 
2.542052e+02 
2.542052e+02 
2.542052e+02 
2.542052e+02 
2.542052e+02 
2.542052e+02 
2.542052e+02 
2.542052e+02 
2.542052e+02 
2.542052e+02 
2.542052e+02 
2.542052e+02 
2.542052e+02 
2.542052e+02 
2.542052e+02 
2.542052e+02 
2.542052e+02 
2.542052e+02 
2.542052e+02 
2.542052e+02 
2.542052e+02 
2.542052e+02 
2.542052e+02 
2.542052e+02 
2.542052e+02 
2.542052e+02 
2.542052e+02 
2.542052e+02 
2.542052e+02 
2.542052e+02 
2.542052e+02 
2.542052e+02 
2.542052e+02 
2.542052e+02 
2.542052e+02 
2.542052e+02 
2.542052e+02 
2.542052e+02 
2.542052e+02 
2.542052e+02 
2.542052e+02 
2.542052e+02 
2.542052e+02 
2.542052e+02 
2.542052e+02 
2.505515e+02 
2.505515e+02 
2.505515e+02 
2.110413e+02 
2.110413e+02 
2.110413e+02 
2.110413e+02 
2.110413e+02 
2.110413e+02 
1.875032e+02 
1.875032e+02 
1.875032e+02 
1.875032e+02 
1.875032e+02 
1.875032e+02 
1.875032e+02 
1.875032e+02 
1.875032e+02 
1.875032e+02 
1.875032e+02 
1.875032e+02 
1.875032e+02 
1.875032e+02 
1.875032e+02 
1.875032e+02 
1.875032e+02 
1.875032e+02 
1.875032e+02 
1.875032e+02 
1.875032e+02 
1.875032e+02 
1.875032e+02 
1.875032e+02 
1.875032e+02 
1.875032e+02 
1.875032e+02 
1.875032e+02 
1.875032e+02 
1.875032e+02 
1.502185e+02 
1.502185e+02 
1.502185e+02 
1.502185e+02 
1.502185e+02 
1.502185e+02 
1.502185e+02 
1.502185e+02 
1.502185e+02 
1.502185e+02 
1.502185e+02 
1.502185e+02 
1.502185e+02 
1.502185e+02 
1.502185e+02 
1.502185e+02 
1.502185e+02 
1.502185e+02 
1.502185e+02 
1.502185e+02 
1.502185e+02 
1.502185e+02 
1.502185e+02 
1.502185e+02 
1.502185e+02 
1.502185e+02 
1.502185e+02 
1.502185e+02 
1.502185e+02 
1.502185e+02 
1.502185e+02 
1.502185e+02 
1.502185e+02 
1.502185e+02 
1.502185e+02 
1.502185e+02 
1.502185e+02 
1.502185e+02 
1.502185e+02 
1.502185e+02 
1.502185e+02 
1.502185e+02 
1.502185e+02 
1.502185e+02 
1.502185e+02 
1.502185e+02 
1.502185e+02 
1.502185e+02 
1.502185e+02 
1.502185e+02 
1.502185e+02 
1.502185e+02 
1.502185e+02 
1.502185e+02 
1.502185e+02 
1.502185e+02 
1.502185e+02 
1.502185e+02 
1.502185e+02 
1.502185e+02 
1.502185e+02 
1.502185e+02 
1.502185e+02 
1.502185e+02 
1.502185e+02 
1.502185e+02 
1.502185e+02 
1.502185e+02 
1.502185e+02 
1.502185e+02 
1.502185e+02 
1.502185e+02 
1.502185e+02 
1.502185e+02 
1.502185e+02 
1.502185e+02 
1.502185e+02 
1.502185e+02 
1.502185e+02 
1.502185e+02 
1.502185e+02 
1.502185e+02 
1.502185e+02 
1.502185e+02 
1.502185e+02 
1.502185e+02 
1.502185e+02 
1.502185e+02 
1.502185e+02 
1.502185e+02 
1.502185e+02 
1.502185e+02 
1.502185e+02 
1.502185e+02 
1.502185e+02 
1.502185e+02 
1.502185e+02 
1.502185e+02 
1.502185e+02 
1.502185e+02 
1.502185e+02 
1.502185e+02 
1.502185e+02 
1.502185e+02 
1.502185e+02 
1.502185e+02 
1.502185e+02 
1.502185e+02 
1.502185e+02 
1.502185e+02 
1.502185e+02 
1.502185e+02 
1.502185e+02 
1.502185e+02 
1.502185e+02 
1.502185e+02 
1.502185e+02 
1.502185e+02 
1.502185e+02 
1.462391e+02 
1.462391e+02 
1.462391e+02 
1.462391e+02 
1.462391e+02 
1.462391e+02 
1.462391e+02 
1.462391e+02 
1.462391e+02 
1.462391e+02 
1.462391e+02 
1.462391e+02 
1.462391e+02 
1.462391e+02 
1.462391e+02 
1.462391e+02 
1.462391e+02 
1.462391e+02 
1.462391e+02 
1.462391e+02 
1.462391e+02 
1.462391e+02 
1.462391e+02 
1.462391e+02 
1.462391e+02 
1.462391e+02 
1.462391e+02 
1.462391e+02 
1.462391e+02 
1.462391e+02 
1.462391e+02 
1.462391e+02 
1.462391e+02 
1.462391e+02 
1.462391e+02 
1.462391e+02 
1.462391e+02 
1.462391e+02 
1.462391e+02 
1.462391e+02 
1.462391e+02 
1.462391e+02 
1.462391e+02 
1.462391e+02 
1.462391e+02 
1.462391e+02 
1.462391e+02 
1.462391e+02 
1.462391e+02 
1.462391e+02 
1.462391e+02 
1.462391e+02 
1.462391e+02 
1.462391e+02 
1.462391e+02 
1.462391e+02 
1.462391e+02 
1.462391e+02 
1.462391e+02 
1.462391e+02 
1.462391e+02 
1.462391e+02 
1.462391e+02 
1.462391e+02 
1.462391e+02 
1.462391e+02 
1.462391e+02 
1.462391e+02 
1.462391e+02 
1.462391e+02 
1.462391e+02 
1.462391e+02 
1.462391e+02 
1.462391e+02 
1.462391e+02 
1.462391e+02 
1.462391e+02 
1.462391e+02 
1.462391e+02 
1.462391e+02 
1.462391e+02 
1.462391e+02 
1.462391e+02 
1.462391e+02 
1.462391e+02 
1.462391e+02 
1.462391e+02 
1.462391e+02 
1.462391e+02 
1.462391e+02 
1.462391e+02 
1.462391e+02 
1.462391e+02 
1.462391e+02 
1.462391e+02 
1.462391e+02 
1.462391e+02 
1.462391e+02 
1.462391e+02 
1.462391e+02 
1.462391e+02 
1.462391e+02 
1.462391e+02 
1.462391e+02 
1.462391e+02 
1.462391e+02 
1.462391e+02 
1.462391e+02 
1.462391e+02 
1.462391e+02 
1.462391e+02 
1.462391e+02 
1.462391e+02 
1.462391e+02 
1.462391e+02 
1.462391e+02 
1.462391e+02 
1.462391e+02 
1.462391e+02 
1.462391e+02 
1.462391e+02 
1.462391e+02 
1.462391e+02 
1.462391e+02 
1.462391e+02 
1.462391e+02 
1.462391e+02 
1.462391e+02 
1.462391e+02 
1.462391e+02 
1.462391e+02 
1.462391e+02 
1.462391e+02 
1.462391e+02 
1.462391e+02 
1.462391e+02 
1.462391e+02 
1.462391e+02 
1.462391e+02 
1.462391e+02 
1.462391e+02 
1.462391e+02 
1.462391e+02 
1.462391e+02 
1.462391e+02 
1.462391e+02 
1.462391e+02 
1.462391e+02 
1.462391e+02 
1.462391e+02 
1.462391e+02 
1.462391e+02 
1.462391e+02 
1.462391e+02 
1.462391e+02 
1.462391e+02 
1.462391e+02 
1.462391e+02 
1.462391e+02 
1.462391e+02 
1.462391e+02 
1.462391e+02 
1.462391e+02 
1.462391e+02 
1.462391e+02 
1.462391e+02 
1.462391e+02 
1.462391e+02 
1.462391e+02 
1.462391e+02 
1.462391e+02 
1.462391e+02 
1.462391e+02 
1.462391e+02 
1.462391e+02 
1.462391e+02 
1.462391e+02 
1.462391e+02 
1.462391e+02 
1.462391e+02 
1.462391e+02 
1.462391e+02 
1.462391e+02 
1.462391e+02 
1.462391e+02 
1.462391e+02 
1.462391e+02 
1.462391e+02 
1.462391e+02 
1.462391e+02 
1.462391e+02 
1.462391e+02 
1.462391e+02 
1.462391e+02 
1.462391e+02 
1.462391e+02 
1.462391e+02 
1.462391e+02 
1.462391e+02 
1.462391e+02 
1.462391e+02 
1.462391e+02 
1.462391e+02 
1.462391e+02 
1.462391e+02 
1.462391e+02 
1.462391e+02 
1.462391e+02 
1.462391e+02 
1.462391e+02 
1.462391e+02 
1.462391e+02 
1.462391e+02 
1.462391e+02 
1.462391e+02 
1.462391e+02 
1.462391e+02 
1.462391e+02 
1.462391e+02 
1.462391e+02 
1.462391e+02 
1.462391e+02 
1.462391e+02 
1.462391e+02 
1.462391e+02 
1.462391e+02 
1.462391e+02 
1.462391e+02 
1.462391e+02 
1.462391e+02 
1.462391e+02 
1.462391e+02 
1.462391e+02 
1.462391e+02 
1.462391e+02 
1.462391e+02 
1.462391e+02 
1.462391e+02 
1.462391e+02 
1.462391e+02 
1.462391e+02 
1.462391e+02 
1.462391e+02 
1.462391e+02 
1.462391e+02 
1.462391e+02 
1.462391e+02 
1.462391e+02 
1.375562e+02 
1.375562e+02 
1.375562e+02 
1.375562e+02 
1.375562e+02 
1.375562e+02 
1.375562e+02 
1.375562e+02 
1.375562e+02 
1.375562e+02 
1.375562e+02 
1.375562e+02 
1.375562e+02 
1.375562e+02 
1.375562e+02 
1.375562e+02 
1.375562e+02 
1.375562e+02 
1.375562e+02 
1.375562e+02 
1.375562e+02 
1.375562e+02 
1.375562e+02 
1.375562e+02 
1.375562e+02 
1.375562e+02 
1.375562e+02 
1.375562e+02 
1.375562e+02 
1.375562e+02 
1.375562e+02 
1.375562e+02 
1.375562e+02 
1.375562e+02 
1.375562e+02 
1.375562e+02 
1.375562e+02 
1.375562e+02 
1.375562e+02 
1.375562e+02 
1.375562e+02 
1.375562e+02 
1.375562e+02 
1.375562e+02 
1.375562e+02 
1.375562e+02 
1.375562e+02 
1.375562e+02 
1.375562e+02 
1.375562e+02 
1.375562e+02 
1.375562e+02 
1.375562e+02 
1.375562e+02 
1.375562e+02 
1.375562e+02 
1.375562e+02 
1.375562e+02 
1.375562e+02 
1.375562e+02 
1.375562e+02 
1.375562e+02 
1.375562e+02 
1.375562e+02 
1.375562e+02 
1.375562e+02 
1.375562e+02 
1.375562e+02 
1.375562e+02 
1.375562e+02 
1.375562e+02 
1.375562e+02 
1.375562e+02 
1.375562e+02 
1.375562e+02 
1.375562e+02 
1.375562e+02 
1.375562e+02 
1.375562e+02 
1.375562e+02 
1.375562e+02 
1.375562e+02 
1.375562e+02 
1.375562e+02 
1.375562e+02 
1.375562e+02 
1.375562e+02 
1.375562e+02 
1.375562e+02 
1.375562e+02 
1.375562e+02 
1.375562e+02 
1.375562e+02 
1.375562e+02 
1.375562e+02 
1.375562e+02 
1.375562e+02 
1.375562e+02 
1.375562e+02 
1.375562e+02 
1.375562e+02 
1.375562e+02 
1.375562e+02 
1.375562e+02 
1.375562e+02 
1.375562e+02 
1.375562e+02 
1.375562e+02 
1.375562e+02 
1.373693e+02 
1.373693e+02 
1.373693e+02 
1.373693e+02 
1.373693e+02 
1.373693e+02 
1.373693e+02 
1.373693e+02 
1.373693e+02 
1.373693e+02 
1.373693e+02 
1.373693e+02 
1.373693e+02 
1.373693e+02 
1.373693e+02 
1.373693e+02 
1.373693e+02 
1.373693e+02 
1.373693e+02 
1.373693e+02 
1.373693e+02 
1.373693e+02 
1.373693e+02 
1.373693e+02 
1.373693e+02 
1.373693e+02 
1.373693e+02 
1.373693e+02 
1.373693e+02 
1.373693e+02 
1.373693e+02 
1.373693e+02 
1.373693e+02 
1.373693e+02 
1.373693e+02 
1.373693e+02 
1.373693e+02 
1.373693e+02 
1.373693e+02 
1.373693e+02 
1.373693e+02 
1.373693e+02 
1.373693e+02 
1.373693e+02 
1.373693e+02 
1.373693e+02 
1.373693e+02 
1.373693e+02 
1.373693e+02 
1.373693e+02 
1.373693e+02 
1.373693e+02 
1.373693e+02 
1.373693e+02 
1.373693e+02 
1.373693e+02 
1.373693e+02 
1.373693e+02 
1.373693e+02 
1.373693e+02 
1.373693e+02 
1.373693e+02 
1.373693e+02 
1.373693e+02 
1.373693e+02 
1.373693e+02 
1.373693e+02 
1.373693e+02 
1.373693e+02 
1.373693e+02 
1.373693e+02 
1.373693e+02 
1.373693e+02 
1.373693e+02 
1.373693e+02 
1.373693e+02 
1.373693e+02 
1.373693e+02 
1.373693e+02 
1.373693e+02 
1.373693e+02 
1.373693e+02 
1.373693e+02 
1.373693e+02 
1.373693e+02 
1.373693e+02 
1.373693e+02 
1.373693e+02 
1.373693e+02 
1.373693e+02 
1.373693e+02 
1.373693e+02 
1.373693e+02 
1.373693e+02 
1.373693e+02 
1.373693e+02 
1.373693e+02 
1.373693e+02 
1.373693e+02 
1.373693e+02 
1.373693e+02 
1.373693e+02 
1.373693e+02 
1.373693e+02 
1.373693e+02 
1.373693e+02 
1.373693e+02 
1.373693e+02 
1.373693e+02 
1.373693e+02 
1.373693e+02 
1.373693e+02 
1.373693e+02 
1.373693e+02 
1.373693e+02 
1.373693e+02 
1.373693e+02 
1.373693e+02 
1.373693e+02 
1.373693e+02 
1.373693e+02 
1.373693e+02 
1.373693e+02 
1.373693e+02 
1.373693e+02 
1.373693e+02 
1.373693e+02 
1.373693e+02 
1.373693e+02 
1.373693e+02 
1.373693e+02 
1.373693e+02 
1.373693e+02 
1.373693e+02 
1.373693e+02 
1.373693e+02 
1.373693e+02 
1.373693e+02 
1.373693e+02 
1.373693e+02 
1.373693e+02 
1.373693e+02 
1.373693e+02 
1.373693e+02 
1.373693e+02 
1.373693e+02 
1.373693e+02 
1.373693e+02 
1.373693e+02 
1.373693e+02 
1.373693e+02 
1.373693e+02 
1.373693e+02 
1.373693e+02 
1.373693e+02 
1.373693e+02 
1.373693e+02 
1.373693e+02 
1.373693e+02 
1.373693e+02 
1.373693e+02 
1.373693e+02 
1.373693e+02 
1.373693e+02 
1.373693e+02 
1.373693e+02 
1.373693e+02 
1.373693e+02 
1.373693e+02 
1.373693e+02 
1.373693e+02 
1.373693e+02 
1.373693e+02 
1.373693e+02 
1.373693e+02 
1.373693e+02 
1.373693e+02 
1.373693e+02 
1.373693e+02 
1.373693e+02 
1.373693e+02 
1.373693e+02 
1.373693e+02 
1.373693e+02 
1.373693e+02 
1.367999e+02 
1.367999e+02 
1.367999e+02 
1.367999e+02 
1.367999e+02 
1.367999e+02 
1.367999e+02 
1.361230e+02 
1.361230e+02 
1.361230e+02 
1.361230e+02 
1.361230e+02 
1.361230e+02 
1.361230e+02 
1.361230e+02 
1.361230e+02 
1.361230e+02 
1.361230e+02 
1.348482e+02 
1.348482e+02 
1.348482e+02 
1.348482e+02 
1.348482e+02 
1.348482e+02 
1.348482e+02 
1.345394e+02 
1.345394e+02 
1.345394e+02 
1.345394e+02 
1.345394e+02 
1.345394e+02 
1.345394e+02 
1.345394e+02 
1.345394e+02 
1.345394e+02 
1.345394e+02 
1.345394e+02 
1.344314e+02 
1.344314e+02 
1.344314e+02 
1.344314e+02 
1.341465e+02 
1.341465e+02 
1.341465e+02 
1.341465e+02 
1.341465e+02 
1.341465e+02 
1.341465e+02 
1.340905e+02 
1.340905e+02 
1.340905e+02 
1.340905e+02 
1.340860e+02 
1.340860e+02 
1.340860e+02 
1.340738e+02 
1.340738e+02 
1.340710e+02 
1.340710e+02 
1.340669e+02 
1.340669e+02 
1.340669e+02 
1.340669e+02 
1.340623e+02 
1.340592e+02 
1.340592e+02 
1.340592e+02 
1.340592e+02 
1.340520e+02 
1.340450e+02 
1.340415e+02 
1.340400e+02 
1.340396e+02 
1.340396e+02 
1.340396e+02 
1.340341e+02 
1.340240e+02 
1.340161e+02 
1.340098e+02 
1.340048e+02 
1.340009e+02 
1.339977e+02 
1.339953e+02 
1.339933e+02 
1.339918e+02 
1.339905e+02 
1.339896e+02 
1.339888e+02 
1.339882e+02 
1.339877e+02 
1.339873e+02 
1.339870e+02 
1.339867e+02 
1.339865e+02 
1.339864e+02 
1.339863e+02 
1.339862e+02 
1.339861e+02 
1.339860e+02 
1.339860e+02 
1.339859e+02 
1.339859e+02 
1.339859e+02 
1.339859e+02 
1.339859e+02 
1.339858e+02 
1.339858e+02 
1.339858e+02 
1.339858e+02 
1.339858e+02 
1.339858e+02 
1.339858e+02 
1.339858e+02 
1.339858e+02 
1.339858e+02 
1.339858e+02 
1.339858e+02 
1.339858e+02 
1.339858e+02 
1.339858e+02 
1.339858e+02 
1.339858e+02 
1.339858e+02 
1.339858e+02 
1.339858e+02 
1.339858e+02 
1.339858e+02 
1.339858e+02 
1.339858e+02 
1.339858e+02 
1.339858e+02 
1.339858e+02 
1.339858e+02 
1.339858e+02 
1.339858e+02 
1.339858e+02 
1.339858e+02 
1.339858e+02 
1.339858e+02 
1.339858e+02 
1.339858e+02 
1.339858e+02 
1.339858e+02 
1.339858e+02 
1.339858e+02 
1.339858e+02 
1.339858e+02 
1.339858e+02 
1.339858e+02 
1.339858e+02 
1.339858e+02 
1.293096e+02 
1.253236e+02 
1.194197e+02 
1.152209e+02 
1.129179e+02 
1.114227e+02 
1.073778e+02 
1.073778e+02 
1.073778e+02 
1.026068e+02 
9.461897e+01 
9.336492e+01 
9.336492e+01 
9.251698e+01 
9.180602e+01 
9.180602e+01 
9.180602e+01 
9.176647e+01 
9.176647e+01 
9.147059e+01 
9.053112e+01 
9.001116e+01 
8.974362e+01 
8.962403e+01 
8.958763e+01 
8.958763e+01 
8.958763e+01 
8.948717e+01 
8.916756e+01 
8.892235e+01 
8.873326e+01 
8.858680e+01 
8.847295e+01 
8.838418e+01 
8.831480e+01 
8.826046e+01 
8.821783e+01 
8.818434e+01 
8.815801e+01 
8.813730e+01 
8.812099e+01 
8.810814e+01 
8.809801e+01 
8.809003e+01 
8.808373e+01 
8.807877e+01 
8.807486e+01 
8.807177e+01 
8.806934e+01 
8.806742e+01 
8.806590e+01 
8.806471e+01 
8.806376e+01 
8.806302e+01 
8.806243e+01 
8.806197e+01 
8.806161e+01 
8.806132e+01 
8.806109e+01 
8.806091e+01 
8.806077e+01 
8.806066e+01 
8.806058e+01 
8.806051e+01 
8.806045e+01 
8.806041e+01 
8.806037e+01 
8.806035e+01 
8.806033e+01 
8.806031e+01 
8.806030e+01 
8.806029e+01 
8.806028e+01 
8.806027e+01 
8.806027e+01 
8.806026e+01 
8.806026e+01 
8.806026e+01 
8.806026e+01 
8.806026e+01 
8.737692e+01 
8.737692e+01 
8.601359e+01 
8.601359e+01 
8.601359e+01 
8.240323e+01 
8.240323e+01 
8.240323e+01 
8.240323e+01 
8.165454e+01 
8.165454e+01 
8.165454e+01 
8.165454e+01 
8.165454e+01 
8.165454e+01 
8.096707e+01 
8.096707e+01 
8.096707e+01 
8.096707e+01 
7.791404e+01 
7.791404e+01 
7.766066e+01 
7.766066e+01 
7.766066e+01 
7.766066e+01 
7.766066e+01 
7.766066e+01 
7.766066e+01 
7.766066e+01 
7.766066e+01 
7.766066e+01 
7.766066e+01 
7.766066e+01 
7.766066e+01 
7.766066e+01 
7.766066e+01 
7.766066e+01 
7.766066e+01 
7.766066e+01 
7.766066e+01 
7.766066e+01 
7.766066e+01 
7.766066e+01 
7.766066e+01 
7.766066e+01 
7.766066e+01 
7.766066e+01 
7.766066e+01 
7.766066e+01 
7.766066e+01 
7.766066e+01 
7.661445e+01 
7.661445e+01 
7.661445e+01 
7.661445e+01 
7.661445e+01 
7.661445e+01 
7.661445e+01 
7.661445e+01 
7.661445e+01 
7.661445e+01 
7.661445e+01 
7.661445e+01 
7.661445e+01 
7.661445e+01 
7.661445e+01 
7.661445e+01 
7.661445e+01 
7.661445e+01 
7.661445e+01 
7.661445e+01 
7.661445e+01 
7.661445e+01 
7.661445e+01 
7.661445e+01 
7.638943e+01 
7.638943e+01 
7.638943e+01 
7.638943e+01 
7.638943e+01 
7.638943e+01 
7.638943e+01 
7.638943e+01 
7.638943e+01 
7.638943e+01 
7.638943e+01 
7.638943e+01 
7.638943e+01 
7.638943e+01 
7.638943e+01 
7.638943e+01 
7.638943e+01 
7.638943e+01 
7.638943e+01 
7.638943e+01 
7.638943e+01 
7.638943e+01 
7.638943e+01 
7.638943e+01 
7.638943e+01 
7.638943e+01 
7.638943e+01 
7.638943e+01 
7.638943e+01 
7.638943e+01 
7.638943e+01 
7.638943e+01 
7.638943e+01 
7.638943e+01 
7.638943e+01 
7.638943e+01 
7.638943e+01 
7.638943e+01 
7.638943e+01 
7.638943e+01 
7.638943e+01 
7.638943e+01 
7.638943e+01 
7.638943e+01 
7.638943e+01 
7.638943e+01 
7.638943e+01 
7.638943e+01 
7.638943e+01 
7.638943e+01 
7.638943e+01 
7.638943e+01 
7.638943e+01 
7.638943e+01 
7.638943e+01 
7.638943e+01 
7.638943e+01 
6.869778e+01 
6.869778e+01 
6.869778e+01 
6.869778e+01 
6.869778e+01 
6.726460e+01 
6.726460e+01 
6.726460e+01 
6.726460e+01 
6.726460e+01 
6.726460e+01 
6.726460e+01 
6.726460e+01 
6.726460e+01 
6.726460e+01 
6.726460e+01 
6.726460e+01 
6.726460e+01 
6.726460e+01 
6.726460e+01 
6.726460e+01 
6.726460e+01 
6.726460e+01 
6.726460e+01 
6.726460e+01 
6.726460e+01 
6.726460e+01 
6.726460e+01 
6.726460e+01 
6.726460e+01 
6.726460e+01 
6.726460e+01 
6.726460e+01 
6.726460e+01 
6.726460e+01 
6.726460e+01 
6.726460e+01 
6.726460e+01 
6.726460e+01 
6.726460e+01 
6.726460e+01 
6.726460e+01 
6.726460e+01 
6.726460e+01 
6.726460e+01 
6.717934e+01 
6.717934e+01 
6.717934e+01 
6.717934e+01 
6.717934e+01 
6.717934e+01 
6.717934e+01 
6.717934e+01 
6.717934e+01 
6.717934e+01 
6.717934e+01 
6.717934e+01 
6.717934e+01 
6.717934e+01 
6.717934e+01 
6.717934e+01 
6.717934e+01 
6.717934e+01 
6.717934e+01 
6.717934e+01 
6.717934e+01 
6.717934e+01 
6.717934e+01 
6.717934e+01 
6.717934e+01 
6.717934e+01 
6.717934e+01 
6.717934e+01 
6.717934e+01 
6.717934e+01 
6.717934e+01 
6.717934e+01 
6.717934e+01 
6.717934e+01 
6.717934e+01 
6.704270e+01 
6.704270e+01 
6.704270e+01 
6.704270e+01 
6.704270e+01 
6.704270e+01 
6.704270e+01 
6.704270e+01 
6.681446e+01 
6.681446e+01 
6.681446e+01 
6.681446e+01 
6.681446e+01 
6.681446e+01 
6.681446e+01 
6.681446e+01 
6.681446e+01 
6.681446e+01 
6.681446e+01 
6.681446e+01 
6.681446e+01 
6.681446e+01 
6.681446e+01 
6.681446e+01 
6.681446e+01 
6.681446e+01 
6.681446e+01 
6.681446e+01 
6.681446e+01 
6.677336e+01 
6.677336e+01 
6.677336e+01 
6.677336e+01 
6.634139e+01 
6.598551e+01 
6.571605e+01 
6.551104e+01 
6.535448e+01 
6.523454e+01 
6.514243e+01 
6.507157e+01 
6.501696e+01 
6.497483e+01 
6.494231e+01 
6.491717e+01 
6.489775e+01 
6.488272e+01 
6.487110e+01 
6.486211e+01 
6.485515e+01 
6.484976e+01 
6.484559e+01 
6.484237e+01 
5.590977e+01 
5.542915e+01 
5.542915e+01 
4.639296e+01 
4.639296e+01 
4.639296e+01 
4.639296e+01 
4.639296e+01 
4.575696e+01 
4.575696e+01 
4.575696e+01 
4.575696e+01 
4.575696e+01 
4.020774e+01 
4.020774e+01 
4.020774e+01 
4.020774e+01 
4.020774e+01 
4.020774e+01 
4.020774e+01 
4.020774e+01 
4.020774e+01 
4.020774e+01 
4.020774e+01 
4.020774e+01 
4.020774e+01 
4.020774e+01 
4.020774e+01 
4.020774e+01 
4.020774e+01 
4.020774e+01 
4.020774e+01 
4.020774e+01 
4.020774e+01 
4.020774e+01 
4.020774e+01 
4.020774e+01 
4.020774e+01 
4.020774e+01 
4.020774e+01 
4.020774e+01 
4.020774e+01 
4.020774e+01 
4.020774e+01 
4.020774e+01 
4.020774e+01 
4.020774e+01 
4.020774e+01 
4.020774e+01 
4.020774e+01 
4.020774e+01 
4.020774e+01 
4.020774e+01 
4.020774e+01 
4.020774e+01 
4.020774e+01 
4.020774e+01 
4.020774e+01 
4.020774e+01 
4.020774e+01 
4.020774e+01 
4.020774e+01 
4.020774e+01 
4.020774e+01 
4.020774e+01 
4.020774e+01 
4.020774e+01 
4.020774e+01 
4.020774e+01 
4.003338e+01 
4.003338e+01 
4.003338e+01 
4.003338e+01 
4.003338e+01 
4.003338e+01 
4.003338e+01 
4.003338e+01 
4.003338e+01 
4.003338e+01 
4.003338e+01 
4.003338e+01 
4.003338e+01 
4.003338e+01 
4.003338e+01 
4.003338e+01 
4.003338e+01 
4.003338e+01 
4.003338e+01 
4.003338e+01 
4.003338e+01 
4.003338e+01 
4.003338e+01 
4.003338e+01 
4.003338e+01 
4.003338e+01 
4.003338e+01 
4.003338e+01 
4.003338e+01 
4.003338e+01 
4.003338e+01 
4.003338e+01 
4.003338e+01 
3.633365e+01 
3.633365e+01 
3.633365e+01 
3.633365e+01 
3.633365e+01 
3.633365e+01 
3.633365e+01 
3.633365e+01 
3.633365e+01 
3.633365e+01 
3.633365e+01 
3.633365e+01 
3.633365e+01 
3.633365e+01 
3.633365e+01 
3.633365e+01 
3.633365e+01 
3.633365e+01 
3.633365e+01 
3.633365e+01 
3.633365e+01 
3.633365e+01 
3.633365e+01 
3.633365e+01 
3.633365e+01 
3.633365e+01 
3.633365e+01 
3.633365e+01 
3.633365e+01 
3.633365e+01 
3.633365e+01 
3.633365e+01 
3.633365e+01 
3.633365e+01 
3.633365e+01 
3.633365e+01 
3.633365e+01 
3.633365e+01 
3.633365e+01 
3.633365e+01 
3.633365e+01 
3.633365e+01 
3.633365e+01 
3.633365e+01 
3.633365e+01 
3.633365e+01 
3.633365e+01 
3.633365e+01 
3.633365e+01 
3.633365e+01 
3.633365e+01 
3.633365e+01 
3.633365e+01 
3.633365e+01 
3.633365e+01 
3.633365e+01 
3.633365e+01 
3.633365e+01 
3.633365e+01 
3.633365e+01 
3.633365e+01 
3.633365e+01 
3.633365e+01 
3.633365e+01 
3.633365e+01 
3.633365e+01 
3.633365e+01 
3.633365e+01 
3.633365e+01 
3.633365e+01 
3.633365e+01 
3.633365e+01 
3.633365e+01 
3.633365e+01 
3.633365e+01 
3.633365e+01 
3.633365e+01 
3.633365e+01 
3.633365e+01 
3.633365e+01 
3.633365e+01 
3.633365e+01 
3.633365e+01 
3.633365e+01 
3.633365e+01 
3.633365e+01 
3.633365e+01 
3.633365e+01 
3.633365e+01 
3.633365e+01 
3.633365e+01 
3.633365e+01 
3.633365e+01 
3.633365e+01 
3.633365e+01 
3.633365e+01 
3.633365e+01 
3.633365e+01 
3.633365e+01 
3.633365e+01 
3.633365e+01 
3.633365e+01 
3.633365e+01 
3.633365e+01 
3.633365e+01 
3.633365e+01 
3.633365e+01 
3.633365e+01 
3.633365e+01 
3.633365e+01 
3.633365e+01 
3.633365e+01 
3.633365e+01 
3.633365e+01 
3.633365e+01 
3.633365e+01 
3.633365e+01 
3.633365e+01 
3.633365e+01 
3.633365e+01 
3.633365e+01 
3.633365e+01 
3.633365e+01 
3.633365e+01 
3.633365e+01 
3.633365e+01 
3.633365e+01 
3.633365e+01 
3.633365e+01 
3.633365e+01 
3.633365e+01 
3.633365e+01 
3.633365e+01 
3.633365e+01 
3.633365e+01 
3.633365e+01 
3.633365e+01 
3.633365e+01 
3.633365e+01 
3.633365e+01 
3.633365e+01 
3.633365e+01 
3.633365e+01 
3.633365e+01 
3.633365e+01 
3.633365e+01 
3.633365e+01 
3.633365e+01 
3.633365e+01 
3.633365e+01 
3.633365e+01 
3.633365e+01 
3.633365e+01 
3.633365e+01 
3.633365e+01 
3.633365e+01 
3.633365e+01 
3.633365e+01 
3.633365e+01 
3.633365e+01 
3.633365e+01 
3.633365e+01 
3.633365e+01 
3.633365e+01 
3.633365e+01 
3.633365e+01 
3.633365e+01 
3.633365e+01 
3.633365e+01 
3.633365e+01 
3.633365e+01 
3.633365e+01 
3.633365e+01 
3.497494e+01 
3.497494e+01 
3.497494e+01 
3.497494e+01 
3.497494e+01 
3.497494e+01 
3.497494e+01 
3.497494e+01 
3.497494e+01 
3.497494e+01 
3.497494e+01 
3.497494e+01 
3.497494e+01 
3.497494e+01 
3.497494e+01 
3.497494e+01 
3.497494e+01 
3.497494e+01 
3.497494e+01 
3.497494e+01 
3.497494e+01 
3.497494e+01 
3.497494e+01 
3.497494e+01 
3.497494e+01 
3.497494e+01 
3.497494e+01 
3.497494e+01 
3.497494e+01 
3.497494e+01 
3.497494e+01 
3.497494e+01 
3.497494e+01 
3.497494e+01 
3.497494e+01 
3.497494e+01 
3.497494e+01 
3.497494e+01 
3.497494e+01 
3.497494e+01 
3.497494e+01 
3.497494e+01 
3.497494e+01 
3.497494e+01 
3.497494e+01 
3.497494e+01 
3.497494e+01 
3.497494e+01 
3.497494e+01 
3.497494e+01 
3.497494e+01 
3.497494e+01 
3.497494e+01 
3.497494e+01 
3.497494e+01 
3.497494e+01 
3.497494e+01 
3.497494e+01 
3.497494e+01 
3.497494e+01 
3.497494e+01 
3.497494e+01 
3.497494e+01 
3.497494e+01 
3.497494e+01 
3.497494e+01 
3.497494e+01 
3.497494e+01 
3.497494e+01 
3.497494e+01 
3.497494e+01 
3.497494e+01 
3.480137e+01 
3.480137e+01 
3.480137e+01 
3.139096e+01 
3.139096e+01 
3.139096e+01 
3.139096e+01 
3.139096e+01 
3.139096e+01 
3.139096e+01 
3.139096e+01 
3.139096e+01 
3.139096e+01 
3.139096e+01 
3.139096e+01 
3.139096e+01 
3.139096e+01 
3.139096e+01 
3.139096e+01 
3.139096e+01 
3.139096e+01 
3.139096e+01 
3.139096e+01 
3.139096e+01 
3.139096e+01 
3.139096e+01 
3.139096e+01 
3.139096e+01 
3.139096e+01 
3.139096e+01 
3.139096e+01 
3.139096e+01 
3.139096e+01 
3.139096e+01 
3.139096e+01 
3.139096e+01 
3.139096e+01 
3.139096e+01 
3.139096e+01 
3.139096e+01 
3.139096e+01 
3.139096e+01 
3.139096e+01 
3.139096e+01 
3.139096e+01 
3.139096e+01 
3.139096e+01 
3.084924e+01 
3.084924e+01 
3.084924e+01 
3.084924e+01 
3.084924e+01 
3.084924e+01 
3.084924e+01 
3.084924e+01 
3.084924e+01 
3.084924e+01 
3.084924e+01 
3.084924e+01 
3.084924e+01 
3.084924e+01 
3.084924e+01 
3.084924e+01 
3.084924e+01 
3.084924e+01 
3.084924e+01 
3.084924e+01 
3.084924e+01 
3.084924e+01 
3.084924e+01 
3.084924e+01 
3.084924e+01 
3.084924e+01 
3.084924e+01 
3.084924e+01 
3.084924e+01 
3.084924e+01 
3.084924e+01 
3.084924e+01 
3.084924e+01 
3.084924e+01 
3.084924e+01 
3.084924e+01 
3.084924e+01 
3.084924e+01 
3.084924e+01 
3.084924e+01 
3.084924e+01 
3.084924e+01 
3.084924e+01 
3.084924e+01 
3.084924e+01 
3.084924e+01 
3.084924e+01 
3.084924e+01 
3.084924e+01 
3.084924e+01 
2.908397e+01 
2.908397e+01 
2.908397e+01 
2.908397e+01 
2.908397e+01 
2.908397e+01 
2.908397e+01 
2.908397e+01 
2.908397e+01 
2.908397e+01 
2.908397e+01 
2.908397e+01 
2.908397e+01 
2.908397e+01 
2.908397e+01 
2.908397e+01 
2.908397e+01 
2.908397e+01 
2.908397e+01 
2.908397e+01 
2.908397e+01 
2.908397e+01 
2.908397e+01 
2.908397e+01 
2.908397e+01 
2.908397e+01 
2.908397e+01 
2.908397e+01 
2.908397e+01 
2.908397e+01 
2.908397e+01 
2.908397e+01 
2.841032e+01 
2.841032e+01 
2.841032e+01 
2.841032e+01 
2.841032e+01 
2.841032e+01 
2.841032e+01 
2.841032e+01 
2.813334e+01 
2.813334e+01 
2.813334e+01 
2.813334e+01 
2.813334e+01 
2.813334e+01 
2.813334e+01 
2.624698e+01 
2.624698e+01 
2.624698e+01 
2.624698e+01 
2.624698e+01 
2.624698e+01 
2.624698e+01 
2.624698e+01 
2.624698e+01 
2.624698e+01 
2.624698e+01 
2.624698e+01 
2.624698e+01 
2.624698e+01 
2.624698e+01 
2.624698e+01 
2.624698e+01 
2.624698e+01 
2.624698e+01 
2.624698e+01 
2.624698e+01 
2.624698e+01 
2.624698e+01 
2.624698e+01 
2.624698e+01 
2.624698e+01 
2.624698e+01 
2.624698e+01 
2.624698e+01 
2.624698e+01 
2.624698e+01 
2.624698e+01 
2.624698e+01 
2.624698e+01 
2.624698e+01 
2.624698e+01 
2.624698e+01 
2.429887e+01 
2.429887e+01 
2.429887e+01 
2.429887e+01 
2.429887e+01 
2.429887e+01 
2.429887e+01 
2.227946e+01 
2.227946e+01 
1.977149e+01 
1.977149e+01 
1.977149e+01 
1.977149e+01 
1.977149e+01 
1.977149e+01 
1.974708e+01 
1.974708e+01 
1.974708e+01 
1.974708e+01 
1.930832e+01 
1.930832e+01 
1.915809e+01 
1.915809e+01 
1.915809e+01 
1.915809e+01 
1.915809e+01 
1.825687e+01 
1.825687e+01 
1.825687e+01 
1.825687e+01 
1.825687e+01 
1.825687e+01 
1.825687e+01 
1.825687e+01 
1.825687e+01 
1.825687e+01 
1.825687e+01 
1.825687e+01 
1.825687e+01 
1.813971e+01 
1.813971e+01 
1.813971e+01 
1.763920e+01 
1.763920e+01 
1.763920e+01 
1.763920e+01 
1.763920e+01 
1.763920e+01 
1.763920e+01 
1.763920e+01 
1.763920e+01 
1.763920e+01 
1.763920e+01 
1.756761e+01 
1.756761e+01 
1.756761e+01 
1.756761e+01 
1.756761e+01 
1.756761e+01 
1.756761e+01 
1.756761e+01 
1.756761e+01 
1.756761e+01 
1.756761e+01 
1.756761e+01 
1.756761e+01 
1.756761e+01 
1.754478e+01 
1.749001e+01 
1.747853e+01 
1.747853e+01 
1.747853e+01 
1.747853e+01 
1.747592e+01 
1.747592e+01 
1.747592e+01 
1.747592e+01 
1.747592e+01 
1.747592e+01 
1.747592e+01 
1.747592e+01 
1.747592e+01 
1.747592e+01 
1.747592e+01 
1.747592e+01 
1.747592e+01 
1.747592e+01 
1.747592e+01 
1.747592e+01 
1.747592e+01 
1.747592e+01 
1.747592e+01 
1.747592e+01 
1.747592e+01 
1.747592e+01 
1.747592e+01 
1.747592e+01 
1.747592e+01 
1.747592e+01 
1.747592e+01 
1.747592e+01 
1.747592e+01 
1.747592e+01 
1.747592e+01 
1.747592e+01 
1.747592e+01 
1.747592e+01 
1.747592e+01 
1.747588e+01 
1.747588e+01 
1.747588e+01 
1.747588e+01 
1.747588e+01 
1.747588e+01 
1.747588e+01 
1.747588e+01 
1.747583e+01 
1.747583e+01 
1.747583e+01 
1.747583e+01 
1.747539e+01 
1.747494e+01 
1.747466e+01 
1.747447e+01 
1.747435e+01 
1.747427e+01 
1.747421e+01 
1.747417e+01 
1.747414e+01 
1.747412e+01 
1.747410e+01 
1.747409e+01 
1.747408e+01 
1.747408e+01 
1.747407e+01 
1.747407e+01 
1.747407e+01 
1.747407e+01 
1.747407e+01 
1.747406e+01 
1.747406e+01 
1.747406e+01 
1.747406e+01 
1.747406e+01 
1.747406e+01 
1.747406e+01 
1.747406e+01 
1.747406e+01 
1.747406e+01 
1.747406e+01 
1.747406e+01 
1.747406e+01 
1.747406e+01 
1.747406e+01 
1.747406e+01 
1.747406e+01 
1.747406e+01 
1.747406e+01 
1.747406e+01 
1.747406e+01 
1.747406e+01 
1.747406e+01 
1.747406e+01 
1.747406e+01 
1.672938e+01 
1.645793e+01 
1.626566e+01 
1.561913e+01 
1.561913e+01 
1.561913e+01 
1.491154e+01 
1.491154e+01 
1.491154e+01 
1.491154e+01 
1.418115e+01 
1.363148e+01 
1.362883e+01 
1.362883e+01 
1.362883e+01 
1.362883e+01 
1.338243e+01 
1.338243e+01 
1.338243e+01 
1.328882e+01 
1.327059e+01 
1.327059e+01 
1.327059e+01 
1.327059e+01 
1.327059e+01 
1.327059e+01 
1.327059e+01 
1.327059e+01 
1.326237e+01 
1.326237e+01 
1.326237e+01 
1.326237e+01 
1.323298e+01 
1.323298e+01 
1.323298e+01 
1.323298e+01 
1.323298e+01 
1.323199e+01 
1.323199e+01 
1.323199e+01 
1.323199e+01 
1.323199e+01 
1.319609e+01 
1.319609e+01 
1.316170e+01 
1.316125e+01 
1.316125e+01 
1.315406e+01 
1.315213e+01 
1.315213e+01 
1.315213e+01 
1.315131e+01 
1.315131e+01 
1.315131e+01 
1.315131e+01 
1.315131e+01 
1.315131e+01 
1.315039e+01 
1.315039e+01 
1.315039e+01 
1.315039e+01 
1.315039e+01 
1.315039e+01 
1.315039e+01 
1.315039e+01 
1.315039e+01 
1.315039e+01 
1.315039e+01 
1.315039e+01 
1.315039e+01 
1.315039e+01 
1.315039e+01 
1.315039e+01 
1.315039e+01 
1.315039e+01 
1.315039e+01 
1.315039e+01 
1.315039e+01 
1.315039e+01 
1.315039e+01 
1.315039e+01 
1.315039e+01 
1.315039e+01 
1.315016e+01 
1.315016e+01 
1.315016e+01 
1.315016e+01 
1.315016e+01 
1.315016e+01 
1.315016e+01 
1.315016e+01 
1.315016e+01 
1.315016e+01 
1.315016e+01 
1.315016e+01 
1.315001e+01 
1.314990e+01 
1.314990e+01 
1.314990e+01 
1.314990e+01 
1.314990e+01 
1.314990e+01 
1.314990e+01 
1.314990e+01 
1.314990e+01 
1.314990e+01 
1.314990e+01 
1.314990e+01 
1.314990e+01 
1.314990e+01 
1.314990e+01 
1.314990e+01 
1.314986e+01 
1.314986e+01 
1.314986e+01 
1.314985e+01 
1.314984e+01 
1.314984e+01 
1.314984e+01 
1.314984e+01 
1.314982e+01 
1.314980e+01 
1.314980e+01 
1.314980e+01 
1.314980e+01 
1.314976e+01 
1.314974e+01 
1.314973e+01 
1.314973e+01 
1.314972e+01 
1.314972e+01 
1.314971e+01 
1.314971e+01 
1.314971e+01 
1.314971e+01 
1.314971e+01 
1.314971e+01 
1.314971e+01 
1.314971e+01 
1.314971e+01 
1.314971e+01 
1.314971e+01 
1.314971e+01 
1.314971e+01 
1.314971e+01 
1.314971e+01 
1.314971e+01 
1.314971e+01 
1.314971e+01 
1.314971e+01 
1.314971e+01 
1.314971e+01 
1.314971e+01 
1.314971e+01 
1.314971e+01 
1.314971e+01 
1.292245e+01 
1.205505e+01 
1.205505e+01 
1.205505e+01 
1.205505e+01 
1.205505e+01 
1.205505e+01 
1.205505e+01 
1.205505e+01 
1.205505e+01 
1.205505e+01 
1.205505e+01 
1.202279e+01 
1.202279e+01 
1.202279e+01 
1.202279e+01 
1.202279e+01 
1.200754e+01 
1.200754e+01 
1.200754e+01 
1.200754e+01 
1.200754e+01 
1.200754e+01 
1.200754e+01 
1.200754e+01 
1.200120e+01 
1.200120e+01 
1.200120e+01 
1.200120e+01 
1.200120e+01 
1.200120e+01 
1.200120e+01 
1.200120e+01 
1.200120e+01 
1.200120e+01 
1.200120e+01 
1.200120e+01 
1.200120e+01 
1.167453e+01 
1.167453e+01 
1.167453e+01 
1.167453e+01 
1.167453e+01 
1.167453e+01 
1.167453e+01 
1.167453e+01 
1.167453e+01 
1.167453e+01 
1.167453e+01 
1.167453e+01 
1.167453e+01 
1.162423e+01 
1.162423e+01 
1.162423e+01 
1.162423e+01 
1.162423e+01 
1.162423e+01 
1.156225e+01 
1.156225e+01 
1.065791e+01 
1.065791e+01 
1.065791e+01 
1.065791e+01 
1.065791e+01 
1.065791e+01 
1.065791e+01 
1.065791e+01 
1.065791e+01 
1.046503e+01 
1.046503e+01 
1.046503e+01 
1.046503e+01 
1.046503e+01 
1.046503e+01 
1.046503e+01 
1.046503e+01 
1.046503e+01 
1.046503e+01 
1.046503e+01 
1.046503e+01 
1.046503e+01 
1.046503e+01 
1.046503e+01 
1.046503e+01 
1.046503e+01 
1.046503e+01 
1.046503e+01 
1.046503e+01 
1.046503e+01 
1.044168e+01 
1.044168e+01 
1.044168e+01 
1.044168e+01 
1.040436e+01 
1.040436e+01 
1.040436e+01 
1.040436e+01 
1.040436e+01 
1.040436e+01 
1.040436e+01 
1.040436e+01 
1.040436e+01 
1.040436e+01 
1.040436e+01 
1.040436e+01 
1.040436e+01 
1.040436e+01 
1.040436e+01 
1.040436e+01 
1.040436e+01 
1.040436e+01 
1.040436e+01 
1.040436e+01 
1.040436e+01 
1.040436e+01 
1.040436e+01 
1.040436e+01 
1.040436e+01 
1.040436e+01 
1.040436e+01 
1.040436e+01 
1.040436e+01 
1.040436e+01 
1.040436e+01 
1.040436e+01 
1.040436e+01 
1.040436e+01 
1.040436e+01 
1.040436e+01 
1.040436e+01 
1.040436e+01 
1.040436e+01 
1.040436e+01 
1.040436e+01 
1.040436e+01 
1.040436e+01 
1.040436e+01 
1.040436e+01 
1.040436e+01 
1.040436e+01 
1.040436e+01 
1.040436e+01 
1.040436e+01 
1.040436e+01 
1.040436e+01 
1.040436e+01 
1.040436e+01 
1.040436e+01 
1.040436e+01 
1.040436e+01 
1.040436e+01 
1.040436e+01 
1.035264e+01 
1.035264e+01 
1.035264e+01 
1.035264e+01 
1.035264e+01 
1.035264e+01 
1.035264e+01 
1.035264e+01 
1.035264e+01 
1.035264e+01 
1.035264e+01 
1.035264e+01 
1.035264e+01 
1.035264e+01 
1.035264e+01 
1.035264e+01 
1.035264e+01 
1.035264e+01 
1.035264e+01 
1.035264e+01 
1.035264e+01 
1.035264e+01 
1.035264e+01 
1.035264e+01 
1.035264e+01 
1.035264e+01 
1.035264e+01 
1.035264e+01 
1.035264e+01 
1.035264e+01 
1.035264e+01 
1.035264e+01 
1.035264e+01 
1.035264e+01 
1.035264e+01 
1.035264e+01 
1.035264e+01 
1.035264e+01 
1.035264e+01 
1.035264e+01 
1.035264e+01 
1.035264e+01 
1.035264e+01 
1.035264e+01 
1.035264e+01 
1.035264e+01 
1.035264e+01 
1.035264e+01 
1.035264e+01 
1.035264e+01 
1.035264e+01 
1.035264e+01 
1.035264e+01 
1.035264e+01 
1.035264e+01 
1.035264e+01 
1.035264e+01 
1.035264e+01 
1.035264e+01 
1.035264e+01 
1.035264e+01 
1.035264e+01 
1.035264e+01 
1.035264e+01 
1.035264e+01 
1.035264e+01 
1.035264e+01 
1.035264e+01 
1.035264e+01 
1.035264e+01 
1.035264e+01 
1.035264e+01 
1.035264e+01 
1.035264e+01 
1.035264e+01 
1.035264e+01 
1.035264e+01 
1.035264e+01 
1.035264e+01 
1.035264e+01 
1.035264e+01 
1.035264e+01 
1.035264e+01 
1.035264e+01 
1.035264e+01 
1.035264e+01 
1.034969e+01 
1.018572e+01 
1.018572e+01 
1.018572e+01 
1.018572e+01 
1.018572e+01 
1.018572e+01 
1.018572e+01 
1.018572e+01 
1.018572e+01 
1.018572e+01 
1.010940e+01 
1.010940e+01 
1.010940e+01 
1.010940e+01 
1.009715e+01 
1.007171e+01 
1.007171e+01 
1.004557e+01 
1.004557e+01 
1.004557e+01 
1.004557e+01 
1.004557e+01 
1.003594e+01 
1.003594e+01 
1.003594e+01 
1.003594e+01 
1.003467e+01 
1.003467e+01 
1.003467e+01 
1.003467e+01 
1.003467e+01 
1.003467e+01 
1.003463e+01 
1.003463e+01 
1.003463e+01 
1.003463e+01 
1.003463e+01 
1.003463e+01 
1.003463e+01 
1.003463e+01 
1.003440e+01 
1.003440e+01 
1.003383e+01 
1.003383e+01 
1.003383e+01 
1.003383e+01 
1.003383e+01 
1.003383e+01 
1.003383e+01 
1.003383e+01 
1.002854e+01 
1.002543e+01 
1.002468e+01 
1.002468e+01 
1.002468e+01 
1.002468e+01 
1.002448e+01 
1.002406e+01 
1.002400e+01 
1.001728e+01 
1.000229e+01 
1.000229e+01 
1.000229e+01 
9.998508e+00 
9.996435e+00 
9.996435e+00 
9.996435e+00 
9.996435e+00 
9.996435e+00 
9.996435e+00 
9.996435e+00 
9.996435e+00 
9.996435e+00 
9.986714e+00 
9.986714e+00 
9.986714e+00 
9.986714e+00 
9.985858e+00 
9.985858e+00 
9.985858e+00 
9.985858e+00 
9.980714e+00 
9.979001e+00 
9.979001e+00 
9.976995e+00 
9.976995e+00 
9.976995e+00 
9.976995e+00 
9.976995e+00 
9.976803e+00 
9.976803e+00 
9.976803e+00 
9.976131e+00 
9.975496e+00 
9.975122e+00 
9.974895e+00 
9.974754e+00 
9.974664e+00 
9.974606e+00 
9.974566e+00 
9.974540e+00 
9.974522e+00 
9.974509e+00 
9.974500e+00 
9.974494e+00 
9.974489e+00 
9.974486e+00 
9.974484e+00 
9.974482e+00 
9.974481e+00 
9.962009e+00 
9.962009e+00 
9.962009e+00 
9.942865e+00 
9.942865e+00 
9.942865e+00 
9.942865e+00 
9.942865e+00 
9.937971e+00 
9.937971e+00 
9.933055e+00 
9.933055e+00 
9.933055e+00 
9.915477e+00 
9.915477e+00 
9.915477e+00 
9.915477e+00 
9.915477e+00 
9.915477e+00 
9.915477e+00 
9.915477e+00 
9.915477e+00 
9.913910e+00 
9.913910e+00 
9.913910e+00 
9.913910e+00 
9.913277e+00 
9.913277e+00 
9.913277e+00 
9.913277e+00 
9.913277e+00 
9.913277e+00 
9.913277e+00 
9.913082e+00 
9.913082e+00 
9.913082e+00 
9.913082e+00 
9.912912e+00 
9.912912e+00 
9.912912e+00 
9.912912e+00 
9.912912e+00 
9.912912e+00 
9.912912e+00 
9.912912e+00 
9.912912e+00 
9.912912e+00 
9.912912e+00 
9.912912e+00 
9.912912e+00 
9.912912e+00 
9.912912e+00 
9.912912e+00 
9.912912e+00 
9.912912e+00 
9.912912e+00 
9.912912e+00 
9.912912e+00 
9.912912e+00 
9.912912e+00 
9.912912e+00 
9.912912e+00 
9.912912e+00 
9.912912e+00 
9.912912e+00 
9.912912e+00 
9.912912e+00 
9.912912e+00 
9.912912e+00 
9.912912e+00 
9.912912e+00 
9.912912e+00 
9.912909e+00 
9.912909e+00 
9.912909e+00 
9.912909e+00 
9.912909e+00 
9.912907e+00 
9.912907e+00 
9.912907e+00 
9.912907e+00 
9.912907e+00 
9.912907e+00 
9.912896e+00 
9.912896e+00 
9.912896e+00 
9.912896e+00 
9.912896e+00 
9.912896e+00 
9.912896e+00 
9.912896e+00 
9.912896e+00 
9.912896e+00 
9.912896e+00 
9.912896e+00 
9.912896e+00 
9.912896e+00 
9.912896e+00 
9.912896e+00 
9.912896e+00 
9.912896e+00 
9.912896e+00 
9.912896e+00 
9.912896e+00 
9.912896e+00 
9.911868e+00 
9.911868e+00 
9.911436e+00 
9.911436e+00 
9.911436e+00 
9.911115e+00 
9.910761e+00 
9.910761e+00 
9.910761e+00 
9.910761e+00 
9.910761e+00 
9.910761e+00 
9.910761e+00 
9.910534e+00 
9.910534e+00 
9.910534e+00 
9.910534e+00 
9.910534e+00 
9.910456e+00 
9.910456e+00 
9.910456e+00 
9.910456e+00 
9.910456e+00 
9.910456e+00 
9.910456e+00 
9.910411e+00 
9.910411e+00 
9.910411e+00 
9.910411e+00 
9.910411e+00 
9.910411e+00 
9.910411e+00 
9.910411e+00 
9.910411e+00 
9.910411e+00 
9.910411e+00 
9.910411e+00 
9.909595e+00 
9.909595e+00 
9.909375e+00 
9.909280e+00 
9.909280e+00 
9.909280e+00 
9.909280e+00 
9.909280e+00 
9.909244e+00 
9.909244e+00 
9.909244e+00 
9.909198e+00 
9.909198e+00 
9.909198e+00 
9.908273e+00 
9.908273e+00 
9.908273e+00 
9.908273e+00 
9.908273e+00 
9.908273e+00 
9.908273e+00 
9.908273e+00 
9.908212e+00 
9.908212e+00 
9.908212e+00 
9.908185e+00 
9.908185e+00 
9.908141e+00 
9.908141e+00 
9.908141e+00 
9.908091e+00 
9.908051e+00 
9.908032e+00 
9.908023e+00 
9.908018e+00 
9.907864e+00 
9.907864e+00 
9.907855e+00 
9.907855e+00 
9.907855e+00 
9.907838e+00 
9.907219e+00 
9.906907e+00 
9.906907e+00 
9.905933e+00 
9.905933e+00 
9.905933e+00 
9.905933e+00 
9.905933e+00 
9.905653e+00 
9.905653e+00 
9.905653e+00 
9.905653e+00 
9.905534e+00 
9.905432e+00 
9.905410e+00 
9.905410e+00 
9.905410e+00 
9.905410e+00 
9.905103e+00 
9.905103e+00 
9.905103e+00 
9.905042e+00 
9.905042e+00 
9.905042e+00 
9.905042e+00 
9.905042e+00 
9.905041e+00 
9.905039e+00 
9.905039e+00 
9.905035e+00 
9.904791e+00 
9.904791e+00 
9.904791e+00 
9.904791e+00 
9.904791e+00 
9.904791e+00 
9.904697e+00 
9.904697e+00 
9.904697e+00 
9.904697e+00 
9.904683e+00 
9.904683e+00 
9.904683e+00 
9.904683e+00 
9.904683e+00 
9.904683e+00 
9.904683e+00 
9.904683e+00 
9.904683e+00 
9.904683e+00 
9.904683e+00 
9.904683e+00 
9.904683e+00 
9.904683e+00 
9.904683e+00 
9.904683e+00 
9.904683e+00 
9.904683e+00 
9.904682e+00 
9.904682e+00 
9.904682e+00 
9.904682e+00 
9.904682e+00 
9.904495e+00 
9.904495e+00 
9.904495e+00 
9.904495e+00 
9.904450e+00 
9.904450e+00 
9.904450e+00 
9.904450e+00 
9.904450e+00 
9.904450e+00 
9.904450e+00 
9.904450e+00 
9.904450e+00 
9.904450e+00 
9.904450e+00 
9.904450e+00 
9.904450e+00 
9.904450e+00 
9.904381e+00 
9.904381e+00 
9.904381e+00 
9.904381e+00 
9.904381e+00 
9.904381e+00 
9.904381e+00 
9.904381e+00 
9.904381e+00 
9.904381e+00 
9.904381e+00 
9.904381e+00 
9.904381e+00 
9.904381e+00 
9.904381e+00 
9.904381e+00 
9.904381e+00 
9.904381e+00 
9.904381e+00 
9.904381e+00 
9.904381e+00 
9.904381e+00 
9.904381e+00 
9.904381e+00 
9.904381e+00 
9.904381e+00 
9.904381e+00 
9.904381e+00 
9.904381e+00 
9.904364e+00 
9.904364e+00 
9.904364e+00 
9.904364e+00 
9.904364e+00 
9.904364e+00 
9.904364e+00 
9.904364e+00 
9.904364e+00 
9.904364e+00 
9.904364e+00 
9.904364e+00 
9.904364e+00 
9.904364e+00 
9.904364e+00 
9.904364e+00 
9.904364e+00 
9.904364e+00 
9.904364e+00 
9.904364e+00 
9.904364e+00 
9.904364e+00 
9.904364e+00 
9.904364e+00 
9.904363e+00 
9.904363e+00 
9.904363e+00 
9.904363e+00 
9.904363e+00 
9.904363e+00 
9.904363e+00 
9.904363e+00 
9.904363e+00 
9.904359e+00 
9.904359e+00 
9.904359e+00 
9.904359e+00 
9.904359e+00 
9.904359e+00 
9.904359e+00 
9.904359e+00 
9.904359e+00 
9.904359e+00 
9.904359e+00 
9.904359e+00 
9.904356e+00 
9.904356e+00 
9.904356e+00 
9.904356e+00 
9.904356e+00 
9.904349e+00 
9.904349e+00 
9.904349e+00 
9.904349e+00 
9.904349e+00 
9.904349e+00 
9.904349e+00 
9.904349e+00 
9.904349e+00 
9.904349e+00 
9.904349e+00 
9.904348e+00 
9.904348e+00 
9.904348e+00 
9.904348e+00 
9.904348e+00 
9.904348e+00 
9.904348e+00 
9.904348e+00 
9.904348e+00 
9.904348e+00 
9.904348e+00 
9.904348e+00 
9.904348e+00 
9.904348e+00 
9.904348e+00 
9.904348e+00 
9.904348e+00 
9.904348e+00 
9.904348e+00 
9.904348e+00 
9.904348e+00 
9.904348e+00 
9.904348e+00 
9.904348e+00 
9.904348e+00 
9.904348e+00 
9.904348e+00 
9.904348e+00 
9.904348e+00 
9.904348e+00 
9.904348e+00 
9.904348e+00 
9.904348e+00 
9.904348e+00 
9.904348e+00 
9.904348e+00 
9.904348e+00 
9.904348e+00 
9.904348e+00 
9.904348e+00 
9.904347e+00 
9.904347e+00 
9.904347e+00 
9.904347e+00 
9.904347e+00 
9.904347e+00 
9.904347e+00 
9.904347e+00 
9.904347e+00 
9.904347e+00 
9.904347e+00 
9.904347e+00 
9.904347e+00 
9.904347e+00 
9.904347e+00 
9.904347e+00 
9.904347e+00 
9.904347e+00 
9.904347e+00 
9.904347e+00 
9.904347e+00 
9.904347e+00 
9.904347e+00 
9.904347e+00 
9.904347e+00 
9.904347e+00 
9.904347e+00 
9.904347e+00 
9.904347e+00 
9.904347e+00 
9.904347e+00 
9.904347e+00 
9.904347e+00 
9.904347e+00 
9.904347e+00 
9.904347e+00 
9.904347e+00 
9.904347e+00 
9.904347e+00 
9.904347e+00 
9.904347e+00 
9.904347e+00 
9.904347e+00 
9.904347e+00 
9.904347e+00 
9.904347e+00 
9.904347e+00 
9.904347e+00 
9.904347e+00 
9.904347e+00 
9.904346e+00 
9.904346e+00 
9.904346e+00 
9.904346e+00 
9.904346e+00 
9.904346e+00 
9.904345e+00 
9.904345e+00 
9.904345e+00 
9.904345e+00 
9.904345e+00 
9.904345e+00 
9.904345e+00 
9.904345e+00 
9.904345e+00 
9.904345e+00 
9.904345e+00 
9.904345e+00 
9.904345e+00 
9.904345e+00 
9.904345e+00 
9.904345e+00 
9.904345e+00 
9.904345e+00 
9.904345e+00 
9.904345e+00 
9.904345e+00 
9.904345e+00 
9.904345e+00 
9.904345e+00 
9.904345e+00 
9.904345e+00 
9.904345e+00 
9.904345e+00 
9.904345e+00 
9.904345e+00 
9.904345e+00 
9.904345e+00 
9.904345e+00 
9.904345e+00 
9.904345e+00 
9.904345e+00 
9.904345e+00 
9.904345e+00 
9.904345e+00 
9.904345e+00 
9.904345e+00 
9.904345e+00 
9.904345e+00 
9.904345e+00 
9.904345e+00 
9.904345e+00 
9.904345e+00 
9.904345e+00 
9.904345e+00 
9.904345e+00 
9.904345e+00 
9.904345e+00 
9.904345e+00 
9.904345e+00 
9.904345e+00 
9.904345e+00 
9.904345e+00 
9.904345e+00 
9.904345e+00 
9.904345e+00 
9.904345e+00 
9.904345e+00 
9.904345e+00 
9.904345e+00 
9.904345e+00 
9.904345e+00 
9.904345e+00 
9.904345e+00 
9.904345e+00 
9.904345e+00 
9.904345e+00 
9.904345e+00 
9.904345e+00 
9.904345e+00 
9.904345e+00 
9.904345e+00 
9.904345e+00 
9.904345e+00 
9.904345e+00 
9.904345e+00 
9.904345e+00 
9.904345e+00 
9.904345e+00 
9.904345e+00 
9.904345e+00 
9.904345e+00 
9.904345e+00 
9.904345e+00 
9.904345e+00 
9.904345e+00 
9.904345e+00 
9.904345e+00 
9.904345e+00 
9.904345e+00 
9.904345e+00 
9.904345e+00 
9.904345e+00 
9.904345e+00 
9.904345e+00 
9.904345e+00 
9.904345e+00 
9.904345e+00 
9.904345e+00 
9.904345e+00 
9.904345e+00 
9.904345e+00 
9.904345e+00 
9.904345e+00 
9.904345e+00 
9.904345e+00 
9.904345e+00 
9.904345e+00 
9.904345e+00 
9.904345e+00 
9.904345e+00 
9.904345e+00 
9.904345e+00 
9.904345e+00 
9.904345e+00 
9.904345e+00 
9.904345e+00 
9.904345e+00 
9.904345e+00 
9.904345e+00 
9.904345e+00 
9.904345e+00 
9.904345e+00 
9.904345e+00 
9.904345e+00 
9.904345e+00 
9.904345e+00 
9.904345e+00 
9.904345e+00 
9.904345e+00 
9.904345e+00 
9.904345e+00 
9.904345e+00 
9.904345e+00 
9.904345e+00 
9.904345e+00 
9.904345e+00 
9.904345e+00 
9.904345e+00 
9.904345e+00 
9.904345e+00 
9.904345e+00 
9.904345e+00 
9.904345e+00 
9.904345e+00 
9.904345e+00 
9.904345e+00 
9.904345e+00 
9.904345e+00 
9.904345e+00 
9.904345e+00 
9.904345e+00 
9.904345e+00 
9.904345e+00 
9.904345e+00 
9.904345e+00 
9.904345e+00 
9.904345e+00 
9.904345e+00 
9.904345e+00 
9.904345e+00 
9.904345e+00 
9.904345e+00 
9.904345e+00 
9.904345e+00 
9.904345e+00 
9.904345e+00 
9.904345e+00 
9.904345e+00 
9.904345e+00 
9.904345e+00 
9.904345e+00 
9.904345e+00 
9.904345e+00 
9.904345e+00 
9.904345e+00 
9.904345e+00 
9.904345e+00 
9.904345e+00 
9.904345e+00 
9.904345e+00 
9.904345e+00 
9.904345e+00 
9.904345e+00 
9.904345e+00 
9.904345e+00 
9.904345e+00 
9.904345e+00 
9.904345e+00 
9.904345e+00 
9.904345e+00 
9.904345e+00 
9.904345e+00 
9.904345e+00 
9.904345e+00 
9.904345e+00 
9.904345e+00 
9.904345e+00 
9.904345e+00 
9.904345e+00 
9.904345e+00 
9.904345e+00 
9.904345e+00 
9.904345e+00 
9.904345e+00 
9.904345e+00 
9.904345e+00 
9.904345e+00 
9.904345e+00 
9.904345e+00 
9.904345e+00 
9.904345e+00 
9.904345e+00 
9.904345e+00 
9.904345e+00 
9.904345e+00 
9.904345e+00 
9.904345e+00 
9.904345e+00 
9.904345e+00 
9.904345e+00 
9.904345e+00 
9.904345e+00 
9.904345e+00 
9.904345e+00 
9.904345e+00 
9.904345e+00 
9.904345e+00 
9.904345e+00 
9.904345e+00 
9.904345e+00 
9.904345e+00 
9.904345e+00 
9.904345e+00 
9.904345e+00 
9.904345e+00 
9.904345e+00 
9.904345e+00 
9.904345e+00 
9.904345e+00 
9.904345e+00 
9.904345e+00 
9.904345e+00 
9.904345e+00 
9.904345e+00 
9.904345e+00 
9.904345e+00 
9.904345e+00 
9.904345e+00 
9.904345e+00 
9.904345e+00 
9.904345e+00 
9.904345e+00 
9.904345e+00 
9.904345e+00 
9.904345e+00 
9.904345e+00 
9.904345e+00 
9.904345e+00 
9.904345e+00 
9.904345e+00 
9.904345e+00 
9.904345e+00 
9.904345e+00 
9.904345e+00 
9.904345e+00 
9.904345e+00 
9.904345e+00 
9.904345e+00 
9.904345e+00 
9.904345e+00 
9.904345e+00 
9.904345e+00 
9.904345e+00 
9.904345e+00 
9.904345e+00 
9.904345e+00 
9.904345e+00 
9.904345e+00 
9.904345e+00 
9.904345e+00 
9.904345e+00 
9.904345e+00 
9.904345e+00 
9.904345e+00 
9.904345e+00 
9.904345e+00 
9.904345e+00 
9.904345e+00 
9.904345e+00 
9.904345e+00 
9.904345e+00 
9.904345e+00 
9.904345e+00 
9.904345e+00 
9.904345e+00 
9.904345e+00 
9.904345e+00 
9.904345e+00 
9.904345e+00 
9.904345e+00 
9.904345e+00 
9.904345e+00 
9.904345e+00 
9.904345e+00 
9.904345e+00 
9.904345e+00 
9.904345e+00 
9.904345e+00 
9.904345e+00 
9.904345e+00 
9.904345e+00 
9.904345e+00 
9.904345e+00 
9.904345e+00 
9.904345e+00 
9.904345e+00 
9.904345e+00 
9.904345e+00 
9.904345e+00 
9.904345e+00 
9.904345e+00 
9.904345e+00 
9.904345e+00 
9.904345e+00 
9.904345e+00 
9.904345e+00 
9.904345e+00 
9.904345e+00 
9.904345e+00 
9.904345e+00 
9.904345e+00 
9.904345e+00 
9.904345e+00 
9.904345e+00 
9.904345e+00 
9.904345e+00 
9.904345e+00 
9.904345e+00 
9.904345e+00 
9.904345e+00 
9.904345e+00 
9.904345e+00 
9.904345e+00 
9.904345e+00 
9.904345e+00 
9.904345e+00 
9.904345e+00 
9.904345e+00 
9.904345e+00 
9.904345e+00 
9.904345e+00 
9.904345e+00 
9.904345e+00 
9.904345e+00 
9.904345e+00 
9.904345e+00 
9.904345e+00 
9.904345e+00 
9.904345e+00 
9.904345e+00 
9.904345e+00 
9.904345e+00 
9.904345e+00 
9.904345e+00 
9.904345e+00 
9.904345e+00 
9.904345e+00 
9.904345e+00 
9.904345e+00 
9.904345e+00 
9.904345e+00 
9.904345e+00 
9.904345e+00 
9.904345e+00 
9.904345e+00 
9.904345e+00 
9.904345e+00 
9.904345e+00 
9.904345e+00 
9.904345e+00 
9.904345e+00 
9.904345e+00 
9.904345e+00 
9.904345e+00 
9.904345e+00 
9.904345e+00 
9.904345e+00 
9.904345e+00 
9.904345e+00 
9.904345e+00 
9.904345e+00 
9.904345e+00 
9.904345e+00 
9.904345e+00 
9.904345e+00 
9.904345e+00 
9.904345e+00 
9.904345e+00 
9.904345e+00 
9.904345e+00 
9.904345e+00 
9.904345e+00 
9.904345e+00 
9.904345e+00 
9.904345e+00 
9.904345e+00 
9.904345e+00 
9.904345e+00 
9.904345e+00 
9.904345e+00 
9.904345e+00 
9.904345e+00 
9.904345e+00 
9.904345e+00 
9.904345e+00 
9.904345e+00 
9.904345e+00 
9.904345e+00 
9.904345e+00 
9.904345e+00 
9.904345e+00 
9.904345e+00 
9.904345e+00 
9.904345e+00 
9.904345e+00 
9.904345e+00 
9.904345e+00 
9.904345e+00 
9.904345e+00 
9.904345e+00 
9.904345e+00 
9.904345e+00 
9.904345e+00 
9.904345e+00 
9.904345e+00 
9.904345e+00 
9.904345e+00 
9.904345e+00 
9.904345e+00 
9.904345e+00 
9.904345e+00 
9.904345e+00 
9.904345e+00 
9.904345e+00 
9.904345e+00 
9.904345e+00 
9.904345e+00 
9.904345e+00 
9.904345e+00 
9.904345e+00 
9.904345e+00 
9.904345e+00 
9.904345e+00 
9.904345e+00 
9.904345e+00 
9.904345e+00 
9.904345e+00 
9.904345e+00 
9.904345e+00 
9.904345e+00 
9.904345e+00 
9.904345e+00 
9.904345e+00 
9.904345e+00 
9.904345e+00 
9.904345e+00 
9.904345e+00 
9.904345e+00 
9.904345e+00 
9.904345e+00 
9.904345e+00 
9.904345e+00 
9.904345e+00 
9.904345e+00 
9.904345e+00 
9.904345e+00 
9.904345e+00 
9.904345e+00 
9.904345e+00 
9.904345e+00 
9.904345e+00 
9.904345e+00 
9.904345e+00 
9.904345e+00 
9.904345e+00 
9.904345e+00 
9.904345e+00 
9.904345e+00 
9.904345e+00 
9.904345e+00 
9.904345e+00 
9.904345e+00 
9.904345e+00 
9.904345e+00 
9.904345e+00 
9.904345e+00 
9.904345e+00 
9.904345e+00 
9.904345e+00 
9.904345e+00 
9.904345e+00 
9.904345e+00 
9.904345e+00 
9.904345e+00 
9.904345e+00 
9.904345e+00 
9.904345e+00 
9.904345e+00 
9.904345e+00 
9.904345e+00 
9.904345e+00 
9.904345e+00 
9.904345e+00 
9.904345e+00 
9.904345e+00 
9.904345e+00 
9.904345e+00 
9.904345e+00 
9.904345e+00 
9.904345e+00 
9.904345e+00 
9.904345e+00 
9.904345e+00 
9.904345e+00 
9.904345e+00 
9.904345e+00 
9.904345e+00 
9.904345e+00 
9.904345e+00 
9.904345e+00 
9.904345e+00 
9.904345e+00 
9.904345e+00 
9.904345e+00 
9.904345e+00 
9.904345e+00 
9.904345e+00 
9.904345e+00 
9.904345e+00 
9.904345e+00 
9.904345e+00 
9.904345e+00 
9.904345e+00 
9.904345e+00 
9.904345e+00 
9.904345e+00 
9.904345e+00 
9.904345e+00 
9.904345e+00 
9.904345e+00 
9.904345e+00 
9.904345e+00 
9.904345e+00 
9.904345e+00 
9.904345e+00 
9.904345e+00 
9.904345e+00 
9.904345e+00 
9.904345e+00 
9.904345e+00 
9.904345e+00 
9.904345e+00 
9.904345e+00 
9.904345e+00 
9.904345e+00 
9.904345e+00 
9.904345e+00 
9.904345e+00 
9.904345e+00 
9.904345e+00 
9.904345e+00 
9.904345e+00 
9.904345e+00 
9.904345e+00 
9.904345e+00 
9.904345e+00 
9.904345e+00 
9.904345e+00 
9.904345e+00 
9.904345e+00 
9.904345e+00 
9.904345e+00 
9.904345e+00 
9.904345e+00 
9.904345e+00 
9.904345e+00 
9.904345e+00 
9.904345e+00 
9.904345e+00 
9.904345e+00 
9.904345e+00 
9.904345e+00 
9.904345e+00 
9.904345e+00 
9.904345e+00 
9.904345e+00 
9.904345e+00 
9.904345e+00 
9.904345e+00 
9.904345e+00 
9.904345e+00 
9.904345e+00 
9.904345e+00 
9.904345e+00 
9.904345e+00 
9.904345e+00 
9.904345e+00 
9.904345e+00 
9.904345e+00 
9.904345e+00 
9.904345e+00 
9.904345e+00 
9.904345e+00 
9.904345e+00 
9.904345e+00 
9.904345e+00 
9.904345e+00 
9.904345e+00 
9.904345e+00 
9.904345e+00 
9.904345e+00 
9.904345e+00 
9.904345e+00 
9.904345e+00 
9.904345e+00 
9.904345e+00 
9.904345e+00 
9.904345e+00 
9.904345e+00 
9.904345e+00 
9.904345e+00 
9.904345e+00 
9.904345e+00 
9.904345e+00 
9.904345e+00 
9.904345e+00 
9.904345e+00 
9.904345e+00 
9.904345e+00 
9.904345e+00 
9.904345e+00 
9.904345e+00 
9.904345e+00 
9.904345e+00 
9.904345e+00 
9.904345e+00 
9.904345e+00 
9.904345e+00 
9.904345e+00 
9.904345e+00 
9.904345e+00 
9.904345e+00 
9.904345e+00 
9.904345e+00 
9.904345e+00 
9.904345e+00 
9.904345e+00 
9.904345e+00 
9.904345e+00 
9.904345e+00 
9.904345e+00 
9.904345e+00 
9.904345e+00 
9.904345e+00 
9.904345e+00 
9.904345e+00 
9.904345e+00 
9.904345e+00 
9.904345e+00 
9.904345e+00 
9.904345e+00 
9.904345e+00 
9.904345e+00 
9.904345e+00 
9.904345e+00 
9.904345e+00 
9.904345e+00 
9.904345e+00 
9.904345e+00 
9.904345e+00 
9.904345e+00 
9.904345e+00 
9.904345e+00 
9.904345e+00 
9.904345e+00 
9.904345e+00 
9.904345e+00 
9.904345e+00 
9.904345e+00 
9.904345e+00 
9.904345e+00 
9.904345e+00 
9.904345e+00 
9.904345e+00 
9.904345e+00 
9.904345e+00 
9.904345e+00 
9.904345e+00 
9.904345e+00 
9.904345e+00 
9.904345e+00 
9.904345e+00 
9.904345e+00 
9.904345e+00 
9.904345e+00 
9.904345e+00 
9.904345e+00 
9.904345e+00 
9.904345e+00 
9.904345e+00 
9.904345e+00 
9.904345e+00 
9.904345e+00 
9.904345e+00 
9.904345e+00 
9.904345e+00 
9.904345e+00 
9.904345e+00 
9.904345e+00 
9.904345e+00 
9.904345e+00 
9.904345e+00 
9.904345e+00 
9.904345e+00 
9.904345e+00 
9.904345e+00 
9.904345e+00 
9.904345e+00 
9.904345e+00 
9.904345e+00 
9.904345e+00 
9.904345e+00 
9.904345e+00 
9.904345e+00 
9.904345e+00 
9.904345e+00 
9.904345e+00 
9.904345e+00 
9.904345e+00 
9.904345e+00 
9.904345e+00 
9.904345e+00 
9.904345e+00 
9.904345e+00 
9.904345e+00 
9.904345e+00 
9.904345e+00 
9.904345e+00 
9.904345e+00 
9.904345e+00 
9.904345e+00 
9.904345e+00 
9.904345e+00 
9.904345e+00 
9.904345e+00 
9.904345e+00 
9.904345e+00 
9.904345e+00 
9.904345e+00 
9.904345e+00 
9.904345e+00 
9.904345e+00 
9.904345e+00 
9.904345e+00 
9.904345e+00 
9.904345e+00 
9.904345e+00 
9.904345e+00 
9.904345e+00 
9.904345e+00 
9.904345e+00 
9.904345e+00 
9.904345e+00 
9.904345e+00 
9.904345e+00 
9.904345e+00 
9.904345e+00 
9.904345e+00 
9.904345e+00 
9.904345e+00 
9.904345e+00 
9.904345e+00 
9.904345e+00 
9.904345e+00 
9.904345e+00 
9.904345e+00 
9.904345e+00 
9.904345e+00 
9.904345e+00 
9.904345e+00 
9.904345e+00 
9.904345e+00 
9.904345e+00 
9.904345e+00 
9.904345e+00 
9.904345e+00 
9.904345e+00 
9.904345e+00 
9.904345e+00 
9.904345e+00 
9.904345e+00 
9.904345e+00 
9.904345e+00 
9.904345e+00 
9.904345e+00 
9.904345e+00 
9.904345e+00 
9.904345e+00 
9.904345e+00 
9.904345e+00 
9.904345e+00 
9.904345e+00 
9.904345e+00 
9.904345e+00 
9.904345e+00 
9.904345e+00 
9.904345e+00 
9.904345e+00 
9.904345e+00 
9.904345e+00 
9.904345e+00 
9.904345e+00 
9.904345e+00 
9.904345e+00 
9.904345e+00 
9.904345e+00 
9.904345e+00 
9.904345e+00 
9.904345e+00 
9.904345e+00 
9.904345e+00 
9.904345e+00 
9.904345e+00 
9.904345e+00 
9.904345e+00 
9.904345e+00 
9.904345e+00 
9.904345e+00 
9.904345e+00 
9.904345e+00 
9.904345e+00 
9.904345e+00 
9.904345e+00 
9.904345e+00 
9.904345e+00 
9.904345e+00 
9.904345e+00 
9.904345e+00 
9.904345e+00 
9.904345e+00 
9.904345e+00 
9.904345e+00 
9.904345e+00 
9.904345e+00 
9.904345e+00 
9.904345e+00 
9.904345e+00 
9.904345e+00 
9.904345e+00 
9.904345e+00 
9.904345e+00 
9.904345e+00 
9.904345e+00 
9.904345e+00 
9.904345e+00 
9.904345e+00 
9.904345e+00 
9.904345e+00 
9.904345e+00 
9.904345e+00 
9.904345e+00 
9.904345e+00 
9.904345e+00 
9.904345e+00 
9.904345e+00 
9.904345e+00 
9.904345e+00 
9.904345e+00 
9.904345e+00 
9.904345e+00 
9.904345e+00 
9.904345e+00 
9.904345e+00 
9.904345e+00 
9.904345e+00 
9.904345e+00 
9.904345e+00 
9.904345e+00 
9.904345e+00 
9.904345e+00 
9.904345e+00 
9.904345e+00 
9.904345e+00 
9.904345e+00 
9.904345e+00 
9.904345e+00 
9.904345e+00 
9.904345e+00 
9.904345e+00 
9.904345e+00 
9.904345e+00 
9.904345e+00 
9.904345e+00 
9.904345e+00 
9.904345e+00 
9.904345e+00 
9.904345e+00 
9.904345e+00 
9.904345e+00 
9.904345e+00 
9.904345e+00 
9.904345e+00 
9.904345e+00 
9.904345e+00 
9.904345e+00 
9.904345e+00 
9.904345e+00 
9.904345e+00 
9.904345e+00 
9.904345e+00 
9.904345e+00 
9.904345e+00 
9.904345e+00 
9.904345e+00 
9.904345e+00 
9.904345e+00 
9.904345e+00 
9.904345e+00 
9.904345e+00 
9.904345e+00 
9.904345e+00 
9.904345e+00 
9.904345e+00 
9.904345e+00 
9.904345e+00 
9.904345e+00 
9.904345e+00 
9.904345e+00 
9.904345e+00 
9.904345e+00 
9.904345e+00 
9.904345e+00 
9.904345e+00 
9.904345e+00 
9.904345e+00 
9.904345e+00 
9.904345e+00 
9.904345e+00 
9.904345e+00 
9.904345e+00 
9.904345e+00 
9.904345e+00 
9.904345e+00 
9.904345e+00 
9.904345e+00 
9.904345e+00 
9.904345e+00 
9.904345e+00 
9.904345e+00 
9.904345e+00 
9.904345e+00 
9.904345e+00 
9.904345e+00 
9.904345e+00 
9.904345e+00 
9.904345e+00 
9.904345e+00 
9.904345e+00 
9.904345e+00 
9.904345e+00 
9.904345e+00 
9.904345e+00 
9.904345e+00 
9.904345e+00 
9.904345e+00 
9.904345e+00 
9.904345e+00 
9.904345e+00 
9.904345e+00 
9.904345e+00 
9.904345e+00 
9.904345e+00 
9.904345e+00 
9.904345e+00 
9.904345e+00 
9.904345e+00 
9.904345e+00 
9.904345e+00 
9.904345e+00 
9.904345e+00 
9.904345e+00 
9.904345e+00 
9.904345e+00 
9.904345e+00 
9.904345e+00 
9.904345e+00 
9.904345e+00 
9.904345e+00 
9.904345e+00 
9.904345e+00 
9.904345e+00 
9.904345e+00 
9.904345e+00 
9.904345e+00 
9.904345e+00 
9.904345e+00 
9.904345e+00 
9.904345e+00 
9.904345e+00 
9.904345e+00 
9.904345e+00 
9.904345e+00 
9.904345e+00 
9.904345e+00 
9.904345e+00 
9.904345e+00 
9.904345e+00 
9.904345e+00 
9.904345e+00 
9.904345e+00 
9.904345e+00 
9.904345e+00 
9.904345e+00 
9.904345e+00 
9.904345e+00 
9.904345e+00 
9.904345e+00 
9.904345e+00 
9.904345e+00 
9.904345e+00 
9.904345e+00 
9.904345e+00 
9.904345e+00 
9.904345e+00 
9.904345e+00 
9.904345e+00 
9.904345e+00 
9.904345e+00 
9.904345e+00 
9.904345e+00 
9.904345e+00 
9.904345e+00 
9.904345e+00 
9.904345e+00 
9.904345e+00 
9.904345e+00 
9.904345e+00 
9.904345e+00 
9.904345e+00 
9.904345e+00 
9.904345e+00 
9.904345e+00 
9.904345e+00 
9.904345e+00 
9.904345e+00 
9.904345e+00 
9.904345e+00 
9.904345e+00 
9.904345e+00 
9.904345e+00 
9.904345e+00 
9.904345e+00 
9.904345e+00 
9.904345e+00 
9.904345e+00 
9.904345e+00 
9.904345e+00 
9.904345e+00 
9.904345e+00 
9.904345e+00 
9.904345e+00 
9.904345e+00 
9.904345e+00 
9.904345e+00 
9.904345e+00 
9.904345e+00 
9.904345e+00 
9.904345e+00 
9.904345e+00 
9.904345e+00 
9.904345e+00 
9.904345e+00 
9.904345e+00 
9.904345e+00 
9.904345e+00 
9.904345e+00 
9.904345e+00 
9.904345e+00 
9.904345e+00 
9.904345e+00 
9.904345e+00 
9.904345e+00 
9.904345e+00 
9.904345e+00 
9.904345e+00 
9.904345e+00 
9.904345e+00 
9.904345e+00 
9.904345e+00 
9.904345e+00 
9.904345e+00 
9.904345e+00 
9.904345e+00 
9.904345e+00 
9.904345e+00 
9.904345e+00 
9.904345e+00 
9.904345e+00 
9.904345e+00 
9.904345e+00 
9.904345e+00 
9.904345e+00 
9.904345e+00 
9.904345e+00 
9.904345e+00 
9.904345e+00 
9.904345e+00 
9.904345e+00 
9.904345e+00 
9.904345e+00 
9.904345e+00 
9.904345e+00 
9.904345e+00 
9.904345e+00 
9.904345e+00 
9.904345e+00 
9.904345e+00 
9.904345e+00 
9.904345e+00 
9.904345e+00 
9.904345e+00 
9.904345e+00 
9.904345e+00 
9.904345e+00 
9.904345e+00 
9.904345e+00 
9.904345e+00 
9.904345e+00 
9.904345e+00 
9.904345e+00 
9.904345e+00 
9.904345e+00 
9.904345e+00 
9.904345e+00 
9.904345e+00 
9.904345e+00 
9.904345e+00 
9.904345e+00 
9.904345e+00 
9.904345e+00 
9.904345e+00 
9.904345e+00 
9.904345e+00 
9.904345e+00 
9.904345e+00 
9.904345e+00 
9.904345e+00 
9.904345e+00 
9.904345e+00 
9.904345e+00 
9.904345e+00 
9.904345e+00 
9.904345e+00 
9.904345e+00 
9.904345e+00 
9.904345e+00 
9.904345e+00 
9.904345e+00 
9.904345e+00 
9.904345e+00 
9.904345e+00 
9.904345e+00 
9.904345e+00 
9.904345e+00 
9.904345e+00 
9.904345e+00 
9.904345e+00 
9.904345e+00 
9.904345e+00 
9.904345e+00 
9.904345e+00 
9.904345e+00 
9.904345e+00 
9.904345e+00 
9.904345e+00 
9.904345e+00 
9.904345e+00 
9.904345e+00 
9.904345e+00 
9.904345e+00 
9.904345e+00 
9.904345e+00 
9.904345e+00 
9.904345e+00 
9.904345e+00 
9.904345e+00 
9.904345e+00 
9.904345e+00 
9.904345e+00 
9.904345e+00 
9.904345e+00 
9.904345e+00 
9.904345e+00 
9.904345e+00 
9.904345e+00 
9.904345e+00 
9.904345e+00 
9.904345e+00 
9.904345e+00 
9.904345e+00 
9.904345e+00 
9.904345e+00 
9.904345e+00 
9.904345e+00 
9.904345e+00 
9.904345e+00 
9.904345e+00 
9.904345e+00 
9.904345e+00 
9.904345e+00 
9.904345e+00 
9.904345e+00 
9.904345e+00 
9.904345e+00 
9.904345e+00 
9.904345e+00 
9.904345e+00 
9.904345e+00 
9.904345e+00 
9.904345e+00 
9.904345e+00 
9.904345e+00 
9.904345e+00 
9.904345e+00 
9.904345e+00 
9.904345e+00 
9.904345e+00 
9.904345e+00 
9.904345e+00 
9.904345e+00 
9.904345e+00 
9.904345e+00 
9.904345e+00 
9.904345e+00 
9.904345e+00 
9.904345e+00 
9.904345e+00 
9.904345e+00 
9.904345e+00 
9.904345e+00 
9.904345e+00 
9.904345e+00 
9.904345e+00 
9.904345e+00 
9.904345e+00 
9.904345e+00 
9.904345e+00 
9.904345e+00 
9.904345e+00 
9.904345e+00 
9.904345e+00 
9.904345e+00 
9.904345e+00 
9.904345e+00 
9.904345e+00 
9.904345e+00 
9.904345e+00 
9.904345e+00 
9.904345e+00 
9.904345e+00 
9.904345e+00 
9.904345e+00 
9.904345e+00 
9.904345e+00 
9.904345e+00 
9.904345e+00 
9.904345e+00 
9.904345e+00 
9.904345e+00 
9.904345e+00 
9.904345e+00 
9.904345e+00 
9.904345e+00 
9.904345e+00 
9.904345e+00 
9.904345e+00 
9.904345e+00 
9.904345e+00 
9.904345e+00 
9.904345e+00 
9.904345e+00 
9.904345e+00 
9.904345e+00 
9.904345e+00 
9.904345e+00 
9.904345e+00 
9.904345e+00 
9.904345e+00 
9.904345e+00 
9.904345e+00 
9.904345e+00 
9.904345e+00 
9.904345e+00 
9.904345e+00 
9.904345e+00 
9.904345e+00 
9.904345e+00 
9.904345e+00 
9.904345e+00 
9.904345e+00 
9.904345e+00 
9.904345e+00 
9.904345e+00 
9.904345e+00 
9.904345e+00 
9.904345e+00 
9.904345e+00 
9.904345e+00 
9.904345e+00 
9.904345e+00 
9.904345e+00 
9.904345e+00 
9.904345e+00 
9.904345e+00 
9.904345e+00 
9.904345e+00 
9.904345e+00 
9.904345e+00 
9.904345e+00 
9.904345e+00 
9.904345e+00 
9.904345e+00 
9.904345e+00 
9.904345e+00 
9.904345e+00 
9.904345e+00 
9.904345e+00 
9.904345e+00 
9.904345e+00 
9.904345e+00 
9.904345e+00 
9.904345e+00 
9.904345e+00 
9.904345e+00 
9.904345e+00 
9.904345e+00 
9.904345e+00 
9.904345e+00 
9.904345e+00 
9.904345e+00 
9.904345e+00 
9.904345e+00 
9.904345e+00 
9.904345e+00 
9.904345e+00 
9.904345e+00 
9.904345e+00 
9.904345e+00 
9.904345e+00 
9.904345e+00 
9.904345e+00 
9.904345e+00 
9.904345e+00 
9.904345e+00 
9.904345e+00 
9.904345e+00 
9.904345e+00 
9.904345e+00 
9.904345e+00 
9.904345e+00 
9.904345e+00 
9.904345e+00 
9.904345e+00 
9.904345e+00 
9.904345e+00 
9.904345e+00 
9.904345e+00 
9.904345e+00 
9.904345e+00 
9.904345e+00 
9.904345e+00 
9.904345e+00 
9.904345e+00 
9.904345e+00 
9.904345e+00 
9.904345e+00 
9.904345e+00 
9.904345e+00 
9.904345e+00 
9.904345e+00 
9.904345e+00 
9.904345e+00 
9.904345e+00 
9.904345e+00 
9.904345e+00 
9.904345e+00 
9.904345e+00 
9.904345e+00 
9.904345e+00 
9.904345e+00 
9.904345e+00 
9.904345e+00 
9.904345e+00 
9.904345e+00 
9.904345e+00 
9.904345e+00 
9.904345e+00 
9.904345e+00 
9.904345e+00 
9.904345e+00 
9.904345e+00 
9.904345e+00 
9.904345e+00 
9.904345e+00 
9.904345e+00 
9.904345e+00 
9.904345e+00 
9.904345e+00 
9.904345e+00 
9.904345e+00 
9.904345e+00 
9.904345e+00 
9.904345e+00 
9.904345e+00 
9.904345e+00 
9.904345e+00 
9.904345e+00 
9.904345e+00 
9.904345e+00 
9.904345e+00 
9.904345e+00 
9.904345e+00 
9.904345e+00 
9.904345e+00 
9.904345e+00 
9.904345e+00 
9.904345e+00 
9.904345e+00 
9.904345e+00 
9.904345e+00 
9.904345e+00 
9.904345e+00 
9.904345e+00 
9.904345e+00 
9.904345e+00 
9.904345e+00 
9.904345e+00 
9.904345e+00 
9.904345e+00 
9.904345e+00 
9.904345e+00 
9.904345e+00 
9.904345e+00 
9.904345e+00 
9.904345e+00 
9.904345e+00 
9.904345e+00 
9.904345e+00 
9.904345e+00 
9.904345e+00 
9.904345e+00 
9.904345e+00 
9.904345e+00 
9.904345e+00 
9.904345e+00 
9.904345e+00 
9.904345e+00 
9.904345e+00 
9.904345e+00 
9.904345e+00 
9.904345e+00 
9.904345e+00 
9.904345e+00 
9.904345e+00 
9.904345e+00 
9.904345e+00 
9.904345e+00 
9.904345e+00 
9.904345e+00 
9.904345e+00 
9.904345e+00 
9.904345e+00 
9.904345e+00 
9.904345e+00 
9.904345e+00 
9.904345e+00 
9.904345e+00 
9.904345e+00 
9.904345e+00 
9.904345e+00 
9.904345e+00 
9.904345e+00 
9.904345e+00 
9.904345e+00 
9.904345e+00 
9.904345e+00 
9.904345e+00 
9.904345e+00 
9.904345e+00 
9.904345e+00 
9.904345e+00 
9.904345e+00 
9.904345e+00 
9.904345e+00 
9.904345e+00 
9.904345e+00 
9.904345e+00 
9.904345e+00 
9.904345e+00 
9.904345e+00 
9.904345e+00 
9.904345e+00 
9.904345e+00 
9.904345e+00 
9.904345e+00 
9.904345e+00 
9.904345e+00 
9.904345e+00 
9.904345e+00 
9.904345e+00 
9.904345e+00 
9.904345e+00 
9.904345e+00 
9.904345e+00 
9.904345e+00 
9.904345e+00 
9.904345e+00 
9.904345e+00 
9.904345e+00 
9.904345e+00 
9.904345e+00 
9.904345e+00 
9.904345e+00 
9.904345e+00 
9.904345e+00 
9.904345e+00 
9.904345e+00 
9.904345e+00 
9.904345e+00 
9.904345e+00 
9.904345e+00 
9.904345e+00 
9.904345e+00 
9.904345e+00 
9.904345e+00 
9.904345e+00 
9.904345e+00 
9.904345e+00 
9.904345e+00 
9.904345e+00 
9.904345e+00 
9.904345e+00 
9.904345e+00 
9.904345e+00 
9.904345e+00 
9.904345e+00 
9.904345e+00 
9.904345e+00 
9.904345e+00 
9.904345e+00 
9.904345e+00 
9.904345e+00 
9.904345e+00 
9.904345e+00 
9.904345e+00 
9.904345e+00 
9.904345e+00 
9.904345e+00 
9.904345e+00 
9.904345e+00 
9.904345e+00 
9.904345e+00 
9.904345e+00 
9.904345e+00 
9.904345e+00 
9.904345e+00 
9.904345e+00 
9.904345e+00 
9.904345e+00 
9.904345e+00 
9.904345e+00 
9.904345e+00 
9.904345e+00 
9.904345e+00 
9.904345e+00 
9.904345e+00 
9.904345e+00 
9.904345e+00 
9.904345e+00 
9.904345e+00 
9.904345e+00 
9.904345e+00 
9.904345e+00 
9.904345e+00 
9.904345e+00 
9.904345e+00 
9.904345e+00 
9.904345e+00 
9.904345e+00 
9.904345e+00 
9.904345e+00 
9.904345e+00 
9.904345e+00 
9.904345e+00 
9.904345e+00 
9.904345e+00 
9.904345e+00 
9.904345e+00 
9.904345e+00 
9.904345e+00 
9.904345e+00 
9.904345e+00 
9.904345e+00 
9.904345e+00 
9.904345e+00 
9.904345e+00 
9.904345e+00 
9.904345e+00 
9.904345e+00 
9.904345e+00 
9.904345e+00 
9.904345e+00 
9.904345e+00 
9.904345e+00 
9.904345e+00 
9.904345e+00 
9.904345e+00 
9.904345e+00 
9.904345e+00 
9.904345e+00 
9.904345e+00 
9.904345e+00 
9.904345e+00 
9.904345e+00 
9.904345e+00 
9.904345e+00 
9.904345e+00 
9.904345e+00 
9.904345e+00 
9.904345e+00 
9.904345e+00 
9.904345e+00 
9.904345e+00 
9.904345e+00 
9.904345e+00 
9.904345e+00 
9.904345e+00 
9.904345e+00 
9.904345e+00 
9.904345e+00 
9.904345e+00 
9.904345e+00 
9.904345e+00 
9.904345e+00 
9.904345e+00 
9.904345e+00 
9.904345e+00 
9.904345e+00 
9.904345e+00 
9.904345e+00 
9.904345e+00 
9.904345e+00 
9.904345e+00 
9.904345e+00 
9.904345e+00 
9.904345e+00 
9.904345e+00 
9.904345e+00 
9.904345e+00 
9.904345e+00 
9.904345e+00 
9.904345e+00 
9.904345e+00 
9.904345e+00 
9.904345e+00 
9.904345e+00 
9.904345e+00 
9.904345e+00 
9.904345e+00 
9.904345e+00 
9.904345e+00 
9.904345e+00 
9.904345e+00 
9.904345e+00 
9.904345e+00 
9.904345e+00 
9.904345e+00 
9.904345e+00 
9.904345e+00 
9.904345e+00 
9.904345e+00 
9.904345e+00 
9.904345e+00 
9.904345e+00 
9.904345e+00 
9.904345e+00 
9.904345e+00 
9.904345e+00 
9.904345e+00 
9.904345e+00 
9.904345e+00 
9.904345e+00 
9.904345e+00 
9.904345e+00 
9.904345e+00 
9.904345e+00 
9.904345e+00 
9.904345e+00 
9.904345e+00 
9.904345e+00 
9.904345e+00 
9.904345e+00 
9.904345e+00 
9.904345e+00 
9.904345e+00 
9.904345e+00 
9.904345e+00 
9.904345e+00 
9.904345e+00 
9.904345e+00 
9.904345e+00 
9.904345e+00 
9.904345e+00 
9.904345e+00 
9.904345e+00 
9.904345e+00 
9.904345e+00 
9.904345e+00 
9.904345e+00 
9.904345e+00 
9.904345e+00 
9.904345e+00 
9.904345e+00 
9.904345e+00 
9.904345e+00 
9.904345e+00 
9.904345e+00 
9.904345e+00 
9.904345e+00 
9.904345e+00 
9.904345e+00 
9.904345e+00 
9.904345e+00 
9.904345e+00 
9.904345e+00 
9.904345e+00 
9.904345e+00 
9.904345e+00 
9.904345e+00 
9.904345e+00 
9.904345e+00 
9.904345e+00 
9.904345e+00 
9.904345e+00 
9.904345e+00 
9.904345e+00 
9.904345e+00 
9.904345e+00 
9.904345e+00 
9.904345e+00 
9.904345e+00 
9.904345e+00 
9.904345e+00 
9.904345e+00 
9.904345e+00 
9.904345e+00 
9.904345e+00 
9.904345e+00 
9.904345e+00 
9.904345e+00 
9.904345e+00 
9.904345e+00 
9.904345e+00 
9.904345e+00 
9.904345e+00 
9.904345e+00 
9.904345e+00 
9.904345e+00 
9.904345e+00 
9.904345e+00 
9.904345e+00 
9.904345e+00 
9.904345e+00 
9.904345e+00 
9.904345e+00 
9.904345e+00 
9.904345e+00 
9.904345e+00 
9.904345e+00 
9.904345e+00 
9.904345e+00 
9.904345e+00 
9.904345e+00 
9.904345e+00 
9.904345e+00 
9.904345e+00 
9.904345e+00 
9.904345e+00 
9.904345e+00 
9.904345e+00 
9.904345e+00 
9.904345e+00 
9.904345e+00 
9.904345e+00 
9.904345e+00 
9.904345e+00 
9.904345e+00 
9.904345e+00 
9.904345e+00 
9.904345e+00 
9.904345e+00 
9.904345e+00 
9.904345e+00 
9.904345e+00 
9.904345e+00 
9.904345e+00 
9.904345e+00 
9.904345e+00 
9.904345e+00 
9.904345e+00 
9.904345e+00 
9.904345e+00 
9.904345e+00 
9.904345e+00 
9.904345e+00 
9.904345e+00 
9.904345e+00 
9.904345e+00 
9.904345e+00 
9.904345e+00 
9.904345e+00 
9.904345e+00 
9.904345e+00 
9.904345e+00 
9.904345e+00 
9.904345e+00 
9.904345e+00 
9.904345e+00 
9.904345e+00 
9.904345e+00 
9.904345e+00 
9.904345e+00 
9.904345e+00 
9.904345e+00 
9.904345e+00 
9.904345e+00 
9.904345e+00 
9.904345e+00 
9.904345e+00 
9.904345e+00 
9.904345e+00 
9.904345e+00 
9.904345e+00 
9.904345e+00 
9.904345e+00 
9.904345e+00 
9.904345e+00 
9.904345e+00 
9.904345e+00 
9.904345e+00 
9.904345e+00 
9.904345e+00 
9.904345e+00 
9.904345e+00 
9.904345e+00 
9.904345e+00 
9.904345e+00 
9.904345e+00 
9.904345e+00 
9.904345e+00 
9.904345e+00 
9.904345e+00 
9.904345e+00 
9.904345e+00 
9.904345e+00 
9.904345e+00 
9.904345e+00 
9.904345e+00 
9.904345e+00 
9.904345e+00 
9.904345e+00 
9.904345e+00 
9.904345e+00 
9.904345e+00 
9.904345e+00 
9.904345e+00 
9.904345e+00 
9.904345e+00 
9.904345e+00 
9.904345e+00 
9.904345e+00 
9.904345e+00 
9.904345e+00 
9.904345e+00 
9.904345e+00 
9.904345e+00 
9.904345e+00 
9.904345e+00 
9.904345e+00 
9.904345e+00 
9.904345e+00 
9.904345e+00 
9.904345e+00 
9.904345e+00 
9.904345e+00 
9.904345e+00 
9.904345e+00 
9.904345e+00 
9.904345e+00 
9.904345e+00 
9.904345e+00 
9.904345e+00 
9.904345e+00 
9.904345e+00 
9.904345e+00 
9.904345e+00 
9.904345e+00 
9.904345e+00 
9.904345e+00 
9.904345e+00 
9.904345e+00 
9.904345e+00 
9.904345e+00 
9.904345e+00 
9.904345e+00 
9.904345e+00 
9.904345e+00 
9.904345e+00 
9.904345e+00 
9.904345e+00 
9.904345e+00 
9.904345e+00 
9.904345e+00 
9.904345e+00 
9.904345e+00 
9.904345e+00 
9.904345e+00 
9.904345e+00 
9.904345e+00 
9.904345e+00 
9.904345e+00 
9.904345e+00 
9.904345e+00 
9.904345e+00 
9.904345e+00 
9.904345e+00 
9.904345e+00 
9.904345e+00 
9.904345e+00 
9.904345e+00 
9.904345e+00 
9.904345e+00 
9.904345e+00 
9.904345e+00 
9.904345e+00 
9.904345e+00 
9.904345e+00 
9.904345e+00 
9.904345e+00 
9.904345e+00 
9.904345e+00 
9.904345e+00 
9.904345e+00 
9.904345e+00 
9.904345e+00 
9.904345e+00 
9.904345e+00 
9.904345e+00 
9.904345e+00 
9.904345e+00 
9.904345e+00 
9.904345e+00 
9.904345e+00 
9.904345e+00 
9.904345e+00 
9.904345e+00 
9.904345e+00 
9.904345e+00 
9.904345e+00 
9.904345e+00 
9.904345e+00 
9.904345e+00 
9.904345e+00 
9.904345e+00 
9.904345e+00 
9.904345e+00 
9.904345e+00 
9.904345e+00 
9.904345e+00 
9.904345e+00 
9.904345e+00 
9.904345e+00 
9.904345e+00 
9.904345e+00 
9.904345e+00 
9.904345e+00 
9.904345e+00 
9.904345e+00 
9.904345e+00 
9.904345e+00 
9.904345e+00 
9.904345e+00 
9.904345e+00 
9.904345e+00 
9.904345e+00 
9.904345e+00 
9.904345e+00 
9.904345e+00 
9.904345e+00 
9.904345e+00 
9.904345e+00 
9.904345e+00 
9.904345e+00 
9.904345e+00 
9.904345e+00 
9.904345e+00 
9.904345e+00 
9.904345e+00 
9.904345e+00 
9.904345e+00 
9.904345e+00 
9.904345e+00 
9.904345e+00 
9.904345e+00 
9.904345e+00 
9.904345e+00 
9.904345e+00 
9.904345e+00 
9.904345e+00 
9.904345e+00 
9.904345e+00 
9.904345e+00 
9.904345e+00 
9.904345e+00 
9.904345e+00 
9.904345e+00 
9.904345e+00 
9.904345e+00 
9.904345e+00 
9.904345e+00 
9.904345e+00 
9.904345e+00 
9.904345e+00 
9.904345e+00 
9.904345e+00 
9.904345e+00 
9.904345e+00 
9.904345e+00 
9.904345e+00 
9.904345e+00 
9.904345e+00 
9.904345e+00 
9.904345e+00 
9.904345e+00 
9.904345e+00 
9.904345e+00 
9.904345e+00 
9.904345e+00 
9.904345e+00 
9.904345e+00 
9.904345e+00 
9.904345e+00 
9.904345e+00 
9.904345e+00 
9.904345e+00 
9.904345e+00 
9.904345e+00 
9.904345e+00 
9.904345e+00 
9.904345e+00 
9.904345e+00 
9.904345e+00 
9.904345e+00 
9.904345e+00 
9.904345e+00 
9.904345e+00 
9.904345e+00 
9.904345e+00 
9.904345e+00 
9.904345e+00 
9.904345e+00 
9.904345e+00 
9.904345e+00 
9.904345e+00 
9.904345e+00 
9.904345e+00 
9.904345e+00 
9.904345e+00 
9.904345e+00 
9.904345e+00 
9.904345e+00 
9.904345e+00 
9.904345e+00 
9.904345e+00 
9.904345e+00 
9.904345e+00 
9.904345e+00 
9.904345e+00 
9.904345e+00 
9.904345e+00 
9.904345e+00 
9.904345e+00 
9.904345e+00 
9.904345e+00 
9.904345e+00 
9.904345e+00 
9.904345e+00 
9.904345e+00 
9.904345e+00 
9.904345e+00 
9.904345e+00 
9.904345e+00 
9.904345e+00 
9.904345e+00 
9.904345e+00 
9.904345e+00 
9.904345e+00 
9.904345e+00 
9.904345e+00 
9.904345e+00 
9.904345e+00 
9.904345e+00 
9.904345e+00 
9.904345e+00 
9.904345e+00 
9.904345e+00 
9.904345e+00 
9.904345e+00 
9.904345e+00 
9.904345e+00 
9.904345e+00 
9.904345e+00 
9.904345e+00 
9.904345e+00 
9.904345e+00 
9.904345e+00 
9.904345e+00 
9.904345e+00 
9.904345e+00 
9.904345e+00 
9.904345e+00 
9.904345e+00 
9.904345e+00 
9.904345e+00 
9.904345e+00 
9.904345e+00 
9.904345e+00 
9.904345e+00 
9.904345e+00 
9.904345e+00 
9.904345e+00 
9.904345e+00 
9.904345e+00 
9.904345e+00 
9.904345e+00 
9.904345e+00 
9.904345e+00 
9.904345e+00 
9.904345e+00 
9.904345e+00 
9.904345e+00 
9.904345e+00 
9.904345e+00 
9.904345e+00 
9.904345e+00 
9.904345e+00 
9.904345e+00 
9.904345e+00 
9.904345e+00 
9.904345e+00 
9.904345e+00 
9.904345e+00 
9.904345e+00 
9.904345e+00 
9.904345e+00 
9.904345e+00 
9.904345e+00 
9.904345e+00 
9.904345e+00 
9.904345e+00 
9.904345e+00 
9.904345e+00 
9.904345e+00 
9.904345e+00 
9.904345e+00 
9.904345e+00 
9.904345e+00 
9.904345e+00 
9.904345e+00 
9.904345e+00 
9.904345e+00 
9.904345e+00 
9.904345e+00 
9.904345e+00 
9.904345e+00 
9.904345e+00 
9.904345e+00 
9.904345e+00 
9.904345e+00 
9.904345e+00 
9.904345e+00 
9.904345e+00 
9.904345e+00 
9.904345e+00 
9.904345e+00 
9.904345e+00 
9.904345e+00 
9.904345e+00 
9.904345e+00 
9.904345e+00 
9.904345e+00 
9.904345e+00 
9.904345e+00 
9.904345e+00 
9.904345e+00 
9.904345e+00 
9.904345e+00 
9.904345e+00 
9.904345e+00 
9.904345e+00 
9.904345e+00 
9.904345e+00 
9.904345e+00 
9.904345e+00 
9.904345e+00 
9.904345e+00 
9.904345e+00 
9.904345e+00 
9.904345e+00 
9.904345e+00 
9.904345e+00 
9.904345e+00 
9.904345e+00 
9.904345e+00 
9.904345e+00 
9.904345e+00 
9.904345e+00 
9.904345e+00 
9.904345e+00 
9.904345e+00 
9.904345e+00 
9.904345e+00 
9.904345e+00 
9.904345e+00 
9.904345e+00 
9.904345e+00 
9.904345e+00 
9.904345e+00 
9.904345e+00 
9.904345e+00 
9.904345e+00 
9.904345e+00 
9.904345e+00 
9.904345e+00 
9.904345e+00 
9.904345e+00 
9.904345e+00 
9.904345e+00 
9.904345e+00 
9.904345e+00 
9.904345e+00 
9.904345e+00 
9.904345e+00 
9.904345e+00 
9.904345e+00 
9.904345e+00 
9.904345e+00 
9.904345e+00 
9.904345e+00 
9.904345e+00 
9.904345e+00 
9.904345e+00 
9.904345e+00 
9.904345e+00 
9.904345e+00 
9.904345e+00 
9.904345e+00 
9.904345e+00 
9.904345e+00 
9.904345e+00 
9.904345e+00 
9.904345e+00 
9.904345e+00 
9.904345e+00 
9.904345e+00 
9.904345e+00 
9.904345e+00 
9.904345e+00 
9.904345e+00 
9.904345e+00 
9.904345e+00 
9.904345e+00 
9.904345e+00 
9.904345e+00 
9.904345e+00 
9.904345e+00 
9.904345e+00 
9.904345e+00 
9.904345e+00 
9.904345e+00 
9.904345e+00 
9.904345e+00 
9.904345e+00 
9.904345e+00 
9.904345e+00 
9.904345e+00 
9.904345e+00 
9.904345e+00 
9.904345e+00 
9.904345e+00 
9.904345e+00 
9.904345e+00 
9.904345e+00 
9.904345e+00 
9.904345e+00 
9.904345e+00 
9.904345e+00 
9.904345e+00 
9.904345e+00 
9.904345e+00 
9.904345e+00 
9.904345e+00 
9.904345e+00 
9.904345e+00 
9.904345e+00 
9.904345e+00 
9.904345e+00 
9.904345e+00 
9.904345e+00 
9.904345e+00 
9.904345e+00 
9.904345e+00 
9.904345e+00 
9.904345e+00 
9.904345e+00 
9.904345e+00 
9.904345e+00 
9.904345e+00 
9.904345e+00 
9.904345e+00 
9.904345e+00 
9.904345e+00 
9.904345e+00 
9.904345e+00 
9.904345e+00 
9.904345e+00 
9.904345e+00 
9.904345e+00 
9.904345e+00 
9.904345e+00 
9.904345e+00 
9.904345e+00 
9.904345e+00 
9.904345e+00 
9.904345e+00 
9.904345e+00 
9.904345e+00 
9.904345e+00 
9.904345e+00 
9.904345e+00 
9.904345e+00 
9.904345e+00 
9.904345e+00 
9.904345e+00 
9.904345e+00 
9.904345e+00 
9.904345e+00 
9.904345e+00 
9.904345e+00 
9.904345e+00 
9.904345e+00 
9.904345e+00 
9.904345e+00 
9.904345e+00 
9.904345e+00 
9.904345e+00 
9.904345e+00 
9.904345e+00 
9.904345e+00 
9.904345e+00 
9.904345e+00 
9.904345e+00 
9.904345e+00 
9.904345e+00 
9.904345e+00 
9.904345e+00 
9.904345e+00 
9.904345e+00 
9.904345e+00 
9.904345e+00 
9.904345e+00 
9.904345e+00 
9.904345e+00 
9.904345e+00 
9.904345e+00 
9.904345e+00 
9.904345e+00 
9.904345e+00 
9.904345e+00 
9.904345e+00 
9.904345e+00 
9.904345e+00 
9.904345e+00 
9.904345e+00 
9.904345e+00 
9.904345e+00 
9.904345e+00 
9.904345e+00 
9.904345e+00 
9.904345e+00 
9.904345e+00 
9.904345e+00 
9.904345e+00 
9.904345e+00 
9.904345e+00 
9.904345e+00 
9.904345e+00 
9.904345e+00 
9.904345e+00 
9.904345e+00 
9.904345e+00 
9.904345e+00 
9.904345e+00 
9.904345e+00 
9.904345e+00 
9.904345e+00 
9.904345e+00 
9.904345e+00 
9.904345e+00 
9.904345e+00 
9.904345e+00 
9.904345e+00 
9.904345e+00 
9.904345e+00 
9.904345e+00 
9.904345e+00 
9.904345e+00 
9.904345e+00 
9.904345e+00 
9.904345e+00 
9.904345e+00 
9.904345e+00 
9.904345e+00 
9.904345e+00 
9.904345e+00 
9.904345e+00 
9.904345e+00 
9.904345e+00 
9.904345e+00 
9.904345e+00 
9.904345e+00 
9.904345e+00 
9.904345e+00 
9.904345e+00 
9.904345e+00 
9.904345e+00 
9.904345e+00 
9.904345e+00 
9.904345e+00 
9.904345e+00 
9.904345e+00 
9.904345e+00 
9.904345e+00 
9.904345e+00 
9.904345e+00 
9.904345e+00 
9.904345e+00 
9.904345e+00 
9.904345e+00 
9.904345e+00 
9.904345e+00 
9.904345e+00 
9.904345e+00 
9.904345e+00 
9.904345e+00 
9.904345e+00 
9.904345e+00 
9.904345e+00 
9.904345e+00 
9.904345e+00 
9.904345e+00 
9.904345e+00 
9.904345e+00 
9.904345e+00 
9.904345e+00 
9.904345e+00 
9.904345e+00 
9.904345e+00 
9.904345e+00 
9.904345e+00 
9.904345e+00 
9.904345e+00 
9.904345e+00 
9.904345e+00 
9.904345e+00 
9.904345e+00 
9.904345e+00 
9.904345e+00 
9.904345e+00 
9.904345e+00 
9.904345e+00 
9.904345e+00 
9.904345e+00 
9.904345e+00 
9.904345e+00 
9.904345e+00 
9.904345e+00 
9.904345e+00 
9.904345e+00 
9.904345e+00 
9.904345e+00 
9.904345e+00 
9.904345e+00 
9.904345e+00 
9.904345e+00 
9.904345e+00 
9.904345e+00 
9.904345e+00 
9.904345e+00 
9.904345e+00 
9.904345e+00 
9.904345e+00 
9.904345e+00 
9.904345e+00 
9.904345e+00 
9.904345e+00 
9.904345e+00 
9.904345e+00 
9.904345e+00 
9.904345e+00 
9.904345e+00 
9.904345e+00 
9.904345e+00 
9.904345e+00 
9.904345e+00 
9.904345e+00 
9.904345e+00 
9.904345e+00 
9.904345e+00 
9.904345e+00 
9.904345e+00 
9.904345e+00 
9.904345e+00 
9.904345e+00 
9.904345e+00 
9.904345e+00 
9.904345e+00 
9.904345e+00 
9.904345e+00 
9.904345e+00 
9.904345e+00 
9.904345e+00 
9.904345e+00 
9.904345e+00 
9.904345e+00 
9.904345e+00 
9.904345e+00 
9.904345e+00 
9.904345e+00 
9.904345e+00 
9.904345e+00 
9.904345e+00 
9.904345e+00 
9.904345e+00 
9.904345e+00 
9.904345e+00 
9.904345e+00 
9.904345e+00 
9.904345e+00 
9.904345e+00 
9.904345e+00 
9.904345e+00 
9.904345e+00 
9.904345e+00 
9.904345e+00 
9.904345e+00 
9.904345e+00 
9.904345e+00 
9.904345e+00 
9.904345e+00 
9.904345e+00 
9.904345e+00 
9.904345e+00 
9.904345e+00 
9.904345e+00 
9.904345e+00 
9.904345e+00 
9.904345e+00 
9.904345e+00 
9.904345e+00 
9.904345e+00 
9.904345e+00 
9.904345e+00 
9.904345e+00 
9.904345e+00 
9.904345e+00 
9.904345e+00 
9.904345e+00 
9.904345e+00 
9.904345e+00 
9.904345e+00 
9.904345e+00 
9.904345e+00 
9.904345e+00 
9.904345e+00 
9.904345e+00 
9.904345e+00 
9.904345e+00 
9.904345e+00 
9.904345e+00 
9.904345e+00 
9.904345e+00 
9.904345e+00 
9.904345e+00 
9.904345e+00 
9.904345e+00 
9.904345e+00 
9.904345e+00 
9.904345e+00 
9.904345e+00 
9.904345e+00 
9.904345e+00 
9.904345e+00 
9.904345e+00 
9.904345e+00 
9.904345e+00 
9.904345e+00 
9.904345e+00 
9.904345e+00 
9.904345e+00 
9.904345e+00 
9.904345e+00 
9.904345e+00 
9.904345e+00 
9.904345e+00 
9.904345e+00 
9.904345e+00 
9.904345e+00 
9.904345e+00 
9.904345e+00 
9.904345e+00 
9.904345e+00 
9.904345e+00 
9.904345e+00 
9.904345e+00 
9.904345e+00 
9.904345e+00 
9.904345e+00 
9.904345e+00 
9.904345e+00 
9.904345e+00 
9.904345e+00 
9.904345e+00 
9.904345e+00 
9.904345e+00 
9.904345e+00 
9.904345e+00 
9.904345e+00 
9.904345e+00 
9.904345e+00 
9.904345e+00 
9.904345e+00 
9.904345e+00 
9.904345e+00 
9.904345e+00 
9.904345e+00 
9.904345e+00 
9.904345e+00 
9.904345e+00 
9.904345e+00 
9.904345e+00 
9.904345e+00 
9.904345e+00 
9.904345e+00 
9.904345e+00 
9.904345e+00 
9.904345e+00 
9.904345e+00 
9.904345e+00 
9.904345e+00 
9.904345e+00 
9.904345e+00 
9.904345e+00 
9.904345e+00 
9.904345e+00 
9.904345e+00 
9.904345e+00 
9.904345e+00 
9.904345e+00 
9.904345e+00 
9.904345e+00 
9.904345e+00 
9.904345e+00 
9.904345e+00 
9.904345e+00 
9.904345e+00 
9.904345e+00 
9.904345e+00 
9.904345e+00 
9.904345e+00 
9.904345e+00 
9.904345e+00 
9.904345e+00 
9.904345e+00 
9.904345e+00 
9.904345e+00 
9.904345e+00 
9.904345e+00 
9.904345e+00 
9.904345e+00 
9.904345e+00 
9.904345e+00 
9.904345e+00 
9.904345e+00 
9.904345e+00 
9.904345e+00 
9.904345e+00 
9.904345e+00 
9.904345e+00 
9.904345e+00 
9.904345e+00 
9.904345e+00 
9.904345e+00 
9.904345e+00 
9.904345e+00 
9.904345e+00 
9.904345e+00 
9.904345e+00 
9.904345e+00 
9.904345e+00 
9.904345e+00 
9.904345e+00 
9.904345e+00 
9.904345e+00 
9.904345e+00 
9.904345e+00 
9.904345e+00 
9.904345e+00 
9.904345e+00 
9.904345e+00 
9.904345e+00 
9.904345e+00 
9.904345e+00 
9.904345e+00 
9.904345e+00 
9.904345e+00 
9.904345e+00 
9.904345e+00 
9.904345e+00 
9.904345e+00 
9.904345e+00 
9.904345e+00 
9.904345e+00 
9.904345e+00 
9.904345e+00 
9.904345e+00 
9.904345e+00 
9.904345e+00 
9.904345e+00 
9.904345e+00 
9.904345e+00 
9.904345e+00 
9.904345e+00 
9.904345e+00 
9.904345e+00 
9.904345e+00 
9.904345e+00 
9.904345e+00 
9.904345e+00 
9.904345e+00 
9.904345e+00 
9.904345e+00 
9.904345e+00 
9.904345e+00 
9.904345e+00 
9.904345e+00 
9.904345e+00 
9.904345e+00 
9.904345e+00 
9.904345e+00 
9.904345e+00 
9.904345e+00 
9.904345e+00 
9.904345e+00 
9.904345e+00 
9.904345e+00 
9.904345e+00 
9.904345e+00 
9.904345e+00 
9.904345e+00 
9.904345e+00 
9.904345e+00 
9.904345e+00 
9.904345e+00 
9.904345e+00 
9.904345e+00 
9.904345e+00 
9.904345e+00 
9.904345e+00 
9.904345e+00 
9.904345e+00 
9.904345e+00 
9.904345e+00 
9.904345e+00 
9.904345e+00 
9.904345e+00 
9.904345e+00 
9.904345e+00 
9.904345e+00 
9.904345e+00 
9.904345e+00 
9.904345e+00 
9.904345e+00 
9.904345e+00 
9.904345e+00 
9.904345e+00 
9.904345e+00 
9.904345e+00 
9.904345e+00 
9.904345e+00 
9.904345e+00 
9.904345e+00 
9.904345e+00 
9.904345e+00 
9.904345e+00 
9.904345e+00 
9.904345e+00 
9.904345e+00 
9.904345e+00 
9.904345e+00 
9.904345e+00 
9.904345e+00 
9.904345e+00 
9.904345e+00 
9.904345e+00 
9.904345e+00 
9.904345e+00 
9.904345e+00 
9.904345e+00 
9.904345e+00 
9.904345e+00 
9.904345e+00 
9.904345e+00 
9.904345e+00 
9.904345e+00 
9.904345e+00 
9.904345e+00 
9.904345e+00 
9.904345e+00 
9.904345e+00 
9.904345e+00 
9.904345e+00 
9.904345e+00 
9.904345e+00 
9.904345e+00 
9.904345e+00 
9.904345e+00 
9.904345e+00 
9.904345e+00 
9.904345e+00 
9.904345e+00 
9.904345e+00 
9.904345e+00 
9.904345e+00 
9.904345e+00 
9.904345e+00 
9.904345e+00 
9.904345e+00 
9.904345e+00 
9.904345e+00 
9.904345e+00 
9.904345e+00 
9.904345e+00 
9.904345e+00 
9.904345e+00 
9.904345e+00 
9.904345e+00 
9.904345e+00 
9.904345e+00 
9.904345e+00 
9.904345e+00 
9.904345e+00 
9.904345e+00 
9.904345e+00 
9.904345e+00 
9.904345e+00 
9.904345e+00 
9.904345e+00 
9.904345e+00 
9.904345e+00 
9.904345e+00 
9.904345e+00 
9.904345e+00 
9.904345e+00 
9.904345e+00 
9.904345e+00 
9.904345e+00 
9.904345e+00 
9.904345e+00 
9.904345e+00 
9.904345e+00 
9.904345e+00 
9.904345e+00 
9.904345e+00 
9.904345e+00 
9.904345e+00 
9.904345e+00 
9.904345e+00 
9.904345e+00 
9.904345e+00 
9.904345e+00 
9.904345e+00 
9.904345e+00 
9.904345e+00 
9.904345e+00 
9.904345e+00 
9.904345e+00 
9.904345e+00 
9.904345e+00 
9.904345e+00 
9.904345e+00 
9.904345e+00 
9.904345e+00 
9.904345e+00 
9.904345e+00 
9.904345e+00 
9.904345e+00 
9.904345e+00 
9.904345e+00 
9.904345e+00 
9.904345e+00 
9.904345e+00 
9.904345e+00 
9.904345e+00 
9.904345e+00 
9.904345e+00 
9.904345e+00 
9.904345e+00 
9.904345e+00 
9.904345e+00 
9.904345e+00 
9.904345e+00 
9.904345e+00 
9.904345e+00 
9.904345e+00 
9.904345e+00 
9.904345e+00 
9.904345e+00 
9.904345e+00 
9.904345e+00 
9.904345e+00 
9.904345e+00 
9.904345e+00 
9.904345e+00 
9.904345e+00 
9.904345e+00 
9.904345e+00 
9.904345e+00 
9.904345e+00 
9.904345e+00 
9.904345e+00 
9.904345e+00 
9.904345e+00 
9.904345e+00 
9.904345e+00 
9.904345e+00 
9.904345e+00 
9.904345e+00 
9.904345e+00 
9.904345e+00 
9.904345e+00 
9.904345e+00 
9.904345e+00 
9.904345e+00 
9.904345e+00 
9.904345e+00 
9.904345e+00 
9.904345e+00 
9.904345e+00 
9.904345e+00 
9.904345e+00 
9.904345e+00 
9.904345e+00 
9.904345e+00 
9.904345e+00 
9.904345e+00 
9.904345e+00 
9.904345e+00 
9.904345e+00 
9.904345e+00 
9.904345e+00 
9.904345e+00 
9.904345e+00 
9.904345e+00 
9.904345e+00 
9.904345e+00 
9.904345e+00 
9.904345e+00 
9.904345e+00 
9.904345e+00 
9.904345e+00 
9.904345e+00 
9.904345e+00 
9.904345e+00 
9.904345e+00 
9.904345e+00 
9.904345e+00 
9.904345e+00 
9.904345e+00 
9.904345e+00 
9.904345e+00 
9.904345e+00 
9.904345e+00 
9.904345e+00 
9.904345e+00 
9.904345e+00 
9.904345e+00 
9.904345e+00 
9.904345e+00 
9.904345e+00 
9.904345e+00 
9.904345e+00 
9.904345e+00 
9.904345e+00 
9.904345e+00 
9.904345e+00 
9.904345e+00 
9.904345e+00 
9.904345e+00 
9.904345e+00 
9.904345e+00 
9.904345e+00 
9.904345e+00 
9.904345e+00 
9.904345e+00 
9.904345e+00 
9.904345e+00 
9.904345e+00 
9.904345e+00 
9.904345e+00 
9.904345e+00 
9.904345e+00 
9.904345e+00 
9.904345e+00 
9.904345e+00 
9.904345e+00 
9.904345e+00 
9.904345e+00 
9.904345e+00 
9.904345e+00 
9.904345e+00 
9.904345e+00 
9.904345e+00 
9.904345e+00 
9.904345e+00 
9.904345e+00 
9.904345e+00 
9.904345e+00 
9.904345e+00 
9.904345e+00 
9.904345e+00 
9.904345e+00 
9.904345e+00 
9.904345e+00 
9.904345e+00 
9.904345e+00 
9.904345e+00 
9.904345e+00 
9.904345e+00 
9.904345e+00 
9.904345e+00 
9.904345e+00 
9.904345e+00 
9.904345e+00 
9.904345e+00 
9.904345e+00 
9.904345e+00 
9.904345e+00 
9.904345e+00 
9.904345e+00 
9.904345e+00 
9.904345e+00 
9.904345e+00 
9.904345e+00 
9.904345e+00 
9.904345e+00 
9.904345e+00 
9.904345e+00 
9.904345e+00 
9.904345e+00 
9.904345e+00 
9.904345e+00 
9.904345e+00 
9.904345e+00 
9.904345e+00 
9.904345e+00 
9.904345e+00 
9.904345e+00 
9.904345e+00 
9.904345e+00 
9.904345e+00 
9.904345e+00 
9.904345e+00 
9.904345e+00 
9.904345e+00 
9.904345e+00 
9.904345e+00 
9.904345e+00 
9.904345e+00 
9.904345e+00 
9.904345e+00 
9.904345e+00 
9.904345e+00 
9.904345e+00 
9.904345e+00 
9.904345e+00 
9.904345e+00 
9.904345e+00 
9.904345e+00 
9.904345e+00 
9.904345e+00 
9.904345e+00 
9.904345e+00 
9.904345e+00 
9.904345e+00 
9.904345e+00 
9.904345e+00 
9.904345e+00 
9.904345e+00 
9.904345e+00 
9.904345e+00 
9.904345e+00 
9.904345e+00 
9.904345e+00 
9.904345e+00 
9.904345e+00 
9.904345e+00 
9.904345e+00 
9.904345e+00 
9.904345e+00 
9.904345e+00 
9.904345e+00 
9.904345e+00 
9.904345e+00 
9.904345e+00 
9.904345e+00 
9.904345e+00 
9.904345e+00 
9.904345e+00 
9.904345e+00 
9.904345e+00 
9.904345e+00 
9.904345e+00 
9.904345e+00 
9.904345e+00 
9.904345e+00 
9.904345e+00 
9.904345e+00 
9.904345e+00 
9.904345e+00 
9.904345e+00 
9.904345e+00 
9.904345e+00 
9.904345e+00 
9.904345e+00 
9.904345e+00 
9.904345e+00 
9.904345e+00 
9.904345e+00 
9.904345e+00 
9.904345e+00 
9.904345e+00 
9.904345e+00 
9.904345e+00 
9.904345e+00 
9.904345e+00 
9.904345e+00 
9.904345e+00 
9.904345e+00 
9.904345e+00 
9.904345e+00 
9.904345e+00 
9.904345e+00 
9.904345e+00 
9.904345e+00 
9.904345e+00 
9.904345e+00 
9.904345e+00 
9.904345e+00 
9.904345e+00 
9.904345e+00 
9.904345e+00 
9.904345e+00 
9.904345e+00 
9.904345e+00 
9.904345e+00 
9.904345e+00 
9.904345e+00 
9.904345e+00 
9.904345e+00 
9.904345e+00 
9.904345e+00 
9.904345e+00 
9.904345e+00 
9.904345e+00 
9.904345e+00 
9.904345e+00 
9.904345e+00 
9.904345e+00 
9.904345e+00 
9.904345e+00 
9.904345e+00 
9.904345e+00 
9.904345e+00 
9.904345e+00 
9.904345e+00 
9.904345e+00 
9.904345e+00 
9.904345e+00 
9.904345e+00 
9.904345e+00 
9.904345e+00 
9.904345e+00 
9.904345e+00 
9.904345e+00 
9.904345e+00 
9.904345e+00 
9.904345e+00 
9.904345e+00 
9.904345e+00 
9.904345e+00 
9.904345e+00 
9.904345e+00 
9.904345e+00 
9.904345e+00 
9.904345e+00 
9.904345e+00 
9.904345e+00 
9.904345e+00 
9.904345e+00 
9.904345e+00 
9.904345e+00 
9.904345e+00 
9.904345e+00 
9.904345e+00 
9.904345e+00 
9.904345e+00 
9.904345e+00 
9.904345e+00 
9.904345e+00 
9.904345e+00 
9.904345e+00 
9.904345e+00 
9.904345e+00 
9.904345e+00 
9.904345e+00 
9.904345e+00 
9.904345e+00 
9.904345e+00 
9.904345e+00 
9.904345e+00 
9.904345e+00 
9.904345e+00 
9.904345e+00 
9.904345e+00 
9.904345e+00 
9.904345e+00 
9.904345e+00 
9.904345e+00 
9.904345e+00 
9.904345e+00 
9.904345e+00 
9.904345e+00 
9.904345e+00 
9.904345e+00 
9.904345e+00 
9.904345e+00 
9.904345e+00 
9.904345e+00 
9.904345e+00 
9.904345e+00 
9.904345e+00 
9.904345e+00 
9.904345e+00 
9.904345e+00 
9.904345e+00 
9.904345e+00 
9.904345e+00 
9.904345e+00 
9.904345e+00 
9.904345e+00 
9.904345e+00 
9.904345e+00 
9.904345e+00 
9.904345e+00 
9.904345e+00 
9.904345e+00 
9.904345e+00 
9.904345e+00 
9.904345e+00 
9.904345e+00 
9.904345e+00 
9.904345e+00 
9.904345e+00 
9.904345e+00 
9.904345e+00 
9.904345e+00 
9.904345e+00 
9.904345e+00 
9.904345e+00 
9.904345e+00 
9.904345e+00 
9.904345e+00 
9.904345e+00 
9.904345e+00 
9.904345e+00 
9.904345e+00 
9.904345e+00 
9.904345e+00 
9.904345e+00 
9.904345e+00 
9.904345e+00 
9.904345e+00 
9.904345e+00 
9.904345e+00 
9.904345e+00 
9.904345e+00 
9.904345e+00 
9.904345e+00 
9.904345e+00 
9.904345e+00 
9.904345e+00 
9.904345e+00 
9.904345e+00 
9.904345e+00 
9.904345e+00 
9.904345e+00 
9.904345e+00 
9.904345e+00 
9.904345e+00 
9.904345e+00 
9.904345e+00 
9.904345e+00 
9.904345e+00 
9.904345e+00 
9.904345e+00 
9.904345e+00 
9.904345e+00 
9.904345e+00 
9.904345e+00 
9.904345e+00 
9.904345e+00 
9.904345e+00 
9.904345e+00 
9.904345e+00 
9.904345e+00 
9.904345e+00 
9.904345e+00 
9.904345e+00 
9.904345e+00 
9.904345e+00 
9.904345e+00 
9.904345e+00 
9.904345e+00 
9.904345e+00 
9.904345e+00 
9.904345e+00 
9.904345e+00 
9.904345e+00 
9.904345e+00 
9.904345e+00 
9.904345e+00 
9.904345e+00 
9.904345e+00 
9.904345e+00 
9.904345e+00 
9.904345e+00 
9.904345e+00 
9.904345e+00 
9.904345e+00 
9.904345e+00 
9.904345e+00 
9.904345e+00 
9.904345e+00 
9.904345e+00 
9.904345e+00 
9.904345e+00 
9.904345e+00 
9.904345e+00 
9.904345e+00 
9.904345e+00 
9.904345e+00 
9.904345e+00 
9.904345e+00 
9.904345e+00 
9.904345e+00 
9.904345e+00 
9.904345e+00 
9.904345e+00 
9.904345e+00 
9.904345e+00 
9.904345e+00 
9.904345e+00 
9.904345e+00 
9.904345e+00 
9.904345e+00 
9.904345e+00 
9.904345e+00 
9.904345e+00 
9.904345e+00 
9.904345e+00 
9.904345e+00 
9.904345e+00 
9.904345e+00 
9.904345e+00 
9.904345e+00 
9.904345e+00 
9.904345e+00 
9.904345e+00 
9.904345e+00 
9.904345e+00 
9.904345e+00 
9.904345e+00 
9.904345e+00 
9.904345e+00 
9.904345e+00 
9.904345e+00 
9.904345e+00 
9.904345e+00 
9.904345e+00 
9.904345e+00 
9.904345e+00 
9.904345e+00 
9.904345e+00 
9.904345e+00 
9.904345e+00 
9.904345e+00 
9.904345e+00 
9.904345e+00 
9.904345e+00 
9.904345e+00 
9.904345e+00 
9.904345e+00 
9.904345e+00 
9.904345e+00 
9.904345e+00 
9.904345e+00 
9.904345e+00 
9.904345e+00 
9.904345e+00 
9.904345e+00 
9.904345e+00 
9.904345e+00 
9.904345e+00 
9.904345e+00 
9.904345e+00 
9.904345e+00 
9.904345e+00 
9.904345e+00 
9.904345e+00 
9.904345e+00 
9.904345e+00 
9.904345e+00 
9.904345e+00 
9.904345e+00 
9.904345e+00 
9.904345e+00 
9.904345e+00 
9.904345e+00 
9.904345e+00 
9.904345e+00 
9.904345e+00 
9.904345e+00 
9.904345e+00 
9.904345e+00 
9.904345e+00 
9.904345e+00 
9.904345e+00 
9.904345e+00 
9.904345e+00 
9.904345e+00 
9.904345e+00 
9.904345e+00 
9.904345e+00 
9.904345e+00 
9.904345e+00 
9.904345e+00 
9.904345e+00 
9.904345e+00 
9.904345e+00 
9.904345e+00 
9.904345e+00 
9.904345e+00 
9.904345e+00 
9.904345e+00 
9.904345e+00 
9.904345e+00 
9.904345e+00 
9.904345e+00 
9.904345e+00 
9.904345e+00 
9.904345e+00 
9.904345e+00 
9.904345e+00 
9.904345e+00 
9.904345e+00 
9.904345e+00 
9.904345e+00 
9.904345e+00 
9.904345e+00 
9.904345e+00 
9.904345e+00 
9.904345e+00 
9.904345e+00 
9.904345e+00 
9.904345e+00 
9.904345e+00 
9.904345e+00 
9.904345e+00 
9.904345e+00 
9.904345e+00 
9.904345e+00 
9.904345e+00 
9.904345e+00 
9.904345e+00 
9.904345e+00 
9.904345e+00 
9.904345e+00 
9.904345e+00 
9.904345e+00 
9.904345e+00 
9.904345e+00 
9.904345e+00 
9.904345e+00 
9.904345e+00 
9.904345e+00 
9.904345e+00 
9.904345e+00 
9.904345e+00 
9.904345e+00 
9.904345e+00 
9.904345e+00 
9.904345e+00 
9.904345e+00 
9.904345e+00 
9.904345e+00 
9.904345e+00 
9.904345e+00 
9.904345e+00 
9.904345e+00 
9.904345e+00 
9.904345e+00 
9.904345e+00 
9.904345e+00 
9.904345e+00 
9.904345e+00 
9.904345e+00 
9.904345e+00 
9.904345e+00 
9.904345e+00 
9.904345e+00 
9.904345e+00 
9.904345e+00 
9.904345e+00 
9.904345e+00 
9.904345e+00 
9.904345e+00 
9.904345e+00 
9.904345e+00 
9.904345e+00 
9.904345e+00 
9.904345e+00 
9.904345e+00 
9.904345e+00 
9.904345e+00 
9.904345e+00 
9.904345e+00 
9.904345e+00 
9.904345e+00 
9.904345e+00 
9.904345e+00 
9.904345e+00 
9.904345e+00 
9.904345e+00 
9.904345e+00 
9.904345e+00 
9.904345e+00 
9.904345e+00 
9.904345e+00 
9.904345e+00 
9.904345e+00 
9.904345e+00 
9.904345e+00 
9.904345e+00 
9.904345e+00 
9.904345e+00 
9.904345e+00 
9.904345e+00 
9.904345e+00 
9.904345e+00 
9.904345e+00 
9.904345e+00 
9.904345e+00 
9.904345e+00 
9.904345e+00 
9.904345e+00 
9.904345e+00 
9.904345e+00 
9.904345e+00 
9.904345e+00 
9.904345e+00 
9.904345e+00 
9.904345e+00 
9.904345e+00 
9.904345e+00 
9.904345e+00 
9.904345e+00 
9.904345e+00 
9.904345e+00 
9.904345e+00 
9.904345e+00 
9.904345e+00 
9.904345e+00 
9.904345e+00 
9.904345e+00 
9.904345e+00 
9.904345e+00 
9.904345e+00 
9.904345e+00 
9.904345e+00 
9.904345e+00 
9.904345e+00 
9.904345e+00 
9.904345e+00 
9.904345e+00 
9.904345e+00 
9.904345e+00 
9.904345e+00 
9.904345e+00 
9.904345e+00 
9.904345e+00 
9.904345e+00 
9.904345e+00 
9.904345e+00 
9.904345e+00 
9.904345e+00 
9.904345e+00 
9.904345e+00 
9.904345e+00 
9.904345e+00 
9.904345e+00 
9.904345e+00 
9.904345e+00 
9.904345e+00 
9.904345e+00 
9.904345e+00 
9.904345e+00 
9.904345e+00 
9.904345e+00 
9.904345e+00 
9.904345e+00 
9.904345e+00 
9.904345e+00 
9.904345e+00 
9.904345e+00 
9.904345e+00 
9.904345e+00 
9.904345e+00 
9.904345e+00 
9.904345e+00 
9.904345e+00 
9.904345e+00 
9.904345e+00 
9.904345e+00 
9.904345e+00 
9.904345e+00 
9.904345e+00 
9.904345e+00 
9.904345e+00 
9.904345e+00 
9.904345e+00 
9.904345e+00 
9.904345e+00 
9.904345e+00 
9.904345e+00 
9.904345e+00 
9.904345e+00 
9.904345e+00 
9.904345e+00 
9.904345e+00 
9.904345e+00 
9.904345e+00 
9.904345e+00 
9.904345e+00 
9.904345e+00 
9.904345e+00 
9.904345e+00 
9.904345e+00 
9.904345e+00 
9.904345e+00 
9.904345e+00 
9.904345e+00 
9.904345e+00 
9.904345e+00 
9.904345e+00 
9.904345e+00 
9.904345e+00 
9.904345e+00 
9.904345e+00 
9.904345e+00 
9.904345e+00 
9.904345e+00 
9.904345e+00 
9.904345e+00 
9.904345e+00 
9.904345e+00 
9.904345e+00 
9.904345e+00 
9.904345e+00 
9.904345e+00 
9.904345e+00 
9.904345e+00 
9.904345e+00 
9.904345e+00 
9.904345e+00 
9.904345e+00 
9.904345e+00 
9.904345e+00 
9.904345e+00 
9.904345e+00 
9.904345e+00 
9.904345e+00 
9.904345e+00 
9.904345e+00 
9.904345e+00 
9.904345e+00 
9.904345e+00 
9.904345e+00 
9.904345e+00 
9.904345e+00 
9.904345e+00 
9.904345e+00 
9.904345e+00 
9.904345e+00 
9.904345e+00 
9.904345e+00 
9.904345e+00 
9.904345e+00 
9.904345e+00 
9.904345e+00 
9.904345e+00 
9.904345e+00 
9.904345e+00 
9.904345e+00 
9.904345e+00 
9.904345e+00 
9.904345e+00 
9.904345e+00 
9.904345e+00 
9.904345e+00 
9.904345e+00 
9.904345e+00 
9.904345e+00 
9.904345e+00 
9.904345e+00 
9.904345e+00 
9.904345e+00 
9.904345e+00 
9.904345e+00 
9.904345e+00 
9.904345e+00 
9.904345e+00 
9.904345e+00 
9.904345e+00 
9.904345e+00 
9.904345e+00 
9.904345e+00 
9.904345e+00 
9.904345e+00 
9.904345e+00 
9.904345e+00 
9.904345e+00 
9.904345e+00 
9.904345e+00 
9.904345e+00 
9.904345e+00 
9.904345e+00 
9.904345e+00 
9.904345e+00 
9.904345e+00 
9.904345e+00 
9.904345e+00 
9.904345e+00 
9.904345e+00 
9.904345e+00 
9.904345e+00 
9.904345e+00 
9.904345e+00 
9.904345e+00 
9.904345e+00 
9.904345e+00 
9.904345e+00 
9.904345e+00 
9.904345e+00 
9.904345e+00 
9.904345e+00 
9.904345e+00 
9.904345e+00 
9.904345e+00 
9.904345e+00 
9.904345e+00 
9.904345e+00 
9.904345e+00 
9.904345e+00 
9.904345e+00 
9.904345e+00 
9.904345e+00 
9.904345e+00 
9.904345e+00 
9.904345e+00 
9.904345e+00 
9.904345e+00 
9.904345e+00 
9.904345e+00 
9.904345e+00 
9.904345e+00 
9.904345e+00 
9.904345e+00 
9.904345e+00 
9.904345e+00 
9.904345e+00 
9.904345e+00 
9.904345e+00 
9.904345e+00 
9.904345e+00 
9.904345e+00 
9.904345e+00 
9.904345e+00 
9.904345e+00 
9.904345e+00 
9.904345e+00 
9.904345e+00 
9.904345e+00 
9.904345e+00 
9.904345e+00 
9.904345e+00 
9.904345e+00 
9.904345e+00 
9.904345e+00 
9.904345e+00 
9.904345e+00 
9.904345e+00 
9.904345e+00 
9.904345e+00 
9.904345e+00 
9.904345e+00 
9.904345e+00 
9.904345e+00 
9.904345e+00 
9.904345e+00 
9.904345e+00 
9.904345e+00 
9.904345e+00 
9.904345e+00 
9.904345e+00 
9.904345e+00 
9.904345e+00 
9.904345e+00 
9.904345e+00 
9.904345e+00 
9.904345e+00 
9.904345e+00 
9.904345e+00 
9.904345e+00 
9.904345e+00 
9.904345e+00 
9.904345e+00 
9.904345e+00 
9.904345e+00 
9.904345e+00 
9.904345e+00 
9.904345e+00 
9.904345e+00 
9.904345e+00 
9.904345e+00 
9.904345e+00 
9.904345e+00 
9.904345e+00 
9.904345e+00 
9.904345e+00 
9.904345e+00 
9.904345e+00 
9.904345e+00 
9.904345e+00 
9.904345e+00 
9.904345e+00 
9.904345e+00 
9.904345e+00 
9.904345e+00 
9.904345e+00 
9.904345e+00 
9.904345e+00 
9.904345e+00 
9.904345e+00 
9.904345e+00 
9.904345e+00 
9.904345e+00 
9.904345e+00 
9.904345e+00 
9.904345e+00 
9.904345e+00 
9.904345e+00 
9.904345e+00 
9.904345e+00 
9.904345e+00 
9.904345e+00 
9.904345e+00 
9.904345e+00 
9.904345e+00 
9.904345e+00 
9.904345e+00 
9.904345e+00 
9.904345e+00 
9.904345e+00 
9.904345e+00 
9.904345e+00 
9.904345e+00 
9.904345e+00 
9.904345e+00 
9.904345e+00 
9.904345e+00 
9.904345e+00 
9.904345e+00 
9.904345e+00 
9.904345e+00 
9.904345e+00 
9.904345e+00 
9.904345e+00 
9.904345e+00 
9.904345e+00 
9.904345e+00 
9.904345e+00 
9.904345e+00 
9.904345e+00 
9.904345e+00 
9.904345e+00 
9.904345e+00 
9.904345e+00 
9.904345e+00 
9.904345e+00 
9.904345e+00 
9.904345e+00 
9.904345e+00 
9.904345e+00 
9.904345e+00 
9.904345e+00 
9.904345e+00 
9.904345e+00 
9.904345e+00 
9.904345e+00 
9.904345e+00 
9.904345e+00 
9.904345e+00 
9.904345e+00 
9.904345e+00 
9.904345e+00 
9.904345e+00 
9.904345e+00 
9.904345e+00 
9.904345e+00 
9.904345e+00 
9.904345e+00 
9.904345e+00 
9.904345e+00 
9.904345e+00 
9.904345e+00 
9.904345e+00 
9.904345e+00 
9.904345e+00 
9.904345e+00 
9.904345e+00 
9.904345e+00 
9.904345e+00 
9.904345e+00 
9.904345e+00 
9.904345e+00 
9.904345e+00 
9.904345e+00 
9.904345e+00 
9.904345e+00 
9.904345e+00 
9.904345e+00 
9.904345e+00 
9.904345e+00 
9.904345e+00 
9.904345e+00 
9.904345e+00 
9.904345e+00 
9.904345e+00 
9.904345e+00 
9.904345e+00 
9.904345e+00 
9.904345e+00 
9.904345e+00 
9.904345e+00 
9.904345e+00 
9.904345e+00 
9.904345e+00 
9.904345e+00 
9.904345e+00 
9.904345e+00 
9.904345e+00 
9.904345e+00 
9.904345e+00 
9.904345e+00 
9.904345e+00 
9.904345e+00 
9.904345e+00 
9.904345e+00 
9.904345e+00 
9.904345e+00 
9.904345e+00 
9.904345e+00 
9.904345e+00 
9.904345e+00 
9.904345e+00 
9.904345e+00 
9.904345e+00 
9.904345e+00 
9.904345e+00 
9.904345e+00 
9.904345e+00 
9.904345e+00 
9.904345e+00 
9.904345e+00 
9.904345e+00 
9.904345e+00 
9.904345e+00 
9.904345e+00 
9.904345e+00 
9.904345e+00 
9.904345e+00 
9.904345e+00 
9.904345e+00 
9.904345e+00 
9.904345e+00 
9.904345e+00 
9.904345e+00 
9.904345e+00 
9.904345e+00 
9.904345e+00 
9.904345e+00 
9.904345e+00 
9.904345e+00 
9.904345e+00 
9.904345e+00 
9.904345e+00 
9.904345e+00 
9.904345e+00 
9.904345e+00 
9.904345e+00 
9.904345e+00 
9.904345e+00 
9.904345e+00 
9.904345e+00 
9.904345e+00 
9.904345e+00 
9.904345e+00 
9.904345e+00 
9.904345e+00 
9.904345e+00 
9.904345e+00 
9.904345e+00 
9.904345e+00 
9.904345e+00 
9.904345e+00 
9.904345e+00 
9.904345e+00 
9.904345e+00 
9.904345e+00 
9.904345e+00 
9.904345e+00 
9.904345e+00 
9.904345e+00 
9.904345e+00 
9.904345e+00 
9.904345e+00 
9.904345e+00 
9.904345e+00 
9.904345e+00 
9.904345e+00 
9.904345e+00 
9.904345e+00 
9.904345e+00 
9.904345e+00 
9.904345e+00 
9.904345e+00 
9.904345e+00 
9.904345e+00 
9.904345e+00 
9.904345e+00 
9.904345e+00 
9.904345e+00 
9.904345e+00 
9.904345e+00 
9.904345e+00 
9.904345e+00 
9.904345e+00 
9.904345e+00 
9.904345e+00 
9.904345e+00 
9.904345e+00 
9.904345e+00 
9.904345e+00 
9.904345e+00 
9.904345e+00 
9.904345e+00 
9.904345e+00 
9.904345e+00 
9.904345e+00 
9.904345e+00 
9.904345e+00 
9.904345e+00 
9.904345e+00 
9.904345e+00 
9.904345e+00 
9.904345e+00 
9.904345e+00 
9.904345e+00 
9.904345e+00 
9.904345e+00 
9.904345e+00 
9.904345e+00 
9.904345e+00 
9.904345e+00 
9.904345e+00 
9.904345e+00 
9.904345e+00 
9.904345e+00 
9.904345e+00 
9.904345e+00 
9.904345e+00 
9.904345e+00 
9.904345e+00 
9.904345e+00 
9.904345e+00 
9.904345e+00 
9.904345e+00 
9.904345e+00 
9.904345e+00 
9.904345e+00 
9.904345e+00 
9.904345e+00 
9.904345e+00 
9.904345e+00 
9.904345e+00 
9.904345e+00 
9.904345e+00 
9.904345e+00 
9.904345e+00 
9.904345e+00 
9.904345e+00 
9.904345e+00 
9.904345e+00 
9.904345e+00 
9.904345e+00 
9.904345e+00 
9.904345e+00 
9.904345e+00 
9.904345e+00 
9.904345e+00 
9.904345e+00 
9.904345e+00 
9.904345e+00 
9.904345e+00 
9.904345e+00 
9.904345e+00 
9.904345e+00 
9.904345e+00 
9.904345e+00 
9.904345e+00 
9.904345e+00 
9.904345e+00 
9.904345e+00 
9.904345e+00 
9.904345e+00 
9.904345e+00 
9.904345e+00 
9.904345e+00 
9.904345e+00 
9.904345e+00 
9.904345e+00 
9.904345e+00 
9.904345e+00 
9.904345e+00 
9.904345e+00 
9.904345e+00 
9.904345e+00 
9.904345e+00 
9.904345e+00 
9.904345e+00 
9.904345e+00 
9.904345e+00 
9.904345e+00 
9.904345e+00 
9.904345e+00 
9.904345e+00 
9.904345e+00 
9.904345e+00 
9.904345e+00 
9.904345e+00 
9.904345e+00 
9.904345e+00 
9.904345e+00 
9.904345e+00 
9.904345e+00 
9.904345e+00 
9.904345e+00 
9.904345e+00 
9.904345e+00 
9.904345e+00 
9.904345e+00 
9.904345e+00 
9.904345e+00 
9.904345e+00 
9.904345e+00 
9.904345e+00 
9.904345e+00 
9.904345e+00 
9.904345e+00 
9.904345e+00 
9.904345e+00 
9.904345e+00 
9.904345e+00 
9.904345e+00 
9.904345e+00 
9.904345e+00 
9.904345e+00 
9.904345e+00 
9.904345e+00 
9.904345e+00 
9.904345e+00 
9.904345e+00 
9.904345e+00 
9.904345e+00 
9.904345e+00 
9.904345e+00 
9.904345e+00 
9.904345e+00 
9.904345e+00 
9.904345e+00 
9.904345e+00 
9.904345e+00 
9.904345e+00 
9.904345e+00 
9.904345e+00 
9.904345e+00 
9.904345e+00 
9.904345e+00 
9.904345e+00 
9.904345e+00 
9.904345e+00 
9.904345e+00 
9.904345e+00 
9.904345e+00 
9.904345e+00 
9.904345e+00 
9.904345e+00 
9.904345e+00 
9.904345e+00 
9.904345e+00 
9.904345e+00 
9.904345e+00 
9.904345e+00 
9.904345e+00 
9.904345e+00 
9.904345e+00 
9.904345e+00 
9.904345e+00 
9.904345e+00 
9.904345e+00 
9.904345e+00 
9.904345e+00 
9.904345e+00 
9.904345e+00 
9.904345e+00 
9.904345e+00 
9.904345e+00 
9.904345e+00 
9.904345e+00 
9.904345e+00 
9.904345e+00 
9.904345e+00 
9.904345e+00 
9.904345e+00 
9.904345e+00 
9.904345e+00 
9.904345e+00 
9.904345e+00 
9.904345e+00 
9.904345e+00 
9.904345e+00 
9.904345e+00 
9.904345e+00 
9.904345e+00 
9.904345e+00 
9.904345e+00 
9.904345e+00 
9.904345e+00 
9.904345e+00 
9.904345e+00 
9.904345e+00 
9.904345e+00 
9.904345e+00 
9.904345e+00 
9.904345e+00 
9.904345e+00 
9.904345e+00 
9.904345e+00 
9.904345e+00 
9.904345e+00 
9.904345e+00 
9.904345e+00 
9.904345e+00 
9.904345e+00 
9.904345e+00 
9.904345e+00 
9.904345e+00 
9.904345e+00 
9.904345e+00 
9.904345e+00 
9.904345e+00 
9.904345e+00 
9.904345e+00 
9.904345e+00 
9.904345e+00 
9.904345e+00 
9.904345e+00 
9.904345e+00 
9.904345e+00 
9.904345e+00 
9.904345e+00 
9.904345e+00 
9.904345e+00 
9.904345e+00 
9.904345e+00 
9.904345e+00 
9.904345e+00 
9.904345e+00 
9.904345e+00 
9.904345e+00 
9.904345e+00 
9.904345e+00 
9.904345e+00 
9.904345e+00 
9.904345e+00 
9.904345e+00 
9.904345e+00 
9.904345e+00 
9.904345e+00 
9.904345e+00 
9.904345e+00 
9.904345e+00 
9.904345e+00 
9.904345e+00 
9.904345e+00 
9.904345e+00 
9.904345e+00 
9.904345e+00 
9.904345e+00 
9.904345e+00 
9.904345e+00 
9.904345e+00 
9.904345e+00 
9.904345e+00 
9.904345e+00 
9.904345e+00 
9.904345e+00 
9.904345e+00 
9.904345e+00 
9.904345e+00 
9.904345e+00 
9.904345e+00 
9.904345e+00 
9.904345e+00 
9.904345e+00 
9.904345e+00 
9.904345e+00 
9.904345e+00 
9.904345e+00 
9.904345e+00 
9.904345e+00 
9.904345e+00 
9.904345e+00 
9.904345e+00 
9.904345e+00 
9.904345e+00 
9.904345e+00 
9.904345e+00 
9.904345e+00 
9.904345e+00 
9.904345e+00 
9.904345e+00 
9.904345e+00 
9.904345e+00 
9.904345e+00 
9.904345e+00 
9.904345e+00 
9.904345e+00 
9.904345e+00 
9.904345e+00 
9.904345e+00 
9.904345e+00 
9.904345e+00 
9.904345e+00 
9.904345e+00 
9.904345e+00 
9.904345e+00 
9.904345e+00 
9.904345e+00 
9.904345e+00 
9.904345e+00 
9.904345e+00 
9.904345e+00 
9.904345e+00 
9.904345e+00 
9.904345e+00 
9.904345e+00 
9.904345e+00 
9.904345e+00 
9.904345e+00 
9.904345e+00 
9.904345e+00 
9.904345e+00 
9.904345e+00 
9.904345e+00 
9.904345e+00 
9.904345e+00 
9.904345e+00 
9.904345e+00 
9.904345e+00 
9.904345e+00 
9.904345e+00 
9.904345e+00 
9.904345e+00 
9.904345e+00 
9.904345e+00 
9.904345e+00 
9.904345e+00 
9.904345e+00 
9.904345e+00 
9.904345e+00 
9.904345e+00 
9.904345e+00 
9.904345e+00 
9.904345e+00 
9.904345e+00 
9.904345e+00 
9.904345e+00 
9.904345e+00 
9.904345e+00 
9.904345e+00 
9.904345e+00 
9.904345e+00 
9.904345e+00 
9.904345e+00 
9.904345e+00 
9.904345e+00 
9.904345e+00 
9.904345e+00 
9.904345e+00 
9.904345e+00 
9.904345e+00 
9.904345e+00 
9.904345e+00 
9.904345e+00 
9.904345e+00 
9.904345e+00 
9.904345e+00 
9.904345e+00 
9.904345e+00 
9.904345e+00 
9.904345e+00 
9.904345e+00 
9.904345e+00 
9.904345e+00 
9.904345e+00 
9.904345e+00 
9.904345e+00 
9.904345e+00 
9.904345e+00 
9.904345e+00 
9.904345e+00 
9.904345e+00 
9.904345e+00 
9.904345e+00 
9.904345e+00 
9.904345e+00 
9.904345e+00 
9.904345e+00 
9.904345e+00 
9.904345e+00 
9.904345e+00 
9.904345e+00 
9.904345e+00 
9.904345e+00 
9.904345e+00 
9.904345e+00 
9.904345e+00 
9.904345e+00 
9.904345e+00 
9.904345e+00 
9.904345e+00 
9.904345e+00 
9.904345e+00 
9.904345e+00 
9.904345e+00 
9.904345e+00 
9.904345e+00 
9.904345e+00 
9.904345e+00 
9.904345e+00 
9.904345e+00 
9.904345e+00 
9.904345e+00 
9.904345e+00 
9.904345e+00 
9.904345e+00 
9.904345e+00 
9.904345e+00 
9.904345e+00 
9.904345e+00 
9.904345e+00 
9.904345e+00 
9.904345e+00 
9.904345e+00 
9.904345e+00 
9.904345e+00 
9.904345e+00 
9.904345e+00 
9.904345e+00 
9.904345e+00 
9.904345e+00 
9.904345e+00 
9.904345e+00 
9.904345e+00 
9.904345e+00 
9.904345e+00 
9.904345e+00 
9.904345e+00 
9.904345e+00 
9.904345e+00 
9.904345e+00 
9.904345e+00 
9.904345e+00 
9.904345e+00 
9.904345e+00 
9.904345e+00 
9.904345e+00 
9.904345e+00 
9.904345e+00 
9.904345e+00 
9.904345e+00 
9.904345e+00 
9.904345e+00 
9.904345e+00 
9.904345e+00 
9.904345e+00 
9.904345e+00 
9.904345e+00 
9.904345e+00 
9.904345e+00 
9.904345e+00 
9.904345e+00 
9.904345e+00 
9.904345e+00 
9.904345e+00 
9.904345e+00 
9.904345e+00 
9.904345e+00 
9.904345e+00 
9.904345e+00 
9.904345e+00 
9.904345e+00 
9.904345e+00 
9.904345e+00 
9.904345e+00 
9.904345e+00 
9.904345e+00 
9.904345e+00 
9.904345e+00 
9.904345e+00 
9.904345e+00 
9.904345e+00 
9.904345e+00 
9.904345e+00 
9.904345e+00 
9.904345e+00 
9.904345e+00 
9.904345e+00 
9.904345e+00 
9.904345e+00 
9.904345e+00 
9.904345e+00 
9.904345e+00 
9.904345e+00 
9.904345e+00 
9.904345e+00 
9.904345e+00 
9.904345e+00 
9.904345e+00 
9.904345e+00 
9.904345e+00 
9.904345e+00 
9.904345e+00 
9.904345e+00 
9.904345e+00 
9.904345e+00 
9.904345e+00 
9.904345e+00 
9.904345e+00 
9.904345e+00 
9.904345e+00 
9.904345e+00 
9.904345e+00 
9.904345e+00 
9.904345e+00 
9.904345e+00 
9.904345e+00 
9.904345e+00 
9.904345e+00 
9.904345e+00 
9.904345e+00 
9.904345e+00 
9.904345e+00 
9.904345e+00 
9.904345e+00 
9.904345e+00 
9.904345e+00 
9.904345e+00 
9.904345e+00 
9.904345e+00 
9.904345e+00 
9.904345e+00 
9.904345e+00 
9.904345e+00 
9.904345e+00 
9.904345e+00 
9.904345e+00 
9.904345e+00 
9.904345e+00 
9.904345e+00 
9.904345e+00 
9.904345e+00 
9.904345e+00 
9.904345e+00 
9.904345e+00 
9.904345e+00 
9.904345e+00 
9.904345e+00 
9.904345e+00 
9.904345e+00 
9.904345e+00 
9.904345e+00 
9.904345e+00 
9.904345e+00 
9.904345e+00 
9.904345e+00 
9.904345e+00 
9.904345e+00 
9.904345e+00 
9.904345e+00 
9.904345e+00 
9.904345e+00 
9.904345e+00 
9.904345e+00 
9.904345e+00 
9.904345e+00 
9.904345e+00 
9.904345e+00 
9.904345e+00 
9.904345e+00 
9.904345e+00 
9.904345e+00 
9.904345e+00 
9.904345e+00 
9.904345e+00 
9.904345e+00 
9.904345e+00 
9.904345e+00 
9.904345e+00 
9.904345e+00 
9.904345e+00 
9.904345e+00 
9.904345e+00 
9.904345e+00 
9.904345e+00 
9.904345e+00 
9.904345e+00 
9.904345e+00 
9.904345e+00 
9.904345e+00 
9.904345e+00 
9.904345e+00 
9.904345e+00 
9.904345e+00 
9.904345e+00 
9.904345e+00 
9.904345e+00 
9.904345e+00 
9.904345e+00 
9.904345e+00 
9.904345e+00 
9.904345e+00 
9.904345e+00 
9.904345e+00 
9.904345e+00 
9.904345e+00 
9.904345e+00 
9.904345e+00 
9.904345e+00 
9.904345e+00 
9.904345e+00 
9.904345e+00 
9.904345e+00 
9.904345e+00 
9.904345e+00 
9.904345e+00 
9.904345e+00 
9.904345e+00 
9.904345e+00 
9.904345e+00 
9.904345e+00 
9.904345e+00 
9.904345e+00 
9.904345e+00 
9.904345e+00 
9.904345e+00 
9.904345e+00 
9.904345e+00 
9.904345e+00 
9.904345e+00 
9.904345e+00 
9.904345e+00 
9.904345e+00 
9.904345e+00 
9.904345e+00 
9.904345e+00 
9.904345e+00 
9.904345e+00 
9.904345e+00 
9.904345e+00 
9.904345e+00 
9.904345e+00 
9.904345e+00 
9.904345e+00 
9.904345e+00 
9.904345e+00 
9.904345e+00 
9.904345e+00 
9.904345e+00 
9.904345e+00 
9.904345e+00 
9.904345e+00 
9.904345e+00 
9.904345e+00 
9.904345e+00 
9.904345e+00 
9.904345e+00 
9.904345e+00 
9.904345e+00 
9.904345e+00 
9.904345e+00 
9.904345e+00 
9.904345e+00 
9.904345e+00 
9.904345e+00 
9.904345e+00 
9.904345e+00 
9.904345e+00 
9.904345e+00 
9.904345e+00 
9.904345e+00 
9.904345e+00 
9.904345e+00 
9.904345e+00 
9.904345e+00 
9.904345e+00 
9.904345e+00 
9.904345e+00 
9.904345e+00 
9.904345e+00 
9.904345e+00 
9.904345e+00 
9.904345e+00 
9.904345e+00 
9.904345e+00 
9.904345e+00 
9.904345e+00 
9.904345e+00 
9.904345e+00 
9.904345e+00 
9.904345e+00 
9.904345e+00 
9.904345e+00 
9.904345e+00 
9.904345e+00 
9.904345e+00 
9.904345e+00 
9.904345e+00 
9.904345e+00 
9.904345e+00 
9.904345e+00 
9.904345e+00 
9.904345e+00 
9.904345e+00 
9.904345e+00 
9.904345e+00 
9.904345e+00 
9.904345e+00 
9.904345e+00 
9.904345e+00 
9.904345e+00 
9.904345e+00 
9.904345e+00 
9.904345e+00 
9.904345e+00 
9.904345e+00 
9.904345e+00 
9.904345e+00 
9.904345e+00 
9.904345e+00 
9.904345e+00 
9.904345e+00 
9.904345e+00 
9.904345e+00 
9.904345e+00 
9.904345e+00 
9.904345e+00 
9.904345e+00 
9.904345e+00 
9.904345e+00 
9.904345e+00 
9.904345e+00 
9.904345e+00 
9.904345e+00 
9.904345e+00 
9.904345e+00 
9.904345e+00 
9.904345e+00 
9.904345e+00 
9.904345e+00 
9.904345e+00 
9.904345e+00 
9.904345e+00 
9.904345e+00 
9.904345e+00 
9.904345e+00 
9.904345e+00 
9.904345e+00 
9.904345e+00 
9.904345e+00 
9.904345e+00 
9.904345e+00 
9.904345e+00 
9.904345e+00 
9.904345e+00 
9.904345e+00 
9.904345e+00 
9.904345e+00 
9.904345e+00 
9.904345e+00 
9.904345e+00 
9.904345e+00 
9.904345e+00 
9.904345e+00 
9.904345e+00 
9.904345e+00 
9.904345e+00 
9.904345e+00 
9.904345e+00 
9.904345e+00 
9.904345e+00 
9.904345e+00 
9.904345e+00 
9.904345e+00 
9.904345e+00 
9.904345e+00 
9.904345e+00 
9.904345e+00 
9.904345e+00 
9.904345e+00 
9.904345e+00 
9.904345e+00 
9.904345e+00 
9.904345e+00 
9.904345e+00 
9.904345e+00 
9.904345e+00 
9.904345e+00 
9.904345e+00 
9.904345e+00 
9.904345e+00 
9.904345e+00 
9.904345e+00 
9.904345e+00 
9.904345e+00 
9.904345e+00 
9.904345e+00 
9.904345e+00 
9.904345e+00 
9.904345e+00 
9.904345e+00 
9.904345e+00 
9.904345e+00 
9.904345e+00 
9.904345e+00 
9.904345e+00 
9.904345e+00 
9.904345e+00 
9.904345e+00 
9.904345e+00 
9.904345e+00 
9.904345e+00 
9.904345e+00 
9.904345e+00 
9.904345e+00 
9.904345e+00 
9.904345e+00 
9.904345e+00 
9.904345e+00 
9.904345e+00 
9.904345e+00 
9.904345e+00 
9.904345e+00 
9.904345e+00 
9.904345e+00 
9.904345e+00 
9.904345e+00 
9.904345e+00 
9.904345e+00 
9.904345e+00 
9.904345e+00 
9.904345e+00 
9.904345e+00 
9.904345e+00 
9.904345e+00 
9.904345e+00 
9.904345e+00 
9.904345e+00 
9.904345e+00 
9.904345e+00 
9.904345e+00 
9.904345e+00 
9.904345e+00 
9.904345e+00 
9.904345e+00 
9.904345e+00 
9.904345e+00 
9.904345e+00 
9.904345e+00 
9.904345e+00 
9.904345e+00 
9.904345e+00 
9.904345e+00 
9.904345e+00 
9.904345e+00 
9.904345e+00 
9.904345e+00 
9.904345e+00 
9.904345e+00 
9.904345e+00 
9.904345e+00 
9.904345e+00 
9.904345e+00 
9.904345e+00 
9.904345e+00 
9.904345e+00 
9.904345e+00 
9.904345e+00 
9.904345e+00 
9.904345e+00 
9.904345e+00 
9.904345e+00 
9.904345e+00 
9.904345e+00 
9.904345e+00 
9.904345e+00 
9.904345e+00 
9.904345e+00 
9.904345e+00 
9.904345e+00 
9.904345e+00 
9.904345e+00 
9.904345e+00 
9.904345e+00 
9.904345e+00 
9.904345e+00 
9.904345e+00 
9.904345e+00 
9.904345e+00 
9.904345e+00 
9.904345e+00 
9.904345e+00 
9.904345e+00 
9.904345e+00 
9.904345e+00 
9.904345e+00 
9.904345e+00 
9.904345e+00 
9.904345e+00 
9.904345e+00 
9.904345e+00 
9.904345e+00 
9.904345e+00 
9.904345e+00 
9.904345e+00 
9.904345e+00 
9.904345e+00 
9.904345e+00 
9.904345e+00 
9.904345e+00 
9.904345e+00 
9.904345e+00 
9.904345e+00 
9.904345e+00 
9.904345e+00 
9.904345e+00 
9.904345e+00 
9.904345e+00 
9.904345e+00 
9.904345e+00 
9.904345e+00 
9.904345e+00 
9.904345e+00 
9.904345e+00 
9.904345e+00 
9.904345e+00 
9.904345e+00 
9.904345e+00 
9.904345e+00 
9.904345e+00 
9.904345e+00 
9.904345e+00 
9.904345e+00 
9.904345e+00 
9.904345e+00 
9.904345e+00 
9.904345e+00 
9.904345e+00 
9.904345e+00 
9.904345e+00 
9.904345e+00 
9.904345e+00 
9.904345e+00 
9.904345e+00 
9.904345e+00 
9.904345e+00 
9.904345e+00 
9.904345e+00 
9.904345e+00 
9.904345e+00 
9.904345e+00 
9.904345e+00 
9.904345e+00 
9.904345e+00 
9.904345e+00 
9.904345e+00 
9.904345e+00 
9.904345e+00 
9.904345e+00 
9.904345e+00 
9.904345e+00 
9.904345e+00 
9.904345e+00 
9.904345e+00 
9.904345e+00 
9.904345e+00 
9.904345e+00 
9.904345e+00 
9.904345e+00 
9.904345e+00 
9.904345e+00 
9.904345e+00 
9.904345e+00 
9.904345e+00 
9.904345e+00 
9.904345e+00 
9.904345e+00 
9.904345e+00 
9.904345e+00 
9.904345e+00 
9.904345e+00 
9.904345e+00 
9.904345e+00 
9.904345e+00 
9.904345e+00 
9.904345e+00 
9.904345e+00 
9.904345e+00 
9.904345e+00 
9.904345e+00 
9.904345e+00 
9.904345e+00 
9.904345e+00 
9.904345e+00 
9.904345e+00 
9.904345e+00 
9.904345e+00 
9.904345e+00 
9.904345e+00 
9.904345e+00 
9.904345e+00 
9.904345e+00 
9.904345e+00 
9.904345e+00 
9.904345e+00 
9.904345e+00 
9.904345e+00 
9.904345e+00 
9.904345e+00 
9.904345e+00 
9.904345e+00 
9.904345e+00 
9.904345e+00 
9.904345e+00 
9.904345e+00 
9.904345e+00 
9.904345e+00 
9.904345e+00 
9.904345e+00 
9.904345e+00 
9.904345e+00 
9.904345e+00 
9.904345e+00 
9.904345e+00 
9.904345e+00 
9.904345e+00 
9.904345e+00 
9.904345e+00 
9.904345e+00 
9.904345e+00 
9.904345e+00 
9.904345e+00 
9.904345e+00 
9.904345e+00 
9.904345e+00 
9.904345e+00 
9.904345e+00 
9.904345e+00 
9.904345e+00 
9.904345e+00 
9.904345e+00 
9.904345e+00 
9.904345e+00 
9.904345e+00 
9.904345e+00 
9.904345e+00 
9.904345e+00 
9.904345e+00 
9.904345e+00 
9.904345e+00 
9.904345e+00 
9.904345e+00 
9.904345e+00 
9.904345e+00 
9.904345e+00 
9.904345e+00 
9.904345e+00 
9.904345e+00 
9.904345e+00 
9.904345e+00 
9.904345e+00 
9.904345e+00 
9.904345e+00 
9.904345e+00 
9.904345e+00 
9.904345e+00 
9.904345e+00 
9.904345e+00 
9.904345e+00 
9.904345e+00 
9.904345e+00 
9.904345e+00 
9.904345e+00 
9.904345e+00 
9.904345e+00 
9.904345e+00 
9.904345e+00 
9.904345e+00 
9.904345e+00 
9.904345e+00 
9.904345e+00 
9.904345e+00 
9.904345e+00 
9.904345e+00 
9.904345e+00 
9.904345e+00 
9.904345e+00 
9.904345e+00 
9.904345e+00 
9.904345e+00 
9.904345e+00 
9.904345e+00 
9.904345e+00 
9.904345e+00 
9.904345e+00 
9.904345e+00 
9.904345e+00 
9.904345e+00 
9.904345e+00 
9.904345e+00 
9.904345e+00 
9.904345e+00 
9.904345e+00 
9.904345e+00 
9.904345e+00 
9.904345e+00 
9.904345e+00 
9.904345e+00 
9.904345e+00 
9.904345e+00 
9.904345e+00 
9.904345e+00 
9.904345e+00 
9.904345e+00 
9.904345e+00 
9.904345e+00 
9.904345e+00 
9.904345e+00 
9.904345e+00 
9.904345e+00 
9.904345e+00 
9.904345e+00 
9.904345e+00 
9.904345e+00 
9.904345e+00 
9.904345e+00 
9.904345e+00 
9.904345e+00 
9.904345e+00 
9.904345e+00 
9.904345e+00 
9.904345e+00 
9.904345e+00 
9.904345e+00 
9.904345e+00 
9.904345e+00 
9.904345e+00 
9.904345e+00 
9.904345e+00 
9.904345e+00 
9.904345e+00 
9.904345e+00 
9.904345e+00 
9.904345e+00 
9.904345e+00 
9.904345e+00 
9.904345e+00 
9.904345e+00 
9.904345e+00 
9.904345e+00 
9.904345e+00 
9.904345e+00 
9.904345e+00 
9.904345e+00 
9.904345e+00 
9.904345e+00 
9.904345e+00 
9.904345e+00 
9.904345e+00 
9.904345e+00 
9.904345e+00 
9.904345e+00 
9.904345e+00 
9.904345e+00 
9.904345e+00 
9.904345e+00 
9.904345e+00 
9.904345e+00 
9.904345e+00 
9.904345e+00 
9.904345e+00 
9.904345e+00 
9.904345e+00 
9.904345e+00 
9.904345e+00 
9.904345e+00 
9.904345e+00 
9.904345e+00 
9.904345e+00 
9.904345e+00 
9.904345e+00 
9.904345e+00 
9.904345e+00 
9.904345e+00 
9.904345e+00 
9.904345e+00 
9.904345e+00 
9.904345e+00 
9.904345e+00 
9.904345e+00 
9.904345e+00 
9.904345e+00 
9.904345e+00 
9.904345e+00 
9.904345e+00 
9.904345e+00 
9.904345e+00 
9.904345e+00 
9.904345e+00 
9.904345e+00 
9.904345e+00 
9.904345e+00 
9.904345e+00 
9.904345e+00 
9.904345e+00 
9.904345e+00 
9.904345e+00 
9.904345e+00 
9.904345e+00 
9.904345e+00 
9.904345e+00 
9.904345e+00 
9.904345e+00 
9.904345e+00 
9.904345e+00 
9.904345e+00 
9.904345e+00 
9.904345e+00 
9.904345e+00 
9.904345e+00 
9.904345e+00 
9.904345e+00 
9.904345e+00 
9.904345e+00 
9.904345e+00 
9.904345e+00 
9.904345e+00 
9.904345e+00 
9.904345e+00 
9.904345e+00 
9.904345e+00 
9.904345e+00 
9.904345e+00 
9.904345e+00 
9.904345e+00 
9.904345e+00 
9.904345e+00 
9.904345e+00 
9.904345e+00 
9.904345e+00 
9.904345e+00 
9.904345e+00 
9.904345e+00 
9.904345e+00 
9.904345e+00 
9.904345e+00 
9.904345e+00 
9.904345e+00 
9.904345e+00 
9.904345e+00 
9.904345e+00 
9.904345e+00 
9.904345e+00 
9.904345e+00 
9.904345e+00 
9.904345e+00 
9.904345e+00 
9.904345e+00 
9.904345e+00 
9.904345e+00 
9.904345e+00 
9.904345e+00 
9.904345e+00 
9.904345e+00 
9.904345e+00 
9.904345e+00 
9.904345e+00 
9.904345e+00 
9.904345e+00 
9.904345e+00 
9.904345e+00 
9.904345e+00 
9.904345e+00 
9.904345e+00 
9.904345e+00 
9.904345e+00 
9.904345e+00 
9.904345e+00 
9.904345e+00 
9.904345e+00 
9.904345e+00 
9.904345e+00 
9.904345e+00 
9.904345e+00 
9.904345e+00 
9.904345e+00 
9.904345e+00 
9.904345e+00 
9.904345e+00 
9.904345e+00 
9.904345e+00 
9.904345e+00 
9.904345e+00 
9.904345e+00 
9.904345e+00 
9.904345e+00 
9.904345e+00 
9.904345e+00 
9.904345e+00 
9.904345e+00 
9.904345e+00 
9.904345e+00 
9.904345e+00 
9.904345e+00 
9.904345e+00 
9.904345e+00 
9.904345e+00 
9.904345e+00 
9.904345e+00 
9.904345e+00 
9.904345e+00 
9.904345e+00 
9.904345e+00 
9.904345e+00 
9.904345e+00 
9.904345e+00 
9.904345e+00 
9.904345e+00 
9.904345e+00 
9.904345e+00 
9.904345e+00 
9.904345e+00 
9.904345e+00 
9.904345e+00 
9.904345e+00 
9.904345e+00 
9.904345e+00 
9.904345e+00 
9.904345e+00 
9.904345e+00 
9.904345e+00 
9.904345e+00 
9.904345e+00 
9.904345e+00 
9.904345e+00 
9.904345e+00 
9.904345e+00 
9.904345e+00 
9.904345e+00 
9.904345e+00 
9.904345e+00 
9.904345e+00 
9.904345e+00 
9.904345e+00 
9.904345e+00 
9.904345e+00 
9.904345e+00 
9.904345e+00 
9.904345e+00 
9.904345e+00 
9.904345e+00 
9.904345e+00 
9.904345e+00 
9.904345e+00 
9.904345e+00 
9.904345e+00 
9.904345e+00 
9.904345e+00 
9.904345e+00 
9.904345e+00 
9.904345e+00 
9.904345e+00 
9.904345e+00 
9.904345e+00 
9.904345e+00 
9.904345e+00 
9.904345e+00 
9.904345e+00 
9.904345e+00 
9.904345e+00 
9.904345e+00 
9.904345e+00 
9.904345e+00 
9.904345e+00 
9.904345e+00 
9.904345e+00 
9.904345e+00 
9.904345e+00 
9.904345e+00 
9.904345e+00 
9.904345e+00 
9.904345e+00 
9.904345e+00 
9.904345e+00 
9.904345e+00 
9.904345e+00 
9.904345e+00 
9.904345e+00 
9.904345e+00 
9.904345e+00 
9.904345e+00 
9.904345e+00 
9.904345e+00 
9.904345e+00 
9.904345e+00 
9.904345e+00 
9.904345e+00 
9.904345e+00 
