2.165930e+02 
1.805935e+02 
1.709631e+02 
1.435979e+02 
1.435979e+02 
1.038838e+02 
1.038838e+02 
1.038838e+02 
1.038838e+02 
1.028430e+02 
1.028430e+02 
1.028430e+02 
7.989461e+01 
7.989461e+01 
7.989461e+01 
7.989461e+01 
7.989461e+01 
7.989461e+01 
7.989461e+01 
7.989461e+01 
7.989461e+01 
7.989461e+01 
7.989461e+01 
7.989461e+01 
7.989461e+01 
7.989461e+01 
7.989461e+01 
7.989461e+01 
7.989461e+01 
7.989461e+01 
7.989461e+01 
7.989461e+01 
7.989461e+01 
7.989461e+01 
7.989461e+01 
7.989461e+01 
7.989461e+01 
7.081516e+01 
7.081516e+01 
7.081516e+01 
7.081516e+01 
7.081516e+01 
7.081516e+01 
7.081516e+01 
7.081516e+01 
7.081516e+01 
7.081516e+01 
7.081516e+01 
7.081516e+01 
7.081516e+01 
7.081516e+01 
7.081516e+01 
7.081516e+01 
7.081516e+01 
7.081516e+01 
7.081516e+01 
7.081516e+01 
7.081516e+01 
7.081516e+01 
7.081516e+01 
7.081516e+01 
7.081516e+01 
7.081516e+01 
7.081516e+01 
7.081516e+01 
7.081516e+01 
7.081516e+01 
7.081516e+01 
7.081516e+01 
7.081516e+01 
7.081516e+01 
7.081516e+01 
7.081516e+01 
7.081516e+01 
7.081516e+01 
7.081516e+01 
7.081516e+01 
7.081516e+01 
7.081516e+01 
7.081516e+01 
7.081516e+01 
7.081516e+01 
7.081516e+01 
7.081516e+01 
7.081516e+01 
7.081516e+01 
7.081516e+01 
6.928844e+01 
6.928844e+01 
6.928844e+01 
6.928844e+01 
6.928844e+01 
6.928844e+01 
6.928844e+01 
6.928844e+01 
6.928844e+01 
6.928844e+01 
6.928844e+01 
6.928844e+01 
6.928844e+01 
6.928844e+01 
6.928844e+01 
6.928844e+01 
6.928844e+01 
6.928844e+01 
6.928844e+01 
6.928844e+01 
6.928844e+01 
6.928844e+01 
6.928844e+01 
6.928844e+01 
6.928844e+01 
6.928844e+01 
6.928844e+01 
6.928844e+01 
6.928844e+01 
6.928844e+01 
6.928844e+01 
6.928844e+01 
6.928844e+01 
6.928844e+01 
6.928844e+01 
6.928844e+01 
6.928844e+01 
6.928844e+01 
6.928844e+01 
6.928844e+01 
6.928844e+01 
6.928844e+01 
6.928844e+01 
6.928844e+01 
6.928844e+01 
6.928844e+01 
6.928844e+01 
6.928844e+01 
6.928844e+01 
6.928844e+01 
6.928844e+01 
6.928844e+01 
6.928844e+01 
6.928844e+01 
6.928844e+01 
6.928844e+01 
6.928844e+01 
6.928844e+01 
6.928844e+01 
6.928844e+01 
6.928844e+01 
6.928844e+01 
6.928844e+01 
6.928844e+01 
6.928844e+01 
6.928844e+01 
6.928844e+01 
6.928844e+01 
6.928844e+01 
6.870692e+01 
6.870692e+01 
6.870692e+01 
6.870692e+01 
6.870692e+01 
6.870692e+01 
6.870692e+01 
6.870692e+01 
6.870692e+01 
6.870692e+01 
6.870692e+01 
6.870692e+01 
6.870692e+01 
6.870692e+01 
6.870692e+01 
6.870692e+01 
6.870692e+01 
6.870692e+01 
6.870692e+01 
6.870692e+01 
6.870692e+01 
6.870692e+01 
6.870692e+01 
6.870692e+01 
6.870692e+01 
6.870692e+01 
6.870692e+01 
6.870692e+01 
6.870692e+01 
6.870692e+01 
6.870692e+01 
6.870692e+01 
6.870692e+01 
6.870692e+01 
6.870692e+01 
6.870692e+01 
6.870692e+01 
6.870692e+01 
6.121406e+01 
6.121406e+01 
6.121406e+01 
6.121406e+01 
6.121406e+01 
4.591798e+01 
4.591798e+01 
4.591798e+01 
4.591798e+01 
4.591798e+01 
4.591798e+01 
4.591798e+01 
4.591798e+01 
4.591798e+01 
4.591798e+01 
4.591798e+01 
4.591798e+01 
4.591798e+01 
4.591798e+01 
4.591798e+01 
4.591798e+01 
4.591798e+01 
4.591798e+01 
4.591798e+01 
4.591798e+01 
4.591798e+01 
4.591798e+01 
4.591798e+01 
4.591798e+01 
4.591798e+01 
4.591798e+01 
4.591798e+01 
4.591798e+01 
4.591798e+01 
4.591798e+01 
4.591798e+01 
4.591798e+01 
4.591798e+01 
4.591798e+01 
4.591798e+01 
4.591798e+01 
4.591798e+01 
4.591798e+01 
4.591798e+01 
4.591798e+01 
4.591798e+01 
4.591798e+01 
4.591798e+01 
4.591798e+01 
4.591798e+01 
4.591798e+01 
4.591798e+01 
4.591798e+01 
4.591798e+01 
4.591798e+01 
4.591798e+01 
4.591798e+01 
4.591798e+01 
4.591798e+01 
4.591798e+01 
4.591798e+01 
4.591798e+01 
4.591798e+01 
4.591798e+01 
4.591798e+01 
4.591798e+01 
4.591798e+01 
4.591798e+01 
4.591798e+01 
4.591798e+01 
4.591798e+01 
4.591798e+01 
4.591798e+01 
4.591798e+01 
4.591798e+01 
4.591798e+01 
4.591798e+01 
4.591798e+01 
4.591798e+01 
4.591798e+01 
4.591798e+01 
4.591798e+01 
4.591798e+01 
4.591798e+01 
4.591798e+01 
4.591798e+01 
4.591798e+01 
4.591798e+01 
4.591798e+01 
4.591798e+01 
4.591798e+01 
4.591798e+01 
4.591798e+01 
4.591798e+01 
4.591798e+01 
4.591798e+01 
4.591798e+01 
4.591798e+01 
4.591798e+01 
4.591798e+01 
4.591798e+01 
4.591798e+01 
4.591798e+01 
4.591798e+01 
4.591798e+01 
4.591798e+01 
4.591798e+01 
4.591798e+01 
4.591798e+01 
4.591798e+01 
4.591798e+01 
4.591798e+01 
4.591798e+01 
4.591798e+01 
4.591798e+01 
4.591798e+01 
4.591798e+01 
4.591798e+01 
4.591798e+01 
4.591798e+01 
4.591798e+01 
4.591798e+01 
4.591798e+01 
4.591798e+01 
4.591798e+01 
4.591798e+01 
4.591798e+01 
4.591798e+01 
4.591798e+01 
4.591798e+01 
4.591798e+01 
4.591798e+01 
4.591798e+01 
4.591798e+01 
4.591798e+01 
4.591798e+01 
4.591798e+01 
4.591798e+01 
4.591798e+01 
4.591798e+01 
4.591798e+01 
4.591798e+01 
4.591798e+01 
4.591798e+01 
4.591798e+01 
4.591798e+01 
4.591798e+01 
4.591798e+01 
4.591798e+01 
4.591798e+01 
4.591798e+01 
4.591798e+01 
4.591798e+01 
4.591798e+01 
4.591798e+01 
4.591798e+01 
4.591798e+01 
4.591798e+01 
4.591798e+01 
4.591798e+01 
4.591798e+01 
4.591798e+01 
4.591798e+01 
4.591798e+01 
4.591798e+01 
4.591798e+01 
4.591798e+01 
4.591798e+01 
4.591798e+01 
4.591798e+01 
4.591798e+01 
4.591798e+01 
4.591798e+01 
4.591798e+01 
4.591798e+01 
4.591798e+01 
4.591798e+01 
4.591798e+01 
4.591798e+01 
4.591798e+01 
4.591798e+01 
4.591798e+01 
4.591798e+01 
4.591798e+01 
4.591798e+01 
4.591798e+01 
4.591798e+01 
4.591798e+01 
4.591798e+01 
4.591798e+01 
4.591798e+01 
4.591798e+01 
4.591798e+01 
4.591798e+01 
4.591798e+01 
4.591798e+01 
4.591798e+01 
4.591798e+01 
4.591798e+01 
4.591798e+01 
4.591798e+01 
4.591798e+01 
4.591798e+01 
4.591798e+01 
4.591798e+01 
4.591798e+01 
4.591798e+01 
4.591798e+01 
4.591798e+01 
4.591798e+01 
4.591798e+01 
4.591798e+01 
4.591798e+01 
4.591798e+01 
4.591798e+01 
4.591798e+01 
4.591798e+01 
4.591798e+01 
4.591798e+01 
4.591798e+01 
4.591798e+01 
4.591798e+01 
4.591798e+01 
4.591798e+01 
4.591798e+01 
4.591798e+01 
4.591798e+01 
4.591798e+01 
4.591798e+01 
4.591798e+01 
4.591798e+01 
4.591798e+01 
4.591798e+01 
4.591798e+01 
4.591798e+01 
4.591798e+01 
4.591798e+01 
4.591798e+01 
4.591798e+01 
4.591798e+01 
4.591798e+01 
4.591798e+01 
4.591798e+01 
4.591798e+01 
4.591798e+01 
4.591798e+01 
4.591798e+01 
4.591798e+01 
4.591798e+01 
4.591798e+01 
4.591798e+01 
4.591798e+01 
4.591798e+01 
4.591798e+01 
4.591798e+01 
4.591798e+01 
4.591798e+01 
4.591798e+01 
4.591798e+01 
4.591798e+01 
4.591798e+01 
4.591798e+01 
4.591798e+01 
4.591798e+01 
4.591798e+01 
4.591798e+01 
4.591798e+01 
4.591798e+01 
4.591798e+01 
4.591798e+01 
4.591798e+01 
4.591798e+01 
4.591798e+01 
4.591798e+01 
4.591798e+01 
4.591798e+01 
4.591798e+01 
4.591798e+01 
4.591798e+01 
4.591798e+01 
4.591798e+01 
4.591798e+01 
4.591798e+01 
4.591798e+01 
4.591798e+01 
4.591798e+01 
4.591798e+01 
4.591798e+01 
4.591798e+01 
4.591798e+01 
4.591798e+01 
4.591798e+01 
4.591798e+01 
4.591798e+01 
4.591798e+01 
4.591798e+01 
4.591798e+01 
4.591798e+01 
4.591798e+01 
4.591798e+01 
4.591798e+01 
4.591798e+01 
4.591798e+01 
4.591798e+01 
4.591798e+01 
4.591798e+01 
4.591798e+01 
4.591798e+01 
4.591798e+01 
4.591798e+01 
4.591798e+01 
4.591798e+01 
4.591798e+01 
4.591798e+01 
4.591798e+01 
4.591798e+01 
4.591798e+01 
4.591798e+01 
4.591798e+01 
4.591798e+01 
4.591798e+01 
4.591798e+01 
4.591798e+01 
4.591798e+01 
4.591798e+01 
4.591798e+01 
4.549032e+01 
4.549032e+01 
4.416779e+01 
4.416779e+01 
4.416779e+01 
4.416779e+01 
4.416779e+01 
4.416779e+01 
4.416779e+01 
4.416779e+01 
4.416779e+01 
4.416779e+01 
4.416779e+01 
4.416779e+01 
4.416779e+01 
4.416779e+01 
4.416779e+01 
4.416779e+01 
4.416779e+01 
4.416779e+01 
4.416779e+01 
4.416779e+01 
4.416779e+01 
4.416779e+01 
4.416779e+01 
4.416779e+01 
4.416779e+01 
4.416779e+01 
4.416779e+01 
4.416779e+01 
4.416779e+01 
4.416779e+01 
4.416779e+01 
4.416779e+01 
4.416779e+01 
4.416779e+01 
4.416779e+01 
4.416779e+01 
4.416779e+01 
4.416779e+01 
4.416779e+01 
4.416779e+01 
4.416779e+01 
4.416779e+01 
4.416779e+01 
4.416779e+01 
4.416779e+01 
4.416779e+01 
4.416779e+01 
4.416779e+01 
4.416779e+01 
4.416779e+01 
4.416779e+01 
4.416779e+01 
4.416779e+01 
4.416779e+01 
4.416779e+01 
4.416779e+01 
4.416779e+01 
4.416779e+01 
4.416779e+01 
4.416779e+01 
4.416779e+01 
4.416779e+01 
4.416779e+01 
4.416779e+01 
4.416779e+01 
4.416779e+01 
4.416779e+01 
4.416779e+01 
4.416779e+01 
4.416779e+01 
4.416779e+01 
4.416779e+01 
4.416779e+01 
4.416779e+01 
4.416779e+01 
4.416779e+01 
4.416779e+01 
4.416779e+01 
4.416779e+01 
4.416779e+01 
4.416779e+01 
4.416779e+01 
4.416779e+01 
4.416779e+01 
4.416779e+01 
4.416779e+01 
4.416779e+01 
4.416779e+01 
4.416779e+01 
4.416779e+01 
4.416779e+01 
4.416779e+01 
4.416779e+01 
4.416779e+01 
4.416779e+01 
4.416779e+01 
4.416779e+01 
4.416779e+01 
4.416779e+01 
4.416779e+01 
4.416779e+01 
4.416779e+01 
4.416779e+01 
4.416779e+01 
4.416779e+01 
4.416779e+01 
4.416779e+01 
4.416779e+01 
4.416779e+01 
4.416779e+01 
4.416779e+01 
4.416779e+01 
4.416779e+01 
4.416779e+01 
4.416779e+01 
4.416779e+01 
4.416779e+01 
4.416779e+01 
4.416779e+01 
4.416779e+01 
4.416779e+01 
4.416779e+01 
4.416779e+01 
4.416779e+01 
4.416779e+01 
4.416779e+01 
4.416779e+01 
4.416779e+01 
4.416779e+01 
4.416779e+01 
4.416779e+01 
4.416779e+01 
4.416779e+01 
4.416779e+01 
4.416779e+01 
4.416779e+01 
4.416779e+01 
4.416779e+01 
4.416779e+01 
4.416779e+01 
4.416779e+01 
4.416779e+01 
4.416779e+01 
4.416779e+01 
4.416779e+01 
4.416779e+01 
4.416779e+01 
4.416779e+01 
4.416779e+01 
4.416779e+01 
4.416779e+01 
4.416779e+01 
4.416779e+01 
4.416779e+01 
4.416779e+01 
4.416779e+01 
4.416779e+01 
4.416779e+01 
4.416779e+01 
4.416779e+01 
4.416779e+01 
4.416779e+01 
4.416779e+01 
4.416779e+01 
4.416779e+01 
4.416779e+01 
4.416779e+01 
4.416779e+01 
4.416779e+01 
4.416779e+01 
4.416779e+01 
4.416779e+01 
4.416779e+01 
4.416779e+01 
4.416779e+01 
4.416779e+01 
4.416779e+01 
4.416779e+01 
4.416779e+01 
4.416779e+01 
4.416779e+01 
4.416779e+01 
4.416779e+01 
4.416779e+01 
4.416779e+01 
4.416779e+01 
4.416779e+01 
4.416779e+01 
4.416779e+01 
4.416779e+01 
4.416779e+01 
4.416779e+01 
4.416779e+01 
4.416779e+01 
4.416779e+01 
4.416779e+01 
4.416779e+01 
4.416779e+01 
4.416779e+01 
4.416779e+01 
4.416779e+01 
4.416779e+01 
4.416779e+01 
4.416779e+01 
4.416779e+01 
4.416779e+01 
4.416779e+01 
4.416779e+01 
4.416779e+01 
4.416779e+01 
4.416779e+01 
4.416779e+01 
4.416779e+01 
4.416779e+01 
4.416779e+01 
4.416779e+01 
4.416779e+01 
4.416779e+01 
4.416779e+01 
4.416779e+01 
4.416779e+01 
4.416779e+01 
4.416779e+01 
4.416779e+01 
4.416779e+01 
4.416779e+01 
4.416779e+01 
4.416779e+01 
4.416779e+01 
4.416779e+01 
4.416779e+01 
4.416779e+01 
4.416779e+01 
4.416779e+01 
4.416779e+01 
4.416779e+01 
4.416779e+01 
4.416779e+01 
4.416779e+01 
4.416779e+01 
4.416779e+01 
4.416779e+01 
4.416779e+01 
3.914593e+01 
3.914593e+01 
3.914593e+01 
3.914593e+01 
3.914593e+01 
3.914593e+01 
3.914593e+01 
3.914593e+01 
3.914593e+01 
3.914593e+01 
3.914593e+01 
3.914593e+01 
3.914593e+01 
3.914593e+01 
3.914593e+01 
3.914593e+01 
3.914593e+01 
3.914593e+01 
3.914593e+01 
3.914593e+01 
3.914593e+01 
3.914593e+01 
3.914593e+01 
3.914593e+01 
3.914593e+01 
3.914593e+01 
3.914593e+01 
3.914593e+01 
3.914593e+01 
3.914593e+01 
3.914593e+01 
3.914593e+01 
3.914593e+01 
3.914593e+01 
3.914593e+01 
3.914593e+01 
3.914593e+01 
3.914593e+01 
3.914593e+01 
3.914593e+01 
3.914593e+01 
3.914593e+01 
3.914593e+01 
3.914593e+01 
3.914593e+01 
3.914593e+01 
3.914593e+01 
3.914593e+01 
3.914593e+01 
3.914593e+01 
3.914593e+01 
3.914593e+01 
3.914593e+01 
3.914593e+01 
3.914593e+01 
3.914593e+01 
3.914593e+01 
3.914593e+01 
3.914593e+01 
3.914593e+01 
3.914593e+01 
3.914593e+01 
3.914593e+01 
3.914593e+01 
3.914593e+01 
3.914593e+01 
3.914593e+01 
3.914593e+01 
3.914593e+01 
3.914593e+01 
3.914593e+01 
3.914593e+01 
3.914593e+01 
3.914593e+01 
3.914593e+01 
3.914593e+01 
3.914593e+01 
3.914593e+01 
3.914593e+01 
3.914593e+01 
3.914593e+01 
3.914593e+01 
3.914593e+01 
3.914593e+01 
3.914593e+01 
3.914593e+01 
3.914593e+01 
3.914593e+01 
3.914593e+01 
3.914593e+01 
3.914593e+01 
3.914593e+01 
3.914593e+01 
3.914593e+01 
3.914593e+01 
3.914593e+01 
3.914593e+01 
3.914593e+01 
3.914593e+01 
3.914593e+01 
3.914593e+01 
3.914593e+01 
3.914593e+01 
3.914593e+01 
3.914593e+01 
3.914593e+01 
3.914593e+01 
3.914593e+01 
3.914593e+01 
3.914593e+01 
3.914593e+01 
3.914593e+01 
3.914593e+01 
3.914593e+01 
3.914593e+01 
3.914593e+01 
3.914593e+01 
3.914593e+01 
3.914593e+01 
3.914593e+01 
3.914593e+01 
3.914593e+01 
3.914593e+01 
3.914593e+01 
3.914593e+01 
3.914593e+01 
3.914593e+01 
3.914593e+01 
3.914593e+01 
3.914593e+01 
3.914593e+01 
3.914593e+01 
3.914593e+01 
3.914593e+01 
3.914593e+01 
3.914593e+01 
3.914593e+01 
3.914593e+01 
3.914593e+01 
3.914593e+01 
3.914593e+01 
3.914593e+01 
3.914593e+01 
3.914593e+01 
3.914593e+01 
3.914593e+01 
3.914593e+01 
3.914593e+01 
3.914593e+01 
3.914593e+01 
3.914593e+01 
3.914593e+01 
3.914593e+01 
3.914593e+01 
3.914593e+01 
3.914593e+01 
3.914593e+01 
3.914593e+01 
3.914593e+01 
3.914593e+01 
3.914593e+01 
3.914593e+01 
3.914593e+01 
3.914593e+01 
3.914593e+01 
3.914593e+01 
3.914593e+01 
3.914593e+01 
3.914593e+01 
3.914593e+01 
3.914593e+01 
3.914593e+01 
3.914593e+01 
3.914593e+01 
3.914593e+01 
3.914593e+01 
3.914593e+01 
3.914593e+01 
3.914593e+01 
3.914593e+01 
3.914593e+01 
3.914593e+01 
3.914593e+01 
3.914593e+01 
3.914593e+01 
3.914593e+01 
3.914593e+01 
3.914593e+01 
3.914593e+01 
3.914593e+01 
3.541313e+01 
3.541313e+01 
3.541313e+01 
3.541313e+01 
3.541313e+01 
3.541313e+01 
3.541313e+01 
3.541313e+01 
3.541313e+01 
3.541313e+01 
3.541313e+01 
3.541313e+01 
3.541313e+01 
3.541313e+01 
3.541313e+01 
3.541313e+01 
3.541313e+01 
3.541313e+01 
3.541313e+01 
3.541313e+01 
3.541313e+01 
3.541313e+01 
3.541313e+01 
3.541313e+01 
3.541313e+01 
3.541313e+01 
3.541313e+01 
3.541313e+01 
3.541313e+01 
3.541313e+01 
3.541313e+01 
3.541313e+01 
3.541313e+01 
3.541313e+01 
3.541313e+01 
3.541313e+01 
3.541313e+01 
3.541313e+01 
3.541313e+01 
3.541313e+01 
3.541313e+01 
3.541313e+01 
3.541313e+01 
3.541313e+01 
3.541313e+01 
3.541313e+01 
3.541313e+01 
3.541313e+01 
3.541313e+01 
3.541313e+01 
3.541313e+01 
3.541313e+01 
3.541313e+01 
3.541313e+01 
3.541313e+01 
3.541313e+01 
3.541313e+01 
3.541313e+01 
3.541313e+01 
3.541313e+01 
3.541313e+01 
3.541313e+01 
3.541313e+01 
3.541313e+01 
3.541313e+01 
3.541313e+01 
3.541313e+01 
3.541313e+01 
3.541313e+01 
3.541313e+01 
3.541313e+01 
3.541313e+01 
3.541313e+01 
3.541313e+01 
3.541313e+01 
3.541313e+01 
3.541313e+01 
3.541313e+01 
3.541313e+01 
3.541313e+01 
3.541313e+01 
3.541313e+01 
3.541313e+01 
3.541313e+01 
3.541313e+01 
3.541313e+01 
3.541313e+01 
3.541313e+01 
3.541313e+01 
3.541313e+01 
3.541313e+01 
3.541313e+01 
3.541313e+01 
3.541313e+01 
3.541313e+01 
3.541313e+01 
3.541313e+01 
3.541313e+01 
3.541313e+01 
3.541313e+01 
3.541313e+01 
3.541313e+01 
3.541313e+01 
3.541313e+01 
3.541313e+01 
3.541313e+01 
3.541313e+01 
3.541313e+01 
3.541313e+01 
3.541313e+01 
3.541313e+01 
3.541313e+01 
3.541313e+01 
3.541313e+01 
3.541313e+01 
3.541313e+01 
3.541313e+01 
3.541313e+01 
3.541313e+01 
3.541313e+01 
3.541313e+01 
3.541313e+01 
3.541313e+01 
3.541313e+01 
3.541313e+01 
3.541313e+01 
3.541313e+01 
3.541313e+01 
3.541313e+01 
3.541313e+01 
3.541313e+01 
3.541313e+01 
3.541313e+01 
3.541313e+01 
3.541313e+01 
3.541313e+01 
3.541313e+01 
3.541313e+01 
3.541313e+01 
3.541313e+01 
3.541313e+01 
3.541313e+01 
3.541313e+01 
3.541313e+01 
3.541313e+01 
3.541313e+01 
3.541313e+01 
3.541313e+01 
3.541313e+01 
3.541313e+01 
3.541313e+01 
3.541313e+01 
3.541313e+01 
3.541313e+01 
3.541313e+01 
3.541313e+01 
3.541313e+01 
3.541313e+01 
3.541313e+01 
3.541313e+01 
3.541313e+01 
3.541313e+01 
3.541313e+01 
3.541313e+01 
3.541313e+01 
3.541313e+01 
3.541313e+01 
3.541313e+01 
3.541313e+01 
3.541313e+01 
3.541313e+01 
3.541313e+01 
3.541313e+01 
3.541313e+01 
3.541313e+01 
3.541313e+01 
3.541313e+01 
3.541313e+01 
3.541313e+01 
3.541313e+01 
3.541313e+01 
3.541313e+01 
3.541313e+01 
3.541313e+01 
3.541313e+01 
3.541313e+01 
3.541313e+01 
3.541313e+01 
3.541313e+01 
3.541313e+01 
3.541313e+01 
3.541313e+01 
3.541313e+01 
3.541313e+01 
3.541313e+01 
3.541313e+01 
3.541313e+01 
3.541313e+01 
3.541313e+01 
3.541313e+01 
3.541313e+01 
3.541313e+01 
3.541313e+01 
3.541313e+01 
3.541313e+01 
3.541313e+01 
3.541313e+01 
3.541313e+01 
3.541313e+01 
3.541313e+01 
3.541313e+01 
3.541313e+01 
3.541313e+01 
3.541313e+01 
3.541313e+01 
3.541313e+01 
3.541313e+01 
3.541313e+01 
3.541313e+01 
3.541313e+01 
3.541313e+01 
3.541313e+01 
3.541313e+01 
3.541313e+01 
3.541313e+01 
3.541313e+01 
3.541313e+01 
3.541313e+01 
3.541313e+01 
3.541313e+01 
3.541313e+01 
3.541313e+01 
3.541313e+01 
3.541313e+01 
3.541313e+01 
3.541313e+01 
3.541313e+01 
3.541313e+01 
3.541313e+01 
3.541313e+01 
3.541313e+01 
3.541313e+01 
3.541313e+01 
3.541313e+01 
3.541313e+01 
3.541313e+01 
3.541313e+01 
3.541313e+01 
3.541313e+01 
3.541313e+01 
3.541313e+01 
3.541313e+01 
3.541313e+01 
3.541313e+01 
3.541313e+01 
3.541313e+01 
3.541313e+01 
3.541313e+01 
3.541313e+01 
3.541313e+01 
3.541313e+01 
3.541313e+01 
3.541313e+01 
3.541313e+01 
3.541313e+01 
3.541313e+01 
3.541313e+01 
3.541313e+01 
3.541313e+01 
3.541313e+01 
3.541313e+01 
3.541313e+01 
3.541313e+01 
3.541313e+01 
3.541313e+01 
3.541313e+01 
3.541313e+01 
3.541313e+01 
3.541313e+01 
3.541313e+01 
3.541313e+01 
3.541313e+01 
3.541313e+01 
3.541313e+01 
3.541313e+01 
3.541313e+01 
3.541313e+01 
3.541313e+01 
3.541313e+01 
3.541313e+01 
3.541313e+01 
3.541313e+01 
3.541313e+01 
3.541313e+01 
3.541313e+01 
3.541313e+01 
3.541313e+01 
3.541313e+01 
3.541313e+01 
3.541313e+01 
3.541313e+01 
3.541313e+01 
3.541313e+01 
3.541313e+01 
3.541313e+01 
3.541313e+01 
3.541313e+01 
3.541313e+01 
3.541313e+01 
3.541313e+01 
3.541313e+01 
3.541313e+01 
3.541313e+01 
3.541313e+01 
3.541313e+01 
3.541313e+01 
3.541313e+01 
3.541313e+01 
3.541313e+01 
3.124061e+01 
3.124061e+01 
3.124061e+01 
3.124061e+01 
3.124061e+01 
3.124061e+01 
3.124061e+01 
3.124061e+01 
3.124061e+01 
3.124061e+01 
3.124061e+01 
3.124061e+01 
3.124061e+01 
3.124061e+01 
3.124061e+01 
3.124061e+01 
3.124061e+01 
3.124061e+01 
3.124061e+01 
3.124061e+01 
3.124061e+01 
3.124061e+01 
3.124061e+01 
3.124061e+01 
2.710424e+01 
2.710424e+01 
2.710424e+01 
2.613488e+01 
2.613488e+01 
2.613488e+01 
2.613488e+01 
2.613488e+01 
2.613488e+01 
2.613488e+01 
2.613488e+01 
2.613488e+01 
2.613488e+01 
2.613488e+01 
2.613488e+01 
2.613488e+01 
2.613488e+01 
2.613488e+01 
2.613488e+01 
2.613488e+01 
2.613488e+01 
2.613488e+01 
2.613488e+01 
2.613488e+01 
2.613488e+01 
2.613488e+01 
2.613488e+01 
2.613488e+01 
2.613488e+01 
2.613488e+01 
2.613488e+01 
2.613488e+01 
2.613488e+01 
2.613488e+01 
2.613488e+01 
2.613488e+01 
2.613488e+01 
2.613488e+01 
2.613488e+01 
2.613488e+01 
2.613488e+01 
2.613488e+01 
2.613488e+01 
2.613488e+01 
2.613488e+01 
2.613488e+01 
2.613488e+01 
2.613488e+01 
2.613488e+01 
2.613488e+01 
2.613488e+01 
2.613488e+01 
2.613488e+01 
2.613488e+01 
2.613488e+01 
2.613488e+01 
2.613488e+01 
2.613488e+01 
2.613488e+01 
2.613488e+01 
2.613488e+01 
2.613488e+01 
2.613488e+01 
2.613488e+01 
2.613488e+01 
2.613488e+01 
2.613488e+01 
2.613488e+01 
2.613488e+01 
2.613488e+01 
2.613488e+01 
2.613488e+01 
2.613488e+01 
2.613488e+01 
2.613488e+01 
2.613488e+01 
2.613488e+01 
2.613488e+01 
2.613488e+01 
2.613488e+01 
2.613488e+01 
2.613488e+01 
2.613488e+01 
2.613488e+01 
2.613488e+01 
2.613488e+01 
2.613488e+01 
2.613488e+01 
2.613488e+01 
2.613488e+01 
2.613488e+01 
2.613488e+01 
2.613488e+01 
2.613488e+01 
2.613488e+01 
2.613488e+01 
2.613488e+01 
2.613488e+01 
2.613488e+01 
2.613488e+01 
2.613488e+01 
2.613488e+01 
2.613488e+01 
2.613488e+01 
2.613488e+01 
2.613488e+01 
2.613488e+01 
2.613488e+01 
2.613488e+01 
2.613488e+01 
2.613488e+01 
2.613488e+01 
2.613488e+01 
2.613488e+01 
2.613488e+01 
2.613488e+01 
2.613488e+01 
2.613488e+01 
2.613488e+01 
2.613488e+01 
2.613488e+01 
2.613488e+01 
2.613488e+01 
2.613488e+01 
2.613488e+01 
2.613488e+01 
2.613488e+01 
2.613488e+01 
2.613488e+01 
2.613488e+01 
2.613488e+01 
2.613488e+01 
2.613488e+01 
2.613488e+01 
2.613488e+01 
2.613488e+01 
2.613488e+01 
2.613488e+01 
2.613488e+01 
2.613488e+01 
2.613488e+01 
2.613488e+01 
2.613488e+01 
2.613488e+01 
2.613488e+01 
2.362205e+01 
2.362205e+01 
2.362205e+01 
2.362205e+01 
2.362205e+01 
2.362205e+01 
2.362205e+01 
2.165383e+01 
2.165383e+01 
2.165383e+01 
2.165383e+01 
2.165383e+01 
2.165383e+01 
2.165383e+01 
2.165383e+01 
2.165383e+01 
2.165383e+01 
2.165383e+01 
2.165383e+01 
2.165383e+01 
2.165383e+01 
2.165383e+01 
2.165383e+01 
2.165383e+01 
2.165383e+01 
2.165383e+01 
2.165383e+01 
2.165383e+01 
2.165383e+01 
2.165383e+01 
2.165383e+01 
2.165383e+01 
2.165383e+01 
2.165383e+01 
2.165383e+01 
2.165383e+01 
2.165383e+01 
2.165383e+01 
2.165383e+01 
2.165383e+01 
2.165383e+01 
2.165383e+01 
2.165383e+01 
2.165383e+01 
2.165383e+01 
2.165383e+01 
2.165383e+01 
2.165383e+01 
2.165383e+01 
2.165383e+01 
2.165383e+01 
2.165383e+01 
2.165383e+01 
2.165383e+01 
2.165383e+01 
2.165383e+01 
2.165383e+01 
2.165383e+01 
2.165383e+01 
2.165383e+01 
2.165383e+01 
2.165383e+01 
2.165383e+01 
2.165383e+01 
2.165383e+01 
2.165383e+01 
2.165383e+01 
2.165383e+01 
2.165383e+01 
2.165383e+01 
2.165383e+01 
2.165383e+01 
2.165383e+01 
2.165383e+01 
2.165383e+01 
2.165383e+01 
2.165383e+01 
2.165383e+01 
2.165383e+01 
2.165383e+01 
2.165383e+01 
2.165383e+01 
2.165383e+01 
2.165383e+01 
2.165383e+01 
2.165383e+01 
2.165383e+01 
2.165383e+01 
2.165383e+01 
2.165383e+01 
2.165383e+01 
2.165383e+01 
2.165383e+01 
2.165383e+01 
2.165383e+01 
2.165383e+01 
2.165383e+01 
2.165383e+01 
2.165383e+01 
2.165383e+01 
2.165383e+01 
2.165383e+01 
2.165383e+01 
2.165383e+01 
2.165383e+01 
2.165383e+01 
2.165383e+01 
2.165383e+01 
2.165383e+01 
2.165383e+01 
2.165383e+01 
2.165383e+01 
2.165383e+01 
2.165383e+01 
2.165383e+01 
2.165383e+01 
2.165383e+01 
2.165383e+01 
2.165383e+01 
2.165383e+01 
2.165383e+01 
2.165383e+01 
2.165383e+01 
2.165383e+01 
2.165383e+01 
2.165383e+01 
2.165383e+01 
2.165383e+01 
2.165383e+01 
2.165383e+01 
2.165383e+01 
2.165383e+01 
2.165383e+01 
2.165383e+01 
2.165383e+01 
2.165383e+01 
2.165383e+01 
2.165383e+01 
2.165383e+01 
2.165383e+01 
2.165383e+01 
2.165383e+01 
2.165383e+01 
2.165383e+01 
2.165383e+01 
2.165383e+01 
2.165383e+01 
2.165383e+01 
2.165383e+01 
2.165383e+01 
2.165383e+01 
2.165383e+01 
2.165383e+01 
2.165383e+01 
2.165383e+01 
2.165383e+01 
1.775632e+01 
1.775632e+01 
1.775632e+01 
1.775632e+01 
1.775632e+01 
1.775632e+01 
1.775632e+01 
1.775632e+01 
1.775632e+01 
1.775632e+01 
1.775632e+01 
1.775632e+01 
1.775632e+01 
1.775632e+01 
1.775632e+01 
1.775632e+01 
1.775632e+01 
1.775632e+01 
1.775632e+01 
1.775632e+01 
1.775632e+01 
1.775632e+01 
1.775632e+01 
1.775632e+01 
1.775632e+01 
1.775632e+01 
1.775632e+01 
1.775632e+01 
1.775632e+01 
1.775632e+01 
1.775632e+01 
1.775632e+01 
1.775632e+01 
1.775632e+01 
1.775632e+01 
1.775632e+01 
1.775632e+01 
1.775632e+01 
1.775632e+01 
1.775632e+01 
1.775632e+01 
1.775632e+01 
1.775632e+01 
1.775632e+01 
1.775632e+01 
1.775632e+01 
1.775632e+01 
1.775632e+01 
1.775632e+01 
1.775632e+01 
1.775632e+01 
1.775632e+01 
1.775632e+01 
1.775632e+01 
1.775632e+01 
1.775632e+01 
1.775632e+01 
1.775632e+01 
1.775632e+01 
1.775632e+01 
1.775632e+01 
1.775632e+01 
1.775632e+01 
1.775632e+01 
1.775632e+01 
1.775632e+01 
1.775632e+01 
1.775632e+01 
1.775632e+01 
1.775632e+01 
1.775632e+01 
1.775632e+01 
1.775632e+01 
1.775632e+01 
1.775632e+01 
1.775632e+01 
1.775632e+01 
1.775632e+01 
1.775632e+01 
1.775632e+01 
1.775632e+01 
1.775632e+01 
1.775632e+01 
1.775632e+01 
1.775632e+01 
1.775632e+01 
1.775632e+01 
1.680327e+01 
1.680327e+01 
1.600649e+01 
1.600649e+01 
1.600649e+01 
1.600649e+01 
1.600649e+01 
1.600649e+01 
1.600649e+01 
1.445838e+01 
1.445838e+01 
1.445838e+01 
1.445838e+01 
1.445838e+01 
1.445838e+01 
1.445838e+01 
1.445838e+01 
1.445838e+01 
1.445838e+01 
1.445838e+01 
1.445838e+01 
1.435199e+01 
1.435199e+01 
1.435199e+01 
1.435199e+01 
1.435199e+01 
1.435199e+01 
1.435199e+01 
1.435199e+01 
1.435199e+01 
1.435199e+01 
1.435199e+01 
1.435199e+01 
1.435199e+01 
1.435199e+01 
1.435199e+01 
1.435199e+01 
1.380545e+01 
1.380545e+01 
1.380545e+01 
1.380545e+01 
1.380545e+01 
1.380545e+01 
1.380545e+01 
1.380545e+01 
1.380545e+01 
1.380545e+01 
1.380545e+01 
1.380545e+01 
1.380545e+01 
1.380545e+01 
1.380545e+01 
1.365002e+01 
1.365002e+01 
1.365002e+01 
1.365002e+01 
1.365002e+01 
1.320645e+01 
1.320645e+01 
1.320645e+01 
1.320645e+01 
1.320645e+01 
1.320645e+01 
1.320645e+01 
1.320645e+01 
1.320645e+01 
1.320645e+01 
1.320645e+01 
1.320645e+01 
1.320645e+01 
1.320645e+01 
1.320645e+01 
1.320645e+01 
1.320645e+01 
1.320645e+01 
1.320645e+01 
1.320645e+01 
1.320645e+01 
1.320645e+01 
1.320645e+01 
1.320645e+01 
1.320645e+01 
1.320645e+01 
1.320645e+01 
1.320645e+01 
1.320645e+01 
1.320645e+01 
1.320645e+01 
1.320645e+01 
1.320645e+01 
1.320645e+01 
1.320645e+01 
1.320645e+01 
1.320645e+01 
1.320645e+01 
1.320645e+01 
1.320645e+01 
1.320645e+01 
1.320645e+01 
1.320645e+01 
1.320645e+01 
1.320645e+01 
1.320645e+01 
1.320645e+01 
1.320645e+01 
1.320645e+01 
1.320645e+01 
1.320645e+01 
1.320645e+01 
1.320645e+01 
1.320645e+01 
1.320645e+01 
1.320645e+01 
1.320645e+01 
1.320645e+01 
1.320645e+01 
1.320645e+01 
1.320645e+01 
1.320645e+01 
1.320645e+01 
1.320645e+01 
1.320645e+01 
1.320645e+01 
1.320645e+01 
1.320645e+01 
1.320645e+01 
1.320645e+01 
1.320645e+01 
1.320645e+01 
1.320645e+01 
1.320645e+01 
1.320645e+01 
1.320645e+01 
1.320645e+01 
1.320645e+01 
1.320645e+01 
1.320645e+01 
1.320645e+01 
1.320645e+01 
1.320645e+01 
1.320645e+01 
1.320645e+01 
1.320645e+01 
1.320645e+01 
1.320645e+01 
1.320645e+01 
1.320645e+01 
1.320645e+01 
1.320645e+01 
1.320645e+01 
1.320645e+01 
1.320645e+01 
1.320645e+01 
1.320645e+01 
1.320645e+01 
1.320645e+01 
1.320645e+01 
1.320645e+01 
1.320645e+01 
1.320645e+01 
1.320645e+01 
1.320645e+01 
1.320645e+01 
1.320645e+01 
1.320645e+01 
1.320645e+01 
1.320645e+01 
1.320645e+01 
1.320645e+01 
1.320645e+01 
1.320645e+01 
1.320645e+01 
1.320645e+01 
1.320645e+01 
1.320645e+01 
1.320645e+01 
1.320645e+01 
1.320645e+01 
1.320645e+01 
1.320645e+01 
1.320645e+01 
1.320645e+01 
1.320645e+01 
1.320645e+01 
1.320645e+01 
1.320645e+01 
1.320645e+01 
1.320645e+01 
1.320645e+01 
1.320645e+01 
1.320645e+01 
1.320645e+01 
1.320645e+01 
1.320645e+01 
1.320645e+01 
1.320645e+01 
1.320645e+01 
1.320645e+01 
1.320645e+01 
1.320645e+01 
1.320645e+01 
1.320645e+01 
1.320645e+01 
1.320645e+01 
1.320645e+01 
1.320645e+01 
1.320645e+01 
1.320645e+01 
1.320645e+01 
1.320645e+01 
1.320645e+01 
1.320645e+01 
1.320645e+01 
1.320645e+01 
1.320645e+01 
1.320645e+01 
1.320645e+01 
1.320645e+01 
1.320645e+01 
1.320645e+01 
1.320645e+01 
1.320645e+01 
1.320645e+01 
1.320645e+01 
1.320645e+01 
1.320645e+01 
1.320645e+01 
1.320645e+01 
1.320645e+01 
1.320645e+01 
1.320645e+01 
1.320645e+01 
1.320645e+01 
1.316968e+01 
1.316968e+01 
1.316968e+01 
1.316968e+01 
1.316968e+01 
1.316968e+01 
1.316968e+01 
1.316968e+01 
1.316968e+01 
1.316968e+01 
1.316968e+01 
1.316968e+01 
1.316968e+01 
1.316968e+01 
1.316968e+01 
1.316968e+01 
1.316968e+01 
1.316968e+01 
1.316968e+01 
1.316968e+01 
1.316968e+01 
1.316968e+01 
1.316968e+01 
1.316968e+01 
1.316968e+01 
1.316968e+01 
1.316968e+01 
1.316968e+01 
1.316968e+01 
1.316968e+01 
1.316968e+01 
1.316968e+01 
1.316968e+01 
1.316968e+01 
1.316968e+01 
1.316968e+01 
1.316968e+01 
1.316968e+01 
1.316968e+01 
1.316968e+01 
1.316968e+01 
1.316968e+01 
1.316968e+01 
1.316968e+01 
1.316968e+01 
1.316968e+01 
1.316968e+01 
1.316968e+01 
1.316968e+01 
1.316968e+01 
1.316968e+01 
1.316968e+01 
1.316968e+01 
1.316968e+01 
1.316968e+01 
1.316968e+01 
1.316968e+01 
1.316968e+01 
1.316968e+01 
1.316968e+01 
1.316968e+01 
1.316968e+01 
1.316968e+01 
1.316968e+01 
1.316968e+01 
1.316968e+01 
1.316968e+01 
1.316968e+01 
1.316968e+01 
1.316968e+01 
1.316968e+01 
1.316968e+01 
1.316968e+01 
1.316968e+01 
1.316968e+01 
1.316968e+01 
1.316968e+01 
1.316968e+01 
1.316968e+01 
1.316968e+01 
1.316968e+01 
1.316968e+01 
1.316968e+01 
1.316968e+01 
1.316968e+01 
1.316968e+01 
1.316968e+01 
1.316968e+01 
1.316968e+01 
1.316968e+01 
1.316968e+01 
1.316968e+01 
1.316968e+01 
1.316968e+01 
1.316968e+01 
1.316968e+01 
1.316968e+01 
1.316968e+01 
1.316968e+01 
1.316968e+01 
1.316968e+01 
1.316968e+01 
1.316968e+01 
1.316968e+01 
1.316968e+01 
1.316968e+01 
1.316968e+01 
1.316968e+01 
1.316968e+01 
1.316968e+01 
1.316968e+01 
1.312269e+01 
1.312269e+01 
1.312269e+01 
1.312269e+01 
1.312269e+01 
1.312269e+01 
1.312269e+01 
1.312269e+01 
1.312269e+01 
1.312269e+01 
1.312269e+01 
1.312269e+01 
1.312269e+01 
1.312269e+01 
1.312269e+01 
1.312269e+01 
1.312269e+01 
1.312269e+01 
1.311945e+01 
1.311945e+01 
1.311945e+01 
1.311945e+01 
1.311945e+01 
1.311945e+01 
1.311945e+01 
1.311945e+01 
1.311901e+01 
1.311901e+01 
1.311901e+01 
1.311901e+01 
1.310725e+01 
1.309873e+01 
1.309262e+01 
1.308817e+01 
1.308489e+01 
1.308245e+01 
1.308061e+01 
1.307921e+01 
1.307814e+01 
1.307731e+01 
1.307667e+01 
1.307617e+01 
1.307577e+01 
1.307547e+01 
1.307522e+01 
1.307503e+01 
1.307488e+01 
1.307476e+01 
1.307467e+01 
1.307459e+01 
1.307453e+01 
1.307448e+01 
1.307444e+01 
1.307441e+01 
1.307439e+01 
1.307437e+01 
1.307436e+01 
1.307434e+01 
1.307434e+01 
1.307433e+01 
1.307432e+01 
1.307432e+01 
1.307431e+01 
1.307431e+01 
1.307431e+01 
1.307431e+01 
1.307430e+01 
1.307430e+01 
1.307430e+01 
1.307430e+01 
1.307430e+01 
1.307430e+01 
1.307430e+01 
1.307430e+01 
1.307430e+01 
1.307430e+01 
1.307430e+01 
1.307430e+01 
1.307430e+01 
1.307430e+01 
1.307430e+01 
1.307430e+01 
1.307430e+01 
1.307430e+01 
1.307430e+01 
1.307430e+01 
1.307430e+01 
1.307430e+01 
1.307430e+01 
1.307430e+01 
1.307430e+01 
1.307430e+01 
1.307430e+01 
1.307430e+01 
1.307430e+01 
1.307430e+01 
1.307430e+01 
1.307430e+01 
1.083276e+01 
1.083276e+01 
1.083276e+01 
1.072380e+01 
1.072380e+01 
1.072380e+01 
1.072380e+01 
1.072380e+01 
1.072380e+01 
1.072380e+01 
1.072380e+01 
1.072380e+01 
1.072380e+01 
1.072380e+01 
1.072380e+01 
1.072380e+01 
1.072380e+01 
1.072380e+01 
1.072380e+01 
1.072380e+01 
1.072380e+01 
1.072380e+01 
1.072380e+01 
1.072380e+01 
1.072380e+01 
1.072380e+01 
1.072380e+01 
1.072380e+01 
1.072380e+01 
1.072380e+01 
1.072380e+01 
1.072380e+01 
1.072380e+01 
1.072380e+01 
1.072380e+01 
1.072380e+01 
1.072380e+01 
1.072380e+01 
1.072380e+01 
1.072380e+01 
1.072380e+01 
1.072380e+01 
1.072380e+01 
1.072380e+01 
1.072380e+01 
1.072380e+01 
1.072380e+01 
1.072380e+01 
1.072380e+01 
1.072380e+01 
1.072380e+01 
1.072380e+01 
1.072380e+01 
1.072380e+01 
1.072380e+01 
1.072380e+01 
1.072380e+01 
1.072380e+01 
1.072380e+01 
1.072380e+01 
1.072380e+01 
1.072380e+01 
1.072380e+01 
1.072380e+01 
1.072380e+01 
1.072380e+01 
1.072380e+01 
1.072380e+01 
1.072380e+01 
1.072380e+01 
1.072380e+01 
1.072380e+01 
1.072380e+01 
1.072380e+01 
1.072380e+01 
1.072380e+01 
1.072380e+01 
1.072380e+01 
1.072380e+01 
1.072380e+01 
1.072380e+01 
1.072380e+01 
1.072380e+01 
1.072380e+01 
1.072380e+01 
1.033320e+01 
1.033320e+01 
1.033320e+01 
1.033320e+01 
1.033320e+01 
1.033320e+01 
1.033320e+01 
1.033320e+01 
1.033320e+01 
1.033320e+01 
1.033320e+01 
1.033320e+01 
1.033320e+01 
1.033320e+01 
1.033320e+01 
1.033320e+01 
1.033320e+01 
1.033320e+01 
1.033320e+01 
1.033320e+01 
1.033320e+01 
9.902120e+00 
9.902120e+00 
9.902120e+00 
9.902120e+00 
9.902120e+00 
9.902120e+00 
9.902120e+00 
9.902120e+00 
9.902120e+00 
9.902120e+00 
9.902120e+00 
9.902120e+00 
9.902120e+00 
9.902120e+00 
9.902120e+00 
9.902120e+00 
9.902120e+00 
9.902120e+00 
9.902120e+00 
9.902120e+00 
9.902120e+00 
9.902120e+00 
9.902120e+00 
9.902120e+00 
9.902120e+00 
9.902120e+00 
9.902120e+00 
9.902120e+00 
9.902120e+00 
9.902120e+00 
9.902120e+00 
9.902120e+00 
9.902120e+00 
9.902120e+00 
9.902120e+00 
9.902120e+00 
9.902120e+00 
9.902120e+00 
9.902120e+00 
9.902120e+00 
9.902120e+00 
9.902120e+00 
9.902120e+00 
9.902120e+00 
9.902120e+00 
9.902120e+00 
9.902120e+00 
9.902120e+00 
9.902120e+00 
9.902120e+00 
9.902120e+00 
9.902120e+00 
9.902120e+00 
9.902120e+00 
9.902120e+00 
9.902120e+00 
9.902120e+00 
9.902120e+00 
9.902120e+00 
9.902120e+00 
9.902120e+00 
9.902120e+00 
9.902120e+00 
9.902120e+00 
9.902120e+00 
9.902120e+00 
9.902120e+00 
9.902120e+00 
9.902120e+00 
9.902120e+00 
9.902120e+00 
9.902120e+00 
9.902120e+00 
9.902120e+00 
9.902120e+00 
9.902120e+00 
9.902120e+00 
9.479492e+00 
9.479492e+00 
9.479492e+00 
9.479492e+00 
9.479492e+00 
9.479492e+00 
9.479492e+00 
9.479492e+00 
9.479492e+00 
9.479492e+00 
9.479492e+00 
9.479492e+00 
9.479492e+00 
9.479492e+00 
9.479492e+00 
9.479492e+00 
9.479492e+00 
9.479492e+00 
9.479492e+00 
9.479492e+00 
9.479492e+00 
9.479492e+00 
9.479492e+00 
9.479492e+00 
9.479492e+00 
9.479492e+00 
9.479492e+00 
9.479492e+00 
9.479492e+00 
9.479492e+00 
9.479492e+00 
9.479492e+00 
9.479492e+00 
9.479492e+00 
9.479492e+00 
9.479492e+00 
9.479492e+00 
9.479492e+00 
9.479492e+00 
9.479492e+00 
9.479492e+00 
9.479492e+00 
9.479492e+00 
9.479492e+00 
9.479492e+00 
9.479492e+00 
9.479492e+00 
9.479492e+00 
9.479492e+00 
9.479492e+00 
9.479492e+00 
9.479492e+00 
9.479492e+00 
9.479492e+00 
9.479492e+00 
9.479492e+00 
9.479492e+00 
9.479492e+00 
9.479492e+00 
9.479492e+00 
9.479492e+00 
9.479492e+00 
9.479492e+00 
9.479492e+00 
9.479492e+00 
9.479492e+00 
9.479492e+00 
9.479492e+00 
9.479492e+00 
9.479492e+00 
9.479492e+00 
9.479492e+00 
9.479492e+00 
9.479492e+00 
9.479492e+00 
9.479492e+00 
9.479492e+00 
9.479492e+00 
9.479492e+00 
9.479492e+00 
9.479492e+00 
9.479492e+00 
9.479492e+00 
9.479492e+00 
9.479492e+00 
9.479492e+00 
9.479492e+00 
9.479492e+00 
9.479492e+00 
9.479492e+00 
9.479492e+00 
9.479492e+00 
9.479492e+00 
9.479492e+00 
9.479492e+00 
9.479492e+00 
9.479492e+00 
9.479492e+00 
9.479492e+00 
9.479492e+00 
9.479492e+00 
9.479492e+00 
9.479492e+00 
9.479492e+00 
9.479492e+00 
9.479492e+00 
9.479492e+00 
9.479492e+00 
9.479492e+00 
9.479492e+00 
9.479492e+00 
9.479492e+00 
9.479492e+00 
9.479492e+00 
9.479492e+00 
9.479492e+00 
9.479492e+00 
9.479492e+00 
9.479492e+00 
9.479492e+00 
9.479492e+00 
9.479492e+00 
9.479492e+00 
9.479492e+00 
9.479492e+00 
9.479492e+00 
9.479492e+00 
9.479492e+00 
9.479492e+00 
9.479492e+00 
9.479492e+00 
9.479492e+00 
9.479492e+00 
9.479492e+00 
9.479492e+00 
9.479492e+00 
9.479492e+00 
9.479492e+00 
9.479492e+00 
9.479492e+00 
9.479492e+00 
9.479492e+00 
9.479492e+00 
9.479492e+00 
9.479492e+00 
9.479492e+00 
9.479492e+00 
9.479492e+00 
9.479492e+00 
9.479492e+00 
9.479492e+00 
9.479492e+00 
9.479492e+00 
9.479492e+00 
9.479492e+00 
9.479492e+00 
9.479492e+00 
9.479492e+00 
9.479492e+00 
9.479492e+00 
9.479492e+00 
9.479492e+00 
9.479492e+00 
9.479492e+00 
9.479492e+00 
9.479492e+00 
9.479492e+00 
9.479492e+00 
9.479492e+00 
9.479492e+00 
9.479492e+00 
9.479492e+00 
9.479492e+00 
9.479492e+00 
9.479492e+00 
9.479492e+00 
9.479492e+00 
9.479492e+00 
9.479492e+00 
9.479492e+00 
9.479492e+00 
9.479492e+00 
9.479492e+00 
9.479492e+00 
9.479492e+00 
9.479492e+00 
9.479492e+00 
9.479492e+00 
9.479492e+00 
9.479492e+00 
9.479492e+00 
9.479492e+00 
9.479492e+00 
9.479492e+00 
9.479492e+00 
9.479492e+00 
9.479492e+00 
9.479492e+00 
9.479492e+00 
9.479492e+00 
9.479492e+00 
9.479492e+00 
9.479492e+00 
9.479492e+00 
9.479492e+00 
9.479492e+00 
9.479492e+00 
9.479492e+00 
9.479492e+00 
9.479492e+00 
9.479492e+00 
9.479492e+00 
9.479492e+00 
9.479492e+00 
9.479492e+00 
9.479492e+00 
9.479492e+00 
9.479492e+00 
9.479492e+00 
9.479492e+00 
9.241925e+00 
9.241925e+00 
9.241925e+00 
6.321611e+00 
6.321611e+00 
6.321611e+00 
6.321611e+00 
5.878276e+00 
5.878276e+00 
5.878276e+00 
3.916536e+00 
3.916536e+00 
3.916536e+00 
3.916536e+00 
3.916536e+00 
3.916536e+00 
3.916536e+00 
3.916536e+00 
3.916536e+00 
3.916536e+00 
3.916536e+00 
3.916536e+00 
3.916536e+00 
3.916536e+00 
3.916536e+00 
3.916536e+00 
3.916536e+00 
3.916536e+00 
3.916536e+00 
3.916536e+00 
3.916536e+00 
3.916536e+00 
3.916536e+00 
3.916536e+00 
3.916536e+00 
3.916536e+00 
3.916536e+00 
3.916536e+00 
3.916536e+00 
3.916536e+00 
3.916536e+00 
3.916536e+00 
3.916536e+00 
3.916536e+00 
3.916536e+00 
3.916536e+00 
3.916536e+00 
3.916536e+00 
3.916536e+00 
3.916536e+00 
3.916536e+00 
3.916536e+00 
3.916536e+00 
3.916536e+00 
3.916536e+00 
3.916536e+00 
3.916536e+00 
3.916536e+00 
3.916536e+00 
3.916536e+00 
3.916536e+00 
3.916536e+00 
3.916536e+00 
3.916536e+00 
3.916536e+00 
3.916536e+00 
3.916536e+00 
3.916536e+00 
3.916536e+00 
3.916536e+00 
3.916536e+00 
3.916536e+00 
3.916536e+00 
3.916536e+00 
3.916536e+00 
3.916536e+00 
3.916536e+00 
3.916536e+00 
3.916536e+00 
3.916536e+00 
3.916536e+00 
3.916536e+00 
3.916536e+00 
3.916536e+00 
3.916536e+00 
3.916536e+00 
3.916536e+00 
3.916536e+00 
3.916536e+00 
3.916536e+00 
3.916536e+00 
3.916536e+00 
3.916536e+00 
3.916536e+00 
3.916536e+00 
3.916536e+00 
3.916536e+00 
3.916536e+00 
3.916536e+00 
3.916536e+00 
3.916536e+00 
3.916536e+00 
3.916536e+00 
3.916536e+00 
3.916536e+00 
3.916536e+00 
3.916536e+00 
3.916536e+00 
3.916536e+00 
3.916536e+00 
3.916536e+00 
3.916536e+00 
3.916536e+00 
3.916536e+00 
3.916536e+00 
3.916536e+00 
3.916536e+00 
3.916536e+00 
3.916536e+00 
3.916536e+00 
3.916536e+00 
3.898459e+00 
3.898459e+00 
3.898459e+00 
3.898459e+00 
3.727740e+00 
3.727740e+00 
3.727740e+00 
3.727740e+00 
3.727740e+00 
3.727740e+00 
3.727740e+00 
3.727740e+00 
3.727740e+00 
3.727740e+00 
3.727740e+00 
3.727740e+00 
3.727740e+00 
3.727740e+00 
3.727740e+00 
3.727740e+00 
3.727740e+00 
3.727740e+00 
3.727740e+00 
3.727740e+00 
3.727740e+00 
3.727740e+00 
3.727740e+00 
3.727740e+00 
3.727740e+00 
3.727740e+00 
3.727740e+00 
3.727740e+00 
3.727740e+00 
3.727740e+00 
3.727740e+00 
3.727740e+00 
3.727740e+00 
3.727740e+00 
3.727740e+00 
3.727740e+00 
3.727740e+00 
3.727740e+00 
3.727740e+00 
3.727740e+00 
3.727740e+00 
3.727740e+00 
3.727740e+00 
3.727740e+00 
3.727740e+00 
3.727740e+00 
3.727740e+00 
3.727740e+00 
3.727740e+00 
3.727740e+00 
3.727740e+00 
3.727740e+00 
3.727740e+00 
3.727740e+00 
3.727740e+00 
3.727740e+00 
3.727740e+00 
3.727740e+00 
3.727740e+00 
3.727740e+00 
3.727740e+00 
3.727740e+00 
3.727740e+00 
3.727740e+00 
3.727740e+00 
3.727740e+00 
3.727740e+00 
3.727740e+00 
3.727740e+00 
3.727740e+00 
3.727740e+00 
3.727740e+00 
3.727740e+00 
3.727740e+00 
3.727740e+00 
3.727740e+00 
3.727740e+00 
3.727740e+00 
3.727740e+00 
3.727740e+00 
3.727740e+00 
3.727740e+00 
3.727740e+00 
3.727740e+00 
2.959562e+00 
2.959562e+00 
2.959562e+00 
2.959562e+00 
2.126068e+00 
2.126068e+00 
2.126068e+00 
2.126068e+00 
2.126068e+00 
2.126068e+00 
2.126068e+00 
2.126068e+00 
2.126068e+00 
2.126068e+00 
2.126068e+00 
2.126068e+00 
2.126068e+00 
2.126068e+00 
2.126068e+00 
2.126068e+00 
2.126068e+00 
2.126068e+00 
2.126068e+00 
2.126068e+00 
2.126068e+00 
2.126068e+00 
2.126068e+00 
1.943869e+00 
1.943869e+00 
1.943869e+00 
1.943869e+00 
1.943869e+00 
1.943869e+00 
1.943869e+00 
1.943869e+00 
1.943869e+00 
1.943869e+00 
1.486434e+00 
1.486434e+00 
1.486434e+00 
1.486434e+00 
1.486434e+00 
1.486434e+00 
1.486434e+00 
1.486434e+00 
1.486434e+00 
1.486434e+00 
1.486434e+00 
1.486434e+00 
1.486434e+00 
1.486434e+00 
1.486434e+00 
1.486434e+00 
1.486434e+00 
1.486434e+00 
1.486434e+00 
1.486434e+00 
1.486434e+00 
1.486434e+00 
1.486434e+00 
1.486434e+00 
1.486434e+00 
1.486434e+00 
1.486434e+00 
1.486434e+00 
1.486434e+00 
1.486434e+00 
1.486434e+00 
1.486434e+00 
1.486434e+00 
1.486434e+00 
1.486434e+00 
1.486434e+00 
1.486434e+00 
1.486434e+00 
1.486434e+00 
1.486434e+00 
1.486434e+00 
1.486434e+00 
1.486434e+00 
1.486434e+00 
1.486434e+00 
1.486434e+00 
1.486434e+00 
1.486434e+00 
1.486434e+00 
1.486434e+00 
1.486434e+00 
1.486434e+00 
1.486434e+00 
1.486434e+00 
1.486434e+00 
1.486434e+00 
1.486434e+00 
1.486434e+00 
1.486434e+00 
1.486434e+00 
1.257050e+00 
1.257050e+00 
1.257050e+00 
1.257050e+00 
1.257050e+00 
1.257050e+00 
1.257050e+00 
1.257050e+00 
1.257050e+00 
1.257050e+00 
1.257050e+00 
1.257050e+00 
1.257050e+00 
1.257050e+00 
1.257050e+00 
1.257050e+00 
1.257050e+00 
1.257050e+00 
1.257050e+00 
1.257050e+00 
1.257050e+00 
1.257050e+00 
1.257050e+00 
1.257050e+00 
1.257050e+00 
1.257050e+00 
1.257050e+00 
1.257050e+00 
1.257050e+00 
1.257050e+00 
1.257050e+00 
1.257050e+00 
1.257050e+00 
1.257050e+00 
1.257050e+00 
1.257050e+00 
1.257050e+00 
1.257050e+00 
1.257050e+00 
1.257050e+00 
1.257050e+00 
1.257050e+00 
1.257050e+00 
1.257050e+00 
1.257050e+00 
1.159551e+00 
1.159551e+00 
1.159551e+00 
1.159551e+00 
1.159551e+00 
1.159551e+00 
1.159551e+00 
1.159551e+00 
1.159551e+00 
1.159551e+00 
1.143198e+00 
1.143198e+00 
1.143198e+00 
1.143198e+00 
1.143198e+00 
1.143198e+00 
1.091876e+00 
1.091876e+00 
1.068350e+00 
1.068350e+00 
1.068350e+00 
1.012687e+00 
9.857823e-01 
9.857823e-01 
9.857823e-01 
9.857823e-01 
9.857823e-01 
9.714065e-01 
9.276817e-01 
9.059476e-01 
8.961253e-01 
8.924906e-01 
8.918974e-01 
8.918974e-01 
8.918974e-01 
8.882511e-01 
8.814946e-01 
8.788767e-01 
8.783176e-01 
8.783176e-01 
8.783176e-01 
8.783176e-01 
8.783176e-01 
8.783176e-01 
8.772988e-01 
8.765919e-01 
8.762772e-01 
8.761640e-01 
8.761490e-01 
8.761490e-01 
8.760498e-01 
8.759991e-01 
8.759869e-01 
8.759869e-01 
8.759869e-01 
8.758939e-01 
8.757988e-01 
8.757342e-01 
8.756895e-01 
8.756582e-01 
8.756358e-01 
8.756198e-01 
8.756081e-01 
8.755995e-01 
7.932999e-01 
7.932999e-01 
7.932999e-01 
7.550100e-01 
7.119192e-01 
7.119192e-01 
7.119192e-01 
7.119192e-01 
7.087442e-01 
7.087442e-01 
7.087442e-01 
7.087442e-01 
7.087442e-01 
7.087442e-01 
7.087442e-01 
7.087442e-01 
7.087442e-01 
7.087442e-01 
7.087442e-01 
7.087442e-01 
7.087442e-01 
7.087442e-01 
7.087442e-01 
7.087442e-01 
7.087442e-01 
7.087442e-01 
7.087442e-01 
7.087442e-01 
7.087442e-01 
7.087442e-01 
7.087442e-01 
7.087442e-01 
7.087442e-01 
7.087442e-01 
7.087442e-01 
7.087442e-01 
7.087442e-01 
7.087442e-01 
7.087442e-01 
7.087442e-01 
7.087442e-01 
7.087442e-01 
7.087442e-01 
7.087442e-01 
7.087442e-01 
7.087442e-01 
7.087442e-01 
7.087442e-01 
7.087442e-01 
7.087442e-01 
7.087442e-01 
7.087442e-01 
7.087442e-01 
7.087442e-01 
7.087442e-01 
7.087442e-01 
7.087442e-01 
7.087442e-01 
7.087442e-01 
7.087227e-01 
7.087227e-01 
7.087227e-01 
7.087227e-01 
7.087227e-01 
7.087227e-01 
7.087227e-01 
7.087227e-01 
7.087227e-01 
7.087227e-01 
7.087227e-01 
7.087227e-01 
7.087227e-01 
7.087227e-01 
7.087227e-01 
7.087227e-01 
7.087227e-01 
7.087227e-01 
7.087227e-01 
7.087227e-01 
7.087227e-01 
6.278339e-01 
5.181260e-01 
4.906114e-01 
4.906114e-01 
4.752525e-01 
4.752525e-01 
4.752525e-01 
4.588677e-01 
4.588677e-01 
4.588677e-01 
4.369510e-01 
4.005971e-01 
4.005971e-01 
3.929648e-01 
3.929648e-01 
3.929648e-01 
3.929648e-01 
3.929648e-01 
3.929648e-01 
3.929648e-01 
3.929648e-01 
3.929648e-01 
3.929648e-01 
3.929648e-01 
3.929648e-01 
3.929648e-01 
3.929648e-01 
3.929648e-01 
3.929648e-01 
3.929648e-01 
3.772517e-01 
3.772517e-01 
3.542037e-01 
3.542037e-01 
3.542037e-01 
3.542037e-01 
3.542037e-01 
3.542037e-01 
3.542037e-01 
3.542037e-01 
3.542037e-01 
3.542037e-01 
3.542037e-01 
3.542037e-01 
3.542037e-01 
3.542037e-01 
3.542037e-01 
3.542037e-01 
3.542037e-01 
3.542037e-01 
3.471585e-01 
3.471585e-01 
3.471585e-01 
3.471585e-01 
3.471585e-01 
3.471585e-01 
3.471585e-01 
3.469978e-01 
3.469978e-01 
3.469978e-01 
3.469978e-01 
3.469978e-01 
3.440182e-01 
3.440182e-01 
3.440182e-01 
3.366237e-01 
3.336365e-01 
3.336365e-01 
3.335502e-01 
3.335502e-01 
3.320818e-01 
3.320818e-01 
3.279705e-01 
3.263147e-01 
3.258741e-01 
3.258741e-01 
3.258741e-01 
3.258741e-01 
3.241796e-01 
3.228044e-01 
3.218031e-01 
3.210701e-01 
3.205314e-01 
3.201341e-01 
3.198406e-01 
3.196232e-01 
3.194621e-01 
3.193425e-01 
3.192537e-01 
3.191878e-01 
3.191388e-01 
3.191023e-01 
3.190752e-01 
3.190550e-01 
3.190401e-01 
3.190289e-01 
3.190206e-01 
3.190144e-01 
3.141668e-01 
3.141668e-01 
3.124806e-01 
3.124806e-01 
3.124806e-01 
3.124806e-01 
3.124806e-01 
3.124806e-01 
3.124806e-01 
3.124806e-01 
2.738978e-01 
2.738978e-01 
2.738978e-01 
2.738978e-01 
2.738978e-01 
2.738978e-01 
2.579968e-01 
2.579968e-01 
2.579968e-01 
2.579968e-01 
2.579968e-01 
2.579968e-01 
2.579968e-01 
2.579968e-01 
2.579968e-01 
2.579968e-01 
2.036875e-01 
2.036875e-01 
2.036875e-01 
2.036875e-01 
2.036875e-01 
2.036875e-01 
2.036875e-01 
2.036875e-01 
2.036875e-01 
2.036875e-01 
1.970971e-01 
1.970971e-01 
1.970971e-01 
1.970971e-01 
1.970971e-01 
1.970971e-01 
1.970971e-01 
1.970971e-01 
1.970971e-01 
1.970971e-01 
1.970971e-01 
1.970971e-01 
1.970971e-01 
1.970971e-01 
1.970971e-01 
1.970971e-01 
1.970971e-01 
1.890948e-01 
1.890948e-01 
1.890948e-01 
1.890948e-01 
1.776666e-01 
1.776666e-01 
1.776666e-01 
1.776666e-01 
1.743730e-01 
1.743730e-01 
1.733777e-01 
1.733777e-01 
1.733777e-01 
1.733777e-01 
1.733777e-01 
1.719748e-01 
1.719748e-01 
1.719748e-01 
1.719748e-01 
1.719748e-01 
1.719748e-01 
1.706106e-01 
1.706106e-01 
1.703395e-01 
1.703395e-01 
1.703395e-01 
1.703395e-01 
1.703395e-01 
1.703395e-01 
1.703395e-01 
1.703395e-01 
1.703395e-01 
1.703395e-01 
1.703395e-01 
1.703395e-01 
1.703395e-01 
1.703395e-01 
1.699307e-01 
1.699307e-01 
1.699307e-01 
1.699307e-01 
1.699307e-01 
1.699307e-01 
1.699307e-01 
1.699307e-01 
1.699077e-01 
1.698682e-01 
1.698682e-01 
1.698682e-01 
1.698682e-01 
1.698658e-01 
1.698658e-01 
1.697721e-01 
1.697445e-01 
1.697445e-01 
1.697445e-01 
1.697445e-01 
1.697445e-01 
1.697445e-01 
1.697445e-01 
1.697445e-01 
1.697445e-01 
1.697445e-01 
1.697445e-01 
1.697445e-01 
1.697416e-01 
1.697416e-01 
1.697416e-01 
1.697416e-01 
1.697416e-01 
1.697416e-01 
1.697416e-01 
1.697413e-01 
1.697413e-01 
1.697412e-01 
1.697412e-01 
1.697412e-01 
1.697412e-01 
1.697412e-01 
1.697412e-01 
1.697412e-01 
1.697412e-01 
1.697412e-01 
1.697412e-01 
1.697412e-01 
1.697412e-01 
1.697412e-01 
1.697412e-01 
1.697412e-01 
1.697412e-01 
1.697412e-01 
1.697412e-01 
1.697412e-01 
1.697412e-01 
1.697412e-01 
1.697412e-01 
1.697412e-01 
1.697412e-01 
1.697412e-01 
1.697412e-01 
1.697412e-01 
1.697412e-01 
1.697412e-01 
1.697412e-01 
1.697409e-01 
1.697409e-01 
1.697409e-01 
1.697409e-01 
1.697409e-01 
1.697409e-01 
1.697409e-01 
1.697409e-01 
1.697408e-01 
1.697408e-01 
1.697408e-01 
1.697408e-01 
1.697407e-01 
1.697407e-01 
1.697407e-01 
1.697407e-01 
1.697407e-01 
1.697407e-01 
1.697407e-01 
1.697407e-01 
1.697407e-01 
1.697407e-01 
1.697407e-01 
1.697407e-01 
1.697407e-01 
1.697407e-01 
1.697407e-01 
1.697407e-01 
1.697407e-01 
1.697407e-01 
1.697407e-01 
1.697407e-01 
1.697407e-01 
1.697407e-01 
1.697407e-01 
1.697407e-01 
1.697407e-01 
1.697407e-01 
1.697407e-01 
1.697407e-01 
1.697407e-01 
1.697407e-01 
1.300909e-01 
1.300909e-01 
1.300909e-01 
1.300909e-01 
1.300909e-01 
1.300909e-01 
1.300909e-01 
1.300909e-01 
1.300909e-01 
1.300909e-01 
1.300909e-01 
1.300909e-01 
1.300909e-01 
1.300909e-01 
1.300909e-01 
1.300909e-01 
1.259895e-01 
1.259895e-01 
1.259895e-01 
1.259895e-01 
1.259895e-01 
1.259895e-01 
1.259895e-01 
1.259895e-01 
1.259895e-01 
1.259895e-01 
1.259895e-01 
1.259895e-01 
1.259895e-01 
1.259895e-01 
1.259895e-01 
1.259895e-01 
1.259895e-01 
1.259895e-01 
1.259895e-01 
1.259895e-01 
1.259895e-01 
1.259895e-01 
1.259895e-01 
1.259895e-01 
1.259895e-01 
1.259895e-01 
1.259895e-01 
1.259895e-01 
1.259895e-01 
1.259895e-01 
1.259895e-01 
1.259895e-01 
1.259895e-01 
1.259895e-01 
1.259895e-01 
1.259895e-01 
1.259895e-01 
1.259895e-01 
1.259895e-01 
1.259895e-01 
1.259895e-01 
1.259895e-01 
1.259895e-01 
8.989744e-02 
8.989744e-02 
8.989744e-02 
8.989744e-02 
8.989744e-02 
8.989744e-02 
8.989744e-02 
8.989744e-02 
8.989744e-02 
8.989744e-02 
8.989744e-02 
8.989744e-02 
8.989744e-02 
8.989744e-02 
8.989744e-02 
8.989744e-02 
8.989744e-02 
7.592309e-02 
7.592309e-02 
7.592309e-02 
7.592309e-02 
7.592309e-02 
7.592309e-02 
7.592309e-02 
7.592309e-02 
7.592309e-02 
7.592309e-02 
7.592309e-02 
7.592309e-02 
7.592309e-02 
7.592309e-02 
7.592309e-02 
7.592309e-02 
7.592309e-02 
7.592309e-02 
7.592309e-02 
7.592309e-02 
7.592309e-02 
7.592309e-02 
7.592309e-02 
6.668355e-02 
6.668355e-02 
6.668355e-02 
5.714507e-02 
5.714507e-02 
5.714507e-02 
5.714507e-02 
5.714507e-02 
5.714507e-02 
5.714507e-02 
5.714507e-02 
5.714507e-02 
5.714507e-02 
5.714507e-02 
5.714507e-02 
5.714507e-02 
5.714507e-02 
5.714507e-02 
5.714507e-02 
5.714507e-02 
5.714507e-02 
5.714507e-02 
4.943624e-02 
4.943624e-02 
4.943624e-02 
4.943624e-02 
4.943624e-02 
4.943624e-02 
4.943624e-02 
4.943624e-02 
4.943624e-02 
4.943624e-02 
4.943624e-02 
4.943624e-02 
4.943624e-02 
4.943624e-02 
4.943624e-02 
4.943624e-02 
4.714745e-02 
4.714745e-02 
4.641122e-02 
4.641122e-02 
4.641122e-02 
4.641122e-02 
4.641122e-02 
4.641122e-02 
4.641122e-02 
4.641122e-02 
4.641122e-02 
4.641122e-02 
4.641122e-02 
4.641122e-02 
4.641122e-02 
4.641122e-02 
4.604509e-02 
4.460278e-02 
4.460278e-02 
4.460278e-02 
4.460278e-02 
4.460278e-02 
4.460278e-02 
4.460278e-02 
4.087219e-02 
3.967771e-02 
3.967771e-02 
3.951771e-02 
3.951771e-02 
3.951771e-02 
3.951771e-02 
3.736751e-02 
3.736751e-02 
3.736751e-02 
3.736751e-02 
3.736751e-02 
3.736751e-02 
3.736751e-02 
3.736751e-02 
3.736751e-02 
3.736751e-02 
3.736751e-02 
3.736751e-02 
3.721647e-02 
3.721647e-02 
3.721647e-02 
3.721647e-02 
3.721647e-02 
3.721647e-02 
3.721647e-02 
3.721647e-02 
3.721647e-02 
3.721647e-02 
3.721647e-02 
3.721647e-02 
3.721647e-02 
3.721647e-02 
3.721647e-02 
3.714794e-02 
3.714794e-02 
3.714794e-02 
3.714794e-02 
3.714794e-02 
3.714794e-02 
3.714794e-02 
3.714794e-02 
3.714794e-02 
3.714794e-02 
3.714794e-02 
3.714794e-02 
3.714794e-02 
3.714794e-02 
3.714794e-02 
3.714794e-02 
3.714794e-02 
3.714794e-02 
3.714794e-02 
3.714794e-02 
3.714680e-02 
3.714680e-02 
3.714680e-02 
3.714680e-02 
3.714680e-02 
3.714680e-02 
3.714680e-02 
3.714680e-02 
3.714680e-02 
3.714680e-02 
3.714680e-02 
3.714680e-02 
3.714680e-02 
3.714680e-02 
3.714680e-02 
2.871720e-02 
2.871720e-02 
2.871720e-02 
2.594939e-02 
2.489284e-02 
2.489284e-02 
2.489284e-02 
2.489284e-02 
2.489284e-02 
2.489284e-02 
2.489284e-02 
2.278517e-02 
2.278517e-02 
2.174747e-02 
2.174747e-02 
2.174747e-02 
2.107438e-02 
2.107438e-02 
2.073552e-02 
2.073552e-02 
2.073552e-02 
2.053151e-02 
2.053151e-02 
2.053151e-02 
2.053151e-02 
2.053151e-02 
2.053151e-02 
2.053151e-02 
2.053151e-02 
2.053151e-02 
2.053151e-02 
2.053151e-02 
2.053151e-02 
2.053151e-02 
2.053151e-02 
2.048630e-02 
2.048630e-02 
2.048630e-02 
2.048630e-02 
2.048630e-02 
2.048630e-02 
2.048630e-02 
2.048630e-02 
2.048630e-02 
2.027199e-02 
2.027199e-02 
2.027199e-02 
2.027199e-02 
2.027199e-02 
2.027199e-02 
1.707095e-02 
1.707095e-02 
1.707095e-02 
1.707095e-02 
1.707095e-02 
1.707095e-02 
1.707095e-02 
1.707095e-02 
1.707095e-02 
1.707095e-02 
1.707095e-02 
1.707095e-02 
1.707095e-02 
1.707095e-02 
1.707095e-02 
1.707095e-02 
1.707095e-02 
1.707095e-02 
1.707095e-02 
1.707095e-02 
1.613842e-02 
1.613842e-02 
1.192984e-02 
1.192984e-02 
1.192984e-02 
1.192984e-02 
1.192984e-02 
1.161357e-02 
1.161357e-02 
1.161357e-02 
1.138531e-02 
1.138531e-02 
1.019222e-02 
1.019222e-02 
1.019222e-02 
1.019222e-02 
1.019222e-02 
1.000705e-02 
1.000705e-02 
1.000705e-02 
9.630631e-03 
9.630631e-03 
9.630631e-03 
9.630631e-03 
9.630631e-03 
9.549189e-03 
9.448174e-03 
9.445192e-03 
9.445192e-03 
9.445192e-03 
9.445192e-03 
9.445192e-03 
9.445192e-03 
9.387429e-03 
9.331732e-03 
9.294597e-03 
9.269429e-03 
9.252140e-03 
9.240135e-03 
9.231731e-03 
9.225810e-03 
9.221619e-03 
9.218643e-03 
9.216524e-03 
9.215013e-03 
9.213933e-03 
9.213162e-03 
9.212610e-03 
9.212216e-03 
9.211933e-03 
9.211731e-03 
9.211586e-03 
9.211482e-03 
9.211408e-03 
9.211355e-03 
9.211317e-03 
9.211289e-03 
9.211270e-03 
9.211256e-03 
9.211246e-03 
9.211239e-03 
9.211234e-03 
9.211230e-03 
9.211227e-03 
9.211226e-03 
9.211224e-03 
8.539324e-03 
8.539324e-03 
7.237797e-03 
7.237797e-03 
7.055634e-03 
7.055634e-03 
7.055634e-03 
6.840261e-03 
6.840261e-03 
6.840261e-03 
6.840261e-03 
6.840261e-03 
6.840261e-03 
6.840261e-03 
5.837030e-03 
4.743043e-03 
4.743043e-03 
4.743043e-03 
4.743043e-03 
4.743043e-03 
4.743043e-03 
4.743043e-03 
4.743043e-03 
4.743043e-03 
4.743043e-03 
4.743043e-03 
4.743043e-03 
4.743043e-03 
4.743043e-03 
4.743043e-03 
4.743043e-03 
4.743043e-03 
4.280291e-03 
4.280291e-03 
4.196525e-03 
4.196525e-03 
4.196525e-03 
4.196525e-03 
4.196525e-03 
4.196525e-03 
4.196525e-03 
3.981735e-03 
3.981735e-03 
3.981735e-03 
3.981735e-03 
3.748352e-03 
3.530061e-03 
3.484666e-03 
3.484666e-03 
3.443639e-03 
3.443639e-03 
3.443639e-03 
3.415309e-03 
3.415309e-03 
3.415309e-03 
3.415309e-03 
3.380676e-03 
3.380676e-03 
3.359444e-03 
3.078778e-03 
3.078778e-03 
3.027771e-03 
3.019798e-03 
3.019798e-03 
3.019798e-03 
2.929931e-03 
2.829676e-03 
2.812783e-03 
2.812783e-03 
2.812783e-03 
2.784902e-03 
2.784902e-03 
2.784902e-03 
2.784902e-03 
2.784902e-03 
2.784902e-03 
2.784902e-03 
2.784902e-03 
2.784902e-03 
2.763954e-03 
2.763954e-03 
2.749057e-03 
2.749057e-03 
2.749057e-03 
2.749057e-03 
2.746872e-03 
2.746872e-03 
2.746872e-03 
2.746872e-03 
2.746872e-03 
2.746872e-03 
2.746872e-03 
2.746872e-03 
2.746872e-03 
2.746872e-03 
2.727948e-03 
2.727948e-03 
2.726565e-03 
2.640926e-03 
2.640926e-03 
2.640926e-03 
2.640926e-03 
2.640926e-03 
2.640926e-03 
2.543214e-03 
2.434543e-03 
2.434543e-03 
2.345131e-03 
2.292841e-03 
2.292841e-03 
2.292841e-03 
2.292841e-03 
2.292841e-03 
2.292841e-03 
2.292841e-03 
2.292841e-03 
2.292841e-03 
2.292841e-03 
2.292841e-03 
2.292841e-03 
2.292841e-03 
2.292841e-03 
2.292841e-03 
2.292841e-03 
2.292841e-03 
2.292841e-03 
2.292841e-03 
2.292841e-03 
2.281699e-03 
2.281699e-03 
2.281699e-03 
2.122683e-03 
2.122683e-03 
1.877295e-03 
1.877295e-03 
1.877295e-03 
1.877295e-03 
1.857561e-03 
1.835219e-03 
1.751007e-03 
1.751007e-03 
1.751007e-03 
1.751007e-03 
1.751007e-03 
1.751007e-03 
1.751007e-03 
1.751007e-03 
1.751007e-03 
1.751007e-03 
1.751007e-03 
1.720570e-03 
1.720570e-03 
1.720570e-03 
1.720570e-03 
1.720570e-03 
1.720570e-03 
1.720570e-03 
1.720570e-03 
1.720570e-03 
1.720570e-03 
1.720570e-03 
1.720570e-03 
1.720570e-03 
1.720570e-03 
1.720570e-03 
1.720570e-03 
1.720570e-03 
1.720570e-03 
1.652099e-03 
1.652099e-03 
1.652099e-03 
1.652099e-03 
1.652099e-03 
1.652099e-03 
1.652099e-03 
1.611588e-03 
1.611588e-03 
1.611588e-03 
1.611588e-03 
1.611588e-03 
1.611588e-03 
1.611588e-03 
1.611588e-03 
1.611588e-03 
1.611588e-03 
1.611588e-03 
1.611588e-03 
1.611588e-03 
1.611588e-03 
1.611588e-03 
1.611588e-03 
1.611588e-03 
1.611588e-03 
1.611588e-03 
1.611588e-03 
1.611588e-03 
1.611588e-03 
1.611588e-03 
1.611588e-03 
1.611588e-03 
1.611588e-03 
1.611588e-03 
1.611588e-03 
1.611588e-03 
1.611588e-03 
1.611588e-03 
1.611588e-03 
1.611588e-03 
1.611588e-03 
1.611588e-03 
1.611588e-03 
1.611588e-03 
1.611588e-03 
1.611588e-03 
1.611588e-03 
1.611588e-03 
1.611588e-03 
1.611588e-03 
1.611588e-03 
1.611588e-03 
1.321714e-03 
1.321714e-03 
1.321714e-03 
1.321714e-03 
1.321714e-03 
1.321714e-03 
1.321714e-03 
1.321714e-03 
1.321714e-03 
1.321714e-03 
1.321714e-03 
1.271557e-03 
1.271557e-03 
1.271557e-03 
1.271557e-03 
1.271557e-03 
1.249638e-03 
1.249638e-03 
1.249638e-03 
1.185785e-03 
1.179371e-03 
1.179371e-03 
1.179371e-03 
1.093620e-03 
1.039517e-03 
1.009856e-03 
9.935473e-04 
9.844498e-04 
9.792603e-04 
9.762185e-04 
9.743831e-04 
9.732435e-04 
9.725172e-04 
9.720436e-04 
9.717291e-04 
9.715171e-04 
9.713726e-04 
9.712733e-04 
9.712046e-04 
9.711569e-04 
9.711236e-04 
9.711004e-04 
9.710841e-04 
9.710727e-04 
9.710647e-04 
9.710591e-04 
9.710552e-04 
9.710524e-04 
9.710505e-04 
9.710492e-04 
9.710482e-04 
9.710475e-04 
9.710471e-04 
9.710467e-04 
9.710465e-04 
9.710463e-04 
9.710462e-04 
9.710461e-04 
9.710461e-04 
9.710460e-04 
9.710460e-04 
9.710460e-04 
9.710460e-04 
9.710460e-04 
9.710460e-04 
9.710460e-04 
8.274101e-04 
8.274101e-04 
8.274101e-04 
8.274101e-04 
8.274101e-04 
8.274101e-04 
8.274101e-04 
8.274101e-04 
8.274101e-04 
8.274101e-04 
8.274101e-04 
8.274101e-04 
8.274101e-04 
8.274101e-04 
8.080717e-04 
8.080717e-04 
8.080717e-04 
8.080717e-04 
8.080717e-04 
8.080717e-04 
7.220506e-04 
7.220506e-04 
7.220506e-04 
7.220506e-04 
7.220506e-04 
7.220506e-04 
7.220506e-04 
5.455810e-04 
5.455810e-04 
5.455810e-04 
5.455810e-04 
5.455810e-04 
5.455810e-04 
5.455810e-04 
5.455810e-04 
5.455810e-04 
5.455810e-04 
5.455810e-04 
5.455810e-04 
5.455810e-04 
5.455810e-04 
5.455810e-04 
5.455810e-04 
5.455810e-04 
5.455810e-04 
5.455810e-04 
5.455810e-04 
5.455810e-04 
5.455810e-04 
5.455810e-04 
5.455810e-04 
5.455810e-04 
5.455810e-04 
5.455810e-04 
5.455810e-04 
5.455810e-04 
5.455810e-04 
5.455810e-04 
4.544670e-04 
4.544670e-04 
4.544670e-04 
3.916367e-04 
3.916367e-04 
3.743910e-04 
3.743910e-04 
3.743910e-04 
3.743910e-04 
3.743910e-04 
3.743910e-04 
3.743910e-04 
3.743910e-04 
3.743910e-04 
3.599537e-04 
3.599537e-04 
3.386113e-04 
3.386113e-04 
3.386113e-04 
3.386113e-04 
3.386113e-04 
3.386113e-04 
3.342576e-04 
2.991449e-04 
2.991449e-04 
2.991449e-04 
2.730999e-04 
2.730999e-04 
2.730999e-04 
2.730999e-04 
2.730999e-04 
2.730999e-04 
2.730999e-04 
2.730999e-04 
2.730999e-04 
2.730999e-04 
2.730999e-04 
2.730999e-04 
2.730999e-04 
2.730999e-04 
2.730999e-04 
2.730999e-04 
2.661669e-04 
2.661669e-04 
2.661669e-04 
2.661669e-04 
2.661669e-04 
2.661669e-04 
2.660763e-04 
2.660763e-04 
2.515544e-04 
2.515544e-04 
2.445426e-04 
2.445426e-04 
2.359174e-04 
2.359174e-04 
2.359174e-04 
2.359174e-04 
2.359174e-04 
2.359174e-04 
2.359174e-04 
2.359174e-04 
2.359174e-04 
2.354068e-04 
2.354068e-04 
2.354068e-04 
2.354068e-04 
2.260950e-04 
2.260950e-04 
2.260950e-04 
2.260950e-04 
2.260950e-04 
2.093036e-04 
2.093036e-04 
1.996458e-04 
1.996458e-04 
1.996458e-04 
1.942506e-04 
1.942506e-04 
1.942506e-04 
1.938566e-04 
1.856641e-04 
1.856641e-04 
1.841058e-04 
1.841058e-04 
1.824468e-04 
1.824468e-04 
1.824468e-04 
1.824468e-04 
1.824468e-04 
1.824468e-04 
1.609402e-04 
1.609402e-04 
1.230996e-04 
1.230996e-04 
1.230996e-04 
1.230996e-04 
1.230996e-04 
1.230996e-04 
1.230996e-04 
1.230996e-04 
1.230996e-04 
1.230996e-04 
1.230996e-04 
8.637008e-05 
8.637008e-05 
8.637008e-05 
8.637008e-05 
8.637008e-05 
8.637008e-05 
8.637008e-05 
8.637008e-05 
8.637008e-05 
8.637008e-05 
8.637008e-05 
8.637008e-05 
8.637008e-05 
8.637008e-05 
8.637008e-05 
8.637008e-05 
8.637008e-05 
7.562817e-05 
7.562817e-05 
6.492358e-05 
6.492358e-05 
6.492358e-05 
5.764058e-05 
5.764058e-05 
5.764058e-05 
5.764058e-05 
5.520989e-05 
4.056338e-05 
3.627871e-05 
2.896189e-05 
2.896189e-05 
2.896189e-05 
2.861894e-05 
2.861894e-05 
2.861894e-05 
2.827746e-05 
2.827746e-05 
2.827746e-05 
2.827746e-05 
2.827746e-05 
2.506809e-05 
2.506809e-05 
2.506809e-05 
2.506809e-05 
2.506809e-05 
2.506809e-05 
2.506809e-05 
2.506809e-05 
2.506809e-05 
2.506809e-05 
2.506809e-05 
2.506809e-05 
2.506809e-05 
2.506809e-05 
2.506809e-05 
2.506809e-05 
2.506809e-05 
2.506809e-05 
2.506809e-05 
2.369045e-05 
2.369045e-05 
2.369045e-05 
2.369045e-05 
2.369045e-05 
2.369045e-05 
2.369045e-05 
2.369045e-05 
2.369045e-05 
2.369045e-05 
2.369045e-05 
2.369045e-05 
2.369045e-05 
2.369045e-05 
2.369045e-05 
2.369045e-05 
2.369045e-05 
2.369045e-05 
2.369045e-05 
2.369045e-05 
2.167009e-05 
2.167009e-05 
2.167009e-05 
2.167009e-05 
2.167009e-05 
2.167009e-05 
2.167009e-05 
2.167009e-05 
2.167009e-05 
2.167009e-05 
1.897369e-05 
1.897369e-05 
1.897369e-05 
1.852191e-05 
1.852191e-05 
1.852191e-05 
1.852191e-05 
1.852191e-05 
1.561481e-05 
1.561481e-05 
1.473383e-05 
1.473383e-05 
1.473383e-05 
1.473383e-05 
1.473383e-05 
1.473383e-05 
1.473383e-05 
1.473383e-05 
1.473383e-05 
1.473383e-05 
1.473383e-05 
1.473383e-05 
1.473383e-05 
1.473383e-05 
1.473383e-05 
1.473383e-05 
1.473383e-05 
1.473383e-05 
1.473383e-05 
1.473383e-05 
1.473383e-05 
1.465158e-05 
1.465158e-05 
1.465158e-05 
1.465158e-05 
1.465158e-05 
1.465158e-05 
1.465158e-05 
1.465158e-05 
1.465158e-05 
1.465158e-05 
1.465158e-05 
1.465158e-05 
1.465158e-05 
1.465158e-05 
1.465158e-05 
1.465158e-05 
1.465158e-05 
1.373907e-05 
1.337541e-05 
1.337541e-05 
1.337541e-05 
1.337541e-05 
1.337541e-05 
1.337541e-05 
1.198930e-05 
1.198930e-05 
1.198930e-05 
1.198930e-05 
1.198930e-05 
1.198930e-05 
1.198930e-05 
1.198930e-05 
9.507816e-06 
9.507816e-06 
9.507816e-06 
9.507816e-06 
9.507816e-06 
9.507816e-06 
9.265593e-06 
9.265593e-06 
9.169285e-06 
9.169285e-06 
9.169285e-06 
8.773020e-06 
8.702181e-06 
8.702181e-06 
8.500617e-06 
8.433967e-06 
8.433967e-06 
8.433967e-06 
8.229380e-06 
8.044706e-06 
7.983790e-06 
7.973649e-06 
6.948946e-06 
6.948946e-06 
6.948946e-06 
6.948946e-06 
6.948946e-06 
6.948946e-06 
6.948946e-06 
6.948946e-06 
6.948946e-06 
6.948946e-06 
6.948946e-06 
6.948946e-06 
6.948946e-06 
6.948946e-06 
6.262617e-06 
6.262617e-06 
6.262617e-06 
6.262617e-06 
6.262617e-06 
6.262617e-06 
6.262617e-06 
6.262617e-06 
6.262617e-06 
6.262617e-06 
6.262617e-06 
6.262617e-06 
6.262617e-06 
6.262617e-06 
6.106195e-06 
6.106195e-06 
4.679689e-06 
4.605215e-06 
4.557788e-06 
4.557788e-06 
4.557788e-06 
4.557788e-06 
4.557788e-06 
4.557788e-06 
4.557788e-06 
4.557788e-06 
4.557788e-06 
4.557788e-06 
4.557788e-06 
4.237553e-06 
4.060174e-06 
4.048530e-06 
4.048530e-06 
4.048530e-06 
4.048530e-06 
3.805338e-06 
3.805338e-06 
3.805338e-06 
3.805338e-06 
3.567300e-06 
3.567300e-06 
3.567300e-06 
3.567300e-06 
3.567300e-06 
3.567300e-06 
3.567300e-06 
3.567300e-06 
3.567300e-06 
3.567300e-06 
3.397210e-06 
3.238999e-06 
3.238999e-06 
3.238999e-06 
3.238999e-06 
3.238999e-06 
3.090131e-06 
3.090131e-06 
3.090131e-06 
3.090131e-06 
3.090131e-06 
2.182178e-06 
2.182178e-06 
2.182178e-06 
1.988198e-06 
1.988198e-06 
1.988198e-06 
1.988198e-06 
1.988198e-06 
1.988198e-06 
1.815091e-06 
1.815091e-06 
1.815091e-06 
1.761832e-06 
1.723776e-06 
1.723776e-06 
1.723776e-06 
1.723776e-06 
1.723776e-06 
1.608728e-06 
1.608728e-06 
1.559405e-06 
1.559405e-06 
1.559405e-06 
1.559405e-06 
1.559405e-06 
1.559405e-06 
1.559405e-06 
1.551615e-06 
1.538820e-06 
1.538820e-06 
1.528591e-06 
1.528591e-06 
1.528591e-06 
1.472237e-06 
1.047715e-06 
1.047715e-06 
1.047715e-06 
9.691122e-07 
8.529317e-07 
7.737518e-07 
7.737518e-07 
7.737518e-07 
7.737518e-07 
7.737518e-07 
7.737518e-07 
7.737518e-07 
4.671993e-07 
4.671993e-07 
4.671993e-07 
4.671993e-07 
4.671993e-07 
4.671993e-07 
4.671993e-07 
4.671993e-07 
4.671993e-07 
4.671993e-07 
4.671993e-07 
4.671993e-07 
4.671993e-07 
4.372879e-07 
4.372879e-07 
4.372879e-07 
4.372879e-07 
4.345614e-07 
4.345614e-07 
4.345614e-07 
4.345614e-07 
4.345614e-07 
4.345614e-07 
4.197160e-07 
4.197160e-07 
4.197160e-07 
4.197160e-07 
4.160828e-07 
4.140984e-07 
4.140984e-07 
4.140984e-07 
4.140984e-07 
4.113706e-07 
4.084750e-07 
4.072231e-07 
4.067035e-07 
4.065025e-07 
4.064356e-07 
4.064220e-07 
4.064220e-07 
4.063240e-07 
4.062797e-07 
4.062614e-07 
4.062543e-07 
4.062520e-07 
4.062516e-07 
4.062516e-07 
4.062427e-07 
4.062366e-07 
4.062325e-07 
4.062298e-07 
4.062280e-07 
4.062267e-07 
4.062259e-07 
4.062253e-07 
4.062249e-07 
4.062247e-07 
4.061220e-07 
4.061220e-07 
4.061220e-07 
4.061220e-07 
4.061220e-07 
3.442024e-07 
3.442024e-07 
3.442024e-07 
3.442024e-07 
3.374350e-07 
3.374350e-07 
3.374350e-07 
3.053262e-07 
3.053262e-07 
3.053262e-07 
3.053262e-07 
3.053262e-07 
3.053262e-07 
3.053262e-07 
3.053262e-07 
3.053262e-07 
3.053262e-07 
3.053262e-07 
3.053262e-07 
3.053262e-07 
3.053262e-07 
3.053262e-07 
3.053262e-07 
3.053262e-07 
3.053262e-07 
3.011788e-07 
3.011788e-07 
3.011788e-07 
2.651197e-07 
2.651197e-07 
2.586196e-07 
2.586196e-07 
2.586196e-07 
2.586196e-07 
2.563373e-07 
2.563373e-07 
2.563373e-07 
2.563373e-07 
2.563373e-07 
2.462642e-07 
2.462642e-07 
2.462642e-07 
2.462642e-07 
2.462642e-07 
2.462642e-07 
2.456437e-07 
2.450550e-07 
2.450550e-07 
2.341733e-07 
2.341733e-07 
1.873112e-07 
1.873112e-07 
1.873112e-07 
1.873112e-07 
1.873112e-07 
1.873112e-07 
1.873112e-07 
1.757038e-07 
1.757038e-07 
1.656377e-07 
1.574942e-07 
1.574942e-07 
1.574942e-07 
1.435831e-07 
1.276618e-07 
1.223229e-07 
1.215489e-07 
1.215489e-07 
1.190568e-07 
1.190568e-07 
1.190568e-07 
1.167862e-07 
1.139475e-07 
1.129350e-07 
1.126716e-07 
1.126716e-07 
1.126716e-07 
1.124155e-07 
1.120154e-07 
1.118780e-07 
1.118453e-07 
1.118453e-07 
1.118453e-07 
1.118453e-07 
1.114735e-07 
1.111908e-07 
1.110127e-07 
1.108986e-07 
1.108244e-07 
1.107757e-07 
1.107435e-07 
1.107221e-07 
1.107079e-07 
1.106984e-07 
1.106921e-07 
1.106878e-07 
1.106850e-07 
1.106830e-07 
1.106818e-07 
1.106809e-07 
1.106803e-07 
1.106800e-07 
1.106797e-07 
1.106795e-07 
1.106794e-07 
1.106793e-07 
1.106793e-07 
1.106792e-07 
1.106792e-07 
1.106792e-07 
1.106792e-07 
9.333994e-08 
9.333994e-08 
9.333994e-08 
7.625854e-08 
7.494515e-08 
7.494515e-08 
7.494515e-08 
7.494515e-08 
7.494515e-08 
5.609224e-08 
5.609224e-08 
5.609224e-08 
5.609224e-08 
5.609224e-08 
5.609224e-08 
5.609224e-08 
5.609224e-08 
5.609224e-08 
5.609224e-08 
5.609224e-08 
5.609224e-08 
5.609224e-08 
5.609224e-08 
5.121719e-08 
5.121719e-08 
5.121719e-08 
5.121719e-08 
4.705848e-08 
4.705848e-08 
4.705848e-08 
4.705848e-08 
4.705848e-08 
4.705848e-08 
4.705848e-08 
4.705848e-08 
4.705848e-08 
4.705848e-08 
4.705848e-08 
4.705848e-08 
4.705848e-08 
4.705848e-08 
4.705848e-08 
4.705848e-08 
4.705848e-08 
4.705848e-08 
4.705848e-08 
4.705848e-08 
4.705848e-08 
4.705848e-08 
4.705848e-08 
4.705848e-08 
4.705848e-08 
4.705848e-08 
4.705848e-08 
4.665312e-08 
4.665312e-08 
4.004003e-08 
3.993502e-08 
3.993502e-08 
3.909023e-08 
3.097077e-08 
3.097077e-08 
3.097077e-08 
2.772018e-08 
2.772018e-08 
2.761401e-08 
2.761401e-08 
2.761401e-08 
2.680755e-08 
2.680755e-08 
2.680755e-08 
2.680755e-08 
2.680755e-08 
2.680755e-08 
2.536790e-08 
2.435479e-08 
2.435479e-08 
2.435479e-08 
2.325096e-08 
2.188708e-08 
2.188708e-08 
2.188708e-08 
1.879442e-08 
1.879442e-08 
1.641178e-08 
1.263506e-08 
1.263506e-08 
1.263506e-08 
1.263506e-08 
1.263506e-08 
1.263506e-08 
1.263506e-08 
1.263506e-08 
1.263506e-08 
1.263506e-08 
1.263506e-08 
1.263506e-08 
1.263506e-08 
1.263506e-08 
1.263506e-08 
1.263506e-08 
1.263506e-08 
1.263506e-08 
1.263506e-08 
1.249727e-08 
1.249727e-08 
1.249727e-08 
1.135126e-08 
1.135126e-08 
1.111436e-08 
1.111436e-08 
1.111436e-08 
1.111436e-08 
1.111436e-08 
1.047667e-08 
1.047667e-08 
1.014116e-08 
1.014116e-08 
1.014116e-08 
1.014116e-08 
1.007121e-08 
9.307506e-09 
9.307506e-09 
9.307506e-09 
9.191243e-09 
9.191243e-09 
9.191243e-09 
9.191243e-09 
9.071481e-09 
8.945751e-09 
8.869128e-09 
8.821361e-09 
8.306591e-09 
8.122667e-09 
7.415482e-09 
7.307630e-09 
7.307630e-09 
7.307630e-09 
7.307630e-09 
7.307630e-09 
6.525189e-09 
6.525189e-09 
5.131753e-09 
5.131753e-09 
4.327285e-09 
4.327285e-09 
3.801599e-09 
3.801599e-09 
3.801599e-09 
3.801599e-09 
3.801599e-09 
3.801599e-09 
3.801599e-09 
2.978080e-09 
2.978080e-09 
2.978080e-09 
2.978080e-09 
2.978080e-09 
2.978080e-09 
2.978080e-09 
2.605445e-09 
2.605445e-09 
2.605445e-09 
2.605445e-09 
2.323279e-09 
2.273568e-09 
2.273568e-09 
2.273568e-09 
1.773079e-09 
1.773079e-09 
1.112337e-09 
1.112337e-09 
1.112337e-09 
1.112337e-09 
1.112337e-09 
1.112337e-09 
1.112337e-09 
1.112337e-09 
1.112337e-09 
1.112337e-09 
1.112337e-09 
1.112337e-09 
1.112337e-09 
1.112337e-09 
9.215473e-10 
8.511769e-10 
8.511769e-10 
8.320811e-10 
8.320811e-10 
8.320811e-10 
8.320811e-10 
6.130030e-10 
6.130030e-10 
6.130030e-10 
6.130030e-10 
6.130030e-10 
6.130030e-10 
4.304734e-10 
4.304734e-10 
4.304734e-10 
4.304734e-10 
4.304734e-10 
4.304734e-10 
4.304734e-10 
4.156853e-10 
4.156853e-10 
4.156853e-10 
4.156853e-10 
4.156853e-10 
4.156853e-10 
4.156853e-10 
3.514078e-10 
3.514078e-10 
3.347189e-10 
3.347189e-10 
3.347189e-10 
3.347189e-10 
3.347189e-10 
3.347189e-10 
3.347189e-10 
3.347189e-10 
3.347189e-10 
3.347189e-10 
3.347189e-10 
3.173550e-10 
3.173550e-10 
3.173550e-10 
3.173550e-10 
3.167777e-10 
3.167777e-10 
2.515232e-10 
1.926548e-10 
1.926548e-10 
1.926548e-10 
1.926548e-10 
1.926548e-10 
1.926548e-10 
1.926548e-10 
1.902833e-10 
1.902833e-10 
1.902833e-10 
1.791012e-10 
1.791012e-10 
1.791012e-10 
1.791012e-10 
1.791012e-10 
1.791012e-10 
1.791012e-10 
1.791012e-10 
1.791012e-10 
1.735412e-10 
1.618439e-10 
1.600409e-10 
1.600409e-10 
1.600409e-10 
1.600409e-10 
1.578382e-10 
1.578382e-10 
1.578382e-10 
1.578382e-10 
1.578382e-10 
1.578382e-10 
1.578382e-10 
1.578382e-10 
1.578382e-10 
1.578382e-10 
1.272493e-10 
1.272493e-10 
1.063594e-10 
1.063594e-10 
1.063594e-10 
1.063594e-10 
6.873613e-11 
6.873613e-11 
6.873613e-11 
6.873613e-11 
6.873613e-11 
6.873613e-11 
6.873613e-11 
6.873613e-11 
6.873613e-11 
6.873613e-11 
6.873613e-11 
6.499690e-11 
6.499690e-11 
6.499690e-11 
6.499690e-11 
6.499690e-11 
6.251888e-11 
6.251888e-11 
6.223466e-11 
6.223466e-11 
6.223466e-11 
5.201173e-11 
5.201173e-11 
5.201173e-11 
5.201173e-11 
4.779288e-11 
4.779288e-11 
4.741985e-11 
4.571454e-11 
4.571454e-11 
4.571454e-11 
4.333423e-11 
4.333423e-11 
4.147793e-11 
4.115819e-11 
4.115819e-11 
4.010126e-11 
3.932854e-11 
3.890221e-11 
3.866241e-11 
3.852030e-11 
3.843148e-11 
3.837819e-11 
3.835154e-11 
3.832490e-11 
3.830714e-11 
3.829825e-11 
3.828937e-11 
3.828937e-11 
3.323564e-11 
3.323564e-11 
3.323564e-11 
2.486900e-11 
2.486900e-11 
2.486900e-11 
2.486900e-11 
2.486900e-11 
2.486900e-11 
2.486900e-11 
2.486900e-11 
2.486900e-11 
2.486900e-11 
2.486900e-11 
2.112088e-11 
2.112088e-11 
2.104095e-11 
2.104095e-11 
1.944223e-11 
1.944223e-11 
1.739053e-11 
1.739053e-11 
1.739053e-11 
1.739053e-11 
1.739053e-11 
1.739053e-11 
1.739053e-11 
1.739053e-11 
1.671552e-11 
1.618261e-11 
1.591616e-11 
1.579181e-11 
1.494804e-11 
1.463718e-11 
1.422862e-11 
1.422862e-11 
1.422862e-11 
1.355360e-11 
1.355360e-11 
1.355360e-11 
1.355360e-11 
1.355360e-11 
1.355360e-11 
1.355360e-11 
1.231015e-11 
1.220357e-11 
1.133316e-11 
1.133316e-11 
1.048051e-11 
1.000089e-11 
9.965362e-12 
9.965362e-12 
9.876544e-12 
9.876544e-12 
8.482104e-12 
7.798207e-12 
6.918910e-12 
5.915268e-12 
5.915268e-12 
5.915268e-12 
5.915268e-12 
5.915268e-12 
5.915268e-12 
5.915268e-12 
5.915268e-12 
5.915268e-12 
5.915268e-12 
5.835332e-12 
5.835332e-12 
5.524470e-12 
5.524470e-12 
5.524470e-12 
5.524470e-12 
4.680700e-12 
4.680700e-12 
4.627410e-12 
4.618528e-12 
4.618528e-12 
4.618528e-12 
4.583001e-12 
4.583001e-12 
4.583001e-12 
4.583001e-12 
4.583001e-12 
4.494183e-12 
4.494183e-12 
4.494183e-12 
4.432010e-12 
4.405365e-12 
4.130030e-12 
4.130030e-12 
4.130030e-12 
4.130030e-12 
4.085621e-12 
4.085621e-12 
3.916867e-12 
3.872458e-12 
3.677059e-12 
3.472778e-12 
3.410605e-12 
3.339551e-12 
3.268497e-12 
3.241851e-12 
3.241851e-12 
3.117506e-12 
2.984279e-12 
2.913225e-12 
2.913225e-12 
2.913225e-12 
2.842171e-12 
2.797762e-12 
2.771117e-12 
2.593481e-12 
2.549072e-12 
2.549072e-12 
2.335909e-12 
1.696421e-12 
1.403322e-12 
1.403322e-12 
1.403322e-12 
1.403322e-12 
1.350031e-12 
1.350031e-12 
1.350031e-12 
1.350031e-12 
1.350031e-12 
1.350031e-12 
1.350031e-12 
1.350031e-12 
1.350031e-12 
1.350031e-12 
1.350031e-12 
1.350031e-12 
1.350031e-12 
1.350031e-12 
1.350031e-12 
1.092459e-12 
1.092459e-12 
1.092459e-12 
6.572520e-13 
6.572520e-13 
6.572520e-13 
5.595524e-13 
5.595524e-13 
5.595524e-13 
5.329071e-13 
5.329071e-13 
5.329071e-13 
5.329071e-13 
4.352074e-13 
4.352074e-13 
4.352074e-13 
4.352074e-13 
4.352074e-13 
4.352074e-13 
4.352074e-13 
4.352074e-13 
4.352074e-13 
4.174439e-13 
4.174439e-13 
4.174439e-13 
4.174439e-13 
4.174439e-13 
4.174439e-13 
4.174439e-13 
4.174439e-13 
4.174439e-13 
3.907985e-13 
3.907985e-13 
3.907985e-13 
3.907985e-13 
3.907985e-13 
3.907985e-13 
3.907985e-13 
3.907985e-13 
3.907985e-13 
3.907985e-13 
3.907985e-13 
3.907985e-13 
3.907985e-13 
3.907985e-13 
3.463896e-13 
3.463896e-13 
3.463896e-13 
3.463896e-13 
3.463896e-13 
3.463896e-13 
3.463896e-13 
3.463896e-13 
3.463896e-13 
3.019807e-13 
3.019807e-13 
3.019807e-13 
3.019807e-13 
3.019807e-13 
2.842171e-13 
2.842171e-13 
2.753353e-13 
2.753353e-13 
2.753353e-13 
2.753353e-13 
2.398082e-13 
1.953993e-13 
1.953993e-13 
1.509903e-13 
1.509903e-13 
1.509903e-13 
1.509903e-13 
1.509903e-13 
1.509903e-13 
1.509903e-13 
1.509903e-13 
1.509903e-13 
1.509903e-13 
1.509903e-13 
1.509903e-13 
1.509903e-13 
1.509903e-13 
1.509903e-13 
1.509903e-13 
1.509903e-13 
1.509903e-13 
1.332268e-13 
1.243450e-13 
1.243450e-13 
1.243450e-13 
1.243450e-13 
1.243450e-13 
1.243450e-13 
1.243450e-13 
1.243450e-13 
1.243450e-13 
1.243450e-13 
1.243450e-13 
1.243450e-13 
9.769963e-14 
9.769963e-14 
9.769963e-14 
9.769963e-14 
9.769963e-14 
7.993606e-14 
7.993606e-14 
7.993606e-14 
7.993606e-14 
7.993606e-14 
7.993606e-14 
7.105427e-14 
7.105427e-14 
7.105427e-14 
6.217249e-14 
6.217249e-14 
5.329071e-14 
5.329071e-14 
5.329071e-14 
5.329071e-14 
5.329071e-14 
5.329071e-14 
5.329071e-14 
5.329071e-14 
5.329071e-14 
5.329071e-14 
4.440892e-14 
3.552714e-14 
3.552714e-14 
3.552714e-14 
3.552714e-14 
3.552714e-14 
3.552714e-14 
3.552714e-14 
3.552714e-14 
3.552714e-14 
3.552714e-14 
3.552714e-14 
3.552714e-14 
3.552714e-14 
3.552714e-14 
3.552714e-14 
3.552714e-14 
3.552714e-14 
3.552714e-14 
3.552714e-14 
3.552714e-14 
3.552714e-14 
3.552714e-14 
3.552714e-14 
3.552714e-14 
3.552714e-14 
3.552714e-14 
3.552714e-14 
3.552714e-14 
3.552714e-14 
3.552714e-14 
3.552714e-14 
3.552714e-14 
3.552714e-14 
3.552714e-14 
3.552714e-14 
3.552714e-14 
3.552714e-14 
3.552714e-14 
3.552714e-14 
3.552714e-14 
3.552714e-14 
2.664535e-14 
2.664535e-14 
2.664535e-14 
2.664535e-14 
2.664535e-14 
2.664535e-14 
2.664535e-14 
2.664535e-14 
2.664535e-14 
2.664535e-14 
2.664535e-14 
2.664535e-14 
2.664535e-14 
2.664535e-14 
2.664535e-14 
2.664535e-14 
2.664535e-14 
2.664535e-14 
2.664535e-14 
2.664535e-14 
2.664535e-14 
2.664535e-14 
2.664535e-14 
2.664535e-14 
2.664535e-14 
2.664535e-14 
2.664535e-14 
2.664535e-14 
2.664535e-14 
2.664535e-14 
2.664535e-14 
1.776357e-14 
1.776357e-14 
1.776357e-14 
1.776357e-14 
1.776357e-14 
1.776357e-14 
1.776357e-14 
1.776357e-14 
1.776357e-14 
1.776357e-14 
1.776357e-14 
1.776357e-14 
1.776357e-14 
1.776357e-14 
1.776357e-14 
1.776357e-14 
1.776357e-14 
1.776357e-14 
1.776357e-14 
1.776357e-14 
1.776357e-14 
1.776357e-14 
1.776357e-14 
1.776357e-14 
1.776357e-14 
1.776357e-14 
1.776357e-14 
1.776357e-14 
1.776357e-14 
1.776357e-14 
1.776357e-14 
1.776357e-14 
1.776357e-14 
1.776357e-14 
1.776357e-14 
1.776357e-14 
1.776357e-14 
1.776357e-14 
1.776357e-14 
1.776357e-14 
1.776357e-14 
1.776357e-14 
1.776357e-14 
1.776357e-14 
1.776357e-14 
1.776357e-14 
1.776357e-14 
1.776357e-14 
1.776357e-14 
1.776357e-14 
1.776357e-14 
1.776357e-14 
1.776357e-14 
1.776357e-14 
1.776357e-14 
1.776357e-14 
1.776357e-14 
1.776357e-14 
1.776357e-14 
1.776357e-14 
1.776357e-14 
1.776357e-14 
1.776357e-14 
1.776357e-14 
1.776357e-14 
1.776357e-14 
1.776357e-14 
1.776357e-14 
1.776357e-14 
1.776357e-14 
1.776357e-14 
1.776357e-14 
1.776357e-14 
1.776357e-14 
1.776357e-14 
1.776357e-14 
1.776357e-14 
1.776357e-14 
1.776357e-14 
1.776357e-14 
8.881784e-15 
8.881784e-15 
8.881784e-15 
8.881784e-15 
8.881784e-15 
8.881784e-15 
8.881784e-15 
8.881784e-15 
8.881784e-15 
8.881784e-15 
8.881784e-15 
8.881784e-15 
8.881784e-15 
8.881784e-15 
8.881784e-15 
8.881784e-15 
8.881784e-15 
8.881784e-15 
8.881784e-15 
8.881784e-15 
8.881784e-15 
8.881784e-15 
8.881784e-15 
8.881784e-15 
8.881784e-15 
8.881784e-15 
8.881784e-15 
8.881784e-15 
8.881784e-15 
8.881784e-15 
8.881784e-15 
8.881784e-15 
8.881784e-15 
8.881784e-15 
8.881784e-15 
8.881784e-15 
8.881784e-15 
8.881784e-15 
8.881784e-15 
8.881784e-15 
8.881784e-15 
8.881784e-15 
8.881784e-15 
8.881784e-15 
8.881784e-15 
8.881784e-15 
8.881784e-15 
8.881784e-15 
8.881784e-15 
8.881784e-15 
8.881784e-15 
8.881784e-15 
8.881784e-15 
8.881784e-15 
8.881784e-15 
8.881784e-15 
8.881784e-15 
8.881784e-15 
8.881784e-15 
8.881784e-15 
8.881784e-15 
8.881784e-15 
8.881784e-15 
8.881784e-15 
8.881784e-15 
8.881784e-15 
8.881784e-15 
8.881784e-15 
8.881784e-15 
8.881784e-15 
8.881784e-15 
8.881784e-15 
8.881784e-15 
8.881784e-15 
8.881784e-15 
8.881784e-15 
8.881784e-15 
8.881784e-15 
8.881784e-15 
8.881784e-15 
8.881784e-15 
8.881784e-15 
8.881784e-15 
8.881784e-15 
8.881784e-15 
8.881784e-15 
8.881784e-15 
8.881784e-15 
8.881784e-15 
8.881784e-15 
8.881784e-15 
8.881784e-15 
8.881784e-15 
8.881784e-15 
8.881784e-15 
8.881784e-15 
8.881784e-15 
8.881784e-15 
8.881784e-15 
8.881784e-15 
8.881784e-15 
8.881784e-15 
8.881784e-15 
8.881784e-15 
8.881784e-15 
8.881784e-15 
8.881784e-15 
8.881784e-15 
8.881784e-15 
8.881784e-15 
8.881784e-15 
8.881784e-15 
8.881784e-15 
8.881784e-15 
8.881784e-15 
8.881784e-15 
8.881784e-15 
8.881784e-15 
8.881784e-15 
8.881784e-15 
8.881784e-15 
8.881784e-15 
8.881784e-15 
8.881784e-15 
8.881784e-15 
8.881784e-15 
8.881784e-15 
8.881784e-15 
8.881784e-15 
8.881784e-15 
8.881784e-15 
8.881784e-15 
8.881784e-15 
8.881784e-15 
8.881784e-15 
8.881784e-15 
8.881784e-15 
8.881784e-15 
8.881784e-15 
8.881784e-15 
8.881784e-15 
8.881784e-15 
8.881784e-15 
8.881784e-15 
8.881784e-15 
8.881784e-15 
8.881784e-15 
8.881784e-15 
8.881784e-15 
8.881784e-15 
8.881784e-15 
8.881784e-15 
8.881784e-15 
8.881784e-15 
8.881784e-15 
8.881784e-15 
8.881784e-15 
8.881784e-15 
8.881784e-15 
8.881784e-15 
8.881784e-15 
8.881784e-15 
8.881784e-15 
8.881784e-15 
8.881784e-15 
8.881784e-15 
8.881784e-15 
8.881784e-15 
8.881784e-15 
8.881784e-15 
8.881784e-15 
8.881784e-15 
8.881784e-15 
8.881784e-15 
8.881784e-15 
8.881784e-15 
8.881784e-15 
8.881784e-15 
8.881784e-15 
8.881784e-15 
8.881784e-15 
8.881784e-15 
8.881784e-15 
8.881784e-15 
8.881784e-15 
8.881784e-15 
8.881784e-15 
8.881784e-15 
8.881784e-15 
8.881784e-15 
8.881784e-15 
8.881784e-15 
8.881784e-15 
8.881784e-15 
8.881784e-15 
8.881784e-15 
8.881784e-15 
8.881784e-15 
8.881784e-15 
8.881784e-15 
8.881784e-15 
8.881784e-15 
8.881784e-15 
8.881784e-15 
8.881784e-15 
8.881784e-15 
8.881784e-15 
8.881784e-15 
8.881784e-15 
8.881784e-15 
8.881784e-15 
8.881784e-15 
8.881784e-15 
8.881784e-15 
8.881784e-15 
8.881784e-15 
8.881784e-15 
8.881784e-15 
8.881784e-15 
8.881784e-15 
8.881784e-15 
8.881784e-15 
8.881784e-15 
8.881784e-15 
8.881784e-15 
8.881784e-15 
8.881784e-15 
8.881784e-15 
8.881784e-15 
8.881784e-15 
8.881784e-15 
8.881784e-15 
8.881784e-15 
8.881784e-15 
8.881784e-15 
8.881784e-15 
8.881784e-15 
8.881784e-15 
8.881784e-15 
8.881784e-15 
8.881784e-15 
8.881784e-15 
8.881784e-15 
8.881784e-15 
8.881784e-15 
8.881784e-15 
8.881784e-15 
8.881784e-15 
8.881784e-15 
8.881784e-15 
8.881784e-15 
8.881784e-15 
8.881784e-15 
8.881784e-15 
8.881784e-15 
8.881784e-15 
8.881784e-15 
8.881784e-15 
8.881784e-15 
8.881784e-15 
8.881784e-15 
8.881784e-15 
8.881784e-15 
8.881784e-15 
8.881784e-15 
8.881784e-15 
8.881784e-15 
8.881784e-15 
8.881784e-15 
8.881784e-15 
8.881784e-15 
8.881784e-15 
8.881784e-15 
8.881784e-15 
8.881784e-15 
8.881784e-15 
8.881784e-15 
8.881784e-15 
8.881784e-15 
8.881784e-15 
8.881784e-15 
8.881784e-15 
8.881784e-15 
8.881784e-15 
8.881784e-15 
8.881784e-15 
8.881784e-15 
8.881784e-15 
8.881784e-15 
8.881784e-15 
8.881784e-15 
8.881784e-15 
8.881784e-15 
8.881784e-15 
8.881784e-15 
8.881784e-15 
8.881784e-15 
8.881784e-15 
8.881784e-15 
8.881784e-15 
8.881784e-15 
8.881784e-15 
8.881784e-15 
8.881784e-15 
8.881784e-15 
8.881784e-15 
8.881784e-15 
8.881784e-15 
8.881784e-15 
8.881784e-15 
8.881784e-15 
8.881784e-15 
8.881784e-15 
8.881784e-15 
8.881784e-15 
8.881784e-15 
8.881784e-15 
8.881784e-15 
8.881784e-15 
8.881784e-15 
8.881784e-15 
8.881784e-15 
8.881784e-15 
8.881784e-15 
8.881784e-15 
8.881784e-15 
8.881784e-15 
8.881784e-15 
8.881784e-15 
8.881784e-15 
8.881784e-15 
8.881784e-15 
8.881784e-15 
8.881784e-15 
8.881784e-15 
8.881784e-15 
8.881784e-15 
8.881784e-15 
8.881784e-15 
8.881784e-15 
8.881784e-15 
8.881784e-15 
8.881784e-15 
8.881784e-15 
8.881784e-15 
8.881784e-15 
8.881784e-15 
8.881784e-15 
8.881784e-15 
8.881784e-15 
8.881784e-15 
8.881784e-15 
8.881784e-15 
8.881784e-15 
8.881784e-15 
8.881784e-15 
8.881784e-15 
8.881784e-15 
8.881784e-15 
8.881784e-15 
8.881784e-15 
8.881784e-15 
8.881784e-15 
8.881784e-15 
8.881784e-15 
8.881784e-15 
8.881784e-15 
8.881784e-15 
8.881784e-15 
8.881784e-15 
8.881784e-15 
8.881784e-15 
8.881784e-15 
8.881784e-15 
8.881784e-15 
8.881784e-15 
8.881784e-15 
8.881784e-15 
8.881784e-15 
8.881784e-15 
8.881784e-15 
8.881784e-15 
8.881784e-15 
8.881784e-15 
8.881784e-15 
8.881784e-15 
8.881784e-15 
8.881784e-15 
8.881784e-15 
8.881784e-15 
8.881784e-15 
8.881784e-15 
8.881784e-15 
8.881784e-15 
8.881784e-15 
8.881784e-15 
8.881784e-15 
8.881784e-15 
8.881784e-15 
8.881784e-15 
8.881784e-15 
8.881784e-15 
8.881784e-15 
8.881784e-15 
8.881784e-15 
8.881784e-15 
8.881784e-15 
8.881784e-15 
8.881784e-15 
8.881784e-15 
8.881784e-15 
8.881784e-15 
8.881784e-15 
8.881784e-15 
8.881784e-15 
8.881784e-15 
8.881784e-15 
8.881784e-15 
8.881784e-15 
8.881784e-15 
8.881784e-15 
8.881784e-15 
8.881784e-15 
8.881784e-15 
8.881784e-15 
8.881784e-15 
8.881784e-15 
8.881784e-15 
8.881784e-15 
8.881784e-15 
8.881784e-15 
8.881784e-15 
8.881784e-15 
8.881784e-15 
8.881784e-15 
8.881784e-15 
8.881784e-15 
8.881784e-15 
8.881784e-15 
8.881784e-15 
8.881784e-15 
8.881784e-15 
8.881784e-15 
8.881784e-15 
8.881784e-15 
8.881784e-15 
8.881784e-15 
8.881784e-15 
8.881784e-15 
8.881784e-15 
8.881784e-15 
8.881784e-15 
8.881784e-15 
8.881784e-15 
8.881784e-15 
8.881784e-15 
8.881784e-15 
8.881784e-15 
8.881784e-15 
8.881784e-15 
8.881784e-15 
8.881784e-15 
8.881784e-15 
8.881784e-15 
8.881784e-15 
8.881784e-15 
8.881784e-15 
8.881784e-15 
8.881784e-15 
8.881784e-15 
8.881784e-15 
8.881784e-15 
8.881784e-15 
8.881784e-15 
8.881784e-15 
8.881784e-15 
8.881784e-15 
8.881784e-15 
8.881784e-15 
8.881784e-15 
8.881784e-15 
8.881784e-15 
8.881784e-15 
8.881784e-15 
8.881784e-15 
8.881784e-15 
8.881784e-15 
8.881784e-15 
8.881784e-15 
8.881784e-15 
8.881784e-15 
8.881784e-15 
8.881784e-15 
8.881784e-15 
8.881784e-15 
8.881784e-15 
8.881784e-15 
8.881784e-15 
8.881784e-15 
8.881784e-15 
8.881784e-15 
8.881784e-15 
8.881784e-15 
8.881784e-15 
8.881784e-15 
8.881784e-15 
8.881784e-15 
8.881784e-15 
8.881784e-15 
8.881784e-15 
8.881784e-15 
8.881784e-15 
8.881784e-15 
8.881784e-15 
8.881784e-15 
8.881784e-15 
8.881784e-15 
8.881784e-15 
8.881784e-15 
8.881784e-15 
8.881784e-15 
8.881784e-15 
8.881784e-15 
8.881784e-15 
8.881784e-15 
8.881784e-15 
8.881784e-15 
8.881784e-15 
8.881784e-15 
8.881784e-15 
8.881784e-15 
8.881784e-15 
8.881784e-15 
8.881784e-15 
8.881784e-15 
8.881784e-15 
8.881784e-15 
8.881784e-15 
8.881784e-15 
8.881784e-15 
8.881784e-15 
8.881784e-15 
8.881784e-15 
8.881784e-15 
8.881784e-15 
8.881784e-15 
8.881784e-15 
8.881784e-15 
8.881784e-15 
8.881784e-15 
8.881784e-15 
8.881784e-15 
8.881784e-15 
8.881784e-15 
8.881784e-15 
8.881784e-15 
8.881784e-15 
8.881784e-15 
8.881784e-15 
8.881784e-15 
8.881784e-15 
8.881784e-15 
8.881784e-15 
8.881784e-15 
8.881784e-15 
8.881784e-15 
8.881784e-15 
8.881784e-15 
8.881784e-15 
8.881784e-15 
8.881784e-15 
8.881784e-15 
8.881784e-15 
8.881784e-15 
8.881784e-15 
8.881784e-15 
8.881784e-15 
8.881784e-15 
8.881784e-15 
8.881784e-15 
8.881784e-15 
8.881784e-15 
8.881784e-15 
8.881784e-15 
8.881784e-15 
8.881784e-15 
8.881784e-15 
8.881784e-15 
8.881784e-15 
8.881784e-15 
8.881784e-15 
8.881784e-15 
8.881784e-15 
8.881784e-15 
8.881784e-15 
8.881784e-15 
8.881784e-15 
8.881784e-15 
8.881784e-15 
8.881784e-15 
8.881784e-15 
8.881784e-15 
8.881784e-15 
8.881784e-15 
8.881784e-15 
8.881784e-15 
8.881784e-15 
8.881784e-15 
8.881784e-15 
8.881784e-15 
8.881784e-15 
8.881784e-15 
8.881784e-15 
8.881784e-15 
8.881784e-15 
8.881784e-15 
8.881784e-15 
8.881784e-15 
8.881784e-15 
8.881784e-15 
8.881784e-15 
8.881784e-15 
8.881784e-15 
8.881784e-15 
8.881784e-15 
8.881784e-15 
8.881784e-15 
8.881784e-15 
8.881784e-15 
8.881784e-15 
8.881784e-15 
8.881784e-15 
8.881784e-15 
8.881784e-15 
8.881784e-15 
8.881784e-15 
8.881784e-15 
8.881784e-15 
8.881784e-15 
8.881784e-15 
8.881784e-15 
8.881784e-15 
8.881784e-15 
8.881784e-15 
8.881784e-15 
8.881784e-15 
8.881784e-15 
8.881784e-15 
8.881784e-15 
8.881784e-15 
8.881784e-15 
8.881784e-15 
8.881784e-15 
8.881784e-15 
8.881784e-15 
8.881784e-15 
8.881784e-15 
8.881784e-15 
8.881784e-15 
8.881784e-15 
8.881784e-15 
8.881784e-15 
8.881784e-15 
8.881784e-15 
8.881784e-15 
8.881784e-15 
8.881784e-15 
8.881784e-15 
8.881784e-15 
8.881784e-15 
8.881784e-15 
8.881784e-15 
8.881784e-15 
8.881784e-15 
8.881784e-15 
8.881784e-15 
8.881784e-15 
8.881784e-15 
8.881784e-15 
8.881784e-15 
8.881784e-15 
8.881784e-15 
8.881784e-15 
8.881784e-15 
8.881784e-15 
8.881784e-15 
8.881784e-15 
8.881784e-15 
8.881784e-15 
8.881784e-15 
8.881784e-15 
8.881784e-15 
8.881784e-15 
8.881784e-15 
8.881784e-15 
8.881784e-15 
8.881784e-15 
8.881784e-15 
8.881784e-15 
8.881784e-15 
8.881784e-15 
8.881784e-15 
8.881784e-15 
8.881784e-15 
8.881784e-15 
8.881784e-15 
8.881784e-15 
8.881784e-15 
8.881784e-15 
8.881784e-15 
8.881784e-15 
8.881784e-15 
8.881784e-15 
8.881784e-15 
8.881784e-15 
8.881784e-15 
8.881784e-15 
8.881784e-15 
8.881784e-15 
8.881784e-15 
8.881784e-15 
8.881784e-15 
8.881784e-15 
8.881784e-15 
8.881784e-15 
8.881784e-15 
8.881784e-15 
8.881784e-15 
8.881784e-15 
8.881784e-15 
8.881784e-15 
8.881784e-15 
8.881784e-15 
8.881784e-15 
8.881784e-15 
8.881784e-15 
8.881784e-15 
8.881784e-15 
8.881784e-15 
8.881784e-15 
8.881784e-15 
8.881784e-15 
8.881784e-15 
8.881784e-15 
8.881784e-15 
8.881784e-15 
8.881784e-15 
8.881784e-15 
8.881784e-15 
8.881784e-15 
8.881784e-15 
8.881784e-15 
8.881784e-15 
8.881784e-15 
8.881784e-15 
8.881784e-15 
8.881784e-15 
8.881784e-15 
8.881784e-15 
8.881784e-15 
8.881784e-15 
8.881784e-15 
8.881784e-15 
8.881784e-15 
8.881784e-15 
8.881784e-15 
8.881784e-15 
8.881784e-15 
8.881784e-15 
8.881784e-15 
8.881784e-15 
8.881784e-15 
8.881784e-15 
8.881784e-15 
8.881784e-15 
8.881784e-15 
8.881784e-15 
8.881784e-15 
8.881784e-15 
8.881784e-15 
8.881784e-15 
8.881784e-15 
8.881784e-15 
8.881784e-15 
8.881784e-15 
8.881784e-15 
8.881784e-15 
8.881784e-15 
8.881784e-15 
8.881784e-15 
8.881784e-15 
8.881784e-15 
8.881784e-15 
8.881784e-15 
8.881784e-15 
8.881784e-15 
8.881784e-15 
8.881784e-15 
8.881784e-15 
8.881784e-15 
8.881784e-15 
8.881784e-15 
8.881784e-15 
8.881784e-15 
8.881784e-15 
8.881784e-15 
8.881784e-15 
8.881784e-15 
8.881784e-15 
8.881784e-15 
8.881784e-15 
8.881784e-15 
8.881784e-15 
8.881784e-15 
8.881784e-15 
8.881784e-15 
8.881784e-15 
8.881784e-15 
8.881784e-15 
8.881784e-15 
8.881784e-15 
8.881784e-15 
8.881784e-15 
8.881784e-15 
8.881784e-15 
8.881784e-15 
8.881784e-15 
8.881784e-15 
8.881784e-15 
8.881784e-15 
8.881784e-15 
8.881784e-15 
8.881784e-15 
8.881784e-15 
8.881784e-15 
8.881784e-15 
8.881784e-15 
8.881784e-15 
8.881784e-15 
8.881784e-15 
8.881784e-15 
8.881784e-15 
8.881784e-15 
8.881784e-15 
8.881784e-15 
8.881784e-15 
8.881784e-15 
8.881784e-15 
8.881784e-15 
8.881784e-15 
8.881784e-15 
8.881784e-15 
8.881784e-15 
8.881784e-15 
8.881784e-15 
8.881784e-15 
8.881784e-15 
8.881784e-15 
8.881784e-15 
8.881784e-15 
8.881784e-15 
8.881784e-15 
8.881784e-15 
8.881784e-15 
8.881784e-15 
8.881784e-15 
8.881784e-15 
8.881784e-15 
8.881784e-15 
8.881784e-15 
8.881784e-15 
8.881784e-15 
8.881784e-15 
8.881784e-15 
8.881784e-15 
8.881784e-15 
8.881784e-15 
8.881784e-15 
8.881784e-15 
8.881784e-15 
8.881784e-15 
8.881784e-15 
8.881784e-15 
8.881784e-15 
8.881784e-15 
8.881784e-15 
8.881784e-15 
8.881784e-15 
8.881784e-15 
8.881784e-15 
8.881784e-15 
8.881784e-15 
8.881784e-15 
8.881784e-15 
8.881784e-15 
8.881784e-15 
8.881784e-15 
8.881784e-15 
8.881784e-15 
8.881784e-15 
8.881784e-15 
8.881784e-15 
8.881784e-15 
8.881784e-15 
8.881784e-15 
8.881784e-15 
8.881784e-15 
8.881784e-15 
8.881784e-15 
8.881784e-15 
8.881784e-15 
8.881784e-15 
8.881784e-15 
8.881784e-15 
8.881784e-15 
8.881784e-15 
8.881784e-15 
8.881784e-15 
8.881784e-15 
8.881784e-15 
8.881784e-15 
8.881784e-15 
8.881784e-15 
8.881784e-15 
8.881784e-15 
8.881784e-15 
8.881784e-15 
8.881784e-15 
8.881784e-15 
8.881784e-15 
8.881784e-15 
8.881784e-15 
8.881784e-15 
8.881784e-15 
8.881784e-15 
8.881784e-15 
8.881784e-15 
8.881784e-15 
8.881784e-15 
8.881784e-15 
8.881784e-15 
8.881784e-15 
8.881784e-15 
8.881784e-15 
8.881784e-15 
8.881784e-15 
8.881784e-15 
8.881784e-15 
8.881784e-15 
8.881784e-15 
8.881784e-15 
8.881784e-15 
8.881784e-15 
8.881784e-15 
8.881784e-15 
8.881784e-15 
8.881784e-15 
8.881784e-15 
8.881784e-15 
8.881784e-15 
8.881784e-15 
8.881784e-15 
8.881784e-15 
8.881784e-15 
8.881784e-15 
8.881784e-15 
8.881784e-15 
8.881784e-15 
8.881784e-15 
8.881784e-15 
8.881784e-15 
8.881784e-15 
8.881784e-15 
8.881784e-15 
8.881784e-15 
8.881784e-15 
8.881784e-15 
8.881784e-15 
8.881784e-15 
8.881784e-15 
8.881784e-15 
8.881784e-15 
8.881784e-15 
8.881784e-15 
8.881784e-15 
8.881784e-15 
8.881784e-15 
8.881784e-15 
8.881784e-15 
8.881784e-15 
8.881784e-15 
8.881784e-15 
8.881784e-15 
8.881784e-15 
8.881784e-15 
8.881784e-15 
8.881784e-15 
8.881784e-15 
8.881784e-15 
8.881784e-15 
8.881784e-15 
8.881784e-15 
8.881784e-15 
8.881784e-15 
8.881784e-15 
8.881784e-15 
8.881784e-15 
8.881784e-15 
8.881784e-15 
8.881784e-15 
8.881784e-15 
8.881784e-15 
8.881784e-15 
8.881784e-15 
8.881784e-15 
8.881784e-15 
8.881784e-15 
8.881784e-15 
8.881784e-15 
8.881784e-15 
8.881784e-15 
8.881784e-15 
8.881784e-15 
8.881784e-15 
8.881784e-15 
8.881784e-15 
8.881784e-15 
8.881784e-15 
8.881784e-15 
8.881784e-15 
8.881784e-15 
8.881784e-15 
8.881784e-15 
8.881784e-15 
8.881784e-15 
8.881784e-15 
8.881784e-15 
8.881784e-15 
8.881784e-15 
8.881784e-15 
8.881784e-15 
8.881784e-15 
8.881784e-15 
8.881784e-15 
8.881784e-15 
8.881784e-15 
8.881784e-15 
8.881784e-15 
8.881784e-15 
8.881784e-15 
8.881784e-15 
8.881784e-15 
8.881784e-15 
8.881784e-15 
8.881784e-15 
8.881784e-15 
8.881784e-15 
8.881784e-15 
8.881784e-15 
8.881784e-15 
8.881784e-15 
8.881784e-15 
8.881784e-15 
8.881784e-15 
8.881784e-15 
8.881784e-15 
8.881784e-15 
8.881784e-15 
8.881784e-15 
8.881784e-15 
8.881784e-15 
8.881784e-15 
8.881784e-15 
8.881784e-15 
8.881784e-15 
8.881784e-15 
8.881784e-15 
8.881784e-15 
8.881784e-15 
8.881784e-15 
8.881784e-15 
8.881784e-15 
8.881784e-15 
8.881784e-15 
8.881784e-15 
8.881784e-15 
8.881784e-15 
8.881784e-15 
8.881784e-15 
8.881784e-15 
8.881784e-15 
8.881784e-15 
8.881784e-15 
8.881784e-15 
8.881784e-15 
8.881784e-15 
8.881784e-15 
8.881784e-15 
8.881784e-15 
8.881784e-15 
8.881784e-15 
8.881784e-15 
8.881784e-15 
8.881784e-15 
8.881784e-15 
8.881784e-15 
8.881784e-15 
8.881784e-15 
8.881784e-15 
8.881784e-15 
8.881784e-15 
8.881784e-15 
8.881784e-15 
8.881784e-15 
8.881784e-15 
8.881784e-15 
8.881784e-15 
8.881784e-15 
8.881784e-15 
8.881784e-15 
8.881784e-15 
8.881784e-15 
8.881784e-15 
8.881784e-15 
8.881784e-15 
8.881784e-15 
8.881784e-15 
8.881784e-15 
8.881784e-15 
8.881784e-15 
8.881784e-15 
8.881784e-15 
8.881784e-15 
8.881784e-15 
8.881784e-15 
8.881784e-15 
8.881784e-15 
8.881784e-15 
8.881784e-15 
8.881784e-15 
8.881784e-15 
8.881784e-15 
8.881784e-15 
8.881784e-15 
8.881784e-15 
8.881784e-15 
8.881784e-15 
8.881784e-15 
8.881784e-15 
8.881784e-15 
8.881784e-15 
8.881784e-15 
8.881784e-15 
8.881784e-15 
8.881784e-15 
8.881784e-15 
8.881784e-15 
8.881784e-15 
8.881784e-15 
8.881784e-15 
8.881784e-15 
8.881784e-15 
8.881784e-15 
8.881784e-15 
8.881784e-15 
8.881784e-15 
8.881784e-15 
8.881784e-15 
8.881784e-15 
8.881784e-15 
8.881784e-15 
8.881784e-15 
8.881784e-15 
8.881784e-15 
8.881784e-15 
8.881784e-15 
8.881784e-15 
8.881784e-15 
8.881784e-15 
8.881784e-15 
8.881784e-15 
8.881784e-15 
8.881784e-15 
8.881784e-15 
8.881784e-15 
8.881784e-15 
8.881784e-15 
8.881784e-15 
8.881784e-15 
8.881784e-15 
8.881784e-15 
8.881784e-15 
8.881784e-15 
8.881784e-15 
8.881784e-15 
8.881784e-15 
8.881784e-15 
8.881784e-15 
8.881784e-15 
8.881784e-15 
8.881784e-15 
8.881784e-15 
8.881784e-15 
8.881784e-15 
8.881784e-15 
8.881784e-15 
8.881784e-15 
8.881784e-15 
8.881784e-15 
8.881784e-15 
8.881784e-15 
8.881784e-15 
8.881784e-15 
8.881784e-15 
8.881784e-15 
8.881784e-15 
8.881784e-15 
8.881784e-15 
8.881784e-15 
8.881784e-15 
8.881784e-15 
8.881784e-15 
8.881784e-15 
8.881784e-15 
8.881784e-15 
8.881784e-15 
8.881784e-15 
8.881784e-15 
8.881784e-15 
8.881784e-15 
8.881784e-15 
8.881784e-15 
8.881784e-15 
8.881784e-15 
8.881784e-15 
8.881784e-15 
8.881784e-15 
8.881784e-15 
8.881784e-15 
8.881784e-15 
8.881784e-15 
8.881784e-15 
8.881784e-15 
8.881784e-15 
8.881784e-15 
8.881784e-15 
8.881784e-15 
8.881784e-15 
8.881784e-15 
8.881784e-15 
8.881784e-15 
8.881784e-15 
8.881784e-15 
8.881784e-15 
8.881784e-15 
8.881784e-15 
8.881784e-15 
8.881784e-15 
8.881784e-15 
8.881784e-15 
8.881784e-15 
8.881784e-15 
8.881784e-15 
8.881784e-15 
8.881784e-15 
8.881784e-15 
8.881784e-15 
8.881784e-15 
8.881784e-15 
8.881784e-15 
8.881784e-15 
8.881784e-15 
8.881784e-15 
8.881784e-15 
8.881784e-15 
8.881784e-15 
8.881784e-15 
8.881784e-15 
8.881784e-15 
8.881784e-15 
8.881784e-15 
8.881784e-15 
8.881784e-15 
8.881784e-15 
8.881784e-15 
8.881784e-15 
8.881784e-15 
8.881784e-15 
8.881784e-15 
8.881784e-15 
8.881784e-15 
8.881784e-15 
8.881784e-15 
8.881784e-15 
8.881784e-15 
8.881784e-15 
8.881784e-15 
8.881784e-15 
8.881784e-15 
8.881784e-15 
8.881784e-15 
8.881784e-15 
8.881784e-15 
8.881784e-15 
8.881784e-15 
8.881784e-15 
8.881784e-15 
8.881784e-15 
8.881784e-15 
8.881784e-15 
8.881784e-15 
8.881784e-15 
8.881784e-15 
8.881784e-15 
8.881784e-15 
8.881784e-15 
8.881784e-15 
8.881784e-15 
8.881784e-15 
8.881784e-15 
8.881784e-15 
8.881784e-15 
8.881784e-15 
8.881784e-15 
8.881784e-15 
8.881784e-15 
8.881784e-15 
8.881784e-15 
8.881784e-15 
8.881784e-15 
8.881784e-15 
8.881784e-15 
8.881784e-15 
8.881784e-15 
8.881784e-15 
8.881784e-15 
8.881784e-15 
8.881784e-15 
8.881784e-15 
8.881784e-15 
8.881784e-15 
8.881784e-15 
8.881784e-15 
8.881784e-15 
8.881784e-15 
8.881784e-15 
8.881784e-15 
8.881784e-15 
8.881784e-15 
8.881784e-15 
8.881784e-15 
8.881784e-15 
8.881784e-15 
8.881784e-15 
8.881784e-15 
8.881784e-15 
8.881784e-15 
8.881784e-15 
8.881784e-15 
8.881784e-15 
8.881784e-15 
8.881784e-15 
8.881784e-15 
8.881784e-15 
8.881784e-15 
8.881784e-15 
8.881784e-15 
8.881784e-15 
8.881784e-15 
8.881784e-15 
8.881784e-15 
8.881784e-15 
8.881784e-15 
8.881784e-15 
8.881784e-15 
8.881784e-15 
8.881784e-15 
8.881784e-15 
8.881784e-15 
8.881784e-15 
8.881784e-15 
8.881784e-15 
8.881784e-15 
8.881784e-15 
8.881784e-15 
8.881784e-15 
8.881784e-15 
8.881784e-15 
8.881784e-15 
8.881784e-15 
8.881784e-15 
8.881784e-15 
8.881784e-15 
8.881784e-15 
8.881784e-15 
8.881784e-15 
8.881784e-15 
8.881784e-15 
8.881784e-15 
8.881784e-15 
8.881784e-15 
8.881784e-15 
8.881784e-15 
8.881784e-15 
8.881784e-15 
8.881784e-15 
8.881784e-15 
8.881784e-15 
8.881784e-15 
8.881784e-15 
8.881784e-15 
8.881784e-15 
8.881784e-15 
8.881784e-15 
8.881784e-15 
8.881784e-15 
8.881784e-15 
8.881784e-15 
8.881784e-15 
8.881784e-15 
8.881784e-15 
8.881784e-15 
8.881784e-15 
8.881784e-15 
8.881784e-15 
8.881784e-15 
8.881784e-15 
8.881784e-15 
8.881784e-15 
8.881784e-15 
8.881784e-15 
8.881784e-15 
8.881784e-15 
8.881784e-15 
8.881784e-15 
8.881784e-15 
8.881784e-15 
8.881784e-15 
8.881784e-15 
8.881784e-15 
8.881784e-15 
8.881784e-15 
8.881784e-15 
8.881784e-15 
8.881784e-15 
8.881784e-15 
8.881784e-15 
8.881784e-15 
8.881784e-15 
8.881784e-15 
8.881784e-15 
8.881784e-15 
8.881784e-15 
8.881784e-15 
8.881784e-15 
8.881784e-15 
8.881784e-15 
8.881784e-15 
8.881784e-15 
8.881784e-15 
8.881784e-15 
8.881784e-15 
8.881784e-15 
8.881784e-15 
8.881784e-15 
8.881784e-15 
8.881784e-15 
8.881784e-15 
8.881784e-15 
8.881784e-15 
8.881784e-15 
8.881784e-15 
8.881784e-15 
8.881784e-15 
8.881784e-15 
8.881784e-15 
8.881784e-15 
8.881784e-15 
8.881784e-15 
8.881784e-15 
8.881784e-15 
8.881784e-15 
8.881784e-15 
8.881784e-15 
8.881784e-15 
8.881784e-15 
8.881784e-15 
8.881784e-15 
8.881784e-15 
8.881784e-15 
8.881784e-15 
8.881784e-15 
8.881784e-15 
8.881784e-15 
8.881784e-15 
8.881784e-15 
8.881784e-15 
8.881784e-15 
8.881784e-15 
8.881784e-15 
8.881784e-15 
8.881784e-15 
8.881784e-15 
8.881784e-15 
8.881784e-15 
8.881784e-15 
8.881784e-15 
8.881784e-15 
8.881784e-15 
8.881784e-15 
8.881784e-15 
8.881784e-15 
8.881784e-15 
8.881784e-15 
8.881784e-15 
8.881784e-15 
8.881784e-15 
8.881784e-15 
8.881784e-15 
8.881784e-15 
8.881784e-15 
8.881784e-15 
8.881784e-15 
8.881784e-15 
8.881784e-15 
8.881784e-15 
8.881784e-15 
8.881784e-15 
8.881784e-15 
8.881784e-15 
8.881784e-15 
8.881784e-15 
8.881784e-15 
8.881784e-15 
8.881784e-15 
8.881784e-15 
8.881784e-15 
8.881784e-15 
8.881784e-15 
8.881784e-15 
8.881784e-15 
8.881784e-15 
8.881784e-15 
8.881784e-15 
8.881784e-15 
8.881784e-15 
8.881784e-15 
8.881784e-15 
8.881784e-15 
8.881784e-15 
8.881784e-15 
8.881784e-15 
8.881784e-15 
8.881784e-15 
8.881784e-15 
8.881784e-15 
8.881784e-15 
8.881784e-15 
8.881784e-15 
8.881784e-15 
8.881784e-15 
8.881784e-15 
8.881784e-15 
8.881784e-15 
8.881784e-15 
8.881784e-15 
8.881784e-15 
8.881784e-15 
8.881784e-15 
8.881784e-15 
8.881784e-15 
8.881784e-15 
8.881784e-15 
8.881784e-15 
8.881784e-15 
8.881784e-15 
8.881784e-15 
8.881784e-15 
8.881784e-15 
8.881784e-15 
8.881784e-15 
8.881784e-15 
8.881784e-15 
8.881784e-15 
8.881784e-15 
8.881784e-15 
8.881784e-15 
8.881784e-15 
8.881784e-15 
8.881784e-15 
8.881784e-15 
8.881784e-15 
8.881784e-15 
8.881784e-15 
8.881784e-15 
8.881784e-15 
8.881784e-15 
8.881784e-15 
8.881784e-15 
8.881784e-15 
8.881784e-15 
8.881784e-15 
8.881784e-15 
8.881784e-15 
8.881784e-15 
8.881784e-15 
8.881784e-15 
8.881784e-15 
8.881784e-15 
8.881784e-15 
8.881784e-15 
8.881784e-15 
8.881784e-15 
8.881784e-15 
8.881784e-15 
8.881784e-15 
8.881784e-15 
8.881784e-15 
8.881784e-15 
8.881784e-15 
8.881784e-15 
8.881784e-15 
8.881784e-15 
8.881784e-15 
8.881784e-15 
8.881784e-15 
8.881784e-15 
8.881784e-15 
8.881784e-15 
8.881784e-15 
8.881784e-15 
8.881784e-15 
8.881784e-15 
8.881784e-15 
8.881784e-15 
8.881784e-15 
8.881784e-15 
8.881784e-15 
8.881784e-15 
8.881784e-15 
8.881784e-15 
8.881784e-15 
8.881784e-15 
8.881784e-15 
8.881784e-15 
8.881784e-15 
8.881784e-15 
8.881784e-15 
8.881784e-15 
8.881784e-15 
8.881784e-15 
8.881784e-15 
8.881784e-15 
8.881784e-15 
8.881784e-15 
8.881784e-15 
8.881784e-15 
8.881784e-15 
8.881784e-15 
8.881784e-15 
8.881784e-15 
8.881784e-15 
8.881784e-15 
8.881784e-15 
8.881784e-15 
8.881784e-15 
8.881784e-15 
8.881784e-15 
8.881784e-15 
8.881784e-15 
8.881784e-15 
8.881784e-15 
8.881784e-15 
8.881784e-15 
8.881784e-15 
8.881784e-15 
8.881784e-15 
8.881784e-15 
8.881784e-15 
8.881784e-15 
8.881784e-15 
8.881784e-15 
8.881784e-15 
8.881784e-15 
8.881784e-15 
8.881784e-15 
8.881784e-15 
8.881784e-15 
8.881784e-15 
8.881784e-15 
8.881784e-15 
8.881784e-15 
8.881784e-15 
8.881784e-15 
8.881784e-15 
8.881784e-15 
8.881784e-15 
8.881784e-15 
8.881784e-15 
8.881784e-15 
8.881784e-15 
8.881784e-15 
8.881784e-15 
8.881784e-15 
8.881784e-15 
8.881784e-15 
8.881784e-15 
8.881784e-15 
8.881784e-15 
8.881784e-15 
8.881784e-15 
8.881784e-15 
8.881784e-15 
8.881784e-15 
8.881784e-15 
8.881784e-15 
8.881784e-15 
8.881784e-15 
8.881784e-15 
8.881784e-15 
8.881784e-15 
8.881784e-15 
8.881784e-15 
8.881784e-15 
8.881784e-15 
8.881784e-15 
8.881784e-15 
8.881784e-15 
8.881784e-15 
8.881784e-15 
8.881784e-15 
8.881784e-15 
8.881784e-15 
8.881784e-15 
8.881784e-15 
8.881784e-15 
8.881784e-15 
8.881784e-15 
8.881784e-15 
8.881784e-15 
8.881784e-15 
8.881784e-15 
8.881784e-15 
8.881784e-15 
8.881784e-15 
8.881784e-15 
8.881784e-15 
8.881784e-15 
8.881784e-15 
8.881784e-15 
8.881784e-15 
8.881784e-15 
8.881784e-15 
8.881784e-15 
8.881784e-15 
8.881784e-15 
8.881784e-15 
8.881784e-15 
8.881784e-15 
8.881784e-15 
8.881784e-15 
8.881784e-15 
8.881784e-15 
8.881784e-15 
8.881784e-15 
8.881784e-15 
8.881784e-15 
8.881784e-15 
8.881784e-15 
8.881784e-15 
8.881784e-15 
8.881784e-15 
8.881784e-15 
8.881784e-15 
8.881784e-15 
8.881784e-15 
8.881784e-15 
8.881784e-15 
8.881784e-15 
8.881784e-15 
8.881784e-15 
8.881784e-15 
8.881784e-15 
8.881784e-15 
8.881784e-15 
8.881784e-15 
8.881784e-15 
8.881784e-15 
8.881784e-15 
8.881784e-15 
8.881784e-15 
8.881784e-15 
8.881784e-15 
8.881784e-15 
8.881784e-15 
8.881784e-15 
8.881784e-15 
8.881784e-15 
8.881784e-15 
8.881784e-15 
8.881784e-15 
8.881784e-15 
8.881784e-15 
8.881784e-15 
8.881784e-15 
8.881784e-15 
8.881784e-15 
8.881784e-15 
8.881784e-15 
8.881784e-15 
8.881784e-15 
8.881784e-15 
8.881784e-15 
8.881784e-15 
8.881784e-15 
8.881784e-15 
8.881784e-15 
8.881784e-15 
8.881784e-15 
8.881784e-15 
8.881784e-15 
8.881784e-15 
8.881784e-15 
8.881784e-15 
8.881784e-15 
8.881784e-15 
8.881784e-15 
8.881784e-15 
8.881784e-15 
8.881784e-15 
8.881784e-15 
8.881784e-15 
8.881784e-15 
8.881784e-15 
8.881784e-15 
8.881784e-15 
8.881784e-15 
8.881784e-15 
8.881784e-15 
8.881784e-15 
8.881784e-15 
8.881784e-15 
8.881784e-15 
8.881784e-15 
8.881784e-15 
8.881784e-15 
8.881784e-15 
8.881784e-15 
8.881784e-15 
8.881784e-15 
8.881784e-15 
8.881784e-15 
8.881784e-15 
8.881784e-15 
8.881784e-15 
8.881784e-15 
8.881784e-15 
8.881784e-15 
8.881784e-15 
8.881784e-15 
8.881784e-15 
8.881784e-15 
8.881784e-15 
8.881784e-15 
8.881784e-15 
8.881784e-15 
8.881784e-15 
8.881784e-15 
8.881784e-15 
8.881784e-15 
8.881784e-15 
8.881784e-15 
8.881784e-15 
8.881784e-15 
8.881784e-15 
8.881784e-15 
8.881784e-15 
8.881784e-15 
8.881784e-15 
8.881784e-15 
8.881784e-15 
8.881784e-15 
8.881784e-15 
8.881784e-15 
8.881784e-15 
8.881784e-15 
8.881784e-15 
8.881784e-15 
8.881784e-15 
8.881784e-15 
8.881784e-15 
8.881784e-15 
8.881784e-15 
8.881784e-15 
8.881784e-15 
8.881784e-15 
8.881784e-15 
8.881784e-15 
8.881784e-15 
8.881784e-15 
8.881784e-15 
8.881784e-15 
8.881784e-15 
8.881784e-15 
8.881784e-15 
8.881784e-15 
8.881784e-15 
8.881784e-15 
8.881784e-15 
8.881784e-15 
8.881784e-15 
8.881784e-15 
8.881784e-15 
8.881784e-15 
8.881784e-15 
8.881784e-15 
8.881784e-15 
8.881784e-15 
8.881784e-15 
8.881784e-15 
8.881784e-15 
8.881784e-15 
8.881784e-15 
8.881784e-15 
8.881784e-15 
8.881784e-15 
8.881784e-15 
8.881784e-15 
8.881784e-15 
8.881784e-15 
8.881784e-15 
8.881784e-15 
8.881784e-15 
8.881784e-15 
8.881784e-15 
8.881784e-15 
8.881784e-15 
8.881784e-15 
8.881784e-15 
8.881784e-15 
8.881784e-15 
8.881784e-15 
8.881784e-15 
8.881784e-15 
8.881784e-15 
8.881784e-15 
8.881784e-15 
8.881784e-15 
8.881784e-15 
8.881784e-15 
8.881784e-15 
8.881784e-15 
8.881784e-15 
8.881784e-15 
8.881784e-15 
8.881784e-15 
8.881784e-15 
8.881784e-15 
8.881784e-15 
8.881784e-15 
8.881784e-15 
8.881784e-15 
8.881784e-15 
8.881784e-15 
8.881784e-15 
8.881784e-15 
8.881784e-15 
8.881784e-15 
8.881784e-15 
8.881784e-15 
8.881784e-15 
8.881784e-15 
8.881784e-15 
8.881784e-15 
8.881784e-15 
8.881784e-15 
8.881784e-15 
8.881784e-15 
8.881784e-15 
8.881784e-15 
8.881784e-15 
8.881784e-15 
8.881784e-15 
8.881784e-15 
8.881784e-15 
8.881784e-15 
8.881784e-15 
8.881784e-15 
8.881784e-15 
8.881784e-15 
8.881784e-15 
8.881784e-15 
8.881784e-15 
8.881784e-15 
8.881784e-15 
8.881784e-15 
8.881784e-15 
8.881784e-15 
8.881784e-15 
8.881784e-15 
8.881784e-15 
8.881784e-15 
8.881784e-15 
8.881784e-15 
8.881784e-15 
8.881784e-15 
8.881784e-15 
8.881784e-15 
8.881784e-15 
8.881784e-15 
8.881784e-15 
8.881784e-15 
8.881784e-15 
8.881784e-15 
8.881784e-15 
8.881784e-15 
8.881784e-15 
8.881784e-15 
8.881784e-15 
8.881784e-15 
8.881784e-15 
8.881784e-15 
8.881784e-15 
8.881784e-15 
8.881784e-15 
8.881784e-15 
8.881784e-15 
8.881784e-15 
8.881784e-15 
8.881784e-15 
8.881784e-15 
8.881784e-15 
8.881784e-15 
8.881784e-15 
8.881784e-15 
8.881784e-15 
8.881784e-15 
8.881784e-15 
8.881784e-15 
8.881784e-15 
8.881784e-15 
8.881784e-15 
8.881784e-15 
8.881784e-15 
8.881784e-15 
8.881784e-15 
8.881784e-15 
8.881784e-15 
8.881784e-15 
8.881784e-15 
8.881784e-15 
8.881784e-15 
8.881784e-15 
8.881784e-15 
8.881784e-15 
8.881784e-15 
8.881784e-15 
8.881784e-15 
8.881784e-15 
8.881784e-15 
8.881784e-15 
8.881784e-15 
8.881784e-15 
8.881784e-15 
8.881784e-15 
8.881784e-15 
8.881784e-15 
8.881784e-15 
8.881784e-15 
8.881784e-15 
8.881784e-15 
8.881784e-15 
8.881784e-15 
8.881784e-15 
8.881784e-15 
8.881784e-15 
8.881784e-15 
8.881784e-15 
8.881784e-15 
8.881784e-15 
8.881784e-15 
8.881784e-15 
8.881784e-15 
8.881784e-15 
8.881784e-15 
8.881784e-15 
8.881784e-15 
8.881784e-15 
8.881784e-15 
8.881784e-15 
8.881784e-15 
8.881784e-15 
8.881784e-15 
8.881784e-15 
8.881784e-15 
8.881784e-15 
8.881784e-15 
8.881784e-15 
8.881784e-15 
8.881784e-15 
8.881784e-15 
8.881784e-15 
8.881784e-15 
8.881784e-15 
8.881784e-15 
8.881784e-15 
8.881784e-15 
8.881784e-15 
8.881784e-15 
8.881784e-15 
8.881784e-15 
8.881784e-15 
8.881784e-15 
8.881784e-15 
8.881784e-15 
8.881784e-15 
8.881784e-15 
8.881784e-15 
8.881784e-15 
8.881784e-15 
8.881784e-15 
8.881784e-15 
8.881784e-15 
8.881784e-15 
8.881784e-15 
8.881784e-15 
8.881784e-15 
8.881784e-15 
8.881784e-15 
8.881784e-15 
8.881784e-15 
8.881784e-15 
8.881784e-15 
8.881784e-15 
8.881784e-15 
8.881784e-15 
8.881784e-15 
8.881784e-15 
8.881784e-15 
8.881784e-15 
8.881784e-15 
8.881784e-15 
8.881784e-15 
8.881784e-15 
8.881784e-15 
8.881784e-15 
8.881784e-15 
8.881784e-15 
8.881784e-15 
8.881784e-15 
8.881784e-15 
8.881784e-15 
8.881784e-15 
8.881784e-15 
8.881784e-15 
8.881784e-15 
8.881784e-15 
8.881784e-15 
8.881784e-15 
8.881784e-15 
8.881784e-15 
8.881784e-15 
8.881784e-15 
8.881784e-15 
8.881784e-15 
8.881784e-15 
8.881784e-15 
8.881784e-15 
8.881784e-15 
8.881784e-15 
8.881784e-15 
8.881784e-15 
8.881784e-15 
8.881784e-15 
8.881784e-15 
8.881784e-15 
8.881784e-15 
8.881784e-15 
8.881784e-15 
8.881784e-15 
8.881784e-15 
8.881784e-15 
8.881784e-15 
8.881784e-15 
8.881784e-15 
8.881784e-15 
8.881784e-15 
8.881784e-15 
8.881784e-15 
8.881784e-15 
8.881784e-15 
8.881784e-15 
8.881784e-15 
8.881784e-15 
8.881784e-15 
8.881784e-15 
8.881784e-15 
8.881784e-15 
8.881784e-15 
8.881784e-15 
8.881784e-15 
8.881784e-15 
8.881784e-15 
8.881784e-15 
8.881784e-15 
8.881784e-15 
8.881784e-15 
8.881784e-15 
8.881784e-15 
8.881784e-15 
8.881784e-15 
8.881784e-15 
8.881784e-15 
8.881784e-15 
8.881784e-15 
8.881784e-15 
8.881784e-15 
8.881784e-15 
8.881784e-15 
8.881784e-15 
8.881784e-15 
8.881784e-15 
8.881784e-15 
8.881784e-15 
8.881784e-15 
8.881784e-15 
8.881784e-15 
8.881784e-15 
8.881784e-15 
8.881784e-15 
8.881784e-15 
8.881784e-15 
8.881784e-15 
8.881784e-15 
8.881784e-15 
8.881784e-15 
8.881784e-15 
8.881784e-15 
8.881784e-15 
8.881784e-15 
8.881784e-15 
8.881784e-15 
8.881784e-15 
8.881784e-15 
8.881784e-15 
8.881784e-15 
8.881784e-15 
8.881784e-15 
8.881784e-15 
8.881784e-15 
8.881784e-15 
8.881784e-15 
8.881784e-15 
8.881784e-15 
8.881784e-15 
8.881784e-15 
8.881784e-15 
8.881784e-15 
8.881784e-15 
8.881784e-15 
8.881784e-15 
8.881784e-15 
8.881784e-15 
8.881784e-15 
8.881784e-15 
8.881784e-15 
8.881784e-15 
8.881784e-15 
8.881784e-15 
8.881784e-15 
8.881784e-15 
8.881784e-15 
8.881784e-15 
8.881784e-15 
8.881784e-15 
8.881784e-15 
8.881784e-15 
8.881784e-15 
8.881784e-15 
8.881784e-15 
8.881784e-15 
8.881784e-15 
8.881784e-15 
8.881784e-15 
8.881784e-15 
8.881784e-15 
8.881784e-15 
8.881784e-15 
8.881784e-15 
8.881784e-15 
8.881784e-15 
8.881784e-15 
8.881784e-15 
8.881784e-15 
8.881784e-15 
8.881784e-15 
8.881784e-15 
8.881784e-15 
8.881784e-15 
8.881784e-15 
8.881784e-15 
8.881784e-15 
8.881784e-15 
8.881784e-15 
8.881784e-15 
8.881784e-15 
8.881784e-15 
8.881784e-15 
8.881784e-15 
8.881784e-15 
8.881784e-15 
8.881784e-15 
8.881784e-15 
8.881784e-15 
8.881784e-15 
8.881784e-15 
8.881784e-15 
8.881784e-15 
8.881784e-15 
8.881784e-15 
8.881784e-15 
8.881784e-15 
8.881784e-15 
8.881784e-15 
8.881784e-15 
8.881784e-15 
8.881784e-15 
8.881784e-15 
8.881784e-15 
8.881784e-15 
8.881784e-15 
8.881784e-15 
8.881784e-15 
8.881784e-15 
8.881784e-15 
8.881784e-15 
8.881784e-15 
8.881784e-15 
8.881784e-15 
8.881784e-15 
8.881784e-15 
8.881784e-15 
8.881784e-15 
8.881784e-15 
8.881784e-15 
8.881784e-15 
8.881784e-15 
8.881784e-15 
8.881784e-15 
8.881784e-15 
8.881784e-15 
8.881784e-15 
8.881784e-15 
8.881784e-15 
8.881784e-15 
8.881784e-15 
8.881784e-15 
8.881784e-15 
8.881784e-15 
8.881784e-15 
8.881784e-15 
8.881784e-15 
8.881784e-15 
8.881784e-15 
8.881784e-15 
8.881784e-15 
8.881784e-15 
8.881784e-15 
8.881784e-15 
8.881784e-15 
8.881784e-15 
8.881784e-15 
8.881784e-15 
8.881784e-15 
8.881784e-15 
8.881784e-15 
8.881784e-15 
8.881784e-15 
8.881784e-15 
8.881784e-15 
8.881784e-15 
8.881784e-15 
8.881784e-15 
8.881784e-15 
8.881784e-15 
8.881784e-15 
8.881784e-15 
8.881784e-15 
8.881784e-15 
8.881784e-15 
8.881784e-15 
8.881784e-15 
8.881784e-15 
8.881784e-15 
8.881784e-15 
8.881784e-15 
8.881784e-15 
8.881784e-15 
8.881784e-15 
8.881784e-15 
8.881784e-15 
8.881784e-15 
8.881784e-15 
8.881784e-15 
8.881784e-15 
8.881784e-15 
8.881784e-15 
8.881784e-15 
8.881784e-15 
8.881784e-15 
8.881784e-15 
8.881784e-15 
8.881784e-15 
8.881784e-15 
8.881784e-15 
8.881784e-15 
8.881784e-15 
8.881784e-15 
8.881784e-15 
8.881784e-15 
8.881784e-15 
8.881784e-15 
8.881784e-15 
8.881784e-15 
8.881784e-15 
8.881784e-15 
8.881784e-15 
8.881784e-15 
8.881784e-15 
8.881784e-15 
8.881784e-15 
8.881784e-15 
8.881784e-15 
8.881784e-15 
8.881784e-15 
8.881784e-15 
8.881784e-15 
8.881784e-15 
8.881784e-15 
8.881784e-15 
8.881784e-15 
8.881784e-15 
8.881784e-15 
8.881784e-15 
8.881784e-15 
8.881784e-15 
8.881784e-15 
8.881784e-15 
8.881784e-15 
8.881784e-15 
8.881784e-15 
8.881784e-15 
8.881784e-15 
8.881784e-15 
8.881784e-15 
8.881784e-15 
8.881784e-15 
8.881784e-15 
8.881784e-15 
8.881784e-15 
8.881784e-15 
8.881784e-15 
8.881784e-15 
8.881784e-15 
8.881784e-15 
8.881784e-15 
8.881784e-15 
8.881784e-15 
8.881784e-15 
8.881784e-15 
8.881784e-15 
8.881784e-15 
8.881784e-15 
8.881784e-15 
8.881784e-15 
8.881784e-15 
8.881784e-15 
8.881784e-15 
8.881784e-15 
8.881784e-15 
8.881784e-15 
8.881784e-15 
8.881784e-15 
8.881784e-15 
8.881784e-15 
8.881784e-15 
8.881784e-15 
8.881784e-15 
8.881784e-15 
8.881784e-15 
8.881784e-15 
8.881784e-15 
8.881784e-15 
8.881784e-15 
8.881784e-15 
8.881784e-15 
8.881784e-15 
8.881784e-15 
8.881784e-15 
8.881784e-15 
8.881784e-15 
8.881784e-15 
8.881784e-15 
8.881784e-15 
8.881784e-15 
8.881784e-15 
8.881784e-15 
8.881784e-15 
8.881784e-15 
8.881784e-15 
8.881784e-15 
8.881784e-15 
8.881784e-15 
8.881784e-15 
8.881784e-15 
8.881784e-15 
8.881784e-15 
8.881784e-15 
8.881784e-15 
8.881784e-15 
8.881784e-15 
8.881784e-15 
8.881784e-15 
8.881784e-15 
8.881784e-15 
8.881784e-15 
8.881784e-15 
8.881784e-15 
8.881784e-15 
8.881784e-15 
8.881784e-15 
8.881784e-15 
8.881784e-15 
8.881784e-15 
8.881784e-15 
8.881784e-15 
8.881784e-15 
8.881784e-15 
8.881784e-15 
8.881784e-15 
8.881784e-15 
8.881784e-15 
8.881784e-15 
8.881784e-15 
8.881784e-15 
8.881784e-15 
8.881784e-15 
8.881784e-15 
8.881784e-15 
8.881784e-15 
8.881784e-15 
8.881784e-15 
8.881784e-15 
8.881784e-15 
8.881784e-15 
8.881784e-15 
8.881784e-15 
8.881784e-15 
8.881784e-15 
8.881784e-15 
8.881784e-15 
8.881784e-15 
8.881784e-15 
8.881784e-15 
8.881784e-15 
8.881784e-15 
8.881784e-15 
8.881784e-15 
8.881784e-15 
8.881784e-15 
8.881784e-15 
8.881784e-15 
8.881784e-15 
8.881784e-15 
8.881784e-15 
8.881784e-15 
8.881784e-15 
8.881784e-15 
8.881784e-15 
8.881784e-15 
8.881784e-15 
8.881784e-15 
8.881784e-15 
8.881784e-15 
8.881784e-15 
8.881784e-15 
8.881784e-15 
8.881784e-15 
8.881784e-15 
8.881784e-15 
8.881784e-15 
8.881784e-15 
8.881784e-15 
8.881784e-15 
8.881784e-15 
8.881784e-15 
8.881784e-15 
8.881784e-15 
8.881784e-15 
8.881784e-15 
8.881784e-15 
8.881784e-15 
8.881784e-15 
8.881784e-15 
8.881784e-15 
8.881784e-15 
8.881784e-15 
8.881784e-15 
8.881784e-15 
8.881784e-15 
8.881784e-15 
8.881784e-15 
8.881784e-15 
8.881784e-15 
8.881784e-15 
8.881784e-15 
8.881784e-15 
8.881784e-15 
8.881784e-15 
8.881784e-15 
8.881784e-15 
8.881784e-15 
8.881784e-15 
8.881784e-15 
8.881784e-15 
8.881784e-15 
8.881784e-15 
8.881784e-15 
8.881784e-15 
8.881784e-15 
8.881784e-15 
8.881784e-15 
8.881784e-15 
8.881784e-15 
8.881784e-15 
8.881784e-15 
8.881784e-15 
8.881784e-15 
8.881784e-15 
8.881784e-15 
8.881784e-15 
8.881784e-15 
8.881784e-15 
8.881784e-15 
8.881784e-15 
8.881784e-15 
8.881784e-15 
8.881784e-15 
8.881784e-15 
8.881784e-15 
8.881784e-15 
8.881784e-15 
8.881784e-15 
8.881784e-15 
8.881784e-15 
8.881784e-15 
8.881784e-15 
8.881784e-15 
8.881784e-15 
8.881784e-15 
8.881784e-15 
8.881784e-15 
8.881784e-15 
8.881784e-15 
8.881784e-15 
8.881784e-15 
8.881784e-15 
8.881784e-15 
8.881784e-15 
8.881784e-15 
8.881784e-15 
8.881784e-15 
8.881784e-15 
8.881784e-15 
8.881784e-15 
8.881784e-15 
8.881784e-15 
8.881784e-15 
8.881784e-15 
8.881784e-15 
8.881784e-15 
8.881784e-15 
8.881784e-15 
8.881784e-15 
8.881784e-15 
8.881784e-15 
8.881784e-15 
8.881784e-15 
8.881784e-15 
8.881784e-15 
8.881784e-15 
8.881784e-15 
8.881784e-15 
8.881784e-15 
8.881784e-15 
8.881784e-15 
8.881784e-15 
8.881784e-15 
8.881784e-15 
8.881784e-15 
8.881784e-15 
8.881784e-15 
8.881784e-15 
8.881784e-15 
8.881784e-15 
8.881784e-15 
8.881784e-15 
8.881784e-15 
8.881784e-15 
8.881784e-15 
8.881784e-15 
8.881784e-15 
8.881784e-15 
8.881784e-15 
8.881784e-15 
8.881784e-15 
8.881784e-15 
8.881784e-15 
8.881784e-15 
8.881784e-15 
8.881784e-15 
8.881784e-15 
8.881784e-15 
8.881784e-15 
8.881784e-15 
8.881784e-15 
8.881784e-15 
8.881784e-15 
8.881784e-15 
8.881784e-15 
8.881784e-15 
8.881784e-15 
8.881784e-15 
8.881784e-15 
8.881784e-15 
8.881784e-15 
8.881784e-15 
8.881784e-15 
8.881784e-15 
8.881784e-15 
8.881784e-15 
8.881784e-15 
8.881784e-15 
8.881784e-15 
8.881784e-15 
8.881784e-15 
8.881784e-15 
8.881784e-15 
8.881784e-15 
8.881784e-15 
8.881784e-15 
8.881784e-15 
8.881784e-15 
8.881784e-15 
8.881784e-15 
8.881784e-15 
8.881784e-15 
8.881784e-15 
8.881784e-15 
8.881784e-15 
8.881784e-15 
8.881784e-15 
8.881784e-15 
8.881784e-15 
8.881784e-15 
8.881784e-15 
8.881784e-15 
8.881784e-15 
8.881784e-15 
8.881784e-15 
8.881784e-15 
8.881784e-15 
8.881784e-15 
8.881784e-15 
8.881784e-15 
8.881784e-15 
8.881784e-15 
8.881784e-15 
8.881784e-15 
8.881784e-15 
8.881784e-15 
8.881784e-15 
8.881784e-15 
8.881784e-15 
8.881784e-15 
8.881784e-15 
8.881784e-15 
8.881784e-15 
8.881784e-15 
8.881784e-15 
8.881784e-15 
8.881784e-15 
8.881784e-15 
8.881784e-15 
8.881784e-15 
8.881784e-15 
8.881784e-15 
8.881784e-15 
8.881784e-15 
8.881784e-15 
8.881784e-15 
8.881784e-15 
8.881784e-15 
8.881784e-15 
8.881784e-15 
8.881784e-15 
8.881784e-15 
8.881784e-15 
8.881784e-15 
8.881784e-15 
8.881784e-15 
8.881784e-15 
8.881784e-15 
8.881784e-15 
8.881784e-15 
8.881784e-15 
8.881784e-15 
8.881784e-15 
8.881784e-15 
8.881784e-15 
8.881784e-15 
8.881784e-15 
8.881784e-15 
8.881784e-15 
8.881784e-15 
8.881784e-15 
8.881784e-15 
8.881784e-15 
8.881784e-15 
8.881784e-15 
8.881784e-15 
8.881784e-15 
8.881784e-15 
8.881784e-15 
8.881784e-15 
8.881784e-15 
8.881784e-15 
8.881784e-15 
8.881784e-15 
8.881784e-15 
8.881784e-15 
8.881784e-15 
8.881784e-15 
8.881784e-15 
8.881784e-15 
8.881784e-15 
8.881784e-15 
8.881784e-15 
8.881784e-15 
8.881784e-15 
8.881784e-15 
8.881784e-15 
8.881784e-15 
8.881784e-15 
8.881784e-15 
8.881784e-15 
8.881784e-15 
8.881784e-15 
8.881784e-15 
8.881784e-15 
8.881784e-15 
8.881784e-15 
8.881784e-15 
8.881784e-15 
8.881784e-15 
8.881784e-15 
8.881784e-15 
8.881784e-15 
8.881784e-15 
8.881784e-15 
8.881784e-15 
8.881784e-15 
8.881784e-15 
8.881784e-15 
8.881784e-15 
8.881784e-15 
8.881784e-15 
8.881784e-15 
8.881784e-15 
8.881784e-15 
8.881784e-15 
8.881784e-15 
8.881784e-15 
8.881784e-15 
8.881784e-15 
8.881784e-15 
8.881784e-15 
8.881784e-15 
8.881784e-15 
8.881784e-15 
8.881784e-15 
8.881784e-15 
8.881784e-15 
8.881784e-15 
8.881784e-15 
8.881784e-15 
8.881784e-15 
8.881784e-15 
8.881784e-15 
8.881784e-15 
8.881784e-15 
8.881784e-15 
8.881784e-15 
8.881784e-15 
8.881784e-15 
8.881784e-15 
8.881784e-15 
8.881784e-15 
8.881784e-15 
8.881784e-15 
8.881784e-15 
8.881784e-15 
8.881784e-15 
8.881784e-15 
8.881784e-15 
8.881784e-15 
8.881784e-15 
8.881784e-15 
8.881784e-15 
8.881784e-15 
8.881784e-15 
8.881784e-15 
8.881784e-15 
8.881784e-15 
8.881784e-15 
8.881784e-15 
8.881784e-15 
8.881784e-15 
8.881784e-15 
8.881784e-15 
8.881784e-15 
8.881784e-15 
8.881784e-15 
8.881784e-15 
8.881784e-15 
8.881784e-15 
8.881784e-15 
8.881784e-15 
8.881784e-15 
8.881784e-15 
8.881784e-15 
8.881784e-15 
8.881784e-15 
8.881784e-15 
8.881784e-15 
8.881784e-15 
8.881784e-15 
8.881784e-15 
8.881784e-15 
8.881784e-15 
8.881784e-15 
8.881784e-15 
8.881784e-15 
8.881784e-15 
8.881784e-15 
8.881784e-15 
8.881784e-15 
8.881784e-15 
8.881784e-15 
8.881784e-15 
8.881784e-15 
8.881784e-15 
8.881784e-15 
8.881784e-15 
8.881784e-15 
8.881784e-15 
8.881784e-15 
8.881784e-15 
8.881784e-15 
8.881784e-15 
8.881784e-15 
8.881784e-15 
8.881784e-15 
8.881784e-15 
8.881784e-15 
8.881784e-15 
8.881784e-15 
8.881784e-15 
8.881784e-15 
8.881784e-15 
8.881784e-15 
8.881784e-15 
8.881784e-15 
8.881784e-15 
8.881784e-15 
8.881784e-15 
8.881784e-15 
8.881784e-15 
8.881784e-15 
8.881784e-15 
8.881784e-15 
8.881784e-15 
8.881784e-15 
8.881784e-15 
8.881784e-15 
8.881784e-15 
8.881784e-15 
8.881784e-15 
8.881784e-15 
8.881784e-15 
8.881784e-15 
8.881784e-15 
8.881784e-15 
8.881784e-15 
8.881784e-15 
8.881784e-15 
8.881784e-15 
8.881784e-15 
8.881784e-15 
8.881784e-15 
8.881784e-15 
8.881784e-15 
8.881784e-15 
8.881784e-15 
8.881784e-15 
8.881784e-15 
8.881784e-15 
8.881784e-15 
8.881784e-15 
8.881784e-15 
8.881784e-15 
8.881784e-15 
8.881784e-15 
8.881784e-15 
8.881784e-15 
8.881784e-15 
8.881784e-15 
8.881784e-15 
8.881784e-15 
8.881784e-15 
8.881784e-15 
8.881784e-15 
8.881784e-15 
8.881784e-15 
8.881784e-15 
8.881784e-15 
8.881784e-15 
8.881784e-15 
8.881784e-15 
8.881784e-15 
8.881784e-15 
8.881784e-15 
8.881784e-15 
8.881784e-15 
8.881784e-15 
8.881784e-15 
8.881784e-15 
8.881784e-15 
8.881784e-15 
8.881784e-15 
8.881784e-15 
8.881784e-15 
8.881784e-15 
8.881784e-15 
8.881784e-15 
8.881784e-15 
8.881784e-15 
8.881784e-15 
8.881784e-15 
8.881784e-15 
8.881784e-15 
8.881784e-15 
8.881784e-15 
8.881784e-15 
8.881784e-15 
8.881784e-15 
8.881784e-15 
8.881784e-15 
8.881784e-15 
8.881784e-15 
8.881784e-15 
8.881784e-15 
8.881784e-15 
8.881784e-15 
8.881784e-15 
8.881784e-15 
8.881784e-15 
8.881784e-15 
8.881784e-15 
8.881784e-15 
8.881784e-15 
8.881784e-15 
8.881784e-15 
8.881784e-15 
8.881784e-15 
8.881784e-15 
8.881784e-15 
8.881784e-15 
8.881784e-15 
8.881784e-15 
8.881784e-15 
8.881784e-15 
8.881784e-15 
8.881784e-15 
8.881784e-15 
8.881784e-15 
8.881784e-15 
8.881784e-15 
8.881784e-15 
8.881784e-15 
8.881784e-15 
8.881784e-15 
8.881784e-15 
8.881784e-15 
8.881784e-15 
8.881784e-15 
8.881784e-15 
8.881784e-15 
8.881784e-15 
8.881784e-15 
8.881784e-15 
8.881784e-15 
8.881784e-15 
8.881784e-15 
8.881784e-15 
8.881784e-15 
8.881784e-15 
8.881784e-15 
8.881784e-15 
8.881784e-15 
8.881784e-15 
8.881784e-15 
8.881784e-15 
8.881784e-15 
8.881784e-15 
8.881784e-15 
8.881784e-15 
8.881784e-15 
8.881784e-15 
8.881784e-15 
8.881784e-15 
8.881784e-15 
8.881784e-15 
8.881784e-15 
8.881784e-15 
8.881784e-15 
8.881784e-15 
8.881784e-15 
8.881784e-15 
8.881784e-15 
8.881784e-15 
8.881784e-15 
8.881784e-15 
8.881784e-15 
8.881784e-15 
8.881784e-15 
8.881784e-15 
8.881784e-15 
8.881784e-15 
8.881784e-15 
8.881784e-15 
8.881784e-15 
8.881784e-15 
8.881784e-15 
8.881784e-15 
8.881784e-15 
8.881784e-15 
8.881784e-15 
8.881784e-15 
8.881784e-15 
8.881784e-15 
8.881784e-15 
8.881784e-15 
8.881784e-15 
8.881784e-15 
8.881784e-15 
8.881784e-15 
8.881784e-15 
8.881784e-15 
8.881784e-15 
8.881784e-15 
8.881784e-15 
8.881784e-15 
8.881784e-15 
8.881784e-15 
8.881784e-15 
8.881784e-15 
8.881784e-15 
8.881784e-15 
8.881784e-15 
8.881784e-15 
8.881784e-15 
8.881784e-15 
8.881784e-15 
8.881784e-15 
8.881784e-15 
8.881784e-15 
8.881784e-15 
8.881784e-15 
8.881784e-15 
8.881784e-15 
8.881784e-15 
8.881784e-15 
8.881784e-15 
8.881784e-15 
8.881784e-15 
8.881784e-15 
8.881784e-15 
8.881784e-15 
8.881784e-15 
8.881784e-15 
8.881784e-15 
8.881784e-15 
8.881784e-15 
8.881784e-15 
8.881784e-15 
8.881784e-15 
8.881784e-15 
8.881784e-15 
8.881784e-15 
8.881784e-15 
8.881784e-15 
8.881784e-15 
8.881784e-15 
8.881784e-15 
8.881784e-15 
8.881784e-15 
8.881784e-15 
8.881784e-15 
8.881784e-15 
8.881784e-15 
8.881784e-15 
8.881784e-15 
8.881784e-15 
8.881784e-15 
8.881784e-15 
8.881784e-15 
8.881784e-15 
8.881784e-15 
8.881784e-15 
8.881784e-15 
8.881784e-15 
8.881784e-15 
8.881784e-15 
8.881784e-15 
8.881784e-15 
8.881784e-15 
8.881784e-15 
8.881784e-15 
8.881784e-15 
8.881784e-15 
8.881784e-15 
8.881784e-15 
8.881784e-15 
8.881784e-15 
8.881784e-15 
8.881784e-15 
8.881784e-15 
8.881784e-15 
8.881784e-15 
8.881784e-15 
8.881784e-15 
8.881784e-15 
8.881784e-15 
8.881784e-15 
8.881784e-15 
8.881784e-15 
8.881784e-15 
8.881784e-15 
8.881784e-15 
8.881784e-15 
8.881784e-15 
8.881784e-15 
8.881784e-15 
8.881784e-15 
8.881784e-15 
8.881784e-15 
8.881784e-15 
8.881784e-15 
8.881784e-15 
8.881784e-15 
8.881784e-15 
8.881784e-15 
8.881784e-15 
8.881784e-15 
8.881784e-15 
8.881784e-15 
8.881784e-15 
8.881784e-15 
8.881784e-15 
8.881784e-15 
8.881784e-15 
8.881784e-15 
8.881784e-15 
8.881784e-15 
8.881784e-15 
8.881784e-15 
8.881784e-15 
8.881784e-15 
8.881784e-15 
8.881784e-15 
8.881784e-15 
8.881784e-15 
8.881784e-15 
8.881784e-15 
8.881784e-15 
8.881784e-15 
8.881784e-15 
8.881784e-15 
8.881784e-15 
8.881784e-15 
8.881784e-15 
8.881784e-15 
8.881784e-15 
8.881784e-15 
8.881784e-15 
8.881784e-15 
8.881784e-15 
8.881784e-15 
8.881784e-15 
8.881784e-15 
8.881784e-15 
8.881784e-15 
8.881784e-15 
8.881784e-15 
8.881784e-15 
8.881784e-15 
8.881784e-15 
8.881784e-15 
8.881784e-15 
8.881784e-15 
8.881784e-15 
8.881784e-15 
8.881784e-15 
8.881784e-15 
8.881784e-15 
8.881784e-15 
8.881784e-15 
8.881784e-15 
8.881784e-15 
8.881784e-15 
8.881784e-15 
8.881784e-15 
8.881784e-15 
8.881784e-15 
8.881784e-15 
8.881784e-15 
8.881784e-15 
8.881784e-15 
8.881784e-15 
8.881784e-15 
8.881784e-15 
8.881784e-15 
8.881784e-15 
8.881784e-15 
8.881784e-15 
8.881784e-15 
8.881784e-15 
8.881784e-15 
8.881784e-15 
8.881784e-15 
8.881784e-15 
8.881784e-15 
8.881784e-15 
8.881784e-15 
8.881784e-15 
8.881784e-15 
8.881784e-15 
8.881784e-15 
8.881784e-15 
8.881784e-15 
8.881784e-15 
8.881784e-15 
8.881784e-15 
8.881784e-15 
8.881784e-15 
8.881784e-15 
8.881784e-15 
8.881784e-15 
8.881784e-15 
8.881784e-15 
8.881784e-15 
8.881784e-15 
8.881784e-15 
8.881784e-15 
8.881784e-15 
8.881784e-15 
8.881784e-15 
8.881784e-15 
8.881784e-15 
8.881784e-15 
8.881784e-15 
8.881784e-15 
8.881784e-15 
8.881784e-15 
8.881784e-15 
8.881784e-15 
8.881784e-15 
8.881784e-15 
8.881784e-15 
8.881784e-15 
8.881784e-15 
8.881784e-15 
8.881784e-15 
8.881784e-15 
8.881784e-15 
8.881784e-15 
8.881784e-15 
8.881784e-15 
8.881784e-15 
8.881784e-15 
8.881784e-15 
8.881784e-15 
8.881784e-15 
8.881784e-15 
8.881784e-15 
8.881784e-15 
8.881784e-15 
8.881784e-15 
8.881784e-15 
8.881784e-15 
8.881784e-15 
8.881784e-15 
8.881784e-15 
8.881784e-15 
8.881784e-15 
8.881784e-15 
8.881784e-15 
8.881784e-15 
8.881784e-15 
8.881784e-15 
8.881784e-15 
8.881784e-15 
8.881784e-15 
8.881784e-15 
8.881784e-15 
8.881784e-15 
8.881784e-15 
8.881784e-15 
8.881784e-15 
8.881784e-15 
8.881784e-15 
8.881784e-15 
8.881784e-15 
8.881784e-15 
8.881784e-15 
8.881784e-15 
8.881784e-15 
8.881784e-15 
8.881784e-15 
8.881784e-15 
8.881784e-15 
8.881784e-15 
8.881784e-15 
8.881784e-15 
8.881784e-15 
8.881784e-15 
8.881784e-15 
8.881784e-15 
8.881784e-15 
8.881784e-15 
8.881784e-15 
8.881784e-15 
8.881784e-15 
8.881784e-15 
8.881784e-15 
8.881784e-15 
8.881784e-15 
8.881784e-15 
8.881784e-15 
8.881784e-15 
8.881784e-15 
8.881784e-15 
8.881784e-15 
8.881784e-15 
8.881784e-15 
8.881784e-15 
8.881784e-15 
8.881784e-15 
8.881784e-15 
8.881784e-15 
8.881784e-15 
8.881784e-15 
8.881784e-15 
8.881784e-15 
8.881784e-15 
8.881784e-15 
8.881784e-15 
8.881784e-15 
8.881784e-15 
8.881784e-15 
8.881784e-15 
8.881784e-15 
8.881784e-15 
8.881784e-15 
8.881784e-15 
8.881784e-15 
8.881784e-15 
8.881784e-15 
8.881784e-15 
8.881784e-15 
8.881784e-15 
8.881784e-15 
8.881784e-15 
8.881784e-15 
8.881784e-15 
8.881784e-15 
8.881784e-15 
8.881784e-15 
8.881784e-15 
8.881784e-15 
8.881784e-15 
8.881784e-15 
8.881784e-15 
8.881784e-15 
8.881784e-15 
8.881784e-15 
8.881784e-15 
8.881784e-15 
8.881784e-15 
8.881784e-15 
8.881784e-15 
8.881784e-15 
8.881784e-15 
8.881784e-15 
8.881784e-15 
8.881784e-15 
8.881784e-15 
8.881784e-15 
8.881784e-15 
8.881784e-15 
8.881784e-15 
8.881784e-15 
8.881784e-15 
8.881784e-15 
8.881784e-15 
8.881784e-15 
8.881784e-15 
8.881784e-15 
8.881784e-15 
8.881784e-15 
8.881784e-15 
8.881784e-15 
8.881784e-15 
8.881784e-15 
8.881784e-15 
8.881784e-15 
8.881784e-15 
8.881784e-15 
8.881784e-15 
8.881784e-15 
8.881784e-15 
8.881784e-15 
8.881784e-15 
8.881784e-15 
8.881784e-15 
8.881784e-15 
8.881784e-15 
8.881784e-15 
8.881784e-15 
8.881784e-15 
8.881784e-15 
8.881784e-15 
8.881784e-15 
8.881784e-15 
8.881784e-15 
8.881784e-15 
8.881784e-15 
8.881784e-15 
8.881784e-15 
8.881784e-15 
8.881784e-15 
8.881784e-15 
8.881784e-15 
8.881784e-15 
8.881784e-15 
8.881784e-15 
8.881784e-15 
8.881784e-15 
8.881784e-15 
8.881784e-15 
8.881784e-15 
8.881784e-15 
8.881784e-15 
8.881784e-15 
8.881784e-15 
8.881784e-15 
8.881784e-15 
8.881784e-15 
8.881784e-15 
8.881784e-15 
8.881784e-15 
8.881784e-15 
8.881784e-15 
8.881784e-15 
8.881784e-15 
8.881784e-15 
8.881784e-15 
8.881784e-15 
8.881784e-15 
8.881784e-15 
8.881784e-15 
8.881784e-15 
8.881784e-15 
8.881784e-15 
8.881784e-15 
8.881784e-15 
8.881784e-15 
8.881784e-15 
8.881784e-15 
8.881784e-15 
8.881784e-15 
8.881784e-15 
8.881784e-15 
8.881784e-15 
8.881784e-15 
8.881784e-15 
8.881784e-15 
8.881784e-15 
8.881784e-15 
8.881784e-15 
8.881784e-15 
8.881784e-15 
8.881784e-15 
8.881784e-15 
8.881784e-15 
8.881784e-15 
8.881784e-15 
8.881784e-15 
8.881784e-15 
8.881784e-15 
8.881784e-15 
8.881784e-15 
8.881784e-15 
8.881784e-15 
8.881784e-15 
8.881784e-15 
8.881784e-15 
8.881784e-15 
8.881784e-15 
8.881784e-15 
8.881784e-15 
8.881784e-15 
8.881784e-15 
8.881784e-15 
8.881784e-15 
8.881784e-15 
8.881784e-15 
8.881784e-15 
8.881784e-15 
8.881784e-15 
8.881784e-15 
8.881784e-15 
8.881784e-15 
8.881784e-15 
8.881784e-15 
8.881784e-15 
8.881784e-15 
8.881784e-15 
8.881784e-15 
8.881784e-15 
8.881784e-15 
8.881784e-15 
8.881784e-15 
8.881784e-15 
8.881784e-15 
8.881784e-15 
8.881784e-15 
8.881784e-15 
8.881784e-15 
8.881784e-15 
8.881784e-15 
8.881784e-15 
8.881784e-15 
8.881784e-15 
8.881784e-15 
8.881784e-15 
8.881784e-15 
8.881784e-15 
8.881784e-15 
8.881784e-15 
8.881784e-15 
8.881784e-15 
8.881784e-15 
8.881784e-15 
8.881784e-15 
8.881784e-15 
8.881784e-15 
8.881784e-15 
8.881784e-15 
8.881784e-15 
8.881784e-15 
8.881784e-15 
8.881784e-15 
8.881784e-15 
8.881784e-15 
8.881784e-15 
8.881784e-15 
8.881784e-15 
8.881784e-15 
8.881784e-15 
8.881784e-15 
8.881784e-15 
8.881784e-15 
8.881784e-15 
8.881784e-15 
8.881784e-15 
8.881784e-15 
8.881784e-15 
8.881784e-15 
8.881784e-15 
8.881784e-15 
8.881784e-15 
8.881784e-15 
8.881784e-15 
8.881784e-15 
8.881784e-15 
8.881784e-15 
8.881784e-15 
8.881784e-15 
8.881784e-15 
8.881784e-15 
8.881784e-15 
8.881784e-15 
8.881784e-15 
8.881784e-15 
8.881784e-15 
8.881784e-15 
8.881784e-15 
8.881784e-15 
8.881784e-15 
8.881784e-15 
8.881784e-15 
8.881784e-15 
8.881784e-15 
8.881784e-15 
8.881784e-15 
8.881784e-15 
8.881784e-15 
8.881784e-15 
8.881784e-15 
8.881784e-15 
8.881784e-15 
8.881784e-15 
8.881784e-15 
8.881784e-15 
8.881784e-15 
8.881784e-15 
8.881784e-15 
8.881784e-15 
8.881784e-15 
8.881784e-15 
8.881784e-15 
8.881784e-15 
8.881784e-15 
8.881784e-15 
8.881784e-15 
8.881784e-15 
8.881784e-15 
8.881784e-15 
8.881784e-15 
8.881784e-15 
8.881784e-15 
8.881784e-15 
8.881784e-15 
8.881784e-15 
8.881784e-15 
8.881784e-15 
8.881784e-15 
8.881784e-15 
8.881784e-15 
8.881784e-15 
8.881784e-15 
8.881784e-15 
8.881784e-15 
8.881784e-15 
8.881784e-15 
8.881784e-15 
8.881784e-15 
8.881784e-15 
8.881784e-15 
8.881784e-15 
8.881784e-15 
8.881784e-15 
8.881784e-15 
8.881784e-15 
8.881784e-15 
8.881784e-15 
8.881784e-15 
8.881784e-15 
8.881784e-15 
8.881784e-15 
8.881784e-15 
8.881784e-15 
8.881784e-15 
8.881784e-15 
8.881784e-15 
8.881784e-15 
8.881784e-15 
8.881784e-15 
8.881784e-15 
8.881784e-15 
8.881784e-15 
8.881784e-15 
8.881784e-15 
8.881784e-15 
8.881784e-15 
8.881784e-15 
8.881784e-15 
8.881784e-15 
8.881784e-15 
8.881784e-15 
8.881784e-15 
8.881784e-15 
8.881784e-15 
8.881784e-15 
8.881784e-15 
8.881784e-15 
8.881784e-15 
8.881784e-15 
8.881784e-15 
8.881784e-15 
8.881784e-15 
8.881784e-15 
8.881784e-15 
8.881784e-15 
8.881784e-15 
8.881784e-15 
8.881784e-15 
8.881784e-15 
8.881784e-15 
8.881784e-15 
8.881784e-15 
8.881784e-15 
8.881784e-15 
8.881784e-15 
8.881784e-15 
8.881784e-15 
8.881784e-15 
8.881784e-15 
8.881784e-15 
8.881784e-15 
8.881784e-15 
8.881784e-15 
8.881784e-15 
8.881784e-15 
8.881784e-15 
8.881784e-15 
8.881784e-15 
8.881784e-15 
8.881784e-15 
8.881784e-15 
8.881784e-15 
8.881784e-15 
8.881784e-15 
8.881784e-15 
8.881784e-15 
8.881784e-15 
8.881784e-15 
8.881784e-15 
8.881784e-15 
8.881784e-15 
8.881784e-15 
8.881784e-15 
8.881784e-15 
8.881784e-15 
8.881784e-15 
8.881784e-15 
8.881784e-15 
8.881784e-15 
8.881784e-15 
8.881784e-15 
8.881784e-15 
8.881784e-15 
8.881784e-15 
8.881784e-15 
8.881784e-15 
8.881784e-15 
8.881784e-15 
8.881784e-15 
8.881784e-15 
8.881784e-15 
8.881784e-15 
8.881784e-15 
8.881784e-15 
8.881784e-15 
8.881784e-15 
8.881784e-15 
8.881784e-15 
8.881784e-15 
8.881784e-15 
8.881784e-15 
8.881784e-15 
8.881784e-15 
8.881784e-15 
8.881784e-15 
8.881784e-15 
8.881784e-15 
8.881784e-15 
8.881784e-15 
8.881784e-15 
8.881784e-15 
8.881784e-15 
8.881784e-15 
8.881784e-15 
8.881784e-15 
8.881784e-15 
8.881784e-15 
8.881784e-15 
8.881784e-15 
8.881784e-15 
8.881784e-15 
8.881784e-15 
8.881784e-15 
8.881784e-15 
8.881784e-15 
8.881784e-15 
8.881784e-15 
8.881784e-15 
8.881784e-15 
8.881784e-15 
8.881784e-15 
8.881784e-15 
8.881784e-15 
8.881784e-15 
8.881784e-15 
8.881784e-15 
8.881784e-15 
8.881784e-15 
8.881784e-15 
8.881784e-15 
8.881784e-15 
8.881784e-15 
8.881784e-15 
8.881784e-15 
8.881784e-15 
8.881784e-15 
8.881784e-15 
8.881784e-15 
8.881784e-15 
8.881784e-15 
8.881784e-15 
8.881784e-15 
8.881784e-15 
8.881784e-15 
8.881784e-15 
8.881784e-15 
8.881784e-15 
8.881784e-15 
8.881784e-15 
8.881784e-15 
8.881784e-15 
8.881784e-15 
8.881784e-15 
8.881784e-15 
8.881784e-15 
8.881784e-15 
8.881784e-15 
8.881784e-15 
8.881784e-15 
8.881784e-15 
8.881784e-15 
8.881784e-15 
8.881784e-15 
8.881784e-15 
8.881784e-15 
8.881784e-15 
8.881784e-15 
8.881784e-15 
8.881784e-15 
8.881784e-15 
8.881784e-15 
8.881784e-15 
8.881784e-15 
8.881784e-15 
8.881784e-15 
8.881784e-15 
8.881784e-15 
8.881784e-15 
8.881784e-15 
8.881784e-15 
8.881784e-15 
8.881784e-15 
8.881784e-15 
8.881784e-15 
8.881784e-15 
8.881784e-15 
8.881784e-15 
8.881784e-15 
8.881784e-15 
8.881784e-15 
8.881784e-15 
8.881784e-15 
8.881784e-15 
8.881784e-15 
8.881784e-15 
8.881784e-15 
8.881784e-15 
8.881784e-15 
8.881784e-15 
8.881784e-15 
8.881784e-15 
8.881784e-15 
8.881784e-15 
8.881784e-15 
8.881784e-15 
8.881784e-15 
8.881784e-15 
8.881784e-15 
8.881784e-15 
8.881784e-15 
8.881784e-15 
8.881784e-15 
8.881784e-15 
8.881784e-15 
8.881784e-15 
8.881784e-15 
8.881784e-15 
8.881784e-15 
8.881784e-15 
8.881784e-15 
8.881784e-15 
8.881784e-15 
8.881784e-15 
8.881784e-15 
8.881784e-15 
8.881784e-15 
8.881784e-15 
8.881784e-15 
8.881784e-15 
8.881784e-15 
8.881784e-15 
8.881784e-15 
8.881784e-15 
8.881784e-15 
8.881784e-15 
8.881784e-15 
8.881784e-15 
8.881784e-15 
8.881784e-15 
8.881784e-15 
8.881784e-15 
8.881784e-15 
8.881784e-15 
8.881784e-15 
8.881784e-15 
8.881784e-15 
8.881784e-15 
8.881784e-15 
8.881784e-15 
8.881784e-15 
8.881784e-15 
8.881784e-15 
8.881784e-15 
8.881784e-15 
8.881784e-15 
8.881784e-15 
8.881784e-15 
8.881784e-15 
8.881784e-15 
8.881784e-15 
8.881784e-15 
8.881784e-15 
8.881784e-15 
8.881784e-15 
8.881784e-15 
8.881784e-15 
8.881784e-15 
8.881784e-15 
8.881784e-15 
8.881784e-15 
8.881784e-15 
8.881784e-15 
8.881784e-15 
8.881784e-15 
8.881784e-15 
8.881784e-15 
8.881784e-15 
8.881784e-15 
8.881784e-15 
8.881784e-15 
8.881784e-15 
8.881784e-15 
8.881784e-15 
8.881784e-15 
8.881784e-15 
8.881784e-15 
8.881784e-15 
8.881784e-15 
8.881784e-15 
8.881784e-15 
8.881784e-15 
8.881784e-15 
8.881784e-15 
8.881784e-15 
8.881784e-15 
8.881784e-15 
8.881784e-15 
8.881784e-15 
8.881784e-15 
8.881784e-15 
8.881784e-15 
8.881784e-15 
8.881784e-15 
8.881784e-15 
8.881784e-15 
8.881784e-15 
8.881784e-15 
8.881784e-15 
8.881784e-15 
8.881784e-15 
8.881784e-15 
8.881784e-15 
8.881784e-15 
8.881784e-15 
8.881784e-15 
8.881784e-15 
8.881784e-15 
8.881784e-15 
8.881784e-15 
8.881784e-15 
8.881784e-15 
8.881784e-15 
8.881784e-15 
8.881784e-15 
8.881784e-15 
8.881784e-15 
8.881784e-15 
8.881784e-15 
8.881784e-15 
8.881784e-15 
8.881784e-15 
8.881784e-15 
8.881784e-15 
8.881784e-15 
8.881784e-15 
8.881784e-15 
8.881784e-15 
8.881784e-15 
8.881784e-15 
8.881784e-15 
8.881784e-15 
8.881784e-15 
8.881784e-15 
8.881784e-15 
8.881784e-15 
8.881784e-15 
8.881784e-15 
8.881784e-15 
8.881784e-15 
8.881784e-15 
8.881784e-15 
8.881784e-15 
8.881784e-15 
8.881784e-15 
8.881784e-15 
8.881784e-15 
8.881784e-15 
8.881784e-15 
8.881784e-15 
8.881784e-15 
8.881784e-15 
8.881784e-15 
8.881784e-15 
8.881784e-15 
8.881784e-15 
8.881784e-15 
8.881784e-15 
8.881784e-15 
8.881784e-15 
8.881784e-15 
8.881784e-15 
8.881784e-15 
8.881784e-15 
8.881784e-15 
8.881784e-15 
8.881784e-15 
8.881784e-15 
8.881784e-15 
8.881784e-15 
8.881784e-15 
8.881784e-15 
8.881784e-15 
8.881784e-15 
8.881784e-15 
8.881784e-15 
8.881784e-15 
8.881784e-15 
8.881784e-15 
8.881784e-15 
8.881784e-15 
8.881784e-15 
8.881784e-15 
8.881784e-15 
8.881784e-15 
8.881784e-15 
8.881784e-15 
8.881784e-15 
8.881784e-15 
8.881784e-15 
8.881784e-15 
8.881784e-15 
8.881784e-15 
8.881784e-15 
8.881784e-15 
8.881784e-15 
8.881784e-15 
8.881784e-15 
8.881784e-15 
8.881784e-15 
8.881784e-15 
8.881784e-15 
8.881784e-15 
8.881784e-15 
8.881784e-15 
8.881784e-15 
8.881784e-15 
8.881784e-15 
8.881784e-15 
8.881784e-15 
8.881784e-15 
8.881784e-15 
8.881784e-15 
8.881784e-15 
8.881784e-15 
8.881784e-15 
8.881784e-15 
8.881784e-15 
8.881784e-15 
8.881784e-15 
8.881784e-15 
8.881784e-15 
8.881784e-15 
8.881784e-15 
8.881784e-15 
8.881784e-15 
8.881784e-15 
8.881784e-15 
8.881784e-15 
8.881784e-15 
8.881784e-15 
8.881784e-15 
8.881784e-15 
8.881784e-15 
8.881784e-15 
8.881784e-15 
8.881784e-15 
8.881784e-15 
8.881784e-15 
8.881784e-15 
8.881784e-15 
8.881784e-15 
8.881784e-15 
8.881784e-15 
8.881784e-15 
8.881784e-15 
8.881784e-15 
8.881784e-15 
8.881784e-15 
8.881784e-15 
8.881784e-15 
8.881784e-15 
8.881784e-15 
8.881784e-15 
8.881784e-15 
8.881784e-15 
8.881784e-15 
8.881784e-15 
8.881784e-15 
8.881784e-15 
8.881784e-15 
8.881784e-15 
8.881784e-15 
8.881784e-15 
8.881784e-15 
8.881784e-15 
8.881784e-15 
8.881784e-15 
8.881784e-15 
8.881784e-15 
8.881784e-15 
8.881784e-15 
8.881784e-15 
8.881784e-15 
8.881784e-15 
8.881784e-15 
8.881784e-15 
8.881784e-15 
8.881784e-15 
8.881784e-15 
8.881784e-15 
8.881784e-15 
8.881784e-15 
8.881784e-15 
8.881784e-15 
8.881784e-15 
8.881784e-15 
8.881784e-15 
8.881784e-15 
8.881784e-15 
8.881784e-15 
8.881784e-15 
8.881784e-15 
8.881784e-15 
8.881784e-15 
8.881784e-15 
8.881784e-15 
8.881784e-15 
8.881784e-15 
8.881784e-15 
8.881784e-15 
8.881784e-15 
8.881784e-15 
8.881784e-15 
8.881784e-15 
8.881784e-15 
8.881784e-15 
8.881784e-15 
8.881784e-15 
8.881784e-15 
8.881784e-15 
8.881784e-15 
8.881784e-15 
8.881784e-15 
8.881784e-15 
8.881784e-15 
8.881784e-15 
8.881784e-15 
8.881784e-15 
8.881784e-15 
8.881784e-15 
8.881784e-15 
8.881784e-15 
8.881784e-15 
8.881784e-15 
8.881784e-15 
8.881784e-15 
8.881784e-15 
8.881784e-15 
8.881784e-15 
8.881784e-15 
8.881784e-15 
8.881784e-15 
8.881784e-15 
8.881784e-15 
8.881784e-15 
8.881784e-15 
8.881784e-15 
8.881784e-15 
