5.579032e+03 
5.579032e+03 
4.905908e+03 
4.905908e+03 
4.555418e+03 
4.555418e+03 
4.555418e+03 
4.555418e+03 
4.555418e+03 
4.555418e+03 
4.555418e+03 
4.555418e+03 
4.555418e+03 
4.555418e+03 
4.555418e+03 
4.555418e+03 
4.555418e+03 
4.555418e+03 
4.555418e+03 
4.555418e+03 
4.555418e+03 
4.555418e+03 
4.555418e+03 
4.555418e+03 
4.555418e+03 
4.555418e+03 
4.555418e+03 
4.555418e+03 
4.555418e+03 
4.555418e+03 
4.555418e+03 
4.555418e+03 
4.555418e+03 
4.555418e+03 
4.555418e+03 
4.555418e+03 
4.555418e+03 
4.555418e+03 
4.555418e+03 
4.555418e+03 
4.555418e+03 
4.555418e+03 
4.555418e+03 
4.555418e+03 
4.555418e+03 
4.555418e+03 
4.555418e+03 
4.555418e+03 
4.555418e+03 
4.555418e+03 
4.555418e+03 
4.555418e+03 
4.555418e+03 
4.555418e+03 
4.555418e+03 
4.555418e+03 
4.555418e+03 
4.167588e+03 
4.167588e+03 
4.167588e+03 
4.167588e+03 
4.167588e+03 
4.167588e+03 
4.167588e+03 
4.167588e+03 
4.167588e+03 
4.167588e+03 
4.167588e+03 
4.167588e+03 
4.167588e+03 
4.167588e+03 
4.167588e+03 
4.167588e+03 
4.167588e+03 
4.167588e+03 
4.167588e+03 
4.167588e+03 
4.167588e+03 
4.167588e+03 
4.167588e+03 
4.167588e+03 
4.167588e+03 
4.167588e+03 
4.167588e+03 
4.167588e+03 
4.167588e+03 
4.167588e+03 
4.167588e+03 
4.167588e+03 
4.167588e+03 
4.167588e+03 
4.167588e+03 
4.167588e+03 
4.167588e+03 
4.167588e+03 
4.167588e+03 
4.167588e+03 
4.167588e+03 
4.167588e+03 
4.167588e+03 
4.167588e+03 
4.167588e+03 
4.167588e+03 
4.167588e+03 
4.167588e+03 
4.167588e+03 
4.167588e+03 
4.167588e+03 
4.167588e+03 
4.167588e+03 
4.167588e+03 
4.167588e+03 
4.167588e+03 
4.035243e+03 
4.035243e+03 
4.035243e+03 
4.035243e+03 
4.035243e+03 
4.035243e+03 
4.035243e+03 
4.035243e+03 
4.035243e+03 
4.035243e+03 
4.035243e+03 
4.035243e+03 
4.035243e+03 
4.035243e+03 
4.035243e+03 
4.035243e+03 
4.035243e+03 
4.035243e+03 
4.035243e+03 
4.035243e+03 
4.035243e+03 
4.035243e+03 
4.035243e+03 
4.035243e+03 
4.035243e+03 
4.035243e+03 
4.035243e+03 
4.035243e+03 
4.035243e+03 
4.035243e+03 
4.035243e+03 
4.035243e+03 
4.035243e+03 
4.035243e+03 
4.035243e+03 
4.035243e+03 
4.035243e+03 
4.035243e+03 
4.035243e+03 
4.035243e+03 
4.035243e+03 
4.035243e+03 
4.035243e+03 
4.035243e+03 
4.035243e+03 
4.035243e+03 
4.035243e+03 
4.035243e+03 
4.035243e+03 
4.035243e+03 
4.035243e+03 
4.035243e+03 
4.035243e+03 
4.035243e+03 
4.035243e+03 
4.035243e+03 
4.035243e+03 
4.035243e+03 
4.035243e+03 
4.035243e+03 
4.035243e+03 
3.418677e+03 
3.418677e+03 
3.418677e+03 
3.418677e+03 
3.418677e+03 
3.418677e+03 
3.418677e+03 
3.418677e+03 
3.418677e+03 
3.418677e+03 
3.418677e+03 
3.418677e+03 
3.418677e+03 
3.418677e+03 
3.418677e+03 
3.418677e+03 
3.418677e+03 
3.418677e+03 
3.418677e+03 
3.418677e+03 
3.418677e+03 
3.418677e+03 
3.418677e+03 
3.418677e+03 
3.418677e+03 
3.418677e+03 
3.418677e+03 
3.418677e+03 
3.418677e+03 
3.418677e+03 
3.418677e+03 
3.418677e+03 
3.418677e+03 
3.418677e+03 
3.418677e+03 
3.418677e+03 
3.418677e+03 
3.418677e+03 
3.418677e+03 
3.418677e+03 
3.418677e+03 
3.418677e+03 
3.418677e+03 
3.418677e+03 
3.418677e+03 
3.418677e+03 
3.418677e+03 
3.418677e+03 
3.418677e+03 
3.418677e+03 
3.418677e+03 
3.418677e+03 
3.418677e+03 
3.418677e+03 
3.418677e+03 
3.418677e+03 
3.418677e+03 
3.418677e+03 
3.418677e+03 
3.418677e+03 
3.418677e+03 
3.418677e+03 
3.418677e+03 
3.418677e+03 
3.418677e+03 
3.418677e+03 
3.418677e+03 
3.418677e+03 
3.418677e+03 
3.418677e+03 
3.418677e+03 
3.418677e+03 
3.418677e+03 
3.418677e+03 
3.418677e+03 
3.418677e+03 
3.418677e+03 
3.418677e+03 
3.418677e+03 
3.418677e+03 
3.418677e+03 
3.418677e+03 
3.418677e+03 
3.418677e+03 
3.418677e+03 
3.418677e+03 
3.418677e+03 
3.418677e+03 
3.418677e+03 
3.418677e+03 
3.418677e+03 
3.418677e+03 
3.418677e+03 
3.418677e+03 
3.418677e+03 
3.418677e+03 
3.418677e+03 
3.418677e+03 
3.418677e+03 
3.418677e+03 
3.418677e+03 
3.418677e+03 
3.418677e+03 
3.418677e+03 
3.418677e+03 
3.418677e+03 
3.418677e+03 
3.418677e+03 
3.418677e+03 
3.418677e+03 
3.418677e+03 
3.418677e+03 
3.418677e+03 
3.418677e+03 
3.418677e+03 
3.418677e+03 
3.418677e+03 
3.418677e+03 
3.418677e+03 
3.418677e+03 
3.418677e+03 
3.418677e+03 
3.418677e+03 
3.418677e+03 
3.418677e+03 
3.418677e+03 
3.418677e+03 
3.418677e+03 
3.418677e+03 
3.418677e+03 
3.418677e+03 
3.418677e+03 
3.418677e+03 
3.418677e+03 
3.418677e+03 
3.418677e+03 
3.418677e+03 
3.418677e+03 
3.382559e+03 
3.382559e+03 
3.382559e+03 
3.382559e+03 
3.382559e+03 
3.382559e+03 
3.382559e+03 
3.382559e+03 
3.382559e+03 
3.382559e+03 
3.382559e+03 
3.382559e+03 
3.382559e+03 
3.382559e+03 
3.382559e+03 
3.382559e+03 
3.382559e+03 
3.382559e+03 
3.382559e+03 
3.382559e+03 
3.382559e+03 
3.382559e+03 
3.382559e+03 
3.382559e+03 
3.382559e+03 
3.382559e+03 
3.382559e+03 
3.382559e+03 
3.382559e+03 
3.382559e+03 
3.382559e+03 
3.382559e+03 
3.382559e+03 
3.382559e+03 
3.382559e+03 
3.382559e+03 
3.382559e+03 
3.382559e+03 
3.382559e+03 
3.382559e+03 
3.382559e+03 
3.382559e+03 
3.382559e+03 
3.382559e+03 
3.382559e+03 
3.382559e+03 
3.382559e+03 
3.382559e+03 
3.382559e+03 
3.382559e+03 
3.382559e+03 
3.382559e+03 
3.382559e+03 
3.382559e+03 
3.382559e+03 
3.382559e+03 
3.370598e+03 
3.370598e+03 
3.370598e+03 
3.370598e+03 
3.370598e+03 
3.370598e+03 
3.370598e+03 
3.370598e+03 
3.370598e+03 
3.370598e+03 
3.370598e+03 
3.370598e+03 
3.370598e+03 
3.370598e+03 
3.370598e+03 
3.370598e+03 
3.370598e+03 
3.370598e+03 
3.370598e+03 
3.370598e+03 
3.370598e+03 
3.370598e+03 
3.370598e+03 
3.370598e+03 
3.370598e+03 
3.370598e+03 
3.370598e+03 
3.370598e+03 
3.370598e+03 
3.370598e+03 
3.370598e+03 
3.370598e+03 
3.370598e+03 
3.370598e+03 
3.370598e+03 
3.370598e+03 
3.370598e+03 
3.370598e+03 
3.370598e+03 
3.370598e+03 
3.370598e+03 
3.370598e+03 
3.370598e+03 
3.370598e+03 
3.370598e+03 
3.370598e+03 
3.370598e+03 
3.370598e+03 
3.370598e+03 
3.370598e+03 
3.370598e+03 
3.370598e+03 
3.370598e+03 
3.370598e+03 
3.370598e+03 
3.370598e+03 
3.370598e+03 
3.370598e+03 
3.370598e+03 
3.370598e+03 
3.370598e+03 
3.370598e+03 
3.370598e+03 
3.370598e+03 
3.370598e+03 
3.370598e+03 
3.370598e+03 
3.370598e+03 
3.370598e+03 
3.370598e+03 
3.370598e+03 
3.370598e+03 
3.370598e+03 
3.370598e+03 
3.370598e+03 
3.370598e+03 
3.370598e+03 
3.370598e+03 
3.370598e+03 
3.370598e+03 
3.370598e+03 
3.370598e+03 
3.370598e+03 
3.370598e+03 
3.370598e+03 
3.370598e+03 
3.370598e+03 
3.370598e+03 
3.370598e+03 
3.370598e+03 
3.370598e+03 
3.370598e+03 
3.370598e+03 
3.370598e+03 
3.370598e+03 
3.370598e+03 
3.370598e+03 
3.370598e+03 
3.370598e+03 
3.370598e+03 
3.370598e+03 
3.370598e+03 
3.370598e+03 
3.370598e+03 
3.370598e+03 
3.370598e+03 
3.370598e+03 
3.370598e+03 
3.370598e+03 
3.370598e+03 
3.370598e+03 
3.370598e+03 
3.370598e+03 
3.370598e+03 
3.370598e+03 
3.370598e+03 
3.370598e+03 
3.370598e+03 
3.370598e+03 
3.370598e+03 
3.370598e+03 
3.370598e+03 
3.370598e+03 
3.370598e+03 
3.370598e+03 
3.370598e+03 
3.370598e+03 
3.370598e+03 
3.370598e+03 
3.370598e+03 
3.370598e+03 
3.370598e+03 
3.370598e+03 
3.370598e+03 
3.370598e+03 
3.370598e+03 
3.370598e+03 
3.370598e+03 
3.370598e+03 
3.370598e+03 
3.370598e+03 
3.370598e+03 
3.370598e+03 
3.370598e+03 
3.370598e+03 
3.370598e+03 
3.370598e+03 
3.370598e+03 
3.370598e+03 
3.370598e+03 
3.370598e+03 
3.370598e+03 
3.370598e+03 
3.370598e+03 
3.370598e+03 
3.370598e+03 
3.370598e+03 
3.370598e+03 
3.370598e+03 
3.370598e+03 
3.370598e+03 
3.370598e+03 
3.370598e+03 
3.370598e+03 
3.370598e+03 
3.370598e+03 
3.370598e+03 
3.370598e+03 
3.370598e+03 
3.370598e+03 
3.370598e+03 
3.370598e+03 
3.370598e+03 
3.370598e+03 
3.370598e+03 
3.370598e+03 
3.370598e+03 
3.370598e+03 
3.370598e+03 
3.370598e+03 
3.370598e+03 
3.370598e+03 
3.370598e+03 
3.370598e+03 
3.370598e+03 
3.370598e+03 
3.370598e+03 
3.370598e+03 
3.370598e+03 
3.370598e+03 
3.370598e+03 
3.370598e+03 
3.370598e+03 
3.370598e+03 
3.370598e+03 
3.370598e+03 
3.370598e+03 
3.370598e+03 
3.370598e+03 
3.370598e+03 
3.370598e+03 
3.370598e+03 
3.370598e+03 
3.370598e+03 
3.370598e+03 
3.370598e+03 
3.370598e+03 
3.370598e+03 
3.370598e+03 
3.370598e+03 
3.370598e+03 
3.370598e+03 
3.370598e+03 
3.370598e+03 
3.370598e+03 
3.370598e+03 
3.370598e+03 
3.370598e+03 
3.370598e+03 
3.370598e+03 
3.370598e+03 
3.370598e+03 
3.370598e+03 
3.370598e+03 
3.370598e+03 
3.370598e+03 
3.370598e+03 
3.370598e+03 
3.370598e+03 
3.370598e+03 
3.370598e+03 
3.370598e+03 
3.370598e+03 
3.370598e+03 
3.370598e+03 
3.370598e+03 
3.370598e+03 
3.370598e+03 
3.370598e+03 
3.370598e+03 
3.370598e+03 
3.370598e+03 
3.370598e+03 
3.370598e+03 
3.370598e+03 
3.370598e+03 
3.370598e+03 
3.370598e+03 
3.370598e+03 
3.370598e+03 
3.370598e+03 
3.370598e+03 
3.370598e+03 
3.370598e+03 
3.370598e+03 
3.370598e+03 
3.370598e+03 
3.370598e+03 
3.370598e+03 
3.370598e+03 
3.370598e+03 
3.370598e+03 
3.370598e+03 
3.370598e+03 
3.370598e+03 
3.370598e+03 
3.370598e+03 
3.370598e+03 
3.370598e+03 
3.370598e+03 
3.370598e+03 
3.370598e+03 
3.370598e+03 
3.370598e+03 
3.370598e+03 
3.370598e+03 
3.370598e+03 
3.370598e+03 
3.370598e+03 
3.370598e+03 
3.370598e+03 
3.370598e+03 
3.370598e+03 
3.370598e+03 
3.370598e+03 
3.370598e+03 
3.370598e+03 
3.370598e+03 
3.370598e+03 
3.370598e+03 
3.370598e+03 
3.370598e+03 
3.370598e+03 
3.370598e+03 
3.370598e+03 
3.191889e+03 
3.191889e+03 
3.191889e+03 
3.191889e+03 
3.191889e+03 
3.191889e+03 
3.191889e+03 
3.191889e+03 
3.191889e+03 
3.191889e+03 
3.191889e+03 
3.191889e+03 
3.191889e+03 
3.191889e+03 
3.191889e+03 
3.191889e+03 
3.191889e+03 
3.191889e+03 
3.191889e+03 
3.191889e+03 
3.191889e+03 
3.191889e+03 
3.191889e+03 
3.191889e+03 
3.191889e+03 
3.191889e+03 
3.191889e+03 
3.191889e+03 
3.191889e+03 
3.191889e+03 
3.191889e+03 
3.191889e+03 
3.191889e+03 
3.191889e+03 
3.191889e+03 
3.191889e+03 
3.191889e+03 
3.191889e+03 
3.191889e+03 
3.191889e+03 
3.191889e+03 
3.191889e+03 
3.191889e+03 
3.191889e+03 
3.191889e+03 
3.191889e+03 
3.191889e+03 
3.191889e+03 
3.191889e+03 
3.191889e+03 
3.191889e+03 
3.191889e+03 
3.191889e+03 
3.191889e+03 
3.191889e+03 
3.191889e+03 
3.191889e+03 
3.191889e+03 
3.191889e+03 
3.191889e+03 
3.191889e+03 
3.191889e+03 
3.191889e+03 
3.191889e+03 
3.191889e+03 
3.191889e+03 
3.191889e+03 
3.191889e+03 
3.191889e+03 
3.191889e+03 
3.191889e+03 
3.191889e+03 
3.191889e+03 
3.191889e+03 
3.191889e+03 
3.191889e+03 
3.191889e+03 
3.191889e+03 
3.191889e+03 
3.191889e+03 
3.191889e+03 
3.191889e+03 
3.191889e+03 
3.191889e+03 
3.191889e+03 
3.191889e+03 
3.191889e+03 
3.191889e+03 
3.191889e+03 
3.191889e+03 
3.191889e+03 
3.191889e+03 
3.191889e+03 
3.191889e+03 
3.191889e+03 
3.191889e+03 
3.191889e+03 
3.191889e+03 
3.191889e+03 
3.191889e+03 
3.191889e+03 
3.191889e+03 
3.191889e+03 
3.191889e+03 
3.191889e+03 
3.191889e+03 
3.191889e+03 
3.191889e+03 
3.191889e+03 
2.949561e+03 
2.949561e+03 
2.949561e+03 
2.924601e+03 
2.924601e+03 
2.924601e+03 
2.924601e+03 
2.924601e+03 
2.924601e+03 
2.924601e+03 
2.924601e+03 
2.924601e+03 
2.924601e+03 
2.924601e+03 
2.924601e+03 
2.924601e+03 
2.924601e+03 
2.924601e+03 
2.924601e+03 
2.924601e+03 
2.924601e+03 
2.924601e+03 
2.924601e+03 
2.924601e+03 
2.924601e+03 
2.924601e+03 
2.924601e+03 
2.924601e+03 
2.924601e+03 
2.924601e+03 
2.924601e+03 
2.924601e+03 
2.924601e+03 
2.924601e+03 
2.924601e+03 
2.924601e+03 
2.924601e+03 
2.924601e+03 
2.901686e+03 
2.901686e+03 
2.901686e+03 
2.901686e+03 
2.901686e+03 
2.901686e+03 
2.901686e+03 
2.901686e+03 
2.901686e+03 
2.901686e+03 
2.901686e+03 
2.901686e+03 
2.901686e+03 
2.901686e+03 
2.901686e+03 
2.901686e+03 
2.901686e+03 
2.901686e+03 
2.901686e+03 
2.901686e+03 
2.901686e+03 
2.901686e+03 
2.901686e+03 
2.901686e+03 
2.901686e+03 
2.901686e+03 
2.901686e+03 
2.901686e+03 
2.901686e+03 
2.901686e+03 
2.901686e+03 
2.901686e+03 
2.901686e+03 
2.901686e+03 
2.901686e+03 
2.901686e+03 
2.901686e+03 
2.901686e+03 
2.901686e+03 
2.901686e+03 
2.901686e+03 
2.901686e+03 
2.901686e+03 
2.901686e+03 
2.901686e+03 
2.901686e+03 
2.901686e+03 
2.901686e+03 
2.901686e+03 
2.901686e+03 
2.901686e+03 
2.901686e+03 
2.901686e+03 
2.901686e+03 
2.901686e+03 
2.901686e+03 
2.901686e+03 
2.901686e+03 
2.901686e+03 
2.901686e+03 
2.901686e+03 
2.901686e+03 
2.901686e+03 
2.901686e+03 
2.901686e+03 
2.901686e+03 
2.901686e+03 
2.901686e+03 
2.901686e+03 
2.901686e+03 
2.901686e+03 
2.901686e+03 
2.901686e+03 
2.901686e+03 
2.901686e+03 
2.901686e+03 
2.901686e+03 
2.901686e+03 
2.901686e+03 
2.901686e+03 
2.901686e+03 
2.901686e+03 
2.901686e+03 
2.901686e+03 
2.901686e+03 
2.901686e+03 
2.901686e+03 
2.901686e+03 
2.901686e+03 
2.901686e+03 
2.901686e+03 
2.901686e+03 
2.901686e+03 
2.901686e+03 
2.901686e+03 
2.901686e+03 
2.901686e+03 
2.901686e+03 
2.901686e+03 
2.901686e+03 
2.901686e+03 
2.901686e+03 
2.901686e+03 
2.901686e+03 
2.901686e+03 
2.901686e+03 
2.901686e+03 
2.901686e+03 
2.901686e+03 
2.901686e+03 
2.901686e+03 
2.901686e+03 
2.901686e+03 
2.901686e+03 
2.901686e+03 
2.901686e+03 
2.901686e+03 
2.901686e+03 
2.901686e+03 
2.901686e+03 
2.901686e+03 
2.901686e+03 
2.901686e+03 
2.901686e+03 
2.901686e+03 
2.901686e+03 
2.901686e+03 
2.901686e+03 
2.901686e+03 
2.901686e+03 
2.901686e+03 
2.901686e+03 
2.901686e+03 
2.901686e+03 
2.901686e+03 
2.901686e+03 
2.901686e+03 
2.901686e+03 
2.901686e+03 
2.901686e+03 
2.901686e+03 
2.901686e+03 
2.901686e+03 
2.901686e+03 
2.901686e+03 
2.901686e+03 
2.901686e+03 
2.901686e+03 
2.901686e+03 
2.901686e+03 
2.901686e+03 
2.901686e+03 
2.901686e+03 
2.901686e+03 
2.901686e+03 
2.901686e+03 
2.901686e+03 
2.901686e+03 
2.901686e+03 
2.901686e+03 
2.901686e+03 
2.901686e+03 
2.901686e+03 
2.901686e+03 
2.901686e+03 
2.901686e+03 
2.901686e+03 
2.901686e+03 
2.901686e+03 
2.901686e+03 
2.901686e+03 
2.901686e+03 
2.901686e+03 
2.901686e+03 
2.901686e+03 
2.901686e+03 
2.901686e+03 
2.901686e+03 
2.901686e+03 
2.901686e+03 
2.901686e+03 
2.901686e+03 
2.901686e+03 
2.901686e+03 
2.901686e+03 
2.881289e+03 
2.881289e+03 
2.881289e+03 
2.881289e+03 
2.881289e+03 
2.881289e+03 
2.881289e+03 
2.881289e+03 
2.881289e+03 
2.881289e+03 
2.881289e+03 
2.881289e+03 
2.881289e+03 
2.881289e+03 
2.881289e+03 
2.881289e+03 
2.881289e+03 
2.881289e+03 
2.881289e+03 
2.881289e+03 
2.881289e+03 
2.881289e+03 
2.881289e+03 
2.881289e+03 
2.881289e+03 
2.881289e+03 
2.881289e+03 
2.881289e+03 
2.881289e+03 
2.881289e+03 
2.881289e+03 
2.881289e+03 
2.881289e+03 
2.881289e+03 
2.881289e+03 
2.881289e+03 
2.881289e+03 
2.881289e+03 
2.881289e+03 
2.881289e+03 
2.881289e+03 
2.881289e+03 
2.881289e+03 
2.881289e+03 
2.881289e+03 
2.881289e+03 
2.881289e+03 
2.881289e+03 
2.881289e+03 
2.881289e+03 
2.881289e+03 
2.881289e+03 
2.881289e+03 
2.881289e+03 
2.881289e+03 
2.881289e+03 
2.881289e+03 
2.881289e+03 
2.881289e+03 
2.881289e+03 
2.881289e+03 
2.881289e+03 
2.881289e+03 
2.881289e+03 
2.881289e+03 
2.881289e+03 
2.881289e+03 
2.881289e+03 
2.881289e+03 
2.881289e+03 
2.881289e+03 
2.881289e+03 
2.881289e+03 
2.881289e+03 
2.881289e+03 
2.881289e+03 
2.881289e+03 
2.881289e+03 
2.881289e+03 
2.881289e+03 
2.881289e+03 
2.881289e+03 
2.881289e+03 
2.881289e+03 
2.881289e+03 
2.881289e+03 
2.881289e+03 
2.881289e+03 
2.881289e+03 
2.881289e+03 
2.881289e+03 
2.881289e+03 
2.881289e+03 
2.881289e+03 
2.881289e+03 
2.881289e+03 
2.881289e+03 
2.881289e+03 
2.881289e+03 
2.881289e+03 
2.881289e+03 
2.881289e+03 
2.881289e+03 
2.881289e+03 
2.881289e+03 
2.881289e+03 
2.881289e+03 
2.881289e+03 
2.881289e+03 
2.881289e+03 
2.881289e+03 
2.881289e+03 
2.881289e+03 
2.881289e+03 
2.881289e+03 
2.881289e+03 
2.881289e+03 
2.881289e+03 
2.881289e+03 
2.881289e+03 
2.881289e+03 
2.881289e+03 
2.881289e+03 
2.881289e+03 
2.881289e+03 
2.881289e+03 
2.881289e+03 
2.881289e+03 
2.881289e+03 
2.881289e+03 
2.881289e+03 
2.881289e+03 
2.881289e+03 
2.881289e+03 
2.881289e+03 
2.881289e+03 
2.881289e+03 
2.881289e+03 
2.881289e+03 
2.881289e+03 
2.881289e+03 
2.881289e+03 
2.881289e+03 
2.881289e+03 
2.881289e+03 
2.881289e+03 
2.881289e+03 
2.881289e+03 
2.881289e+03 
2.881289e+03 
2.881289e+03 
2.881289e+03 
2.881289e+03 
2.881289e+03 
2.881289e+03 
2.881289e+03 
2.881289e+03 
2.881289e+03 
2.881289e+03 
2.881289e+03 
2.881289e+03 
2.881289e+03 
2.881289e+03 
2.881289e+03 
2.881289e+03 
2.881289e+03 
2.881289e+03 
2.881289e+03 
2.881289e+03 
2.881289e+03 
2.881289e+03 
2.881289e+03 
2.881289e+03 
2.881289e+03 
2.881289e+03 
2.881289e+03 
2.881289e+03 
2.881289e+03 
2.881289e+03 
2.881289e+03 
2.881289e+03 
2.881289e+03 
2.881289e+03 
2.881289e+03 
2.881289e+03 
2.881289e+03 
2.881289e+03 
2.881289e+03 
2.881289e+03 
2.881289e+03 
2.881289e+03 
2.881289e+03 
2.881289e+03 
2.881289e+03 
2.881289e+03 
2.881289e+03 
2.881289e+03 
2.881289e+03 
2.881289e+03 
2.881289e+03 
2.881289e+03 
2.881289e+03 
2.881289e+03 
2.881289e+03 
2.881289e+03 
2.881289e+03 
2.881289e+03 
2.881289e+03 
2.881289e+03 
2.881289e+03 
2.881289e+03 
2.881289e+03 
2.881289e+03 
2.881289e+03 
2.881289e+03 
2.881289e+03 
2.881289e+03 
2.881289e+03 
2.881289e+03 
2.881289e+03 
2.881289e+03 
2.881289e+03 
2.881289e+03 
2.881289e+03 
2.881289e+03 
2.881289e+03 
2.881289e+03 
2.881289e+03 
2.881289e+03 
2.881289e+03 
2.881289e+03 
2.881289e+03 
2.881289e+03 
2.881289e+03 
2.881289e+03 
2.881289e+03 
2.881289e+03 
2.881289e+03 
2.881289e+03 
2.881289e+03 
2.881289e+03 
2.881289e+03 
2.881289e+03 
2.881289e+03 
2.881289e+03 
2.881289e+03 
2.881289e+03 
2.881289e+03 
2.881289e+03 
2.881289e+03 
2.881289e+03 
2.881289e+03 
2.881289e+03 
2.881289e+03 
2.881289e+03 
2.881289e+03 
2.881289e+03 
2.881289e+03 
2.881289e+03 
2.881289e+03 
2.881289e+03 
2.881289e+03 
2.881289e+03 
2.881289e+03 
2.881289e+03 
2.881289e+03 
2.881289e+03 
2.881289e+03 
2.881289e+03 
2.881289e+03 
2.881289e+03 
2.881289e+03 
2.881289e+03 
2.881289e+03 
2.881289e+03 
2.881289e+03 
2.881289e+03 
2.881289e+03 
2.881289e+03 
2.881289e+03 
2.881289e+03 
2.881289e+03 
2.881289e+03 
2.881289e+03 
2.881289e+03 
2.881289e+03 
2.881289e+03 
2.881289e+03 
2.881289e+03 
2.881289e+03 
2.881289e+03 
2.881289e+03 
2.881289e+03 
2.881289e+03 
2.881289e+03 
2.881289e+03 
2.881289e+03 
2.881289e+03 
2.881289e+03 
2.881289e+03 
2.881289e+03 
2.881289e+03 
2.881289e+03 
2.881289e+03 
2.881289e+03 
2.881289e+03 
2.881289e+03 
2.881289e+03 
2.881289e+03 
2.881289e+03 
2.881289e+03 
2.881289e+03 
2.881289e+03 
2.881289e+03 
2.881289e+03 
2.881289e+03 
2.881289e+03 
2.881289e+03 
2.881289e+03 
2.881289e+03 
2.881289e+03 
2.881289e+03 
2.881289e+03 
2.881289e+03 
2.881289e+03 
2.881289e+03 
2.881289e+03 
2.881289e+03 
2.881289e+03 
2.881289e+03 
2.881289e+03 
2.881289e+03 
2.881289e+03 
2.881289e+03 
2.881289e+03 
2.881289e+03 
2.881289e+03 
2.881289e+03 
2.881289e+03 
2.881289e+03 
2.881289e+03 
2.881289e+03 
2.881289e+03 
2.881289e+03 
2.881289e+03 
2.881289e+03 
2.881289e+03 
2.881289e+03 
2.881289e+03 
2.881289e+03 
2.881289e+03 
2.881289e+03 
2.881289e+03 
2.881289e+03 
2.881289e+03 
2.881289e+03 
2.881289e+03 
2.881289e+03 
2.881289e+03 
2.881289e+03 
2.881289e+03 
2.881289e+03 
2.881289e+03 
2.881289e+03 
2.881289e+03 
2.881289e+03 
2.881289e+03 
2.881289e+03 
2.881289e+03 
2.881289e+03 
2.881289e+03 
2.881289e+03 
2.881289e+03 
2.881289e+03 
2.881289e+03 
2.881289e+03 
2.881289e+03 
2.881289e+03 
2.881289e+03 
2.881289e+03 
2.881289e+03 
2.881289e+03 
2.881289e+03 
2.881289e+03 
2.881289e+03 
2.881289e+03 
2.881289e+03 
2.881289e+03 
2.881289e+03 
2.881289e+03 
2.881289e+03 
2.881289e+03 
2.881289e+03 
2.881289e+03 
2.881289e+03 
2.881289e+03 
2.881289e+03 
2.881289e+03 
2.881289e+03 
2.881289e+03 
2.881289e+03 
2.881289e+03 
2.881289e+03 
2.881289e+03 
2.881289e+03 
2.881289e+03 
2.881289e+03 
2.881289e+03 
2.881289e+03 
2.881289e+03 
2.881289e+03 
2.881289e+03 
2.881289e+03 
2.881289e+03 
2.881289e+03 
2.881289e+03 
2.881289e+03 
2.881289e+03 
2.881289e+03 
2.881289e+03 
2.881289e+03 
2.881289e+03 
2.881289e+03 
2.881289e+03 
2.881289e+03 
2.881289e+03 
2.881289e+03 
2.881289e+03 
2.881289e+03 
2.881289e+03 
2.881289e+03 
2.881289e+03 
2.881289e+03 
2.881289e+03 
2.881289e+03 
2.881289e+03 
2.881289e+03 
2.881289e+03 
2.881289e+03 
2.881289e+03 
2.881289e+03 
2.881289e+03 
2.881289e+03 
2.881289e+03 
2.881289e+03 
2.881289e+03 
2.881289e+03 
2.881289e+03 
2.881289e+03 
2.881289e+03 
2.881289e+03 
2.881289e+03 
2.881289e+03 
2.881289e+03 
2.881289e+03 
2.881289e+03 
2.881289e+03 
2.881289e+03 
2.881289e+03 
2.881289e+03 
2.881289e+03 
2.881289e+03 
2.881289e+03 
2.881289e+03 
2.881289e+03 
2.881289e+03 
2.881289e+03 
2.881289e+03 
2.881289e+03 
2.881289e+03 
2.881289e+03 
2.881289e+03 
2.881289e+03 
2.881289e+03 
2.881289e+03 
2.881289e+03 
2.881289e+03 
2.881289e+03 
2.881289e+03 
2.881289e+03 
2.881289e+03 
2.881289e+03 
2.881289e+03 
2.881289e+03 
2.881289e+03 
2.881289e+03 
2.881289e+03 
2.881289e+03 
2.881289e+03 
2.881289e+03 
2.881289e+03 
2.881289e+03 
2.881289e+03 
2.881289e+03 
2.881289e+03 
2.881289e+03 
2.881289e+03 
2.881289e+03 
2.881289e+03 
2.881289e+03 
2.881289e+03 
2.881289e+03 
2.881289e+03 
2.881289e+03 
2.881289e+03 
2.881289e+03 
2.881289e+03 
2.881289e+03 
2.881289e+03 
2.881289e+03 
2.881289e+03 
2.881289e+03 
2.881289e+03 
2.881289e+03 
2.881289e+03 
2.597509e+03 
2.597509e+03 
2.597509e+03 
2.597509e+03 
2.597509e+03 
2.597509e+03 
2.597509e+03 
2.597509e+03 
2.597509e+03 
2.597509e+03 
2.597509e+03 
2.597509e+03 
2.597509e+03 
2.597509e+03 
2.597509e+03 
2.597509e+03 
2.597509e+03 
2.597509e+03 
2.597509e+03 
2.597509e+03 
2.597509e+03 
2.597509e+03 
2.597509e+03 
2.597509e+03 
2.597509e+03 
2.597509e+03 
2.597509e+03 
2.597509e+03 
2.597509e+03 
2.597509e+03 
2.597509e+03 
2.597509e+03 
2.597509e+03 
2.597509e+03 
2.597509e+03 
2.597509e+03 
2.597509e+03 
2.597509e+03 
2.597509e+03 
2.597509e+03 
2.597509e+03 
2.597509e+03 
2.597509e+03 
2.597509e+03 
2.597509e+03 
2.597509e+03 
2.597509e+03 
2.597509e+03 
2.597509e+03 
2.597509e+03 
2.597509e+03 
2.597509e+03 
2.597509e+03 
2.597509e+03 
2.597509e+03 
2.597509e+03 
2.597509e+03 
2.597509e+03 
2.597509e+03 
2.597509e+03 
2.597509e+03 
2.597509e+03 
2.597509e+03 
2.597509e+03 
2.597509e+03 
2.597509e+03 
2.597509e+03 
2.597509e+03 
2.597509e+03 
2.597509e+03 
2.597509e+03 
2.597509e+03 
2.597509e+03 
2.597509e+03 
2.597509e+03 
2.597509e+03 
2.597509e+03 
2.597509e+03 
2.597509e+03 
2.597509e+03 
2.597509e+03 
2.597509e+03 
2.597509e+03 
2.597509e+03 
2.597509e+03 
2.597509e+03 
2.597509e+03 
2.597509e+03 
2.597509e+03 
2.597509e+03 
2.597509e+03 
2.597509e+03 
2.597509e+03 
2.597509e+03 
2.597509e+03 
2.597509e+03 
2.597509e+03 
2.597509e+03 
2.597509e+03 
2.597509e+03 
2.597509e+03 
2.597509e+03 
2.597509e+03 
2.597509e+03 
2.597509e+03 
2.597509e+03 
2.597509e+03 
2.597509e+03 
2.597509e+03 
2.597509e+03 
2.597509e+03 
2.597509e+03 
2.597509e+03 
2.597509e+03 
2.597509e+03 
2.597509e+03 
2.597509e+03 
2.597509e+03 
2.597509e+03 
2.597509e+03 
2.597509e+03 
2.597509e+03 
2.597509e+03 
2.597509e+03 
2.597509e+03 
2.597509e+03 
2.597509e+03 
2.597509e+03 
2.597509e+03 
2.597509e+03 
2.597509e+03 
2.597509e+03 
2.597509e+03 
2.597509e+03 
2.597509e+03 
2.597509e+03 
2.597509e+03 
2.597509e+03 
2.597509e+03 
2.597509e+03 
2.597509e+03 
2.597509e+03 
2.597509e+03 
2.597509e+03 
2.597509e+03 
2.597509e+03 
2.597509e+03 
2.597509e+03 
2.597509e+03 
2.597509e+03 
2.597509e+03 
2.597509e+03 
2.597509e+03 
2.597509e+03 
2.597509e+03 
2.597509e+03 
2.597509e+03 
2.597509e+03 
2.597509e+03 
2.597509e+03 
2.597509e+03 
2.597509e+03 
2.597509e+03 
2.597509e+03 
2.597509e+03 
2.597509e+03 
2.597509e+03 
2.597509e+03 
2.597509e+03 
2.597509e+03 
2.597509e+03 
2.597509e+03 
2.597509e+03 
2.597509e+03 
2.597509e+03 
2.597509e+03 
2.597509e+03 
2.597509e+03 
2.597509e+03 
2.597509e+03 
2.597509e+03 
2.597509e+03 
2.597509e+03 
2.597509e+03 
2.597509e+03 
2.597509e+03 
2.597509e+03 
2.597509e+03 
2.597509e+03 
2.597509e+03 
2.597509e+03 
2.597509e+03 
2.597509e+03 
2.597509e+03 
2.597509e+03 
2.597509e+03 
2.597509e+03 
2.597509e+03 
2.597509e+03 
2.597509e+03 
2.597509e+03 
2.597509e+03 
2.597509e+03 
2.597509e+03 
2.597509e+03 
2.597509e+03 
2.597509e+03 
2.597509e+03 
2.597509e+03 
2.597509e+03 
2.597509e+03 
2.597509e+03 
2.597509e+03 
2.597509e+03 
2.597509e+03 
2.597509e+03 
2.597509e+03 
2.597509e+03 
2.597509e+03 
2.597509e+03 
2.597509e+03 
2.597509e+03 
2.597509e+03 
2.597509e+03 
2.597509e+03 
2.597509e+03 
2.597509e+03 
2.597509e+03 
2.597509e+03 
2.597509e+03 
2.597509e+03 
2.597509e+03 
2.597509e+03 
2.597509e+03 
2.597509e+03 
2.597509e+03 
2.597509e+03 
2.597509e+03 
2.597509e+03 
2.597509e+03 
2.597509e+03 
2.597509e+03 
2.597509e+03 
2.597509e+03 
2.597509e+03 
2.597509e+03 
2.597509e+03 
2.597509e+03 
2.597509e+03 
2.597509e+03 
2.597509e+03 
2.597509e+03 
2.597509e+03 
2.597509e+03 
2.597509e+03 
2.597509e+03 
2.597509e+03 
2.597509e+03 
2.597509e+03 
2.597509e+03 
2.597509e+03 
2.597509e+03 
2.597509e+03 
2.597509e+03 
2.597509e+03 
2.597509e+03 
2.597509e+03 
2.597509e+03 
2.597509e+03 
2.597509e+03 
2.597509e+03 
2.597509e+03 
2.597509e+03 
2.597509e+03 
2.597509e+03 
2.597509e+03 
2.597509e+03 
2.597509e+03 
2.597509e+03 
2.597509e+03 
2.597509e+03 
2.597509e+03 
2.597509e+03 
2.597509e+03 
2.597509e+03 
2.597509e+03 
2.597509e+03 
2.597509e+03 
2.597509e+03 
2.597509e+03 
2.597509e+03 
2.597509e+03 
2.597509e+03 
2.597509e+03 
2.597509e+03 
2.597509e+03 
2.597509e+03 
2.597509e+03 
2.597509e+03 
2.597509e+03 
2.597509e+03 
2.597509e+03 
2.597509e+03 
2.597509e+03 
2.597509e+03 
2.597509e+03 
2.597509e+03 
2.597509e+03 
2.597509e+03 
2.597509e+03 
2.597509e+03 
2.597509e+03 
2.597509e+03 
2.597509e+03 
2.597509e+03 
2.597509e+03 
2.597509e+03 
2.597509e+03 
2.597509e+03 
2.597509e+03 
2.597509e+03 
2.597509e+03 
2.597509e+03 
2.597509e+03 
2.597509e+03 
2.597509e+03 
2.597509e+03 
2.597509e+03 
2.597509e+03 
2.597509e+03 
2.597509e+03 
2.597509e+03 
2.597509e+03 
2.597509e+03 
2.597509e+03 
2.597509e+03 
2.597509e+03 
2.597509e+03 
2.597509e+03 
2.597509e+03 
2.597509e+03 
2.597509e+03 
2.597509e+03 
2.597509e+03 
2.597509e+03 
2.597509e+03 
2.597509e+03 
2.597509e+03 
2.597509e+03 
2.597509e+03 
2.597509e+03 
2.597509e+03 
2.597509e+03 
2.597509e+03 
2.597509e+03 
2.597509e+03 
2.597509e+03 
2.597509e+03 
2.597509e+03 
2.597509e+03 
2.597509e+03 
2.597509e+03 
2.597509e+03 
2.597509e+03 
2.597509e+03 
2.597509e+03 
2.597509e+03 
2.597509e+03 
2.597509e+03 
2.597509e+03 
2.597509e+03 
2.597509e+03 
2.597509e+03 
2.597509e+03 
2.597509e+03 
2.597509e+03 
2.597509e+03 
2.597509e+03 
2.597509e+03 
2.597509e+03 
2.597509e+03 
2.597509e+03 
2.597509e+03 
2.597509e+03 
2.597509e+03 
2.597509e+03 
2.597509e+03 
2.597509e+03 
2.597509e+03 
2.597509e+03 
2.597509e+03 
2.597509e+03 
2.597509e+03 
2.597509e+03 
2.597509e+03 
2.597509e+03 
2.534318e+03 
2.534318e+03 
2.534318e+03 
2.534318e+03 
2.534318e+03 
2.534318e+03 
2.534318e+03 
2.534318e+03 
2.534318e+03 
2.534318e+03 
2.534318e+03 
2.534318e+03 
2.534318e+03 
2.534318e+03 
2.534318e+03 
2.534318e+03 
2.534318e+03 
2.534318e+03 
2.534318e+03 
2.534318e+03 
2.534318e+03 
2.534318e+03 
2.534318e+03 
2.534318e+03 
2.534318e+03 
2.534318e+03 
2.534318e+03 
2.534318e+03 
2.534318e+03 
2.534318e+03 
2.534318e+03 
2.534318e+03 
2.520192e+03 
2.520192e+03 
2.520192e+03 
2.520192e+03 
2.520192e+03 
2.520192e+03 
2.520192e+03 
2.520192e+03 
2.520192e+03 
2.520192e+03 
2.520192e+03 
2.520192e+03 
2.520192e+03 
2.520192e+03 
2.520192e+03 
2.520192e+03 
2.520192e+03 
2.520192e+03 
2.520192e+03 
2.520192e+03 
2.520192e+03 
2.520192e+03 
2.520192e+03 
2.520192e+03 
2.520192e+03 
2.520192e+03 
2.520192e+03 
2.520192e+03 
2.520192e+03 
2.520192e+03 
2.520192e+03 
2.520192e+03 
2.520192e+03 
2.520192e+03 
2.520192e+03 
2.520192e+03 
2.520192e+03 
2.520192e+03 
2.520192e+03 
2.520192e+03 
2.520192e+03 
2.520192e+03 
2.520192e+03 
2.520192e+03 
2.520192e+03 
2.520192e+03 
2.520192e+03 
2.520192e+03 
2.520192e+03 
2.520192e+03 
2.520192e+03 
2.520192e+03 
2.520192e+03 
2.520192e+03 
2.520192e+03 
2.520192e+03 
2.520192e+03 
2.520192e+03 
2.520192e+03 
2.520192e+03 
2.520192e+03 
2.520192e+03 
2.520192e+03 
2.520192e+03 
2.520192e+03 
2.520192e+03 
2.520192e+03 
2.520192e+03 
2.520192e+03 
2.520192e+03 
2.520192e+03 
2.520192e+03 
2.520192e+03 
2.520192e+03 
2.520192e+03 
2.520192e+03 
2.415331e+03 
2.415331e+03 
2.415331e+03 
2.336652e+03 
2.336652e+03 
2.336652e+03 
2.336652e+03 
2.336652e+03 
2.336652e+03 
2.106249e+03 
2.106249e+03 
1.336992e+03 
1.336992e+03 
1.336992e+03 
1.336992e+03 
1.336992e+03 
1.336992e+03 
1.336992e+03 
1.336992e+03 
1.336992e+03 
1.336992e+03 
1.336992e+03 
1.336992e+03 
1.336992e+03 
1.336992e+03 
1.336992e+03 
1.336992e+03 
1.336992e+03 
1.336992e+03 
1.336992e+03 
1.336992e+03 
1.336992e+03 
1.336992e+03 
1.336992e+03 
1.336992e+03 
1.336992e+03 
1.336992e+03 
1.336992e+03 
1.336992e+03 
1.336992e+03 
1.336992e+03 
1.336992e+03 
1.336992e+03 
1.336992e+03 
1.336992e+03 
1.336992e+03 
1.336992e+03 
1.336992e+03 
1.336992e+03 
1.336992e+03 
1.336992e+03 
1.336992e+03 
1.336992e+03 
1.336992e+03 
1.336992e+03 
1.336992e+03 
1.336992e+03 
1.336992e+03 
1.336992e+03 
1.336992e+03 
1.336992e+03 
1.336992e+03 
1.336992e+03 
1.336992e+03 
1.336992e+03 
1.336992e+03 
1.336992e+03 
1.336992e+03 
1.336992e+03 
1.336992e+03 
1.336992e+03 
1.336992e+03 
1.336992e+03 
1.336992e+03 
1.336992e+03 
1.336992e+03 
1.336992e+03 
1.336992e+03 
1.336992e+03 
1.336992e+03 
1.336992e+03 
1.336992e+03 
1.336992e+03 
1.336992e+03 
1.336992e+03 
1.336992e+03 
1.336992e+03 
1.336992e+03 
1.336992e+03 
1.336992e+03 
1.336992e+03 
1.336992e+03 
1.336992e+03 
1.336992e+03 
1.336992e+03 
1.336992e+03 
1.336992e+03 
1.336992e+03 
1.336992e+03 
1.336992e+03 
1.336992e+03 
1.336992e+03 
1.336992e+03 
1.336992e+03 
1.336992e+03 
1.336992e+03 
1.336992e+03 
1.336992e+03 
1.336992e+03 
1.336992e+03 
1.336992e+03 
1.336992e+03 
1.336992e+03 
1.336992e+03 
1.336992e+03 
1.336992e+03 
1.336992e+03 
1.336992e+03 
1.336992e+03 
1.336992e+03 
1.336992e+03 
1.251048e+03 
1.251048e+03 
1.251048e+03 
1.251048e+03 
1.251048e+03 
1.251048e+03 
1.251048e+03 
1.251048e+03 
1.138178e+03 
1.138178e+03 
1.138178e+03 
1.138178e+03 
1.138178e+03 
1.138178e+03 
1.138178e+03 
1.138178e+03 
1.138178e+03 
1.138178e+03 
1.138178e+03 
1.138178e+03 
1.138178e+03 
1.138178e+03 
1.138178e+03 
1.138178e+03 
1.138178e+03 
1.138178e+03 
1.090977e+03 
1.090977e+03 
1.090977e+03 
1.090977e+03 
1.090977e+03 
9.811433e+02 
9.770161e+02 
9.770161e+02 
9.218406e+02 
9.218406e+02 
9.218406e+02 
9.179832e+02 
9.129376e+02 
9.129376e+02 
9.129376e+02 
9.129376e+02 
9.129376e+02 
9.129376e+02 
9.129376e+02 
9.129376e+02 
9.129376e+02 
9.129376e+02 
9.129376e+02 
9.129376e+02 
9.129376e+02 
9.129376e+02 
9.129376e+02 
9.129376e+02 
9.045852e+02 
8.978657e+02 
8.935067e+02 
8.906587e+02 
8.887818e+02 
8.875324e+02 
8.866911e+02 
8.861176e+02 
8.857214e+02 
8.854439e+02 
8.852469e+02 
8.851051e+02 
8.850017e+02 
8.849254e+02 
8.848685e+02 
8.848257e+02 
8.847932e+02 
8.847683e+02 
8.847492e+02 
8.847344e+02 
8.847230e+02 
8.847140e+02 
8.847070e+02 
8.847016e+02 
8.846973e+02 
8.846939e+02 
8.846913e+02 
8.846892e+02 
8.846876e+02 
8.846863e+02 
8.846853e+02 
8.846845e+02 
8.846839e+02 
8.846834e+02 
8.846830e+02 
8.846827e+02 
8.846824e+02 
8.846822e+02 
8.846821e+02 
8.846820e+02 
8.846819e+02 
8.846818e+02 
8.846817e+02 
8.846817e+02 
8.846817e+02 
8.846816e+02 
8.846816e+02 
8.846816e+02 
8.846816e+02 
8.846816e+02 
8.846816e+02 
8.846816e+02 
8.846815e+02 
8.846815e+02 
8.846815e+02 
8.846815e+02 
8.846815e+02 
8.846815e+02 
8.846815e+02 
8.846815e+02 
8.846815e+02 
8.846815e+02 
8.846815e+02 
8.846815e+02 
8.846815e+02 
8.846815e+02 
8.846815e+02 
8.846815e+02 
8.846815e+02 
8.846815e+02 
8.846815e+02 
8.846815e+02 
8.846815e+02 
8.846815e+02 
8.846815e+02 
8.846815e+02 
8.846815e+02 
8.846815e+02 
8.846815e+02 
8.846815e+02 
8.846815e+02 
8.846815e+02 
8.846815e+02 
8.846815e+02 
8.846815e+02 
8.846815e+02 
8.846815e+02 
8.846815e+02 
8.846815e+02 
8.846815e+02 
8.846815e+02 
8.846815e+02 
8.846815e+02 
8.783237e+02 
8.783237e+02 
8.783237e+02 
8.783237e+02 
8.783237e+02 
8.783237e+02 
8.426926e+02 
8.330816e+02 
8.055669e+02 
8.055669e+02 
6.127540e+02 
6.127540e+02 
6.127540e+02 
5.894881e+02 
5.894881e+02 
5.894881e+02 
5.894881e+02 
5.894881e+02 
5.894881e+02 
5.894881e+02 
5.894881e+02 
5.875971e+02 
5.875971e+02 
5.875971e+02 
5.875971e+02 
5.875971e+02 
5.875971e+02 
5.875971e+02 
5.026041e+02 
5.026041e+02 
5.026041e+02 
5.026041e+02 
5.026041e+02 
5.026041e+02 
5.026041e+02 
5.026041e+02 
5.026041e+02 
5.026041e+02 
5.026041e+02 
5.026041e+02 
5.026041e+02 
5.026041e+02 
5.026041e+02 
5.026041e+02 
5.026041e+02 
5.026041e+02 
5.026041e+02 
5.026041e+02 
5.026041e+02 
5.026041e+02 
5.026041e+02 
5.026041e+02 
5.026041e+02 
5.026041e+02 
5.026041e+02 
5.026041e+02 
5.026041e+02 
5.026041e+02 
5.026041e+02 
5.026041e+02 
5.026041e+02 
5.026041e+02 
5.026041e+02 
5.026041e+02 
5.026041e+02 
5.026041e+02 
5.026041e+02 
5.026041e+02 
5.026041e+02 
5.026041e+02 
5.026041e+02 
5.026041e+02 
5.026041e+02 
5.026041e+02 
5.026041e+02 
5.026041e+02 
5.026041e+02 
5.026041e+02 
5.026041e+02 
5.026041e+02 
5.026041e+02 
5.026041e+02 
5.026041e+02 
5.026041e+02 
5.026041e+02 
5.026041e+02 
5.026041e+02 
5.026041e+02 
5.026041e+02 
5.026041e+02 
5.026041e+02 
5.026041e+02 
5.026041e+02 
5.026041e+02 
5.026041e+02 
5.026041e+02 
5.026041e+02 
5.026041e+02 
5.026041e+02 
5.026041e+02 
5.026041e+02 
5.026041e+02 
5.026041e+02 
5.026041e+02 
5.026041e+02 
5.026041e+02 
5.026041e+02 
5.026041e+02 
5.026041e+02 
5.026041e+02 
5.026041e+02 
5.026041e+02 
5.026041e+02 
5.026041e+02 
5.026041e+02 
5.026041e+02 
5.026041e+02 
5.026041e+02 
5.026041e+02 
5.026041e+02 
5.026041e+02 
5.026041e+02 
5.026041e+02 
5.026041e+02 
5.026041e+02 
5.026041e+02 
5.026041e+02 
5.026041e+02 
5.026041e+02 
5.026041e+02 
5.026041e+02 
5.026041e+02 
5.026041e+02 
5.026041e+02 
5.026041e+02 
5.026041e+02 
5.026041e+02 
5.026041e+02 
5.026041e+02 
5.026041e+02 
5.026041e+02 
5.026041e+02 
5.026041e+02 
5.026041e+02 
5.026041e+02 
5.026041e+02 
5.026041e+02 
5.026041e+02 
5.026041e+02 
5.026041e+02 
5.026041e+02 
5.026041e+02 
5.026041e+02 
5.026041e+02 
5.026041e+02 
5.026041e+02 
5.026041e+02 
5.026041e+02 
5.026041e+02 
5.026041e+02 
5.026041e+02 
5.026041e+02 
5.026041e+02 
5.026041e+02 
5.026041e+02 
5.026041e+02 
5.026041e+02 
5.026041e+02 
5.026041e+02 
5.026041e+02 
5.026041e+02 
5.026041e+02 
5.026041e+02 
5.026041e+02 
5.026041e+02 
5.026041e+02 
5.026041e+02 
5.026041e+02 
5.026041e+02 
5.026041e+02 
5.026041e+02 
5.026041e+02 
5.026041e+02 
5.026041e+02 
5.026041e+02 
5.026041e+02 
5.026041e+02 
5.026041e+02 
5.026041e+02 
5.026041e+02 
5.026041e+02 
5.026041e+02 
5.026041e+02 
5.026041e+02 
5.026041e+02 
5.026041e+02 
5.026041e+02 
5.026041e+02 
5.026041e+02 
5.026041e+02 
5.026041e+02 
5.026041e+02 
5.026041e+02 
5.026041e+02 
5.026041e+02 
5.026041e+02 
5.026041e+02 
5.026041e+02 
5.026041e+02 
5.026041e+02 
5.026041e+02 
5.026041e+02 
5.026041e+02 
5.026041e+02 
5.026041e+02 
5.026041e+02 
5.026041e+02 
5.026041e+02 
5.026041e+02 
5.026041e+02 
5.026041e+02 
5.026041e+02 
5.026041e+02 
5.026041e+02 
5.026041e+02 
5.026041e+02 
5.026041e+02 
5.026041e+02 
5.026041e+02 
5.026041e+02 
5.026041e+02 
5.026041e+02 
5.026041e+02 
5.026041e+02 
5.026041e+02 
5.026041e+02 
5.026041e+02 
5.026041e+02 
5.026041e+02 
5.026041e+02 
5.026041e+02 
5.026041e+02 
5.026041e+02 
5.026041e+02 
5.026041e+02 
5.026041e+02 
5.026041e+02 
5.026041e+02 
5.026041e+02 
5.026041e+02 
5.026041e+02 
5.026041e+02 
5.026041e+02 
5.026041e+02 
5.026041e+02 
5.026041e+02 
5.026041e+02 
5.026041e+02 
5.026041e+02 
5.026041e+02 
5.026041e+02 
5.026041e+02 
5.026041e+02 
5.026041e+02 
5.026041e+02 
5.026041e+02 
5.026041e+02 
5.026041e+02 
5.026041e+02 
5.026041e+02 
5.026041e+02 
5.026041e+02 
5.026041e+02 
5.026041e+02 
5.026041e+02 
5.026041e+02 
5.026041e+02 
5.026041e+02 
5.026041e+02 
5.026041e+02 
5.026041e+02 
5.026041e+02 
5.026041e+02 
5.026041e+02 
5.026041e+02 
5.026041e+02 
5.026041e+02 
5.026041e+02 
5.026041e+02 
5.026041e+02 
5.026041e+02 
5.026041e+02 
5.026041e+02 
5.026041e+02 
5.026041e+02 
5.026041e+02 
5.026041e+02 
5.026041e+02 
5.026041e+02 
5.026041e+02 
5.026041e+02 
5.026041e+02 
5.026041e+02 
5.026041e+02 
5.026041e+02 
5.026041e+02 
5.026041e+02 
5.026041e+02 
5.026041e+02 
5.026041e+02 
5.026041e+02 
5.026041e+02 
5.026041e+02 
5.026041e+02 
5.026041e+02 
5.026041e+02 
5.026041e+02 
5.026041e+02 
5.026041e+02 
5.026041e+02 
5.026041e+02 
5.026041e+02 
5.026041e+02 
5.026041e+02 
5.026041e+02 
5.026041e+02 
5.026041e+02 
5.026041e+02 
5.026041e+02 
5.026041e+02 
5.026041e+02 
5.026041e+02 
5.026041e+02 
5.026041e+02 
5.026041e+02 
5.026041e+02 
5.026041e+02 
5.026041e+02 
5.026041e+02 
5.026041e+02 
5.026041e+02 
5.026041e+02 
5.026041e+02 
5.026041e+02 
5.026041e+02 
5.026041e+02 
5.026041e+02 
5.026041e+02 
5.026041e+02 
5.026041e+02 
5.026041e+02 
5.026041e+02 
5.026041e+02 
5.026041e+02 
5.026041e+02 
5.026041e+02 
5.026041e+02 
5.026041e+02 
5.026041e+02 
5.026041e+02 
5.026041e+02 
5.026041e+02 
5.026041e+02 
5.026041e+02 
5.026041e+02 
5.026041e+02 
5.026041e+02 
5.026041e+02 
5.026041e+02 
5.026041e+02 
5.026041e+02 
5.026041e+02 
5.026041e+02 
5.026041e+02 
5.026041e+02 
5.026041e+02 
5.026041e+02 
5.026041e+02 
5.026041e+02 
5.026041e+02 
5.026041e+02 
5.026041e+02 
5.026041e+02 
5.026041e+02 
5.026041e+02 
5.026041e+02 
5.026041e+02 
5.026041e+02 
5.026041e+02 
5.026041e+02 
5.026041e+02 
5.026041e+02 
5.026041e+02 
5.026041e+02 
5.026041e+02 
5.026041e+02 
5.026041e+02 
5.026041e+02 
5.026041e+02 
5.026041e+02 
5.026041e+02 
5.026041e+02 
5.026041e+02 
5.026041e+02 
5.026041e+02 
5.026041e+02 
5.026041e+02 
5.026041e+02 
5.026041e+02 
5.026041e+02 
5.026041e+02 
5.026041e+02 
5.026041e+02 
5.026041e+02 
5.026041e+02 
5.026041e+02 
5.026041e+02 
5.026041e+02 
5.026041e+02 
5.026041e+02 
5.026041e+02 
5.026041e+02 
5.026041e+02 
5.026041e+02 
5.026041e+02 
5.026041e+02 
5.026041e+02 
5.026041e+02 
5.026041e+02 
5.026041e+02 
5.026041e+02 
5.026041e+02 
5.026041e+02 
5.026041e+02 
5.026041e+02 
5.026041e+02 
5.026041e+02 
5.026041e+02 
5.026041e+02 
5.026041e+02 
5.026041e+02 
5.026041e+02 
5.026041e+02 
5.026041e+02 
5.026041e+02 
5.026041e+02 
5.026041e+02 
5.026041e+02 
5.026041e+02 
5.026041e+02 
5.026041e+02 
5.026041e+02 
5.026041e+02 
5.026041e+02 
5.026041e+02 
5.026041e+02 
5.026041e+02 
5.026041e+02 
5.026041e+02 
5.026041e+02 
5.026041e+02 
5.026041e+02 
5.026041e+02 
5.026041e+02 
5.026041e+02 
5.026041e+02 
5.026041e+02 
5.026041e+02 
5.026041e+02 
5.026041e+02 
5.026041e+02 
5.026041e+02 
5.026041e+02 
5.026041e+02 
5.026041e+02 
5.026041e+02 
5.026041e+02 
5.026041e+02 
5.026041e+02 
5.026041e+02 
5.026041e+02 
5.026041e+02 
5.026041e+02 
5.026041e+02 
5.026041e+02 
5.026041e+02 
5.016969e+02 
5.016248e+02 
5.016248e+02 
5.016248e+02 
5.014052e+02 
5.013133e+02 
5.013133e+02 
5.013133e+02 
5.013133e+02 
5.013133e+02 
5.011736e+02 
5.011736e+02 
5.011736e+02 
5.011736e+02 
5.011736e+02 
5.011736e+02 
5.011736e+02 
5.011736e+02 
5.011736e+02 
5.011736e+02 
5.011736e+02 
5.011736e+02 
5.011736e+02 
5.011736e+02 
5.011736e+02 
5.011736e+02 
5.011736e+02 
5.011687e+02 
5.011687e+02 
5.011687e+02 
5.011687e+02 
5.011687e+02 
5.011687e+02 
5.011687e+02 
5.011687e+02 
5.011687e+02 
5.011687e+02 
5.011687e+02 
5.011687e+02 
5.011687e+02 
5.011687e+02 
5.011687e+02 
5.011687e+02 
5.011687e+02 
5.011687e+02 
5.011687e+02 
5.011687e+02 
5.011687e+02 
5.011687e+02 
5.011687e+02 
5.011687e+02 
5.011687e+02 
5.011687e+02 
5.011687e+02 
5.011687e+02 
5.011687e+02 
5.011687e+02 
5.011687e+02 
5.011687e+02 
5.011667e+02 
5.011667e+02 
5.011667e+02 
5.011667e+02 
5.011667e+02 
5.011667e+02 
5.011667e+02 
5.011667e+02 
5.011666e+02 
5.011666e+02 
5.011662e+02 
5.011662e+02 
5.011662e+02 
5.011662e+02 
5.011662e+02 
5.011662e+02 
5.011662e+02 
5.011662e+02 
5.011662e+02 
5.011662e+02 
5.011662e+02 
5.011662e+02 
5.011662e+02 
5.011662e+02 
5.011662e+02 
5.011662e+02 
5.011662e+02 
5.011662e+02 
5.011662e+02 
5.011662e+02 
5.011662e+02 
5.011662e+02 
5.011662e+02 
5.011662e+02 
5.011662e+02 
5.011662e+02 
5.011662e+02 
5.011662e+02 
5.011662e+02 
5.011662e+02 
5.011662e+02 
5.011662e+02 
5.011662e+02 
5.011662e+02 
5.011662e+02 
5.011662e+02 
5.011662e+02 
5.011662e+02 
5.011662e+02 
5.011662e+02 
4.889779e+02 
4.889779e+02 
4.889779e+02 
4.444196e+02 
4.444196e+02 
4.444196e+02 
4.444196e+02 
4.444196e+02 
4.444196e+02 
4.444196e+02 
4.444196e+02 
4.444196e+02 
4.444196e+02 
3.894057e+02 
3.894057e+02 
3.894057e+02 
3.894057e+02 
3.894057e+02 
3.894057e+02 
3.894057e+02 
3.894057e+02 
3.655200e+02 
3.655200e+02 
3.655200e+02 
3.655200e+02 
3.632831e+02 
3.632831e+02 
3.632831e+02 
3.632831e+02 
3.632831e+02 
3.632831e+02 
3.632831e+02 
3.632831e+02 
3.632831e+02 
3.632831e+02 
3.632831e+02 
3.632831e+02 
3.632831e+02 
3.613428e+02 
3.613428e+02 
3.559898e+02 
3.559898e+02 
3.559898e+02 
3.559898e+02 
3.544078e+02 
3.544078e+02 
3.544078e+02 
3.544078e+02 
3.544078e+02 
3.544078e+02 
3.544078e+02 
3.544078e+02 
3.544078e+02 
3.544078e+02 
3.544078e+02 
3.544078e+02 
3.544078e+02 
3.544078e+02 
3.544078e+02 
3.544078e+02 
3.544078e+02 
3.544078e+02 
3.544078e+02 
3.544078e+02 
3.544078e+02 
3.544078e+02 
3.544078e+02 
3.544078e+02 
3.544078e+02 
3.544078e+02 
3.544078e+02 
3.544078e+02 
3.544078e+02 
3.544078e+02 
3.544078e+02 
3.544078e+02 
3.544078e+02 
3.544078e+02 
3.544078e+02 
3.544078e+02 
3.544078e+02 
3.544078e+02 
3.544078e+02 
3.544078e+02 
3.544078e+02 
3.544078e+02 
3.544078e+02 
3.544078e+02 
3.544078e+02 
3.544078e+02 
3.544078e+02 
3.544078e+02 
3.544078e+02 
3.544078e+02 
3.544078e+02 
3.544078e+02 
3.544078e+02 
3.544078e+02 
3.544078e+02 
3.544078e+02 
3.544078e+02 
3.544078e+02 
3.544078e+02 
3.544078e+02 
3.544078e+02 
3.544078e+02 
3.544078e+02 
3.544078e+02 
3.544078e+02 
3.544078e+02 
3.544078e+02 
3.544078e+02 
3.544078e+02 
3.544078e+02 
3.544078e+02 
3.544078e+02 
3.544078e+02 
3.544078e+02 
3.544078e+02 
3.544078e+02 
3.544078e+02 
3.544078e+02 
3.544078e+02 
2.362332e+02 
2.362332e+02 
2.362332e+02 
2.362332e+02 
2.362332e+02 
2.362332e+02 
2.362332e+02 
2.362332e+02 
1.849781e+02 
1.849781e+02 
1.849781e+02 
1.849781e+02 
1.849781e+02 
1.849781e+02 
1.798623e+02 
1.798623e+02 
1.798623e+02 
1.798623e+02 
1.798623e+02 
1.798623e+02 
1.798623e+02 
1.798623e+02 
1.798623e+02 
1.798623e+02 
1.798623e+02 
1.798623e+02 
1.798623e+02 
1.798623e+02 
1.798623e+02 
1.798623e+02 
1.798623e+02 
1.798623e+02 
1.798623e+02 
1.798623e+02 
1.798623e+02 
1.798623e+02 
1.798623e+02 
1.798623e+02 
1.798623e+02 
1.798623e+02 
1.798623e+02 
1.798623e+02 
1.798623e+02 
1.798623e+02 
1.798623e+02 
1.798623e+02 
1.798623e+02 
1.798623e+02 
1.754452e+02 
1.754452e+02 
1.754452e+02 
1.754452e+02 
1.754452e+02 
1.754452e+02 
1.754452e+02 
1.754452e+02 
1.754452e+02 
1.754452e+02 
1.754452e+02 
1.754452e+02 
1.754452e+02 
1.723001e+02 
1.723001e+02 
1.723001e+02 
1.723001e+02 
1.684571e+02 
1.684571e+02 
1.684571e+02 
1.684571e+02 
1.684571e+02 
1.684571e+02 
1.684571e+02 
1.684571e+02 
1.684571e+02 
1.684571e+02 
1.684571e+02 
1.684571e+02 
1.683545e+02 
1.683545e+02 
1.677643e+02 
1.677643e+02 
1.677643e+02 
1.677643e+02 
1.677643e+02 
1.677643e+02 
1.677643e+02 
1.677643e+02 
1.677643e+02 
1.677643e+02 
1.677643e+02 
1.677643e+02 
1.677643e+02 
1.677643e+02 
1.677643e+02 
1.677643e+02 
1.677643e+02 
1.677643e+02 
1.677643e+02 
1.677643e+02 
1.677643e+02 
1.677643e+02 
1.677643e+02 
1.677643e+02 
1.677643e+02 
1.677643e+02 
1.677643e+02 
1.677643e+02 
1.677571e+02 
1.677571e+02 
1.676057e+02 
1.676057e+02 
1.676057e+02 
1.675131e+02 
1.675131e+02 
1.674497e+02 
1.674497e+02 
1.674497e+02 
1.674497e+02 
1.674497e+02 
1.674497e+02 
1.674497e+02 
1.674497e+02 
1.674497e+02 
1.674497e+02 
1.674497e+02 
1.674497e+02 
1.674497e+02 
1.674497e+02 
1.674497e+02 
1.674497e+02 
1.674497e+02 
1.674497e+02 
1.674497e+02 
1.674497e+02 
1.674497e+02 
1.674497e+02 
1.674497e+02 
1.674497e+02 
1.674497e+02 
1.674497e+02 
1.674497e+02 
1.674497e+02 
1.674497e+02 
1.674497e+02 
1.674497e+02 
1.674497e+02 
1.674497e+02 
1.674497e+02 
1.674497e+02 
1.674497e+02 
1.674497e+02 
1.674497e+02 
1.674497e+02 
1.674497e+02 
1.674497e+02 
1.674497e+02 
1.674497e+02 
1.674497e+02 
1.674497e+02 
1.674497e+02 
1.674497e+02 
1.674345e+02 
1.674345e+02 
1.674345e+02 
1.674345e+02 
1.673692e+02 
1.673182e+02 
1.672954e+02 
1.672868e+02 
1.672849e+02 
1.672849e+02 
1.672428e+02 
1.672204e+02 
1.672091e+02 
1.672037e+02 
1.672013e+02 
1.672004e+02 
1.672002e+02 
1.672002e+02 
1.672002e+02 
1.672002e+02 
1.672002e+02 
1.672002e+02 
1.672002e+02 
1.671984e+02 
1.671956e+02 
1.671935e+02 
1.671920e+02 
1.671909e+02 
1.671901e+02 
1.671894e+02 
1.671890e+02 
1.671887e+02 
1.671884e+02 
1.671882e+02 
1.671881e+02 
1.671880e+02 
1.671879e+02 
1.671879e+02 
1.671878e+02 
1.671878e+02 
1.671878e+02 
1.671878e+02 
1.671877e+02 
1.671877e+02 
1.671877e+02 
1.671877e+02 
1.671877e+02 
1.671877e+02 
1.671877e+02 
1.671877e+02 
1.671877e+02 
1.671877e+02 
1.671877e+02 
1.671877e+02 
1.671877e+02 
1.671877e+02 
1.671877e+02 
1.671877e+02 
1.671877e+02 
1.671877e+02 
1.671877e+02 
1.671877e+02 
1.671877e+02 
1.671877e+02 
1.671877e+02 
1.671877e+02 
1.671877e+02 
1.671877e+02 
1.671877e+02 
1.671877e+02 
1.671877e+02 
1.671877e+02 
1.671877e+02 
1.671877e+02 
1.671877e+02 
1.671877e+02 
1.671877e+02 
1.568337e+02 
1.498866e+02 
1.498866e+02 
1.498866e+02 
1.498866e+02 
1.498866e+02 
1.498866e+02 
1.498866e+02 
1.498866e+02 
1.498866e+02 
1.498866e+02 
1.498866e+02 
1.498866e+02 
1.498866e+02 
1.312759e+02 
1.312759e+02 
1.312759e+02 
1.283379e+02 
1.283379e+02 
1.283379e+02 
1.283379e+02 
1.283379e+02 
1.283379e+02 
1.283379e+02 
1.283379e+02 
1.283379e+02 
1.283379e+02 
1.283379e+02 
1.283379e+02 
1.283379e+02 
1.283379e+02 
1.283379e+02 
1.283379e+02 
1.283379e+02 
1.283379e+02 
1.283379e+02 
1.283379e+02 
1.283379e+02 
1.283379e+02 
1.283379e+02 
1.283379e+02 
1.283379e+02 
1.283379e+02 
1.283379e+02 
1.283379e+02 
1.283379e+02 
1.283379e+02 
1.283379e+02 
1.283379e+02 
1.283379e+02 
1.283379e+02 
1.283379e+02 
1.283379e+02 
1.283379e+02 
1.283379e+02 
1.283379e+02 
1.283379e+02 
1.283379e+02 
1.283379e+02 
1.283379e+02 
1.283379e+02 
1.283379e+02 
1.283379e+02 
1.283379e+02 
1.283379e+02 
1.283379e+02 
1.283379e+02 
1.283379e+02 
1.283379e+02 
1.283379e+02 
1.283379e+02 
1.283379e+02 
1.283379e+02 
1.283379e+02 
1.283379e+02 
1.283379e+02 
1.283379e+02 
1.283379e+02 
1.283379e+02 
1.283379e+02 
1.283379e+02 
1.283379e+02 
1.283379e+02 
1.283379e+02 
1.283379e+02 
1.283379e+02 
1.283379e+02 
1.283379e+02 
1.283379e+02 
1.283379e+02 
1.283379e+02 
1.177345e+02 
1.177345e+02 
1.177345e+02 
1.177345e+02 
1.177345e+02 
1.177345e+02 
1.177345e+02 
1.177345e+02 
1.177345e+02 
1.177345e+02 
1.177345e+02 
1.177345e+02 
1.177345e+02 
1.177345e+02 
1.177345e+02 
1.177345e+02 
1.177345e+02 
1.177345e+02 
1.177345e+02 
1.177345e+02 
1.177345e+02 
1.177345e+02 
1.157659e+02 
1.157659e+02 
1.157659e+02 
1.157659e+02 
1.157659e+02 
1.157659e+02 
1.157659e+02 
1.157659e+02 
1.157659e+02 
1.157659e+02 
1.157659e+02 
1.157659e+02 
1.157659e+02 
1.157659e+02 
1.157659e+02 
1.157659e+02 
1.157659e+02 
1.157659e+02 
1.157659e+02 
1.157659e+02 
1.157659e+02 
1.157659e+02 
1.157659e+02 
1.157659e+02 
1.157659e+02 
1.157659e+02 
1.157659e+02 
1.157659e+02 
1.157659e+02 
1.157659e+02 
1.157659e+02 
1.157659e+02 
1.157659e+02 
1.157659e+02 
1.157659e+02 
1.157659e+02 
1.157659e+02 
1.157659e+02 
1.157659e+02 
1.157659e+02 
1.157659e+02 
1.157659e+02 
1.157659e+02 
1.157659e+02 
1.157659e+02 
1.157659e+02 
1.157659e+02 
1.157659e+02 
1.157659e+02 
1.157659e+02 
1.157659e+02 
1.157659e+02 
1.098016e+02 
1.020955e+02 
1.020955e+02 
1.020955e+02 
1.020955e+02 
1.020955e+02 
1.020955e+02 
1.020955e+02 
1.020955e+02 
1.020955e+02 
1.020955e+02 
8.652009e+01 
8.652009e+01 
8.652009e+01 
8.652009e+01 
8.652009e+01 
8.652009e+01 
8.652009e+01 
8.652009e+01 
8.652009e+01 
8.652009e+01 
8.652009e+01 
8.652009e+01 
8.652009e+01 
8.652009e+01 
8.652009e+01 
8.652009e+01 
8.652009e+01 
8.652009e+01 
8.652009e+01 
8.652009e+01 
8.652009e+01 
8.652009e+01 
8.652009e+01 
8.652009e+01 
8.652009e+01 
8.652009e+01 
8.652009e+01 
8.652009e+01 
8.652009e+01 
8.652009e+01 
7.909619e+01 
7.909619e+01 
7.474597e+01 
7.474597e+01 
7.474597e+01 
7.474597e+01 
7.254357e+01 
7.254357e+01 
7.254357e+01 
7.254357e+01 
7.254357e+01 
7.254357e+01 
7.254357e+01 
7.254357e+01 
7.254357e+01 
7.254357e+01 
7.254357e+01 
7.254357e+01 
7.254357e+01 
7.254357e+01 
7.254357e+01 
7.197313e+01 
7.197313e+01 
7.197313e+01 
7.197313e+01 
7.197313e+01 
7.197313e+01 
7.197313e+01 
7.197313e+01 
7.197313e+01 
7.197313e+01 
7.197313e+01 
7.197313e+01 
7.197313e+01 
7.165617e+01 
7.085654e+01 
7.035414e+01 
7.003064e+01 
6.981754e+01 
6.967432e+01 
6.957640e+01 
6.950852e+01 
6.946093e+01 
6.942728e+01 
6.940333e+01 
6.938619e+01 
6.937389e+01 
6.936503e+01 
6.935865e+01 
6.935403e+01 
6.935069e+01 
6.934828e+01 
6.934653e+01 
6.934526e+01 
6.934434e+01 
6.934368e+01 
5.127381e+01 
4.916898e+01 
4.916898e+01 
4.916898e+01 
4.605824e+01 
3.906092e+01 
3.906092e+01 
3.906092e+01 
2.801864e+01 
2.801864e+01 
2.801864e+01 
2.801864e+01 
2.801864e+01 
2.801864e+01 
2.801864e+01 
2.801864e+01 
2.801864e+01 
2.801864e+01 
2.801864e+01 
2.801864e+01 
2.801864e+01 
2.801864e+01 
2.786174e+01 
2.786174e+01 
2.786174e+01 
2.786174e+01 
2.786174e+01 
2.786174e+01 
2.786174e+01 
2.786174e+01 
2.786174e+01 
2.786174e+01 
2.786174e+01 
2.786174e+01 
2.786174e+01 
2.786174e+01 
2.786174e+01 
2.786174e+01 
2.786174e+01 
2.786174e+01 
2.786174e+01 
2.786174e+01 
2.786174e+01 
2.786174e+01 
2.786174e+01 
2.786174e+01 
2.786174e+01 
2.786174e+01 
2.786174e+01 
2.786174e+01 
2.786174e+01 
2.786174e+01 
2.786174e+01 
2.786174e+01 
2.786174e+01 
2.786174e+01 
2.786174e+01 
2.786174e+01 
2.786174e+01 
2.786174e+01 
2.786174e+01 
2.786174e+01 
2.786174e+01 
2.583275e+01 
2.583275e+01 
2.528882e+01 
2.528882e+01 
2.528882e+01 
2.528882e+01 
2.528882e+01 
2.330627e+01 
2.330627e+01 
2.330627e+01 
2.330627e+01 
2.330627e+01 
2.330627e+01 
2.330627e+01 
2.330627e+01 
2.330627e+01 
2.330627e+01 
2.330627e+01 
2.330627e+01 
2.141630e+01 
2.141630e+01 
2.141630e+01 
2.141630e+01 
2.141630e+01 
2.141630e+01 
2.141630e+01 
2.141630e+01 
2.141630e+01 
2.141630e+01 
2.141630e+01 
2.141630e+01 
2.141630e+01 
2.141630e+01 
2.141630e+01 
2.141630e+01 
2.141630e+01 
2.141630e+01 
2.141630e+01 
2.141630e+01 
2.141630e+01 
2.141630e+01 
2.141630e+01 
2.141630e+01 
2.141630e+01 
2.141630e+01 
2.141630e+01 
2.141630e+01 
2.141630e+01 
2.141630e+01 
2.141630e+01 
2.141630e+01 
2.141630e+01 
2.081222e+01 
1.995985e+01 
1.995985e+01 
1.995985e+01 
1.995985e+01 
1.995985e+01 
1.995985e+01 
1.995985e+01 
1.995985e+01 
1.995985e+01 
1.995985e+01 
1.924881e+01 
1.924881e+01 
1.924881e+01 
1.924534e+01 
1.924534e+01 
1.924534e+01 
1.924534e+01 
1.924534e+01 
1.924534e+01 
1.924534e+01 
1.924534e+01 
1.903455e+01 
1.903455e+01 
1.903433e+01 
1.903433e+01 
1.903433e+01 
1.903433e+01 
1.903433e+01 
1.903433e+01 
1.889877e+01 
1.889877e+01 
1.889877e+01 
1.889877e+01 
1.889877e+01 
1.889877e+01 
1.889877e+01 
1.889877e+01 
1.889877e+01 
1.886285e+01 
1.886285e+01 
1.865288e+01 
1.865288e+01 
1.860651e+01 
1.860651e+01 
1.860651e+01 
1.860651e+01 
1.860651e+01 
1.860651e+01 
1.860651e+01 
1.860651e+01 
1.860651e+01 
1.860651e+01 
1.855203e+01 
1.855203e+01 
1.833192e+01 
1.826750e+01 
1.818773e+01 
1.818773e+01 
1.818773e+01 
1.818773e+01 
1.818773e+01 
1.818773e+01 
1.818773e+01 
1.818773e+01 
1.818773e+01 
1.818773e+01 
1.818773e+01 
1.818773e+01 
1.798577e+01 
1.798577e+01 
1.798577e+01 
1.798577e+01 
1.798577e+01 
1.798577e+01 
1.798577e+01 
1.793692e+01 
1.793692e+01 
1.790503e+01 
1.790503e+01 
1.790503e+01 
1.790503e+01 
1.790503e+01 
1.790503e+01 
1.757106e+01 
1.757106e+01 
1.757106e+01 
1.757106e+01 
1.757106e+01 
1.757106e+01 
1.757106e+01 
1.757106e+01 
1.757106e+01 
1.757106e+01 
1.755834e+01 
1.755834e+01 
1.753607e+01 
1.753607e+01 
1.753607e+01 
1.753607e+01 
1.753607e+01 
1.753607e+01 
1.753607e+01 
1.753607e+01 
1.753607e+01 
1.753607e+01 
1.753607e+01 
1.658082e+01 
1.658082e+01 
1.658082e+01 
1.658082e+01 
1.658082e+01 
1.578925e+01 
1.578925e+01 
1.578925e+01 
1.578925e+01 
1.578925e+01 
1.578925e+01 
1.578925e+01 
1.578925e+01 
1.578925e+01 
1.578925e+01 
1.578925e+01 
1.559009e+01 
1.559009e+01 
1.559009e+01 
1.559009e+01 
1.544431e+01 
1.544431e+01 
1.544431e+01 
1.544431e+01 
1.544431e+01 
1.544431e+01 
1.544431e+01 
1.544431e+01 
1.544431e+01 
1.544431e+01 
1.544431e+01 
1.544431e+01 
1.544431e+01 
1.544431e+01 
1.544431e+01 
1.544431e+01 
1.544431e+01 
1.544431e+01 
1.544431e+01 
1.544431e+01 
1.544431e+01 
1.544431e+01 
1.544431e+01 
1.544431e+01 
1.536212e+01 
1.536212e+01 
1.536212e+01 
1.521213e+01 
1.521213e+01 
1.521213e+01 
1.518014e+01 
1.491898e+01 
1.491898e+01 
1.452680e+01 
1.452680e+01 
1.452680e+01 
1.452680e+01 
1.452680e+01 
1.452680e+01 
1.452680e+01 
1.452680e+01 
1.452680e+01 
1.423928e+01 
1.423928e+01 
1.423928e+01 
1.423928e+01 
1.423928e+01 
1.423928e+01 
1.423928e+01 
1.423928e+01 
1.351290e+01 
1.351290e+01 
1.351290e+01 
1.351290e+01 
1.351290e+01 
1.351290e+01 
1.351290e+01 
1.351290e+01 
1.351290e+01 
1.351290e+01 
1.351290e+01 
1.351290e+01 
1.351290e+01 
1.351290e+01 
1.351290e+01 
1.351290e+01 
1.351290e+01 
1.320973e+01 
1.320973e+01 
1.320973e+01 
1.320973e+01 
1.320973e+01 
1.320973e+01 
1.320973e+01 
1.320973e+01 
1.320973e+01 
1.320973e+01 
1.320973e+01 
1.320973e+01 
1.320973e+01 
1.320973e+01 
1.279598e+01 
1.254847e+01 
1.248908e+01 
1.248908e+01 
1.248908e+01 
1.248908e+01 
1.248908e+01 
1.248908e+01 
1.248908e+01 
1.234145e+01 
1.234145e+01 
1.234145e+01 
1.209279e+01 
1.209279e+01 
1.209279e+01 
1.209279e+01 
1.209279e+01 
1.209279e+01 
1.209279e+01 
1.209279e+01 
1.204862e+01 
1.204862e+01 
1.204862e+01 
1.203773e+01 
1.203773e+01 
1.197106e+01 
1.194359e+01 
1.194359e+01 
1.194145e+01 
1.193647e+01 
1.193647e+01 
1.191992e+01 
1.190704e+01 
1.190234e+01 
1.190121e+01 
1.190121e+01 
1.190121e+01 
1.190121e+01 
1.190006e+01 
1.190006e+01 
1.190006e+01 
1.189302e+01 
1.188697e+01 
1.188577e+01 
1.188577e+01 
1.188181e+01 
1.187915e+01 
1.187758e+01 
1.187663e+01 
1.187603e+01 
1.187565e+01 
1.187539e+01 
1.187523e+01 
1.187511e+01 
1.187503e+01 
1.187498e+01 
1.187494e+01 
1.187492e+01 
1.187490e+01 
1.187489e+01 
1.187488e+01 
1.187487e+01 
1.187487e+01 
1.187486e+01 
1.187486e+01 
1.187486e+01 
1.187486e+01 
1.187486e+01 
1.187486e+01 
1.187486e+01 
1.184630e+01 
1.170290e+01 
1.170290e+01 
1.164455e+01 
1.164455e+01 
1.164455e+01 
1.156211e+01 
1.156211e+01 
1.104205e+01 
1.104205e+01 
1.104205e+01 
1.104205e+01 
1.104205e+01 
1.104205e+01 
1.104205e+01 
1.104205e+01 
1.104205e+01 
1.104205e+01 
1.104205e+01 
1.104205e+01 
1.104205e+01 
1.104205e+01 
1.104205e+01 
1.104205e+01 
1.104205e+01 
1.104205e+01 
1.104205e+01 
1.104205e+01 
1.104205e+01 
1.104205e+01 
1.104205e+01 
1.104205e+01 
1.104205e+01 
1.104205e+01 
1.104205e+01 
1.104205e+01 
1.088045e+01 
1.088045e+01 
1.088045e+01 
1.088045e+01 
1.088045e+01 
1.088045e+01 
1.088045e+01 
1.088045e+01 
1.088045e+01 
1.088045e+01 
1.088045e+01 
1.088045e+01 
1.088045e+01 
1.080068e+01 
1.080068e+01 
1.080068e+01 
1.080068e+01 
1.080068e+01 
1.080068e+01 
1.080068e+01 
1.080068e+01 
1.080068e+01 
1.080068e+01 
1.080068e+01 
1.080068e+01 
1.080068e+01 
1.080068e+01 
1.080068e+01 
1.080068e+01 
1.080068e+01 
1.080068e+01 
1.080068e+01 
1.080068e+01 
1.080068e+01 
1.080068e+01 
1.080068e+01 
1.080068e+01 
1.080068e+01 
1.080068e+01 
1.080068e+01 
1.080068e+01 
1.080068e+01 
1.080068e+01 
1.080068e+01 
1.080068e+01 
1.080068e+01 
1.080068e+01 
1.080068e+01 
1.080068e+01 
1.080068e+01 
1.075373e+01 
1.075373e+01 
1.075373e+01 
1.075373e+01 
1.075373e+01 
1.075373e+01 
1.075373e+01 
1.075373e+01 
1.075373e+01 
1.075373e+01 
1.075373e+01 
1.071207e+01 
1.071207e+01 
1.071207e+01 
1.071207e+01 
1.071207e+01 
1.071207e+01 
1.071207e+01 
1.071207e+01 
1.071207e+01 
1.071207e+01 
1.071207e+01 
1.071207e+01 
1.071207e+01 
1.071207e+01 
1.071207e+01 
1.071207e+01 
1.071207e+01 
1.069120e+01 
1.069120e+01 
1.069120e+01 
1.069120e+01 
1.069120e+01 
1.069120e+01 
1.051787e+01 
1.023046e+01 
1.023046e+01 
1.023046e+01 
1.023046e+01 
1.006965e+01 
1.006965e+01 
9.876580e+00 
9.876580e+00 
9.876580e+00 
9.876580e+00 
9.876580e+00 
9.876580e+00 
9.868391e+00 
9.868391e+00 
9.868391e+00 
9.792992e+00 
9.645805e+00 
9.614152e+00 
9.614152e+00 
9.614152e+00 
9.600897e+00 
9.575125e+00 
9.565777e+00 
9.563465e+00 
9.563465e+00 
9.561233e+00 
9.561233e+00 
9.561233e+00 
9.561094e+00 
9.561094e+00 
9.561094e+00 
9.559425e+00 
9.559425e+00 
9.559425e+00 
9.559425e+00 
9.559425e+00 
9.559425e+00 
9.559425e+00 
9.559425e+00 
9.559425e+00 
9.559006e+00 
9.559006e+00 
9.559006e+00 
9.559006e+00 
9.557697e+00 
9.557697e+00 
9.557697e+00 
9.557697e+00 
9.557697e+00 
9.557697e+00 
9.557697e+00 
9.557697e+00 
9.557697e+00 
9.557694e+00 
9.557694e+00 
9.557641e+00 
9.557094e+00 
9.556866e+00 
9.556781e+00 
9.556757e+00 
9.524204e+00 
9.524204e+00 
9.524204e+00 
9.151930e+00 
9.151930e+00 
9.151930e+00 
9.151930e+00 
9.151930e+00 
9.151930e+00 
9.151930e+00 
9.151930e+00 
9.151930e+00 
9.151930e+00 
9.151930e+00 
9.151930e+00 
9.151930e+00 
9.151930e+00 
9.151930e+00 
9.151930e+00 
9.151930e+00 
9.151930e+00 
9.151930e+00 
9.151930e+00 
9.151930e+00 
9.151930e+00 
9.151930e+00 
9.151930e+00 
9.151930e+00 
9.151930e+00 
9.151930e+00 
9.151930e+00 
9.151930e+00 
9.151930e+00 
9.151930e+00 
9.151930e+00 
9.151930e+00 
9.151930e+00 
9.151930e+00 
9.151930e+00 
9.151930e+00 
9.151930e+00 
9.151930e+00 
9.151930e+00 
9.151930e+00 
9.151930e+00 
9.151930e+00 
9.151930e+00 
9.100181e+00 
9.100181e+00 
9.100181e+00 
9.100181e+00 
9.100181e+00 
9.100181e+00 
9.100181e+00 
9.100181e+00 
9.100181e+00 
9.099724e+00 
9.099724e+00 
9.099724e+00 
9.099724e+00 
9.099724e+00 
9.099724e+00 
9.099724e+00 
9.099482e+00 
9.099482e+00 
9.099482e+00 
9.099482e+00 
9.099482e+00 
9.099482e+00 
9.099482e+00 
9.099482e+00 
9.031232e+00 
9.031232e+00 
9.031232e+00 
8.995180e+00 
8.995180e+00 
8.995180e+00 
8.967565e+00 
8.967565e+00 
8.967565e+00 
8.967565e+00 
8.967565e+00 
8.967565e+00 
8.967565e+00 
8.939360e+00 
8.939360e+00 
8.939360e+00 
8.939360e+00 
8.939360e+00 
8.939360e+00 
8.939360e+00 
8.939360e+00 
8.924893e+00 
8.924893e+00 
8.924893e+00 
8.892074e+00 
8.892074e+00 
8.869476e+00 
8.869476e+00 
8.869476e+00 
8.869476e+00 
8.869476e+00 
8.869476e+00 
8.869476e+00 
8.869476e+00 
8.869476e+00 
8.869476e+00 
8.869476e+00 
8.869476e+00 
8.869476e+00 
8.869476e+00 
8.869476e+00 
8.869476e+00 
8.869476e+00 
8.869476e+00 
8.869476e+00 
8.869476e+00 
8.869476e+00 
8.869476e+00 
8.869476e+00 
8.869476e+00 
8.869476e+00 
8.869476e+00 
8.869476e+00 
8.869476e+00 
8.869476e+00 
8.869476e+00 
8.869476e+00 
8.869476e+00 
8.869476e+00 
8.854052e+00 
8.854052e+00 
8.839401e+00 
8.839401e+00 
8.817103e+00 
8.817103e+00 
8.817103e+00 
8.817103e+00 
8.817103e+00 
8.817103e+00 
8.817103e+00 
8.817103e+00 
8.817103e+00 
8.817103e+00 
8.817103e+00 
8.817103e+00 
8.817103e+00 
8.817103e+00 
8.817103e+00 
8.817103e+00 
8.817103e+00 
8.817103e+00 
8.817103e+00 
8.817103e+00 
8.817103e+00 
8.817103e+00 
8.817103e+00 
8.817103e+00 
8.817103e+00 
8.817103e+00 
8.817103e+00 
8.817103e+00 
8.817103e+00 
8.817103e+00 
8.817103e+00 
8.817103e+00 
8.817103e+00 
8.817103e+00 
8.785661e+00 
8.785661e+00 
8.785661e+00 
8.785661e+00 
8.785661e+00 
8.785661e+00 
8.785661e+00 
8.785661e+00 
8.761910e+00 
8.761910e+00 
8.761910e+00 
8.749314e+00 
8.749314e+00 
8.749314e+00 
8.740078e+00 
8.740078e+00 
8.740078e+00 
8.740078e+00 
8.740078e+00 
8.740078e+00 
8.740078e+00 
8.740078e+00 
8.740078e+00 
8.740078e+00 
8.740078e+00 
8.740078e+00 
8.740078e+00 
8.740078e+00 
8.740078e+00 
8.740078e+00 
8.734583e+00 
8.734583e+00 
8.734583e+00 
8.734318e+00 
8.734318e+00 
8.721909e+00 
8.705416e+00 
8.699654e+00 
8.698314e+00 
8.698314e+00 
8.698314e+00 
8.698314e+00 
8.691217e+00 
8.690206e+00 
8.690206e+00 
8.689559e+00 
8.689559e+00 
8.689313e+00 
8.689313e+00 
8.689313e+00 
8.689313e+00 
8.689313e+00 
8.689093e+00 
8.689093e+00 
8.689093e+00 
8.689093e+00 
8.689093e+00 
8.688719e+00 
8.642947e+00 
8.642947e+00 
8.642947e+00 
8.642947e+00 
8.642947e+00 
8.642947e+00 
8.642947e+00 
8.642947e+00 
8.642947e+00 
8.642947e+00 
8.642947e+00 
8.642947e+00 
8.642947e+00 
8.642947e+00 
8.642947e+00 
8.642947e+00 
8.642947e+00 
8.642947e+00 
8.642947e+00 
8.642947e+00 
8.642947e+00 
8.642947e+00 
8.642947e+00 
8.642947e+00 
8.642947e+00 
8.642947e+00 
8.642947e+00 
8.642947e+00 
8.623074e+00 
8.623074e+00 
8.595511e+00 
8.595511e+00 
8.595511e+00 
8.595511e+00 
8.595511e+00 
8.595511e+00 
8.585731e+00 
8.585731e+00 
8.581918e+00 
8.581918e+00 
8.581918e+00 
8.581918e+00 
8.581918e+00 
8.581918e+00 
8.581918e+00 
8.581918e+00 
8.569773e+00 
8.569773e+00 
8.569773e+00 
8.569773e+00 
8.569773e+00 
8.569773e+00 
8.569663e+00 
8.569663e+00 
8.569663e+00 
8.560900e+00 
8.560900e+00 
8.560900e+00 
8.560900e+00 
8.560900e+00 
8.560900e+00 
8.560900e+00 
8.560900e+00 
8.560900e+00 
8.560900e+00 
8.560900e+00 
8.560900e+00 
8.560900e+00 
8.560900e+00 
8.560900e+00 
8.560900e+00 
8.560900e+00 
8.560900e+00 
8.560900e+00 
8.560900e+00 
8.560900e+00 
8.560900e+00 
8.560900e+00 
8.560877e+00 
8.560877e+00 
8.560877e+00 
8.560877e+00 
8.560877e+00 
8.560877e+00 
8.560877e+00 
8.560877e+00 
8.560877e+00 
8.560877e+00 
8.560877e+00 
8.560200e+00 
8.560165e+00 
8.560165e+00 
8.559247e+00 
8.559247e+00 
8.557310e+00 
8.557310e+00 
8.557310e+00 
8.557310e+00 
8.557310e+00 
8.557310e+00 
8.557310e+00 
8.557310e+00 
8.557310e+00 
8.557068e+00 
8.556868e+00 
8.556868e+00 
8.556476e+00 
8.556476e+00 
8.556426e+00 
8.556426e+00 
8.556426e+00 
8.556426e+00 
8.556426e+00 
8.556426e+00 
8.556248e+00 
8.556056e+00 
8.555788e+00 
8.555582e+00 
8.555582e+00 
8.555582e+00 
8.554942e+00 
8.553847e+00 
8.553440e+00 
8.552835e+00 
8.552835e+00 
8.551983e+00 
8.551983e+00 
8.551983e+00 
8.551983e+00 
8.551849e+00 
8.551849e+00 
8.551849e+00 
8.551623e+00 
8.551623e+00 
8.551125e+00 
8.551125e+00 
8.551125e+00 
8.551125e+00 
8.551125e+00 
8.551125e+00 
8.551125e+00 
8.551125e+00 
8.551125e+00 
8.551006e+00 
8.550225e+00 
8.550225e+00 
8.550225e+00 
8.550197e+00 
8.550197e+00 
8.550197e+00 
8.550197e+00 
8.550197e+00 
8.550197e+00 
8.550197e+00 
8.550197e+00 
8.549522e+00 
8.549522e+00 
8.549522e+00 
8.549522e+00 
8.549522e+00 
8.549522e+00 
8.549522e+00 
8.549522e+00 
8.549522e+00 
8.549522e+00 
8.549522e+00 
8.549522e+00 
8.549103e+00 
8.549103e+00 
8.546631e+00 
8.546631e+00 
8.546631e+00 
8.546631e+00 
8.546631e+00 
8.546631e+00 
8.546631e+00 
8.546631e+00 
8.546631e+00 
8.546226e+00 
8.546226e+00 
8.546226e+00 
8.546226e+00 
8.546226e+00 
8.546226e+00 
8.546226e+00 
8.546226e+00 
8.545709e+00 
8.545709e+00 
8.545709e+00 
8.545709e+00 
8.545709e+00 
8.544774e+00 
8.544674e+00 
8.544674e+00 
8.544574e+00 
8.544396e+00 
8.544324e+00 
8.544298e+00 
8.544290e+00 
8.544289e+00 
8.544289e+00 
8.544289e+00 
8.544284e+00 
8.544276e+00 
8.544271e+00 
8.544268e+00 
8.544266e+00 
8.543939e+00 
8.543939e+00 
8.543939e+00 
8.543939e+00 
8.543939e+00 
8.543939e+00 
8.543939e+00 
8.543939e+00 
8.543939e+00 
8.543939e+00 
8.543939e+00 
8.543939e+00 
8.543149e+00 
8.542985e+00 
8.542985e+00 
8.542985e+00 
8.542810e+00 
8.542785e+00 
8.542785e+00 
8.542435e+00 
8.542392e+00 
8.542392e+00 
8.542241e+00 
8.542093e+00 
8.542010e+00 
8.541963e+00 
8.541935e+00 
8.541918e+00 
8.541907e+00 
8.541900e+00 
8.541895e+00 
8.541892e+00 
8.541890e+00 
8.540552e+00 
8.540304e+00 
8.540304e+00 
8.539610e+00 
8.539610e+00 
8.539610e+00 
8.539610e+00 
8.539610e+00 
8.539610e+00 
8.539610e+00 
8.539610e+00 
8.539610e+00 
8.539610e+00 
8.539610e+00 
8.539610e+00 
8.539606e+00 
8.539606e+00 
8.539606e+00 
8.539584e+00 
8.539584e+00 
8.539584e+00 
8.539584e+00 
8.539584e+00 
8.539584e+00 
8.539584e+00 
8.539415e+00 
8.539415e+00 
8.539324e+00 
8.539324e+00 
8.538718e+00 
8.538718e+00 
8.538718e+00 
8.538718e+00 
8.538718e+00 
8.538718e+00 
8.538718e+00 
8.538718e+00 
8.538718e+00 
8.538718e+00 
8.538718e+00 
8.538677e+00 
8.538671e+00 
8.538671e+00 
8.538671e+00 
8.538671e+00 
8.538671e+00 
8.538671e+00 
8.538671e+00 
8.538671e+00 
8.538660e+00 
8.538652e+00 
8.538652e+00 
8.538642e+00 
8.538642e+00 
8.538624e+00 
8.538623e+00 
8.538623e+00 
8.538619e+00 
8.538619e+00 
8.538619e+00 
8.538619e+00 
8.538619e+00 
8.538619e+00 
8.538617e+00 
8.538617e+00 
8.538617e+00 
8.538617e+00 
8.538615e+00 
8.538580e+00 
8.538580e+00 
8.538580e+00 
8.538580e+00 
8.538535e+00 
8.538344e+00 
8.538344e+00 
8.538344e+00 
8.538344e+00 
8.538324e+00 
8.538324e+00 
8.538289e+00 
8.538277e+00 
8.538277e+00 
8.538277e+00 
8.538229e+00 
8.538229e+00 
8.538211e+00 
8.538211e+00 
8.538211e+00 
8.538211e+00 
8.538201e+00 
8.538201e+00 
8.538176e+00 
8.538175e+00 
8.538175e+00 
8.538135e+00 
8.538135e+00 
8.538135e+00 
8.538118e+00 
8.538118e+00 
8.538118e+00 
8.538118e+00 
8.538118e+00 
8.538108e+00 
8.538108e+00 
8.538107e+00 
8.538077e+00 
8.538051e+00 
8.538051e+00 
8.538051e+00 
8.538051e+00 
8.538038e+00 
8.538038e+00 
8.537991e+00 
8.537991e+00 
8.537991e+00 
8.537991e+00 
8.537991e+00 
8.537975e+00 
8.537970e+00 
8.537970e+00 
8.537970e+00 
8.537970e+00 
8.537970e+00 
8.537970e+00 
8.537961e+00 
8.537932e+00 
8.537915e+00 
8.537911e+00 
8.537911e+00 
8.537906e+00 
8.537906e+00 
8.537906e+00 
8.537906e+00 
8.537905e+00 
8.537892e+00 
8.537892e+00 
8.537892e+00 
8.537891e+00 
8.537891e+00 
8.537880e+00 
8.537880e+00 
8.537879e+00 
8.537879e+00 
8.537879e+00 
8.537879e+00 
8.537879e+00 
8.537879e+00 
8.537879e+00 
8.537879e+00 
8.537879e+00 
8.537878e+00 
8.537878e+00 
8.537878e+00 
8.537877e+00 
8.537877e+00 
8.537877e+00 
8.537877e+00 
8.537877e+00 
8.537877e+00 
8.537877e+00 
8.537877e+00 
8.537877e+00 
8.537877e+00 
8.537877e+00 
8.537877e+00 
8.537876e+00 
8.537876e+00 
8.537875e+00 
8.537875e+00 
8.537875e+00 
8.537831e+00 
8.537831e+00 
8.537831e+00 
8.537831e+00 
8.537824e+00 
8.537824e+00 
8.537789e+00 
8.537789e+00 
8.537789e+00 
8.537787e+00 
8.537787e+00 
8.537787e+00 
8.537787e+00 
8.537787e+00 
8.537787e+00 
8.537787e+00 
8.537787e+00 
8.537787e+00 
8.537787e+00 
8.537787e+00 
8.537787e+00 
8.537787e+00 
8.537787e+00 
8.537787e+00 
8.537787e+00 
8.537787e+00 
8.537787e+00 
8.537787e+00 
8.537787e+00 
8.537787e+00 
8.537787e+00 
8.537787e+00 
8.537784e+00 
8.537784e+00 
8.537779e+00 
8.537779e+00 
8.537779e+00 
8.537777e+00 
8.537776e+00 
8.537776e+00 
8.537776e+00 
8.537771e+00 
8.537770e+00 
8.537770e+00 
8.537770e+00 
8.537762e+00 
8.537762e+00 
8.537762e+00 
8.537762e+00 
8.537760e+00 
8.537760e+00 
8.537760e+00 
8.537760e+00 
8.537760e+00 
8.537760e+00 
8.537760e+00 
8.537760e+00 
8.537758e+00 
8.537758e+00 
8.537758e+00 
8.537758e+00 
8.537758e+00 
8.537758e+00 
8.537758e+00 
8.537754e+00 
8.537754e+00 
8.537754e+00 
8.537754e+00 
8.537754e+00 
8.537754e+00 
8.537754e+00 
8.537754e+00 
8.537754e+00 
8.537754e+00 
8.537754e+00 
8.537754e+00 
8.537754e+00 
8.537754e+00 
8.537754e+00 
8.537754e+00 
8.537754e+00 
8.537754e+00 
8.537753e+00 
8.537753e+00 
8.537753e+00 
8.537753e+00 
8.537753e+00 
8.537753e+00 
8.537752e+00 
8.537752e+00 
8.537751e+00 
8.537751e+00 
8.537750e+00 
8.537750e+00 
8.537750e+00 
8.537750e+00 
8.537749e+00 
8.537749e+00 
8.537749e+00 
8.537749e+00 
8.537749e+00 
8.537749e+00 
8.537748e+00 
8.537748e+00 
8.537748e+00 
8.537748e+00 
8.537748e+00 
8.537748e+00 
8.537748e+00 
8.537748e+00 
8.537747e+00 
8.537747e+00 
8.537747e+00 
8.537747e+00 
8.537747e+00 
8.537747e+00 
8.537747e+00 
8.537747e+00 
8.537747e+00 
8.537747e+00 
8.537747e+00 
8.537747e+00 
8.537747e+00 
8.537747e+00 
8.537747e+00 
8.537747e+00 
8.537747e+00 
8.537747e+00 
8.537747e+00 
8.537747e+00 
8.537747e+00 
8.537747e+00 
8.537747e+00 
8.537747e+00 
8.537747e+00 
8.537747e+00 
8.537747e+00 
8.537747e+00 
8.537747e+00 
8.537747e+00 
8.537747e+00 
8.537747e+00 
8.537747e+00 
8.537747e+00 
8.537747e+00 
8.537747e+00 
8.537747e+00 
8.537747e+00 
8.537747e+00 
8.537746e+00 
8.537746e+00 
8.537746e+00 
8.537745e+00 
8.537745e+00 
8.537745e+00 
8.537744e+00 
8.537744e+00 
8.537744e+00 
8.537744e+00 
8.537744e+00 
8.537743e+00 
8.537743e+00 
8.537743e+00 
8.537743e+00 
8.537743e+00 
8.537742e+00 
8.537742e+00 
8.537742e+00 
8.537742e+00 
8.537742e+00 
8.537742e+00 
8.537742e+00 
8.537742e+00 
8.537742e+00 
8.537742e+00 
8.537742e+00 
8.537742e+00 
8.537742e+00 
8.537742e+00 
8.537742e+00 
8.537742e+00 
8.537742e+00 
8.537742e+00 
8.537742e+00 
8.537742e+00 
8.537742e+00 
8.537742e+00 
8.537742e+00 
8.537742e+00 
8.537742e+00 
8.537742e+00 
8.537742e+00 
8.537742e+00 
8.537742e+00 
8.537742e+00 
8.537742e+00 
8.537742e+00 
8.537742e+00 
8.537742e+00 
8.537741e+00 
8.537741e+00 
8.537741e+00 
8.537741e+00 
8.537741e+00 
8.537741e+00 
8.537741e+00 
8.537741e+00 
8.537741e+00 
8.537741e+00 
8.537741e+00 
8.537741e+00 
8.537741e+00 
8.537741e+00 
8.537741e+00 
8.537741e+00 
8.537741e+00 
8.537741e+00 
8.537741e+00 
8.537741e+00 
8.537741e+00 
8.537741e+00 
8.537741e+00 
8.537741e+00 
8.537741e+00 
8.537741e+00 
8.537741e+00 
8.537741e+00 
8.537741e+00 
8.537741e+00 
8.537741e+00 
8.537741e+00 
8.537741e+00 
8.537741e+00 
8.537741e+00 
8.537741e+00 
8.537741e+00 
8.537741e+00 
8.537741e+00 
8.537741e+00 
8.537741e+00 
8.537741e+00 
8.537741e+00 
8.537741e+00 
8.537741e+00 
8.537741e+00 
8.537741e+00 
8.537741e+00 
8.537741e+00 
8.537741e+00 
8.537741e+00 
8.537741e+00 
8.537741e+00 
8.537740e+00 
8.537740e+00 
8.537740e+00 
8.537740e+00 
8.537740e+00 
8.537740e+00 
8.537740e+00 
8.537740e+00 
8.537740e+00 
8.537740e+00 
8.537740e+00 
8.537740e+00 
8.537740e+00 
8.537740e+00 
8.537740e+00 
8.537740e+00 
8.537740e+00 
8.537740e+00 
8.537740e+00 
8.537740e+00 
8.537740e+00 
8.537740e+00 
8.537740e+00 
8.537740e+00 
8.537740e+00 
8.537740e+00 
8.537740e+00 
8.537740e+00 
8.537740e+00 
8.537740e+00 
8.537740e+00 
8.537740e+00 
8.537740e+00 
8.537740e+00 
8.537740e+00 
8.537740e+00 
8.537740e+00 
8.537740e+00 
8.537740e+00 
8.537740e+00 
8.537740e+00 
8.537740e+00 
8.537740e+00 
8.537740e+00 
8.537740e+00 
8.537740e+00 
8.537740e+00 
8.537740e+00 
8.537740e+00 
8.537740e+00 
8.537740e+00 
8.537740e+00 
8.537740e+00 
8.537740e+00 
8.537740e+00 
8.537740e+00 
8.537740e+00 
8.537740e+00 
8.537740e+00 
8.537740e+00 
8.537740e+00 
8.537740e+00 
8.537740e+00 
8.537740e+00 
8.537740e+00 
8.537740e+00 
8.537740e+00 
8.537740e+00 
8.537740e+00 
8.537740e+00 
8.537740e+00 
8.537740e+00 
8.537740e+00 
8.537740e+00 
8.537740e+00 
8.537740e+00 
8.537740e+00 
8.537740e+00 
8.537740e+00 
8.537740e+00 
8.537740e+00 
8.537740e+00 
8.537740e+00 
8.537740e+00 
8.537740e+00 
8.537740e+00 
8.537740e+00 
8.537740e+00 
8.537740e+00 
8.537740e+00 
8.537740e+00 
8.537740e+00 
8.537740e+00 
8.537740e+00 
8.537740e+00 
8.537740e+00 
8.537740e+00 
8.537740e+00 
8.537740e+00 
8.537740e+00 
8.537740e+00 
8.537740e+00 
8.537740e+00 
8.537740e+00 
8.537740e+00 
8.537740e+00 
8.537740e+00 
8.537740e+00 
8.537740e+00 
8.537740e+00 
8.537740e+00 
8.537740e+00 
8.537740e+00 
8.537740e+00 
8.537740e+00 
8.537740e+00 
8.537740e+00 
8.537740e+00 
8.537740e+00 
8.537740e+00 
8.537740e+00 
8.537740e+00 
8.537740e+00 
8.537740e+00 
8.537740e+00 
8.537740e+00 
8.537740e+00 
8.537740e+00 
8.537740e+00 
8.537740e+00 
8.537740e+00 
8.537740e+00 
8.537740e+00 
8.537740e+00 
8.537740e+00 
8.537740e+00 
8.537740e+00 
8.537740e+00 
8.537740e+00 
8.537740e+00 
8.537740e+00 
8.537740e+00 
8.537740e+00 
8.537740e+00 
8.537740e+00 
8.537740e+00 
8.537740e+00 
8.537740e+00 
8.537740e+00 
8.537740e+00 
8.537740e+00 
8.537740e+00 
8.537740e+00 
8.537740e+00 
8.537740e+00 
8.537740e+00 
8.537740e+00 
8.537740e+00 
8.537740e+00 
8.537740e+00 
8.537740e+00 
8.537740e+00 
8.537740e+00 
8.537740e+00 
8.537740e+00 
8.537740e+00 
8.537740e+00 
8.537740e+00 
8.537740e+00 
8.537740e+00 
8.537740e+00 
8.537740e+00 
8.537740e+00 
8.537740e+00 
8.537740e+00 
8.537740e+00 
8.537740e+00 
8.537740e+00 
8.537740e+00 
8.537740e+00 
8.537740e+00 
8.537740e+00 
8.537740e+00 
8.537740e+00 
8.537740e+00 
8.537740e+00 
8.537740e+00 
8.537740e+00 
8.537740e+00 
8.537740e+00 
8.537740e+00 
8.537740e+00 
8.537740e+00 
8.537740e+00 
8.537740e+00 
8.537740e+00 
8.537740e+00 
8.537740e+00 
8.537740e+00 
8.537740e+00 
8.537740e+00 
8.537740e+00 
8.537740e+00 
8.537740e+00 
8.537740e+00 
8.537740e+00 
8.537740e+00 
8.537740e+00 
8.537740e+00 
8.537740e+00 
8.537740e+00 
8.537740e+00 
8.537740e+00 
8.537740e+00 
8.537740e+00 
8.537740e+00 
8.537740e+00 
8.537740e+00 
8.537740e+00 
8.537740e+00 
8.537740e+00 
8.537740e+00 
8.537740e+00 
8.537740e+00 
8.537740e+00 
8.537740e+00 
8.537740e+00 
8.537740e+00 
8.537740e+00 
8.537740e+00 
8.537740e+00 
8.537740e+00 
8.537740e+00 
8.537740e+00 
8.537740e+00 
8.537740e+00 
8.537740e+00 
8.537740e+00 
8.537740e+00 
8.537740e+00 
8.537740e+00 
8.537740e+00 
8.537740e+00 
8.537740e+00 
8.537740e+00 
8.537740e+00 
8.537740e+00 
8.537740e+00 
8.537740e+00 
8.537740e+00 
8.537740e+00 
8.537740e+00 
8.537740e+00 
8.537740e+00 
8.537740e+00 
8.537740e+00 
8.537740e+00 
8.537740e+00 
8.537740e+00 
8.537740e+00 
8.537740e+00 
8.537740e+00 
8.537740e+00 
8.537740e+00 
8.537740e+00 
8.537740e+00 
8.537740e+00 
8.537740e+00 
8.537740e+00 
8.537740e+00 
8.537740e+00 
8.537740e+00 
8.537740e+00 
8.537740e+00 
8.537740e+00 
8.537740e+00 
8.537740e+00 
8.537740e+00 
8.537740e+00 
8.537740e+00 
8.537740e+00 
8.537740e+00 
8.537740e+00 
8.537740e+00 
8.537740e+00 
8.537740e+00 
8.537740e+00 
8.537740e+00 
8.537740e+00 
8.537740e+00 
8.537740e+00 
8.537740e+00 
8.537740e+00 
8.537740e+00 
8.537740e+00 
8.537740e+00 
8.537740e+00 
8.537740e+00 
8.537740e+00 
8.537740e+00 
8.537740e+00 
8.537740e+00 
8.537740e+00 
8.537740e+00 
8.537740e+00 
8.537740e+00 
8.537740e+00 
8.537740e+00 
8.537740e+00 
8.537740e+00 
8.537740e+00 
8.537740e+00 
8.537740e+00 
8.537740e+00 
8.537740e+00 
8.537740e+00 
8.537740e+00 
8.537740e+00 
8.537740e+00 
8.537740e+00 
8.537740e+00 
8.537740e+00 
8.537740e+00 
8.537740e+00 
8.537740e+00 
8.537740e+00 
8.537740e+00 
8.537740e+00 
8.537740e+00 
8.537740e+00 
8.537740e+00 
8.537740e+00 
8.537740e+00 
8.537740e+00 
8.537740e+00 
8.537740e+00 
8.537740e+00 
8.537740e+00 
8.537740e+00 
8.537740e+00 
8.537740e+00 
8.537740e+00 
8.537740e+00 
8.537740e+00 
8.537740e+00 
8.537740e+00 
8.537740e+00 
8.537740e+00 
8.537740e+00 
8.537740e+00 
8.537740e+00 
8.537740e+00 
8.537740e+00 
8.537740e+00 
8.537740e+00 
8.537740e+00 
8.537740e+00 
8.537740e+00 
8.537740e+00 
8.537740e+00 
8.537740e+00 
8.537740e+00 
8.537740e+00 
8.537740e+00 
8.537740e+00 
8.537740e+00 
8.537740e+00 
8.537740e+00 
8.537740e+00 
8.537740e+00 
8.537740e+00 
8.537740e+00 
8.537740e+00 
8.537740e+00 
8.537740e+00 
8.537740e+00 
8.537740e+00 
8.537740e+00 
8.537740e+00 
8.537740e+00 
8.537740e+00 
8.537740e+00 
8.537740e+00 
8.537740e+00 
8.537740e+00 
8.537740e+00 
8.537740e+00 
8.537740e+00 
8.537740e+00 
8.537740e+00 
8.537740e+00 
8.537740e+00 
8.537740e+00 
8.537740e+00 
8.537740e+00 
8.537740e+00 
8.537740e+00 
8.537740e+00 
8.537740e+00 
8.537740e+00 
8.537740e+00 
8.537740e+00 
8.537740e+00 
8.537740e+00 
8.537740e+00 
8.537740e+00 
8.537740e+00 
8.537740e+00 
8.537740e+00 
8.537740e+00 
8.537740e+00 
8.537740e+00 
8.537740e+00 
8.537740e+00 
8.537740e+00 
8.537740e+00 
8.537740e+00 
8.537740e+00 
8.537740e+00 
8.537740e+00 
8.537740e+00 
8.537740e+00 
8.537740e+00 
8.537740e+00 
8.537740e+00 
8.537740e+00 
8.537740e+00 
8.537740e+00 
8.537740e+00 
8.537740e+00 
8.537740e+00 
8.537740e+00 
8.537740e+00 
8.537740e+00 
8.537740e+00 
8.537740e+00 
8.537740e+00 
8.537740e+00 
8.537740e+00 
8.537740e+00 
8.537740e+00 
8.537740e+00 
8.537740e+00 
8.537740e+00 
8.537740e+00 
8.537740e+00 
8.537740e+00 
8.537740e+00 
8.537740e+00 
8.537740e+00 
8.537740e+00 
8.537740e+00 
8.537740e+00 
8.537740e+00 
8.537740e+00 
8.537740e+00 
8.537740e+00 
8.537740e+00 
8.537740e+00 
8.537740e+00 
8.537740e+00 
8.537740e+00 
8.537740e+00 
8.537740e+00 
8.537740e+00 
8.537740e+00 
8.537740e+00 
8.537740e+00 
8.537740e+00 
8.537740e+00 
8.537740e+00 
8.537740e+00 
8.537740e+00 
8.537740e+00 
8.537740e+00 
8.537740e+00 
8.537740e+00 
8.537740e+00 
8.537740e+00 
8.537740e+00 
8.537740e+00 
8.537740e+00 
8.537740e+00 
8.537740e+00 
8.537740e+00 
8.537740e+00 
8.537740e+00 
8.537740e+00 
8.537740e+00 
8.537740e+00 
8.537740e+00 
8.537740e+00 
8.537740e+00 
8.537740e+00 
8.537740e+00 
8.537740e+00 
8.537740e+00 
8.537740e+00 
8.537740e+00 
8.537740e+00 
8.537740e+00 
8.537740e+00 
8.537740e+00 
8.537740e+00 
8.537740e+00 
8.537740e+00 
8.537740e+00 
8.537740e+00 
8.537740e+00 
8.537740e+00 
8.537740e+00 
8.537740e+00 
8.537740e+00 
8.537740e+00 
8.537740e+00 
8.537740e+00 
8.537740e+00 
8.537740e+00 
8.537740e+00 
8.537740e+00 
8.537740e+00 
8.537740e+00 
8.537740e+00 
8.537740e+00 
8.537740e+00 
8.537740e+00 
8.537740e+00 
8.537740e+00 
8.537740e+00 
8.537740e+00 
8.537740e+00 
8.537740e+00 
8.537740e+00 
8.537740e+00 
8.537740e+00 
8.537740e+00 
8.537740e+00 
8.537740e+00 
8.537740e+00 
8.537740e+00 
8.537740e+00 
8.537740e+00 
8.537740e+00 
8.537740e+00 
8.537740e+00 
8.537740e+00 
8.537740e+00 
8.537740e+00 
8.537740e+00 
8.537740e+00 
8.537740e+00 
8.537740e+00 
8.537740e+00 
8.537740e+00 
8.537740e+00 
8.537740e+00 
8.537740e+00 
8.537740e+00 
8.537740e+00 
8.537740e+00 
8.537740e+00 
8.537740e+00 
8.537740e+00 
8.537740e+00 
8.537740e+00 
8.537740e+00 
8.537740e+00 
8.537740e+00 
8.537740e+00 
8.537740e+00 
8.537740e+00 
8.537740e+00 
8.537740e+00 
8.537740e+00 
8.537740e+00 
8.537740e+00 
8.537740e+00 
8.537740e+00 
8.537740e+00 
8.537740e+00 
8.537740e+00 
8.537740e+00 
8.537740e+00 
8.537740e+00 
8.537740e+00 
8.537740e+00 
8.537740e+00 
8.537740e+00 
8.537740e+00 
8.537740e+00 
8.537740e+00 
8.537740e+00 
8.537740e+00 
8.537740e+00 
8.537740e+00 
8.537740e+00 
8.537740e+00 
8.537740e+00 
8.537740e+00 
8.537740e+00 
8.537740e+00 
8.537740e+00 
8.537740e+00 
8.537740e+00 
8.537740e+00 
8.537740e+00 
8.537740e+00 
8.537740e+00 
8.537740e+00 
8.537740e+00 
8.537740e+00 
8.537740e+00 
8.537740e+00 
8.537740e+00 
8.537740e+00 
8.537740e+00 
8.537740e+00 
8.537740e+00 
8.537740e+00 
8.537740e+00 
8.537740e+00 
8.537740e+00 
8.537740e+00 
8.537740e+00 
8.537740e+00 
8.537740e+00 
8.537740e+00 
8.537740e+00 
8.537740e+00 
8.537740e+00 
8.537740e+00 
8.537740e+00 
8.537740e+00 
8.537740e+00 
8.537740e+00 
8.537740e+00 
8.537740e+00 
8.537740e+00 
8.537740e+00 
8.537740e+00 
8.537740e+00 
8.537740e+00 
8.537740e+00 
8.537740e+00 
8.537740e+00 
8.537740e+00 
8.537740e+00 
8.537740e+00 
8.537740e+00 
8.537740e+00 
8.537740e+00 
8.537740e+00 
8.537740e+00 
8.537740e+00 
8.537740e+00 
8.537740e+00 
8.537740e+00 
8.537740e+00 
8.537740e+00 
8.537740e+00 
8.537740e+00 
8.537740e+00 
8.537740e+00 
8.537740e+00 
8.537740e+00 
8.537740e+00 
8.537740e+00 
8.537740e+00 
8.537740e+00 
8.537740e+00 
8.537740e+00 
8.537740e+00 
8.537740e+00 
8.537740e+00 
8.537740e+00 
8.537740e+00 
8.537740e+00 
8.537740e+00 
8.537740e+00 
8.537740e+00 
8.537740e+00 
8.537740e+00 
8.537740e+00 
8.537740e+00 
8.537740e+00 
8.537740e+00 
8.537740e+00 
8.537740e+00 
8.537740e+00 
8.537740e+00 
8.537740e+00 
8.537740e+00 
8.537740e+00 
8.537740e+00 
8.537740e+00 
8.537740e+00 
8.537740e+00 
8.537740e+00 
8.537740e+00 
8.537740e+00 
8.537740e+00 
8.537740e+00 
8.537740e+00 
8.537740e+00 
8.537740e+00 
8.537740e+00 
8.537740e+00 
8.537740e+00 
8.537740e+00 
8.537740e+00 
8.537740e+00 
8.537740e+00 
8.537740e+00 
8.537740e+00 
8.537740e+00 
8.537740e+00 
8.537740e+00 
8.537740e+00 
8.537740e+00 
8.537740e+00 
8.537740e+00 
8.537740e+00 
8.537740e+00 
8.537740e+00 
8.537740e+00 
8.537740e+00 
8.537740e+00 
8.537740e+00 
8.537740e+00 
8.537740e+00 
8.537740e+00 
8.537740e+00 
8.537740e+00 
8.537740e+00 
8.537740e+00 
8.537740e+00 
8.537740e+00 
8.537740e+00 
8.537740e+00 
8.537740e+00 
8.537740e+00 
8.537740e+00 
8.537740e+00 
8.537740e+00 
8.537740e+00 
8.537740e+00 
8.537740e+00 
8.537740e+00 
8.537740e+00 
8.537740e+00 
8.537740e+00 
8.537740e+00 
8.537740e+00 
8.537740e+00 
8.537740e+00 
8.537740e+00 
8.537740e+00 
8.537740e+00 
8.537740e+00 
8.537740e+00 
8.537740e+00 
8.537740e+00 
8.537740e+00 
8.537740e+00 
8.537740e+00 
8.537740e+00 
8.537740e+00 
8.537740e+00 
8.537740e+00 
8.537740e+00 
8.537740e+00 
8.537740e+00 
8.537740e+00 
8.537740e+00 
8.537740e+00 
8.537740e+00 
8.537740e+00 
8.537740e+00 
8.537740e+00 
8.537740e+00 
8.537740e+00 
8.537740e+00 
8.537740e+00 
8.537740e+00 
8.537740e+00 
8.537740e+00 
8.537740e+00 
8.537740e+00 
8.537740e+00 
8.537740e+00 
8.537740e+00 
8.537740e+00 
8.537740e+00 
8.537740e+00 
8.537740e+00 
8.537740e+00 
8.537740e+00 
8.537740e+00 
8.537740e+00 
8.537740e+00 
8.537740e+00 
8.537740e+00 
8.537740e+00 
8.537740e+00 
8.537740e+00 
8.537740e+00 
8.537740e+00 
8.537740e+00 
8.537740e+00 
8.537740e+00 
8.537740e+00 
8.537740e+00 
8.537740e+00 
8.537740e+00 
8.537740e+00 
8.537740e+00 
8.537740e+00 
8.537740e+00 
8.537740e+00 
8.537740e+00 
8.537740e+00 
8.537740e+00 
8.537740e+00 
8.537740e+00 
8.537740e+00 
8.537740e+00 
8.537740e+00 
8.537740e+00 
8.537740e+00 
8.537740e+00 
8.537740e+00 
8.537740e+00 
8.537740e+00 
8.537740e+00 
8.537740e+00 
8.537740e+00 
8.537740e+00 
8.537740e+00 
8.537740e+00 
8.537740e+00 
8.537740e+00 
8.537740e+00 
8.537740e+00 
8.537740e+00 
8.537740e+00 
8.537740e+00 
8.537740e+00 
8.537740e+00 
8.537740e+00 
8.537740e+00 
8.537740e+00 
8.537740e+00 
8.537740e+00 
8.537740e+00 
8.537740e+00 
8.537740e+00 
8.537740e+00 
8.537740e+00 
8.537740e+00 
8.537740e+00 
8.537740e+00 
8.537740e+00 
8.537740e+00 
8.537740e+00 
8.537740e+00 
8.537740e+00 
8.537740e+00 
8.537740e+00 
8.537740e+00 
8.537740e+00 
8.537740e+00 
8.537740e+00 
8.537740e+00 
8.537740e+00 
8.537740e+00 
8.537740e+00 
8.537740e+00 
8.537740e+00 
8.537740e+00 
8.537740e+00 
8.537740e+00 
8.537740e+00 
8.537740e+00 
8.537740e+00 
8.537740e+00 
8.537740e+00 
8.537740e+00 
8.537740e+00 
8.537740e+00 
8.537740e+00 
8.537740e+00 
8.537740e+00 
8.537740e+00 
8.537740e+00 
8.537740e+00 
8.537740e+00 
8.537740e+00 
8.537740e+00 
8.537740e+00 
8.537740e+00 
8.537740e+00 
8.537740e+00 
8.537740e+00 
8.537740e+00 
8.537740e+00 
8.537740e+00 
8.537740e+00 
8.537740e+00 
8.537740e+00 
8.537740e+00 
8.537740e+00 
8.537740e+00 
8.537740e+00 
8.537740e+00 
8.537740e+00 
8.537740e+00 
8.537740e+00 
8.537740e+00 
8.537740e+00 
8.537740e+00 
8.537740e+00 
8.537740e+00 
8.537740e+00 
8.537740e+00 
8.537740e+00 
8.537740e+00 
8.537740e+00 
8.537740e+00 
8.537740e+00 
8.537740e+00 
8.537740e+00 
8.537740e+00 
8.537740e+00 
8.537740e+00 
8.537740e+00 
8.537740e+00 
8.537740e+00 
8.537740e+00 
8.537740e+00 
8.537740e+00 
8.537740e+00 
8.537740e+00 
8.537740e+00 
8.537740e+00 
8.537740e+00 
8.537740e+00 
8.537740e+00 
8.537740e+00 
8.537740e+00 
8.537740e+00 
8.537740e+00 
8.537740e+00 
8.537740e+00 
8.537740e+00 
8.537740e+00 
8.537740e+00 
8.537740e+00 
8.537740e+00 
8.537740e+00 
8.537740e+00 
8.537740e+00 
8.537740e+00 
8.537740e+00 
8.537740e+00 
8.537740e+00 
8.537740e+00 
8.537740e+00 
8.537740e+00 
8.537740e+00 
8.537740e+00 
8.537740e+00 
8.537740e+00 
8.537740e+00 
8.537740e+00 
8.537740e+00 
8.537740e+00 
8.537740e+00 
8.537740e+00 
8.537740e+00 
8.537740e+00 
8.537740e+00 
8.537740e+00 
8.537740e+00 
8.537740e+00 
8.537740e+00 
8.537740e+00 
8.537740e+00 
8.537740e+00 
8.537740e+00 
8.537740e+00 
8.537740e+00 
8.537740e+00 
8.537740e+00 
8.537740e+00 
8.537740e+00 
8.537740e+00 
8.537740e+00 
8.537740e+00 
8.537740e+00 
8.537740e+00 
8.537740e+00 
8.537740e+00 
8.537740e+00 
8.537740e+00 
8.537740e+00 
8.537740e+00 
8.537740e+00 
8.537740e+00 
8.537740e+00 
8.537740e+00 
8.537740e+00 
8.537740e+00 
8.537740e+00 
8.537740e+00 
8.537740e+00 
8.537740e+00 
8.537740e+00 
8.537740e+00 
8.537740e+00 
8.537740e+00 
8.537740e+00 
8.537740e+00 
8.537740e+00 
8.537740e+00 
8.537740e+00 
8.537740e+00 
8.537740e+00 
8.537740e+00 
8.537740e+00 
8.537740e+00 
8.537740e+00 
8.537740e+00 
8.537740e+00 
8.537740e+00 
8.537740e+00 
8.537740e+00 
8.537740e+00 
8.537740e+00 
8.537740e+00 
8.537740e+00 
8.537740e+00 
8.537740e+00 
8.537740e+00 
8.537740e+00 
8.537740e+00 
8.537740e+00 
8.537740e+00 
8.537740e+00 
8.537740e+00 
8.537740e+00 
8.537740e+00 
8.537740e+00 
8.537740e+00 
8.537740e+00 
8.537740e+00 
8.537740e+00 
8.537740e+00 
8.537740e+00 
8.537740e+00 
8.537740e+00 
8.537740e+00 
8.537740e+00 
8.537740e+00 
8.537740e+00 
8.537740e+00 
8.537740e+00 
8.537740e+00 
8.537740e+00 
8.537740e+00 
8.537740e+00 
8.537740e+00 
8.537740e+00 
8.537740e+00 
8.537740e+00 
8.537740e+00 
8.537740e+00 
8.537740e+00 
8.537740e+00 
8.537740e+00 
8.537740e+00 
8.537740e+00 
8.537740e+00 
8.537740e+00 
8.537740e+00 
8.537740e+00 
8.537740e+00 
8.537740e+00 
8.537740e+00 
8.537740e+00 
8.537740e+00 
8.537740e+00 
8.537740e+00 
8.537740e+00 
8.537740e+00 
8.537740e+00 
8.537740e+00 
8.537740e+00 
8.537740e+00 
8.537740e+00 
8.537740e+00 
8.537740e+00 
8.537740e+00 
8.537740e+00 
8.537740e+00 
8.537740e+00 
8.537740e+00 
8.537740e+00 
8.537740e+00 
8.537740e+00 
8.537740e+00 
8.537740e+00 
8.537740e+00 
8.537740e+00 
8.537740e+00 
8.537740e+00 
8.537740e+00 
8.537740e+00 
8.537740e+00 
8.537740e+00 
8.537740e+00 
8.537740e+00 
8.537740e+00 
8.537740e+00 
8.537740e+00 
8.537740e+00 
8.537740e+00 
8.537740e+00 
8.537740e+00 
8.537740e+00 
8.537740e+00 
8.537740e+00 
8.537740e+00 
8.537740e+00 
8.537740e+00 
8.537740e+00 
8.537740e+00 
8.537740e+00 
8.537740e+00 
8.537740e+00 
8.537740e+00 
8.537740e+00 
8.537740e+00 
8.537740e+00 
8.537740e+00 
8.537740e+00 
8.537740e+00 
8.537740e+00 
8.537740e+00 
8.537740e+00 
8.537740e+00 
8.537740e+00 
8.537740e+00 
8.537740e+00 
8.537740e+00 
8.537740e+00 
8.537740e+00 
8.537740e+00 
8.537740e+00 
8.537740e+00 
8.537740e+00 
8.537740e+00 
8.537740e+00 
8.537740e+00 
8.537740e+00 
8.537740e+00 
8.537740e+00 
8.537740e+00 
8.537740e+00 
8.537740e+00 
8.537740e+00 
8.537740e+00 
8.537740e+00 
8.537740e+00 
8.537740e+00 
8.537740e+00 
8.537740e+00 
8.537740e+00 
8.537740e+00 
8.537740e+00 
8.537740e+00 
8.537740e+00 
8.537740e+00 
8.537740e+00 
8.537740e+00 
8.537740e+00 
8.537740e+00 
8.537740e+00 
8.537740e+00 
8.537740e+00 
8.537740e+00 
8.537740e+00 
8.537740e+00 
8.537740e+00 
8.537740e+00 
8.537740e+00 
8.537740e+00 
8.537740e+00 
8.537740e+00 
8.537740e+00 
8.537740e+00 
8.537740e+00 
8.537740e+00 
8.537740e+00 
8.537740e+00 
8.537740e+00 
8.537740e+00 
8.537740e+00 
8.537740e+00 
8.537740e+00 
8.537740e+00 
8.537740e+00 
8.537740e+00 
8.537740e+00 
8.537740e+00 
8.537740e+00 
8.537740e+00 
8.537740e+00 
8.537740e+00 
8.537740e+00 
8.537740e+00 
8.537740e+00 
8.537740e+00 
8.537740e+00 
8.537740e+00 
8.537740e+00 
8.537740e+00 
8.537740e+00 
8.537740e+00 
8.537740e+00 
8.537740e+00 
8.537740e+00 
8.537740e+00 
8.537740e+00 
8.537740e+00 
8.537740e+00 
8.537740e+00 
8.537740e+00 
8.537740e+00 
8.537740e+00 
8.537740e+00 
8.537740e+00 
8.537740e+00 
8.537740e+00 
8.537740e+00 
8.537740e+00 
8.537740e+00 
8.537740e+00 
8.537740e+00 
8.537740e+00 
8.537740e+00 
8.537740e+00 
8.537740e+00 
8.537740e+00 
8.537740e+00 
8.537740e+00 
8.537740e+00 
8.537740e+00 
8.537740e+00 
8.537740e+00 
8.537740e+00 
8.537740e+00 
8.537740e+00 
8.537740e+00 
8.537740e+00 
8.537740e+00 
8.537740e+00 
8.537740e+00 
8.537740e+00 
8.537740e+00 
8.537740e+00 
8.537740e+00 
8.537740e+00 
8.537740e+00 
8.537740e+00 
8.537740e+00 
8.537740e+00 
8.537740e+00 
8.537740e+00 
8.537740e+00 
8.537740e+00 
8.537740e+00 
8.537740e+00 
8.537740e+00 
8.537740e+00 
8.537740e+00 
8.537740e+00 
8.537740e+00 
8.537740e+00 
8.537740e+00 
8.537740e+00 
8.537740e+00 
8.537740e+00 
8.537740e+00 
8.537740e+00 
8.537740e+00 
8.537740e+00 
8.537740e+00 
8.537740e+00 
8.537740e+00 
8.537740e+00 
8.537740e+00 
8.537740e+00 
8.537740e+00 
8.537740e+00 
8.537740e+00 
8.537740e+00 
8.537740e+00 
8.537740e+00 
8.537740e+00 
8.537740e+00 
8.537740e+00 
8.537740e+00 
8.537740e+00 
8.537740e+00 
8.537740e+00 
8.537740e+00 
8.537740e+00 
8.537740e+00 
8.537740e+00 
8.537740e+00 
8.537740e+00 
8.537740e+00 
8.537740e+00 
8.537740e+00 
8.537740e+00 
8.537740e+00 
8.537740e+00 
8.537740e+00 
8.537740e+00 
8.537740e+00 
8.537740e+00 
8.537740e+00 
8.537740e+00 
8.537740e+00 
8.537740e+00 
8.537740e+00 
8.537740e+00 
8.537740e+00 
8.537740e+00 
8.537740e+00 
8.537740e+00 
8.537740e+00 
8.537740e+00 
8.537740e+00 
8.537740e+00 
8.537740e+00 
8.537740e+00 
8.537740e+00 
8.537740e+00 
8.537740e+00 
8.537740e+00 
8.537740e+00 
8.537740e+00 
8.537740e+00 
8.537740e+00 
8.537740e+00 
8.537740e+00 
8.537740e+00 
8.537740e+00 
8.537740e+00 
8.537740e+00 
8.537740e+00 
8.537740e+00 
8.537740e+00 
8.537740e+00 
8.537740e+00 
8.537740e+00 
8.537740e+00 
8.537740e+00 
8.537740e+00 
8.537740e+00 
8.537740e+00 
8.537740e+00 
8.537740e+00 
8.537740e+00 
8.537740e+00 
8.537740e+00 
8.537740e+00 
8.537740e+00 
8.537740e+00 
8.537740e+00 
8.537740e+00 
8.537740e+00 
8.537740e+00 
8.537740e+00 
8.537740e+00 
8.537740e+00 
8.537740e+00 
8.537740e+00 
8.537740e+00 
8.537740e+00 
8.537740e+00 
8.537740e+00 
8.537740e+00 
8.537740e+00 
8.537740e+00 
8.537740e+00 
8.537740e+00 
8.537740e+00 
8.537740e+00 
8.537740e+00 
8.537740e+00 
8.537740e+00 
8.537740e+00 
8.537740e+00 
8.537740e+00 
8.537740e+00 
8.537740e+00 
8.537740e+00 
8.537740e+00 
8.537740e+00 
8.537740e+00 
8.537740e+00 
8.537740e+00 
8.537740e+00 
8.537740e+00 
8.537740e+00 
8.537740e+00 
8.537740e+00 
8.537740e+00 
8.537740e+00 
8.537740e+00 
8.537740e+00 
8.537740e+00 
8.537740e+00 
8.537740e+00 
8.537740e+00 
8.537740e+00 
8.537740e+00 
8.537740e+00 
8.537740e+00 
8.537740e+00 
8.537740e+00 
8.537740e+00 
8.537740e+00 
8.537740e+00 
8.537740e+00 
8.537740e+00 
8.537740e+00 
8.537740e+00 
8.537740e+00 
8.537740e+00 
8.537740e+00 
8.537740e+00 
8.537740e+00 
8.537740e+00 
8.537740e+00 
8.537740e+00 
8.537740e+00 
8.537740e+00 
8.537740e+00 
8.537740e+00 
8.537740e+00 
8.537740e+00 
8.537740e+00 
8.537740e+00 
8.537740e+00 
8.537740e+00 
8.537740e+00 
8.537740e+00 
8.537740e+00 
8.537740e+00 
8.537740e+00 
8.537740e+00 
8.537740e+00 
8.537740e+00 
8.537740e+00 
8.537740e+00 
8.537740e+00 
8.537740e+00 
8.537740e+00 
8.537740e+00 
8.537740e+00 
8.537740e+00 
8.537740e+00 
8.537740e+00 
8.537740e+00 
8.537740e+00 
8.537740e+00 
8.537740e+00 
8.537740e+00 
8.537740e+00 
8.537740e+00 
8.537740e+00 
8.537740e+00 
8.537740e+00 
8.537740e+00 
8.537740e+00 
8.537740e+00 
8.537740e+00 
8.537740e+00 
8.537740e+00 
8.537740e+00 
8.537740e+00 
8.537740e+00 
8.537740e+00 
8.537740e+00 
8.537740e+00 
8.537740e+00 
8.537740e+00 
8.537740e+00 
8.537740e+00 
8.537740e+00 
8.537740e+00 
8.537740e+00 
8.537740e+00 
8.537740e+00 
8.537740e+00 
8.537740e+00 
8.537740e+00 
8.537740e+00 
8.537740e+00 
8.537740e+00 
8.537740e+00 
8.537740e+00 
8.537740e+00 
8.537740e+00 
8.537740e+00 
8.537740e+00 
8.537740e+00 
8.537740e+00 
8.537740e+00 
8.537740e+00 
8.537740e+00 
8.537740e+00 
8.537740e+00 
8.537740e+00 
8.537740e+00 
8.537740e+00 
8.537740e+00 
8.537740e+00 
8.537740e+00 
8.537740e+00 
8.537740e+00 
8.537740e+00 
8.537740e+00 
8.537740e+00 
8.537740e+00 
8.537740e+00 
8.537740e+00 
8.537740e+00 
8.537740e+00 
8.537740e+00 
8.537740e+00 
8.537740e+00 
8.537740e+00 
8.537740e+00 
8.537740e+00 
8.537740e+00 
8.537740e+00 
8.537740e+00 
8.537740e+00 
8.537740e+00 
8.537740e+00 
8.537740e+00 
8.537740e+00 
8.537740e+00 
8.537740e+00 
8.537740e+00 
8.537740e+00 
8.537740e+00 
8.537740e+00 
8.537740e+00 
8.537740e+00 
8.537740e+00 
8.537740e+00 
8.537740e+00 
8.537740e+00 
8.537740e+00 
8.537740e+00 
8.537740e+00 
8.537740e+00 
8.537740e+00 
8.537740e+00 
8.537740e+00 
8.537740e+00 
8.537740e+00 
8.537740e+00 
8.537740e+00 
8.537740e+00 
8.537740e+00 
8.537740e+00 
8.537740e+00 
8.537740e+00 
8.537740e+00 
8.537740e+00 
8.537740e+00 
8.537740e+00 
8.537740e+00 
8.537740e+00 
8.537740e+00 
8.537740e+00 
8.537740e+00 
8.537740e+00 
8.537740e+00 
8.537740e+00 
8.537740e+00 
8.537740e+00 
8.537740e+00 
8.537740e+00 
8.537740e+00 
8.537740e+00 
8.537740e+00 
8.537740e+00 
8.537740e+00 
8.537740e+00 
8.537740e+00 
8.537740e+00 
8.537740e+00 
8.537740e+00 
8.537740e+00 
8.537740e+00 
8.537740e+00 
8.537740e+00 
8.537740e+00 
8.537740e+00 
8.537740e+00 
8.537740e+00 
8.537740e+00 
8.537740e+00 
8.537740e+00 
8.537740e+00 
8.537740e+00 
8.537740e+00 
8.537740e+00 
8.537740e+00 
8.537740e+00 
8.537740e+00 
8.537740e+00 
8.537740e+00 
8.537740e+00 
8.537740e+00 
8.537740e+00 
8.537740e+00 
8.537740e+00 
8.537740e+00 
8.537740e+00 
8.537740e+00 
8.537740e+00 
8.537740e+00 
8.537740e+00 
8.537740e+00 
8.537740e+00 
8.537740e+00 
8.537740e+00 
8.537740e+00 
8.537740e+00 
8.537740e+00 
8.537740e+00 
8.537740e+00 
8.537740e+00 
8.537740e+00 
8.537740e+00 
8.537740e+00 
8.537740e+00 
8.537740e+00 
8.537740e+00 
8.537740e+00 
8.537740e+00 
8.537740e+00 
8.537740e+00 
8.537740e+00 
8.537740e+00 
8.537740e+00 
8.537740e+00 
8.537740e+00 
8.537740e+00 
8.537740e+00 
8.537740e+00 
8.537740e+00 
8.537740e+00 
8.537740e+00 
8.537740e+00 
8.537740e+00 
8.537740e+00 
8.537740e+00 
8.537740e+00 
8.537740e+00 
8.537740e+00 
8.537740e+00 
8.537740e+00 
8.537740e+00 
8.537740e+00 
8.537740e+00 
8.537740e+00 
8.537740e+00 
8.537740e+00 
8.537740e+00 
8.537740e+00 
8.537740e+00 
8.537740e+00 
8.537740e+00 
8.537740e+00 
8.537740e+00 
8.537740e+00 
8.537740e+00 
8.537740e+00 
8.537740e+00 
8.537740e+00 
8.537740e+00 
8.537740e+00 
8.537740e+00 
8.537740e+00 
8.537740e+00 
8.537740e+00 
8.537740e+00 
8.537740e+00 
8.537740e+00 
8.537740e+00 
8.537740e+00 
8.537740e+00 
8.537740e+00 
8.537740e+00 
8.537740e+00 
8.537740e+00 
8.537740e+00 
8.537740e+00 
8.537740e+00 
8.537740e+00 
8.537740e+00 
8.537740e+00 
8.537740e+00 
8.537740e+00 
8.537740e+00 
8.537740e+00 
8.537740e+00 
8.537740e+00 
8.537740e+00 
8.537740e+00 
8.537740e+00 
8.537740e+00 
8.537740e+00 
8.537740e+00 
8.537740e+00 
8.537740e+00 
8.537740e+00 
8.537740e+00 
8.537740e+00 
8.537740e+00 
8.537740e+00 
8.537740e+00 
8.537740e+00 
8.537740e+00 
8.537740e+00 
8.537740e+00 
8.537740e+00 
8.537740e+00 
8.537740e+00 
8.537740e+00 
8.537740e+00 
8.537740e+00 
8.537740e+00 
8.537740e+00 
8.537740e+00 
8.537740e+00 
8.537740e+00 
8.537740e+00 
8.537740e+00 
8.537740e+00 
8.537740e+00 
8.537740e+00 
8.537740e+00 
8.537740e+00 
8.537740e+00 
8.537740e+00 
8.537740e+00 
8.537740e+00 
8.537740e+00 
8.537740e+00 
8.537740e+00 
8.537740e+00 
8.537740e+00 
8.537740e+00 
8.537740e+00 
8.537740e+00 
8.537740e+00 
8.537740e+00 
8.537740e+00 
8.537740e+00 
8.537740e+00 
8.537740e+00 
8.537740e+00 
8.537740e+00 
8.537740e+00 
8.537740e+00 
8.537740e+00 
8.537740e+00 
8.537740e+00 
8.537740e+00 
8.537740e+00 
8.537740e+00 
8.537740e+00 
8.537740e+00 
8.537740e+00 
8.537740e+00 
8.537740e+00 
8.537740e+00 
8.537740e+00 
8.537740e+00 
8.537740e+00 
8.537740e+00 
8.537740e+00 
8.537740e+00 
8.537740e+00 
8.537740e+00 
8.537740e+00 
8.537740e+00 
8.537740e+00 
8.537740e+00 
8.537740e+00 
8.537740e+00 
8.537740e+00 
8.537740e+00 
8.537740e+00 
8.537740e+00 
8.537740e+00 
8.537740e+00 
8.537740e+00 
8.537740e+00 
8.537740e+00 
8.537740e+00 
8.537740e+00 
8.537740e+00 
8.537740e+00 
8.537740e+00 
8.537740e+00 
8.537740e+00 
8.537740e+00 
8.537740e+00 
8.537740e+00 
8.537740e+00 
8.537740e+00 
8.537740e+00 
8.537740e+00 
8.537740e+00 
8.537740e+00 
8.537740e+00 
8.537740e+00 
8.537740e+00 
8.537740e+00 
8.537740e+00 
8.537740e+00 
8.537740e+00 
8.537740e+00 
8.537740e+00 
8.537740e+00 
8.537740e+00 
8.537740e+00 
8.537740e+00 
8.537740e+00 
8.537740e+00 
8.537740e+00 
8.537740e+00 
8.537740e+00 
8.537740e+00 
8.537740e+00 
8.537740e+00 
8.537740e+00 
8.537740e+00 
8.537740e+00 
8.537740e+00 
8.537740e+00 
8.537740e+00 
8.537740e+00 
8.537740e+00 
8.537740e+00 
8.537740e+00 
8.537740e+00 
8.537740e+00 
8.537740e+00 
8.537740e+00 
8.537740e+00 
8.537740e+00 
8.537740e+00 
8.537740e+00 
8.537740e+00 
8.537740e+00 
8.537740e+00 
8.537740e+00 
8.537740e+00 
8.537740e+00 
8.537740e+00 
8.537740e+00 
8.537740e+00 
8.537740e+00 
8.537740e+00 
8.537740e+00 
8.537740e+00 
8.537740e+00 
8.537740e+00 
8.537740e+00 
8.537740e+00 
8.537740e+00 
8.537740e+00 
8.537740e+00 
8.537740e+00 
8.537740e+00 
8.537740e+00 
8.537740e+00 
8.537740e+00 
8.537740e+00 
8.537740e+00 
8.537740e+00 
8.537740e+00 
8.537740e+00 
8.537740e+00 
8.537740e+00 
8.537740e+00 
8.537740e+00 
8.537740e+00 
8.537740e+00 
8.537740e+00 
8.537740e+00 
8.537740e+00 
8.537740e+00 
8.537740e+00 
8.537740e+00 
8.537740e+00 
8.537740e+00 
8.537740e+00 
8.537740e+00 
8.537740e+00 
8.537740e+00 
8.537740e+00 
8.537740e+00 
8.537740e+00 
8.537740e+00 
8.537740e+00 
8.537740e+00 
8.537740e+00 
8.537740e+00 
8.537740e+00 
8.537740e+00 
8.537740e+00 
8.537740e+00 
8.537740e+00 
8.537740e+00 
8.537740e+00 
8.537740e+00 
8.537740e+00 
8.537740e+00 
8.537740e+00 
8.537740e+00 
8.537740e+00 
8.537740e+00 
8.537740e+00 
8.537740e+00 
8.537740e+00 
8.537740e+00 
8.537740e+00 
8.537740e+00 
8.537740e+00 
8.537740e+00 
8.537740e+00 
8.537740e+00 
8.537740e+00 
8.537740e+00 
8.537740e+00 
8.537740e+00 
8.537740e+00 
8.537740e+00 
8.537740e+00 
8.537740e+00 
8.537740e+00 
8.537740e+00 
8.537740e+00 
8.537740e+00 
8.537740e+00 
8.537740e+00 
8.537740e+00 
8.537740e+00 
8.537740e+00 
8.537740e+00 
8.537740e+00 
8.537740e+00 
8.537740e+00 
8.537740e+00 
8.537740e+00 
8.537740e+00 
8.537740e+00 
8.537740e+00 
8.537740e+00 
8.537740e+00 
8.537740e+00 
8.537740e+00 
8.537740e+00 
8.537740e+00 
8.537740e+00 
8.537740e+00 
8.537740e+00 
8.537740e+00 
8.537740e+00 
8.537740e+00 
8.537740e+00 
8.537740e+00 
8.537740e+00 
8.537740e+00 
8.537740e+00 
8.537740e+00 
8.537740e+00 
8.537740e+00 
8.537740e+00 
8.537740e+00 
8.537740e+00 
8.537740e+00 
8.537740e+00 
8.537740e+00 
8.537740e+00 
8.537740e+00 
8.537740e+00 
8.537740e+00 
8.537740e+00 
8.537740e+00 
8.537740e+00 
8.537740e+00 
8.537740e+00 
8.537740e+00 
8.537740e+00 
8.537740e+00 
8.537740e+00 
8.537740e+00 
8.537740e+00 
8.537740e+00 
8.537740e+00 
8.537740e+00 
8.537740e+00 
8.537740e+00 
8.537740e+00 
8.537740e+00 
8.537740e+00 
8.537740e+00 
8.537740e+00 
8.537740e+00 
8.537740e+00 
8.537740e+00 
8.537740e+00 
8.537740e+00 
8.537740e+00 
8.537740e+00 
8.537740e+00 
8.537740e+00 
8.537740e+00 
8.537740e+00 
8.537740e+00 
8.537740e+00 
8.537740e+00 
8.537740e+00 
8.537740e+00 
8.537740e+00 
8.537740e+00 
8.537740e+00 
8.537740e+00 
8.537740e+00 
8.537740e+00 
8.537740e+00 
8.537740e+00 
8.537740e+00 
8.537740e+00 
8.537740e+00 
8.537740e+00 
8.537740e+00 
8.537740e+00 
8.537740e+00 
8.537740e+00 
8.537740e+00 
8.537740e+00 
8.537740e+00 
8.537740e+00 
8.537740e+00 
8.537740e+00 
8.537740e+00 
8.537740e+00 
8.537740e+00 
8.537740e+00 
8.537740e+00 
8.537740e+00 
8.537740e+00 
8.537740e+00 
8.537740e+00 
8.537740e+00 
8.537740e+00 
8.537740e+00 
8.537740e+00 
8.537740e+00 
8.537740e+00 
8.537740e+00 
8.537740e+00 
8.537740e+00 
8.537740e+00 
8.537740e+00 
8.537740e+00 
8.537740e+00 
8.537740e+00 
8.537740e+00 
8.537740e+00 
8.537740e+00 
8.537740e+00 
8.537740e+00 
8.537740e+00 
8.537740e+00 
8.537740e+00 
8.537740e+00 
8.537740e+00 
8.537740e+00 
8.537740e+00 
8.537740e+00 
8.537740e+00 
8.537740e+00 
8.537740e+00 
8.537740e+00 
8.537740e+00 
8.537740e+00 
8.537740e+00 
8.537740e+00 
8.537740e+00 
8.537740e+00 
8.537740e+00 
8.537740e+00 
8.537740e+00 
8.537740e+00 
8.537740e+00 
8.537740e+00 
8.537740e+00 
8.537740e+00 
8.537740e+00 
8.537740e+00 
8.537740e+00 
8.537740e+00 
8.537740e+00 
8.537740e+00 
8.537740e+00 
8.537740e+00 
8.537740e+00 
8.537740e+00 
8.537740e+00 
8.537740e+00 
8.537740e+00 
8.537740e+00 
8.537740e+00 
8.537740e+00 
8.537740e+00 
8.537740e+00 
8.537740e+00 
8.537740e+00 
8.537740e+00 
8.537740e+00 
8.537740e+00 
8.537740e+00 
8.537740e+00 
8.537740e+00 
8.537740e+00 
8.537740e+00 
8.537740e+00 
8.537740e+00 
8.537740e+00 
8.537740e+00 
8.537740e+00 
8.537740e+00 
8.537740e+00 
8.537740e+00 
8.537740e+00 
8.537740e+00 
8.537740e+00 
8.537740e+00 
8.537740e+00 
8.537740e+00 
8.537740e+00 
8.537740e+00 
8.537740e+00 
8.537740e+00 
8.537740e+00 
8.537740e+00 
8.537740e+00 
8.537740e+00 
8.537740e+00 
8.537740e+00 
8.537740e+00 
8.537740e+00 
8.537740e+00 
8.537740e+00 
8.537740e+00 
8.537740e+00 
8.537740e+00 
8.537740e+00 
8.537740e+00 
8.537740e+00 
8.537740e+00 
8.537740e+00 
8.537740e+00 
8.537740e+00 
8.537740e+00 
8.537740e+00 
8.537740e+00 
8.537740e+00 
8.537740e+00 
8.537740e+00 
8.537740e+00 
8.537740e+00 
8.537740e+00 
8.537740e+00 
8.537740e+00 
8.537740e+00 
8.537740e+00 
8.537740e+00 
8.537740e+00 
8.537740e+00 
8.537740e+00 
8.537740e+00 
8.537740e+00 
8.537740e+00 
8.537740e+00 
8.537740e+00 
8.537740e+00 
8.537740e+00 
8.537740e+00 
8.537740e+00 
8.537740e+00 
8.537740e+00 
8.537740e+00 
8.537740e+00 
8.537740e+00 
8.537740e+00 
8.537740e+00 
8.537740e+00 
8.537740e+00 
8.537740e+00 
8.537740e+00 
8.537740e+00 
8.537740e+00 
8.537740e+00 
8.537740e+00 
8.537740e+00 
8.537740e+00 
8.537740e+00 
8.537740e+00 
8.537740e+00 
8.537740e+00 
8.537740e+00 
8.537740e+00 
8.537740e+00 
8.537740e+00 
8.537740e+00 
8.537740e+00 
8.537740e+00 
8.537740e+00 
8.537740e+00 
8.537740e+00 
8.537740e+00 
8.537740e+00 
8.537740e+00 
8.537740e+00 
8.537740e+00 
8.537740e+00 
8.537740e+00 
8.537740e+00 
8.537740e+00 
8.537740e+00 
8.537740e+00 
8.537740e+00 
8.537740e+00 
8.537740e+00 
8.537740e+00 
8.537740e+00 
8.537740e+00 
8.537740e+00 
8.537740e+00 
8.537740e+00 
8.537740e+00 
8.537740e+00 
8.537740e+00 
8.537740e+00 
8.537740e+00 
8.537740e+00 
8.537740e+00 
8.537740e+00 
8.537740e+00 
8.537740e+00 
8.537740e+00 
8.537740e+00 
8.537740e+00 
8.537740e+00 
8.537740e+00 
8.537740e+00 
8.537740e+00 
8.537740e+00 
8.537740e+00 
8.537740e+00 
8.537740e+00 
8.537740e+00 
8.537740e+00 
8.537740e+00 
8.537740e+00 
8.537740e+00 
8.537740e+00 
8.537740e+00 
8.537740e+00 
8.537740e+00 
8.537740e+00 
8.537740e+00 
8.537740e+00 
8.537740e+00 
8.537740e+00 
8.537740e+00 
8.537740e+00 
8.537740e+00 
8.537740e+00 
8.537740e+00 
8.537740e+00 
8.537740e+00 
8.537740e+00 
8.537740e+00 
8.537740e+00 
8.537740e+00 
8.537740e+00 
8.537740e+00 
8.537740e+00 
8.537740e+00 
8.537740e+00 
8.537740e+00 
8.537740e+00 
8.537740e+00 
8.537740e+00 
8.537740e+00 
8.537740e+00 
8.537740e+00 
8.537740e+00 
8.537740e+00 
8.537740e+00 
8.537740e+00 
8.537740e+00 
8.537740e+00 
8.537740e+00 
8.537740e+00 
8.537740e+00 
8.537740e+00 
8.537740e+00 
8.537740e+00 
8.537740e+00 
8.537740e+00 
8.537740e+00 
8.537740e+00 
8.537740e+00 
8.537740e+00 
8.537740e+00 
8.537740e+00 
8.537740e+00 
8.537740e+00 
8.537740e+00 
8.537740e+00 
8.537740e+00 
8.537740e+00 
8.537740e+00 
8.537740e+00 
8.537740e+00 
8.537740e+00 
8.537740e+00 
8.537740e+00 
8.537740e+00 
8.537740e+00 
8.537740e+00 
8.537740e+00 
8.537740e+00 
8.537740e+00 
8.537740e+00 
8.537740e+00 
8.537740e+00 
8.537740e+00 
8.537740e+00 
8.537740e+00 
8.537740e+00 
8.537740e+00 
8.537740e+00 
8.537740e+00 
8.537740e+00 
8.537740e+00 
8.537740e+00 
8.537740e+00 
8.537740e+00 
8.537740e+00 
8.537740e+00 
8.537740e+00 
8.537740e+00 
8.537740e+00 
8.537740e+00 
8.537740e+00 
8.537740e+00 
8.537740e+00 
8.537740e+00 
8.537740e+00 
8.537740e+00 
8.537740e+00 
8.537740e+00 
8.537740e+00 
8.537740e+00 
8.537740e+00 
8.537740e+00 
8.537740e+00 
8.537740e+00 
8.537740e+00 
8.537740e+00 
8.537740e+00 
8.537740e+00 
8.537740e+00 
8.537740e+00 
8.537740e+00 
8.537740e+00 
8.537740e+00 
8.537740e+00 
8.537740e+00 
8.537740e+00 
8.537740e+00 
8.537740e+00 
8.537740e+00 
8.537740e+00 
8.537740e+00 
8.537740e+00 
8.537740e+00 
8.537740e+00 
8.537740e+00 
8.537740e+00 
8.537740e+00 
8.537740e+00 
8.537740e+00 
8.537740e+00 
8.537740e+00 
8.537740e+00 
8.537740e+00 
8.537740e+00 
8.537740e+00 
8.537740e+00 
8.537740e+00 
8.537740e+00 
8.537740e+00 
8.537740e+00 
8.537740e+00 
8.537740e+00 
8.537740e+00 
8.537740e+00 
8.537740e+00 
8.537740e+00 
8.537740e+00 
8.537740e+00 
8.537740e+00 
8.537740e+00 
8.537740e+00 
8.537740e+00 
8.537740e+00 
8.537740e+00 
8.537740e+00 
8.537740e+00 
8.537740e+00 
8.537740e+00 
8.537740e+00 
8.537740e+00 
8.537740e+00 
8.537740e+00 
8.537740e+00 
8.537740e+00 
8.537740e+00 
8.537740e+00 
8.537740e+00 
8.537740e+00 
8.537740e+00 
8.537740e+00 
8.537740e+00 
8.537740e+00 
8.537740e+00 
8.537740e+00 
8.537740e+00 
8.537740e+00 
8.537740e+00 
8.537740e+00 
8.537740e+00 
8.537740e+00 
8.537740e+00 
8.537740e+00 
8.537740e+00 
8.537740e+00 
8.537740e+00 
8.537740e+00 
8.537740e+00 
8.537740e+00 
8.537740e+00 
8.537740e+00 
8.537740e+00 
8.537740e+00 
8.537740e+00 
8.537740e+00 
8.537740e+00 
8.537740e+00 
8.537740e+00 
8.537740e+00 
8.537740e+00 
8.537740e+00 
8.537740e+00 
8.537740e+00 
8.537740e+00 
8.537740e+00 
8.537740e+00 
8.537740e+00 
8.537740e+00 
8.537740e+00 
8.537740e+00 
8.537740e+00 
8.537740e+00 
8.537740e+00 
8.537740e+00 
8.537740e+00 
8.537740e+00 
8.537740e+00 
8.537740e+00 
8.537740e+00 
8.537740e+00 
8.537740e+00 
8.537740e+00 
8.537740e+00 
8.537740e+00 
8.537740e+00 
8.537740e+00 
8.537740e+00 
8.537740e+00 
8.537740e+00 
8.537740e+00 
8.537740e+00 
8.537740e+00 
8.537740e+00 
8.537740e+00 
8.537740e+00 
8.537740e+00 
8.537740e+00 
8.537740e+00 
8.537740e+00 
8.537740e+00 
8.537740e+00 
8.537740e+00 
8.537740e+00 
8.537740e+00 
8.537740e+00 
8.537740e+00 
8.537740e+00 
8.537740e+00 
8.537740e+00 
8.537740e+00 
8.537740e+00 
8.537740e+00 
8.537740e+00 
8.537740e+00 
8.537740e+00 
8.537740e+00 
8.537740e+00 
8.537740e+00 
8.537740e+00 
8.537740e+00 
8.537740e+00 
8.537740e+00 
8.537740e+00 
8.537740e+00 
8.537740e+00 
8.537740e+00 
8.537740e+00 
8.537740e+00 
8.537740e+00 
8.537740e+00 
8.537740e+00 
8.537740e+00 
8.537740e+00 
8.537740e+00 
8.537740e+00 
8.537740e+00 
8.537740e+00 
8.537740e+00 
8.537740e+00 
8.537740e+00 
8.537740e+00 
8.537740e+00 
8.537740e+00 
8.537740e+00 
8.537740e+00 
8.537740e+00 
8.537740e+00 
8.537740e+00 
8.537740e+00 
8.537740e+00 
8.537740e+00 
8.537740e+00 
8.537740e+00 
8.537740e+00 
8.537740e+00 
8.537740e+00 
8.537740e+00 
8.537740e+00 
8.537740e+00 
8.537740e+00 
8.537740e+00 
8.537740e+00 
8.537740e+00 
8.537740e+00 
8.537740e+00 
8.537740e+00 
8.537740e+00 
8.537740e+00 
8.537740e+00 
8.537740e+00 
8.537740e+00 
8.537740e+00 
8.537740e+00 
8.537740e+00 
8.537740e+00 
8.537740e+00 
8.537740e+00 
8.537740e+00 
8.537740e+00 
8.537740e+00 
8.537740e+00 
8.537740e+00 
8.537740e+00 
8.537740e+00 
8.537740e+00 
8.537740e+00 
8.537740e+00 
8.537740e+00 
8.537740e+00 
8.537740e+00 
8.537740e+00 
8.537740e+00 
8.537740e+00 
8.537740e+00 
8.537740e+00 
8.537740e+00 
8.537740e+00 
8.537740e+00 
8.537740e+00 
8.537740e+00 
8.537740e+00 
8.537740e+00 
8.537740e+00 
8.537740e+00 
8.537740e+00 
8.537740e+00 
8.537740e+00 
8.537740e+00 
8.537740e+00 
8.537740e+00 
8.537740e+00 
8.537740e+00 
8.537740e+00 
8.537740e+00 
8.537740e+00 
8.537740e+00 
8.537740e+00 
8.537740e+00 
8.537740e+00 
8.537740e+00 
8.537740e+00 
8.537740e+00 
8.537740e+00 
8.537740e+00 
8.537740e+00 
8.537740e+00 
8.537740e+00 
8.537740e+00 
8.537740e+00 
8.537740e+00 
8.537740e+00 
8.537740e+00 
8.537740e+00 
8.537740e+00 
8.537740e+00 
8.537740e+00 
8.537740e+00 
8.537740e+00 
8.537740e+00 
8.537740e+00 
8.537740e+00 
8.537740e+00 
8.537740e+00 
8.537740e+00 
8.537740e+00 
8.537740e+00 
8.537740e+00 
8.537740e+00 
8.537740e+00 
8.537740e+00 
8.537740e+00 
8.537740e+00 
8.537740e+00 
8.537740e+00 
8.537740e+00 
8.537740e+00 
8.537740e+00 
8.537740e+00 
8.537740e+00 
8.537740e+00 
8.537740e+00 
8.537740e+00 
8.537740e+00 
8.537740e+00 
8.537740e+00 
8.537740e+00 
8.537740e+00 
8.537740e+00 
8.537740e+00 
8.537740e+00 
8.537740e+00 
8.537740e+00 
8.537740e+00 
8.537740e+00 
8.537740e+00 
8.537740e+00 
8.537740e+00 
8.537740e+00 
8.537740e+00 
8.537740e+00 
8.537740e+00 
8.537740e+00 
8.537740e+00 
8.537740e+00 
8.537740e+00 
8.537740e+00 
8.537740e+00 
8.537740e+00 
8.537740e+00 
8.537740e+00 
8.537740e+00 
8.537740e+00 
8.537740e+00 
8.537740e+00 
8.537740e+00 
8.537740e+00 
8.537740e+00 
8.537740e+00 
8.537740e+00 
8.537740e+00 
8.537740e+00 
8.537740e+00 
8.537740e+00 
8.537740e+00 
8.537740e+00 
8.537740e+00 
8.537740e+00 
8.537740e+00 
8.537740e+00 
8.537740e+00 
8.537740e+00 
8.537740e+00 
8.537740e+00 
8.537740e+00 
8.537740e+00 
8.537740e+00 
8.537740e+00 
8.537740e+00 
8.537740e+00 
8.537740e+00 
8.537740e+00 
8.537740e+00 
8.537740e+00 
8.537740e+00 
8.537740e+00 
8.537740e+00 
8.537740e+00 
8.537740e+00 
8.537740e+00 
8.537740e+00 
8.537740e+00 
8.537740e+00 
8.537740e+00 
8.537740e+00 
8.537740e+00 
8.537740e+00 
8.537740e+00 
8.537740e+00 
8.537740e+00 
8.537740e+00 
8.537740e+00 
8.537740e+00 
8.537740e+00 
8.537740e+00 
8.537740e+00 
8.537740e+00 
8.537740e+00 
8.537740e+00 
8.537740e+00 
8.537740e+00 
8.537740e+00 
8.537740e+00 
8.537740e+00 
8.537740e+00 
8.537740e+00 
8.537740e+00 
8.537740e+00 
8.537740e+00 
8.537740e+00 
8.537740e+00 
8.537740e+00 
8.537740e+00 
8.537740e+00 
8.537740e+00 
8.537740e+00 
8.537740e+00 
8.537740e+00 
8.537740e+00 
8.537740e+00 
8.537740e+00 
8.537740e+00 
8.537740e+00 
8.537740e+00 
8.537740e+00 
8.537740e+00 
8.537740e+00 
8.537740e+00 
8.537740e+00 
8.537740e+00 
8.537740e+00 
8.537740e+00 
8.537740e+00 
8.537740e+00 
8.537740e+00 
8.537740e+00 
8.537740e+00 
8.537740e+00 
8.537740e+00 
8.537740e+00 
8.537740e+00 
8.537740e+00 
8.537740e+00 
8.537740e+00 
8.537740e+00 
8.537740e+00 
8.537740e+00 
8.537740e+00 
8.537740e+00 
8.537740e+00 
8.537740e+00 
8.537740e+00 
8.537740e+00 
8.537740e+00 
8.537740e+00 
8.537740e+00 
8.537740e+00 
8.537740e+00 
8.537740e+00 
8.537740e+00 
8.537740e+00 
8.537740e+00 
8.537740e+00 
8.537740e+00 
8.537740e+00 
8.537740e+00 
8.537740e+00 
8.537740e+00 
8.537740e+00 
8.537740e+00 
8.537740e+00 
8.537740e+00 
8.537740e+00 
8.537740e+00 
8.537740e+00 
8.537740e+00 
8.537740e+00 
8.537740e+00 
8.537740e+00 
8.537740e+00 
8.537740e+00 
8.537740e+00 
8.537740e+00 
8.537740e+00 
8.537740e+00 
8.537740e+00 
8.537740e+00 
8.537740e+00 
8.537740e+00 
8.537740e+00 
8.537740e+00 
8.537740e+00 
8.537740e+00 
8.537740e+00 
8.537740e+00 
8.537740e+00 
8.537740e+00 
8.537740e+00 
8.537740e+00 
8.537740e+00 
8.537740e+00 
8.537740e+00 
8.537740e+00 
8.537740e+00 
8.537740e+00 
8.537740e+00 
8.537740e+00 
8.537740e+00 
8.537740e+00 
8.537740e+00 
8.537740e+00 
8.537740e+00 
8.537740e+00 
8.537740e+00 
8.537740e+00 
8.537740e+00 
8.537740e+00 
8.537740e+00 
8.537740e+00 
8.537740e+00 
8.537740e+00 
8.537740e+00 
8.537740e+00 
8.537740e+00 
8.537740e+00 
8.537740e+00 
8.537740e+00 
8.537740e+00 
8.537740e+00 
8.537740e+00 
8.537740e+00 
8.537740e+00 
8.537740e+00 
8.537740e+00 
8.537740e+00 
8.537740e+00 
8.537740e+00 
8.537740e+00 
8.537740e+00 
8.537740e+00 
8.537740e+00 
8.537740e+00 
8.537740e+00 
8.537740e+00 
8.537740e+00 
8.537740e+00 
8.537740e+00 
8.537740e+00 
8.537740e+00 
8.537740e+00 
8.537740e+00 
8.537740e+00 
8.537740e+00 
8.537740e+00 
8.537740e+00 
8.537740e+00 
8.537740e+00 
8.537740e+00 
8.537740e+00 
8.537740e+00 
8.537740e+00 
8.537740e+00 
8.537740e+00 
8.537740e+00 
8.537740e+00 
8.537740e+00 
8.537740e+00 
8.537740e+00 
8.537740e+00 
8.537740e+00 
8.537740e+00 
8.537740e+00 
8.537740e+00 
8.537740e+00 
8.537740e+00 
8.537740e+00 
8.537740e+00 
8.537740e+00 
8.537740e+00 
8.537740e+00 
8.537740e+00 
8.537740e+00 
8.537740e+00 
8.537740e+00 
8.537740e+00 
8.537740e+00 
8.537740e+00 
8.537740e+00 
8.537740e+00 
8.537740e+00 
8.537740e+00 
8.537740e+00 
8.537740e+00 
8.537740e+00 
8.537740e+00 
8.537740e+00 
8.537740e+00 
8.537740e+00 
8.537740e+00 
8.537740e+00 
8.537740e+00 
8.537740e+00 
8.537740e+00 
8.537740e+00 
8.537740e+00 
8.537740e+00 
8.537740e+00 
8.537740e+00 
8.537740e+00 
8.537740e+00 
8.537740e+00 
8.537740e+00 
8.537740e+00 
8.537740e+00 
8.537740e+00 
8.537740e+00 
8.537740e+00 
8.537740e+00 
8.537740e+00 
8.537740e+00 
8.537740e+00 
8.537740e+00 
8.537740e+00 
8.537740e+00 
8.537740e+00 
8.537740e+00 
8.537740e+00 
8.537740e+00 
8.537740e+00 
8.537740e+00 
8.537740e+00 
8.537740e+00 
8.537740e+00 
8.537740e+00 
8.537740e+00 
8.537740e+00 
8.537740e+00 
8.537740e+00 
8.537740e+00 
8.537740e+00 
8.537740e+00 
8.537740e+00 
8.537740e+00 
8.537740e+00 
8.537740e+00 
8.537740e+00 
8.537740e+00 
8.537740e+00 
8.537740e+00 
8.537740e+00 
8.537740e+00 
8.537740e+00 
8.537740e+00 
8.537740e+00 
8.537740e+00 
8.537740e+00 
8.537740e+00 
8.537740e+00 
8.537740e+00 
8.537740e+00 
8.537740e+00 
8.537740e+00 
8.537740e+00 
8.537740e+00 
8.537740e+00 
8.537740e+00 
8.537740e+00 
8.537740e+00 
8.537740e+00 
8.537740e+00 
8.537740e+00 
8.537740e+00 
8.537740e+00 
8.537740e+00 
8.537740e+00 
8.537740e+00 
8.537740e+00 
8.537740e+00 
8.537740e+00 
8.537740e+00 
8.537740e+00 
8.537740e+00 
8.537740e+00 
8.537740e+00 
8.537740e+00 
8.537740e+00 
8.537740e+00 
8.537740e+00 
8.537740e+00 
8.537740e+00 
8.537740e+00 
8.537740e+00 
8.537740e+00 
8.537740e+00 
8.537740e+00 
8.537740e+00 
8.537740e+00 
8.537740e+00 
8.537740e+00 
8.537740e+00 
8.537740e+00 
8.537740e+00 
8.537740e+00 
8.537740e+00 
8.537740e+00 
8.537740e+00 
8.537740e+00 
8.537740e+00 
8.537740e+00 
8.537740e+00 
8.537740e+00 
8.537740e+00 
8.537740e+00 
8.537740e+00 
8.537740e+00 
8.537740e+00 
8.537740e+00 
8.537740e+00 
8.537740e+00 
8.537740e+00 
8.537740e+00 
8.537740e+00 
8.537740e+00 
8.537740e+00 
8.537740e+00 
8.537740e+00 
8.537740e+00 
8.537740e+00 
8.537740e+00 
8.537740e+00 
8.537740e+00 
8.537740e+00 
8.537740e+00 
8.537740e+00 
8.537740e+00 
8.537740e+00 
8.537740e+00 
8.537740e+00 
8.537740e+00 
8.537740e+00 
8.537740e+00 
8.537740e+00 
8.537740e+00 
8.537740e+00 
8.537740e+00 
8.537740e+00 
8.537740e+00 
8.537740e+00 
8.537740e+00 
8.537740e+00 
8.537740e+00 
8.537740e+00 
8.537740e+00 
8.537740e+00 
8.537740e+00 
8.537740e+00 
8.537740e+00 
8.537740e+00 
8.537740e+00 
8.537740e+00 
8.537740e+00 
8.537740e+00 
8.537740e+00 
8.537740e+00 
8.537740e+00 
8.537740e+00 
8.537740e+00 
8.537740e+00 
8.537740e+00 
8.537740e+00 
8.537740e+00 
8.537740e+00 
8.537740e+00 
8.537740e+00 
8.537740e+00 
8.537740e+00 
8.537740e+00 
8.537740e+00 
8.537740e+00 
8.537740e+00 
8.537740e+00 
8.537740e+00 
8.537740e+00 
8.537740e+00 
8.537740e+00 
8.537740e+00 
8.537740e+00 
8.537740e+00 
8.537740e+00 
8.537740e+00 
8.537740e+00 
8.537740e+00 
8.537740e+00 
8.537740e+00 
8.537740e+00 
8.537740e+00 
8.537740e+00 
8.537740e+00 
8.537740e+00 
8.537740e+00 
8.537740e+00 
8.537740e+00 
8.537740e+00 
8.537740e+00 
8.537740e+00 
8.537740e+00 
8.537740e+00 
8.537740e+00 
8.537740e+00 
8.537740e+00 
8.537740e+00 
8.537740e+00 
8.537740e+00 
8.537740e+00 
8.537740e+00 
8.537740e+00 
8.537740e+00 
8.537740e+00 
8.537740e+00 
8.537740e+00 
8.537740e+00 
8.537740e+00 
8.537740e+00 
8.537740e+00 
8.537740e+00 
8.537740e+00 
8.537740e+00 
8.537740e+00 
8.537740e+00 
8.537740e+00 
8.537740e+00 
8.537740e+00 
8.537740e+00 
8.537740e+00 
8.537740e+00 
8.537740e+00 
8.537740e+00 
8.537740e+00 
8.537740e+00 
8.537740e+00 
8.537740e+00 
8.537740e+00 
8.537740e+00 
8.537740e+00 
8.537740e+00 
8.537740e+00 
8.537740e+00 
8.537740e+00 
8.537740e+00 
8.537740e+00 
8.537740e+00 
8.537740e+00 
8.537740e+00 
8.537740e+00 
8.537740e+00 
8.537740e+00 
8.537740e+00 
8.537740e+00 
8.537740e+00 
8.537740e+00 
8.537740e+00 
8.537740e+00 
8.537740e+00 
8.537740e+00 
8.537740e+00 
8.537740e+00 
8.537740e+00 
8.537740e+00 
8.537740e+00 
8.537740e+00 
8.537740e+00 
8.537740e+00 
8.537740e+00 
8.537740e+00 
8.537740e+00 
8.537740e+00 
8.537740e+00 
8.537740e+00 
8.537740e+00 
8.537740e+00 
8.537740e+00 
8.537740e+00 
8.537740e+00 
8.537740e+00 
8.537740e+00 
8.537740e+00 
8.537740e+00 
8.537740e+00 
8.537740e+00 
8.537740e+00 
8.537740e+00 
8.537740e+00 
8.537740e+00 
8.537740e+00 
8.537740e+00 
8.537740e+00 
8.537740e+00 
8.537740e+00 
8.537740e+00 
8.537740e+00 
8.537740e+00 
8.537740e+00 
8.537740e+00 
8.537740e+00 
8.537740e+00 
8.537740e+00 
8.537740e+00 
8.537740e+00 
8.537740e+00 
8.537740e+00 
8.537740e+00 
8.537740e+00 
8.537740e+00 
8.537740e+00 
8.537740e+00 
8.537740e+00 
8.537740e+00 
8.537740e+00 
8.537740e+00 
8.537740e+00 
8.537740e+00 
8.537740e+00 
8.537740e+00 
8.537740e+00 
8.537740e+00 
8.537740e+00 
8.537740e+00 
8.537740e+00 
8.537740e+00 
8.537740e+00 
8.537740e+00 
8.537740e+00 
8.537740e+00 
8.537740e+00 
8.537740e+00 
8.537740e+00 
8.537740e+00 
8.537740e+00 
8.537740e+00 
8.537740e+00 
8.537740e+00 
8.537740e+00 
8.537740e+00 
8.537740e+00 
8.537740e+00 
8.537740e+00 
8.537740e+00 
8.537740e+00 
8.537740e+00 
8.537740e+00 
8.537740e+00 
8.537740e+00 
8.537740e+00 
8.537740e+00 
8.537740e+00 
8.537740e+00 
8.537740e+00 
8.537740e+00 
8.537740e+00 
8.537740e+00 
8.537740e+00 
8.537740e+00 
8.537740e+00 
8.537740e+00 
8.537740e+00 
8.537740e+00 
8.537740e+00 
8.537740e+00 
8.537740e+00 
8.537740e+00 
8.537740e+00 
8.537740e+00 
8.537740e+00 
8.537740e+00 
8.537740e+00 
8.537740e+00 
8.537740e+00 
8.537740e+00 
8.537740e+00 
8.537740e+00 
8.537740e+00 
8.537740e+00 
8.537740e+00 
8.537740e+00 
8.537740e+00 
8.537740e+00 
8.537740e+00 
8.537740e+00 
8.537740e+00 
8.537740e+00 
8.537740e+00 
8.537740e+00 
8.537740e+00 
8.537740e+00 
8.537740e+00 
8.537740e+00 
8.537740e+00 
8.537740e+00 
8.537740e+00 
8.537740e+00 
8.537740e+00 
8.537740e+00 
8.537740e+00 
8.537740e+00 
8.537740e+00 
8.537740e+00 
8.537740e+00 
8.537740e+00 
8.537740e+00 
8.537740e+00 
8.537740e+00 
8.537740e+00 
8.537740e+00 
8.537740e+00 
8.537740e+00 
8.537740e+00 
8.537740e+00 
8.537740e+00 
8.537740e+00 
8.537740e+00 
8.537740e+00 
8.537740e+00 
8.537740e+00 
8.537740e+00 
8.537740e+00 
8.537740e+00 
8.537740e+00 
8.537740e+00 
8.537740e+00 
8.537740e+00 
8.537740e+00 
8.537740e+00 
8.537740e+00 
8.537740e+00 
8.537740e+00 
8.537740e+00 
8.537740e+00 
8.537740e+00 
8.537740e+00 
8.537740e+00 
8.537740e+00 
8.537740e+00 
8.537740e+00 
8.537740e+00 
8.537740e+00 
8.537740e+00 
8.537740e+00 
8.537740e+00 
8.537740e+00 
8.537740e+00 
8.537740e+00 
8.537740e+00 
8.537740e+00 
8.537740e+00 
8.537740e+00 
8.537740e+00 
8.537740e+00 
8.537740e+00 
8.537740e+00 
8.537740e+00 
8.537740e+00 
8.537740e+00 
8.537740e+00 
8.537740e+00 
8.537740e+00 
8.537740e+00 
8.537740e+00 
8.537740e+00 
8.537740e+00 
8.537740e+00 
8.537740e+00 
8.537740e+00 
8.537740e+00 
8.537740e+00 
8.537740e+00 
8.537740e+00 
8.537740e+00 
8.537740e+00 
8.537740e+00 
8.537740e+00 
8.537740e+00 
8.537740e+00 
8.537740e+00 
8.537740e+00 
8.537740e+00 
8.537740e+00 
8.537740e+00 
8.537740e+00 
8.537740e+00 
8.537740e+00 
8.537740e+00 
8.537740e+00 
8.537740e+00 
8.537740e+00 
8.537740e+00 
8.537740e+00 
8.537740e+00 
8.537740e+00 
8.537740e+00 
8.537740e+00 
8.537740e+00 
8.537740e+00 
8.537740e+00 
8.537740e+00 
8.537740e+00 
8.537740e+00 
8.537740e+00 
8.537740e+00 
8.537740e+00 
8.537740e+00 
8.537740e+00 
8.537740e+00 
8.537740e+00 
8.537740e+00 
8.537740e+00 
8.537740e+00 
8.537740e+00 
8.537740e+00 
8.537740e+00 
8.537740e+00 
8.537740e+00 
8.537740e+00 
8.537740e+00 
8.537740e+00 
8.537740e+00 
8.537740e+00 
8.537740e+00 
8.537740e+00 
8.537740e+00 
8.537740e+00 
8.537740e+00 
8.537740e+00 
8.537740e+00 
8.537740e+00 
8.537740e+00 
8.537740e+00 
8.537740e+00 
8.537740e+00 
8.537740e+00 
8.537740e+00 
8.537740e+00 
8.537740e+00 
8.537740e+00 
8.537740e+00 
8.537740e+00 
8.537740e+00 
8.537740e+00 
8.537740e+00 
8.537740e+00 
8.537740e+00 
8.537740e+00 
8.537740e+00 
8.537740e+00 
8.537740e+00 
8.537740e+00 
8.537740e+00 
8.537740e+00 
8.537740e+00 
8.537740e+00 
8.537740e+00 
8.537740e+00 
8.537740e+00 
8.537740e+00 
8.537740e+00 
8.537740e+00 
8.537740e+00 
8.537740e+00 
8.537740e+00 
8.537740e+00 
8.537740e+00 
8.537740e+00 
8.537740e+00 
8.537740e+00 
8.537740e+00 
8.537740e+00 
8.537740e+00 
8.537740e+00 
8.537740e+00 
8.537740e+00 
8.537740e+00 
8.537740e+00 
8.537740e+00 
8.537740e+00 
8.537740e+00 
8.537740e+00 
8.537740e+00 
8.537740e+00 
8.537740e+00 
8.537740e+00 
8.537740e+00 
8.537740e+00 
8.537740e+00 
8.537740e+00 
8.537740e+00 
8.537740e+00 
8.537740e+00 
8.537740e+00 
8.537740e+00 
8.537740e+00 
8.537740e+00 
8.537740e+00 
8.537740e+00 
8.537740e+00 
8.537740e+00 
8.537740e+00 
8.537740e+00 
8.537740e+00 
8.537740e+00 
8.537740e+00 
8.537740e+00 
8.537740e+00 
8.537740e+00 
8.537740e+00 
8.537740e+00 
8.537740e+00 
8.537740e+00 
8.537740e+00 
8.537740e+00 
8.537740e+00 
8.537740e+00 
8.537740e+00 
8.537740e+00 
8.537740e+00 
8.537740e+00 
8.537740e+00 
8.537740e+00 
8.537740e+00 
8.537740e+00 
8.537740e+00 
8.537740e+00 
8.537740e+00 
8.537740e+00 
8.537740e+00 
8.537740e+00 
8.537740e+00 
8.537740e+00 
8.537740e+00 
8.537740e+00 
8.537740e+00 
8.537740e+00 
8.537740e+00 
8.537740e+00 
8.537740e+00 
8.537740e+00 
8.537740e+00 
8.537740e+00 
8.537740e+00 
8.537740e+00 
8.537740e+00 
8.537740e+00 
8.537740e+00 
8.537740e+00 
8.537740e+00 
8.537740e+00 
8.537740e+00 
8.537740e+00 
8.537740e+00 
8.537740e+00 
8.537740e+00 
8.537740e+00 
8.537740e+00 
8.537740e+00 
8.537740e+00 
8.537740e+00 
8.537740e+00 
8.537740e+00 
8.537740e+00 
8.537740e+00 
8.537740e+00 
8.537740e+00 
8.537740e+00 
8.537740e+00 
8.537740e+00 
8.537740e+00 
8.537740e+00 
8.537740e+00 
8.537740e+00 
8.537740e+00 
8.537740e+00 
8.537740e+00 
8.537740e+00 
8.537740e+00 
8.537740e+00 
8.537740e+00 
8.537740e+00 
8.537740e+00 
8.537740e+00 
8.537740e+00 
8.537740e+00 
8.537740e+00 
8.537740e+00 
8.537740e+00 
8.537740e+00 
8.537740e+00 
8.537740e+00 
8.537740e+00 
8.537740e+00 
8.537740e+00 
8.537740e+00 
8.537740e+00 
8.537740e+00 
8.537740e+00 
8.537740e+00 
8.537740e+00 
8.537740e+00 
8.537740e+00 
8.537740e+00 
8.537740e+00 
8.537740e+00 
8.537740e+00 
8.537740e+00 
8.537740e+00 
8.537740e+00 
8.537740e+00 
8.537740e+00 
8.537740e+00 
8.537740e+00 
8.537740e+00 
8.537740e+00 
8.537740e+00 
8.537740e+00 
8.537740e+00 
8.537740e+00 
8.537740e+00 
8.537740e+00 
8.537740e+00 
8.537740e+00 
8.537740e+00 
8.537740e+00 
8.537740e+00 
8.537740e+00 
8.537740e+00 
8.537740e+00 
8.537740e+00 
8.537740e+00 
8.537740e+00 
8.537740e+00 
8.537740e+00 
8.537740e+00 
8.537740e+00 
8.537740e+00 
8.537740e+00 
8.537740e+00 
8.537740e+00 
8.537740e+00 
8.537740e+00 
8.537740e+00 
8.537740e+00 
8.537740e+00 
8.537740e+00 
8.537740e+00 
8.537740e+00 
8.537740e+00 
8.537740e+00 
8.537740e+00 
8.537740e+00 
8.537740e+00 
8.537740e+00 
8.537740e+00 
8.537740e+00 
8.537740e+00 
8.537740e+00 
8.537740e+00 
8.537740e+00 
8.537740e+00 
8.537740e+00 
8.537740e+00 
8.537740e+00 
8.537740e+00 
8.537740e+00 
8.537740e+00 
8.537740e+00 
8.537740e+00 
8.537740e+00 
8.537740e+00 
8.537740e+00 
8.537740e+00 
8.537740e+00 
8.537740e+00 
8.537740e+00 
8.537740e+00 
8.537740e+00 
8.537740e+00 
8.537740e+00 
8.537740e+00 
8.537740e+00 
8.537740e+00 
8.537740e+00 
8.537740e+00 
8.537740e+00 
8.537740e+00 
8.537740e+00 
8.537740e+00 
8.537740e+00 
8.537740e+00 
8.537740e+00 
8.537740e+00 
8.537740e+00 
8.537740e+00 
8.537740e+00 
8.537740e+00 
8.537740e+00 
8.537740e+00 
8.537740e+00 
8.537740e+00 
8.537740e+00 
8.537740e+00 
8.537740e+00 
8.537740e+00 
8.537740e+00 
8.537740e+00 
8.537740e+00 
8.537740e+00 
8.537740e+00 
8.537740e+00 
8.537740e+00 
8.537740e+00 
8.537740e+00 
8.537740e+00 
8.537740e+00 
8.537740e+00 
8.537740e+00 
8.537740e+00 
8.537740e+00 
8.537740e+00 
8.537740e+00 
8.537740e+00 
8.537740e+00 
8.537740e+00 
8.537740e+00 
8.537740e+00 
8.537740e+00 
8.537740e+00 
8.537740e+00 
8.537740e+00 
8.537740e+00 
8.537740e+00 
8.537740e+00 
8.537740e+00 
8.537740e+00 
8.537740e+00 
8.537740e+00 
8.537740e+00 
8.537740e+00 
8.537740e+00 
8.537740e+00 
8.537740e+00 
8.537740e+00 
8.537740e+00 
8.537740e+00 
8.537740e+00 
8.537740e+00 
8.537740e+00 
8.537740e+00 
8.537740e+00 
8.537740e+00 
8.537740e+00 
8.537740e+00 
8.537740e+00 
8.537740e+00 
8.537740e+00 
8.537740e+00 
8.537740e+00 
8.537740e+00 
8.537740e+00 
8.537740e+00 
8.537740e+00 
8.537740e+00 
8.537740e+00 
8.537740e+00 
8.537740e+00 
8.537740e+00 
8.537740e+00 
8.537740e+00 
8.537740e+00 
8.537740e+00 
8.537740e+00 
8.537740e+00 
8.537740e+00 
8.537740e+00 
8.537740e+00 
8.537740e+00 
8.537740e+00 
8.537740e+00 
8.537740e+00 
8.537740e+00 
8.537740e+00 
8.537740e+00 
8.537740e+00 
8.537740e+00 
8.537740e+00 
8.537740e+00 
8.537740e+00 
8.537740e+00 
8.537740e+00 
8.537740e+00 
8.537740e+00 
8.537740e+00 
8.537740e+00 
8.537740e+00 
8.537740e+00 
8.537740e+00 
8.537740e+00 
8.537740e+00 
8.537740e+00 
8.537740e+00 
8.537740e+00 
8.537740e+00 
8.537740e+00 
8.537740e+00 
8.537740e+00 
8.537740e+00 
8.537740e+00 
8.537740e+00 
8.537740e+00 
8.537740e+00 
8.537740e+00 
8.537740e+00 
8.537740e+00 
8.537740e+00 
8.537740e+00 
8.537740e+00 
8.537740e+00 
8.537740e+00 
8.537740e+00 
8.537740e+00 
8.537740e+00 
8.537740e+00 
8.537740e+00 
8.537740e+00 
8.537740e+00 
8.537740e+00 
8.537740e+00 
8.537740e+00 
8.537740e+00 
8.537740e+00 
8.537740e+00 
8.537740e+00 
8.537740e+00 
8.537740e+00 
8.537740e+00 
8.537740e+00 
8.537740e+00 
8.537740e+00 
8.537740e+00 
8.537740e+00 
8.537740e+00 
8.537740e+00 
8.537740e+00 
8.537740e+00 
8.537740e+00 
8.537740e+00 
8.537740e+00 
8.537740e+00 
8.537740e+00 
8.537740e+00 
8.537740e+00 
8.537740e+00 
8.537740e+00 
8.537740e+00 
8.537740e+00 
8.537740e+00 
8.537740e+00 
8.537740e+00 
8.537740e+00 
8.537740e+00 
8.537740e+00 
8.537740e+00 
8.537740e+00 
8.537740e+00 
8.537740e+00 
8.537740e+00 
8.537740e+00 
8.537740e+00 
8.537740e+00 
8.537740e+00 
8.537740e+00 
8.537740e+00 
8.537740e+00 
8.537740e+00 
8.537740e+00 
8.537740e+00 
8.537740e+00 
8.537740e+00 
8.537740e+00 
8.537740e+00 
8.537740e+00 
8.537740e+00 
8.537740e+00 
8.537740e+00 
8.537740e+00 
8.537740e+00 
8.537740e+00 
8.537740e+00 
8.537740e+00 
8.537740e+00 
8.537740e+00 
8.537740e+00 
8.537740e+00 
8.537740e+00 
8.537740e+00 
8.537740e+00 
8.537740e+00 
8.537740e+00 
8.537740e+00 
8.537740e+00 
8.537740e+00 
8.537740e+00 
8.537740e+00 
8.537740e+00 
8.537740e+00 
8.537740e+00 
8.537740e+00 
8.537740e+00 
8.537740e+00 
8.537740e+00 
8.537740e+00 
8.537740e+00 
8.537740e+00 
8.537740e+00 
8.537740e+00 
8.537740e+00 
8.537740e+00 
8.537740e+00 
8.537740e+00 
8.537740e+00 
8.537740e+00 
8.537740e+00 
8.537740e+00 
8.537740e+00 
8.537740e+00 
8.537740e+00 
8.537740e+00 
8.537740e+00 
8.537740e+00 
8.537740e+00 
8.537740e+00 
8.537740e+00 
8.537740e+00 
8.537740e+00 
8.537740e+00 
8.537740e+00 
8.537740e+00 
8.537740e+00 
8.537740e+00 
8.537740e+00 
8.537740e+00 
8.537740e+00 
8.537740e+00 
8.537740e+00 
8.537740e+00 
8.537740e+00 
8.537740e+00 
8.537740e+00 
8.537740e+00 
8.537740e+00 
8.537740e+00 
8.537740e+00 
8.537740e+00 
8.537740e+00 
8.537740e+00 
8.537740e+00 
8.537740e+00 
8.537740e+00 
8.537740e+00 
8.537740e+00 
8.537740e+00 
8.537740e+00 
8.537740e+00 
8.537740e+00 
8.537740e+00 
8.537740e+00 
8.537740e+00 
8.537740e+00 
8.537740e+00 
8.537740e+00 
8.537740e+00 
8.537740e+00 
8.537740e+00 
8.537740e+00 
8.537740e+00 
8.537740e+00 
8.537740e+00 
8.537740e+00 
8.537740e+00 
8.537740e+00 
8.537740e+00 
8.537740e+00 
8.537740e+00 
8.537740e+00 
8.537740e+00 
8.537740e+00 
8.537740e+00 
8.537740e+00 
8.537740e+00 
8.537740e+00 
8.537740e+00 
8.537740e+00 
8.537740e+00 
8.537740e+00 
8.537740e+00 
8.537740e+00 
8.537740e+00 
8.537740e+00 
8.537740e+00 
8.537740e+00 
8.537740e+00 
8.537740e+00 
8.537740e+00 
8.537740e+00 
8.537740e+00 
8.537740e+00 
8.537740e+00 
8.537740e+00 
8.537740e+00 
8.537740e+00 
8.537740e+00 
8.537740e+00 
8.537740e+00 
8.537740e+00 
8.537740e+00 
8.537740e+00 
8.537740e+00 
8.537740e+00 
8.537740e+00 
8.537740e+00 
8.537740e+00 
8.537740e+00 
8.537740e+00 
8.537740e+00 
8.537740e+00 
8.537740e+00 
8.537740e+00 
8.537740e+00 
8.537740e+00 
8.537740e+00 
8.537740e+00 
8.537740e+00 
8.537740e+00 
8.537740e+00 
8.537740e+00 
8.537740e+00 
8.537740e+00 
8.537740e+00 
8.537740e+00 
8.537740e+00 
8.537740e+00 
8.537740e+00 
8.537740e+00 
8.537740e+00 
8.537740e+00 
8.537740e+00 
8.537740e+00 
8.537740e+00 
8.537740e+00 
8.537740e+00 
8.537740e+00 
8.537740e+00 
8.537740e+00 
8.537740e+00 
8.537740e+00 
8.537740e+00 
8.537740e+00 
8.537740e+00 
8.537740e+00 
8.537740e+00 
8.537740e+00 
8.537740e+00 
8.537740e+00 
8.537740e+00 
8.537740e+00 
8.537740e+00 
8.537740e+00 
8.537740e+00 
8.537740e+00 
8.537740e+00 
8.537740e+00 
8.537740e+00 
8.537740e+00 
8.537740e+00 
8.537740e+00 
8.537740e+00 
8.537740e+00 
8.537740e+00 
8.537740e+00 
8.537740e+00 
8.537740e+00 
8.537740e+00 
8.537740e+00 
8.537740e+00 
8.537740e+00 
8.537740e+00 
8.537740e+00 
8.537740e+00 
8.537740e+00 
8.537740e+00 
8.537740e+00 
8.537740e+00 
8.537740e+00 
8.537740e+00 
8.537740e+00 
8.537740e+00 
8.537740e+00 
8.537740e+00 
8.537740e+00 
8.537740e+00 
8.537740e+00 
8.537740e+00 
8.537740e+00 
8.537740e+00 
8.537740e+00 
8.537740e+00 
8.537740e+00 
8.537740e+00 
8.537740e+00 
8.537740e+00 
8.537740e+00 
8.537740e+00 
8.537740e+00 
8.537740e+00 
8.537740e+00 
8.537740e+00 
8.537740e+00 
8.537740e+00 
8.537740e+00 
8.537740e+00 
8.537740e+00 
8.537740e+00 
8.537740e+00 
8.537740e+00 
8.537740e+00 
8.537740e+00 
8.537740e+00 
8.537740e+00 
8.537740e+00 
8.537740e+00 
8.537740e+00 
8.537740e+00 
8.537740e+00 
8.537740e+00 
8.537740e+00 
8.537740e+00 
8.537740e+00 
8.537740e+00 
8.537740e+00 
8.537740e+00 
8.537740e+00 
8.537740e+00 
8.537740e+00 
8.537740e+00 
8.537740e+00 
8.537740e+00 
8.537740e+00 
8.537740e+00 
8.537740e+00 
8.537740e+00 
8.537740e+00 
8.537740e+00 
8.537740e+00 
8.537740e+00 
8.537740e+00 
8.537740e+00 
8.537740e+00 
8.537740e+00 
8.537740e+00 
8.537740e+00 
8.537740e+00 
8.537740e+00 
8.537740e+00 
8.537740e+00 
8.537740e+00 
8.537740e+00 
8.537740e+00 
8.537740e+00 
8.537740e+00 
8.537740e+00 
8.537740e+00 
8.537740e+00 
8.537740e+00 
8.537740e+00 
8.537740e+00 
8.537740e+00 
8.537740e+00 
8.537740e+00 
8.537740e+00 
8.537740e+00 
8.537740e+00 
8.537740e+00 
8.537740e+00 
8.537740e+00 
8.537740e+00 
8.537740e+00 
8.537740e+00 
8.537740e+00 
8.537740e+00 
8.537740e+00 
8.537740e+00 
8.537740e+00 
8.537740e+00 
8.537740e+00 
8.537740e+00 
8.537740e+00 
8.537740e+00 
8.537740e+00 
8.537740e+00 
8.537740e+00 
8.537740e+00 
8.537740e+00 
8.537740e+00 
8.537740e+00 
8.537740e+00 
8.537740e+00 
8.537740e+00 
8.537740e+00 
8.537740e+00 
8.537740e+00 
8.537740e+00 
8.537740e+00 
8.537740e+00 
8.537740e+00 
8.537740e+00 
8.537740e+00 
8.537740e+00 
8.537740e+00 
8.537740e+00 
8.537740e+00 
8.537740e+00 
8.537740e+00 
8.537740e+00 
8.537740e+00 
8.537740e+00 
8.537740e+00 
8.537740e+00 
8.537740e+00 
8.537740e+00 
8.537740e+00 
8.537740e+00 
8.537740e+00 
8.537740e+00 
8.537740e+00 
8.537740e+00 
8.537740e+00 
8.537740e+00 
8.537740e+00 
8.537740e+00 
8.537740e+00 
8.537740e+00 
8.537740e+00 
8.537740e+00 
8.537740e+00 
8.537740e+00 
8.537740e+00 
8.537740e+00 
8.537740e+00 
8.537740e+00 
8.537740e+00 
8.537740e+00 
8.537740e+00 
8.537740e+00 
8.537740e+00 
8.537740e+00 
8.537740e+00 
8.537740e+00 
8.537740e+00 
8.537740e+00 
8.537740e+00 
8.537740e+00 
8.537740e+00 
8.537740e+00 
8.537740e+00 
8.537740e+00 
8.537740e+00 
8.537740e+00 
8.537740e+00 
8.537740e+00 
8.537740e+00 
8.537740e+00 
8.537740e+00 
8.537740e+00 
8.537740e+00 
8.537740e+00 
8.537740e+00 
8.537740e+00 
8.537740e+00 
8.537740e+00 
8.537740e+00 
8.537740e+00 
8.537740e+00 
8.537740e+00 
8.537740e+00 
8.537740e+00 
8.537740e+00 
8.537740e+00 
8.537740e+00 
8.537740e+00 
8.537740e+00 
8.537740e+00 
8.537740e+00 
8.537740e+00 
8.537740e+00 
8.537740e+00 
8.537740e+00 
8.537740e+00 
8.537740e+00 
8.537740e+00 
8.537740e+00 
8.537740e+00 
8.537740e+00 
8.537740e+00 
8.537740e+00 
8.537740e+00 
8.537740e+00 
8.537740e+00 
8.537740e+00 
8.537740e+00 
8.537740e+00 
8.537740e+00 
8.537740e+00 
8.537740e+00 
8.537740e+00 
8.537740e+00 
8.537740e+00 
8.537740e+00 
8.537740e+00 
8.537740e+00 
8.537740e+00 
8.537740e+00 
8.537740e+00 
8.537740e+00 
8.537740e+00 
8.537740e+00 
8.537740e+00 
8.537740e+00 
8.537740e+00 
8.537740e+00 
8.537740e+00 
8.537740e+00 
8.537740e+00 
8.537740e+00 
8.537740e+00 
8.537740e+00 
8.537740e+00 
8.537740e+00 
8.537740e+00 
8.537740e+00 
8.537740e+00 
8.537740e+00 
8.537740e+00 
8.537740e+00 
8.537740e+00 
8.537740e+00 
8.537740e+00 
8.537740e+00 
8.537740e+00 
8.537740e+00 
8.537740e+00 
8.537740e+00 
8.537740e+00 
8.537740e+00 
8.537740e+00 
8.537740e+00 
8.537740e+00 
8.537740e+00 
8.537740e+00 
8.537740e+00 
8.537740e+00 
8.537740e+00 
8.537740e+00 
8.537740e+00 
8.537740e+00 
8.537740e+00 
8.537740e+00 
8.537740e+00 
8.537740e+00 
8.537740e+00 
8.537740e+00 
8.537740e+00 
8.537740e+00 
8.537740e+00 
8.537740e+00 
8.537740e+00 
8.537740e+00 
8.537740e+00 
8.537740e+00 
8.537740e+00 
8.537740e+00 
8.537740e+00 
8.537740e+00 
8.537740e+00 
8.537740e+00 
8.537740e+00 
8.537740e+00 
8.537740e+00 
8.537740e+00 
8.537740e+00 
8.537740e+00 
8.537740e+00 
8.537740e+00 
8.537740e+00 
8.537740e+00 
8.537740e+00 
8.537740e+00 
8.537740e+00 
8.537740e+00 
8.537740e+00 
8.537740e+00 
8.537740e+00 
8.537740e+00 
8.537740e+00 
8.537740e+00 
8.537740e+00 
8.537740e+00 
8.537740e+00 
8.537740e+00 
8.537740e+00 
8.537740e+00 
8.537740e+00 
8.537740e+00 
8.537740e+00 
8.537740e+00 
8.537740e+00 
8.537740e+00 
8.537740e+00 
8.537740e+00 
8.537740e+00 
8.537740e+00 
8.537740e+00 
8.537740e+00 
8.537740e+00 
8.537740e+00 
8.537740e+00 
8.537740e+00 
8.537740e+00 
8.537740e+00 
8.537740e+00 
8.537740e+00 
8.537740e+00 
8.537740e+00 
8.537740e+00 
8.537740e+00 
8.537740e+00 
8.537740e+00 
8.537740e+00 
8.537740e+00 
8.537740e+00 
8.537740e+00 
8.537740e+00 
8.537740e+00 
8.537740e+00 
8.537740e+00 
8.537740e+00 
8.537740e+00 
8.537740e+00 
8.537740e+00 
8.537740e+00 
8.537740e+00 
8.537740e+00 
8.537740e+00 
8.537740e+00 
8.537740e+00 
8.537740e+00 
8.537740e+00 
8.537740e+00 
8.537740e+00 
8.537740e+00 
8.537740e+00 
8.537740e+00 
8.537740e+00 
8.537740e+00 
8.537740e+00 
8.537740e+00 
8.537740e+00 
8.537740e+00 
8.537740e+00 
8.537740e+00 
8.537740e+00 
8.537740e+00 
8.537740e+00 
8.537740e+00 
8.537740e+00 
8.537740e+00 
8.537740e+00 
8.537740e+00 
8.537740e+00 
8.537740e+00 
8.537740e+00 
8.537740e+00 
8.537740e+00 
8.537740e+00 
8.537740e+00 
8.537740e+00 
8.537740e+00 
8.537740e+00 
8.537740e+00 
8.537740e+00 
8.537740e+00 
8.537740e+00 
8.537740e+00 
8.537740e+00 
8.537740e+00 
8.537740e+00 
8.537740e+00 
8.537740e+00 
8.537740e+00 
8.537740e+00 
8.537740e+00 
8.537740e+00 
8.537740e+00 
8.537740e+00 
8.537740e+00 
8.537740e+00 
8.537740e+00 
8.537740e+00 
8.537740e+00 
8.537740e+00 
8.537740e+00 
8.537740e+00 
8.537740e+00 
8.537740e+00 
8.537740e+00 
8.537740e+00 
8.537740e+00 
8.537740e+00 
8.537740e+00 
8.537740e+00 
8.537740e+00 
8.537740e+00 
8.537740e+00 
8.537740e+00 
8.537740e+00 
8.537740e+00 
8.537740e+00 
8.537740e+00 
8.537740e+00 
8.537740e+00 
8.537740e+00 
8.537740e+00 
8.537740e+00 
8.537740e+00 
8.537740e+00 
8.537740e+00 
8.537740e+00 
8.537740e+00 
8.537740e+00 
8.537740e+00 
8.537740e+00 
8.537740e+00 
8.537740e+00 
8.537740e+00 
8.537740e+00 
8.537740e+00 
8.537740e+00 
8.537740e+00 
8.537740e+00 
8.537740e+00 
8.537740e+00 
8.537740e+00 
8.537740e+00 
8.537740e+00 
8.537740e+00 
8.537740e+00 
8.537740e+00 
8.537740e+00 
8.537740e+00 
8.537740e+00 
8.537740e+00 
8.537740e+00 
8.537740e+00 
8.537740e+00 
8.537740e+00 
8.537740e+00 
8.537740e+00 
8.537740e+00 
8.537740e+00 
8.537740e+00 
8.537740e+00 
8.537740e+00 
8.537740e+00 
8.537740e+00 
8.537740e+00 
8.537740e+00 
8.537740e+00 
8.537740e+00 
8.537740e+00 
8.537740e+00 
8.537740e+00 
8.537740e+00 
8.537740e+00 
8.537740e+00 
8.537740e+00 
8.537740e+00 
8.537740e+00 
8.537740e+00 
8.537740e+00 
8.537740e+00 
8.537740e+00 
8.537740e+00 
8.537740e+00 
8.537740e+00 
8.537740e+00 
8.537740e+00 
8.537740e+00 
8.537740e+00 
8.537740e+00 
8.537740e+00 
8.537740e+00 
8.537740e+00 
8.537740e+00 
8.537740e+00 
8.537740e+00 
8.537740e+00 
8.537740e+00 
8.537740e+00 
8.537740e+00 
8.537740e+00 
8.537740e+00 
8.537740e+00 
8.537740e+00 
8.537740e+00 
8.537740e+00 
8.537740e+00 
8.537740e+00 
8.537740e+00 
8.537740e+00 
8.537740e+00 
8.537740e+00 
8.537740e+00 
8.537740e+00 
8.537740e+00 
8.537740e+00 
8.537740e+00 
8.537740e+00 
8.537740e+00 
8.537740e+00 
8.537740e+00 
8.537740e+00 
8.537740e+00 
8.537740e+00 
8.537740e+00 
8.537740e+00 
8.537740e+00 
8.537740e+00 
8.537740e+00 
8.537740e+00 
8.537740e+00 
8.537740e+00 
8.537740e+00 
8.537740e+00 
8.537740e+00 
8.537740e+00 
8.537740e+00 
8.537740e+00 
8.537740e+00 
8.537740e+00 
8.537740e+00 
8.537740e+00 
8.537740e+00 
8.537740e+00 
8.537740e+00 
8.537740e+00 
8.537740e+00 
8.537740e+00 
8.537740e+00 
8.537740e+00 
8.537740e+00 
8.537740e+00 
8.537740e+00 
8.537740e+00 
8.537740e+00 
8.537740e+00 
8.537740e+00 
8.537740e+00 
8.537740e+00 
8.537740e+00 
8.537740e+00 
8.537740e+00 
8.537740e+00 
8.537740e+00 
8.537740e+00 
8.537740e+00 
8.537740e+00 
8.537740e+00 
8.537740e+00 
8.537740e+00 
8.537740e+00 
8.537740e+00 
8.537740e+00 
8.537740e+00 
8.537740e+00 
8.537740e+00 
8.537740e+00 
8.537740e+00 
8.537740e+00 
8.537740e+00 
8.537740e+00 
8.537740e+00 
8.537740e+00 
8.537740e+00 
8.537740e+00 
8.537740e+00 
8.537740e+00 
8.537740e+00 
8.537740e+00 
8.537740e+00 
8.537740e+00 
8.537740e+00 
8.537740e+00 
8.537740e+00 
8.537740e+00 
8.537740e+00 
8.537740e+00 
8.537740e+00 
8.537740e+00 
8.537740e+00 
8.537740e+00 
8.537740e+00 
8.537740e+00 
8.537740e+00 
8.537740e+00 
8.537740e+00 
8.537740e+00 
8.537740e+00 
8.537740e+00 
8.537740e+00 
8.537740e+00 
8.537740e+00 
8.537740e+00 
8.537740e+00 
8.537740e+00 
8.537740e+00 
8.537740e+00 
8.537740e+00 
8.537740e+00 
8.537740e+00 
8.537740e+00 
8.537740e+00 
8.537740e+00 
8.537740e+00 
8.537740e+00 
8.537740e+00 
8.537740e+00 
8.537740e+00 
8.537740e+00 
8.537740e+00 
8.537740e+00 
8.537740e+00 
8.537740e+00 
8.537740e+00 
8.537740e+00 
8.537740e+00 
8.537740e+00 
8.537740e+00 
8.537740e+00 
8.537740e+00 
8.537740e+00 
8.537740e+00 
8.537740e+00 
8.537740e+00 
8.537740e+00 
8.537740e+00 
8.537740e+00 
8.537740e+00 
8.537740e+00 
8.537740e+00 
8.537740e+00 
8.537740e+00 
8.537740e+00 
8.537740e+00 
8.537740e+00 
8.537740e+00 
8.537740e+00 
8.537740e+00 
8.537740e+00 
8.537740e+00 
8.537740e+00 
8.537740e+00 
8.537740e+00 
8.537740e+00 
8.537740e+00 
8.537740e+00 
8.537740e+00 
8.537740e+00 
8.537740e+00 
8.537740e+00 
8.537740e+00 
8.537740e+00 
8.537740e+00 
8.537740e+00 
8.537740e+00 
8.537740e+00 
8.537740e+00 
8.537740e+00 
8.537740e+00 
