4.898206e+03 
3.457094e+03 
3.457094e+03 
3.457094e+03 
3.457094e+03 
3.457094e+03 
3.457094e+03 
3.457094e+03 
3.457094e+03 
3.457094e+03 
3.457094e+03 
3.457094e+03 
3.457094e+03 
3.457094e+03 
3.457094e+03 
3.457094e+03 
3.457094e+03 
3.457094e+03 
3.457094e+03 
3.457094e+03 
3.457094e+03 
3.457094e+03 
3.457094e+03 
3.343202e+03 
3.343202e+03 
3.343202e+03 
3.343202e+03 
3.343202e+03 
3.343202e+03 
3.343202e+03 
3.343202e+03 
3.343202e+03 
3.343202e+03 
3.343202e+03 
3.343202e+03 
3.343202e+03 
3.343202e+03 
3.343202e+03 
3.343202e+03 
3.343202e+03 
3.343202e+03 
3.343202e+03 
3.343202e+03 
3.343202e+03 
3.343202e+03 
3.343202e+03 
3.343202e+03 
3.343202e+03 
3.343202e+03 
3.343202e+03 
3.343202e+03 
3.343202e+03 
3.302650e+03 
3.302650e+03 
3.302650e+03 
3.302650e+03 
3.302650e+03 
3.302650e+03 
3.302650e+03 
3.302650e+03 
3.302650e+03 
3.302650e+03 
3.302650e+03 
3.302650e+03 
3.302650e+03 
3.302650e+03 
3.302650e+03 
3.302650e+03 
3.302650e+03 
3.302650e+03 
3.302650e+03 
3.260444e+03 
3.260444e+03 
2.893888e+03 
2.596093e+03 
2.596093e+03 
2.596093e+03 
2.596093e+03 
2.596093e+03 
2.596093e+03 
2.596093e+03 
2.596093e+03 
2.596093e+03 
2.596093e+03 
2.596093e+03 
2.596093e+03 
2.596093e+03 
2.596093e+03 
2.596093e+03 
2.596093e+03 
2.596093e+03 
2.596093e+03 
2.596093e+03 
2.596093e+03 
2.596093e+03 
2.596093e+03 
2.596093e+03 
2.596093e+03 
2.596093e+03 
2.596093e+03 
2.596093e+03 
2.596093e+03 
2.596093e+03 
2.596093e+03 
2.596093e+03 
2.596093e+03 
2.596093e+03 
2.596093e+03 
2.596093e+03 
2.596093e+03 
2.596093e+03 
2.596093e+03 
2.596093e+03 
2.596093e+03 
2.596093e+03 
2.596093e+03 
2.596093e+03 
2.596093e+03 
2.596093e+03 
2.596093e+03 
2.596093e+03 
2.596093e+03 
2.596093e+03 
2.596093e+03 
2.596093e+03 
2.596093e+03 
2.596093e+03 
2.497345e+03 
2.497345e+03 
2.497345e+03 
2.497345e+03 
2.497345e+03 
2.497345e+03 
2.497345e+03 
2.497345e+03 
2.445679e+03 
2.445679e+03 
2.445679e+03 
2.445679e+03 
2.445679e+03 
2.445679e+03 
2.339312e+03 
2.339312e+03 
2.339312e+03 
2.339312e+03 
2.339312e+03 
2.339312e+03 
2.339312e+03 
2.339312e+03 
2.339312e+03 
2.339312e+03 
2.339312e+03 
2.339312e+03 
2.339312e+03 
2.339312e+03 
2.339312e+03 
2.339312e+03 
2.339312e+03 
2.055521e+03 
2.055521e+03 
2.055521e+03 
2.055521e+03 
2.055521e+03 
2.055521e+03 
2.055521e+03 
2.055521e+03 
2.055521e+03 
2.055521e+03 
2.055521e+03 
2.055521e+03 
2.055521e+03 
2.055521e+03 
2.055521e+03 
2.055521e+03 
2.055521e+03 
2.055521e+03 
2.055521e+03 
2.055521e+03 
2.055521e+03 
2.055521e+03 
2.055521e+03 
2.055521e+03 
2.055521e+03 
2.055521e+03 
2.055521e+03 
2.055521e+03 
2.055521e+03 
2.055521e+03 
2.055521e+03 
2.055521e+03 
2.055521e+03 
2.055521e+03 
2.055521e+03 
2.055521e+03 
2.055521e+03 
2.055521e+03 
2.055521e+03 
2.055521e+03 
2.055521e+03 
2.055521e+03 
2.055521e+03 
2.055521e+03 
2.055521e+03 
2.055521e+03 
2.055521e+03 
2.055521e+03 
2.055521e+03 
2.055521e+03 
2.055521e+03 
2.055521e+03 
2.055521e+03 
2.055521e+03 
2.055521e+03 
2.055521e+03 
2.055521e+03 
2.055521e+03 
2.055521e+03 
2.055521e+03 
2.055521e+03 
2.055521e+03 
2.055521e+03 
2.055521e+03 
2.055521e+03 
2.055521e+03 
2.055521e+03 
2.055521e+03 
2.055521e+03 
2.055521e+03 
2.055521e+03 
2.055521e+03 
2.055521e+03 
2.055521e+03 
2.055521e+03 
2.055521e+03 
2.055521e+03 
2.055521e+03 
2.055521e+03 
2.055521e+03 
2.055521e+03 
2.055521e+03 
2.055521e+03 
2.055521e+03 
2.055521e+03 
2.055521e+03 
2.055521e+03 
2.055521e+03 
2.055521e+03 
2.055521e+03 
2.055521e+03 
2.055521e+03 
2.055521e+03 
2.055521e+03 
2.055521e+03 
2.055521e+03 
2.055521e+03 
2.055521e+03 
2.055521e+03 
2.055521e+03 
2.055521e+03 
2.055521e+03 
2.055521e+03 
2.055521e+03 
2.055521e+03 
2.055521e+03 
2.055521e+03 
2.055521e+03 
2.055521e+03 
2.055521e+03 
2.055521e+03 
2.055521e+03 
2.055521e+03 
2.055521e+03 
2.055521e+03 
2.055521e+03 
2.055521e+03 
2.055521e+03 
2.055521e+03 
2.055521e+03 
2.055521e+03 
2.055521e+03 
2.055521e+03 
2.055521e+03 
2.032200e+03 
2.032200e+03 
2.032200e+03 
2.032200e+03 
2.032200e+03 
2.032200e+03 
2.032200e+03 
2.032200e+03 
2.032200e+03 
2.032200e+03 
2.032200e+03 
2.032200e+03 
2.032200e+03 
2.000199e+03 
2.000199e+03 
2.000199e+03 
2.000199e+03 
1.751830e+03 
1.751830e+03 
1.751830e+03 
1.751830e+03 
1.751830e+03 
1.751830e+03 
1.751830e+03 
1.751830e+03 
1.751830e+03 
1.751830e+03 
1.751830e+03 
1.751830e+03 
1.751830e+03 
1.751830e+03 
1.751830e+03 
1.751830e+03 
1.751830e+03 
1.751830e+03 
1.751830e+03 
1.751830e+03 
1.751830e+03 
1.751830e+03 
1.751830e+03 
1.751830e+03 
1.751830e+03 
1.751830e+03 
1.751830e+03 
1.751830e+03 
1.751830e+03 
1.751830e+03 
1.751830e+03 
1.751830e+03 
1.751830e+03 
1.751830e+03 
1.751830e+03 
1.751830e+03 
1.751830e+03 
1.751830e+03 
1.751830e+03 
1.751830e+03 
1.751830e+03 
1.751830e+03 
1.751830e+03 
1.751830e+03 
1.751830e+03 
1.751830e+03 
1.751830e+03 
1.751830e+03 
1.751830e+03 
1.751830e+03 
1.751830e+03 
1.751830e+03 
1.751830e+03 
1.751830e+03 
1.751830e+03 
1.751830e+03 
1.751830e+03 
1.751830e+03 
1.751830e+03 
1.751830e+03 
1.751830e+03 
1.751830e+03 
1.751830e+03 
1.751830e+03 
1.751830e+03 
1.751830e+03 
1.751830e+03 
1.751830e+03 
1.751830e+03 
1.751830e+03 
1.751830e+03 
1.751830e+03 
1.751830e+03 
1.751830e+03 
1.751830e+03 
1.751830e+03 
1.751830e+03 
1.751830e+03 
1.751830e+03 
1.751830e+03 
1.751830e+03 
1.751830e+03 
1.751830e+03 
1.751830e+03 
1.751830e+03 
1.751830e+03 
1.751830e+03 
1.751830e+03 
1.751830e+03 
1.751830e+03 
1.751830e+03 
1.751830e+03 
1.751830e+03 
1.751830e+03 
1.751830e+03 
1.751830e+03 
1.751830e+03 
1.751830e+03 
1.751830e+03 
1.751830e+03 
1.751830e+03 
1.751830e+03 
1.751830e+03 
1.751830e+03 
1.751830e+03 
1.751830e+03 
1.751830e+03 
1.751830e+03 
1.751830e+03 
1.751830e+03 
1.751830e+03 
1.751830e+03 
1.751830e+03 
1.751830e+03 
1.751830e+03 
1.715544e+03 
1.715544e+03 
1.715544e+03 
1.715544e+03 
1.715544e+03 
1.715544e+03 
1.305482e+03 
1.305482e+03 
1.305482e+03 
1.305482e+03 
1.305482e+03 
1.305482e+03 
1.305482e+03 
1.305482e+03 
1.305482e+03 
1.305482e+03 
1.305482e+03 
1.305482e+03 
1.305482e+03 
1.305482e+03 
1.305482e+03 
1.305482e+03 
1.305482e+03 
1.305482e+03 
1.305482e+03 
1.305482e+03 
1.305482e+03 
1.305482e+03 
1.305482e+03 
1.305482e+03 
1.305482e+03 
1.305482e+03 
1.305482e+03 
1.305482e+03 
1.305482e+03 
1.305482e+03 
1.305482e+03 
1.305482e+03 
1.305482e+03 
1.305482e+03 
1.305482e+03 
1.305482e+03 
1.305482e+03 
1.305482e+03 
1.305482e+03 
1.305482e+03 
1.305482e+03 
1.305482e+03 
1.305482e+03 
1.305482e+03 
1.305482e+03 
1.305482e+03 
1.305482e+03 
1.305482e+03 
1.305482e+03 
1.305482e+03 
1.305482e+03 
1.305482e+03 
1.305482e+03 
1.305482e+03 
1.305482e+03 
1.305482e+03 
1.305482e+03 
1.305482e+03 
1.305482e+03 
1.305482e+03 
1.305482e+03 
1.305482e+03 
1.305482e+03 
1.305482e+03 
1.305482e+03 
1.305482e+03 
1.305482e+03 
1.305482e+03 
1.305482e+03 
1.305482e+03 
1.305482e+03 
1.305482e+03 
1.305482e+03 
1.305482e+03 
1.305482e+03 
1.305482e+03 
1.305482e+03 
1.305482e+03 
1.305482e+03 
1.305482e+03 
1.305482e+03 
1.305482e+03 
1.305482e+03 
1.305482e+03 
1.305482e+03 
1.305482e+03 
1.305482e+03 
1.305482e+03 
1.305482e+03 
1.305482e+03 
1.305482e+03 
1.305482e+03 
1.305482e+03 
1.305482e+03 
1.305482e+03 
1.305482e+03 
1.305482e+03 
1.305482e+03 
1.305482e+03 
1.305482e+03 
1.305482e+03 
1.305482e+03 
1.305482e+03 
1.305482e+03 
1.305482e+03 
1.305482e+03 
1.305482e+03 
1.305482e+03 
1.305482e+03 
1.305482e+03 
1.305482e+03 
1.305482e+03 
1.305482e+03 
1.305482e+03 
1.305482e+03 
1.305482e+03 
1.305482e+03 
1.305482e+03 
1.305482e+03 
1.305482e+03 
1.305482e+03 
1.305482e+03 
1.305482e+03 
1.305482e+03 
1.305482e+03 
1.305482e+03 
1.305482e+03 
1.305482e+03 
1.305482e+03 
1.305482e+03 
1.305482e+03 
1.305482e+03 
1.305482e+03 
1.305482e+03 
1.305482e+03 
1.305482e+03 
1.305482e+03 
1.305482e+03 
1.305482e+03 
1.305482e+03 
1.305482e+03 
1.305482e+03 
1.305482e+03 
1.305482e+03 
1.305482e+03 
1.305482e+03 
1.305482e+03 
1.305482e+03 
1.305482e+03 
1.305482e+03 
1.305482e+03 
1.305482e+03 
1.305482e+03 
1.305482e+03 
1.305482e+03 
1.305482e+03 
1.305482e+03 
1.305482e+03 
1.305482e+03 
1.305482e+03 
1.305482e+03 
1.305482e+03 
1.305482e+03 
1.305482e+03 
1.305482e+03 
1.305482e+03 
1.305482e+03 
1.305482e+03 
1.305482e+03 
1.305482e+03 
1.305482e+03 
1.305012e+03 
1.305012e+03 
1.305012e+03 
1.305012e+03 
1.305012e+03 
1.305012e+03 
1.305012e+03 
1.305012e+03 
1.305012e+03 
1.305012e+03 
1.305012e+03 
1.305012e+03 
1.305012e+03 
1.305012e+03 
1.305012e+03 
1.305012e+03 
1.305012e+03 
1.305012e+03 
1.305012e+03 
1.305012e+03 
1.305012e+03 
1.305012e+03 
1.305012e+03 
1.305012e+03 
1.305012e+03 
1.305012e+03 
1.305012e+03 
1.305012e+03 
1.305012e+03 
1.305012e+03 
1.305012e+03 
1.305012e+03 
1.305012e+03 
1.305012e+03 
1.305012e+03 
1.305012e+03 
1.305012e+03 
1.305012e+03 
1.305012e+03 
1.305012e+03 
1.305012e+03 
1.305012e+03 
1.305012e+03 
1.305012e+03 
1.305012e+03 
1.305012e+03 
1.305012e+03 
1.305012e+03 
1.305012e+03 
1.305012e+03 
1.305012e+03 
1.305012e+03 
1.305012e+03 
1.305012e+03 
1.305012e+03 
1.305012e+03 
1.305012e+03 
1.305012e+03 
1.305012e+03 
1.305012e+03 
1.305012e+03 
1.305012e+03 
1.305012e+03 
1.305012e+03 
1.305012e+03 
1.305012e+03 
1.305012e+03 
1.305012e+03 
1.305012e+03 
1.305012e+03 
1.305012e+03 
1.305012e+03 
1.305012e+03 
1.305012e+03 
1.305012e+03 
1.305012e+03 
1.305012e+03 
1.305012e+03 
1.305012e+03 
1.305012e+03 
1.305012e+03 
1.305012e+03 
1.305012e+03 
1.305012e+03 
1.305012e+03 
1.305012e+03 
1.305012e+03 
1.305012e+03 
1.305012e+03 
1.305012e+03 
1.305012e+03 
1.305012e+03 
1.305012e+03 
1.305012e+03 
1.305012e+03 
1.305012e+03 
1.305012e+03 
1.305012e+03 
1.305012e+03 
1.305012e+03 
1.305012e+03 
1.305012e+03 
1.305012e+03 
1.305012e+03 
1.305012e+03 
1.305012e+03 
1.305012e+03 
1.305012e+03 
1.305012e+03 
1.305012e+03 
1.305012e+03 
1.305012e+03 
1.305012e+03 
1.305012e+03 
1.305012e+03 
1.305012e+03 
1.305012e+03 
1.305012e+03 
1.305012e+03 
1.305012e+03 
1.305012e+03 
1.305012e+03 
1.305012e+03 
1.305012e+03 
1.305012e+03 
1.305012e+03 
1.305012e+03 
1.305012e+03 
1.305012e+03 
1.305012e+03 
1.305012e+03 
1.305012e+03 
1.305012e+03 
1.305012e+03 
1.305012e+03 
1.305012e+03 
1.305012e+03 
1.305012e+03 
1.305012e+03 
1.305012e+03 
1.305012e+03 
1.305012e+03 
1.305012e+03 
1.305012e+03 
1.305012e+03 
1.305012e+03 
1.305012e+03 
1.305012e+03 
1.305012e+03 
1.305012e+03 
1.305012e+03 
1.305012e+03 
1.305012e+03 
1.305012e+03 
1.305012e+03 
1.305012e+03 
1.305012e+03 
1.305012e+03 
1.305012e+03 
1.305012e+03 
1.305012e+03 
1.305012e+03 
1.305012e+03 
1.305012e+03 
1.305012e+03 
1.305012e+03 
1.305012e+03 
1.305012e+03 
1.282342e+03 
1.282342e+03 
1.282342e+03 
1.282342e+03 
1.282342e+03 
1.282342e+03 
1.282342e+03 
1.282342e+03 
1.282342e+03 
1.282342e+03 
1.282342e+03 
1.282342e+03 
1.282342e+03 
1.282342e+03 
1.282342e+03 
1.282342e+03 
1.282342e+03 
1.282342e+03 
1.282342e+03 
1.282342e+03 
1.282342e+03 
1.282342e+03 
1.282342e+03 
1.282342e+03 
1.282342e+03 
1.282342e+03 
1.282342e+03 
1.230295e+03 
1.230295e+03 
1.230295e+03 
1.230295e+03 
1.230295e+03 
1.230295e+03 
1.230295e+03 
1.230295e+03 
1.230295e+03 
1.230295e+03 
1.230295e+03 
1.230295e+03 
1.230295e+03 
1.230295e+03 
1.230295e+03 
1.230295e+03 
1.230295e+03 
1.230295e+03 
1.230295e+03 
1.230295e+03 
1.230295e+03 
1.230295e+03 
1.230295e+03 
1.230295e+03 
1.230295e+03 
1.230295e+03 
1.230295e+03 
1.230295e+03 
1.230295e+03 
1.230295e+03 
1.230295e+03 
1.230295e+03 
1.230295e+03 
1.230295e+03 
1.230295e+03 
1.230295e+03 
1.230295e+03 
1.230295e+03 
1.230295e+03 
1.230295e+03 
1.230295e+03 
1.230295e+03 
1.230295e+03 
1.230295e+03 
1.230295e+03 
1.230295e+03 
1.230295e+03 
1.230295e+03 
1.230295e+03 
1.230295e+03 
1.230295e+03 
1.230295e+03 
1.230295e+03 
1.230295e+03 
1.230295e+03 
1.230295e+03 
1.230295e+03 
1.230295e+03 
1.230295e+03 
1.230295e+03 
1.230295e+03 
1.230295e+03 
1.230295e+03 
1.230295e+03 
1.230295e+03 
1.230295e+03 
1.230295e+03 
1.230295e+03 
1.230295e+03 
1.230295e+03 
1.230295e+03 
1.230295e+03 
1.230295e+03 
1.230295e+03 
1.230295e+03 
1.230295e+03 
1.230295e+03 
1.230295e+03 
1.230295e+03 
1.230295e+03 
1.230295e+03 
1.230295e+03 
1.230295e+03 
1.230295e+03 
1.230295e+03 
1.230295e+03 
1.230295e+03 
1.230295e+03 
1.230295e+03 
1.230295e+03 
1.230295e+03 
1.230295e+03 
1.230295e+03 
1.230295e+03 
1.230295e+03 
1.230295e+03 
1.230295e+03 
1.230295e+03 
1.230295e+03 
1.230295e+03 
1.230295e+03 
1.230295e+03 
1.230295e+03 
1.230295e+03 
1.230295e+03 
1.230295e+03 
1.230295e+03 
1.230295e+03 
1.230295e+03 
1.230295e+03 
1.230295e+03 
1.230295e+03 
1.230295e+03 
1.230295e+03 
1.230295e+03 
1.230295e+03 
1.230295e+03 
1.230295e+03 
1.230295e+03 
1.230295e+03 
1.230295e+03 
1.230295e+03 
1.230295e+03 
1.230295e+03 
1.230295e+03 
1.230295e+03 
1.230295e+03 
1.230295e+03 
1.230295e+03 
1.230295e+03 
1.230295e+03 
1.230295e+03 
1.230295e+03 
1.230295e+03 
1.230295e+03 
1.230295e+03 
1.230295e+03 
1.230295e+03 
1.230295e+03 
1.230295e+03 
1.230295e+03 
1.230295e+03 
1.230295e+03 
1.230295e+03 
1.230295e+03 
1.230295e+03 
1.230295e+03 
1.230295e+03 
1.230295e+03 
1.230295e+03 
1.230295e+03 
1.230295e+03 
1.230295e+03 
1.230295e+03 
1.230295e+03 
1.230295e+03 
1.230295e+03 
1.230295e+03 
1.230295e+03 
1.230295e+03 
1.230295e+03 
1.230295e+03 
1.230295e+03 
1.230295e+03 
1.230295e+03 
1.230295e+03 
1.230295e+03 
1.230295e+03 
1.230295e+03 
1.230295e+03 
1.230295e+03 
1.230295e+03 
1.230295e+03 
1.230295e+03 
1.230295e+03 
1.230295e+03 
1.230295e+03 
1.230295e+03 
1.230295e+03 
1.230295e+03 
1.230295e+03 
1.230295e+03 
1.230295e+03 
1.230295e+03 
1.230295e+03 
1.230295e+03 
1.230295e+03 
1.230295e+03 
1.230295e+03 
1.230295e+03 
1.230295e+03 
1.230295e+03 
1.230295e+03 
1.230295e+03 
1.230295e+03 
1.230295e+03 
1.230295e+03 
1.230295e+03 
1.230295e+03 
1.230295e+03 
1.230295e+03 
1.230295e+03 
1.230295e+03 
1.230295e+03 
1.230295e+03 
1.230295e+03 
1.230295e+03 
1.230295e+03 
1.230295e+03 
1.230295e+03 
1.230295e+03 
1.230295e+03 
1.230295e+03 
1.230295e+03 
1.230295e+03 
1.230295e+03 
1.230295e+03 
1.230295e+03 
1.230295e+03 
1.230295e+03 
1.230295e+03 
1.230295e+03 
1.230295e+03 
1.230295e+03 
1.230295e+03 
1.230295e+03 
1.230295e+03 
1.230295e+03 
1.230295e+03 
1.230295e+03 
1.230295e+03 
1.230295e+03 
1.230295e+03 
1.230295e+03 
1.230295e+03 
1.230295e+03 
1.230295e+03 
1.230295e+03 
1.230295e+03 
1.230295e+03 
1.230295e+03 
1.230295e+03 
1.230295e+03 
1.230295e+03 
1.230295e+03 
1.230295e+03 
1.230295e+03 
1.230295e+03 
1.230295e+03 
1.230295e+03 
1.230295e+03 
1.230295e+03 
1.230295e+03 
1.230295e+03 
1.230295e+03 
1.230295e+03 
1.230295e+03 
1.230295e+03 
1.230295e+03 
1.230295e+03 
1.230295e+03 
1.230295e+03 
1.230295e+03 
1.230295e+03 
1.230295e+03 
1.230295e+03 
1.230295e+03 
1.230295e+03 
1.230295e+03 
1.230295e+03 
1.230295e+03 
1.230295e+03 
1.120204e+03 
1.120204e+03 
1.120204e+03 
1.120204e+03 
1.120204e+03 
1.120204e+03 
1.120204e+03 
1.120204e+03 
1.120204e+03 
1.120204e+03 
1.120204e+03 
1.120204e+03 
1.120204e+03 
1.120204e+03 
1.120204e+03 
1.120204e+03 
1.120204e+03 
1.120204e+03 
1.120204e+03 
1.120204e+03 
1.120204e+03 
1.120204e+03 
1.120204e+03 
1.120204e+03 
1.120204e+03 
1.120204e+03 
1.120204e+03 
1.120204e+03 
1.120204e+03 
1.120204e+03 
1.120204e+03 
1.120204e+03 
1.120204e+03 
1.120204e+03 
1.120204e+03 
1.120204e+03 
1.120204e+03 
1.120204e+03 
1.120204e+03 
1.120204e+03 
1.120204e+03 
1.120204e+03 
1.120204e+03 
1.120204e+03 
1.120204e+03 
1.120204e+03 
1.120204e+03 
1.120204e+03 
1.120204e+03 
1.120204e+03 
1.120204e+03 
1.120204e+03 
1.120204e+03 
1.120204e+03 
1.120204e+03 
1.120204e+03 
1.120204e+03 
1.120204e+03 
1.120204e+03 
1.120204e+03 
1.120204e+03 
1.120204e+03 
1.120204e+03 
1.120204e+03 
1.120204e+03 
1.120204e+03 
1.120204e+03 
1.120204e+03 
1.120204e+03 
1.120204e+03 
1.120204e+03 
1.120204e+03 
1.120204e+03 
1.120204e+03 
1.120204e+03 
1.120204e+03 
1.120204e+03 
1.120204e+03 
1.120204e+03 
1.120204e+03 
1.120204e+03 
1.120204e+03 
1.120204e+03 
1.120204e+03 
1.120204e+03 
1.120204e+03 
1.120204e+03 
1.120204e+03 
1.120204e+03 
1.120204e+03 
1.120204e+03 
1.120204e+03 
1.120204e+03 
1.120204e+03 
1.120204e+03 
1.120204e+03 
1.120204e+03 
1.120204e+03 
1.120204e+03 
1.120204e+03 
1.120204e+03 
1.120204e+03 
1.120204e+03 
1.120204e+03 
1.120204e+03 
1.120204e+03 
1.120204e+03 
1.120204e+03 
1.120204e+03 
1.120204e+03 
1.120204e+03 
1.120204e+03 
1.120204e+03 
1.120204e+03 
1.120204e+03 
1.120204e+03 
1.120204e+03 
1.120204e+03 
1.120204e+03 
1.120204e+03 
1.120204e+03 
1.120204e+03 
1.120204e+03 
1.120204e+03 
1.120204e+03 
1.120204e+03 
1.120204e+03 
1.120204e+03 
1.120204e+03 
1.120204e+03 
1.120204e+03 
1.120204e+03 
1.120204e+03 
1.120204e+03 
1.120204e+03 
1.120204e+03 
1.120204e+03 
1.120204e+03 
1.120204e+03 
1.120204e+03 
1.120204e+03 
1.120204e+03 
1.120204e+03 
1.120204e+03 
1.120204e+03 
1.120204e+03 
1.120204e+03 
1.120204e+03 
1.120204e+03 
1.120204e+03 
1.120204e+03 
1.120204e+03 
1.120204e+03 
1.120204e+03 
1.120204e+03 
1.120204e+03 
1.120204e+03 
1.120204e+03 
1.120204e+03 
1.120204e+03 
1.120204e+03 
1.120204e+03 
1.120204e+03 
1.120204e+03 
1.120204e+03 
1.120204e+03 
1.120204e+03 
1.120204e+03 
1.120204e+03 
1.120204e+03 
1.120204e+03 
1.120204e+03 
1.120204e+03 
1.120204e+03 
1.120204e+03 
1.120204e+03 
1.120204e+03 
1.120204e+03 
1.120204e+03 
1.120204e+03 
1.120204e+03 
1.120204e+03 
1.120204e+03 
1.120204e+03 
1.120204e+03 
1.120204e+03 
1.120204e+03 
1.120204e+03 
1.113104e+03 
1.113104e+03 
1.047976e+03 
1.047976e+03 
1.047976e+03 
1.047976e+03 
1.047976e+03 
1.047976e+03 
1.047976e+03 
1.047976e+03 
1.047976e+03 
1.047976e+03 
1.047976e+03 
1.047976e+03 
1.047976e+03 
1.047976e+03 
1.047976e+03 
1.047976e+03 
1.047976e+03 
1.047976e+03 
1.047976e+03 
1.047976e+03 
1.047976e+03 
1.047976e+03 
1.047976e+03 
1.047976e+03 
1.047976e+03 
1.047976e+03 
1.047976e+03 
1.047976e+03 
1.047976e+03 
1.047976e+03 
1.047976e+03 
1.047976e+03 
1.047976e+03 
1.044217e+03 
1.044217e+03 
1.044217e+03 
1.044217e+03 
1.044217e+03 
1.044217e+03 
1.044217e+03 
1.044217e+03 
1.044217e+03 
1.044217e+03 
1.044217e+03 
1.044217e+03 
1.044217e+03 
1.044217e+03 
1.044217e+03 
1.044217e+03 
1.044217e+03 
1.044217e+03 
1.044217e+03 
1.044217e+03 
1.044217e+03 
1.044217e+03 
1.044217e+03 
1.044217e+03 
1.044217e+03 
1.044217e+03 
1.044217e+03 
1.044217e+03 
1.044217e+03 
1.044217e+03 
1.044217e+03 
1.044217e+03 
1.044217e+03 
1.044217e+03 
1.044217e+03 
1.044217e+03 
1.044217e+03 
1.044217e+03 
1.044217e+03 
1.044217e+03 
1.044217e+03 
1.044217e+03 
1.044217e+03 
1.044217e+03 
1.044217e+03 
1.044217e+03 
1.044217e+03 
1.044217e+03 
1.044217e+03 
1.044217e+03 
1.044217e+03 
1.044217e+03 
1.044217e+03 
1.044217e+03 
1.044217e+03 
1.044217e+03 
1.044217e+03 
1.044217e+03 
1.044217e+03 
1.044217e+03 
1.044217e+03 
1.044217e+03 
1.044217e+03 
1.044217e+03 
1.044217e+03 
1.044217e+03 
1.044217e+03 
1.044217e+03 
1.044217e+03 
1.044217e+03 
1.044217e+03 
1.044217e+03 
1.044217e+03 
1.044217e+03 
1.044217e+03 
1.044217e+03 
1.044217e+03 
1.044217e+03 
1.044217e+03 
1.044217e+03 
1.044217e+03 
1.044217e+03 
1.044217e+03 
1.044217e+03 
1.044217e+03 
1.044217e+03 
1.044217e+03 
1.044217e+03 
1.044217e+03 
1.044217e+03 
1.044217e+03 
1.044217e+03 
1.044217e+03 
1.044217e+03 
1.044217e+03 
1.044217e+03 
1.044217e+03 
1.044217e+03 
1.044217e+03 
1.044217e+03 
1.044217e+03 
1.044217e+03 
1.044217e+03 
1.044217e+03 
1.044217e+03 
1.044217e+03 
1.044217e+03 
1.044217e+03 
1.044217e+03 
1.044217e+03 
1.044217e+03 
1.044217e+03 
1.044217e+03 
1.044217e+03 
1.044217e+03 
1.044217e+03 
1.044217e+03 
1.044217e+03 
1.044217e+03 
1.044217e+03 
1.044217e+03 
1.044217e+03 
1.044217e+03 
1.044217e+03 
1.044217e+03 
1.044217e+03 
1.044217e+03 
1.044217e+03 
1.044217e+03 
1.044217e+03 
1.044217e+03 
1.044217e+03 
1.044217e+03 
1.044217e+03 
1.044217e+03 
1.044217e+03 
1.044217e+03 
1.044217e+03 
1.044217e+03 
1.044217e+03 
1.044217e+03 
1.044217e+03 
1.044217e+03 
1.044217e+03 
1.044217e+03 
1.044217e+03 
1.044217e+03 
1.044217e+03 
1.044217e+03 
1.044217e+03 
1.044217e+03 
1.044217e+03 
1.044217e+03 
1.044217e+03 
1.044217e+03 
1.044217e+03 
1.044217e+03 
1.044217e+03 
1.044217e+03 
1.044217e+03 
1.044217e+03 
1.044217e+03 
1.044217e+03 
1.044217e+03 
1.044217e+03 
1.044217e+03 
1.044217e+03 
1.044217e+03 
1.044217e+03 
1.044217e+03 
1.044217e+03 
1.044217e+03 
1.044217e+03 
1.044217e+03 
1.044217e+03 
1.044217e+03 
1.044217e+03 
1.044217e+03 
1.044217e+03 
1.044217e+03 
1.044217e+03 
1.044217e+03 
1.044217e+03 
1.044217e+03 
1.044217e+03 
1.044217e+03 
1.044217e+03 
1.044217e+03 
1.044217e+03 
1.044217e+03 
1.044217e+03 
1.044217e+03 
1.044217e+03 
1.044217e+03 
1.044217e+03 
1.044217e+03 
1.044217e+03 
1.044217e+03 
1.044217e+03 
1.044217e+03 
1.044217e+03 
1.044217e+03 
1.044217e+03 
1.044217e+03 
1.044217e+03 
1.044217e+03 
1.044217e+03 
1.044217e+03 
1.044217e+03 
1.044217e+03 
1.044217e+03 
1.044217e+03 
1.044217e+03 
1.044217e+03 
1.044217e+03 
1.044217e+03 
1.044217e+03 
1.044217e+03 
1.044217e+03 
1.044217e+03 
1.044217e+03 
1.044217e+03 
1.044217e+03 
1.044217e+03 
1.044217e+03 
1.044217e+03 
1.044217e+03 
1.044217e+03 
1.044217e+03 
1.044217e+03 
1.044217e+03 
1.044217e+03 
1.044217e+03 
1.044217e+03 
1.044217e+03 
1.044217e+03 
1.044217e+03 
1.044217e+03 
1.044217e+03 
9.691714e+02 
9.691714e+02 
9.691714e+02 
9.691714e+02 
9.691714e+02 
9.691714e+02 
9.691714e+02 
9.691714e+02 
9.691714e+02 
9.691714e+02 
9.691714e+02 
9.691714e+02 
9.691714e+02 
9.691714e+02 
9.691714e+02 
9.691714e+02 
8.340752e+02 
8.340752e+02 
8.340752e+02 
8.340752e+02 
8.340752e+02 
8.340752e+02 
8.340752e+02 
8.340752e+02 
8.340752e+02 
8.340752e+02 
8.340752e+02 
8.340752e+02 
8.340752e+02 
8.340752e+02 
8.340752e+02 
8.340752e+02 
8.340752e+02 
7.642752e+02 
7.642752e+02 
7.642752e+02 
7.642752e+02 
7.642752e+02 
7.642752e+02 
7.448357e+02 
7.448357e+02 
7.448357e+02 
7.448357e+02 
7.448357e+02 
7.448357e+02 
7.448357e+02 
7.448357e+02 
7.448357e+02 
7.448357e+02 
7.448357e+02 
7.448357e+02 
7.448357e+02 
7.448357e+02 
7.448357e+02 
7.448357e+02 
7.448357e+02 
7.448357e+02 
7.448357e+02 
7.448357e+02 
7.448357e+02 
7.448357e+02 
7.448357e+02 
7.448357e+02 
7.448357e+02 
7.448357e+02 
7.448357e+02 
7.448357e+02 
7.448357e+02 
7.448357e+02 
7.448357e+02 
6.642964e+02 
6.642964e+02 
6.642964e+02 
6.642964e+02 
6.642964e+02 
6.642964e+02 
6.642964e+02 
6.642964e+02 
6.252109e+02 
6.252109e+02 
6.252109e+02 
6.252109e+02 
6.252109e+02 
6.252109e+02 
6.252109e+02 
6.252109e+02 
6.252109e+02 
6.252109e+02 
6.252109e+02 
6.252109e+02 
6.252109e+02 
6.038369e+02 
6.038369e+02 
6.038369e+02 
6.038369e+02 
6.038369e+02 
6.038369e+02 
6.038369e+02 
6.038369e+02 
6.038369e+02 
6.038369e+02 
6.038369e+02 
6.038369e+02 
6.038369e+02 
6.038369e+02 
6.038369e+02 
6.038369e+02 
6.038369e+02 
6.038369e+02 
6.038369e+02 
6.038369e+02 
5.700131e+02 
5.700131e+02 
5.700131e+02 
5.700131e+02 
5.700131e+02 
5.700131e+02 
5.700131e+02 
5.700131e+02 
5.700131e+02 
5.700131e+02 
5.481266e+02 
5.053659e+02 
5.053659e+02 
4.850297e+02 
4.850297e+02 
4.689090e+02 
4.689090e+02 
4.689090e+02 
4.689090e+02 
4.689090e+02 
4.689090e+02 
4.689090e+02 
4.689090e+02 
4.689090e+02 
4.689090e+02 
4.689090e+02 
4.689090e+02 
4.689090e+02 
4.689090e+02 
4.689090e+02 
4.689090e+02 
4.689090e+02 
4.689090e+02 
4.689090e+02 
4.689090e+02 
4.673468e+02 
4.673468e+02 
4.673468e+02 
4.673468e+02 
4.673468e+02 
4.673468e+02 
4.673468e+02 
4.673468e+02 
4.656400e+02 
4.656400e+02 
4.656400e+02 
4.656400e+02 
4.656400e+02 
4.656400e+02 
4.656400e+02 
4.656400e+02 
4.656400e+02 
4.656400e+02 
4.656400e+02 
4.656400e+02 
4.656400e+02 
4.656400e+02 
4.626418e+02 
4.626418e+02 
4.608141e+02 
4.608141e+02 
4.602975e+02 
4.602975e+02 
4.602975e+02 
4.602975e+02 
4.602975e+02 
4.602975e+02 
4.602975e+02 
4.602975e+02 
4.602975e+02 
4.602975e+02 
4.602975e+02 
4.602975e+02 
4.602975e+02 
4.602975e+02 
4.602975e+02 
4.602975e+02 
4.602975e+02 
4.602975e+02 
4.602975e+02 
4.601243e+02 
4.601243e+02 
4.600861e+02 
4.600861e+02 
4.600861e+02 
4.595402e+02 
4.595402e+02 
4.595402e+02 
4.595402e+02 
4.595402e+02 
4.593772e+02 
4.593772e+02 
4.593772e+02 
4.593772e+02 
4.593772e+02 
4.593772e+02 
4.593772e+02 
4.591296e+02 
4.587487e+02 
4.587250e+02 
4.587250e+02 
4.587250e+02 
4.586327e+02 
4.586327e+02 
4.586327e+02 
4.586327e+02 
4.586327e+02 
4.586306e+02 
4.586306e+02 
4.586306e+02 
4.586047e+02 
4.585663e+02 
4.585663e+02 
4.585663e+02 
4.585663e+02 
4.585520e+02 
4.585520e+02 
4.585520e+02 
4.585520e+02 
4.585103e+02 
4.584785e+02 
4.584567e+02 
4.584418e+02 
4.584315e+02 
4.584243e+02 
4.584192e+02 
4.584156e+02 
4.584130e+02 
4.584111e+02 
4.584098e+02 
4.584088e+02 
4.584080e+02 
4.584074e+02 
4.584070e+02 
4.584067e+02 
4.584064e+02 
4.584062e+02 
4.584060e+02 
4.584059e+02 
4.584058e+02 
4.584057e+02 
4.584057e+02 
4.584056e+02 
4.584056e+02 
4.584055e+02 
4.584055e+02 
4.584055e+02 
4.584055e+02 
4.584055e+02 
4.584054e+02 
4.584054e+02 
4.584054e+02 
4.584054e+02 
4.584054e+02 
4.584054e+02 
4.584054e+02 
4.584054e+02 
4.584054e+02 
4.584054e+02 
4.584054e+02 
4.584054e+02 
4.584054e+02 
4.584054e+02 
4.584054e+02 
4.584054e+02 
4.584054e+02 
4.584054e+02 
4.584054e+02 
4.584054e+02 
4.584054e+02 
4.584054e+02 
4.584054e+02 
4.584054e+02 
4.584054e+02 
4.584054e+02 
4.584054e+02 
4.584054e+02 
4.584054e+02 
4.584054e+02 
4.584054e+02 
4.584054e+02 
4.584054e+02 
4.584054e+02 
4.584054e+02 
4.584054e+02 
4.584054e+02 
4.584054e+02 
4.584054e+02 
4.584054e+02 
4.584054e+02 
4.584054e+02 
4.445419e+02 
4.202316e+02 
4.202316e+02 
4.202316e+02 
4.056568e+02 
4.056568e+02 
4.056568e+02 
3.645327e+02 
3.645327e+02 
3.645327e+02 
3.645327e+02 
3.645327e+02 
3.645327e+02 
3.645327e+02 
3.645327e+02 
3.645327e+02 
3.645327e+02 
3.645327e+02 
3.645327e+02 
3.645327e+02 
3.645327e+02 
3.645327e+02 
3.645327e+02 
3.645327e+02 
3.645327e+02 
3.645327e+02 
3.645327e+02 
3.645327e+02 
3.645327e+02 
3.645327e+02 
3.645327e+02 
3.645327e+02 
3.645327e+02 
3.645327e+02 
3.645327e+02 
3.645327e+02 
3.645327e+02 
3.645327e+02 
3.645327e+02 
3.645327e+02 
3.645327e+02 
3.645327e+02 
3.645327e+02 
3.645327e+02 
3.645327e+02 
3.645327e+02 
3.645327e+02 
3.645327e+02 
3.645327e+02 
3.645327e+02 
3.645327e+02 
3.645327e+02 
3.645327e+02 
3.645327e+02 
3.645327e+02 
3.645327e+02 
3.645327e+02 
3.645327e+02 
3.645327e+02 
3.645327e+02 
3.645327e+02 
3.645327e+02 
3.645327e+02 
3.645327e+02 
3.645327e+02 
3.645327e+02 
3.645327e+02 
3.645327e+02 
3.645327e+02 
3.645327e+02 
3.645327e+02 
3.645327e+02 
3.273137e+02 
3.273137e+02 
3.273137e+02 
3.273137e+02 
3.273137e+02 
3.273137e+02 
3.273137e+02 
3.273137e+02 
3.273137e+02 
3.273137e+02 
3.273137e+02 
3.273137e+02 
3.273137e+02 
3.273137e+02 
3.273137e+02 
3.273137e+02 
3.273137e+02 
3.273137e+02 
3.273137e+02 
3.273137e+02 
3.273137e+02 
3.273137e+02 
3.273137e+02 
3.273137e+02 
3.273137e+02 
3.014984e+02 
3.014984e+02 
3.014984e+02 
3.014984e+02 
3.014984e+02 
3.014984e+02 
3.014984e+02 
3.014984e+02 
2.736775e+02 
2.736775e+02 
2.736775e+02 
2.736775e+02 
2.736775e+02 
2.736775e+02 
2.736775e+02 
2.736775e+02 
2.736775e+02 
2.736775e+02 
2.724195e+02 
2.724195e+02 
2.724195e+02 
2.724195e+02 
2.724195e+02 
2.671962e+02 
2.671962e+02 
2.671962e+02 
2.631897e+02 
2.631897e+02 
2.631897e+02 
2.631897e+02 
2.631897e+02 
2.602132e+02 
2.602132e+02 
2.602132e+02 
2.602132e+02 
2.602132e+02 
2.602132e+02 
2.602132e+02 
2.602132e+02 
2.602132e+02 
2.602132e+02 
2.602132e+02 
2.602132e+02 
2.602132e+02 
2.602132e+02 
2.602132e+02 
2.602132e+02 
2.602132e+02 
2.602132e+02 
2.602132e+02 
2.602132e+02 
2.602132e+02 
2.602132e+02 
2.602132e+02 
2.597957e+02 
2.597957e+02 
2.597957e+02 
2.597957e+02 
2.597957e+02 
2.597957e+02 
2.597957e+02 
2.597957e+02 
2.597957e+02 
2.597957e+02 
2.597957e+02 
2.597957e+02 
2.597957e+02 
2.597957e+02 
2.597957e+02 
2.597957e+02 
2.597957e+02 
2.597957e+02 
2.597957e+02 
2.597957e+02 
2.597957e+02 
2.597957e+02 
2.597957e+02 
2.597957e+02 
2.597957e+02 
2.597957e+02 
2.597957e+02 
2.597957e+02 
2.597957e+02 
2.597957e+02 
2.597957e+02 
2.597957e+02 
2.597957e+02 
2.597957e+02 
2.597957e+02 
2.597957e+02 
2.597957e+02 
2.597957e+02 
2.597957e+02 
2.597957e+02 
2.597957e+02 
2.597957e+02 
2.597957e+02 
2.597957e+02 
2.597957e+02 
2.597957e+02 
2.597957e+02 
2.597957e+02 
2.597957e+02 
2.597957e+02 
2.597957e+02 
2.597957e+02 
2.597957e+02 
2.597957e+02 
2.597957e+02 
2.597957e+02 
2.597957e+02 
2.597957e+02 
2.597957e+02 
2.597957e+02 
2.597957e+02 
2.597957e+02 
2.597957e+02 
2.597957e+02 
2.597957e+02 
2.597957e+02 
2.597957e+02 
2.585584e+02 
2.585584e+02 
2.585584e+02 
2.585584e+02 
2.585584e+02 
2.574086e+02 
2.574086e+02 
2.574086e+02 
2.574086e+02 
2.574086e+02 
2.574086e+02 
2.572158e+02 
2.572158e+02 
2.572158e+02 
2.572158e+02 
2.572158e+02 
2.572158e+02 
2.572158e+02 
2.572158e+02 
2.572158e+02 
2.572158e+02 
2.572158e+02 
2.572158e+02 
2.572158e+02 
2.572158e+02 
2.572158e+02 
2.572158e+02 
2.572158e+02 
2.572158e+02 
2.572158e+02 
2.572158e+02 
2.572158e+02 
2.572158e+02 
2.572158e+02 
2.572158e+02 
2.572158e+02 
2.572158e+02 
2.572158e+02 
2.572158e+02 
2.572158e+02 
2.572158e+02 
2.572158e+02 
2.572158e+02 
2.572158e+02 
2.572158e+02 
2.572158e+02 
2.572158e+02 
2.572158e+02 
2.572158e+02 
2.572158e+02 
2.572158e+02 
2.572158e+02 
2.572158e+02 
2.572158e+02 
2.572158e+02 
2.572158e+02 
2.572158e+02 
2.572158e+02 
2.572158e+02 
2.572158e+02 
2.572158e+02 
2.572158e+02 
2.567794e+02 
2.567794e+02 
2.567794e+02 
2.567794e+02 
2.567794e+02 
2.567794e+02 
2.567794e+02 
2.567794e+02 
2.567383e+02 
2.567383e+02 
2.567383e+02 
2.567383e+02 
2.567383e+02 
2.567383e+02 
2.567383e+02 
2.567383e+02 
2.567383e+02 
2.567383e+02 
2.567383e+02 
2.567383e+02 
2.567383e+02 
2.567383e+02 
2.567383e+02 
2.567383e+02 
2.567383e+02 
2.567383e+02 
2.567383e+02 
2.567383e+02 
2.567383e+02 
2.567383e+02 
2.567383e+02 
2.567383e+02 
2.567383e+02 
2.567383e+02 
2.567383e+02 
2.567383e+02 
2.567383e+02 
2.567383e+02 
2.567383e+02 
2.567383e+02 
2.567383e+02 
2.567383e+02 
2.567383e+02 
2.567383e+02 
2.567383e+02 
2.567383e+02 
2.567383e+02 
2.567383e+02 
2.567383e+02 
2.567383e+02 
2.567383e+02 
2.567383e+02 
2.567383e+02 
2.567383e+02 
2.567383e+02 
2.567383e+02 
2.567383e+02 
2.567383e+02 
2.567383e+02 
2.567383e+02 
2.567383e+02 
2.567383e+02 
2.567383e+02 
2.567383e+02 
2.567383e+02 
2.567383e+02 
2.566929e+02 
2.566929e+02 
2.566929e+02 
2.566929e+02 
2.566929e+02 
2.566929e+02 
2.566929e+02 
2.566929e+02 
2.566929e+02 
2.566929e+02 
2.566929e+02 
2.566929e+02 
2.566929e+02 
2.566929e+02 
2.566929e+02 
2.566929e+02 
2.566929e+02 
2.566929e+02 
2.566929e+02 
2.566929e+02 
2.566929e+02 
2.566929e+02 
2.566929e+02 
2.566929e+02 
2.566929e+02 
2.566929e+02 
2.566929e+02 
2.566929e+02 
2.566929e+02 
2.566929e+02 
2.566929e+02 
2.566929e+02 
2.566929e+02 
2.566929e+02 
2.566929e+02 
2.566929e+02 
2.566929e+02 
2.566929e+02 
2.565873e+02 
2.565873e+02 
2.565873e+02 
2.565873e+02 
2.565873e+02 
2.565873e+02 
2.565873e+02 
2.565873e+02 
2.565873e+02 
2.564315e+02 
2.564315e+02 
2.564315e+02 
2.564315e+02 
2.563950e+02 
2.563950e+02 
2.563686e+02 
2.563686e+02 
2.563686e+02 
2.563686e+02 
2.562311e+02 
2.561435e+02 
2.561014e+02 
2.560849e+02 
2.560823e+02 
2.560823e+02 
2.560823e+02 
2.560644e+02 
2.560644e+02 
2.560644e+02 
2.560634e+02 
2.560634e+02 
2.560634e+02 
2.560584e+02 
2.560174e+02 
2.559942e+02 
2.559816e+02 
2.559751e+02 
2.559721e+02 
2.559712e+02 
2.559712e+02 
2.559712e+02 
2.559712e+02 
2.559711e+02 
2.559711e+02 
2.559711e+02 
2.559711e+02 
2.559711e+02 
2.559711e+02 
2.559711e+02 
2.559711e+02 
2.559711e+02 
2.559711e+02 
2.559711e+02 
2.559711e+02 
2.559711e+02 
2.559711e+02 
2.559711e+02 
2.559711e+02 
2.559711e+02 
2.559711e+02 
2.559711e+02 
2.559711e+02 
2.559711e+02 
2.559711e+02 
2.559711e+02 
2.559711e+02 
2.559711e+02 
2.559711e+02 
2.559711e+02 
2.559711e+02 
2.559711e+02 
2.559711e+02 
2.559711e+02 
2.559711e+02 
2.559711e+02 
2.559711e+02 
2.559711e+02 
2.559711e+02 
2.559711e+02 
2.559711e+02 
2.559711e+02 
2.559711e+02 
2.559711e+02 
2.559711e+02 
2.559711e+02 
2.559711e+02 
2.559711e+02 
2.559711e+02 
2.559711e+02 
2.559711e+02 
2.559711e+02 
2.559711e+02 
2.559711e+02 
2.559711e+02 
2.559711e+02 
2.559711e+02 
2.559711e+02 
2.559711e+02 
2.559711e+02 
2.559711e+02 
2.559711e+02 
2.559711e+02 
2.559711e+02 
2.559711e+02 
2.559711e+02 
2.559711e+02 
2.559711e+02 
2.559711e+02 
2.559711e+02 
2.559711e+02 
2.559711e+02 
2.559711e+02 
2.559711e+02 
2.559711e+02 
2.559711e+02 
2.559711e+02 
2.559711e+02 
2.559711e+02 
2.559711e+02 
2.559711e+02 
2.559711e+02 
2.559711e+02 
2.559711e+02 
2.559711e+02 
2.559711e+02 
2.559711e+02 
2.559711e+02 
2.559711e+02 
2.559711e+02 
2.559711e+02 
2.559711e+02 
2.559711e+02 
2.559711e+02 
2.559711e+02 
2.559711e+02 
2.559711e+02 
2.559711e+02 
2.559711e+02 
2.559711e+02 
2.559711e+02 
2.559711e+02 
2.559711e+02 
2.559711e+02 
2.559711e+02 
2.559711e+02 
2.559711e+02 
2.559711e+02 
2.559711e+02 
2.559711e+02 
2.559711e+02 
2.559711e+02 
2.559711e+02 
2.559711e+02 
2.559711e+02 
2.559711e+02 
2.559711e+02 
2.559711e+02 
2.559711e+02 
2.559711e+02 
2.559711e+02 
2.559711e+02 
2.559711e+02 
2.559711e+02 
2.559711e+02 
2.559711e+02 
2.559711e+02 
2.559711e+02 
2.559711e+02 
2.559711e+02 
2.559711e+02 
2.559711e+02 
2.559711e+02 
2.559711e+02 
2.559711e+02 
2.559711e+02 
2.559711e+02 
2.559711e+02 
2.559711e+02 
2.559711e+02 
2.559711e+02 
2.559711e+02 
2.559711e+02 
2.559711e+02 
2.559711e+02 
2.559711e+02 
2.559711e+02 
2.559711e+02 
2.559711e+02 
2.559711e+02 
2.559711e+02 
2.559711e+02 
2.559711e+02 
2.559711e+02 
2.559711e+02 
2.559711e+02 
2.559711e+02 
2.559711e+02 
2.559711e+02 
2.559711e+02 
2.559711e+02 
2.559711e+02 
2.559711e+02 
2.559711e+02 
2.559711e+02 
2.559711e+02 
2.559711e+02 
2.559711e+02 
2.559711e+02 
2.559711e+02 
2.559711e+02 
2.559711e+02 
2.559711e+02 
2.559711e+02 
2.559711e+02 
2.559711e+02 
2.559711e+02 
2.559711e+02 
2.559711e+02 
2.559711e+02 
2.559711e+02 
2.559711e+02 
2.559711e+02 
2.559711e+02 
2.559711e+02 
2.559711e+02 
2.559711e+02 
2.559711e+02 
2.559711e+02 
2.559711e+02 
2.559711e+02 
2.559711e+02 
2.559711e+02 
2.559711e+02 
2.559711e+02 
2.559711e+02 
2.559711e+02 
2.559711e+02 
2.559711e+02 
2.559711e+02 
2.559711e+02 
2.559711e+02 
2.559711e+02 
2.559711e+02 
2.559711e+02 
2.559711e+02 
2.559711e+02 
2.559711e+02 
2.559711e+02 
2.559711e+02 
2.559711e+02 
2.559711e+02 
2.559711e+02 
2.559711e+02 
2.559711e+02 
2.559711e+02 
2.559711e+02 
2.559711e+02 
2.559711e+02 
2.559711e+02 
2.559711e+02 
2.559711e+02 
2.559711e+02 
2.559711e+02 
2.559711e+02 
2.559711e+02 
2.559711e+02 
2.559711e+02 
2.559711e+02 
2.559711e+02 
2.559711e+02 
2.559711e+02 
2.559711e+02 
2.559711e+02 
2.559711e+02 
2.559711e+02 
2.559711e+02 
2.559711e+02 
2.559711e+02 
2.559711e+02 
2.559711e+02 
2.559711e+02 
2.559711e+02 
2.559711e+02 
2.559711e+02 
2.559711e+02 
2.559711e+02 
2.559711e+02 
2.559711e+02 
2.559711e+02 
2.559711e+02 
2.559711e+02 
2.559711e+02 
2.559711e+02 
2.559710e+02 
2.559710e+02 
2.559709e+02 
2.559709e+02 
2.559709e+02 
2.559709e+02 
2.559709e+02 
2.559709e+02 
2.559709e+02 
2.559709e+02 
2.559709e+02 
2.559709e+02 
2.559709e+02 
2.559709e+02 
2.559709e+02 
2.559709e+02 
2.559709e+02 
2.559709e+02 
2.559709e+02 
2.559709e+02 
2.559709e+02 
2.559709e+02 
2.559709e+02 
2.559709e+02 
2.559709e+02 
2.559709e+02 
2.559709e+02 
2.559709e+02 
2.559708e+02 
2.559708e+02 
2.559707e+02 
2.559707e+02 
2.559707e+02 
2.559707e+02 
2.559707e+02 
2.559707e+02 
2.559707e+02 
2.559707e+02 
2.559707e+02 
2.559707e+02 
2.559707e+02 
2.559707e+02 
2.559707e+02 
2.559707e+02 
2.559707e+02 
2.559707e+02 
2.559707e+02 
2.477618e+02 
2.477618e+02 
2.477618e+02 
2.477618e+02 
2.477618e+02 
2.477618e+02 
2.477618e+02 
2.477618e+02 
2.477618e+02 
2.477618e+02 
2.477618e+02 
2.477618e+02 
2.322670e+02 
2.322670e+02 
2.322670e+02 
2.322670e+02 
2.322670e+02 
2.322670e+02 
2.322670e+02 
2.322670e+02 
2.322670e+02 
2.322670e+02 
2.322670e+02 
2.322670e+02 
2.322670e+02 
2.322670e+02 
2.322670e+02 
2.322670e+02 
2.322670e+02 
2.322670e+02 
2.322670e+02 
2.322670e+02 
2.322670e+02 
2.322670e+02 
2.322670e+02 
2.322670e+02 
2.322670e+02 
2.322670e+02 
2.322670e+02 
2.322670e+02 
2.322670e+02 
2.322670e+02 
2.322670e+02 
2.322670e+02 
2.277540e+02 
2.277540e+02 
2.277540e+02 
2.277540e+02 
2.277540e+02 
2.277540e+02 
2.277540e+02 
2.277540e+02 
2.277540e+02 
2.277540e+02 
2.277540e+02 
2.277540e+02 
2.277540e+02 
2.277540e+02 
2.277540e+02 
2.277540e+02 
2.277540e+02 
2.277540e+02 
2.277540e+02 
2.277540e+02 
2.277540e+02 
2.277540e+02 
2.277540e+02 
2.277540e+02 
2.277540e+02 
2.277540e+02 
2.277540e+02 
2.277540e+02 
2.277540e+02 
2.277540e+02 
2.277540e+02 
2.272758e+02 
2.272758e+02 
2.272758e+02 
2.272758e+02 
2.272758e+02 
2.272758e+02 
2.272758e+02 
2.272758e+02 
2.272758e+02 
2.272758e+02 
2.272758e+02 
2.272758e+02 
2.272758e+02 
2.272758e+02 
2.272758e+02 
2.272758e+02 
2.272758e+02 
2.272758e+02 
2.272758e+02 
2.272758e+02 
2.272758e+02 
2.272758e+02 
2.272758e+02 
2.272758e+02 
2.272758e+02 
2.272758e+02 
2.272758e+02 
2.272758e+02 
2.272758e+02 
2.272758e+02 
2.272758e+02 
2.272758e+02 
2.272758e+02 
2.272758e+02 
2.272758e+02 
2.272758e+02 
2.272758e+02 
2.272758e+02 
2.272758e+02 
2.272758e+02 
2.272758e+02 
2.272758e+02 
2.272758e+02 
2.272758e+02 
2.272758e+02 
2.272758e+02 
2.272758e+02 
2.272758e+02 
2.272758e+02 
2.272758e+02 
2.272758e+02 
2.272758e+02 
2.272758e+02 
2.272758e+02 
2.272758e+02 
2.272758e+02 
2.272758e+02 
2.272758e+02 
2.272758e+02 
2.272758e+02 
2.272758e+02 
2.272758e+02 
2.272758e+02 
2.272758e+02 
2.272758e+02 
2.272758e+02 
2.272758e+02 
2.272758e+02 
2.272758e+02 
2.272758e+02 
2.272758e+02 
2.272758e+02 
2.272758e+02 
2.272758e+02 
2.272758e+02 
2.272758e+02 
2.272758e+02 
2.272758e+02 
2.272758e+02 
2.272758e+02 
2.272758e+02 
2.272758e+02 
2.272758e+02 
2.272758e+02 
2.272758e+02 
2.272758e+02 
2.272758e+02 
2.272758e+02 
2.272758e+02 
2.272758e+02 
2.272758e+02 
2.272758e+02 
2.272758e+02 
2.272758e+02 
2.272758e+02 
2.272758e+02 
2.272758e+02 
2.272758e+02 
2.272372e+02 
2.272372e+02 
2.271254e+02 
2.271254e+02 
2.271254e+02 
2.271254e+02 
2.271254e+02 
2.270918e+02 
2.270918e+02 
2.270918e+02 
2.270918e+02 
2.270918e+02 
2.270776e+02 
2.270620e+02 
2.270620e+02 
2.270620e+02 
2.270620e+02 
2.270620e+02 
2.270620e+02 
2.270620e+02 
2.270477e+02 
2.270394e+02 
2.270386e+02 
2.270386e+02 
2.270386e+02 
2.270355e+02 
2.270352e+02 
2.270352e+02 
2.270342e+02 
2.270332e+02 
2.270332e+02 
2.270327e+02 
2.270327e+02 
2.270323e+02 
2.270319e+02 
2.270319e+02 
2.270319e+02 
2.270314e+02 
2.270310e+02 
2.270307e+02 
2.270305e+02 
2.270304e+02 
2.270303e+02 
2.270302e+02 
2.270301e+02 
2.270301e+02 
2.270301e+02 
2.270300e+02 
2.270300e+02 
2.270300e+02 
2.270300e+02 
2.270300e+02 
2.270300e+02 
2.270300e+02 
2.270300e+02 
2.270300e+02 
2.270300e+02 
2.270300e+02 
2.270299e+02 
2.270299e+02 
2.270299e+02 
2.270299e+02 
2.270299e+02 
2.270299e+02 
2.267123e+02 
2.267123e+02 
2.267123e+02 
2.267123e+02 
2.262174e+02 
2.262174e+02 
2.262174e+02 
2.262174e+02 
2.262174e+02 
2.262174e+02 
2.262174e+02 
2.243582e+02 
2.243582e+02 
2.243582e+02 
2.224401e+02 
2.224401e+02 
2.208593e+02 
2.208593e+02 
2.208593e+02 
2.184347e+02 
2.184347e+02 
2.184347e+02 
2.184347e+02 
2.184347e+02 
2.184347e+02 
2.184347e+02 
2.140393e+02 
2.140393e+02 
2.140393e+02 
2.135685e+02 
2.127554e+02 
2.127554e+02 
2.118774e+02 
2.107291e+02 
2.102966e+02 
2.102224e+02 
2.102224e+02 
2.102224e+02 
2.099239e+02 
2.091931e+02 
2.087942e+02 
2.085811e+02 
2.084710e+02 
2.084171e+02 
2.083932e+02 
2.083849e+02 
2.083842e+02 
2.083842e+02 
2.083842e+02 
2.083842e+02 
2.083483e+02 
2.082767e+02 
2.082228e+02 
2.081820e+02 
2.081513e+02 
2.081280e+02 
2.081104e+02 
2.080970e+02 
2.080869e+02 
2.080793e+02 
2.080735e+02 
2.080691e+02 
2.080658e+02 
2.080633e+02 
2.080614e+02 
2.080599e+02 
2.080588e+02 
2.080580e+02 
2.080574e+02 
2.080569e+02 
2.080566e+02 
2.080563e+02 
2.080561e+02 
2.080559e+02 
2.080558e+02 
2.080557e+02 
2.080556e+02 
2.080556e+02 
2.080556e+02 
2.080555e+02 
2.080555e+02 
2.080555e+02 
2.080555e+02 
2.080555e+02 
2.080555e+02 
2.080555e+02 
2.080554e+02 
2.080554e+02 
2.080554e+02 
2.080554e+02 
2.080554e+02 
2.080554e+02 
2.080554e+02 
2.080554e+02 
2.080554e+02 
2.038146e+02 
2.038146e+02 
2.027069e+02 
2.024495e+02 
2.024495e+02 
2.024495e+02 
2.019333e+02 
2.019333e+02 
2.019019e+02 
2.017303e+02 
2.016668e+02 
2.016567e+02 
2.016567e+02 
2.016567e+02 
2.016567e+02 
2.016235e+02 
2.015959e+02 
2.015770e+02 
2.015637e+02 
2.015542e+02 
2.015474e+02 
2.015425e+02 
2.015389e+02 
2.015362e+02 
2.015343e+02 
2.015328e+02 
2.015317e+02 
2.015309e+02 
2.015302e+02 
2.015298e+02 
2.015294e+02 
2.015292e+02 
2.015290e+02 
2.015288e+02 
2.015287e+02 
2.015286e+02 
2.015286e+02 
2.015285e+02 
2.015285e+02 
2.015284e+02 
2.015284e+02 
2.015284e+02 
2.015284e+02 
2.015284e+02 
2.015284e+02 
2.015284e+02 
2.015284e+02 
2.015284e+02 
2.015284e+02 
2.015284e+02 
2.015284e+02 
2.015284e+02 
2.015284e+02 
2.015284e+02 
2.015284e+02 
2.015284e+02 
2.015284e+02 
2.015284e+02 
2.015284e+02 
1.831742e+02 
1.831742e+02 
1.831742e+02 
1.831742e+02 
1.831742e+02 
1.831742e+02 
1.831742e+02 
1.831742e+02 
1.831742e+02 
1.831742e+02 
1.831742e+02 
1.831742e+02 
1.831742e+02 
1.831742e+02 
1.831742e+02 
1.831742e+02 
1.831742e+02 
1.831742e+02 
1.831742e+02 
1.831742e+02 
1.831742e+02 
1.831742e+02 
1.831742e+02 
1.831742e+02 
1.831742e+02 
1.831742e+02 
1.831742e+02 
1.831742e+02 
1.831742e+02 
1.831742e+02 
1.831742e+02 
1.831742e+02 
1.831742e+02 
1.831742e+02 
1.831742e+02 
1.831742e+02 
1.831742e+02 
1.831742e+02 
1.740511e+02 
1.740511e+02 
1.740511e+02 
1.740511e+02 
1.707088e+02 
1.707088e+02 
1.707088e+02 
1.707088e+02 
1.707088e+02 
1.707088e+02 
1.707088e+02 
1.707088e+02 
1.707088e+02 
1.707088e+02 
1.707088e+02 
1.707088e+02 
1.707088e+02 
1.707088e+02 
1.707088e+02 
1.707088e+02 
1.707088e+02 
1.707088e+02 
1.427097e+02 
1.427097e+02 
1.427097e+02 
1.427097e+02 
1.427097e+02 
1.427097e+02 
1.427097e+02 
1.427097e+02 
1.427097e+02 
1.427097e+02 
1.427097e+02 
1.427097e+02 
1.427097e+02 
1.427097e+02 
1.427097e+02 
1.427097e+02 
1.427097e+02 
1.427097e+02 
1.427097e+02 
1.427097e+02 
1.427097e+02 
1.427097e+02 
1.427097e+02 
1.427097e+02 
1.427097e+02 
1.427097e+02 
1.427097e+02 
1.427097e+02 
1.427097e+02 
1.427097e+02 
1.427097e+02 
1.427097e+02 
1.427097e+02 
1.427097e+02 
1.427097e+02 
1.427097e+02 
1.427097e+02 
1.427097e+02 
1.427097e+02 
1.427097e+02 
1.427097e+02 
1.427097e+02 
1.427097e+02 
1.427097e+02 
1.427097e+02 
1.427097e+02 
1.427097e+02 
1.427097e+02 
1.350067e+02 
1.350067e+02 
1.350067e+02 
1.349543e+02 
1.349543e+02 
1.348776e+02 
1.348776e+02 
1.348776e+02 
1.333092e+02 
1.333092e+02 
1.333092e+02 
1.333092e+02 
1.333092e+02 
1.333092e+02 
1.333092e+02 
1.333092e+02 
1.333092e+02 
1.333092e+02 
1.333092e+02 
1.333092e+02 
1.333092e+02 
1.332613e+02 
1.332613e+02 
1.332613e+02 
1.332613e+02 
1.332613e+02 
1.332613e+02 
1.332613e+02 
1.332613e+02 
1.332613e+02 
1.332613e+02 
1.332613e+02 
1.332613e+02 
1.332613e+02 
1.332613e+02 
1.332613e+02 
1.332613e+02 
1.332613e+02 
1.332613e+02 
1.332613e+02 
1.332613e+02 
1.332613e+02 
1.332613e+02 
1.332613e+02 
1.332613e+02 
1.332613e+02 
1.332613e+02 
1.332613e+02 
1.332613e+02 
1.332613e+02 
1.332613e+02 
1.332613e+02 
1.332613e+02 
1.332613e+02 
1.332613e+02 
1.332613e+02 
1.332613e+02 
1.332613e+02 
1.332613e+02 
1.332613e+02 
1.332613e+02 
1.332613e+02 
1.332613e+02 
1.332613e+02 
1.326110e+02 
1.323638e+02 
1.323638e+02 
1.323638e+02 
1.323638e+02 
1.323495e+02 
1.323495e+02 
1.323495e+02 
1.323495e+02 
1.323495e+02 
1.323495e+02 
1.323233e+02 
1.323233e+02 
1.323233e+02 
1.323233e+02 
1.323233e+02 
1.323232e+02 
1.323232e+02 
1.323118e+02 
1.323118e+02 
1.323118e+02 
1.323118e+02 
1.323118e+02 
1.323118e+02 
1.323118e+02 
1.323118e+02 
1.323118e+02 
1.323118e+02 
1.323118e+02 
1.323118e+02 
1.185945e+02 
1.185945e+02 
1.185945e+02 
1.185945e+02 
1.136205e+02 
1.136205e+02 
1.136205e+02 
1.136205e+02 
1.136205e+02 
1.136205e+02 
1.136205e+02 
1.136205e+02 
1.136205e+02 
1.136205e+02 
1.136205e+02 
1.136205e+02 
1.136205e+02 
1.136205e+02 
1.136205e+02 
1.136205e+02 
1.067107e+02 
1.067107e+02 
1.067107e+02 
1.067107e+02 
1.067107e+02 
1.067107e+02 
1.067107e+02 
1.067107e+02 
1.067107e+02 
1.067107e+02 
1.067107e+02 
1.036836e+02 
1.036836e+02 
1.036836e+02 
1.030415e+02 
1.030415e+02 
1.005314e+02 
1.005314e+02 
9.938911e+01 
9.938911e+01 
9.938911e+01 
9.938911e+01 
9.938911e+01 
9.938911e+01 
9.938911e+01 
9.938911e+01 
9.938911e+01 
9.938911e+01 
9.938911e+01 
9.938911e+01 
9.938911e+01 
9.938911e+01 
9.938911e+01 
9.927988e+01 
9.927988e+01 
9.927988e+01 
9.927988e+01 
9.927988e+01 
9.927988e+01 
9.927988e+01 
9.927988e+01 
9.898621e+01 
9.888487e+01 
9.888109e+01 
9.888109e+01 
9.885292e+01 
9.881528e+01 
9.879289e+01 
9.877932e+01 
9.877091e+01 
9.876559e+01 
9.876214e+01 
9.875986e+01 
9.875832e+01 
9.875726e+01 
9.875652e+01 
9.875600e+01 
9.875562e+01 
9.875535e+01 
9.875516e+01 
9.875502e+01 
9.875491e+01 
9.875484e+01 
9.875478e+01 
9.875474e+01 
9.875471e+01 
9.875469e+01 
9.875467e+01 
9.875466e+01 
9.875465e+01 
9.875464e+01 
9.875464e+01 
9.875464e+01 
9.875463e+01 
9.875463e+01 
9.875463e+01 
9.875463e+01 
9.875463e+01 
9.875463e+01 
9.875463e+01 
9.875463e+01 
9.875463e+01 
9.875463e+01 
9.875463e+01 
9.875463e+01 
9.875463e+01 
9.875463e+01 
9.875463e+01 
9.875463e+01 
9.875463e+01 
9.875463e+01 
9.875463e+01 
9.875463e+01 
9.875463e+01 
9.875463e+01 
9.875463e+01 
9.875463e+01 
9.875463e+01 
9.875463e+01 
9.875463e+01 
9.875463e+01 
9.875463e+01 
9.875463e+01 
9.875463e+01 
9.875463e+01 
9.875463e+01 
9.875463e+01 
9.875463e+01 
9.875463e+01 
9.875463e+01 
9.875463e+01 
9.875463e+01 
9.875463e+01 
9.875463e+01 
9.875463e+01 
9.875463e+01 
9.875463e+01 
9.875463e+01 
9.875463e+01 
9.875463e+01 
9.875463e+01 
9.875463e+01 
9.875463e+01 
9.875463e+01 
9.875463e+01 
9.875463e+01 
9.875463e+01 
9.875463e+01 
9.875463e+01 
9.875463e+01 
9.875463e+01 
9.875463e+01 
9.875463e+01 
9.875463e+01 
9.875463e+01 
9.848780e+01 
9.698850e+01 
9.698850e+01 
9.663703e+01 
9.663703e+01 
9.663703e+01 
9.473087e+01 
9.473087e+01 
9.125504e+01 
9.125504e+01 
9.079232e+01 
9.079232e+01 
9.034590e+01 
9.034590e+01 
9.034590e+01 
9.034590e+01 
9.034590e+01 
9.034590e+01 
9.034590e+01 
9.034590e+01 
9.034590e+01 
8.998243e+01 
8.998243e+01 
8.998243e+01 
8.998243e+01 
8.998243e+01 
8.998243e+01 
8.998243e+01 
8.946629e+01 
8.946629e+01 
8.936773e+01 
8.936773e+01 
8.936773e+01 
8.855640e+01 
8.855640e+01 
8.855640e+01 
8.855640e+01 
8.855640e+01 
8.855640e+01 
8.855640e+01 
8.855640e+01 
8.855640e+01 
8.855640e+01 
8.855640e+01 
8.855640e+01 
8.855640e+01 
8.855640e+01 
8.855640e+01 
8.855640e+01 
8.855640e+01 
8.855640e+01 
8.855640e+01 
8.855640e+01 
8.855640e+01 
8.855640e+01 
8.855640e+01 
8.855640e+01 
8.855640e+01 
8.855640e+01 
8.855640e+01 
8.830484e+01 
8.830484e+01 
8.830484e+01 
8.826635e+01 
8.824941e+01 
8.824941e+01 
8.819915e+01 
8.818073e+01 
8.818073e+01 
8.815127e+01 
8.812316e+01 
8.810413e+01 
8.809104e+01 
8.808190e+01 
8.807546e+01 
8.807087e+01 
8.806758e+01 
8.806521e+01 
8.806350e+01 
8.806226e+01 
8.806135e+01 
8.806070e+01 
8.806022e+01 
8.805987e+01 
8.805961e+01 
8.805943e+01 
8.805929e+01 
8.805919e+01 
8.805912e+01 
8.805906e+01 
8.805903e+01 
8.805900e+01 
8.805898e+01 
8.805896e+01 
8.805895e+01 
8.804346e+01 
8.804346e+01 
8.775359e+01 
8.775359e+01 
8.775359e+01 
8.706303e+01 
8.706303e+01 
8.706303e+01 
8.706303e+01 
8.706303e+01 
8.661887e+01 
8.659070e+01 
8.659070e+01 
8.658766e+01 
8.658766e+01 
8.658766e+01 
8.658766e+01 
8.658766e+01 
8.658766e+01 
8.658766e+01 
8.658766e+01 
8.658766e+01 
8.655731e+01 
8.655731e+01 
8.655731e+01 
8.655731e+01 
8.655731e+01 
8.655731e+01 
8.655731e+01 
8.650916e+01 
8.647835e+01 
8.647518e+01 
8.647518e+01 
8.646917e+01 
8.646790e+01 
8.646790e+01 
8.644831e+01 
8.643491e+01 
8.642702e+01 
8.642227e+01 
8.641932e+01 
8.641745e+01 
8.641623e+01 
8.641542e+01 
8.641487e+01 
8.641450e+01 
8.641423e+01 
8.641405e+01 
8.641391e+01 
8.641382e+01 
8.641375e+01 
8.641370e+01 
8.641367e+01 
8.641364e+01 
8.641362e+01 
8.641361e+01 
8.641360e+01 
8.641359e+01 
8.641359e+01 
8.641358e+01 
8.641358e+01 
8.641358e+01 
8.070161e+01 
8.070161e+01 
8.070161e+01 
8.070161e+01 
8.070161e+01 
8.070161e+01 
8.070161e+01 
8.070161e+01 
8.070161e+01 
8.070161e+01 
8.070161e+01 
8.070161e+01 
8.070161e+01 
8.070161e+01 
8.070161e+01 
8.070161e+01 
8.070161e+01 
8.070161e+01 
8.070161e+01 
8.070161e+01 
8.070161e+01 
8.070161e+01 
8.070161e+01 
8.070161e+01 
7.986165e+01 
7.986165e+01 
7.986165e+01 
7.986165e+01 
7.986165e+01 
7.986165e+01 
7.986165e+01 
7.986165e+01 
7.986165e+01 
7.986165e+01 
7.986165e+01 
7.986165e+01 
7.986165e+01 
7.986165e+01 
7.986165e+01 
7.986165e+01 
7.986165e+01 
7.986165e+01 
7.986165e+01 
7.986165e+01 
7.986165e+01 
7.986165e+01 
7.986165e+01 
7.986165e+01 
7.986165e+01 
7.986165e+01 
7.986165e+01 
7.986165e+01 
7.986165e+01 
7.921023e+01 
7.921023e+01 
7.877858e+01 
7.877858e+01 
7.877858e+01 
7.877858e+01 
7.877858e+01 
7.866728e+01 
7.866728e+01 
7.866728e+01 
7.866728e+01 
7.832998e+01 
7.832998e+01 
7.832998e+01 
7.826560e+01 
7.824506e+01 
7.824506e+01 
7.824506e+01 
7.823945e+01 
7.822759e+01 
7.822759e+01 
7.822759e+01 
7.822759e+01 
7.819992e+01 
7.818698e+01 
7.818542e+01 
7.818542e+01 
7.818542e+01 
7.816228e+01 
7.804123e+01 
7.804123e+01 
7.804123e+01 
7.644846e+01 
7.644846e+01 
7.644846e+01 
7.644846e+01 
7.644846e+01 
7.644846e+01 
7.644846e+01 
7.644846e+01 
7.644846e+01 
7.644846e+01 
7.644846e+01 
7.644846e+01 
7.644846e+01 
7.644846e+01 
7.644846e+01 
7.644846e+01 
7.644846e+01 
7.644846e+01 
7.566614e+01 
7.566614e+01 
7.566614e+01 
7.566614e+01 
7.566614e+01 
7.566614e+01 
7.566614e+01 
7.566614e+01 
7.566614e+01 
7.362112e+01 
7.362112e+01 
7.362112e+01 
7.362112e+01 
7.362112e+01 
7.362112e+01 
7.305985e+01 
7.305985e+01 
7.305985e+01 
7.291370e+01 
7.244869e+01 
7.244869e+01 
7.244869e+01 
7.223748e+01 
7.223748e+01 
7.149496e+01 
7.113441e+01 
7.107411e+01 
7.107411e+01 
7.107411e+01 
7.062831e+01 
7.016167e+01 
6.984919e+01 
6.963636e+01 
6.948939e+01 
6.938681e+01 
6.931462e+01 
6.926350e+01 
6.922713e+01 
6.920117e+01 
6.918260e+01 
6.916929e+01 
6.915973e+01 
6.915287e+01 
6.914793e+01 
6.914438e+01 
6.914183e+01 
6.913999e+01 
6.913867e+01 
6.913772e+01 
6.913704e+01 
6.913654e+01 
6.913619e+01 
6.913593e+01 
6.913575e+01 
6.913562e+01 
6.913552e+01 
6.913545e+01 
6.913541e+01 
6.913537e+01 
6.913534e+01 
6.913533e+01 
6.913531e+01 
6.913530e+01 
6.913530e+01 
6.913529e+01 
6.913529e+01 
6.913529e+01 
6.913528e+01 
6.794397e+01 
6.794397e+01 
6.794397e+01 
6.712710e+01 
6.712710e+01 
6.712710e+01 
6.712710e+01 
6.712710e+01 
6.712710e+01 
6.712710e+01 
6.712710e+01 
6.712710e+01 
6.712710e+01 
6.712710e+01 
6.712710e+01 
6.712710e+01 
6.616497e+01 
6.616497e+01 
6.616497e+01 
6.616497e+01 
6.616497e+01 
6.616497e+01 
6.616497e+01 
6.616497e+01 
6.616497e+01 
6.616497e+01 
6.591377e+01 
6.513177e+01 
6.513177e+01 
6.513177e+01 
6.513177e+01 
6.513177e+01 
6.511585e+01 
6.511585e+01 
6.511585e+01 
6.511585e+01 
6.503661e+01 
6.503661e+01 
6.503661e+01 
6.503661e+01 
6.503661e+01 
6.503661e+01 
6.501349e+01 
6.501349e+01 
6.490261e+01 
6.488570e+01 
6.488570e+01 
6.487718e+01 
6.486051e+01 
6.485823e+01 
6.485823e+01 
6.485751e+01 
6.485751e+01 
6.485751e+01 
6.485367e+01 
6.485065e+01 
6.484972e+01 
6.484968e+01 
6.484968e+01 
6.484968e+01 
6.484968e+01 
6.484783e+01 
6.484763e+01 
6.484763e+01 
6.484763e+01 
6.484561e+01 
6.483919e+01 
6.483577e+01 
6.483394e+01 
6.483294e+01 
6.483238e+01 
6.483206e+01 
6.483188e+01 
6.483177e+01 
6.483170e+01 
6.483165e+01 
6.483162e+01 
6.483160e+01 
6.483159e+01 
6.483158e+01 
6.483158e+01 
6.483157e+01 
6.483157e+01 
6.483157e+01 
6.483157e+01 
6.483157e+01 
6.483156e+01 
6.483156e+01 
6.476209e+01 
6.476209e+01 
6.476209e+01 
6.476209e+01 
6.427572e+01 
6.427572e+01 
6.427572e+01 
6.427572e+01 
6.427572e+01 
6.427572e+01 
6.427572e+01 
6.427572e+01 
6.427572e+01 
6.427572e+01 
6.427572e+01 
6.427572e+01 
6.427572e+01 
6.427572e+01 
6.427572e+01 
6.427572e+01 
6.427401e+01 
6.427401e+01 
6.427401e+01 
6.427401e+01 
6.427401e+01 
6.427401e+01 
6.423673e+01 
6.423673e+01 
6.380376e+01 
6.376628e+01 
6.376628e+01 
6.373133e+01 
6.373133e+01 
6.373133e+01 
6.371561e+01 
6.370095e+01 
6.370095e+01 
6.370095e+01 
6.366600e+01 
6.363774e+01 
6.362929e+01 
6.362929e+01 
6.362929e+01 
6.362807e+01 
6.362807e+01 
6.362755e+01 
6.362755e+01 
6.362753e+01 
6.362753e+01 
6.362338e+01 
6.362200e+01 
6.362200e+01 
6.362200e+01 
6.362200e+01 
6.362101e+01 
6.361981e+01 
6.361935e+01 
6.361924e+01 
6.361924e+01 
6.361907e+01 
6.361904e+01 
6.361904e+01 
6.361904e+01 
6.361869e+01 
6.361799e+01 
6.361752e+01 
6.361721e+01 
6.361699e+01 
6.361684e+01 
6.361674e+01 
6.361666e+01 
6.361661e+01 
6.361658e+01 
6.361655e+01 
6.361653e+01 
6.361652e+01 
6.361651e+01 
6.361650e+01 
6.361650e+01 
6.361650e+01 
6.361649e+01 
6.361649e+01 
6.361649e+01 
6.361649e+01 
6.361649e+01 
6.361649e+01 
6.361649e+01 
6.361649e+01 
6.361649e+01 
6.361649e+01 
6.361649e+01 
6.361649e+01 
6.361649e+01 
6.361649e+01 
6.361649e+01 
6.361649e+01 
6.361649e+01 
6.361649e+01 
6.361649e+01 
6.361649e+01 
6.361649e+01 
6.361649e+01 
6.361649e+01 
6.361649e+01 
6.361649e+01 
6.361649e+01 
6.361649e+01 
6.361649e+01 
6.361649e+01 
6.361649e+01 
6.361649e+01 
6.361649e+01 
6.361649e+01 
6.361649e+01 
6.361649e+01 
6.361649e+01 
6.361649e+01 
6.361649e+01 
6.361649e+01 
6.361649e+01 
6.361649e+01 
6.361649e+01 
6.361649e+01 
6.361649e+01 
6.361649e+01 
6.361649e+01 
6.361649e+01 
6.361649e+01 
6.361649e+01 
6.361649e+01 
6.361649e+01 
6.361649e+01 
6.361649e+01 
6.361649e+01 
6.361649e+01 
6.361649e+01 
6.361649e+01 
6.361649e+01 
6.361649e+01 
6.361649e+01 
6.361649e+01 
6.361649e+01 
6.361649e+01 
6.361649e+01 
6.361649e+01 
6.361649e+01 
6.361649e+01 
6.361649e+01 
6.361649e+01 
6.361649e+01 
6.361649e+01 
6.361649e+01 
6.361649e+01 
6.361649e+01 
6.361649e+01 
6.361649e+01 
6.361649e+01 
6.361649e+01 
6.361649e+01 
6.361649e+01 
6.361649e+01 
6.361649e+01 
6.361649e+01 
6.361060e+01 
6.361060e+01 
6.360809e+01 
6.360809e+01 
6.360809e+01 
6.360809e+01 
6.360809e+01 
6.360809e+01 
6.360809e+01 
6.357104e+01 
6.357104e+01 
6.337572e+01 
6.337572e+01 
6.337572e+01 
6.337572e+01 
6.337572e+01 
6.337572e+01 
6.337572e+01 
6.337572e+01 
6.337572e+01 
6.337572e+01 
6.337572e+01 
6.337572e+01 
6.337572e+01 
6.330849e+01 
6.330849e+01 
6.330849e+01 
6.330849e+01 
6.328642e+01 
6.325438e+01 
6.325438e+01 
6.325438e+01 
6.325438e+01 
6.325428e+01 
6.325428e+01 
6.325329e+01 
6.325329e+01 
6.325329e+01 
6.324260e+01 
6.324260e+01 
6.324260e+01 
6.324260e+01 
6.324260e+01 
6.324260e+01 
6.324260e+01 
6.324260e+01 
6.324260e+01 
6.324260e+01 
6.324260e+01 
6.324260e+01 
6.324260e+01 
6.324260e+01 
6.324260e+01 
6.324260e+01 
6.324260e+01 
6.324260e+01 
6.324260e+01 
6.324260e+01 
6.324260e+01 
6.324260e+01 
6.324260e+01 
6.324260e+01 
6.324260e+01 
6.324260e+01 
6.324260e+01 
6.324260e+01 
6.324260e+01 
6.324260e+01 
6.324255e+01 
6.324255e+01 
6.324170e+01 
6.324126e+01 
6.324126e+01 
6.324015e+01 
6.323928e+01 
6.323908e+01 
6.323908e+01 
6.323881e+01 
6.323881e+01 
6.323870e+01 
6.323860e+01 
6.323854e+01 
6.323850e+01 
6.323847e+01 
6.323845e+01 
6.323844e+01 
6.323843e+01 
6.323842e+01 
6.323842e+01 
6.323841e+01 
6.323841e+01 
6.323841e+01 
6.323841e+01 
6.323841e+01 
6.323841e+01 
6.323841e+01 
6.323841e+01 
6.323841e+01 
6.323841e+01 
6.323841e+01 
6.323841e+01 
6.323841e+01 
6.323841e+01 
6.320583e+01 
6.320583e+01 
6.320583e+01 
6.319821e+01 
6.319821e+01 
6.319821e+01 
6.318123e+01 
6.318123e+01 
6.317961e+01 
6.317961e+01 
6.317777e+01 
6.317777e+01 
6.317777e+01 
6.317777e+01 
6.317777e+01 
6.317728e+01 
6.316888e+01 
6.316888e+01 
6.316888e+01 
6.316810e+01 
6.316077e+01 
6.316077e+01 
6.315291e+01 
6.315291e+01 
6.315291e+01 
6.315291e+01 
6.315291e+01 
6.315291e+01 
6.315291e+01 
6.315291e+01 
6.315291e+01 
6.312121e+01 
6.308014e+01 
6.308014e+01 
6.101208e+01 
6.101208e+01 
5.930688e+01 
5.930688e+01 
5.930688e+01 
5.930688e+01 
5.930688e+01 
5.930688e+01 
5.930688e+01 
5.930688e+01 
5.930688e+01 
5.722152e+01 
5.722152e+01 
5.714517e+01 
5.714517e+01 
5.714517e+01 
5.714517e+01 
5.714517e+01 
5.714517e+01 
5.714517e+01 
5.714517e+01 
5.714517e+01 
5.599705e+01 
5.599705e+01 
5.599705e+01 
5.599705e+01 
5.599705e+01 
5.599705e+01 
5.599705e+01 
5.555713e+01 
5.555713e+01 
5.555713e+01 
5.555713e+01 
5.555713e+01 
5.555713e+01 
5.555713e+01 
5.554625e+01 
5.554625e+01 
5.554625e+01 
5.554625e+01 
5.554625e+01 
5.540573e+01 
5.540573e+01 
5.540573e+01 
5.540573e+01 
5.540573e+01 
5.540573e+01 
5.540573e+01 
5.540573e+01 
5.540573e+01 
5.540573e+01 
5.537562e+01 
5.537562e+01 
5.537562e+01 
5.537562e+01 
5.537562e+01 
5.537562e+01 
5.537562e+01 
5.536391e+01 
5.535423e+01 
5.535423e+01 
5.533001e+01 
5.533001e+01 
5.533001e+01 
5.533001e+01 
5.533001e+01 
5.533001e+01 
5.532422e+01 
5.531621e+01 
5.531083e+01 
5.530716e+01 
5.530466e+01 
5.530294e+01 
5.450351e+01 
5.450351e+01 
5.450351e+01 
5.450351e+01 
5.450351e+01 
5.432812e+01 
5.432812e+01 
5.432812e+01 
5.432812e+01 
5.432812e+01 
5.432812e+01 
5.423548e+01 
5.423548e+01 
5.423548e+01 
5.423548e+01 
5.423548e+01 
5.423548e+01 
5.414094e+01 
5.414094e+01 
5.413645e+01 
5.413645e+01 
5.413645e+01 
5.413645e+01 
5.410381e+01 
5.410381e+01 
5.409351e+01 
5.406324e+01 
5.405574e+01 
5.405574e+01 
5.405574e+01 
5.405574e+01 
5.405574e+01 
5.405366e+01 
5.405346e+01 
5.405346e+01 
5.405346e+01 
5.405307e+01 
5.405263e+01 
5.405256e+01 
5.405256e+01 
5.405241e+01 
5.405241e+01 
5.405241e+01 
5.405241e+01 
5.405241e+01 
5.405214e+01 
5.405185e+01 
5.405166e+01 
5.405153e+01 
5.405145e+01 
5.405140e+01 
5.405136e+01 
5.405133e+01 
5.405132e+01 
5.405130e+01 
5.405129e+01 
5.405129e+01 
5.405128e+01 
5.405128e+01 
5.405128e+01 
5.405128e+01 
5.405128e+01 
5.405128e+01 
5.405128e+01 
5.405128e+01 
5.405128e+01 
5.405128e+01 
5.405128e+01 
5.405128e+01 
5.405128e+01 
5.405128e+01 
5.405128e+01 
5.267786e+01 
5.267786e+01 
5.267786e+01 
5.267786e+01 
5.267786e+01 
5.267786e+01 
5.267786e+01 
5.267786e+01 
5.267786e+01 
5.267786e+01 
5.267786e+01 
5.267786e+01 
5.267786e+01 
5.267786e+01 
5.267786e+01 
5.267786e+01 
5.267786e+01 
5.267786e+01 
5.070241e+01 
5.070241e+01 
5.070241e+01 
5.070241e+01 
5.070241e+01 
5.070241e+01 
5.070241e+01 
5.070241e+01 
5.070241e+01 
5.068533e+01 
5.068533e+01 
5.068533e+01 
5.068533e+01 
5.000396e+01 
5.000396e+01 
5.000396e+01 
4.934651e+01 
4.934651e+01 
4.934651e+01 
4.891254e+01 
4.823770e+01 
4.823770e+01 
4.610788e+01 
4.550510e+01 
4.550510e+01 
4.550510e+01 
4.550510e+01 
4.550510e+01 
4.508210e+01 
4.508210e+01 
4.476959e+01 
4.476959e+01 
4.473789e+01 
4.473789e+01 
4.471334e+01 
4.471334e+01 
4.471028e+01 
4.471028e+01 
4.471028e+01 
4.458311e+01 
4.452205e+01 
4.452205e+01 
4.452205e+01 
4.452205e+01 
4.445178e+01 
4.445178e+01 
4.445178e+01 
4.445178e+01 
4.445178e+01 
4.445178e+01 
4.444443e+01 
4.444443e+01 
4.444443e+01 
4.444443e+01 
4.438791e+01 
4.434476e+01 
4.432027e+01 
4.430589e+01 
4.429716e+01 
4.429171e+01 
4.428822e+01 
4.428595e+01 
4.428444e+01 
4.428344e+01 
4.428275e+01 
4.428229e+01 
4.428198e+01 
4.428176e+01 
4.428161e+01 
4.428151e+01 
4.428144e+01 
4.428140e+01 
4.428136e+01 
4.421832e+01 
4.418412e+01 
4.418412e+01 
4.386634e+01 
4.386634e+01 
4.386634e+01 
4.386634e+01 
4.386634e+01 
4.386634e+01 
4.386634e+01 
4.386634e+01 
4.386634e+01 
4.386634e+01 
4.379203e+01 
4.379203e+01 
4.375972e+01 
4.375972e+01 
4.375972e+01 
4.361974e+01 
4.361974e+01 
4.352398e+01 
4.327234e+01 
4.327234e+01 
4.327234e+01 
4.327234e+01 
4.327234e+01 
4.320246e+01 
4.320246e+01 
4.320246e+01 
4.315610e+01 
4.314646e+01 
4.314646e+01 
4.311633e+01 
4.311633e+01 
4.311633e+01 
4.311633e+01 
4.311633e+01 
4.311633e+01 
4.311633e+01 
4.311633e+01 
4.311633e+01 
4.311633e+01 
4.311633e+01 
4.311633e+01 
4.311633e+01 
4.311633e+01 
4.311633e+01 
4.311633e+01 
4.311633e+01 
4.311633e+01 
4.310701e+01 
4.310701e+01 
4.310701e+01 
4.310701e+01 
4.310701e+01 
4.310701e+01 
4.310701e+01 
4.310701e+01 
4.310701e+01 
4.310701e+01 
4.310701e+01 
4.310701e+01 
4.310701e+01 
4.303281e+01 
4.303281e+01 
4.303281e+01 
4.303281e+01 
4.303152e+01 
4.303152e+01 
4.302217e+01 
4.302217e+01 
4.302217e+01 
4.302217e+01 
4.302217e+01 
4.302217e+01 
4.302217e+01 
4.302217e+01 
4.302217e+01 
4.302217e+01 
4.302217e+01 
4.302217e+01 
4.302217e+01 
4.302217e+01 
4.302217e+01 
4.302217e+01 
4.302217e+01 
4.302217e+01 
4.302217e+01 
4.301183e+01 
4.296760e+01 
4.296760e+01 
4.296760e+01 
4.296760e+01 
4.296760e+01 
4.296760e+01 
4.296760e+01 
4.295649e+01 
4.295649e+01 
4.294693e+01 
4.294693e+01 
4.294693e+01 
4.294693e+01 
4.294607e+01 
4.294607e+01 
4.282725e+01 
4.282725e+01 
4.276163e+01 
4.276163e+01 
4.276163e+01 
4.276163e+01 
4.274639e+01 
4.274639e+01 
4.274639e+01 
4.274639e+01 
4.274639e+01 
4.274639e+01 
4.274639e+01 
4.274639e+01 
4.274639e+01 
4.274639e+01 
4.274639e+01 
4.274639e+01 
4.273647e+01 
4.270859e+01 
4.270859e+01 
4.270859e+01 
4.270859e+01 
4.270859e+01 
4.270859e+01 
4.270859e+01 
4.270748e+01 
4.270748e+01 
4.270748e+01 
4.270748e+01 
4.270748e+01 
4.269061e+01 
4.269061e+01 
4.269061e+01 
4.269061e+01 
4.269061e+01 
4.269061e+01 
4.269061e+01 
4.269061e+01 
4.269061e+01 
4.269061e+01 
4.189670e+01 
4.189670e+01 
4.160927e+01 
4.160927e+01 
4.160927e+01 
4.160927e+01 
4.160927e+01 
4.160927e+01 
4.160927e+01 
4.160927e+01 
4.160927e+01 
3.913845e+01 
3.913845e+01 
3.890459e+01 
3.890459e+01 
3.890459e+01 
3.890459e+01 
3.890459e+01 
3.890459e+01 
3.853383e+01 
3.853383e+01 
3.853383e+01 
3.853383e+01 
3.853383e+01 
3.853383e+01 
3.853383e+01 
3.853383e+01 
3.853383e+01 
3.853383e+01 
3.853383e+01 
3.853383e+01 
3.853383e+01 
3.853383e+01 
3.853383e+01 
3.853383e+01 
3.853383e+01 
3.853383e+01 
3.853383e+01 
3.853383e+01 
3.853383e+01 
3.853383e+01 
3.853383e+01 
3.820755e+01 
3.820755e+01 
3.820755e+01 
3.695070e+01 
3.695070e+01 
3.695070e+01 
3.695070e+01 
3.695070e+01 
3.695070e+01 
3.695070e+01 
3.695070e+01 
3.695070e+01 
3.695070e+01 
3.695070e+01 
3.695070e+01 
3.695070e+01 
3.695070e+01 
3.695070e+01 
3.695070e+01 
3.695070e+01 
3.695070e+01 
3.695070e+01 
3.695070e+01 
3.695070e+01 
3.695070e+01 
3.695070e+01 
3.695070e+01 
3.695070e+01 
3.695070e+01 
3.695070e+01 
3.695070e+01 
3.678297e+01 
3.678297e+01 
3.678297e+01 
3.678297e+01 
3.678297e+01 
3.678297e+01 
3.678297e+01 
3.678297e+01 
3.678297e+01 
3.678297e+01 
3.678297e+01 
3.678297e+01 
3.678297e+01 
3.678297e+01 
3.678297e+01 
3.674521e+01 
3.674521e+01 
3.670126e+01 
3.670126e+01 
3.670126e+01 
3.662329e+01 
3.615810e+01 
3.615810e+01 
3.615810e+01 
3.615810e+01 
3.615810e+01 
3.615810e+01 
3.615810e+01 
3.615810e+01 
3.615810e+01 
3.615810e+01 
3.615810e+01 
3.615810e+01 
3.615810e+01 
3.615810e+01 
3.615810e+01 
3.615810e+01 
3.615810e+01 
3.615810e+01 
3.615810e+01 
3.615810e+01 
3.615810e+01 
3.615810e+01 
3.615810e+01 
3.615810e+01 
3.615810e+01 
3.596572e+01 
3.596572e+01 
3.596572e+01 
3.596572e+01 
3.590285e+01 
3.590285e+01 
3.590285e+01 
3.554461e+01 
3.554461e+01 
3.554461e+01 
3.554461e+01 
3.554461e+01 
3.284732e+01 
3.284732e+01 
3.284732e+01 
3.284732e+01 
3.284732e+01 
3.284732e+01 
3.284732e+01 
3.284732e+01 
3.284732e+01 
3.284732e+01 
3.284732e+01 
3.284732e+01 
3.284732e+01 
3.284732e+01 
3.284732e+01 
3.284732e+01 
3.284732e+01 
3.284732e+01 
3.049658e+01 
3.049658e+01 
3.049658e+01 
3.049658e+01 
3.049658e+01 
3.049658e+01 
3.049658e+01 
3.049658e+01 
3.049658e+01 
3.049658e+01 
3.049658e+01 
3.049658e+01 
3.049658e+01 
3.049658e+01 
3.049658e+01 
3.030018e+01 
3.030018e+01 
2.732914e+01 
2.732914e+01 
2.675141e+01 
2.675141e+01 
2.675141e+01 
2.671139e+01 
2.671139e+01 
2.671139e+01 
2.671139e+01 
2.671139e+01 
2.671139e+01 
2.671139e+01 
2.671139e+01 
2.671139e+01 
2.671139e+01 
2.671139e+01 
2.671139e+01 
2.671139e+01 
2.671139e+01 
2.671139e+01 
2.671139e+01 
2.671139e+01 
2.671139e+01 
2.671139e+01 
2.671139e+01 
2.671139e+01 
2.671139e+01 
2.671139e+01 
2.671139e+01 
2.671139e+01 
2.671139e+01 
2.671139e+01 
2.671139e+01 
2.671139e+01 
2.671139e+01 
2.671139e+01 
2.671139e+01 
2.671139e+01 
2.671139e+01 
2.671139e+01 
2.671139e+01 
2.671139e+01 
2.671139e+01 
2.671139e+01 
2.671139e+01 
2.671139e+01 
2.671139e+01 
2.671139e+01 
2.671139e+01 
2.671139e+01 
2.671139e+01 
2.671139e+01 
2.671139e+01 
2.671139e+01 
2.641283e+01 
2.641283e+01 
2.641283e+01 
2.641283e+01 
2.622026e+01 
2.622026e+01 
2.622026e+01 
2.622026e+01 
2.622026e+01 
2.622026e+01 
2.622026e+01 
2.622026e+01 
2.622026e+01 
2.622026e+01 
2.612598e+01 
2.604673e+01 
2.604673e+01 
2.604673e+01 
2.588989e+01 
2.582624e+01 
2.582624e+01 
2.582624e+01 
2.581284e+01 
2.572766e+01 
2.567937e+01 
2.565099e+01 
2.563377e+01 
2.562306e+01 
2.561625e+01 
2.561185e+01 
2.560899e+01 
2.560711e+01 
2.560586e+01 
2.560504e+01 
2.560449e+01 
2.560413e+01 
2.560389e+01 
2.560372e+01 
2.560362e+01 
2.560355e+01 
2.560350e+01 
2.560347e+01 
2.560344e+01 
2.560343e+01 
2.560342e+01 
2.560341e+01 
2.560341e+01 
2.560341e+01 
2.560340e+01 
2.560340e+01 
2.560340e+01 
2.560340e+01 
2.560340e+01 
2.560340e+01 
2.560340e+01 
2.560340e+01 
2.535034e+01 
2.481145e+01 
2.481145e+01 
2.481145e+01 
2.481145e+01 
2.481145e+01 
2.481145e+01 
2.477656e+01 
2.477656e+01 
2.477656e+01 
2.476906e+01 
2.476906e+01 
2.476906e+01 
2.463163e+01 
2.463163e+01 
2.463163e+01 
2.463163e+01 
2.451622e+01 
2.441491e+01 
2.441491e+01 
2.441491e+01 
2.441491e+01 
2.418125e+01 
2.402530e+01 
2.402530e+01 
2.402530e+01 
2.399730e+01 
2.399730e+01 
2.399730e+01 
2.359227e+01 
2.359227e+01 
2.359227e+01 
2.359227e+01 
2.359227e+01 
2.359227e+01 
2.359227e+01 
2.359227e+01 
2.359227e+01 
2.359227e+01 
2.359227e+01 
2.359227e+01 
2.359227e+01 
2.359227e+01 
2.359227e+01 
2.359227e+01 
2.359227e+01 
2.359227e+01 
2.359227e+01 
2.359227e+01 
2.359227e+01 
2.359227e+01 
2.359227e+01 
2.359227e+01 
2.359227e+01 
2.359227e+01 
2.359227e+01 
2.359227e+01 
2.359227e+01 
2.359227e+01 
2.359227e+01 
2.337335e+01 
2.337335e+01 
2.337335e+01 
2.337335e+01 
2.337335e+01 
2.337335e+01 
2.327379e+01 
2.327379e+01 
2.327379e+01 
2.307530e+01 
2.307530e+01 
2.298552e+01 
2.298552e+01 
2.298552e+01 
2.298552e+01 
2.298552e+01 
2.298552e+01 
2.298552e+01 
2.298552e+01 
2.298552e+01 
2.298552e+01 
2.297321e+01 
2.258116e+01 
2.258116e+01 
2.258116e+01 
2.258116e+01 
2.258116e+01 
2.258116e+01 
2.258116e+01 
2.258116e+01 
2.221554e+01 
2.221554e+01 
2.221554e+01 
2.221554e+01 
2.221554e+01 
2.221554e+01 
2.221554e+01 
2.221554e+01 
2.221554e+01 
2.221554e+01 
2.212254e+01 
2.212254e+01 
2.212254e+01 
2.212254e+01 
2.212254e+01 
2.212254e+01 
2.202089e+01 
2.202089e+01 
2.200813e+01 
2.200813e+01 
2.200813e+01 
2.191371e+01 
2.191371e+01 
2.182839e+01 
2.182839e+01 
2.182839e+01 
2.182839e+01 
2.182839e+01 
2.182839e+01 
2.172728e+01 
2.168894e+01 
2.168894e+01 
2.168894e+01 
2.159704e+01 
2.159704e+01 
2.159704e+01 
2.159704e+01 
2.159704e+01 
2.159704e+01 
2.159704e+01 
2.159704e+01 
2.159704e+01 
2.159704e+01 
2.159704e+01 
2.159704e+01 
2.159704e+01 
2.158962e+01 
2.158962e+01 
2.158962e+01 
2.157848e+01 
2.157089e+01 
2.156835e+01 
2.156774e+01 
2.152574e+01 
2.145905e+01 
2.145905e+01 
2.145734e+01 
2.145734e+01 
2.145734e+01 
2.131805e+01 
2.131805e+01 
2.131805e+01 
2.131805e+01 
2.131805e+01 
2.128823e+01 
2.128823e+01 
2.128823e+01 
2.128823e+01 
2.128823e+01 
2.128823e+01 
2.116353e+01 
2.116353e+01 
2.116353e+01 
2.116353e+01 
2.114763e+01 
2.114763e+01 
2.114763e+01 
2.114763e+01 
2.114763e+01 
2.114763e+01 
2.107426e+01 
2.107426e+01 
2.107426e+01 
2.107426e+01 
2.107426e+01 
2.107426e+01 
2.104552e+01 
2.096013e+01 
2.096013e+01 
2.096013e+01 
2.096013e+01 
2.096013e+01 
2.096013e+01 
2.094353e+01 
2.094353e+01 
2.094353e+01 
2.094353e+01 
2.094353e+01 
2.094353e+01 
2.090255e+01 
2.090255e+01 
2.090255e+01 
2.090255e+01 
2.090255e+01 
2.090255e+01 
2.090255e+01 
2.090255e+01 
2.090255e+01 
2.090255e+01 
2.083771e+01 
2.083771e+01 
2.083771e+01 
2.083771e+01 
2.079379e+01 
2.079379e+01 
2.079379e+01 
2.076351e+01 
2.076351e+01 
2.074513e+01 
2.074513e+01 
2.072715e+01 
2.072715e+01 
2.072023e+01 
2.072023e+01 
2.072023e+01 
2.072023e+01 
2.072023e+01 
2.071430e+01 
2.071430e+01 
2.071430e+01 
2.071430e+01 
2.071255e+01 
2.071255e+01 
2.071255e+01 
2.071255e+01 
2.071255e+01 
2.071255e+01 
2.068600e+01 
2.068600e+01 
2.068293e+01 
2.068293e+01 
2.068293e+01 
2.067590e+01 
2.067590e+01 
2.067590e+01 
2.066575e+01 
2.066575e+01 
2.066575e+01 
2.066575e+01 
2.066575e+01 
2.066249e+01 
2.066249e+01 
2.066249e+01 
2.065708e+01 
2.065359e+01 
2.065203e+01 
2.065132e+01 
2.065099e+01 
2.065083e+01 
2.065075e+01 
2.065071e+01 
2.065069e+01 
2.065068e+01 
2.065067e+01 
2.065066e+01 
2.065066e+01 
2.065066e+01 
2.065066e+01 
2.065066e+01 
2.065066e+01 
2.065066e+01 
2.065066e+01 
2.065066e+01 
2.065066e+01 
2.065066e+01 
2.065066e+01 
2.065065e+01 
2.065065e+01 
2.065065e+01 
2.065065e+01 
2.065065e+01 
2.065065e+01 
2.065065e+01 
2.065065e+01 
2.065065e+01 
2.065065e+01 
2.065065e+01 
2.064977e+01 
2.064977e+01 
2.064977e+01 
2.064977e+01 
2.064977e+01 
2.064742e+01 
2.064742e+01 
2.062370e+01 
2.062370e+01 
2.059832e+01 
2.059832e+01 
2.059832e+01 
2.059832e+01 
2.056764e+01 
2.056764e+01 
2.056760e+01 
2.056760e+01 
2.056760e+01 
2.056760e+01 
2.056760e+01 
2.056441e+01 
2.056441e+01 
2.055672e+01 
2.055672e+01 
2.055672e+01 
2.055672e+01 
2.055672e+01 
2.055672e+01 
2.055441e+01 
2.055441e+01 
2.055441e+01 
2.055441e+01 
2.055441e+01 
2.055441e+01 
2.055441e+01 
2.055441e+01 
2.054696e+01 
2.054696e+01 
2.054696e+01 
2.054696e+01 
2.054696e+01 
2.054696e+01 
2.054696e+01 
2.054696e+01 
2.054395e+01 
2.053485e+01 
2.053485e+01 
2.052812e+01 
2.052812e+01 
2.052812e+01 
2.052812e+01 
2.052812e+01 
2.052812e+01 
2.052481e+01 
2.052481e+01 
2.052481e+01 
2.052481e+01 
2.052481e+01 
2.052481e+01 
2.052481e+01 
2.052481e+01 
2.052481e+01 
2.052481e+01 
2.052481e+01 
2.052481e+01 
2.052101e+01 
2.052101e+01 
2.052016e+01 
2.052016e+01 
2.051663e+01 
2.051663e+01 
2.051663e+01 
2.051663e+01 
2.051581e+01 
2.051581e+01 
2.051581e+01 
2.051578e+01 
2.051578e+01 
2.051578e+01 
2.051176e+01 
2.051176e+01 
2.051176e+01 
2.051176e+01 
2.051176e+01 
2.051176e+01 
2.051176e+01 
2.051176e+01 
2.051176e+01 
2.051176e+01 
2.051176e+01 
2.051176e+01 
2.051117e+01 
2.051117e+01 
2.051117e+01 
2.051117e+01 
2.051117e+01 
2.051117e+01 
2.051030e+01 
2.051030e+01 
2.050897e+01 
2.050897e+01 
2.050897e+01 
2.050897e+01 
2.050897e+01 
2.050897e+01 
2.050897e+01 
2.050897e+01 
2.050894e+01 
2.050894e+01 
2.050894e+01 
2.050876e+01 
2.050821e+01 
2.050798e+01 
2.050788e+01 
2.050784e+01 
2.050783e+01 
2.050782e+01 
2.050782e+01 
2.050782e+01 
2.050782e+01 
2.050782e+01 
2.050782e+01 
2.050782e+01 
2.050782e+01 
2.050782e+01 
2.050782e+01 
2.050782e+01 
2.050782e+01 
2.050782e+01 
2.050782e+01 
2.050717e+01 
2.050682e+01 
2.050622e+01 
2.050290e+01 
2.050290e+01 
2.050290e+01 
2.050290e+01 
2.050290e+01 
2.050253e+01 
2.050253e+01 
2.050151e+01 
2.050083e+01 
2.050083e+01 
2.050047e+01 
2.050047e+01 
2.050047e+01 
2.050013e+01 
2.050013e+01 
2.050013e+01 
2.050007e+01 
2.050007e+01 
2.050007e+01 
2.050007e+01 
2.050007e+01 
2.049865e+01 
2.049865e+01 
2.049617e+01 
2.049617e+01 
2.049617e+01 
2.049617e+01 
2.049617e+01 
2.049617e+01 
2.049617e+01 
2.049617e+01 
2.049580e+01 
2.049580e+01 
2.049454e+01 
2.049454e+01 
2.049454e+01 
2.049454e+01 
2.049454e+01 
2.049454e+01 
2.049454e+01 
2.049454e+01 
2.049454e+01 
2.049454e+01 
2.049454e+01 
2.049420e+01 
2.049420e+01 
2.049420e+01 
2.049420e+01 
2.049420e+01 
2.049420e+01 
2.049420e+01 
2.049420e+01 
2.049420e+01 
2.049420e+01 
2.049420e+01 
2.049420e+01 
2.049380e+01 
2.049380e+01 
2.049346e+01 
2.049346e+01 
2.049346e+01 
2.049346e+01 
2.049346e+01 
2.049346e+01 
2.049346e+01 
2.049346e+01 
2.049346e+01 
2.049346e+01 
2.049346e+01 
2.049293e+01 
2.049293e+01 
2.049293e+01 
2.049293e+01 
2.049293e+01 
2.049293e+01 
2.049264e+01 
2.049264e+01 
2.049264e+01 
2.049264e+01 
2.049264e+01 
2.049221e+01 
2.049153e+01 
2.049153e+01 
2.049153e+01 
2.049153e+01 
2.049153e+01 
2.049153e+01 
2.049153e+01 
2.049153e+01 
2.049153e+01 
2.049153e+01 
2.049153e+01 
2.049153e+01 
2.049153e+01 
2.049153e+01 
2.049061e+01 
2.049061e+01 
2.049061e+01 
2.049061e+01 
2.049061e+01 
2.049061e+01 
2.049061e+01 
2.049049e+01 
2.049049e+01 
2.049049e+01 
2.049011e+01 
2.049011e+01 
2.048989e+01 
2.048989e+01 
2.048989e+01 
2.048989e+01 
2.048989e+01 
2.048989e+01 
2.048907e+01 
2.048907e+01 
2.048907e+01 
2.048907e+01 
2.048907e+01 
2.048907e+01 
2.048907e+01 
2.048907e+01 
2.048907e+01 
2.048907e+01 
2.048907e+01 
2.048900e+01 
2.048900e+01 
2.048900e+01 
2.048900e+01 
2.048885e+01 
2.048885e+01 
2.048885e+01 
2.048885e+01 
2.048872e+01 
2.048872e+01 
2.048872e+01 
2.048854e+01 
2.048854e+01 
2.048854e+01 
2.048854e+01 
2.048854e+01 
2.048854e+01 
2.048854e+01 
2.048854e+01 
2.048840e+01 
2.048840e+01 
2.048840e+01 
2.048840e+01 
2.048840e+01 
2.048840e+01 
2.048840e+01 
2.048840e+01 
2.048840e+01 
2.048840e+01 
2.048840e+01 
2.048836e+01 
2.048836e+01 
2.048836e+01 
2.048834e+01 
2.048834e+01 
2.048834e+01 
2.048834e+01 
2.048833e+01 
2.048833e+01 
2.048833e+01 
2.048833e+01 
2.048831e+01 
2.048831e+01 
2.048831e+01 
2.048831e+01 
2.048830e+01 
2.048830e+01 
2.048830e+01 
2.048830e+01 
2.048830e+01 
2.048830e+01 
2.048830e+01 
2.048828e+01 
2.048828e+01 
2.048826e+01 
2.048819e+01 
2.048819e+01 
2.048819e+01 
2.048819e+01 
2.048819e+01 
2.048819e+01 
2.048819e+01 
2.048819e+01 
2.048819e+01 
2.048816e+01 
2.048816e+01 
2.048813e+01 
2.048813e+01 
2.048810e+01 
2.048810e+01 
2.048810e+01 
2.048810e+01 
2.048810e+01 
2.048810e+01 
2.048807e+01 
2.048807e+01 
2.048807e+01 
2.048807e+01 
2.048807e+01 
2.048807e+01 
2.048807e+01 
2.048805e+01 
2.048805e+01 
2.048805e+01 
2.048805e+01 
2.048804e+01 
2.048804e+01 
2.048804e+01 
2.048804e+01 
2.048804e+01 
2.048804e+01 
2.048804e+01 
2.048804e+01 
2.048804e+01 
2.048804e+01 
2.048804e+01 
2.048804e+01 
2.048804e+01 
2.048804e+01 
2.048804e+01 
2.048803e+01 
2.048800e+01 
2.048794e+01 
2.048794e+01 
2.048794e+01 
2.048792e+01 
2.048792e+01 
2.048792e+01 
2.048792e+01 
2.048792e+01 
2.048792e+01 
2.048792e+01 
2.048792e+01 
2.048792e+01 
2.048792e+01 
2.048792e+01 
2.048792e+01 
2.048792e+01 
2.048791e+01 
2.048791e+01 
2.048791e+01 
2.048791e+01 
2.048791e+01 
2.048791e+01 
2.048791e+01 
2.048791e+01 
2.048791e+01 
2.048791e+01 
2.048791e+01 
2.048791e+01 
2.048791e+01 
2.048791e+01 
2.048791e+01 
2.048791e+01 
2.048790e+01 
2.048790e+01 
2.048790e+01 
2.048790e+01 
2.048790e+01 
2.048789e+01 
2.048789e+01 
2.048789e+01 
2.048787e+01 
2.048787e+01 
2.048787e+01 
2.048787e+01 
2.048786e+01 
2.048786e+01 
2.048786e+01 
2.048786e+01 
2.048786e+01 
2.048786e+01 
2.048786e+01 
2.048786e+01 
2.048786e+01 
2.048786e+01 
2.048786e+01 
2.048786e+01 
2.048786e+01 
2.048786e+01 
2.048786e+01 
2.048786e+01 
2.048786e+01 
2.048786e+01 
2.048784e+01 
2.048784e+01 
2.048784e+01 
2.048784e+01 
2.048784e+01 
2.048784e+01 
2.048784e+01 
2.048783e+01 
2.048783e+01 
2.048783e+01 
2.048783e+01 
2.048783e+01 
2.048783e+01 
2.048783e+01 
2.048783e+01 
2.048783e+01 
2.048783e+01 
2.048783e+01 
2.048783e+01 
2.048783e+01 
2.048783e+01 
2.048783e+01 
2.048783e+01 
2.048783e+01 
2.048783e+01 
2.048783e+01 
2.048783e+01 
2.048783e+01 
2.048783e+01 
2.048783e+01 
2.048783e+01 
2.048783e+01 
2.048782e+01 
2.048782e+01 
2.048782e+01 
2.048782e+01 
2.048782e+01 
2.048782e+01 
2.048782e+01 
2.048781e+01 
2.048781e+01 
2.048781e+01 
2.048781e+01 
2.048781e+01 
2.048781e+01 
2.048781e+01 
2.048781e+01 
2.048781e+01 
2.048781e+01 
2.048781e+01 
2.048781e+01 
2.048781e+01 
2.048781e+01 
2.048781e+01 
2.048781e+01 
2.048781e+01 
2.048780e+01 
2.048780e+01 
2.048780e+01 
2.048780e+01 
2.048780e+01 
2.048780e+01 
2.048780e+01 
2.048780e+01 
2.048780e+01 
2.048780e+01 
2.048780e+01 
2.048780e+01 
2.048780e+01 
2.048780e+01 
2.048780e+01 
2.048780e+01 
2.048780e+01 
2.048780e+01 
2.048780e+01 
2.048780e+01 
2.048780e+01 
2.048780e+01 
2.048780e+01 
2.048780e+01 
2.048780e+01 
2.048780e+01 
2.048780e+01 
2.048780e+01 
2.048780e+01 
2.048780e+01 
2.048780e+01 
2.048780e+01 
2.048780e+01 
2.048780e+01 
2.048780e+01 
2.048780e+01 
2.048780e+01 
2.048780e+01 
2.048780e+01 
2.048780e+01 
2.048780e+01 
2.048780e+01 
2.048780e+01 
2.048780e+01 
2.048780e+01 
2.048780e+01 
2.048780e+01 
2.048780e+01 
2.048780e+01 
2.048780e+01 
2.048780e+01 
2.048780e+01 
2.048780e+01 
2.048780e+01 
2.048780e+01 
2.048780e+01 
2.048780e+01 
2.048780e+01 
2.048780e+01 
2.048780e+01 
2.048780e+01 
2.048780e+01 
2.048780e+01 
2.048780e+01 
2.048780e+01 
2.048780e+01 
2.048780e+01 
2.048780e+01 
2.048780e+01 
2.048780e+01 
2.048780e+01 
2.048780e+01 
2.048780e+01 
2.048780e+01 
2.048780e+01 
2.048780e+01 
2.048780e+01 
2.048780e+01 
2.048780e+01 
2.048780e+01 
2.048780e+01 
2.048780e+01 
2.048780e+01 
2.048780e+01 
2.048780e+01 
2.048780e+01 
2.048780e+01 
2.048780e+01 
2.048780e+01 
2.048780e+01 
2.048780e+01 
2.048780e+01 
2.048780e+01 
2.048780e+01 
2.048780e+01 
2.048780e+01 
2.048780e+01 
2.048780e+01 
2.048780e+01 
2.048780e+01 
2.048780e+01 
2.048780e+01 
2.048780e+01 
2.048780e+01 
2.048780e+01 
2.048780e+01 
2.048780e+01 
2.048780e+01 
2.048780e+01 
2.048780e+01 
2.048780e+01 
2.048780e+01 
2.048780e+01 
2.048780e+01 
2.048780e+01 
2.048780e+01 
2.048780e+01 
2.048780e+01 
2.048780e+01 
2.048780e+01 
2.048780e+01 
2.048780e+01 
2.048780e+01 
2.048780e+01 
2.048780e+01 
2.048780e+01 
2.048780e+01 
2.048780e+01 
2.048780e+01 
2.048780e+01 
2.048780e+01 
2.048780e+01 
2.048780e+01 
2.048780e+01 
2.048780e+01 
2.048780e+01 
2.048780e+01 
2.048780e+01 
2.048780e+01 
2.048780e+01 
2.048780e+01 
2.048780e+01 
2.048780e+01 
2.048780e+01 
2.048780e+01 
2.048780e+01 
2.048780e+01 
2.048780e+01 
2.048780e+01 
2.048780e+01 
2.048780e+01 
2.048780e+01 
2.048780e+01 
2.048780e+01 
2.048780e+01 
2.048780e+01 
2.048780e+01 
2.048780e+01 
2.048780e+01 
2.048780e+01 
2.048780e+01 
2.048780e+01 
2.048780e+01 
2.048780e+01 
2.048780e+01 
2.048780e+01 
2.048780e+01 
2.048780e+01 
2.048780e+01 
2.048780e+01 
2.048780e+01 
2.048780e+01 
2.048780e+01 
2.048780e+01 
2.048780e+01 
2.048780e+01 
2.048780e+01 
2.048780e+01 
2.048780e+01 
2.048780e+01 
2.048780e+01 
2.048780e+01 
2.048780e+01 
2.048780e+01 
2.048780e+01 
2.048780e+01 
2.048780e+01 
2.048780e+01 
2.048780e+01 
2.048780e+01 
2.048780e+01 
2.048780e+01 
2.048780e+01 
2.048780e+01 
2.048780e+01 
2.048780e+01 
2.048780e+01 
2.048780e+01 
2.048780e+01 
2.048780e+01 
2.048780e+01 
2.048780e+01 
2.048780e+01 
2.048780e+01 
2.048780e+01 
2.048780e+01 
2.048780e+01 
2.048780e+01 
2.048780e+01 
2.048780e+01 
2.048780e+01 
2.048780e+01 
2.048780e+01 
2.048780e+01 
2.048780e+01 
2.048780e+01 
2.048780e+01 
2.048780e+01 
2.048780e+01 
2.048780e+01 
2.048780e+01 
2.048780e+01 
2.048780e+01 
2.048780e+01 
2.048780e+01 
2.048780e+01 
2.048780e+01 
2.048780e+01 
2.048780e+01 
2.048780e+01 
2.048780e+01 
2.048780e+01 
2.048780e+01 
2.048780e+01 
2.048780e+01 
2.048780e+01 
2.048780e+01 
2.048780e+01 
2.048780e+01 
2.048780e+01 
2.048780e+01 
2.048780e+01 
2.048780e+01 
2.048780e+01 
2.048780e+01 
2.048780e+01 
2.048780e+01 
2.048780e+01 
2.048780e+01 
2.048780e+01 
2.048780e+01 
2.048780e+01 
2.048780e+01 
2.048780e+01 
2.048780e+01 
2.048780e+01 
2.048780e+01 
2.048780e+01 
2.048780e+01 
2.048780e+01 
2.048780e+01 
2.048780e+01 
2.048780e+01 
2.048780e+01 
2.048780e+01 
2.048780e+01 
2.048780e+01 
2.048780e+01 
2.048780e+01 
2.048780e+01 
2.048780e+01 
2.048780e+01 
2.048780e+01 
2.048780e+01 
2.048780e+01 
2.048780e+01 
2.048780e+01 
2.048780e+01 
2.048780e+01 
2.048780e+01 
2.048780e+01 
2.048780e+01 
2.048780e+01 
2.048780e+01 
2.048780e+01 
2.048780e+01 
2.048780e+01 
2.048780e+01 
2.048780e+01 
2.048780e+01 
2.048780e+01 
2.048780e+01 
2.048780e+01 
2.048780e+01 
2.048780e+01 
2.048780e+01 
2.048780e+01 
2.048780e+01 
2.048780e+01 
2.048780e+01 
2.048780e+01 
2.048780e+01 
2.048780e+01 
2.048780e+01 
2.048780e+01 
2.048780e+01 
2.048780e+01 
2.048780e+01 
2.048780e+01 
2.048780e+01 
2.048780e+01 
2.048780e+01 
2.048780e+01 
2.048780e+01 
2.048780e+01 
2.048780e+01 
2.048780e+01 
2.048780e+01 
2.048780e+01 
2.048780e+01 
2.048780e+01 
2.048780e+01 
2.048780e+01 
2.048780e+01 
2.048780e+01 
2.048780e+01 
2.048780e+01 
2.048780e+01 
2.048780e+01 
2.048780e+01 
2.048780e+01 
2.048780e+01 
2.048780e+01 
2.048780e+01 
2.048780e+01 
2.048780e+01 
2.048780e+01 
2.048780e+01 
2.048780e+01 
2.048780e+01 
2.048780e+01 
2.048780e+01 
2.048780e+01 
2.048780e+01 
2.048780e+01 
2.048780e+01 
2.048780e+01 
2.048780e+01 
2.048780e+01 
2.048780e+01 
2.048780e+01 
2.048780e+01 
2.048780e+01 
2.048780e+01 
2.048780e+01 
2.048780e+01 
2.048780e+01 
2.048780e+01 
2.048780e+01 
2.048780e+01 
2.048780e+01 
2.048780e+01 
2.048780e+01 
2.048780e+01 
2.048780e+01 
2.048780e+01 
2.048780e+01 
2.048780e+01 
2.048780e+01 
2.048780e+01 
2.048780e+01 
2.048780e+01 
2.048780e+01 
2.048780e+01 
2.048780e+01 
2.048780e+01 
2.048780e+01 
2.048780e+01 
2.048780e+01 
2.048780e+01 
2.048780e+01 
2.048780e+01 
2.048780e+01 
2.048780e+01 
2.048780e+01 
2.048780e+01 
2.048780e+01 
2.048780e+01 
2.048780e+01 
2.048780e+01 
2.048780e+01 
2.048780e+01 
2.048780e+01 
2.048780e+01 
2.048780e+01 
2.048780e+01 
2.048780e+01 
2.048780e+01 
2.048780e+01 
2.048780e+01 
2.048780e+01 
2.048780e+01 
2.048780e+01 
2.048780e+01 
2.048780e+01 
2.048780e+01 
2.048780e+01 
2.048780e+01 
2.048780e+01 
2.048780e+01 
2.048780e+01 
2.048780e+01 
2.048780e+01 
2.048780e+01 
2.048780e+01 
2.048780e+01 
2.048780e+01 
2.048780e+01 
2.048780e+01 
2.048780e+01 
2.048780e+01 
2.048780e+01 
2.048780e+01 
2.048780e+01 
2.048780e+01 
2.048780e+01 
2.048780e+01 
2.048780e+01 
2.048780e+01 
2.048780e+01 
2.048780e+01 
2.048780e+01 
2.048780e+01 
2.048780e+01 
2.048780e+01 
2.048780e+01 
2.048780e+01 
2.048780e+01 
2.048780e+01 
2.048780e+01 
2.048780e+01 
2.048780e+01 
2.048780e+01 
2.048780e+01 
2.048780e+01 
2.048780e+01 
2.048780e+01 
2.048780e+01 
2.048780e+01 
2.048780e+01 
2.048780e+01 
2.048780e+01 
2.048780e+01 
2.048780e+01 
2.048780e+01 
2.048780e+01 
2.048780e+01 
2.048780e+01 
2.048780e+01 
2.048780e+01 
2.048780e+01 
2.048780e+01 
2.048780e+01 
2.048780e+01 
2.048780e+01 
2.048780e+01 
2.048780e+01 
2.048780e+01 
2.048780e+01 
2.048780e+01 
2.048780e+01 
2.048780e+01 
2.048780e+01 
2.048780e+01 
2.048780e+01 
2.048780e+01 
2.048780e+01 
2.048780e+01 
2.048780e+01 
2.048780e+01 
2.048780e+01 
2.048780e+01 
2.048780e+01 
2.048780e+01 
2.048780e+01 
2.048780e+01 
2.048780e+01 
2.048780e+01 
2.048780e+01 
2.048780e+01 
2.048780e+01 
2.048780e+01 
2.048780e+01 
2.048780e+01 
2.048780e+01 
2.048780e+01 
2.048780e+01 
2.048780e+01 
2.048780e+01 
2.048780e+01 
2.048780e+01 
2.048780e+01 
2.048780e+01 
2.048780e+01 
2.048780e+01 
2.048780e+01 
2.048780e+01 
2.048780e+01 
2.048780e+01 
2.048780e+01 
2.048780e+01 
2.048780e+01 
2.048780e+01 
2.048780e+01 
2.048780e+01 
2.048780e+01 
2.048780e+01 
2.048780e+01 
2.048780e+01 
2.048780e+01 
2.048780e+01 
2.048780e+01 
2.048780e+01 
2.048780e+01 
2.048780e+01 
2.048780e+01 
2.048780e+01 
2.048780e+01 
2.048780e+01 
2.048780e+01 
2.048780e+01 
2.048780e+01 
2.048780e+01 
2.048780e+01 
2.048780e+01 
2.048780e+01 
2.048780e+01 
2.048780e+01 
2.048780e+01 
2.048780e+01 
2.048780e+01 
2.048780e+01 
2.048780e+01 
2.048780e+01 
2.048780e+01 
2.048780e+01 
2.048780e+01 
2.048780e+01 
2.048780e+01 
2.048780e+01 
2.048780e+01 
2.048780e+01 
2.048780e+01 
2.048780e+01 
2.048780e+01 
2.048780e+01 
2.048780e+01 
2.048780e+01 
2.048780e+01 
2.048780e+01 
2.048780e+01 
2.048780e+01 
2.048780e+01 
2.048780e+01 
2.048780e+01 
2.048780e+01 
2.048780e+01 
2.048780e+01 
2.048780e+01 
2.048780e+01 
2.048780e+01 
2.048780e+01 
2.048780e+01 
2.048780e+01 
2.048780e+01 
2.048780e+01 
2.048780e+01 
2.048780e+01 
2.048780e+01 
2.048780e+01 
2.048780e+01 
2.048780e+01 
2.048780e+01 
2.048780e+01 
2.048780e+01 
2.048780e+01 
2.048780e+01 
2.048780e+01 
2.048780e+01 
2.048780e+01 
2.048780e+01 
2.048780e+01 
2.048780e+01 
2.048780e+01 
2.048780e+01 
2.048780e+01 
2.048780e+01 
2.048780e+01 
2.048780e+01 
2.048780e+01 
2.048780e+01 
2.048780e+01 
2.048780e+01 
2.048780e+01 
2.048780e+01 
2.048780e+01 
2.048780e+01 
2.048780e+01 
2.048780e+01 
2.048780e+01 
2.048780e+01 
2.048780e+01 
2.048780e+01 
2.048780e+01 
2.048780e+01 
2.048780e+01 
2.048780e+01 
2.048780e+01 
2.048780e+01 
2.048780e+01 
2.048780e+01 
2.048780e+01 
2.048780e+01 
2.048780e+01 
2.048780e+01 
2.048780e+01 
2.048780e+01 
2.048780e+01 
2.048780e+01 
2.048780e+01 
2.048780e+01 
2.048780e+01 
2.048780e+01 
2.048780e+01 
2.048780e+01 
2.048780e+01 
2.048780e+01 
2.048780e+01 
2.048780e+01 
2.048780e+01 
2.048780e+01 
2.048780e+01 
2.048780e+01 
2.048780e+01 
2.048780e+01 
2.048780e+01 
2.048780e+01 
2.048780e+01 
2.048780e+01 
2.048780e+01 
2.048780e+01 
2.048780e+01 
2.048780e+01 
2.048780e+01 
2.048780e+01 
2.048780e+01 
2.048780e+01 
2.048780e+01 
2.048780e+01 
2.048780e+01 
2.048780e+01 
2.048780e+01 
2.048780e+01 
2.048780e+01 
2.048780e+01 
2.048780e+01 
2.048780e+01 
2.048780e+01 
2.048780e+01 
2.048780e+01 
2.048780e+01 
2.048780e+01 
2.048780e+01 
2.048780e+01 
2.048780e+01 
2.048780e+01 
2.048780e+01 
2.048780e+01 
2.048780e+01 
2.048780e+01 
2.048780e+01 
2.048780e+01 
2.048780e+01 
2.048780e+01 
2.048780e+01 
2.048780e+01 
2.048780e+01 
2.048780e+01 
2.048780e+01 
2.048780e+01 
2.048780e+01 
2.048780e+01 
2.048780e+01 
2.048780e+01 
2.048780e+01 
2.048780e+01 
2.048780e+01 
2.048780e+01 
2.048780e+01 
2.048780e+01 
2.048780e+01 
2.048780e+01 
2.048780e+01 
2.048780e+01 
2.048780e+01 
2.048780e+01 
2.048780e+01 
2.048780e+01 
2.048780e+01 
2.048780e+01 
2.048780e+01 
2.048780e+01 
2.048780e+01 
2.048780e+01 
2.048780e+01 
2.048780e+01 
2.048780e+01 
2.048780e+01 
2.048780e+01 
2.048780e+01 
2.048780e+01 
2.048780e+01 
2.048780e+01 
2.048780e+01 
2.048780e+01 
2.048780e+01 
2.048780e+01 
2.048780e+01 
2.048780e+01 
2.048780e+01 
2.048780e+01 
2.048780e+01 
2.048780e+01 
2.048780e+01 
2.048780e+01 
2.048780e+01 
2.048780e+01 
2.048780e+01 
2.048780e+01 
2.048780e+01 
2.048780e+01 
2.048780e+01 
2.048780e+01 
2.048780e+01 
2.048780e+01 
2.048780e+01 
2.048780e+01 
2.048780e+01 
2.048780e+01 
2.048780e+01 
2.048780e+01 
2.048780e+01 
2.048780e+01 
2.048780e+01 
2.048780e+01 
2.048780e+01 
2.048780e+01 
2.048780e+01 
2.048780e+01 
2.048780e+01 
2.048780e+01 
2.048780e+01 
2.048780e+01 
2.048780e+01 
2.048780e+01 
2.048780e+01 
2.048780e+01 
2.048780e+01 
2.048780e+01 
2.048780e+01 
2.048780e+01 
2.048780e+01 
2.048780e+01 
2.048780e+01 
2.048780e+01 
2.048780e+01 
2.048780e+01 
2.048780e+01 
2.048780e+01 
2.048780e+01 
2.048780e+01 
2.048780e+01 
2.048780e+01 
2.048780e+01 
2.048780e+01 
2.048780e+01 
2.048780e+01 
2.048780e+01 
2.048780e+01 
2.048780e+01 
2.048780e+01 
2.048780e+01 
2.048780e+01 
2.048780e+01 
2.048780e+01 
2.048780e+01 
2.048780e+01 
2.048780e+01 
2.048780e+01 
2.048780e+01 
2.048780e+01 
2.048780e+01 
2.048780e+01 
2.048780e+01 
2.048780e+01 
2.048780e+01 
2.048780e+01 
2.048780e+01 
2.048780e+01 
2.048780e+01 
2.048780e+01 
2.048780e+01 
2.048780e+01 
2.048780e+01 
2.048780e+01 
2.048780e+01 
2.048780e+01 
2.048780e+01 
2.048780e+01 
2.048780e+01 
2.048780e+01 
2.048780e+01 
2.048780e+01 
2.048780e+01 
2.048780e+01 
2.048780e+01 
2.048780e+01 
2.048780e+01 
2.048780e+01 
2.048780e+01 
2.048780e+01 
2.048780e+01 
2.048780e+01 
2.048780e+01 
2.048780e+01 
2.048780e+01 
2.048780e+01 
2.048780e+01 
2.048780e+01 
2.048780e+01 
2.048780e+01 
2.048780e+01 
2.048780e+01 
2.048780e+01 
2.048780e+01 
2.048780e+01 
2.048780e+01 
2.048780e+01 
2.048780e+01 
2.048780e+01 
2.048780e+01 
2.048780e+01 
2.048780e+01 
2.048780e+01 
2.048780e+01 
2.048780e+01 
2.048780e+01 
2.048780e+01 
2.048780e+01 
2.048780e+01 
2.048780e+01 
2.048780e+01 
2.048780e+01 
2.048780e+01 
2.048780e+01 
2.048780e+01 
2.048780e+01 
2.048780e+01 
2.048780e+01 
2.048780e+01 
2.048780e+01 
2.048780e+01 
2.048780e+01 
2.048780e+01 
2.048780e+01 
2.048780e+01 
2.048780e+01 
2.048780e+01 
2.048780e+01 
2.048780e+01 
2.048780e+01 
2.048780e+01 
2.048780e+01 
2.048780e+01 
2.048780e+01 
2.048780e+01 
2.048780e+01 
2.048780e+01 
2.048780e+01 
2.048780e+01 
2.048780e+01 
2.048780e+01 
2.048780e+01 
2.048780e+01 
2.048780e+01 
2.048780e+01 
2.048780e+01 
2.048780e+01 
2.048780e+01 
2.048780e+01 
2.048780e+01 
2.048780e+01 
2.048780e+01 
2.048780e+01 
2.048780e+01 
2.048780e+01 
2.048780e+01 
2.048780e+01 
2.048780e+01 
2.048780e+01 
2.048780e+01 
2.048780e+01 
2.048780e+01 
2.048780e+01 
2.048780e+01 
2.048780e+01 
2.048780e+01 
2.048780e+01 
2.048780e+01 
2.048780e+01 
2.048780e+01 
2.048780e+01 
2.048780e+01 
2.048780e+01 
2.048780e+01 
2.048780e+01 
2.048780e+01 
2.048780e+01 
2.048780e+01 
2.048780e+01 
2.048780e+01 
2.048780e+01 
2.048780e+01 
2.048780e+01 
2.048780e+01 
2.048780e+01 
2.048780e+01 
2.048780e+01 
2.048780e+01 
2.048780e+01 
2.048780e+01 
2.048780e+01 
2.048780e+01 
2.048780e+01 
2.048780e+01 
2.048780e+01 
2.048780e+01 
2.048780e+01 
2.048780e+01 
2.048780e+01 
2.048780e+01 
2.048780e+01 
2.048780e+01 
2.048780e+01 
2.048780e+01 
2.048780e+01 
2.048780e+01 
2.048780e+01 
2.048780e+01 
2.048780e+01 
2.048780e+01 
2.048780e+01 
2.048780e+01 
2.048780e+01 
2.048780e+01 
2.048780e+01 
2.048780e+01 
2.048780e+01 
2.048780e+01 
2.048780e+01 
2.048780e+01 
2.048780e+01 
2.048780e+01 
2.048780e+01 
2.048780e+01 
2.048780e+01 
2.048780e+01 
2.048780e+01 
2.048780e+01 
2.048780e+01 
2.048780e+01 
2.048780e+01 
2.048780e+01 
2.048780e+01 
2.048780e+01 
2.048780e+01 
2.048780e+01 
2.048780e+01 
2.048780e+01 
2.048780e+01 
2.048780e+01 
2.048780e+01 
2.048780e+01 
2.048780e+01 
2.048780e+01 
2.048780e+01 
2.048780e+01 
2.048780e+01 
2.048780e+01 
2.048780e+01 
2.048780e+01 
2.048780e+01 
2.048780e+01 
2.048780e+01 
2.048780e+01 
2.048780e+01 
2.048780e+01 
2.048780e+01 
2.048780e+01 
2.048780e+01 
2.048780e+01 
2.048780e+01 
2.048780e+01 
2.048780e+01 
2.048780e+01 
2.048780e+01 
2.048780e+01 
2.048780e+01 
2.048780e+01 
2.048780e+01 
2.048780e+01 
2.048780e+01 
2.048780e+01 
2.048780e+01 
2.048780e+01 
2.048780e+01 
2.048780e+01 
2.048780e+01 
2.048780e+01 
2.048780e+01 
2.048780e+01 
2.048780e+01 
2.048780e+01 
2.048780e+01 
2.048780e+01 
2.048780e+01 
2.048780e+01 
2.048780e+01 
2.048780e+01 
2.048780e+01 
2.048780e+01 
2.048780e+01 
2.048780e+01 
2.048780e+01 
2.048780e+01 
2.048780e+01 
2.048780e+01 
2.048780e+01 
2.048780e+01 
2.048780e+01 
2.048780e+01 
2.048780e+01 
2.048780e+01 
2.048780e+01 
2.048780e+01 
2.048780e+01 
2.048780e+01 
2.048780e+01 
2.048780e+01 
2.048780e+01 
2.048780e+01 
2.048780e+01 
2.048780e+01 
2.048780e+01 
2.048780e+01 
2.048780e+01 
2.048780e+01 
2.048780e+01 
2.048780e+01 
2.048780e+01 
2.048780e+01 
2.048780e+01 
2.048780e+01 
2.048780e+01 
2.048780e+01 
2.048780e+01 
2.048780e+01 
2.048780e+01 
2.048780e+01 
2.048780e+01 
2.048780e+01 
2.048780e+01 
2.048780e+01 
2.048780e+01 
2.048780e+01 
2.048780e+01 
2.048780e+01 
2.048780e+01 
2.048780e+01 
2.048780e+01 
2.048780e+01 
2.048780e+01 
2.048780e+01 
2.048780e+01 
2.048780e+01 
2.048780e+01 
2.048780e+01 
2.048780e+01 
2.048780e+01 
2.048780e+01 
2.048780e+01 
2.048780e+01 
2.048780e+01 
2.048780e+01 
2.048780e+01 
2.048780e+01 
2.048780e+01 
2.048780e+01 
2.048780e+01 
2.048780e+01 
2.048780e+01 
2.048780e+01 
2.048780e+01 
2.048780e+01 
2.048780e+01 
2.048780e+01 
2.048780e+01 
2.048780e+01 
2.048780e+01 
2.048780e+01 
2.048780e+01 
2.048780e+01 
2.048780e+01 
2.048780e+01 
2.048780e+01 
2.048780e+01 
2.048780e+01 
2.048780e+01 
2.048780e+01 
2.048780e+01 
2.048780e+01 
2.048780e+01 
2.048780e+01 
2.048780e+01 
2.048780e+01 
2.048780e+01 
2.048780e+01 
2.048780e+01 
2.048780e+01 
2.048780e+01 
2.048780e+01 
2.048780e+01 
2.048780e+01 
2.048780e+01 
2.048780e+01 
2.048780e+01 
2.048780e+01 
2.048780e+01 
2.048780e+01 
2.048780e+01 
2.048780e+01 
2.048780e+01 
2.048780e+01 
2.048780e+01 
2.048780e+01 
2.048780e+01 
2.048780e+01 
2.048780e+01 
2.048780e+01 
2.048780e+01 
2.048780e+01 
2.048780e+01 
2.048780e+01 
2.048780e+01 
2.048780e+01 
2.048780e+01 
2.048780e+01 
2.048780e+01 
2.048780e+01 
2.048780e+01 
2.048780e+01 
2.048780e+01 
2.048780e+01 
2.048780e+01 
2.048780e+01 
2.048780e+01 
2.048780e+01 
2.048780e+01 
2.048780e+01 
2.048780e+01 
2.048780e+01 
2.048780e+01 
2.048780e+01 
2.048780e+01 
2.048780e+01 
2.048780e+01 
2.048780e+01 
2.048780e+01 
2.048780e+01 
2.048780e+01 
2.048780e+01 
2.048780e+01 
2.048780e+01 
2.048780e+01 
2.048780e+01 
2.048780e+01 
2.048780e+01 
2.048780e+01 
2.048780e+01 
2.048780e+01 
2.048780e+01 
2.048780e+01 
2.048780e+01 
2.048780e+01 
2.048780e+01 
2.048780e+01 
2.048780e+01 
2.048780e+01 
2.048780e+01 
2.048780e+01 
2.048780e+01 
2.048780e+01 
2.048780e+01 
2.048780e+01 
2.048780e+01 
2.048780e+01 
2.048780e+01 
2.048780e+01 
2.048780e+01 
2.048780e+01 
2.048780e+01 
2.048780e+01 
2.048780e+01 
2.048780e+01 
2.048780e+01 
2.048780e+01 
2.048780e+01 
2.048780e+01 
2.048780e+01 
2.048780e+01 
2.048780e+01 
2.048780e+01 
2.048780e+01 
2.048780e+01 
2.048780e+01 
2.048780e+01 
2.048780e+01 
2.048780e+01 
2.048780e+01 
2.048780e+01 
2.048780e+01 
2.048780e+01 
2.048780e+01 
2.048780e+01 
2.048780e+01 
2.048780e+01 
2.048780e+01 
2.048780e+01 
2.048780e+01 
2.048780e+01 
2.048780e+01 
2.048780e+01 
2.048780e+01 
2.048780e+01 
2.048780e+01 
2.048780e+01 
2.048780e+01 
2.048780e+01 
2.048780e+01 
2.048780e+01 
2.048780e+01 
2.048780e+01 
2.048780e+01 
2.048780e+01 
2.048780e+01 
2.048780e+01 
2.048780e+01 
2.048780e+01 
2.048780e+01 
2.048780e+01 
2.048780e+01 
2.048780e+01 
2.048780e+01 
2.048780e+01 
2.048780e+01 
2.048780e+01 
2.048780e+01 
2.048780e+01 
2.048780e+01 
2.048780e+01 
2.048780e+01 
2.048780e+01 
2.048780e+01 
2.048780e+01 
2.048780e+01 
2.048780e+01 
2.048780e+01 
2.048780e+01 
2.048780e+01 
2.048780e+01 
2.048780e+01 
2.048780e+01 
2.048780e+01 
2.048780e+01 
2.048780e+01 
2.048780e+01 
2.048780e+01 
2.048780e+01 
2.048780e+01 
2.048780e+01 
2.048780e+01 
2.048780e+01 
2.048780e+01 
2.048780e+01 
2.048780e+01 
2.048780e+01 
2.048780e+01 
2.048780e+01 
2.048780e+01 
2.048780e+01 
2.048780e+01 
2.048780e+01 
2.048780e+01 
2.048780e+01 
2.048780e+01 
2.048780e+01 
2.048780e+01 
2.048780e+01 
2.048780e+01 
2.048780e+01 
2.048780e+01 
2.048780e+01 
2.048780e+01 
2.048780e+01 
2.048780e+01 
2.048780e+01 
2.048780e+01 
2.048780e+01 
2.048780e+01 
2.048780e+01 
2.048780e+01 
2.048780e+01 
2.048780e+01 
2.048780e+01 
2.048780e+01 
2.048780e+01 
2.048780e+01 
2.048780e+01 
2.048780e+01 
2.048780e+01 
2.048780e+01 
2.048780e+01 
2.048780e+01 
2.048780e+01 
2.048780e+01 
2.048780e+01 
2.048780e+01 
2.048780e+01 
2.048780e+01 
2.048780e+01 
2.048780e+01 
2.048780e+01 
2.048780e+01 
2.048780e+01 
2.048780e+01 
2.048780e+01 
2.048780e+01 
2.048780e+01 
2.048780e+01 
2.048780e+01 
2.048780e+01 
2.048780e+01 
2.048780e+01 
2.048780e+01 
2.048780e+01 
2.048780e+01 
2.048780e+01 
2.048780e+01 
2.048780e+01 
2.048780e+01 
2.048780e+01 
2.048780e+01 
2.048780e+01 
2.048780e+01 
2.048780e+01 
2.048780e+01 
2.048780e+01 
2.048780e+01 
2.048780e+01 
2.048780e+01 
2.048780e+01 
2.048780e+01 
2.048780e+01 
2.048780e+01 
2.048780e+01 
2.048780e+01 
2.048780e+01 
2.048780e+01 
2.048780e+01 
2.048780e+01 
2.048780e+01 
2.048780e+01 
2.048780e+01 
2.048780e+01 
2.048780e+01 
2.048780e+01 
2.048780e+01 
2.048780e+01 
2.048780e+01 
2.048780e+01 
2.048780e+01 
2.048780e+01 
2.048780e+01 
2.048780e+01 
2.048780e+01 
2.048780e+01 
2.048780e+01 
2.048780e+01 
2.048780e+01 
2.048780e+01 
2.048780e+01 
2.048780e+01 
2.048780e+01 
2.048780e+01 
2.048780e+01 
2.048780e+01 
2.048780e+01 
2.048780e+01 
2.048780e+01 
2.048780e+01 
2.048780e+01 
2.048780e+01 
2.048780e+01 
2.048780e+01 
2.048780e+01 
2.048780e+01 
2.048780e+01 
2.048780e+01 
2.048780e+01 
2.048780e+01 
2.048780e+01 
2.048780e+01 
2.048780e+01 
2.048780e+01 
2.048780e+01 
2.048780e+01 
2.048780e+01 
2.048780e+01 
2.048780e+01 
2.048780e+01 
2.048780e+01 
2.048780e+01 
2.048780e+01 
2.048780e+01 
2.048780e+01 
2.048780e+01 
2.048780e+01 
2.048780e+01 
2.048780e+01 
2.048780e+01 
2.048780e+01 
2.048780e+01 
2.048780e+01 
2.048780e+01 
2.048780e+01 
2.048780e+01 
2.048780e+01 
2.048780e+01 
2.048780e+01 
2.048780e+01 
2.048780e+01 
2.048780e+01 
2.048780e+01 
2.048780e+01 
2.048780e+01 
2.048780e+01 
2.048780e+01 
2.048780e+01 
2.048780e+01 
2.048780e+01 
2.048780e+01 
2.048780e+01 
2.048780e+01 
2.048780e+01 
2.048780e+01 
2.048780e+01 
2.048780e+01 
2.048780e+01 
2.048780e+01 
2.048780e+01 
2.048780e+01 
2.048780e+01 
2.048780e+01 
2.048780e+01 
2.048780e+01 
2.048780e+01 
2.048780e+01 
2.048780e+01 
2.048780e+01 
2.048780e+01 
2.048780e+01 
2.048780e+01 
2.048780e+01 
2.048780e+01 
2.048780e+01 
2.048780e+01 
2.048780e+01 
2.048780e+01 
2.048780e+01 
2.048780e+01 
2.048780e+01 
2.048780e+01 
2.048780e+01 
2.048780e+01 
2.048780e+01 
2.048780e+01 
2.048780e+01 
2.048780e+01 
2.048780e+01 
2.048780e+01 
2.048780e+01 
2.048780e+01 
2.048780e+01 
2.048780e+01 
2.048780e+01 
2.048780e+01 
2.048780e+01 
2.048780e+01 
2.048780e+01 
2.048780e+01 
2.048780e+01 
2.048780e+01 
2.048780e+01 
2.048780e+01 
2.048780e+01 
2.048780e+01 
2.048780e+01 
2.048780e+01 
2.048780e+01 
2.048780e+01 
2.048780e+01 
2.048780e+01 
2.048780e+01 
2.048780e+01 
2.048780e+01 
2.048780e+01 
2.048780e+01 
2.048780e+01 
2.048780e+01 
2.048780e+01 
2.048780e+01 
2.048780e+01 
2.048780e+01 
2.048780e+01 
2.048780e+01 
2.048780e+01 
2.048780e+01 
2.048780e+01 
2.048780e+01 
2.048780e+01 
2.048780e+01 
2.048780e+01 
2.048780e+01 
2.048780e+01 
2.048780e+01 
2.048780e+01 
2.048780e+01 
2.048780e+01 
2.048780e+01 
2.048780e+01 
2.048780e+01 
2.048780e+01 
2.048780e+01 
2.048780e+01 
2.048780e+01 
2.048780e+01 
2.048780e+01 
2.048780e+01 
2.048780e+01 
2.048780e+01 
2.048780e+01 
2.048780e+01 
2.048780e+01 
2.048780e+01 
2.048780e+01 
2.048780e+01 
2.048780e+01 
2.048780e+01 
2.048780e+01 
2.048780e+01 
2.048780e+01 
2.048780e+01 
2.048780e+01 
2.048780e+01 
2.048780e+01 
2.048780e+01 
2.048780e+01 
2.048780e+01 
2.048780e+01 
2.048780e+01 
2.048780e+01 
2.048780e+01 
2.048780e+01 
2.048780e+01 
2.048780e+01 
2.048780e+01 
2.048780e+01 
2.048780e+01 
2.048780e+01 
2.048780e+01 
2.048780e+01 
2.048780e+01 
2.048780e+01 
2.048780e+01 
2.048780e+01 
2.048780e+01 
2.048780e+01 
2.048780e+01 
2.048780e+01 
2.048780e+01 
2.048780e+01 
2.048780e+01 
2.048780e+01 
2.048780e+01 
2.048780e+01 
2.048780e+01 
2.048780e+01 
2.048780e+01 
2.048780e+01 
2.048780e+01 
2.048780e+01 
2.048780e+01 
2.048780e+01 
2.048780e+01 
2.048780e+01 
2.048780e+01 
2.048780e+01 
2.048780e+01 
2.048780e+01 
2.048780e+01 
2.048780e+01 
2.048780e+01 
2.048780e+01 
2.048780e+01 
2.048780e+01 
2.048780e+01 
2.048780e+01 
2.048780e+01 
2.048780e+01 
2.048780e+01 
2.048780e+01 
2.048780e+01 
2.048780e+01 
2.048780e+01 
2.048780e+01 
2.048780e+01 
2.048780e+01 
2.048780e+01 
2.048780e+01 
2.048780e+01 
2.048780e+01 
2.048780e+01 
2.048780e+01 
2.048780e+01 
2.048780e+01 
2.048780e+01 
2.048780e+01 
2.048780e+01 
2.048780e+01 
2.048780e+01 
2.048780e+01 
2.048780e+01 
2.048780e+01 
2.048780e+01 
2.048780e+01 
2.048780e+01 
2.048780e+01 
2.048780e+01 
2.048780e+01 
2.048780e+01 
2.048780e+01 
2.048780e+01 
2.048780e+01 
2.048780e+01 
2.048780e+01 
2.048780e+01 
2.048780e+01 
2.048780e+01 
2.048780e+01 
2.048780e+01 
2.048780e+01 
2.048780e+01 
2.048780e+01 
2.048780e+01 
2.048780e+01 
2.048780e+01 
2.048780e+01 
2.048780e+01 
2.048780e+01 
2.048780e+01 
2.048780e+01 
2.048780e+01 
2.048780e+01 
2.048780e+01 
2.048780e+01 
2.048780e+01 
2.048780e+01 
2.048780e+01 
2.048780e+01 
2.048780e+01 
2.048780e+01 
2.048780e+01 
2.048780e+01 
2.048780e+01 
2.048780e+01 
2.048780e+01 
2.048780e+01 
2.048780e+01 
2.048780e+01 
2.048780e+01 
2.048780e+01 
2.048780e+01 
2.048780e+01 
2.048780e+01 
2.048780e+01 
2.048780e+01 
2.048780e+01 
2.048780e+01 
2.048780e+01 
2.048780e+01 
2.048780e+01 
2.048780e+01 
2.048780e+01 
2.048780e+01 
2.048780e+01 
2.048780e+01 
2.048780e+01 
2.048780e+01 
2.048780e+01 
2.048780e+01 
2.048780e+01 
2.048780e+01 
2.048780e+01 
2.048780e+01 
2.048780e+01 
2.048780e+01 
2.048780e+01 
2.048780e+01 
2.048780e+01 
2.048780e+01 
2.048780e+01 
2.048780e+01 
2.048780e+01 
2.048780e+01 
2.048780e+01 
2.048780e+01 
2.048780e+01 
2.048780e+01 
2.048780e+01 
2.048780e+01 
2.048780e+01 
2.048780e+01 
2.048780e+01 
2.048780e+01 
2.048780e+01 
2.048780e+01 
2.048780e+01 
2.048780e+01 
2.048780e+01 
2.048780e+01 
2.048780e+01 
2.048780e+01 
2.048780e+01 
2.048780e+01 
2.048780e+01 
2.048780e+01 
2.048780e+01 
2.048780e+01 
2.048780e+01 
2.048780e+01 
2.048780e+01 
2.048780e+01 
2.048780e+01 
2.048780e+01 
2.048780e+01 
2.048780e+01 
2.048780e+01 
2.048780e+01 
2.048780e+01 
2.048780e+01 
2.048780e+01 
2.048780e+01 
2.048780e+01 
2.048780e+01 
2.048780e+01 
2.048780e+01 
2.048780e+01 
2.048780e+01 
2.048780e+01 
2.048780e+01 
2.048780e+01 
2.048780e+01 
2.048780e+01 
2.048780e+01 
2.048780e+01 
2.048780e+01 
2.048780e+01 
2.048780e+01 
2.048780e+01 
2.048780e+01 
2.048780e+01 
2.048780e+01 
2.048780e+01 
2.048780e+01 
2.048780e+01 
2.048780e+01 
2.048780e+01 
2.048780e+01 
2.048780e+01 
2.048780e+01 
2.048780e+01 
2.048780e+01 
2.048780e+01 
2.048780e+01 
2.048780e+01 
2.048780e+01 
2.048780e+01 
2.048780e+01 
2.048780e+01 
2.048780e+01 
2.048780e+01 
2.048780e+01 
2.048780e+01 
2.048780e+01 
2.048780e+01 
2.048780e+01 
2.048780e+01 
2.048780e+01 
2.048780e+01 
2.048780e+01 
2.048780e+01 
2.048780e+01 
2.048780e+01 
2.048780e+01 
2.048780e+01 
2.048780e+01 
2.048780e+01 
2.048780e+01 
2.048780e+01 
2.048780e+01 
2.048780e+01 
2.048780e+01 
2.048780e+01 
2.048780e+01 
2.048780e+01 
2.048780e+01 
2.048780e+01 
2.048780e+01 
2.048780e+01 
2.048780e+01 
2.048780e+01 
2.048780e+01 
2.048780e+01 
2.048780e+01 
2.048780e+01 
2.048780e+01 
2.048780e+01 
2.048780e+01 
2.048780e+01 
2.048780e+01 
2.048780e+01 
2.048780e+01 
2.048780e+01 
2.048780e+01 
2.048780e+01 
2.048780e+01 
2.048780e+01 
2.048780e+01 
2.048780e+01 
2.048780e+01 
2.048780e+01 
2.048780e+01 
2.048780e+01 
2.048780e+01 
2.048780e+01 
2.048780e+01 
2.048780e+01 
2.048780e+01 
2.048780e+01 
2.048780e+01 
2.048780e+01 
2.048780e+01 
2.048780e+01 
2.048780e+01 
2.048780e+01 
2.048780e+01 
2.048780e+01 
2.048780e+01 
2.048780e+01 
2.048780e+01 
2.048780e+01 
2.048780e+01 
2.048780e+01 
2.048780e+01 
2.048780e+01 
2.048780e+01 
2.048780e+01 
2.048780e+01 
2.048780e+01 
2.048780e+01 
2.048780e+01 
2.048780e+01 
2.048780e+01 
2.048780e+01 
2.048780e+01 
2.048780e+01 
2.048780e+01 
2.048780e+01 
2.048780e+01 
2.048780e+01 
2.048780e+01 
2.048780e+01 
2.048780e+01 
2.048780e+01 
2.048780e+01 
2.048780e+01 
2.048780e+01 
2.048780e+01 
2.048780e+01 
2.048780e+01 
2.048780e+01 
2.048780e+01 
2.048780e+01 
2.048780e+01 
2.048780e+01 
2.048780e+01 
2.048780e+01 
2.048780e+01 
2.048780e+01 
2.048780e+01 
2.048780e+01 
2.048780e+01 
2.048780e+01 
2.048780e+01 
2.048780e+01 
2.048780e+01 
2.048780e+01 
2.048780e+01 
2.048780e+01 
2.048780e+01 
2.048780e+01 
2.048780e+01 
2.048780e+01 
2.048780e+01 
2.048780e+01 
2.048780e+01 
2.048780e+01 
2.048780e+01 
2.048780e+01 
2.048780e+01 
2.048780e+01 
2.048780e+01 
2.048780e+01 
2.048780e+01 
2.048780e+01 
2.048780e+01 
2.048780e+01 
2.048780e+01 
2.048780e+01 
2.048780e+01 
2.048780e+01 
2.048780e+01 
2.048780e+01 
2.048780e+01 
2.048780e+01 
2.048780e+01 
2.048780e+01 
2.048780e+01 
2.048780e+01 
2.048780e+01 
2.048780e+01 
2.048780e+01 
2.048780e+01 
2.048780e+01 
2.048780e+01 
2.048780e+01 
2.048780e+01 
2.048780e+01 
2.048780e+01 
2.048780e+01 
2.048780e+01 
2.048780e+01 
2.048780e+01 
2.048780e+01 
2.048780e+01 
2.048780e+01 
2.048780e+01 
2.048780e+01 
2.048780e+01 
2.048780e+01 
2.048780e+01 
2.048780e+01 
2.048780e+01 
2.048780e+01 
2.048780e+01 
2.048780e+01 
2.048780e+01 
2.048780e+01 
2.048780e+01 
2.048780e+01 
2.048780e+01 
2.048780e+01 
2.048780e+01 
2.048780e+01 
2.048780e+01 
2.048780e+01 
2.048780e+01 
2.048780e+01 
2.048780e+01 
2.048780e+01 
2.048780e+01 
2.048780e+01 
2.048780e+01 
2.048780e+01 
2.048780e+01 
2.048780e+01 
2.048780e+01 
2.048780e+01 
2.048780e+01 
2.048780e+01 
2.048780e+01 
2.048780e+01 
2.048780e+01 
2.048780e+01 
2.048780e+01 
2.048780e+01 
2.048780e+01 
2.048780e+01 
2.048780e+01 
2.048780e+01 
2.048780e+01 
2.048780e+01 
2.048780e+01 
2.048780e+01 
2.048780e+01 
2.048780e+01 
2.048780e+01 
2.048780e+01 
2.048780e+01 
2.048780e+01 
2.048780e+01 
2.048780e+01 
2.048780e+01 
2.048780e+01 
2.048780e+01 
2.048780e+01 
2.048780e+01 
2.048780e+01 
2.048780e+01 
2.048780e+01 
2.048780e+01 
2.048780e+01 
2.048780e+01 
2.048780e+01 
2.048780e+01 
2.048780e+01 
2.048780e+01 
2.048780e+01 
2.048780e+01 
2.048780e+01 
2.048780e+01 
2.048780e+01 
2.048780e+01 
2.048780e+01 
2.048780e+01 
2.048780e+01 
2.048780e+01 
2.048780e+01 
2.048780e+01 
2.048780e+01 
2.048780e+01 
2.048780e+01 
2.048780e+01 
2.048780e+01 
2.048780e+01 
2.048780e+01 
2.048780e+01 
2.048780e+01 
2.048780e+01 
2.048780e+01 
2.048780e+01 
2.048780e+01 
2.048780e+01 
2.048780e+01 
2.048780e+01 
2.048780e+01 
2.048780e+01 
2.048780e+01 
2.048780e+01 
2.048780e+01 
2.048780e+01 
2.048780e+01 
2.048780e+01 
2.048780e+01 
2.048780e+01 
2.048780e+01 
2.048780e+01 
2.048780e+01 
2.048780e+01 
2.048780e+01 
2.048780e+01 
2.048780e+01 
2.048780e+01 
2.048780e+01 
2.048780e+01 
2.048780e+01 
2.048780e+01 
2.048780e+01 
2.048780e+01 
2.048780e+01 
2.048780e+01 
2.048780e+01 
2.048780e+01 
2.048780e+01 
2.048780e+01 
2.048780e+01 
2.048780e+01 
2.048780e+01 
2.048780e+01 
2.048780e+01 
2.048780e+01 
2.048780e+01 
2.048780e+01 
2.048780e+01 
2.048780e+01 
2.048780e+01 
2.048780e+01 
2.048780e+01 
2.048780e+01 
2.048780e+01 
2.048780e+01 
2.048780e+01 
2.048780e+01 
2.048780e+01 
2.048780e+01 
2.048780e+01 
2.048780e+01 
2.048780e+01 
2.048780e+01 
2.048780e+01 
2.048780e+01 
2.048780e+01 
2.048780e+01 
2.048780e+01 
2.048780e+01 
2.048780e+01 
2.048780e+01 
2.048780e+01 
2.048780e+01 
2.048780e+01 
2.048780e+01 
2.048780e+01 
2.048780e+01 
2.048780e+01 
2.048780e+01 
2.048780e+01 
2.048780e+01 
2.048780e+01 
2.048780e+01 
2.048780e+01 
2.048780e+01 
2.048780e+01 
2.048780e+01 
2.048780e+01 
2.048780e+01 
2.048780e+01 
2.048780e+01 
2.048780e+01 
2.048780e+01 
2.048780e+01 
2.048780e+01 
2.048780e+01 
2.048780e+01 
2.048780e+01 
2.048780e+01 
2.048780e+01 
2.048780e+01 
2.048780e+01 
2.048780e+01 
2.048780e+01 
2.048780e+01 
2.048780e+01 
2.048780e+01 
2.048780e+01 
2.048780e+01 
2.048780e+01 
2.048780e+01 
2.048780e+01 
2.048780e+01 
2.048780e+01 
2.048780e+01 
2.048780e+01 
2.048780e+01 
2.048780e+01 
2.048780e+01 
2.048780e+01 
2.048780e+01 
2.048780e+01 
2.048780e+01 
2.048780e+01 
2.048780e+01 
2.048780e+01 
2.048780e+01 
2.048780e+01 
2.048780e+01 
2.048780e+01 
2.048780e+01 
2.048780e+01 
2.048780e+01 
2.048780e+01 
2.048780e+01 
2.048780e+01 
2.048780e+01 
2.048780e+01 
2.048780e+01 
2.048780e+01 
2.048780e+01 
2.048780e+01 
2.048780e+01 
2.048780e+01 
2.048780e+01 
2.048780e+01 
2.048780e+01 
2.048780e+01 
2.048780e+01 
2.048780e+01 
2.048780e+01 
2.048780e+01 
2.048780e+01 
2.048780e+01 
2.048780e+01 
2.048780e+01 
2.048780e+01 
2.048780e+01 
2.048780e+01 
2.048780e+01 
2.048780e+01 
2.048780e+01 
2.048780e+01 
2.048780e+01 
2.048780e+01 
2.048780e+01 
2.048780e+01 
2.048780e+01 
2.048780e+01 
2.048780e+01 
2.048780e+01 
2.048780e+01 
2.048780e+01 
2.048780e+01 
2.048780e+01 
2.048780e+01 
2.048780e+01 
2.048780e+01 
2.048780e+01 
2.048780e+01 
2.048780e+01 
2.048780e+01 
2.048780e+01 
2.048780e+01 
2.048780e+01 
2.048780e+01 
2.048780e+01 
2.048780e+01 
2.048780e+01 
2.048780e+01 
2.048780e+01 
2.048780e+01 
2.048780e+01 
2.048780e+01 
2.048780e+01 
2.048780e+01 
2.048780e+01 
2.048780e+01 
2.048780e+01 
2.048780e+01 
2.048780e+01 
2.048780e+01 
2.048780e+01 
2.048780e+01 
2.048780e+01 
2.048780e+01 
2.048780e+01 
2.048780e+01 
2.048780e+01 
2.048780e+01 
2.048780e+01 
2.048780e+01 
2.048780e+01 
2.048780e+01 
2.048780e+01 
2.048780e+01 
2.048780e+01 
2.048780e+01 
2.048780e+01 
2.048780e+01 
2.048780e+01 
2.048780e+01 
2.048780e+01 
2.048780e+01 
2.048780e+01 
2.048780e+01 
2.048780e+01 
2.048780e+01 
2.048780e+01 
2.048780e+01 
2.048780e+01 
2.048780e+01 
2.048780e+01 
2.048780e+01 
2.048780e+01 
2.048780e+01 
2.048780e+01 
2.048780e+01 
2.048780e+01 
2.048780e+01 
2.048780e+01 
2.048780e+01 
2.048780e+01 
2.048780e+01 
2.048780e+01 
2.048780e+01 
2.048780e+01 
2.048780e+01 
2.048780e+01 
2.048780e+01 
2.048780e+01 
2.048780e+01 
2.048780e+01 
2.048780e+01 
2.048780e+01 
2.048780e+01 
2.048780e+01 
2.048780e+01 
2.048780e+01 
2.048780e+01 
2.048780e+01 
2.048780e+01 
2.048780e+01 
2.048780e+01 
2.048780e+01 
2.048780e+01 
2.048780e+01 
2.048780e+01 
2.048780e+01 
2.048780e+01 
2.048780e+01 
2.048780e+01 
2.048780e+01 
2.048780e+01 
2.048780e+01 
2.048780e+01 
2.048780e+01 
2.048780e+01 
2.048780e+01 
2.048780e+01 
2.048780e+01 
2.048780e+01 
2.048780e+01 
2.048780e+01 
2.048780e+01 
2.048780e+01 
2.048780e+01 
2.048780e+01 
2.048780e+01 
2.048780e+01 
2.048780e+01 
2.048780e+01 
2.048780e+01 
2.048780e+01 
2.048780e+01 
2.048780e+01 
2.048780e+01 
2.048780e+01 
2.048780e+01 
2.048780e+01 
2.048780e+01 
2.048780e+01 
2.048780e+01 
2.048780e+01 
2.048780e+01 
2.048780e+01 
2.048780e+01 
2.048780e+01 
2.048780e+01 
2.048780e+01 
2.048780e+01 
2.048780e+01 
2.048780e+01 
2.048780e+01 
2.048780e+01 
2.048780e+01 
2.048780e+01 
2.048780e+01 
2.048780e+01 
2.048780e+01 
2.048780e+01 
2.048780e+01 
2.048780e+01 
2.048780e+01 
2.048780e+01 
2.048780e+01 
2.048780e+01 
2.048780e+01 
2.048780e+01 
2.048780e+01 
2.048780e+01 
2.048780e+01 
2.048780e+01 
2.048780e+01 
2.048780e+01 
2.048780e+01 
2.048780e+01 
2.048780e+01 
2.048780e+01 
2.048780e+01 
2.048780e+01 
2.048780e+01 
2.048780e+01 
2.048780e+01 
2.048780e+01 
2.048780e+01 
2.048780e+01 
2.048780e+01 
2.048780e+01 
2.048780e+01 
2.048780e+01 
2.048780e+01 
2.048780e+01 
2.048780e+01 
2.048780e+01 
2.048780e+01 
2.048780e+01 
2.048780e+01 
2.048780e+01 
2.048780e+01 
2.048780e+01 
2.048780e+01 
2.048780e+01 
2.048780e+01 
2.048780e+01 
2.048780e+01 
2.048780e+01 
2.048780e+01 
2.048780e+01 
2.048780e+01 
2.048780e+01 
2.048780e+01 
2.048780e+01 
2.048780e+01 
2.048780e+01 
2.048780e+01 
2.048780e+01 
2.048780e+01 
2.048780e+01 
2.048780e+01 
2.048780e+01 
2.048780e+01 
2.048780e+01 
2.048780e+01 
2.048780e+01 
2.048780e+01 
2.048780e+01 
2.048780e+01 
2.048780e+01 
2.048780e+01 
2.048780e+01 
2.048780e+01 
2.048780e+01 
2.048780e+01 
2.048780e+01 
2.048780e+01 
2.048780e+01 
2.048780e+01 
2.048780e+01 
2.048780e+01 
2.048780e+01 
2.048780e+01 
2.048780e+01 
2.048780e+01 
2.048780e+01 
2.048780e+01 
2.048780e+01 
2.048780e+01 
2.048780e+01 
2.048780e+01 
2.048780e+01 
2.048780e+01 
2.048780e+01 
2.048780e+01 
2.048780e+01 
2.048780e+01 
2.048780e+01 
2.048780e+01 
2.048780e+01 
2.048780e+01 
2.048780e+01 
2.048780e+01 
2.048780e+01 
2.048780e+01 
2.048780e+01 
2.048780e+01 
2.048780e+01 
2.048780e+01 
2.048780e+01 
2.048780e+01 
2.048780e+01 
2.048780e+01 
2.048780e+01 
2.048780e+01 
2.048780e+01 
2.048780e+01 
2.048780e+01 
2.048780e+01 
2.048780e+01 
2.048780e+01 
2.048780e+01 
2.048780e+01 
2.048780e+01 
2.048780e+01 
2.048780e+01 
2.048780e+01 
2.048780e+01 
2.048780e+01 
2.048780e+01 
2.048780e+01 
2.048780e+01 
2.048780e+01 
2.048780e+01 
2.048780e+01 
2.048780e+01 
2.048780e+01 
2.048780e+01 
2.048780e+01 
2.048780e+01 
2.048780e+01 
2.048780e+01 
2.048780e+01 
2.048780e+01 
2.048780e+01 
2.048780e+01 
2.048780e+01 
2.048780e+01 
2.048780e+01 
2.048780e+01 
2.048780e+01 
2.048780e+01 
2.048780e+01 
2.048780e+01 
2.048780e+01 
2.048780e+01 
2.048780e+01 
2.048780e+01 
2.048780e+01 
2.048780e+01 
2.048780e+01 
2.048780e+01 
2.048780e+01 
2.048780e+01 
2.048780e+01 
2.048780e+01 
2.048780e+01 
2.048780e+01 
2.048780e+01 
2.048780e+01 
2.048780e+01 
2.048780e+01 
2.048780e+01 
2.048780e+01 
2.048780e+01 
2.048780e+01 
2.048780e+01 
2.048780e+01 
2.048780e+01 
2.048780e+01 
2.048780e+01 
2.048780e+01 
2.048780e+01 
2.048780e+01 
2.048780e+01 
2.048780e+01 
2.048780e+01 
2.048780e+01 
2.048780e+01 
2.048780e+01 
2.048780e+01 
2.048780e+01 
2.048780e+01 
2.048780e+01 
2.048780e+01 
2.048780e+01 
2.048780e+01 
2.048780e+01 
2.048780e+01 
2.048780e+01 
2.048780e+01 
2.048780e+01 
2.048780e+01 
2.048780e+01 
2.048780e+01 
2.048780e+01 
2.048780e+01 
2.048780e+01 
2.048780e+01 
2.048780e+01 
2.048780e+01 
2.048780e+01 
2.048780e+01 
2.048780e+01 
2.048780e+01 
2.048780e+01 
2.048780e+01 
2.048780e+01 
2.048780e+01 
2.048780e+01 
2.048780e+01 
2.048780e+01 
2.048780e+01 
2.048780e+01 
2.048780e+01 
2.048780e+01 
2.048780e+01 
2.048780e+01 
2.048780e+01 
2.048780e+01 
2.048780e+01 
2.048780e+01 
2.048780e+01 
2.048780e+01 
2.048780e+01 
2.048780e+01 
2.048780e+01 
2.048780e+01 
2.048780e+01 
2.048780e+01 
2.048780e+01 
2.048780e+01 
2.048780e+01 
2.048780e+01 
2.048780e+01 
2.048780e+01 
2.048780e+01 
2.048780e+01 
2.048780e+01 
2.048780e+01 
2.048780e+01 
2.048780e+01 
2.048780e+01 
2.048780e+01 
2.048780e+01 
2.048780e+01 
2.048780e+01 
2.048780e+01 
2.048780e+01 
2.048780e+01 
2.048780e+01 
2.048780e+01 
2.048780e+01 
2.048780e+01 
2.048780e+01 
2.048780e+01 
2.048780e+01 
2.048780e+01 
2.048780e+01 
2.048780e+01 
2.048780e+01 
2.048780e+01 
2.048780e+01 
2.048780e+01 
2.048780e+01 
2.048780e+01 
2.048780e+01 
2.048780e+01 
2.048780e+01 
2.048780e+01 
2.048780e+01 
2.048780e+01 
2.048780e+01 
2.048780e+01 
2.048780e+01 
2.048780e+01 
2.048780e+01 
2.048780e+01 
2.048780e+01 
2.048780e+01 
2.048780e+01 
2.048780e+01 
2.048780e+01 
2.048780e+01 
2.048780e+01 
2.048780e+01 
2.048780e+01 
2.048780e+01 
2.048780e+01 
2.048780e+01 
2.048780e+01 
2.048780e+01 
2.048780e+01 
2.048780e+01 
2.048780e+01 
2.048780e+01 
2.048780e+01 
2.048780e+01 
2.048780e+01 
2.048780e+01 
2.048780e+01 
2.048780e+01 
2.048780e+01 
2.048780e+01 
2.048780e+01 
2.048780e+01 
2.048780e+01 
2.048780e+01 
2.048780e+01 
2.048780e+01 
2.048780e+01 
2.048780e+01 
2.048780e+01 
2.048780e+01 
2.048780e+01 
2.048780e+01 
2.048780e+01 
2.048780e+01 
2.048780e+01 
2.048780e+01 
2.048780e+01 
2.048780e+01 
2.048780e+01 
2.048780e+01 
2.048780e+01 
2.048780e+01 
2.048780e+01 
2.048780e+01 
2.048780e+01 
2.048780e+01 
2.048780e+01 
2.048780e+01 
2.048780e+01 
2.048780e+01 
2.048780e+01 
2.048780e+01 
2.048780e+01 
2.048780e+01 
2.048780e+01 
2.048780e+01 
2.048780e+01 
2.048780e+01 
2.048780e+01 
2.048780e+01 
2.048780e+01 
2.048780e+01 
2.048780e+01 
2.048780e+01 
2.048780e+01 
2.048780e+01 
2.048780e+01 
2.048780e+01 
2.048780e+01 
2.048780e+01 
2.048780e+01 
2.048780e+01 
2.048780e+01 
2.048780e+01 
2.048780e+01 
2.048780e+01 
2.048780e+01 
2.048780e+01 
2.048780e+01 
2.048780e+01 
2.048780e+01 
2.048780e+01 
2.048780e+01 
2.048780e+01 
2.048780e+01 
2.048780e+01 
2.048780e+01 
2.048780e+01 
2.048780e+01 
2.048780e+01 
2.048780e+01 
2.048780e+01 
2.048780e+01 
2.048780e+01 
2.048780e+01 
2.048780e+01 
2.048780e+01 
2.048780e+01 
2.048780e+01 
2.048780e+01 
2.048780e+01 
2.048780e+01 
2.048780e+01 
2.048780e+01 
2.048780e+01 
2.048780e+01 
2.048780e+01 
2.048780e+01 
2.048780e+01 
2.048780e+01 
2.048780e+01 
2.048780e+01 
2.048780e+01 
2.048780e+01 
2.048780e+01 
2.048780e+01 
2.048780e+01 
2.048780e+01 
2.048780e+01 
2.048780e+01 
2.048780e+01 
2.048780e+01 
2.048780e+01 
2.048780e+01 
2.048780e+01 
2.048780e+01 
2.048780e+01 
2.048780e+01 
2.048780e+01 
2.048780e+01 
2.048780e+01 
2.048780e+01 
2.048780e+01 
2.048780e+01 
2.048780e+01 
2.048780e+01 
2.048780e+01 
2.048780e+01 
2.048780e+01 
2.048780e+01 
2.048780e+01 
2.048780e+01 
2.048780e+01 
2.048780e+01 
2.048780e+01 
2.048780e+01 
2.048780e+01 
2.048780e+01 
2.048780e+01 
2.048780e+01 
2.048780e+01 
2.048780e+01 
2.048780e+01 
2.048780e+01 
2.048780e+01 
2.048780e+01 
2.048780e+01 
2.048780e+01 
2.048780e+01 
2.048780e+01 
2.048780e+01 
2.048780e+01 
2.048780e+01 
2.048780e+01 
2.048780e+01 
2.048780e+01 
2.048780e+01 
2.048780e+01 
2.048780e+01 
2.048780e+01 
2.048780e+01 
2.048780e+01 
2.048780e+01 
2.048780e+01 
2.048780e+01 
2.048780e+01 
2.048780e+01 
2.048780e+01 
2.048780e+01 
2.048780e+01 
2.048780e+01 
2.048780e+01 
2.048780e+01 
2.048780e+01 
2.048780e+01 
2.048780e+01 
2.048780e+01 
2.048780e+01 
2.048780e+01 
2.048780e+01 
2.048780e+01 
2.048780e+01 
2.048780e+01 
2.048780e+01 
2.048780e+01 
2.048780e+01 
2.048780e+01 
2.048780e+01 
2.048780e+01 
2.048780e+01 
2.048780e+01 
2.048780e+01 
2.048780e+01 
2.048780e+01 
2.048780e+01 
2.048780e+01 
2.048780e+01 
2.048780e+01 
2.048780e+01 
2.048780e+01 
2.048780e+01 
2.048780e+01 
2.048780e+01 
2.048780e+01 
2.048780e+01 
2.048780e+01 
2.048780e+01 
2.048780e+01 
2.048780e+01 
2.048780e+01 
2.048780e+01 
2.048780e+01 
2.048780e+01 
2.048780e+01 
2.048780e+01 
2.048780e+01 
2.048780e+01 
2.048780e+01 
2.048780e+01 
2.048780e+01 
2.048780e+01 
2.048780e+01 
2.048780e+01 
2.048780e+01 
2.048780e+01 
2.048780e+01 
2.048780e+01 
2.048780e+01 
2.048780e+01 
2.048780e+01 
2.048780e+01 
2.048780e+01 
2.048780e+01 
2.048780e+01 
2.048780e+01 
2.048780e+01 
2.048780e+01 
2.048780e+01 
2.048780e+01 
2.048780e+01 
2.048780e+01 
2.048780e+01 
2.048780e+01 
2.048780e+01 
2.048780e+01 
2.048780e+01 
2.048780e+01 
2.048780e+01 
2.048780e+01 
2.048780e+01 
2.048780e+01 
2.048780e+01 
2.048780e+01 
2.048780e+01 
2.048780e+01 
2.048780e+01 
2.048780e+01 
2.048780e+01 
2.048780e+01 
2.048780e+01 
2.048780e+01 
2.048780e+01 
2.048780e+01 
2.048780e+01 
2.048780e+01 
2.048780e+01 
2.048780e+01 
2.048780e+01 
2.048780e+01 
2.048780e+01 
2.048780e+01 
2.048780e+01 
2.048780e+01 
2.048780e+01 
2.048780e+01 
2.048780e+01 
2.048780e+01 
2.048780e+01 
2.048780e+01 
2.048780e+01 
2.048780e+01 
2.048780e+01 
2.048780e+01 
2.048780e+01 
2.048780e+01 
2.048780e+01 
2.048780e+01 
2.048780e+01 
2.048780e+01 
2.048780e+01 
2.048780e+01 
2.048780e+01 
2.048780e+01 
2.048780e+01 
2.048780e+01 
2.048780e+01 
2.048780e+01 
2.048780e+01 
2.048780e+01 
2.048780e+01 
2.048780e+01 
2.048780e+01 
2.048780e+01 
2.048780e+01 
2.048780e+01 
2.048780e+01 
2.048780e+01 
2.048780e+01 
2.048780e+01 
2.048780e+01 
2.048780e+01 
2.048780e+01 
2.048780e+01 
2.048780e+01 
2.048780e+01 
2.048780e+01 
2.048780e+01 
2.048780e+01 
2.048780e+01 
2.048780e+01 
2.048780e+01 
2.048780e+01 
2.048780e+01 
2.048780e+01 
2.048780e+01 
2.048780e+01 
2.048780e+01 
2.048780e+01 
2.048780e+01 
2.048780e+01 
2.048780e+01 
2.048780e+01 
2.048780e+01 
2.048780e+01 
2.048780e+01 
2.048780e+01 
2.048780e+01 
2.048780e+01 
2.048780e+01 
2.048780e+01 
2.048780e+01 
2.048780e+01 
2.048780e+01 
2.048780e+01 
2.048780e+01 
2.048780e+01 
2.048780e+01 
2.048780e+01 
2.048780e+01 
2.048780e+01 
2.048780e+01 
2.048780e+01 
2.048780e+01 
2.048780e+01 
2.048780e+01 
2.048780e+01 
2.048780e+01 
2.048780e+01 
2.048780e+01 
2.048780e+01 
2.048780e+01 
2.048780e+01 
2.048780e+01 
2.048780e+01 
2.048780e+01 
2.048780e+01 
2.048780e+01 
2.048780e+01 
2.048780e+01 
2.048780e+01 
2.048780e+01 
2.048780e+01 
2.048780e+01 
2.048780e+01 
2.048780e+01 
2.048780e+01 
2.048780e+01 
2.048780e+01 
2.048780e+01 
2.048780e+01 
2.048780e+01 
2.048780e+01 
2.048780e+01 
2.048780e+01 
2.048780e+01 
2.048780e+01 
2.048780e+01 
2.048780e+01 
2.048780e+01 
2.048780e+01 
2.048780e+01 
2.048780e+01 
2.048780e+01 
2.048780e+01 
2.048780e+01 
2.048780e+01 
2.048780e+01 
2.048780e+01 
2.048780e+01 
2.048780e+01 
2.048780e+01 
2.048780e+01 
2.048780e+01 
2.048780e+01 
2.048780e+01 
2.048780e+01 
2.048780e+01 
2.048780e+01 
2.048780e+01 
2.048780e+01 
2.048780e+01 
2.048780e+01 
2.048780e+01 
2.048780e+01 
2.048780e+01 
2.048780e+01 
2.048780e+01 
2.048780e+01 
2.048780e+01 
2.048780e+01 
2.048780e+01 
2.048780e+01 
2.048780e+01 
2.048780e+01 
2.048780e+01 
2.048780e+01 
2.048780e+01 
2.048780e+01 
2.048780e+01 
2.048780e+01 
2.048780e+01 
2.048780e+01 
2.048780e+01 
2.048780e+01 
2.048780e+01 
2.048780e+01 
2.048780e+01 
2.048780e+01 
2.048780e+01 
2.048780e+01 
2.048780e+01 
2.048780e+01 
2.048780e+01 
2.048780e+01 
2.048780e+01 
2.048780e+01 
2.048780e+01 
2.048780e+01 
2.048780e+01 
2.048780e+01 
2.048780e+01 
2.048780e+01 
2.048780e+01 
2.048780e+01 
2.048780e+01 
2.048780e+01 
2.048780e+01 
2.048780e+01 
2.048780e+01 
2.048780e+01 
2.048780e+01 
2.048780e+01 
2.048780e+01 
2.048780e+01 
2.048780e+01 
2.048780e+01 
2.048780e+01 
2.048780e+01 
2.048780e+01 
2.048780e+01 
2.048780e+01 
2.048780e+01 
2.048780e+01 
2.048780e+01 
2.048780e+01 
2.048780e+01 
2.048780e+01 
2.048780e+01 
2.048780e+01 
2.048780e+01 
2.048780e+01 
2.048780e+01 
2.048780e+01 
2.048780e+01 
2.048780e+01 
2.048780e+01 
2.048780e+01 
2.048780e+01 
2.048780e+01 
2.048780e+01 
2.048780e+01 
2.048780e+01 
2.048780e+01 
2.048780e+01 
2.048780e+01 
2.048780e+01 
2.048780e+01 
2.048780e+01 
2.048780e+01 
2.048780e+01 
2.048780e+01 
2.048780e+01 
2.048780e+01 
2.048780e+01 
2.048780e+01 
2.048780e+01 
2.048780e+01 
2.048780e+01 
2.048780e+01 
2.048780e+01 
2.048780e+01 
2.048780e+01 
2.048780e+01 
2.048780e+01 
2.048780e+01 
2.048780e+01 
2.048780e+01 
2.048780e+01 
2.048780e+01 
2.048780e+01 
2.048780e+01 
2.048780e+01 
2.048780e+01 
2.048780e+01 
2.048780e+01 
2.048780e+01 
2.048780e+01 
2.048780e+01 
2.048780e+01 
2.048780e+01 
2.048780e+01 
2.048780e+01 
2.048780e+01 
2.048780e+01 
2.048780e+01 
2.048780e+01 
2.048780e+01 
2.048780e+01 
2.048780e+01 
2.048780e+01 
2.048780e+01 
2.048780e+01 
2.048780e+01 
2.048780e+01 
2.048780e+01 
2.048780e+01 
2.048780e+01 
2.048780e+01 
2.048780e+01 
2.048780e+01 
2.048780e+01 
2.048780e+01 
2.048780e+01 
2.048780e+01 
2.048780e+01 
2.048780e+01 
2.048780e+01 
2.048780e+01 
2.048780e+01 
2.048780e+01 
2.048780e+01 
2.048780e+01 
2.048780e+01 
2.048780e+01 
2.048780e+01 
2.048780e+01 
2.048780e+01 
2.048780e+01 
2.048780e+01 
2.048780e+01 
2.048780e+01 
2.048780e+01 
2.048780e+01 
2.048780e+01 
2.048780e+01 
2.048780e+01 
2.048780e+01 
2.048780e+01 
2.048780e+01 
2.048780e+01 
2.048780e+01 
2.048780e+01 
2.048780e+01 
2.048780e+01 
2.048780e+01 
2.048780e+01 
2.048780e+01 
2.048780e+01 
2.048780e+01 
2.048780e+01 
2.048780e+01 
2.048780e+01 
2.048780e+01 
2.048780e+01 
2.048780e+01 
2.048780e+01 
2.048780e+01 
2.048780e+01 
2.048780e+01 
2.048780e+01 
2.048780e+01 
2.048780e+01 
2.048780e+01 
2.048780e+01 
2.048780e+01 
2.048780e+01 
2.048780e+01 
2.048780e+01 
2.048780e+01 
2.048780e+01 
2.048780e+01 
2.048780e+01 
2.048780e+01 
2.048780e+01 
2.048780e+01 
2.048780e+01 
2.048780e+01 
2.048780e+01 
2.048780e+01 
2.048780e+01 
2.048780e+01 
2.048780e+01 
2.048780e+01 
2.048780e+01 
2.048780e+01 
2.048780e+01 
2.048780e+01 
2.048780e+01 
2.048780e+01 
2.048780e+01 
2.048780e+01 
2.048780e+01 
2.048780e+01 
2.048780e+01 
2.048780e+01 
2.048780e+01 
2.048780e+01 
2.048780e+01 
2.048780e+01 
2.048780e+01 
2.048780e+01 
2.048780e+01 
2.048780e+01 
2.048780e+01 
2.048780e+01 
2.048780e+01 
2.048780e+01 
2.048780e+01 
2.048780e+01 
2.048780e+01 
2.048780e+01 
2.048780e+01 
2.048780e+01 
2.048780e+01 
2.048780e+01 
2.048780e+01 
2.048780e+01 
2.048780e+01 
2.048780e+01 
2.048780e+01 
2.048780e+01 
2.048780e+01 
2.048780e+01 
2.048780e+01 
2.048780e+01 
2.048780e+01 
2.048780e+01 
2.048780e+01 
2.048780e+01 
2.048780e+01 
2.048780e+01 
2.048780e+01 
2.048780e+01 
2.048780e+01 
2.048780e+01 
2.048780e+01 
2.048780e+01 
2.048780e+01 
2.048780e+01 
2.048780e+01 
2.048780e+01 
2.048780e+01 
2.048780e+01 
2.048780e+01 
2.048780e+01 
2.048780e+01 
2.048780e+01 
2.048780e+01 
2.048780e+01 
2.048780e+01 
2.048780e+01 
2.048780e+01 
2.048780e+01 
2.048780e+01 
2.048780e+01 
2.048780e+01 
2.048780e+01 
2.048780e+01 
2.048780e+01 
2.048780e+01 
2.048780e+01 
2.048780e+01 
2.048780e+01 
2.048780e+01 
2.048780e+01 
2.048780e+01 
2.048780e+01 
2.048780e+01 
2.048780e+01 
2.048780e+01 
2.048780e+01 
2.048780e+01 
2.048780e+01 
2.048780e+01 
2.048780e+01 
2.048780e+01 
2.048780e+01 
2.048780e+01 
2.048780e+01 
2.048780e+01 
2.048780e+01 
2.048780e+01 
2.048780e+01 
2.048780e+01 
2.048780e+01 
2.048780e+01 
2.048780e+01 
2.048780e+01 
2.048780e+01 
2.048780e+01 
2.048780e+01 
2.048780e+01 
2.048780e+01 
2.048780e+01 
2.048780e+01 
2.048780e+01 
2.048780e+01 
2.048780e+01 
2.048780e+01 
2.048780e+01 
2.048780e+01 
2.048780e+01 
2.048780e+01 
2.048780e+01 
2.048780e+01 
2.048780e+01 
2.048780e+01 
2.048780e+01 
2.048780e+01 
2.048780e+01 
2.048780e+01 
2.048780e+01 
2.048780e+01 
2.048780e+01 
2.048780e+01 
2.048780e+01 
2.048780e+01 
2.048780e+01 
2.048780e+01 
2.048780e+01 
2.048780e+01 
2.048780e+01 
2.048780e+01 
2.048780e+01 
2.048780e+01 
2.048780e+01 
2.048780e+01 
2.048780e+01 
2.048780e+01 
2.048780e+01 
2.048780e+01 
2.048780e+01 
2.048780e+01 
2.048780e+01 
2.048780e+01 
2.048780e+01 
2.048780e+01 
2.048780e+01 
2.048780e+01 
2.048780e+01 
2.048780e+01 
2.048780e+01 
2.048780e+01 
2.048780e+01 
2.048780e+01 
2.048780e+01 
2.048780e+01 
2.048780e+01 
2.048780e+01 
2.048780e+01 
2.048780e+01 
2.048780e+01 
2.048780e+01 
2.048780e+01 
2.048780e+01 
2.048780e+01 
2.048780e+01 
2.048780e+01 
2.048780e+01 
2.048780e+01 
2.048780e+01 
2.048780e+01 
2.048780e+01 
2.048780e+01 
2.048780e+01 
2.048780e+01 
2.048780e+01 
2.048780e+01 
2.048780e+01 
2.048780e+01 
2.048780e+01 
2.048780e+01 
2.048780e+01 
2.048780e+01 
2.048780e+01 
2.048780e+01 
2.048780e+01 
2.048780e+01 
2.048780e+01 
2.048780e+01 
2.048780e+01 
2.048780e+01 
2.048780e+01 
2.048780e+01 
2.048780e+01 
2.048780e+01 
2.048780e+01 
2.048780e+01 
2.048780e+01 
2.048780e+01 
2.048780e+01 
2.048780e+01 
2.048780e+01 
2.048780e+01 
2.048780e+01 
2.048780e+01 
2.048780e+01 
2.048780e+01 
2.048780e+01 
2.048780e+01 
2.048780e+01 
2.048780e+01 
2.048780e+01 
2.048780e+01 
2.048780e+01 
2.048780e+01 
2.048780e+01 
2.048780e+01 
2.048780e+01 
2.048780e+01 
2.048780e+01 
2.048780e+01 
2.048780e+01 
2.048780e+01 
2.048780e+01 
2.048780e+01 
2.048780e+01 
2.048780e+01 
2.048780e+01 
2.048780e+01 
2.048780e+01 
2.048780e+01 
2.048780e+01 
2.048780e+01 
2.048780e+01 
2.048780e+01 
2.048780e+01 
2.048780e+01 
2.048780e+01 
2.048780e+01 
2.048780e+01 
2.048780e+01 
2.048780e+01 
2.048780e+01 
2.048780e+01 
2.048780e+01 
2.048780e+01 
2.048780e+01 
2.048780e+01 
2.048780e+01 
2.048780e+01 
2.048780e+01 
2.048780e+01 
2.048780e+01 
2.048780e+01 
2.048780e+01 
2.048780e+01 
2.048780e+01 
2.048780e+01 
2.048780e+01 
2.048780e+01 
2.048780e+01 
2.048780e+01 
2.048780e+01 
2.048780e+01 
2.048780e+01 
2.048780e+01 
2.048780e+01 
2.048780e+01 
2.048780e+01 
2.048780e+01 
2.048780e+01 
2.048780e+01 
2.048780e+01 
2.048780e+01 
2.048780e+01 
2.048780e+01 
2.048780e+01 
2.048780e+01 
2.048780e+01 
2.048780e+01 
2.048780e+01 
2.048780e+01 
2.048780e+01 
2.048780e+01 
2.048780e+01 
2.048780e+01 
2.048780e+01 
2.048780e+01 
2.048780e+01 
2.048780e+01 
2.048780e+01 
2.048780e+01 
2.048780e+01 
2.048780e+01 
2.048780e+01 
2.048780e+01 
2.048780e+01 
2.048780e+01 
2.048780e+01 
2.048780e+01 
2.048780e+01 
2.048780e+01 
2.048780e+01 
2.048780e+01 
2.048780e+01 
2.048780e+01 
2.048780e+01 
2.048780e+01 
2.048780e+01 
2.048780e+01 
2.048780e+01 
2.048780e+01 
2.048780e+01 
2.048780e+01 
2.048780e+01 
2.048780e+01 
2.048780e+01 
2.048780e+01 
2.048780e+01 
2.048780e+01 
2.048780e+01 
2.048780e+01 
2.048780e+01 
2.048780e+01 
2.048780e+01 
2.048780e+01 
2.048780e+01 
2.048780e+01 
2.048780e+01 
2.048780e+01 
2.048780e+01 
2.048780e+01 
2.048780e+01 
2.048780e+01 
2.048780e+01 
2.048780e+01 
2.048780e+01 
2.048780e+01 
2.048780e+01 
2.048780e+01 
2.048780e+01 
2.048780e+01 
2.048780e+01 
2.048780e+01 
2.048780e+01 
2.048780e+01 
2.048780e+01 
2.048780e+01 
2.048780e+01 
2.048780e+01 
2.048780e+01 
2.048780e+01 
2.048780e+01 
2.048780e+01 
2.048780e+01 
2.048780e+01 
2.048780e+01 
2.048780e+01 
2.048780e+01 
2.048780e+01 
2.048780e+01 
2.048780e+01 
2.048780e+01 
2.048780e+01 
2.048780e+01 
2.048780e+01 
2.048780e+01 
2.048780e+01 
2.048780e+01 
2.048780e+01 
2.048780e+01 
2.048780e+01 
2.048780e+01 
2.048780e+01 
2.048780e+01 
2.048780e+01 
2.048780e+01 
2.048780e+01 
2.048780e+01 
2.048780e+01 
2.048780e+01 
2.048780e+01 
2.048780e+01 
2.048780e+01 
2.048780e+01 
2.048780e+01 
2.048780e+01 
2.048780e+01 
2.048780e+01 
2.048780e+01 
2.048780e+01 
2.048780e+01 
2.048780e+01 
2.048780e+01 
2.048780e+01 
2.048780e+01 
2.048780e+01 
2.048780e+01 
2.048780e+01 
2.048780e+01 
2.048780e+01 
2.048780e+01 
2.048780e+01 
2.048780e+01 
2.048780e+01 
2.048780e+01 
2.048780e+01 
2.048780e+01 
2.048780e+01 
2.048780e+01 
2.048780e+01 
2.048780e+01 
2.048780e+01 
2.048780e+01 
2.048780e+01 
2.048780e+01 
2.048780e+01 
2.048780e+01 
2.048780e+01 
2.048780e+01 
2.048780e+01 
2.048780e+01 
2.048780e+01 
2.048780e+01 
2.048780e+01 
2.048780e+01 
2.048780e+01 
2.048780e+01 
2.048780e+01 
2.048780e+01 
2.048780e+01 
2.048780e+01 
2.048780e+01 
2.048780e+01 
2.048780e+01 
2.048780e+01 
2.048780e+01 
2.048780e+01 
2.048780e+01 
2.048780e+01 
2.048780e+01 
2.048780e+01 
2.048780e+01 
2.048780e+01 
2.048780e+01 
2.048780e+01 
2.048780e+01 
2.048780e+01 
2.048780e+01 
2.048780e+01 
2.048780e+01 
2.048780e+01 
2.048780e+01 
2.048780e+01 
2.048780e+01 
2.048780e+01 
2.048780e+01 
2.048780e+01 
2.048780e+01 
2.048780e+01 
2.048780e+01 
2.048780e+01 
2.048780e+01 
2.048780e+01 
2.048780e+01 
2.048780e+01 
2.048780e+01 
2.048780e+01 
2.048780e+01 
2.048780e+01 
2.048780e+01 
2.048780e+01 
2.048780e+01 
2.048780e+01 
2.048780e+01 
2.048780e+01 
2.048780e+01 
2.048780e+01 
2.048780e+01 
2.048780e+01 
2.048780e+01 
2.048780e+01 
2.048780e+01 
2.048780e+01 
2.048780e+01 
2.048780e+01 
2.048780e+01 
2.048780e+01 
2.048780e+01 
2.048780e+01 
2.048780e+01 
2.048780e+01 
2.048780e+01 
2.048780e+01 
2.048780e+01 
2.048780e+01 
2.048780e+01 
2.048780e+01 
2.048780e+01 
2.048780e+01 
2.048780e+01 
2.048780e+01 
2.048780e+01 
2.048780e+01 
2.048780e+01 
2.048780e+01 
2.048780e+01 
2.048780e+01 
2.048780e+01 
2.048780e+01 
2.048780e+01 
2.048780e+01 
2.048780e+01 
2.048780e+01 
2.048780e+01 
2.048780e+01 
2.048780e+01 
2.048780e+01 
2.048780e+01 
2.048780e+01 
2.048780e+01 
2.048780e+01 
2.048780e+01 
2.048780e+01 
2.048780e+01 
2.048780e+01 
2.048780e+01 
2.048780e+01 
2.048780e+01 
2.048780e+01 
2.048780e+01 
2.048780e+01 
2.048780e+01 
2.048780e+01 
2.048780e+01 
2.048780e+01 
2.048780e+01 
2.048780e+01 
2.048780e+01 
2.048780e+01 
2.048780e+01 
2.048780e+01 
2.048780e+01 
2.048780e+01 
2.048780e+01 
2.048780e+01 
2.048780e+01 
2.048780e+01 
2.048780e+01 
2.048780e+01 
2.048780e+01 
2.048780e+01 
2.048780e+01 
2.048780e+01 
2.048780e+01 
2.048780e+01 
2.048780e+01 
2.048780e+01 
2.048780e+01 
2.048780e+01 
2.048780e+01 
2.048780e+01 
2.048780e+01 
2.048780e+01 
2.048780e+01 
2.048780e+01 
2.048780e+01 
2.048780e+01 
2.048780e+01 
2.048780e+01 
2.048780e+01 
2.048780e+01 
2.048780e+01 
2.048780e+01 
2.048780e+01 
2.048780e+01 
2.048780e+01 
2.048780e+01 
2.048780e+01 
2.048780e+01 
2.048780e+01 
2.048780e+01 
2.048780e+01 
2.048780e+01 
2.048780e+01 
2.048780e+01 
2.048780e+01 
2.048780e+01 
2.048780e+01 
2.048780e+01 
2.048780e+01 
2.048780e+01 
2.048780e+01 
2.048780e+01 
2.048780e+01 
2.048780e+01 
2.048780e+01 
2.048780e+01 
2.048780e+01 
2.048780e+01 
2.048780e+01 
2.048780e+01 
2.048780e+01 
2.048780e+01 
2.048780e+01 
2.048780e+01 
2.048780e+01 
2.048780e+01 
2.048780e+01 
2.048780e+01 
2.048780e+01 
2.048780e+01 
2.048780e+01 
2.048780e+01 
2.048780e+01 
2.048780e+01 
2.048780e+01 
2.048780e+01 
2.048780e+01 
2.048780e+01 
2.048780e+01 
2.048780e+01 
2.048780e+01 
2.048780e+01 
2.048780e+01 
2.048780e+01 
2.048780e+01 
2.048780e+01 
2.048780e+01 
2.048780e+01 
2.048780e+01 
2.048780e+01 
2.048780e+01 
2.048780e+01 
2.048780e+01 
2.048780e+01 
2.048780e+01 
2.048780e+01 
2.048780e+01 
2.048780e+01 
2.048780e+01 
2.048780e+01 
2.048780e+01 
2.048780e+01 
2.048780e+01 
2.048780e+01 
2.048780e+01 
2.048780e+01 
2.048780e+01 
2.048780e+01 
2.048780e+01 
2.048780e+01 
2.048780e+01 
2.048780e+01 
2.048780e+01 
2.048780e+01 
2.048780e+01 
2.048780e+01 
2.048780e+01 
2.048780e+01 
2.048780e+01 
2.048780e+01 
2.048780e+01 
2.048780e+01 
2.048780e+01 
2.048780e+01 
2.048780e+01 
2.048780e+01 
2.048780e+01 
2.048780e+01 
2.048780e+01 
2.048780e+01 
2.048780e+01 
2.048780e+01 
2.048780e+01 
2.048780e+01 
2.048780e+01 
2.048780e+01 
2.048780e+01 
2.048780e+01 
2.048780e+01 
2.048780e+01 
2.048780e+01 
2.048780e+01 
2.048780e+01 
2.048780e+01 
2.048780e+01 
2.048780e+01 
2.048780e+01 
2.048780e+01 
2.048780e+01 
2.048780e+01 
2.048780e+01 
2.048780e+01 
2.048780e+01 
2.048780e+01 
2.048780e+01 
2.048780e+01 
2.048780e+01 
2.048780e+01 
2.048780e+01 
2.048780e+01 
2.048780e+01 
2.048780e+01 
2.048780e+01 
2.048780e+01 
2.048780e+01 
2.048780e+01 
2.048780e+01 
2.048780e+01 
2.048780e+01 
2.048780e+01 
2.048780e+01 
2.048780e+01 
2.048780e+01 
2.048780e+01 
2.048780e+01 
2.048780e+01 
2.048780e+01 
2.048780e+01 
2.048780e+01 
2.048780e+01 
2.048780e+01 
2.048780e+01 
2.048780e+01 
2.048780e+01 
2.048780e+01 
2.048780e+01 
2.048780e+01 
2.048780e+01 
2.048780e+01 
2.048780e+01 
2.048780e+01 
2.048780e+01 
2.048780e+01 
2.048780e+01 
2.048780e+01 
2.048780e+01 
2.048780e+01 
2.048780e+01 
2.048780e+01 
2.048780e+01 
2.048780e+01 
2.048780e+01 
2.048780e+01 
2.048780e+01 
2.048780e+01 
2.048780e+01 
2.048780e+01 
2.048780e+01 
2.048780e+01 
2.048780e+01 
2.048780e+01 
2.048780e+01 
2.048780e+01 
2.048780e+01 
2.048780e+01 
2.048780e+01 
2.048780e+01 
2.048780e+01 
2.048780e+01 
2.048780e+01 
2.048780e+01 
2.048780e+01 
2.048780e+01 
2.048780e+01 
2.048780e+01 
2.048780e+01 
2.048780e+01 
2.048780e+01 
2.048780e+01 
2.048780e+01 
2.048780e+01 
2.048780e+01 
2.048780e+01 
2.048780e+01 
2.048780e+01 
2.048780e+01 
2.048780e+01 
2.048780e+01 
2.048780e+01 
2.048780e+01 
2.048780e+01 
2.048780e+01 
2.048780e+01 
2.048780e+01 
2.048780e+01 
2.048780e+01 
2.048780e+01 
2.048780e+01 
2.048780e+01 
2.048780e+01 
2.048780e+01 
2.048780e+01 
2.048780e+01 
2.048780e+01 
2.048780e+01 
2.048780e+01 
2.048780e+01 
2.048780e+01 
2.048780e+01 
2.048780e+01 
2.048780e+01 
2.048780e+01 
2.048780e+01 
2.048780e+01 
2.048780e+01 
2.048780e+01 
2.048780e+01 
2.048780e+01 
2.048780e+01 
2.048780e+01 
2.048780e+01 
2.048780e+01 
2.048780e+01 
2.048780e+01 
2.048780e+01 
2.048780e+01 
2.048780e+01 
2.048780e+01 
2.048780e+01 
2.048780e+01 
2.048780e+01 
2.048780e+01 
2.048780e+01 
2.048780e+01 
2.048780e+01 
2.048780e+01 
2.048780e+01 
2.048780e+01 
2.048780e+01 
2.048780e+01 
2.048780e+01 
2.048780e+01 
2.048780e+01 
2.048780e+01 
2.048780e+01 
2.048780e+01 
2.048780e+01 
2.048780e+01 
2.048780e+01 
2.048780e+01 
2.048780e+01 
2.048780e+01 
2.048780e+01 
2.048780e+01 
2.048780e+01 
2.048780e+01 
2.048780e+01 
2.048780e+01 
2.048780e+01 
2.048780e+01 
2.048780e+01 
2.048780e+01 
2.048780e+01 
2.048780e+01 
2.048780e+01 
2.048780e+01 
2.048780e+01 
2.048780e+01 
2.048780e+01 
2.048780e+01 
2.048780e+01 
2.048780e+01 
2.048780e+01 
2.048780e+01 
2.048780e+01 
2.048780e+01 
2.048780e+01 
2.048780e+01 
2.048780e+01 
2.048780e+01 
2.048780e+01 
2.048780e+01 
2.048780e+01 
2.048780e+01 
2.048780e+01 
2.048780e+01 
2.048780e+01 
2.048780e+01 
2.048780e+01 
2.048780e+01 
2.048780e+01 
2.048780e+01 
2.048780e+01 
2.048780e+01 
2.048780e+01 
2.048780e+01 
2.048780e+01 
2.048780e+01 
2.048780e+01 
2.048780e+01 
2.048780e+01 
2.048780e+01 
2.048780e+01 
2.048780e+01 
2.048780e+01 
2.048780e+01 
2.048780e+01 
2.048780e+01 
2.048780e+01 
2.048780e+01 
2.048780e+01 
2.048780e+01 
2.048780e+01 
2.048780e+01 
2.048780e+01 
2.048780e+01 
2.048780e+01 
2.048780e+01 
2.048780e+01 
2.048780e+01 
2.048780e+01 
2.048780e+01 
2.048780e+01 
2.048780e+01 
2.048780e+01 
2.048780e+01 
2.048780e+01 
2.048780e+01 
2.048780e+01 
2.048780e+01 
2.048780e+01 
2.048780e+01 
2.048780e+01 
2.048780e+01 
2.048780e+01 
2.048780e+01 
2.048780e+01 
2.048780e+01 
2.048780e+01 
2.048780e+01 
2.048780e+01 
2.048780e+01 
2.048780e+01 
2.048780e+01 
2.048780e+01 
2.048780e+01 
2.048780e+01 
2.048780e+01 
2.048780e+01 
2.048780e+01 
2.048780e+01 
2.048780e+01 
2.048780e+01 
2.048780e+01 
2.048780e+01 
2.048780e+01 
2.048780e+01 
2.048780e+01 
2.048780e+01 
2.048780e+01 
2.048780e+01 
2.048780e+01 
2.048780e+01 
2.048780e+01 
2.048780e+01 
2.048780e+01 
2.048780e+01 
2.048780e+01 
2.048780e+01 
2.048780e+01 
2.048780e+01 
2.048780e+01 
2.048780e+01 
2.048780e+01 
2.048780e+01 
2.048780e+01 
2.048780e+01 
2.048780e+01 
2.048780e+01 
2.048780e+01 
2.048780e+01 
2.048780e+01 
2.048780e+01 
2.048780e+01 
2.048780e+01 
2.048780e+01 
2.048780e+01 
2.048780e+01 
2.048780e+01 
2.048780e+01 
2.048780e+01 
2.048780e+01 
2.048780e+01 
2.048780e+01 
2.048780e+01 
2.048780e+01 
2.048780e+01 
2.048780e+01 
2.048780e+01 
2.048780e+01 
2.048780e+01 
2.048780e+01 
2.048780e+01 
2.048780e+01 
2.048780e+01 
2.048780e+01 
2.048780e+01 
2.048780e+01 
2.048780e+01 
2.048780e+01 
2.048780e+01 
2.048780e+01 
2.048780e+01 
2.048780e+01 
2.048780e+01 
2.048780e+01 
2.048780e+01 
2.048780e+01 
2.048780e+01 
2.048780e+01 
2.048780e+01 
2.048780e+01 
1.425967e+01 
1.425967e+01 
1.373479e+01 
1.373479e+01 
1.373479e+01 
1.373479e+01 
1.361003e+01 
1.361003e+01 
1.361003e+01 
1.361003e+01 
1.361003e+01 
1.361003e+01 
1.361003e+01 
1.361003e+01 
1.352749e+01 
1.343860e+01 
1.308486e+01 
1.308486e+01 
1.308486e+01 
1.303890e+01 
1.298635e+01 
1.298214e+01 
1.290506e+01 
1.290506e+01 
1.282455e+01 
1.281196e+01 
1.280576e+01 
1.276043e+01 
1.276043e+01 
1.272820e+01 
1.268408e+01 
1.268408e+01 
1.264959e+01 
1.264587e+01 
1.264194e+01 
1.264194e+01 
1.264194e+01 
1.264194e+01 
1.262414e+01 
1.260775e+01 
1.260775e+01 
1.260775e+01 
1.260775e+01 
1.260492e+01 
1.260182e+01 
1.259911e+01 
1.259533e+01 
1.259323e+01 
1.259323e+01 
1.259323e+01 
1.259310e+01 
1.259310e+01 
1.259310e+01 
1.259218e+01 
1.259218e+01 
1.259005e+01 
1.259005e+01 
1.258912e+01 
1.258789e+01 
1.258789e+01 
1.258756e+01 
1.258751e+01 
1.258530e+01 
1.258530e+01 
1.258505e+01 
1.258505e+01 
1.258329e+01 
1.258329e+01 
1.258329e+01 
1.258228e+01 
1.258163e+01 
1.258163e+01 
