1.029440e+06 
8.713262e+05 
8.713262e+05 
8.713262e+05 
8.713262e+05 
8.713262e+05 
1.160593e+05 
1.160593e+05 
1.160593e+05 
1.160593e+05 
1.160593e+05 
1.160593e+05 
1.160593e+05 
1.160593e+05 
1.160593e+05 
1.160593e+05 
1.160593e+05 
1.160593e+05 
9.108758e+04 
9.108758e+04 
9.108758e+04 
9.108758e+04 
5.930430e+04 
5.930430e+04 
5.930430e+04 
5.930430e+04 
5.930430e+04 
5.930430e+04 
5.930430e+04 
5.930430e+04 
5.930430e+04 
5.930430e+04 
5.930430e+04 
5.930430e+04 
5.930430e+04 
5.930430e+04 
5.930430e+04 
5.930430e+04 
3.907260e+04 
3.907260e+04 
3.907260e+04 
3.907260e+04 
3.907260e+04 
3.907260e+04 
3.907260e+04 
3.907260e+04 
3.907260e+04 
3.907260e+04 
3.907260e+04 
3.907260e+04 
3.907260e+04 
3.907260e+04 
3.907260e+04 
3.907260e+04 
3.328721e+04 
3.328721e+04 
3.328721e+04 
3.328721e+04 
3.328721e+04 
3.328721e+04 
3.328721e+04 
3.328721e+04 
2.742463e+04 
2.742463e+04 
2.742463e+04 
2.742463e+04 
2.742463e+04 
2.742463e+04 
2.742463e+04 
2.742463e+04 
2.742463e+04 
2.742463e+04 
2.742463e+04 
2.742463e+04 
2.742463e+04 
2.742463e+04 
2.742463e+04 
2.742463e+04 
2.742463e+04 
2.742463e+04 
2.742463e+04 
2.742463e+04 
2.742463e+04 
2.742463e+04 
2.742463e+04 
2.742463e+04 
2.742463e+04 
2.742463e+04 
2.742463e+04 
2.742463e+04 
2.742463e+04 
2.742463e+04 
2.742463e+04 
2.742463e+04 
2.742463e+04 
2.742463e+04 
2.742463e+04 
2.742463e+04 
2.742463e+04 
2.742463e+04 
2.742463e+04 
2.742463e+04 
2.742463e+04 
2.742463e+04 
2.742463e+04 
2.742463e+04 
2.742463e+04 
2.742463e+04 
2.742463e+04 
2.742463e+04 
2.742463e+04 
2.742463e+04 
2.742463e+04 
2.742463e+04 
2.742463e+04 
2.742463e+04 
2.742463e+04 
2.742463e+04 
2.742463e+04 
2.742463e+04 
2.742463e+04 
2.742463e+04 
2.742463e+04 
2.742463e+04 
2.742463e+04 
2.742463e+04 
2.742463e+04 
2.742463e+04 
2.742463e+04 
2.742463e+04 
2.742463e+04 
2.742463e+04 
2.742463e+04 
2.742463e+04 
2.742463e+04 
2.742463e+04 
2.742463e+04 
2.742463e+04 
2.742463e+04 
2.742463e+04 
2.742463e+04 
2.742463e+04 
2.742463e+04 
2.742463e+04 
2.742463e+04 
2.742463e+04 
2.742463e+04 
2.742463e+04 
2.742463e+04 
2.742463e+04 
2.742463e+04 
2.742463e+04 
2.742463e+04 
2.742463e+04 
2.742463e+04 
2.742463e+04 
2.742463e+04 
2.742463e+04 
2.742463e+04 
2.742463e+04 
2.742463e+04 
2.742463e+04 
2.742463e+04 
2.742463e+04 
2.742463e+04 
2.742463e+04 
2.742463e+04 
2.742463e+04 
2.742463e+04 
2.742463e+04 
2.742463e+04 
2.742463e+04 
2.742463e+04 
2.742463e+04 
2.742463e+04 
2.742463e+04 
2.742463e+04 
2.742463e+04 
2.742463e+04 
2.742463e+04 
2.742463e+04 
2.742463e+04 
2.742463e+04 
2.742463e+04 
2.742463e+04 
2.742463e+04 
2.742463e+04 
2.742463e+04 
2.742463e+04 
2.742463e+04 
2.742463e+04 
2.742463e+04 
2.742463e+04 
2.742463e+04 
2.742463e+04 
2.742463e+04 
2.742463e+04 
2.742463e+04 
2.742463e+04 
2.742463e+04 
2.641280e+04 
2.641280e+04 
1.821279e+04 
1.821279e+04 
1.821279e+04 
1.821279e+04 
1.821279e+04 
1.821279e+04 
1.821279e+04 
1.821279e+04 
1.821279e+04 
1.821279e+04 
1.821279e+04 
1.821279e+04 
1.821279e+04 
1.821279e+04 
1.821279e+04 
1.821279e+04 
1.821279e+04 
1.821279e+04 
1.821279e+04 
1.821279e+04 
1.821279e+04 
1.821279e+04 
1.821279e+04 
1.821279e+04 
1.821279e+04 
1.821279e+04 
1.821279e+04 
1.821279e+04 
1.821279e+04 
1.821279e+04 
1.821279e+04 
1.821279e+04 
1.821279e+04 
1.821279e+04 
1.821279e+04 
1.821279e+04 
1.821279e+04 
1.821279e+04 
1.821279e+04 
1.821279e+04 
1.821279e+04 
1.821279e+04 
1.821279e+04 
1.821279e+04 
1.821279e+04 
1.821279e+04 
1.821279e+04 
1.821279e+04 
1.821279e+04 
1.821279e+04 
1.821279e+04 
1.821279e+04 
1.821279e+04 
1.821279e+04 
1.821279e+04 
1.821279e+04 
1.821279e+04 
1.821279e+04 
1.821279e+04 
1.821279e+04 
1.821279e+04 
1.821279e+04 
1.821279e+04 
1.821279e+04 
1.821279e+04 
1.821279e+04 
1.821279e+04 
1.821279e+04 
1.821279e+04 
1.821279e+04 
1.821279e+04 
1.821279e+04 
1.821279e+04 
1.821279e+04 
1.821279e+04 
1.821279e+04 
1.821279e+04 
1.821279e+04 
1.821279e+04 
1.821279e+04 
1.821279e+04 
1.821279e+04 
1.821279e+04 
1.821279e+04 
1.529454e+04 
1.529454e+04 
1.529454e+04 
1.529454e+04 
1.529454e+04 
1.529454e+04 
1.529454e+04 
1.529454e+04 
1.529454e+04 
1.529454e+04 
1.529454e+04 
1.529454e+04 
1.529454e+04 
1.529454e+04 
1.529454e+04 
1.529454e+04 
1.529454e+04 
1.529454e+04 
1.529454e+04 
1.529454e+04 
1.529454e+04 
1.529454e+04 
1.529454e+04 
1.529454e+04 
1.529454e+04 
1.529454e+04 
1.529454e+04 
1.529454e+04 
1.529454e+04 
1.529454e+04 
1.529454e+04 
1.529454e+04 
1.529454e+04 
1.529454e+04 
1.529454e+04 
1.529454e+04 
1.529454e+04 
1.529454e+04 
1.529454e+04 
1.529454e+04 
1.529454e+04 
1.529454e+04 
1.529454e+04 
1.529454e+04 
1.529454e+04 
1.529454e+04 
1.529454e+04 
1.529454e+04 
1.529454e+04 
1.529454e+04 
1.529454e+04 
1.529454e+04 
1.529454e+04 
1.529454e+04 
1.529454e+04 
1.332105e+04 
1.332105e+04 
1.332105e+04 
1.332105e+04 
1.332105e+04 
1.332105e+04 
1.332105e+04 
1.332105e+04 
1.332105e+04 
1.332105e+04 
1.332105e+04 
1.332105e+04 
1.332105e+04 
1.332105e+04 
1.332105e+04 
1.332105e+04 
1.332105e+04 
1.332105e+04 
1.332105e+04 
1.332105e+04 
1.332105e+04 
1.332105e+04 
1.332105e+04 
1.332105e+04 
1.332105e+04 
1.332105e+04 
1.332105e+04 
1.332105e+04 
1.332105e+04 
1.332105e+04 
1.332105e+04 
1.332105e+04 
1.332105e+04 
1.332105e+04 
1.332105e+04 
1.332105e+04 
1.332105e+04 
1.332105e+04 
1.332105e+04 
1.332105e+04 
1.332105e+04 
1.332105e+04 
1.332105e+04 
1.332105e+04 
1.332105e+04 
1.332105e+04 
1.332105e+04 
1.332105e+04 
1.332105e+04 
1.332105e+04 
1.332105e+04 
1.332105e+04 
1.332105e+04 
1.332105e+04 
1.332105e+04 
1.332105e+04 
1.332105e+04 
1.332105e+04 
1.332105e+04 
1.332105e+04 
1.332105e+04 
1.332105e+04 
1.332105e+04 
1.332105e+04 
1.332105e+04 
1.332105e+04 
1.332105e+04 
1.332105e+04 
1.332105e+04 
1.332105e+04 
1.332105e+04 
1.332105e+04 
1.332105e+04 
1.332105e+04 
1.332105e+04 
1.332105e+04 
1.332105e+04 
1.332105e+04 
1.332105e+04 
1.332105e+04 
1.332105e+04 
1.332105e+04 
1.332105e+04 
1.332105e+04 
1.332105e+04 
1.332105e+04 
1.332105e+04 
1.332105e+04 
1.332105e+04 
1.332105e+04 
1.332105e+04 
1.332105e+04 
1.332105e+04 
1.332105e+04 
1.332105e+04 
1.332105e+04 
1.332105e+04 
1.332105e+04 
1.332105e+04 
1.332105e+04 
1.332105e+04 
1.332105e+04 
1.332105e+04 
1.332105e+04 
1.332105e+04 
1.332105e+04 
1.332105e+04 
1.332105e+04 
1.332105e+04 
1.332105e+04 
1.332105e+04 
1.332105e+04 
1.332105e+04 
1.332105e+04 
1.332105e+04 
1.332105e+04 
1.332105e+04 
1.332105e+04 
1.332105e+04 
1.332105e+04 
1.332105e+04 
1.332105e+04 
1.332105e+04 
1.332105e+04 
1.332105e+04 
1.332105e+04 
1.332105e+04 
1.332105e+04 
1.332105e+04 
1.332105e+04 
1.332105e+04 
1.332105e+04 
1.332105e+04 
1.332105e+04 
1.332105e+04 
1.332105e+04 
1.332105e+04 
1.332105e+04 
1.332105e+04 
1.332105e+04 
1.332105e+04 
1.332105e+04 
1.332105e+04 
1.332105e+04 
1.332105e+04 
1.332105e+04 
1.332105e+04 
1.332105e+04 
1.332105e+04 
1.332105e+04 
1.332105e+04 
1.332105e+04 
1.332105e+04 
1.332105e+04 
1.332105e+04 
1.332105e+04 
1.332105e+04 
1.332105e+04 
1.332105e+04 
1.332105e+04 
1.332105e+04 
1.332105e+04 
1.332105e+04 
1.332105e+04 
1.332105e+04 
1.332105e+04 
1.332105e+04 
1.332105e+04 
1.332105e+04 
1.332105e+04 
1.332105e+04 
1.332105e+04 
1.332105e+04 
1.332105e+04 
1.332105e+04 
1.332105e+04 
1.332105e+04 
1.332105e+04 
1.332105e+04 
1.332105e+04 
1.332105e+04 
1.332105e+04 
1.332105e+04 
1.332105e+04 
1.332105e+04 
1.332105e+04 
1.332105e+04 
1.332105e+04 
1.332105e+04 
1.332105e+04 
1.332105e+04 
1.332105e+04 
1.332105e+04 
1.332105e+04 
1.332105e+04 
1.332105e+04 
1.332105e+04 
1.332105e+04 
1.332105e+04 
1.332105e+04 
1.332105e+04 
1.332105e+04 
1.332105e+04 
1.332105e+04 
1.332105e+04 
1.332105e+04 
1.332105e+04 
1.332105e+04 
1.332105e+04 
1.332105e+04 
1.332105e+04 
1.332105e+04 
1.332105e+04 
1.332105e+04 
1.332105e+04 
1.332105e+04 
1.332105e+04 
1.332105e+04 
1.332105e+04 
1.332105e+04 
1.332105e+04 
1.332105e+04 
1.332105e+04 
1.332105e+04 
1.332105e+04 
1.332105e+04 
1.332105e+04 
1.332105e+04 
1.332105e+04 
1.332105e+04 
1.332105e+04 
1.332105e+04 
1.332105e+04 
1.332105e+04 
1.332105e+04 
1.332105e+04 
1.332105e+04 
1.332105e+04 
1.332105e+04 
1.332105e+04 
1.332105e+04 
1.332105e+04 
1.332105e+04 
1.332105e+04 
1.332105e+04 
1.332105e+04 
1.332105e+04 
1.332105e+04 
1.332105e+04 
1.073901e+04 
1.073901e+04 
1.073901e+04 
1.073901e+04 
1.073901e+04 
1.073901e+04 
1.073901e+04 
1.073901e+04 
1.073901e+04 
1.073901e+04 
1.073901e+04 
1.073901e+04 
1.073901e+04 
1.073901e+04 
1.073901e+04 
1.073901e+04 
1.073901e+04 
1.073901e+04 
1.073901e+04 
1.073901e+04 
1.073901e+04 
1.073901e+04 
1.073901e+04 
1.073901e+04 
1.073901e+04 
1.073901e+04 
1.073901e+04 
1.073901e+04 
1.073901e+04 
1.073901e+04 
1.073901e+04 
1.073901e+04 
1.073901e+04 
1.073901e+04 
1.073901e+04 
1.073901e+04 
1.073901e+04 
1.073901e+04 
1.073901e+04 
1.073901e+04 
1.073901e+04 
1.073901e+04 
1.073901e+04 
1.073901e+04 
1.073901e+04 
1.073901e+04 
1.073901e+04 
1.073901e+04 
1.073901e+04 
1.073901e+04 
1.073901e+04 
1.073901e+04 
1.073901e+04 
1.073901e+04 
1.073901e+04 
1.073901e+04 
1.073901e+04 
1.073901e+04 
1.073901e+04 
1.073901e+04 
1.073901e+04 
1.073901e+04 
1.073901e+04 
1.073901e+04 
1.073901e+04 
1.073901e+04 
1.073901e+04 
1.073901e+04 
1.073901e+04 
1.073901e+04 
1.073901e+04 
1.073901e+04 
1.073901e+04 
1.073901e+04 
1.073901e+04 
1.073901e+04 
1.073901e+04 
1.073901e+04 
1.073901e+04 
1.073901e+04 
1.073901e+04 
1.073901e+04 
1.073901e+04 
1.073901e+04 
1.073901e+04 
1.073901e+04 
1.073901e+04 
1.073901e+04 
1.073901e+04 
1.073901e+04 
1.073901e+04 
1.073901e+04 
1.073901e+04 
1.073901e+04 
1.073901e+04 
1.073901e+04 
1.073901e+04 
1.073901e+04 
1.073901e+04 
1.073901e+04 
1.073901e+04 
1.073901e+04 
1.073901e+04 
1.073901e+04 
1.073901e+04 
1.073901e+04 
1.073901e+04 
1.073901e+04 
1.073901e+04 
1.073901e+04 
1.073901e+04 
1.073901e+04 
1.073901e+04 
1.073901e+04 
1.073901e+04 
1.073901e+04 
1.073901e+04 
1.073901e+04 
1.073901e+04 
1.073901e+04 
1.073901e+04 
1.073901e+04 
1.073901e+04 
1.073901e+04 
1.073901e+04 
1.073901e+04 
1.073901e+04 
1.073901e+04 
1.073901e+04 
1.073901e+04 
1.073901e+04 
1.073901e+04 
1.073901e+04 
1.073901e+04 
1.073901e+04 
1.073901e+04 
1.073901e+04 
1.073901e+04 
1.073901e+04 
1.073901e+04 
1.073901e+04 
1.073901e+04 
1.073901e+04 
1.073901e+04 
1.073901e+04 
1.073901e+04 
1.073901e+04 
1.073901e+04 
1.073901e+04 
1.073901e+04 
1.073901e+04 
1.073901e+04 
1.073901e+04 
1.073901e+04 
1.073901e+04 
1.073901e+04 
1.073901e+04 
1.073901e+04 
1.073901e+04 
1.073901e+04 
1.073901e+04 
1.073901e+04 
1.073901e+04 
1.073901e+04 
1.073901e+04 
1.073901e+04 
1.073901e+04 
1.073901e+04 
1.073901e+04 
1.073901e+04 
1.073901e+04 
1.073901e+04 
1.073901e+04 
1.073901e+04 
1.073901e+04 
1.073901e+04 
1.073901e+04 
1.073901e+04 
1.073901e+04 
1.073901e+04 
1.073901e+04 
1.073901e+04 
1.073901e+04 
1.073901e+04 
1.073901e+04 
1.073901e+04 
1.073901e+04 
1.073901e+04 
1.073901e+04 
1.073901e+04 
1.073901e+04 
1.073901e+04 
1.073901e+04 
1.073901e+04 
1.073901e+04 
1.073901e+04 
1.073901e+04 
1.073901e+04 
1.073901e+04 
1.073901e+04 
1.073901e+04 
1.073901e+04 
1.073901e+04 
1.073901e+04 
1.073901e+04 
1.073901e+04 
1.073901e+04 
1.073901e+04 
1.073901e+04 
1.073901e+04 
1.073901e+04 
1.073901e+04 
1.073901e+04 
1.073901e+04 
1.073901e+04 
1.073901e+04 
1.073901e+04 
1.073901e+04 
1.073901e+04 
1.073901e+04 
1.073901e+04 
1.073901e+04 
1.073901e+04 
1.073901e+04 
1.073901e+04 
1.073901e+04 
1.073901e+04 
1.073901e+04 
1.073901e+04 
1.073901e+04 
1.073901e+04 
1.073901e+04 
1.073901e+04 
1.073901e+04 
1.073901e+04 
1.073901e+04 
1.073901e+04 
1.073901e+04 
1.073901e+04 
1.073901e+04 
1.073901e+04 
1.073901e+04 
1.073901e+04 
1.073901e+04 
1.073901e+04 
1.073901e+04 
1.073901e+04 
1.073901e+04 
1.073901e+04 
1.073901e+04 
1.073901e+04 
1.073901e+04 
1.073901e+04 
1.073901e+04 
1.073901e+04 
1.073901e+04 
1.073901e+04 
1.073901e+04 
1.073901e+04 
1.073901e+04 
1.073901e+04 
1.073901e+04 
1.073901e+04 
1.073901e+04 
1.073901e+04 
1.073901e+04 
1.073901e+04 
1.073901e+04 
1.073901e+04 
1.073901e+04 
1.073901e+04 
1.073901e+04 
1.073901e+04 
1.073901e+04 
1.073901e+04 
1.073901e+04 
1.073901e+04 
1.073901e+04 
1.073901e+04 
1.073901e+04 
1.073901e+04 
1.073901e+04 
1.073901e+04 
1.073901e+04 
1.073901e+04 
1.073901e+04 
1.073901e+04 
1.073901e+04 
1.073901e+04 
1.073901e+04 
1.073901e+04 
1.073901e+04 
1.073901e+04 
1.073901e+04 
1.073901e+04 
1.073901e+04 
1.073901e+04 
1.073901e+04 
9.641445e+03 
9.641445e+03 
9.641445e+03 
9.641445e+03 
9.641445e+03 
9.641445e+03 
9.641445e+03 
9.641445e+03 
9.641445e+03 
9.641445e+03 
9.641445e+03 
9.641445e+03 
9.641445e+03 
9.641445e+03 
9.641445e+03 
9.641445e+03 
9.641445e+03 
9.641445e+03 
9.641445e+03 
9.641445e+03 
9.641445e+03 
9.641445e+03 
9.641445e+03 
9.641445e+03 
9.641445e+03 
9.641445e+03 
9.641445e+03 
9.641445e+03 
9.641445e+03 
9.641445e+03 
9.641445e+03 
9.641445e+03 
9.641445e+03 
9.641445e+03 
9.641445e+03 
9.641445e+03 
9.641445e+03 
9.641445e+03 
9.641445e+03 
9.641445e+03 
9.641445e+03 
9.641445e+03 
9.641445e+03 
9.641445e+03 
9.641445e+03 
9.641445e+03 
9.641445e+03 
9.641445e+03 
9.641445e+03 
9.641445e+03 
9.641445e+03 
9.641445e+03 
9.641445e+03 
9.641445e+03 
9.641445e+03 
9.641445e+03 
9.641445e+03 
9.641445e+03 
9.641445e+03 
9.641445e+03 
9.641445e+03 
9.641445e+03 
9.641445e+03 
9.641445e+03 
9.641445e+03 
9.641445e+03 
9.641445e+03 
9.641445e+03 
9.641445e+03 
9.641445e+03 
9.641445e+03 
9.641445e+03 
9.641445e+03 
9.641445e+03 
9.641445e+03 
9.641445e+03 
9.641445e+03 
9.641445e+03 
9.641445e+03 
9.641445e+03 
9.641445e+03 
9.641445e+03 
9.641445e+03 
4.269962e+03 
4.269962e+03 
4.269962e+03 
4.269962e+03 
4.269962e+03 
4.269962e+03 
4.269962e+03 
4.269962e+03 
4.269962e+03 
4.269962e+03 
4.269962e+03 
4.269962e+03 
4.269962e+03 
4.269962e+03 
4.269962e+03 
4.269962e+03 
4.269962e+03 
4.269962e+03 
4.269962e+03 
4.269962e+03 
4.269962e+03 
4.269962e+03 
4.269962e+03 
4.269962e+03 
4.269962e+03 
4.269962e+03 
4.269962e+03 
4.269962e+03 
4.269962e+03 
4.269962e+03 
4.269962e+03 
4.269962e+03 
4.269962e+03 
4.269962e+03 
4.269962e+03 
4.269962e+03 
4.269962e+03 
4.269962e+03 
4.269962e+03 
4.269962e+03 
4.269962e+03 
4.269962e+03 
4.269962e+03 
4.269962e+03 
4.269962e+03 
4.269962e+03 
4.269962e+03 
4.269962e+03 
4.269962e+03 
4.269962e+03 
4.269962e+03 
4.269962e+03 
3.827310e+03 
3.827310e+03 
3.827310e+03 
3.827310e+03 
3.827310e+03 
3.827310e+03 
3.827310e+03 
3.827310e+03 
3.827310e+03 
3.827310e+03 
3.827310e+03 
3.827310e+03 
3.827310e+03 
3.827310e+03 
3.827310e+03 
3.827310e+03 
3.827310e+03 
3.827310e+03 
3.827310e+03 
3.827310e+03 
3.827310e+03 
3.827310e+03 
3.827310e+03 
3.827310e+03 
3.827310e+03 
3.827310e+03 
3.827310e+03 
3.827310e+03 
3.827310e+03 
3.827310e+03 
3.827310e+03 
3.827310e+03 
3.827310e+03 
3.827310e+03 
3.827310e+03 
3.827310e+03 
3.827310e+03 
3.827310e+03 
3.827310e+03 
3.827310e+03 
3.827310e+03 
3.827310e+03 
3.827310e+03 
3.827310e+03 
3.827310e+03 
3.827310e+03 
3.827310e+03 
3.827310e+03 
3.827310e+03 
3.827310e+03 
3.827310e+03 
3.827310e+03 
3.827310e+03 
3.827310e+03 
3.827310e+03 
3.827310e+03 
3.827310e+03 
3.827310e+03 
3.827310e+03 
3.827310e+03 
3.827310e+03 
3.827310e+03 
3.827310e+03 
3.827310e+03 
3.827310e+03 
3.827310e+03 
3.827310e+03 
3.827310e+03 
3.827310e+03 
3.827310e+03 
3.827310e+03 
3.827310e+03 
3.827310e+03 
3.827310e+03 
3.827310e+03 
3.827310e+03 
3.827310e+03 
3.827310e+03 
3.827310e+03 
3.827310e+03 
3.827310e+03 
3.827310e+03 
3.827310e+03 
3.827310e+03 
3.827310e+03 
3.827310e+03 
3.827310e+03 
3.827310e+03 
3.827310e+03 
3.827310e+03 
3.827310e+03 
3.827310e+03 
3.827310e+03 
3.827310e+03 
3.827310e+03 
3.827310e+03 
3.827310e+03 
3.827310e+03 
3.827310e+03 
3.827310e+03 
3.827310e+03 
3.827310e+03 
3.827310e+03 
3.827310e+03 
3.827310e+03 
3.827310e+03 
3.827310e+03 
3.827310e+03 
3.827310e+03 
3.827310e+03 
3.827310e+03 
3.827310e+03 
3.827310e+03 
3.827310e+03 
3.827310e+03 
3.827310e+03 
3.827310e+03 
3.827310e+03 
3.827310e+03 
3.827310e+03 
3.827310e+03 
3.827310e+03 
3.344966e+03 
3.344966e+03 
3.344966e+03 
3.344966e+03 
3.344966e+03 
3.344966e+03 
3.344966e+03 
3.344966e+03 
3.344966e+03 
3.344966e+03 
3.344966e+03 
3.344966e+03 
3.344966e+03 
3.344966e+03 
3.344966e+03 
3.344966e+03 
3.344966e+03 
3.344966e+03 
3.344966e+03 
3.344966e+03 
3.344966e+03 
3.344966e+03 
3.344966e+03 
3.344966e+03 
3.344966e+03 
3.344966e+03 
3.344966e+03 
3.344966e+03 
3.344966e+03 
3.344966e+03 
3.344966e+03 
3.344966e+03 
3.344966e+03 
3.344966e+03 
3.344966e+03 
3.344966e+03 
3.344966e+03 
3.344966e+03 
3.344966e+03 
3.344966e+03 
3.344966e+03 
3.344966e+03 
3.344966e+03 
3.344966e+03 
3.344966e+03 
3.344966e+03 
3.344966e+03 
3.344966e+03 
3.344966e+03 
3.344966e+03 
3.344966e+03 
3.344966e+03 
3.344966e+03 
3.344966e+03 
3.344966e+03 
3.344966e+03 
3.344966e+03 
3.344966e+03 
3.344966e+03 
3.344966e+03 
3.344966e+03 
3.344966e+03 
3.344966e+03 
3.344966e+03 
3.344966e+03 
3.344966e+03 
3.344966e+03 
3.344966e+03 
3.344966e+03 
3.344966e+03 
3.344966e+03 
3.344966e+03 
3.344966e+03 
3.344966e+03 
3.344966e+03 
3.344966e+03 
3.344966e+03 
3.344966e+03 
3.344966e+03 
3.344966e+03 
3.344966e+03 
3.344966e+03 
3.344966e+03 
3.344966e+03 
3.344966e+03 
3.344966e+03 
3.344966e+03 
3.344966e+03 
3.344966e+03 
3.344966e+03 
3.344966e+03 
3.029184e+03 
3.029184e+03 
3.029184e+03 
3.029184e+03 
3.029184e+03 
3.029184e+03 
3.029184e+03 
3.029184e+03 
3.014117e+03 
3.014117e+03 
3.014117e+03 
3.014117e+03 
3.014117e+03 
3.014117e+03 
3.014117e+03 
3.014117e+03 
3.014117e+03 
3.014117e+03 
3.014117e+03 
3.009404e+03 
3.009404e+03 
3.009404e+03 
3.009404e+03 
3.009404e+03 
3.009404e+03 
3.009404e+03 
3.009404e+03 
3.009404e+03 
3.009404e+03 
3.009404e+03 
3.009404e+03 
3.009404e+03 
3.009404e+03 
3.009404e+03 
3.009404e+03 
3.009404e+03 
3.009404e+03 
3.009404e+03 
3.009404e+03 
3.009404e+03 
3.009404e+03 
3.009404e+03 
3.009404e+03 
3.009404e+03 
3.009404e+03 
3.009404e+03 
3.009404e+03 
3.009404e+03 
3.009404e+03 
3.009404e+03 
3.009404e+03 
3.009404e+03 
3.009404e+03 
3.009404e+03 
3.009404e+03 
3.009404e+03 
3.009404e+03 
3.009404e+03 
3.009404e+03 
3.009404e+03 
3.009404e+03 
3.009404e+03 
3.009404e+03 
3.009404e+03 
3.009404e+03 
3.009404e+03 
3.009404e+03 
3.009404e+03 
3.009404e+03 
3.009404e+03 
3.009404e+03 
3.009404e+03 
3.009404e+03 
3.009404e+03 
3.009404e+03 
3.009404e+03 
3.009404e+03 
3.009404e+03 
3.009404e+03 
3.009404e+03 
3.009404e+03 
3.009404e+03 
3.009404e+03 
3.009404e+03 
3.009404e+03 
3.009404e+03 
3.009404e+03 
3.009404e+03 
3.009404e+03 
3.009404e+03 
3.009404e+03 
3.009404e+03 
3.009404e+03 
3.009404e+03 
3.009404e+03 
3.009404e+03 
3.009404e+03 
3.009404e+03 
3.009404e+03 
3.009404e+03 
3.009404e+03 
3.009404e+03 
3.009404e+03 
3.009404e+03 
3.009404e+03 
3.009404e+03 
3.009404e+03 
3.009404e+03 
3.009404e+03 
3.009404e+03 
3.009404e+03 
3.009404e+03 
3.009404e+03 
3.009404e+03 
3.009404e+03 
3.009404e+03 
3.009404e+03 
3.009404e+03 
3.009404e+03 
3.009404e+03 
3.009404e+03 
3.009404e+03 
3.009404e+03 
3.009404e+03 
3.009404e+03 
3.009404e+03 
3.009404e+03 
3.009404e+03 
3.009404e+03 
3.009404e+03 
3.009404e+03 
3.009404e+03 
3.009404e+03 
3.009404e+03 
3.009404e+03 
3.009404e+03 
3.009404e+03 
3.009404e+03 
3.009404e+03 
3.009404e+03 
3.009404e+03 
3.009404e+03 
3.009404e+03 
3.009404e+03 
3.009404e+03 
3.009404e+03 
3.009404e+03 
3.009404e+03 
3.009404e+03 
3.009404e+03 
3.009404e+03 
3.009404e+03 
3.009404e+03 
3.009404e+03 
3.009404e+03 
3.009404e+03 
3.009404e+03 
3.009404e+03 
3.009404e+03 
3.009404e+03 
3.009404e+03 
3.009404e+03 
3.009404e+03 
3.009404e+03 
3.009404e+03 
3.009404e+03 
3.009404e+03 
3.009404e+03 
3.009404e+03 
3.009404e+03 
3.009404e+03 
3.009404e+03 
3.009404e+03 
3.009404e+03 
3.009404e+03 
3.009404e+03 
3.009404e+03 
3.009404e+03 
3.009404e+03 
3.009404e+03 
3.009404e+03 
3.009404e+03 
3.009404e+03 
3.009404e+03 
3.009404e+03 
3.009404e+03 
3.009404e+03 
3.009404e+03 
3.009404e+03 
3.009404e+03 
3.009404e+03 
2.985679e+03 
2.985679e+03 
2.985679e+03 
2.985679e+03 
2.985679e+03 
2.985679e+03 
2.985679e+03 
2.985679e+03 
2.985679e+03 
2.985679e+03 
2.985679e+03 
2.985679e+03 
2.985679e+03 
2.985679e+03 
2.985679e+03 
2.985679e+03 
2.985679e+03 
2.985679e+03 
2.985679e+03 
2.985679e+03 
2.985679e+03 
2.985679e+03 
2.985679e+03 
2.985679e+03 
2.985679e+03 
2.985679e+03 
2.985679e+03 
2.985679e+03 
2.985679e+03 
2.985679e+03 
2.985679e+03 
2.985679e+03 
2.985679e+03 
2.985679e+03 
2.985679e+03 
2.985679e+03 
2.985679e+03 
2.985679e+03 
2.985679e+03 
2.985679e+03 
2.983191e+03 
2.983191e+03 
2.983191e+03 
2.983191e+03 
2.983191e+03 
2.983191e+03 
2.983191e+03 
2.983191e+03 
2.983191e+03 
2.983191e+03 
2.983191e+03 
2.983191e+03 
2.983191e+03 
2.983191e+03 
2.983191e+03 
2.983191e+03 
2.983191e+03 
2.983191e+03 
2.983191e+03 
2.983191e+03 
2.983191e+03 
2.983191e+03 
2.983191e+03 
2.983191e+03 
2.983191e+03 
2.983191e+03 
2.983191e+03 
2.983191e+03 
2.983191e+03 
2.983191e+03 
2.983191e+03 
2.983191e+03 
2.983191e+03 
2.983191e+03 
2.983191e+03 
2.983191e+03 
2.983191e+03 
2.983191e+03 
2.983191e+03 
2.983191e+03 
2.983191e+03 
2.983191e+03 
2.983191e+03 
2.983191e+03 
2.983191e+03 
2.983191e+03 
2.983191e+03 
2.983191e+03 
2.983191e+03 
2.983191e+03 
2.983191e+03 
2.983191e+03 
2.983191e+03 
2.983191e+03 
2.983191e+03 
2.983191e+03 
2.983191e+03 
2.983191e+03 
2.983191e+03 
2.983191e+03 
2.983191e+03 
2.983191e+03 
2.983191e+03 
2.983191e+03 
2.983191e+03 
2.983191e+03 
2.983191e+03 
2.983191e+03 
2.983191e+03 
2.983191e+03 
2.983191e+03 
2.983191e+03 
2.983191e+03 
2.983191e+03 
2.983191e+03 
2.983191e+03 
2.983191e+03 
2.983191e+03 
2.983191e+03 
2.983191e+03 
2.983191e+03 
2.983191e+03 
2.983191e+03 
2.983191e+03 
2.983191e+03 
2.983191e+03 
2.983191e+03 
2.983191e+03 
2.983191e+03 
2.983191e+03 
2.983191e+03 
2.983191e+03 
2.983191e+03 
2.983191e+03 
2.983191e+03 
2.983191e+03 
2.983191e+03 
2.983191e+03 
2.983191e+03 
2.983191e+03 
2.983191e+03 
2.983191e+03 
2.983191e+03 
2.983191e+03 
2.983191e+03 
2.983191e+03 
2.983191e+03 
2.983191e+03 
2.983191e+03 
2.983191e+03 
2.983191e+03 
2.983191e+03 
2.983191e+03 
2.983191e+03 
2.983191e+03 
2.983191e+03 
2.983191e+03 
2.983191e+03 
2.983191e+03 
2.983191e+03 
2.983191e+03 
2.983191e+03 
2.983191e+03 
2.983191e+03 
2.983191e+03 
2.983191e+03 
2.983191e+03 
2.983191e+03 
2.983191e+03 
2.983191e+03 
2.983191e+03 
2.983191e+03 
2.983191e+03 
2.983191e+03 
2.983191e+03 
2.983191e+03 
2.983191e+03 
2.983191e+03 
2.983191e+03 
2.983191e+03 
2.983191e+03 
2.983191e+03 
2.983191e+03 
2.983191e+03 
2.983191e+03 
2.983191e+03 
2.983191e+03 
2.983191e+03 
2.983191e+03 
2.983191e+03 
2.983191e+03 
2.983191e+03 
2.983191e+03 
2.983191e+03 
2.983191e+03 
2.983191e+03 
2.983191e+03 
2.983191e+03 
2.983191e+03 
2.983191e+03 
2.983191e+03 
2.983191e+03 
2.983191e+03 
2.983191e+03 
2.983191e+03 
2.983191e+03 
2.983191e+03 
2.983191e+03 
2.983191e+03 
2.983191e+03 
2.983191e+03 
2.983191e+03 
2.983191e+03 
2.983191e+03 
2.983191e+03 
2.983191e+03 
2.983191e+03 
2.983191e+03 
2.983191e+03 
2.983191e+03 
2.983191e+03 
2.983191e+03 
2.983191e+03 
2.983191e+03 
2.983191e+03 
2.983191e+03 
2.983191e+03 
2.983191e+03 
2.983191e+03 
2.983191e+03 
2.983191e+03 
2.983191e+03 
2.983191e+03 
2.983191e+03 
2.983191e+03 
2.983191e+03 
2.983191e+03 
2.983191e+03 
2.983191e+03 
2.983191e+03 
2.983191e+03 
2.983191e+03 
2.983191e+03 
2.983191e+03 
2.983191e+03 
2.983191e+03 
2.983191e+03 
2.983191e+03 
2.983191e+03 
2.983191e+03 
2.983191e+03 
2.983191e+03 
2.983191e+03 
2.983191e+03 
2.983191e+03 
2.983191e+03 
2.983191e+03 
2.983191e+03 
2.983191e+03 
2.983191e+03 
2.983191e+03 
2.983191e+03 
2.983191e+03 
2.983191e+03 
2.983191e+03 
2.983191e+03 
2.983191e+03 
2.983191e+03 
2.983191e+03 
2.983191e+03 
2.983191e+03 
2.983191e+03 
2.983191e+03 
2.983191e+03 
2.983191e+03 
2.983191e+03 
2.983191e+03 
2.983191e+03 
2.983191e+03 
2.983191e+03 
2.983191e+03 
2.983191e+03 
2.983191e+03 
2.983191e+03 
2.983191e+03 
2.983191e+03 
2.983191e+03 
2.983191e+03 
2.983191e+03 
2.983191e+03 
2.983191e+03 
2.983191e+03 
2.983191e+03 
2.983191e+03 
2.983191e+03 
2.983191e+03 
2.983191e+03 
2.983191e+03 
2.983191e+03 
2.983191e+03 
2.983191e+03 
2.983191e+03 
2.983191e+03 
2.983191e+03 
2.983191e+03 
2.983191e+03 
2.983191e+03 
2.983191e+03 
2.983191e+03 
2.983191e+03 
2.983191e+03 
2.983191e+03 
2.983191e+03 
2.983191e+03 
2.983191e+03 
2.983191e+03 
2.983191e+03 
2.983191e+03 
2.983191e+03 
2.983191e+03 
2.983191e+03 
2.983191e+03 
2.983191e+03 
2.983191e+03 
2.983191e+03 
2.983191e+03 
2.983191e+03 
2.983191e+03 
2.983191e+03 
2.983191e+03 
2.983191e+03 
2.983191e+03 
2.983191e+03 
2.983191e+03 
2.983191e+03 
2.983191e+03 
2.983191e+03 
2.983191e+03 
2.983191e+03 
2.983191e+03 
2.983191e+03 
2.983191e+03 
2.983191e+03 
2.983191e+03 
2.983191e+03 
2.983191e+03 
2.983191e+03 
2.983191e+03 
2.983191e+03 
2.983191e+03 
2.983191e+03 
2.983191e+03 
2.983191e+03 
2.983191e+03 
2.983191e+03 
2.983191e+03 
2.983191e+03 
2.983191e+03 
2.983191e+03 
2.983191e+03 
2.983191e+03 
2.983191e+03 
2.983191e+03 
2.983191e+03 
2.983191e+03 
2.983191e+03 
2.983191e+03 
2.983191e+03 
2.983191e+03 
2.983191e+03 
2.983191e+03 
2.983191e+03 
2.983191e+03 
2.983191e+03 
2.983191e+03 
2.983191e+03 
2.948554e+03 
2.948554e+03 
2.948554e+03 
2.948554e+03 
2.948554e+03 
2.948554e+03 
2.948554e+03 
2.948554e+03 
2.948554e+03 
2.948554e+03 
2.948554e+03 
2.948554e+03 
2.948554e+03 
2.948554e+03 
2.948554e+03 
2.948554e+03 
2.948554e+03 
2.948554e+03 
2.948554e+03 
2.948554e+03 
2.948554e+03 
2.948554e+03 
2.948554e+03 
2.948554e+03 
2.948554e+03 
2.948554e+03 
2.948554e+03 
2.948554e+03 
2.948554e+03 
2.948554e+03 
2.948554e+03 
2.948554e+03 
2.948554e+03 
2.948554e+03 
2.948554e+03 
2.948554e+03 
2.948554e+03 
2.927652e+03 
2.927652e+03 
2.927652e+03 
2.927652e+03 
2.927652e+03 
2.927652e+03 
2.927652e+03 
2.927652e+03 
2.927652e+03 
2.927652e+03 
2.927652e+03 
2.927652e+03 
2.927652e+03 
2.927652e+03 
2.927652e+03 
2.927652e+03 
2.927652e+03 
2.927652e+03 
2.927652e+03 
2.927652e+03 
2.927652e+03 
2.927652e+03 
2.927652e+03 
2.927652e+03 
2.927564e+03 
2.927564e+03 
2.927564e+03 
2.927564e+03 
2.927564e+03 
2.927564e+03 
2.927564e+03 
2.927564e+03 
2.927564e+03 
2.927564e+03 
2.927564e+03 
2.927564e+03 
2.927564e+03 
2.927564e+03 
2.927564e+03 
2.927564e+03 
2.927564e+03 
2.927564e+03 
2.927564e+03 
2.927564e+03 
2.927564e+03 
2.927564e+03 
2.927564e+03 
2.927564e+03 
2.927564e+03 
2.927564e+03 
2.927564e+03 
2.927564e+03 
2.927564e+03 
2.927564e+03 
2.927564e+03 
2.927564e+03 
2.927564e+03 
2.927564e+03 
2.927564e+03 
2.927564e+03 
2.927564e+03 
2.927564e+03 
2.927564e+03 
2.927564e+03 
2.927564e+03 
2.927564e+03 
2.927564e+03 
2.927564e+03 
2.927564e+03 
2.927564e+03 
2.927564e+03 
2.927564e+03 
2.927564e+03 
2.927564e+03 
2.927564e+03 
2.927564e+03 
2.927564e+03 
2.927564e+03 
2.927564e+03 
2.927564e+03 
2.927564e+03 
2.927564e+03 
2.927564e+03 
2.927564e+03 
2.927564e+03 
2.927564e+03 
2.927564e+03 
2.927564e+03 
2.927564e+03 
2.927564e+03 
2.927564e+03 
2.927564e+03 
2.927564e+03 
2.927564e+03 
2.927564e+03 
2.927564e+03 
2.927564e+03 
2.927564e+03 
2.927564e+03 
2.927564e+03 
2.927564e+03 
2.927564e+03 
2.927564e+03 
2.927564e+03 
2.927564e+03 
2.927564e+03 
2.927564e+03 
2.927564e+03 
2.927564e+03 
2.927564e+03 
2.927564e+03 
2.927564e+03 
2.927564e+03 
2.927564e+03 
2.927564e+03 
2.927564e+03 
2.927564e+03 
2.927564e+03 
2.927564e+03 
2.927564e+03 
2.927564e+03 
2.927564e+03 
2.927564e+03 
2.927564e+03 
2.927564e+03 
2.926246e+03 
2.926246e+03 
2.926246e+03 
2.926246e+03 
2.926246e+03 
2.926246e+03 
2.926246e+03 
2.926246e+03 
2.926246e+03 
2.926246e+03 
2.926246e+03 
2.926246e+03 
2.926246e+03 
2.926246e+03 
2.926246e+03 
2.926246e+03 
2.926246e+03 
2.926246e+03 
2.926246e+03 
2.926246e+03 
2.926246e+03 
2.926246e+03 
2.926246e+03 
2.926246e+03 
2.926246e+03 
2.926246e+03 
2.926246e+03 
2.926246e+03 
2.926246e+03 
2.926246e+03 
2.926246e+03 
2.926246e+03 
2.926246e+03 
2.926246e+03 
2.926246e+03 
2.926246e+03 
2.926246e+03 
2.926246e+03 
2.926246e+03 
2.926246e+03 
2.926246e+03 
2.926246e+03 
2.926246e+03 
2.926246e+03 
2.926246e+03 
2.926246e+03 
2.926246e+03 
2.926246e+03 
2.926246e+03 
2.926246e+03 
2.926246e+03 
2.926246e+03 
2.926246e+03 
2.926246e+03 
2.926246e+03 
2.926246e+03 
2.926246e+03 
2.926246e+03 
2.926246e+03 
2.926246e+03 
2.926246e+03 
2.926246e+03 
2.926246e+03 
2.926246e+03 
2.926246e+03 
2.926246e+03 
2.926246e+03 
2.926246e+03 
2.926246e+03 
2.926246e+03 
2.926246e+03 
2.926246e+03 
2.926246e+03 
2.926246e+03 
2.926246e+03 
2.926246e+03 
2.926246e+03 
2.926246e+03 
2.926246e+03 
2.926246e+03 
2.926246e+03 
2.926246e+03 
2.926246e+03 
2.926246e+03 
2.926246e+03 
2.926246e+03 
2.926246e+03 
2.926246e+03 
2.926246e+03 
2.926246e+03 
2.926246e+03 
2.926246e+03 
2.926246e+03 
2.926246e+03 
2.926246e+03 
2.926246e+03 
2.926246e+03 
2.926246e+03 
2.926246e+03 
2.926246e+03 
2.926246e+03 
2.926246e+03 
2.926246e+03 
2.926246e+03 
2.926246e+03 
2.926246e+03 
2.926246e+03 
2.926246e+03 
2.926246e+03 
2.926246e+03 
2.926246e+03 
2.926246e+03 
2.926246e+03 
2.926246e+03 
2.926246e+03 
2.926246e+03 
2.926246e+03 
2.926246e+03 
2.926246e+03 
2.926246e+03 
2.926246e+03 
2.926246e+03 
2.926246e+03 
2.926246e+03 
2.926246e+03 
2.926246e+03 
2.926246e+03 
2.926246e+03 
2.926246e+03 
2.926246e+03 
2.926246e+03 
2.926246e+03 
2.926246e+03 
2.926246e+03 
2.926246e+03 
2.926246e+03 
2.926246e+03 
2.926246e+03 
2.926246e+03 
2.926246e+03 
2.926246e+03 
2.926246e+03 
2.926246e+03 
2.926246e+03 
2.926246e+03 
2.926246e+03 
2.926246e+03 
2.926246e+03 
2.926246e+03 
2.926246e+03 
2.926246e+03 
2.926246e+03 
2.926246e+03 
2.926246e+03 
2.926246e+03 
2.926246e+03 
2.926246e+03 
2.926246e+03 
2.926246e+03 
2.926246e+03 
2.926246e+03 
2.926246e+03 
2.926246e+03 
2.926246e+03 
2.926246e+03 
2.926246e+03 
2.926246e+03 
2.926246e+03 
2.926246e+03 
2.926246e+03 
2.926246e+03 
2.926246e+03 
2.926246e+03 
2.926246e+03 
2.926246e+03 
2.926246e+03 
2.926246e+03 
2.926246e+03 
2.926246e+03 
2.926246e+03 
2.926246e+03 
2.926246e+03 
2.926246e+03 
2.926246e+03 
2.926246e+03 
2.926246e+03 
2.926246e+03 
2.926246e+03 
2.926246e+03 
2.926246e+03 
2.926246e+03 
2.926246e+03 
2.926246e+03 
2.926246e+03 
2.926246e+03 
2.926246e+03 
2.926246e+03 
2.926246e+03 
2.926246e+03 
2.926246e+03 
2.926246e+03 
2.926246e+03 
2.926246e+03 
2.926246e+03 
2.926246e+03 
2.926246e+03 
2.926246e+03 
2.926246e+03 
2.926246e+03 
2.926246e+03 
2.926246e+03 
2.926246e+03 
2.926246e+03 
2.926246e+03 
2.926246e+03 
2.925967e+03 
2.925967e+03 
2.925967e+03 
2.925967e+03 
2.925967e+03 
2.925967e+03 
2.925967e+03 
2.925967e+03 
2.925967e+03 
2.925967e+03 
2.925966e+03 
2.925966e+03 
2.925966e+03 
2.925966e+03 
2.925966e+03 
2.925966e+03 
2.925966e+03 
2.925966e+03 
2.925966e+03 
2.925966e+03 
2.925966e+03 
2.925966e+03 
2.925966e+03 
2.925966e+03 
2.925966e+03 
2.925966e+03 
2.925966e+03 
2.925966e+03 
2.925966e+03 
2.925966e+03 
2.925966e+03 
2.925966e+03 
2.925966e+03 
2.925966e+03 
2.925966e+03 
2.925966e+03 
2.925966e+03 
2.925966e+03 
2.925966e+03 
2.925966e+03 
2.925966e+03 
2.925966e+03 
2.925966e+03 
2.925966e+03 
2.925966e+03 
2.925966e+03 
2.925966e+03 
2.925966e+03 
2.925966e+03 
2.925966e+03 
2.925966e+03 
2.925966e+03 
2.925966e+03 
2.925966e+03 
2.925966e+03 
2.925966e+03 
2.925966e+03 
2.925966e+03 
2.925966e+03 
2.925966e+03 
2.925966e+03 
2.925966e+03 
2.925966e+03 
2.925966e+03 
2.925966e+03 
2.925966e+03 
2.925966e+03 
2.925966e+03 
2.925966e+03 
2.925966e+03 
2.925966e+03 
2.925966e+03 
2.925966e+03 
2.925966e+03 
2.925966e+03 
2.925966e+03 
2.925966e+03 
2.925966e+03 
2.925966e+03 
2.925966e+03 
2.925966e+03 
2.925966e+03 
2.925966e+03 
2.925966e+03 
2.925966e+03 
2.925966e+03 
2.925966e+03 
2.925966e+03 
2.925966e+03 
2.925966e+03 
2.925966e+03 
2.925966e+03 
2.925966e+03 
2.925966e+03 
2.925966e+03 
2.925966e+03 
2.925966e+03 
2.925966e+03 
2.925966e+03 
2.925966e+03 
2.925966e+03 
2.925966e+03 
2.925966e+03 
2.925966e+03 
2.925966e+03 
2.925966e+03 
2.925966e+03 
2.925966e+03 
2.925966e+03 
2.925966e+03 
2.589645e+03 
2.589645e+03 
2.589645e+03 
2.589645e+03 
2.589645e+03 
2.589645e+03 
2.589645e+03 
2.589645e+03 
2.589645e+03 
2.589645e+03 
2.589645e+03 
2.589645e+03 
2.589645e+03 
2.589645e+03 
2.589645e+03 
2.589645e+03 
2.589645e+03 
2.589645e+03 
2.589645e+03 
2.589645e+03 
2.589645e+03 
2.589645e+03 
2.589645e+03 
2.589645e+03 
2.589645e+03 
2.589645e+03 
2.589645e+03 
2.589645e+03 
2.589645e+03 
2.589645e+03 
2.589645e+03 
2.589645e+03 
2.589645e+03 
2.589645e+03 
2.589645e+03 
2.589645e+03 
2.589645e+03 
2.589645e+03 
2.589645e+03 
2.589645e+03 
2.589645e+03 
2.431417e+03 
2.431417e+03 
2.431417e+03 
2.431417e+03 
2.431417e+03 
2.431417e+03 
2.431417e+03 
2.431417e+03 
2.431417e+03 
2.431417e+03 
2.431417e+03 
2.431417e+03 
2.431417e+03 
2.431417e+03 
2.431417e+03 
2.431417e+03 
2.431417e+03 
2.431417e+03 
2.431417e+03 
2.431417e+03 
2.431417e+03 
2.431417e+03 
2.431417e+03 
2.431417e+03 
2.431417e+03 
2.431417e+03 
2.431417e+03 
2.431417e+03 
2.431417e+03 
2.431417e+03 
2.431417e+03 
2.431417e+03 
2.431417e+03 
2.431417e+03 
2.431417e+03 
2.431417e+03 
2.431417e+03 
2.431417e+03 
2.431417e+03 
2.431417e+03 
2.431417e+03 
2.431417e+03 
2.431417e+03 
2.431417e+03 
2.431417e+03 
2.431417e+03 
2.431417e+03 
2.431417e+03 
2.431417e+03 
2.431417e+03 
2.431417e+03 
2.431417e+03 
2.431417e+03 
2.431417e+03 
2.431417e+03 
2.431417e+03 
2.431417e+03 
2.431417e+03 
2.431417e+03 
2.431417e+03 
2.431417e+03 
2.431417e+03 
2.431417e+03 
2.431417e+03 
2.431417e+03 
2.431417e+03 
2.431417e+03 
2.405720e+03 
2.405720e+03 
2.405720e+03 
2.405720e+03 
2.405720e+03 
2.405720e+03 
2.405720e+03 
2.405720e+03 
2.405720e+03 
2.405720e+03 
2.405720e+03 
2.405720e+03 
2.405720e+03 
2.405720e+03 
2.405720e+03 
2.405720e+03 
2.405720e+03 
2.405720e+03 
2.405720e+03 
2.405720e+03 
2.405720e+03 
2.405720e+03 
2.405720e+03 
2.405720e+03 
2.405720e+03 
2.405720e+03 
2.405720e+03 
2.357352e+03 
2.357352e+03 
2.357352e+03 
2.357352e+03 
2.357352e+03 
2.357352e+03 
2.357352e+03 
2.357352e+03 
2.357352e+03 
2.357352e+03 
2.357352e+03 
2.357352e+03 
2.357352e+03 
2.357352e+03 
2.357352e+03 
2.357352e+03 
2.355423e+03 
2.355423e+03 
2.355423e+03 
2.355423e+03 
2.355423e+03 
2.355423e+03 
2.355423e+03 
2.355423e+03 
2.355423e+03 
2.355423e+03 
2.355423e+03 
2.355423e+03 
2.355423e+03 
2.355423e+03 
2.355423e+03 
2.355423e+03 
2.355423e+03 
2.355423e+03 
2.355423e+03 
2.355423e+03 
2.355423e+03 
2.355423e+03 
2.355423e+03 
2.355423e+03 
2.355423e+03 
2.355423e+03 
2.355423e+03 
2.355423e+03 
2.355423e+03 
2.355423e+03 
2.355423e+03 
2.355423e+03 
2.355423e+03 
2.355423e+03 
2.355423e+03 
2.355423e+03 
2.355423e+03 
2.355423e+03 
2.355423e+03 
2.355423e+03 
2.355423e+03 
2.355423e+03 
2.355423e+03 
2.355423e+03 
2.355423e+03 
2.355423e+03 
2.355423e+03 
2.355423e+03 
2.355423e+03 
2.355423e+03 
2.355423e+03 
2.355423e+03 
2.355423e+03 
2.355423e+03 
2.355423e+03 
2.355423e+03 
2.355423e+03 
2.355423e+03 
2.355423e+03 
2.355423e+03 
2.355423e+03 
2.355423e+03 
2.355423e+03 
2.355423e+03 
2.355423e+03 
2.355423e+03 
2.355423e+03 
2.355423e+03 
2.355423e+03 
2.355423e+03 
2.355423e+03 
2.355423e+03 
2.355423e+03 
2.355423e+03 
2.355423e+03 
2.355423e+03 
2.355423e+03 
2.355423e+03 
2.355408e+03 
2.355408e+03 
2.355408e+03 
2.355408e+03 
2.355408e+03 
2.355408e+03 
2.355408e+03 
2.355408e+03 
2.355408e+03 
2.355408e+03 
2.355401e+03 
2.355401e+03 
2.355401e+03 
2.355401e+03 
2.355401e+03 
2.355401e+03 
2.355401e+03 
2.355401e+03 
2.355401e+03 
2.355401e+03 
2.355401e+03 
2.355401e+03 
2.355401e+03 
2.355401e+03 
2.355401e+03 
2.355401e+03 
2.355401e+03 
2.355401e+03 
2.355401e+03 
2.355401e+03 
2.355401e+03 
2.355401e+03 
2.355401e+03 
2.355401e+03 
2.355401e+03 
2.355401e+03 
2.355401e+03 
2.355401e+03 
2.355401e+03 
2.355401e+03 
2.355401e+03 
2.355401e+03 
2.355401e+03 
2.355399e+03 
2.355398e+03 
2.355398e+03 
2.355398e+03 
2.355398e+03 
2.355391e+03 
2.355385e+03 
2.355380e+03 
2.355377e+03 
2.355375e+03 
2.355373e+03 
2.355371e+03 
2.355370e+03 
2.355369e+03 
2.355369e+03 
2.355368e+03 
2.355368e+03 
2.355367e+03 
2.355367e+03 
2.355367e+03 
2.355367e+03 
2.355367e+03 
2.355367e+03 
2.355366e+03 
2.355366e+03 
2.355366e+03 
2.355366e+03 
2.355366e+03 
2.355366e+03 
2.355366e+03 
2.355366e+03 
2.355366e+03 
2.355366e+03 
2.355366e+03 
2.266718e+03 
2.266718e+03 
2.266718e+03 
2.266718e+03 
2.266718e+03 
2.266718e+03 
2.266718e+03 
2.266718e+03 
2.266718e+03 
2.266718e+03 
2.266718e+03 
2.266718e+03 
2.266718e+03 
2.266718e+03 
2.266718e+03 
2.266718e+03 
2.266718e+03 
2.266718e+03 
2.266718e+03 
2.266718e+03 
2.266718e+03 
2.266718e+03 
2.266718e+03 
2.266718e+03 
2.266718e+03 
2.266718e+03 
2.266718e+03 
2.266718e+03 
2.266718e+03 
2.266718e+03 
2.266718e+03 
2.266718e+03 
2.266718e+03 
2.266718e+03 
2.266718e+03 
2.266718e+03 
2.266718e+03 
2.266718e+03 
2.266718e+03 
2.266718e+03 
2.266718e+03 
2.266718e+03 
2.266718e+03 
2.266718e+03 
2.266718e+03 
2.266718e+03 
2.266718e+03 
2.266718e+03 
2.266718e+03 
2.266718e+03 
2.266718e+03 
2.266718e+03 
2.266718e+03 
2.266718e+03 
2.266718e+03 
2.266718e+03 
2.266718e+03 
2.266718e+03 
2.266718e+03 
2.266718e+03 
2.266718e+03 
2.266718e+03 
2.265616e+03 
2.265616e+03 
2.265616e+03 
2.265616e+03 
2.265616e+03 
2.265616e+03 
2.265616e+03 
2.265616e+03 
2.265616e+03 
2.265616e+03 
2.265616e+03 
2.265616e+03 
2.265616e+03 
2.265616e+03 
2.265616e+03 
2.265616e+03 
2.265616e+03 
2.265616e+03 
2.265616e+03 
2.265616e+03 
2.265616e+03 
2.265616e+03 
2.265616e+03 
2.265616e+03 
2.265616e+03 
2.265616e+03 
2.265616e+03 
2.265616e+03 
2.265616e+03 
2.265616e+03 
2.265616e+03 
2.265616e+03 
2.265616e+03 
2.265616e+03 
2.265616e+03 
2.265616e+03 
2.265616e+03 
2.265616e+03 
2.265616e+03 
2.265616e+03 
2.265616e+03 
2.265616e+03 
2.265616e+03 
2.265616e+03 
2.265616e+03 
2.265616e+03 
2.265616e+03 
2.265616e+03 
2.265616e+03 
2.265616e+03 
2.265616e+03 
2.236790e+03 
2.236790e+03 
2.236790e+03 
2.236790e+03 
2.236790e+03 
2.236790e+03 
2.236790e+03 
2.236790e+03 
2.236790e+03 
2.236790e+03 
2.236790e+03 
2.236790e+03 
2.236790e+03 
2.236790e+03 
2.236790e+03 
2.236790e+03 
2.236790e+03 
2.236790e+03 
2.236790e+03 
2.236790e+03 
2.236790e+03 
2.236790e+03 
2.236790e+03 
2.236790e+03 
2.236790e+03 
2.236790e+03 
2.236790e+03 
2.236790e+03 
2.236790e+03 
2.236790e+03 
2.236790e+03 
2.236790e+03 
2.236790e+03 
2.236790e+03 
2.236790e+03 
2.236790e+03 
2.236790e+03 
2.236790e+03 
2.236790e+03 
2.236790e+03 
2.236790e+03 
2.236790e+03 
2.236790e+03 
2.236790e+03 
2.236790e+03 
2.236790e+03 
2.236790e+03 
2.236790e+03 
2.236790e+03 
2.236790e+03 
2.236790e+03 
2.236790e+03 
2.236790e+03 
2.236790e+03 
2.236790e+03 
2.236790e+03 
2.236790e+03 
2.236790e+03 
2.236790e+03 
2.236790e+03 
2.236790e+03 
2.236790e+03 
2.236790e+03 
2.236790e+03 
2.236790e+03 
2.236790e+03 
2.236790e+03 
2.236790e+03 
2.236790e+03 
2.236790e+03 
2.236790e+03 
2.236790e+03 
2.236790e+03 
2.236790e+03 
2.236790e+03 
2.236790e+03 
2.236790e+03 
2.236790e+03 
2.236790e+03 
2.236790e+03 
2.236790e+03 
2.236790e+03 
2.236790e+03 
2.236579e+03 
2.236579e+03 
2.236579e+03 
2.236579e+03 
2.236579e+03 
2.236579e+03 
2.236579e+03 
2.236579e+03 
2.236579e+03 
2.236579e+03 
2.236579e+03 
2.236579e+03 
2.236579e+03 
2.236579e+03 
2.236579e+03 
2.236579e+03 
2.236579e+03 
2.236579e+03 
2.236579e+03 
2.236579e+03 
2.236579e+03 
2.236579e+03 
2.236579e+03 
2.236579e+03 
2.236579e+03 
2.236579e+03 
2.236579e+03 
2.236579e+03 
2.236579e+03 
2.236579e+03 
2.207505e+03 
2.207505e+03 
2.207505e+03 
2.207505e+03 
2.207505e+03 
2.207505e+03 
2.207505e+03 
2.207505e+03 
2.207505e+03 
2.207505e+03 
2.207505e+03 
2.207505e+03 
2.207505e+03 
2.207505e+03 
2.207505e+03 
2.207505e+03 
2.207505e+03 
2.207505e+03 
2.207505e+03 
2.207505e+03 
2.207505e+03 
2.207505e+03 
2.207505e+03 
2.207505e+03 
2.207505e+03 
2.207505e+03 
2.207505e+03 
2.207505e+03 
2.207505e+03 
2.207505e+03 
2.207505e+03 
2.207505e+03 
2.207505e+03 
2.207505e+03 
2.207505e+03 
2.207505e+03 
2.207505e+03 
2.207505e+03 
2.207505e+03 
2.207505e+03 
2.207505e+03 
2.207505e+03 
2.207505e+03 
2.207505e+03 
2.207505e+03 
2.207505e+03 
2.207505e+03 
2.207505e+03 
2.207505e+03 
2.207505e+03 
2.207505e+03 
2.207505e+03 
2.207505e+03 
2.207505e+03 
2.207505e+03 
2.207505e+03 
2.207505e+03 
2.207505e+03 
2.207505e+03 
2.207505e+03 
2.207505e+03 
2.207505e+03 
2.207505e+03 
2.207505e+03 
2.207505e+03 
2.207505e+03 
2.199630e+03 
2.199630e+03 
2.184412e+03 
2.184412e+03 
2.184412e+03 
2.184412e+03 
2.184412e+03 
2.184412e+03 
2.184412e+03 
2.184412e+03 
2.184412e+03 
2.184412e+03 
2.184412e+03 
2.184412e+03 
2.183916e+03 
2.183916e+03 
2.183916e+03 
2.183916e+03 
2.183916e+03 
2.183916e+03 
2.183916e+03 
2.183916e+03 
2.183916e+03 
2.183916e+03 
2.183916e+03 
2.183916e+03 
2.183916e+03 
2.183916e+03 
2.183916e+03 
2.183916e+03 
2.183916e+03 
2.183916e+03 
2.183916e+03 
2.183916e+03 
2.177049e+03 
2.177049e+03 
2.177049e+03 
2.177049e+03 
2.177049e+03 
2.177049e+03 
2.177049e+03 
2.177049e+03 
2.177049e+03 
2.177049e+03 
2.177049e+03 
2.177049e+03 
2.177049e+03 
2.177049e+03 
2.177049e+03 
2.177049e+03 
2.177049e+03 
2.177049e+03 
2.177049e+03 
2.177049e+03 
2.177049e+03 
2.177049e+03 
2.177049e+03 
2.177049e+03 
2.177049e+03 
2.177049e+03 
2.177049e+03 
2.177049e+03 
2.177049e+03 
2.177049e+03 
2.177049e+03 
2.177049e+03 
2.176661e+03 
2.175584e+03 
2.175584e+03 
2.175415e+03 
2.175415e+03 
2.175415e+03 
2.175415e+03 
2.175415e+03 
2.175415e+03 
2.174816e+03 
2.174816e+03 
2.174816e+03 
2.174816e+03 
2.174816e+03 
2.174816e+03 
2.174816e+03 
2.174816e+03 
2.174816e+03 
2.174816e+03 
2.174816e+03 
2.174816e+03 
2.174816e+03 
2.174816e+03 
2.174816e+03 
2.174816e+03 
2.174816e+03 
2.174816e+03 
2.174816e+03 
2.174816e+03 
2.174816e+03 
2.174816e+03 
2.174816e+03 
2.174816e+03 
2.174816e+03 
2.174816e+03 
2.174816e+03 
2.174816e+03 
2.174816e+03 
2.174604e+03 
2.174604e+03 
2.174604e+03 
2.174604e+03 
2.174604e+03 
2.174604e+03 
2.174604e+03 
2.174604e+03 
2.174604e+03 
2.174604e+03 
2.174590e+03 
2.174590e+03 
2.174590e+03 
2.174590e+03 
2.174590e+03 
2.174588e+03 
2.174588e+03 
2.174588e+03 
2.174588e+03 
2.174588e+03 
2.174588e+03 
2.174588e+03 
2.174588e+03 
2.174587e+03 
2.174587e+03 
2.174587e+03 
2.174587e+03 
2.174587e+03 
2.174586e+03 
2.174586e+03 
2.174586e+03 
2.174586e+03 
2.174586e+03 
2.174586e+03 
2.174585e+03 
2.174585e+03 
2.174585e+03 
2.174584e+03 
2.174584e+03 
2.174584e+03 
2.174584e+03 
2.174584e+03 
2.174584e+03 
2.174584e+03 
2.174584e+03 
2.174584e+03 
2.174584e+03 
2.174584e+03 
2.174584e+03 
2.174584e+03 
2.174584e+03 
2.174584e+03 
2.174584e+03 
2.174584e+03 
2.174584e+03 
2.174584e+03 
2.174584e+03 
2.174584e+03 
2.174584e+03 
2.174584e+03 
2.174584e+03 
2.174584e+03 
2.174584e+03 
2.174584e+03 
2.174584e+03 
2.174584e+03 
2.174584e+03 
2.174584e+03 
2.174584e+03 
2.174584e+03 
2.174584e+03 
2.174584e+03 
2.174584e+03 
2.174584e+03 
2.174584e+03 
2.174584e+03 
2.174584e+03 
2.174584e+03 
2.174584e+03 
2.174584e+03 
2.174584e+03 
2.174584e+03 
2.174584e+03 
2.174584e+03 
2.174584e+03 
2.174584e+03 
2.174584e+03 
2.174584e+03 
2.174584e+03 
2.174584e+03 
2.174584e+03 
2.174584e+03 
2.174584e+03 
2.174584e+03 
2.174584e+03 
2.174584e+03 
2.174584e+03 
2.174584e+03 
2.174584e+03 
2.174584e+03 
2.174584e+03 
2.174584e+03 
2.174584e+03 
2.174584e+03 
2.174584e+03 
2.174584e+03 
2.174584e+03 
2.174584e+03 
2.174584e+03 
2.174584e+03 
2.174584e+03 
2.174584e+03 
2.174584e+03 
2.174584e+03 
2.174584e+03 
2.174584e+03 
2.174584e+03 
2.174584e+03 
2.174584e+03 
2.174584e+03 
2.174584e+03 
2.174584e+03 
2.174584e+03 
2.174584e+03 
2.174584e+03 
2.174584e+03 
2.174584e+03 
2.174584e+03 
2.174584e+03 
2.174584e+03 
2.174584e+03 
2.174584e+03 
2.174584e+03 
2.174584e+03 
2.174584e+03 
2.174584e+03 
2.174584e+03 
2.174584e+03 
2.174584e+03 
2.174584e+03 
2.174584e+03 
2.174584e+03 
2.174584e+03 
2.174584e+03 
2.174584e+03 
2.174584e+03 
2.174584e+03 
2.174584e+03 
2.174584e+03 
2.174584e+03 
2.174584e+03 
2.174584e+03 
2.174584e+03 
2.174584e+03 
2.174584e+03 
2.174584e+03 
2.174584e+03 
2.174584e+03 
2.174584e+03 
2.174584e+03 
2.174584e+03 
2.174584e+03 
2.174584e+03 
2.174584e+03 
2.174584e+03 
2.174584e+03 
2.174584e+03 
2.174584e+03 
2.174584e+03 
2.174584e+03 
2.174584e+03 
2.174584e+03 
2.174584e+03 
2.174584e+03 
2.174584e+03 
2.174584e+03 
2.174584e+03 
2.174584e+03 
2.174584e+03 
2.174584e+03 
2.174584e+03 
2.174584e+03 
2.174584e+03 
2.174584e+03 
2.174584e+03 
2.174584e+03 
2.174584e+03 
2.174584e+03 
2.174584e+03 
2.174584e+03 
2.174584e+03 
2.174584e+03 
2.174584e+03 
2.174584e+03 
2.174584e+03 
2.174584e+03 
2.174584e+03 
2.174584e+03 
2.174584e+03 
2.174584e+03 
2.174584e+03 
2.174584e+03 
2.174584e+03 
2.174584e+03 
2.174584e+03 
2.174584e+03 
2.174584e+03 
2.174584e+03 
2.174584e+03 
2.174584e+03 
2.174584e+03 
2.174584e+03 
2.174584e+03 
2.174584e+03 
2.174584e+03 
2.174584e+03 
2.174584e+03 
2.174584e+03 
2.174584e+03 
2.174584e+03 
2.174584e+03 
2.174584e+03 
2.174584e+03 
2.174584e+03 
2.174584e+03 
2.174584e+03 
2.174584e+03 
2.174584e+03 
2.174584e+03 
2.174584e+03 
2.174584e+03 
2.174584e+03 
2.174584e+03 
2.174584e+03 
2.174584e+03 
2.174584e+03 
2.174584e+03 
2.174584e+03 
2.174584e+03 
2.174584e+03 
2.174584e+03 
2.174584e+03 
2.174584e+03 
2.174584e+03 
2.174584e+03 
2.174584e+03 
2.174584e+03 
2.174584e+03 
2.174584e+03 
2.174584e+03 
2.174584e+03 
2.174584e+03 
2.174584e+03 
2.174584e+03 
2.174584e+03 
2.174584e+03 
2.174584e+03 
2.174584e+03 
2.174584e+03 
2.174584e+03 
2.174584e+03 
2.174584e+03 
2.174584e+03 
2.174584e+03 
2.174584e+03 
2.174584e+03 
2.174584e+03 
2.174584e+03 
2.174584e+03 
2.174584e+03 
2.174584e+03 
2.174584e+03 
2.174584e+03 
2.174584e+03 
2.174584e+03 
2.174584e+03 
2.174584e+03 
2.174584e+03 
2.174584e+03 
2.174584e+03 
2.174584e+03 
2.174584e+03 
2.174584e+03 
2.174584e+03 
2.174584e+03 
2.174584e+03 
2.174584e+03 
2.174584e+03 
2.174584e+03 
2.174584e+03 
2.174584e+03 
2.174584e+03 
2.174584e+03 
2.174584e+03 
2.174584e+03 
2.174584e+03 
2.174584e+03 
2.174584e+03 
2.174584e+03 
2.174584e+03 
2.174584e+03 
2.174584e+03 
2.174584e+03 
2.174584e+03 
2.174584e+03 
2.174584e+03 
2.174584e+03 
2.174584e+03 
2.174584e+03 
2.174584e+03 
2.174584e+03 
2.174584e+03 
2.174584e+03 
2.174584e+03 
2.174584e+03 
2.174584e+03 
2.174584e+03 
2.174584e+03 
2.174584e+03 
2.174584e+03 
2.174584e+03 
2.174584e+03 
2.174584e+03 
2.174584e+03 
2.174584e+03 
2.174584e+03 
2.174584e+03 
2.174584e+03 
2.174584e+03 
2.174584e+03 
2.174584e+03 
2.174584e+03 
2.174584e+03 
2.174584e+03 
2.174584e+03 
2.174584e+03 
2.174584e+03 
2.174584e+03 
2.174584e+03 
2.174584e+03 
2.174584e+03 
2.174584e+03 
2.174584e+03 
2.174584e+03 
2.174584e+03 
2.174584e+03 
2.174584e+03 
2.174584e+03 
2.174584e+03 
2.171515e+03 
2.157673e+03 
2.157673e+03 
2.157673e+03 
2.157673e+03 
2.157673e+03 
2.157673e+03 
2.157673e+03 
2.157673e+03 
2.157673e+03 
2.157673e+03 
2.157673e+03 
2.157673e+03 
2.157673e+03 
2.157673e+03 
2.157673e+03 
2.157673e+03 
2.157673e+03 
2.157673e+03 
2.157673e+03 
2.157673e+03 
2.157673e+03 
2.157673e+03 
2.157673e+03 
2.157673e+03 
2.157673e+03 
2.157673e+03 
2.157673e+03 
2.157673e+03 
2.157673e+03 
2.157673e+03 
2.157673e+03 
2.157673e+03 
2.157673e+03 
2.157673e+03 
2.157673e+03 
2.157673e+03 
2.157673e+03 
2.157673e+03 
2.157673e+03 
2.157673e+03 
2.157673e+03 
2.157673e+03 
2.157673e+03 
2.157673e+03 
2.157673e+03 
2.157673e+03 
2.157673e+03 
2.157673e+03 
2.157673e+03 
2.157673e+03 
2.157673e+03 
2.157673e+03 
2.157673e+03 
2.157673e+03 
2.157673e+03 
2.157673e+03 
2.157673e+03 
2.157673e+03 
2.157673e+03 
2.157673e+03 
2.157673e+03 
2.157673e+03 
2.157673e+03 
2.157673e+03 
2.157673e+03 
2.157673e+03 
2.157673e+03 
2.157673e+03 
2.157673e+03 
2.157673e+03 
2.157673e+03 
2.157673e+03 
2.157673e+03 
2.157673e+03 
2.157673e+03 
2.157673e+03 
2.157673e+03 
2.157673e+03 
2.157673e+03 
2.157673e+03 
2.157673e+03 
2.157673e+03 
2.157673e+03 
2.157673e+03 
2.157673e+03 
2.157673e+03 
2.157673e+03 
2.157673e+03 
2.157673e+03 
2.157673e+03 
2.157673e+03 
2.157673e+03 
2.157673e+03 
2.157673e+03 
2.157673e+03 
2.157673e+03 
2.157673e+03 
2.157673e+03 
2.157673e+03 
2.157673e+03 
2.157673e+03 
2.157673e+03 
2.157673e+03 
2.157673e+03 
2.157673e+03 
2.157673e+03 
2.157673e+03 
2.157673e+03 
2.157673e+03 
2.157673e+03 
2.157673e+03 
2.157673e+03 
2.157673e+03 
2.157673e+03 
2.157673e+03 
2.157673e+03 
2.157673e+03 
2.157673e+03 
2.157673e+03 
2.157673e+03 
2.157673e+03 
2.157673e+03 
2.157673e+03 
2.157673e+03 
2.157673e+03 
2.157673e+03 
2.157673e+03 
2.157673e+03 
2.157673e+03 
2.157673e+03 
2.157673e+03 
2.157673e+03 
2.157673e+03 
2.157673e+03 
2.157673e+03 
2.157673e+03 
2.157673e+03 
2.157673e+03 
2.157673e+03 
2.157673e+03 
2.157673e+03 
2.157673e+03 
2.157673e+03 
2.157673e+03 
2.157673e+03 
2.157673e+03 
2.157673e+03 
2.157673e+03 
2.157673e+03 
2.157673e+03 
2.157673e+03 
2.157673e+03 
2.157673e+03 
2.157673e+03 
2.157673e+03 
2.157673e+03 
2.157673e+03 
2.157673e+03 
2.157673e+03 
2.157673e+03 
2.157673e+03 
2.157673e+03 
2.157673e+03 
2.157673e+03 
2.154474e+03 
2.154474e+03 
2.152554e+03 
2.148636e+03 
2.147202e+03 
2.146897e+03 
2.146897e+03 
2.146897e+03 
2.146897e+03 
2.146897e+03 
2.146897e+03 
2.146796e+03 
2.146796e+03 
2.146796e+03 
2.146796e+03 
2.146796e+03 
2.146796e+03 
2.146796e+03 
2.146796e+03 
2.144733e+03 
2.144733e+03 
2.144733e+03 
2.144733e+03 
2.144733e+03 
2.144733e+03 
2.144733e+03 
2.144733e+03 
2.144499e+03 
2.144499e+03 
2.144499e+03 
2.144499e+03 
2.144499e+03 
2.144499e+03 
2.144499e+03 
2.144425e+03 
2.144133e+03 
2.144133e+03 
2.144033e+03 
2.144033e+03 
2.144033e+03 
2.143953e+03 
2.143889e+03 
2.143853e+03 
2.143833e+03 
2.143821e+03 
2.143814e+03 
2.143810e+03 
2.143808e+03 
2.143806e+03 
2.143805e+03 
2.143804e+03 
2.143804e+03 
2.143803e+03 
2.143803e+03 
2.143803e+03 
2.143803e+03 
2.143803e+03 
2.143803e+03 
2.143803e+03 
2.143803e+03 
2.143803e+03 
2.143803e+03 
2.143803e+03 
2.143803e+03 
2.143803e+03 
2.143803e+03 
2.143803e+03 
2.143803e+03 
2.143803e+03 
2.143803e+03 
2.143803e+03 
2.143803e+03 
2.143803e+03 
2.143803e+03 
2.143803e+03 
2.143803e+03 
2.143803e+03 
2.143803e+03 
2.143803e+03 
2.143803e+03 
2.143803e+03 
2.143803e+03 
2.143803e+03 
2.143803e+03 
2.143803e+03 
2.143803e+03 
2.143803e+03 
2.143803e+03 
2.143803e+03 
2.143803e+03 
2.143803e+03 
2.143803e+03 
2.143803e+03 
2.143803e+03 
2.143803e+03 
2.143803e+03 
2.143803e+03 
2.143803e+03 
2.143803e+03 
2.143803e+03 
2.143803e+03 
2.143803e+03 
2.143803e+03 
2.143803e+03 
2.143803e+03 
2.143803e+03 
2.143803e+03 
2.143803e+03 
2.143803e+03 
2.143803e+03 
2.143803e+03 
2.143803e+03 
2.143803e+03 
2.143803e+03 
2.143803e+03 
2.143803e+03 
2.143803e+03 
2.143803e+03 
2.143803e+03 
2.143803e+03 
2.143803e+03 
2.143803e+03 
2.143803e+03 
2.143803e+03 
2.143803e+03 
2.143803e+03 
2.143803e+03 
2.143803e+03 
2.143803e+03 
2.143803e+03 
2.143803e+03 
2.143803e+03 
2.143803e+03 
2.143803e+03 
2.143803e+03 
2.143803e+03 
2.143803e+03 
2.143803e+03 
2.143803e+03 
2.143803e+03 
2.143803e+03 
2.143803e+03 
2.143803e+03 
2.143803e+03 
2.143803e+03 
2.143803e+03 
2.143803e+03 
2.143803e+03 
2.143803e+03 
2.143803e+03 
2.143803e+03 
2.143803e+03 
2.143803e+03 
2.143803e+03 
2.143803e+03 
2.143803e+03 
2.143803e+03 
2.143803e+03 
2.143803e+03 
2.143803e+03 
2.143803e+03 
2.143803e+03 
2.143803e+03 
2.143803e+03 
2.143803e+03 
2.143803e+03 
2.143803e+03 
2.143803e+03 
2.143803e+03 
2.143803e+03 
2.143803e+03 
2.143803e+03 
2.143803e+03 
2.143803e+03 
2.143803e+03 
2.143803e+03 
2.143803e+03 
2.143803e+03 
2.143803e+03 
2.143803e+03 
2.143803e+03 
2.143803e+03 
2.143803e+03 
2.143803e+03 
2.143803e+03 
2.143803e+03 
2.143803e+03 
2.143803e+03 
2.143803e+03 
2.143803e+03 
2.143803e+03 
2.143803e+03 
2.143803e+03 
2.143803e+03 
2.143803e+03 
2.143803e+03 
2.143803e+03 
2.143803e+03 
2.143803e+03 
2.143803e+03 
2.143803e+03 
2.143803e+03 
2.143803e+03 
2.143803e+03 
2.143803e+03 
2.143803e+03 
2.143803e+03 
2.143803e+03 
2.143803e+03 
2.143803e+03 
2.143803e+03 
2.143803e+03 
2.143803e+03 
2.143803e+03 
2.143803e+03 
2.143803e+03 
2.143803e+03 
2.143803e+03 
2.143803e+03 
2.143803e+03 
2.143803e+03 
2.143803e+03 
2.143803e+03 
2.143803e+03 
2.143803e+03 
2.143803e+03 
2.143803e+03 
2.143803e+03 
2.143803e+03 
2.143803e+03 
2.143803e+03 
2.143803e+03 
2.143803e+03 
2.143803e+03 
2.143803e+03 
2.143803e+03 
2.143803e+03 
2.143803e+03 
2.143803e+03 
2.143803e+03 
2.143803e+03 
2.143803e+03 
2.143803e+03 
2.143803e+03 
2.143803e+03 
2.143803e+03 
2.143803e+03 
2.143803e+03 
2.143803e+03 
2.143803e+03 
2.143803e+03 
2.143803e+03 
2.143803e+03 
2.143803e+03 
2.143803e+03 
2.143803e+03 
2.143803e+03 
2.143803e+03 
2.143803e+03 
2.143803e+03 
2.143803e+03 
2.143803e+03 
2.143803e+03 
2.143803e+03 
2.143803e+03 
2.143803e+03 
2.143803e+03 
2.143803e+03 
2.143803e+03 
2.143803e+03 
2.143803e+03 
2.143803e+03 
2.143803e+03 
2.143803e+03 
2.143803e+03 
2.143803e+03 
2.143803e+03 
2.143803e+03 
2.143803e+03 
2.143803e+03 
2.143803e+03 
2.143803e+03 
2.143803e+03 
2.143803e+03 
2.143803e+03 
2.143803e+03 
2.143803e+03 
2.143803e+03 
2.143803e+03 
2.143803e+03 
2.143803e+03 
2.143803e+03 
2.143803e+03 
2.143803e+03 
2.143803e+03 
2.143803e+03 
2.143803e+03 
2.143803e+03 
2.143803e+03 
2.143803e+03 
2.143803e+03 
2.143803e+03 
2.143803e+03 
2.143803e+03 
2.143803e+03 
2.143803e+03 
2.143803e+03 
2.143803e+03 
2.143803e+03 
2.143803e+03 
2.143803e+03 
2.143803e+03 
2.143803e+03 
2.143803e+03 
2.143803e+03 
2.143803e+03 
2.143803e+03 
2.143803e+03 
2.143803e+03 
2.143803e+03 
2.143803e+03 
2.143803e+03 
2.143803e+03 
2.143803e+03 
2.143803e+03 
2.143803e+03 
2.143803e+03 
2.143803e+03 
2.143803e+03 
2.143803e+03 
2.143803e+03 
2.143803e+03 
2.143803e+03 
2.143803e+03 
2.143803e+03 
2.143803e+03 
2.143803e+03 
2.143803e+03 
2.143803e+03 
2.143803e+03 
2.143803e+03 
2.143803e+03 
2.143803e+03 
2.143803e+03 
2.143803e+03 
2.143803e+03 
2.143803e+03 
2.143803e+03 
2.143803e+03 
2.143803e+03 
2.143803e+03 
2.143803e+03 
2.143803e+03 
2.143803e+03 
2.143803e+03 
2.143803e+03 
2.143803e+03 
2.143803e+03 
2.143803e+03 
2.143803e+03 
2.143803e+03 
2.143803e+03 
2.143803e+03 
2.143803e+03 
2.143803e+03 
2.143803e+03 
2.143803e+03 
2.143803e+03 
2.143803e+03 
2.143803e+03 
2.143803e+03 
2.143803e+03 
2.143803e+03 
2.143803e+03 
2.143803e+03 
2.143803e+03 
2.143803e+03 
2.143803e+03 
2.143803e+03 
2.143803e+03 
2.143803e+03 
2.143803e+03 
2.143803e+03 
2.143803e+03 
2.143803e+03 
2.143803e+03 
2.143803e+03 
2.143803e+03 
2.143803e+03 
2.143803e+03 
2.143803e+03 
2.143803e+03 
2.143803e+03 
2.143803e+03 
2.143803e+03 
2.143803e+03 
2.143803e+03 
2.143803e+03 
2.143803e+03 
2.143803e+03 
2.143803e+03 
2.143803e+03 
2.143803e+03 
2.143803e+03 
2.143803e+03 
2.143803e+03 
2.143803e+03 
2.143803e+03 
2.143803e+03 
2.143803e+03 
2.143803e+03 
2.143803e+03 
2.143803e+03 
2.143803e+03 
2.143803e+03 
2.143803e+03 
2.143803e+03 
2.143803e+03 
2.138197e+03 
2.138197e+03 
2.138197e+03 
2.126819e+03 
2.126819e+03 
2.126819e+03 
2.126819e+03 
2.126819e+03 
2.126819e+03 
2.126819e+03 
2.126819e+03 
2.126819e+03 
2.126819e+03 
2.126819e+03 
2.121543e+03 
2.121543e+03 
2.121543e+03 
2.121543e+03 
2.121543e+03 
2.121543e+03 
2.121543e+03 
2.121543e+03 
2.121543e+03 
2.121543e+03 
2.121543e+03 
2.121543e+03 
2.121543e+03 
2.121543e+03 
2.121543e+03 
2.121543e+03 
2.121543e+03 
2.121543e+03 
2.121543e+03 
2.121543e+03 
2.121543e+03 
2.121543e+03 
2.121543e+03 
2.121543e+03 
2.121543e+03 
2.121543e+03 
2.121543e+03 
2.120006e+03 
2.120006e+03 
2.120006e+03 
2.120006e+03 
2.120006e+03 
2.120006e+03 
2.120006e+03 
2.120006e+03 
2.120006e+03 
2.119277e+03 
2.119277e+03 
2.119277e+03 
2.119277e+03 
2.119277e+03 
2.119277e+03 
2.119277e+03 
2.119277e+03 
2.119277e+03 
2.119277e+03 
2.119277e+03 
2.119277e+03 
2.119277e+03 
2.119186e+03 
2.119186e+03 
2.119186e+03 
2.119186e+03 
2.119186e+03 
2.119186e+03 
2.119186e+03 
2.118175e+03 
2.118175e+03 
2.118175e+03 
2.118175e+03 
2.117899e+03 
2.117899e+03 
2.117899e+03 
2.117899e+03 
2.117899e+03 
2.117899e+03 
2.117438e+03 
2.117438e+03 
2.117438e+03 
2.117438e+03 
2.117438e+03 
2.117438e+03 
2.116953e+03 
2.116953e+03 
2.116953e+03 
2.116953e+03 
2.116953e+03 
2.116953e+03 
2.116953e+03 
2.116919e+03 
2.116881e+03 
2.116881e+03 
2.116881e+03 
2.116881e+03 
2.116813e+03 
2.116813e+03 
2.116813e+03 
2.116813e+03 
2.116813e+03 
2.116698e+03 
2.116598e+03 
2.116598e+03 
2.116497e+03 
2.116497e+03 
2.116432e+03 
2.116432e+03 
2.116432e+03 
2.116431e+03 
2.116424e+03 
2.116422e+03 
2.116422e+03 
2.116422e+03 
2.116422e+03 
2.116422e+03 
2.116421e+03 
2.116421e+03 
2.116421e+03 
2.116421e+03 
2.116421e+03 
2.116420e+03 
2.116420e+03 
2.116420e+03 
2.116420e+03 
2.116420e+03 
2.116420e+03 
2.116420e+03 
2.116420e+03 
2.116420e+03 
2.116420e+03 
2.116420e+03 
2.116420e+03 
2.116420e+03 
2.116420e+03 
2.116420e+03 
2.116420e+03 
2.116420e+03 
2.116420e+03 
2.116420e+03 
2.116420e+03 
2.116420e+03 
2.116420e+03 
2.114335e+03 
2.114335e+03 
2.114335e+03 
2.114335e+03 
2.114335e+03 
2.114335e+03 
2.114335e+03 
2.114335e+03 
2.114335e+03 
2.114335e+03 
2.114335e+03 
2.114335e+03 
2.114335e+03 
2.114335e+03 
2.114335e+03 
2.114335e+03 
2.114335e+03 
2.107873e+03 
2.107873e+03 
2.107873e+03 
2.107873e+03 
2.105869e+03 
2.105869e+03 
2.105869e+03 
2.105869e+03 
2.105869e+03 
2.105869e+03 
2.105869e+03 
2.104422e+03 
2.104422e+03 
2.104422e+03 
2.104422e+03 
2.104422e+03 
2.104422e+03 
2.104422e+03 
2.104422e+03 
2.104422e+03 
2.104422e+03 
2.104422e+03 
2.104422e+03 
2.104422e+03 
2.104422e+03 
2.104422e+03 
2.104422e+03 
2.104422e+03 
2.104422e+03 
2.104422e+03 
2.104422e+03 
2.104376e+03 
2.104376e+03 
2.104376e+03 
2.104376e+03 
2.104376e+03 
2.104376e+03 
2.103991e+03 
2.103991e+03 
2.103991e+03 
2.103991e+03 
2.103991e+03 
2.103991e+03 
2.103991e+03 
2.103991e+03 
2.103991e+03 
2.103991e+03 
2.103991e+03 
2.103991e+03 
2.103991e+03 
2.103991e+03 
2.103991e+03 
2.103991e+03 
2.103991e+03 
2.103991e+03 
2.103991e+03 
2.103991e+03 
2.103991e+03 
2.101215e+03 
2.101215e+03 
2.096538e+03 
2.096538e+03 
2.096538e+03 
2.096538e+03 
2.096538e+03 
2.096538e+03 
2.096538e+03 
2.096538e+03 
2.093994e+03 
2.093994e+03 
2.093994e+03 
2.093994e+03 
2.093994e+03 
2.093994e+03 
2.093160e+03 
2.092691e+03 
2.092691e+03 
2.091014e+03 
2.090722e+03 
2.090722e+03 
2.090722e+03 
2.090714e+03 
2.090714e+03 
2.089331e+03 
2.089331e+03 
2.089331e+03 
2.086563e+03 
2.086563e+03 
2.086563e+03 
2.086563e+03 
2.084681e+03 
2.084681e+03 
2.084681e+03 
2.084681e+03 
2.084681e+03 
2.084681e+03 
2.084681e+03 
2.084681e+03 
2.083495e+03 
2.083495e+03 
2.083495e+03 
2.083495e+03 
2.083495e+03 
2.083495e+03 
2.083495e+03 
2.083495e+03 
2.083495e+03 
2.083495e+03 
2.083495e+03 
2.083495e+03 
2.083495e+03 
2.083495e+03 
2.083495e+03 
2.083495e+03 
2.083495e+03 
2.083495e+03 
2.083495e+03 
2.083278e+03 
2.083278e+03 
2.083278e+03 
2.083278e+03 
2.083278e+03 
2.083278e+03 
2.083278e+03 
2.083278e+03 
2.083278e+03 
2.083278e+03 
2.083278e+03 
2.083278e+03 
2.083278e+03 
2.083278e+03 
2.083278e+03 
2.083278e+03 
2.083278e+03 
2.083278e+03 
2.083278e+03 
2.083278e+03 
2.083278e+03 
2.083278e+03 
2.083278e+03 
2.083278e+03 
2.083278e+03 
2.083278e+03 
2.083278e+03 
2.083278e+03 
2.083278e+03 
2.083278e+03 
2.083278e+03 
2.083278e+03 
2.083278e+03 
2.083278e+03 
2.083278e+03 
2.083278e+03 
2.083278e+03 
2.083278e+03 
2.083278e+03 
2.075726e+03 
2.075726e+03 
2.075726e+03 
2.075726e+03 
2.075726e+03 
2.075726e+03 
2.075726e+03 
2.075726e+03 
2.075726e+03 
2.075726e+03 
2.075726e+03 
2.075726e+03 
2.071336e+03 
2.069154e+03 
2.057816e+03 
2.057816e+03 
2.057816e+03 
2.057816e+03 
2.057816e+03 
2.057816e+03 
2.057816e+03 
2.057816e+03 
2.057816e+03 
2.057816e+03 
2.057816e+03 
2.057816e+03 
2.057816e+03 
2.057816e+03 
2.057816e+03 
2.057816e+03 
2.057816e+03 
2.057816e+03 
2.057816e+03 
2.057816e+03 
2.057816e+03 
2.057816e+03 
2.057816e+03 
2.057816e+03 
2.057816e+03 
2.057816e+03 
2.057816e+03 
2.057816e+03 
2.057816e+03 
2.057816e+03 
2.057816e+03 
2.057816e+03 
2.057816e+03 
2.057816e+03 
2.057816e+03 
2.057816e+03 
2.057816e+03 
2.057816e+03 
2.057816e+03 
2.057816e+03 
2.057816e+03 
2.057816e+03 
2.057816e+03 
2.057816e+03 
2.057816e+03 
2.057816e+03 
2.057816e+03 
2.057816e+03 
2.057816e+03 
2.057816e+03 
2.057816e+03 
2.057816e+03 
2.057816e+03 
2.057816e+03 
2.057816e+03 
2.057816e+03 
2.057816e+03 
2.057816e+03 
2.057816e+03 
2.057816e+03 
2.057816e+03 
2.057816e+03 
2.057816e+03 
2.057816e+03 
2.057816e+03 
2.057816e+03 
2.057816e+03 
2.057816e+03 
2.057816e+03 
2.057816e+03 
2.057816e+03 
2.057816e+03 
2.057816e+03 
2.057816e+03 
2.057816e+03 
2.057816e+03 
2.057816e+03 
2.057816e+03 
2.057809e+03 
2.057809e+03 
2.057809e+03 
2.057809e+03 
2.057809e+03 
2.057809e+03 
2.057809e+03 
2.057809e+03 
2.057809e+03 
2.057809e+03 
2.057809e+03 
2.057809e+03 
2.057809e+03 
2.057809e+03 
2.057809e+03 
2.057809e+03 
2.057809e+03 
2.057809e+03 
2.057809e+03 
2.057809e+03 
2.057809e+03 
2.057809e+03 
2.057809e+03 
2.057809e+03 
2.057809e+03 
2.057809e+03 
2.057809e+03 
2.057809e+03 
2.057809e+03 
2.057809e+03 
2.057809e+03 
2.057809e+03 
2.057809e+03 
2.057809e+03 
2.057809e+03 
2.057809e+03 
2.057809e+03 
2.057809e+03 
2.057809e+03 
2.057809e+03 
2.057808e+03 
2.057808e+03 
2.057808e+03 
2.057808e+03 
2.057808e+03 
2.057808e+03 
2.057808e+03 
2.057808e+03 
2.057808e+03 
2.057808e+03 
2.057808e+03 
2.057808e+03 
2.057808e+03 
2.057808e+03 
2.057808e+03 
2.057808e+03 
2.057808e+03 
2.057808e+03 
2.057808e+03 
2.057808e+03 
2.057808e+03 
2.057808e+03 
2.057808e+03 
2.057808e+03 
2.057808e+03 
2.057808e+03 
2.057808e+03 
2.057808e+03 
2.057808e+03 
2.057808e+03 
2.057808e+03 
2.057808e+03 
2.057808e+03 
2.057808e+03 
2.057808e+03 
2.057808e+03 
2.057808e+03 
2.057808e+03 
2.057808e+03 
2.057808e+03 
2.057808e+03 
2.057808e+03 
2.057808e+03 
2.057808e+03 
2.057808e+03 
2.057808e+03 
2.057808e+03 
2.057808e+03 
2.057808e+03 
2.057808e+03 
2.057808e+03 
2.057808e+03 
2.057808e+03 
2.057808e+03 
2.057808e+03 
2.057808e+03 
2.057808e+03 
2.057808e+03 
2.057808e+03 
2.057808e+03 
2.057808e+03 
2.057808e+03 
2.057808e+03 
2.057808e+03 
2.057808e+03 
2.057808e+03 
2.057808e+03 
2.057808e+03 
2.057808e+03 
2.057808e+03 
2.055905e+03 
2.055905e+03 
2.055905e+03 
2.055905e+03 
2.055905e+03 
2.055905e+03 
2.055658e+03 
2.055658e+03 
2.054709e+03 
2.054709e+03 
2.054709e+03 
2.054709e+03 
2.054709e+03 
2.054709e+03 
2.054709e+03 
2.054709e+03 
2.054385e+03 
2.054385e+03 
2.054324e+03 
2.054324e+03 
2.054324e+03 
2.054324e+03 
2.054324e+03 
2.054324e+03 
2.054311e+03 
2.054311e+03 
2.054311e+03 
2.054311e+03 
2.054311e+03 
2.054311e+03 
2.054311e+03 
2.054311e+03 
2.054311e+03 
2.054300e+03 
2.054300e+03 
2.054284e+03 
2.054284e+03 
2.054284e+03 
2.054278e+03 
2.054278e+03 
2.054278e+03 
2.054278e+03 
2.054278e+03 
2.054278e+03 
2.054278e+03 
2.054275e+03 
2.054275e+03 
2.054275e+03 
2.054275e+03 
2.054275e+03 
2.054275e+03 
2.054275e+03 
2.054275e+03 
2.054273e+03 
2.054270e+03 
2.054269e+03 
2.054268e+03 
2.054267e+03 
2.054267e+03 
2.054267e+03 
2.054267e+03 
2.054267e+03 
2.054267e+03 
2.054267e+03 
2.054267e+03 
2.054267e+03 
2.054267e+03 
2.054267e+03 
2.054267e+03 
2.054267e+03 
2.054267e+03 
2.054267e+03 
2.054267e+03 
2.054267e+03 
2.054267e+03 
2.054267e+03 
2.054267e+03 
2.054267e+03 
2.054267e+03 
2.054267e+03 
2.054267e+03 
2.054267e+03 
2.054267e+03 
2.054267e+03 
2.054267e+03 
2.054267e+03 
2.054267e+03 
2.054267e+03 
2.054267e+03 
2.054267e+03 
2.054267e+03 
2.054267e+03 
2.054267e+03 
2.054267e+03 
2.054267e+03 
2.054267e+03 
2.054267e+03 
2.054267e+03 
2.054267e+03 
2.054267e+03 
2.054267e+03 
2.054267e+03 
2.054267e+03 
2.054267e+03 
2.054267e+03 
2.054267e+03 
2.054267e+03 
2.054267e+03 
2.054267e+03 
2.054267e+03 
2.054267e+03 
2.054267e+03 
2.054267e+03 
2.054267e+03 
2.054267e+03 
2.054267e+03 
2.054267e+03 
2.054267e+03 
2.054267e+03 
2.054267e+03 
2.054267e+03 
2.054267e+03 
2.054267e+03 
2.054267e+03 
2.054267e+03 
2.054267e+03 
2.054267e+03 
2.054267e+03 
2.054267e+03 
2.054267e+03 
2.054267e+03 
2.054267e+03 
2.054267e+03 
2.054267e+03 
2.054267e+03 
2.054267e+03 
2.054267e+03 
2.054267e+03 
2.054267e+03 
2.054267e+03 
2.054267e+03 
2.054267e+03 
2.054267e+03 
2.054267e+03 
2.054267e+03 
2.054267e+03 
2.054267e+03 
2.054267e+03 
2.054267e+03 
2.054267e+03 
2.054267e+03 
2.054267e+03 
2.054267e+03 
2.054267e+03 
2.054267e+03 
2.054267e+03 
2.054267e+03 
2.054267e+03 
2.054267e+03 
2.054267e+03 
2.054267e+03 
2.054267e+03 
2.054267e+03 
2.054267e+03 
2.054267e+03 
2.054267e+03 
2.054267e+03 
2.054267e+03 
2.054267e+03 
2.054267e+03 
2.054267e+03 
2.054267e+03 
2.054267e+03 
2.054267e+03 
2.054267e+03 
2.054267e+03 
2.054267e+03 
2.054267e+03 
2.054267e+03 
2.054267e+03 
2.054267e+03 
2.054267e+03 
2.054267e+03 
2.054267e+03 
2.054267e+03 
2.054267e+03 
2.054267e+03 
2.054267e+03 
2.054267e+03 
2.054267e+03 
2.054267e+03 
2.054267e+03 
2.054267e+03 
2.054267e+03 
2.054267e+03 
2.054267e+03 
2.054267e+03 
2.054267e+03 
2.054267e+03 
2.054267e+03 
2.054267e+03 
2.054267e+03 
2.054267e+03 
2.054267e+03 
2.054267e+03 
2.054267e+03 
2.054267e+03 
2.054267e+03 
2.054267e+03 
2.054267e+03 
2.054267e+03 
2.054267e+03 
2.054267e+03 
2.054267e+03 
2.054267e+03 
2.054267e+03 
2.054267e+03 
2.054267e+03 
2.054267e+03 
2.054267e+03 
2.054267e+03 
2.054267e+03 
2.054267e+03 
2.054267e+03 
2.054267e+03 
2.054267e+03 
2.054267e+03 
2.054267e+03 
2.054267e+03 
2.054267e+03 
2.054267e+03 
2.054267e+03 
2.054267e+03 
2.054267e+03 
2.054267e+03 
2.054267e+03 
2.054267e+03 
2.054267e+03 
2.054267e+03 
2.054267e+03 
2.054267e+03 
2.054267e+03 
2.054267e+03 
2.054267e+03 
2.054267e+03 
2.054267e+03 
2.054267e+03 
2.054251e+03 
2.054251e+03 
2.053790e+03 
2.053667e+03 
2.053667e+03 
2.053000e+03 
2.053000e+03 
2.053000e+03 
2.053000e+03 
2.053000e+03 
2.053000e+03 
2.052590e+03 
2.052590e+03 
2.052590e+03 
2.052590e+03 
2.052590e+03 
2.052590e+03 
2.052590e+03 
2.052590e+03 
2.052590e+03 
2.052590e+03 
2.052573e+03 
2.052573e+03 
2.052573e+03 
2.052573e+03 
2.052573e+03 
2.052573e+03 
2.052573e+03 
2.051805e+03 
2.051805e+03 
2.051805e+03 
2.051805e+03 
2.051805e+03 
2.051805e+03 
2.051805e+03 
2.051805e+03 
2.051805e+03 
2.051805e+03 
2.051805e+03 
2.051805e+03 
2.051805e+03 
2.051805e+03 
2.051805e+03 
2.051805e+03 
2.051805e+03 
2.051805e+03 
2.051805e+03 
2.051805e+03 
2.051805e+03 
2.051805e+03 
2.051805e+03 
2.051783e+03 
2.051783e+03 
2.051783e+03 
2.051783e+03 
2.051783e+03 
2.051783e+03 
2.051783e+03 
2.051783e+03 
2.051783e+03 
2.051783e+03 
2.051783e+03 
2.051783e+03 
2.051783e+03 
2.051783e+03 
2.051783e+03 
2.051783e+03 
2.051679e+03 
2.051679e+03 
2.051679e+03 
2.051679e+03 
2.051679e+03 
2.051658e+03 
2.051658e+03 
2.051658e+03 
2.051658e+03 
2.051652e+03 
2.051652e+03 
2.051641e+03 
2.051641e+03 
2.051641e+03 
2.051641e+03 
2.051641e+03 
2.051641e+03 
2.051634e+03 
2.051634e+03 
2.051634e+03 
2.051634e+03 
2.051634e+03 
2.051634e+03 
2.051634e+03 
2.051633e+03 
2.051631e+03 
2.051631e+03 
2.051631e+03 
2.051631e+03 
2.051631e+03 
2.051631e+03 
2.051631e+03 
2.051631e+03 
2.051630e+03 
2.051630e+03 
2.051630e+03 
2.051630e+03 
2.051630e+03 
2.051630e+03 
2.051630e+03 
2.051630e+03 
2.051630e+03 
2.051630e+03 
2.051630e+03 
2.051630e+03 
2.051630e+03 
2.051630e+03 
2.051630e+03 
2.051630e+03 
2.051630e+03 
2.051630e+03 
2.051630e+03 
2.051630e+03 
2.051630e+03 
2.051630e+03 
2.051630e+03 
2.051630e+03 
2.051630e+03 
2.051630e+03 
2.051630e+03 
2.051630e+03 
2.051630e+03 
2.051630e+03 
2.051630e+03 
2.051630e+03 
2.051630e+03 
2.051630e+03 
2.051630e+03 
2.051630e+03 
2.051630e+03 
2.051630e+03 
2.051630e+03 
2.051630e+03 
2.051630e+03 
2.051630e+03 
2.051630e+03 
2.051630e+03 
2.051630e+03 
2.051630e+03 
2.051630e+03 
2.051630e+03 
2.051630e+03 
2.051630e+03 
2.051630e+03 
2.051630e+03 
2.051630e+03 
2.051630e+03 
2.051630e+03 
2.051630e+03 
2.051630e+03 
2.051630e+03 
2.051630e+03 
2.051630e+03 
2.051630e+03 
2.051630e+03 
2.051630e+03 
2.051630e+03 
2.051630e+03 
2.051630e+03 
2.051630e+03 
2.051630e+03 
2.051630e+03 
2.051630e+03 
2.051630e+03 
2.051630e+03 
2.051630e+03 
2.051630e+03 
2.051630e+03 
2.051630e+03 
2.051630e+03 
2.051630e+03 
2.051630e+03 
2.051630e+03 
2.051630e+03 
2.051630e+03 
2.051630e+03 
2.051630e+03 
2.051630e+03 
2.051630e+03 
2.051630e+03 
2.051630e+03 
2.051630e+03 
2.051630e+03 
2.051630e+03 
2.051630e+03 
2.051630e+03 
2.051630e+03 
2.051630e+03 
2.051630e+03 
2.051630e+03 
2.051630e+03 
2.051630e+03 
2.051630e+03 
2.051630e+03 
2.051630e+03 
2.051630e+03 
2.051630e+03 
2.051630e+03 
2.051630e+03 
2.051630e+03 
2.051630e+03 
2.051630e+03 
2.051630e+03 
2.051630e+03 
2.051630e+03 
2.051630e+03 
2.051630e+03 
2.051630e+03 
2.051630e+03 
2.051630e+03 
2.051630e+03 
2.051630e+03 
2.051630e+03 
2.051630e+03 
2.051630e+03 
2.051630e+03 
2.051630e+03 
2.051630e+03 
2.051630e+03 
2.051630e+03 
2.051630e+03 
2.051630e+03 
2.051630e+03 
2.051630e+03 
2.051630e+03 
2.051630e+03 
2.051630e+03 
2.051630e+03 
2.051630e+03 
2.051630e+03 
2.051630e+03 
2.051630e+03 
2.051630e+03 
2.051630e+03 
2.051630e+03 
2.051630e+03 
2.051630e+03 
2.051630e+03 
2.051630e+03 
2.051630e+03 
2.051630e+03 
2.051586e+03 
2.051586e+03 
2.051586e+03 
2.051586e+03 
2.051586e+03 
2.051586e+03 
2.051586e+03 
2.051586e+03 
2.051586e+03 
2.051586e+03 
2.051487e+03 
2.051487e+03 
2.051487e+03 
2.051470e+03 
2.051470e+03 
2.051470e+03 
2.051470e+03 
2.051470e+03 
2.051470e+03 
2.051470e+03 
2.051425e+03 
2.051425e+03 
2.051409e+03 
2.051409e+03 
2.051378e+03 
2.051378e+03 
2.051378e+03 
2.051378e+03 
2.051378e+03 
2.051378e+03 
2.051378e+03 
2.051378e+03 
2.051378e+03 
2.051378e+03 
2.051378e+03 
2.051378e+03 
2.051378e+03 
2.051378e+03 
2.051378e+03 
2.051378e+03 
2.051378e+03 
2.051378e+03 
2.051376e+03 
2.051376e+03 
2.051376e+03 
2.051376e+03 
2.051374e+03 
2.051374e+03 
2.051373e+03 
2.051373e+03 
2.051372e+03 
2.051372e+03 
2.051372e+03 
2.051372e+03 
2.051372e+03 
2.051372e+03 
2.051371e+03 
2.051371e+03 
2.051371e+03 
2.051369e+03 
2.051369e+03 
2.051369e+03 
2.051369e+03 
2.051369e+03 
2.051369e+03 
2.051369e+03 
2.051369e+03 
2.051369e+03 
2.051369e+03 
2.051369e+03 
2.051369e+03 
2.051369e+03 
2.051369e+03 
2.051368e+03 
2.051368e+03 
2.051368e+03 
2.051368e+03 
2.051368e+03 
2.051368e+03 
2.051366e+03 
2.051366e+03 
2.051366e+03 
2.051366e+03 
2.051366e+03 
2.051366e+03 
2.051366e+03 
2.051366e+03 
2.051366e+03 
2.051366e+03 
2.051366e+03 
2.051366e+03 
2.051366e+03 
2.051366e+03 
2.051366e+03 
2.051366e+03 
2.051366e+03 
2.051366e+03 
2.051366e+03 
2.051366e+03 
2.051366e+03 
2.051366e+03 
2.051366e+03 
2.051366e+03 
2.051366e+03 
2.051366e+03 
2.051366e+03 
2.051366e+03 
2.051366e+03 
2.051366e+03 
2.051366e+03 
2.051366e+03 
2.051366e+03 
2.051366e+03 
2.051366e+03 
2.051366e+03 
2.051366e+03 
2.051366e+03 
2.051366e+03 
2.051366e+03 
2.051366e+03 
2.051366e+03 
2.051366e+03 
2.051366e+03 
2.051366e+03 
2.051366e+03 
2.051366e+03 
2.051366e+03 
2.051366e+03 
2.051366e+03 
2.051366e+03 
2.051366e+03 
2.051366e+03 
2.051366e+03 
2.051366e+03 
2.051366e+03 
2.051366e+03 
2.051366e+03 
2.051366e+03 
2.051366e+03 
2.051366e+03 
2.051366e+03 
2.051366e+03 
2.051366e+03 
2.051366e+03 
2.051366e+03 
2.051366e+03 
2.051366e+03 
2.051366e+03 
2.051366e+03 
2.051366e+03 
2.051366e+03 
2.051366e+03 
2.051366e+03 
2.051366e+03 
2.051366e+03 
2.051366e+03 
2.051366e+03 
2.051366e+03 
2.051366e+03 
2.051366e+03 
2.051366e+03 
2.051366e+03 
2.051366e+03 
2.051366e+03 
2.051366e+03 
2.051366e+03 
2.051366e+03 
2.051366e+03 
2.051366e+03 
2.051366e+03 
2.051366e+03 
2.051366e+03 
2.051366e+03 
2.051366e+03 
2.051366e+03 
2.051366e+03 
2.051366e+03 
2.051366e+03 
2.051366e+03 
2.051366e+03 
2.051366e+03 
2.051366e+03 
2.051366e+03 
2.051366e+03 
2.051366e+03 
2.051366e+03 
2.051366e+03 
2.051366e+03 
2.051366e+03 
2.051366e+03 
2.051364e+03 
2.051364e+03 
2.051364e+03 
2.051364e+03 
2.051364e+03 
2.051364e+03 
2.051363e+03 
2.051363e+03 
2.051362e+03 
2.051362e+03 
2.051362e+03 
2.051362e+03 
2.051362e+03 
2.051362e+03 
2.051362e+03 
2.051361e+03 
2.051361e+03 
2.051361e+03 
2.051361e+03 
2.051361e+03 
2.051361e+03 
2.051361e+03 
2.051361e+03 
2.051361e+03 
2.051361e+03 
2.051361e+03 
2.051361e+03 
2.051361e+03 
2.051361e+03 
2.051361e+03 
2.051361e+03 
2.051360e+03 
2.051360e+03 
2.051360e+03 
2.051360e+03 
2.051360e+03 
2.051360e+03 
2.051360e+03 
2.051360e+03 
2.051359e+03 
2.051359e+03 
2.051359e+03 
2.051359e+03 
2.051359e+03 
2.051359e+03 
2.051359e+03 
2.051359e+03 
2.051359e+03 
2.051359e+03 
2.051359e+03 
2.051359e+03 
2.051359e+03 
2.051359e+03 
2.051359e+03 
2.051359e+03 
2.051359e+03 
2.051359e+03 
2.051359e+03 
2.051359e+03 
2.051359e+03 
2.051359e+03 
2.051359e+03 
2.051359e+03 
2.051359e+03 
2.051359e+03 
2.051359e+03 
2.051359e+03 
2.051359e+03 
2.051359e+03 
2.051359e+03 
2.051359e+03 
2.051359e+03 
2.051359e+03 
2.051358e+03 
2.051358e+03 
2.051358e+03 
2.051358e+03 
2.051358e+03 
2.051358e+03 
2.051358e+03 
2.051358e+03 
2.051358e+03 
2.051358e+03 
2.051358e+03 
2.051358e+03 
2.051358e+03 
2.051358e+03 
2.051358e+03 
2.051358e+03 
2.051358e+03 
2.051358e+03 
2.051358e+03 
2.051358e+03 
2.051358e+03 
2.051358e+03 
2.051358e+03 
2.051358e+03 
2.051358e+03 
2.051358e+03 
2.051358e+03 
2.051358e+03 
2.051358e+03 
2.051358e+03 
2.051358e+03 
2.051358e+03 
2.051358e+03 
2.051358e+03 
2.051358e+03 
2.051358e+03 
2.051358e+03 
2.051358e+03 
2.051358e+03 
2.051358e+03 
2.051358e+03 
2.051358e+03 
2.051358e+03 
2.051358e+03 
2.051358e+03 
2.051358e+03 
2.051358e+03 
2.051358e+03 
2.051358e+03 
2.051358e+03 
2.051358e+03 
2.051358e+03 
2.051358e+03 
2.051358e+03 
2.051358e+03 
2.051358e+03 
2.051358e+03 
2.051358e+03 
2.051358e+03 
2.051358e+03 
2.051358e+03 
2.051358e+03 
2.051358e+03 
2.051358e+03 
2.051358e+03 
2.051358e+03 
2.051358e+03 
2.051358e+03 
2.051358e+03 
2.051358e+03 
2.051358e+03 
2.051358e+03 
2.051358e+03 
2.051358e+03 
2.051358e+03 
2.051358e+03 
2.051358e+03 
2.051358e+03 
2.051358e+03 
2.051358e+03 
2.051358e+03 
2.051358e+03 
2.051358e+03 
2.051358e+03 
2.051358e+03 
2.051358e+03 
2.051358e+03 
2.051358e+03 
2.051358e+03 
2.051358e+03 
2.051358e+03 
2.051358e+03 
2.051358e+03 
2.051358e+03 
2.051358e+03 
2.051358e+03 
2.051358e+03 
2.051358e+03 
2.051358e+03 
2.051358e+03 
2.051358e+03 
2.051358e+03 
2.051358e+03 
2.051358e+03 
2.051358e+03 
2.051358e+03 
2.051358e+03 
2.051358e+03 
2.051358e+03 
2.051358e+03 
2.051358e+03 
2.051358e+03 
2.051358e+03 
2.051358e+03 
2.051358e+03 
2.051358e+03 
2.051358e+03 
2.051358e+03 
2.051358e+03 
2.051358e+03 
2.051358e+03 
2.051358e+03 
2.051358e+03 
2.051358e+03 
2.051358e+03 
2.051358e+03 
2.051358e+03 
2.051358e+03 
2.051358e+03 
2.051358e+03 
2.051358e+03 
2.051357e+03 
2.051357e+03 
2.051357e+03 
2.051357e+03 
2.051357e+03 
2.051357e+03 
2.051357e+03 
2.051357e+03 
2.051357e+03 
2.051357e+03 
2.051357e+03 
2.051357e+03 
2.051357e+03 
2.051357e+03 
2.051357e+03 
2.051357e+03 
2.051357e+03 
2.051357e+03 
2.051357e+03 
2.051357e+03 
2.051357e+03 
2.051357e+03 
2.051357e+03 
2.051357e+03 
2.051357e+03 
2.051357e+03 
2.051357e+03 
2.051357e+03 
2.051357e+03 
2.051357e+03 
2.051357e+03 
2.051357e+03 
2.051357e+03 
2.051357e+03 
2.051357e+03 
2.051357e+03 
2.051357e+03 
2.051357e+03 
2.051357e+03 
2.051357e+03 
2.051357e+03 
2.051357e+03 
2.051357e+03 
2.051357e+03 
2.051357e+03 
2.051357e+03 
2.051357e+03 
2.051357e+03 
2.051357e+03 
2.051357e+03 
2.051357e+03 
2.051357e+03 
2.051357e+03 
2.051357e+03 
2.051357e+03 
2.051357e+03 
2.051357e+03 
2.051357e+03 
2.051357e+03 
2.051357e+03 
2.051356e+03 
2.051356e+03 
2.051355e+03 
2.051355e+03 
2.051355e+03 
2.051352e+03 
2.051352e+03 
2.051351e+03 
2.051351e+03 
2.051350e+03 
2.051350e+03 
2.051350e+03 
2.051350e+03 
2.051350e+03 
2.051347e+03 
2.051347e+03 
2.051347e+03 
2.051347e+03 
2.051347e+03 
2.051347e+03 
2.051347e+03 
2.051347e+03 
2.051347e+03 
2.051347e+03 
2.051347e+03 
2.051347e+03 
2.051347e+03 
2.051347e+03 
2.051347e+03 
2.051346e+03 
2.051346e+03 
2.051346e+03 
2.051346e+03 
2.051346e+03 
2.051346e+03 
2.051346e+03 
2.051346e+03 
2.051346e+03 
2.051346e+03 
2.051346e+03 
2.051346e+03 
2.051346e+03 
2.051346e+03 
2.051346e+03 
2.051346e+03 
2.051346e+03 
2.051346e+03 
2.051346e+03 
2.051346e+03 
2.051346e+03 
2.051346e+03 
2.051346e+03 
2.051346e+03 
2.051346e+03 
2.051346e+03 
2.051346e+03 
2.051346e+03 
2.051346e+03 
2.051346e+03 
2.051346e+03 
2.051346e+03 
2.051346e+03 
2.051346e+03 
2.051346e+03 
2.051346e+03 
2.051346e+03 
2.051346e+03 
2.051346e+03 
2.051346e+03 
2.051346e+03 
2.051345e+03 
2.051345e+03 
2.051345e+03 
2.051345e+03 
2.051345e+03 
2.051345e+03 
2.051345e+03 
2.051345e+03 
2.051345e+03 
2.051345e+03 
2.051345e+03 
2.051345e+03 
2.051345e+03 
2.051345e+03 
2.051345e+03 
2.051345e+03 
2.051345e+03 
2.051345e+03 
2.051345e+03 
2.051345e+03 
2.051345e+03 
2.051345e+03 
2.051345e+03 
2.051345e+03 
2.051345e+03 
2.051345e+03 
2.051345e+03 
2.051345e+03 
2.051345e+03 
2.051345e+03 
2.051345e+03 
2.051345e+03 
2.051345e+03 
2.051345e+03 
2.051345e+03 
2.051345e+03 
2.051345e+03 
2.051344e+03 
2.051344e+03 
2.051344e+03 
2.051344e+03 
2.051344e+03 
2.051344e+03 
2.051344e+03 
2.051344e+03 
2.051344e+03 
2.051344e+03 
2.051344e+03 
2.051343e+03 
2.051343e+03 
2.051343e+03 
2.051343e+03 
2.051343e+03 
2.051343e+03 
2.051343e+03 
2.051343e+03 
2.051343e+03 
2.051343e+03 
2.051343e+03 
2.051343e+03 
2.051343e+03 
2.051343e+03 
2.051343e+03 
2.051343e+03 
2.051343e+03 
2.051343e+03 
2.051343e+03 
2.051343e+03 
2.051343e+03 
2.051343e+03 
2.051343e+03 
2.051343e+03 
2.051343e+03 
2.051343e+03 
2.051343e+03 
2.051343e+03 
2.051343e+03 
2.051343e+03 
2.051343e+03 
2.051343e+03 
2.051343e+03 
2.051343e+03 
2.051343e+03 
2.051342e+03 
2.051342e+03 
2.051342e+03 
2.051342e+03 
2.051342e+03 
2.051342e+03 
2.051342e+03 
2.051342e+03 
2.051342e+03 
2.051342e+03 
2.051342e+03 
2.051342e+03 
2.051342e+03 
2.051342e+03 
2.051342e+03 
2.051342e+03 
2.051342e+03 
2.051342e+03 
2.051342e+03 
2.051342e+03 
2.051342e+03 
2.051342e+03 
2.051342e+03 
2.051342e+03 
2.051342e+03 
2.051342e+03 
2.051342e+03 
2.051342e+03 
2.051342e+03 
2.051342e+03 
2.051342e+03 
2.051342e+03 
2.051342e+03 
2.051342e+03 
2.051342e+03 
2.051342e+03 
2.051342e+03 
2.051342e+03 
2.051342e+03 
2.051342e+03 
2.051342e+03 
2.051342e+03 
2.051342e+03 
2.051342e+03 
2.051342e+03 
2.051342e+03 
2.051342e+03 
2.051342e+03 
2.051342e+03 
2.051342e+03 
2.051342e+03 
2.051342e+03 
2.051342e+03 
2.051342e+03 
2.051342e+03 
2.051342e+03 
2.051342e+03 
2.051342e+03 
2.051342e+03 
2.051342e+03 
2.051342e+03 
2.051341e+03 
2.051341e+03 
2.051341e+03 
2.051341e+03 
2.051341e+03 
2.051341e+03 
2.051341e+03 
2.051341e+03 
2.051341e+03 
2.051341e+03 
2.051341e+03 
2.051341e+03 
2.051341e+03 
2.051341e+03 
2.051341e+03 
2.051341e+03 
2.051341e+03 
2.051341e+03 
2.051341e+03 
2.051341e+03 
2.051341e+03 
2.051341e+03 
2.051341e+03 
2.051341e+03 
2.051341e+03 
2.051341e+03 
2.051341e+03 
2.051341e+03 
2.051341e+03 
2.051341e+03 
2.051341e+03 
2.051341e+03 
2.051341e+03 
2.051341e+03 
2.051341e+03 
2.051341e+03 
2.051341e+03 
2.051341e+03 
2.051341e+03 
2.051341e+03 
2.051341e+03 
2.051341e+03 
2.051341e+03 
2.051341e+03 
2.051341e+03 
2.051341e+03 
2.051341e+03 
2.051341e+03 
2.051341e+03 
2.051341e+03 
2.051341e+03 
2.051341e+03 
2.051341e+03 
2.051341e+03 
2.051341e+03 
2.051341e+03 
2.051341e+03 
2.051341e+03 
2.051341e+03 
2.051341e+03 
2.051341e+03 
2.051341e+03 
2.051341e+03 
2.051341e+03 
2.051341e+03 
2.051341e+03 
2.051341e+03 
2.051341e+03 
2.051341e+03 
2.051341e+03 
2.051341e+03 
2.051341e+03 
2.051341e+03 
2.051341e+03 
2.051341e+03 
2.051341e+03 
2.051341e+03 
2.051341e+03 
2.051341e+03 
2.051341e+03 
2.051341e+03 
2.051341e+03 
2.051341e+03 
2.051341e+03 
2.051341e+03 
2.051341e+03 
2.051341e+03 
2.051341e+03 
2.051341e+03 
2.051341e+03 
2.051341e+03 
2.051341e+03 
2.051341e+03 
2.051341e+03 
2.051341e+03 
2.051341e+03 
2.051341e+03 
2.051341e+03 
2.051341e+03 
2.051340e+03 
2.051340e+03 
2.051340e+03 
2.051340e+03 
2.051340e+03 
2.051340e+03 
2.051340e+03 
2.051340e+03 
2.051340e+03 
2.051340e+03 
2.051340e+03 
2.051340e+03 
2.051340e+03 
2.051340e+03 
2.051340e+03 
2.051340e+03 
2.051340e+03 
2.051340e+03 
2.051340e+03 
2.051340e+03 
2.051340e+03 
2.051340e+03 
2.051340e+03 
2.051340e+03 
2.051340e+03 
2.051340e+03 
2.051340e+03 
2.051340e+03 
2.051340e+03 
2.051340e+03 
2.051340e+03 
2.051340e+03 
2.051340e+03 
2.051340e+03 
2.051340e+03 
2.051340e+03 
2.051340e+03 
2.051340e+03 
2.051340e+03 
2.051340e+03 
2.051340e+03 
2.051340e+03 
2.051340e+03 
2.051340e+03 
2.051340e+03 
2.051340e+03 
2.051339e+03 
2.051339e+03 
2.051339e+03 
2.051338e+03 
2.051338e+03 
2.051337e+03 
2.051337e+03 
2.051336e+03 
2.051336e+03 
2.051336e+03 
2.051336e+03 
2.051336e+03 
2.051336e+03 
2.051336e+03 
2.051336e+03 
2.051336e+03 
2.051336e+03 
2.051336e+03 
2.051336e+03 
2.051336e+03 
2.051334e+03 
2.051331e+03 
2.051330e+03 
2.051324e+03 
2.051324e+03 
2.051324e+03 
2.051324e+03 
2.051324e+03 
2.051324e+03 
2.051324e+03 
2.051324e+03 
2.051324e+03 
2.051324e+03 
2.051324e+03 
2.051317e+03 
2.051308e+03 
2.051308e+03 
2.051308e+03 
2.051298e+03 
2.051298e+03 
2.051298e+03 
2.051298e+03 
2.051298e+03 
2.051298e+03 
2.051292e+03 
2.051292e+03 
2.051292e+03 
2.051292e+03 
2.051291e+03 
2.051291e+03 
2.051291e+03 
2.051291e+03 
2.051291e+03 
2.051291e+03 
2.051291e+03 
2.051291e+03 
2.051291e+03 
2.051291e+03 
2.051291e+03 
2.051291e+03 
2.051291e+03 
2.051291e+03 
2.051291e+03 
2.051291e+03 
2.051291e+03 
2.051291e+03 
2.051291e+03 
2.051291e+03 
2.051291e+03 
2.051291e+03 
2.051291e+03 
2.051291e+03 
2.051291e+03 
2.051291e+03 
2.051291e+03 
2.051291e+03 
2.051291e+03 
2.051291e+03 
2.051288e+03 
2.051277e+03 
2.051277e+03 
2.051277e+03 
2.051265e+03 
2.051265e+03 
2.051265e+03 
2.051265e+03 
2.051265e+03 
2.051265e+03 
2.051265e+03 
2.051265e+03 
2.051265e+03 
2.051207e+03 
2.051207e+03 
2.051207e+03 
2.051207e+03 
2.051207e+03 
2.051181e+03 
2.051181e+03 
2.051181e+03 
2.051181e+03 
2.051181e+03 
2.051181e+03 
2.051181e+03 
2.051181e+03 
2.051181e+03 
2.051181e+03 
2.051181e+03 
2.051181e+03 
2.051181e+03 
2.051181e+03 
2.051132e+03 
2.051132e+03 
2.051132e+03 
2.051132e+03 
2.051017e+03 
2.051017e+03 
2.051017e+03 
2.051017e+03 
2.051017e+03 
2.051017e+03 
2.051017e+03 
2.051017e+03 
2.051017e+03 
2.051017e+03 
2.051017e+03 
2.051017e+03 
2.051017e+03 
2.051017e+03 
2.051017e+03 
2.051017e+03 
2.051017e+03 
2.050971e+03 
2.050971e+03 
2.050971e+03 
2.050971e+03 
2.050971e+03 
2.050971e+03 
2.050971e+03 
2.050971e+03 
2.050900e+03 
2.050900e+03 
2.050900e+03 
2.050900e+03 
2.050900e+03 
2.050900e+03 
2.050900e+03 
2.050900e+03 
2.050900e+03 
2.050900e+03 
2.050900e+03 
2.050900e+03 
2.050900e+03 
2.050900e+03 
2.050900e+03 
2.050900e+03 
2.050900e+03 
2.050900e+03 
2.050900e+03 
2.050900e+03 
2.050900e+03 
2.050900e+03 
2.050900e+03 
2.050900e+03 
2.050900e+03 
2.050900e+03 
2.050900e+03 
2.050900e+03 
2.050900e+03 
2.050900e+03 
2.050900e+03 
2.050900e+03 
2.050900e+03 
2.050900e+03 
2.050900e+03 
2.050900e+03 
2.050900e+03 
2.050889e+03 
2.050889e+03 
2.050889e+03 
2.050889e+03 
2.050889e+03 
2.050889e+03 
2.050889e+03 
2.050889e+03 
2.050889e+03 
2.050889e+03 
2.050888e+03 
2.050888e+03 
2.050888e+03 
2.050888e+03 
2.050888e+03 
2.050888e+03 
2.050888e+03 
2.050888e+03 
2.050888e+03 
2.050888e+03 
2.050888e+03 
2.050888e+03 
2.050888e+03 
2.050888e+03 
2.050888e+03 
2.050888e+03 
2.050888e+03 
2.050888e+03 
2.050888e+03 
2.050888e+03 
2.050888e+03 
2.050888e+03 
2.050888e+03 
2.050888e+03 
2.050888e+03 
2.050888e+03 
2.050888e+03 
2.050888e+03 
2.050888e+03 
2.050888e+03 
2.050888e+03 
2.050888e+03 
2.050888e+03 
2.050888e+03 
2.050888e+03 
2.050888e+03 
2.050888e+03 
2.050888e+03 
2.050888e+03 
2.050888e+03 
2.050888e+03 
2.050888e+03 
2.050888e+03 
2.050888e+03 
2.050888e+03 
2.050888e+03 
2.050888e+03 
2.050888e+03 
2.050888e+03 
2.050888e+03 
2.050888e+03 
2.050888e+03 
2.050888e+03 
2.050888e+03 
2.050888e+03 
2.050887e+03 
2.050887e+03 
2.050887e+03 
2.050887e+03 
2.050887e+03 
2.050887e+03 
2.050887e+03 
2.050887e+03 
2.050887e+03 
2.050887e+03 
2.050887e+03 
2.050887e+03 
2.050887e+03 
2.050887e+03 
2.050887e+03 
2.050887e+03 
2.050887e+03 
2.050887e+03 
2.050887e+03 
2.050887e+03 
2.050887e+03 
2.050887e+03 
2.050887e+03 
2.050887e+03 
2.050887e+03 
2.050887e+03 
2.050887e+03 
2.050887e+03 
2.050887e+03 
2.050886e+03 
2.050886e+03 
2.050886e+03 
2.050886e+03 
2.050886e+03 
2.050886e+03 
2.050886e+03 
2.050886e+03 
2.050886e+03 
2.050886e+03 
2.050886e+03 
2.050886e+03 
2.050886e+03 
2.050886e+03 
2.050886e+03 
2.050886e+03 
2.050886e+03 
2.050886e+03 
2.050886e+03 
2.050885e+03 
2.050885e+03 
2.050885e+03 
2.050885e+03 
2.050885e+03 
2.050885e+03 
2.050885e+03 
2.050885e+03 
2.050885e+03 
2.050885e+03 
2.050885e+03 
2.050885e+03 
2.050885e+03 
2.050885e+03 
2.050885e+03 
2.050885e+03 
2.050885e+03 
2.050835e+03 
2.050835e+03 
2.050835e+03 
2.050638e+03 
2.050638e+03 
2.050638e+03 
2.050638e+03 
2.050638e+03 
2.050638e+03 
2.050638e+03 
2.050638e+03 
2.050638e+03 
2.050638e+03 
2.050638e+03 
2.050304e+03 
2.050304e+03 
2.050304e+03 
2.050304e+03 
2.050304e+03 
2.050304e+03 
2.050304e+03 
2.050304e+03 
2.050304e+03 
2.050304e+03 
2.050304e+03 
2.050304e+03 
2.050304e+03 
2.050304e+03 
2.050304e+03 
2.050304e+03 
2.050304e+03 
2.050304e+03 
2.050304e+03 
2.050295e+03 
2.050295e+03 
2.049574e+03 
2.049574e+03 
2.049574e+03 
2.049574e+03 
2.049574e+03 
2.049574e+03 
2.049574e+03 
2.049574e+03 
2.049574e+03 
2.049574e+03 
2.049574e+03 
2.049574e+03 
2.049574e+03 
2.049574e+03 
2.049574e+03 
2.049574e+03 
2.049574e+03 
2.049574e+03 
2.049574e+03 
2.049574e+03 
2.049574e+03 
2.049574e+03 
2.049574e+03 
2.049574e+03 
2.049574e+03 
2.049574e+03 
2.049574e+03 
2.049574e+03 
2.049574e+03 
2.049574e+03 
2.049574e+03 
2.049574e+03 
2.049574e+03 
2.049574e+03 
2.049574e+03 
2.049574e+03 
2.049574e+03 
2.049574e+03 
2.049574e+03 
2.049574e+03 
2.049574e+03 
2.049574e+03 
2.049574e+03 
2.049574e+03 
2.049574e+03 
2.049574e+03 
2.049574e+03 
2.049574e+03 
2.049574e+03 
2.049574e+03 
2.049574e+03 
2.049574e+03 
2.049574e+03 
2.049574e+03 
2.049574e+03 
2.049574e+03 
2.049574e+03 
2.049574e+03 
2.049574e+03 
2.049574e+03 
2.049574e+03 
2.049574e+03 
2.049574e+03 
2.049574e+03 
2.049574e+03 
2.049574e+03 
2.049574e+03 
2.049574e+03 
2.049574e+03 
2.049574e+03 
2.049574e+03 
2.049574e+03 
2.049574e+03 
2.049574e+03 
2.049574e+03 
2.049574e+03 
2.049574e+03 
2.049574e+03 
2.049574e+03 
2.049574e+03 
2.049574e+03 
2.049574e+03 
2.049463e+03 
2.049463e+03 
2.049463e+03 
2.049463e+03 
2.049463e+03 
2.049463e+03 
2.049463e+03 
2.049463e+03 
2.049463e+03 
2.049463e+03 
2.049463e+03 
2.049463e+03 
2.049463e+03 
2.049463e+03 
2.049463e+03 
2.049463e+03 
2.049463e+03 
2.049463e+03 
2.049463e+03 
2.049463e+03 
2.049463e+03 
2.049463e+03 
2.049463e+03 
2.049463e+03 
2.049463e+03 
2.049463e+03 
2.049463e+03 
2.049463e+03 
2.049462e+03 
2.049462e+03 
2.049462e+03 
2.049462e+03 
2.049462e+03 
2.049461e+03 
2.049461e+03 
2.049461e+03 
2.049461e+03 
2.049461e+03 
2.049461e+03 
2.049461e+03 
2.049461e+03 
2.049461e+03 
2.049461e+03 
2.049424e+03 
2.049424e+03 
2.049424e+03 
2.049424e+03 
2.049424e+03 
2.049424e+03 
2.049424e+03 
2.049424e+03 
2.049424e+03 
2.049424e+03 
2.049424e+03 
2.049424e+03 
2.049424e+03 
2.049424e+03 
2.049424e+03 
2.049424e+03 
2.049424e+03 
2.049424e+03 
2.049424e+03 
2.049424e+03 
2.049424e+03 
2.049424e+03 
2.049424e+03 
2.049424e+03 
2.049424e+03 
2.049424e+03 
2.049424e+03 
2.049424e+03 
2.049424e+03 
2.049424e+03 
2.049424e+03 
2.049424e+03 
2.049424e+03 
2.049424e+03 
2.049424e+03 
2.049424e+03 
2.049424e+03 
2.049424e+03 
2.049424e+03 
2.049424e+03 
2.049424e+03 
2.049424e+03 
2.049424e+03 
2.049424e+03 
2.049424e+03 
2.049424e+03 
2.049424e+03 
2.049424e+03 
2.049424e+03 
2.049424e+03 
2.049424e+03 
2.049424e+03 
2.049424e+03 
2.049424e+03 
2.049424e+03 
2.049424e+03 
2.049424e+03 
2.049424e+03 
2.049424e+03 
2.049424e+03 
2.049424e+03 
2.049424e+03 
2.049424e+03 
2.049424e+03 
2.049424e+03 
2.049424e+03 
2.049424e+03 
2.049424e+03 
2.049424e+03 
2.049424e+03 
2.049424e+03 
2.049424e+03 
2.049424e+03 
2.049424e+03 
2.049424e+03 
2.049424e+03 
2.049424e+03 
2.049424e+03 
2.049424e+03 
2.049424e+03 
2.049424e+03 
2.049424e+03 
2.049424e+03 
2.049410e+03 
2.049410e+03 
2.049410e+03 
2.049410e+03 
2.049405e+03 
2.049405e+03 
2.049405e+03 
2.049405e+03 
2.049405e+03 
2.049405e+03 
2.049405e+03 
2.049405e+03 
2.049405e+03 
2.049405e+03 
2.049405e+03 
2.049277e+03 
2.049277e+03 
2.049277e+03 
2.049277e+03 
2.049277e+03 
2.049277e+03 
2.049277e+03 
2.049277e+03 
2.049277e+03 
2.049277e+03 
2.049277e+03 
2.049277e+03 
2.049277e+03 
2.049277e+03 
2.049277e+03 
2.049277e+03 
2.049184e+03 
2.049184e+03 
2.049184e+03 
2.049184e+03 
2.049184e+03 
2.049184e+03 
2.049184e+03 
2.049184e+03 
2.049184e+03 
2.049184e+03 
2.049184e+03 
2.049184e+03 
2.049184e+03 
2.049184e+03 
2.049184e+03 
2.049184e+03 
2.049184e+03 
2.049184e+03 
2.049184e+03 
2.049184e+03 
2.049184e+03 
2.049184e+03 
2.049184e+03 
2.049184e+03 
2.049184e+03 
2.049174e+03 
2.049174e+03 
2.049174e+03 
2.049170e+03 
2.049165e+03 
2.049165e+03 
2.049163e+03 
2.049163e+03 
2.049161e+03 
2.049161e+03 
2.049161e+03 
2.049161e+03 
2.049161e+03 
2.049161e+03 
2.049161e+03 
2.049161e+03 
2.049161e+03 
2.049161e+03 
2.049161e+03 
2.049161e+03 
2.049161e+03 
2.049161e+03 
2.049161e+03 
2.049161e+03 
2.049161e+03 
2.049161e+03 
2.049160e+03 
2.049160e+03 
2.049160e+03 
2.049160e+03 
2.049160e+03 
2.049160e+03 
2.049160e+03 
2.049160e+03 
2.049160e+03 
2.049160e+03 
2.049160e+03 
2.049160e+03 
2.049160e+03 
2.049160e+03 
2.049160e+03 
2.049160e+03 
2.049160e+03 
2.049160e+03 
2.049160e+03 
2.049160e+03 
2.049160e+03 
2.049160e+03 
2.049160e+03 
2.049160e+03 
2.049160e+03 
2.049160e+03 
2.049160e+03 
2.049160e+03 
2.049160e+03 
2.049160e+03 
2.049160e+03 
2.049160e+03 
2.049160e+03 
2.049160e+03 
2.049160e+03 
2.049160e+03 
2.049160e+03 
2.049160e+03 
2.049160e+03 
2.049160e+03 
2.049160e+03 
2.049160e+03 
2.049160e+03 
2.049160e+03 
2.049160e+03 
2.049160e+03 
2.049160e+03 
2.049160e+03 
2.049160e+03 
2.049160e+03 
2.049160e+03 
2.049160e+03 
2.049160e+03 
2.049160e+03 
2.049160e+03 
2.049158e+03 
2.049158e+03 
2.049158e+03 
2.049158e+03 
2.049158e+03 
2.049155e+03 
2.049155e+03 
2.049154e+03 
2.049154e+03 
2.049154e+03 
2.049154e+03 
2.049154e+03 
2.049153e+03 
2.049153e+03 
2.049152e+03 
2.049152e+03 
2.049152e+03 
2.049152e+03 
2.049152e+03 
2.049152e+03 
2.049152e+03 
2.048778e+03 
2.048778e+03 
2.048778e+03 
2.048778e+03 
2.048778e+03 
2.048778e+03 
2.048778e+03 
2.048778e+03 
2.048778e+03 
2.048778e+03 
2.048778e+03 
2.048778e+03 
2.047955e+03 
2.047955e+03 
2.047955e+03 
2.047955e+03 
2.047955e+03 
2.047955e+03 
2.047955e+03 
2.047955e+03 
2.047955e+03 
2.047955e+03 
2.047955e+03 
2.047955e+03 
2.047955e+03 
2.047955e+03 
2.047955e+03 
2.047955e+03 
2.047955e+03 
2.047955e+03 
2.047955e+03 
2.047955e+03 
2.047955e+03 
2.047955e+03 
2.047955e+03 
2.047955e+03 
2.047955e+03 
2.047955e+03 
2.047955e+03 
2.047955e+03 
2.047955e+03 
2.047955e+03 
2.047955e+03 
2.047955e+03 
2.047955e+03 
2.047955e+03 
2.047955e+03 
2.047955e+03 
2.047955e+03 
2.047955e+03 
2.047955e+03 
2.047955e+03 
2.047955e+03 
2.047955e+03 
2.047955e+03 
2.047955e+03 
2.047955e+03 
2.047955e+03 
2.047955e+03 
2.047955e+03 
2.047955e+03 
2.047955e+03 
2.047955e+03 
2.047955e+03 
2.047955e+03 
2.047955e+03 
2.047955e+03 
2.047955e+03 
2.047955e+03 
2.047955e+03 
2.047955e+03 
2.047955e+03 
2.047955e+03 
2.047920e+03 
2.047920e+03 
2.047920e+03 
2.047894e+03 
2.047894e+03 
2.047885e+03 
2.047885e+03 
2.047878e+03 
2.047878e+03 
2.047878e+03 
2.047878e+03 
2.047878e+03 
2.047878e+03 
2.047878e+03 
2.047878e+03 
2.047878e+03 
2.047878e+03 
2.047877e+03 
2.047876e+03 
2.047876e+03 
2.047876e+03 
2.047876e+03 
2.047876e+03 
2.047876e+03 
2.047876e+03 
2.047876e+03 
2.047876e+03 
2.047876e+03 
2.047876e+03 
2.047876e+03 
2.047876e+03 
2.047876e+03 
2.047876e+03 
2.047876e+03 
2.047562e+03 
2.047562e+03 
2.047562e+03 
2.047562e+03 
2.047562e+03 
2.047562e+03 
2.047562e+03 
2.047562e+03 
2.047562e+03 
2.047562e+03 
2.047562e+03 
2.047562e+03 
2.047562e+03 
2.047562e+03 
2.047562e+03 
2.047562e+03 
2.047562e+03 
2.047562e+03 
2.047562e+03 
2.047562e+03 
2.047562e+03 
2.047562e+03 
2.047562e+03 
2.047562e+03 
2.047562e+03 
2.047562e+03 
2.047562e+03 
2.047562e+03 
2.047562e+03 
2.047562e+03 
2.047562e+03 
2.047562e+03 
2.047562e+03 
2.047562e+03 
2.047562e+03 
2.047562e+03 
2.047562e+03 
2.047562e+03 
2.047562e+03 
2.047562e+03 
2.047562e+03 
2.047562e+03 
2.047562e+03 
2.047562e+03 
2.047562e+03 
2.047562e+03 
2.047562e+03 
2.047562e+03 
2.047562e+03 
2.047562e+03 
2.047562e+03 
2.047562e+03 
2.047562e+03 
2.047562e+03 
2.047562e+03 
2.047562e+03 
2.047562e+03 
2.047562e+03 
2.047562e+03 
2.047562e+03 
2.047562e+03 
2.047562e+03 
2.047562e+03 
2.047562e+03 
2.047562e+03 
2.047562e+03 
2.047562e+03 
2.047562e+03 
2.047562e+03 
2.047562e+03 
2.047562e+03 
2.047562e+03 
2.047562e+03 
2.047562e+03 
2.047562e+03 
2.046843e+03 
2.046843e+03 
2.046843e+03 
2.046843e+03 
2.046843e+03 
2.046843e+03 
2.046843e+03 
2.046843e+03 
2.046843e+03 
2.046843e+03 
2.046843e+03 
2.046843e+03 
2.046843e+03 
2.046843e+03 
2.046843e+03 
2.046843e+03 
2.046843e+03 
2.046843e+03 
2.046843e+03 
2.046843e+03 
2.046843e+03 
2.046843e+03 
2.046843e+03 
2.046843e+03 
2.046843e+03 
2.046843e+03 
2.046843e+03 
2.046843e+03 
2.046843e+03 
2.046789e+03 
2.046789e+03 
2.046761e+03 
2.046734e+03 
2.046734e+03 
2.046728e+03 
2.046728e+03 
2.046723e+03 
2.046723e+03 
2.046723e+03 
2.046723e+03 
2.046723e+03 
2.046721e+03 
2.046719e+03 
2.046718e+03 
2.046718e+03 
2.046718e+03 
2.046718e+03 
2.046718e+03 
2.046718e+03 
2.046718e+03 
2.046718e+03 
2.046718e+03 
2.046718e+03 
2.046718e+03 
2.046718e+03 
2.046718e+03 
2.046718e+03 
2.046718e+03 
2.046718e+03 
2.046718e+03 
2.046718e+03 
2.046718e+03 
2.046718e+03 
2.046718e+03 
2.046718e+03 
2.046718e+03 
2.046718e+03 
2.046718e+03 
2.046718e+03 
2.046718e+03 
2.046718e+03 
2.046718e+03 
2.046718e+03 
2.046718e+03 
2.046718e+03 
2.046718e+03 
2.046718e+03 
2.046718e+03 
2.046718e+03 
2.046718e+03 
2.046718e+03 
2.046718e+03 
2.046718e+03 
2.046718e+03 
2.046718e+03 
2.046718e+03 
2.046718e+03 
2.046718e+03 
2.046718e+03 
2.046718e+03 
2.046718e+03 
2.046718e+03 
2.046718e+03 
2.046718e+03 
2.046718e+03 
2.046718e+03 
2.046718e+03 
2.046718e+03 
2.046718e+03 
2.046718e+03 
2.046718e+03 
2.046718e+03 
2.046718e+03 
2.046718e+03 
2.046718e+03 
2.046718e+03 
2.046718e+03 
2.046718e+03 
2.046718e+03 
2.046718e+03 
2.046718e+03 
2.046718e+03 
2.046718e+03 
2.046718e+03 
2.046718e+03 
2.046718e+03 
2.046718e+03 
2.046718e+03 
2.046718e+03 
2.046651e+03 
2.046651e+03 
2.046651e+03 
2.046651e+03 
2.046651e+03 
2.046651e+03 
2.046651e+03 
2.046651e+03 
2.046651e+03 
2.046651e+03 
2.046651e+03 
2.046651e+03 
2.046651e+03 
2.046651e+03 
2.046651e+03 
2.046651e+03 
2.046651e+03 
2.046651e+03 
2.046651e+03 
2.046651e+03 
2.046651e+03 
2.046651e+03 
2.046651e+03 
2.046651e+03 
2.046651e+03 
2.046651e+03 
2.046651e+03 
2.046549e+03 
2.046549e+03 
2.046541e+03 
2.046541e+03 
2.046541e+03 
2.046541e+03 
2.046541e+03 
2.046541e+03 
2.046541e+03 
2.046541e+03 
2.046541e+03 
2.046541e+03 
2.046541e+03 
2.046541e+03 
2.046541e+03 
2.046541e+03 
2.046541e+03 
2.046541e+03 
2.046541e+03 
2.046541e+03 
2.046541e+03 
2.046540e+03 
2.046540e+03 
2.046540e+03 
2.046540e+03 
2.046540e+03 
2.046540e+03 
2.046540e+03 
2.046540e+03 
2.046540e+03 
2.046540e+03 
2.046540e+03 
2.046540e+03 
2.046540e+03 
2.046540e+03 
2.046540e+03 
2.046538e+03 
2.046538e+03 
2.046532e+03 
2.046526e+03 
2.046526e+03 
2.046526e+03 
2.046524e+03 
2.046524e+03 
2.046524e+03 
2.046524e+03 
2.046524e+03 
2.046524e+03 
2.046523e+03 
2.046523e+03 
2.046520e+03 
2.046520e+03 
2.046520e+03 
2.046519e+03 
2.046519e+03 
2.046519e+03 
2.046519e+03 
2.046519e+03 
2.046519e+03 
2.046519e+03 
2.046519e+03 
2.046519e+03 
2.046519e+03 
2.046519e+03 
2.046519e+03 
2.046519e+03 
2.046518e+03 
2.046518e+03 
2.046518e+03 
2.046518e+03 
2.046518e+03 
2.046518e+03 
2.046517e+03 
2.046517e+03 
2.046517e+03 
2.046516e+03 
2.046516e+03 
2.046516e+03 
2.046516e+03 
2.046516e+03 
2.046516e+03 
2.046516e+03 
2.046516e+03 
2.046516e+03 
2.046516e+03 
2.046516e+03 
2.046516e+03 
2.046516e+03 
2.046516e+03 
2.046516e+03 
2.046516e+03 
2.046516e+03 
2.046516e+03 
2.046516e+03 
2.046516e+03 
2.046516e+03 
2.046516e+03 
2.046516e+03 
2.046514e+03 
2.046514e+03 
2.046514e+03 
2.046514e+03 
2.046514e+03 
2.046514e+03 
2.046514e+03 
2.046514e+03 
2.046514e+03 
2.046514e+03 
2.046514e+03 
2.046514e+03 
2.046514e+03 
2.046514e+03 
2.046512e+03 
2.046512e+03 
2.046511e+03 
2.046511e+03 
2.046511e+03 
2.046510e+03 
2.046510e+03 
2.046510e+03 
2.046510e+03 
2.046510e+03 
2.046510e+03 
2.046510e+03 
2.046509e+03 
2.046509e+03 
2.046509e+03 
2.046508e+03 
2.046508e+03 
2.046508e+03 
2.046508e+03 
2.046508e+03 
2.046508e+03 
2.046508e+03 
2.046508e+03 
2.046508e+03 
2.046508e+03 
2.046508e+03 
2.046508e+03 
2.046508e+03 
2.046508e+03 
2.046508e+03 
2.046508e+03 
2.046508e+03 
2.046508e+03 
2.046508e+03 
2.046507e+03 
2.046507e+03 
2.046507e+03 
2.046507e+03 
2.046507e+03 
2.046507e+03 
2.046507e+03 
2.046506e+03 
2.046506e+03 
2.046505e+03 
2.046505e+03 
2.046505e+03 
2.046505e+03 
2.046505e+03 
2.046504e+03 
2.046504e+03 
2.046504e+03 
2.046504e+03 
2.046504e+03 
2.046504e+03 
2.046504e+03 
2.046504e+03 
2.046504e+03 
2.046504e+03 
2.046504e+03 
2.046504e+03 
2.046504e+03 
2.046504e+03 
2.046504e+03 
2.046504e+03 
2.046504e+03 
2.046504e+03 
2.046504e+03 
2.046504e+03 
2.046503e+03 
2.046503e+03 
2.046502e+03 
2.046502e+03 
2.046502e+03 
2.046502e+03 
2.046502e+03 
2.046502e+03 
2.046502e+03 
2.046502e+03 
2.046502e+03 
2.046502e+03 
2.046502e+03 
2.046502e+03 
2.046502e+03 
2.046502e+03 
2.046502e+03 
2.046502e+03 
2.046502e+03 
2.046502e+03 
2.046501e+03 
2.046501e+03 
2.046501e+03 
2.046501e+03 
2.046501e+03 
2.046501e+03 
2.046501e+03 
2.046501e+03 
2.046501e+03 
2.046501e+03 
2.046501e+03 
2.046501e+03 
2.046501e+03 
2.046501e+03 
2.046501e+03 
2.046501e+03 
2.046501e+03 
2.046501e+03 
2.046501e+03 
2.046501e+03 
2.046501e+03 
2.046501e+03 
2.046501e+03 
2.046501e+03 
2.046501e+03 
2.046501e+03 
2.046501e+03 
2.046501e+03 
2.046501e+03 
2.046501e+03 
2.046501e+03 
2.046501e+03 
2.046501e+03 
2.046501e+03 
2.046501e+03 
2.046501e+03 
2.046501e+03 
2.046501e+03 
2.046501e+03 
2.046501e+03 
2.046501e+03 
2.046501e+03 
2.046501e+03 
2.046501e+03 
2.046501e+03 
2.046501e+03 
2.046501e+03 
2.046501e+03 
2.046501e+03 
2.046501e+03 
2.046501e+03 
2.046501e+03 
2.046501e+03 
2.046501e+03 
2.046501e+03 
2.046501e+03 
2.046501e+03 
2.046501e+03 
2.046501e+03 
2.046501e+03 
2.046501e+03 
2.046501e+03 
2.046501e+03 
2.046501e+03 
2.046501e+03 
2.046501e+03 
2.046501e+03 
2.046501e+03 
2.046501e+03 
2.046501e+03 
2.046501e+03 
2.046501e+03 
2.046501e+03 
2.046501e+03 
2.046500e+03 
2.046500e+03 
2.046500e+03 
2.046500e+03 
2.046500e+03 
2.046500e+03 
2.046500e+03 
2.046500e+03 
2.046500e+03 
2.046500e+03 
2.046500e+03 
2.046500e+03 
2.046500e+03 
2.046500e+03 
2.046500e+03 
2.046500e+03 
2.046500e+03 
2.046500e+03 
2.046500e+03 
2.046500e+03 
2.046500e+03 
2.046500e+03 
2.046500e+03 
2.046500e+03 
2.046500e+03 
2.046500e+03 
2.046500e+03 
2.046500e+03 
2.046500e+03 
2.046500e+03 
2.046500e+03 
2.046500e+03 
2.046500e+03 
2.046500e+03 
2.046500e+03 
2.046500e+03 
2.046500e+03 
2.046500e+03 
2.046500e+03 
2.046500e+03 
2.046500e+03 
2.046500e+03 
2.046500e+03 
2.046500e+03 
2.046500e+03 
2.046500e+03 
2.046500e+03 
2.046500e+03 
2.046500e+03 
2.046500e+03 
2.046500e+03 
2.046500e+03 
2.046500e+03 
2.046500e+03 
2.046500e+03 
2.046500e+03 
2.046500e+03 
2.046500e+03 
2.046500e+03 
2.046500e+03 
2.046500e+03 
2.046500e+03 
2.046500e+03 
2.046500e+03 
2.046500e+03 
2.046500e+03 
2.046500e+03 
2.046500e+03 
2.046500e+03 
2.046500e+03 
2.046500e+03 
2.046500e+03 
2.046499e+03 
2.046499e+03 
2.046499e+03 
2.046499e+03 
2.046499e+03 
2.046499e+03 
2.046499e+03 
2.046499e+03 
2.046499e+03 
2.046499e+03 
2.046499e+03 
2.046499e+03 
2.046499e+03 
2.046499e+03 
2.046499e+03 
2.046499e+03 
2.046499e+03 
2.046499e+03 
2.046499e+03 
2.046499e+03 
2.046499e+03 
2.046499e+03 
2.046499e+03 
2.046499e+03 
2.046499e+03 
2.046499e+03 
2.046499e+03 
2.046499e+03 
2.046499e+03 
2.046499e+03 
2.046499e+03 
2.046499e+03 
2.046499e+03 
2.046499e+03 
2.046499e+03 
2.046499e+03 
2.046499e+03 
2.046499e+03 
2.046499e+03 
2.046499e+03 
2.046499e+03 
2.046499e+03 
2.046499e+03 
2.046499e+03 
2.046499e+03 
2.046499e+03 
2.046499e+03 
2.046499e+03 
2.046499e+03 
2.046499e+03 
2.046499e+03 
2.046499e+03 
2.046499e+03 
2.046499e+03 
2.046499e+03 
2.046499e+03 
2.046499e+03 
2.046499e+03 
2.046499e+03 
2.046499e+03 
2.046499e+03 
2.046499e+03 
2.046499e+03 
2.046498e+03 
2.046498e+03 
2.046498e+03 
2.046498e+03 
2.046498e+03 
2.046498e+03 
2.046498e+03 
2.046498e+03 
2.046498e+03 
2.046498e+03 
2.046494e+03 
2.046494e+03 
2.046494e+03 
2.046494e+03 
2.046489e+03 
2.046489e+03 
2.046489e+03 
2.046489e+03 
2.046489e+03 
2.046489e+03 
2.046489e+03 
2.046489e+03 
2.046489e+03 
2.046489e+03 
2.046489e+03 
2.046485e+03 
2.046485e+03 
2.046484e+03 
2.046484e+03 
2.046484e+03 
2.046484e+03 
2.046484e+03 
2.046484e+03 
2.046484e+03 
2.046484e+03 
2.046484e+03 
2.046483e+03 
2.046483e+03 
2.046482e+03 
2.046481e+03 
2.046481e+03 
2.046481e+03 
2.046481e+03 
2.046480e+03 
2.046480e+03 
2.046480e+03 
2.046480e+03 
2.046480e+03 
2.046480e+03 
2.046480e+03 
2.046480e+03 
2.046479e+03 
2.046479e+03 
2.046479e+03 
2.046479e+03 
2.046479e+03 
2.046479e+03 
2.046479e+03 
2.046479e+03 
2.046479e+03 
2.046479e+03 
2.046479e+03 
2.046479e+03 
2.046479e+03 
2.046479e+03 
2.046479e+03 
2.046479e+03 
2.046479e+03 
2.046479e+03 
2.046479e+03 
2.046479e+03 
2.046479e+03 
2.046479e+03 
2.046479e+03 
2.046479e+03 
2.046479e+03 
2.046479e+03 
2.046479e+03 
2.046478e+03 
2.046478e+03 
2.046478e+03 
2.046477e+03 
2.046476e+03 
2.046476e+03 
2.046475e+03 
2.046475e+03 
2.046475e+03 
2.046475e+03 
2.046475e+03 
2.046475e+03 
2.046475e+03 
2.046475e+03 
2.046475e+03 
2.046475e+03 
2.046475e+03 
2.046475e+03 
2.046475e+03 
2.046475e+03 
2.046475e+03 
2.046475e+03 
2.046475e+03 
2.046475e+03 
2.046475e+03 
2.046475e+03 
2.046475e+03 
2.046475e+03 
2.046475e+03 
2.046475e+03 
2.046475e+03 
2.046475e+03 
2.046475e+03 
2.046475e+03 
2.046475e+03 
2.046475e+03 
2.046475e+03 
2.046475e+03 
2.046475e+03 
2.046475e+03 
2.046475e+03 
2.046475e+03 
2.046475e+03 
2.046475e+03 
2.046475e+03 
2.046475e+03 
2.046475e+03 
2.046475e+03 
2.046475e+03 
2.046475e+03 
2.046475e+03 
2.046475e+03 
2.046475e+03 
2.046475e+03 
2.046475e+03 
2.046475e+03 
2.046475e+03 
2.046475e+03 
2.046475e+03 
2.046475e+03 
2.046475e+03 
2.046475e+03 
2.046475e+03 
2.046475e+03 
2.046475e+03 
2.046475e+03 
2.046475e+03 
2.046475e+03 
2.046475e+03 
2.046475e+03 
2.046475e+03 
2.046475e+03 
2.046475e+03 
2.046475e+03 
2.046475e+03 
2.046475e+03 
2.046475e+03 
2.046475e+03 
2.046475e+03 
2.046475e+03 
2.046475e+03 
2.046475e+03 
2.046475e+03 
2.046475e+03 
2.046475e+03 
2.046475e+03 
2.046475e+03 
2.046475e+03 
2.046475e+03 
2.046475e+03 
2.046475e+03 
2.046475e+03 
2.046475e+03 
2.046475e+03 
2.046475e+03 
2.046475e+03 
2.046475e+03 
2.046475e+03 
2.046475e+03 
2.046475e+03 
2.046475e+03 
2.046475e+03 
2.046475e+03 
2.046475e+03 
2.046475e+03 
2.046475e+03 
2.046475e+03 
2.046475e+03 
2.046475e+03 
2.046475e+03 
2.046475e+03 
2.046475e+03 
2.046475e+03 
2.046475e+03 
2.046475e+03 
2.046474e+03 
2.046474e+03 
2.046474e+03 
2.046474e+03 
2.046474e+03 
2.046474e+03 
2.046474e+03 
2.046473e+03 
2.046472e+03 
2.046471e+03 
2.046471e+03 
2.046471e+03 
2.046471e+03 
2.046470e+03 
2.046470e+03 
2.046470e+03 
2.046470e+03 
2.046470e+03 
2.046470e+03 
2.046470e+03 
2.046470e+03 
2.046470e+03 
2.046470e+03 
2.046470e+03 
2.046470e+03 
2.046470e+03 
2.046470e+03 
2.046470e+03 
2.046470e+03 
2.046470e+03 
2.046470e+03 
2.046470e+03 
2.046470e+03 
2.046467e+03 
2.046463e+03 
2.046457e+03 
2.046454e+03 
2.046452e+03 
2.046451e+03 
2.046450e+03 
2.046450e+03 
2.046446e+03 
2.046446e+03 
2.046446e+03 
2.046446e+03 
2.046446e+03 
2.046446e+03 
2.046446e+03 
2.046446e+03 
2.046439e+03 
2.046439e+03 
2.046439e+03 
2.046439e+03 
2.046439e+03 
2.046439e+03 
2.046439e+03 
2.046439e+03 
2.046436e+03 
2.046436e+03 
2.046436e+03 
2.046436e+03 
2.046436e+03 
2.046436e+03 
2.046436e+03 
2.046436e+03 
2.046436e+03 
2.046436e+03 
2.046436e+03 
2.046436e+03 
2.046436e+03 
2.046436e+03 
2.046436e+03 
2.046436e+03 
2.046436e+03 
2.046436e+03 
2.046436e+03 
2.046436e+03 
2.046436e+03 
2.046436e+03 
2.046436e+03 
2.046436e+03 
2.046435e+03 
2.046435e+03 
2.046435e+03 
2.046435e+03 
2.046435e+03 
2.046435e+03 
2.046435e+03 
2.046435e+03 
2.046435e+03 
2.046435e+03 
2.046435e+03 
2.046435e+03 
2.046435e+03 
2.046435e+03 
2.046435e+03 
2.046435e+03 
2.046435e+03 
2.046435e+03 
2.046435e+03 
2.046435e+03 
2.046435e+03 
2.046435e+03 
2.046435e+03 
2.046435e+03 
2.046435e+03 
2.046435e+03 
2.046435e+03 
2.046435e+03 
2.046434e+03 
2.046434e+03 
2.046434e+03 
2.046434e+03 
2.046434e+03 
2.046434e+03 
2.046434e+03 
2.046434e+03 
2.046413e+03 
2.046413e+03 
2.046413e+03 
2.046413e+03 
2.046413e+03 
2.046413e+03 
2.046413e+03 
2.046413e+03 
2.046413e+03 
2.046413e+03 
2.046413e+03 
2.046411e+03 
2.046411e+03 
2.046405e+03 
2.046405e+03 
2.046405e+03 
2.046405e+03 
2.046405e+03 
2.046370e+03 
2.046370e+03 
2.046370e+03 
2.046370e+03 
2.046370e+03 
2.046370e+03 
2.046370e+03 
2.046370e+03 
2.046316e+03 
2.046274e+03 
2.046274e+03 
2.046274e+03 
2.046274e+03 
2.046274e+03 
2.046274e+03 
2.046274e+03 
2.046274e+03 
2.046274e+03 
2.046274e+03 
2.046274e+03 
2.046274e+03 
2.046244e+03 
2.046244e+03 
2.046244e+03 
2.046244e+03 
2.046244e+03 
2.046244e+03 
2.046244e+03 
2.046244e+03 
2.046221e+03 
2.046221e+03 
2.046214e+03 
2.046214e+03 
2.046214e+03 
2.046214e+03 
2.046214e+03 
2.046214e+03 
2.046214e+03 
2.046214e+03 
2.046214e+03 
2.046212e+03 
2.046212e+03 
2.046212e+03 
2.046212e+03 
2.046212e+03 
2.046212e+03 
2.046212e+03 
2.046212e+03 
2.046212e+03 
2.046212e+03 
2.046205e+03 
2.046202e+03 
2.046202e+03 
2.046202e+03 
2.046198e+03 
2.046198e+03 
2.046198e+03 
2.046198e+03 
2.046198e+03 
2.046198e+03 
2.046198e+03 
2.046198e+03 
2.046198e+03 
2.046198e+03 
2.046198e+03 
2.046198e+03 
2.046198e+03 
2.046195e+03 
2.046195e+03 
2.046195e+03 
2.046195e+03 
2.046195e+03 
2.046195e+03 
2.046195e+03 
2.046195e+03 
2.046195e+03 
2.046195e+03 
2.046195e+03 
2.046195e+03 
2.046195e+03 
2.046195e+03 
2.046195e+03 
2.046195e+03 
2.046195e+03 
2.046195e+03 
2.046195e+03 
2.046195e+03 
2.046195e+03 
2.046195e+03 
2.046194e+03 
2.046194e+03 
2.046192e+03 
2.046192e+03 
2.046192e+03 
2.046192e+03 
2.046192e+03 
2.046192e+03 
2.046192e+03 
2.046192e+03 
2.046192e+03 
2.046192e+03 
2.046192e+03 
2.046192e+03 
2.046192e+03 
2.046192e+03 
2.046192e+03 
2.046192e+03 
2.046192e+03 
2.046192e+03 
2.046191e+03 
2.046191e+03 
2.046191e+03 
2.046191e+03 
2.046191e+03 
2.046191e+03 
2.046191e+03 
2.046191e+03 
2.046191e+03 
2.046191e+03 
2.046191e+03 
2.046191e+03 
2.046191e+03 
2.046191e+03 
2.046191e+03 
2.046191e+03 
2.046191e+03 
2.046191e+03 
2.046191e+03 
2.046191e+03 
2.046191e+03 
2.046191e+03 
2.046191e+03 
2.046191e+03 
2.046191e+03 
2.046191e+03 
2.046191e+03 
2.046191e+03 
2.046191e+03 
2.046191e+03 
2.046191e+03 
2.046191e+03 
2.046191e+03 
2.046191e+03 
2.046191e+03 
2.046191e+03 
2.046191e+03 
2.046191e+03 
2.046191e+03 
2.046191e+03 
2.046190e+03 
2.046190e+03 
2.046190e+03 
2.046190e+03 
2.046190e+03 
2.046189e+03 
2.046189e+03 
2.046189e+03 
2.046189e+03 
2.046189e+03 
2.046189e+03 
2.046189e+03 
2.046189e+03 
2.046189e+03 
2.046189e+03 
2.046189e+03 
2.046189e+03 
2.046189e+03 
2.046189e+03 
2.046189e+03 
2.046189e+03 
2.046189e+03 
2.046189e+03 
2.046189e+03 
2.046189e+03 
2.046189e+03 
2.046189e+03 
2.046189e+03 
2.046189e+03 
2.046189e+03 
2.046188e+03 
2.046188e+03 
2.046188e+03 
2.046188e+03 
2.046187e+03 
2.046187e+03 
2.046187e+03 
2.046187e+03 
2.046186e+03 
2.046186e+03 
2.046186e+03 
2.046186e+03 
2.046186e+03 
2.046186e+03 
2.046152e+03 
2.046152e+03 
2.046152e+03 
2.046152e+03 
2.046152e+03 
2.046152e+03 
2.046152e+03 
2.046152e+03 
2.046152e+03 
2.046152e+03 
2.046152e+03 
2.046152e+03 
2.046152e+03 
2.046142e+03 
2.046142e+03 
2.046142e+03 
2.046135e+03 
2.046016e+03 
2.046016e+03 
2.046016e+03 
2.046016e+03 
2.046016e+03 
2.046016e+03 
2.046016e+03 
2.046016e+03 
2.046016e+03 
2.046016e+03 
2.046016e+03 
2.046016e+03 
2.046016e+03 
2.046016e+03 
2.046016e+03 
2.046016e+03 
2.046016e+03 
2.046016e+03 
2.046016e+03 
2.046016e+03 
2.045839e+03 
2.045839e+03 
2.045839e+03 
2.045839e+03 
2.045839e+03 
2.045839e+03 
2.045839e+03 
2.045839e+03 
2.045839e+03 
2.045839e+03 
2.045839e+03 
2.045839e+03 
2.045839e+03 
2.045839e+03 
2.045839e+03 
2.045839e+03 
2.045839e+03 
2.045839e+03 
2.045839e+03 
2.045839e+03 
2.045839e+03 
2.045839e+03 
2.045839e+03 
2.045839e+03 
2.045839e+03 
2.045839e+03 
2.045839e+03 
2.045839e+03 
2.045839e+03 
2.045823e+03 
2.045823e+03 
2.045823e+03 
2.045823e+03 
2.045823e+03 
2.045823e+03 
2.045810e+03 
2.045762e+03 
2.045762e+03 
2.045762e+03 
2.045762e+03 
2.045762e+03 
2.045762e+03 
2.045759e+03 
2.045747e+03 
2.045747e+03 
2.045747e+03 
2.045709e+03 
2.045709e+03 
2.045709e+03 
2.045709e+03 
2.045709e+03 
2.045709e+03 
2.045709e+03 
2.045709e+03 
2.045709e+03 
2.045709e+03 
2.045709e+03 
2.045709e+03 
2.045709e+03 
2.045709e+03 
2.045709e+03 
2.045709e+03 
2.045709e+03 
2.045709e+03 
2.045709e+03 
2.045709e+03 
2.045709e+03 
2.045709e+03 
2.045709e+03 
2.045709e+03 
2.045709e+03 
2.045709e+03 
2.045709e+03 
2.045709e+03 
2.045709e+03 
2.045709e+03 
2.045709e+03 
2.045709e+03 
2.045709e+03 
2.045709e+03 
2.045709e+03 
2.045709e+03 
2.045709e+03 
2.045709e+03 
2.045709e+03 
2.045709e+03 
2.045709e+03 
2.045709e+03 
2.045709e+03 
2.045709e+03 
2.045709e+03 
2.045709e+03 
2.045709e+03 
2.045709e+03 
2.045709e+03 
2.045709e+03 
2.045709e+03 
2.045709e+03 
2.045709e+03 
2.045709e+03 
2.045709e+03 
2.045709e+03 
2.045709e+03 
2.045709e+03 
2.045709e+03 
2.045709e+03 
2.045709e+03 
2.045709e+03 
2.045709e+03 
2.045702e+03 
2.045702e+03 
2.045602e+03 
2.045602e+03 
2.045602e+03 
2.045602e+03 
2.045602e+03 
2.045602e+03 
2.045602e+03 
2.045580e+03 
2.045580e+03 
2.045580e+03 
2.045580e+03 
2.045580e+03 
2.045471e+03 
2.045471e+03 
2.045471e+03 
2.045471e+03 
2.045266e+03 
2.045266e+03 
2.045266e+03 
2.045266e+03 
2.045266e+03 
2.045266e+03 
2.045266e+03 
2.045266e+03 
2.045266e+03 
2.045266e+03 
2.045266e+03 
2.045266e+03 
2.045266e+03 
2.045266e+03 
2.045266e+03 
2.045266e+03 
2.045266e+03 
2.045266e+03 
2.045266e+03 
2.045266e+03 
2.045266e+03 
2.045266e+03 
2.045266e+03 
2.045266e+03 
2.045266e+03 
2.045135e+03 
2.045135e+03 
2.045135e+03 
2.045135e+03 
2.045135e+03 
2.045035e+03 
2.045035e+03 
2.045035e+03 
2.045035e+03 
2.045035e+03 
2.045023e+03 
2.045017e+03 
2.045017e+03 
2.045014e+03 
2.045014e+03 
2.045014e+03 
2.045014e+03 
2.045014e+03 
2.045014e+03 
2.045014e+03 
2.045014e+03 
2.045014e+03 
2.045014e+03 
2.045014e+03 
2.044980e+03 
2.044980e+03 
2.044980e+03 
2.044980e+03 
2.044980e+03 
2.044980e+03 
2.044980e+03 
2.044975e+03 
2.044971e+03 
2.044970e+03 
2.044969e+03 
2.044969e+03 
2.044969e+03 
2.044969e+03 
2.044969e+03 
2.044968e+03 
2.044968e+03 
2.044968e+03 
2.044968e+03 
2.044968e+03 
2.044968e+03 
2.044962e+03 
2.044962e+03 
2.044962e+03 
2.044962e+03 
2.044962e+03 
2.044962e+03 
2.044962e+03 
2.044962e+03 
2.044962e+03 
2.044962e+03 
2.044961e+03 
2.044960e+03 
2.044960e+03 
2.044960e+03 
2.044958e+03 
2.044958e+03 
2.044958e+03 
2.044958e+03 
2.044958e+03 
2.044958e+03 
2.044958e+03 
2.044958e+03 
2.044958e+03 
2.044958e+03 
2.044958e+03 
2.044958e+03 
2.044958e+03 
2.044958e+03 
2.044958e+03 
2.044958e+03 
2.044958e+03 
2.044958e+03 
2.044958e+03 
2.044958e+03 
2.044958e+03 
2.044958e+03 
2.044958e+03 
2.044958e+03 
2.044958e+03 
2.044958e+03 
2.044958e+03 
2.044958e+03 
2.044958e+03 
2.044958e+03 
2.044958e+03 
2.044958e+03 
2.044958e+03 
2.044957e+03 
2.044957e+03 
2.044956e+03 
2.044956e+03 
2.044955e+03 
2.044955e+03 
2.044955e+03 
2.044955e+03 
2.044955e+03 
2.044955e+03 
2.044955e+03 
2.044955e+03 
2.044955e+03 
2.044955e+03 
2.044955e+03 
2.044955e+03 
2.044955e+03 
2.044955e+03 
2.044955e+03 
2.044955e+03 
2.044955e+03 
2.044955e+03 
2.044955e+03 
2.044955e+03 
2.044955e+03 
2.044955e+03 
2.044955e+03 
2.044955e+03 
2.044955e+03 
2.044955e+03 
2.044955e+03 
2.044955e+03 
2.044955e+03 
2.044955e+03 
2.044955e+03 
2.044952e+03 
2.044948e+03 
2.044948e+03 
2.044948e+03 
2.044947e+03 
2.044947e+03 
2.044947e+03 
2.044947e+03 
2.044947e+03 
2.044947e+03 
2.044946e+03 
2.044946e+03 
2.044946e+03 
2.044946e+03 
2.044946e+03 
2.044946e+03 
2.044946e+03 
2.044946e+03 
2.044946e+03 
2.044946e+03 
2.044946e+03 
2.044946e+03 
2.044946e+03 
2.044946e+03 
2.044946e+03 
2.044946e+03 
2.044946e+03 
2.044946e+03 
2.044946e+03 
2.044946e+03 
2.044946e+03 
2.044946e+03 
2.044946e+03 
2.044946e+03 
2.044946e+03 
2.044946e+03 
2.044946e+03 
2.044945e+03 
2.044945e+03 
2.044945e+03 
2.044945e+03 
2.044945e+03 
2.044945e+03 
2.044945e+03 
2.044945e+03 
2.044945e+03 
2.044945e+03 
2.044945e+03 
2.044945e+03 
2.044945e+03 
2.044945e+03 
2.044945e+03 
2.044945e+03 
2.044945e+03 
2.044945e+03 
2.044945e+03 
2.044945e+03 
2.044945e+03 
2.044945e+03 
2.044945e+03 
2.044945e+03 
2.044945e+03 
2.044945e+03 
2.044945e+03 
2.044945e+03 
2.044945e+03 
2.044945e+03 
2.044945e+03 
2.044945e+03 
2.044945e+03 
2.044945e+03 
2.044945e+03 
2.044945e+03 
2.044945e+03 
2.044945e+03 
2.044945e+03 
2.044945e+03 
2.044945e+03 
2.044945e+03 
2.044945e+03 
2.044945e+03 
2.044945e+03 
2.044945e+03 
2.044935e+03 
2.044929e+03 
2.044929e+03 
2.044929e+03 
2.044928e+03 
2.044928e+03 
2.044928e+03 
2.044928e+03 
2.044924e+03 
2.044924e+03 
2.044924e+03 
2.044924e+03 
2.044924e+03 
2.044924e+03 
2.044924e+03 
2.044924e+03 
2.044924e+03 
2.044924e+03 
2.044924e+03 
2.044924e+03 
2.044924e+03 
2.044924e+03 
2.044924e+03 
2.044924e+03 
2.044923e+03 
2.044923e+03 
2.044923e+03 
2.044923e+03 
2.044923e+03 
2.044923e+03 
2.044923e+03 
2.044923e+03 
2.044923e+03 
2.044923e+03 
2.044923e+03 
2.044923e+03 
2.044923e+03 
2.044923e+03 
2.044923e+03 
2.044923e+03 
2.044923e+03 
2.044923e+03 
2.044923e+03 
2.044923e+03 
2.044923e+03 
2.044923e+03 
2.044922e+03 
2.044913e+03 
2.044913e+03 
2.044907e+03 
2.044906e+03 
2.044905e+03 
2.044905e+03 
2.044904e+03 
2.044904e+03 
2.044903e+03 
2.044903e+03 
2.044902e+03 
2.044902e+03 
2.044902e+03 
2.044902e+03 
2.044902e+03 
2.044902e+03 
2.044902e+03 
2.044902e+03 
2.044902e+03 
2.044902e+03 
2.044902e+03 
2.044902e+03 
2.044902e+03 
2.044902e+03 
2.044902e+03 
2.044902e+03 
2.044902e+03 
2.044902e+03 
2.044902e+03 
2.044902e+03 
2.044902e+03 
2.044902e+03 
2.044902e+03 
2.044902e+03 
2.044902e+03 
2.044902e+03 
2.044902e+03 
2.044390e+03 
2.044390e+03 
2.044390e+03 
2.044390e+03 
2.044390e+03 
2.044390e+03 
2.044390e+03 
2.044390e+03 
2.044390e+03 
2.044390e+03 
2.044390e+03 
2.044390e+03 
2.044390e+03 
2.044390e+03 
2.044390e+03 
2.044390e+03 
2.044293e+03 
2.044293e+03 
2.044293e+03 
2.044293e+03 
2.044293e+03 
2.044293e+03 
2.044293e+03 
2.044271e+03 
2.044271e+03 
2.044271e+03 
2.044271e+03 
2.044269e+03 
2.044269e+03 
2.044269e+03 
2.044269e+03 
2.044269e+03 
2.044194e+03 
2.044194e+03 
2.043650e+03 
2.043650e+03 
2.043650e+03 
2.043650e+03 
2.043650e+03 
2.043650e+03 
2.043650e+03 
2.043650e+03 
2.043650e+03 
2.043650e+03 
2.043650e+03 
2.043650e+03 
2.043650e+03 
2.043650e+03 
2.043650e+03 
2.043650e+03 
2.043650e+03 
2.043650e+03 
2.043650e+03 
2.043650e+03 
2.043650e+03 
2.043650e+03 
2.043650e+03 
2.043650e+03 
2.043650e+03 
2.043650e+03 
2.043650e+03 
2.043650e+03 
2.043650e+03 
2.043650e+03 
2.043650e+03 
2.043650e+03 
2.043650e+03 
2.043650e+03 
2.043650e+03 
2.043650e+03 
2.043650e+03 
2.043650e+03 
2.043650e+03 
2.043650e+03 
2.043650e+03 
2.043650e+03 
2.043650e+03 
2.043650e+03 
2.043650e+03 
2.043650e+03 
2.043650e+03 
2.043650e+03 
2.043650e+03 
2.043650e+03 
2.043650e+03 
2.043650e+03 
2.043650e+03 
2.043650e+03 
2.043650e+03 
2.043650e+03 
2.043650e+03 
2.043650e+03 
2.043650e+03 
2.043650e+03 
2.043650e+03 
2.043650e+03 
2.043650e+03 
2.043650e+03 
2.043650e+03 
2.043650e+03 
2.043650e+03 
2.043650e+03 
2.043650e+03 
2.043650e+03 
2.043650e+03 
2.043650e+03 
2.043650e+03 
2.043650e+03 
2.043650e+03 
2.043650e+03 
2.043650e+03 
2.043650e+03 
2.043650e+03 
2.043650e+03 
2.043650e+03 
2.043650e+03 
2.043650e+03 
2.043650e+03 
2.043650e+03 
2.043650e+03 
2.043650e+03 
2.043650e+03 
2.043650e+03 
2.043650e+03 
2.043650e+03 
2.043650e+03 
2.043650e+03 
2.043650e+03 
2.043650e+03 
2.043650e+03 
2.043650e+03 
2.043650e+03 
2.043650e+03 
2.043650e+03 
2.043650e+03 
2.043650e+03 
2.043650e+03 
2.043650e+03 
2.043650e+03 
2.043650e+03 
2.043650e+03 
2.043650e+03 
2.043650e+03 
2.043650e+03 
2.043650e+03 
2.043650e+03 
2.043650e+03 
2.043650e+03 
2.043650e+03 
2.043650e+03 
2.043650e+03 
2.043650e+03 
2.043650e+03 
2.043650e+03 
2.043650e+03 
2.043650e+03 
2.043650e+03 
2.043650e+03 
2.043650e+03 
2.043650e+03 
2.043650e+03 
2.043650e+03 
2.043650e+03 
2.043650e+03 
2.043650e+03 
2.043650e+03 
2.043650e+03 
2.043650e+03 
2.043650e+03 
2.043650e+03 
2.043650e+03 
2.043650e+03 
2.043650e+03 
2.043650e+03 
2.043650e+03 
2.043650e+03 
2.043650e+03 
2.043650e+03 
2.043650e+03 
2.043650e+03 
2.043650e+03 
2.043650e+03 
2.043650e+03 
2.043650e+03 
2.043650e+03 
2.043650e+03 
2.043219e+03 
2.043219e+03 
2.043219e+03 
2.043219e+03 
2.043219e+03 
2.043219e+03 
2.043219e+03 
2.043219e+03 
2.043219e+03 
2.043219e+03 
2.043219e+03 
2.043219e+03 
2.043219e+03 
2.043219e+03 
2.043219e+03 
2.043219e+03 
2.043219e+03 
2.043219e+03 
2.043219e+03 
2.043219e+03 
2.043219e+03 
2.043219e+03 
2.043219e+03 
2.043219e+03 
2.043219e+03 
2.043219e+03 
2.043219e+03 
2.043219e+03 
2.043219e+03 
2.043219e+03 
2.043219e+03 
2.043219e+03 
2.043219e+03 
2.043219e+03 
2.043219e+03 
2.043219e+03 
2.043219e+03 
2.043219e+03 
2.043219e+03 
2.043219e+03 
2.043219e+03 
2.043219e+03 
2.043204e+03 
2.043204e+03 
2.043204e+03 
2.043202e+03 
2.043202e+03 
2.043202e+03 
2.043199e+03 
2.043199e+03 
2.043199e+03 
2.043199e+03 
2.043199e+03 
2.043199e+03 
2.043199e+03 
2.043199e+03 
2.043199e+03 
2.043199e+03 
2.043199e+03 
2.043199e+03 
2.043199e+03 
2.043199e+03 
2.043199e+03 
2.043199e+03 
2.043199e+03 
2.043199e+03 
2.043199e+03 
2.043199e+03 
2.043199e+03 
2.043199e+03 
2.043199e+03 
2.043199e+03 
2.043199e+03 
2.043199e+03 
2.043199e+03 
2.043199e+03 
2.043199e+03 
2.043199e+03 
2.043199e+03 
2.043199e+03 
2.043199e+03 
2.043199e+03 
2.043199e+03 
2.043199e+03 
2.043199e+03 
2.043199e+03 
2.043199e+03 
2.043199e+03 
2.043199e+03 
2.043199e+03 
2.043199e+03 
2.043103e+03 
2.043103e+03 
2.043103e+03 
2.043103e+03 
2.043103e+03 
2.043103e+03 
2.043062e+03 
2.043062e+03 
2.043062e+03 
2.043062e+03 
2.043062e+03 
2.043062e+03 
2.043062e+03 
2.043062e+03 
2.043062e+03 
2.043062e+03 
2.043062e+03 
2.043062e+03 
2.043062e+03 
2.043062e+03 
2.042617e+03 
2.042617e+03 
2.042617e+03 
2.042617e+03 
2.042617e+03 
2.042617e+03 
2.042617e+03 
2.042617e+03 
2.042617e+03 
2.042617e+03 
2.042617e+03 
2.042617e+03 
2.042617e+03 
2.042617e+03 
2.042617e+03 
2.042611e+03 
2.042611e+03 
2.042611e+03 
2.042269e+03 
2.042269e+03 
2.042269e+03 
2.042269e+03 
2.042269e+03 
2.042269e+03 
2.042269e+03 
2.042269e+03 
2.042269e+03 
2.041892e+03 
2.041892e+03 
2.041892e+03 
2.041892e+03 
2.041892e+03 
2.041892e+03 
2.041892e+03 
2.041892e+03 
2.041892e+03 
2.041892e+03 
2.041892e+03 
2.041892e+03 
2.041892e+03 
2.041892e+03 
2.041892e+03 
2.041892e+03 
2.041892e+03 
2.041892e+03 
2.041892e+03 
2.041892e+03 
2.041879e+03 
2.041879e+03 
2.041879e+03 
2.041879e+03 
2.041879e+03 
2.041879e+03 
2.041879e+03 
2.041879e+03 
2.041879e+03 
2.041879e+03 
2.041879e+03 
2.041879e+03 
2.041879e+03 
2.041879e+03 
2.041879e+03 
2.041879e+03 
2.041879e+03 
2.041879e+03 
2.041879e+03 
2.041879e+03 
2.041879e+03 
2.041879e+03 
2.041879e+03 
2.041879e+03 
2.041879e+03 
2.041879e+03 
2.041879e+03 
2.041879e+03 
2.041879e+03 
2.041879e+03 
2.041879e+03 
2.041879e+03 
2.040751e+03 
2.040751e+03 
2.040751e+03 
2.040751e+03 
2.040751e+03 
2.040751e+03 
2.040751e+03 
2.040751e+03 
2.040751e+03 
2.040751e+03 
2.040751e+03 
2.040751e+03 
2.040751e+03 
2.040751e+03 
2.040751e+03 
2.040751e+03 
2.040751e+03 
2.040751e+03 
2.040751e+03 
2.040751e+03 
2.040751e+03 
2.040751e+03 
2.040751e+03 
2.040751e+03 
2.040751e+03 
2.040751e+03 
2.040751e+03 
2.040751e+03 
2.040751e+03 
2.040751e+03 
2.040751e+03 
2.040751e+03 
2.040751e+03 
2.040543e+03 
2.040543e+03 
2.040543e+03 
2.040543e+03 
2.040543e+03 
2.040543e+03 
2.040543e+03 
2.040543e+03 
2.040543e+03 
2.040543e+03 
2.040543e+03 
2.040543e+03 
2.040543e+03 
2.040543e+03 
2.040335e+03 
2.040335e+03 
2.040335e+03 
2.040335e+03 
2.040335e+03 
2.040292e+03 
2.040286e+03 
2.040286e+03 
2.040286e+03 
2.040286e+03 
2.040286e+03 
2.040286e+03 
2.040286e+03 
2.040286e+03 
2.040263e+03 
2.040263e+03 
2.040263e+03 
2.040263e+03 
2.040263e+03 
2.040263e+03 
2.040262e+03 
2.040262e+03 
2.040261e+03 
2.040261e+03 
2.040261e+03 
2.040260e+03 
2.040260e+03 
2.040260e+03 
2.040260e+03 
2.040260e+03 
2.040260e+03 
2.040260e+03 
2.040260e+03 
2.040260e+03 
2.040260e+03 
2.040260e+03 
2.040260e+03 
2.040260e+03 
2.040255e+03 
2.040255e+03 
2.040252e+03 
2.040251e+03 
2.040250e+03 
2.040250e+03 
2.040249e+03 
2.040249e+03 
2.040249e+03 
2.040249e+03 
2.040249e+03 
2.040249e+03 
2.040249e+03 
2.040249e+03 
2.040249e+03 
2.040249e+03 
2.040249e+03 
2.040249e+03 
2.040249e+03 
2.040249e+03 
2.040249e+03 
2.040249e+03 
2.040249e+03 
2.040248e+03 
2.040248e+03 
2.040247e+03 
2.040247e+03 
2.040247e+03 
2.040247e+03 
2.040247e+03 
2.040247e+03 
2.040247e+03 
2.040246e+03 
2.040246e+03 
2.040246e+03 
2.040246e+03 
2.040246e+03 
2.040246e+03 
2.040246e+03 
2.040246e+03 
2.040246e+03 
2.040246e+03 
2.040246e+03 
2.040246e+03 
2.040246e+03 
2.040246e+03 
2.040246e+03 
2.040246e+03 
2.040246e+03 
2.040246e+03 
2.040246e+03 
2.040246e+03 
2.040246e+03 
2.040246e+03 
2.040246e+03 
2.040243e+03 
2.040241e+03 
2.040239e+03 
2.040237e+03 
2.040237e+03 
2.040236e+03 
2.040236e+03 
2.040235e+03 
2.040235e+03 
2.040235e+03 
2.040234e+03 
2.040234e+03 
2.040234e+03 
2.040234e+03 
2.040234e+03 
2.040234e+03 
2.040234e+03 
2.040234e+03 
2.040234e+03 
2.040234e+03 
2.040234e+03 
2.040234e+03 
2.040234e+03 
2.040234e+03 
2.040234e+03 
2.040234e+03 
2.040234e+03 
2.040231e+03 
2.040231e+03 
2.040228e+03 
2.040227e+03 
2.040227e+03 
2.040227e+03 
2.040226e+03 
2.040226e+03 
2.040149e+03 
2.040149e+03 
2.040149e+03 
2.040149e+03 
2.040149e+03 
2.040149e+03 
2.040149e+03 
2.040098e+03 
2.040098e+03 
2.040098e+03 
2.040080e+03 
2.040068e+03 
2.040068e+03 
2.040068e+03 
2.040066e+03 
2.040066e+03 
2.040066e+03 
2.040066e+03 
2.040066e+03 
2.040066e+03 
2.040066e+03 
2.040065e+03 
2.040065e+03 
2.040065e+03 
2.040065e+03 
2.040065e+03 
2.040064e+03 
2.040064e+03 
2.040064e+03 
2.040064e+03 
2.040064e+03 
2.040064e+03 
2.040064e+03 
2.040064e+03 
2.040064e+03 
2.040064e+03 
2.040064e+03 
2.040064e+03 
2.040064e+03 
2.038232e+03 
2.038232e+03 
2.038232e+03 
2.038232e+03 
2.038232e+03 
2.038232e+03 
2.038232e+03 
2.038232e+03 
2.038232e+03 
2.038232e+03 
2.038232e+03 
2.038232e+03 
2.038232e+03 
2.038139e+03 
2.038139e+03 
2.038139e+03 
2.038139e+03 
2.038139e+03 
2.038139e+03 
2.038139e+03 
2.038139e+03 
2.038139e+03 
2.038139e+03 
2.038139e+03 
2.038139e+03 
2.038139e+03 
2.038139e+03 
2.038139e+03 
2.037286e+03 
2.037286e+03 
2.037286e+03 
2.037286e+03 
2.037286e+03 
2.037286e+03 
2.037286e+03 
2.037286e+03 
2.037286e+03 
2.037286e+03 
2.037286e+03 
2.037286e+03 
2.037286e+03 
2.037286e+03 
2.037286e+03 
2.037286e+03 
2.037286e+03 
2.037286e+03 
2.037286e+03 
2.037286e+03 
2.037286e+03 
2.037286e+03 
2.037286e+03 
2.035699e+03 
2.035273e+03 
2.035273e+03 
2.035273e+03 
2.035273e+03 
2.035273e+03 
2.035273e+03 
2.035273e+03 
2.035273e+03 
2.035273e+03 
2.035273e+03 
2.035273e+03 
2.035273e+03 
2.035273e+03 
2.035273e+03 
2.035273e+03 
2.035273e+03 
2.035273e+03 
2.035273e+03 
2.035273e+03 
2.035273e+03 
2.035273e+03 
2.035273e+03 
2.035273e+03 
2.035273e+03 
2.035273e+03 
2.035273e+03 
2.035273e+03 
2.035273e+03 
2.035273e+03 
2.035273e+03 
2.035030e+03 
2.035030e+03 
2.035030e+03 
2.035030e+03 
2.035030e+03 
2.035030e+03 
2.035030e+03 
2.035030e+03 
2.035030e+03 
2.035030e+03 
2.035030e+03 
2.035030e+03 
2.035030e+03 
2.035030e+03 
2.035030e+03 
2.035030e+03 
2.035030e+03 
2.035030e+03 
2.035030e+03 
2.035030e+03 
2.034579e+03 
2.034579e+03 
2.034579e+03 
2.034579e+03 
2.034579e+03 
2.034579e+03 
2.034579e+03 
2.034579e+03 
2.034579e+03 
2.034579e+03 
2.034579e+03 
2.034579e+03 
2.034579e+03 
2.034579e+03 
2.034579e+03 
2.034579e+03 
2.034579e+03 
2.034579e+03 
2.034579e+03 
2.034579e+03 
2.034579e+03 
2.034579e+03 
2.034579e+03 
2.029200e+03 
2.029200e+03 
2.029189e+03 
2.029189e+03 
2.029189e+03 
2.029189e+03 
2.029189e+03 
2.029189e+03 
2.029189e+03 
2.029189e+03 
2.029189e+03 
2.029189e+03 
2.029189e+03 
2.029189e+03 
2.029189e+03 
2.029189e+03 
2.029189e+03 
2.029189e+03 
2.029189e+03 
2.029189e+03 
2.029189e+03 
2.029189e+03 
2.029189e+03 
2.029189e+03 
2.029189e+03 
2.029188e+03 
2.029188e+03 
2.029188e+03 
2.029188e+03 
2.029188e+03 
2.029188e+03 
2.029188e+03 
2.029188e+03 
2.029188e+03 
2.029188e+03 
2.029188e+03 
2.029188e+03 
2.029188e+03 
2.029188e+03 
2.029188e+03 
2.029188e+03 
2.029188e+03 
2.029188e+03 
2.029188e+03 
2.029188e+03 
2.029188e+03 
2.029188e+03 
2.029188e+03 
2.029188e+03 
2.029188e+03 
2.029188e+03 
2.029188e+03 
2.029188e+03 
2.029188e+03 
2.029188e+03 
2.029188e+03 
2.029188e+03 
2.029188e+03 
2.029188e+03 
2.029188e+03 
2.029188e+03 
2.029188e+03 
2.029188e+03 
2.029188e+03 
2.029188e+03 
2.029188e+03 
2.029188e+03 
2.029188e+03 
2.029188e+03 
2.029188e+03 
2.029188e+03 
2.029188e+03 
2.029188e+03 
2.029188e+03 
2.029188e+03 
2.029188e+03 
2.029188e+03 
2.029188e+03 
2.029188e+03 
2.029188e+03 
2.029188e+03 
2.029188e+03 
2.029188e+03 
2.029188e+03 
2.029188e+03 
2.029188e+03 
2.029188e+03 
2.029188e+03 
2.029188e+03 
2.029188e+03 
2.029188e+03 
2.029188e+03 
2.029188e+03 
2.029188e+03 
2.029188e+03 
2.029188e+03 
2.029188e+03 
2.029188e+03 
2.029188e+03 
2.029188e+03 
2.029188e+03 
2.029188e+03 
2.029188e+03 
2.029188e+03 
2.029188e+03 
2.029188e+03 
2.029188e+03 
2.029188e+03 
2.029188e+03 
2.029188e+03 
2.029188e+03 
2.029188e+03 
2.029188e+03 
2.029188e+03 
2.029188e+03 
2.029188e+03 
2.029188e+03 
2.029188e+03 
2.029188e+03 
2.029188e+03 
2.029188e+03 
2.029188e+03 
2.029188e+03 
2.029188e+03 
2.029188e+03 
2.029188e+03 
2.029188e+03 
2.029188e+03 
2.029188e+03 
2.029188e+03 
2.029188e+03 
2.029188e+03 
2.029188e+03 
2.029188e+03 
2.029188e+03 
2.029188e+03 
2.029188e+03 
2.029188e+03 
2.029188e+03 
2.029188e+03 
2.029188e+03 
2.029188e+03 
2.029188e+03 
2.029188e+03 
2.029188e+03 
2.029188e+03 
2.029188e+03 
2.029188e+03 
2.029188e+03 
2.029188e+03 
2.029188e+03 
2.029188e+03 
2.029188e+03 
2.029188e+03 
2.029188e+03 
2.029188e+03 
2.029188e+03 
2.029188e+03 
2.029188e+03 
2.029188e+03 
2.029188e+03 
2.029188e+03 
2.029188e+03 
2.029188e+03 
2.029188e+03 
2.029188e+03 
2.029188e+03 
2.029188e+03 
2.029188e+03 
2.029188e+03 
2.029188e+03 
2.029188e+03 
2.029188e+03 
2.029188e+03 
2.029188e+03 
2.029188e+03 
2.029188e+03 
2.029188e+03 
2.029188e+03 
2.029188e+03 
2.029188e+03 
2.029188e+03 
2.029188e+03 
2.029188e+03 
2.029188e+03 
2.029188e+03 
2.029188e+03 
2.029188e+03 
2.029188e+03 
2.029188e+03 
2.029188e+03 
2.029188e+03 
2.029188e+03 
2.029188e+03 
2.029188e+03 
2.029188e+03 
2.029188e+03 
2.029188e+03 
2.029188e+03 
2.029188e+03 
2.029188e+03 
2.029188e+03 
2.029188e+03 
2.029188e+03 
2.029188e+03 
2.029188e+03 
2.029188e+03 
2.029188e+03 
2.029188e+03 
2.029188e+03 
2.029188e+03 
2.029188e+03 
2.029188e+03 
2.029188e+03 
2.029188e+03 
2.029188e+03 
2.029188e+03 
2.029188e+03 
2.029188e+03 
2.029188e+03 
2.029188e+03 
2.029188e+03 
2.029188e+03 
2.029188e+03 
2.029188e+03 
2.029188e+03 
2.029188e+03 
2.029188e+03 
2.029188e+03 
2.029188e+03 
2.029188e+03 
2.029188e+03 
2.029188e+03 
2.029188e+03 
2.029188e+03 
2.029188e+03 
2.029188e+03 
2.029188e+03 
2.029188e+03 
2.029188e+03 
2.029188e+03 
2.029188e+03 
2.029188e+03 
2.029188e+03 
2.029188e+03 
2.029188e+03 
2.029188e+03 
2.029188e+03 
2.029188e+03 
2.029188e+03 
2.029188e+03 
2.029188e+03 
2.029188e+03 
2.029188e+03 
2.029188e+03 
2.029188e+03 
2.029188e+03 
2.029188e+03 
2.029188e+03 
2.029188e+03 
2.029188e+03 
2.029188e+03 
2.029188e+03 
2.029188e+03 
2.029188e+03 
2.029188e+03 
2.029188e+03 
2.029188e+03 
2.029188e+03 
2.029188e+03 
2.029188e+03 
2.029188e+03 
2.029188e+03 
2.029188e+03 
2.029188e+03 
2.029188e+03 
2.029188e+03 
2.029188e+03 
2.029188e+03 
2.029188e+03 
2.029188e+03 
2.029188e+03 
2.029188e+03 
2.028310e+03 
2.028310e+03 
2.028310e+03 
2.028310e+03 
2.028310e+03 
2.028310e+03 
2.028310e+03 
2.028310e+03 
2.028310e+03 
2.028310e+03 
2.028310e+03 
2.028310e+03 
2.028310e+03 
2.028310e+03 
2.028310e+03 
2.028310e+03 
2.028310e+03 
2.028310e+03 
2.028310e+03 
2.028310e+03 
2.028310e+03 
2.028310e+03 
2.028310e+03 
2.028310e+03 
2.028310e+03 
2.028310e+03 
2.028310e+03 
2.028310e+03 
2.028310e+03 
2.028310e+03 
2.028310e+03 
2.028310e+03 
2.028310e+03 
2.028310e+03 
2.028310e+03 
2.028238e+03 
2.028238e+03 
2.028233e+03 
2.028233e+03 
2.028233e+03 
2.028231e+03 
2.028231e+03 
2.028231e+03 
2.028231e+03 
2.028231e+03 
2.028231e+03 
2.028231e+03 
2.028231e+03 
2.028231e+03 
2.028231e+03 
2.028231e+03 
2.028231e+03 
2.028231e+03 
2.028231e+03 
2.028231e+03 
2.028231e+03 
2.028231e+03 
2.028231e+03 
2.028231e+03 
2.028231e+03 
2.028231e+03 
2.028231e+03 
2.028231e+03 
2.028231e+03 
2.028231e+03 
2.028231e+03 
2.028231e+03 
2.028231e+03 
2.028231e+03 
2.028231e+03 
2.028231e+03 
2.028231e+03 
2.028231e+03 
2.028231e+03 
2.028231e+03 
2.028231e+03 
2.028231e+03 
2.028231e+03 
2.028231e+03 
2.028231e+03 
2.028231e+03 
2.028231e+03 
2.028231e+03 
2.028231e+03 
2.028231e+03 
2.028231e+03 
2.028231e+03 
2.028231e+03 
2.028231e+03 
2.028231e+03 
2.028231e+03 
2.028231e+03 
2.028231e+03 
2.027151e+03 
2.027151e+03 
2.027151e+03 
2.027151e+03 
2.027151e+03 
2.027151e+03 
2.027151e+03 
2.027151e+03 
2.027151e+03 
2.027151e+03 
2.027151e+03 
2.027151e+03 
2.027151e+03 
2.027151e+03 
2.027151e+03 
2.027151e+03 
2.027151e+03 
2.027151e+03 
2.027151e+03 
2.027151e+03 
2.027151e+03 
2.027151e+03 
2.027151e+03 
2.027151e+03 
2.027151e+03 
2.027151e+03 
2.027151e+03 
2.027151e+03 
2.027151e+03 
2.027151e+03 
2.027151e+03 
2.027151e+03 
2.027151e+03 
2.027151e+03 
2.027151e+03 
2.027151e+03 
2.027151e+03 
2.027151e+03 
2.027151e+03 
2.027151e+03 
2.027151e+03 
2.027151e+03 
2.025381e+03 
2.025381e+03 
2.025381e+03 
2.025381e+03 
2.025381e+03 
2.025381e+03 
2.025381e+03 
2.025381e+03 
2.025381e+03 
2.024881e+03 
2.024881e+03 
2.024877e+03 
2.024841e+03 
2.024841e+03 
2.024841e+03 
2.024840e+03 
2.024840e+03 
2.024840e+03 
2.024840e+03 
2.024840e+03 
2.024840e+03 
2.024840e+03 
2.024840e+03 
2.024840e+03 
2.024840e+03 
2.024840e+03 
2.024840e+03 
2.024840e+03 
2.024840e+03 
2.024840e+03 
2.024840e+03 
2.024840e+03 
2.024840e+03 
2.024840e+03 
2.024840e+03 
2.024840e+03 
2.024840e+03 
2.024840e+03 
2.024840e+03 
2.024840e+03 
2.024840e+03 
2.024840e+03 
2.024840e+03 
2.024840e+03 
2.024840e+03 
2.024840e+03 
2.024840e+03 
2.024840e+03 
2.024840e+03 
2.024840e+03 
2.024840e+03 
2.024840e+03 
2.024840e+03 
2.024840e+03 
2.024840e+03 
2.024840e+03 
2.024840e+03 
2.024840e+03 
2.024840e+03 
2.024840e+03 
2.024840e+03 
2.024840e+03 
2.024840e+03 
2.024840e+03 
2.024840e+03 
2.024840e+03 
2.024840e+03 
2.024840e+03 
2.024840e+03 
2.024840e+03 
2.024840e+03 
2.024840e+03 
2.024840e+03 
2.024840e+03 
2.024840e+03 
2.024840e+03 
2.024840e+03 
2.024840e+03 
2.024840e+03 
2.024840e+03 
2.024840e+03 
2.024840e+03 
2.024840e+03 
2.024840e+03 
2.024840e+03 
2.024840e+03 
2.024840e+03 
2.024840e+03 
2.024840e+03 
2.024840e+03 
2.024840e+03 
2.024840e+03 
2.024840e+03 
2.024840e+03 
2.024840e+03 
2.024840e+03 
2.024840e+03 
2.024840e+03 
2.024840e+03 
2.024840e+03 
2.024840e+03 
2.024840e+03 
2.024840e+03 
2.024840e+03 
2.024840e+03 
2.024840e+03 
2.024840e+03 
2.024814e+03 
2.024814e+03 
2.024814e+03 
2.024814e+03 
2.024814e+03 
2.024814e+03 
2.024814e+03 
2.024814e+03 
2.024814e+03 
2.024814e+03 
2.024814e+03 
2.024814e+03 
2.024779e+03 
2.024779e+03 
2.024779e+03 
2.024779e+03 
2.024736e+03 
2.024736e+03 
2.024684e+03 
2.024683e+03 
2.024683e+03 
2.024681e+03 
2.024681e+03 
2.024679e+03 
2.024678e+03 
2.024675e+03 
2.024663e+03 
2.024660e+03 
2.024659e+03 
2.024657e+03 
2.024656e+03 
2.024656e+03 
2.024654e+03 
2.024654e+03 
2.024653e+03 
2.024653e+03 
2.024652e+03 
2.024651e+03 
2.024651e+03 
2.024650e+03 
2.024650e+03 
2.024650e+03 
2.024650e+03 
2.024649e+03 
2.024649e+03 
2.024649e+03 
2.024649e+03 
2.024649e+03 
2.024649e+03 
2.024649e+03 
2.024649e+03 
2.024649e+03 
2.024649e+03 
2.024649e+03 
2.024649e+03 
2.024649e+03 
2.024649e+03 
2.024649e+03 
2.024649e+03 
2.024634e+03 
2.024634e+03 
2.024634e+03 
2.024634e+03 
2.024634e+03 
2.024634e+03 
2.024634e+03 
2.024634e+03 
2.024634e+03 
2.024634e+03 
2.024634e+03 
2.024634e+03 
2.024634e+03 
2.024634e+03 
2.024634e+03 
2.024634e+03 
2.024634e+03 
2.024634e+03 
2.024634e+03 
2.024634e+03 
2.024634e+03 
2.024634e+03 
2.024634e+03 
2.024634e+03 
2.024632e+03 
2.024629e+03 
2.024628e+03 
2.024628e+03 
2.024628e+03 
2.024627e+03 
2.024627e+03 
2.024627e+03 
2.024627e+03 
2.024627e+03 
2.024627e+03 
2.024606e+03 
2.024604e+03 
2.024597e+03 
2.024597e+03 
2.024597e+03 
2.024596e+03 
2.024596e+03 
2.024596e+03 
2.024596e+03 
2.024596e+03 
2.024596e+03 
2.024596e+03 
2.024594e+03 
2.024584e+03 
2.024583e+03 
2.024583e+03 
2.024583e+03 
2.024583e+03 
2.024583e+03 
2.024583e+03 
2.024583e+03 
2.024583e+03 
2.024583e+03 
2.024583e+03 
2.024583e+03 
2.024583e+03 
2.024583e+03 
2.024583e+03 
2.024583e+03 
2.024583e+03 
2.024583e+03 
2.024583e+03 
2.024583e+03 
2.024583e+03 
2.024578e+03 
2.024577e+03 
2.024577e+03 
2.024577e+03 
2.024577e+03 
2.024577e+03 
2.024577e+03 
2.024577e+03 
2.024577e+03 
2.024577e+03 
2.024577e+03 
2.024577e+03 
2.024573e+03 
2.024562e+03 
2.024558e+03 
2.024545e+03 
2.024534e+03 
2.024529e+03 
2.024527e+03 
2.024525e+03 
2.024523e+03 
2.024523e+03 
2.024523e+03 
2.024523e+03 
2.024501e+03 
2.024494e+03 
2.024494e+03 
2.024494e+03 
2.024485e+03 
2.024481e+03 
2.024468e+03 
2.024466e+03 
2.024466e+03 
2.024466e+03 
2.024466e+03 
2.024466e+03 
2.024466e+03 
2.024466e+03 
2.024466e+03 
2.024465e+03 
2.024465e+03 
2.024464e+03 
2.024464e+03 
2.024463e+03 
2.024463e+03 
2.024462e+03 
2.024462e+03 
2.024462e+03 
2.024462e+03 
2.024461e+03 
2.024461e+03 
2.024460e+03 
2.024460e+03 
2.024460e+03 
2.024460e+03 
2.024460e+03 
2.024460e+03 
2.024460e+03 
2.024460e+03 
2.024460e+03 
2.024460e+03 
2.024460e+03 
2.024460e+03 
2.024460e+03 
2.024460e+03 
2.024460e+03 
2.024460e+03 
2.024460e+03 
2.024460e+03 
2.024460e+03 
2.024460e+03 
2.024460e+03 
2.024460e+03 
2.024460e+03 
2.024460e+03 
2.024460e+03 
2.024460e+03 
2.024460e+03 
2.024460e+03 
2.024460e+03 
2.024460e+03 
2.024460e+03 
2.024460e+03 
2.024460e+03 
2.024460e+03 
2.024460e+03 
2.024460e+03 
2.024460e+03 
2.024460e+03 
2.024460e+03 
2.024460e+03 
2.024460e+03 
2.024460e+03 
2.024460e+03 
2.024460e+03 
2.024460e+03 
2.024460e+03 
2.024460e+03 
2.024460e+03 
2.024460e+03 
2.024460e+03 
2.024460e+03 
2.024460e+03 
2.024460e+03 
2.024460e+03 
2.024460e+03 
2.024460e+03 
2.024460e+03 
2.024460e+03 
2.024460e+03 
