3.230705e+06 
2.528780e+06 
6.450634e+05 
6.450634e+05 
6.450634e+05 
1.101143e+05 
6.293666e+04 
6.293666e+04 
6.293666e+04 
6.293666e+04 
6.293666e+04 
6.293666e+04 
6.293666e+04 
6.293666e+04 
6.293666e+04 
6.293666e+04 
6.293666e+04 
6.293666e+04 
6.293666e+04 
6.293666e+04 
6.293666e+04 
6.293666e+04 
6.293666e+04 
6.293666e+04 
6.293666e+04 
6.293666e+04 
6.293666e+04 
6.293666e+04 
6.293666e+04 
6.293666e+04 
6.293666e+04 
6.293666e+04 
6.293666e+04 
6.293666e+04 
6.293666e+04 
3.349857e+04 
3.349857e+04 
3.349857e+04 
3.349857e+04 
3.349857e+04 
3.349857e+04 
3.349857e+04 
3.349857e+04 
3.349857e+04 
3.349857e+04 
3.349857e+04 
3.349857e+04 
3.349857e+04 
3.349857e+04 
2.157254e+04 
2.157254e+04 
2.157254e+04 
2.157254e+04 
2.157254e+04 
1.835231e+04 
1.835231e+04 
1.835231e+04 
1.835231e+04 
1.835231e+04 
1.835231e+04 
1.835231e+04 
1.835231e+04 
1.835231e+04 
1.835231e+04 
1.835231e+04 
1.835231e+04 
1.835231e+04 
1.835231e+04 
1.835231e+04 
1.835231e+04 
1.835231e+04 
1.835231e+04 
1.835231e+04 
1.835231e+04 
1.835231e+04 
1.835231e+04 
1.835231e+04 
1.835231e+04 
1.835231e+04 
1.835231e+04 
1.835231e+04 
1.835231e+04 
1.835231e+04 
1.835231e+04 
1.835231e+04 
1.835231e+04 
1.835231e+04 
1.835231e+04 
1.835231e+04 
1.835231e+04 
1.835231e+04 
1.835231e+04 
1.835231e+04 
1.835231e+04 
1.835231e+04 
1.835231e+04 
1.835231e+04 
1.835231e+04 
1.835231e+04 
1.835231e+04 
1.835231e+04 
1.835231e+04 
1.835231e+04 
1.835231e+04 
1.835231e+04 
1.835231e+04 
1.835231e+04 
1.408177e+04 
1.408177e+04 
1.408177e+04 
1.408177e+04 
1.408177e+04 
1.408177e+04 
1.408177e+04 
1.105525e+04 
1.105525e+04 
1.105525e+04 
3.693032e+03 
3.693032e+03 
3.693032e+03 
3.693032e+03 
3.693032e+03 
3.693032e+03 
3.693032e+03 
3.693032e+03 
3.693032e+03 
3.693032e+03 
3.693032e+03 
3.693032e+03 
3.693032e+03 
3.693032e+03 
3.693032e+03 
3.693032e+03 
3.693032e+03 
3.693032e+03 
3.693032e+03 
3.693032e+03 
3.693032e+03 
2.640540e+03 
2.640540e+03 
2.640540e+03 
2.640540e+03 
2.640540e+03 
2.640540e+03 
2.452242e+03 
2.452242e+03 
2.452242e+03 
2.452242e+03 
2.452242e+03 
2.452242e+03 
2.452242e+03 
2.452242e+03 
2.452242e+03 
2.452242e+03 
2.452242e+03 
2.452242e+03 
2.452242e+03 
2.452242e+03 
2.452242e+03 
2.452242e+03 
2.452242e+03 
2.452242e+03 
2.452242e+03 
2.452242e+03 
2.452242e+03 
2.452242e+03 
2.452242e+03 
2.452242e+03 
2.452242e+03 
2.452242e+03 
2.452242e+03 
2.452242e+03 
2.452242e+03 
2.452242e+03 
2.452242e+03 
2.452242e+03 
2.452242e+03 
2.452242e+03 
2.452242e+03 
2.452242e+03 
2.452242e+03 
2.452242e+03 
2.452242e+03 
2.452242e+03 
2.452242e+03 
2.452242e+03 
2.452242e+03 
2.452242e+03 
2.452242e+03 
2.452242e+03 
2.452242e+03 
2.452242e+03 
2.452242e+03 
2.452242e+03 
2.452242e+03 
2.452242e+03 
2.452242e+03 
2.452242e+03 
2.452242e+03 
2.452242e+03 
2.452242e+03 
2.452242e+03 
2.452242e+03 
2.452242e+03 
2.452242e+03 
2.452242e+03 
2.452242e+03 
2.452242e+03 
2.452242e+03 
2.452242e+03 
2.452242e+03 
2.452242e+03 
2.452242e+03 
2.452242e+03 
2.452242e+03 
2.452242e+03 
2.452242e+03 
2.452242e+03 
2.452242e+03 
2.452242e+03 
2.452242e+03 
2.452242e+03 
2.452242e+03 
2.452242e+03 
2.452242e+03 
2.452242e+03 
2.452242e+03 
2.452242e+03 
2.452242e+03 
2.452242e+03 
2.452242e+03 
2.452242e+03 
2.452242e+03 
2.452242e+03 
2.452242e+03 
2.452242e+03 
2.452242e+03 
2.452242e+03 
2.452242e+03 
2.452242e+03 
2.452242e+03 
2.452242e+03 
2.452242e+03 
2.452242e+03 
2.452242e+03 
2.452242e+03 
2.452242e+03 
2.452242e+03 
2.452242e+03 
2.452242e+03 
2.452242e+03 
2.452242e+03 
2.452242e+03 
2.452242e+03 
2.452242e+03 
2.452242e+03 
2.452242e+03 
2.452242e+03 
7.696535e+02 
7.696535e+02 
7.696535e+02 
7.696535e+02 
7.696535e+02 
7.696535e+02 
7.696535e+02 
7.696535e+02 
7.696535e+02 
7.696535e+02 
7.696535e+02 
7.696535e+02 
7.696535e+02 
7.696535e+02 
7.696535e+02 
7.696535e+02 
7.696535e+02 
7.696535e+02 
7.696535e+02 
7.696535e+02 
7.696535e+02 
7.696535e+02 
7.696535e+02 
7.696535e+02 
7.696535e+02 
7.696535e+02 
7.696535e+02 
7.696535e+02 
7.696535e+02 
7.696535e+02 
7.696535e+02 
7.696535e+02 
7.696535e+02 
7.696535e+02 
7.696535e+02 
7.696535e+02 
7.696535e+02 
7.696535e+02 
7.696535e+02 
7.696535e+02 
7.696535e+02 
7.696535e+02 
7.696535e+02 
7.696535e+02 
7.696535e+02 
7.696535e+02 
7.696535e+02 
7.696535e+02 
7.696535e+02 
7.696535e+02 
7.696535e+02 
7.696535e+02 
7.696535e+02 
7.696535e+02 
7.696535e+02 
7.696535e+02 
7.696535e+02 
7.696535e+02 
7.696535e+02 
7.696535e+02 
7.696535e+02 
7.696535e+02 
7.696535e+02 
7.696535e+02 
7.696535e+02 
7.696535e+02 
7.696535e+02 
7.696535e+02 
7.696535e+02 
7.696535e+02 
7.696535e+02 
7.696535e+02 
7.696535e+02 
7.696535e+02 
7.696535e+02 
7.696535e+02 
7.696535e+02 
7.696535e+02 
7.696535e+02 
7.696535e+02 
7.696535e+02 
7.696535e+02 
7.696535e+02 
7.696535e+02 
7.696535e+02 
7.696535e+02 
7.696535e+02 
7.696535e+02 
7.696535e+02 
7.696535e+02 
7.696535e+02 
7.696535e+02 
7.696535e+02 
7.696535e+02 
7.696535e+02 
7.696535e+02 
7.696535e+02 
7.696535e+02 
7.696535e+02 
7.696535e+02 
7.696535e+02 
7.696535e+02 
7.696535e+02 
7.696535e+02 
7.696535e+02 
7.696535e+02 
7.696535e+02 
7.696535e+02 
7.696535e+02 
7.696535e+02 
7.696535e+02 
7.696535e+02 
7.696535e+02 
7.696535e+02 
7.696535e+02 
7.696535e+02 
7.696535e+02 
7.696535e+02 
7.696535e+02 
7.696535e+02 
7.696535e+02 
7.696535e+02 
7.696535e+02 
7.696535e+02 
7.696535e+02 
7.696535e+02 
7.696535e+02 
7.696535e+02 
7.696535e+02 
7.696535e+02 
7.696535e+02 
7.696535e+02 
7.696535e+02 
7.696535e+02 
7.696535e+02 
7.696535e+02 
7.696535e+02 
7.696535e+02 
7.696535e+02 
7.696535e+02 
7.696535e+02 
7.696535e+02 
7.696535e+02 
7.696535e+02 
7.696535e+02 
7.696535e+02 
7.696535e+02 
7.696535e+02 
7.696535e+02 
7.696535e+02 
7.696535e+02 
7.696535e+02 
7.696535e+02 
7.696535e+02 
7.696535e+02 
7.696535e+02 
7.696535e+02 
7.696535e+02 
7.696535e+02 
7.696535e+02 
7.696535e+02 
7.696535e+02 
7.696535e+02 
7.696535e+02 
7.696535e+02 
7.696535e+02 
7.696535e+02 
7.696535e+02 
7.696535e+02 
7.696535e+02 
7.696535e+02 
7.696535e+02 
7.696535e+02 
7.696535e+02 
7.696535e+02 
7.696535e+02 
7.696535e+02 
7.696535e+02 
7.696535e+02 
7.696535e+02 
7.696535e+02 
7.696535e+02 
7.696535e+02 
7.696535e+02 
7.696535e+02 
7.696535e+02 
7.696535e+02 
7.696535e+02 
7.696535e+02 
7.696535e+02 
7.696535e+02 
7.696535e+02 
7.696535e+02 
7.696535e+02 
7.696535e+02 
7.696535e+02 
7.696535e+02 
7.696535e+02 
7.696535e+02 
7.696535e+02 
7.696535e+02 
7.696535e+02 
7.696535e+02 
7.696535e+02 
7.696535e+02 
7.696535e+02 
7.696535e+02 
7.696535e+02 
7.696535e+02 
7.696535e+02 
7.696535e+02 
7.696535e+02 
7.696535e+02 
7.696535e+02 
7.696535e+02 
7.696535e+02 
7.696535e+02 
7.696535e+02 
7.696535e+02 
7.696535e+02 
7.696535e+02 
7.696535e+02 
7.696535e+02 
7.696535e+02 
7.696535e+02 
7.696535e+02 
7.696535e+02 
7.696535e+02 
7.696535e+02 
7.696535e+02 
7.696535e+02 
7.696535e+02 
7.696535e+02 
7.696535e+02 
7.696535e+02 
7.696535e+02 
7.696535e+02 
7.696535e+02 
7.696535e+02 
7.696535e+02 
7.696535e+02 
7.696535e+02 
7.696535e+02 
7.696535e+02 
7.696535e+02 
7.696535e+02 
7.696535e+02 
7.696535e+02 
7.696535e+02 
7.696535e+02 
7.696535e+02 
7.696535e+02 
7.696535e+02 
7.696535e+02 
7.696535e+02 
7.696535e+02 
7.696535e+02 
7.696535e+02 
7.696535e+02 
7.696535e+02 
7.696535e+02 
7.696535e+02 
7.696535e+02 
7.696535e+02 
7.696535e+02 
7.696535e+02 
7.696535e+02 
7.696535e+02 
7.696535e+02 
7.696535e+02 
7.696535e+02 
7.696535e+02 
7.696535e+02 
7.696535e+02 
7.696535e+02 
7.696535e+02 
7.696535e+02 
7.696535e+02 
7.696535e+02 
7.696535e+02 
7.696535e+02 
7.696535e+02 
7.696535e+02 
7.696535e+02 
7.696535e+02 
7.696535e+02 
7.696535e+02 
7.696535e+02 
7.696535e+02 
7.696535e+02 
7.696535e+02 
7.696535e+02 
7.696535e+02 
7.696535e+02 
7.696535e+02 
7.696535e+02 
7.696535e+02 
7.696535e+02 
7.696535e+02 
7.696535e+02 
7.696535e+02 
7.696535e+02 
7.696535e+02 
7.696535e+02 
7.696535e+02 
7.696535e+02 
7.696535e+02 
7.696535e+02 
7.696535e+02 
7.696535e+02 
7.696535e+02 
7.696535e+02 
7.696535e+02 
7.696535e+02 
7.696535e+02 
7.696535e+02 
7.696535e+02 
7.696535e+02 
7.696535e+02 
7.696535e+02 
7.696535e+02 
7.696535e+02 
7.696535e+02 
7.696535e+02 
7.696535e+02 
7.696535e+02 
7.696535e+02 
7.696535e+02 
7.696535e+02 
7.696535e+02 
7.696535e+02 
7.696535e+02 
7.696535e+02 
7.696535e+02 
7.696535e+02 
7.696535e+02 
7.696535e+02 
7.696535e+02 
7.696535e+02 
7.696535e+02 
7.696535e+02 
7.696535e+02 
7.696535e+02 
7.696535e+02 
7.696535e+02 
7.696535e+02 
7.696535e+02 
7.696535e+02 
7.696535e+02 
7.696535e+02 
7.696535e+02 
7.696535e+02 
7.696535e+02 
7.696535e+02 
7.696535e+02 
7.696535e+02 
7.696535e+02 
7.696535e+02 
7.696535e+02 
7.696535e+02 
7.696535e+02 
7.696535e+02 
7.696535e+02 
7.696535e+02 
7.696535e+02 
6.387265e+02 
6.387265e+02 
6.387265e+02 
6.387265e+02 
6.387265e+02 
6.387265e+02 
6.387265e+02 
6.387265e+02 
6.387265e+02 
6.387265e+02 
6.387265e+02 
6.387265e+02 
6.387265e+02 
3.807141e+02 
3.807141e+02 
2.360236e+02 
2.360236e+02 
2.360236e+02 
2.360236e+02 
2.360236e+02 
2.360236e+02 
2.360236e+02 
2.360236e+02 
2.360236e+02 
2.360236e+02 
2.360236e+02 
2.360236e+02 
2.360236e+02 
2.360236e+02 
2.360236e+02 
2.360236e+02 
2.360236e+02 
2.360236e+02 
2.360236e+02 
2.360236e+02 
2.360236e+02 
2.360236e+02 
2.360236e+02 
2.360236e+02 
2.360236e+02 
2.360236e+02 
2.360236e+02 
2.360236e+02 
2.360236e+02 
2.360236e+02 
2.360236e+02 
2.121077e+02 
2.121077e+02 
2.121077e+02 
2.121077e+02 
2.121077e+02 
2.121077e+02 
2.121077e+02 
2.121077e+02 
2.121077e+02 
2.121077e+02 
2.121077e+02 
2.121077e+02 
2.121077e+02 
2.121077e+02 
2.121077e+02 
2.121077e+02 
2.121077e+02 
2.121077e+02 
2.121077e+02 
2.121077e+02 
2.121077e+02 
2.121077e+02 
2.121077e+02 
2.121077e+02 
2.121077e+02 
2.121077e+02 
2.121077e+02 
2.121077e+02 
2.121077e+02 
2.121077e+02 
2.121077e+02 
2.121077e+02 
2.121077e+02 
2.121077e+02 
2.121077e+02 
2.121077e+02 
2.121077e+02 
2.121077e+02 
2.121077e+02 
2.121077e+02 
2.121077e+02 
2.121077e+02 
2.121077e+02 
2.121077e+02 
2.121077e+02 
2.121077e+02 
2.121077e+02 
2.121077e+02 
2.121077e+02 
2.121077e+02 
2.121077e+02 
2.121077e+02 
2.121077e+02 
2.121077e+02 
2.121077e+02 
2.121077e+02 
2.121077e+02 
2.121077e+02 
2.121077e+02 
2.121077e+02 
2.121077e+02 
2.121077e+02 
2.121077e+02 
2.121077e+02 
2.121077e+02 
2.121077e+02 
2.121077e+02 
2.121077e+02 
2.121077e+02 
2.121077e+02 
2.121077e+02 
2.121077e+02 
2.121077e+02 
2.121077e+02 
2.121077e+02 
2.121077e+02 
2.121077e+02 
2.121077e+02 
2.121077e+02 
2.121077e+02 
2.121077e+02 
2.121077e+02 
2.121077e+02 
2.121077e+02 
2.121077e+02 
2.121077e+02 
2.121077e+02 
2.121077e+02 
2.121077e+02 
2.121077e+02 
2.121077e+02 
2.121077e+02 
2.121077e+02 
2.121077e+02 
2.121077e+02 
2.121077e+02 
2.121077e+02 
2.121077e+02 
2.121077e+02 
2.121077e+02 
2.121077e+02 
2.121077e+02 
2.121077e+02 
2.121077e+02 
2.121077e+02 
2.121077e+02 
2.121077e+02 
2.121077e+02 
2.121077e+02 
2.121077e+02 
2.121077e+02 
2.121077e+02 
2.121077e+02 
2.121077e+02 
2.121077e+02 
2.121077e+02 
2.121077e+02 
2.121077e+02 
2.121077e+02 
2.121077e+02 
2.121077e+02 
2.121077e+02 
2.121077e+02 
2.121077e+02 
2.121077e+02 
2.121077e+02 
2.121077e+02 
2.121077e+02 
2.121077e+02 
2.121077e+02 
2.121077e+02 
2.121077e+02 
2.121077e+02 
2.121077e+02 
2.121077e+02 
2.121077e+02 
2.121077e+02 
2.121077e+02 
2.121077e+02 
2.121077e+02 
2.121077e+02 
2.121077e+02 
2.121077e+02 
2.121077e+02 
2.121077e+02 
2.121077e+02 
2.121077e+02 
2.121077e+02 
2.121077e+02 
2.121077e+02 
2.121077e+02 
2.121077e+02 
2.121077e+02 
2.121077e+02 
2.121077e+02 
2.121077e+02 
2.121077e+02 
2.121077e+02 
2.121077e+02 
2.121077e+02 
2.121077e+02 
2.121077e+02 
2.121077e+02 
2.121077e+02 
2.121077e+02 
2.121077e+02 
2.121077e+02 
2.121077e+02 
2.121077e+02 
2.121077e+02 
2.121077e+02 
2.121077e+02 
2.121077e+02 
2.121077e+02 
2.121077e+02 
2.121077e+02 
2.121077e+02 
2.121077e+02 
2.121077e+02 
2.121077e+02 
2.121077e+02 
2.121077e+02 
2.121077e+02 
2.121077e+02 
2.121077e+02 
2.121077e+02 
2.121077e+02 
2.121077e+02 
2.121077e+02 
2.121077e+02 
2.121077e+02 
2.121077e+02 
2.121077e+02 
2.121077e+02 
2.121077e+02 
2.121077e+02 
2.121077e+02 
2.121077e+02 
2.121077e+02 
2.121077e+02 
2.121077e+02 
2.121077e+02 
2.121077e+02 
2.121077e+02 
2.121077e+02 
2.121077e+02 
2.121077e+02 
2.121077e+02 
2.121077e+02 
2.121077e+02 
2.121077e+02 
2.121077e+02 
2.121077e+02 
2.121077e+02 
2.121077e+02 
2.121077e+02 
2.121077e+02 
2.121077e+02 
2.121077e+02 
2.121077e+02 
2.121077e+02 
2.121077e+02 
2.121077e+02 
2.121077e+02 
2.121077e+02 
2.121077e+02 
2.121077e+02 
2.121077e+02 
2.121077e+02 
2.121077e+02 
2.121077e+02 
2.121077e+02 
2.121077e+02 
2.121077e+02 
2.121077e+02 
2.121077e+02 
2.121077e+02 
2.121077e+02 
2.121077e+02 
2.121077e+02 
2.121077e+02 
2.121077e+02 
2.121077e+02 
2.121077e+02 
2.121077e+02 
2.121077e+02 
2.121077e+02 
2.121077e+02 
2.121077e+02 
2.121077e+02 
2.121077e+02 
2.121077e+02 
2.121077e+02 
2.121077e+02 
2.121077e+02 
2.121077e+02 
2.121077e+02 
2.121077e+02 
2.121077e+02 
2.121077e+02 
2.121077e+02 
2.121077e+02 
2.121077e+02 
2.121077e+02 
2.121077e+02 
2.121077e+02 
2.121077e+02 
2.121077e+02 
2.121077e+02 
2.121077e+02 
2.121077e+02 
2.121077e+02 
2.121077e+02 
2.121077e+02 
2.121077e+02 
2.121077e+02 
2.121077e+02 
2.121077e+02 
2.121077e+02 
2.121077e+02 
2.121077e+02 
2.121077e+02 
2.121077e+02 
2.121077e+02 
2.121077e+02 
2.121077e+02 
2.121077e+02 
2.121077e+02 
2.121077e+02 
2.121077e+02 
2.121077e+02 
2.121077e+02 
2.121077e+02 
2.121077e+02 
2.121077e+02 
2.121077e+02 
2.121077e+02 
2.121077e+02 
2.121077e+02 
2.121077e+02 
2.121077e+02 
2.121077e+02 
2.121077e+02 
2.121077e+02 
2.121077e+02 
2.121077e+02 
2.121077e+02 
2.121077e+02 
2.121077e+02 
2.121077e+02 
2.121077e+02 
2.121077e+02 
2.121077e+02 
2.121077e+02 
2.121077e+02 
2.121077e+02 
2.121077e+02 
2.121077e+02 
2.121077e+02 
2.121077e+02 
2.121077e+02 
2.121077e+02 
2.121077e+02 
2.121077e+02 
2.121077e+02 
2.121077e+02 
2.121077e+02 
2.121077e+02 
2.121077e+02 
2.121077e+02 
2.121077e+02 
2.121077e+02 
2.121077e+02 
2.121077e+02 
2.121077e+02 
2.121077e+02 
2.121077e+02 
2.121077e+02 
2.121077e+02 
2.121077e+02 
2.121077e+02 
2.121077e+02 
2.121077e+02 
2.121077e+02 
2.121077e+02 
2.121077e+02 
2.121077e+02 
2.121077e+02 
2.121077e+02 
2.121077e+02 
2.121077e+02 
2.121077e+02 
2.121077e+02 
2.121077e+02 
2.121077e+02 
2.121077e+02 
2.121077e+02 
2.121077e+02 
2.121077e+02 
2.121077e+02 
2.121077e+02 
2.121077e+02 
2.121077e+02 
2.121077e+02 
2.121077e+02 
2.121077e+02 
2.121077e+02 
2.121077e+02 
2.121077e+02 
2.121077e+02 
2.121077e+02 
2.121077e+02 
2.121077e+02 
2.121077e+02 
2.121077e+02 
2.121077e+02 
2.121077e+02 
2.121077e+02 
2.121077e+02 
2.121077e+02 
2.121077e+02 
2.121077e+02 
2.121077e+02 
2.121077e+02 
2.121077e+02 
2.121077e+02 
2.121077e+02 
2.121077e+02 
2.121077e+02 
2.121077e+02 
2.121077e+02 
2.121077e+02 
2.121077e+02 
2.121077e+02 
2.121077e+02 
2.121077e+02 
2.121077e+02 
2.121077e+02 
2.121077e+02 
2.121077e+02 
2.121077e+02 
2.121077e+02 
2.121077e+02 
2.121077e+02 
2.121077e+02 
2.121077e+02 
2.121077e+02 
2.121077e+02 
2.121077e+02 
2.121077e+02 
2.121077e+02 
2.121077e+02 
2.121077e+02 
2.121077e+02 
2.121077e+02 
2.121077e+02 
2.121077e+02 
2.121077e+02 
2.121077e+02 
2.121077e+02 
2.121077e+02 
2.121077e+02 
2.121077e+02 
2.121077e+02 
2.121077e+02 
2.121077e+02 
2.121077e+02 
2.121077e+02 
2.121077e+02 
2.121077e+02 
2.121077e+02 
2.121077e+02 
2.121077e+02 
2.121077e+02 
2.121077e+02 
2.121077e+02 
2.121077e+02 
2.121077e+02 
2.121077e+02 
2.121077e+02 
2.121077e+02 
2.121077e+02 
2.121077e+02 
2.121077e+02 
2.121077e+02 
2.121077e+02 
2.121077e+02 
2.121077e+02 
2.121077e+02 
2.121077e+02 
2.121077e+02 
2.121077e+02 
2.121077e+02 
2.121077e+02 
2.121077e+02 
2.121077e+02 
2.121077e+02 
2.121077e+02 
2.121077e+02 
2.121077e+02 
2.121077e+02 
2.121077e+02 
2.121077e+02 
2.121077e+02 
2.121077e+02 
2.121077e+02 
2.121077e+02 
2.121077e+02 
2.121077e+02 
2.121077e+02 
2.121077e+02 
2.121077e+02 
2.121077e+02 
2.121077e+02 
2.121077e+02 
2.121077e+02 
2.121077e+02 
2.121077e+02 
2.121077e+02 
2.121077e+02 
2.121077e+02 
2.121077e+02 
2.121077e+02 
2.121077e+02 
2.121077e+02 
2.121077e+02 
2.121077e+02 
2.121077e+02 
2.121077e+02 
2.121077e+02 
2.121077e+02 
2.121077e+02 
2.121077e+02 
2.121077e+02 
2.121077e+02 
2.121077e+02 
2.121077e+02 
2.121077e+02 
2.121077e+02 
2.121077e+02 
2.121077e+02 
2.121077e+02 
2.121077e+02 
2.121077e+02 
2.121077e+02 
2.121077e+02 
2.121077e+02 
2.121077e+02 
2.121077e+02 
2.121077e+02 
2.121077e+02 
2.121077e+02 
2.121077e+02 
2.121077e+02 
2.121077e+02 
2.121077e+02 
2.121077e+02 
2.121077e+02 
2.121077e+02 
2.121077e+02 
2.121077e+02 
2.121077e+02 
2.121077e+02 
2.121077e+02 
2.121077e+02 
2.121077e+02 
2.121077e+02 
2.121077e+02 
2.121077e+02 
2.121077e+02 
2.121077e+02 
2.121077e+02 
2.121077e+02 
2.121077e+02 
2.121077e+02 
2.121077e+02 
2.121077e+02 
2.121077e+02 
2.121077e+02 
2.121077e+02 
2.121077e+02 
2.121077e+02 
2.121077e+02 
2.121077e+02 
2.121077e+02 
2.121077e+02 
2.121077e+02 
2.121077e+02 
2.121077e+02 
2.121077e+02 
2.121077e+02 
2.121077e+02 
2.121077e+02 
2.121077e+02 
2.121077e+02 
2.121077e+02 
2.121077e+02 
2.121077e+02 
2.121077e+02 
2.121077e+02 
2.121077e+02 
2.121077e+02 
2.121077e+02 
2.121077e+02 
2.121077e+02 
2.121077e+02 
2.121077e+02 
2.121077e+02 
2.121077e+02 
2.121077e+02 
2.121077e+02 
2.121077e+02 
2.121077e+02 
2.121077e+02 
2.121077e+02 
2.121077e+02 
2.121077e+02 
2.121077e+02 
2.121077e+02 
2.121077e+02 
2.121077e+02 
2.121077e+02 
2.121077e+02 
2.121077e+02 
2.121077e+02 
2.121077e+02 
2.121077e+02 
2.121077e+02 
2.121077e+02 
2.121077e+02 
2.015625e+02 
2.015625e+02 
2.015625e+02 
2.015625e+02 
2.015625e+02 
2.015625e+02 
2.015625e+02 
2.015625e+02 
2.015625e+02 
2.015625e+02 
2.015625e+02 
2.015625e+02 
2.015625e+02 
2.015625e+02 
2.015625e+02 
2.015625e+02 
2.015625e+02 
2.015625e+02 
2.015625e+02 
2.015625e+02 
1.172578e+02 
1.172578e+02 
1.172578e+02 
1.161849e+02 
1.161849e+02 
1.161849e+02 
1.161849e+02 
1.161849e+02 
1.161849e+02 
1.161849e+02 
1.161849e+02 
1.161849e+02 
1.161849e+02 
1.161849e+02 
1.161849e+02 
1.161849e+02 
1.161849e+02 
1.161849e+02 
1.161849e+02 
6.250105e+01 
6.250105e+01 
6.250105e+01 
6.250105e+01 
6.250105e+01 
6.250105e+01 
6.250105e+01 
6.250105e+01 
6.250105e+01 
6.250105e+01 
6.250105e+01 
6.250105e+01 
6.250105e+01 
6.250105e+01 
6.250105e+01 
6.250105e+01 
6.250105e+01 
6.250105e+01 
6.250105e+01 
6.250105e+01 
6.250105e+01 
6.250105e+01 
6.250105e+01 
6.250105e+01 
6.250105e+01 
6.250105e+01 
6.250105e+01 
6.250105e+01 
6.250105e+01 
6.250105e+01 
6.250105e+01 
6.250105e+01 
6.250105e+01 
6.250105e+01 
6.250105e+01 
6.250105e+01 
6.250105e+01 
6.250105e+01 
6.250105e+01 
6.250105e+01 
6.250105e+01 
6.250105e+01 
6.250105e+01 
6.250105e+01 
6.250105e+01 
6.250105e+01 
6.250105e+01 
6.250105e+01 
6.250105e+01 
6.250105e+01 
4.866517e+01 
4.866517e+01 
4.866517e+01 
4.866517e+01 
4.866517e+01 
4.866517e+01 
4.866517e+01 
4.866517e+01 
4.866517e+01 
4.866517e+01 
4.866517e+01 
4.866517e+01 
4.866517e+01 
4.866517e+01 
4.866517e+01 
4.866517e+01 
4.866517e+01 
4.866517e+01 
4.866517e+01 
4.866517e+01 
4.866517e+01 
4.866517e+01 
4.866517e+01 
4.866517e+01 
4.866517e+01 
4.866517e+01 
4.866517e+01 
4.866517e+01 
4.866517e+01 
4.866517e+01 
4.866517e+01 
4.866517e+01 
4.866517e+01 
4.866517e+01 
4.866517e+01 
4.866517e+01 
4.866517e+01 
4.866517e+01 
4.866517e+01 
4.866517e+01 
4.866517e+01 
4.866517e+01 
4.866517e+01 
4.866517e+01 
4.866517e+01 
4.866517e+01 
4.866517e+01 
4.866517e+01 
4.866517e+01 
4.866517e+01 
4.866517e+01 
4.866517e+01 
4.866517e+01 
4.866517e+01 
4.866517e+01 
4.866517e+01 
4.866517e+01 
4.866517e+01 
4.866517e+01 
4.866517e+01 
4.866517e+01 
4.866517e+01 
4.866517e+01 
4.866517e+01 
4.866517e+01 
4.866517e+01 
4.866517e+01 
4.866517e+01 
4.866517e+01 
4.866517e+01 
4.866517e+01 
4.866517e+01 
4.866517e+01 
4.866517e+01 
4.866517e+01 
4.866517e+01 
4.866517e+01 
4.866517e+01 
4.866517e+01 
4.866517e+01 
4.866517e+01 
4.866517e+01 
4.866517e+01 
4.866517e+01 
4.866517e+01 
4.866517e+01 
4.866517e+01 
4.866517e+01 
4.866517e+01 
4.866517e+01 
4.866517e+01 
4.866517e+01 
4.866517e+01 
4.866517e+01 
4.866517e+01 
4.866517e+01 
4.866517e+01 
4.866517e+01 
4.866517e+01 
4.866517e+01 
4.866517e+01 
4.866517e+01 
4.866517e+01 
4.866517e+01 
4.866517e+01 
4.866517e+01 
4.866517e+01 
4.866517e+01 
4.866517e+01 
4.866517e+01 
4.866517e+01 
4.866517e+01 
4.866517e+01 
4.866517e+01 
4.866517e+01 
4.866517e+01 
4.866517e+01 
4.866517e+01 
4.866517e+01 
4.866517e+01 
4.866517e+01 
4.866517e+01 
4.866517e+01 
4.866517e+01 
4.866517e+01 
4.866517e+01 
4.866517e+01 
4.866517e+01 
4.866517e+01 
4.866517e+01 
4.866517e+01 
4.866517e+01 
4.866517e+01 
4.866517e+01 
4.866517e+01 
4.866517e+01 
4.866517e+01 
4.866517e+01 
4.866517e+01 
4.866517e+01 
4.866517e+01 
4.866517e+01 
4.866517e+01 
4.866517e+01 
4.866517e+01 
4.866517e+01 
4.489313e+01 
4.489313e+01 
4.489313e+01 
4.489313e+01 
4.489313e+01 
4.489313e+01 
4.489313e+01 
4.489313e+01 
4.489313e+01 
4.489313e+01 
4.489313e+01 
4.489313e+01 
4.489313e+01 
4.489313e+01 
4.489313e+01 
4.489313e+01 
4.489313e+01 
4.489313e+01 
4.489313e+01 
4.489313e+01 
4.489313e+01 
4.489313e+01 
4.489313e+01 
4.489313e+01 
4.489313e+01 
4.489313e+01 
4.489313e+01 
4.489313e+01 
4.489313e+01 
4.489313e+01 
4.489313e+01 
4.489313e+01 
4.489313e+01 
4.489313e+01 
4.489313e+01 
4.489313e+01 
4.489313e+01 
4.489313e+01 
4.489313e+01 
4.489313e+01 
4.489313e+01 
4.489313e+01 
4.489313e+01 
4.489313e+01 
4.489313e+01 
4.489313e+01 
4.489313e+01 
4.489313e+01 
4.489313e+01 
4.489313e+01 
4.489313e+01 
4.489313e+01 
4.489313e+01 
4.489313e+01 
4.489313e+01 
4.489313e+01 
4.489313e+01 
4.489313e+01 
4.489313e+01 
4.489313e+01 
4.489313e+01 
4.489313e+01 
4.489313e+01 
4.489313e+01 
4.489313e+01 
4.489313e+01 
4.489313e+01 
4.489313e+01 
4.489313e+01 
4.489313e+01 
4.489313e+01 
4.489313e+01 
4.489313e+01 
4.489313e+01 
4.489313e+01 
4.489313e+01 
4.489313e+01 
4.489313e+01 
4.489313e+01 
4.489313e+01 
4.489313e+01 
4.489313e+01 
4.489313e+01 
4.489313e+01 
4.489313e+01 
4.489313e+01 
4.489313e+01 
4.489313e+01 
4.489313e+01 
4.489313e+01 
4.489313e+01 
4.489313e+01 
4.489313e+01 
4.489313e+01 
4.489313e+01 
4.489313e+01 
4.489313e+01 
4.489313e+01 
4.489313e+01 
4.489313e+01 
4.489313e+01 
4.489313e+01 
4.489313e+01 
4.489313e+01 
4.489313e+01 
4.489313e+01 
4.489313e+01 
4.489313e+01 
4.455115e+01 
4.455115e+01 
4.455115e+01 
4.455115e+01 
4.455115e+01 
4.455115e+01 
4.455115e+01 
4.455115e+01 
4.455115e+01 
4.455115e+01 
4.455115e+01 
4.455115e+01 
4.455115e+01 
4.455115e+01 
4.455115e+01 
4.455115e+01 
4.455115e+01 
4.455115e+01 
4.455115e+01 
4.455115e+01 
4.455115e+01 
4.455115e+01 
4.455115e+01 
4.455115e+01 
4.455115e+01 
4.455115e+01 
4.455115e+01 
4.455115e+01 
4.455115e+01 
4.455115e+01 
4.455115e+01 
4.455115e+01 
4.455115e+01 
4.455115e+01 
4.455115e+01 
4.455115e+01 
4.455115e+01 
4.455115e+01 
4.455115e+01 
4.455115e+01 
4.455115e+01 
4.455115e+01 
4.455115e+01 
4.455115e+01 
4.455115e+01 
4.455115e+01 
4.455115e+01 
4.455115e+01 
4.229385e+01 
4.229385e+01 
4.229385e+01 
4.229385e+01 
4.229385e+01 
4.229385e+01 
4.229385e+01 
4.229385e+01 
4.229385e+01 
4.229385e+01 
4.229385e+01 
4.229385e+01 
4.229385e+01 
4.229385e+01 
4.229385e+01 
4.229385e+01 
4.229385e+01 
4.229385e+01 
4.229385e+01 
4.229385e+01 
4.229385e+01 
4.229385e+01 
4.229385e+01 
4.229385e+01 
4.229385e+01 
4.229385e+01 
4.229385e+01 
4.229385e+01 
3.666476e+01 
3.666476e+01 
3.666476e+01 
3.666476e+01 
3.666476e+01 
3.666476e+01 
3.666476e+01 
3.666476e+01 
3.666476e+01 
3.666476e+01 
3.562923e+01 
3.562923e+01 
3.562923e+01 
3.562923e+01 
3.562923e+01 
3.562923e+01 
3.562923e+01 
3.562923e+01 
3.562923e+01 
3.562923e+01 
3.562923e+01 
3.562923e+01 
3.562923e+01 
3.562923e+01 
3.562923e+01 
3.562923e+01 
3.562923e+01 
3.562923e+01 
3.562923e+01 
3.562923e+01 
3.562923e+01 
3.562923e+01 
3.562923e+01 
3.562923e+01 
3.562923e+01 
3.562923e+01 
3.562923e+01 
3.562923e+01 
3.562923e+01 
3.562923e+01 
3.562923e+01 
3.562923e+01 
3.562923e+01 
3.562923e+01 
3.562923e+01 
3.562923e+01 
3.562923e+01 
3.562923e+01 
3.562923e+01 
3.562923e+01 
3.562923e+01 
3.562923e+01 
3.562923e+01 
3.562923e+01 
3.562923e+01 
3.562923e+01 
3.562923e+01 
3.030773e+01 
3.030773e+01 
3.030773e+01 
3.030773e+01 
3.030773e+01 
3.030773e+01 
3.030773e+01 
3.030773e+01 
3.030773e+01 
3.030773e+01 
3.030773e+01 
3.030773e+01 
3.030773e+01 
3.030773e+01 
3.030773e+01 
3.030773e+01 
3.030773e+01 
3.030773e+01 
3.030773e+01 
3.030773e+01 
3.030773e+01 
3.030773e+01 
3.030773e+01 
3.030773e+01 
3.030773e+01 
3.030773e+01 
3.030773e+01 
3.030773e+01 
3.030773e+01 
3.030773e+01 
3.030773e+01 
3.030773e+01 
3.030773e+01 
3.030773e+01 
3.030773e+01 
3.030773e+01 
3.030773e+01 
3.030773e+01 
3.030773e+01 
3.030773e+01 
3.030773e+01 
3.030773e+01 
3.030773e+01 
3.030773e+01 
3.030773e+01 
3.030773e+01 
3.030773e+01 
3.030773e+01 
3.030773e+01 
3.030773e+01 
3.030773e+01 
3.030773e+01 
3.030773e+01 
3.030773e+01 
3.030773e+01 
3.030773e+01 
3.030773e+01 
3.030773e+01 
3.030773e+01 
3.030773e+01 
3.030773e+01 
3.030773e+01 
3.030773e+01 
3.030773e+01 
3.030773e+01 
3.030773e+01 
3.030773e+01 
3.030773e+01 
3.030773e+01 
3.030773e+01 
3.030773e+01 
3.030773e+01 
3.030773e+01 
3.030773e+01 
3.030773e+01 
3.030773e+01 
3.030773e+01 
3.030773e+01 
3.030773e+01 
3.030773e+01 
3.030773e+01 
3.030773e+01 
3.030773e+01 
3.030773e+01 
3.030773e+01 
3.030773e+01 
3.030773e+01 
3.030773e+01 
3.030773e+01 
3.030773e+01 
3.030773e+01 
3.030773e+01 
3.030773e+01 
3.030773e+01 
3.030773e+01 
3.030773e+01 
3.030773e+01 
3.030773e+01 
3.030773e+01 
3.030773e+01 
3.030773e+01 
3.030773e+01 
3.030773e+01 
3.030773e+01 
3.030773e+01 
3.030773e+01 
3.030773e+01 
3.030773e+01 
3.030773e+01 
3.030773e+01 
3.030773e+01 
3.030773e+01 
3.030773e+01 
3.030773e+01 
3.030773e+01 
3.030773e+01 
3.030773e+01 
3.030773e+01 
3.030773e+01 
3.030773e+01 
3.030773e+01 
3.030773e+01 
3.030773e+01 
3.030773e+01 
3.030773e+01 
3.030773e+01 
3.030773e+01 
3.030773e+01 
3.030773e+01 
3.030773e+01 
3.030773e+01 
3.030773e+01 
3.030773e+01 
3.030773e+01 
3.030773e+01 
3.030773e+01 
3.030773e+01 
3.030773e+01 
3.030773e+01 
3.030773e+01 
3.030773e+01 
3.030773e+01 
3.030773e+01 
3.030773e+01 
3.030773e+01 
3.030773e+01 
3.030773e+01 
3.030773e+01 
3.030773e+01 
3.030773e+01 
3.030773e+01 
3.030773e+01 
3.030773e+01 
3.030773e+01 
3.030773e+01 
3.030773e+01 
3.030773e+01 
3.030773e+01 
3.030773e+01 
3.030773e+01 
3.030773e+01 
2.002636e+01 
2.002636e+01 
2.002636e+01 
2.002636e+01 
2.002636e+01 
2.002636e+01 
2.002636e+01 
2.002636e+01 
2.002636e+01 
2.002636e+01 
2.002636e+01 
2.002636e+01 
2.002636e+01 
2.002636e+01 
2.002636e+01 
2.002636e+01 
2.002636e+01 
2.002636e+01 
2.002636e+01 
2.002636e+01 
2.002636e+01 
2.002636e+01 
2.002636e+01 
2.002636e+01 
2.002636e+01 
2.002636e+01 
2.002636e+01 
2.002636e+01 
2.002636e+01 
2.002636e+01 
2.002636e+01 
2.002636e+01 
2.002636e+01 
2.002636e+01 
9.687779e+00 
9.687779e+00 
9.687779e+00 
9.687779e+00 
9.687779e+00 
9.687779e+00 
9.687779e+00 
9.687779e+00 
9.687779e+00 
9.687779e+00 
9.687779e+00 
9.687779e+00 
9.687779e+00 
9.687779e+00 
9.687779e+00 
9.687779e+00 
9.687779e+00 
9.687779e+00 
9.202090e+00 
5.593328e+00 
5.593328e+00 
5.593328e+00 
5.593328e+00 
5.593328e+00 
5.593328e+00 
5.593328e+00 
5.593328e+00 
5.593328e+00 
5.593328e+00 
5.593328e+00 
5.593328e+00 
5.593328e+00 
5.593328e+00 
5.593328e+00 
5.593328e+00 
5.593328e+00 
5.593328e+00 
5.593328e+00 
5.593328e+00 
5.593328e+00 
5.593328e+00 
5.593328e+00 
5.593328e+00 
5.593328e+00 
5.593328e+00 
5.593328e+00 
5.593328e+00 
5.593328e+00 
5.593328e+00 
5.593328e+00 
5.593328e+00 
5.593328e+00 
5.593328e+00 
5.593328e+00 
5.593328e+00 
5.593328e+00 
5.593328e+00 
5.593328e+00 
5.593328e+00 
5.593328e+00 
5.593328e+00 
5.593328e+00 
5.593328e+00 
5.593328e+00 
5.593328e+00 
5.593328e+00 
5.593328e+00 
5.593328e+00 
5.593328e+00 
5.593328e+00 
5.593328e+00 
5.593328e+00 
5.593328e+00 
5.593328e+00 
5.593328e+00 
5.593328e+00 
5.593328e+00 
5.593328e+00 
5.593328e+00 
5.593328e+00 
5.593328e+00 
5.593328e+00 
5.593328e+00 
5.593328e+00 
5.593328e+00 
5.593328e+00 
5.593328e+00 
5.593328e+00 
5.593328e+00 
5.593328e+00 
5.593328e+00 
5.593328e+00 
5.593328e+00 
5.593328e+00 
5.593328e+00 
5.593328e+00 
5.593328e+00 
5.593328e+00 
5.593328e+00 
5.593328e+00 
5.593328e+00 
5.593328e+00 
5.593328e+00 
5.593328e+00 
5.593328e+00 
5.593328e+00 
5.593328e+00 
5.593328e+00 
5.593328e+00 
5.593328e+00 
5.593328e+00 
5.593328e+00 
5.593328e+00 
5.593328e+00 
5.593328e+00 
5.593328e+00 
5.593328e+00 
5.593328e+00 
5.593328e+00 
5.593328e+00 
5.593328e+00 
5.593328e+00 
5.295480e+00 
5.295480e+00 
5.295480e+00 
5.295480e+00 
5.295480e+00 
5.295480e+00 
5.295480e+00 
5.295480e+00 
5.295480e+00 
5.295480e+00 
5.295480e+00 
5.295480e+00 
5.295480e+00 
5.295480e+00 
5.295480e+00 
5.295480e+00 
5.295480e+00 
5.295480e+00 
5.295480e+00 
4.809347e+00 
4.809347e+00 
4.809347e+00 
4.809347e+00 
4.809347e+00 
4.809347e+00 
4.809347e+00 
4.809347e+00 
4.809347e+00 
4.809347e+00 
4.809347e+00 
4.809347e+00 
4.809347e+00 
4.809347e+00 
4.809347e+00 
4.809347e+00 
4.809347e+00 
4.809347e+00 
4.809347e+00 
4.809347e+00 
4.809347e+00 
4.809347e+00 
4.809347e+00 
4.809347e+00 
4.809347e+00 
4.809347e+00 
4.809347e+00 
4.809347e+00 
4.809347e+00 
4.809347e+00 
4.809347e+00 
4.809347e+00 
4.809347e+00 
4.809347e+00 
4.809347e+00 
4.754248e+00 
4.754248e+00 
4.754248e+00 
4.754248e+00 
4.344050e+00 
4.344050e+00 
4.290081e+00 
4.290081e+00 
4.290081e+00 
4.290081e+00 
4.290081e+00 
4.290081e+00 
4.290081e+00 
4.290081e+00 
4.290081e+00 
4.290081e+00 
4.290081e+00 
4.290081e+00 
4.290081e+00 
4.290081e+00 
4.290081e+00 
4.290081e+00 
4.290081e+00 
4.290081e+00 
4.290081e+00 
4.290081e+00 
4.290081e+00 
4.290081e+00 
4.290081e+00 
4.290081e+00 
4.290081e+00 
4.290081e+00 
4.290081e+00 
4.290081e+00 
4.290081e+00 
4.290081e+00 
4.290081e+00 
4.290081e+00 
4.290081e+00 
4.290081e+00 
4.290081e+00 
4.290081e+00 
4.290081e+00 
4.290081e+00 
4.290081e+00 
4.290081e+00 
4.290081e+00 
4.290081e+00 
4.290081e+00 
4.290081e+00 
4.290081e+00 
4.290081e+00 
4.290081e+00 
4.290081e+00 
4.290081e+00 
4.290081e+00 
4.290081e+00 
4.290081e+00 
4.290081e+00 
4.290081e+00 
4.290081e+00 
4.290081e+00 
4.290081e+00 
4.290081e+00 
4.290081e+00 
4.290081e+00 
4.290081e+00 
4.290081e+00 
4.290081e+00 
4.290081e+00 
4.290081e+00 
4.290081e+00 
4.290081e+00 
4.290081e+00 
4.290081e+00 
4.290081e+00 
4.290081e+00 
4.290081e+00 
4.290081e+00 
4.290081e+00 
4.290081e+00 
4.290081e+00 
4.290081e+00 
4.290081e+00 
4.290081e+00 
4.290081e+00 
4.290081e+00 
4.290081e+00 
4.290081e+00 
4.290081e+00 
4.290081e+00 
4.290081e+00 
4.290081e+00 
4.290081e+00 
4.290081e+00 
4.290081e+00 
4.290081e+00 
4.290081e+00 
4.290081e+00 
4.290081e+00 
4.290081e+00 
4.290081e+00 
4.290081e+00 
4.290081e+00 
4.290081e+00 
4.290081e+00 
4.290081e+00 
4.290081e+00 
4.290081e+00 
4.290081e+00 
4.290081e+00 
4.290081e+00 
4.246109e+00 
4.246109e+00 
4.246109e+00 
4.246109e+00 
4.246109e+00 
4.246109e+00 
4.246109e+00 
4.246109e+00 
4.246109e+00 
4.246109e+00 
4.246109e+00 
4.246109e+00 
4.246109e+00 
4.246109e+00 
4.246109e+00 
4.246109e+00 
4.246109e+00 
4.246109e+00 
4.246109e+00 
4.246109e+00 
4.246109e+00 
4.246109e+00 
4.246109e+00 
4.246109e+00 
4.246109e+00 
4.246109e+00 
4.246109e+00 
4.246109e+00 
4.246109e+00 
4.246109e+00 
4.246109e+00 
4.246109e+00 
4.246109e+00 
4.246109e+00 
4.246109e+00 
4.246109e+00 
4.246109e+00 
4.246109e+00 
4.246109e+00 
4.246109e+00 
4.246109e+00 
4.246109e+00 
4.246109e+00 
4.246109e+00 
4.246109e+00 
4.246109e+00 
4.246109e+00 
4.246109e+00 
4.246109e+00 
4.246109e+00 
4.246109e+00 
4.246109e+00 
4.246109e+00 
4.246109e+00 
4.246109e+00 
4.246109e+00 
4.246109e+00 
4.246109e+00 
4.246109e+00 
4.246109e+00 
4.246109e+00 
4.246109e+00 
4.246109e+00 
4.246109e+00 
4.246109e+00 
4.246109e+00 
4.246109e+00 
4.246109e+00 
4.246109e+00 
4.191902e+00 
4.191902e+00 
4.191902e+00 
4.191902e+00 
4.191902e+00 
4.191902e+00 
4.191902e+00 
4.191902e+00 
4.191902e+00 
4.191902e+00 
4.191902e+00 
4.191902e+00 
4.191902e+00 
4.191902e+00 
3.952609e+00 
3.952609e+00 
3.952609e+00 
3.952609e+00 
3.952609e+00 
3.952609e+00 
3.952609e+00 
3.952609e+00 
3.952609e+00 
3.952609e+00 
3.703790e+00 
3.703790e+00 
3.703790e+00 
3.703790e+00 
3.703790e+00 
3.703790e+00 
3.703790e+00 
3.703790e+00 
3.703790e+00 
3.703790e+00 
3.703790e+00 
3.703790e+00 
3.703790e+00 
3.703790e+00 
3.703790e+00 
3.703790e+00 
3.703790e+00 
3.703790e+00 
3.703790e+00 
3.703790e+00 
3.703790e+00 
3.703790e+00 
3.703790e+00 
3.703790e+00 
3.703790e+00 
3.703790e+00 
3.703790e+00 
3.703790e+00 
3.703790e+00 
3.703790e+00 
3.703790e+00 
3.703790e+00 
3.703790e+00 
3.703790e+00 
3.703790e+00 
3.703790e+00 
3.703790e+00 
3.703790e+00 
3.703790e+00 
3.703790e+00 
3.703790e+00 
3.703790e+00 
3.703790e+00 
3.703790e+00 
3.703790e+00 
3.703790e+00 
3.703790e+00 
3.703790e+00 
3.703790e+00 
3.703790e+00 
3.703790e+00 
3.703790e+00 
3.703790e+00 
3.703790e+00 
3.703790e+00 
3.703790e+00 
3.703790e+00 
3.703790e+00 
3.703790e+00 
3.703790e+00 
3.703790e+00 
3.703790e+00 
3.703790e+00 
3.703790e+00 
3.703790e+00 
3.703790e+00 
3.703790e+00 
3.644638e+00 
3.644638e+00 
3.354473e+00 
3.354473e+00 
3.354473e+00 
3.354473e+00 
3.354473e+00 
3.354473e+00 
3.354473e+00 
3.354473e+00 
3.354473e+00 
3.354473e+00 
3.354473e+00 
3.354473e+00 
3.354473e+00 
3.354473e+00 
3.354473e+00 
3.354473e+00 
3.354473e+00 
3.354473e+00 
3.354473e+00 
3.354473e+00 
3.354473e+00 
3.354473e+00 
3.354473e+00 
3.354473e+00 
3.354473e+00 
3.354473e+00 
3.354473e+00 
3.354473e+00 
3.354473e+00 
3.354473e+00 
3.354473e+00 
3.354473e+00 
3.354473e+00 
3.354473e+00 
3.354473e+00 
3.354473e+00 
3.354473e+00 
3.354473e+00 
3.354473e+00 
3.354473e+00 
3.354473e+00 
3.354473e+00 
3.354473e+00 
3.354473e+00 
3.354473e+00 
3.354473e+00 
3.354473e+00 
3.354473e+00 
3.354473e+00 
3.354473e+00 
3.354473e+00 
3.354473e+00 
3.354473e+00 
3.354473e+00 
3.354473e+00 
3.251354e+00 
3.251354e+00 
3.251354e+00 
3.251354e+00 
3.251354e+00 
3.251354e+00 
3.251354e+00 
3.251354e+00 
3.251354e+00 
3.251354e+00 
3.251354e+00 
3.251354e+00 
3.251354e+00 
3.251354e+00 
3.251354e+00 
3.251354e+00 
3.251354e+00 
3.251354e+00 
3.251354e+00 
3.251354e+00 
3.251354e+00 
3.251354e+00 
3.251354e+00 
3.251354e+00 
3.251354e+00 
3.251354e+00 
3.251354e+00 
3.251354e+00 
3.251354e+00 
3.251354e+00 
3.251354e+00 
3.047976e+00 
3.047976e+00 
3.047976e+00 
3.047976e+00 
3.047976e+00 
3.047976e+00 
3.047976e+00 
3.047976e+00 
3.047976e+00 
3.047976e+00 
3.047976e+00 
3.047976e+00 
3.047976e+00 
3.047976e+00 
3.047976e+00 
3.047976e+00 
3.047976e+00 
3.047976e+00 
3.047976e+00 
3.047976e+00 
3.047976e+00 
3.047976e+00 
3.047976e+00 
3.047976e+00 
3.047976e+00 
3.047976e+00 
3.047976e+00 
3.047976e+00 
3.047976e+00 
3.047976e+00 
3.047976e+00 
3.047976e+00 
3.047976e+00 
3.047976e+00 
3.047976e+00 
3.047976e+00 
3.047067e+00 
3.047067e+00 
3.008148e+00 
2.684896e+00 
2.684896e+00 
2.635049e+00 
2.635049e+00 
2.635049e+00 
2.635049e+00 
2.635049e+00 
2.635049e+00 
2.635049e+00 
2.635049e+00 
2.635049e+00 
2.457275e+00 
2.457275e+00 
2.457275e+00 
2.457275e+00 
2.457275e+00 
2.457275e+00 
2.457275e+00 
2.457275e+00 
2.457275e+00 
2.457275e+00 
2.457275e+00 
2.457275e+00 
2.457275e+00 
2.457275e+00 
2.457275e+00 
2.457275e+00 
2.457275e+00 
2.457275e+00 
2.457275e+00 
2.457275e+00 
2.457275e+00 
2.457275e+00 
2.457275e+00 
2.457275e+00 
2.365025e+00 
2.365025e+00 
2.365025e+00 
2.365025e+00 
2.280243e+00 
2.280243e+00 
2.208640e+00 
2.208640e+00 
2.208640e+00 
2.208640e+00 
2.208640e+00 
2.208640e+00 
2.208640e+00 
2.208640e+00 
2.208640e+00 
2.208640e+00 
2.208640e+00 
2.208640e+00 
2.208640e+00 
2.208640e+00 
2.208640e+00 
2.208640e+00 
2.208640e+00 
2.208640e+00 
2.208640e+00 
2.208640e+00 
2.208640e+00 
2.208640e+00 
2.208640e+00 
2.208640e+00 
2.208640e+00 
2.208640e+00 
2.208640e+00 
2.208640e+00 
2.208640e+00 
2.208640e+00 
2.208640e+00 
2.208640e+00 
2.166339e+00 
2.166339e+00 
2.166339e+00 
2.166339e+00 
2.166339e+00 
2.166339e+00 
2.166339e+00 
2.166339e+00 
2.166339e+00 
2.166339e+00 
2.166339e+00 
2.166339e+00 
2.166339e+00 
2.166339e+00 
2.166339e+00 
2.166339e+00 
2.166339e+00 
2.166339e+00 
2.166339e+00 
2.166339e+00 
2.166339e+00 
2.166339e+00 
2.166339e+00 
2.166339e+00 
2.166339e+00 
2.166339e+00 
2.166339e+00 
2.166339e+00 
2.166339e+00 
2.166339e+00 
2.115048e+00 
2.115048e+00 
2.115048e+00 
2.115048e+00 
2.115048e+00 
2.115048e+00 
2.115048e+00 
2.115048e+00 
2.115048e+00 
2.115048e+00 
2.115048e+00 
2.115048e+00 
2.091477e+00 
2.091477e+00 
2.091477e+00 
2.091477e+00 
2.091477e+00 
2.091477e+00 
2.091477e+00 
2.091477e+00 
2.091477e+00 
2.091477e+00 
2.091477e+00 
2.091477e+00 
2.091477e+00 
2.091477e+00 
2.091477e+00 
2.091477e+00 
2.091477e+00 
2.091477e+00 
2.091477e+00 
2.091477e+00 
2.091477e+00 
2.091477e+00 
2.091477e+00 
2.091477e+00 
2.079562e+00 
2.079562e+00 
2.079562e+00 
2.079562e+00 
2.079562e+00 
2.040114e+00 
2.040114e+00 
2.040114e+00 
2.040114e+00 
2.040114e+00 
2.040114e+00 
2.040114e+00 
2.010938e+00 
2.010938e+00 
2.010938e+00 
2.010938e+00 
2.010938e+00 
2.010938e+00 
2.010938e+00 
2.010938e+00 
2.010938e+00 
2.010938e+00 
2.010938e+00 
1.998406e+00 
1.998406e+00 
1.998406e+00 
1.998406e+00 
1.998406e+00 
1.998406e+00 
1.992226e+00 
1.992226e+00 
1.972766e+00 
1.972766e+00 
1.972766e+00 
1.970614e+00 
1.970614e+00 
1.970614e+00 
1.970614e+00 
1.970614e+00 
1.969867e+00 
1.969867e+00 
1.969867e+00 
1.967398e+00 
1.967398e+00 
1.967398e+00 
1.967398e+00 
1.967398e+00 
1.967398e+00 
1.967398e+00 
1.967398e+00 
1.967398e+00 
1.967398e+00 
1.967398e+00 
1.967398e+00 
1.967398e+00 
1.967345e+00 
1.967345e+00 
1.967345e+00 
1.967345e+00 
1.967345e+00 
1.967345e+00 
1.967345e+00 
1.967345e+00 
1.967345e+00 
1.967345e+00 
1.967345e+00 
1.967345e+00 
1.967345e+00 
1.967345e+00 
1.967345e+00 
1.967345e+00 
1.967345e+00 
1.965132e+00 
1.965132e+00 
1.965132e+00 
1.965132e+00 
1.965132e+00 
1.965132e+00 
1.965132e+00 
1.965132e+00 
1.965132e+00 
1.965132e+00 
1.965132e+00 
1.963385e+00 
1.963385e+00 
1.963385e+00 
1.963385e+00 
1.963385e+00 
1.963385e+00 
1.963060e+00 
1.963060e+00 
1.963060e+00 
1.963060e+00 
1.906976e+00 
1.906976e+00 
1.906976e+00 
1.906976e+00 
1.906976e+00 
1.709067e+00 
1.709067e+00 
1.709067e+00 
1.505991e+00 
1.505991e+00 
1.505991e+00 
1.505991e+00 
1.505991e+00 
1.505991e+00 
1.505991e+00 
1.505991e+00 
1.505991e+00 
1.505991e+00 
1.491806e+00 
1.491806e+00 
1.491806e+00 
1.491806e+00 
1.491806e+00 
1.491806e+00 
1.491806e+00 
1.491806e+00 
1.491806e+00 
1.491806e+00 
1.491806e+00 
1.491806e+00 
1.491806e+00 
1.491806e+00 
1.491806e+00 
1.491806e+00 
1.491806e+00 
1.491806e+00 
1.491806e+00 
1.491806e+00 
1.491806e+00 
1.491806e+00 
1.491806e+00 
1.491806e+00 
1.491806e+00 
1.491806e+00 
1.491806e+00 
1.491806e+00 
1.491806e+00 
1.491806e+00 
1.491806e+00 
1.491806e+00 
1.491806e+00 
1.491806e+00 
1.491806e+00 
1.491806e+00 
1.491806e+00 
1.491806e+00 
1.491806e+00 
1.491806e+00 
1.491806e+00 
1.491806e+00 
1.491806e+00 
1.491806e+00 
1.491806e+00 
1.491806e+00 
1.491806e+00 
1.491806e+00 
1.491806e+00 
1.491806e+00 
1.491806e+00 
1.491806e+00 
1.491806e+00 
1.491806e+00 
1.491806e+00 
1.491806e+00 
1.491806e+00 
1.491806e+00 
1.491806e+00 
1.491806e+00 
1.491806e+00 
1.491806e+00 
1.491806e+00 
1.491806e+00 
1.491806e+00 
1.491806e+00 
1.491806e+00 
1.491806e+00 
1.491806e+00 
1.491806e+00 
1.491806e+00 
1.491806e+00 
1.491806e+00 
1.491806e+00 
1.491806e+00 
1.491806e+00 
1.491806e+00 
1.491806e+00 
1.491806e+00 
1.491806e+00 
1.491806e+00 
1.491806e+00 
1.491806e+00 
1.491806e+00 
1.491806e+00 
1.491806e+00 
1.491806e+00 
1.491806e+00 
1.491806e+00 
1.491806e+00 
1.491806e+00 
1.491806e+00 
1.491806e+00 
1.491806e+00 
1.491806e+00 
1.491806e+00 
1.491806e+00 
1.491806e+00 
1.491806e+00 
1.485516e+00 
1.485516e+00 
1.485516e+00 
1.485516e+00 
1.485516e+00 
1.485516e+00 
1.485516e+00 
1.485516e+00 
1.485516e+00 
1.485516e+00 
1.485516e+00 
1.485516e+00 
1.485516e+00 
1.485516e+00 
1.485516e+00 
1.485516e+00 
1.485516e+00 
1.485516e+00 
1.485516e+00 
1.485516e+00 
1.485516e+00 
1.485516e+00 
1.485516e+00 
1.485516e+00 
1.485516e+00 
1.485516e+00 
1.485516e+00 
1.485516e+00 
1.485516e+00 
1.485516e+00 
1.485516e+00 
1.485516e+00 
1.485516e+00 
1.485516e+00 
1.485516e+00 
1.485516e+00 
1.485516e+00 
1.485516e+00 
1.485516e+00 
1.459553e+00 
1.459553e+00 
1.459553e+00 
1.459553e+00 
1.459553e+00 
1.459553e+00 
1.459553e+00 
1.459553e+00 
1.459553e+00 
1.459553e+00 
1.459553e+00 
1.459553e+00 
1.459553e+00 
1.459553e+00 
1.459553e+00 
1.459553e+00 
1.459553e+00 
1.459553e+00 
1.459553e+00 
1.459553e+00 
1.459553e+00 
1.459553e+00 
1.459553e+00 
1.459553e+00 
1.459553e+00 
1.459553e+00 
1.459553e+00 
1.459553e+00 
1.459553e+00 
1.459553e+00 
1.459553e+00 
1.459553e+00 
1.380103e+00 
1.380103e+00 
1.322411e+00 
1.322411e+00 
1.292917e+00 
1.292917e+00 
1.270404e+00 
1.270404e+00 
1.201795e+00 
1.201795e+00 
1.141370e+00 
1.141370e+00 
1.141370e+00 
1.141370e+00 
1.140745e+00 
1.140745e+00 
1.140745e+00 
1.038866e+00 
1.038866e+00 
1.038866e+00 
1.038866e+00 
1.038866e+00 
1.038866e+00 
1.038866e+00 
1.038866e+00 
1.038866e+00 
1.038866e+00 
1.038866e+00 
1.038866e+00 
1.038866e+00 
1.038866e+00 
1.038866e+00 
1.038866e+00 
1.038866e+00 
1.038866e+00 
9.602471e-01 
9.602471e-01 
9.602471e-01 
8.914694e-01 
8.914694e-01 
8.914694e-01 
8.914694e-01 
8.914694e-01 
8.914694e-01 
8.914694e-01 
8.914694e-01 
8.914694e-01 
8.914694e-01 
8.914694e-01 
8.914694e-01 
8.914694e-01 
8.914694e-01 
8.914694e-01 
8.914694e-01 
8.914694e-01 
8.914694e-01 
8.914694e-01 
8.914694e-01 
8.914694e-01 
8.914694e-01 
8.914694e-01 
8.914694e-01 
8.914694e-01 
8.914694e-01 
8.914694e-01 
8.914694e-01 
8.914694e-01 
8.914694e-01 
8.914694e-01 
8.914694e-01 
8.914694e-01 
8.914694e-01 
8.914694e-01 
8.914694e-01 
8.914694e-01 
8.914694e-01 
8.914694e-01 
8.914694e-01 
8.914694e-01 
8.914694e-01 
8.914694e-01 
8.914694e-01 
8.914694e-01 
8.914694e-01 
8.914694e-01 
8.914694e-01 
8.914694e-01 
8.871384e-01 
8.871384e-01 
8.871384e-01 
8.834726e-01 
8.834726e-01 
8.834726e-01 
8.834726e-01 
8.834726e-01 
8.792217e-01 
8.750912e-01 
8.718882e-01 
8.693909e-01 
8.674420e-01 
8.659245e-01 
8.647475e-01 
8.638392e-01 
8.631417e-01 
8.626086e-01 
8.622029e-01 
8.618952e-01 
8.616626e-01 
8.614872e-01 
8.613551e-01 
8.612558e-01 
8.611813e-01 
8.611254e-01 
8.610835e-01 
8.610521e-01 
8.610286e-01 
8.610110e-01 
8.609978e-01 
8.609879e-01 
8.609806e-01 
8.609751e-01 
8.609709e-01 
8.609678e-01 
8.609655e-01 
8.609638e-01 
8.609625e-01 
8.609616e-01 
8.609608e-01 
8.609603e-01 
8.609599e-01 
8.609596e-01 
8.609594e-01 
8.609592e-01 
8.609591e-01 
8.609590e-01 
8.609589e-01 
8.609589e-01 
8.609588e-01 
8.609588e-01 
8.609588e-01 
8.609588e-01 
8.609588e-01 
8.609587e-01 
8.609587e-01 
8.609587e-01 
8.609587e-01 
8.609587e-01 
8.609587e-01 
8.609587e-01 
8.609587e-01 
8.609587e-01 
8.609587e-01 
8.609587e-01 
8.609587e-01 
8.609587e-01 
8.609587e-01 
8.609587e-01 
8.609587e-01 
8.609587e-01 
8.609587e-01 
8.609587e-01 
8.609587e-01 
8.609587e-01 
8.609587e-01 
8.609587e-01 
8.609587e-01 
8.609587e-01 
8.609587e-01 
8.609587e-01 
8.609587e-01 
8.609587e-01 
8.609587e-01 
8.609587e-01 
8.609587e-01 
8.609587e-01 
8.609587e-01 
8.609587e-01 
8.609587e-01 
8.609587e-01 
8.609587e-01 
8.609587e-01 
8.609587e-01 
8.609587e-01 
8.609587e-01 
8.609587e-01 
8.609587e-01 
8.609587e-01 
8.609587e-01 
8.609587e-01 
8.609587e-01 
8.609587e-01 
8.609587e-01 
8.609587e-01 
8.609587e-01 
8.609587e-01 
8.609587e-01 
8.609587e-01 
8.472222e-01 
8.472222e-01 
8.472222e-01 
8.472222e-01 
8.472222e-01 
8.472222e-01 
8.472222e-01 
8.472222e-01 
8.472222e-01 
8.472222e-01 
8.472222e-01 
8.472222e-01 
8.472222e-01 
8.472222e-01 
8.472222e-01 
8.472222e-01 
8.472222e-01 
8.472222e-01 
8.472222e-01 
8.472222e-01 
8.472222e-01 
8.472222e-01 
8.467841e-01 
8.467841e-01 
8.467841e-01 
8.467841e-01 
8.467841e-01 
8.467841e-01 
8.467841e-01 
8.467841e-01 
8.467841e-01 
8.452607e-01 
8.452607e-01 
8.452607e-01 
8.452607e-01 
8.452607e-01 
8.452607e-01 
8.452607e-01 
8.449493e-01 
8.449493e-01 
8.449493e-01 
8.449493e-01 
8.449493e-01 
8.449493e-01 
8.449493e-01 
8.444355e-01 
8.444355e-01 
8.444355e-01 
8.444355e-01 
8.444355e-01 
8.444355e-01 
8.444355e-01 
8.444355e-01 
8.444355e-01 
8.444355e-01 
8.444355e-01 
8.444355e-01 
8.435714e-01 
8.425341e-01 
8.423740e-01 
8.422177e-01 
8.421064e-01 
8.420302e-01 
8.419780e-01 
8.419419e-01 
8.419167e-01 
8.418989e-01 
8.418862e-01 
8.418771e-01 
8.418705e-01 
8.418657e-01 
8.418622e-01 
8.418596e-01 
8.418577e-01 
8.418563e-01 
8.418553e-01 
7.767989e-01 
7.205383e-01 
7.205383e-01 
7.205383e-01 
7.205383e-01 
7.205383e-01 
7.205383e-01 
7.205383e-01 
7.205383e-01 
7.205383e-01 
7.205383e-01 
7.205383e-01 
7.205383e-01 
7.205383e-01 
7.205383e-01 
7.205383e-01 
7.205383e-01 
7.205383e-01 
7.205383e-01 
7.205383e-01 
7.205383e-01 
7.205383e-01 
7.205383e-01 
7.205383e-01 
7.205383e-01 
7.205383e-01 
7.205383e-01 
7.205383e-01 
7.205383e-01 
7.205383e-01 
7.205383e-01 
7.205383e-01 
7.205383e-01 
7.205383e-01 
7.205383e-01 
7.205383e-01 
7.205383e-01 
7.205383e-01 
7.205383e-01 
7.205383e-01 
7.205383e-01 
7.205383e-01 
7.205383e-01 
7.205383e-01 
7.099588e-01 
7.099588e-01 
7.099588e-01 
7.099588e-01 
7.099588e-01 
7.099588e-01 
7.099588e-01 
7.099588e-01 
7.099588e-01 
7.099588e-01 
7.099588e-01 
7.018433e-01 
7.018433e-01 
7.001626e-01 
6.985136e-01 
6.974982e-01 
6.968587e-01 
6.964466e-01 
6.961750e-01 
6.959924e-01 
6.958673e-01 
6.957803e-01 
6.957190e-01 
6.956754e-01 
6.956440e-01 
6.956214e-01 
6.956050e-01 
6.955930e-01 
6.955843e-01 
6.955779e-01 
6.955732e-01 
6.955697e-01 
6.955672e-01 
6.955654e-01 
6.955640e-01 
6.955630e-01 
6.955622e-01 
6.955617e-01 
6.955613e-01 
6.955610e-01 
6.955608e-01 
6.955606e-01 
6.955605e-01 
6.955604e-01 
6.955604e-01 
6.955603e-01 
6.955603e-01 
6.955603e-01 
6.955602e-01 
6.955602e-01 
6.955602e-01 
6.955602e-01 
6.955602e-01 
6.955602e-01 
6.749693e-01 
6.601265e-01 
6.601265e-01 
6.601265e-01 
6.601265e-01 
6.601265e-01 
6.596463e-01 
6.596463e-01 
6.596463e-01 
6.596463e-01 
6.596463e-01 
6.596463e-01 
6.596463e-01 
6.596463e-01 
6.596463e-01 
6.596463e-01 
6.596463e-01 
6.596463e-01 
6.596463e-01 
6.596463e-01 
6.596463e-01 
6.596463e-01 
6.596463e-01 
6.596463e-01 
6.596463e-01 
6.596463e-01 
6.596463e-01 
6.596463e-01 
6.596463e-01 
6.596463e-01 
6.596463e-01 
6.596463e-01 
6.596463e-01 
6.596463e-01 
6.454330e-01 
6.454330e-01 
6.454330e-01 
6.454330e-01 
6.454330e-01 
6.454330e-01 
6.454330e-01 
6.454330e-01 
6.454330e-01 
6.454330e-01 
6.454330e-01 
6.454330e-01 
6.454330e-01 
6.454330e-01 
6.454330e-01 
6.454330e-01 
6.454330e-01 
6.454330e-01 
6.454330e-01 
6.454330e-01 
6.454330e-01 
6.454330e-01 
6.454330e-01 
6.454330e-01 
6.454330e-01 
6.454330e-01 
6.454330e-01 
6.454330e-01 
6.454330e-01 
6.454330e-01 
6.454330e-01 
6.454330e-01 
6.454330e-01 
6.454330e-01 
6.454330e-01 
6.454330e-01 
6.454330e-01 
6.454330e-01 
6.454330e-01 
6.454330e-01 
6.454330e-01 
6.454330e-01 
6.454330e-01 
6.448070e-01 
6.448070e-01 
6.432735e-01 
6.432735e-01 
6.432735e-01 
6.432735e-01 
6.432735e-01 
6.432735e-01 
6.432735e-01 
6.432735e-01 
6.432735e-01 
6.432735e-01 
6.432735e-01 
6.432735e-01 
6.432735e-01 
6.432735e-01 
6.432735e-01 
6.432735e-01 
6.432735e-01 
6.432735e-01 
6.432735e-01 
6.432735e-01 
6.432735e-01 
6.432735e-01 
6.432735e-01 
6.432735e-01 
6.432735e-01 
6.432735e-01 
6.432735e-01 
6.432735e-01 
6.432735e-01 
6.432735e-01 
6.432735e-01 
6.432735e-01 
6.432735e-01 
6.432735e-01 
6.432735e-01 
6.432735e-01 
6.432735e-01 
6.432735e-01 
6.432735e-01 
6.432735e-01 
6.432735e-01 
6.432735e-01 
6.432735e-01 
6.432735e-01 
6.432735e-01 
6.430945e-01 
6.430945e-01 
6.430945e-01 
6.430945e-01 
6.429467e-01 
6.429467e-01 
6.429467e-01 
6.429467e-01 
6.429467e-01 
6.429467e-01 
6.429467e-01 
6.429467e-01 
6.429467e-01 
6.429467e-01 
6.429467e-01 
6.429467e-01 
6.429467e-01 
6.429467e-01 
6.429467e-01 
6.429467e-01 
6.429467e-01 
6.429467e-01 
6.429467e-01 
6.429467e-01 
6.429467e-01 
6.429467e-01 
6.428878e-01 
6.428878e-01 
6.428011e-01 
6.428011e-01 
6.428011e-01 
6.428011e-01 
6.428011e-01 
6.428011e-01 
6.428011e-01 
6.428011e-01 
6.428011e-01 
6.428011e-01 
6.428011e-01 
6.428011e-01 
6.428011e-01 
6.428011e-01 
6.326453e-01 
6.326453e-01 
6.326453e-01 
6.326453e-01 
6.326453e-01 
6.326453e-01 
6.326453e-01 
6.326453e-01 
6.326453e-01 
6.326453e-01 
6.326453e-01 
6.304289e-01 
6.304289e-01 
6.304289e-01 
6.304289e-01 
6.304289e-01 
6.304289e-01 
6.304289e-01 
6.304289e-01 
6.304289e-01 
6.304289e-01 
6.304289e-01 
6.304289e-01 
6.168661e-01 
6.168661e-01 
6.168661e-01 
6.168661e-01 
6.168661e-01 
6.168661e-01 
6.168661e-01 
6.168661e-01 
6.168661e-01 
6.168661e-01 
6.168661e-01 
6.168661e-01 
6.168661e-01 
6.168661e-01 
6.168661e-01 
6.168661e-01 
6.168661e-01 
6.168661e-01 
6.168661e-01 
6.168661e-01 
6.168661e-01 
6.168661e-01 
6.168661e-01 
6.168661e-01 
6.162138e-01 
6.162138e-01 
6.162138e-01 
6.162138e-01 
6.162138e-01 
6.162138e-01 
6.162138e-01 
6.162138e-01 
6.162138e-01 
6.162138e-01 
6.162138e-01 
6.162138e-01 
6.162138e-01 
6.156397e-01 
6.155814e-01 
6.155814e-01 
6.155814e-01 
6.153000e-01 
6.153000e-01 
6.153000e-01 
6.153000e-01 
6.153000e-01 
6.153000e-01 
6.151262e-01 
6.129234e-01 
6.129234e-01 
6.129234e-01 
6.038793e-01 
6.038793e-01 
6.038793e-01 
6.038793e-01 
6.038793e-01 
6.038793e-01 
6.038793e-01 
6.038793e-01 
6.022718e-01 
6.017378e-01 
6.017378e-01 
6.017378e-01 
6.015952e-01 
6.015624e-01 
6.015624e-01 
6.015624e-01 
6.015624e-01 
6.015624e-01 
6.015373e-01 
6.015371e-01 
6.015371e-01 
6.014988e-01 
6.014988e-01 
6.014988e-01 
6.012043e-01 
6.010618e-01 
6.010580e-01 
6.010580e-01 
5.931544e-01 
5.895303e-01 
5.895303e-01 
5.881026e-01 
5.881026e-01 
5.881026e-01 
5.881026e-01 
5.881026e-01 
5.881026e-01 
5.881026e-01 
5.881026e-01 
5.881026e-01 
5.881026e-01 
5.881026e-01 
5.881026e-01 
5.881026e-01 
5.881026e-01 
5.881026e-01 
5.881026e-01 
5.881026e-01 
5.881026e-01 
5.881026e-01 
5.881026e-01 
5.881026e-01 
5.881026e-01 
5.881026e-01 
5.881026e-01 
5.881026e-01 
5.881026e-01 
5.881026e-01 
5.881026e-01 
5.881026e-01 
5.881026e-01 
5.881026e-01 
5.881026e-01 
5.881026e-01 
5.881026e-01 
5.881026e-01 
5.881026e-01 
5.881026e-01 
5.881026e-01 
5.881026e-01 
5.881026e-01 
5.881026e-01 
5.881026e-01 
5.881026e-01 
5.881026e-01 
5.881026e-01 
5.881026e-01 
5.881026e-01 
5.881026e-01 
5.881026e-01 
5.881026e-01 
5.881026e-01 
5.881026e-01 
5.881026e-01 
5.881026e-01 
5.881026e-01 
5.881026e-01 
5.881026e-01 
5.881026e-01 
5.881026e-01 
5.881026e-01 
5.881026e-01 
5.881026e-01 
5.881026e-01 
5.881026e-01 
5.881026e-01 
5.881026e-01 
5.881026e-01 
5.881026e-01 
5.881026e-01 
5.881026e-01 
5.881026e-01 
5.881026e-01 
5.881026e-01 
5.881026e-01 
5.881026e-01 
5.881026e-01 
5.881026e-01 
5.881026e-01 
5.871872e-01 
5.871872e-01 
5.871872e-01 
5.871872e-01 
5.871872e-01 
5.871872e-01 
5.871872e-01 
5.871872e-01 
5.871872e-01 
5.871872e-01 
5.871872e-01 
5.871872e-01 
5.871872e-01 
5.871872e-01 
5.871872e-01 
5.871872e-01 
5.871872e-01 
5.871872e-01 
5.871872e-01 
5.871872e-01 
5.871872e-01 
5.871872e-01 
5.871872e-01 
5.871872e-01 
5.871872e-01 
5.871872e-01 
5.871872e-01 
5.871872e-01 
5.871872e-01 
5.871872e-01 
5.871872e-01 
5.871872e-01 
5.871872e-01 
5.871872e-01 
5.871872e-01 
5.871872e-01 
5.871872e-01 
5.871872e-01 
5.871872e-01 
5.871872e-01 
5.871872e-01 
5.871872e-01 
5.871872e-01 
5.871872e-01 
5.871872e-01 
5.871872e-01 
5.871872e-01 
5.871872e-01 
5.871578e-01 
5.871578e-01 
5.871578e-01 
5.871578e-01 
5.871578e-01 
5.871578e-01 
5.871578e-01 
5.871578e-01 
5.871578e-01 
5.871578e-01 
5.871578e-01 
5.871578e-01 
5.871578e-01 
5.871578e-01 
5.871578e-01 
5.871578e-01 
5.871578e-01 
5.871578e-01 
5.871571e-01 
5.871571e-01 
5.871571e-01 
5.871571e-01 
5.871546e-01 
5.871546e-01 
5.871546e-01 
5.871494e-01 
5.871494e-01 
5.871494e-01 
5.871494e-01 
5.871494e-01 
5.871494e-01 
5.871494e-01 
5.871494e-01 
5.871494e-01 
5.871494e-01 
5.871494e-01 
5.871494e-01 
5.871494e-01 
5.871494e-01 
5.871494e-01 
5.871494e-01 
5.871494e-01 
5.871494e-01 
5.871494e-01 
5.871494e-01 
5.806897e-01 
5.804071e-01 
5.804071e-01 
5.804071e-01 
5.804071e-01 
5.804071e-01 
5.804071e-01 
5.794089e-01 
5.794089e-01 
5.794089e-01 
5.794089e-01 
5.794089e-01 
5.794089e-01 
5.794089e-01 
5.794089e-01 
5.794089e-01 
5.794089e-01 
5.794089e-01 
5.794089e-01 
5.794089e-01 
5.794089e-01 
5.794089e-01 
5.794089e-01 
5.794089e-01 
5.794089e-01 
5.794089e-01 
5.794089e-01 
5.794089e-01 
5.794089e-01 
5.794089e-01 
5.794089e-01 
5.794089e-01 
5.794089e-01 
5.794089e-01 
5.794089e-01 
5.794089e-01 
5.794089e-01 
5.794089e-01 
5.794089e-01 
5.794089e-01 
5.794089e-01 
5.794089e-01 
5.794089e-01 
5.794089e-01 
5.781666e-01 
5.774297e-01 
5.774297e-01 
5.774297e-01 
5.774297e-01 
5.774297e-01 
5.774297e-01 
5.774297e-01 
5.774297e-01 
5.774297e-01 
5.771335e-01 
5.771335e-01 
5.771335e-01 
5.771335e-01 
5.771335e-01 
5.771335e-01 
5.765248e-01 
5.765248e-01 
5.765248e-01 
5.765248e-01 
5.758449e-01 
5.758449e-01 
5.758449e-01 
5.758449e-01 
5.758449e-01 
5.758449e-01 
5.744760e-01 
5.744760e-01 
5.744760e-01 
5.744760e-01 
5.744760e-01 
5.744760e-01 
5.744760e-01 
5.744760e-01 
5.744760e-01 
5.744760e-01 
5.744760e-01 
5.744760e-01 
5.744760e-01 
5.744760e-01 
5.744760e-01 
5.744760e-01 
5.744760e-01 
5.744760e-01 
5.744760e-01 
5.744760e-01 
5.744760e-01 
5.744760e-01 
5.744760e-01 
5.744760e-01 
5.744760e-01 
5.744760e-01 
5.744760e-01 
5.744368e-01 
5.744368e-01 
5.744368e-01 
5.744368e-01 
5.744368e-01 
5.744368e-01 
5.744368e-01 
5.744368e-01 
5.744368e-01 
5.744368e-01 
5.744368e-01 
5.744368e-01 
5.744368e-01 
5.744368e-01 
5.744368e-01 
5.744368e-01 
5.744368e-01 
5.744368e-01 
5.744368e-01 
5.744368e-01 
5.744368e-01 
5.744368e-01 
5.744368e-01 
5.744368e-01 
5.744368e-01 
5.744368e-01 
5.744368e-01 
5.744368e-01 
5.744368e-01 
5.744368e-01 
5.744368e-01 
5.744368e-01 
5.744368e-01 
5.744368e-01 
5.744368e-01 
5.744368e-01 
5.744368e-01 
5.744368e-01 
5.744368e-01 
5.744368e-01 
5.744368e-01 
5.744368e-01 
5.744368e-01 
5.744368e-01 
5.744368e-01 
5.744368e-01 
5.744368e-01 
5.744368e-01 
5.744368e-01 
5.744368e-01 
5.744368e-01 
5.744368e-01 
5.744368e-01 
5.744368e-01 
5.744368e-01 
5.744368e-01 
5.744368e-01 
5.744368e-01 
5.744368e-01 
5.744368e-01 
5.744368e-01 
5.744368e-01 
5.744368e-01 
5.744368e-01 
5.744368e-01 
5.744368e-01 
5.744368e-01 
5.744368e-01 
5.744368e-01 
5.744368e-01 
5.744368e-01 
5.744368e-01 
5.744368e-01 
5.744368e-01 
5.744368e-01 
5.744368e-01 
5.744368e-01 
5.744368e-01 
5.744368e-01 
5.744368e-01 
5.744368e-01 
5.744368e-01 
5.744368e-01 
5.744368e-01 
5.744368e-01 
5.744368e-01 
5.744368e-01 
5.744368e-01 
5.744368e-01 
5.744368e-01 
5.744368e-01 
5.744368e-01 
5.744368e-01 
5.744368e-01 
5.744368e-01 
5.744368e-01 
5.744368e-01 
5.744368e-01 
5.744368e-01 
5.744368e-01 
5.744368e-01 
5.744368e-01 
5.744368e-01 
5.744368e-01 
5.744368e-01 
5.744368e-01 
5.744368e-01 
5.744368e-01 
5.744368e-01 
5.743682e-01 
5.743682e-01 
5.743682e-01 
5.743682e-01 
5.743010e-01 
5.743010e-01 
5.743010e-01 
5.742499e-01 
5.742499e-01 
5.742499e-01 
5.742499e-01 
5.742499e-01 
5.742499e-01 
5.742499e-01 
5.742499e-01 
5.742069e-01 
5.742069e-01 
5.742069e-01 
5.742069e-01 
5.742038e-01 
5.742038e-01 
5.742038e-01 
5.742038e-01 
5.742038e-01 
5.742038e-01 
5.742038e-01 
5.742038e-01 
5.742038e-01 
5.742038e-01 
5.742038e-01 
5.742038e-01 
5.742038e-01 
5.742038e-01 
5.742038e-01 
5.742038e-01 
5.742038e-01 
5.742038e-01 
5.742038e-01 
5.742038e-01 
5.742038e-01 
5.742038e-01 
5.742038e-01 
5.742038e-01 
5.742038e-01 
5.742038e-01 
5.742038e-01 
5.742038e-01 
5.742038e-01 
5.742038e-01 
5.742038e-01 
5.742038e-01 
5.742038e-01 
5.742038e-01 
5.742038e-01 
5.742038e-01 
5.742038e-01 
5.742038e-01 
5.742038e-01 
5.742038e-01 
5.742038e-01 
5.742038e-01 
5.742038e-01 
5.742038e-01 
5.742027e-01 
5.742027e-01 
5.742027e-01 
5.742027e-01 
5.742027e-01 
5.742014e-01 
5.742014e-01 
5.742014e-01 
5.742014e-01 
5.742014e-01 
5.742014e-01 
5.742007e-01 
5.742007e-01 
5.742007e-01 
5.742007e-01 
5.742007e-01 
5.742007e-01 
5.742007e-01 
5.742006e-01 
5.742006e-01 
5.742005e-01 
5.742005e-01 
5.742005e-01 
5.742005e-01 
5.742005e-01 
5.741999e-01 
5.741999e-01 
5.741999e-01 
5.741999e-01 
5.741999e-01 
5.741999e-01 
5.741999e-01 
5.741999e-01 
5.741999e-01 
5.741999e-01 
5.741999e-01 
5.741999e-01 
5.741999e-01 
5.741999e-01 
5.741999e-01 
5.741999e-01 
5.741999e-01 
5.741999e-01 
5.741999e-01 
5.741999e-01 
5.741999e-01 
5.741999e-01 
5.741999e-01 
5.741999e-01 
5.741999e-01 
5.741999e-01 
5.741999e-01 
5.741999e-01 
5.741999e-01 
5.741999e-01 
5.741999e-01 
5.741999e-01 
5.741999e-01 
5.741999e-01 
5.741999e-01 
5.741999e-01 
5.741999e-01 
5.741999e-01 
5.741999e-01 
5.741999e-01 
5.741999e-01 
5.741999e-01 
5.741999e-01 
5.741999e-01 
5.741999e-01 
5.741999e-01 
5.741999e-01 
5.741999e-01 
5.741885e-01 
5.741885e-01 
5.741885e-01 
5.741885e-01 
5.741885e-01 
5.741885e-01 
5.741885e-01 
5.741885e-01 
5.741885e-01 
5.741885e-01 
5.741885e-01 
5.735295e-01 
5.735295e-01 
5.735295e-01 
5.735295e-01 
5.735295e-01 
5.735295e-01 
5.735295e-01 
5.735295e-01 
5.735295e-01 
5.735193e-01 
5.734948e-01 
5.734948e-01 
5.734303e-01 
5.733741e-01 
5.733741e-01 
5.733741e-01 
5.733741e-01 
5.733453e-01 
5.733439e-01 
5.733439e-01 
5.733439e-01 
5.733394e-01 
5.733330e-01 
5.733330e-01 
5.733330e-01 
5.733269e-01 
5.733178e-01 
5.733124e-01 
5.733091e-01 
5.733071e-01 
5.733057e-01 
5.730180e-01 
5.730180e-01 
5.730180e-01 
5.730180e-01 
5.730180e-01 
5.730180e-01 
5.730180e-01 
5.730180e-01 
5.730180e-01 
5.730180e-01 
5.730180e-01 
5.730180e-01 
5.730180e-01 
5.730180e-01 
5.730180e-01 
5.730180e-01 
5.730180e-01 
5.730180e-01 
5.727749e-01 
5.727749e-01 
5.726107e-01 
5.726107e-01 
5.726107e-01 
5.726107e-01 
5.722017e-01 
5.722017e-01 
5.722017e-01 
5.719753e-01 
5.719753e-01 
5.719753e-01 
5.719753e-01 
5.718942e-01 
5.718942e-01 
5.718942e-01 
5.718942e-01 
5.718942e-01 
5.718942e-01 
5.718942e-01 
5.718942e-01 
5.718942e-01 
5.718942e-01 
5.718942e-01 
5.718884e-01 
5.717470e-01 
5.717340e-01 
5.717340e-01 
5.717340e-01 
5.717340e-01 
5.717247e-01 
5.717247e-01 
5.717247e-01 
5.717247e-01 
5.717247e-01 
5.717247e-01 
5.717193e-01 
5.717193e-01 
5.717193e-01 
5.717193e-01 
5.717193e-01 
5.717193e-01 
5.717193e-01 
5.717193e-01 
5.717193e-01 
5.717193e-01 
5.717193e-01 
5.717193e-01 
5.717193e-01 
5.717193e-01 
5.717193e-01 
5.717193e-01 
5.717193e-01 
5.717193e-01 
5.717193e-01 
5.717193e-01 
5.717193e-01 
5.717193e-01 
5.717181e-01 
5.717181e-01 
5.717181e-01 
5.717181e-01 
5.717181e-01 
5.717181e-01 
5.717181e-01 
5.717181e-01 
5.717181e-01 
5.717181e-01 
5.717181e-01 
5.717181e-01 
5.717181e-01 
5.717181e-01 
5.717181e-01 
5.717181e-01 
5.717181e-01 
5.717180e-01 
5.717180e-01 
5.717180e-01 
5.717180e-01 
5.717180e-01 
5.717180e-01 
5.717180e-01 
5.717180e-01 
5.717180e-01 
5.717179e-01 
5.717179e-01 
5.717172e-01 
5.717172e-01 
5.717163e-01 
5.717163e-01 
5.717163e-01 
5.717163e-01 
5.717162e-01 
5.717162e-01 
5.717162e-01 
5.717162e-01 
5.717162e-01 
5.717162e-01 
5.717162e-01 
5.717162e-01 
5.717162e-01 
5.717162e-01 
5.717162e-01 
5.717162e-01 
5.717162e-01 
5.717162e-01 
5.717162e-01 
5.717162e-01 
5.717162e-01 
5.717162e-01 
5.717161e-01 
5.717161e-01 
5.717161e-01 
5.717161e-01 
5.717161e-01 
5.717161e-01 
5.717161e-01 
5.717161e-01 
5.717161e-01 
5.717161e-01 
5.717161e-01 
5.717161e-01 
5.717161e-01 
5.717161e-01 
5.717161e-01 
5.711606e-01 
5.711606e-01 
5.710574e-01 
5.710574e-01 
5.710574e-01 
5.710574e-01 
5.710574e-01 
5.710574e-01 
4.918435e-01 
4.918435e-01 
4.918435e-01 
4.918435e-01 
4.918435e-01 
4.918435e-01 
4.918435e-01 
4.918435e-01 
4.918435e-01 
4.918435e-01 
4.918435e-01 
4.918435e-01 
4.918435e-01 
4.918435e-01 
4.918435e-01 
4.918435e-01 
4.918435e-01 
4.918435e-01 
4.918435e-01 
4.918435e-01 
4.918435e-01 
4.710217e-01 
4.710217e-01 
4.710217e-01 
4.710217e-01 
4.710217e-01 
4.710217e-01 
4.710217e-01 
4.710217e-01 
4.710217e-01 
4.710217e-01 
4.710217e-01 
4.710217e-01 
4.710217e-01 
4.710217e-01 
4.710217e-01 
4.710217e-01 
4.459309e-01 
4.459309e-01 
4.459309e-01 
4.459309e-01 
4.322975e-01 
4.322975e-01 
4.322975e-01 
4.322975e-01 
4.322975e-01 
4.322975e-01 
4.322975e-01 
4.322975e-01 
4.322975e-01 
4.322975e-01 
4.322975e-01 
4.322975e-01 
4.322975e-01 
4.322975e-01 
4.322975e-01 
4.322975e-01 
4.322975e-01 
4.322975e-01 
4.322975e-01 
4.322975e-01 
4.322975e-01 
4.322975e-01 
4.322975e-01 
4.322975e-01 
4.259594e-01 
4.259594e-01 
4.259594e-01 
4.259594e-01 
4.259594e-01 
4.259594e-01 
4.259594e-01 
4.259594e-01 
4.259594e-01 
4.259594e-01 
4.259594e-01 
4.259594e-01 
4.259594e-01 
4.259594e-01 
4.259594e-01 
4.259594e-01 
4.259594e-01 
4.255330e-01 
4.255330e-01 
4.054339e-01 
4.054339e-01 
4.054339e-01 
4.054339e-01 
4.054339e-01 
4.054339e-01 
4.054339e-01 
4.054339e-01 
4.054339e-01 
4.054339e-01 
4.054339e-01 
3.959858e-01 
3.959858e-01 
3.959858e-01 
3.959858e-01 
3.959858e-01 
3.959858e-01 
3.959858e-01 
3.959858e-01 
3.959858e-01 
3.959858e-01 
3.959858e-01 
3.891275e-01 
3.891275e-01 
3.891275e-01 
3.891275e-01 
3.891275e-01 
3.891275e-01 
3.891275e-01 
3.891275e-01 
3.891275e-01 
3.891275e-01 
3.891275e-01 
3.891275e-01 
3.891275e-01 
3.891275e-01 
3.891275e-01 
3.891275e-01 
3.888344e-01 
3.888344e-01 
3.888344e-01 
3.888344e-01 
3.873808e-01 
3.873808e-01 
3.873808e-01 
3.873808e-01 
3.873808e-01 
3.873808e-01 
3.873808e-01 
3.873808e-01 
3.873808e-01 
3.791005e-01 
3.791005e-01 
3.791005e-01 
3.791005e-01 
3.791005e-01 
3.783448e-01 
3.783448e-01 
3.783448e-01 
3.783448e-01 
3.783448e-01 
3.783448e-01 
3.771285e-01 
3.771285e-01 
3.771285e-01 
3.771285e-01 
3.771285e-01 
3.771285e-01 
3.771285e-01 
3.771285e-01 
3.771285e-01 
3.771285e-01 
3.771285e-01 
3.771285e-01 
3.771285e-01 
3.771285e-01 
3.771285e-01 
3.771285e-01 
3.771285e-01 
3.771285e-01 
3.771285e-01 
3.771285e-01 
3.771285e-01 
3.771285e-01 
3.771285e-01 
3.769415e-01 
3.769415e-01 
3.769415e-01 
3.769415e-01 
3.769415e-01 
3.766053e-01 
3.766053e-01 
3.766053e-01 
3.766053e-01 
3.766053e-01 
3.765150e-01 
3.765150e-01 
3.765150e-01 
3.765150e-01 
3.765150e-01 
3.765150e-01 
3.765150e-01 
3.765150e-01 
3.765150e-01 
3.765150e-01 
3.765150e-01 
3.765150e-01 
3.765150e-01 
3.765150e-01 
3.765150e-01 
3.765150e-01 
3.765150e-01 
3.765150e-01 
3.765150e-01 
3.765150e-01 
3.765150e-01 
3.765150e-01 
3.764897e-01 
3.764897e-01 
3.763603e-01 
3.763603e-01 
3.763603e-01 
3.763603e-01 
3.763603e-01 
3.763603e-01 
3.763603e-01 
3.763603e-01 
3.763603e-01 
3.763603e-01 
3.763603e-01 
3.763603e-01 
3.763603e-01 
3.763603e-01 
3.763603e-01 
3.763603e-01 
3.763603e-01 
3.763603e-01 
3.763603e-01 
3.763603e-01 
3.763603e-01 
3.763603e-01 
3.763603e-01 
3.763427e-01 
3.762289e-01 
3.762289e-01 
3.762289e-01 
3.762289e-01 
3.762289e-01 
3.762289e-01 
3.762289e-01 
3.762289e-01 
3.762289e-01 
3.762289e-01 
3.762289e-01 
3.762289e-01 
3.762289e-01 
3.762289e-01 
3.762289e-01 
3.762289e-01 
3.762289e-01 
3.762283e-01 
3.762283e-01 
3.762271e-01 
3.761877e-01 
3.761877e-01 
3.761877e-01 
3.761849e-01 
3.761849e-01 
3.761849e-01 
3.761849e-01 
3.761849e-01 
3.761849e-01 
3.761849e-01 
3.761849e-01 
3.761849e-01 
3.761809e-01 
3.761809e-01 
3.761809e-01 
3.761809e-01 
3.761809e-01 
3.761809e-01 
3.761809e-01 
3.761809e-01 
3.761809e-01 
3.761809e-01 
3.761809e-01 
3.761809e-01 
3.761809e-01 
3.761809e-01 
3.761809e-01 
3.761809e-01 
3.761809e-01 
3.761809e-01 
3.761809e-01 
3.761809e-01 
3.761809e-01 
3.761809e-01 
3.761809e-01 
3.761809e-01 
3.761809e-01 
3.761809e-01 
3.761809e-01 
3.761809e-01 
3.761809e-01 
3.761809e-01 
3.761809e-01 
3.761809e-01 
3.761809e-01 
3.761809e-01 
3.761809e-01 
3.761809e-01 
3.761809e-01 
3.761809e-01 
3.761809e-01 
3.761809e-01 
3.761804e-01 
3.761804e-01 
3.761804e-01 
3.761803e-01 
3.761803e-01 
3.761803e-01 
3.761803e-01 
3.761803e-01 
3.761803e-01 
3.761784e-01 
3.761784e-01 
3.761784e-01 
3.761784e-01 
3.761780e-01 
3.761780e-01 
3.761780e-01 
3.761780e-01 
3.761780e-01 
3.761780e-01 
3.761780e-01 
3.761780e-01 
3.761780e-01 
3.761780e-01 
3.761780e-01 
3.761780e-01 
3.761780e-01 
3.761780e-01 
3.761780e-01 
3.761780e-01 
3.761780e-01 
3.761780e-01 
3.761780e-01 
3.761780e-01 
3.761780e-01 
3.761780e-01 
3.761780e-01 
3.761780e-01 
3.761780e-01 
3.761780e-01 
3.761780e-01 
3.761780e-01 
3.761780e-01 
3.761780e-01 
3.761780e-01 
3.761780e-01 
3.761780e-01 
3.761780e-01 
3.761780e-01 
3.761779e-01 
3.761779e-01 
3.761779e-01 
3.761779e-01 
3.761779e-01 
3.761779e-01 
3.761779e-01 
3.761779e-01 
3.761779e-01 
3.761779e-01 
3.761778e-01 
3.761778e-01 
3.761778e-01 
3.761778e-01 
3.761778e-01 
3.761778e-01 
3.761778e-01 
3.761778e-01 
3.761778e-01 
3.761778e-01 
3.761778e-01 
3.761778e-01 
3.761778e-01 
3.761778e-01 
3.761778e-01 
3.761778e-01 
3.761778e-01 
3.761778e-01 
3.761778e-01 
3.761778e-01 
3.761778e-01 
3.761778e-01 
3.761778e-01 
3.761778e-01 
3.761778e-01 
3.761778e-01 
3.761778e-01 
3.761778e-01 
3.761778e-01 
3.761778e-01 
3.761778e-01 
3.761778e-01 
3.761778e-01 
3.761778e-01 
3.755628e-01 
3.739817e-01 
3.739817e-01 
3.739817e-01 
3.714128e-01 
3.693207e-01 
3.684553e-01 
3.681340e-01 
3.680362e-01 
3.680231e-01 
3.680231e-01 
3.680149e-01 
3.680149e-01 
3.670988e-01 
3.670988e-01 
3.670988e-01 
3.670988e-01 
3.670988e-01 
3.655155e-01 
3.655155e-01 
3.655155e-01 
3.655155e-01 
3.655155e-01 
3.655155e-01 
3.655155e-01 
3.655155e-01 
3.655155e-01 
3.655155e-01 
3.655155e-01 
3.655155e-01 
3.655155e-01 
3.655155e-01 
3.655155e-01 
3.655155e-01 
3.655155e-01 
3.655155e-01 
3.655155e-01 
3.655155e-01 
3.655155e-01 
3.655155e-01 
3.652399e-01 
3.652399e-01 
3.652399e-01 
3.652399e-01 
3.652399e-01 
3.652399e-01 
3.652399e-01 
3.652399e-01 
3.652399e-01 
3.652399e-01 
3.652399e-01 
3.625478e-01 
3.625478e-01 
3.625478e-01 
3.625478e-01 
3.625478e-01 
3.625478e-01 
3.625478e-01 
3.625478e-01 
3.625478e-01 
3.625478e-01 
3.625478e-01 
3.625478e-01 
3.625478e-01 
3.618516e-01 
3.604442e-01 
3.604442e-01 
3.604442e-01 
3.604442e-01 
3.604442e-01 
3.604442e-01 
3.604442e-01 
3.604442e-01 
3.604442e-01 
3.604442e-01 
3.604442e-01 
3.604442e-01 
3.604442e-01 
3.604442e-01 
3.604442e-01 
3.604442e-01 
3.604442e-01 
3.604442e-01 
3.604442e-01 
3.604442e-01 
3.604442e-01 
3.604442e-01 
3.604442e-01 
3.604442e-01 
3.604442e-01 
3.604442e-01 
3.604442e-01 
3.604442e-01 
3.604442e-01 
3.604442e-01 
3.604442e-01 
3.604442e-01 
3.604442e-01 
3.604442e-01 
3.604442e-01 
3.604442e-01 
3.604442e-01 
3.604442e-01 
3.604442e-01 
3.604442e-01 
3.604442e-01 
3.604442e-01 
3.604442e-01 
3.604442e-01 
3.604442e-01 
3.604442e-01 
3.604442e-01 
3.604442e-01 
3.604442e-01 
3.604442e-01 
3.604442e-01 
3.604442e-01 
3.604442e-01 
3.604442e-01 
3.604442e-01 
3.597770e-01 
3.597770e-01 
3.597770e-01 
3.597770e-01 
3.597770e-01 
3.597770e-01 
3.597770e-01 
3.597770e-01 
3.597770e-01 
3.597770e-01 
3.597770e-01 
3.597770e-01 
3.597770e-01 
3.597770e-01 
3.597770e-01 
3.597770e-01 
3.597770e-01 
3.597770e-01 
3.597770e-01 
3.597770e-01 
3.597770e-01 
3.597770e-01 
3.569500e-01 
3.567806e-01 
3.458557e-01 
3.458557e-01 
3.458557e-01 
3.458557e-01 
3.458557e-01 
3.458557e-01 
3.458557e-01 
3.458557e-01 
3.458557e-01 
3.443129e-01 
3.443129e-01 
3.404398e-01 
3.404398e-01 
3.404398e-01 
3.404398e-01 
3.404398e-01 
3.404398e-01 
3.404398e-01 
3.404398e-01 
3.404398e-01 
3.404398e-01 
3.404398e-01 
3.404398e-01 
3.404398e-01 
3.404398e-01 
3.404398e-01 
3.404398e-01 
3.404398e-01 
3.404398e-01 
3.404398e-01 
3.404398e-01 
3.404398e-01 
3.404398e-01 
3.404398e-01 
3.404398e-01 
3.404398e-01 
3.404398e-01 
3.404398e-01 
3.404398e-01 
3.404398e-01 
3.404398e-01 
3.404398e-01 
3.404398e-01 
3.404398e-01 
3.404398e-01 
3.404398e-01 
3.404398e-01 
3.404398e-01 
3.404398e-01 
3.404398e-01 
3.404398e-01 
3.404398e-01 
3.404398e-01 
3.404398e-01 
3.404398e-01 
3.404398e-01 
3.404398e-01 
3.404398e-01 
3.404398e-01 
3.404398e-01 
3.404398e-01 
3.404398e-01 
3.404398e-01 
3.404398e-01 
3.404398e-01 
3.404398e-01 
3.404398e-01 
3.404398e-01 
3.404398e-01 
3.404398e-01 
3.404398e-01 
3.404398e-01 
3.404398e-01 
3.399413e-01 
3.399413e-01 
3.399413e-01 
3.399413e-01 
3.399413e-01 
3.399413e-01 
3.399413e-01 
3.399413e-01 
3.399413e-01 
3.399413e-01 
3.399413e-01 
3.399413e-01 
3.399413e-01 
3.399413e-01 
3.399413e-01 
3.399413e-01 
3.399413e-01 
3.399413e-01 
3.397638e-01 
3.397638e-01 
3.397638e-01 
3.397638e-01 
3.397638e-01 
3.397638e-01 
3.397638e-01 
3.397638e-01 
3.397638e-01 
3.397638e-01 
3.397638e-01 
3.397638e-01 
3.397638e-01 
3.397638e-01 
3.397638e-01 
3.397638e-01 
3.397638e-01 
3.397638e-01 
3.397638e-01 
3.397638e-01 
3.397638e-01 
3.397638e-01 
3.397638e-01 
3.397638e-01 
3.397638e-01 
3.397638e-01 
3.397638e-01 
3.397638e-01 
3.397638e-01 
3.397638e-01 
3.397638e-01 
3.397638e-01 
3.397638e-01 
3.397638e-01 
3.397638e-01 
3.397638e-01 
3.397638e-01 
3.397638e-01 
3.397638e-01 
3.397638e-01 
3.397638e-01 
3.397638e-01 
3.397638e-01 
3.397638e-01 
3.397638e-01 
3.397638e-01 
3.397638e-01 
3.397638e-01 
3.397638e-01 
3.397638e-01 
3.397638e-01 
3.397638e-01 
3.397638e-01 
3.397638e-01 
3.397638e-01 
3.397638e-01 
3.397638e-01 
3.397638e-01 
3.396104e-01 
3.396104e-01 
3.396104e-01 
3.396104e-01 
3.396104e-01 
3.396104e-01 
3.396104e-01 
3.396104e-01 
3.396090e-01 
3.396090e-01 
3.396090e-01 
3.396090e-01 
3.396090e-01 
3.396090e-01 
3.396090e-01 
3.396090e-01 
3.396090e-01 
3.396090e-01 
3.396090e-01 
3.396090e-01 
3.396090e-01 
3.396090e-01 
3.396090e-01 
3.396090e-01 
3.396090e-01 
3.396090e-01 
3.396090e-01 
3.396090e-01 
3.396090e-01 
3.395999e-01 
3.395999e-01 
3.395999e-01 
3.395999e-01 
3.395992e-01 
3.395991e-01 
3.395991e-01 
3.395991e-01 
3.395991e-01 
3.395991e-01 
3.395991e-01 
3.395991e-01 
3.395991e-01 
3.395991e-01 
3.395991e-01 
3.395581e-01 
3.395581e-01 
3.395581e-01 
3.395581e-01 
3.395581e-01 
3.395581e-01 
3.395581e-01 
3.395581e-01 
3.395581e-01 
3.395581e-01 
3.395581e-01 
3.395581e-01 
3.395581e-01 
3.395581e-01 
3.395581e-01 
3.395581e-01 
3.395581e-01 
3.395581e-01 
3.395581e-01 
3.395581e-01 
3.395572e-01 
3.395572e-01 
3.395572e-01 
3.395572e-01 
3.395572e-01 
3.395560e-01 
3.395560e-01 
3.395560e-01 
3.395560e-01 
3.395560e-01 
3.395560e-01 
3.395554e-01 
3.395554e-01 
3.395554e-01 
3.395539e-01 
3.395539e-01 
3.395539e-01 
3.395525e-01 
3.395525e-01 
3.395525e-01 
3.395525e-01 
3.395525e-01 
3.395525e-01 
3.395525e-01 
3.395525e-01 
3.395525e-01 
3.395525e-01 
3.395525e-01 
3.395525e-01 
3.395525e-01 
3.395525e-01 
3.395525e-01 
3.395525e-01 
3.395525e-01 
3.395525e-01 
3.395525e-01 
3.395525e-01 
3.395525e-01 
3.395525e-01 
3.395525e-01 
3.395525e-01 
3.395525e-01 
3.395525e-01 
3.395525e-01 
3.395525e-01 
3.395525e-01 
3.395525e-01 
3.395525e-01 
3.395525e-01 
3.395525e-01 
3.395525e-01 
3.395525e-01 
3.395525e-01 
3.395525e-01 
3.395525e-01 
3.395525e-01 
3.395525e-01 
3.395525e-01 
3.395525e-01 
3.395525e-01 
3.395525e-01 
3.395525e-01 
3.395525e-01 
3.395525e-01 
3.395525e-01 
3.394630e-01 
3.394630e-01 
3.394630e-01 
3.394625e-01 
3.394625e-01 
3.394625e-01 
3.394625e-01 
3.394625e-01 
3.363283e-01 
3.363283e-01 
3.363283e-01 
3.363283e-01 
3.363283e-01 
3.363283e-01 
3.363283e-01 
3.363283e-01 
3.363283e-01 
3.363283e-01 
3.363283e-01 
3.363283e-01 
3.363283e-01 
3.363283e-01 
3.363283e-01 
3.363283e-01 
3.363283e-01 
3.363283e-01 
3.336519e-01 
3.336519e-01 
3.336519e-01 
3.336519e-01 
3.336519e-01 
3.336519e-01 
3.336519e-01 
3.336519e-01 
3.336519e-01 
3.336519e-01 
3.336519e-01 
3.336519e-01 
3.336519e-01 
3.336519e-01 
3.336519e-01 
3.336519e-01 
3.328866e-01 
3.328866e-01 
3.328866e-01 
3.328866e-01 
3.328866e-01 
3.328866e-01 
3.328866e-01 
3.328866e-01 
3.328866e-01 
3.328866e-01 
3.328866e-01 
3.328866e-01 
3.328866e-01 
3.328866e-01 
3.328866e-01 
3.328866e-01 
3.328866e-01 
3.328866e-01 
3.328866e-01 
3.328866e-01 
3.328866e-01 
3.328866e-01 
3.328866e-01 
3.328866e-01 
3.328866e-01 
3.328866e-01 
3.328866e-01 
3.328866e-01 
3.328866e-01 
3.328866e-01 
3.318718e-01 
3.318718e-01 
3.318718e-01 
3.318718e-01 
3.318718e-01 
3.318718e-01 
3.318718e-01 
3.318718e-01 
3.318718e-01 
3.318718e-01 
3.318718e-01 
3.318718e-01 
3.318718e-01 
3.318718e-01 
3.313751e-01 
3.313751e-01 
3.313751e-01 
3.313751e-01 
3.313751e-01 
3.307110e-01 
3.307110e-01 
3.307110e-01 
3.306870e-01 
3.306625e-01 
3.306428e-01 
3.306275e-01 
3.306163e-01 
3.306082e-01 
3.306027e-01 
3.305990e-01 
3.305965e-01 
3.305949e-01 
3.305938e-01 
3.305931e-01 
3.305927e-01 
3.305924e-01 
3.305922e-01 
3.305921e-01 
3.305920e-01 
3.305920e-01 
3.305920e-01 
3.300970e-01 
3.300970e-01 
3.300970e-01 
3.300970e-01 
3.300970e-01 
3.300970e-01 
3.300970e-01 
3.285556e-01 
3.285556e-01 
3.285556e-01 
3.285556e-01 
3.285556e-01 
3.285556e-01 
3.285556e-01 
3.285556e-01 
3.285556e-01 
3.285556e-01 
3.285556e-01 
3.285556e-01 
3.285556e-01 
3.285556e-01 
3.285556e-01 
3.285556e-01 
3.285556e-01 
3.285556e-01 
3.285556e-01 
3.285556e-01 
3.279309e-01 
3.279309e-01 
3.279309e-01 
3.279309e-01 
3.279309e-01 
3.279309e-01 
3.279309e-01 
3.279309e-01 
3.279309e-01 
3.276453e-01 
3.276453e-01 
3.276453e-01 
3.276453e-01 
3.276453e-01 
3.272358e-01 
3.272358e-01 
3.270741e-01 
3.270741e-01 
3.270741e-01 
3.270741e-01 
3.270741e-01 
3.270741e-01 
3.269475e-01 
3.269475e-01 
3.269475e-01 
3.269475e-01 
3.269475e-01 
3.269475e-01 
3.269475e-01 
3.269475e-01 
3.269475e-01 
3.269475e-01 
3.269236e-01 
3.269236e-01 
3.269236e-01 
3.268649e-01 
3.268649e-01 
3.268649e-01 
3.268649e-01 
3.268649e-01 
3.268649e-01 
3.268649e-01 
3.268188e-01 
3.268188e-01 
3.268188e-01 
3.268188e-01 
3.268188e-01 
3.268188e-01 
3.268188e-01 
3.268188e-01 
3.268188e-01 
3.268188e-01 
3.268188e-01 
3.268188e-01 
3.268188e-01 
3.268188e-01 
3.268188e-01 
3.268188e-01 
3.268188e-01 
3.268188e-01 
3.268188e-01 
3.268188e-01 
3.268188e-01 
3.268188e-01 
3.268188e-01 
3.268188e-01 
3.268188e-01 
3.268188e-01 
3.268188e-01 
3.268188e-01 
3.268188e-01 
3.268188e-01 
3.268188e-01 
3.268181e-01 
3.268181e-01 
3.268181e-01 
3.268181e-01 
3.268181e-01 
3.268181e-01 
3.268181e-01 
3.268181e-01 
3.268181e-01 
3.268181e-01 
3.268181e-01 
3.268181e-01 
3.268181e-01 
3.268181e-01 
3.268060e-01 
3.268060e-01 
3.268060e-01 
3.268060e-01 
3.268054e-01 
3.268054e-01 
3.268054e-01 
3.268054e-01 
3.268054e-01 
3.268054e-01 
3.268054e-01 
3.268054e-01 
3.268054e-01 
3.268054e-01 
3.268054e-01 
3.268054e-01 
3.268054e-01 
3.268054e-01 
3.268054e-01 
3.268054e-01 
3.268036e-01 
3.268036e-01 
3.268036e-01 
3.268036e-01 
3.268036e-01 
3.268036e-01 
3.268036e-01 
3.268036e-01 
3.268036e-01 
3.268036e-01 
3.268036e-01 
3.268036e-01 
3.268036e-01 
3.268036e-01 
3.268036e-01 
3.268036e-01 
3.268036e-01 
3.268036e-01 
3.268036e-01 
3.268036e-01 
3.268036e-01 
3.268036e-01 
3.268036e-01 
3.268036e-01 
3.268036e-01 
3.268036e-01 
3.268036e-01 
3.268036e-01 
3.268036e-01 
3.268036e-01 
3.268036e-01 
3.268036e-01 
3.268036e-01 
3.268036e-01 
3.268036e-01 
3.268036e-01 
3.268036e-01 
3.268036e-01 
3.268036e-01 
3.268036e-01 
3.263516e-01 
3.263516e-01 
3.263516e-01 
3.263516e-01 
3.263516e-01 
3.263516e-01 
3.263516e-01 
3.263516e-01 
3.263516e-01 
3.263516e-01 
3.263516e-01 
3.263516e-01 
3.263516e-01 
3.263516e-01 
3.263516e-01 
3.263516e-01 
3.263516e-01 
3.263516e-01 
3.263516e-01 
3.263516e-01 
3.263516e-01 
3.263516e-01 
3.263516e-01 
3.263516e-01 
3.263516e-01 
3.263516e-01 
3.263516e-01 
3.263516e-01 
3.263516e-01 
3.263516e-01 
3.263516e-01 
3.263516e-01 
3.263516e-01 
3.263516e-01 
3.263516e-01 
3.263516e-01 
3.263516e-01 
3.263516e-01 
3.263516e-01 
3.263516e-01 
3.263516e-01 
3.263516e-01 
3.263516e-01 
3.263516e-01 
3.263516e-01 
3.263516e-01 
3.263516e-01 
3.263516e-01 
3.263516e-01 
3.263516e-01 
3.263516e-01 
3.263516e-01 
3.263516e-01 
3.263516e-01 
3.263516e-01 
3.263516e-01 
3.263516e-01 
3.263516e-01 
3.263516e-01 
3.263516e-01 
3.263516e-01 
3.263516e-01 
3.263516e-01 
3.263516e-01 
3.263516e-01 
3.263516e-01 
3.263516e-01 
3.263516e-01 
3.262780e-01 
3.262780e-01 
3.262741e-01 
3.262741e-01 
3.262741e-01 
3.262741e-01 
3.262741e-01 
3.262741e-01 
3.262741e-01 
3.261758e-01 
3.261758e-01 
3.261758e-01 
3.261758e-01 
3.261435e-01 
3.261435e-01 
3.261435e-01 
3.261435e-01 
3.261435e-01 
3.261435e-01 
3.261435e-01 
3.261435e-01 
3.261435e-01 
3.261435e-01 
3.261435e-01 
3.261435e-01 
3.261435e-01 
3.261435e-01 
3.261435e-01 
3.261435e-01 
3.261435e-01 
3.261435e-01 
3.261435e-01 
3.261435e-01 
3.261435e-01 
3.261435e-01 
3.261435e-01 
3.261435e-01 
3.261435e-01 
3.261435e-01 
3.261435e-01 
3.261435e-01 
3.261435e-01 
3.261435e-01 
3.261435e-01 
3.261435e-01 
3.261435e-01 
3.261400e-01 
3.261382e-01 
3.261382e-01 
3.261358e-01 
3.261358e-01 
3.261358e-01 
3.261358e-01 
3.261358e-01 
3.261358e-01 
3.261358e-01 
3.261354e-01 
3.261354e-01 
3.261323e-01 
3.261323e-01 
3.261323e-01 
3.261323e-01 
3.261323e-01 
3.261323e-01 
3.261323e-01 
3.261323e-01 
3.261323e-01 
3.261323e-01 
3.261323e-01 
3.261323e-01 
3.261323e-01 
3.261323e-01 
3.261323e-01 
3.261323e-01 
3.261323e-01 
3.261323e-01 
3.261323e-01 
3.261323e-01 
3.261323e-01 
3.261323e-01 
3.261323e-01 
3.261323e-01 
3.261323e-01 
3.261323e-01 
3.261323e-01 
3.261323e-01 
3.261323e-01 
3.261323e-01 
3.261323e-01 
3.261323e-01 
3.261323e-01 
3.261323e-01 
3.261323e-01 
3.261323e-01 
3.261323e-01 
3.261323e-01 
3.261321e-01 
3.261321e-01 
3.261321e-01 
3.261321e-01 
3.261320e-01 
3.261314e-01 
3.261314e-01 
3.261314e-01 
3.261314e-01 
3.261314e-01 
3.261314e-01 
3.261314e-01 
3.261314e-01 
3.261314e-01 
3.261314e-01 
3.261314e-01 
3.261314e-01 
3.261314e-01 
3.261314e-01 
3.261314e-01 
3.261313e-01 
3.261313e-01 
3.261313e-01 
3.261313e-01 
3.261313e-01 
3.261313e-01 
3.261313e-01 
3.261313e-01 
3.261313e-01 
3.259354e-01 
3.259354e-01 
3.259354e-01 
3.259331e-01 
3.259331e-01 
3.259331e-01 
3.259331e-01 
3.258810e-01 
3.258624e-01 
3.258624e-01 
3.258228e-01 
3.258228e-01 
3.258228e-01 
3.258228e-01 
3.258228e-01 
3.258228e-01 
3.258228e-01 
3.258228e-01 
3.258228e-01 
3.258228e-01 
3.257617e-01 
3.257617e-01 
3.257615e-01 
3.257615e-01 
3.257615e-01 
3.257615e-01 
3.257615e-01 
3.257615e-01 
3.257615e-01 
3.257615e-01 
3.257615e-01 
3.257615e-01 
3.257615e-01 
3.257615e-01 
3.257615e-01 
3.257615e-01 
3.257615e-01 
3.257615e-01 
3.257615e-01 
3.257615e-01 
3.257615e-01 
3.257615e-01 
3.257615e-01 
3.257615e-01 
3.257615e-01 
3.257615e-01 
3.257615e-01 
3.257615e-01 
3.257615e-01 
3.257615e-01 
3.257615e-01 
3.257615e-01 
3.257603e-01 
3.257603e-01 
3.257603e-01 
3.257603e-01 
3.257603e-01 
3.257603e-01 
3.257603e-01 
3.257603e-01 
3.257603e-01 
3.257592e-01 
3.257592e-01 
3.257592e-01 
3.257592e-01 
3.257584e-01 
3.257566e-01 
3.257550e-01 
3.257550e-01 
3.257536e-01 
3.257536e-01 
3.257510e-01 
3.257510e-01 
3.257510e-01 
3.257510e-01 
3.257510e-01 
3.257510e-01 
3.257510e-01 
3.257479e-01 
3.257479e-01 
3.257479e-01 
3.257479e-01 
3.257479e-01 
3.257479e-01 
3.257479e-01 
3.257467e-01 
3.257464e-01 
3.257464e-01 
3.257464e-01 
3.257456e-01 
3.257455e-01 
3.257455e-01 
3.257386e-01 
3.257386e-01 
3.257386e-01 
3.257386e-01 
3.257386e-01 
3.257360e-01 
3.257360e-01 
3.257360e-01 
3.257360e-01 
3.257340e-01 
3.257340e-01 
3.257340e-01 
3.257340e-01 
3.257340e-01 
3.257340e-01 
3.257340e-01 
3.257340e-01 
3.257340e-01 
3.257340e-01 
3.257340e-01 
3.257331e-01 
3.257331e-01 
3.257328e-01 
3.257328e-01 
3.257328e-01 
3.257328e-01 
3.257328e-01 
3.257328e-01 
3.257328e-01 
3.257328e-01 
3.257328e-01 
3.257328e-01 
3.257328e-01 
3.257328e-01 
3.257328e-01 
3.257328e-01 
3.257320e-01 
3.257320e-01 
3.257320e-01 
3.257320e-01 
3.257320e-01 
3.257319e-01 
3.257319e-01 
3.257319e-01 
3.257319e-01 
3.257319e-01 
3.257319e-01 
3.257319e-01 
3.257319e-01 
3.257319e-01 
3.257319e-01 
3.257319e-01 
3.257319e-01 
3.257319e-01 
3.257319e-01 
3.257319e-01 
3.257319e-01 
3.257319e-01 
3.257319e-01 
3.257319e-01 
3.257319e-01 
3.257319e-01 
3.257319e-01 
3.257319e-01 
3.257319e-01 
3.257319e-01 
3.257318e-01 
3.257318e-01 
3.257318e-01 
3.257318e-01 
3.257318e-01 
3.257318e-01 
3.257318e-01 
3.257318e-01 
3.257318e-01 
3.257317e-01 
3.257317e-01 
3.257317e-01 
3.257317e-01 
3.257317e-01 
3.257316e-01 
3.257316e-01 
3.257315e-01 
3.257315e-01 
3.257314e-01 
3.257314e-01 
3.257313e-01 
3.257313e-01 
3.257310e-01 
3.257310e-01 
3.257310e-01 
3.257310e-01 
3.257310e-01 
3.257310e-01 
3.257310e-01 
3.257310e-01 
3.257310e-01 
3.257310e-01 
3.257310e-01 
3.257310e-01 
3.257310e-01 
3.257310e-01 
3.257310e-01 
3.257310e-01 
3.257310e-01 
3.257310e-01 
3.257310e-01 
3.257310e-01 
3.257310e-01 
3.257310e-01 
3.257310e-01 
3.257310e-01 
3.257310e-01 
3.257310e-01 
3.257310e-01 
3.257310e-01 
3.257310e-01 
3.257310e-01 
3.257310e-01 
3.257310e-01 
3.257310e-01 
3.257310e-01 
3.257310e-01 
3.257310e-01 
3.257310e-01 
3.257310e-01 
3.257310e-01 
3.257310e-01 
3.257310e-01 
3.257310e-01 
3.257310e-01 
3.257310e-01 
3.257310e-01 
3.257310e-01 
3.257310e-01 
3.257310e-01 
3.257310e-01 
3.257310e-01 
3.257310e-01 
3.257310e-01 
3.257310e-01 
3.257310e-01 
3.257310e-01 
3.257310e-01 
3.257310e-01 
3.257310e-01 
3.257310e-01 
3.257310e-01 
3.257310e-01 
3.257310e-01 
3.257310e-01 
3.257310e-01 
3.257310e-01 
3.257310e-01 
3.257310e-01 
3.257310e-01 
3.257310e-01 
3.257310e-01 
3.257310e-01 
3.257310e-01 
3.257310e-01 
3.257310e-01 
3.257310e-01 
3.257310e-01 
3.257310e-01 
3.257310e-01 
3.257310e-01 
3.257310e-01 
3.257310e-01 
3.257309e-01 
3.257309e-01 
3.257309e-01 
3.257309e-01 
3.257309e-01 
3.257309e-01 
3.257309e-01 
3.257309e-01 
3.257309e-01 
3.257309e-01 
3.257309e-01 
3.257309e-01 
3.257309e-01 
3.257309e-01 
3.257309e-01 
3.257309e-01 
3.257309e-01 
3.257309e-01 
3.257309e-01 
3.257207e-01 
3.257106e-01 
3.256907e-01 
3.256845e-01 
3.256761e-01 
3.256683e-01 
3.256683e-01 
3.256614e-01 
3.256614e-01 
3.256513e-01 
3.256478e-01 
3.256473e-01 
3.256473e-01 
3.256436e-01 
3.256398e-01 
3.256398e-01 
3.256398e-01 
3.256398e-01 
3.256398e-01 
3.256398e-01 
3.256398e-01 
3.256398e-01 
3.256350e-01 
3.256350e-01 
3.256309e-01 
3.256309e-01 
3.256309e-01 
3.256309e-01 
3.256309e-01 
3.256309e-01 
3.256304e-01 
3.256304e-01 
3.256304e-01 
3.256304e-01 
3.256304e-01 
3.256299e-01 
3.256299e-01 
3.256294e-01 
3.256294e-01 
3.256294e-01 
3.256294e-01 
3.256294e-01 
3.256294e-01 
3.256294e-01 
3.256294e-01 
3.256294e-01 
3.256282e-01 
3.256282e-01 
3.256282e-01 
3.256282e-01 
3.256282e-01 
3.256282e-01 
3.256282e-01 
3.256282e-01 
3.256282e-01 
3.256282e-01 
3.256282e-01 
3.256282e-01 
3.256282e-01 
3.256282e-01 
3.256275e-01 
3.256275e-01 
3.256275e-01 
3.256275e-01 
3.256271e-01 
3.256269e-01 
3.256269e-01 
3.256269e-01 
3.256269e-01 
3.256268e-01 
3.256267e-01 
3.256267e-01 
3.256266e-01 
3.256266e-01 
3.256266e-01 
3.256266e-01 
3.256266e-01 
3.256266e-01 
3.256266e-01 
3.256266e-01 
3.256266e-01 
3.256266e-01 
3.256266e-01 
3.256266e-01 
3.256266e-01 
3.256266e-01 
3.256266e-01 
3.256266e-01 
3.256266e-01 
3.256266e-01 
3.256266e-01 
3.256266e-01 
3.256266e-01 
3.256266e-01 
3.256266e-01 
3.256266e-01 
3.256266e-01 
3.256266e-01 
3.256266e-01 
3.256266e-01 
3.256266e-01 
3.256266e-01 
3.256266e-01 
3.256266e-01 
3.256266e-01 
3.256266e-01 
3.256266e-01 
3.256266e-01 
3.256266e-01 
3.256266e-01 
3.256266e-01 
3.256266e-01 
3.256266e-01 
3.256266e-01 
3.256266e-01 
3.256262e-01 
3.256262e-01 
3.256262e-01 
3.256262e-01 
3.256262e-01 
3.256262e-01 
3.256262e-01 
3.256262e-01 
3.256262e-01 
3.256262e-01 
3.256262e-01 
3.256262e-01 
3.256262e-01 
3.256262e-01 
3.256262e-01 
3.256262e-01 
3.256262e-01 
3.256262e-01 
3.256262e-01 
3.256262e-01 
3.256262e-01 
3.256262e-01 
3.256262e-01 
3.256262e-01 
3.256261e-01 
3.256261e-01 
3.256261e-01 
3.256261e-01 
3.256234e-01 
3.256234e-01 
3.256213e-01 
3.256213e-01 
3.256213e-01 
3.256213e-01 
3.256213e-01 
3.256213e-01 
3.256213e-01 
3.256207e-01 
3.256207e-01 
3.256200e-01 
3.256200e-01 
3.256200e-01 
3.256200e-01 
3.256200e-01 
3.256200e-01 
3.256200e-01 
3.256200e-01 
3.256200e-01 
3.256191e-01 
3.256185e-01 
3.256183e-01 
3.256181e-01 
3.256155e-01 
3.256126e-01 
3.256080e-01 
3.256061e-01 
3.256039e-01 
3.256039e-01 
3.256035e-01 
3.256029e-01 
3.256023e-01 
3.256023e-01 
3.256023e-01 
3.256003e-01 
3.255990e-01 
3.255957e-01 
3.255954e-01 
3.255931e-01 
3.255925e-01 
3.255908e-01 
3.255898e-01 
3.255882e-01 
3.255856e-01 
3.255830e-01 
3.255803e-01 
3.255785e-01 
3.255762e-01 
3.255738e-01 
3.255721e-01 
3.255721e-01 
3.255721e-01 
3.255719e-01 
3.255700e-01 
3.255685e-01 
3.255668e-01 
3.255657e-01 
3.255640e-01 
3.255623e-01 
3.255600e-01 
3.255580e-01 
3.255562e-01 
3.255550e-01 
3.255526e-01 
3.255507e-01 
3.255492e-01 
3.255487e-01 
3.255484e-01 
3.255483e-01 
3.255444e-01 
3.255426e-01 
3.255384e-01 
3.255312e-01 
3.255265e-01 
3.255185e-01 
3.255111e-01 
3.255033e-01 
3.254962e-01 
3.254919e-01 
3.254874e-01 
3.254847e-01 
3.254831e-01 
3.254811e-01 
3.254747e-01 
3.254650e-01 
3.254543e-01 
3.254445e-01 
3.254346e-01 
3.254239e-01 
3.254188e-01 
3.254089e-01 
3.254018e-01 
3.253960e-01 
3.253687e-01 
3.253546e-01 
3.253424e-01 
3.253358e-01 
3.253321e-01 
3.253299e-01 
3.253287e-01 
3.253255e-01 
3.253229e-01 
3.253160e-01 
3.253054e-01 
3.252110e-01 
3.252110e-01 
3.251855e-01 
3.251855e-01 
3.251815e-01 
3.251815e-01 
3.251815e-01 
3.251815e-01 
3.251815e-01 
3.251815e-01 
3.251339e-01 
3.251339e-01 
3.251339e-01 
3.251038e-01 
3.250897e-01 
3.250561e-01 
3.250473e-01 
3.250473e-01 
3.250141e-01 
3.250141e-01 
3.250141e-01 
3.250141e-01 
3.250141e-01 
3.250141e-01 
3.250141e-01 
3.250141e-01 
3.250141e-01 
3.250141e-01 
3.250141e-01 
3.250141e-01 
3.250141e-01 
3.250141e-01 
3.250105e-01 
3.250076e-01 
3.250048e-01 
3.250040e-01 
3.250040e-01 
3.250040e-01 
3.250036e-01 
3.250036e-01 
3.250027e-01 
3.250027e-01 
3.250027e-01 
3.250027e-01 
3.250027e-01 
3.250027e-01 
3.250027e-01 
3.250027e-01 
3.250027e-01 
3.250025e-01 
3.250025e-01 
3.250025e-01 
3.250025e-01 
3.250025e-01 
3.249873e-01 
3.249873e-01 
3.249873e-01 
3.249873e-01 
3.249873e-01 
3.249803e-01 
3.249803e-01 
3.249704e-01 
3.249582e-01 
3.249269e-01 
3.249269e-01 
3.249269e-01 
3.248931e-01 
3.248931e-01 
3.248931e-01 
3.248568e-01 
3.248452e-01 
3.248449e-01 
3.248449e-01 
3.248449e-01 
3.248143e-01 
3.248143e-01 
3.248143e-01 
3.248143e-01 
3.248143e-01 
3.248143e-01 
3.248142e-01 
3.248137e-01 
3.248137e-01 
3.248137e-01 
3.248137e-01 
3.248136e-01 
3.248135e-01 
3.248024e-01 
3.248024e-01 
3.248024e-01 
3.248024e-01 
3.247914e-01 
3.247914e-01 
3.247914e-01 
3.247914e-01 
3.247914e-01 
3.247914e-01 
3.247914e-01 
3.247882e-01 
3.247836e-01 
3.247836e-01 
3.247801e-01 
3.247801e-01 
3.247801e-01 
3.247801e-01 
3.247797e-01 
3.247797e-01 
3.247797e-01 
3.247797e-01 
3.247791e-01 
3.247789e-01 
3.247789e-01 
3.247789e-01 
3.247783e-01 
3.247780e-01 
3.247778e-01 
3.247773e-01 
3.247773e-01 
3.247773e-01 
3.247747e-01 
3.247642e-01 
3.247335e-01 
3.247335e-01 
3.247335e-01 
3.247273e-01 
3.247273e-01 
3.247273e-01 
3.247273e-01 
3.247273e-01 
3.247273e-01 
3.247273e-01 
3.247265e-01 
3.247265e-01 
3.247265e-01 
3.246945e-01 
3.246945e-01 
3.246945e-01 
3.246945e-01 
3.246945e-01 
3.246945e-01 
3.246945e-01 
3.246945e-01 
3.246945e-01 
3.246945e-01 
3.246410e-01 
3.245091e-01 
3.244210e-01 
3.243967e-01 
3.243870e-01 
3.243831e-01 
3.243813e-01 
3.243805e-01 
3.243802e-01 
3.243799e-01 
3.243798e-01 
3.243798e-01 
3.243797e-01 
3.243797e-01 
3.243797e-01 
3.243797e-01 
3.243797e-01 
3.243797e-01 
3.243797e-01 
3.243797e-01 
3.243797e-01 
3.243797e-01 
3.243797e-01 
3.243797e-01 
3.243797e-01 
3.243797e-01 
3.243797e-01 
3.243797e-01 
3.243797e-01 
3.243797e-01 
3.243797e-01 
3.243797e-01 
3.243797e-01 
3.243797e-01 
3.243797e-01 
3.243797e-01 
3.243797e-01 
3.243797e-01 
3.243538e-01 
3.243538e-01 
3.243538e-01 
3.243538e-01 
3.243312e-01 
3.243312e-01 
3.243312e-01 
3.242801e-01 
3.242667e-01 
3.242667e-01 
3.242667e-01 
3.242667e-01 
3.242667e-01 
3.242667e-01 
3.242667e-01 
3.242667e-01 
3.242667e-01 
3.242667e-01 
3.242667e-01 
3.242667e-01 
3.242667e-01 
3.242654e-01 
3.242654e-01 
3.242654e-01 
3.242593e-01 
3.242593e-01 
3.241238e-01 
3.241238e-01 
3.241238e-01 
3.241238e-01 
3.241238e-01 
3.241238e-01 
3.241238e-01 
3.241238e-01 
3.241238e-01 
3.241238e-01 
3.241238e-01 
3.241238e-01 
3.241238e-01 
3.241238e-01 
3.241238e-01 
3.241238e-01 
3.241238e-01 
3.241238e-01 
3.241238e-01 
3.241238e-01 
3.241238e-01 
3.241238e-01 
3.241238e-01 
3.241238e-01 
3.241141e-01 
3.241141e-01 
3.241141e-01 
3.241141e-01 
3.241141e-01 
3.241141e-01 
3.241068e-01 
3.240832e-01 
3.240832e-01 
3.240772e-01 
3.240772e-01 
3.240772e-01 
3.240620e-01 
3.240620e-01 
3.240620e-01 
3.240620e-01 
3.240620e-01 
3.240620e-01 
3.240620e-01 
3.240620e-01 
3.240611e-01 
3.240611e-01 
3.240611e-01 
3.240596e-01 
3.240596e-01 
3.240596e-01 
3.240542e-01 
3.240542e-01 
3.240542e-01 
3.240542e-01 
3.240542e-01 
3.240542e-01 
3.240521e-01 
3.240521e-01 
3.240520e-01 
3.240511e-01 
3.240511e-01 
3.240511e-01 
3.240479e-01 
3.240479e-01 
3.240479e-01 
3.240479e-01 
3.240479e-01 
3.240479e-01 
3.240479e-01 
3.240479e-01 
3.240479e-01 
3.240479e-01 
3.240479e-01 
3.240479e-01 
3.240479e-01 
3.240479e-01 
3.240479e-01 
3.240479e-01 
3.240479e-01 
3.240478e-01 
3.240478e-01 
3.240478e-01 
3.240478e-01 
3.240478e-01 
3.240478e-01 
3.240478e-01 
3.240477e-01 
3.240477e-01 
3.240477e-01 
3.240477e-01 
3.240477e-01 
3.240477e-01 
3.240477e-01 
3.240477e-01 
3.240477e-01 
3.240477e-01 
3.240477e-01 
3.240477e-01 
3.240476e-01 
3.240475e-01 
3.240475e-01 
3.240475e-01 
3.240475e-01 
3.240446e-01 
3.240446e-01 
3.240443e-01 
3.240436e-01 
3.240382e-01 
3.240382e-01 
3.240382e-01 
3.240366e-01 
3.240366e-01 
3.240356e-01 
3.240356e-01 
3.240356e-01 
3.240345e-01 
3.240345e-01 
3.240345e-01 
3.240334e-01 
3.240318e-01 
3.240318e-01 
3.240318e-01 
3.240318e-01 
3.240318e-01 
3.240318e-01 
3.240318e-01 
3.240318e-01 
3.240318e-01 
3.240318e-01 
3.240309e-01 
3.240309e-01 
3.240309e-01 
3.240309e-01 
3.240309e-01 
3.240309e-01 
3.240309e-01 
3.240295e-01 
3.240295e-01 
3.240295e-01 
3.240287e-01 
3.240287e-01 
3.240287e-01 
3.240287e-01 
3.240287e-01 
3.240287e-01 
3.240287e-01 
3.240287e-01 
3.240278e-01 
3.240278e-01 
3.240278e-01 
3.240278e-01 
3.240278e-01 
3.240278e-01 
3.240270e-01 
3.240270e-01 
3.240270e-01 
3.240270e-01 
3.240270e-01 
3.240270e-01 
3.240270e-01 
3.240270e-01 
3.240270e-01 
3.240270e-01 
3.240270e-01 
3.240270e-01 
3.240270e-01 
3.240270e-01 
3.240270e-01 
3.240270e-01 
3.240270e-01 
3.240270e-01 
3.240270e-01 
3.240270e-01 
3.240270e-01 
3.240270e-01 
3.240266e-01 
3.240266e-01 
3.240266e-01 
3.240266e-01 
3.240266e-01 
3.240266e-01 
3.240266e-01 
3.240266e-01 
3.240266e-01 
3.240266e-01 
3.240266e-01 
3.240266e-01 
3.240266e-01 
3.240266e-01 
3.240266e-01 
3.240266e-01 
3.240266e-01 
3.240266e-01 
3.240266e-01 
3.240264e-01 
3.240264e-01 
3.240264e-01 
3.240264e-01 
3.240264e-01 
3.240264e-01 
3.240264e-01 
3.240264e-01 
3.240262e-01 
3.240262e-01 
3.240217e-01 
3.240162e-01 
3.240162e-01 
3.240162e-01 
3.240137e-01 
3.240137e-01 
3.240137e-01 
3.240122e-01 
3.240122e-01 
3.240122e-01 
3.240107e-01 
3.240107e-01 
3.240107e-01 
3.240101e-01 
3.240101e-01 
3.240101e-01 
3.240101e-01 
3.240101e-01 
3.240099e-01 
3.240099e-01 
3.240099e-01 
3.240099e-01 
3.240099e-01 
3.240099e-01 
3.240099e-01 
3.240099e-01 
3.240098e-01 
3.240098e-01 
3.240098e-01 
3.240098e-01 
3.240098e-01 
3.240094e-01 
3.240083e-01 
3.240083e-01 
3.240083e-01 
3.240083e-01 
3.240083e-01 
3.240083e-01 
3.240083e-01 
3.240083e-01 
3.240082e-01 
3.240082e-01 
3.240073e-01 
3.240073e-01 
3.240073e-01 
3.240073e-01 
3.240073e-01 
3.240073e-01 
3.240073e-01 
3.240073e-01 
3.240073e-01 
3.240073e-01 
3.240073e-01 
3.240073e-01 
3.240073e-01 
3.240073e-01 
3.240073e-01 
3.240073e-01 
3.240073e-01 
3.240073e-01 
3.239952e-01 
3.239952e-01 
3.239952e-01 
3.239952e-01 
3.239952e-01 
3.239952e-01 
3.239952e-01 
3.239893e-01 
3.239893e-01 
3.239893e-01 
3.239893e-01 
3.239868e-01 
3.239858e-01 
3.239858e-01 
3.239858e-01 
3.239828e-01 
3.239828e-01 
3.239828e-01 
3.239828e-01 
3.239828e-01 
3.239828e-01 
3.239828e-01 
3.239828e-01 
3.239828e-01 
3.239828e-01 
3.239828e-01 
3.239828e-01 
3.239828e-01 
3.239828e-01 
3.239828e-01 
3.239828e-01 
3.239828e-01 
3.239828e-01 
3.239828e-01 
3.239828e-01 
3.239828e-01 
3.239828e-01 
3.239828e-01 
3.239828e-01 
3.239826e-01 
3.239826e-01 
3.239826e-01 
3.239826e-01 
3.239826e-01 
3.239826e-01 
3.239826e-01 
3.239826e-01 
3.239826e-01 
3.239826e-01 
3.239826e-01 
3.239826e-01 
3.239826e-01 
3.239826e-01 
3.239826e-01 
3.239826e-01 
3.239826e-01 
3.239826e-01 
3.239826e-01 
3.239826e-01 
3.239826e-01 
3.239826e-01 
3.239826e-01 
3.239826e-01 
3.239826e-01 
3.239826e-01 
3.239826e-01 
3.239826e-01 
3.239826e-01 
3.239826e-01 
3.239826e-01 
3.239826e-01 
3.239826e-01 
3.239826e-01 
3.239826e-01 
3.239826e-01 
3.239826e-01 
3.239826e-01 
3.239826e-01 
3.239787e-01 
3.239787e-01 
3.239787e-01 
3.239787e-01 
3.239787e-01 
3.239787e-01 
3.239787e-01 
3.239787e-01 
3.239787e-01 
3.239787e-01 
3.239787e-01 
3.239787e-01 
3.239787e-01 
3.239787e-01 
3.239787e-01 
3.239787e-01 
3.239787e-01 
3.239787e-01 
3.239787e-01 
3.239787e-01 
3.239787e-01 
3.239787e-01 
3.239787e-01 
3.239787e-01 
3.239787e-01 
3.239787e-01 
3.239787e-01 
3.239784e-01 
3.239784e-01 
3.239784e-01 
3.239774e-01 
3.239774e-01 
3.239774e-01 
3.239774e-01 
3.239774e-01 
3.239774e-01 
3.239774e-01 
3.239774e-01 
3.239774e-01 
3.239774e-01 
3.239769e-01 
3.239769e-01 
3.239769e-01 
3.239769e-01 
3.239750e-01 
3.239737e-01 
3.239731e-01 
3.239728e-01 
3.239726e-01 
3.239725e-01 
3.239724e-01 
3.239723e-01 
3.239723e-01 
3.239723e-01 
3.239723e-01 
3.239723e-01 
3.239723e-01 
3.239722e-01 
3.239722e-01 
3.239722e-01 
3.239722e-01 
3.239722e-01 
3.239722e-01 
3.239722e-01 
3.239722e-01 
3.239722e-01 
3.239690e-01 
3.239690e-01 
3.239690e-01 
3.239682e-01 
3.239664e-01 
3.239652e-01 
3.239652e-01 
3.239648e-01 
3.239648e-01 
3.239648e-01 
3.239648e-01 
3.239648e-01 
3.239648e-01 
3.239648e-01 
3.239648e-01 
3.239648e-01 
3.239648e-01 
3.239648e-01 
3.239648e-01 
3.239648e-01 
3.239648e-01 
3.239648e-01 
3.239646e-01 
3.239646e-01 
3.239646e-01 
3.239646e-01 
3.239646e-01 
3.239646e-01 
3.239646e-01 
3.239645e-01 
3.239644e-01 
3.239643e-01 
3.239643e-01 
3.239643e-01 
3.239642e-01 
3.239642e-01 
3.239642e-01 
3.239641e-01 
3.239641e-01 
3.239641e-01 
3.239641e-01 
3.239641e-01 
3.239641e-01 
3.239641e-01 
3.239641e-01 
3.239641e-01 
3.239641e-01 
3.239641e-01 
3.239641e-01 
3.239640e-01 
3.239640e-01 
3.239640e-01 
3.239640e-01 
3.239640e-01 
3.239640e-01 
3.239640e-01 
3.239640e-01 
3.239640e-01 
3.239640e-01 
3.239640e-01 
3.239640e-01 
3.239640e-01 
3.239638e-01 
3.239638e-01 
3.239638e-01 
3.239638e-01 
3.239638e-01 
3.239638e-01 
3.239638e-01 
3.239638e-01 
3.239638e-01 
3.239638e-01 
3.239638e-01 
3.239638e-01 
3.239638e-01 
3.239638e-01 
3.239638e-01 
3.239637e-01 
3.239637e-01 
3.239637e-01 
3.239637e-01 
3.239637e-01 
3.239637e-01 
3.239637e-01 
3.239553e-01 
3.239553e-01 
3.239523e-01 
3.239523e-01 
3.239523e-01 
3.239513e-01 
3.239513e-01 
3.239513e-01 
3.239513e-01 
3.239513e-01 
3.239513e-01 
3.239513e-01 
3.239513e-01 
3.239513e-01 
3.239513e-01 
3.239513e-01 
3.239513e-01 
3.239486e-01 
3.239486e-01 
3.239482e-01 
3.239482e-01 
3.239482e-01 
3.239482e-01 
3.239482e-01 
3.239482e-01 
3.239482e-01 
3.239473e-01 
3.239473e-01 
3.239473e-01 
3.239473e-01 
3.239473e-01 
3.239473e-01 
3.239463e-01 
3.239463e-01 
3.239463e-01 
3.239463e-01 
3.239459e-01 
3.239459e-01 
3.239454e-01 
3.239454e-01 
3.239454e-01 
3.239454e-01 
3.239450e-01 
3.239450e-01 
3.239450e-01 
3.239450e-01 
3.239450e-01 
3.239450e-01 
3.239447e-01 
3.239447e-01 
3.239368e-01 
3.239368e-01 
3.239367e-01 
3.239367e-01 
3.239367e-01 
3.239367e-01 
3.239367e-01 
3.239363e-01 
3.239340e-01 
3.239340e-01 
3.239340e-01 
3.239340e-01 
3.239340e-01 
3.239340e-01 
3.239340e-01 
3.239340e-01 
3.239340e-01 
3.239224e-01 
3.239224e-01 
3.239224e-01 
3.239224e-01 
3.239224e-01 
3.239224e-01 
3.239224e-01 
3.239224e-01 
3.239224e-01 
3.239166e-01 
3.239166e-01 
3.239166e-01 
3.239166e-01 
3.239166e-01 
3.239166e-01 
3.239166e-01 
3.239166e-01 
3.239166e-01 
3.239111e-01 
3.239111e-01 
3.239111e-01 
3.239090e-01 
3.239066e-01 
3.239066e-01 
3.239066e-01 
3.239066e-01 
3.239066e-01 
3.239065e-01 
3.239065e-01 
3.239065e-01 
3.239058e-01 
3.239058e-01 
3.239058e-01 
3.239058e-01 
3.239058e-01 
3.239058e-01 
3.239058e-01 
3.239058e-01 
3.239058e-01 
3.239058e-01 
3.239057e-01 
3.239057e-01 
3.239056e-01 
3.239056e-01 
3.239056e-01 
3.239056e-01 
3.239056e-01 
3.239056e-01 
3.239056e-01 
3.239056e-01 
3.239056e-01 
3.239056e-01 
3.239056e-01 
3.239056e-01 
3.239056e-01 
3.239056e-01 
3.239056e-01 
3.239056e-01 
3.239056e-01 
3.239056e-01 
3.239056e-01 
3.239056e-01 
3.239056e-01 
3.239056e-01 
3.239056e-01 
3.239056e-01 
3.239056e-01 
3.239056e-01 
3.239056e-01 
3.239056e-01 
3.239056e-01 
3.239056e-01 
3.239056e-01 
3.239056e-01 
3.239056e-01 
3.239056e-01 
3.239056e-01 
3.239056e-01 
3.239056e-01 
3.239056e-01 
3.239056e-01 
3.239056e-01 
3.239056e-01 
3.239056e-01 
3.239056e-01 
3.239056e-01 
3.239056e-01 
3.239056e-01 
3.239056e-01 
3.239056e-01 
3.239056e-01 
3.239056e-01 
3.239056e-01 
3.239056e-01 
3.239055e-01 
3.239055e-01 
3.239055e-01 
3.239055e-01 
3.239054e-01 
3.239054e-01 
3.239054e-01 
3.239053e-01 
3.239053e-01 
3.239053e-01 
3.239053e-01 
3.239052e-01 
3.239052e-01 
3.239052e-01 
3.239051e-01 
3.239050e-01 
3.239049e-01 
3.239048e-01 
3.239047e-01 
3.239047e-01 
3.239047e-01 
3.239046e-01 
3.239043e-01 
3.239042e-01 
3.239040e-01 
3.239040e-01 
3.239040e-01 
3.239040e-01 
3.239040e-01 
3.239040e-01 
3.239040e-01 
3.239040e-01 
3.239040e-01 
3.239040e-01 
3.239039e-01 
3.239039e-01 
3.239039e-01 
3.239039e-01 
3.239039e-01 
3.239039e-01 
3.239039e-01 
3.239039e-01 
3.239039e-01 
3.239039e-01 
3.239039e-01 
3.239039e-01 
3.239039e-01 
3.239039e-01 
3.239039e-01 
3.239039e-01 
3.239039e-01 
3.239038e-01 
3.239038e-01 
3.239038e-01 
3.239038e-01 
3.239038e-01 
3.239037e-01 
3.239037e-01 
3.239037e-01 
3.239037e-01 
3.239037e-01 
3.239037e-01 
3.239037e-01 
3.239037e-01 
3.239037e-01 
3.239037e-01 
3.239037e-01 
3.239037e-01 
3.239037e-01 
3.239037e-01 
3.239037e-01 
3.239037e-01 
3.239037e-01 
3.239037e-01 
3.239037e-01 
3.239037e-01 
3.239037e-01 
3.239037e-01 
3.239037e-01 
3.239037e-01 
3.239037e-01 
3.239037e-01 
3.239037e-01 
3.239033e-01 
3.239033e-01 
3.239033e-01 
3.239033e-01 
3.239030e-01 
3.239030e-01 
3.239030e-01 
3.239030e-01 
3.239030e-01 
3.239030e-01 
3.239030e-01 
3.239030e-01 
3.239030e-01 
3.239030e-01 
3.239030e-01 
3.239030e-01 
3.239030e-01 
3.239027e-01 
3.239027e-01 
3.239027e-01 
3.239027e-01 
3.239027e-01 
3.239025e-01 
3.239025e-01 
3.239025e-01 
3.239025e-01 
3.239025e-01 
3.239025e-01 
3.239025e-01 
3.239025e-01 
3.239025e-01 
3.239025e-01 
3.239025e-01 
3.239025e-01 
3.239025e-01 
3.239025e-01 
3.239025e-01 
3.239025e-01 
3.239024e-01 
3.239024e-01 
3.239024e-01 
3.239024e-01 
3.239020e-01 
3.239020e-01 
3.239020e-01 
3.239020e-01 
3.239020e-01 
3.239020e-01 
3.239020e-01 
3.239020e-01 
3.239020e-01 
3.239014e-01 
3.239014e-01 
3.239014e-01 
3.239014e-01 
3.239014e-01 
3.239014e-01 
3.239014e-01 
3.239012e-01 
3.239012e-01 
3.239011e-01 
3.239011e-01 
3.239011e-01 
3.239011e-01 
3.239011e-01 
3.239011e-01 
3.239011e-01 
3.239011e-01 
3.239011e-01 
3.239011e-01 
3.239011e-01 
3.239011e-01 
3.239011e-01 
3.239011e-01 
3.239011e-01 
3.239009e-01 
3.239009e-01 
3.239009e-01 
3.239009e-01 
3.239009e-01 
3.239009e-01 
3.239009e-01 
3.239009e-01 
3.239009e-01 
3.239009e-01 
3.239009e-01 
3.239009e-01 
3.239009e-01 
3.239009e-01 
3.239009e-01 
3.239009e-01 
3.239009e-01 
3.239009e-01 
3.239009e-01 
3.239009e-01 
3.239009e-01 
3.239009e-01 
3.239009e-01 
3.239009e-01 
3.239009e-01 
3.239009e-01 
3.239009e-01 
3.239009e-01 
3.239009e-01 
3.239009e-01 
3.239009e-01 
3.239009e-01 
3.239009e-01 
3.239009e-01 
3.239009e-01 
3.239009e-01 
3.239009e-01 
3.239009e-01 
3.239009e-01 
3.239009e-01 
3.239009e-01 
3.239009e-01 
3.239008e-01 
3.239008e-01 
3.239008e-01 
3.239008e-01 
3.239008e-01 
3.239008e-01 
3.239008e-01 
3.239008e-01 
3.239008e-01 
3.239008e-01 
3.239008e-01 
3.239008e-01 
3.239008e-01 
3.239008e-01 
3.239008e-01 
3.239008e-01 
3.239008e-01 
3.239008e-01 
3.239008e-01 
3.239008e-01 
3.239008e-01 
3.239008e-01 
3.239008e-01 
3.239008e-01 
3.239008e-01 
3.239008e-01 
3.239008e-01 
3.239008e-01 
3.239008e-01 
3.239008e-01 
3.239008e-01 
3.239008e-01 
3.239008e-01 
3.239008e-01 
3.239007e-01 
3.239006e-01 
3.239006e-01 
3.239006e-01 
3.239006e-01 
3.239006e-01 
3.239006e-01 
3.239006e-01 
3.239006e-01 
3.239006e-01 
3.239006e-01 
3.239006e-01 
3.239006e-01 
3.239006e-01 
3.239006e-01 
3.239006e-01 
3.239005e-01 
3.239005e-01 
3.239005e-01 
3.239005e-01 
3.239005e-01 
3.239005e-01 
3.239005e-01 
3.239005e-01 
3.239004e-01 
3.239004e-01 
3.239004e-01 
3.239004e-01 
3.239004e-01 
3.239004e-01 
3.239004e-01 
3.239004e-01 
3.239004e-01 
3.239004e-01 
3.239004e-01 
3.239004e-01 
3.239004e-01 
3.239003e-01 
3.239003e-01 
3.239003e-01 
3.239003e-01 
3.239003e-01 
3.239003e-01 
3.239003e-01 
3.239003e-01 
3.239002e-01 
3.239001e-01 
3.239001e-01 
3.239001e-01 
3.239001e-01 
3.239001e-01 
3.239001e-01 
3.239001e-01 
3.239001e-01 
3.239001e-01 
3.239001e-01 
3.239001e-01 
3.239001e-01 
3.239001e-01 
3.238999e-01 
3.238999e-01 
3.238999e-01 
3.238999e-01 
3.238998e-01 
3.238996e-01 
3.238996e-01 
3.238996e-01 
3.238995e-01 
3.238991e-01 
3.238990e-01 
3.238987e-01 
3.238986e-01 
3.238986e-01 
3.238984e-01 
3.238983e-01 
3.238979e-01 
3.238974e-01 
3.238974e-01 
3.238973e-01 
3.238969e-01 
3.238969e-01 
3.238969e-01 
3.238969e-01 
3.238969e-01 
3.238968e-01 
3.238968e-01 
3.238968e-01 
3.238968e-01 
3.238968e-01 
3.238968e-01 
3.238968e-01 
3.238968e-01 
3.238967e-01 
3.238964e-01 
3.238963e-01 
3.238963e-01 
3.238963e-01 
3.238963e-01 
3.238961e-01 
3.238961e-01 
3.238960e-01 
3.238960e-01 
3.238960e-01 
3.238960e-01 
3.238960e-01 
3.238960e-01 
3.238959e-01 
3.238959e-01 
3.238959e-01 
3.238959e-01 
3.238959e-01 
3.238959e-01 
3.238959e-01 
3.238959e-01 
3.238959e-01 
3.238959e-01 
3.238958e-01 
3.238958e-01 
3.238958e-01 
3.238958e-01 
3.238958e-01 
3.238958e-01 
3.238958e-01 
3.238958e-01 
3.238958e-01 
3.238958e-01 
3.238958e-01 
3.238958e-01 
3.238958e-01 
3.238957e-01 
3.238957e-01 
3.238956e-01 
3.238955e-01 
3.238955e-01 
3.238953e-01 
3.238952e-01 
3.238952e-01 
3.238952e-01 
3.238951e-01 
3.238951e-01 
3.238951e-01 
3.238951e-01 
3.238951e-01 
3.238951e-01 
3.238951e-01 
3.238951e-01 
3.238951e-01 
3.238951e-01 
3.238950e-01 
3.238950e-01 
3.238950e-01 
3.238950e-01 
3.238950e-01 
3.238950e-01 
3.238950e-01 
3.238950e-01 
3.238950e-01 
3.238950e-01 
3.238950e-01 
3.238949e-01 
3.238949e-01 
3.238949e-01 
3.238949e-01 
3.238949e-01 
3.238949e-01 
3.238949e-01 
3.238949e-01 
3.238949e-01 
3.238949e-01 
3.238948e-01 
3.238947e-01 
3.238946e-01 
3.238944e-01 
3.238944e-01 
3.238943e-01 
3.238942e-01 
3.238942e-01 
3.238940e-01 
3.238940e-01 
3.238940e-01 
3.238940e-01 
3.238940e-01 
3.238940e-01 
3.238940e-01 
3.238940e-01 
3.238938e-01 
3.238938e-01 
3.238938e-01 
3.238938e-01 
3.238936e-01 
3.238930e-01 
3.238928e-01 
3.238927e-01 
3.238927e-01 
3.238927e-01 
3.238927e-01 
3.238927e-01 
3.238927e-01 
3.238927e-01 
3.238925e-01 
3.238925e-01 
3.238925e-01 
3.238925e-01 
3.238925e-01 
3.238925e-01 
3.238925e-01 
3.238925e-01 
3.238925e-01 
3.238925e-01 
3.238925e-01 
3.238925e-01 
3.238925e-01 
3.238925e-01 
3.238925e-01 
3.238925e-01 
3.238925e-01 
3.238924e-01 
3.238923e-01 
3.238923e-01 
3.238923e-01 
3.238923e-01 
3.238923e-01 
3.238923e-01 
3.238923e-01 
3.238923e-01 
3.238923e-01 
3.238922e-01 
3.238922e-01 
3.238922e-01 
3.238922e-01 
3.238922e-01 
3.238922e-01 
3.238922e-01 
3.238922e-01 
3.238922e-01 
3.238922e-01 
3.238922e-01 
3.238922e-01 
3.238922e-01 
3.238922e-01 
3.238922e-01 
3.238922e-01 
3.238922e-01 
3.238922e-01 
3.238922e-01 
3.238922e-01 
3.238922e-01 
3.238922e-01 
3.238922e-01 
3.238922e-01 
3.238922e-01 
3.238922e-01 
3.238922e-01 
3.238922e-01 
3.238922e-01 
3.238922e-01 
3.238922e-01 
3.238922e-01 
3.238922e-01 
3.238921e-01 
3.238921e-01 
3.238921e-01 
3.238921e-01 
3.238921e-01 
3.238921e-01 
3.238920e-01 
3.238920e-01 
3.238920e-01 
3.238920e-01 
3.238920e-01 
3.238920e-01 
3.238920e-01 
3.238920e-01 
3.238920e-01 
3.238920e-01 
3.238920e-01 
3.238920e-01 
3.238920e-01 
3.238920e-01 
3.238920e-01 
3.238919e-01 
3.238919e-01 
3.238919e-01 
3.238919e-01 
3.238919e-01 
3.238919e-01 
3.238919e-01 
3.238919e-01 
3.238919e-01 
3.238919e-01 
3.238919e-01 
3.238919e-01 
3.238919e-01 
3.238919e-01 
3.238919e-01 
3.238919e-01 
3.238919e-01 
3.238919e-01 
3.238919e-01 
3.238919e-01 
3.238919e-01 
3.238919e-01 
3.238919e-01 
3.238919e-01 
3.238919e-01 
3.238919e-01 
3.238919e-01 
3.238919e-01 
3.238919e-01 
3.238919e-01 
3.238919e-01 
3.238919e-01 
3.238919e-01 
3.238919e-01 
3.238919e-01 
3.238919e-01 
3.238919e-01 
3.238919e-01 
3.238919e-01 
3.238919e-01 
3.238919e-01 
3.238918e-01 
3.238918e-01 
3.238918e-01 
3.238918e-01 
3.238918e-01 
3.238918e-01 
3.238918e-01 
3.238918e-01 
3.238918e-01 
3.238918e-01 
3.238918e-01 
3.238918e-01 
3.238918e-01 
3.238918e-01 
3.238918e-01 
3.238918e-01 
3.238917e-01 
3.238917e-01 
3.238917e-01 
3.238917e-01 
3.238917e-01 
3.238917e-01 
3.238917e-01 
3.238917e-01 
3.238917e-01 
3.238917e-01 
3.238917e-01 
3.238917e-01 
3.238917e-01 
3.238917e-01 
3.238916e-01 
3.238916e-01 
3.238916e-01 
3.238916e-01 
3.238916e-01 
3.238916e-01 
3.238916e-01 
3.238916e-01 
3.238916e-01 
3.238915e-01 
3.238915e-01 
3.238915e-01 
3.238915e-01 
3.238915e-01 
3.238915e-01 
3.238915e-01 
3.238915e-01 
3.238915e-01 
3.238915e-01 
3.238915e-01 
3.238915e-01 
3.238915e-01 
3.238915e-01 
3.238915e-01 
3.238913e-01 
3.238913e-01 
3.238913e-01 
3.238913e-01 
3.238913e-01 
3.238913e-01 
3.238913e-01 
3.238913e-01 
3.238912e-01 
3.238912e-01 
3.238912e-01 
3.238912e-01 
3.238912e-01 
3.238912e-01 
3.238912e-01 
3.238912e-01 
3.238912e-01 
3.238912e-01 
3.238912e-01 
3.238912e-01 
3.238912e-01 
3.238912e-01 
3.238912e-01 
3.238912e-01 
3.238912e-01 
3.238912e-01 
3.238912e-01 
3.238912e-01 
3.238912e-01 
3.238912e-01 
3.238912e-01 
3.238912e-01 
3.238912e-01 
3.238912e-01 
3.238912e-01 
3.238912e-01 
3.238912e-01 
3.238912e-01 
3.238912e-01 
3.238912e-01 
3.238912e-01 
3.238912e-01 
3.238912e-01 
3.238912e-01 
3.238912e-01 
3.238912e-01 
3.238912e-01 
3.238912e-01 
3.238912e-01 
3.238912e-01 
3.238912e-01 
3.238912e-01 
3.238911e-01 
3.238911e-01 
3.238911e-01 
3.238911e-01 
3.238911e-01 
3.238911e-01 
3.238911e-01 
3.238911e-01 
3.238911e-01 
3.238911e-01 
3.238911e-01 
3.238911e-01 
3.238911e-01 
3.238911e-01 
3.238911e-01 
3.238911e-01 
3.238911e-01 
3.238911e-01 
3.238911e-01 
3.238911e-01 
3.238911e-01 
3.238911e-01 
3.238911e-01 
3.238911e-01 
3.238911e-01 
3.238911e-01 
3.238911e-01 
3.238911e-01 
3.238911e-01 
3.238911e-01 
3.238911e-01 
3.238911e-01 
3.238911e-01 
3.238911e-01 
3.238911e-01 
3.238911e-01 
3.238911e-01 
3.238911e-01 
3.238911e-01 
3.238911e-01 
3.238911e-01 
3.238911e-01 
3.238911e-01 
3.238911e-01 
3.238911e-01 
3.238911e-01 
3.238911e-01 
3.238911e-01 
3.238911e-01 
3.238911e-01 
3.238911e-01 
3.238911e-01 
3.238911e-01 
3.238911e-01 
3.238911e-01 
3.238911e-01 
3.238911e-01 
3.238911e-01 
3.238911e-01 
3.238911e-01 
3.238911e-01 
3.238911e-01 
3.238911e-01 
3.238911e-01 
3.238911e-01 
3.238911e-01 
3.238911e-01 
3.238911e-01 
3.238911e-01 
3.238911e-01 
3.238911e-01 
3.238911e-01 
3.238911e-01 
3.238911e-01 
3.238911e-01 
3.238911e-01 
3.238911e-01 
3.238911e-01 
3.238911e-01 
3.238911e-01 
3.238911e-01 
3.238911e-01 
3.238911e-01 
3.238911e-01 
3.238911e-01 
3.238911e-01 
3.238911e-01 
3.238911e-01 
3.238911e-01 
3.238911e-01 
3.238911e-01 
3.238911e-01 
3.238911e-01 
3.238911e-01 
3.238911e-01 
3.238911e-01 
3.238911e-01 
3.238911e-01 
3.238911e-01 
3.238911e-01 
3.238911e-01 
3.238911e-01 
3.238911e-01 
3.238911e-01 
3.238911e-01 
3.238911e-01 
3.238911e-01 
3.238911e-01 
3.238911e-01 
3.238911e-01 
3.238911e-01 
3.238911e-01 
3.238911e-01 
3.238911e-01 
3.238911e-01 
3.238911e-01 
3.238911e-01 
3.238911e-01 
3.238911e-01 
3.238911e-01 
3.238911e-01 
3.238911e-01 
3.238911e-01 
3.238911e-01 
3.238911e-01 
3.238911e-01 
3.238911e-01 
3.238911e-01 
3.238911e-01 
3.238911e-01 
3.238911e-01 
3.238911e-01 
3.238911e-01 
3.238911e-01 
3.238911e-01 
3.238911e-01 
3.238911e-01 
3.238911e-01 
3.238911e-01 
3.238911e-01 
3.238911e-01 
3.238911e-01 
3.238911e-01 
3.238911e-01 
3.238911e-01 
3.238911e-01 
3.238911e-01 
3.238911e-01 
3.238911e-01 
3.238911e-01 
3.238911e-01 
3.238911e-01 
3.238911e-01 
3.238911e-01 
3.238911e-01 
3.238911e-01 
3.238911e-01 
3.238911e-01 
3.238911e-01 
3.238911e-01 
3.238911e-01 
3.238911e-01 
3.238911e-01 
3.238911e-01 
3.238911e-01 
3.238911e-01 
3.238911e-01 
3.238911e-01 
3.238911e-01 
3.238911e-01 
3.238911e-01 
3.238911e-01 
3.238911e-01 
3.238911e-01 
3.238911e-01 
3.238911e-01 
3.238911e-01 
3.238911e-01 
3.238911e-01 
3.238911e-01 
3.238911e-01 
3.238911e-01 
3.238911e-01 
3.238911e-01 
3.238911e-01 
3.238911e-01 
3.238911e-01 
3.238911e-01 
3.238911e-01 
3.238911e-01 
3.238911e-01 
3.238911e-01 
3.238911e-01 
3.238911e-01 
3.238911e-01 
3.238911e-01 
3.238911e-01 
3.238911e-01 
3.238911e-01 
3.238911e-01 
3.238911e-01 
3.238911e-01 
3.238911e-01 
3.238911e-01 
3.238911e-01 
3.238911e-01 
3.238911e-01 
3.238911e-01 
3.238911e-01 
3.238911e-01 
3.238911e-01 
3.238911e-01 
3.238911e-01 
3.238911e-01 
3.238911e-01 
3.238911e-01 
3.238911e-01 
3.238911e-01 
3.238911e-01 
3.238911e-01 
3.238911e-01 
3.238911e-01 
3.238911e-01 
3.238911e-01 
3.238911e-01 
3.238911e-01 
3.238911e-01 
3.238911e-01 
3.238911e-01 
3.238911e-01 
3.238911e-01 
3.238911e-01 
3.238911e-01 
3.238911e-01 
3.238911e-01 
3.238911e-01 
3.238911e-01 
3.238911e-01 
3.238911e-01 
3.238911e-01 
3.238911e-01 
3.238911e-01 
3.238911e-01 
3.238911e-01 
3.238911e-01 
3.238911e-01 
3.238911e-01 
3.238911e-01 
3.238911e-01 
3.238911e-01 
3.238911e-01 
3.238911e-01 
3.238911e-01 
3.238911e-01 
3.238911e-01 
3.238911e-01 
3.238911e-01 
3.238911e-01 
3.238911e-01 
3.238911e-01 
3.238911e-01 
3.238911e-01 
3.238911e-01 
3.238911e-01 
3.238911e-01 
3.238911e-01 
3.238911e-01 
3.238911e-01 
3.238911e-01 
3.238911e-01 
3.238911e-01 
3.238911e-01 
3.238911e-01 
3.238911e-01 
3.238911e-01 
3.238911e-01 
3.238911e-01 
3.238911e-01 
3.238911e-01 
3.238911e-01 
3.238911e-01 
3.238911e-01 
3.238911e-01 
3.238911e-01 
3.238911e-01 
3.238911e-01 
3.238911e-01 
3.238911e-01 
3.238911e-01 
3.238911e-01 
3.238911e-01 
3.238911e-01 
3.238911e-01 
3.238911e-01 
3.238911e-01 
3.238911e-01 
3.238911e-01 
3.238911e-01 
3.238911e-01 
3.238911e-01 
3.238911e-01 
3.238911e-01 
3.238911e-01 
3.238911e-01 
3.238911e-01 
3.238911e-01 
3.238911e-01 
3.238911e-01 
3.238911e-01 
3.238911e-01 
3.238911e-01 
3.238911e-01 
3.238911e-01 
3.238911e-01 
3.238911e-01 
3.238911e-01 
3.238911e-01 
3.238911e-01 
3.238911e-01 
3.238911e-01 
3.238911e-01 
3.238911e-01 
3.238911e-01 
3.238911e-01 
3.238911e-01 
3.238911e-01 
3.238911e-01 
3.238911e-01 
3.238911e-01 
3.238911e-01 
3.238911e-01 
3.238911e-01 
3.238911e-01 
3.238911e-01 
3.238911e-01 
3.238911e-01 
3.238911e-01 
3.238911e-01 
3.238911e-01 
3.238911e-01 
3.238911e-01 
3.238911e-01 
3.238911e-01 
3.238911e-01 
3.238911e-01 
3.238911e-01 
3.238911e-01 
3.238911e-01 
3.238911e-01 
3.238911e-01 
3.238911e-01 
3.238911e-01 
3.238911e-01 
3.238911e-01 
3.238911e-01 
3.238911e-01 
3.238911e-01 
3.238911e-01 
3.238911e-01 
3.238911e-01 
3.238911e-01 
3.238911e-01 
3.238911e-01 
3.238911e-01 
3.238911e-01 
3.238911e-01 
3.238911e-01 
3.238911e-01 
3.238911e-01 
3.238911e-01 
3.238911e-01 
3.238911e-01 
3.238911e-01 
3.238911e-01 
3.238911e-01 
3.238911e-01 
3.238911e-01 
3.238911e-01 
3.238911e-01 
3.238911e-01 
3.238911e-01 
3.238911e-01 
3.238911e-01 
3.238911e-01 
3.238911e-01 
3.238911e-01 
3.238911e-01 
3.238911e-01 
3.238911e-01 
3.238911e-01 
3.238911e-01 
3.238911e-01 
3.238911e-01 
3.238911e-01 
3.238911e-01 
3.238911e-01 
3.238911e-01 
3.238911e-01 
3.238911e-01 
3.238911e-01 
3.238911e-01 
3.238911e-01 
3.238911e-01 
3.238911e-01 
3.238911e-01 
3.238911e-01 
3.238911e-01 
3.238911e-01 
3.238911e-01 
3.238911e-01 
3.238911e-01 
3.238911e-01 
3.238911e-01 
3.238911e-01 
3.238911e-01 
3.238911e-01 
3.238911e-01 
3.238911e-01 
3.238911e-01 
3.238911e-01 
3.238911e-01 
3.238911e-01 
3.238911e-01 
3.238911e-01 
3.238911e-01 
3.238911e-01 
3.238911e-01 
3.238911e-01 
3.238911e-01 
3.238911e-01 
3.238911e-01 
3.238911e-01 
3.238911e-01 
3.238911e-01 
3.238911e-01 
3.238911e-01 
3.238911e-01 
3.238911e-01 
3.238911e-01 
3.238911e-01 
3.238911e-01 
3.238911e-01 
3.238911e-01 
3.238911e-01 
3.238911e-01 
3.238911e-01 
3.238911e-01 
3.238911e-01 
3.238911e-01 
3.238911e-01 
3.238911e-01 
3.238911e-01 
3.238911e-01 
3.238911e-01 
3.238911e-01 
3.238911e-01 
3.238911e-01 
3.238911e-01 
3.238911e-01 
3.238911e-01 
3.238911e-01 
3.238911e-01 
3.238911e-01 
3.238911e-01 
3.238911e-01 
3.238911e-01 
3.238911e-01 
3.238911e-01 
3.238911e-01 
3.238911e-01 
3.238911e-01 
3.238911e-01 
3.238911e-01 
3.238911e-01 
3.238911e-01 
3.238911e-01 
3.238911e-01 
3.238911e-01 
3.238911e-01 
3.238911e-01 
3.238911e-01 
3.238911e-01 
3.238911e-01 
3.238911e-01 
3.238911e-01 
3.238911e-01 
3.238911e-01 
3.238911e-01 
3.238911e-01 
3.238911e-01 
3.238911e-01 
3.238911e-01 
3.238911e-01 
3.238911e-01 
3.238911e-01 
3.238911e-01 
3.238911e-01 
3.238911e-01 
3.238911e-01 
3.238911e-01 
3.238911e-01 
3.238911e-01 
3.238911e-01 
3.238911e-01 
3.238911e-01 
3.238911e-01 
3.238911e-01 
3.238911e-01 
3.238911e-01 
3.238911e-01 
3.238911e-01 
3.238911e-01 
3.238911e-01 
3.238911e-01 
3.238911e-01 
3.238911e-01 
3.238911e-01 
3.238911e-01 
3.238911e-01 
3.238911e-01 
3.238911e-01 
3.238911e-01 
3.238911e-01 
3.238911e-01 
3.238911e-01 
3.238911e-01 
3.238911e-01 
3.238911e-01 
3.238911e-01 
3.238911e-01 
3.238911e-01 
3.238911e-01 
3.238911e-01 
3.238911e-01 
3.238911e-01 
3.238911e-01 
3.238911e-01 
3.238911e-01 
3.238911e-01 
3.238911e-01 
3.238911e-01 
3.238911e-01 
3.238911e-01 
3.238911e-01 
3.238911e-01 
3.238911e-01 
3.238911e-01 
3.238911e-01 
3.238911e-01 
3.238911e-01 
3.238911e-01 
3.238911e-01 
3.238911e-01 
3.238911e-01 
3.238911e-01 
3.238911e-01 
3.238911e-01 
3.238911e-01 
3.238911e-01 
3.238911e-01 
3.238911e-01 
3.238911e-01 
3.238911e-01 
3.238911e-01 
3.238911e-01 
3.238911e-01 
3.238911e-01 
3.238911e-01 
3.238911e-01 
3.238911e-01 
3.238911e-01 
3.238911e-01 
3.238911e-01 
3.238911e-01 
3.238911e-01 
3.238911e-01 
3.238911e-01 
3.238911e-01 
3.238911e-01 
3.238911e-01 
3.238911e-01 
3.238911e-01 
3.238911e-01 
3.238911e-01 
3.238911e-01 
3.238911e-01 
3.238911e-01 
3.238911e-01 
3.238911e-01 
3.238911e-01 
3.238911e-01 
3.238911e-01 
3.238911e-01 
3.238911e-01 
3.238911e-01 
3.238911e-01 
3.238911e-01 
3.238911e-01 
3.238911e-01 
3.238911e-01 
3.238911e-01 
3.238911e-01 
3.238911e-01 
3.238911e-01 
3.238911e-01 
3.238911e-01 
3.238911e-01 
3.238911e-01 
3.238911e-01 
3.238911e-01 
3.238911e-01 
3.238911e-01 
3.238911e-01 
3.238911e-01 
3.238911e-01 
3.238911e-01 
3.238911e-01 
3.238911e-01 
3.238911e-01 
3.238911e-01 
3.238911e-01 
3.238911e-01 
3.238911e-01 
3.238911e-01 
3.238911e-01 
3.238911e-01 
3.238911e-01 
3.238911e-01 
3.238911e-01 
3.238911e-01 
3.238911e-01 
3.238911e-01 
3.238911e-01 
3.238911e-01 
3.238911e-01 
3.238911e-01 
3.238911e-01 
3.238911e-01 
3.238911e-01 
3.238911e-01 
3.238911e-01 
3.238911e-01 
3.238911e-01 
3.238911e-01 
3.238911e-01 
3.238911e-01 
3.238911e-01 
3.238911e-01 
3.238911e-01 
3.238911e-01 
3.238911e-01 
3.238911e-01 
3.238911e-01 
3.238911e-01 
3.238911e-01 
3.238911e-01 
3.238911e-01 
3.238911e-01 
3.238911e-01 
3.238911e-01 
3.238911e-01 
3.238911e-01 
3.238911e-01 
3.238911e-01 
3.238911e-01 
3.238911e-01 
3.238911e-01 
3.238911e-01 
3.238911e-01 
3.238911e-01 
3.238911e-01 
3.238911e-01 
3.238911e-01 
3.238911e-01 
3.238911e-01 
3.238911e-01 
3.238911e-01 
3.238911e-01 
3.238911e-01 
3.238911e-01 
3.238911e-01 
3.238911e-01 
3.238911e-01 
3.238911e-01 
3.238911e-01 
3.238911e-01 
3.238911e-01 
3.238911e-01 
3.238911e-01 
3.238911e-01 
3.238911e-01 
3.238911e-01 
3.238911e-01 
3.238911e-01 
3.238911e-01 
3.238911e-01 
3.238911e-01 
3.238911e-01 
3.238911e-01 
3.238911e-01 
3.238911e-01 
3.238911e-01 
3.238911e-01 
3.238911e-01 
3.238911e-01 
3.238911e-01 
3.238911e-01 
3.238911e-01 
3.238911e-01 
3.238911e-01 
3.238911e-01 
3.238911e-01 
3.238911e-01 
3.238911e-01 
3.238911e-01 
3.238911e-01 
3.238911e-01 
3.238911e-01 
3.238911e-01 
3.238911e-01 
3.238911e-01 
3.238911e-01 
3.238911e-01 
3.238911e-01 
3.238911e-01 
3.238911e-01 
3.238911e-01 
3.238911e-01 
3.238911e-01 
3.238911e-01 
3.238911e-01 
3.238911e-01 
3.238911e-01 
3.238911e-01 
3.238911e-01 
3.238911e-01 
3.238911e-01 
3.238911e-01 
3.238911e-01 
3.238911e-01 
3.238911e-01 
3.238911e-01 
3.238911e-01 
3.238911e-01 
3.238911e-01 
3.238911e-01 
3.238911e-01 
3.238911e-01 
3.238911e-01 
3.238911e-01 
3.238911e-01 
3.238911e-01 
3.238911e-01 
3.238911e-01 
3.238911e-01 
3.238911e-01 
3.238911e-01 
3.238911e-01 
3.238911e-01 
3.238911e-01 
3.238911e-01 
3.238911e-01 
3.238911e-01 
3.238911e-01 
3.238911e-01 
3.238911e-01 
3.238911e-01 
3.238911e-01 
3.238911e-01 
3.238911e-01 
3.238911e-01 
3.238911e-01 
3.238911e-01 
3.238911e-01 
3.238911e-01 
3.238911e-01 
3.238911e-01 
3.238911e-01 
3.238911e-01 
3.238911e-01 
3.238911e-01 
3.238911e-01 
3.238911e-01 
3.238911e-01 
3.238911e-01 
3.238911e-01 
3.238911e-01 
3.238911e-01 
3.238911e-01 
3.238911e-01 
3.238911e-01 
3.238911e-01 
3.238911e-01 
3.238911e-01 
3.238911e-01 
3.238911e-01 
3.238911e-01 
3.238911e-01 
3.238911e-01 
3.238911e-01 
3.238911e-01 
3.238911e-01 
3.238911e-01 
3.238911e-01 
3.238911e-01 
3.238911e-01 
3.238911e-01 
3.238911e-01 
3.238911e-01 
3.238911e-01 
3.238911e-01 
3.238911e-01 
3.238911e-01 
3.238911e-01 
3.238911e-01 
3.238911e-01 
3.238911e-01 
3.238911e-01 
3.238911e-01 
3.238911e-01 
3.238911e-01 
3.238911e-01 
3.238911e-01 
3.238911e-01 
3.238911e-01 
3.238911e-01 
3.238911e-01 
3.238911e-01 
3.238911e-01 
3.238911e-01 
3.238911e-01 
3.238911e-01 
3.238911e-01 
3.238911e-01 
3.238911e-01 
3.238911e-01 
3.238911e-01 
3.238911e-01 
3.238911e-01 
3.238911e-01 
3.238911e-01 
3.238911e-01 
3.238911e-01 
3.238911e-01 
3.238911e-01 
3.238911e-01 
3.238911e-01 
3.238911e-01 
3.238911e-01 
3.238911e-01 
3.238911e-01 
3.238911e-01 
3.238911e-01 
3.238911e-01 
3.238911e-01 
3.238911e-01 
3.238911e-01 
3.238911e-01 
3.238911e-01 
3.238911e-01 
3.238911e-01 
3.238911e-01 
3.238911e-01 
3.238911e-01 
3.238911e-01 
3.238911e-01 
3.238911e-01 
3.238911e-01 
3.238911e-01 
3.238911e-01 
3.238911e-01 
3.238911e-01 
3.238911e-01 
3.238911e-01 
3.238911e-01 
3.238911e-01 
3.238911e-01 
3.238911e-01 
3.238911e-01 
3.238911e-01 
3.238911e-01 
3.238911e-01 
3.238911e-01 
3.238911e-01 
3.238911e-01 
3.238911e-01 
3.238911e-01 
3.238911e-01 
3.238911e-01 
3.238911e-01 
3.238911e-01 
3.238911e-01 
3.238911e-01 
3.238911e-01 
3.238911e-01 
3.238911e-01 
3.238911e-01 
3.238911e-01 
3.238911e-01 
3.238911e-01 
3.238911e-01 
3.238911e-01 
3.238911e-01 
3.238911e-01 
3.238911e-01 
3.238911e-01 
3.238911e-01 
3.238911e-01 
3.238911e-01 
3.238911e-01 
3.238911e-01 
3.238911e-01 
3.238911e-01 
3.238911e-01 
3.238911e-01 
3.238911e-01 
3.238911e-01 
3.238911e-01 
3.238911e-01 
3.238911e-01 
3.238911e-01 
3.238911e-01 
3.238911e-01 
3.238911e-01 
3.238911e-01 
3.238911e-01 
3.238911e-01 
3.238911e-01 
3.238911e-01 
3.238911e-01 
3.238911e-01 
3.238911e-01 
3.238911e-01 
3.238911e-01 
3.238911e-01 
3.238911e-01 
3.238911e-01 
3.238911e-01 
3.238911e-01 
3.238911e-01 
3.238911e-01 
3.238911e-01 
3.238911e-01 
3.238911e-01 
3.238911e-01 
3.238911e-01 
3.238911e-01 
3.238911e-01 
3.238911e-01 
3.238911e-01 
3.238911e-01 
3.238911e-01 
3.238911e-01 
3.238911e-01 
3.238911e-01 
3.238911e-01 
3.238911e-01 
3.238911e-01 
3.238911e-01 
3.238911e-01 
3.238911e-01 
3.238911e-01 
3.238911e-01 
3.238911e-01 
3.238911e-01 
3.238911e-01 
3.238911e-01 
3.238911e-01 
3.238911e-01 
3.238911e-01 
3.238911e-01 
3.238911e-01 
3.238911e-01 
3.238911e-01 
3.238911e-01 
3.238911e-01 
3.238911e-01 
3.238911e-01 
3.238911e-01 
3.238911e-01 
3.238911e-01 
3.238911e-01 
3.238911e-01 
3.238911e-01 
3.238911e-01 
3.238911e-01 
3.238911e-01 
3.238911e-01 
3.238911e-01 
3.238911e-01 
3.238911e-01 
3.238911e-01 
3.238911e-01 
3.238911e-01 
3.238911e-01 
3.238911e-01 
3.238911e-01 
3.238911e-01 
3.238911e-01 
3.238911e-01 
3.238911e-01 
3.238911e-01 
3.238911e-01 
3.238911e-01 
3.238911e-01 
3.238911e-01 
3.238911e-01 
3.238911e-01 
3.238911e-01 
3.238911e-01 
3.238911e-01 
3.238911e-01 
3.238911e-01 
3.238911e-01 
3.238911e-01 
3.238911e-01 
3.238911e-01 
3.238911e-01 
3.238911e-01 
3.238911e-01 
3.238911e-01 
3.238911e-01 
3.238911e-01 
3.238911e-01 
3.238911e-01 
3.238911e-01 
3.238911e-01 
3.238911e-01 
3.238911e-01 
3.238911e-01 
3.238911e-01 
3.238911e-01 
3.238911e-01 
3.238911e-01 
3.238911e-01 
3.238911e-01 
3.238911e-01 
3.238911e-01 
3.238911e-01 
3.238911e-01 
3.238911e-01 
3.238911e-01 
3.238911e-01 
3.238911e-01 
3.238911e-01 
3.238911e-01 
3.238911e-01 
3.238911e-01 
3.238911e-01 
3.238911e-01 
3.238911e-01 
3.238911e-01 
3.238911e-01 
3.238911e-01 
3.238911e-01 
3.238911e-01 
3.238911e-01 
3.238911e-01 
3.238911e-01 
3.238911e-01 
3.238911e-01 
3.238911e-01 
3.238911e-01 
3.238911e-01 
3.238911e-01 
3.238911e-01 
3.238911e-01 
3.238911e-01 
3.238911e-01 
3.238911e-01 
3.238911e-01 
3.238911e-01 
3.238911e-01 
3.238911e-01 
3.238911e-01 
3.238911e-01 
3.238911e-01 
3.238911e-01 
3.238911e-01 
3.238911e-01 
3.238911e-01 
3.238911e-01 
3.238911e-01 
3.238911e-01 
3.238911e-01 
3.238911e-01 
3.238911e-01 
3.238911e-01 
3.238911e-01 
3.238911e-01 
3.238911e-01 
3.238911e-01 
3.238911e-01 
3.238911e-01 
3.238911e-01 
3.238911e-01 
3.238911e-01 
3.238911e-01 
3.238911e-01 
3.238911e-01 
3.238911e-01 
3.238911e-01 
3.238911e-01 
3.238911e-01 
3.238911e-01 
3.238911e-01 
3.238911e-01 
3.238911e-01 
3.238911e-01 
3.238911e-01 
3.238911e-01 
3.238911e-01 
3.238911e-01 
3.238911e-01 
3.238911e-01 
3.238911e-01 
3.238911e-01 
3.238911e-01 
3.238911e-01 
3.238911e-01 
3.238911e-01 
3.238911e-01 
3.238911e-01 
3.238911e-01 
3.238911e-01 
3.238911e-01 
3.238911e-01 
3.238911e-01 
3.238911e-01 
3.238911e-01 
3.238911e-01 
3.238911e-01 
3.238911e-01 
3.238911e-01 
3.238911e-01 
3.238911e-01 
3.238911e-01 
3.238911e-01 
3.238911e-01 
3.238911e-01 
3.238911e-01 
3.238911e-01 
3.238911e-01 
3.238911e-01 
3.238911e-01 
3.238911e-01 
3.238911e-01 
3.238911e-01 
3.238911e-01 
3.238911e-01 
3.238911e-01 
3.238911e-01 
3.238911e-01 
3.238911e-01 
3.238911e-01 
3.238911e-01 
3.238911e-01 
3.238911e-01 
3.238911e-01 
3.238911e-01 
3.238911e-01 
3.238911e-01 
3.238911e-01 
3.238911e-01 
3.238911e-01 
3.238911e-01 
3.238911e-01 
3.238911e-01 
3.238911e-01 
3.238911e-01 
3.238911e-01 
3.238911e-01 
3.238911e-01 
3.238911e-01 
3.238911e-01 
3.238911e-01 
3.238911e-01 
3.238911e-01 
3.238911e-01 
3.238911e-01 
3.238911e-01 
3.238911e-01 
3.238911e-01 
3.238911e-01 
3.238911e-01 
3.238911e-01 
3.238911e-01 
3.238911e-01 
3.238911e-01 
3.238911e-01 
3.238911e-01 
3.238911e-01 
3.238911e-01 
3.238911e-01 
3.238911e-01 
3.238911e-01 
3.238911e-01 
3.238911e-01 
3.238911e-01 
3.238911e-01 
3.238911e-01 
3.238911e-01 
3.238911e-01 
3.238911e-01 
3.238911e-01 
3.238911e-01 
3.238911e-01 
3.238911e-01 
3.238911e-01 
3.238911e-01 
3.238911e-01 
3.238911e-01 
3.238911e-01 
3.238911e-01 
3.238911e-01 
3.238911e-01 
3.238911e-01 
3.238911e-01 
3.238911e-01 
3.238911e-01 
3.238911e-01 
3.238911e-01 
3.238911e-01 
3.238911e-01 
3.238911e-01 
3.238911e-01 
3.238911e-01 
3.238911e-01 
3.238911e-01 
3.238911e-01 
3.238911e-01 
3.238911e-01 
3.238911e-01 
3.238911e-01 
3.238911e-01 
3.238911e-01 
3.238911e-01 
3.238911e-01 
3.238911e-01 
3.238911e-01 
3.238911e-01 
3.238911e-01 
3.238911e-01 
3.238911e-01 
3.238911e-01 
3.238911e-01 
3.238911e-01 
3.238911e-01 
3.238911e-01 
3.238911e-01 
3.238911e-01 
3.238911e-01 
3.238911e-01 
3.238911e-01 
3.238911e-01 
3.238911e-01 
3.238911e-01 
3.238911e-01 
3.238911e-01 
3.238911e-01 
3.238911e-01 
3.238911e-01 
3.238911e-01 
3.238911e-01 
3.238911e-01 
3.238911e-01 
3.238911e-01 
3.238911e-01 
3.238911e-01 
3.238911e-01 
3.238911e-01 
3.238911e-01 
3.238911e-01 
3.238911e-01 
3.238911e-01 
3.238911e-01 
3.238911e-01 
3.238911e-01 
3.238911e-01 
3.238911e-01 
3.238911e-01 
3.238911e-01 
3.238911e-01 
3.238911e-01 
3.238911e-01 
3.238911e-01 
3.238911e-01 
3.238911e-01 
3.238911e-01 
3.238911e-01 
3.238911e-01 
3.238911e-01 
3.238911e-01 
3.238911e-01 
3.238911e-01 
3.238911e-01 
3.238911e-01 
3.238911e-01 
3.238911e-01 
3.238911e-01 
3.238911e-01 
3.238911e-01 
3.238911e-01 
3.238911e-01 
3.238911e-01 
3.238911e-01 
3.238911e-01 
3.238911e-01 
3.238911e-01 
3.238911e-01 
3.238911e-01 
3.238911e-01 
3.238911e-01 
3.238911e-01 
3.238911e-01 
3.238911e-01 
3.238911e-01 
3.238911e-01 
3.238911e-01 
3.238911e-01 
3.238911e-01 
3.238911e-01 
3.238911e-01 
3.238911e-01 
3.238911e-01 
3.238911e-01 
3.238911e-01 
3.238911e-01 
3.238911e-01 
3.238911e-01 
3.238911e-01 
3.238911e-01 
3.238911e-01 
3.238911e-01 
3.238911e-01 
3.238911e-01 
3.238911e-01 
3.238911e-01 
3.238911e-01 
3.238911e-01 
3.238911e-01 
3.238911e-01 
3.238911e-01 
3.238911e-01 
3.238911e-01 
3.238911e-01 
3.238911e-01 
3.238911e-01 
3.238911e-01 
3.238911e-01 
3.238911e-01 
3.238911e-01 
3.238911e-01 
3.238911e-01 
3.238911e-01 
3.238911e-01 
3.238911e-01 
3.238911e-01 
3.238911e-01 
3.238911e-01 
3.238911e-01 
3.238911e-01 
3.238911e-01 
3.238911e-01 
3.238911e-01 
3.238911e-01 
3.238911e-01 
3.238911e-01 
3.238911e-01 
3.238911e-01 
3.238911e-01 
3.238911e-01 
3.238911e-01 
3.238911e-01 
3.238911e-01 
3.238911e-01 
3.238911e-01 
3.238911e-01 
3.238911e-01 
3.238911e-01 
3.238911e-01 
3.238911e-01 
3.238911e-01 
3.238911e-01 
3.238911e-01 
3.238911e-01 
3.238911e-01 
3.238911e-01 
3.238911e-01 
3.238911e-01 
3.238911e-01 
3.238911e-01 
3.238911e-01 
3.238911e-01 
3.238911e-01 
3.238911e-01 
3.238911e-01 
3.238911e-01 
3.238911e-01 
3.238911e-01 
3.238911e-01 
3.238911e-01 
3.238911e-01 
3.238911e-01 
3.238911e-01 
3.238911e-01 
3.238911e-01 
3.238911e-01 
3.238911e-01 
3.238911e-01 
3.238911e-01 
3.238911e-01 
3.238911e-01 
3.238911e-01 
3.238911e-01 
3.238911e-01 
3.238911e-01 
3.238911e-01 
3.238911e-01 
3.238911e-01 
3.238911e-01 
3.238911e-01 
3.238911e-01 
3.238911e-01 
3.238911e-01 
3.238911e-01 
3.238911e-01 
3.238911e-01 
3.238911e-01 
3.238911e-01 
3.238911e-01 
3.238911e-01 
3.238911e-01 
3.238911e-01 
3.238911e-01 
3.238911e-01 
3.238911e-01 
3.238911e-01 
3.238911e-01 
3.238911e-01 
3.238911e-01 
3.238911e-01 
3.238911e-01 
3.238911e-01 
3.238911e-01 
3.238911e-01 
3.238911e-01 
3.238911e-01 
3.238911e-01 
3.238911e-01 
3.238911e-01 
3.238911e-01 
3.238911e-01 
3.238911e-01 
3.238911e-01 
3.238911e-01 
3.238911e-01 
3.238911e-01 
3.238911e-01 
3.238911e-01 
3.238911e-01 
3.238911e-01 
3.238911e-01 
3.238911e-01 
3.238911e-01 
3.238911e-01 
3.238911e-01 
3.238911e-01 
3.238911e-01 
3.238911e-01 
3.238911e-01 
3.238911e-01 
3.238911e-01 
3.238911e-01 
3.238911e-01 
3.238911e-01 
3.238911e-01 
3.238911e-01 
3.238911e-01 
3.238911e-01 
3.238911e-01 
3.238911e-01 
3.238911e-01 
3.238911e-01 
3.238911e-01 
3.238911e-01 
3.238911e-01 
3.238911e-01 
3.238911e-01 
3.238911e-01 
3.238911e-01 
3.238911e-01 
3.238911e-01 
3.238911e-01 
3.238911e-01 
3.238911e-01 
3.238911e-01 
3.238911e-01 
3.238911e-01 
3.238911e-01 
3.238911e-01 
3.238911e-01 
3.238911e-01 
3.238911e-01 
3.238911e-01 
3.238911e-01 
3.238911e-01 
3.238911e-01 
3.238911e-01 
3.238911e-01 
3.238911e-01 
3.238911e-01 
3.238911e-01 
3.238911e-01 
3.238911e-01 
3.238911e-01 
3.238911e-01 
3.238911e-01 
3.238911e-01 
3.238911e-01 
3.238911e-01 
3.238911e-01 
3.238911e-01 
3.238911e-01 
3.238911e-01 
3.238911e-01 
3.238911e-01 
3.238911e-01 
3.238911e-01 
3.238911e-01 
3.238911e-01 
3.238911e-01 
3.238911e-01 
3.238911e-01 
3.238911e-01 
3.238911e-01 
3.238911e-01 
3.238911e-01 
3.238911e-01 
3.238911e-01 
3.238911e-01 
3.238911e-01 
3.238911e-01 
3.238911e-01 
3.238911e-01 
3.238911e-01 
3.238911e-01 
3.238911e-01 
3.238911e-01 
3.238911e-01 
3.238911e-01 
3.238911e-01 
3.238911e-01 
3.238911e-01 
3.238911e-01 
3.238911e-01 
3.238911e-01 
3.238911e-01 
3.238911e-01 
3.238911e-01 
3.238911e-01 
3.238911e-01 
3.238911e-01 
3.238911e-01 
3.238911e-01 
3.238911e-01 
3.238911e-01 
3.238911e-01 
3.238911e-01 
3.238911e-01 
3.238911e-01 
3.238911e-01 
3.238911e-01 
3.238911e-01 
3.238911e-01 
3.238911e-01 
3.238911e-01 
3.238911e-01 
3.238911e-01 
3.238911e-01 
3.238911e-01 
3.238911e-01 
3.238911e-01 
3.238911e-01 
3.238911e-01 
3.238911e-01 
3.238911e-01 
3.238911e-01 
3.238911e-01 
3.238911e-01 
3.238911e-01 
3.238911e-01 
3.238911e-01 
3.238911e-01 
3.238911e-01 
3.238911e-01 
3.238911e-01 
3.238911e-01 
3.238911e-01 
3.238911e-01 
3.238911e-01 
3.238911e-01 
3.238911e-01 
3.238911e-01 
3.238911e-01 
3.238911e-01 
3.238911e-01 
3.238911e-01 
3.238911e-01 
3.238911e-01 
3.238911e-01 
3.238911e-01 
3.238911e-01 
3.238911e-01 
3.238911e-01 
3.238911e-01 
3.238911e-01 
3.238911e-01 
3.238911e-01 
3.238911e-01 
3.238911e-01 
3.238911e-01 
3.238911e-01 
3.238911e-01 
3.238911e-01 
3.238911e-01 
3.238911e-01 
3.238911e-01 
3.238911e-01 
3.238911e-01 
3.238911e-01 
3.238911e-01 
3.238911e-01 
3.238911e-01 
3.238911e-01 
3.238911e-01 
3.238911e-01 
3.238911e-01 
3.238911e-01 
3.238911e-01 
3.238911e-01 
3.238911e-01 
3.238911e-01 
3.238911e-01 
3.238911e-01 
3.238911e-01 
3.238911e-01 
3.238911e-01 
3.238911e-01 
3.238911e-01 
3.238911e-01 
3.238911e-01 
3.238911e-01 
3.238911e-01 
3.238911e-01 
3.238911e-01 
3.238911e-01 
3.238911e-01 
3.238911e-01 
3.238911e-01 
3.238911e-01 
3.238911e-01 
3.238911e-01 
3.238911e-01 
3.238911e-01 
3.238911e-01 
3.238911e-01 
3.238911e-01 
3.238911e-01 
3.238911e-01 
3.238911e-01 
3.238911e-01 
3.238911e-01 
3.238911e-01 
3.238911e-01 
3.238911e-01 
3.238911e-01 
3.238911e-01 
3.238911e-01 
3.238911e-01 
3.238911e-01 
3.238911e-01 
3.238911e-01 
3.238911e-01 
3.238911e-01 
3.238911e-01 
3.238911e-01 
3.238911e-01 
3.238911e-01 
3.238911e-01 
3.238911e-01 
3.238911e-01 
3.238911e-01 
3.238911e-01 
3.238911e-01 
3.238911e-01 
3.238911e-01 
3.238911e-01 
3.238911e-01 
3.238911e-01 
3.238911e-01 
3.238911e-01 
3.238911e-01 
3.238911e-01 
3.238911e-01 
3.238911e-01 
3.238911e-01 
3.238911e-01 
3.238911e-01 
3.238911e-01 
3.238911e-01 
3.238911e-01 
3.238911e-01 
3.238911e-01 
3.238911e-01 
3.238911e-01 
3.238911e-01 
3.238911e-01 
3.238911e-01 
3.238911e-01 
3.238911e-01 
3.238911e-01 
3.238911e-01 
3.238911e-01 
3.238911e-01 
3.238911e-01 
3.238911e-01 
3.238911e-01 
3.238911e-01 
3.238911e-01 
3.238911e-01 
3.238911e-01 
3.238911e-01 
3.238911e-01 
3.238911e-01 
3.238911e-01 
3.238911e-01 
3.238911e-01 
3.238911e-01 
3.238911e-01 
3.238911e-01 
3.238911e-01 
3.238911e-01 
3.238911e-01 
3.238911e-01 
3.238911e-01 
3.238911e-01 
3.238911e-01 
3.238911e-01 
3.238911e-01 
3.238911e-01 
3.238911e-01 
3.238911e-01 
3.238911e-01 
3.238911e-01 
3.238911e-01 
3.238911e-01 
3.238911e-01 
3.238911e-01 
3.238911e-01 
3.238911e-01 
3.238911e-01 
3.238911e-01 
3.238911e-01 
3.238911e-01 
3.238911e-01 
3.238911e-01 
3.238911e-01 
3.238911e-01 
3.238911e-01 
3.238911e-01 
3.238911e-01 
3.238911e-01 
3.238911e-01 
3.238911e-01 
3.238911e-01 
3.238911e-01 
3.238911e-01 
3.238911e-01 
3.238911e-01 
3.238911e-01 
3.238911e-01 
3.238911e-01 
3.238911e-01 
3.238911e-01 
3.238911e-01 
3.238911e-01 
3.238911e-01 
3.238911e-01 
3.238911e-01 
3.238911e-01 
3.238911e-01 
3.238911e-01 
3.238911e-01 
3.238911e-01 
3.238911e-01 
3.238911e-01 
3.238911e-01 
3.238911e-01 
3.238911e-01 
3.238911e-01 
3.238911e-01 
3.238911e-01 
3.238911e-01 
3.238911e-01 
3.238911e-01 
3.238911e-01 
3.238911e-01 
3.238911e-01 
3.238911e-01 
3.238911e-01 
3.238911e-01 
3.238911e-01 
3.238911e-01 
3.238911e-01 
3.238911e-01 
3.238911e-01 
3.238911e-01 
3.238911e-01 
3.238911e-01 
3.238911e-01 
3.238911e-01 
3.238911e-01 
3.238911e-01 
3.238911e-01 
3.238911e-01 
3.238911e-01 
3.238911e-01 
3.238911e-01 
3.238911e-01 
3.238911e-01 
3.238911e-01 
3.238911e-01 
3.238911e-01 
3.238911e-01 
3.238911e-01 
3.238911e-01 
3.238911e-01 
3.238911e-01 
3.238911e-01 
3.238911e-01 
3.238911e-01 
3.238911e-01 
3.238911e-01 
3.238911e-01 
3.238911e-01 
3.238911e-01 
3.238911e-01 
3.238911e-01 
3.238911e-01 
3.238911e-01 
3.238911e-01 
3.238911e-01 
3.238911e-01 
3.238911e-01 
3.238911e-01 
3.238911e-01 
3.238911e-01 
3.238911e-01 
3.238911e-01 
3.238911e-01 
3.238911e-01 
3.238911e-01 
3.238911e-01 
3.238911e-01 
3.238911e-01 
3.238911e-01 
3.238911e-01 
3.238911e-01 
3.238911e-01 
3.238911e-01 
3.238911e-01 
3.238911e-01 
3.238911e-01 
3.238911e-01 
3.238911e-01 
3.238911e-01 
3.238911e-01 
3.238911e-01 
3.238911e-01 
3.238911e-01 
3.238911e-01 
3.238911e-01 
3.238911e-01 
3.238911e-01 
3.238911e-01 
3.238911e-01 
3.238911e-01 
3.238911e-01 
3.238911e-01 
3.238911e-01 
3.238911e-01 
3.238911e-01 
3.238911e-01 
3.238911e-01 
3.238911e-01 
3.238911e-01 
3.238911e-01 
3.238911e-01 
3.238911e-01 
3.238911e-01 
3.238911e-01 
3.238911e-01 
3.238911e-01 
3.238911e-01 
3.238911e-01 
3.238911e-01 
3.238911e-01 
3.238911e-01 
3.238911e-01 
3.238911e-01 
3.238911e-01 
3.238911e-01 
3.238911e-01 
3.238911e-01 
3.238911e-01 
3.238911e-01 
3.238911e-01 
3.238911e-01 
3.238911e-01 
3.238911e-01 
3.238911e-01 
3.238911e-01 
3.238911e-01 
3.238911e-01 
3.238911e-01 
3.238911e-01 
3.238911e-01 
3.238911e-01 
3.238911e-01 
3.238911e-01 
3.238911e-01 
3.238911e-01 
3.238911e-01 
3.238911e-01 
3.238911e-01 
3.238911e-01 
3.238911e-01 
3.238911e-01 
3.238911e-01 
3.238911e-01 
3.238911e-01 
3.238911e-01 
3.238911e-01 
3.238911e-01 
3.238911e-01 
3.238911e-01 
3.238911e-01 
3.238911e-01 
3.238911e-01 
3.238911e-01 
3.238911e-01 
3.238911e-01 
3.238911e-01 
3.238911e-01 
3.238911e-01 
3.238911e-01 
3.238911e-01 
3.238911e-01 
3.238911e-01 
3.238911e-01 
3.238911e-01 
3.238911e-01 
3.238911e-01 
3.238911e-01 
3.238911e-01 
3.238911e-01 
3.238911e-01 
3.238911e-01 
3.238911e-01 
3.238911e-01 
3.238911e-01 
3.238911e-01 
3.238911e-01 
3.238911e-01 
3.238911e-01 
3.238911e-01 
3.238911e-01 
3.238911e-01 
3.238911e-01 
3.238911e-01 
3.238911e-01 
3.238911e-01 
3.238911e-01 
3.238911e-01 
3.238911e-01 
3.238911e-01 
3.238911e-01 
3.238911e-01 
3.238911e-01 
3.238911e-01 
3.238911e-01 
3.238911e-01 
3.238911e-01 
3.238911e-01 
3.238911e-01 
3.238911e-01 
3.238911e-01 
3.238911e-01 
3.238911e-01 
3.238911e-01 
3.238911e-01 
3.238911e-01 
3.238911e-01 
3.238911e-01 
3.238911e-01 
3.238911e-01 
3.238911e-01 
3.238911e-01 
3.238911e-01 
3.238911e-01 
3.238911e-01 
3.238911e-01 
3.238911e-01 
3.238911e-01 
3.238911e-01 
3.238911e-01 
3.238911e-01 
3.238911e-01 
3.238911e-01 
3.238911e-01 
3.238911e-01 
3.238911e-01 
3.238911e-01 
3.238911e-01 
3.238911e-01 
3.238911e-01 
3.238911e-01 
3.238911e-01 
3.238911e-01 
3.238911e-01 
3.238911e-01 
3.238911e-01 
3.238911e-01 
3.238911e-01 
3.238911e-01 
3.238911e-01 
3.238911e-01 
3.238911e-01 
3.238911e-01 
3.238911e-01 
3.238911e-01 
3.238911e-01 
3.238911e-01 
3.238911e-01 
3.238911e-01 
3.238911e-01 
3.238911e-01 
3.238911e-01 
3.238911e-01 
3.238911e-01 
3.238911e-01 
3.238911e-01 
3.238911e-01 
3.238911e-01 
3.238911e-01 
3.238911e-01 
3.238911e-01 
3.238911e-01 
3.238911e-01 
3.238911e-01 
3.238911e-01 
