4.023797e+06 
2.172680e+06 
1.034209e+06 
1.034209e+06 
1.034209e+06 
4.293081e+05 
4.293081e+05 
5.549782e+04 
5.549782e+04 
5.549782e+04 
5.549782e+04 
3.342419e+04 
3.342419e+04 
3.342419e+04 
3.342419e+04 
3.342419e+04 
3.342419e+04 
3.342419e+04 
3.342419e+04 
5.873281e+03 
5.873281e+03 
5.873281e+03 
5.873281e+03 
5.873281e+03 
5.873281e+03 
5.873281e+03 
5.873281e+03 
5.873281e+03 
5.873281e+03 
5.873281e+03 
5.873281e+03 
5.873281e+03 
5.873281e+03 
5.873281e+03 
5.873281e+03 
5.873281e+03 
5.873281e+03 
5.873281e+03 
5.873281e+03 
5.873281e+03 
5.873281e+03 
5.873281e+03 
5.873281e+03 
5.873281e+03 
5.873281e+03 
5.873281e+03 
5.873281e+03 
5.873281e+03 
5.873281e+03 
5.873281e+03 
5.873281e+03 
5.873281e+03 
5.873281e+03 
5.873281e+03 
5.873281e+03 
5.873281e+03 
5.873281e+03 
5.873281e+03 
5.873281e+03 
5.873281e+03 
5.873281e+03 
5.873281e+03 
5.873281e+03 
5.873281e+03 
5.873281e+03 
5.873281e+03 
5.873281e+03 
5.873281e+03 
5.873281e+03 
5.873281e+03 
5.873281e+03 
5.873281e+03 
5.873281e+03 
5.873281e+03 
5.873281e+03 
5.873281e+03 
5.873281e+03 
5.873281e+03 
5.873281e+03 
5.873281e+03 
5.873281e+03 
5.873281e+03 
5.873281e+03 
5.873281e+03 
5.873281e+03 
5.873281e+03 
5.873281e+03 
5.862924e+03 
5.862924e+03 
5.862924e+03 
5.862924e+03 
5.862924e+03 
5.862924e+03 
5.862924e+03 
5.862924e+03 
5.862924e+03 
5.862924e+03 
5.862924e+03 
5.862924e+03 
5.862924e+03 
5.862924e+03 
5.862924e+03 
5.862924e+03 
5.862924e+03 
5.862924e+03 
5.862924e+03 
5.862924e+03 
5.862924e+03 
5.862924e+03 
5.862924e+03 
5.862924e+03 
5.862924e+03 
5.862924e+03 
5.862924e+03 
5.862924e+03 
5.862924e+03 
5.862924e+03 
5.862924e+03 
5.862924e+03 
5.862924e+03 
5.862924e+03 
5.862924e+03 
5.862924e+03 
5.862924e+03 
5.862924e+03 
5.862924e+03 
5.862924e+03 
5.862924e+03 
5.862924e+03 
5.862924e+03 
5.862924e+03 
5.862924e+03 
5.862924e+03 
5.862924e+03 
5.862924e+03 
5.862924e+03 
5.862924e+03 
5.862924e+03 
5.862924e+03 
5.862924e+03 
5.862924e+03 
5.862924e+03 
5.862924e+03 
5.862924e+03 
5.862924e+03 
5.862924e+03 
5.862924e+03 
5.862924e+03 
5.862924e+03 
5.862924e+03 
5.862924e+03 
5.862924e+03 
5.862924e+03 
5.862924e+03 
5.862924e+03 
5.862924e+03 
5.862924e+03 
5.862924e+03 
5.862924e+03 
5.862924e+03 
5.862924e+03 
5.862924e+03 
5.862924e+03 
5.862924e+03 
5.192169e+03 
5.192169e+03 
5.192169e+03 
5.192169e+03 
5.192169e+03 
5.192169e+03 
5.192169e+03 
5.192169e+03 
5.192169e+03 
5.192169e+03 
5.192169e+03 
5.192169e+03 
5.192169e+03 
5.192169e+03 
5.192169e+03 
5.192169e+03 
5.192169e+03 
5.192169e+03 
5.192169e+03 
5.192169e+03 
5.192169e+03 
5.192169e+03 
5.192169e+03 
5.192169e+03 
5.192169e+03 
5.192169e+03 
5.192169e+03 
5.192169e+03 
5.192169e+03 
5.192169e+03 
5.192169e+03 
5.192169e+03 
5.192169e+03 
5.192169e+03 
5.192169e+03 
5.192169e+03 
4.850822e+03 
4.850822e+03 
4.850822e+03 
4.850822e+03 
4.850822e+03 
4.850822e+03 
4.850822e+03 
4.850822e+03 
4.850822e+03 
4.850822e+03 
4.850822e+03 
4.850822e+03 
4.850822e+03 
4.850822e+03 
4.850822e+03 
4.850822e+03 
4.850822e+03 
4.850822e+03 
4.850822e+03 
4.850822e+03 
4.850822e+03 
4.850822e+03 
3.338611e+03 
3.338611e+03 
3.338611e+03 
3.338611e+03 
3.338611e+03 
3.338611e+03 
3.338611e+03 
3.338611e+03 
3.338611e+03 
3.338611e+03 
3.338611e+03 
3.338611e+03 
3.338611e+03 
3.338611e+03 
3.338611e+03 
3.338611e+03 
3.338611e+03 
3.338611e+03 
3.338611e+03 
3.338611e+03 
3.338611e+03 
3.338611e+03 
3.338611e+03 
3.338611e+03 
3.338611e+03 
3.338611e+03 
3.338611e+03 
3.338611e+03 
3.338611e+03 
3.338611e+03 
3.338611e+03 
3.338611e+03 
3.338611e+03 
3.338611e+03 
3.338611e+03 
3.338611e+03 
3.338611e+03 
3.338611e+03 
3.338611e+03 
3.338611e+03 
3.338611e+03 
2.576813e+03 
2.576813e+03 
2.576813e+03 
2.576813e+03 
2.576813e+03 
2.576813e+03 
2.576813e+03 
2.576813e+03 
2.576813e+03 
2.576813e+03 
2.206805e+03 
2.206805e+03 
2.206805e+03 
2.206805e+03 
2.206805e+03 
2.206805e+03 
2.206805e+03 
2.206805e+03 
1.945269e+03 
1.945269e+03 
1.945269e+03 
1.945269e+03 
1.945269e+03 
1.945269e+03 
1.945269e+03 
1.945269e+03 
1.945269e+03 
1.945269e+03 
1.945269e+03 
1.945269e+03 
1.945269e+03 
1.945269e+03 
1.945269e+03 
1.945269e+03 
1.945269e+03 
1.945269e+03 
1.945269e+03 
1.945269e+03 
1.945269e+03 
1.945269e+03 
1.945269e+03 
1.945269e+03 
1.945269e+03 
1.945269e+03 
1.945269e+03 
1.945269e+03 
1.945269e+03 
1.945269e+03 
1.945269e+03 
1.945269e+03 
1.945269e+03 
1.945269e+03 
1.945269e+03 
1.945269e+03 
1.945269e+03 
1.945269e+03 
1.945269e+03 
1.945269e+03 
1.945269e+03 
1.945269e+03 
1.945269e+03 
1.945269e+03 
1.945269e+03 
1.945269e+03 
1.945269e+03 
1.945269e+03 
1.945269e+03 
1.945269e+03 
1.945269e+03 
1.945269e+03 
1.945269e+03 
1.945269e+03 
1.945269e+03 
1.945269e+03 
1.945269e+03 
1.945269e+03 
1.945269e+03 
1.945269e+03 
1.945269e+03 
1.945269e+03 
1.945269e+03 
1.945269e+03 
1.945269e+03 
1.945269e+03 
1.945269e+03 
1.945269e+03 
1.945269e+03 
1.945269e+03 
1.945269e+03 
1.945269e+03 
1.945269e+03 
1.945269e+03 
1.945269e+03 
1.945269e+03 
1.945269e+03 
1.945269e+03 
1.945269e+03 
1.945269e+03 
1.945269e+03 
1.945269e+03 
1.945269e+03 
1.945269e+03 
1.945269e+03 
1.945269e+03 
1.945269e+03 
1.945269e+03 
1.945269e+03 
1.945269e+03 
1.945269e+03 
1.945269e+03 
1.945269e+03 
1.945269e+03 
1.945269e+03 
1.945269e+03 
1.945269e+03 
1.945269e+03 
1.945269e+03 
1.945269e+03 
1.945269e+03 
1.945269e+03 
1.945269e+03 
1.945269e+03 
1.945269e+03 
1.945269e+03 
1.945269e+03 
1.945269e+03 
1.945269e+03 
1.945269e+03 
1.945269e+03 
1.945269e+03 
1.945269e+03 
1.945269e+03 
1.945269e+03 
1.945269e+03 
1.945269e+03 
1.945269e+03 
1.945269e+03 
1.945269e+03 
1.945269e+03 
1.945269e+03 
1.945269e+03 
1.945269e+03 
1.945269e+03 
1.945269e+03 
1.945269e+03 
1.945269e+03 
1.945269e+03 
1.945269e+03 
1.945269e+03 
1.945269e+03 
1.945269e+03 
1.945269e+03 
1.945269e+03 
1.945269e+03 
1.945269e+03 
1.945269e+03 
1.945269e+03 
1.945269e+03 
1.945269e+03 
1.945269e+03 
1.945269e+03 
1.945269e+03 
1.945269e+03 
1.945269e+03 
1.945269e+03 
1.945269e+03 
1.945269e+03 
1.945269e+03 
1.019262e+03 
1.019262e+03 
1.019262e+03 
1.019262e+03 
1.019262e+03 
1.019262e+03 
1.019262e+03 
1.019262e+03 
1.019262e+03 
1.019262e+03 
1.019262e+03 
1.019262e+03 
1.019262e+03 
1.019262e+03 
1.019262e+03 
1.019262e+03 
1.019262e+03 
1.019262e+03 
1.019262e+03 
1.019262e+03 
1.019262e+03 
1.019262e+03 
1.019262e+03 
1.019262e+03 
1.019262e+03 
1.019262e+03 
1.019262e+03 
1.019262e+03 
1.019262e+03 
1.019262e+03 
1.019262e+03 
1.019262e+03 
1.019262e+03 
1.019262e+03 
1.019262e+03 
1.019262e+03 
1.019262e+03 
1.019262e+03 
1.019262e+03 
6.658992e+02 
6.658992e+02 
6.658992e+02 
6.658992e+02 
6.658992e+02 
6.658992e+02 
6.658992e+02 
6.658992e+02 
6.658992e+02 
6.658992e+02 
6.658992e+02 
6.658992e+02 
6.658992e+02 
6.658992e+02 
6.658992e+02 
6.658992e+02 
6.658992e+02 
6.658992e+02 
6.658992e+02 
6.658992e+02 
6.658992e+02 
6.658992e+02 
6.658992e+02 
6.658992e+02 
6.658992e+02 
6.658992e+02 
6.658992e+02 
6.658992e+02 
6.658992e+02 
6.658992e+02 
6.658992e+02 
6.658992e+02 
6.658992e+02 
6.658992e+02 
6.658992e+02 
6.658992e+02 
6.658992e+02 
6.658992e+02 
6.658992e+02 
6.658992e+02 
6.658992e+02 
6.658992e+02 
6.658992e+02 
6.658992e+02 
6.658992e+02 
6.658992e+02 
6.658992e+02 
6.658992e+02 
6.658992e+02 
6.658992e+02 
6.658992e+02 
6.658992e+02 
6.658992e+02 
6.658992e+02 
6.658992e+02 
6.658992e+02 
6.658992e+02 
6.658992e+02 
6.658992e+02 
6.658992e+02 
6.658992e+02 
6.658992e+02 
6.658992e+02 
6.658992e+02 
6.658992e+02 
6.658992e+02 
6.658992e+02 
6.658992e+02 
6.658992e+02 
6.658992e+02 
6.658992e+02 
6.658992e+02 
6.658992e+02 
6.658992e+02 
6.658992e+02 
6.658992e+02 
6.658992e+02 
6.658992e+02 
6.658992e+02 
6.658992e+02 
6.658992e+02 
6.658992e+02 
6.658992e+02 
6.658992e+02 
6.658992e+02 
6.658992e+02 
6.658992e+02 
6.658992e+02 
6.658992e+02 
6.658992e+02 
6.658992e+02 
6.658992e+02 
6.658992e+02 
6.658992e+02 
6.658992e+02 
6.658992e+02 
6.658992e+02 
6.658992e+02 
6.658992e+02 
6.658992e+02 
6.658992e+02 
6.658992e+02 
6.658992e+02 
6.658992e+02 
6.658992e+02 
6.658992e+02 
6.658992e+02 
6.658992e+02 
6.658992e+02 
6.658992e+02 
6.658992e+02 
6.658992e+02 
6.658992e+02 
6.658992e+02 
6.658992e+02 
6.658992e+02 
6.658992e+02 
6.658992e+02 
6.658992e+02 
6.658992e+02 
6.658992e+02 
6.658992e+02 
6.658992e+02 
6.658992e+02 
6.658992e+02 
6.658992e+02 
6.658992e+02 
6.658992e+02 
6.658992e+02 
6.658992e+02 
6.658992e+02 
6.658992e+02 
6.658992e+02 
6.658992e+02 
6.658992e+02 
6.658992e+02 
6.658992e+02 
6.658992e+02 
6.658992e+02 
6.658992e+02 
6.658992e+02 
6.658992e+02 
6.658992e+02 
6.658992e+02 
6.658992e+02 
6.658992e+02 
6.658992e+02 
6.658992e+02 
6.658992e+02 
6.658992e+02 
6.658992e+02 
6.658992e+02 
6.658992e+02 
6.658992e+02 
6.658992e+02 
6.658992e+02 
6.658992e+02 
6.658992e+02 
6.658992e+02 
6.658992e+02 
6.658992e+02 
6.658992e+02 
6.658992e+02 
6.658992e+02 
6.658992e+02 
6.658992e+02 
6.658992e+02 
6.658992e+02 
6.658992e+02 
6.658992e+02 
6.658992e+02 
6.658992e+02 
6.658992e+02 
6.658992e+02 
6.658992e+02 
6.658992e+02 
6.658992e+02 
6.658992e+02 
6.658992e+02 
6.658992e+02 
6.658992e+02 
6.658992e+02 
6.658992e+02 
6.658992e+02 
6.658992e+02 
6.658992e+02 
6.658992e+02 
6.658992e+02 
6.658992e+02 
6.658992e+02 
6.658992e+02 
6.658992e+02 
6.658992e+02 
6.658992e+02 
6.658992e+02 
6.658992e+02 
6.658992e+02 
6.658992e+02 
6.658992e+02 
6.658992e+02 
6.658992e+02 
6.658992e+02 
6.658992e+02 
6.658992e+02 
6.658992e+02 
6.658992e+02 
6.658992e+02 
6.658992e+02 
6.658992e+02 
6.658992e+02 
6.658992e+02 
6.658992e+02 
6.658992e+02 
6.658992e+02 
6.658992e+02 
6.658992e+02 
6.658992e+02 
6.658992e+02 
6.658992e+02 
6.658992e+02 
6.658992e+02 
6.658992e+02 
6.658992e+02 
6.658992e+02 
6.658992e+02 
6.658992e+02 
6.658992e+02 
6.658992e+02 
6.658992e+02 
6.658992e+02 
6.658992e+02 
6.658992e+02 
6.658992e+02 
6.658992e+02 
6.658992e+02 
6.658992e+02 
6.658992e+02 
6.658992e+02 
6.658992e+02 
6.658992e+02 
6.658992e+02 
6.658992e+02 
6.658992e+02 
6.658992e+02 
6.658992e+02 
6.658992e+02 
6.658992e+02 
6.658992e+02 
6.658992e+02 
6.658992e+02 
6.658992e+02 
6.658992e+02 
6.658992e+02 
6.658992e+02 
6.658992e+02 
6.658992e+02 
6.658992e+02 
6.658992e+02 
6.658992e+02 
6.658992e+02 
6.658992e+02 
6.658992e+02 
6.658992e+02 
6.658992e+02 
6.658992e+02 
6.658992e+02 
6.658992e+02 
6.658992e+02 
6.658992e+02 
6.658992e+02 
6.658992e+02 
6.658992e+02 
6.658992e+02 
6.658992e+02 
6.658992e+02 
6.658992e+02 
6.658992e+02 
6.658992e+02 
6.658992e+02 
6.658992e+02 
6.658992e+02 
6.658992e+02 
6.658992e+02 
6.658992e+02 
6.658992e+02 
6.658992e+02 
6.658992e+02 
6.658992e+02 
6.658992e+02 
6.658992e+02 
6.658992e+02 
6.658992e+02 
6.658992e+02 
6.658992e+02 
6.658992e+02 
6.658992e+02 
6.658992e+02 
6.658992e+02 
6.658992e+02 
6.658992e+02 
6.658992e+02 
6.658992e+02 
6.658992e+02 
6.658992e+02 
6.658992e+02 
6.658992e+02 
6.658992e+02 
6.658992e+02 
6.658992e+02 
6.658992e+02 
6.658992e+02 
6.658992e+02 
6.658992e+02 
6.658992e+02 
6.658992e+02 
6.658992e+02 
6.658992e+02 
6.658992e+02 
6.658992e+02 
6.658992e+02 
6.658992e+02 
6.658992e+02 
6.658992e+02 
6.658992e+02 
6.658992e+02 
6.658992e+02 
6.658992e+02 
6.658992e+02 
6.658992e+02 
6.658992e+02 
6.658992e+02 
6.658992e+02 
6.658992e+02 
6.658992e+02 
6.658992e+02 
6.658992e+02 
6.658992e+02 
6.658992e+02 
6.658992e+02 
6.658992e+02 
6.658992e+02 
6.658992e+02 
6.658992e+02 
6.658992e+02 
6.658992e+02 
6.658992e+02 
6.658992e+02 
6.658992e+02 
6.658992e+02 
6.658992e+02 
6.658992e+02 
6.658992e+02 
6.658992e+02 
6.658992e+02 
6.658992e+02 
6.658992e+02 
6.658992e+02 
6.658992e+02 
6.658992e+02 
6.658992e+02 
6.658992e+02 
6.658992e+02 
6.658992e+02 
6.658992e+02 
6.658992e+02 
6.658992e+02 
6.658992e+02 
6.658992e+02 
6.658992e+02 
6.658992e+02 
6.658992e+02 
6.658992e+02 
6.658992e+02 
6.658992e+02 
6.658992e+02 
6.658992e+02 
6.658992e+02 
6.658992e+02 
6.658992e+02 
6.658992e+02 
6.658992e+02 
6.658992e+02 
6.658992e+02 
6.658992e+02 
6.658992e+02 
6.658992e+02 
6.658992e+02 
6.658992e+02 
6.658992e+02 
6.658992e+02 
6.658992e+02 
6.658992e+02 
6.658992e+02 
6.658992e+02 
6.658992e+02 
6.658992e+02 
6.658992e+02 
6.658992e+02 
6.658992e+02 
6.658992e+02 
6.658992e+02 
6.658992e+02 
6.658992e+02 
6.658992e+02 
6.658992e+02 
6.658992e+02 
6.658992e+02 
6.658992e+02 
6.658992e+02 
6.658992e+02 
6.658992e+02 
6.658992e+02 
6.658992e+02 
6.658992e+02 
6.658992e+02 
6.658992e+02 
6.658992e+02 
6.658992e+02 
6.658992e+02 
6.658992e+02 
6.658992e+02 
6.658992e+02 
6.658992e+02 
6.658992e+02 
6.658992e+02 
6.658992e+02 
6.658992e+02 
6.658992e+02 
6.658992e+02 
6.658992e+02 
6.658992e+02 
6.658992e+02 
6.658992e+02 
6.658992e+02 
6.658992e+02 
6.658992e+02 
6.658992e+02 
6.658992e+02 
6.658992e+02 
6.658992e+02 
6.658992e+02 
6.658992e+02 
6.658992e+02 
6.658992e+02 
6.658992e+02 
6.658992e+02 
6.658992e+02 
6.658992e+02 
6.658992e+02 
6.658992e+02 
6.658992e+02 
6.658992e+02 
6.658992e+02 
6.658992e+02 
6.658992e+02 
6.658992e+02 
6.658992e+02 
6.658992e+02 
6.658992e+02 
6.658992e+02 
6.658992e+02 
6.658992e+02 
6.658992e+02 
6.658992e+02 
6.658992e+02 
6.658992e+02 
6.658992e+02 
6.658992e+02 
6.658992e+02 
6.658992e+02 
6.658992e+02 
6.658992e+02 
6.658992e+02 
6.658992e+02 
6.658992e+02 
6.658992e+02 
6.658992e+02 
6.658992e+02 
6.658992e+02 
6.658992e+02 
6.658992e+02 
6.658992e+02 
6.658992e+02 
6.658992e+02 
6.658992e+02 
6.658992e+02 
6.658992e+02 
6.658992e+02 
6.658992e+02 
6.658992e+02 
6.658992e+02 
6.658992e+02 
6.658992e+02 
6.658992e+02 
6.658992e+02 
6.658992e+02 
6.658992e+02 
6.658992e+02 
6.658992e+02 
6.658992e+02 
6.658992e+02 
6.658992e+02 
6.658992e+02 
6.658992e+02 
6.658992e+02 
6.658992e+02 
6.658992e+02 
6.658992e+02 
6.658992e+02 
6.658992e+02 
6.658992e+02 
6.658992e+02 
6.658992e+02 
6.658992e+02 
6.658992e+02 
6.658992e+02 
6.658992e+02 
6.658992e+02 
6.658992e+02 
6.658992e+02 
6.658992e+02 
6.658992e+02 
6.658992e+02 
6.658992e+02 
6.658992e+02 
6.658992e+02 
6.658992e+02 
6.658992e+02 
6.658992e+02 
6.658992e+02 
6.658992e+02 
6.658992e+02 
6.658992e+02 
6.658992e+02 
6.658992e+02 
6.658992e+02 
6.658992e+02 
6.658992e+02 
6.658992e+02 
6.658992e+02 
6.658992e+02 
6.658992e+02 
6.658992e+02 
6.658992e+02 
6.658992e+02 
6.658992e+02 
6.658992e+02 
6.658992e+02 
6.658992e+02 
6.658992e+02 
6.658992e+02 
6.658992e+02 
6.658992e+02 
6.658992e+02 
6.658992e+02 
6.658992e+02 
6.658992e+02 
6.658992e+02 
6.658992e+02 
6.658992e+02 
6.658992e+02 
6.658992e+02 
6.658992e+02 
6.658992e+02 
6.658992e+02 
6.658992e+02 
6.658992e+02 
6.658992e+02 
6.658992e+02 
6.658992e+02 
6.658992e+02 
6.658992e+02 
6.658992e+02 
6.658992e+02 
6.658992e+02 
6.658992e+02 
6.658992e+02 
6.658992e+02 
6.658992e+02 
6.658992e+02 
6.658992e+02 
6.658992e+02 
6.658992e+02 
6.122886e+02 
6.122886e+02 
6.122886e+02 
6.122886e+02 
6.122886e+02 
6.122886e+02 
6.122886e+02 
6.122886e+02 
6.122886e+02 
6.122886e+02 
6.122886e+02 
6.122886e+02 
6.122886e+02 
6.122886e+02 
6.122886e+02 
6.122886e+02 
6.122886e+02 
6.122886e+02 
6.122886e+02 
6.122886e+02 
6.122886e+02 
6.122886e+02 
6.122886e+02 
6.122886e+02 
6.122886e+02 
6.122886e+02 
6.122886e+02 
6.122886e+02 
6.122886e+02 
6.122886e+02 
6.122886e+02 
6.122886e+02 
6.122886e+02 
6.122886e+02 
6.122886e+02 
6.122886e+02 
6.122886e+02 
6.122886e+02 
6.122886e+02 
6.122886e+02 
6.122886e+02 
6.122886e+02 
6.122886e+02 
6.122886e+02 
6.122886e+02 
6.122886e+02 
6.122886e+02 
6.122886e+02 
6.122886e+02 
6.122886e+02 
6.122886e+02 
6.122886e+02 
6.122886e+02 
6.122886e+02 
6.122886e+02 
6.122886e+02 
6.122886e+02 
6.122886e+02 
6.122886e+02 
6.122886e+02 
6.122886e+02 
6.122886e+02 
6.122886e+02 
6.122886e+02 
6.122886e+02 
6.122886e+02 
6.122886e+02 
6.122886e+02 
6.122886e+02 
6.122886e+02 
6.122886e+02 
6.122886e+02 
6.122886e+02 
6.122886e+02 
6.122886e+02 
6.122886e+02 
6.122886e+02 
6.122886e+02 
6.122886e+02 
6.122886e+02 
6.122886e+02 
6.122886e+02 
6.122886e+02 
6.122886e+02 
6.122886e+02 
6.122886e+02 
6.122886e+02 
6.122886e+02 
6.122886e+02 
6.122886e+02 
6.122886e+02 
6.122886e+02 
6.122886e+02 
6.122886e+02 
6.122886e+02 
6.122886e+02 
6.122886e+02 
6.122886e+02 
6.122886e+02 
6.122886e+02 
6.122886e+02 
6.122886e+02 
5.995356e+02 
5.995356e+02 
5.995356e+02 
5.995356e+02 
5.995356e+02 
5.995356e+02 
5.995356e+02 
5.995356e+02 
5.995356e+02 
5.995356e+02 
5.995356e+02 
5.995356e+02 
5.995356e+02 
5.995356e+02 
5.995356e+02 
5.995356e+02 
5.995356e+02 
5.995356e+02 
5.995356e+02 
5.995356e+02 
5.995356e+02 
5.995356e+02 
5.995356e+02 
5.995356e+02 
5.368252e+02 
5.368252e+02 
5.368252e+02 
5.368252e+02 
5.368252e+02 
5.368252e+02 
5.368252e+02 
5.368252e+02 
5.368252e+02 
5.368252e+02 
5.368252e+02 
5.368252e+02 
5.368252e+02 
1.939114e+02 
1.939114e+02 
1.939114e+02 
1.939114e+02 
1.939114e+02 
1.939114e+02 
1.939114e+02 
1.939114e+02 
1.939114e+02 
1.939114e+02 
1.939114e+02 
1.939114e+02 
1.939114e+02 
1.939114e+02 
1.939114e+02 
1.939114e+02 
1.939114e+02 
1.939114e+02 
1.939114e+02 
1.939114e+02 
1.939114e+02 
1.939114e+02 
1.939114e+02 
1.629010e+02 
1.629010e+02 
1.629010e+02 
1.629010e+02 
1.629010e+02 
1.629010e+02 
1.629010e+02 
1.629010e+02 
1.629010e+02 
1.629010e+02 
1.629010e+02 
1.629010e+02 
1.629010e+02 
1.629010e+02 
1.629010e+02 
1.629010e+02 
1.629010e+02 
1.629010e+02 
1.629010e+02 
1.629010e+02 
1.629010e+02 
1.629010e+02 
1.629010e+02 
1.629010e+02 
1.629010e+02 
1.629010e+02 
1.629010e+02 
1.629010e+02 
1.629010e+02 
1.629010e+02 
1.629010e+02 
1.629010e+02 
1.629010e+02 
1.629010e+02 
1.629010e+02 
1.629010e+02 
1.629010e+02 
1.629010e+02 
1.629010e+02 
1.629010e+02 
1.629010e+02 
1.629010e+02 
1.629010e+02 
1.629010e+02 
1.629010e+02 
1.629010e+02 
1.629010e+02 
1.629010e+02 
1.629010e+02 
1.629010e+02 
1.629010e+02 
1.629010e+02 
1.629010e+02 
1.629010e+02 
1.629010e+02 
1.629010e+02 
1.629010e+02 
1.629010e+02 
1.629010e+02 
1.629010e+02 
1.629010e+02 
1.629010e+02 
1.629010e+02 
1.629010e+02 
1.629010e+02 
1.629010e+02 
1.629010e+02 
1.629010e+02 
1.629010e+02 
1.629010e+02 
1.629010e+02 
1.629010e+02 
1.629010e+02 
1.629010e+02 
1.629010e+02 
1.629010e+02 
1.629010e+02 
1.629010e+02 
1.629010e+02 
1.629010e+02 
1.629010e+02 
1.629010e+02 
1.629010e+02 
1.629010e+02 
1.629010e+02 
1.629010e+02 
1.629010e+02 
1.629010e+02 
1.629010e+02 
1.629010e+02 
1.629010e+02 
1.629010e+02 
1.629010e+02 
1.629010e+02 
1.629010e+02 
1.629010e+02 
1.629010e+02 
1.629010e+02 
1.629010e+02 
1.629010e+02 
1.629010e+02 
1.629010e+02 
1.629010e+02 
1.629010e+02 
1.629010e+02 
1.629010e+02 
1.629010e+02 
1.629010e+02 
1.629010e+02 
1.629010e+02 
1.629010e+02 
1.629010e+02 
1.629010e+02 
1.629010e+02 
1.629010e+02 
1.629010e+02 
1.629010e+02 
1.629010e+02 
1.629010e+02 
1.629010e+02 
1.629010e+02 
1.629010e+02 
1.629010e+02 
1.629010e+02 
1.629010e+02 
1.629010e+02 
1.629010e+02 
1.629010e+02 
1.629010e+02 
1.629010e+02 
1.629010e+02 
1.629010e+02 
1.629010e+02 
1.629010e+02 
1.629010e+02 
1.629010e+02 
1.629010e+02 
1.629010e+02 
1.629010e+02 
1.629010e+02 
1.629010e+02 
1.629010e+02 
1.629010e+02 
1.629010e+02 
1.629010e+02 
1.629010e+02 
1.629010e+02 
1.629010e+02 
1.629010e+02 
1.629010e+02 
1.629010e+02 
1.629010e+02 
1.629010e+02 
1.629010e+02 
1.629010e+02 
1.629010e+02 
1.629010e+02 
1.629010e+02 
1.629010e+02 
1.629010e+02 
1.629010e+02 
1.629010e+02 
1.629010e+02 
1.629010e+02 
1.629010e+02 
1.629010e+02 
1.300824e+02 
1.300824e+02 
1.300824e+02 
1.300824e+02 
1.300824e+02 
1.300824e+02 
1.300824e+02 
1.300824e+02 
1.300824e+02 
1.300824e+02 
1.300824e+02 
1.300824e+02 
1.300824e+02 
1.300824e+02 
1.300824e+02 
1.300824e+02 
1.300824e+02 
1.300824e+02 
1.300824e+02 
1.300824e+02 
1.300824e+02 
1.300824e+02 
1.300824e+02 
1.300824e+02 
1.300824e+02 
1.300824e+02 
1.300824e+02 
1.300824e+02 
1.300824e+02 
1.300824e+02 
1.300824e+02 
1.300824e+02 
1.300824e+02 
1.300824e+02 
1.267471e+02 
1.267471e+02 
1.267471e+02 
1.251189e+02 
1.251189e+02 
1.251189e+02 
1.251189e+02 
1.251189e+02 
1.103086e+02 
1.103086e+02 
1.103086e+02 
1.103086e+02 
9.717292e+01 
9.717292e+01 
9.717292e+01 
9.717292e+01 
9.717292e+01 
9.717292e+01 
9.717292e+01 
9.717292e+01 
9.717292e+01 
9.717292e+01 
9.717292e+01 
9.717292e+01 
9.717292e+01 
9.717292e+01 
9.717292e+01 
9.717292e+01 
9.717292e+01 
9.717292e+01 
9.717292e+01 
9.615235e+01 
9.615235e+01 
9.615235e+01 
9.615235e+01 
9.615235e+01 
9.615235e+01 
9.615235e+01 
9.615235e+01 
9.615235e+01 
9.615235e+01 
9.615235e+01 
9.615235e+01 
9.615235e+01 
9.615235e+01 
9.615235e+01 
9.615235e+01 
9.615235e+01 
9.615235e+01 
9.615235e+01 
9.615235e+01 
9.615235e+01 
9.615235e+01 
9.615235e+01 
9.615235e+01 
9.615235e+01 
9.615235e+01 
9.615235e+01 
9.615235e+01 
9.615235e+01 
9.615235e+01 
9.615235e+01 
9.615235e+01 
9.615235e+01 
9.615235e+01 
9.615235e+01 
9.615235e+01 
9.615235e+01 
9.615235e+01 
9.615235e+01 
9.615235e+01 
9.615235e+01 
9.615235e+01 
9.615235e+01 
9.615235e+01 
9.615235e+01 
9.615235e+01 
9.615235e+01 
9.615235e+01 
9.615235e+01 
9.615235e+01 
9.615235e+01 
9.615235e+01 
9.615235e+01 
9.615235e+01 
9.615235e+01 
9.615235e+01 
9.615235e+01 
9.615235e+01 
9.615235e+01 
9.615235e+01 
9.615235e+01 
9.615235e+01 
9.615235e+01 
9.615235e+01 
9.615235e+01 
9.615235e+01 
9.615235e+01 
9.615235e+01 
9.615235e+01 
9.615235e+01 
9.615235e+01 
9.615235e+01 
9.615235e+01 
9.615235e+01 
9.113056e+01 
9.113056e+01 
9.113056e+01 
9.113056e+01 
9.113056e+01 
9.113056e+01 
9.113056e+01 
9.113056e+01 
9.113056e+01 
9.113056e+01 
9.113056e+01 
9.113056e+01 
9.113056e+01 
9.113056e+01 
9.113056e+01 
9.113056e+01 
9.113056e+01 
9.113056e+01 
9.113056e+01 
9.113056e+01 
9.113056e+01 
9.113056e+01 
9.113056e+01 
9.113056e+01 
9.113056e+01 
9.113056e+01 
9.113056e+01 
9.113056e+01 
9.113056e+01 
9.113056e+01 
9.113056e+01 
9.113056e+01 
9.113056e+01 
9.113056e+01 
9.113056e+01 
9.113056e+01 
9.113056e+01 
9.113056e+01 
9.113056e+01 
9.113056e+01 
9.113056e+01 
9.113056e+01 
9.113056e+01 
9.113056e+01 
9.113056e+01 
9.113056e+01 
9.113056e+01 
9.113056e+01 
9.113056e+01 
9.113056e+01 
9.113056e+01 
9.113056e+01 
9.113056e+01 
9.113056e+01 
9.113056e+01 
9.113056e+01 
9.113056e+01 
9.113056e+01 
9.113056e+01 
9.113056e+01 
9.113056e+01 
9.113056e+01 
9.113056e+01 
9.113056e+01 
9.113056e+01 
9.113056e+01 
9.113056e+01 
9.113056e+01 
9.113056e+01 
9.113056e+01 
9.113056e+01 
9.113056e+01 
9.113056e+01 
9.113056e+01 
9.113056e+01 
9.113056e+01 
9.113056e+01 
9.113056e+01 
9.113056e+01 
9.113056e+01 
9.113056e+01 
9.113056e+01 
9.113056e+01 
9.113056e+01 
9.113056e+01 
9.113056e+01 
9.113056e+01 
9.113056e+01 
9.113056e+01 
9.113056e+01 
9.113056e+01 
9.113056e+01 
9.113056e+01 
9.113056e+01 
9.113056e+01 
9.113056e+01 
9.113056e+01 
9.113056e+01 
9.113056e+01 
9.113056e+01 
9.113056e+01 
9.113056e+01 
9.113056e+01 
9.113056e+01 
9.113056e+01 
9.113056e+01 
9.113056e+01 
9.113056e+01 
9.113056e+01 
9.113056e+01 
9.113056e+01 
9.113056e+01 
9.113056e+01 
9.113056e+01 
9.113056e+01 
9.113056e+01 
9.113056e+01 
9.113056e+01 
9.113056e+01 
9.113056e+01 
9.113056e+01 
9.113056e+01 
9.113056e+01 
9.113056e+01 
9.113056e+01 
9.113056e+01 
9.113056e+01 
9.113056e+01 
9.113056e+01 
9.113056e+01 
9.113056e+01 
9.113056e+01 
9.113056e+01 
9.113056e+01 
9.113056e+01 
9.113056e+01 
9.113056e+01 
9.113056e+01 
9.113056e+01 
9.113056e+01 
9.113056e+01 
9.113056e+01 
9.113056e+01 
9.113056e+01 
9.113056e+01 
9.113056e+01 
9.113056e+01 
9.113056e+01 
9.113056e+01 
9.113056e+01 
9.113056e+01 
9.113056e+01 
8.859390e+01 
8.859390e+01 
8.859390e+01 
8.859390e+01 
8.859390e+01 
8.859390e+01 
8.859390e+01 
8.859390e+01 
8.859390e+01 
8.859390e+01 
8.859390e+01 
8.859390e+01 
8.859390e+01 
8.859390e+01 
8.859390e+01 
8.859390e+01 
8.859390e+01 
8.859390e+01 
8.859390e+01 
8.859390e+01 
8.859390e+01 
8.859390e+01 
8.034921e+01 
8.034921e+01 
6.912788e+01 
6.912788e+01 
6.912788e+01 
6.912788e+01 
6.912788e+01 
6.912788e+01 
6.912788e+01 
6.912788e+01 
6.912788e+01 
6.912788e+01 
6.912788e+01 
6.912788e+01 
6.912788e+01 
6.912788e+01 
6.912788e+01 
6.912788e+01 
6.912788e+01 
6.912788e+01 
6.912788e+01 
6.912788e+01 
6.912788e+01 
6.912788e+01 
6.912788e+01 
6.912788e+01 
6.912788e+01 
6.912788e+01 
6.912788e+01 
6.912788e+01 
6.912788e+01 
6.912788e+01 
6.912788e+01 
6.912788e+01 
6.912788e+01 
6.912788e+01 
6.912788e+01 
6.912788e+01 
6.912788e+01 
6.912788e+01 
6.912788e+01 
6.912788e+01 
6.912788e+01 
6.912788e+01 
6.912788e+01 
6.912788e+01 
6.912788e+01 
6.912788e+01 
5.725902e+01 
5.725902e+01 
5.725902e+01 
5.725902e+01 
5.725902e+01 
5.725902e+01 
5.725902e+01 
5.725902e+01 
5.725902e+01 
5.725902e+01 
5.725902e+01 
5.725902e+01 
5.509822e+01 
5.509822e+01 
5.509822e+01 
5.509822e+01 
5.509822e+01 
5.509822e+01 
5.509822e+01 
5.509822e+01 
5.509822e+01 
5.509822e+01 
5.509822e+01 
5.509822e+01 
5.509822e+01 
5.509822e+01 
5.509822e+01 
5.509822e+01 
5.509822e+01 
5.509822e+01 
5.509822e+01 
5.509822e+01 
5.509822e+01 
5.509822e+01 
5.509822e+01 
5.509822e+01 
5.509822e+01 
5.509822e+01 
5.509822e+01 
5.509822e+01 
5.509822e+01 
5.509822e+01 
5.509822e+01 
5.509822e+01 
5.509822e+01 
5.509822e+01 
5.509822e+01 
5.509822e+01 
5.509822e+01 
5.509822e+01 
5.509822e+01 
5.509822e+01 
5.509822e+01 
5.509822e+01 
5.509822e+01 
5.509822e+01 
5.509822e+01 
5.509822e+01 
5.509822e+01 
5.509822e+01 
5.509822e+01 
5.509822e+01 
5.509822e+01 
5.509822e+01 
5.509822e+01 
5.509822e+01 
5.509822e+01 
5.509822e+01 
5.509822e+01 
5.509822e+01 
5.509822e+01 
5.509822e+01 
5.509822e+01 
5.509822e+01 
5.509822e+01 
5.509822e+01 
5.509822e+01 
5.509822e+01 
5.509822e+01 
5.509822e+01 
5.509822e+01 
5.509822e+01 
5.509822e+01 
5.509822e+01 
5.509822e+01 
5.509822e+01 
5.509822e+01 
5.509822e+01 
5.509822e+01 
5.509822e+01 
5.509822e+01 
5.509822e+01 
5.509822e+01 
5.509822e+01 
5.509822e+01 
5.509822e+01 
5.509822e+01 
5.509822e+01 
5.509822e+01 
5.509822e+01 
5.509822e+01 
5.509822e+01 
5.509822e+01 
5.509822e+01 
5.509822e+01 
5.509822e+01 
5.509822e+01 
5.509822e+01 
5.509822e+01 
5.509822e+01 
5.509822e+01 
5.509822e+01 
5.509822e+01 
5.509822e+01 
5.509822e+01 
5.509822e+01 
5.509822e+01 
5.509822e+01 
5.509822e+01 
5.509822e+01 
5.509822e+01 
5.282497e+01 
5.282497e+01 
5.282497e+01 
5.282497e+01 
5.282497e+01 
5.282497e+01 
5.282497e+01 
5.282497e+01 
5.282497e+01 
5.282497e+01 
5.282497e+01 
5.282497e+01 
4.694294e+01 
4.694294e+01 
4.694294e+01 
4.694294e+01 
4.694294e+01 
4.694294e+01 
4.694294e+01 
4.694294e+01 
4.694294e+01 
4.694294e+01 
4.694294e+01 
4.694294e+01 
4.694294e+01 
4.694294e+01 
4.694294e+01 
4.694294e+01 
4.694294e+01 
4.694294e+01 
4.694294e+01 
4.694294e+01 
4.694294e+01 
4.694294e+01 
4.694294e+01 
4.694294e+01 
4.428211e+01 
4.428211e+01 
4.428211e+01 
4.428211e+01 
4.428211e+01 
4.428211e+01 
4.428211e+01 
4.428211e+01 
4.354305e+01 
4.173775e+01 
4.173775e+01 
4.173775e+01 
4.173775e+01 
4.173775e+01 
4.170627e+01 
4.170627e+01 
4.170627e+01 
4.170627e+01 
4.170627e+01 
4.170627e+01 
4.170627e+01 
4.170627e+01 
4.170627e+01 
4.170627e+01 
4.170627e+01 
4.170627e+01 
4.170627e+01 
4.170627e+01 
4.168976e+01 
4.168976e+01 
4.168976e+01 
4.168976e+01 
4.168976e+01 
4.168976e+01 
4.168976e+01 
3.792121e+01 
3.792121e+01 
3.792121e+01 
3.792121e+01 
3.792121e+01 
3.792121e+01 
3.792121e+01 
3.792121e+01 
3.792121e+01 
3.792121e+01 
3.792121e+01 
3.792121e+01 
3.792121e+01 
3.792121e+01 
3.792121e+01 
3.792121e+01 
3.792121e+01 
3.792121e+01 
3.792121e+01 
3.792121e+01 
3.792121e+01 
3.792121e+01 
3.792121e+01 
3.792121e+01 
3.792121e+01 
3.792121e+01 
3.792121e+01 
3.792121e+01 
3.792121e+01 
3.792121e+01 
3.792121e+01 
3.792121e+01 
3.792121e+01 
3.792121e+01 
3.792121e+01 
3.792121e+01 
3.792121e+01 
3.792121e+01 
3.792121e+01 
3.792121e+01 
3.792121e+01 
3.792121e+01 
3.792121e+01 
3.792121e+01 
3.792121e+01 
3.792121e+01 
3.792121e+01 
3.792121e+01 
3.792121e+01 
3.792121e+01 
3.792121e+01 
3.792121e+01 
3.792121e+01 
3.792121e+01 
3.792121e+01 
3.792121e+01 
3.792121e+01 
3.792121e+01 
3.792121e+01 
3.792121e+01 
3.792121e+01 
3.792121e+01 
3.792121e+01 
3.792121e+01 
3.792121e+01 
3.792121e+01 
3.792121e+01 
3.792121e+01 
3.792121e+01 
3.792121e+01 
3.792121e+01 
3.792121e+01 
3.792121e+01 
3.792121e+01 
3.792121e+01 
3.792121e+01 
3.792121e+01 
3.792121e+01 
3.792121e+01 
3.397793e+01 
3.397793e+01 
3.397793e+01 
3.397793e+01 
3.397793e+01 
3.397793e+01 
3.397793e+01 
3.397793e+01 
3.397793e+01 
3.397793e+01 
3.397793e+01 
3.397793e+01 
3.397793e+01 
3.397793e+01 
3.397793e+01 
3.397793e+01 
3.397793e+01 
3.397793e+01 
3.397793e+01 
3.397793e+01 
3.397793e+01 
3.397793e+01 
3.397793e+01 
3.397793e+01 
3.397793e+01 
3.397793e+01 
3.397793e+01 
3.397793e+01 
3.397793e+01 
3.397793e+01 
3.397793e+01 
3.397793e+01 
3.397793e+01 
3.397793e+01 
3.397793e+01 
3.397793e+01 
3.397793e+01 
3.397793e+01 
3.397793e+01 
3.397793e+01 
3.397793e+01 
3.397793e+01 
3.397793e+01 
2.594361e+01 
2.594361e+01 
2.594361e+01 
2.594361e+01 
2.594361e+01 
2.594361e+01 
2.578747e+01 
2.578747e+01 
2.578747e+01 
2.566751e+01 
2.566751e+01 
2.566751e+01 
2.500652e+01 
2.437118e+01 
2.395908e+01 
2.380111e+01 
2.378653e+01 
2.378653e+01 
2.358672e+01 
2.347710e+01 
2.340763e+01 
2.334841e+01 
2.331540e+01 
2.331540e+01 
2.331540e+01 
2.331540e+01 
2.327119e+01 
2.311418e+01 
2.304304e+01 
2.291954e+01 
2.286787e+01 
2.284440e+01 
2.280015e+01 
2.274626e+01 
2.270063e+01 
2.266875e+01 
2.264857e+01 
2.173738e+01 
2.173738e+01 
2.173738e+01 
2.173738e+01 
2.173738e+01 
2.173738e+01 
2.173738e+01 
2.173738e+01 
2.173738e+01 
2.173738e+01 
2.173738e+01 
2.173738e+01 
2.166615e+01 
2.166615e+01 
2.166615e+01 
2.166615e+01 
2.166615e+01 
2.166615e+01 
2.166615e+01 
2.166615e+01 
2.166615e+01 
2.166615e+01 
2.166615e+01 
2.166615e+01 
2.166615e+01 
2.166615e+01 
2.166615e+01 
2.166615e+01 
2.166615e+01 
2.166615e+01 
2.166615e+01 
2.166615e+01 
2.166615e+01 
2.166615e+01 
2.166615e+01 
2.166615e+01 
2.166615e+01 
2.166615e+01 
2.166615e+01 
2.166615e+01 
2.166615e+01 
2.166615e+01 
2.166615e+01 
2.166615e+01 
2.166615e+01 
2.166615e+01 
2.166615e+01 
2.166615e+01 
2.166615e+01 
2.166615e+01 
2.166615e+01 
2.166615e+01 
2.166615e+01 
2.166615e+01 
2.166615e+01 
2.166615e+01 
2.166615e+01 
2.166615e+01 
2.166615e+01 
2.166615e+01 
2.166615e+01 
2.166615e+01 
2.166615e+01 
2.166615e+01 
2.166615e+01 
2.166615e+01 
2.166615e+01 
2.166615e+01 
2.166615e+01 
2.166615e+01 
2.166615e+01 
2.166615e+01 
2.166615e+01 
2.166615e+01 
2.166615e+01 
2.166615e+01 
2.166615e+01 
2.166615e+01 
2.166615e+01 
2.166615e+01 
2.166615e+01 
2.166615e+01 
2.166615e+01 
2.166615e+01 
2.166615e+01 
2.166615e+01 
2.166615e+01 
2.166615e+01 
2.166615e+01 
2.166615e+01 
2.166615e+01 
2.166615e+01 
2.166615e+01 
2.166615e+01 
2.166615e+01 
2.166615e+01 
2.129493e+01 
2.129493e+01 
2.129493e+01 
2.129493e+01 
2.129493e+01 
2.129493e+01 
2.089621e+01 
2.089621e+01 
2.089621e+01 
2.089621e+01 
2.089621e+01 
2.089621e+01 
2.089621e+01 
2.049845e+01 
2.049845e+01 
2.000321e+01 
2.000321e+01 
2.000321e+01 
2.000321e+01 
1.991203e+01 
1.991203e+01 
1.991203e+01 
1.990955e+01 
1.990955e+01 
1.990955e+01 
1.950556e+01 
1.931835e+01 
1.931835e+01 
1.931835e+01 
1.931835e+01 
1.931835e+01 
1.931835e+01 
1.931835e+01 
1.919018e+01 
1.919018e+01 
1.914670e+01 
1.914670e+01 
1.914670e+01 
1.914670e+01 
1.914670e+01 
1.914670e+01 
1.914670e+01 
1.914670e+01 
1.914670e+01 
1.914670e+01 
1.914670e+01 
1.914670e+01 
1.914670e+01 
1.914670e+01 
1.914670e+01 
1.912551e+01 
1.912551e+01 
1.912551e+01 
1.912551e+01 
1.912551e+01 
1.912551e+01 
1.912551e+01 
1.912551e+01 
1.912551e+01 
1.912551e+01 
1.912551e+01 
1.912551e+01 
1.912551e+01 
1.912551e+01 
1.912551e+01 
1.912551e+01 
1.912551e+01 
1.912551e+01 
1.912551e+01 
1.912551e+01 
1.912551e+01 
1.912551e+01 
1.912551e+01 
1.912551e+01 
1.912551e+01 
1.912551e+01 
1.912551e+01 
1.912551e+01 
1.912551e+01 
1.912551e+01 
1.912551e+01 
1.912551e+01 
1.912551e+01 
1.912551e+01 
1.912551e+01 
1.912551e+01 
1.912551e+01 
1.912551e+01 
1.912551e+01 
1.912551e+01 
1.912551e+01 
1.912551e+01 
1.912551e+01 
1.912551e+01 
1.912551e+01 
1.912551e+01 
1.912551e+01 
1.912551e+01 
1.912551e+01 
1.912551e+01 
1.912551e+01 
1.912551e+01 
1.912551e+01 
1.912551e+01 
1.912551e+01 
1.912551e+01 
1.912551e+01 
1.912551e+01 
1.912551e+01 
1.912551e+01 
1.912551e+01 
1.912551e+01 
1.912551e+01 
1.912551e+01 
1.912551e+01 
1.912551e+01 
1.912551e+01 
1.912551e+01 
1.912551e+01 
1.912551e+01 
1.912551e+01 
1.912551e+01 
1.912551e+01 
1.912551e+01 
1.912551e+01 
1.912551e+01 
1.912551e+01 
1.912551e+01 
1.912551e+01 
1.912551e+01 
1.912551e+01 
1.912551e+01 
1.912551e+01 
1.912551e+01 
1.912551e+01 
1.912551e+01 
1.912551e+01 
1.912551e+01 
1.912551e+01 
1.912551e+01 
1.912551e+01 
1.912551e+01 
1.912551e+01 
1.912551e+01 
1.912551e+01 
1.912551e+01 
1.912551e+01 
1.912551e+01 
1.912551e+01 
1.912551e+01 
1.912551e+01 
1.912551e+01 
1.912551e+01 
1.912551e+01 
1.912551e+01 
1.912551e+01 
1.912551e+01 
1.912551e+01 
1.912551e+01 
1.912551e+01 
1.912551e+01 
1.912551e+01 
1.912551e+01 
1.912551e+01 
1.912551e+01 
1.912551e+01 
1.912551e+01 
1.912551e+01 
1.912551e+01 
1.912551e+01 
1.912551e+01 
1.912551e+01 
1.912551e+01 
1.912551e+01 
1.912551e+01 
1.912551e+01 
1.912551e+01 
1.912551e+01 
1.912551e+01 
1.912551e+01 
1.912551e+01 
1.904503e+01 
1.904503e+01 
1.904503e+01 
1.904503e+01 
1.904503e+01 
1.904503e+01 
1.904503e+01 
1.904503e+01 
1.904503e+01 
1.904503e+01 
1.904503e+01 
1.904503e+01 
1.904503e+01 
1.904503e+01 
1.904503e+01 
1.904503e+01 
1.904503e+01 
1.904503e+01 
1.904503e+01 
1.904503e+01 
1.904503e+01 
1.904503e+01 
1.904503e+01 
1.904503e+01 
1.904503e+01 
1.904503e+01 
1.904503e+01 
1.904503e+01 
1.904503e+01 
1.904503e+01 
1.904503e+01 
1.904503e+01 
1.904503e+01 
1.904503e+01 
1.904503e+01 
1.904503e+01 
1.904503e+01 
1.904503e+01 
1.904503e+01 
1.904503e+01 
1.904503e+01 
1.904503e+01 
1.904503e+01 
1.904503e+01 
1.904503e+01 
1.904503e+01 
1.904503e+01 
1.904503e+01 
1.904503e+01 
1.904503e+01 
1.904503e+01 
1.904503e+01 
1.904503e+01 
1.904503e+01 
1.904503e+01 
1.904503e+01 
1.904503e+01 
1.903695e+01 
1.903695e+01 
1.903695e+01 
1.903695e+01 
1.903695e+01 
1.903695e+01 
1.903531e+01 
1.903531e+01 
1.903531e+01 
1.902408e+01 
1.902408e+01 
1.902408e+01 
1.902408e+01 
1.902408e+01 
1.902408e+01 
1.902408e+01 
1.902408e+01 
1.902408e+01 
1.902246e+01 
1.902246e+01 
1.902246e+01 
1.902246e+01 
1.902036e+01 
1.902036e+01 
1.902036e+01 
1.901506e+01 
1.898863e+01 
1.898778e+01 
1.898416e+01 
1.898099e+01 
1.897442e+01 
1.897425e+01 
1.897425e+01 
1.894467e+01 
1.893543e+01 
1.893543e+01 
1.893543e+01 
1.893543e+01 
1.893543e+01 
1.892230e+01 
1.892230e+01 
1.892230e+01 
1.892230e+01 
1.892230e+01 
1.892230e+01 
1.892230e+01 
1.892230e+01 
1.892067e+01 
1.892067e+01 
1.888186e+01 
1.888186e+01 
1.888186e+01 
1.888186e+01 
1.888186e+01 
1.888186e+01 
1.888186e+01 
1.888186e+01 
1.888186e+01 
1.888186e+01 
1.880130e+01 
1.856232e+01 
1.856232e+01 
1.856232e+01 
1.852822e+01 
1.852822e+01 
1.852822e+01 
1.852822e+01 
1.852822e+01 
1.852822e+01 
1.852822e+01 
1.852822e+01 
1.852822e+01 
1.852822e+01 
1.852822e+01 
1.852822e+01 
1.852822e+01 
1.852822e+01 
1.852822e+01 
1.852822e+01 
1.852822e+01 
1.852822e+01 
1.852822e+01 
1.852822e+01 
1.852822e+01 
1.852822e+01 
1.852822e+01 
1.852822e+01 
1.852822e+01 
1.852822e+01 
1.852822e+01 
1.852822e+01 
1.852822e+01 
1.852822e+01 
1.847465e+01 
1.847465e+01 
1.847465e+01 
1.847465e+01 
1.847465e+01 
1.847465e+01 
1.847465e+01 
1.847465e+01 
1.847465e+01 
1.840438e+01 
1.840438e+01 
1.840438e+01 
1.840438e+01 
1.839946e+01 
1.839946e+01 
1.839946e+01 
1.839946e+01 
1.839946e+01 
1.839946e+01 
1.839946e+01 
1.839946e+01 
1.839946e+01 
1.839946e+01 
1.839946e+01 
1.839946e+01 
1.839946e+01 
1.839946e+01 
1.839946e+01 
1.839946e+01 
1.839946e+01 
1.839778e+01 
1.839778e+01 
1.839778e+01 
1.839778e+01 
1.839778e+01 
1.839778e+01 
1.839778e+01 
1.839778e+01 
1.839778e+01 
1.839778e+01 
1.839778e+01 
1.839778e+01 
1.839778e+01 
1.839778e+01 
1.829091e+01 
1.829091e+01 
1.829091e+01 
1.829091e+01 
1.829091e+01 
1.799939e+01 
1.799939e+01 
1.791558e+01 
1.791558e+01 
1.791558e+01 
1.791558e+01 
1.791558e+01 
1.791558e+01 
1.791558e+01 
1.791558e+01 
1.791558e+01 
1.791558e+01 
1.791558e+01 
1.791558e+01 
1.791558e+01 
1.791558e+01 
1.791558e+01 
1.791558e+01 
1.791558e+01 
1.791558e+01 
1.791558e+01 
1.791558e+01 
1.791558e+01 
1.785629e+01 
1.785629e+01 
1.785629e+01 
1.785629e+01 
1.785629e+01 
1.785629e+01 
1.785629e+01 
1.785629e+01 
1.785629e+01 
1.785629e+01 
1.785629e+01 
1.785629e+01 
1.785629e+01 
1.785629e+01 
1.785629e+01 
1.785629e+01 
1.785629e+01 
1.785629e+01 
1.785629e+01 
1.785629e+01 
1.785629e+01 
1.785629e+01 
1.779374e+01 
1.779374e+01 
1.779374e+01 
1.779374e+01 
1.779374e+01 
1.779374e+01 
1.779374e+01 
1.779374e+01 
1.779374e+01 
1.779374e+01 
1.779374e+01 
1.779374e+01 
1.779374e+01 
1.779374e+01 
1.779374e+01 
1.779374e+01 
1.779374e+01 
1.779374e+01 
1.779374e+01 
1.779374e+01 
1.779374e+01 
1.779374e+01 
1.779374e+01 
1.779374e+01 
1.779374e+01 
1.779374e+01 
1.779374e+01 
1.779374e+01 
1.779374e+01 
1.779374e+01 
1.779374e+01 
1.779374e+01 
1.779374e+01 
1.779374e+01 
1.779374e+01 
1.779374e+01 
1.779374e+01 
1.779374e+01 
1.779374e+01 
1.779374e+01 
1.779374e+01 
1.779374e+01 
1.779374e+01 
1.779374e+01 
1.779374e+01 
1.779374e+01 
1.779374e+01 
1.773823e+01 
1.773823e+01 
1.773823e+01 
1.773823e+01 
1.773823e+01 
1.751998e+01 
1.751998e+01 
1.750114e+01 
1.750114e+01 
1.750114e+01 
1.750114e+01 
1.750114e+01 
1.750114e+01 
1.750114e+01 
1.750114e+01 
1.750114e+01 
1.750114e+01 
1.750114e+01 
1.750114e+01 
1.750114e+01 
1.750114e+01 
1.750114e+01 
1.750114e+01 
1.750114e+01 
1.750114e+01 
1.750114e+01 
1.749897e+01 
1.749897e+01 
1.742424e+01 
1.742424e+01 
1.742424e+01 
1.742424e+01 
1.742424e+01 
1.742424e+01 
1.742424e+01 
1.742226e+01 
1.742226e+01 
1.742226e+01 
1.742226e+01 
1.742226e+01 
1.742173e+01 
1.742173e+01 
1.742173e+01 
1.742173e+01 
1.742173e+01 
1.742173e+01 
1.742173e+01 
1.742173e+01 
1.741037e+01 
1.741037e+01 
1.739649e+01 
1.739649e+01 
1.739649e+01 
1.739649e+01 
1.739649e+01 
1.739649e+01 
1.739649e+01 
1.739649e+01 
1.739649e+01 
1.739649e+01 
1.739649e+01 
1.739649e+01 
1.739649e+01 
1.739649e+01 
1.739649e+01 
1.739649e+01 
1.739649e+01 
1.739649e+01 
1.739649e+01 
1.739649e+01 
1.739649e+01 
1.739649e+01 
1.738589e+01 
1.738589e+01 
1.738589e+01 
1.726782e+01 
1.726782e+01 
1.726782e+01 
1.726782e+01 
1.726782e+01 
1.726782e+01 
1.726782e+01 
1.726782e+01 
1.726782e+01 
1.726782e+01 
1.726782e+01 
1.726782e+01 
1.726782e+01 
1.726782e+01 
1.726782e+01 
1.726782e+01 
1.725793e+01 
1.717214e+01 
1.717214e+01 
1.717214e+01 
1.717214e+01 
1.717214e+01 
1.717214e+01 
1.717214e+01 
1.717214e+01 
1.717214e+01 
1.717214e+01 
1.717214e+01 
1.717214e+01 
1.717214e+01 
1.717214e+01 
1.717214e+01 
1.717214e+01 
1.717214e+01 
1.717214e+01 
1.717214e+01 
1.717214e+01 
1.717214e+01 
1.717214e+01 
1.717214e+01 
1.717214e+01 
1.717214e+01 
1.717214e+01 
1.717214e+01 
1.717214e+01 
1.717214e+01 
1.717214e+01 
1.717214e+01 
1.717214e+01 
1.717214e+01 
1.717214e+01 
1.717214e+01 
1.717214e+01 
1.717214e+01 
1.717214e+01 
1.717214e+01 
1.717214e+01 
1.717214e+01 
1.717214e+01 
1.717214e+01 
1.717214e+01 
1.717214e+01 
1.717214e+01 
1.717214e+01 
1.717214e+01 
1.717214e+01 
1.717214e+01 
1.717214e+01 
1.717214e+01 
1.717214e+01 
1.717214e+01 
1.717214e+01 
1.717214e+01 
1.717214e+01 
1.717214e+01 
1.717214e+01 
1.717214e+01 
1.717214e+01 
1.717214e+01 
1.717214e+01 
1.717214e+01 
1.717214e+01 
1.717214e+01 
1.717214e+01 
1.717214e+01 
1.717214e+01 
1.717214e+01 
1.717214e+01 
1.717214e+01 
1.717214e+01 
1.717214e+01 
1.717214e+01 
1.717214e+01 
1.717214e+01 
1.717214e+01 
1.717214e+01 
1.717214e+01 
1.716881e+01 
1.716881e+01 
1.716881e+01 
1.716881e+01 
1.716881e+01 
1.716881e+01 
1.716881e+01 
1.716881e+01 
1.716881e+01 
1.716881e+01 
1.716881e+01 
1.716881e+01 
1.716881e+01 
1.716881e+01 
1.716881e+01 
1.716881e+01 
1.716881e+01 
1.716881e+01 
1.716881e+01 
1.716881e+01 
1.716881e+01 
1.716881e+01 
1.716881e+01 
1.716881e+01 
1.716881e+01 
1.716881e+01 
1.716881e+01 
1.716865e+01 
1.716865e+01 
1.716865e+01 
1.716416e+01 
1.716416e+01 
1.716416e+01 
1.716416e+01 
1.716416e+01 
1.716416e+01 
1.716416e+01 
1.716416e+01 
1.716416e+01 
1.716416e+01 
1.716416e+01 
1.716416e+01 
1.716416e+01 
1.716416e+01 
1.716416e+01 
1.716416e+01 
1.716416e+01 
1.716416e+01 
1.716416e+01 
1.716416e+01 
1.716416e+01 
1.716416e+01 
1.716416e+01 
1.716416e+01 
1.716416e+01 
1.716416e+01 
1.716179e+01 
1.716179e+01 
1.716179e+01 
1.716179e+01 
1.716179e+01 
1.716179e+01 
1.716179e+01 
1.716179e+01 
1.716179e+01 
1.716179e+01 
1.716179e+01 
1.716179e+01 
1.716179e+01 
1.716143e+01 
1.716143e+01 
1.716143e+01 
1.716143e+01 
1.716143e+01 
1.716143e+01 
1.716143e+01 
1.716143e+01 
1.716143e+01 
1.716143e+01 
1.716080e+01 
1.716080e+01 
1.716080e+01 
1.716080e+01 
1.716080e+01 
1.716080e+01 
1.716080e+01 
1.716080e+01 
1.716080e+01 
1.716080e+01 
1.716080e+01 
1.716080e+01 
1.716080e+01 
1.716080e+01 
1.716080e+01 
1.716080e+01 
1.716080e+01 
1.716080e+01 
1.716080e+01 
1.716080e+01 
1.716080e+01 
1.716080e+01 
1.716080e+01 
1.716080e+01 
1.716080e+01 
1.716080e+01 
1.716080e+01 
1.716080e+01 
1.716055e+01 
1.716055e+01 
1.716055e+01 
1.716055e+01 
1.716055e+01 
1.716055e+01 
1.716055e+01 
1.716055e+01 
1.716055e+01 
1.716055e+01 
1.716055e+01 
1.716055e+01 
1.716055e+01 
1.716055e+01 
1.716055e+01 
1.716055e+01 
1.716055e+01 
1.716055e+01 
1.716055e+01 
1.716055e+01 
1.716055e+01 
1.716055e+01 
1.716055e+01 
1.716055e+01 
1.716055e+01 
1.716055e+01 
1.716055e+01 
1.716055e+01 
1.716055e+01 
1.716055e+01 
1.716055e+01 
1.716055e+01 
1.716055e+01 
1.716053e+01 
1.716053e+01 
1.716053e+01 
1.716053e+01 
1.716053e+01 
1.716053e+01 
1.716053e+01 
1.716052e+01 
1.716052e+01 
1.716052e+01 
1.716052e+01 
1.716052e+01 
1.716052e+01 
1.716052e+01 
1.716052e+01 
1.716052e+01 
1.716052e+01 
1.716052e+01 
1.716052e+01 
1.716052e+01 
1.716052e+01 
1.716052e+01 
1.716050e+01 
1.716050e+01 
1.716050e+01 
1.716050e+01 
1.716050e+01 
1.716050e+01 
1.716050e+01 
1.716050e+01 
1.716050e+01 
1.716049e+01 
1.716049e+01 
1.716049e+01 
1.716049e+01 
1.716049e+01 
1.716049e+01 
1.716049e+01 
1.716049e+01 
1.716049e+01 
1.716049e+01 
1.716049e+01 
1.716049e+01 
1.716049e+01 
1.716049e+01 
1.716049e+01 
1.716049e+01 
1.716049e+01 
1.716049e+01 
1.716049e+01 
1.716049e+01 
1.716049e+01 
1.716049e+01 
1.716049e+01 
1.716049e+01 
1.716049e+01 
1.716049e+01 
1.716049e+01 
1.716049e+01 
1.716049e+01 
1.716049e+01 
1.716049e+01 
1.716048e+01 
1.716048e+01 
1.716048e+01 
1.716048e+01 
1.716048e+01 
1.716048e+01 
1.716048e+01 
1.716048e+01 
1.716048e+01 
1.716048e+01 
1.716048e+01 
1.716048e+01 
1.716048e+01 
1.716048e+01 
1.716048e+01 
1.716048e+01 
1.716048e+01 
1.716048e+01 
1.716048e+01 
1.716048e+01 
1.716048e+01 
1.716048e+01 
1.716048e+01 
1.716048e+01 
1.716048e+01 
1.716048e+01 
1.716048e+01 
1.716048e+01 
1.716048e+01 
1.716048e+01 
1.716048e+01 
1.716048e+01 
1.716048e+01 
1.716048e+01 
1.716048e+01 
1.716048e+01 
1.716048e+01 
1.716048e+01 
1.716048e+01 
1.716048e+01 
1.716048e+01 
1.716048e+01 
1.716048e+01 
1.716048e+01 
1.716048e+01 
1.716048e+01 
1.716048e+01 
1.716048e+01 
1.716048e+01 
1.716048e+01 
1.716048e+01 
1.716048e+01 
1.716048e+01 
1.716048e+01 
1.716048e+01 
1.716048e+01 
1.716048e+01 
1.716048e+01 
1.716048e+01 
1.716048e+01 
1.716048e+01 
1.716048e+01 
1.716048e+01 
1.716048e+01 
1.716048e+01 
1.716048e+01 
1.716048e+01 
1.716048e+01 
1.716048e+01 
1.716048e+01 
1.716048e+01 
1.716048e+01 
1.716048e+01 
1.716048e+01 
1.714114e+01 
1.714114e+01 
1.714114e+01 
1.714114e+01 
1.712473e+01 
1.712473e+01 
1.712473e+01 
1.711853e+01 
1.711853e+01 
1.711551e+01 
1.710187e+01 
1.710187e+01 
1.710187e+01 
1.710187e+01 
1.710187e+01 
1.710187e+01 
1.710187e+01 
1.710187e+01 
1.710187e+01 
1.710187e+01 
1.710187e+01 
1.710187e+01 
1.710187e+01 
1.710187e+01 
1.710187e+01 
1.710187e+01 
1.710187e+01 
1.709999e+01 
1.709999e+01 
1.709999e+01 
1.709999e+01 
1.709999e+01 
1.709999e+01 
1.709999e+01 
1.709999e+01 
1.709999e+01 
1.709999e+01 
1.709999e+01 
1.709999e+01 
1.709999e+01 
1.709999e+01 
1.709999e+01 
1.709999e+01 
1.709999e+01 
1.709999e+01 
1.709999e+01 
1.709999e+01 
1.709999e+01 
1.709999e+01 
1.709999e+01 
1.709999e+01 
1.709999e+01 
1.709999e+01 
1.709999e+01 
1.709999e+01 
1.709980e+01 
1.709980e+01 
1.709980e+01 
1.709980e+01 
1.709980e+01 
1.709980e+01 
1.709965e+01 
1.709965e+01 
1.709965e+01 
1.709965e+01 
1.709965e+01 
1.709965e+01 
1.709965e+01 
1.709878e+01 
1.709878e+01 
1.709878e+01 
1.709612e+01 
1.709612e+01 
1.709612e+01 
1.709612e+01 
1.709612e+01 
1.709612e+01 
1.709612e+01 
1.709612e+01 
1.709612e+01 
1.709468e+01 
1.709468e+01 
1.709468e+01 
1.709468e+01 
1.709468e+01 
1.709468e+01 
1.709468e+01 
1.709468e+01 
1.709468e+01 
1.709468e+01 
1.709468e+01 
1.709468e+01 
1.709468e+01 
1.709468e+01 
1.709468e+01 
1.709468e+01 
1.709468e+01 
1.709468e+01 
1.709468e+01 
1.709468e+01 
1.709468e+01 
1.709468e+01 
1.709468e+01 
1.709468e+01 
1.709468e+01 
1.709468e+01 
1.709465e+01 
1.709465e+01 
1.709465e+01 
1.709465e+01 
1.709465e+01 
1.709465e+01 
1.709465e+01 
1.709442e+01 
1.709412e+01 
1.709394e+01 
1.709394e+01 
1.709394e+01 
1.709394e+01 
1.709394e+01 
1.709394e+01 
1.709394e+01 
1.709394e+01 
1.709394e+01 
1.709394e+01 
1.709391e+01 
1.709384e+01 
1.709374e+01 
1.709374e+01 
1.709374e+01 
1.709374e+01 
1.709374e+01 
1.709374e+01 
1.709373e+01 
1.709373e+01 
1.709373e+01 
1.709373e+01 
1.709373e+01 
1.709373e+01 
1.709373e+01 
1.709373e+01 
1.709373e+01 
1.709373e+01 
1.709373e+01 
1.709373e+01 
1.709373e+01 
1.709373e+01 
1.709373e+01 
1.709373e+01 
1.709371e+01 
1.709371e+01 
1.709371e+01 
1.709371e+01 
1.709371e+01 
1.709371e+01 
1.709371e+01 
1.709371e+01 
1.709371e+01 
1.709371e+01 
1.709371e+01 
1.709371e+01 
1.709371e+01 
1.709370e+01 
1.709370e+01 
1.709370e+01 
1.709370e+01 
1.709370e+01 
1.709370e+01 
1.709370e+01 
1.709370e+01 
1.709370e+01 
1.709370e+01 
1.709370e+01 
1.709370e+01 
1.709370e+01 
1.709370e+01 
1.709370e+01 
1.709370e+01 
1.709370e+01 
1.709370e+01 
1.709370e+01 
1.709370e+01 
1.709370e+01 
1.709370e+01 
1.709370e+01 
1.709370e+01 
1.709370e+01 
1.709370e+01 
1.709370e+01 
1.709370e+01 
1.709370e+01 
1.709370e+01 
1.709370e+01 
1.709370e+01 
1.709370e+01 
1.709370e+01 
1.709370e+01 
1.709370e+01 
1.709370e+01 
1.709370e+01 
1.709370e+01 
1.709370e+01 
1.709370e+01 
1.709370e+01 
1.709370e+01 
1.709370e+01 
1.709370e+01 
1.709370e+01 
1.709370e+01 
1.709370e+01 
1.709370e+01 
1.709370e+01 
1.709370e+01 
1.709370e+01 
1.709370e+01 
1.709370e+01 
1.709370e+01 
1.709370e+01 
1.709370e+01 
1.709370e+01 
1.709370e+01 
1.709370e+01 
1.709370e+01 
1.709370e+01 
1.709370e+01 
1.709370e+01 
1.709370e+01 
1.709370e+01 
1.709370e+01 
1.709370e+01 
1.709370e+01 
1.709370e+01 
1.709370e+01 
1.709370e+01 
1.709370e+01 
1.709370e+01 
1.709370e+01 
1.709370e+01 
1.709370e+01 
1.709370e+01 
1.709370e+01 
1.709370e+01 
1.709370e+01 
1.709370e+01 
1.709370e+01 
1.709370e+01 
1.709370e+01 
1.709370e+01 
1.709370e+01 
1.709370e+01 
1.709370e+01 
1.709370e+01 
1.709370e+01 
1.709370e+01 
1.709370e+01 
1.709370e+01 
1.709369e+01 
1.709369e+01 
1.709369e+01 
1.709369e+01 
1.709369e+01 
1.709369e+01 
1.709369e+01 
1.709369e+01 
1.709369e+01 
1.709369e+01 
1.709369e+01 
1.709369e+01 
1.709369e+01 
1.709369e+01 
1.709369e+01 
1.709369e+01 
1.709369e+01 
1.709369e+01 
1.709369e+01 
1.709369e+01 
1.709369e+01 
1.709369e+01 
1.709369e+01 
1.709369e+01 
1.709369e+01 
1.709369e+01 
1.709369e+01 
1.709369e+01 
1.709369e+01 
1.709369e+01 
1.709369e+01 
1.709369e+01 
1.709369e+01 
1.709369e+01 
1.709369e+01 
1.709369e+01 
1.709369e+01 
1.709369e+01 
1.709369e+01 
1.709369e+01 
1.709369e+01 
1.709369e+01 
1.709369e+01 
1.709369e+01 
1.709369e+01 
1.709369e+01 
1.709369e+01 
1.709369e+01 
1.709369e+01 
1.709369e+01 
1.709369e+01 
1.709369e+01 
1.709369e+01 
1.709369e+01 
1.709369e+01 
1.709369e+01 
1.709369e+01 
1.709369e+01 
1.709369e+01 
1.709369e+01 
1.709369e+01 
1.709369e+01 
1.709369e+01 
1.709369e+01 
1.709369e+01 
1.709369e+01 
1.709369e+01 
1.709369e+01 
1.709369e+01 
1.709369e+01 
1.709369e+01 
1.709369e+01 
1.709369e+01 
1.709369e+01 
1.709369e+01 
1.709369e+01 
1.709369e+01 
1.709369e+01 
1.709369e+01 
1.709369e+01 
1.709369e+01 
1.709369e+01 
1.709369e+01 
1.709369e+01 
1.709369e+01 
1.709369e+01 
1.709369e+01 
1.709369e+01 
1.709369e+01 
1.709369e+01 
1.709369e+01 
1.709369e+01 
1.709369e+01 
1.709369e+01 
1.709369e+01 
1.709369e+01 
1.708710e+01 
1.708710e+01 
1.708710e+01 
1.708710e+01 
1.708710e+01 
1.708710e+01 
1.707769e+01 
1.707769e+01 
1.707769e+01 
1.707769e+01 
1.707769e+01 
1.707769e+01 
1.707769e+01 
1.707769e+01 
1.707769e+01 
1.707769e+01 
1.707769e+01 
1.707769e+01 
1.707769e+01 
1.707769e+01 
1.707769e+01 
1.707769e+01 
1.707769e+01 
1.707769e+01 
1.707769e+01 
1.707769e+01 
1.707769e+01 
1.707769e+01 
1.707769e+01 
1.707769e+01 
1.707769e+01 
1.707769e+01 
1.707769e+01 
1.707769e+01 
1.707769e+01 
1.707769e+01 
1.707769e+01 
1.706852e+01 
1.706852e+01 
1.706852e+01 
1.706852e+01 
1.706852e+01 
1.706852e+01 
1.706852e+01 
1.706852e+01 
1.706852e+01 
1.706852e+01 
1.706852e+01 
1.706852e+01 
1.706852e+01 
1.706852e+01 
1.705404e+01 
1.705404e+01 
1.705404e+01 
1.705404e+01 
1.705404e+01 
1.705404e+01 
1.705404e+01 
1.705404e+01 
1.705404e+01 
1.705404e+01 
1.705404e+01 
1.705404e+01 
1.705404e+01 
1.705404e+01 
1.705404e+01 
1.705404e+01 
1.705404e+01 
1.705404e+01 
1.705404e+01 
1.705404e+01 
1.705404e+01 
1.705404e+01 
1.705404e+01 
1.705404e+01 
1.705404e+01 
1.705404e+01 
1.705404e+01 
1.705404e+01 
1.705404e+01 
1.705404e+01 
1.705404e+01 
1.705404e+01 
1.705404e+01 
1.705404e+01 
1.705404e+01 
1.705404e+01 
1.705404e+01 
1.705404e+01 
1.705404e+01 
1.705404e+01 
1.705404e+01 
1.705404e+01 
1.705404e+01 
1.705404e+01 
1.705404e+01 
1.705404e+01 
1.705404e+01 
1.705404e+01 
1.705404e+01 
1.705404e+01 
1.705203e+01 
1.705203e+01 
1.705203e+01 
1.705203e+01 
1.705203e+01 
1.705203e+01 
1.705203e+01 
1.705203e+01 
1.705203e+01 
1.705203e+01 
1.705203e+01 
1.705203e+01 
1.705203e+01 
1.705203e+01 
1.705203e+01 
1.705203e+01 
1.705203e+01 
1.705203e+01 
1.705203e+01 
1.705203e+01 
1.705203e+01 
1.705203e+01 
1.705203e+01 
1.705203e+01 
1.705203e+01 
1.705203e+01 
1.705185e+01 
1.705185e+01 
1.705185e+01 
1.705185e+01 
1.705185e+01 
1.705185e+01 
1.705185e+01 
1.705185e+01 
1.705185e+01 
1.705185e+01 
1.705185e+01 
1.705185e+01 
1.705185e+01 
1.705185e+01 
1.705185e+01 
1.705185e+01 
1.705185e+01 
1.705185e+01 
1.705185e+01 
1.705185e+01 
1.705185e+01 
1.705185e+01 
1.705185e+01 
1.705185e+01 
1.705185e+01 
1.705185e+01 
1.705185e+01 
1.705185e+01 
1.705185e+01 
1.705185e+01 
1.705185e+01 
1.705185e+01 
1.705185e+01 
1.705185e+01 
1.705185e+01 
1.705185e+01 
1.705185e+01 
1.705185e+01 
1.705185e+01 
1.705185e+01 
1.705185e+01 
1.705185e+01 
1.705185e+01 
1.705185e+01 
1.705185e+01 
1.705185e+01 
1.705185e+01 
1.705185e+01 
1.705185e+01 
1.705185e+01 
1.705185e+01 
1.705185e+01 
1.705185e+01 
1.705185e+01 
1.705185e+01 
1.705185e+01 
1.705185e+01 
1.705185e+01 
1.705185e+01 
1.705185e+01 
1.705185e+01 
1.705185e+01 
1.705185e+01 
1.705185e+01 
1.705185e+01 
1.705153e+01 
1.705153e+01 
1.704832e+01 
1.704832e+01 
1.704832e+01 
1.704832e+01 
1.704832e+01 
1.704832e+01 
1.704832e+01 
1.704832e+01 
1.704832e+01 
1.704832e+01 
1.704832e+01 
1.704832e+01 
1.704832e+01 
1.704832e+01 
1.704832e+01 
1.704832e+01 
1.704832e+01 
1.704832e+01 
1.704832e+01 
1.704832e+01 
1.704832e+01 
1.704832e+01 
1.704832e+01 
1.704832e+01 
1.704832e+01 
1.704832e+01 
1.704832e+01 
1.702652e+01 
1.702652e+01 
1.702652e+01 
1.702652e+01 
1.695050e+01 
1.695050e+01 
1.695050e+01 
1.695050e+01 
1.695050e+01 
1.695050e+01 
1.695050e+01 
1.694879e+01 
1.694879e+01 
1.694879e+01 
1.694879e+01 
1.694879e+01 
1.694879e+01 
1.694879e+01 
1.694879e+01 
1.694879e+01 
1.694879e+01 
1.694879e+01 
1.694879e+01 
1.691674e+01 
1.691674e+01 
1.691674e+01 
1.691674e+01 
1.691674e+01 
1.691674e+01 
1.691674e+01 
1.691674e+01 
1.691674e+01 
1.691674e+01 
1.691674e+01 
1.690973e+01 
1.690973e+01 
1.690973e+01 
1.690973e+01 
1.689320e+01 
1.689320e+01 
1.689320e+01 
1.689320e+01 
1.689320e+01 
1.689320e+01 
1.689320e+01 
1.689320e+01 
1.689320e+01 
1.689320e+01 
1.689320e+01 
1.689320e+01 
1.689320e+01 
1.689320e+01 
1.689320e+01 
1.689320e+01 
1.689320e+01 
1.689320e+01 
1.689320e+01 
1.689320e+01 
1.689320e+01 
1.689320e+01 
1.689320e+01 
1.689320e+01 
1.689320e+01 
1.689320e+01 
1.689320e+01 
1.689320e+01 
1.689320e+01 
1.689320e+01 
1.689320e+01 
1.689320e+01 
1.689320e+01 
1.689320e+01 
1.689320e+01 
1.689320e+01 
1.689320e+01 
1.689320e+01 
1.689320e+01 
1.689320e+01 
1.687278e+01 
1.687278e+01 
1.687278e+01 
1.687278e+01 
1.687278e+01 
1.687278e+01 
1.687278e+01 
1.687278e+01 
1.687278e+01 
1.687278e+01 
1.687278e+01 
1.687278e+01 
1.687278e+01 
1.687278e+01 
1.687278e+01 
1.687278e+01 
1.687278e+01 
1.687278e+01 
1.687278e+01 
1.687278e+01 
1.687278e+01 
1.687278e+01 
1.687278e+01 
1.687278e+01 
1.687278e+01 
1.687278e+01 
1.687278e+01 
1.687278e+01 
1.687278e+01 
1.687278e+01 
1.687278e+01 
1.687278e+01 
1.687278e+01 
1.687278e+01 
1.687278e+01 
1.687278e+01 
1.687174e+01 
1.687174e+01 
1.687174e+01 
1.687174e+01 
1.686840e+01 
1.686840e+01 
1.686774e+01 
1.686774e+01 
1.686774e+01 
1.686751e+01 
1.686751e+01 
1.686751e+01 
1.686751e+01 
1.686658e+01 
1.686610e+01 
1.686610e+01 
1.686610e+01 
1.686583e+01 
1.686583e+01 
1.686546e+01 
1.686546e+01 
1.686546e+01 
1.686546e+01 
1.686527e+01 
1.686527e+01 
1.686500e+01 
1.686500e+01 
1.686477e+01 
1.686477e+01 
1.686477e+01 
1.686477e+01 
1.686477e+01 
1.686477e+01 
1.686445e+01 
1.686445e+01 
1.686445e+01 
1.686445e+01 
1.686445e+01 
1.686445e+01 
1.686445e+01 
1.686445e+01 
1.686445e+01 
1.686438e+01 
1.686438e+01 
1.686438e+01 
1.686438e+01 
1.686438e+01 
1.686438e+01 
1.686438e+01 
1.686438e+01 
1.686438e+01 
1.686438e+01 
1.686438e+01 
1.686438e+01 
1.686427e+01 
1.686427e+01 
1.686427e+01 
1.686427e+01 
1.686427e+01 
1.686427e+01 
1.686427e+01 
1.686427e+01 
1.686427e+01 
1.686427e+01 
1.686427e+01 
1.686427e+01 
1.686427e+01 
1.686427e+01 
1.686427e+01 
1.686427e+01 
1.686427e+01 
1.686427e+01 
1.686427e+01 
1.686427e+01 
1.686427e+01 
1.686427e+01 
1.686427e+01 
1.686427e+01 
1.686427e+01 
1.686427e+01 
1.686416e+01 
1.686416e+01 
1.686416e+01 
1.686416e+01 
1.686416e+01 
1.686416e+01 
1.686416e+01 
1.686416e+01 
1.686416e+01 
1.686416e+01 
1.686416e+01 
1.686416e+01 
1.686416e+01 
1.686416e+01 
1.686416e+01 
1.686416e+01 
1.686416e+01 
1.686416e+01 
1.686416e+01 
1.686416e+01 
1.686416e+01 
1.686416e+01 
1.686416e+01 
1.686416e+01 
1.686416e+01 
1.686416e+01 
1.686416e+01 
1.686416e+01 
1.686416e+01 
1.686416e+01 
1.686416e+01 
1.686416e+01 
1.686415e+01 
1.686415e+01 
1.686415e+01 
1.686415e+01 
1.686415e+01 
1.686415e+01 
1.686415e+01 
1.686415e+01 
1.686415e+01 
1.686415e+01 
1.686415e+01 
1.686415e+01 
1.686415e+01 
1.686415e+01 
1.686415e+01 
1.686415e+01 
1.686415e+01 
1.686415e+01 
1.686415e+01 
1.686415e+01 
1.686415e+01 
1.686415e+01 
1.686415e+01 
1.686415e+01 
1.686415e+01 
1.686415e+01 
1.686415e+01 
1.686415e+01 
1.686415e+01 
1.686415e+01 
1.686415e+01 
1.686415e+01 
1.686415e+01 
1.686415e+01 
1.686415e+01 
1.686415e+01 
1.686415e+01 
1.686415e+01 
1.686415e+01 
1.686415e+01 
1.686415e+01 
1.686415e+01 
1.686415e+01 
1.686415e+01 
1.686415e+01 
1.686415e+01 
1.686415e+01 
1.686415e+01 
1.686415e+01 
1.686415e+01 
1.686415e+01 
1.686415e+01 
1.686415e+01 
1.686415e+01 
1.686415e+01 
1.686415e+01 
1.686415e+01 
1.686415e+01 
1.686415e+01 
1.686415e+01 
1.686415e+01 
1.686415e+01 
1.686415e+01 
1.686415e+01 
1.686415e+01 
1.686415e+01 
1.686415e+01 
1.686415e+01 
1.686415e+01 
1.686415e+01 
1.686415e+01 
1.686415e+01 
1.686415e+01 
1.686415e+01 
1.686415e+01 
1.686415e+01 
1.686415e+01 
1.686415e+01 
1.686415e+01 
1.686415e+01 
1.686415e+01 
1.686415e+01 
1.686415e+01 
1.686415e+01 
1.686414e+01 
1.686414e+01 
1.686414e+01 
1.686414e+01 
1.686414e+01 
1.686414e+01 
1.686414e+01 
1.686414e+01 
1.686414e+01 
1.686414e+01 
1.686414e+01 
1.686414e+01 
1.686414e+01 
1.686414e+01 
1.686414e+01 
1.686414e+01 
1.686414e+01 
1.686414e+01 
1.686414e+01 
1.686414e+01 
1.686414e+01 
1.686414e+01 
1.686414e+01 
1.686414e+01 
1.686414e+01 
1.686414e+01 
1.686414e+01 
1.686414e+01 
1.686414e+01 
1.686414e+01 
1.686414e+01 
1.686414e+01 
1.686414e+01 
1.686414e+01 
1.686414e+01 
1.686414e+01 
1.686414e+01 
1.686414e+01 
1.686414e+01 
1.686414e+01 
1.686414e+01 
1.686414e+01 
1.686414e+01 
1.686414e+01 
1.686414e+01 
1.686414e+01 
1.686414e+01 
1.686414e+01 
1.686414e+01 
1.686414e+01 
1.686414e+01 
1.686414e+01 
1.686414e+01 
1.686414e+01 
1.686414e+01 
1.686414e+01 
1.686414e+01 
1.686414e+01 
1.686414e+01 
1.686414e+01 
1.686414e+01 
1.686414e+01 
1.686414e+01 
1.686414e+01 
1.686414e+01 
1.686414e+01 
1.686414e+01 
1.686414e+01 
1.686414e+01 
1.684206e+01 
1.684206e+01 
1.684206e+01 
1.684206e+01 
1.684206e+01 
1.684206e+01 
1.684206e+01 
1.684206e+01 
1.684206e+01 
1.684206e+01 
1.681433e+01 
1.681433e+01 
1.681433e+01 
1.681433e+01 
1.681433e+01 
1.681433e+01 
1.681433e+01 
1.681433e+01 
1.681433e+01 
1.681433e+01 
1.681433e+01 
1.681433e+01 
1.681433e+01 
1.681433e+01 
1.681433e+01 
1.681433e+01 
1.681433e+01 
1.681433e+01 
1.681433e+01 
1.681433e+01 
1.681433e+01 
1.681433e+01 
1.681433e+01 
1.681433e+01 
1.681433e+01 
1.681433e+01 
1.681433e+01 
1.681433e+01 
1.681433e+01 
1.681433e+01 
1.681433e+01 
1.681433e+01 
1.681433e+01 
1.681433e+01 
1.681433e+01 
1.681433e+01 
1.681433e+01 
1.681433e+01 
1.681433e+01 
1.681433e+01 
1.681433e+01 
1.681433e+01 
1.681433e+01 
1.681433e+01 
1.681433e+01 
1.681433e+01 
1.681433e+01 
1.681433e+01 
1.681433e+01 
1.681433e+01 
1.681433e+01 
1.681433e+01 
1.681433e+01 
1.681433e+01 
1.681433e+01 
1.681433e+01 
1.681433e+01 
1.681433e+01 
1.681433e+01 
1.681433e+01 
1.681433e+01 
1.681433e+01 
1.681433e+01 
1.681433e+01 
1.681433e+01 
1.681433e+01 
1.681433e+01 
1.681400e+01 
1.681390e+01 
1.681390e+01 
1.681390e+01 
1.681210e+01 
1.681185e+01 
1.681169e+01 
1.681153e+01 
1.681141e+01 
1.681132e+01 
1.681126e+01 
1.681122e+01 
1.681119e+01 
1.681117e+01 
1.681115e+01 
1.681114e+01 
1.681114e+01 
1.681113e+01 
1.681113e+01 
1.681113e+01 
1.681113e+01 
1.681112e+01 
1.681112e+01 
1.681112e+01 
1.681112e+01 
1.681112e+01 
1.681112e+01 
1.681112e+01 
1.681112e+01 
1.681112e+01 
1.681112e+01 
1.681112e+01 
1.681112e+01 
1.681112e+01 
1.681112e+01 
1.681112e+01 
1.681112e+01 
1.681112e+01 
1.681112e+01 
1.681112e+01 
1.681112e+01 
1.681112e+01 
1.681112e+01 
1.681112e+01 
1.681112e+01 
1.681112e+01 
1.681112e+01 
1.681112e+01 
1.681112e+01 
1.681112e+01 
1.681112e+01 
1.681112e+01 
1.681112e+01 
1.681112e+01 
1.681112e+01 
1.681112e+01 
1.681112e+01 
1.681112e+01 
1.681112e+01 
1.681112e+01 
1.681112e+01 
1.681112e+01 
1.681112e+01 
1.681112e+01 
1.681112e+01 
1.681112e+01 
1.680986e+01 
1.680986e+01 
1.680986e+01 
1.680986e+01 
1.680986e+01 
1.680986e+01 
1.680986e+01 
1.680986e+01 
1.680986e+01 
1.680986e+01 
1.680986e+01 
1.680986e+01 
1.680986e+01 
1.680986e+01 
1.680986e+01 
1.680788e+01 
1.680788e+01 
1.680788e+01 
1.680788e+01 
1.680788e+01 
1.680788e+01 
1.680788e+01 
1.680788e+01 
1.680788e+01 
1.680788e+01 
1.680788e+01 
1.680788e+01 
1.680788e+01 
1.680788e+01 
1.680788e+01 
1.680788e+01 
1.680788e+01 
1.680788e+01 
1.680788e+01 
1.680788e+01 
1.680788e+01 
1.680788e+01 
1.680788e+01 
1.680788e+01 
1.680788e+01 
1.680788e+01 
1.680788e+01 
1.680788e+01 
1.680788e+01 
1.680788e+01 
1.680788e+01 
1.680788e+01 
1.680788e+01 
1.680788e+01 
1.680788e+01 
1.680788e+01 
1.680788e+01 
1.680788e+01 
1.680788e+01 
1.680788e+01 
1.680788e+01 
1.680788e+01 
1.680714e+01 
1.680677e+01 
1.680677e+01 
1.680677e+01 
1.680677e+01 
1.680677e+01 
1.680677e+01 
1.680677e+01 
1.680677e+01 
1.680677e+01 
1.680677e+01 
1.680677e+01 
1.680677e+01 
1.680637e+01 
1.680637e+01 
1.680637e+01 
1.680565e+01 
1.680565e+01 
1.680402e+01 
1.680402e+01 
1.680402e+01 
1.680402e+01 
1.680402e+01 
1.680402e+01 
1.680402e+01 
1.680402e+01 
1.680402e+01 
1.680402e+01 
1.680402e+01 
1.680402e+01 
1.680402e+01 
1.680402e+01 
1.680402e+01 
1.680402e+01 
1.680402e+01 
1.680402e+01 
1.680402e+01 
1.680329e+01 
1.680329e+01 
1.680329e+01 
1.680329e+01 
1.680329e+01 
1.680329e+01 
1.680329e+01 
1.680329e+01 
1.680329e+01 
1.680329e+01 
1.680329e+01 
1.680329e+01 
1.680329e+01 
1.680329e+01 
1.680329e+01 
1.680329e+01 
1.680329e+01 
1.680329e+01 
1.680329e+01 
1.680329e+01 
1.680329e+01 
1.680329e+01 
1.680329e+01 
1.680329e+01 
1.680329e+01 
1.680329e+01 
1.680329e+01 
1.680329e+01 
1.680329e+01 
1.680329e+01 
1.680329e+01 
1.680329e+01 
1.680329e+01 
1.680329e+01 
1.680329e+01 
1.680329e+01 
1.680329e+01 
1.680329e+01 
1.680329e+01 
1.680322e+01 
1.680322e+01 
1.680322e+01 
1.680322e+01 
1.680322e+01 
1.680322e+01 
1.680322e+01 
1.680322e+01 
1.680322e+01 
1.680322e+01 
1.680322e+01 
1.680322e+01 
1.680322e+01 
1.680322e+01 
1.680322e+01 
1.680322e+01 
1.680322e+01 
1.680322e+01 
1.680322e+01 
1.680322e+01 
1.680322e+01 
1.680316e+01 
1.680316e+01 
1.680316e+01 
1.680316e+01 
1.680316e+01 
1.680316e+01 
1.680316e+01 
1.680316e+01 
1.680316e+01 
1.680316e+01 
1.680316e+01 
1.680316e+01 
1.680316e+01 
1.680316e+01 
1.680316e+01 
1.680316e+01 
1.680316e+01 
1.680316e+01 
1.680316e+01 
1.680316e+01 
1.680316e+01 
1.680306e+01 
1.680306e+01 
1.680306e+01 
1.680306e+01 
1.680306e+01 
1.680306e+01 
1.680306e+01 
1.680306e+01 
1.680306e+01 
1.680139e+01 
1.680007e+01 
1.679920e+01 
1.679900e+01 
1.679900e+01 
1.679731e+01 
1.679731e+01 
1.679529e+01 
1.679369e+01 
1.679242e+01 
1.679242e+01 
1.679242e+01 
1.679185e+01 
1.679149e+01 
1.679149e+01 
1.679086e+01 
1.679052e+01 
1.679052e+01 
1.679052e+01 
1.679044e+01 
1.679044e+01 
1.678809e+01 
1.678635e+01 
1.678585e+01 
1.678584e+01 
1.678584e+01 
1.678584e+01 
1.678557e+01 
1.678557e+01 
1.678557e+01 
1.678557e+01 
1.678548e+01 
1.678548e+01 
1.678548e+01 
1.678548e+01 
1.678548e+01 
1.678548e+01 
1.678548e+01 
1.678542e+01 
1.678542e+01 
1.678542e+01 
1.678542e+01 
1.678542e+01 
1.678542e+01 
1.678540e+01 
1.678537e+01 
1.678532e+01 
1.678527e+01 
1.678523e+01 
1.678523e+01 
1.678523e+01 
1.678516e+01 
1.678516e+01 
1.678516e+01 
1.678516e+01 
1.678516e+01 
1.678516e+01 
1.678516e+01 
1.678516e+01 
1.678516e+01 
1.678516e+01 
1.678516e+01 
1.678516e+01 
1.678516e+01 
1.678516e+01 
1.678514e+01 
1.678514e+01 
1.678512e+01 
1.678511e+01 
1.678511e+01 
1.678511e+01 
1.678508e+01 
1.678508e+01 
1.678507e+01 
1.678507e+01 
1.678506e+01 
1.678506e+01 
1.678505e+01 
1.678505e+01 
1.678505e+01 
1.678504e+01 
1.678504e+01 
1.678504e+01 
1.678501e+01 
1.678498e+01 
1.678491e+01 
1.678487e+01 
1.678480e+01 
1.678476e+01 
1.678472e+01 
1.678468e+01 
1.678464e+01 
1.678460e+01 
1.678453e+01 
1.678448e+01 
1.678445e+01 
1.678437e+01 
1.678431e+01 
1.678427e+01 
1.678420e+01 
1.678415e+01 
1.678409e+01 
1.678402e+01 
1.678396e+01 
1.678390e+01 
1.678386e+01 
1.678380e+01 
1.678372e+01 
1.678367e+01 
1.678360e+01 
1.678349e+01 
1.678335e+01 
1.678314e+01 
1.678291e+01 
1.678287e+01 
1.678287e+01 
1.678281e+01 
1.678281e+01 
1.678273e+01 
1.678273e+01 
1.678273e+01 
1.678273e+01 
1.678272e+01 
1.678268e+01 
1.678268e+01 
1.678268e+01 
1.678268e+01 
1.678268e+01 
1.678268e+01 
1.678268e+01 
1.678268e+01 
1.678268e+01 
1.678268e+01 
1.678268e+01 
1.678268e+01 
1.678268e+01 
1.678268e+01 
1.678268e+01 
1.678268e+01 
1.678267e+01 
1.678267e+01 
1.678267e+01 
1.678266e+01 
1.678266e+01 
1.678266e+01 
1.678266e+01 
1.678266e+01 
1.678266e+01 
1.678266e+01 
1.678266e+01 
1.678266e+01 
1.678266e+01 
1.678266e+01 
1.678266e+01 
1.678266e+01 
1.678266e+01 
1.678266e+01 
1.678266e+01 
1.678266e+01 
1.678266e+01 
1.678266e+01 
1.678266e+01 
1.678266e+01 
1.678266e+01 
1.678266e+01 
1.678266e+01 
1.678266e+01 
1.678266e+01 
1.678266e+01 
1.678266e+01 
1.678266e+01 
1.678266e+01 
1.678266e+01 
1.678266e+01 
1.678266e+01 
1.678266e+01 
1.678266e+01 
1.678266e+01 
1.678266e+01 
1.678266e+01 
1.678266e+01 
1.678266e+01 
1.678266e+01 
1.678266e+01 
1.678266e+01 
1.678266e+01 
1.678266e+01 
1.678266e+01 
1.678266e+01 
1.678266e+01 
1.678266e+01 
1.678266e+01 
1.678266e+01 
1.678266e+01 
1.678266e+01 
1.678266e+01 
1.678265e+01 
1.678265e+01 
1.678265e+01 
1.678265e+01 
1.678265e+01 
1.678265e+01 
1.678265e+01 
1.678265e+01 
1.678265e+01 
1.678265e+01 
1.678265e+01 
1.678265e+01 
1.678265e+01 
1.678265e+01 
1.678265e+01 
1.678265e+01 
1.678265e+01 
1.678265e+01 
1.678265e+01 
1.678265e+01 
1.678265e+01 
1.678265e+01 
1.678265e+01 
1.678265e+01 
1.678265e+01 
1.678265e+01 
1.678265e+01 
1.678265e+01 
1.678265e+01 
1.678265e+01 
1.678265e+01 
1.678265e+01 
1.678265e+01 
1.678265e+01 
1.678265e+01 
1.678265e+01 
1.678265e+01 
1.678265e+01 
1.678265e+01 
1.678265e+01 
1.678265e+01 
1.678265e+01 
1.678265e+01 
1.678265e+01 
1.678265e+01 
1.678265e+01 
1.678265e+01 
1.678265e+01 
1.678265e+01 
1.678265e+01 
1.678265e+01 
1.678265e+01 
1.678265e+01 
1.678265e+01 
1.678265e+01 
1.678265e+01 
1.678265e+01 
1.678265e+01 
1.678265e+01 
1.678265e+01 
1.678265e+01 
1.678248e+01 
1.678213e+01 
1.678181e+01 
1.678162e+01 
1.678150e+01 
1.678142e+01 
1.678137e+01 
1.678134e+01 
1.678132e+01 
1.678130e+01 
1.678129e+01 
1.678129e+01 
1.678128e+01 
1.678128e+01 
1.678128e+01 
1.678128e+01 
1.678128e+01 
1.678128e+01 
1.678128e+01 
1.678128e+01 
1.678128e+01 
1.678128e+01 
1.678128e+01 
1.678128e+01 
1.678128e+01 
1.678128e+01 
1.678128e+01 
1.678128e+01 
1.678128e+01 
1.678128e+01 
1.678128e+01 
1.678128e+01 
1.678118e+01 
1.678088e+01 
1.678060e+01 
1.678043e+01 
1.677990e+01 
1.677969e+01 
1.677962e+01 
1.677925e+01 
1.677908e+01 
1.677908e+01 
1.677896e+01 
1.677887e+01 
1.677881e+01 
1.677875e+01 
1.677874e+01 
1.677874e+01 
1.677874e+01 
1.677874e+01 
1.677872e+01 
1.677872e+01 
1.677872e+01 
1.677872e+01 
1.677872e+01 
1.677872e+01 
1.677872e+01 
1.677872e+01 
1.677872e+01 
1.677872e+01 
1.677872e+01 
1.677872e+01 
1.677872e+01 
1.677872e+01 
1.677872e+01 
1.677836e+01 
1.677827e+01 
1.677790e+01 
1.677790e+01 
1.677740e+01 
1.677740e+01 
1.677730e+01 
1.677730e+01 
1.677730e+01 
1.677730e+01 
1.677730e+01 
1.677730e+01 
1.677730e+01 
1.677730e+01 
1.677730e+01 
1.677730e+01 
1.677730e+01 
1.677730e+01 
1.677730e+01 
1.677730e+01 
1.677730e+01 
1.677730e+01 
1.677730e+01 
1.677730e+01 
1.677730e+01 
1.677730e+01 
1.677730e+01 
1.677730e+01 
1.677730e+01 
1.677730e+01 
1.677730e+01 
1.677730e+01 
1.677730e+01 
1.677730e+01 
1.677730e+01 
1.677730e+01 
1.677730e+01 
1.677730e+01 
1.677730e+01 
1.677730e+01 
1.677730e+01 
1.677730e+01 
1.677730e+01 
1.677730e+01 
1.677730e+01 
1.677730e+01 
1.677730e+01 
1.677730e+01 
1.677730e+01 
1.677730e+01 
1.677730e+01 
1.677717e+01 
1.677717e+01 
1.677707e+01 
1.677707e+01 
1.677707e+01 
1.677707e+01 
1.677707e+01 
1.677707e+01 
1.677707e+01 
1.677707e+01 
1.677707e+01 
1.677707e+01 
1.677707e+01 
1.677707e+01 
1.677707e+01 
1.677707e+01 
1.677707e+01 
1.677707e+01 
1.677707e+01 
1.677707e+01 
1.677707e+01 
1.677707e+01 
1.677707e+01 
1.677707e+01 
1.677707e+01 
1.677707e+01 
1.677707e+01 
1.677707e+01 
1.677707e+01 
1.677707e+01 
1.677707e+01 
1.677707e+01 
1.677707e+01 
1.677707e+01 
1.677707e+01 
1.677701e+01 
1.677701e+01 
1.677694e+01 
1.677624e+01 
1.677624e+01 
1.677624e+01 
1.677624e+01 
1.677624e+01 
1.677624e+01 
1.677624e+01 
1.677624e+01 
1.677624e+01 
1.677624e+01 
1.677624e+01 
1.677624e+01 
1.677624e+01 
1.677624e+01 
1.677624e+01 
1.677623e+01 
1.677623e+01 
1.677623e+01 
1.677623e+01 
1.677617e+01 
1.677617e+01 
1.677617e+01 
1.677617e+01 
1.677617e+01 
1.677617e+01 
1.677617e+01 
1.677606e+01 
1.677606e+01 
1.677606e+01 
1.677606e+01 
1.677606e+01 
1.677603e+01 
1.677603e+01 
1.677603e+01 
1.677603e+01 
1.677601e+01 
1.677600e+01 
1.677599e+01 
1.677598e+01 
1.677598e+01 
1.677598e+01 
1.677598e+01 
1.677597e+01 
1.677597e+01 
1.677578e+01 
1.677576e+01 
1.677576e+01 
1.677576e+01 
1.677576e+01 
1.677576e+01 
1.677576e+01 
1.677576e+01 
1.677576e+01 
1.677576e+01 
1.677576e+01 
1.677576e+01 
1.677576e+01 
1.677576e+01 
1.677576e+01 
1.677576e+01 
1.677576e+01 
1.677576e+01 
1.677576e+01 
1.677576e+01 
1.677576e+01 
1.677576e+01 
1.677576e+01 
1.677576e+01 
1.677576e+01 
1.677576e+01 
1.677575e+01 
1.677575e+01 
1.677575e+01 
1.677575e+01 
1.677575e+01 
1.677575e+01 
1.677575e+01 
1.677575e+01 
1.677575e+01 
1.677575e+01 
1.677575e+01 
1.677574e+01 
1.677574e+01 
1.677574e+01 
1.677574e+01 
1.677574e+01 
1.677574e+01 
1.677574e+01 
1.677574e+01 
1.677574e+01 
1.677574e+01 
1.677574e+01 
1.677574e+01 
1.677574e+01 
1.677574e+01 
1.677574e+01 
1.677574e+01 
1.677574e+01 
1.677574e+01 
1.677574e+01 
1.677574e+01 
1.677574e+01 
1.677574e+01 
1.677574e+01 
1.677574e+01 
1.677574e+01 
1.677574e+01 
1.677574e+01 
1.677574e+01 
1.677574e+01 
1.677574e+01 
1.677574e+01 
1.677574e+01 
1.677574e+01 
1.677574e+01 
1.677574e+01 
1.677574e+01 
1.677574e+01 
1.677574e+01 
1.677574e+01 
1.677574e+01 
1.677574e+01 
1.677574e+01 
1.677574e+01 
1.677574e+01 
1.677574e+01 
1.677574e+01 
1.677574e+01 
1.677574e+01 
1.677574e+01 
1.677574e+01 
1.677574e+01 
1.677574e+01 
1.677574e+01 
1.677574e+01 
1.677574e+01 
1.677574e+01 
1.677574e+01 
1.677574e+01 
1.677574e+01 
1.677574e+01 
1.677574e+01 
1.677574e+01 
1.677574e+01 
1.677574e+01 
1.677574e+01 
1.677574e+01 
1.677574e+01 
1.677574e+01 
1.677574e+01 
1.677464e+01 
1.677464e+01 
1.677464e+01 
1.677464e+01 
1.677464e+01 
1.677464e+01 
1.677464e+01 
1.677464e+01 
1.677464e+01 
1.677464e+01 
1.677464e+01 
1.677464e+01 
1.677452e+01 
1.677444e+01 
1.677440e+01 
1.677439e+01 
1.677438e+01 
1.677438e+01 
1.677437e+01 
1.677437e+01 
1.677437e+01 
1.677437e+01 
1.677437e+01 
1.677437e+01 
1.677437e+01 
1.677332e+01 
1.677332e+01 
1.677332e+01 
1.677332e+01 
1.677332e+01 
1.677332e+01 
1.677332e+01 
1.677332e+01 
1.677332e+01 
1.677257e+01 
1.677257e+01 
1.677257e+01 
1.677257e+01 
1.677257e+01 
1.677257e+01 
1.677257e+01 
1.677257e+01 
1.677257e+01 
1.677257e+01 
1.677257e+01 
1.677257e+01 
1.677208e+01 
1.677208e+01 
1.677208e+01 
1.677208e+01 
1.677208e+01 
1.677208e+01 
1.677208e+01 
1.677208e+01 
1.677208e+01 
1.677208e+01 
1.677174e+01 
1.677174e+01 
1.677174e+01 
1.677174e+01 
1.677174e+01 
1.677174e+01 
1.677036e+01 
1.677036e+01 
1.677036e+01 
1.677036e+01 
1.677036e+01 
1.677036e+01 
1.677036e+01 
1.677036e+01 
1.677036e+01 
1.677036e+01 
1.677036e+01 
1.677036e+01 
1.677036e+01 
1.677036e+01 
1.677036e+01 
1.677036e+01 
1.677036e+01 
1.677036e+01 
1.677036e+01 
1.677036e+01 
1.677036e+01 
1.677036e+01 
1.677036e+01 
1.677036e+01 
1.677036e+01 
1.677036e+01 
1.677036e+01 
1.677036e+01 
1.677036e+01 
1.677036e+01 
1.677036e+01 
1.677036e+01 
1.677036e+01 
1.677036e+01 
1.677036e+01 
1.677036e+01 
1.677036e+01 
1.677036e+01 
1.677036e+01 
1.677036e+01 
1.677036e+01 
1.677036e+01 
1.677036e+01 
1.677036e+01 
1.677036e+01 
1.677036e+01 
1.677036e+01 
1.677036e+01 
1.677036e+01 
1.677036e+01 
1.677036e+01 
1.677036e+01 
1.677036e+01 
1.677036e+01 
1.677036e+01 
1.677036e+01 
1.677036e+01 
1.677036e+01 
1.677036e+01 
1.677036e+01 
1.677036e+01 
1.677036e+01 
1.677036e+01 
1.677036e+01 
1.677036e+01 
1.677036e+01 
1.677036e+01 
1.677036e+01 
1.677036e+01 
1.677036e+01 
1.677036e+01 
1.677036e+01 
1.677036e+01 
1.677036e+01 
1.677036e+01 
1.677036e+01 
1.677036e+01 
1.677036e+01 
1.677036e+01 
1.677036e+01 
1.677036e+01 
1.677036e+01 
1.677036e+01 
1.677036e+01 
1.677035e+01 
1.677035e+01 
1.677035e+01 
1.677035e+01 
1.677035e+01 
1.677035e+01 
1.677035e+01 
1.677035e+01 
1.677035e+01 
1.677035e+01 
1.677035e+01 
1.677035e+01 
1.677035e+01 
1.677035e+01 
1.677035e+01 
1.677035e+01 
1.677035e+01 
1.677034e+01 
1.677034e+01 
1.677034e+01 
1.677034e+01 
1.677034e+01 
1.677034e+01 
1.677034e+01 
1.677034e+01 
1.677034e+01 
1.677034e+01 
1.677034e+01 
1.677034e+01 
1.677034e+01 
1.677034e+01 
1.677034e+01 
1.677034e+01 
1.677034e+01 
1.677034e+01 
1.677034e+01 
1.677034e+01 
1.677034e+01 
1.677034e+01 
1.677034e+01 
1.677034e+01 
1.677034e+01 
1.677034e+01 
1.677034e+01 
1.677034e+01 
1.677034e+01 
1.677034e+01 
1.677034e+01 
1.677034e+01 
1.677034e+01 
1.677034e+01 
1.677034e+01 
1.677034e+01 
1.677034e+01 
1.677034e+01 
1.677034e+01 
1.677034e+01 
1.677034e+01 
1.677034e+01 
1.677034e+01 
1.677034e+01 
1.677034e+01 
1.677034e+01 
1.677034e+01 
1.677034e+01 
1.677034e+01 
1.677034e+01 
1.677034e+01 
1.677034e+01 
1.677034e+01 
1.677034e+01 
1.677034e+01 
1.677034e+01 
1.677034e+01 
1.677034e+01 
1.677034e+01 
1.677034e+01 
1.677034e+01 
1.677034e+01 
1.677034e+01 
1.677034e+01 
1.677034e+01 
1.677034e+01 
1.677034e+01 
1.677034e+01 
1.677034e+01 
1.677034e+01 
1.677034e+01 
1.677034e+01 
1.677034e+01 
1.677034e+01 
1.677034e+01 
1.677034e+01 
1.677034e+01 
1.677034e+01 
1.677034e+01 
1.677034e+01 
1.677034e+01 
1.677034e+01 
1.677034e+01 
1.677034e+01 
1.677034e+01 
1.677034e+01 
1.677034e+01 
1.677034e+01 
1.677034e+01 
1.677034e+01 
1.677034e+01 
1.677034e+01 
1.677034e+01 
1.677034e+01 
1.677034e+01 
1.677034e+01 
1.677034e+01 
1.677034e+01 
1.677034e+01 
1.677034e+01 
1.677034e+01 
1.677034e+01 
1.677034e+01 
1.677034e+01 
1.677034e+01 
1.677034e+01 
1.677034e+01 
1.677034e+01 
1.677034e+01 
1.677034e+01 
1.677034e+01 
1.677034e+01 
1.677034e+01 
1.677034e+01 
1.677034e+01 
1.677034e+01 
1.677034e+01 
1.677034e+01 
1.677034e+01 
1.677034e+01 
1.677034e+01 
1.677034e+01 
1.677034e+01 
1.677034e+01 
1.677034e+01 
1.677034e+01 
1.677034e+01 
1.677034e+01 
1.677034e+01 
1.677034e+01 
1.677034e+01 
1.677034e+01 
1.677034e+01 
1.677034e+01 
1.677034e+01 
1.677034e+01 
1.677034e+01 
1.677034e+01 
1.677034e+01 
1.677034e+01 
1.677034e+01 
1.677034e+01 
1.677034e+01 
1.677034e+01 
1.677034e+01 
1.677034e+01 
1.677034e+01 
1.677034e+01 
1.677034e+01 
1.677034e+01 
1.677034e+01 
1.677034e+01 
1.677034e+01 
1.677034e+01 
1.677034e+01 
1.677034e+01 
1.677034e+01 
1.677034e+01 
1.677034e+01 
1.677034e+01 
1.677034e+01 
1.677034e+01 
1.677034e+01 
1.677034e+01 
1.677034e+01 
1.677034e+01 
1.677034e+01 
1.677034e+01 
1.677034e+01 
1.676999e+01 
1.676982e+01 
1.676963e+01 
1.676952e+01 
1.676951e+01 
1.676951e+01 
1.676938e+01 
1.676938e+01 
1.676938e+01 
1.676938e+01 
1.676938e+01 
1.676927e+01 
1.676927e+01 
1.676927e+01 
1.676927e+01 
1.676927e+01 
1.676927e+01 
1.676927e+01 
1.676927e+01 
1.676927e+01 
1.676927e+01 
1.676927e+01 
1.676927e+01 
1.676927e+01 
1.676927e+01 
1.676927e+01 
1.676927e+01 
1.676927e+01 
1.676923e+01 
1.676923e+01 
1.676923e+01 
1.676923e+01 
1.676923e+01 
1.676923e+01 
1.676923e+01 
1.676923e+01 
1.676923e+01 
1.676923e+01 
1.676923e+01 
1.676923e+01 
1.676923e+01 
1.676923e+01 
1.676923e+01 
1.676923e+01 
1.676923e+01 
1.676923e+01 
1.676923e+01 
1.676923e+01 
1.676923e+01 
1.676923e+01 
1.676923e+01 
1.676923e+01 
1.676923e+01 
1.676923e+01 
1.676923e+01 
1.676923e+01 
1.676923e+01 
1.676923e+01 
1.676923e+01 
1.676923e+01 
1.676923e+01 
1.676923e+01 
1.676923e+01 
1.676923e+01 
1.676923e+01 
1.676923e+01 
1.676923e+01 
1.676923e+01 
1.676923e+01 
1.676923e+01 
1.676923e+01 
1.676923e+01 
1.676923e+01 
1.676923e+01 
1.676923e+01 
1.676923e+01 
1.676923e+01 
1.676923e+01 
1.676923e+01 
1.676923e+01 
1.676923e+01 
1.676923e+01 
1.676923e+01 
1.676923e+01 
1.676923e+01 
1.676923e+01 
1.676923e+01 
1.676923e+01 
1.676923e+01 
1.676923e+01 
1.676923e+01 
1.676923e+01 
1.676923e+01 
1.676923e+01 
1.676923e+01 
1.676923e+01 
1.676923e+01 
1.676923e+01 
1.676923e+01 
1.676923e+01 
1.676923e+01 
1.676923e+01 
1.676923e+01 
1.676923e+01 
1.676923e+01 
1.676923e+01 
1.676923e+01 
1.676923e+01 
1.676923e+01 
1.676923e+01 
1.676923e+01 
1.676923e+01 
1.676923e+01 
1.676914e+01 
1.676890e+01 
1.676870e+01 
1.676861e+01 
1.676857e+01 
1.676855e+01 
1.676853e+01 
1.676853e+01 
1.676852e+01 
1.676852e+01 
1.676852e+01 
1.676852e+01 
1.676852e+01 
1.676852e+01 
1.676852e+01 
1.676852e+01 
1.676852e+01 
1.676852e+01 
1.676852e+01 
1.676822e+01 
1.676822e+01 
1.676822e+01 
1.676822e+01 
1.676822e+01 
1.676822e+01 
1.676822e+01 
1.676822e+01 
1.676822e+01 
1.676822e+01 
1.676822e+01 
1.676822e+01 
1.676822e+01 
1.676822e+01 
1.676814e+01 
1.676814e+01 
1.676814e+01 
1.676814e+01 
1.676814e+01 
1.676814e+01 
1.676811e+01 
1.676811e+01 
1.676811e+01 
1.676811e+01 
1.676811e+01 
1.676811e+01 
1.676811e+01 
1.676811e+01 
1.676811e+01 
1.676811e+01 
1.676811e+01 
1.676810e+01 
1.676810e+01 
1.676810e+01 
1.676810e+01 
1.676810e+01 
1.676809e+01 
1.676806e+01 
1.676806e+01 
1.676806e+01 
1.676806e+01 
1.676806e+01 
1.676806e+01 
1.676806e+01 
1.676806e+01 
1.676806e+01 
1.676806e+01 
1.676806e+01 
1.676805e+01 
1.676805e+01 
1.676805e+01 
1.676805e+01 
1.676803e+01 
1.676803e+01 
1.676803e+01 
1.676802e+01 
1.676801e+01 
1.676801e+01 
1.676801e+01 
1.676800e+01 
1.676800e+01 
1.676800e+01 
1.676800e+01 
1.676800e+01 
1.676800e+01 
1.676799e+01 
1.676799e+01 
1.676799e+01 
1.676799e+01 
1.676799e+01 
1.676799e+01 
1.676799e+01 
1.676799e+01 
1.676799e+01 
1.676799e+01 
1.676799e+01 
1.676799e+01 
1.676799e+01 
1.676799e+01 
1.676799e+01 
1.676799e+01 
1.676799e+01 
1.676799e+01 
1.676799e+01 
1.676799e+01 
1.676799e+01 
1.676799e+01 
1.676799e+01 
1.676799e+01 
1.676799e+01 
1.676799e+01 
1.676799e+01 
1.676799e+01 
1.676799e+01 
1.676799e+01 
1.676799e+01 
1.676799e+01 
1.676799e+01 
1.676799e+01 
1.676799e+01 
1.676799e+01 
1.676799e+01 
1.676799e+01 
1.676799e+01 
1.676799e+01 
1.676799e+01 
1.676799e+01 
1.676799e+01 
1.676799e+01 
1.676799e+01 
1.676799e+01 
1.676799e+01 
1.676799e+01 
1.676799e+01 
1.676799e+01 
1.676799e+01 
1.676799e+01 
1.676799e+01 
1.676799e+01 
1.676799e+01 
1.676799e+01 
1.676799e+01 
1.676799e+01 
1.676799e+01 
1.676799e+01 
1.676799e+01 
1.676799e+01 
1.676799e+01 
1.676799e+01 
1.676799e+01 
1.676799e+01 
1.676799e+01 
1.676799e+01 
1.676799e+01 
1.676789e+01 
1.676789e+01 
1.676786e+01 
1.676786e+01 
1.676777e+01 
1.676777e+01 
1.676777e+01 
1.676777e+01 
1.676777e+01 
1.676777e+01 
1.676777e+01 
1.676777e+01 
1.676777e+01 
1.676777e+01 
1.676777e+01 
1.676777e+01 
1.676777e+01 
1.676777e+01 
1.676777e+01 
1.676777e+01 
1.676777e+01 
1.676777e+01 
1.676777e+01 
1.676777e+01 
1.676777e+01 
1.676774e+01 
1.676774e+01 
1.676774e+01 
1.676774e+01 
1.676774e+01 
1.676774e+01 
1.676774e+01 
1.676774e+01 
1.676774e+01 
1.676772e+01 
1.676772e+01 
1.676772e+01 
1.676772e+01 
1.676772e+01 
1.676772e+01 
1.676772e+01 
1.676772e+01 
1.676772e+01 
1.676772e+01 
1.676772e+01 
1.676772e+01 
1.676772e+01 
1.676772e+01 
1.676772e+01 
1.676772e+01 
1.676772e+01 
1.676772e+01 
1.676772e+01 
1.676772e+01 
1.676772e+01 
1.676772e+01 
1.676772e+01 
1.676772e+01 
1.676772e+01 
1.676772e+01 
1.676772e+01 
1.676772e+01 
1.676772e+01 
1.676772e+01 
1.676772e+01 
1.676772e+01 
1.676772e+01 
1.676772e+01 
1.676772e+01 
1.676772e+01 
1.676772e+01 
1.676772e+01 
1.676772e+01 
1.676772e+01 
1.676772e+01 
1.676772e+01 
1.676772e+01 
1.676772e+01 
1.676772e+01 
1.676772e+01 
1.676772e+01 
1.676771e+01 
1.676770e+01 
1.676770e+01 
1.676769e+01 
1.676769e+01 
1.676769e+01 
1.676769e+01 
1.676769e+01 
1.676769e+01 
1.676769e+01 
1.676769e+01 
1.676769e+01 
1.676769e+01 
1.676769e+01 
1.676769e+01 
1.676769e+01 
1.676769e+01 
1.676769e+01 
1.676769e+01 
1.676769e+01 
1.676769e+01 
1.676769e+01 
1.676769e+01 
1.676769e+01 
1.676769e+01 
1.676769e+01 
1.676769e+01 
1.676769e+01 
1.676769e+01 
1.676769e+01 
1.676769e+01 
1.676768e+01 
1.676767e+01 
1.676767e+01 
1.676766e+01 
1.676766e+01 
1.676766e+01 
1.676766e+01 
1.676766e+01 
1.676766e+01 
1.676766e+01 
1.676766e+01 
1.676766e+01 
1.676765e+01 
1.676765e+01 
1.676764e+01 
1.676764e+01 
1.676764e+01 
1.676764e+01 
1.676764e+01 
1.676764e+01 
1.676764e+01 
1.676764e+01 
1.676764e+01 
1.676764e+01 
1.676764e+01 
1.676764e+01 
1.676764e+01 
1.676764e+01 
1.676764e+01 
1.676764e+01 
1.676764e+01 
1.676764e+01 
1.676764e+01 
1.676764e+01 
1.676764e+01 
1.676764e+01 
1.676764e+01 
1.676764e+01 
1.676764e+01 
1.676764e+01 
1.676764e+01 
1.676764e+01 
1.676764e+01 
1.676764e+01 
1.676764e+01 
1.676764e+01 
1.676764e+01 
1.676764e+01 
1.676764e+01 
1.676764e+01 
1.676764e+01 
1.676764e+01 
1.676764e+01 
1.676764e+01 
1.676764e+01 
1.676764e+01 
1.676764e+01 
1.676764e+01 
1.676764e+01 
1.676764e+01 
1.676764e+01 
1.676764e+01 
1.676764e+01 
1.676764e+01 
1.676764e+01 
1.676764e+01 
1.676764e+01 
1.676764e+01 
1.676764e+01 
1.676764e+01 
1.676764e+01 
1.676764e+01 
1.676764e+01 
1.676764e+01 
1.676764e+01 
1.676764e+01 
1.676764e+01 
1.676764e+01 
1.676764e+01 
1.676764e+01 
1.676764e+01 
1.676764e+01 
1.676764e+01 
1.676764e+01 
1.676764e+01 
1.676764e+01 
1.676764e+01 
1.676764e+01 
1.676764e+01 
1.676764e+01 
1.676764e+01 
1.676763e+01 
1.676762e+01 
1.676761e+01 
1.676759e+01 
1.676759e+01 
1.676759e+01 
1.676759e+01 
1.676758e+01 
1.676758e+01 
1.676758e+01 
1.676758e+01 
1.676758e+01 
1.676758e+01 
1.676758e+01 
1.676757e+01 
1.676757e+01 
1.676757e+01 
1.676757e+01 
1.676757e+01 
1.676757e+01 
1.676757e+01 
1.676757e+01 
1.676757e+01 
1.676757e+01 
1.676757e+01 
1.676757e+01 
1.676757e+01 
1.676757e+01 
1.676757e+01 
1.676757e+01 
1.676757e+01 
1.676757e+01 
1.676757e+01 
1.676757e+01 
1.676757e+01 
1.676756e+01 
1.676756e+01 
1.676756e+01 
1.676756e+01 
1.676756e+01 
1.676756e+01 
1.676756e+01 
1.676756e+01 
1.676756e+01 
1.676756e+01 
1.676756e+01 
1.676756e+01 
1.676756e+01 
1.676756e+01 
1.676756e+01 
1.676756e+01 
1.676756e+01 
1.676756e+01 
1.676756e+01 
1.676756e+01 
1.676756e+01 
1.676756e+01 
1.676756e+01 
1.676756e+01 
1.676756e+01 
1.676756e+01 
1.676756e+01 
1.676755e+01 
1.676755e+01 
1.676755e+01 
1.676755e+01 
1.676755e+01 
1.676755e+01 
1.676753e+01 
1.676753e+01 
1.676753e+01 
1.676753e+01 
1.676753e+01 
1.676753e+01 
1.676753e+01 
1.676753e+01 
1.676753e+01 
1.676753e+01 
1.676753e+01 
1.676753e+01 
1.676753e+01 
1.676753e+01 
1.676753e+01 
1.676753e+01 
1.676753e+01 
1.676753e+01 
1.676753e+01 
1.676753e+01 
1.676753e+01 
1.676753e+01 
1.676753e+01 
1.676753e+01 
1.676753e+01 
1.676753e+01 
1.676751e+01 
1.676751e+01 
1.676751e+01 
1.676751e+01 
1.676749e+01 
1.676749e+01 
1.676749e+01 
1.676749e+01 
1.676749e+01 
1.676749e+01 
1.676749e+01 
1.676749e+01 
1.676749e+01 
1.676749e+01 
1.676749e+01 
1.676749e+01 
1.676749e+01 
1.676749e+01 
1.676749e+01 
1.676749e+01 
1.676749e+01 
1.676749e+01 
1.676749e+01 
1.676749e+01 
1.676749e+01 
1.676749e+01 
1.676749e+01 
1.676749e+01 
1.676749e+01 
1.676749e+01 
1.676749e+01 
1.676749e+01 
1.676749e+01 
1.676749e+01 
1.676749e+01 
1.676749e+01 
1.676749e+01 
1.676749e+01 
1.676749e+01 
1.676749e+01 
1.676749e+01 
1.676749e+01 
1.676749e+01 
1.676749e+01 
1.676749e+01 
1.676749e+01 
1.676749e+01 
1.676749e+01 
1.676749e+01 
1.676749e+01 
1.676749e+01 
1.676749e+01 
1.676749e+01 
1.676749e+01 
1.676748e+01 
1.676748e+01 
1.676748e+01 
1.676748e+01 
1.676748e+01 
1.676748e+01 
1.676748e+01 
1.676748e+01 
1.676748e+01 
1.676748e+01 
1.676748e+01 
1.676748e+01 
1.676748e+01 
1.676748e+01 
1.676748e+01 
1.676748e+01 
1.676748e+01 
1.676748e+01 
1.676748e+01 
1.676748e+01 
1.676748e+01 
1.676748e+01 
1.676748e+01 
1.676748e+01 
1.676748e+01 
1.676748e+01 
1.676748e+01 
1.676748e+01 
1.676748e+01 
1.676748e+01 
1.676748e+01 
1.676748e+01 
1.676748e+01 
1.676748e+01 
1.676748e+01 
1.676748e+01 
1.676748e+01 
1.676748e+01 
1.676748e+01 
1.676748e+01 
1.676748e+01 
1.676748e+01 
1.676748e+01 
1.676748e+01 
1.676748e+01 
1.676748e+01 
1.676748e+01 
1.676748e+01 
1.676748e+01 
1.676748e+01 
1.676748e+01 
1.676748e+01 
1.676748e+01 
1.676748e+01 
1.676748e+01 
1.676748e+01 
1.676748e+01 
1.676748e+01 
1.676748e+01 
1.676748e+01 
1.676748e+01 
1.676748e+01 
1.676748e+01 
1.676748e+01 
1.676748e+01 
1.676748e+01 
1.676748e+01 
1.676748e+01 
1.676748e+01 
1.676748e+01 
1.676748e+01 
1.676748e+01 
1.676748e+01 
1.676748e+01 
1.676748e+01 
1.676748e+01 
1.676748e+01 
1.676748e+01 
1.676748e+01 
1.676748e+01 
1.676748e+01 
1.676748e+01 
1.676748e+01 
1.676748e+01 
1.676748e+01 
1.676748e+01 
1.676748e+01 
1.676748e+01 
1.676748e+01 
1.676748e+01 
1.676748e+01 
1.676748e+01 
1.676748e+01 
1.676748e+01 
1.676748e+01 
1.676748e+01 
1.676748e+01 
1.676748e+01 
1.676748e+01 
1.676748e+01 
1.676748e+01 
1.676748e+01 
1.676748e+01 
1.676748e+01 
1.676748e+01 
1.676748e+01 
1.676748e+01 
1.676748e+01 
1.676748e+01 
1.676748e+01 
1.676748e+01 
1.676748e+01 
1.676748e+01 
1.676748e+01 
1.676748e+01 
1.676748e+01 
1.676748e+01 
1.676748e+01 
1.676748e+01 
1.676748e+01 
1.676748e+01 
1.676748e+01 
1.676748e+01 
1.676748e+01 
1.676748e+01 
1.676748e+01 
1.676748e+01 
1.676748e+01 
1.676748e+01 
1.676748e+01 
1.676748e+01 
1.676748e+01 
1.676748e+01 
1.676748e+01 
1.676748e+01 
1.676748e+01 
1.676748e+01 
1.676748e+01 
1.676748e+01 
1.676748e+01 
1.676748e+01 
1.676748e+01 
1.676748e+01 
1.676748e+01 
1.676748e+01 
1.676748e+01 
1.676748e+01 
1.676748e+01 
1.676748e+01 
1.676748e+01 
1.676748e+01 
1.676748e+01 
1.676748e+01 
1.676748e+01 
1.676748e+01 
1.676748e+01 
1.676748e+01 
1.676748e+01 
1.676748e+01 
1.676748e+01 
1.676748e+01 
1.676748e+01 
1.676748e+01 
1.676748e+01 
1.676748e+01 
1.676748e+01 
1.676748e+01 
1.676748e+01 
1.676748e+01 
1.676748e+01 
1.676748e+01 
1.676748e+01 
1.676748e+01 
1.676748e+01 
1.676748e+01 
1.676748e+01 
1.676748e+01 
1.676748e+01 
1.676748e+01 
1.676748e+01 
1.676748e+01 
1.676748e+01 
1.676748e+01 
1.676748e+01 
1.676748e+01 
1.676748e+01 
1.676748e+01 
1.676748e+01 
1.676748e+01 
1.676748e+01 
1.676748e+01 
1.676748e+01 
1.676748e+01 
1.676748e+01 
1.676748e+01 
1.676748e+01 
1.676744e+01 
1.676744e+01 
1.676744e+01 
1.676744e+01 
1.676742e+01 
1.676742e+01 
1.676742e+01 
1.676742e+01 
1.676742e+01 
1.676742e+01 
1.676742e+01 
1.676742e+01 
1.676742e+01 
1.676742e+01 
1.676742e+01 
1.676742e+01 
1.676742e+01 
1.676742e+01 
1.676742e+01 
1.676742e+01 
1.676742e+01 
1.676742e+01 
1.676742e+01 
1.676742e+01 
1.676742e+01 
1.676741e+01 
1.676741e+01 
1.676741e+01 
1.676741e+01 
1.676741e+01 
1.676741e+01 
1.676741e+01 
1.676741e+01 
1.676741e+01 
1.676741e+01 
1.676741e+01 
1.676741e+01 
1.676741e+01 
1.676741e+01 
1.676741e+01 
1.676741e+01 
1.676741e+01 
1.676741e+01 
1.676741e+01 
1.676741e+01 
1.676741e+01 
1.676741e+01 
1.676741e+01 
1.676741e+01 
1.676741e+01 
1.676741e+01 
1.676741e+01 
1.676741e+01 
1.676741e+01 
1.676741e+01 
1.676741e+01 
1.676741e+01 
1.676741e+01 
1.676741e+01 
1.676741e+01 
1.676741e+01 
1.676741e+01 
1.676741e+01 
1.676741e+01 
1.676741e+01 
1.676741e+01 
1.676741e+01 
1.676741e+01 
1.676741e+01 
1.676741e+01 
1.676741e+01 
1.676741e+01 
1.676741e+01 
1.676741e+01 
1.676741e+01 
1.676741e+01 
1.676741e+01 
1.676741e+01 
1.676741e+01 
1.676741e+01 
1.676741e+01 
1.676741e+01 
1.676741e+01 
1.676741e+01 
1.676741e+01 
1.676741e+01 
1.676741e+01 
1.676741e+01 
1.676741e+01 
1.676741e+01 
1.676741e+01 
1.676741e+01 
1.676741e+01 
1.676741e+01 
1.676741e+01 
1.676741e+01 
1.676741e+01 
1.676741e+01 
1.676741e+01 
1.676741e+01 
1.676741e+01 
1.676741e+01 
1.676741e+01 
1.676741e+01 
1.676741e+01 
1.676741e+01 
1.676741e+01 
1.676741e+01 
1.676741e+01 
1.676741e+01 
1.676741e+01 
1.676741e+01 
1.676741e+01 
1.676741e+01 
1.676741e+01 
1.676741e+01 
1.676741e+01 
1.676741e+01 
1.676741e+01 
1.676741e+01 
1.676741e+01 
1.676741e+01 
1.676741e+01 
1.676741e+01 
1.676741e+01 
1.676741e+01 
1.676741e+01 
1.676741e+01 
1.676741e+01 
1.676741e+01 
1.676741e+01 
1.676741e+01 
1.676741e+01 
1.676739e+01 
1.676739e+01 
1.676739e+01 
1.676739e+01 
1.676739e+01 
1.676739e+01 
1.676739e+01 
1.676739e+01 
1.676739e+01 
1.676739e+01 
1.676739e+01 
1.676739e+01 
1.676739e+01 
1.676739e+01 
1.676739e+01 
1.676739e+01 
1.676739e+01 
1.676739e+01 
1.676739e+01 
1.676739e+01 
1.676739e+01 
1.676739e+01 
1.676739e+01 
1.676739e+01 
1.676739e+01 
1.676739e+01 
1.676739e+01 
1.676739e+01 
1.676739e+01 
1.676739e+01 
1.676739e+01 
1.676739e+01 
1.676739e+01 
1.676739e+01 
1.676739e+01 
1.676739e+01 
1.676739e+01 
1.676739e+01 
1.676739e+01 
1.676739e+01 
1.676739e+01 
1.676739e+01 
1.676739e+01 
1.676739e+01 
1.676739e+01 
1.676739e+01 
1.676739e+01 
1.676739e+01 
1.676739e+01 
1.676739e+01 
1.676739e+01 
1.676739e+01 
1.676739e+01 
1.676739e+01 
1.676739e+01 
1.676739e+01 
1.676739e+01 
1.676739e+01 
1.676739e+01 
1.676739e+01 
1.676739e+01 
1.676739e+01 
1.676739e+01 
1.676739e+01 
1.676739e+01 
1.676739e+01 
1.676739e+01 
1.676739e+01 
1.676739e+01 
1.676739e+01 
1.676739e+01 
1.676739e+01 
1.676739e+01 
1.676739e+01 
1.676739e+01 
1.676739e+01 
1.676739e+01 
1.676739e+01 
1.676739e+01 
1.676739e+01 
1.676739e+01 
1.676739e+01 
1.676739e+01 
1.676739e+01 
1.676739e+01 
1.676739e+01 
1.676739e+01 
1.676739e+01 
1.676739e+01 
1.676739e+01 
1.676739e+01 
1.676739e+01 
1.676739e+01 
1.676739e+01 
1.676739e+01 
1.676739e+01 
1.676739e+01 
1.676739e+01 
1.676739e+01 
1.676739e+01 
1.676739e+01 
1.676739e+01 
1.676739e+01 
1.676739e+01 
1.676739e+01 
1.676739e+01 
1.676739e+01 
1.676739e+01 
1.676739e+01 
1.676739e+01 
1.676739e+01 
1.676739e+01 
1.676739e+01 
1.676739e+01 
1.676739e+01 
1.676739e+01 
1.676739e+01 
1.676739e+01 
1.676739e+01 
1.676739e+01 
1.676739e+01 
1.676739e+01 
1.676739e+01 
1.676739e+01 
1.676739e+01 
1.676739e+01 
1.676739e+01 
1.676739e+01 
1.676739e+01 
1.676739e+01 
1.676739e+01 
1.676739e+01 
1.676739e+01 
1.676739e+01 
1.676739e+01 
1.676739e+01 
1.676739e+01 
1.676739e+01 
1.676739e+01 
1.676739e+01 
1.676739e+01 
1.676739e+01 
1.676739e+01 
1.676739e+01 
1.676739e+01 
1.676739e+01 
1.676739e+01 
1.676739e+01 
1.676739e+01 
1.676738e+01 
1.676738e+01 
1.676738e+01 
1.676738e+01 
1.676738e+01 
1.676738e+01 
1.676738e+01 
1.676738e+01 
1.676738e+01 
1.676738e+01 
1.676738e+01 
1.676738e+01 
1.676738e+01 
1.676738e+01 
1.676738e+01 
1.676738e+01 
1.676738e+01 
1.676738e+01 
1.676738e+01 
1.676738e+01 
1.676738e+01 
1.676738e+01 
1.676738e+01 
1.676738e+01 
1.676738e+01 
1.676738e+01 
1.676738e+01 
1.676738e+01 
1.676738e+01 
1.676738e+01 
1.676738e+01 
1.676738e+01 
1.676738e+01 
1.676738e+01 
1.676738e+01 
1.676738e+01 
1.676738e+01 
1.676738e+01 
1.676738e+01 
1.676738e+01 
1.676738e+01 
1.676738e+01 
1.676738e+01 
1.676738e+01 
1.676738e+01 
1.676738e+01 
1.676738e+01 
1.676738e+01 
1.676738e+01 
1.676738e+01 
1.676738e+01 
1.676738e+01 
1.676738e+01 
1.676738e+01 
1.676738e+01 
1.676738e+01 
1.676738e+01 
1.676738e+01 
1.676738e+01 
1.676738e+01 
1.676738e+01 
1.676738e+01 
1.676738e+01 
1.676738e+01 
1.676738e+01 
1.676738e+01 
1.676738e+01 
1.676738e+01 
1.676738e+01 
1.676738e+01 
1.676738e+01 
1.676738e+01 
1.676738e+01 
1.676738e+01 
1.676738e+01 
1.676738e+01 
1.676738e+01 
1.676738e+01 
1.676738e+01 
1.676738e+01 
1.676738e+01 
1.676738e+01 
1.676738e+01 
1.676738e+01 
1.676738e+01 
1.676738e+01 
1.676738e+01 
1.676738e+01 
1.676738e+01 
1.676738e+01 
1.676738e+01 
1.676738e+01 
1.676738e+01 
1.676738e+01 
1.676738e+01 
1.676738e+01 
1.676738e+01 
1.676738e+01 
1.676738e+01 
1.676738e+01 
1.676738e+01 
1.676738e+01 
1.676738e+01 
1.676738e+01 
1.676738e+01 
1.676738e+01 
1.676738e+01 
1.676738e+01 
1.676738e+01 
1.676738e+01 
1.676738e+01 
1.676738e+01 
1.676738e+01 
1.676738e+01 
1.676738e+01 
1.676738e+01 
1.676738e+01 
1.676738e+01 
1.676738e+01 
1.676738e+01 
1.676738e+01 
1.676738e+01 
1.676738e+01 
1.676738e+01 
1.676738e+01 
1.676738e+01 
1.676738e+01 
1.676738e+01 
1.676738e+01 
1.676738e+01 
1.676738e+01 
1.676738e+01 
1.676738e+01 
1.676738e+01 
1.676738e+01 
1.676738e+01 
1.676738e+01 
1.676738e+01 
1.676738e+01 
1.676738e+01 
1.676738e+01 
1.676738e+01 
1.676738e+01 
1.676738e+01 
1.676738e+01 
1.676738e+01 
1.676738e+01 
1.676738e+01 
1.676738e+01 
1.676738e+01 
1.676738e+01 
1.676738e+01 
1.676738e+01 
1.676738e+01 
1.676738e+01 
1.676738e+01 
1.676738e+01 
1.676738e+01 
1.676738e+01 
1.676738e+01 
1.676738e+01 
1.676738e+01 
1.676738e+01 
1.676738e+01 
1.676738e+01 
1.676738e+01 
1.676738e+01 
1.676738e+01 
1.676738e+01 
1.676738e+01 
1.676738e+01 
1.676738e+01 
1.676738e+01 
1.676738e+01 
1.676738e+01 
1.676738e+01 
1.676738e+01 
1.676738e+01 
1.676738e+01 
1.676738e+01 
1.676738e+01 
1.676738e+01 
1.676738e+01 
1.676738e+01 
1.676738e+01 
1.676738e+01 
1.676738e+01 
1.676738e+01 
1.676738e+01 
1.676738e+01 
1.676738e+01 
1.676738e+01 
1.676738e+01 
1.676738e+01 
1.676738e+01 
1.676738e+01 
1.676738e+01 
1.676738e+01 
1.676738e+01 
1.676738e+01 
1.676738e+01 
1.676738e+01 
1.676738e+01 
1.676738e+01 
1.676738e+01 
1.676738e+01 
1.676738e+01 
1.676738e+01 
1.676738e+01 
1.676738e+01 
1.676738e+01 
1.676738e+01 
1.676738e+01 
1.676738e+01 
1.676738e+01 
1.676738e+01 
1.676738e+01 
1.676738e+01 
1.676738e+01 
1.676738e+01 
1.676738e+01 
1.676738e+01 
1.676738e+01 
1.676738e+01 
1.676738e+01 
1.676738e+01 
1.676738e+01 
1.676738e+01 
1.676738e+01 
1.676738e+01 
1.676738e+01 
1.676738e+01 
1.676738e+01 
1.676738e+01 
1.676738e+01 
1.676738e+01 
1.676738e+01 
1.676738e+01 
1.676738e+01 
1.676738e+01 
1.676738e+01 
1.676738e+01 
1.676738e+01 
1.676738e+01 
1.676738e+01 
1.676738e+01 
1.676738e+01 
1.676738e+01 
1.676738e+01 
1.676738e+01 
1.676738e+01 
1.676738e+01 
1.676738e+01 
1.676738e+01 
1.676738e+01 
1.676738e+01 
1.676738e+01 
1.676738e+01 
1.676738e+01 
1.676738e+01 
1.676738e+01 
1.676738e+01 
1.676738e+01 
1.676738e+01 
1.676738e+01 
1.676738e+01 
1.676738e+01 
1.676738e+01 
1.676738e+01 
1.676738e+01 
1.676738e+01 
1.676738e+01 
1.676738e+01 
1.676738e+01 
1.676738e+01 
1.676738e+01 
1.676738e+01 
1.676738e+01 
1.676738e+01 
1.676738e+01 
1.676738e+01 
1.676738e+01 
1.676738e+01 
1.676738e+01 
1.676738e+01 
1.676738e+01 
1.676738e+01 
1.676738e+01 
1.676738e+01 
1.676738e+01 
1.676738e+01 
1.676738e+01 
1.676738e+01 
1.676738e+01 
1.676738e+01 
1.676738e+01 
1.676738e+01 
1.676738e+01 
1.676738e+01 
1.676738e+01 
1.676738e+01 
1.676738e+01 
1.676738e+01 
1.676738e+01 
1.676738e+01 
1.676738e+01 
1.676738e+01 
1.676738e+01 
1.676738e+01 
1.676738e+01 
1.676738e+01 
1.676738e+01 
1.676738e+01 
1.676738e+01 
1.676738e+01 
1.676738e+01 
1.676738e+01 
1.676738e+01 
1.676738e+01 
1.676738e+01 
1.676738e+01 
1.676738e+01 
1.676738e+01 
1.676738e+01 
1.676738e+01 
1.676738e+01 
1.676738e+01 
1.676738e+01 
1.676738e+01 
1.676738e+01 
1.676738e+01 
1.676738e+01 
1.676738e+01 
1.676738e+01 
1.676738e+01 
1.676738e+01 
1.676738e+01 
1.676738e+01 
1.676738e+01 
1.676738e+01 
1.676738e+01 
1.676738e+01 
1.676738e+01 
1.676738e+01 
1.676738e+01 
1.676738e+01 
1.676738e+01 
1.676738e+01 
1.676738e+01 
1.676738e+01 
1.676738e+01 
1.676738e+01 
1.676738e+01 
1.676738e+01 
1.676738e+01 
1.676738e+01 
1.676738e+01 
1.676738e+01 
1.676738e+01 
1.676738e+01 
1.676738e+01 
1.676738e+01 
1.676738e+01 
1.676738e+01 
1.676738e+01 
1.676738e+01 
1.676738e+01 
1.676738e+01 
1.676738e+01 
1.676738e+01 
1.676738e+01 
1.676738e+01 
1.676738e+01 
1.676738e+01 
1.676738e+01 
1.676738e+01 
1.676738e+01 
1.676738e+01 
1.676738e+01 
1.676738e+01 
1.676738e+01 
1.676738e+01 
1.676738e+01 
1.676738e+01 
1.676738e+01 
1.676738e+01 
1.676738e+01 
1.676738e+01 
1.676738e+01 
1.676738e+01 
1.676738e+01 
1.676738e+01 
1.676738e+01 
1.676738e+01 
1.676738e+01 
1.676738e+01 
1.676738e+01 
1.676738e+01 
1.676738e+01 
1.676738e+01 
1.676738e+01 
1.676738e+01 
1.676738e+01 
1.676738e+01 
1.676738e+01 
1.676738e+01 
1.676738e+01 
1.676738e+01 
1.676738e+01 
1.676738e+01 
1.676738e+01 
1.676738e+01 
1.676738e+01 
1.676738e+01 
1.676738e+01 
1.676738e+01 
1.676738e+01 
1.676738e+01 
1.676738e+01 
1.676738e+01 
1.676738e+01 
1.676738e+01 
1.676738e+01 
1.676738e+01 
1.676738e+01 
1.676738e+01 
1.676738e+01 
1.676738e+01 
1.676738e+01 
1.676738e+01 
1.676738e+01 
1.676738e+01 
1.676738e+01 
1.676738e+01 
1.676738e+01 
1.676738e+01 
1.676738e+01 
1.676738e+01 
1.676738e+01 
1.676738e+01 
1.676738e+01 
1.676738e+01 
1.676738e+01 
1.676738e+01 
1.676738e+01 
1.676738e+01 
1.676738e+01 
1.676738e+01 
1.676738e+01 
1.676738e+01 
1.676738e+01 
1.676738e+01 
1.676738e+01 
1.676738e+01 
1.676738e+01 
1.676738e+01 
1.676738e+01 
1.676738e+01 
1.676738e+01 
1.676738e+01 
1.676738e+01 
1.676738e+01 
1.676738e+01 
1.676738e+01 
1.676738e+01 
1.676738e+01 
1.676738e+01 
1.676738e+01 
1.676738e+01 
1.676738e+01 
1.676738e+01 
1.676738e+01 
1.676738e+01 
1.676738e+01 
1.676738e+01 
1.676738e+01 
1.676738e+01 
1.676738e+01 
1.676738e+01 
1.676738e+01 
1.676738e+01 
1.676738e+01 
1.676738e+01 
1.676738e+01 
1.676738e+01 
1.676738e+01 
1.676738e+01 
1.676738e+01 
1.676738e+01 
1.676738e+01 
1.676738e+01 
1.676738e+01 
1.676738e+01 
1.676738e+01 
1.676738e+01 
1.676738e+01 
1.676738e+01 
1.676738e+01 
1.676738e+01 
1.676738e+01 
1.676738e+01 
1.676738e+01 
1.676738e+01 
1.676738e+01 
1.676738e+01 
1.676738e+01 
1.676738e+01 
1.676738e+01 
1.676738e+01 
1.676738e+01 
1.676738e+01 
1.676738e+01 
1.676738e+01 
1.676738e+01 
1.676738e+01 
1.676738e+01 
1.676738e+01 
1.676738e+01 
1.676738e+01 
1.676738e+01 
1.676738e+01 
1.676738e+01 
1.676738e+01 
1.676738e+01 
1.676738e+01 
1.676738e+01 
1.676738e+01 
1.676738e+01 
1.676738e+01 
1.676738e+01 
1.676738e+01 
1.676738e+01 
1.676738e+01 
1.676738e+01 
1.676738e+01 
1.676738e+01 
1.676738e+01 
1.676738e+01 
1.676738e+01 
1.676738e+01 
1.676738e+01 
1.676738e+01 
1.676738e+01 
1.676738e+01 
1.676738e+01 
1.676738e+01 
1.676738e+01 
1.676738e+01 
1.676738e+01 
1.676738e+01 
1.676738e+01 
1.676738e+01 
1.676738e+01 
1.676738e+01 
1.676738e+01 
1.676738e+01 
1.676738e+01 
1.676738e+01 
1.676738e+01 
1.676738e+01 
1.676738e+01 
1.676738e+01 
1.676738e+01 
1.676738e+01 
1.676738e+01 
1.676738e+01 
1.676738e+01 
1.676738e+01 
1.676738e+01 
1.676738e+01 
1.676738e+01 
1.676738e+01 
1.676738e+01 
1.676738e+01 
1.676738e+01 
1.676738e+01 
1.676738e+01 
1.676738e+01 
1.676738e+01 
1.676738e+01 
1.676738e+01 
1.676738e+01 
1.676738e+01 
1.676738e+01 
1.676738e+01 
1.676738e+01 
1.676738e+01 
1.676738e+01 
1.676738e+01 
1.676738e+01 
1.676738e+01 
1.676738e+01 
1.676738e+01 
1.676738e+01 
1.676738e+01 
1.676738e+01 
1.676738e+01 
1.676738e+01 
1.676738e+01 
1.676738e+01 
1.676738e+01 
1.676738e+01 
1.676738e+01 
1.676738e+01 
1.676738e+01 
1.676738e+01 
1.676738e+01 
1.676738e+01 
1.676738e+01 
1.676738e+01 
1.676738e+01 
1.676738e+01 
1.676738e+01 
1.676738e+01 
1.676738e+01 
1.676738e+01 
1.676738e+01 
1.676738e+01 
1.676738e+01 
1.676738e+01 
1.676738e+01 
1.676738e+01 
1.676738e+01 
1.676738e+01 
1.676738e+01 
1.676738e+01 
1.676738e+01 
1.676738e+01 
1.676738e+01 
1.676738e+01 
1.676738e+01 
1.676738e+01 
1.676738e+01 
1.676738e+01 
1.676738e+01 
1.676738e+01 
1.676738e+01 
1.676738e+01 
1.676738e+01 
1.676738e+01 
1.676738e+01 
1.676738e+01 
1.676738e+01 
1.676738e+01 
1.676738e+01 
1.676738e+01 
1.676738e+01 
1.676738e+01 
1.676738e+01 
1.676738e+01 
1.676738e+01 
1.676738e+01 
1.676738e+01 
1.676738e+01 
1.676738e+01 
1.676738e+01 
1.676738e+01 
1.676738e+01 
1.676738e+01 
1.676738e+01 
1.676738e+01 
1.676738e+01 
1.676738e+01 
1.676738e+01 
1.676738e+01 
1.676738e+01 
1.676738e+01 
1.676738e+01 
1.676738e+01 
1.676738e+01 
1.676738e+01 
1.676738e+01 
1.676738e+01 
1.676738e+01 
1.676738e+01 
1.676738e+01 
1.676738e+01 
1.676738e+01 
1.676738e+01 
1.676738e+01 
1.676738e+01 
1.676738e+01 
1.676738e+01 
1.676738e+01 
1.676738e+01 
1.676738e+01 
1.676738e+01 
1.676738e+01 
1.676738e+01 
1.676738e+01 
1.676738e+01 
1.676738e+01 
1.676738e+01 
1.676738e+01 
1.676738e+01 
1.676738e+01 
1.676738e+01 
1.676738e+01 
1.676738e+01 
1.676738e+01 
1.676738e+01 
1.676738e+01 
1.676738e+01 
1.676738e+01 
1.676738e+01 
1.676738e+01 
1.676738e+01 
1.676738e+01 
1.676738e+01 
1.676738e+01 
1.676738e+01 
1.676738e+01 
1.676738e+01 
1.676738e+01 
1.676738e+01 
1.676738e+01 
1.676738e+01 
1.676738e+01 
1.676738e+01 
1.676738e+01 
1.676738e+01 
1.676738e+01 
1.676738e+01 
1.676738e+01 
1.676738e+01 
1.676738e+01 
1.676738e+01 
1.676738e+01 
1.676738e+01 
1.676738e+01 
1.676738e+01 
1.676738e+01 
1.676738e+01 
1.676738e+01 
1.676738e+01 
1.676738e+01 
1.676738e+01 
1.676738e+01 
1.676738e+01 
1.676738e+01 
1.676738e+01 
1.676738e+01 
1.676738e+01 
1.676738e+01 
1.676738e+01 
1.676738e+01 
1.676738e+01 
1.676738e+01 
1.676738e+01 
1.676738e+01 
1.676738e+01 
1.676738e+01 
1.676738e+01 
1.676738e+01 
1.676738e+01 
1.676738e+01 
1.676738e+01 
1.676738e+01 
1.676738e+01 
1.676738e+01 
1.676738e+01 
1.676738e+01 
1.676738e+01 
1.676738e+01 
1.676738e+01 
1.676738e+01 
1.676738e+01 
1.676738e+01 
1.676738e+01 
1.676738e+01 
1.676738e+01 
1.676738e+01 
1.676738e+01 
1.676738e+01 
1.676738e+01 
1.676738e+01 
1.676738e+01 
1.676738e+01 
1.676738e+01 
1.676738e+01 
1.676738e+01 
1.676738e+01 
1.676738e+01 
1.676738e+01 
1.676738e+01 
1.676738e+01 
1.676738e+01 
1.676738e+01 
1.676738e+01 
1.676738e+01 
1.676738e+01 
1.676738e+01 
1.676738e+01 
1.676738e+01 
1.676738e+01 
1.676738e+01 
1.676738e+01 
1.676738e+01 
1.676738e+01 
1.676738e+01 
1.676738e+01 
1.676738e+01 
1.676738e+01 
1.676738e+01 
1.676738e+01 
1.676738e+01 
1.676738e+01 
1.676738e+01 
1.676738e+01 
1.676738e+01 
1.676738e+01 
1.676738e+01 
1.676738e+01 
1.676738e+01 
1.676738e+01 
1.676738e+01 
1.676738e+01 
1.676738e+01 
1.676738e+01 
1.676738e+01 
1.676738e+01 
1.676738e+01 
1.676738e+01 
1.676738e+01 
1.676738e+01 
1.676738e+01 
1.676738e+01 
1.676738e+01 
1.676738e+01 
1.676738e+01 
1.676738e+01 
1.676738e+01 
1.676738e+01 
1.676738e+01 
1.676738e+01 
1.676738e+01 
1.676738e+01 
1.676738e+01 
1.676738e+01 
1.676738e+01 
1.676738e+01 
1.676738e+01 
1.676738e+01 
1.676738e+01 
1.676738e+01 
1.676738e+01 
1.676738e+01 
1.676738e+01 
1.676738e+01 
1.676738e+01 
1.676738e+01 
1.676738e+01 
1.676738e+01 
1.676738e+01 
1.676738e+01 
1.676738e+01 
1.676738e+01 
1.676738e+01 
1.676738e+01 
1.676738e+01 
1.676738e+01 
1.676738e+01 
1.676738e+01 
1.676738e+01 
1.676738e+01 
1.676738e+01 
1.676738e+01 
1.676738e+01 
1.676738e+01 
1.676738e+01 
1.676738e+01 
1.676738e+01 
1.676738e+01 
1.676738e+01 
1.676738e+01 
1.676738e+01 
1.676738e+01 
1.676738e+01 
1.676738e+01 
1.676738e+01 
1.676738e+01 
1.676738e+01 
1.676738e+01 
1.676738e+01 
1.676738e+01 
1.676738e+01 
1.676738e+01 
1.676738e+01 
1.676738e+01 
1.676738e+01 
1.676738e+01 
1.676738e+01 
1.676738e+01 
1.676738e+01 
1.676738e+01 
1.676738e+01 
1.676738e+01 
1.676738e+01 
1.676738e+01 
1.676738e+01 
1.676738e+01 
1.676738e+01 
1.676738e+01 
1.676738e+01 
1.676738e+01 
1.676738e+01 
1.676738e+01 
1.676738e+01 
1.676738e+01 
1.676738e+01 
1.676738e+01 
1.676738e+01 
1.676738e+01 
1.676738e+01 
1.676738e+01 
1.676738e+01 
1.676738e+01 
1.676738e+01 
1.676738e+01 
1.676738e+01 
1.676738e+01 
1.676738e+01 
1.676738e+01 
1.676738e+01 
1.676738e+01 
1.676738e+01 
1.676738e+01 
1.676738e+01 
1.676738e+01 
1.676738e+01 
1.676738e+01 
1.676738e+01 
1.676738e+01 
1.676738e+01 
1.676738e+01 
1.676738e+01 
1.676738e+01 
1.676738e+01 
1.676738e+01 
1.676738e+01 
1.676738e+01 
1.676738e+01 
1.676738e+01 
1.676738e+01 
1.676738e+01 
1.676738e+01 
1.676738e+01 
1.676738e+01 
1.676738e+01 
1.676738e+01 
1.676738e+01 
1.676738e+01 
1.676738e+01 
1.676738e+01 
1.676738e+01 
1.676738e+01 
1.676738e+01 
1.676738e+01 
1.676738e+01 
1.676738e+01 
1.676738e+01 
1.676738e+01 
1.676738e+01 
1.676738e+01 
1.676738e+01 
1.676738e+01 
1.676738e+01 
1.676738e+01 
1.676738e+01 
1.676738e+01 
1.676738e+01 
1.676738e+01 
1.676738e+01 
1.676738e+01 
1.676738e+01 
1.676738e+01 
1.676738e+01 
1.676738e+01 
1.676738e+01 
1.676738e+01 
1.676738e+01 
1.676738e+01 
1.676738e+01 
1.676738e+01 
1.676738e+01 
1.676738e+01 
1.676738e+01 
1.676738e+01 
1.676738e+01 
1.676738e+01 
1.676738e+01 
1.676738e+01 
1.676738e+01 
1.676738e+01 
1.676738e+01 
1.676738e+01 
1.676738e+01 
1.676738e+01 
1.676738e+01 
1.676738e+01 
1.676738e+01 
1.676738e+01 
1.676738e+01 
1.676738e+01 
1.676738e+01 
1.676738e+01 
1.676738e+01 
1.676738e+01 
1.676738e+01 
1.676738e+01 
1.676738e+01 
1.676738e+01 
1.676738e+01 
1.676738e+01 
1.676738e+01 
1.676738e+01 
1.676738e+01 
1.676738e+01 
1.676738e+01 
1.676738e+01 
1.676738e+01 
1.676738e+01 
1.676738e+01 
1.676738e+01 
1.676738e+01 
1.676738e+01 
1.676738e+01 
1.676738e+01 
1.676738e+01 
1.676738e+01 
1.676738e+01 
1.676738e+01 
1.676738e+01 
1.676738e+01 
1.676738e+01 
1.676738e+01 
1.676738e+01 
1.676738e+01 
1.676738e+01 
1.676738e+01 
1.676738e+01 
1.676738e+01 
1.676738e+01 
1.676738e+01 
1.676738e+01 
1.676738e+01 
1.676738e+01 
1.676738e+01 
1.676738e+01 
1.676738e+01 
1.676738e+01 
1.676738e+01 
1.676738e+01 
1.676738e+01 
1.676738e+01 
1.676738e+01 
1.676738e+01 
1.676738e+01 
1.676738e+01 
1.676738e+01 
1.676738e+01 
1.676738e+01 
1.676738e+01 
1.676738e+01 
1.676738e+01 
1.676738e+01 
1.676738e+01 
1.676738e+01 
1.676738e+01 
1.676738e+01 
1.676738e+01 
1.676738e+01 
1.676738e+01 
1.676738e+01 
1.676738e+01 
1.676738e+01 
1.676738e+01 
1.676738e+01 
1.676738e+01 
1.676738e+01 
1.676738e+01 
1.676738e+01 
1.676738e+01 
1.676738e+01 
1.676738e+01 
1.676738e+01 
1.676738e+01 
1.676738e+01 
1.676738e+01 
1.676738e+01 
1.676738e+01 
1.676738e+01 
1.676738e+01 
1.676738e+01 
1.676738e+01 
1.676738e+01 
1.676738e+01 
1.676738e+01 
1.676738e+01 
1.676738e+01 
1.676738e+01 
1.676738e+01 
1.676738e+01 
1.676738e+01 
1.676738e+01 
1.676738e+01 
1.676738e+01 
1.676738e+01 
1.676738e+01 
1.676738e+01 
1.676738e+01 
1.676738e+01 
1.676738e+01 
1.676738e+01 
1.676738e+01 
1.676738e+01 
1.676738e+01 
1.676738e+01 
1.676738e+01 
1.676738e+01 
1.676738e+01 
1.676738e+01 
1.676738e+01 
1.676738e+01 
1.676738e+01 
1.676738e+01 
1.676738e+01 
1.676738e+01 
1.676738e+01 
1.676738e+01 
1.676738e+01 
1.676738e+01 
1.676738e+01 
1.676738e+01 
1.676738e+01 
1.676738e+01 
1.676738e+01 
1.676738e+01 
1.676738e+01 
1.676738e+01 
1.676738e+01 
1.676738e+01 
1.676738e+01 
1.676738e+01 
1.676738e+01 
1.676738e+01 
1.676738e+01 
1.676738e+01 
1.676738e+01 
1.676738e+01 
1.676738e+01 
1.676738e+01 
1.676738e+01 
1.676738e+01 
1.676738e+01 
1.676738e+01 
1.676738e+01 
1.676738e+01 
1.676738e+01 
1.676738e+01 
1.676738e+01 
1.676738e+01 
1.676738e+01 
1.676738e+01 
1.676738e+01 
1.676738e+01 
1.676738e+01 
1.676738e+01 
1.676738e+01 
1.676738e+01 
1.676738e+01 
1.676738e+01 
1.676738e+01 
1.676738e+01 
1.676738e+01 
1.676738e+01 
1.676738e+01 
1.676738e+01 
1.676738e+01 
1.676738e+01 
1.676738e+01 
1.676738e+01 
1.676738e+01 
1.676738e+01 
1.676738e+01 
1.676738e+01 
1.676738e+01 
1.676738e+01 
1.676738e+01 
1.676738e+01 
1.676738e+01 
1.676738e+01 
1.676738e+01 
1.676738e+01 
1.676738e+01 
1.676738e+01 
1.676738e+01 
1.676738e+01 
1.676738e+01 
1.676738e+01 
1.676738e+01 
1.676738e+01 
1.676738e+01 
1.676738e+01 
1.676738e+01 
1.676738e+01 
1.676738e+01 
1.676738e+01 
1.676738e+01 
1.676738e+01 
1.676738e+01 
1.676738e+01 
1.676738e+01 
1.676738e+01 
1.676738e+01 
1.676738e+01 
1.676738e+01 
1.676738e+01 
1.676738e+01 
1.676738e+01 
1.676738e+01 
1.676738e+01 
1.676738e+01 
1.676738e+01 
1.676738e+01 
1.676738e+01 
1.676738e+01 
1.676738e+01 
1.676738e+01 
1.676738e+01 
1.676738e+01 
1.676738e+01 
1.676738e+01 
1.676738e+01 
1.676738e+01 
1.676738e+01 
1.676738e+01 
1.676738e+01 
1.676738e+01 
1.676738e+01 
1.676738e+01 
1.676738e+01 
1.676738e+01 
1.676738e+01 
1.676738e+01 
1.676738e+01 
1.676738e+01 
1.676738e+01 
1.676738e+01 
1.676738e+01 
1.676738e+01 
1.676738e+01 
1.676738e+01 
1.676738e+01 
1.676738e+01 
1.676738e+01 
1.676738e+01 
1.676738e+01 
1.676738e+01 
1.676738e+01 
1.676738e+01 
1.676738e+01 
1.676738e+01 
1.676738e+01 
1.676738e+01 
1.676738e+01 
1.676738e+01 
1.676738e+01 
1.676738e+01 
1.676738e+01 
1.676738e+01 
1.676738e+01 
1.676738e+01 
1.676738e+01 
1.676738e+01 
1.676738e+01 
1.676738e+01 
1.676738e+01 
1.676738e+01 
1.676738e+01 
1.676738e+01 
1.676738e+01 
1.676738e+01 
1.676738e+01 
1.676738e+01 
1.676738e+01 
1.676738e+01 
1.676738e+01 
1.676738e+01 
1.676738e+01 
1.676738e+01 
1.676738e+01 
1.676738e+01 
1.676738e+01 
1.676738e+01 
1.676738e+01 
1.676738e+01 
1.676738e+01 
1.676738e+01 
1.676738e+01 
1.676738e+01 
1.676738e+01 
1.676738e+01 
1.676738e+01 
1.676738e+01 
1.676738e+01 
1.676738e+01 
1.676738e+01 
1.676738e+01 
1.676738e+01 
1.676738e+01 
1.676738e+01 
1.676738e+01 
1.676738e+01 
1.676738e+01 
1.676738e+01 
1.676738e+01 
1.676738e+01 
1.676738e+01 
1.676738e+01 
1.676738e+01 
1.676738e+01 
1.676738e+01 
1.676738e+01 
1.676738e+01 
1.676738e+01 
1.676738e+01 
1.676738e+01 
1.676738e+01 
1.676738e+01 
1.676738e+01 
1.676738e+01 
1.676738e+01 
1.676738e+01 
1.676738e+01 
1.676738e+01 
1.676738e+01 
1.676738e+01 
1.676738e+01 
1.676738e+01 
1.676738e+01 
1.676738e+01 
1.676738e+01 
1.676738e+01 
1.676738e+01 
1.676738e+01 
1.676738e+01 
1.676738e+01 
1.676738e+01 
1.676738e+01 
1.676738e+01 
1.676738e+01 
1.676738e+01 
1.676738e+01 
1.676738e+01 
1.676738e+01 
1.676738e+01 
1.676738e+01 
1.676738e+01 
1.676738e+01 
1.676738e+01 
1.676738e+01 
1.676738e+01 
1.676738e+01 
1.676738e+01 
1.676738e+01 
1.676738e+01 
1.676738e+01 
1.676738e+01 
1.676738e+01 
1.676738e+01 
1.676738e+01 
1.676738e+01 
1.676738e+01 
1.676738e+01 
1.676738e+01 
1.676738e+01 
1.676738e+01 
1.676738e+01 
1.676738e+01 
1.676738e+01 
1.676738e+01 
1.676738e+01 
1.676738e+01 
1.676738e+01 
1.676738e+01 
1.676738e+01 
1.676738e+01 
1.676738e+01 
1.676738e+01 
1.676738e+01 
1.676738e+01 
1.676738e+01 
1.676738e+01 
1.676738e+01 
1.676738e+01 
1.676738e+01 
1.676738e+01 
1.676738e+01 
1.676738e+01 
1.676738e+01 
1.676738e+01 
1.676738e+01 
1.676738e+01 
1.676738e+01 
1.676738e+01 
1.676738e+01 
1.676738e+01 
1.676738e+01 
1.676738e+01 
1.676738e+01 
1.676738e+01 
1.676738e+01 
1.676738e+01 
1.676738e+01 
1.676738e+01 
1.676738e+01 
1.676738e+01 
1.676738e+01 
1.676738e+01 
1.676738e+01 
1.676738e+01 
1.676738e+01 
1.676738e+01 
1.676738e+01 
1.676738e+01 
1.676738e+01 
1.676738e+01 
1.676738e+01 
1.676738e+01 
1.676738e+01 
1.676738e+01 
1.676738e+01 
1.676738e+01 
1.676738e+01 
1.676738e+01 
1.676738e+01 
1.676738e+01 
1.676738e+01 
1.676738e+01 
1.676738e+01 
1.676738e+01 
1.676738e+01 
1.676738e+01 
1.676738e+01 
1.676738e+01 
1.676738e+01 
1.676738e+01 
1.676738e+01 
1.676738e+01 
1.676738e+01 
1.676738e+01 
1.676738e+01 
1.676738e+01 
1.676738e+01 
1.676738e+01 
1.676738e+01 
1.676738e+01 
1.676738e+01 
1.676738e+01 
1.676738e+01 
1.676738e+01 
1.676738e+01 
1.676738e+01 
1.676738e+01 
1.676738e+01 
1.676738e+01 
1.676738e+01 
1.676738e+01 
1.676738e+01 
1.676738e+01 
1.676738e+01 
1.676738e+01 
1.676738e+01 
1.676738e+01 
1.676738e+01 
1.676738e+01 
1.676738e+01 
1.676738e+01 
1.676738e+01 
1.676738e+01 
1.676738e+01 
1.676738e+01 
1.676738e+01 
1.676738e+01 
1.676738e+01 
1.676738e+01 
1.676738e+01 
1.676738e+01 
1.676738e+01 
1.676738e+01 
1.676738e+01 
1.676738e+01 
1.676738e+01 
1.676738e+01 
1.676738e+01 
1.676738e+01 
1.676738e+01 
1.676738e+01 
1.676738e+01 
1.676738e+01 
1.676738e+01 
1.676738e+01 
1.676738e+01 
1.676738e+01 
1.676738e+01 
1.676738e+01 
1.676738e+01 
1.676738e+01 
1.676738e+01 
1.676738e+01 
1.676738e+01 
1.676738e+01 
1.676738e+01 
1.676738e+01 
1.676738e+01 
1.676738e+01 
1.676738e+01 
1.676738e+01 
1.676738e+01 
1.676738e+01 
1.676738e+01 
1.676738e+01 
1.676738e+01 
1.676738e+01 
1.676738e+01 
1.676738e+01 
1.676738e+01 
1.676738e+01 
1.676738e+01 
1.676738e+01 
1.676738e+01 
1.676738e+01 
1.676738e+01 
1.676738e+01 
1.676738e+01 
1.676738e+01 
1.676738e+01 
1.676738e+01 
1.676738e+01 
1.676738e+01 
1.676738e+01 
1.676738e+01 
1.676738e+01 
1.676738e+01 
1.676738e+01 
1.676738e+01 
1.676738e+01 
1.676738e+01 
1.676738e+01 
1.676738e+01 
1.676738e+01 
1.676738e+01 
1.676738e+01 
1.676738e+01 
1.676738e+01 
1.676738e+01 
1.676738e+01 
1.676738e+01 
1.676738e+01 
1.676738e+01 
1.676738e+01 
1.676738e+01 
1.676738e+01 
1.676738e+01 
1.676738e+01 
1.676738e+01 
1.676738e+01 
1.676738e+01 
1.676738e+01 
1.676738e+01 
1.676738e+01 
1.676738e+01 
1.676738e+01 
1.676738e+01 
1.676738e+01 
1.676738e+01 
1.676738e+01 
1.676738e+01 
1.676738e+01 
1.676738e+01 
1.676738e+01 
1.676738e+01 
1.676738e+01 
1.676738e+01 
1.676738e+01 
1.676738e+01 
1.676738e+01 
1.676738e+01 
1.676738e+01 
1.676738e+01 
1.676738e+01 
1.676738e+01 
1.676738e+01 
1.676738e+01 
1.676738e+01 
1.676738e+01 
1.676738e+01 
1.676738e+01 
1.676738e+01 
1.676738e+01 
1.676738e+01 
1.676738e+01 
1.676738e+01 
1.676738e+01 
1.676738e+01 
1.676738e+01 
1.676738e+01 
1.676738e+01 
1.676738e+01 
1.676738e+01 
1.676738e+01 
1.676738e+01 
1.676738e+01 
1.676738e+01 
1.676738e+01 
1.676738e+01 
1.676738e+01 
1.676738e+01 
1.676738e+01 
1.676738e+01 
1.676738e+01 
1.676738e+01 
1.676738e+01 
1.676738e+01 
1.676738e+01 
1.676738e+01 
1.676738e+01 
1.676738e+01 
1.676738e+01 
1.676738e+01 
1.676738e+01 
1.676738e+01 
1.676738e+01 
1.676738e+01 
1.676738e+01 
1.676738e+01 
1.676738e+01 
1.676738e+01 
1.676738e+01 
1.676738e+01 
1.676738e+01 
1.676738e+01 
1.676738e+01 
1.676738e+01 
1.676738e+01 
1.676738e+01 
1.676738e+01 
1.676738e+01 
1.676738e+01 
1.676738e+01 
1.676738e+01 
1.676738e+01 
1.676738e+01 
1.676738e+01 
1.676738e+01 
1.676738e+01 
1.676738e+01 
1.676738e+01 
1.676738e+01 
1.676738e+01 
1.676738e+01 
1.676738e+01 
1.676738e+01 
1.676738e+01 
1.676738e+01 
1.676738e+01 
1.676738e+01 
1.676738e+01 
1.676738e+01 
1.676738e+01 
1.676738e+01 
1.676738e+01 
1.676738e+01 
1.676738e+01 
1.676738e+01 
1.676738e+01 
1.676738e+01 
1.676738e+01 
1.676738e+01 
1.676738e+01 
1.676738e+01 
1.676738e+01 
1.676738e+01 
1.676738e+01 
1.676738e+01 
1.676738e+01 
1.676738e+01 
1.676738e+01 
1.676738e+01 
1.676738e+01 
1.676738e+01 
1.676738e+01 
1.676738e+01 
1.676738e+01 
1.676738e+01 
1.676738e+01 
1.676738e+01 
1.676738e+01 
1.676738e+01 
1.676738e+01 
1.676738e+01 
1.676738e+01 
1.676738e+01 
1.676738e+01 
1.676738e+01 
1.676738e+01 
1.676738e+01 
1.676738e+01 
1.676738e+01 
1.676738e+01 
1.676738e+01 
1.676738e+01 
1.676738e+01 
1.676738e+01 
1.676738e+01 
1.676738e+01 
1.676738e+01 
1.676738e+01 
1.676738e+01 
1.676738e+01 
1.676738e+01 
1.676738e+01 
1.676738e+01 
1.676738e+01 
1.676738e+01 
1.676738e+01 
1.676738e+01 
1.676738e+01 
1.676738e+01 
1.676738e+01 
1.676738e+01 
1.676738e+01 
1.676738e+01 
1.676738e+01 
1.676738e+01 
1.676738e+01 
1.676738e+01 
1.676738e+01 
1.676738e+01 
1.676738e+01 
1.676738e+01 
1.676738e+01 
1.676738e+01 
1.676738e+01 
1.676738e+01 
1.676738e+01 
1.676738e+01 
1.676738e+01 
1.676738e+01 
1.676738e+01 
1.676738e+01 
1.676738e+01 
1.676738e+01 
1.676738e+01 
1.676738e+01 
1.676738e+01 
1.676738e+01 
1.676738e+01 
1.676738e+01 
1.676738e+01 
1.676738e+01 
1.676738e+01 
1.676738e+01 
1.676738e+01 
1.676738e+01 
1.676738e+01 
1.676738e+01 
1.676738e+01 
1.676738e+01 
1.676738e+01 
1.676738e+01 
1.676738e+01 
1.676738e+01 
1.676738e+01 
1.676738e+01 
1.676738e+01 
1.676738e+01 
1.676738e+01 
1.676738e+01 
1.676738e+01 
1.676738e+01 
1.676738e+01 
1.676738e+01 
1.676738e+01 
1.676738e+01 
1.676738e+01 
1.676738e+01 
1.676738e+01 
1.676738e+01 
1.676738e+01 
1.676738e+01 
1.676738e+01 
1.676738e+01 
1.676738e+01 
1.676738e+01 
1.676738e+01 
1.676738e+01 
1.676738e+01 
1.676738e+01 
1.676738e+01 
1.676738e+01 
1.676738e+01 
1.676738e+01 
1.676738e+01 
1.676738e+01 
1.676738e+01 
1.676738e+01 
1.676738e+01 
1.676738e+01 
1.676738e+01 
1.676738e+01 
1.676738e+01 
1.676738e+01 
1.676738e+01 
1.676738e+01 
1.676738e+01 
1.676738e+01 
1.676738e+01 
1.676738e+01 
1.676738e+01 
1.676738e+01 
1.676738e+01 
1.676738e+01 
1.676738e+01 
1.676738e+01 
1.676738e+01 
1.676738e+01 
1.676738e+01 
1.676738e+01 
1.676738e+01 
1.676738e+01 
1.676738e+01 
1.676738e+01 
1.676738e+01 
1.676738e+01 
1.676738e+01 
1.676738e+01 
1.676738e+01 
1.676738e+01 
1.676738e+01 
1.676738e+01 
1.676738e+01 
1.676738e+01 
1.676738e+01 
1.676738e+01 
1.676738e+01 
1.676738e+01 
1.676738e+01 
1.676738e+01 
1.676738e+01 
1.676738e+01 
1.676738e+01 
1.676738e+01 
1.676738e+01 
1.676738e+01 
1.676738e+01 
1.676738e+01 
1.676738e+01 
1.676738e+01 
1.676738e+01 
1.676738e+01 
1.676738e+01 
1.676738e+01 
1.676738e+01 
1.676738e+01 
1.676738e+01 
1.676738e+01 
1.676738e+01 
1.676738e+01 
1.676738e+01 
1.676738e+01 
1.676738e+01 
1.676738e+01 
1.676738e+01 
1.676738e+01 
1.676738e+01 
1.676738e+01 
1.676738e+01 
1.676738e+01 
1.676738e+01 
1.676738e+01 
1.676738e+01 
1.676738e+01 
1.676738e+01 
1.676738e+01 
1.676738e+01 
1.676738e+01 
1.676738e+01 
1.676738e+01 
1.676738e+01 
1.676738e+01 
1.676738e+01 
1.676738e+01 
1.676738e+01 
1.676738e+01 
1.676738e+01 
1.676738e+01 
1.676738e+01 
1.676738e+01 
1.676738e+01 
1.676738e+01 
1.676738e+01 
1.676738e+01 
1.676738e+01 
1.676738e+01 
1.676738e+01 
1.676738e+01 
1.676738e+01 
1.676738e+01 
1.676738e+01 
1.676738e+01 
1.676738e+01 
1.676738e+01 
1.676738e+01 
1.676738e+01 
1.676738e+01 
1.676738e+01 
1.676738e+01 
1.676738e+01 
1.676738e+01 
1.676738e+01 
1.676738e+01 
1.676738e+01 
1.676738e+01 
1.676738e+01 
1.676738e+01 
1.676738e+01 
1.676738e+01 
1.676738e+01 
1.676738e+01 
1.676738e+01 
1.676738e+01 
1.676738e+01 
1.676738e+01 
1.676738e+01 
1.676738e+01 
1.676738e+01 
1.676738e+01 
1.676738e+01 
1.676738e+01 
1.676738e+01 
1.676738e+01 
1.676738e+01 
1.676738e+01 
1.676738e+01 
1.676738e+01 
1.676738e+01 
1.676738e+01 
1.676738e+01 
1.676738e+01 
1.676738e+01 
1.676738e+01 
1.676738e+01 
1.676738e+01 
1.676738e+01 
1.676738e+01 
1.676738e+01 
1.676738e+01 
1.676738e+01 
1.676738e+01 
1.676738e+01 
1.676738e+01 
1.676738e+01 
1.676738e+01 
1.676738e+01 
1.676738e+01 
1.676738e+01 
1.676738e+01 
1.676738e+01 
1.676738e+01 
1.676738e+01 
1.676738e+01 
1.676738e+01 
1.676738e+01 
1.676738e+01 
1.676738e+01 
1.676738e+01 
1.676738e+01 
1.676738e+01 
1.676738e+01 
1.676738e+01 
1.676738e+01 
1.676738e+01 
1.676738e+01 
1.676738e+01 
1.676738e+01 
1.676738e+01 
1.676738e+01 
1.676738e+01 
1.676738e+01 
1.676738e+01 
1.676738e+01 
1.676738e+01 
1.676738e+01 
1.676738e+01 
1.676738e+01 
1.676738e+01 
1.676738e+01 
1.676738e+01 
1.676738e+01 
1.676738e+01 
1.676738e+01 
1.676738e+01 
1.676738e+01 
1.676738e+01 
1.676738e+01 
1.676738e+01 
1.676738e+01 
1.676738e+01 
1.676738e+01 
1.676738e+01 
1.676738e+01 
1.676738e+01 
1.676738e+01 
1.676738e+01 
1.676738e+01 
1.676738e+01 
1.676738e+01 
1.676738e+01 
1.676738e+01 
1.676738e+01 
1.676738e+01 
1.676738e+01 
1.676738e+01 
1.676738e+01 
1.676738e+01 
1.676738e+01 
1.676738e+01 
1.676738e+01 
1.676738e+01 
1.676738e+01 
1.676738e+01 
1.676738e+01 
1.676738e+01 
1.676738e+01 
1.676738e+01 
1.676738e+01 
1.676738e+01 
1.676738e+01 
1.676738e+01 
1.676738e+01 
1.676738e+01 
1.676738e+01 
1.676738e+01 
1.676738e+01 
1.676738e+01 
1.676738e+01 
1.676738e+01 
1.676738e+01 
1.676738e+01 
1.676738e+01 
1.676738e+01 
1.676738e+01 
1.676738e+01 
1.676738e+01 
1.676738e+01 
1.676738e+01 
1.676738e+01 
1.676738e+01 
1.676738e+01 
1.676738e+01 
1.676738e+01 
1.676738e+01 
1.676738e+01 
1.676738e+01 
1.676738e+01 
1.676738e+01 
1.676738e+01 
1.676738e+01 
1.676738e+01 
1.676738e+01 
1.676738e+01 
1.676738e+01 
1.676738e+01 
1.676738e+01 
1.676738e+01 
1.676738e+01 
1.676738e+01 
1.676738e+01 
1.676738e+01 
1.676738e+01 
1.676738e+01 
1.676738e+01 
1.676738e+01 
1.676738e+01 
1.676738e+01 
1.676738e+01 
1.676738e+01 
1.676738e+01 
1.676738e+01 
1.676738e+01 
1.676738e+01 
1.676738e+01 
1.676738e+01 
1.676738e+01 
1.676738e+01 
1.676738e+01 
1.676738e+01 
1.676738e+01 
1.676738e+01 
1.676738e+01 
1.676738e+01 
1.676738e+01 
1.676738e+01 
1.676738e+01 
1.676738e+01 
1.676738e+01 
1.676738e+01 
1.676738e+01 
1.676738e+01 
1.676738e+01 
1.676738e+01 
1.676738e+01 
1.676738e+01 
1.676738e+01 
1.676738e+01 
1.676738e+01 
1.676738e+01 
1.676738e+01 
1.676738e+01 
1.676738e+01 
1.676738e+01 
1.676738e+01 
1.676738e+01 
1.676738e+01 
1.676738e+01 
1.676738e+01 
1.676738e+01 
1.676738e+01 
1.676738e+01 
1.676738e+01 
1.676738e+01 
1.676738e+01 
1.676738e+01 
1.676738e+01 
1.676738e+01 
1.676738e+01 
1.676738e+01 
1.676738e+01 
1.676738e+01 
1.676738e+01 
1.676738e+01 
1.676738e+01 
1.676738e+01 
1.676738e+01 
1.676738e+01 
1.676738e+01 
1.676738e+01 
1.676738e+01 
1.676738e+01 
1.676738e+01 
1.676738e+01 
1.676738e+01 
1.676738e+01 
1.676738e+01 
1.676738e+01 
1.676738e+01 
1.676738e+01 
1.676738e+01 
1.676738e+01 
1.676738e+01 
1.676738e+01 
1.676738e+01 
1.676738e+01 
1.676738e+01 
1.676738e+01 
1.676738e+01 
1.676738e+01 
1.676738e+01 
1.676738e+01 
1.676738e+01 
1.676738e+01 
1.676738e+01 
1.676738e+01 
1.676738e+01 
1.676738e+01 
1.676738e+01 
1.676738e+01 
1.676738e+01 
1.676738e+01 
1.676738e+01 
1.676738e+01 
1.676738e+01 
1.676738e+01 
1.676738e+01 
1.676738e+01 
1.676738e+01 
1.676738e+01 
1.676738e+01 
1.676738e+01 
1.676738e+01 
1.676738e+01 
1.676738e+01 
1.676738e+01 
1.676738e+01 
1.676738e+01 
1.676738e+01 
1.676738e+01 
1.676738e+01 
1.676738e+01 
1.676738e+01 
1.676738e+01 
1.676738e+01 
1.676738e+01 
1.676738e+01 
1.676738e+01 
1.676738e+01 
1.676738e+01 
1.676738e+01 
1.676738e+01 
1.676738e+01 
1.676738e+01 
1.676738e+01 
1.676738e+01 
1.676738e+01 
1.676738e+01 
1.676738e+01 
1.676738e+01 
1.676738e+01 
1.676738e+01 
1.676738e+01 
1.676738e+01 
1.676738e+01 
1.676738e+01 
1.676738e+01 
1.676738e+01 
1.676738e+01 
1.676738e+01 
1.676738e+01 
1.676738e+01 
1.676738e+01 
1.676738e+01 
1.676738e+01 
1.676738e+01 
1.676738e+01 
1.676738e+01 
1.676738e+01 
1.676738e+01 
1.676738e+01 
1.676738e+01 
1.676738e+01 
1.676738e+01 
1.676738e+01 
1.676738e+01 
1.676738e+01 
1.676738e+01 
1.676738e+01 
1.676738e+01 
1.676738e+01 
1.676738e+01 
1.676738e+01 
1.676738e+01 
1.676738e+01 
1.676738e+01 
1.676738e+01 
1.676738e+01 
1.676738e+01 
1.676738e+01 
1.676738e+01 
1.676738e+01 
1.676738e+01 
1.676738e+01 
1.676738e+01 
1.676738e+01 
1.676738e+01 
1.676738e+01 
1.676738e+01 
1.676738e+01 
1.676738e+01 
1.676738e+01 
1.676738e+01 
1.676738e+01 
1.676738e+01 
1.676738e+01 
1.676738e+01 
1.676738e+01 
1.676738e+01 
1.676738e+01 
1.676738e+01 
1.676738e+01 
1.676738e+01 
1.676738e+01 
1.676738e+01 
1.676738e+01 
1.676738e+01 
1.676738e+01 
1.676738e+01 
1.676738e+01 
1.676738e+01 
1.676738e+01 
1.676738e+01 
1.676738e+01 
1.676738e+01 
1.676738e+01 
1.676738e+01 
1.676738e+01 
1.676738e+01 
1.676738e+01 
1.676738e+01 
1.676738e+01 
1.676738e+01 
1.676738e+01 
1.676738e+01 
1.676738e+01 
1.676738e+01 
1.676738e+01 
1.676738e+01 
1.676738e+01 
1.676738e+01 
1.676738e+01 
1.676738e+01 
1.676738e+01 
1.676738e+01 
1.676738e+01 
1.676738e+01 
1.676738e+01 
1.676738e+01 
1.676738e+01 
1.676738e+01 
1.676738e+01 
1.676738e+01 
1.676738e+01 
1.676738e+01 
1.676738e+01 
1.676738e+01 
1.676738e+01 
1.676738e+01 
1.676738e+01 
1.676738e+01 
1.676738e+01 
1.676738e+01 
1.676738e+01 
1.676738e+01 
1.676738e+01 
1.676738e+01 
1.676738e+01 
1.676738e+01 
1.676738e+01 
1.676738e+01 
1.676738e+01 
1.676738e+01 
1.676738e+01 
1.676738e+01 
1.676738e+01 
1.676738e+01 
1.676738e+01 
1.676738e+01 
1.676738e+01 
1.676738e+01 
1.676738e+01 
1.676738e+01 
1.676738e+01 
1.676738e+01 
1.676738e+01 
1.676738e+01 
1.676738e+01 
1.676738e+01 
1.676738e+01 
1.676738e+01 
1.676738e+01 
1.676738e+01 
1.676738e+01 
1.676738e+01 
1.676738e+01 
1.676738e+01 
1.676738e+01 
1.676738e+01 
1.676738e+01 
1.676738e+01 
1.676738e+01 
1.676738e+01 
1.676738e+01 
1.676738e+01 
1.676738e+01 
1.676738e+01 
1.676738e+01 
1.676738e+01 
1.676738e+01 
1.676738e+01 
1.676738e+01 
1.676738e+01 
1.676738e+01 
1.676738e+01 
1.676738e+01 
1.676738e+01 
1.676738e+01 
1.676738e+01 
1.676738e+01 
1.676738e+01 
1.676738e+01 
1.676738e+01 
1.676738e+01 
1.676738e+01 
1.676738e+01 
1.676738e+01 
1.676738e+01 
1.676738e+01 
1.676738e+01 
1.676738e+01 
1.676738e+01 
1.676738e+01 
1.676738e+01 
1.676738e+01 
1.676738e+01 
1.676738e+01 
1.676738e+01 
1.676738e+01 
1.676738e+01 
1.676738e+01 
1.676738e+01 
1.676738e+01 
1.676738e+01 
1.676738e+01 
1.676738e+01 
1.676738e+01 
1.676738e+01 
1.676738e+01 
1.676738e+01 
1.676738e+01 
1.676738e+01 
1.676738e+01 
1.676738e+01 
1.676738e+01 
1.676738e+01 
1.676738e+01 
1.676738e+01 
1.676738e+01 
1.676738e+01 
1.676738e+01 
1.676738e+01 
1.676738e+01 
1.676738e+01 
1.676738e+01 
1.676738e+01 
1.676738e+01 
1.676738e+01 
1.676738e+01 
1.676738e+01 
1.676738e+01 
1.676738e+01 
1.676738e+01 
1.676738e+01 
1.676738e+01 
1.676738e+01 
1.676738e+01 
1.676738e+01 
1.676738e+01 
1.676738e+01 
1.676738e+01 
1.676738e+01 
1.676738e+01 
1.676738e+01 
1.676738e+01 
1.676738e+01 
1.676738e+01 
1.676738e+01 
1.676738e+01 
1.676738e+01 
1.676738e+01 
1.676738e+01 
1.676738e+01 
1.676738e+01 
1.676738e+01 
1.676738e+01 
1.676738e+01 
1.676738e+01 
1.676738e+01 
1.676738e+01 
1.676738e+01 
1.676738e+01 
1.676738e+01 
1.676738e+01 
1.676738e+01 
1.676738e+01 
1.676738e+01 
1.676738e+01 
1.676738e+01 
1.676738e+01 
1.676738e+01 
1.676738e+01 
1.676738e+01 
1.676738e+01 
1.676738e+01 
1.676738e+01 
1.676738e+01 
1.676738e+01 
1.676738e+01 
1.676738e+01 
1.676738e+01 
1.676738e+01 
1.676738e+01 
1.676738e+01 
1.676738e+01 
1.676738e+01 
1.676738e+01 
1.676738e+01 
1.676738e+01 
1.676738e+01 
1.676738e+01 
1.676738e+01 
1.676738e+01 
1.676738e+01 
1.676738e+01 
1.676738e+01 
1.676738e+01 
1.676738e+01 
1.676738e+01 
1.676738e+01 
1.676738e+01 
1.676738e+01 
1.676738e+01 
1.676738e+01 
1.676738e+01 
1.676738e+01 
1.676738e+01 
1.676738e+01 
1.676738e+01 
1.676738e+01 
1.676738e+01 
1.676738e+01 
1.676738e+01 
1.676738e+01 
1.676738e+01 
1.676738e+01 
1.676738e+01 
1.676738e+01 
1.676738e+01 
1.676738e+01 
1.676738e+01 
1.676738e+01 
1.676738e+01 
1.676738e+01 
1.676738e+01 
1.676738e+01 
1.676738e+01 
1.676738e+01 
1.676738e+01 
1.676738e+01 
1.676738e+01 
1.676738e+01 
1.676738e+01 
1.676738e+01 
1.676738e+01 
1.676738e+01 
1.676738e+01 
1.676738e+01 
1.676738e+01 
1.676738e+01 
1.676738e+01 
1.676738e+01 
1.676738e+01 
1.676738e+01 
1.676738e+01 
1.676738e+01 
1.676738e+01 
1.676738e+01 
1.676738e+01 
1.676738e+01 
1.676738e+01 
1.676738e+01 
1.676738e+01 
1.676738e+01 
1.676738e+01 
1.676738e+01 
1.676738e+01 
1.676738e+01 
1.676738e+01 
1.676738e+01 
1.676738e+01 
1.676738e+01 
1.676738e+01 
1.676738e+01 
1.676738e+01 
1.676738e+01 
1.676738e+01 
1.676738e+01 
1.676738e+01 
1.676738e+01 
1.676738e+01 
1.676738e+01 
1.676738e+01 
1.676738e+01 
1.676738e+01 
1.676738e+01 
1.676738e+01 
1.676738e+01 
1.676738e+01 
1.676738e+01 
1.676738e+01 
1.676738e+01 
1.676738e+01 
1.676738e+01 
1.676738e+01 
1.676738e+01 
1.676738e+01 
1.676738e+01 
1.676738e+01 
1.676738e+01 
1.676738e+01 
1.676738e+01 
1.676738e+01 
1.676738e+01 
1.676738e+01 
1.676738e+01 
1.676738e+01 
1.676738e+01 
1.676738e+01 
1.676738e+01 
1.676738e+01 
1.676738e+01 
1.676738e+01 
1.676738e+01 
1.676738e+01 
1.676738e+01 
1.676738e+01 
1.676738e+01 
1.676738e+01 
1.676738e+01 
1.676738e+01 
1.676738e+01 
1.676738e+01 
1.676738e+01 
1.676738e+01 
1.676738e+01 
1.676738e+01 
1.676738e+01 
1.676738e+01 
1.676738e+01 
1.676738e+01 
1.676738e+01 
1.676738e+01 
1.676738e+01 
1.676738e+01 
1.676738e+01 
1.676738e+01 
1.676738e+01 
1.676738e+01 
1.676738e+01 
1.676738e+01 
1.676738e+01 
1.676738e+01 
1.676738e+01 
1.676738e+01 
1.676738e+01 
1.676738e+01 
1.676738e+01 
1.676738e+01 
1.676738e+01 
1.676738e+01 
1.676738e+01 
1.676738e+01 
1.676738e+01 
1.676738e+01 
1.676738e+01 
1.676738e+01 
1.676738e+01 
1.676738e+01 
1.676738e+01 
1.676738e+01 
1.676738e+01 
1.676738e+01 
1.676738e+01 
1.676738e+01 
1.676738e+01 
1.676738e+01 
1.676738e+01 
1.676738e+01 
1.676738e+01 
1.676738e+01 
1.676738e+01 
1.676738e+01 
1.676738e+01 
1.676738e+01 
1.676738e+01 
1.676738e+01 
1.676738e+01 
1.676738e+01 
1.676738e+01 
1.676738e+01 
1.676738e+01 
1.676738e+01 
1.676738e+01 
1.676738e+01 
1.676738e+01 
1.676738e+01 
1.676738e+01 
1.676738e+01 
1.676738e+01 
1.676738e+01 
1.676738e+01 
1.676738e+01 
1.676738e+01 
1.676738e+01 
1.676738e+01 
1.676738e+01 
1.676738e+01 
1.676738e+01 
1.676738e+01 
1.676738e+01 
1.676738e+01 
1.676738e+01 
1.676738e+01 
1.676738e+01 
1.676738e+01 
1.676738e+01 
1.676738e+01 
1.676738e+01 
1.676738e+01 
1.676738e+01 
1.676738e+01 
1.676738e+01 
1.676738e+01 
1.676738e+01 
1.676738e+01 
1.676738e+01 
1.676738e+01 
1.676738e+01 
1.676738e+01 
1.676738e+01 
1.676738e+01 
1.676738e+01 
1.676738e+01 
1.676738e+01 
1.676738e+01 
1.676738e+01 
1.676738e+01 
1.676738e+01 
1.676738e+01 
1.676738e+01 
1.676738e+01 
1.676738e+01 
1.676738e+01 
1.676738e+01 
1.676738e+01 
1.676738e+01 
1.676738e+01 
1.676738e+01 
1.676738e+01 
1.676738e+01 
1.676738e+01 
1.676738e+01 
1.676738e+01 
1.676738e+01 
1.676738e+01 
1.676738e+01 
1.676738e+01 
1.676738e+01 
1.676738e+01 
1.676738e+01 
1.676738e+01 
1.676738e+01 
1.676738e+01 
1.676738e+01 
1.676738e+01 
1.676738e+01 
1.676738e+01 
1.676738e+01 
1.676738e+01 
1.676738e+01 
1.676738e+01 
1.676738e+01 
1.676738e+01 
1.676738e+01 
1.676738e+01 
1.676738e+01 
1.676738e+01 
1.676738e+01 
1.676738e+01 
1.676738e+01 
1.676738e+01 
1.676738e+01 
1.676738e+01 
1.676738e+01 
1.676738e+01 
1.676738e+01 
1.676738e+01 
1.676738e+01 
1.676738e+01 
1.676738e+01 
1.676738e+01 
1.676738e+01 
1.676738e+01 
1.676738e+01 
1.676738e+01 
1.676738e+01 
1.676738e+01 
1.676738e+01 
1.676738e+01 
1.676738e+01 
1.676738e+01 
1.676738e+01 
1.676738e+01 
1.676738e+01 
1.676738e+01 
1.676738e+01 
1.676738e+01 
1.676738e+01 
1.676738e+01 
1.676738e+01 
1.676738e+01 
1.676738e+01 
1.676738e+01 
1.676738e+01 
1.676738e+01 
1.676738e+01 
1.676738e+01 
1.676738e+01 
1.676738e+01 
1.676738e+01 
1.676738e+01 
1.676738e+01 
1.676738e+01 
1.676738e+01 
1.676738e+01 
1.676738e+01 
1.676738e+01 
1.676738e+01 
1.676738e+01 
1.676738e+01 
1.676738e+01 
1.676738e+01 
1.676738e+01 
1.676738e+01 
1.676738e+01 
1.676738e+01 
1.676738e+01 
1.676738e+01 
1.676738e+01 
1.676738e+01 
1.676738e+01 
1.676738e+01 
1.676738e+01 
1.676738e+01 
1.676738e+01 
1.676738e+01 
1.676738e+01 
1.676738e+01 
1.676738e+01 
1.676738e+01 
1.676738e+01 
1.676738e+01 
1.676738e+01 
1.676738e+01 
1.676738e+01 
1.676738e+01 
1.676738e+01 
1.676738e+01 
1.676738e+01 
1.676738e+01 
1.676738e+01 
1.676738e+01 
1.676738e+01 
1.676738e+01 
1.676738e+01 
1.676738e+01 
1.676738e+01 
1.676738e+01 
1.676738e+01 
1.676738e+01 
1.676738e+01 
1.676738e+01 
1.676738e+01 
1.676738e+01 
1.676738e+01 
1.676738e+01 
1.676738e+01 
1.676738e+01 
1.676738e+01 
1.676738e+01 
1.676738e+01 
1.676738e+01 
1.676738e+01 
1.676738e+01 
1.676738e+01 
1.676738e+01 
1.676738e+01 
1.676738e+01 
1.676738e+01 
1.676738e+01 
1.676738e+01 
1.676738e+01 
1.676738e+01 
1.676738e+01 
1.676738e+01 
1.676738e+01 
1.676738e+01 
1.676738e+01 
1.676738e+01 
1.676738e+01 
1.676738e+01 
1.676738e+01 
1.676738e+01 
1.676738e+01 
1.676738e+01 
1.676738e+01 
1.676738e+01 
1.676738e+01 
1.676738e+01 
1.676738e+01 
1.676738e+01 
1.676738e+01 
1.676738e+01 
1.676738e+01 
1.676738e+01 
1.676738e+01 
1.676738e+01 
1.676738e+01 
1.676738e+01 
1.676738e+01 
1.676738e+01 
1.676738e+01 
1.676738e+01 
1.676738e+01 
1.676738e+01 
1.676738e+01 
1.676738e+01 
1.676738e+01 
1.676738e+01 
1.676738e+01 
1.676738e+01 
1.676738e+01 
1.676738e+01 
1.676738e+01 
1.676738e+01 
1.676738e+01 
1.676738e+01 
1.676738e+01 
1.676738e+01 
1.676738e+01 
1.676738e+01 
1.676738e+01 
1.676738e+01 
1.676738e+01 
1.676738e+01 
1.676738e+01 
1.676738e+01 
1.676738e+01 
1.676738e+01 
1.676738e+01 
1.676738e+01 
1.676738e+01 
1.676738e+01 
1.676738e+01 
1.676738e+01 
1.676738e+01 
1.676738e+01 
1.676738e+01 
1.676738e+01 
1.676738e+01 
1.676738e+01 
1.676738e+01 
1.676738e+01 
1.676738e+01 
1.676738e+01 
1.676738e+01 
1.676738e+01 
1.676738e+01 
1.676738e+01 
1.676738e+01 
1.676738e+01 
1.676738e+01 
1.676738e+01 
1.676738e+01 
1.676738e+01 
1.676738e+01 
1.676738e+01 
1.676738e+01 
1.676738e+01 
1.676738e+01 
1.676738e+01 
1.676738e+01 
1.676738e+01 
1.676738e+01 
1.676738e+01 
1.676738e+01 
1.676738e+01 
1.676738e+01 
1.676738e+01 
1.676738e+01 
1.676738e+01 
1.676738e+01 
1.676738e+01 
1.676738e+01 
1.676738e+01 
1.676738e+01 
1.676738e+01 
1.676738e+01 
1.676738e+01 
1.676738e+01 
1.676738e+01 
1.676738e+01 
1.676738e+01 
1.676738e+01 
1.676738e+01 
1.676738e+01 
1.676738e+01 
1.676738e+01 
1.676738e+01 
1.676738e+01 
1.676738e+01 
1.676738e+01 
1.676738e+01 
1.676738e+01 
1.676738e+01 
1.676738e+01 
1.676738e+01 
1.676738e+01 
1.676738e+01 
1.676738e+01 
1.676738e+01 
1.676738e+01 
1.676738e+01 
1.676738e+01 
1.676738e+01 
1.676738e+01 
1.676738e+01 
1.676738e+01 
1.676738e+01 
1.676738e+01 
1.676738e+01 
1.676738e+01 
1.676738e+01 
1.676738e+01 
1.676738e+01 
1.676738e+01 
1.676738e+01 
1.676738e+01 
1.676738e+01 
1.676738e+01 
1.676738e+01 
1.676738e+01 
1.676738e+01 
1.676738e+01 
1.676738e+01 
1.676738e+01 
1.676738e+01 
1.676738e+01 
1.676738e+01 
1.676738e+01 
1.676738e+01 
1.676738e+01 
1.676738e+01 
1.676738e+01 
1.676738e+01 
1.676738e+01 
1.676738e+01 
1.676738e+01 
1.676738e+01 
1.676738e+01 
1.676738e+01 
1.676738e+01 
1.676738e+01 
1.676738e+01 
1.676738e+01 
1.676738e+01 
1.676738e+01 
1.676738e+01 
1.676738e+01 
1.676738e+01 
1.676738e+01 
1.676738e+01 
1.676738e+01 
1.676738e+01 
1.676738e+01 
1.676738e+01 
1.676738e+01 
1.676738e+01 
1.676738e+01 
1.676738e+01 
1.676738e+01 
1.676738e+01 
1.676738e+01 
1.676738e+01 
1.676738e+01 
1.676738e+01 
1.676738e+01 
1.676738e+01 
1.676738e+01 
1.676738e+01 
1.676738e+01 
1.676738e+01 
1.676738e+01 
1.676738e+01 
1.676738e+01 
1.676738e+01 
1.676738e+01 
1.676738e+01 
1.676738e+01 
1.676738e+01 
1.676738e+01 
1.676738e+01 
1.676738e+01 
1.676738e+01 
1.676738e+01 
1.676738e+01 
1.676738e+01 
1.676738e+01 
1.676738e+01 
1.676738e+01 
1.676738e+01 
1.676738e+01 
1.676738e+01 
1.676738e+01 
1.676738e+01 
1.676738e+01 
1.676738e+01 
1.676738e+01 
1.676738e+01 
1.676738e+01 
1.676738e+01 
1.676738e+01 
1.676738e+01 
1.676738e+01 
1.676738e+01 
1.676738e+01 
1.676738e+01 
1.676738e+01 
1.676738e+01 
1.676738e+01 
1.676738e+01 
1.676738e+01 
1.676738e+01 
1.676738e+01 
1.676738e+01 
1.676738e+01 
1.676738e+01 
1.676738e+01 
1.676738e+01 
1.676738e+01 
1.676738e+01 
1.676738e+01 
1.676738e+01 
1.676738e+01 
1.676738e+01 
1.676738e+01 
1.676738e+01 
1.676738e+01 
1.676738e+01 
1.676738e+01 
1.676738e+01 
1.676738e+01 
1.676738e+01 
1.676738e+01 
1.676738e+01 
1.676738e+01 
1.676738e+01 
1.676738e+01 
1.676738e+01 
1.676738e+01 
1.676738e+01 
1.676738e+01 
1.676738e+01 
1.676738e+01 
1.676738e+01 
1.676738e+01 
1.676738e+01 
1.676738e+01 
1.676738e+01 
1.676738e+01 
1.676738e+01 
1.676738e+01 
1.676738e+01 
1.676738e+01 
1.676738e+01 
1.676738e+01 
1.676738e+01 
1.676738e+01 
1.676738e+01 
1.676738e+01 
1.676738e+01 
1.676738e+01 
1.676738e+01 
1.676738e+01 
1.676738e+01 
1.676738e+01 
1.676738e+01 
1.676738e+01 
1.676738e+01 
1.676738e+01 
1.676738e+01 
1.676738e+01 
1.676738e+01 
1.676738e+01 
1.676738e+01 
1.676738e+01 
1.676738e+01 
1.676738e+01 
1.676738e+01 
1.676738e+01 
1.676738e+01 
1.676738e+01 
1.676738e+01 
1.676738e+01 
1.676738e+01 
1.676738e+01 
1.676738e+01 
1.676738e+01 
1.676738e+01 
1.676738e+01 
1.676738e+01 
1.676738e+01 
1.676738e+01 
1.676738e+01 
1.676738e+01 
1.676738e+01 
1.676738e+01 
1.676738e+01 
1.676738e+01 
1.676738e+01 
1.676738e+01 
1.676738e+01 
1.676738e+01 
1.676738e+01 
1.676738e+01 
1.676738e+01 
1.676738e+01 
1.676738e+01 
1.676738e+01 
1.676738e+01 
1.676738e+01 
1.676738e+01 
1.676738e+01 
1.676738e+01 
1.676738e+01 
1.676738e+01 
1.676738e+01 
1.676738e+01 
1.676738e+01 
1.676738e+01 
1.676738e+01 
1.676738e+01 
1.676738e+01 
1.676738e+01 
1.676738e+01 
1.676738e+01 
1.676738e+01 
1.676738e+01 
1.676738e+01 
1.676738e+01 
1.676738e+01 
1.676738e+01 
1.676738e+01 
1.676738e+01 
1.676738e+01 
1.676738e+01 
1.676738e+01 
1.676738e+01 
1.676738e+01 
1.676738e+01 
1.676738e+01 
1.676738e+01 
1.676738e+01 
1.676738e+01 
1.676738e+01 
1.676738e+01 
1.676738e+01 
1.676738e+01 
1.676738e+01 
1.676738e+01 
1.676738e+01 
1.676738e+01 
1.676738e+01 
1.676738e+01 
1.676738e+01 
1.676738e+01 
1.676738e+01 
1.676738e+01 
1.676738e+01 
1.676738e+01 
1.676738e+01 
1.676738e+01 
1.676738e+01 
1.676738e+01 
1.676738e+01 
1.676738e+01 
1.676738e+01 
1.676738e+01 
1.676738e+01 
1.676738e+01 
1.676623e+01 
1.676623e+01 
1.676623e+01 
1.676623e+01 
1.676365e+01 
1.676365e+01 
1.676365e+01 
1.676365e+01 
1.676365e+01 
1.676365e+01 
1.676365e+01 
1.676365e+01 
1.676365e+01 
1.676333e+01 
1.676333e+01 
1.676333e+01 
1.676333e+01 
1.676333e+01 
1.676333e+01 
1.676333e+01 
1.676333e+01 
1.676333e+01 
