4.919519e+02 
2.507213e+02 
1.595676e+02 
1.595676e+02 
1.490436e+02 
1.164611e+02 
1.152578e+02 
1.152578e+02 
1.152578e+02 
7.789154e+01 
7.789154e+01 
7.789154e+01 
7.789154e+01 
7.789154e+01 
7.789154e+01 
7.520507e+01 
7.520507e+01 
7.520507e+01 
7.520507e+01 
7.520507e+01 
7.520507e+01 
7.520507e+01 
7.520507e+01 
7.143085e+01 
7.143085e+01 
6.616013e+01 
6.616013e+01 
6.616013e+01 
6.616013e+01 
6.616013e+01 
6.616013e+01 
6.616013e+01 
6.616013e+01 
6.616013e+01 
6.616013e+01 
6.516087e+01 
6.516087e+01 
6.516087e+01 
6.516087e+01 
6.494420e+01 
6.494420e+01 
6.494420e+01 
6.417412e+01 
6.417412e+01 
6.417412e+01 
6.417412e+01 
6.417412e+01 
6.417412e+01 
6.417412e+01 
6.417412e+01 
6.417412e+01 
6.417412e+01 
6.417412e+01 
6.417412e+01 
6.417412e+01 
6.417412e+01 
6.417412e+01 
6.417412e+01 
6.417412e+01 
6.417412e+01 
6.417412e+01 
5.791657e+01 
5.791657e+01 
5.791657e+01 
5.791657e+01 
5.791657e+01 
5.791657e+01 
5.791657e+01 
5.791657e+01 
5.791657e+01 
5.791657e+01 
5.791657e+01 
5.791657e+01 
5.791657e+01 
5.791657e+01 
5.791657e+01 
5.791657e+01 
5.791657e+01 
5.791657e+01 
5.791657e+01 
5.791657e+01 
5.791657e+01 
5.791657e+01 
5.791657e+01 
5.791657e+01 
5.791657e+01 
5.791657e+01 
5.791657e+01 
5.791657e+01 
5.791657e+01 
5.791657e+01 
5.791657e+01 
5.791657e+01 
5.791657e+01 
5.791657e+01 
5.791657e+01 
5.791657e+01 
5.791657e+01 
5.791657e+01 
5.791657e+01 
5.791657e+01 
5.791657e+01 
5.791657e+01 
5.791657e+01 
5.791657e+01 
5.791657e+01 
5.791657e+01 
5.791657e+01 
5.791657e+01 
5.791657e+01 
5.791657e+01 
5.791657e+01 
5.791657e+01 
5.791657e+01 
5.693412e+01 
5.693412e+01 
5.693412e+01 
5.693412e+01 
5.693412e+01 
5.693412e+01 
5.693412e+01 
5.693412e+01 
5.693412e+01 
5.693412e+01 
5.693412e+01 
5.693412e+01 
5.693412e+01 
5.693412e+01 
5.693412e+01 
5.693412e+01 
5.693412e+01 
5.693412e+01 
5.693412e+01 
5.693412e+01 
5.693412e+01 
5.693412e+01 
5.693412e+01 
5.693412e+01 
5.693412e+01 
5.693412e+01 
5.693412e+01 
5.693412e+01 
5.693412e+01 
5.693412e+01 
5.693412e+01 
5.693412e+01 
5.693412e+01 
5.693412e+01 
5.693412e+01 
5.693412e+01 
5.693412e+01 
5.693412e+01 
5.693412e+01 
5.693412e+01 
5.693412e+01 
5.693412e+01 
5.693412e+01 
5.693412e+01 
5.693412e+01 
5.693412e+01 
5.693412e+01 
5.693412e+01 
5.693412e+01 
5.693412e+01 
5.693412e+01 
5.693412e+01 
5.693412e+01 
5.693412e+01 
5.693412e+01 
5.693412e+01 
5.693412e+01 
5.693412e+01 
5.693412e+01 
5.693412e+01 
5.693412e+01 
5.693412e+01 
5.693412e+01 
5.693412e+01 
5.693412e+01 
5.693412e+01 
5.693412e+01 
5.693412e+01 
5.693412e+01 
5.693412e+01 
5.693412e+01 
5.693412e+01 
5.693412e+01 
5.509751e+01 
5.509751e+01 
5.509751e+01 
5.509751e+01 
5.509751e+01 
5.509751e+01 
5.509751e+01 
5.509751e+01 
5.509751e+01 
5.509751e+01 
5.509751e+01 
5.509751e+01 
5.509751e+01 
5.509751e+01 
5.509751e+01 
5.509751e+01 
5.509751e+01 
5.509751e+01 
5.509751e+01 
5.509751e+01 
5.509751e+01 
5.509751e+01 
5.509751e+01 
5.509751e+01 
5.509751e+01 
5.509751e+01 
5.509751e+01 
5.509751e+01 
5.509751e+01 
5.509751e+01 
5.509751e+01 
5.509751e+01 
5.509751e+01 
5.509751e+01 
5.509751e+01 
5.509751e+01 
5.509751e+01 
5.509751e+01 
5.509751e+01 
5.509751e+01 
5.509751e+01 
5.509751e+01 
5.509751e+01 
5.509751e+01 
5.509751e+01 
5.509751e+01 
5.509751e+01 
5.509751e+01 
5.509751e+01 
5.509751e+01 
5.509751e+01 
5.509751e+01 
5.509751e+01 
5.509751e+01 
5.509751e+01 
5.509751e+01 
5.509751e+01 
5.509751e+01 
5.509751e+01 
5.509751e+01 
5.509751e+01 
5.509751e+01 
5.509751e+01 
5.509751e+01 
5.509751e+01 
5.509751e+01 
5.509751e+01 
5.509751e+01 
5.509751e+01 
5.509751e+01 
5.509751e+01 
5.509751e+01 
5.509751e+01 
5.509751e+01 
5.509751e+01 
5.509751e+01 
5.509751e+01 
5.509751e+01 
5.509751e+01 
5.509751e+01 
5.509751e+01 
5.509751e+01 
5.509751e+01 
5.509751e+01 
5.509751e+01 
5.509751e+01 
5.509751e+01 
5.509751e+01 
5.509751e+01 
5.509751e+01 
5.509751e+01 
5.509751e+01 
5.509751e+01 
5.509751e+01 
5.509751e+01 
5.509751e+01 
5.509751e+01 
5.509751e+01 
5.509751e+01 
5.509751e+01 
5.509751e+01 
5.509751e+01 
5.509751e+01 
5.509751e+01 
5.509751e+01 
5.509751e+01 
5.509751e+01 
5.509751e+01 
5.509751e+01 
5.509751e+01 
5.509751e+01 
5.509751e+01 
5.509751e+01 
5.509751e+01 
5.509751e+01 
5.509751e+01 
5.509751e+01 
5.509751e+01 
5.509751e+01 
5.509751e+01 
5.509751e+01 
5.509751e+01 
5.509751e+01 
5.509751e+01 
5.509751e+01 
5.509751e+01 
5.509751e+01 
5.509751e+01 
5.509751e+01 
5.509751e+01 
5.509751e+01 
5.509751e+01 
5.509751e+01 
5.509751e+01 
5.509751e+01 
5.509751e+01 
5.509751e+01 
5.509751e+01 
5.509751e+01 
5.509751e+01 
5.509751e+01 
5.509751e+01 
5.509751e+01 
5.509751e+01 
5.509751e+01 
5.509751e+01 
5.509751e+01 
5.509751e+01 
5.509751e+01 
5.509751e+01 
5.509751e+01 
5.509751e+01 
5.509751e+01 
5.509751e+01 
5.509751e+01 
5.509751e+01 
5.509751e+01 
5.509751e+01 
5.509751e+01 
5.509751e+01 
5.509751e+01 
5.509751e+01 
5.509751e+01 
5.509751e+01 
5.509751e+01 
5.509751e+01 
5.509751e+01 
5.509751e+01 
5.509751e+01 
5.509751e+01 
5.509751e+01 
5.509751e+01 
5.509751e+01 
5.509751e+01 
5.509751e+01 
5.509751e+01 
5.509751e+01 
5.509751e+01 
5.509751e+01 
5.509751e+01 
5.509751e+01 
5.509751e+01 
5.509751e+01 
5.509751e+01 
5.509751e+01 
5.509751e+01 
5.509751e+01 
5.509751e+01 
5.509751e+01 
5.509751e+01 
5.509751e+01 
5.509751e+01 
5.509751e+01 
5.509751e+01 
5.509751e+01 
5.509751e+01 
5.509751e+01 
5.509751e+01 
5.509751e+01 
5.509751e+01 
5.509751e+01 
5.509751e+01 
5.509751e+01 
5.509751e+01 
5.509751e+01 
5.509751e+01 
5.509751e+01 
5.509246e+01 
5.509246e+01 
5.509246e+01 
5.509246e+01 
5.509246e+01 
5.509246e+01 
5.509246e+01 
5.509246e+01 
5.509246e+01 
5.509246e+01 
5.509246e+01 
5.509246e+01 
5.509246e+01 
5.509246e+01 
5.509246e+01 
5.509246e+01 
5.509246e+01 
5.509246e+01 
5.509246e+01 
5.509246e+01 
5.509246e+01 
5.509246e+01 
5.509246e+01 
5.509246e+01 
5.509246e+01 
5.509246e+01 
5.509246e+01 
5.509246e+01 
5.509246e+01 
5.509246e+01 
5.509246e+01 
5.509246e+01 
5.509246e+01 
5.509246e+01 
5.509246e+01 
5.509246e+01 
5.509246e+01 
5.509246e+01 
5.509246e+01 
5.509246e+01 
5.509246e+01 
5.509246e+01 
5.509246e+01 
5.509246e+01 
5.509246e+01 
5.509246e+01 
5.509246e+01 
5.509246e+01 
5.509246e+01 
5.509246e+01 
5.509246e+01 
5.509246e+01 
5.509246e+01 
5.509246e+01 
5.509246e+01 
5.509246e+01 
5.509246e+01 
5.509246e+01 
5.509246e+01 
5.509246e+01 
5.509246e+01 
5.509246e+01 
5.509246e+01 
5.509246e+01 
5.509246e+01 
5.509246e+01 
5.509246e+01 
5.509246e+01 
5.509246e+01 
5.509246e+01 
5.509246e+01 
5.509246e+01 
5.509246e+01 
5.509246e+01 
5.509246e+01 
5.509246e+01 
5.509246e+01 
5.509246e+01 
5.509246e+01 
5.509246e+01 
5.509246e+01 
5.509246e+01 
5.509246e+01 
5.509246e+01 
5.509246e+01 
5.509246e+01 
5.509246e+01 
5.509246e+01 
5.509246e+01 
5.509246e+01 
5.509246e+01 
5.509246e+01 
5.509246e+01 
5.509246e+01 
5.509246e+01 
5.509246e+01 
5.509246e+01 
5.509246e+01 
5.509246e+01 
5.509246e+01 
5.509246e+01 
5.509246e+01 
5.509246e+01 
5.509246e+01 
5.509246e+01 
5.509246e+01 
5.509246e+01 
5.509246e+01 
5.509246e+01 
5.509246e+01 
5.509246e+01 
5.509246e+01 
5.509246e+01 
5.509246e+01 
5.509246e+01 
5.509246e+01 
5.509246e+01 
5.509246e+01 
5.509246e+01 
5.509246e+01 
5.509246e+01 
5.509246e+01 
5.509246e+01 
5.509246e+01 
5.509246e+01 
5.509246e+01 
5.509246e+01 
5.509246e+01 
5.509246e+01 
5.509246e+01 
5.509246e+01 
5.509246e+01 
5.509246e+01 
5.509246e+01 
5.509246e+01 
5.509246e+01 
5.509246e+01 
5.509246e+01 
5.509246e+01 
5.509246e+01 
5.509246e+01 
5.509246e+01 
5.509246e+01 
5.509246e+01 
5.509246e+01 
5.509246e+01 
5.509246e+01 
5.509246e+01 
5.509246e+01 
5.509246e+01 
5.509246e+01 
5.509246e+01 
5.509246e+01 
5.509246e+01 
5.509246e+01 
5.509246e+01 
5.509246e+01 
5.509246e+01 
5.509246e+01 
5.509246e+01 
5.509246e+01 
5.509246e+01 
5.509246e+01 
5.509246e+01 
5.509246e+01 
5.509246e+01 
5.509246e+01 
5.509246e+01 
5.509246e+01 
5.509246e+01 
5.509246e+01 
5.509246e+01 
5.509246e+01 
5.509246e+01 
5.509246e+01 
5.509246e+01 
5.509246e+01 
5.509246e+01 
5.509246e+01 
5.509246e+01 
5.509246e+01 
5.509246e+01 
5.509246e+01 
5.509246e+01 
5.509246e+01 
5.509246e+01 
5.509246e+01 
5.509246e+01 
5.509246e+01 
5.509246e+01 
5.509246e+01 
5.509246e+01 
5.509246e+01 
5.509246e+01 
5.509246e+01 
5.509246e+01 
5.509246e+01 
5.509246e+01 
5.509246e+01 
5.509246e+01 
5.509246e+01 
5.509246e+01 
5.509246e+01 
5.509246e+01 
5.509246e+01 
5.509246e+01 
5.509246e+01 
5.509246e+01 
5.509246e+01 
5.509246e+01 
5.509246e+01 
5.509246e+01 
5.509246e+01 
5.509246e+01 
5.509246e+01 
5.509246e+01 
5.509246e+01 
5.509246e+01 
5.509246e+01 
5.509246e+01 
5.509246e+01 
5.509246e+01 
5.509246e+01 
5.509246e+01 
5.509246e+01 
5.509246e+01 
5.509246e+01 
5.509246e+01 
5.509246e+01 
5.509246e+01 
5.509246e+01 
5.509246e+01 
5.509246e+01 
5.509246e+01 
5.509246e+01 
5.509246e+01 
5.509246e+01 
5.509246e+01 
5.509246e+01 
5.509246e+01 
5.509246e+01 
5.509246e+01 
5.509246e+01 
5.509246e+01 
5.509246e+01 
5.509246e+01 
5.509246e+01 
5.509246e+01 
5.509246e+01 
5.509246e+01 
5.509246e+01 
5.509246e+01 
5.509246e+01 
5.509246e+01 
5.509246e+01 
5.509246e+01 
5.509246e+01 
5.509246e+01 
5.509246e+01 
5.509246e+01 
5.509246e+01 
5.509246e+01 
5.509246e+01 
5.509246e+01 
5.509246e+01 
5.509246e+01 
5.509246e+01 
5.509246e+01 
5.509246e+01 
5.509246e+01 
5.509246e+01 
5.509246e+01 
5.509246e+01 
5.509246e+01 
5.509246e+01 
5.509246e+01 
5.509246e+01 
5.509246e+01 
5.509246e+01 
5.509246e+01 
5.509246e+01 
5.509246e+01 
5.509246e+01 
5.509246e+01 
5.509246e+01 
5.509246e+01 
5.509246e+01 
5.509246e+01 
5.509246e+01 
5.509246e+01 
5.509246e+01 
5.509246e+01 
5.509246e+01 
5.509246e+01 
5.509246e+01 
5.509246e+01 
5.509246e+01 
5.509246e+01 
5.509246e+01 
5.509246e+01 
5.509246e+01 
5.509246e+01 
5.509246e+01 
5.509246e+01 
5.509246e+01 
5.509246e+01 
5.509246e+01 
5.509246e+01 
5.509246e+01 
5.509246e+01 
5.509246e+01 
5.509246e+01 
5.509246e+01 
5.509246e+01 
5.509246e+01 
5.509246e+01 
5.509246e+01 
5.509246e+01 
5.509246e+01 
5.509246e+01 
5.509246e+01 
5.509246e+01 
5.509246e+01 
5.509246e+01 
5.509246e+01 
5.509246e+01 
5.509246e+01 
5.509246e+01 
5.509246e+01 
5.509246e+01 
5.509246e+01 
5.509246e+01 
5.509246e+01 
5.509246e+01 
5.509246e+01 
5.509246e+01 
5.509246e+01 
5.509246e+01 
5.509246e+01 
5.509246e+01 
5.509246e+01 
5.509246e+01 
5.509246e+01 
5.509246e+01 
5.509246e+01 
5.509246e+01 
5.509246e+01 
5.509246e+01 
5.509246e+01 
5.509246e+01 
5.509246e+01 
5.509246e+01 
5.509246e+01 
5.509246e+01 
5.509246e+01 
5.509246e+01 
5.509246e+01 
5.448785e+01 
5.448785e+01 
5.448785e+01 
5.448785e+01 
5.399552e+01 
5.399552e+01 
5.399552e+01 
5.399552e+01 
5.399552e+01 
5.399552e+01 
5.399552e+01 
5.399552e+01 
5.399552e+01 
5.399552e+01 
5.399552e+01 
5.399552e+01 
5.399552e+01 
5.399552e+01 
5.399552e+01 
5.399552e+01 
5.399552e+01 
5.399552e+01 
5.399552e+01 
5.399552e+01 
5.399552e+01 
5.399552e+01 
5.399552e+01 
5.399552e+01 
5.399552e+01 
5.399552e+01 
5.399552e+01 
5.399552e+01 
5.399552e+01 
5.399552e+01 
5.399552e+01 
5.399552e+01 
5.399552e+01 
5.399552e+01 
5.399552e+01 
5.399552e+01 
5.399552e+01 
5.399552e+01 
5.399552e+01 
5.399552e+01 
5.399552e+01 
5.399552e+01 
5.399552e+01 
5.399552e+01 
5.399552e+01 
5.399552e+01 
5.399552e+01 
5.399552e+01 
5.399552e+01 
5.399552e+01 
5.399552e+01 
5.399552e+01 
5.399552e+01 
5.399552e+01 
5.399552e+01 
5.399552e+01 
5.399552e+01 
5.399552e+01 
5.399552e+01 
5.399552e+01 
5.399552e+01 
5.399552e+01 
5.399552e+01 
5.399552e+01 
5.399552e+01 
5.399552e+01 
5.399552e+01 
5.399552e+01 
5.399552e+01 
5.399552e+01 
5.399552e+01 
5.399552e+01 
5.399552e+01 
5.399552e+01 
5.399552e+01 
5.399552e+01 
5.356536e+01 
5.356536e+01 
5.356536e+01 
5.356536e+01 
5.356536e+01 
5.356536e+01 
5.356536e+01 
5.356536e+01 
5.356536e+01 
5.356536e+01 
5.356536e+01 
5.356536e+01 
5.356536e+01 
5.356536e+01 
5.356536e+01 
5.356536e+01 
5.356536e+01 
5.356536e+01 
5.356536e+01 
5.356536e+01 
5.356536e+01 
5.356536e+01 
5.356536e+01 
5.356536e+01 
5.356536e+01 
5.356536e+01 
5.356536e+01 
5.356536e+01 
5.356536e+01 
5.356536e+01 
5.356536e+01 
5.356536e+01 
5.356536e+01 
5.356536e+01 
5.356536e+01 
5.356536e+01 
5.356536e+01 
5.356536e+01 
5.311256e+01 
5.311256e+01 
5.311256e+01 
5.311256e+01 
5.311256e+01 
5.311256e+01 
5.311256e+01 
5.311256e+01 
5.311256e+01 
5.311256e+01 
5.311256e+01 
5.311256e+01 
5.311256e+01 
5.311256e+01 
5.311256e+01 
5.311256e+01 
5.311256e+01 
5.311256e+01 
5.311256e+01 
5.311256e+01 
5.311256e+01 
5.311256e+01 
5.311256e+01 
5.311256e+01 
5.311256e+01 
5.311256e+01 
5.311256e+01 
5.311256e+01 
5.311256e+01 
5.311256e+01 
5.311256e+01 
5.311256e+01 
5.311256e+01 
5.311256e+01 
5.311256e+01 
5.311256e+01 
5.311256e+01 
5.311256e+01 
5.311256e+01 
5.311256e+01 
5.311256e+01 
5.311256e+01 
5.311256e+01 
5.311256e+01 
5.311256e+01 
5.311256e+01 
5.311256e+01 
5.311256e+01 
5.311256e+01 
5.311256e+01 
5.311256e+01 
5.311256e+01 
5.311256e+01 
5.311256e+01 
5.311256e+01 
5.311256e+01 
5.311256e+01 
5.311256e+01 
5.311256e+01 
5.311256e+01 
5.311256e+01 
5.311256e+01 
5.311256e+01 
5.311256e+01 
5.311256e+01 
5.311256e+01 
5.311256e+01 
5.311256e+01 
5.311256e+01 
5.311256e+01 
5.311256e+01 
5.311256e+01 
5.311256e+01 
5.311256e+01 
5.311256e+01 
5.311256e+01 
5.311256e+01 
5.311256e+01 
5.311256e+01 
5.311256e+01 
5.311256e+01 
5.311256e+01 
5.311256e+01 
5.311256e+01 
5.311256e+01 
5.311256e+01 
5.311256e+01 
5.311256e+01 
5.311256e+01 
5.311256e+01 
5.311256e+01 
5.311256e+01 
5.311256e+01 
5.311256e+01 
5.311256e+01 
5.311256e+01 
5.311256e+01 
5.311256e+01 
5.311256e+01 
5.311256e+01 
5.311256e+01 
5.311256e+01 
5.311256e+01 
5.311256e+01 
5.311256e+01 
5.311256e+01 
5.311256e+01 
5.311256e+01 
5.311256e+01 
5.311256e+01 
5.311256e+01 
5.311256e+01 
5.311256e+01 
5.311256e+01 
5.311256e+01 
5.311256e+01 
5.311256e+01 
5.311256e+01 
5.311256e+01 
5.311256e+01 
5.311256e+01 
5.311256e+01 
5.311256e+01 
5.311256e+01 
5.311256e+01 
5.311256e+01 
5.311256e+01 
5.311256e+01 
5.311256e+01 
5.311256e+01 
5.311256e+01 
5.311256e+01 
5.311256e+01 
5.311256e+01 
5.311256e+01 
5.311256e+01 
5.311256e+01 
5.311256e+01 
5.311256e+01 
5.311256e+01 
5.311256e+01 
5.311256e+01 
5.311256e+01 
5.311256e+01 
5.311256e+01 
5.311256e+01 
5.311256e+01 
5.311256e+01 
5.311256e+01 
5.311256e+01 
5.311256e+01 
5.311256e+01 
5.311256e+01 
5.311256e+01 
5.311256e+01 
5.311256e+01 
5.311256e+01 
5.311256e+01 
5.311256e+01 
5.311256e+01 
5.311256e+01 
5.311256e+01 
5.311256e+01 
5.311256e+01 
5.311256e+01 
5.311256e+01 
5.311256e+01 
5.311256e+01 
5.311256e+01 
5.311256e+01 
5.311256e+01 
5.311256e+01 
5.311256e+01 
5.311256e+01 
5.311256e+01 
5.311256e+01 
5.311256e+01 
5.311256e+01 
5.311256e+01 
5.311256e+01 
5.311256e+01 
5.311256e+01 
5.311256e+01 
5.311256e+01 
5.311256e+01 
5.311256e+01 
5.311256e+01 
5.311256e+01 
5.311256e+01 
5.311256e+01 
5.311256e+01 
5.311256e+01 
5.311256e+01 
5.311256e+01 
5.311256e+01 
5.311256e+01 
5.311256e+01 
5.311256e+01 
5.311256e+01 
5.311256e+01 
5.311256e+01 
5.311256e+01 
5.311256e+01 
5.311256e+01 
5.311256e+01 
5.311256e+01 
5.311256e+01 
5.311256e+01 
5.311256e+01 
5.311256e+01 
5.311256e+01 
5.311256e+01 
5.311256e+01 
5.311256e+01 
5.311256e+01 
5.311256e+01 
5.311256e+01 
5.311256e+01 
5.311256e+01 
5.311256e+01 
5.311256e+01 
5.311256e+01 
5.311256e+01 
5.311256e+01 
5.311256e+01 
5.311256e+01 
5.311256e+01 
5.311256e+01 
5.311256e+01 
5.311256e+01 
5.311256e+01 
5.311256e+01 
5.311256e+01 
5.311256e+01 
5.311256e+01 
5.311256e+01 
5.311256e+01 
5.311256e+01 
5.311256e+01 
5.311256e+01 
5.311256e+01 
5.311256e+01 
5.311256e+01 
5.311256e+01 
5.311256e+01 
5.311256e+01 
5.311256e+01 
5.311256e+01 
5.311256e+01 
5.311256e+01 
5.311256e+01 
5.311256e+01 
5.311256e+01 
5.311256e+01 
5.311256e+01 
5.311256e+01 
5.311256e+01 
5.301549e+01 
5.301549e+01 
5.301549e+01 
5.301549e+01 
5.301549e+01 
5.301549e+01 
5.301549e+01 
5.301549e+01 
5.301549e+01 
5.301549e+01 
5.301549e+01 
5.301549e+01 
5.301549e+01 
5.301549e+01 
5.301549e+01 
5.301549e+01 
5.301549e+01 
5.301549e+01 
5.301549e+01 
5.301549e+01 
5.301549e+01 
5.301549e+01 
5.301549e+01 
5.301549e+01 
5.301549e+01 
5.301549e+01 
5.301549e+01 
5.301549e+01 
5.301549e+01 
5.301549e+01 
5.301549e+01 
5.301549e+01 
5.301549e+01 
5.301549e+01 
5.301549e+01 
5.301549e+01 
5.301549e+01 
5.301549e+01 
5.301549e+01 
5.301549e+01 
5.301549e+01 
5.301549e+01 
5.301549e+01 
5.301549e+01 
5.301549e+01 
5.301549e+01 
5.301549e+01 
5.301549e+01 
5.301549e+01 
5.301549e+01 
5.301549e+01 
5.301549e+01 
5.301549e+01 
5.301549e+01 
5.301549e+01 
5.301549e+01 
5.301549e+01 
5.301549e+01 
5.301549e+01 
5.295888e+01 
5.295888e+01 
5.295888e+01 
5.295888e+01 
5.295888e+01 
5.295888e+01 
5.295888e+01 
5.295888e+01 
5.295888e+01 
5.295888e+01 
5.295888e+01 
5.295888e+01 
5.295888e+01 
5.295888e+01 
5.295888e+01 
5.295888e+01 
5.295888e+01 
5.295888e+01 
5.295888e+01 
5.295888e+01 
5.295888e+01 
5.295888e+01 
5.295888e+01 
5.295888e+01 
5.295888e+01 
5.295888e+01 
5.295888e+01 
5.295888e+01 
5.295888e+01 
5.295888e+01 
5.295888e+01 
5.295888e+01 
5.295888e+01 
5.295888e+01 
5.295888e+01 
5.295888e+01 
5.295888e+01 
5.295888e+01 
5.295888e+01 
5.295888e+01 
5.295888e+01 
5.295888e+01 
5.295888e+01 
5.295888e+01 
5.295888e+01 
5.295888e+01 
5.295888e+01 
5.295888e+01 
5.295888e+01 
5.295888e+01 
5.295888e+01 
5.295888e+01 
5.295888e+01 
5.295888e+01 
5.295888e+01 
5.295888e+01 
5.295888e+01 
5.295888e+01 
5.295888e+01 
5.295888e+01 
5.295888e+01 
5.295888e+01 
5.295888e+01 
5.295888e+01 
5.295888e+01 
5.295888e+01 
5.295888e+01 
5.295888e+01 
5.295888e+01 
5.295888e+01 
5.295888e+01 
5.295888e+01 
5.295888e+01 
5.295888e+01 
5.295888e+01 
5.295888e+01 
5.295888e+01 
5.295888e+01 
5.295888e+01 
5.295888e+01 
5.295888e+01 
5.295888e+01 
5.295888e+01 
5.295888e+01 
5.295888e+01 
5.295888e+01 
5.295888e+01 
5.295888e+01 
5.295888e+01 
5.295888e+01 
5.295888e+01 
5.295888e+01 
5.295888e+01 
5.295888e+01 
5.295888e+01 
5.295888e+01 
5.295888e+01 
5.295888e+01 
5.295888e+01 
5.295888e+01 
5.295888e+01 
5.295888e+01 
5.295888e+01 
5.295888e+01 
5.295888e+01 
5.295888e+01 
5.295888e+01 
5.295888e+01 
5.295888e+01 
5.295888e+01 
5.295888e+01 
5.295888e+01 
5.295888e+01 
5.295888e+01 
5.295888e+01 
5.295888e+01 
5.295888e+01 
5.295888e+01 
5.295888e+01 
5.295888e+01 
5.295888e+01 
5.295888e+01 
5.295888e+01 
5.295888e+01 
5.295888e+01 
5.295888e+01 
5.295888e+01 
5.295888e+01 
5.295888e+01 
5.295888e+01 
5.295888e+01 
5.295888e+01 
5.295888e+01 
5.295888e+01 
5.295888e+01 
5.295888e+01 
5.295888e+01 
5.295888e+01 
5.295888e+01 
5.295888e+01 
5.295888e+01 
5.295888e+01 
5.295888e+01 
5.295888e+01 
5.295888e+01 
5.295888e+01 
5.295888e+01 
5.295888e+01 
5.295888e+01 
5.295888e+01 
5.295888e+01 
5.295888e+01 
5.295888e+01 
5.295888e+01 
5.295888e+01 
5.295888e+01 
5.295888e+01 
5.295888e+01 
5.295888e+01 
5.295888e+01 
5.295888e+01 
5.295888e+01 
5.295888e+01 
5.295888e+01 
5.295888e+01 
5.295888e+01 
5.295888e+01 
5.295888e+01 
5.295888e+01 
5.295888e+01 
5.295888e+01 
5.295888e+01 
5.295888e+01 
5.295888e+01 
5.295888e+01 
5.295888e+01 
5.295888e+01 
5.295888e+01 
5.295888e+01 
5.295888e+01 
5.295888e+01 
5.295888e+01 
5.295888e+01 
5.295888e+01 
5.295888e+01 
5.295888e+01 
5.295888e+01 
5.295888e+01 
5.295888e+01 
5.295888e+01 
5.295888e+01 
5.295888e+01 
5.295888e+01 
5.295888e+01 
5.295888e+01 
5.295888e+01 
5.295888e+01 
5.295888e+01 
5.295888e+01 
5.295888e+01 
5.223298e+01 
5.223298e+01 
5.223298e+01 
5.223298e+01 
5.223298e+01 
5.223298e+01 
5.223298e+01 
5.223298e+01 
5.223298e+01 
5.223298e+01 
5.223298e+01 
5.223298e+01 
5.223298e+01 
5.223298e+01 
5.223298e+01 
5.223298e+01 
5.223298e+01 
5.223298e+01 
5.223298e+01 
5.223298e+01 
5.223298e+01 
5.223298e+01 
5.223298e+01 
5.223298e+01 
5.223298e+01 
5.223298e+01 
5.223298e+01 
5.223298e+01 
5.223298e+01 
5.223298e+01 
5.223298e+01 
5.223298e+01 
5.223298e+01 
5.223298e+01 
5.223298e+01 
5.223298e+01 
5.223298e+01 
5.223298e+01 
5.223298e+01 
5.223298e+01 
5.223298e+01 
5.223298e+01 
5.223298e+01 
5.223298e+01 
5.223298e+01 
5.223298e+01 
5.223298e+01 
5.223298e+01 
5.223298e+01 
5.223298e+01 
5.223298e+01 
5.223298e+01 
5.223298e+01 
5.223298e+01 
5.204812e+01 
5.204812e+01 
5.204812e+01 
5.204812e+01 
5.204812e+01 
5.204812e+01 
5.204812e+01 
5.204812e+01 
5.204812e+01 
5.204812e+01 
5.204812e+01 
5.204812e+01 
5.204812e+01 
5.204812e+01 
5.204812e+01 
5.204812e+01 
5.204812e+01 
5.204812e+01 
5.204812e+01 
5.204812e+01 
5.204812e+01 
5.204812e+01 
5.204812e+01 
5.204812e+01 
5.204812e+01 
5.204812e+01 
5.204812e+01 
5.204812e+01 
5.204812e+01 
5.204812e+01 
5.204812e+01 
5.204812e+01 
5.204812e+01 
5.204812e+01 
5.204812e+01 
5.204812e+01 
5.204812e+01 
5.204812e+01 
5.204812e+01 
5.204812e+01 
5.204812e+01 
5.204812e+01 
5.204812e+01 
5.204812e+01 
5.204812e+01 
5.204812e+01 
5.154382e+01 
5.154382e+01 
5.154382e+01 
5.154382e+01 
5.154382e+01 
5.154382e+01 
5.154382e+01 
5.154382e+01 
5.154382e+01 
5.154382e+01 
5.154382e+01 
5.154382e+01 
5.154382e+01 
5.154382e+01 
5.154382e+01 
5.154382e+01 
5.154382e+01 
5.154382e+01 
5.154382e+01 
5.154382e+01 
5.154382e+01 
5.154382e+01 
5.154382e+01 
5.154382e+01 
5.154382e+01 
5.154382e+01 
5.154382e+01 
5.154382e+01 
5.154382e+01 
5.154382e+01 
5.154382e+01 
5.154382e+01 
5.154382e+01 
5.154382e+01 
5.154382e+01 
5.154382e+01 
5.154382e+01 
5.154382e+01 
5.154382e+01 
5.154382e+01 
5.154382e+01 
5.154382e+01 
5.154382e+01 
5.154382e+01 
5.154382e+01 
5.154382e+01 
5.154382e+01 
5.154382e+01 
5.154382e+01 
5.154382e+01 
5.154382e+01 
5.154382e+01 
5.154382e+01 
5.154382e+01 
5.154382e+01 
5.154382e+01 
5.154382e+01 
5.154382e+01 
5.154382e+01 
5.154382e+01 
5.154382e+01 
5.154382e+01 
5.154382e+01 
5.154382e+01 
5.154382e+01 
5.154382e+01 
5.154382e+01 
5.154382e+01 
5.154382e+01 
5.154382e+01 
5.154382e+01 
5.154382e+01 
5.154382e+01 
5.154382e+01 
5.154382e+01 
5.154382e+01 
5.154382e+01 
5.154382e+01 
5.154382e+01 
5.154382e+01 
5.154382e+01 
5.154382e+01 
5.154382e+01 
5.154382e+01 
5.154382e+01 
5.154382e+01 
5.154382e+01 
5.154382e+01 
5.154382e+01 
5.154382e+01 
5.154382e+01 
5.154382e+01 
5.154382e+01 
5.154382e+01 
5.154382e+01 
5.154382e+01 
5.154382e+01 
5.154382e+01 
5.154382e+01 
5.154382e+01 
5.154382e+01 
5.154382e+01 
5.154382e+01 
5.154382e+01 
5.154382e+01 
5.154382e+01 
5.154382e+01 
5.154382e+01 
5.154382e+01 
5.154382e+01 
5.154382e+01 
5.154382e+01 
5.154382e+01 
5.154382e+01 
5.154382e+01 
5.154382e+01 
5.154382e+01 
5.154382e+01 
5.154382e+01 
5.154382e+01 
5.154382e+01 
5.154382e+01 
5.154382e+01 
5.154382e+01 
5.154382e+01 
5.154382e+01 
5.154382e+01 
5.154382e+01 
5.154382e+01 
5.154382e+01 
5.154382e+01 
5.154382e+01 
5.154382e+01 
5.154382e+01 
5.154382e+01 
5.154382e+01 
5.154382e+01 
5.154382e+01 
5.154382e+01 
5.154382e+01 
5.154382e+01 
5.154382e+01 
5.154382e+01 
5.154382e+01 
5.154382e+01 
5.154382e+01 
5.154382e+01 
5.154382e+01 
5.154382e+01 
5.154382e+01 
5.154382e+01 
5.154382e+01 
5.154382e+01 
5.154382e+01 
5.154382e+01 
5.154382e+01 
5.154382e+01 
5.154382e+01 
5.154382e+01 
5.154382e+01 
5.154382e+01 
5.154382e+01 
5.154382e+01 
5.154382e+01 
5.154382e+01 
5.154382e+01 
5.154382e+01 
5.154382e+01 
5.154382e+01 
5.154382e+01 
5.154382e+01 
5.154382e+01 
5.154382e+01 
5.154382e+01 
5.154382e+01 
5.154382e+01 
5.154382e+01 
5.154382e+01 
5.154382e+01 
5.154382e+01 
5.154382e+01 
5.154382e+01 
5.154382e+01 
5.154382e+01 
5.154382e+01 
5.154382e+01 
5.154382e+01 
5.154382e+01 
5.154382e+01 
5.154382e+01 
5.154382e+01 
5.154382e+01 
5.154382e+01 
5.154382e+01 
5.154382e+01 
5.154382e+01 
5.154382e+01 
5.154382e+01 
5.154382e+01 
5.154382e+01 
5.154382e+01 
5.154382e+01 
5.154382e+01 
5.154382e+01 
5.154382e+01 
5.154382e+01 
5.154382e+01 
5.154382e+01 
5.154382e+01 
5.154382e+01 
5.154382e+01 
5.154382e+01 
5.154382e+01 
5.154382e+01 
5.154382e+01 
5.154382e+01 
5.154382e+01 
5.154382e+01 
5.154382e+01 
5.154382e+01 
5.154382e+01 
5.154382e+01 
5.154382e+01 
5.154382e+01 
5.154382e+01 
5.154382e+01 
5.154382e+01 
5.154382e+01 
5.154382e+01 
5.154382e+01 
5.154382e+01 
5.154382e+01 
5.154382e+01 
5.154382e+01 
5.154382e+01 
5.154382e+01 
5.154382e+01 
5.154382e+01 
5.154382e+01 
5.154382e+01 
5.154382e+01 
5.154382e+01 
5.154382e+01 
5.154382e+01 
5.154382e+01 
5.154382e+01 
5.154382e+01 
5.154382e+01 
5.154382e+01 
5.154382e+01 
5.154382e+01 
5.154382e+01 
5.154382e+01 
5.154382e+01 
5.154382e+01 
5.154382e+01 
5.154382e+01 
5.154382e+01 
5.154382e+01 
5.154382e+01 
5.154382e+01 
5.154382e+01 
5.154382e+01 
5.154382e+01 
5.154382e+01 
5.154382e+01 
5.154382e+01 
5.154382e+01 
5.154382e+01 
5.154382e+01 
5.154382e+01 
5.154382e+01 
5.154382e+01 
5.154382e+01 
5.154382e+01 
5.154382e+01 
5.154382e+01 
5.154382e+01 
5.154382e+01 
5.154382e+01 
5.154382e+01 
5.154382e+01 
5.154382e+01 
5.154382e+01 
5.154382e+01 
5.154382e+01 
5.154382e+01 
5.154382e+01 
5.154382e+01 
5.154382e+01 
5.154382e+01 
5.154382e+01 
5.154382e+01 
5.154382e+01 
5.154382e+01 
5.154382e+01 
5.154382e+01 
5.154382e+01 
5.154382e+01 
5.154382e+01 
5.154382e+01 
5.154382e+01 
5.154382e+01 
5.154382e+01 
5.154382e+01 
5.154382e+01 
5.154382e+01 
5.154382e+01 
5.154382e+01 
5.154382e+01 
5.154382e+01 
5.154382e+01 
5.154382e+01 
5.154382e+01 
5.154382e+01 
5.154382e+01 
5.154382e+01 
5.154382e+01 
5.154382e+01 
5.154382e+01 
5.154382e+01 
5.154382e+01 
5.154382e+01 
5.154382e+01 
5.154382e+01 
5.154382e+01 
5.154382e+01 
5.154382e+01 
5.154382e+01 
5.154382e+01 
5.154382e+01 
5.154382e+01 
5.154382e+01 
5.154382e+01 
5.154382e+01 
5.154382e+01 
5.154382e+01 
5.154382e+01 
5.154382e+01 
5.154382e+01 
5.154382e+01 
5.154382e+01 
5.154382e+01 
5.154382e+01 
5.154382e+01 
5.154382e+01 
5.154382e+01 
5.154382e+01 
5.154382e+01 
5.154382e+01 
5.154382e+01 
5.154382e+01 
5.154382e+01 
5.154382e+01 
5.154382e+01 
5.154382e+01 
5.154382e+01 
5.154382e+01 
5.154382e+01 
5.154382e+01 
5.154382e+01 
5.154382e+01 
5.154382e+01 
5.154382e+01 
5.154382e+01 
5.154382e+01 
5.154382e+01 
5.154382e+01 
5.154382e+01 
5.154382e+01 
5.154382e+01 
5.154382e+01 
5.154382e+01 
5.154382e+01 
5.154382e+01 
5.154382e+01 
5.154382e+01 
5.154382e+01 
5.154382e+01 
5.154382e+01 
5.154382e+01 
5.154382e+01 
5.154382e+01 
5.154382e+01 
5.154382e+01 
5.154382e+01 
5.154382e+01 
5.154382e+01 
5.154382e+01 
5.154382e+01 
5.154382e+01 
5.154382e+01 
5.154382e+01 
5.154382e+01 
5.154382e+01 
5.154382e+01 
5.154382e+01 
5.154382e+01 
5.154382e+01 
5.154382e+01 
5.154382e+01 
5.154382e+01 
5.154382e+01 
5.154382e+01 
5.154382e+01 
5.154382e+01 
5.154382e+01 
5.154382e+01 
5.154382e+01 
5.154382e+01 
5.154382e+01 
5.154382e+01 
5.154382e+01 
5.154382e+01 
5.154382e+01 
5.154382e+01 
5.154382e+01 
5.154382e+01 
5.154382e+01 
5.123247e+01 
5.123247e+01 
5.123247e+01 
5.123247e+01 
5.123247e+01 
5.107057e+01 
5.107057e+01 
5.107057e+01 
5.107057e+01 
5.107057e+01 
5.107057e+01 
5.107057e+01 
5.107057e+01 
5.107057e+01 
5.107057e+01 
5.107057e+01 
5.107057e+01 
5.107057e+01 
5.107057e+01 
5.107057e+01 
5.107057e+01 
5.107057e+01 
5.107057e+01 
5.107057e+01 
5.107057e+01 
5.107057e+01 
5.107057e+01 
5.107057e+01 
5.107057e+01 
5.107057e+01 
5.107057e+01 
5.107057e+01 
5.107057e+01 
5.107057e+01 
5.107057e+01 
5.107057e+01 
5.107057e+01 
5.107057e+01 
5.107057e+01 
5.107057e+01 
5.107057e+01 
5.107057e+01 
5.107057e+01 
5.107057e+01 
5.107057e+01 
5.107057e+01 
5.107057e+01 
5.107057e+01 
5.107057e+01 
5.107057e+01 
5.107057e+01 
5.107057e+01 
5.107057e+01 
5.107057e+01 
5.107057e+01 
5.107057e+01 
5.107057e+01 
5.107057e+01 
5.107057e+01 
5.107057e+01 
5.107057e+01 
5.107057e+01 
5.107057e+01 
5.107057e+01 
5.107057e+01 
5.107057e+01 
5.107057e+01 
5.107057e+01 
5.107057e+01 
5.107057e+01 
5.107057e+01 
5.107057e+01 
5.107057e+01 
5.107057e+01 
5.107057e+01 
5.107057e+01 
5.107057e+01 
5.107057e+01 
5.107057e+01 
5.107057e+01 
5.107057e+01 
5.107057e+01 
5.107057e+01 
5.107057e+01 
5.107057e+01 
5.107057e+01 
5.107057e+01 
5.107057e+01 
5.107057e+01 
5.107057e+01 
5.107057e+01 
5.107057e+01 
5.107057e+01 
5.107057e+01 
5.107057e+01 
5.107057e+01 
5.107057e+01 
5.107057e+01 
5.107057e+01 
5.107057e+01 
5.107057e+01 
5.107057e+01 
5.107057e+01 
5.107057e+01 
5.107057e+01 
5.107057e+01 
5.107057e+01 
5.107057e+01 
5.107057e+01 
5.107057e+01 
5.107057e+01 
5.107057e+01 
5.107057e+01 
5.107057e+01 
5.107057e+01 
5.107057e+01 
5.107057e+01 
5.107057e+01 
5.107057e+01 
5.107057e+01 
5.107057e+01 
5.107057e+01 
5.107057e+01 
5.107057e+01 
5.107057e+01 
5.107057e+01 
5.107057e+01 
5.107057e+01 
5.107057e+01 
5.107057e+01 
5.107057e+01 
5.107057e+01 
5.107057e+01 
5.107057e+01 
5.107057e+01 
5.107057e+01 
5.107057e+01 
5.107057e+01 
5.107057e+01 
5.107057e+01 
5.107057e+01 
5.107057e+01 
5.107057e+01 
5.107057e+01 
5.107057e+01 
5.107057e+01 
5.107057e+01 
5.107057e+01 
5.107057e+01 
5.107057e+01 
5.107057e+01 
5.107057e+01 
5.107057e+01 
5.107057e+01 
5.107057e+01 
5.107057e+01 
5.096237e+01 
5.096237e+01 
5.077448e+01 
5.077448e+01 
5.077448e+01 
5.077448e+01 
5.077448e+01 
5.077448e+01 
5.077448e+01 
5.077448e+01 
5.077448e+01 
5.077448e+01 
5.077448e+01 
5.077448e+01 
5.077448e+01 
5.077448e+01 
5.077448e+01 
5.077448e+01 
5.077448e+01 
5.077448e+01 
5.077448e+01 
5.077448e+01 
5.077448e+01 
5.077448e+01 
5.077448e+01 
5.077448e+01 
5.077448e+01 
5.077448e+01 
5.077448e+01 
5.077448e+01 
5.077448e+01 
5.077448e+01 
5.077448e+01 
5.077448e+01 
5.077448e+01 
5.077448e+01 
5.077448e+01 
5.077448e+01 
5.077448e+01 
5.077448e+01 
5.077448e+01 
5.077448e+01 
5.077448e+01 
5.077448e+01 
5.077448e+01 
5.077448e+01 
5.077448e+01 
5.077448e+01 
5.077448e+01 
5.077448e+01 
5.077448e+01 
5.077448e+01 
5.077448e+01 
5.077448e+01 
5.077448e+01 
5.077448e+01 
5.077448e+01 
5.077448e+01 
5.077448e+01 
5.077448e+01 
5.077448e+01 
5.077448e+01 
5.077448e+01 
5.077448e+01 
5.077448e+01 
5.077448e+01 
5.077448e+01 
5.077448e+01 
5.077448e+01 
5.077448e+01 
5.077448e+01 
5.077448e+01 
5.077448e+01 
5.077448e+01 
5.077448e+01 
5.077448e+01 
5.077448e+01 
5.077448e+01 
5.077448e+01 
5.077448e+01 
5.077448e+01 
5.077448e+01 
5.077448e+01 
5.077448e+01 
5.077448e+01 
5.077448e+01 
5.077448e+01 
5.077448e+01 
5.077448e+01 
5.077448e+01 
5.077448e+01 
5.077448e+01 
5.077448e+01 
5.077448e+01 
5.077448e+01 
5.077448e+01 
5.077448e+01 
5.077448e+01 
5.077448e+01 
5.077448e+01 
5.077448e+01 
5.077448e+01 
5.077448e+01 
5.077448e+01 
5.077448e+01 
5.077448e+01 
5.077448e+01 
5.077448e+01 
5.077448e+01 
5.077448e+01 
5.077448e+01 
5.077448e+01 
5.077448e+01 
5.077448e+01 
5.077448e+01 
5.077448e+01 
5.077448e+01 
5.077448e+01 
5.077448e+01 
5.077448e+01 
5.077448e+01 
5.077448e+01 
5.077448e+01 
5.077448e+01 
5.077448e+01 
5.077448e+01 
5.077448e+01 
5.077448e+01 
5.077448e+01 
5.077448e+01 
5.077448e+01 
5.077448e+01 
5.077448e+01 
5.077448e+01 
5.077448e+01 
5.077448e+01 
5.077448e+01 
5.077448e+01 
5.077448e+01 
5.077448e+01 
5.077448e+01 
5.077448e+01 
5.077448e+01 
5.077448e+01 
5.077448e+01 
5.077448e+01 
5.077448e+01 
5.077448e+01 
5.077448e+01 
5.077448e+01 
5.077448e+01 
5.077448e+01 
5.077448e+01 
5.077448e+01 
5.077448e+01 
5.077448e+01 
5.077448e+01 
5.077448e+01 
5.077448e+01 
5.077448e+01 
5.077448e+01 
5.077448e+01 
5.077448e+01 
5.077448e+01 
5.077448e+01 
5.077448e+01 
5.077448e+01 
5.077448e+01 
5.077448e+01 
5.077448e+01 
5.077448e+01 
5.077448e+01 
5.077448e+01 
5.077448e+01 
5.077448e+01 
5.075639e+01 
5.075639e+01 
5.075639e+01 
5.075639e+01 
5.075639e+01 
5.075639e+01 
5.075639e+01 
5.075639e+01 
5.075639e+01 
5.075639e+01 
5.075639e+01 
5.075639e+01 
5.067343e+01 
5.067343e+01 
5.067343e+01 
5.067343e+01 
5.067343e+01 
5.067343e+01 
5.067343e+01 
5.067343e+01 
5.059672e+01 
5.059672e+01 
5.059672e+01 
5.059672e+01 
5.059672e+01 
5.059672e+01 
5.059672e+01 
5.059672e+01 
5.059672e+01 
5.059672e+01 
5.059672e+01 
5.059672e+01 
5.059672e+01 
5.059672e+01 
5.059672e+01 
5.059672e+01 
5.059672e+01 
5.059672e+01 
5.059672e+01 
5.059672e+01 
5.059672e+01 
5.059672e+01 
5.059672e+01 
5.059672e+01 
5.059672e+01 
5.059672e+01 
5.059672e+01 
5.059672e+01 
5.059672e+01 
5.059672e+01 
5.059672e+01 
5.059672e+01 
5.059672e+01 
5.059672e+01 
5.059672e+01 
5.059672e+01 
5.059672e+01 
5.059672e+01 
5.059672e+01 
5.059672e+01 
5.059672e+01 
5.059672e+01 
5.059672e+01 
5.059672e+01 
5.059672e+01 
5.059672e+01 
5.059672e+01 
5.059672e+01 
5.059672e+01 
5.059672e+01 
5.059672e+01 
5.059672e+01 
5.059672e+01 
5.059672e+01 
5.059672e+01 
5.059672e+01 
5.059672e+01 
5.059672e+01 
5.059672e+01 
5.059672e+01 
5.059672e+01 
5.059672e+01 
5.059672e+01 
5.059672e+01 
5.059672e+01 
5.059672e+01 
5.059672e+01 
5.059672e+01 
5.059672e+01 
5.059672e+01 
5.059672e+01 
5.059672e+01 
5.059672e+01 
5.059672e+01 
5.059672e+01 
5.059672e+01 
5.059672e+01 
5.059672e+01 
5.059355e+01 
5.059355e+01 
5.059355e+01 
5.059355e+01 
5.059355e+01 
5.059355e+01 
5.059355e+01 
5.059355e+01 
5.059355e+01 
5.059355e+01 
5.059355e+01 
5.059355e+01 
5.059355e+01 
5.059355e+01 
5.059355e+01 
5.059355e+01 
5.059355e+01 
5.059355e+01 
5.059355e+01 
5.059355e+01 
5.059355e+01 
5.059355e+01 
5.059355e+01 
5.059355e+01 
5.059355e+01 
5.059355e+01 
5.059355e+01 
5.059355e+01 
5.059355e+01 
5.059355e+01 
5.059355e+01 
5.059355e+01 
5.059355e+01 
5.059355e+01 
5.059345e+01 
5.059345e+01 
5.059345e+01 
5.059345e+01 
5.059345e+01 
5.059345e+01 
5.059345e+01 
5.059345e+01 
5.059345e+01 
5.059345e+01 
5.059345e+01 
5.059345e+01 
5.059345e+01 
5.059345e+01 
5.022488e+01 
5.022488e+01 
5.022488e+01 
5.022488e+01 
5.022488e+01 
5.022488e+01 
5.022488e+01 
5.022488e+01 
5.022488e+01 
5.022488e+01 
5.022488e+01 
5.022488e+01 
5.022488e+01 
5.022488e+01 
5.022488e+01 
5.022488e+01 
5.022488e+01 
5.022488e+01 
5.022488e+01 
5.022488e+01 
5.022488e+01 
5.022488e+01 
5.022488e+01 
5.022488e+01 
5.022488e+01 
5.022488e+01 
5.022488e+01 
5.022488e+01 
5.022488e+01 
5.022488e+01 
5.022488e+01 
5.022488e+01 
5.022488e+01 
5.022488e+01 
5.022488e+01 
5.022488e+01 
5.022488e+01 
5.022488e+01 
5.022488e+01 
5.022488e+01 
5.022488e+01 
5.022488e+01 
5.022488e+01 
5.022488e+01 
5.022488e+01 
5.022488e+01 
5.022488e+01 
5.022488e+01 
5.022488e+01 
5.022488e+01 
5.022488e+01 
5.022488e+01 
5.022488e+01 
5.022488e+01 
5.022488e+01 
5.022488e+01 
5.022488e+01 
5.022488e+01 
5.022488e+01 
5.022488e+01 
5.022488e+01 
5.022488e+01 
5.022488e+01 
5.022488e+01 
5.022488e+01 
5.022488e+01 
5.022488e+01 
5.022488e+01 
5.022488e+01 
5.022488e+01 
5.022488e+01 
5.022488e+01 
5.022488e+01 
5.022488e+01 
5.022488e+01 
5.022488e+01 
5.022488e+01 
5.022488e+01 
5.022488e+01 
5.022488e+01 
5.022488e+01 
5.022488e+01 
5.022488e+01 
5.022488e+01 
5.022488e+01 
5.022488e+01 
5.022488e+01 
5.022488e+01 
5.022488e+01 
5.022488e+01 
5.022488e+01 
5.022488e+01 
5.022488e+01 
5.022488e+01 
5.022488e+01 
5.022488e+01 
5.022488e+01 
5.022488e+01 
5.022488e+01 
5.022488e+01 
5.022488e+01 
5.022488e+01 
5.022488e+01 
5.022488e+01 
5.022488e+01 
5.022488e+01 
5.022488e+01 
5.022488e+01 
5.022488e+01 
5.022488e+01 
5.022488e+01 
5.022488e+01 
5.022488e+01 
5.022488e+01 
5.022488e+01 
5.022488e+01 
5.022488e+01 
5.022488e+01 
5.022488e+01 
5.022488e+01 
5.022488e+01 
5.022488e+01 
5.022488e+01 
5.022488e+01 
5.022488e+01 
5.022488e+01 
5.022488e+01 
5.022488e+01 
5.022488e+01 
5.022488e+01 
5.022488e+01 
5.022488e+01 
5.022488e+01 
5.022488e+01 
5.022488e+01 
5.022488e+01 
5.022488e+01 
5.022488e+01 
5.022488e+01 
5.022488e+01 
5.022488e+01 
5.022488e+01 
5.022488e+01 
5.022488e+01 
5.022488e+01 
5.022488e+01 
5.022488e+01 
5.022488e+01 
5.022488e+01 
5.022488e+01 
5.022488e+01 
5.022488e+01 
5.022488e+01 
5.022488e+01 
5.022488e+01 
5.022488e+01 
5.022488e+01 
5.022488e+01 
5.022488e+01 
5.022488e+01 
5.022488e+01 
5.022488e+01 
5.022488e+01 
5.022488e+01 
5.022488e+01 
5.022488e+01 
5.022488e+01 
5.022488e+01 
5.022488e+01 
5.022488e+01 
5.022488e+01 
5.022488e+01 
5.022488e+01 
5.022488e+01 
5.022488e+01 
5.022488e+01 
5.022488e+01 
5.022488e+01 
5.022488e+01 
5.022488e+01 
5.022488e+01 
5.022488e+01 
5.022488e+01 
5.022488e+01 
5.022488e+01 
5.022488e+01 
5.022488e+01 
5.022488e+01 
5.022488e+01 
5.022488e+01 
5.022488e+01 
5.022488e+01 
5.022488e+01 
5.022488e+01 
5.022488e+01 
5.022488e+01 
5.022488e+01 
5.022488e+01 
5.022488e+01 
5.022488e+01 
5.022488e+01 
5.022488e+01 
5.022488e+01 
5.022488e+01 
5.022488e+01 
5.022488e+01 
5.022488e+01 
5.022488e+01 
5.022488e+01 
5.022488e+01 
5.022488e+01 
5.022488e+01 
5.022488e+01 
5.022488e+01 
5.022488e+01 
5.022488e+01 
5.022488e+01 
5.022488e+01 
5.021911e+01 
5.021911e+01 
5.021911e+01 
5.021911e+01 
5.021911e+01 
5.021911e+01 
5.021911e+01 
5.021911e+01 
5.021911e+01 
5.021911e+01 
5.021911e+01 
5.021911e+01 
5.021911e+01 
5.021911e+01 
5.021911e+01 
5.021911e+01 
5.021911e+01 
5.021338e+01 
5.021338e+01 
5.021338e+01 
5.021338e+01 
5.021338e+01 
5.021338e+01 
5.021338e+01 
5.021338e+01 
5.021338e+01 
5.021338e+01 
5.021338e+01 
5.021338e+01 
5.021338e+01 
5.021338e+01 
5.020095e+01 
5.020095e+01 
5.020095e+01 
5.020095e+01 
5.020095e+01 
5.020095e+01 
5.020095e+01 
5.020095e+01 
5.020095e+01 
5.020095e+01 
5.020095e+01 
5.020095e+01 
5.020095e+01 
5.020095e+01 
5.020095e+01 
5.020095e+01 
5.020095e+01 
5.020095e+01 
5.020095e+01 
5.020095e+01 
5.020095e+01 
5.020095e+01 
5.020095e+01 
5.020095e+01 
5.020095e+01 
5.020095e+01 
5.020095e+01 
5.020095e+01 
5.020095e+01 
5.020095e+01 
5.020095e+01 
5.020095e+01 
5.010416e+01 
5.010416e+01 
5.010416e+01 
5.010416e+01 
5.010416e+01 
5.010416e+01 
5.010416e+01 
5.010416e+01 
5.010416e+01 
5.010416e+01 
5.010416e+01 
5.010416e+01 
5.010416e+01 
5.010416e+01 
5.010416e+01 
5.010416e+01 
5.010416e+01 
5.010416e+01 
5.010416e+01 
5.010416e+01 
5.010416e+01 
5.010416e+01 
5.010416e+01 
5.010416e+01 
5.010416e+01 
5.010416e+01 
5.010416e+01 
5.010416e+01 
5.010416e+01 
5.010416e+01 
5.010416e+01 
5.010416e+01 
5.010416e+01 
5.010416e+01 
5.010416e+01 
5.010416e+01 
5.010416e+01 
5.010416e+01 
5.010416e+01 
5.010416e+01 
5.010416e+01 
5.010416e+01 
5.010416e+01 
5.010416e+01 
5.010416e+01 
5.010416e+01 
5.010416e+01 
5.010416e+01 
5.010416e+01 
5.010416e+01 
5.010416e+01 
5.010416e+01 
5.010416e+01 
5.010416e+01 
5.010416e+01 
5.010416e+01 
5.010416e+01 
5.010416e+01 
5.010416e+01 
5.010416e+01 
5.010416e+01 
5.010416e+01 
5.010416e+01 
5.010416e+01 
5.010416e+01 
5.010416e+01 
5.010416e+01 
5.010416e+01 
5.010416e+01 
5.010416e+01 
5.010416e+01 
5.010416e+01 
5.010416e+01 
5.010416e+01 
5.010416e+01 
5.010416e+01 
5.010416e+01 
5.010416e+01 
5.010416e+01 
5.010416e+01 
5.010416e+01 
5.010416e+01 
5.010416e+01 
5.010416e+01 
5.010416e+01 
5.010416e+01 
5.010416e+01 
5.010416e+01 
5.010416e+01 
5.010416e+01 
5.010416e+01 
5.010416e+01 
5.010416e+01 
5.010416e+01 
5.010416e+01 
5.010416e+01 
5.010416e+01 
5.010416e+01 
5.010416e+01 
5.010416e+01 
5.010416e+01 
5.010416e+01 
5.010416e+01 
5.010416e+01 
5.010416e+01 
5.010416e+01 
5.010416e+01 
5.010416e+01 
5.010416e+01 
5.010416e+01 
5.010416e+01 
5.010416e+01 
5.010416e+01 
5.010416e+01 
5.010416e+01 
5.010416e+01 
5.010416e+01 
5.010416e+01 
5.010416e+01 
5.010416e+01 
5.010416e+01 
5.010416e+01 
5.010416e+01 
5.010416e+01 
5.010416e+01 
5.010416e+01 
5.010416e+01 
5.010416e+01 
5.010416e+01 
5.010416e+01 
5.010416e+01 
5.010416e+01 
5.010416e+01 
5.010416e+01 
5.010416e+01 
5.010416e+01 
5.010416e+01 
5.010416e+01 
5.010416e+01 
5.010416e+01 
5.010416e+01 
5.010416e+01 
5.010416e+01 
5.010416e+01 
5.010416e+01 
5.010416e+01 
5.010416e+01 
5.010416e+01 
5.010416e+01 
5.010416e+01 
5.010416e+01 
5.010416e+01 
5.010416e+01 
5.010416e+01 
5.010416e+01 
5.010416e+01 
5.010416e+01 
5.010416e+01 
5.010416e+01 
5.010416e+01 
5.010416e+01 
5.010416e+01 
5.010416e+01 
5.010416e+01 
5.010416e+01 
5.010416e+01 
5.010416e+01 
5.010416e+01 
5.010416e+01 
5.010416e+01 
5.010416e+01 
5.010416e+01 
5.010416e+01 
5.010416e+01 
5.010416e+01 
5.010416e+01 
5.010416e+01 
5.010416e+01 
5.010416e+01 
5.010416e+01 
5.010416e+01 
5.010416e+01 
5.010416e+01 
5.010416e+01 
5.010416e+01 
5.010416e+01 
5.010416e+01 
5.010416e+01 
5.010416e+01 
5.010416e+01 
5.010416e+01 
5.010416e+01 
5.010416e+01 
5.010416e+01 
5.010416e+01 
5.010416e+01 
5.010416e+01 
5.010416e+01 
5.010416e+01 
5.010416e+01 
5.010416e+01 
5.010416e+01 
5.010416e+01 
5.010416e+01 
5.010416e+01 
5.010416e+01 
5.010416e+01 
5.010416e+01 
5.010416e+01 
5.010416e+01 
5.010416e+01 
5.010416e+01 
5.010416e+01 
5.010416e+01 
5.010416e+01 
5.010416e+01 
5.010416e+01 
5.010416e+01 
5.010416e+01 
5.010416e+01 
5.010416e+01 
5.010416e+01 
5.010416e+01 
5.010416e+01 
5.010416e+01 
5.010416e+01 
5.010416e+01 
5.010416e+01 
5.010416e+01 
5.010416e+01 
5.010416e+01 
5.010416e+01 
5.010416e+01 
5.010416e+01 
5.010416e+01 
5.010416e+01 
5.010416e+01 
5.010416e+01 
5.010416e+01 
5.010416e+01 
5.010416e+01 
5.010416e+01 
5.010416e+01 
5.010416e+01 
5.010416e+01 
5.010416e+01 
5.010416e+01 
5.010416e+01 
5.010416e+01 
5.010416e+01 
5.010416e+01 
5.010416e+01 
5.010416e+01 
5.010416e+01 
5.010416e+01 
5.010416e+01 
5.010416e+01 
5.010416e+01 
5.010416e+01 
5.010416e+01 
5.010416e+01 
5.010416e+01 
5.010416e+01 
5.010416e+01 
5.010416e+01 
5.010416e+01 
5.010416e+01 
5.010416e+01 
5.010416e+01 
5.010416e+01 
5.010416e+01 
5.010416e+01 
5.010416e+01 
5.010416e+01 
5.010416e+01 
5.010416e+01 
5.010416e+01 
5.010416e+01 
5.010416e+01 
5.010416e+01 
5.010416e+01 
5.010416e+01 
5.010416e+01 
5.010416e+01 
5.010416e+01 
5.010416e+01 
5.010416e+01 
5.010416e+01 
5.010416e+01 
5.010416e+01 
5.010416e+01 
5.010416e+01 
5.010416e+01 
5.010416e+01 
5.010416e+01 
5.010416e+01 
5.010416e+01 
5.010416e+01 
5.010416e+01 
5.010416e+01 
5.010416e+01 
5.010416e+01 
5.010416e+01 
5.010416e+01 
5.010416e+01 
5.010416e+01 
5.010416e+01 
5.010416e+01 
5.010416e+01 
5.010416e+01 
5.010416e+01 
5.010416e+01 
5.010416e+01 
5.010416e+01 
5.010416e+01 
5.010416e+01 
5.010416e+01 
5.010416e+01 
5.010416e+01 
5.010416e+01 
5.010416e+01 
5.010416e+01 
5.010416e+01 
5.010416e+01 
5.010416e+01 
5.010416e+01 
5.010416e+01 
5.010416e+01 
5.010416e+01 
5.010416e+01 
5.010416e+01 
5.010416e+01 
5.010416e+01 
5.010416e+01 
5.010416e+01 
5.010416e+01 
5.010416e+01 
5.010416e+01 
5.010416e+01 
5.010416e+01 
5.010416e+01 
5.010416e+01 
5.010416e+01 
5.010416e+01 
5.010416e+01 
5.010416e+01 
5.010416e+01 
5.010416e+01 
5.010416e+01 
5.010416e+01 
5.010416e+01 
5.010416e+01 
5.010416e+01 
5.010416e+01 
5.010416e+01 
5.010416e+01 
5.010416e+01 
5.010416e+01 
5.010416e+01 
5.010416e+01 
5.010416e+01 
5.010416e+01 
5.010416e+01 
5.010416e+01 
5.010416e+01 
5.010416e+01 
5.010416e+01 
5.010416e+01 
5.010416e+01 
5.010416e+01 
5.010416e+01 
5.010416e+01 
5.010416e+01 
5.010416e+01 
5.010416e+01 
5.010416e+01 
5.010416e+01 
5.010416e+01 
5.010416e+01 
5.010416e+01 
5.010416e+01 
5.010416e+01 
5.010416e+01 
5.010416e+01 
5.010416e+01 
5.010416e+01 
5.010416e+01 
5.010416e+01 
5.010416e+01 
5.010416e+01 
5.010416e+01 
5.010416e+01 
5.010416e+01 
5.010416e+01 
5.010416e+01 
5.010416e+01 
5.010416e+01 
5.010416e+01 
5.010416e+01 
5.010416e+01 
5.010416e+01 
5.010416e+01 
5.010416e+01 
5.010416e+01 
5.010416e+01 
5.010416e+01 
5.010416e+01 
4.987700e+01 
4.987700e+01 
4.987700e+01 
4.987700e+01 
4.987700e+01 
4.987700e+01 
4.987700e+01 
4.987700e+01 
4.987700e+01 
4.987700e+01 
4.987700e+01 
4.987700e+01 
4.987700e+01 
4.987700e+01 
4.987700e+01 
4.987700e+01 
4.987700e+01 
4.987700e+01 
4.987700e+01 
4.987700e+01 
4.987700e+01 
4.987700e+01 
4.987700e+01 
4.987700e+01 
4.987700e+01 
4.987700e+01 
4.987700e+01 
4.987700e+01 
4.987700e+01 
4.987700e+01 
4.987700e+01 
4.987700e+01 
4.987700e+01 
4.987700e+01 
4.987700e+01 
4.987700e+01 
4.987700e+01 
4.977630e+01 
4.977630e+01 
4.977630e+01 
4.977630e+01 
4.977630e+01 
4.977630e+01 
4.977630e+01 
4.977630e+01 
4.977630e+01 
4.977630e+01 
4.977630e+01 
4.970437e+01 
4.970437e+01 
4.970437e+01 
4.970437e+01 
4.970437e+01 
4.970437e+01 
4.970437e+01 
4.970437e+01 
4.970437e+01 
4.970437e+01 
4.970437e+01 
4.970437e+01 
4.970437e+01 
4.970437e+01 
4.970437e+01 
4.970437e+01 
4.970437e+01 
4.970437e+01 
4.970437e+01 
4.970437e+01 
4.970437e+01 
4.970437e+01 
4.970437e+01 
4.970437e+01 
4.970437e+01 
4.970437e+01 
4.970437e+01 
4.970437e+01 
4.970437e+01 
4.970437e+01 
4.970437e+01 
4.970437e+01 
4.970437e+01 
4.970437e+01 
4.970437e+01 
4.970437e+01 
4.970437e+01 
4.970437e+01 
4.970437e+01 
4.968455e+01 
4.968455e+01 
4.968455e+01 
4.968455e+01 
4.968455e+01 
4.968455e+01 
4.968455e+01 
4.968455e+01 
4.968455e+01 
4.968455e+01 
4.968455e+01 
4.968455e+01 
4.968455e+01 
4.968455e+01 
4.968455e+01 
4.968455e+01 
4.968455e+01 
4.968455e+01 
4.968455e+01 
4.968455e+01 
4.968455e+01 
4.968455e+01 
4.968455e+01 
4.968455e+01 
4.968455e+01 
4.968455e+01 
4.968455e+01 
4.964932e+01 
4.964932e+01 
4.964932e+01 
4.964932e+01 
4.964932e+01 
4.964932e+01 
4.964932e+01 
4.964932e+01 
4.964932e+01 
4.964932e+01 
4.964932e+01 
4.964932e+01 
4.964932e+01 
4.964932e+01 
4.964932e+01 
4.964932e+01 
4.964932e+01 
4.964932e+01 
4.964932e+01 
4.964932e+01 
4.964932e+01 
4.964932e+01 
4.964932e+01 
4.964932e+01 
4.964932e+01 
4.964932e+01 
4.964932e+01 
4.964932e+01 
4.964932e+01 
4.964932e+01 
4.964932e+01 
4.964932e+01 
4.964932e+01 
4.964932e+01 
4.964932e+01 
4.964932e+01 
4.963120e+01 
4.963120e+01 
4.963120e+01 
4.963120e+01 
4.955084e+01 
4.955084e+01 
4.942784e+01 
4.942784e+01 
4.942784e+01 
4.942784e+01 
4.935742e+01 
4.935742e+01 
4.935742e+01 
4.934488e+01 
4.934488e+01 
4.934488e+01 
4.934488e+01 
4.934488e+01 
4.934488e+01 
4.934488e+01 
4.934488e+01 
4.934488e+01 
4.934149e+01 
4.934149e+01 
4.934149e+01 
4.934149e+01 
4.934149e+01 
4.934149e+01 
4.934149e+01 
4.934149e+01 
4.934149e+01 
4.934085e+01 
4.934085e+01 
4.934085e+01 
4.934015e+01 
4.934015e+01 
4.933998e+01 
4.933998e+01 
4.933998e+01 
4.933998e+01 
4.933998e+01 
4.933998e+01 
4.933998e+01 
4.933998e+01 
4.933998e+01 
4.933998e+01 
4.933998e+01 
4.933998e+01 
4.933998e+01 
4.933998e+01 
4.933998e+01 
4.933998e+01 
4.933994e+01 
4.933994e+01 
4.933994e+01 
4.933994e+01 
4.933994e+01 
4.933994e+01 
4.933994e+01 
4.933994e+01 
4.933994e+01 
4.933994e+01 
4.933994e+01 
4.933994e+01 
4.933994e+01 
4.933994e+01 
4.933994e+01 
4.933994e+01 
4.933994e+01 
4.933994e+01 
4.933994e+01 
4.933994e+01 
4.933994e+01 
4.933994e+01 
4.933994e+01 
4.933994e+01 
4.933994e+01 
4.933994e+01 
4.933994e+01 
4.933994e+01 
4.933994e+01 
4.933994e+01 
4.933994e+01 
4.933994e+01 
4.933994e+01 
4.933994e+01 
4.933994e+01 
4.933994e+01 
4.933994e+01 
4.933994e+01 
4.933994e+01 
4.933994e+01 
4.933994e+01 
4.933994e+01 
4.933993e+01 
4.933991e+01 
4.933990e+01 
4.933989e+01 
4.933989e+01 
4.933988e+01 
4.933988e+01 
4.933988e+01 
4.933988e+01 
4.933988e+01 
4.933988e+01 
4.933988e+01 
4.933988e+01 
4.933988e+01 
4.933988e+01 
4.933988e+01 
4.933988e+01 
4.933988e+01 
4.933988e+01 
4.933988e+01 
4.933988e+01 
4.933988e+01 
4.933988e+01 
4.933988e+01 
4.933988e+01 
4.933988e+01 
4.933988e+01 
4.933988e+01 
4.933988e+01 
4.933988e+01 
4.933988e+01 
4.933988e+01 
4.933988e+01 
4.933988e+01 
4.933988e+01 
4.933988e+01 
4.933988e+01 
4.933988e+01 
4.933988e+01 
4.933988e+01 
4.933988e+01 
4.933988e+01 
4.933988e+01 
4.933988e+01 
4.933988e+01 
4.933875e+01 
4.933875e+01 
4.933875e+01 
4.931030e+01 
4.931030e+01 
4.931030e+01 
4.931030e+01 
4.929460e+01 
4.929460e+01 
4.929460e+01 
4.929460e+01 
4.928793e+01 
4.928793e+01 
4.912353e+01 
4.912353e+01 
4.912353e+01 
4.912353e+01 
4.912353e+01 
4.912353e+01 
4.912353e+01 
4.912353e+01 
4.912353e+01 
4.885372e+01 
4.885372e+01 
4.885372e+01 
4.885372e+01 
4.885372e+01 
4.885372e+01 
4.885372e+01 
4.880457e+01 
4.880457e+01 
4.880457e+01 
4.880457e+01 
4.880457e+01 
4.880457e+01 
4.880457e+01 
4.880457e+01 
4.880457e+01 
4.880457e+01 
4.880457e+01 
4.880457e+01 
4.880457e+01 
4.880457e+01 
4.880457e+01 
4.880457e+01 
4.880457e+01 
4.880457e+01 
4.880457e+01 
4.880457e+01 
4.880457e+01 
4.880457e+01 
4.880457e+01 
4.871901e+01 
4.871901e+01 
4.871480e+01 
4.871480e+01 
4.871480e+01 
4.871480e+01 
4.871480e+01 
4.871480e+01 
4.871480e+01 
4.871480e+01 
4.871480e+01 
4.871480e+01 
4.871480e+01 
4.871480e+01 
4.871480e+01 
4.871480e+01 
4.871480e+01 
4.871480e+01 
4.871480e+01 
4.871480e+01 
4.868588e+01 
4.868588e+01 
4.861691e+01 
4.861691e+01 
4.861691e+01 
4.861691e+01 
4.861691e+01 
4.861691e+01 
4.861691e+01 
4.861691e+01 
4.861691e+01 
4.861691e+01 
4.861691e+01 
4.861691e+01 
4.861691e+01 
4.861691e+01 
4.861691e+01 
4.861691e+01 
4.861691e+01 
4.861691e+01 
4.861691e+01 
4.861691e+01 
4.861691e+01 
4.861691e+01 
4.861691e+01 
4.861691e+01 
4.861691e+01 
4.861691e+01 
4.861601e+01 
4.861601e+01 
4.861601e+01 
4.861252e+01 
4.861252e+01 
4.861186e+01 
4.861186e+01 
4.861186e+01 
4.861186e+01 
4.861016e+01 
4.861016e+01 
4.861016e+01 
4.861016e+01 
4.861016e+01 
4.861016e+01 
4.861016e+01 
4.861016e+01 
4.861016e+01 
4.861016e+01 
4.861016e+01 
4.861016e+01 
4.861016e+01 
4.861016e+01 
4.861016e+01 
4.861016e+01 
4.861016e+01 
4.861016e+01 
4.861016e+01 
4.861016e+01 
4.861016e+01 
4.861016e+01 
4.861016e+01 
4.861016e+01 
4.861016e+01 
4.861016e+01 
4.861016e+01 
4.861016e+01 
4.861016e+01 
4.861004e+01 
4.860821e+01 
4.860695e+01 
4.860607e+01 
4.860545e+01 
4.860501e+01 
4.860469e+01 
4.860447e+01 
4.860430e+01 
4.860419e+01 
4.860410e+01 
4.860404e+01 
4.860400e+01 
4.860396e+01 
4.860394e+01 
4.860392e+01 
4.860391e+01 
4.860390e+01 
4.860390e+01 
4.860389e+01 
4.860389e+01 
4.860389e+01 
4.860388e+01 
4.860388e+01 
4.860388e+01 
4.860388e+01 
4.860388e+01 
4.860388e+01 
4.860388e+01 
4.860388e+01 
4.860388e+01 
4.860388e+01 
4.860388e+01 
4.860388e+01 
4.860388e+01 
4.860388e+01 
4.860388e+01 
4.860388e+01 
4.860388e+01 
4.860388e+01 
4.860388e+01 
4.860388e+01 
4.860388e+01 
4.860388e+01 
4.860388e+01 
4.860388e+01 
4.860388e+01 
4.851275e+01 
4.851275e+01 
4.851275e+01 
4.851275e+01 
4.851275e+01 
4.851275e+01 
4.849494e+01 
4.849494e+01 
4.849494e+01 
4.849494e+01 
4.842191e+01 
4.842191e+01 
4.842191e+01 
4.841504e+01 
4.841504e+01 
4.841504e+01 
4.841504e+01 
4.841504e+01 
4.841504e+01 
4.834348e+01 
4.834348e+01 
4.834348e+01 
4.834348e+01 
4.834348e+01 
4.834348e+01 
4.834348e+01 
4.834348e+01 
4.834348e+01 
4.834348e+01 
4.834348e+01 
4.834348e+01 
4.834348e+01 
4.834348e+01 
4.834348e+01 
4.834348e+01 
4.834348e+01 
4.834348e+01 
4.834348e+01 
4.834348e+01 
4.834348e+01 
4.834348e+01 
4.834348e+01 
4.834348e+01 
4.834348e+01 
4.834348e+01 
4.834348e+01 
4.834348e+01 
4.834348e+01 
4.834348e+01 
4.834348e+01 
4.834348e+01 
4.834348e+01 
4.834348e+01 
4.834348e+01 
4.834348e+01 
4.834348e+01 
4.834348e+01 
4.834348e+01 
4.834099e+01 
4.834099e+01 
4.834099e+01 
4.832112e+01 
4.832112e+01 
4.832112e+01 
4.832112e+01 
4.832112e+01 
4.832112e+01 
4.832112e+01 
4.832112e+01 
4.832112e+01 
4.832112e+01 
4.832112e+01 
4.832095e+01 
4.832095e+01 
4.831883e+01 
4.831883e+01 
4.831753e+01 
4.831753e+01 
4.831753e+01 
4.831753e+01 
4.831721e+01 
4.831721e+01 
4.831721e+01 
4.831721e+01 
4.831721e+01 
4.831721e+01 
4.831474e+01 
4.831474e+01 
4.831474e+01 
4.831474e+01 
4.831145e+01 
4.831145e+01 
4.830779e+01 
4.830542e+01 
4.830542e+01 
4.830542e+01 
4.830542e+01 
4.830542e+01 
4.830542e+01 
4.830542e+01 
4.830542e+01 
4.830542e+01 
4.830542e+01 
4.830542e+01 
4.830542e+01 
4.830542e+01 
4.830542e+01 
4.830542e+01 
4.830542e+01 
4.830542e+01 
4.830542e+01 
4.830542e+01 
4.830526e+01 
4.830476e+01 
4.830473e+01 
4.830473e+01 
4.830460e+01 
4.830455e+01 
4.830455e+01 
4.830455e+01 
4.830455e+01 
4.830453e+01 
4.830451e+01 
4.830451e+01 
4.830450e+01 
4.830448e+01 
4.830447e+01 
4.830447e+01 
4.830447e+01 
4.830446e+01 
4.830446e+01 
4.830446e+01 
4.830446e+01 
4.830446e+01 
4.830446e+01 
4.830446e+01 
4.830446e+01 
4.830446e+01 
4.830446e+01 
4.830446e+01 
4.830446e+01 
4.830446e+01 
4.830446e+01 
4.830446e+01 
4.830446e+01 
4.830446e+01 
4.830446e+01 
4.830446e+01 
4.830446e+01 
4.830446e+01 
4.830446e+01 
4.830446e+01 
4.830446e+01 
4.830446e+01 
4.830446e+01 
4.830446e+01 
4.830446e+01 
4.830446e+01 
4.830446e+01 
4.830446e+01 
4.830446e+01 
4.830446e+01 
4.830446e+01 
4.830446e+01 
4.830446e+01 
4.830446e+01 
4.830446e+01 
4.830446e+01 
4.830446e+01 
4.830446e+01 
4.830446e+01 
4.830446e+01 
4.830446e+01 
4.830446e+01 
4.830436e+01 
4.830427e+01 
4.830421e+01 
4.830419e+01 
4.830419e+01 
4.830419e+01 
4.830419e+01 
4.830418e+01 
4.830418e+01 
4.830418e+01 
4.830417e+01 
4.830417e+01 
4.830417e+01 
4.830417e+01 
4.830417e+01 
4.830417e+01 
4.830417e+01 
4.830417e+01 
4.830417e+01 
4.830416e+01 
4.830416e+01 
4.830416e+01 
4.830416e+01 
4.830416e+01 
4.830416e+01 
4.830416e+01 
4.830416e+01 
4.830416e+01 
4.830416e+01 
4.830416e+01 
4.830416e+01 
4.830416e+01 
4.830416e+01 
4.830416e+01 
4.830416e+01 
4.830416e+01 
4.830416e+01 
4.830416e+01 
4.830416e+01 
4.830416e+01 
4.830416e+01 
4.830416e+01 
4.830416e+01 
4.830416e+01 
4.830416e+01 
4.830416e+01 
4.830416e+01 
4.830416e+01 
4.830416e+01 
4.830416e+01 
4.830416e+01 
4.830416e+01 
4.830416e+01 
4.830416e+01 
4.830416e+01 
4.830416e+01 
4.830416e+01 
4.830416e+01 
4.830416e+01 
4.830416e+01 
4.830416e+01 
4.830416e+01 
4.830416e+01 
4.830416e+01 
4.830416e+01 
4.830416e+01 
4.830416e+01 
4.830416e+01 
4.830416e+01 
4.830416e+01 
4.830416e+01 
4.830416e+01 
4.830416e+01 
4.830416e+01 
4.830416e+01 
4.830416e+01 
4.830416e+01 
4.830416e+01 
4.830416e+01 
4.830416e+01 
4.830416e+01 
4.830416e+01 
4.830416e+01 
4.830416e+01 
4.830416e+01 
4.830416e+01 
4.830416e+01 
4.830416e+01 
4.830416e+01 
4.830416e+01 
4.830416e+01 
4.830416e+01 
4.830416e+01 
4.830416e+01 
4.830416e+01 
4.830416e+01 
4.830416e+01 
4.830416e+01 
4.830416e+01 
4.830415e+01 
4.830415e+01 
4.830415e+01 
4.830415e+01 
4.830415e+01 
4.830415e+01 
4.830415e+01 
4.830415e+01 
4.830415e+01 
4.830415e+01 
4.830415e+01 
4.830415e+01 
4.830415e+01 
4.830415e+01 
4.830415e+01 
4.830415e+01 
4.830415e+01 
4.830415e+01 
4.830415e+01 
4.830415e+01 
4.830415e+01 
4.830415e+01 
4.830415e+01 
4.830415e+01 
4.830415e+01 
4.830415e+01 
4.830415e+01 
4.830415e+01 
4.830415e+01 
4.830415e+01 
4.830415e+01 
4.830415e+01 
4.830415e+01 
4.830415e+01 
4.830415e+01 
4.830415e+01 
4.830415e+01 
4.830415e+01 
4.830415e+01 
4.830415e+01 
4.830415e+01 
4.830415e+01 
4.830415e+01 
4.830415e+01 
4.830415e+01 
4.830415e+01 
4.830415e+01 
4.830415e+01 
4.830415e+01 
4.830415e+01 
4.830415e+01 
4.830415e+01 
4.830415e+01 
4.830414e+01 
4.830414e+01 
4.830414e+01 
4.830414e+01 
4.830414e+01 
4.830414e+01 
4.830414e+01 
4.830414e+01 
4.830414e+01 
4.830414e+01 
4.830414e+01 
4.830414e+01 
4.827782e+01 
4.827782e+01 
4.827782e+01 
4.827782e+01 
4.827782e+01 
4.827782e+01 
4.827782e+01 
4.827782e+01 
4.827782e+01 
4.827782e+01 
4.827782e+01 
4.827782e+01 
4.827782e+01 
4.827035e+01 
4.827035e+01 
4.827035e+01 
4.827035e+01 
4.827035e+01 
4.827035e+01 
4.827035e+01 
4.827035e+01 
4.827035e+01 
4.827035e+01 
4.827035e+01 
4.827035e+01 
4.827035e+01 
4.827035e+01 
4.827035e+01 
4.827035e+01 
4.827035e+01 
4.827035e+01 
4.827035e+01 
4.827035e+01 
4.827030e+01 
4.827030e+01 
4.827030e+01 
4.827030e+01 
4.827030e+01 
4.827005e+01 
4.827005e+01 
4.827005e+01 
4.826929e+01 
4.826872e+01 
4.826872e+01 
4.826872e+01 
4.826834e+01 
4.826738e+01 
4.826687e+01 
4.826659e+01 
4.826643e+01 
4.826635e+01 
4.826629e+01 
4.826626e+01 
4.826624e+01 
4.826623e+01 
4.826622e+01 
4.826621e+01 
4.826618e+01 
4.826611e+01 
4.826611e+01 
4.826611e+01 
4.826604e+01 
4.826604e+01 
4.826604e+01 
4.826604e+01 
4.826604e+01 
4.826604e+01 
4.826602e+01 
4.826596e+01 
4.826596e+01 
4.826596e+01 
4.826588e+01 
4.826578e+01 
4.826571e+01 
4.826568e+01 
4.826566e+01 
4.826564e+01 
4.826563e+01 
4.826562e+01 
4.826562e+01 
4.826562e+01 
4.826562e+01 
4.826561e+01 
4.826561e+01 
4.826561e+01 
4.826561e+01 
4.826561e+01 
4.826561e+01 
4.826561e+01 
4.826561e+01 
4.826561e+01 
4.826561e+01 
4.826561e+01 
4.826559e+01 
4.826559e+01 
4.826559e+01 
4.826559e+01 
4.826558e+01 
4.826549e+01 
4.826549e+01 
4.826548e+01 
4.826548e+01 
4.826548e+01 
4.826548e+01 
4.826548e+01 
4.826548e+01 
4.826548e+01 
4.826548e+01 
4.826548e+01 
4.826548e+01 
4.826544e+01 
4.826543e+01 
4.826543e+01 
4.826541e+01 
4.826541e+01 
4.826541e+01 
4.826540e+01 
4.826538e+01 
4.825737e+01 
4.825737e+01 
4.825737e+01 
4.825737e+01 
4.825737e+01 
4.825737e+01 
4.825737e+01 
4.825737e+01 
4.825737e+01 
4.825737e+01 
4.825737e+01 
4.825737e+01 
4.825737e+01 
4.825737e+01 
4.825737e+01 
4.825737e+01 
4.825737e+01 
4.825737e+01 
4.825737e+01 
4.825737e+01 
4.825737e+01 
4.825737e+01 
4.825737e+01 
4.825737e+01 
4.825737e+01 
4.825737e+01 
4.825737e+01 
4.825737e+01 
4.825737e+01 
4.825737e+01 
4.825737e+01 
4.825737e+01 
4.825737e+01 
4.825737e+01 
4.825737e+01 
4.825737e+01 
4.825737e+01 
4.825737e+01 
4.825737e+01 
4.825737e+01 
4.825737e+01 
4.824964e+01 
4.824964e+01 
4.824964e+01 
4.824964e+01 
4.824964e+01 
4.824964e+01 
4.824964e+01 
4.824964e+01 
4.824964e+01 
4.824964e+01 
4.824964e+01 
4.824964e+01 
4.824964e+01 
4.824964e+01 
4.824964e+01 
4.824964e+01 
4.824964e+01 
4.824964e+01 
4.824403e+01 
4.824403e+01 
4.824353e+01 
4.824353e+01 
4.824353e+01 
4.824353e+01 
4.824353e+01 
4.824251e+01 
4.824194e+01 
4.824194e+01 
4.824194e+01 
4.824064e+01 
4.823943e+01 
4.823878e+01 
4.823843e+01 
4.823822e+01 
4.823810e+01 
4.823803e+01 
4.823799e+01 
4.823796e+01 
4.823794e+01 
4.823792e+01 
4.823792e+01 
4.823791e+01 
4.823791e+01 
4.823550e+01 
4.823550e+01 
4.823550e+01 
4.823550e+01 
4.823550e+01 
4.823550e+01 
4.823550e+01 
4.823550e+01 
4.823550e+01 
4.823550e+01 
4.823550e+01 
4.823550e+01 
4.823550e+01 
4.823550e+01 
4.823550e+01 
4.823550e+01 
4.823550e+01 
4.823550e+01 
4.823550e+01 
4.823550e+01 
4.823550e+01 
4.823550e+01 
4.823550e+01 
4.823550e+01 
4.823550e+01 
4.823550e+01 
4.823550e+01 
4.823550e+01 
4.823550e+01 
4.823550e+01 
4.823550e+01 
4.823550e+01 
4.823550e+01 
4.823550e+01 
4.823550e+01 
4.823550e+01 
4.823550e+01 
4.823550e+01 
4.823550e+01 
4.823550e+01 
4.823550e+01 
4.823550e+01 
4.823550e+01 
4.823550e+01 
4.823550e+01 
4.823550e+01 
4.823550e+01 
4.823550e+01 
4.823550e+01 
4.823550e+01 
4.823550e+01 
4.823550e+01 
4.823550e+01 
4.823550e+01 
4.823550e+01 
4.823550e+01 
4.823550e+01 
4.823550e+01 
4.823550e+01 
4.823550e+01 
4.823550e+01 
4.823550e+01 
4.823550e+01 
4.823550e+01 
4.823550e+01 
4.823550e+01 
4.823550e+01 
4.823550e+01 
4.823550e+01 
4.823550e+01 
4.823550e+01 
4.823550e+01 
4.823550e+01 
4.823550e+01 
4.823550e+01 
4.823550e+01 
4.823550e+01 
4.823550e+01 
4.823550e+01 
4.823550e+01 
4.823550e+01 
4.823550e+01 
4.823550e+01 
4.823550e+01 
4.823550e+01 
4.823550e+01 
4.823550e+01 
4.823550e+01 
4.823550e+01 
4.823550e+01 
4.823550e+01 
4.823550e+01 
4.823550e+01 
4.823550e+01 
4.823550e+01 
4.823550e+01 
4.823550e+01 
4.823550e+01 
4.823550e+01 
4.823550e+01 
4.823550e+01 
4.823550e+01 
4.823550e+01 
4.823550e+01 
4.823550e+01 
4.823550e+01 
4.823550e+01 
4.823550e+01 
4.823550e+01 
4.823550e+01 
4.823550e+01 
4.823550e+01 
4.823550e+01 
4.823550e+01 
4.823550e+01 
4.823550e+01 
4.823550e+01 
4.823550e+01 
4.823550e+01 
4.823550e+01 
4.823550e+01 
4.823550e+01 
4.823550e+01 
4.823550e+01 
4.823550e+01 
4.823550e+01 
4.823550e+01 
4.823550e+01 
4.823550e+01 
4.823550e+01 
4.823550e+01 
4.823550e+01 
4.823550e+01 
4.823550e+01 
4.823550e+01 
4.823550e+01 
4.823550e+01 
4.823550e+01 
4.823550e+01 
4.823550e+01 
4.823550e+01 
4.823550e+01 
4.823550e+01 
4.823550e+01 
4.823550e+01 
4.823550e+01 
4.823550e+01 
4.823550e+01 
4.823550e+01 
4.823550e+01 
4.823550e+01 
4.823550e+01 
4.823550e+01 
4.823550e+01 
4.823550e+01 
4.823550e+01 
4.823550e+01 
4.823550e+01 
4.823550e+01 
4.823550e+01 
4.823550e+01 
4.823550e+01 
4.823550e+01 
4.823550e+01 
4.823550e+01 
4.823550e+01 
4.823550e+01 
4.823550e+01 
4.823550e+01 
4.823550e+01 
4.823550e+01 
4.823550e+01 
4.823550e+01 
4.823550e+01 
4.823550e+01 
4.823550e+01 
4.823550e+01 
4.823550e+01 
4.823550e+01 
4.823550e+01 
4.823550e+01 
4.823550e+01 
4.823550e+01 
4.823550e+01 
4.823550e+01 
4.823550e+01 
4.823550e+01 
4.823550e+01 
4.823550e+01 
4.823550e+01 
4.823550e+01 
4.823550e+01 
4.823550e+01 
4.823550e+01 
4.823550e+01 
4.823550e+01 
4.823550e+01 
4.823550e+01 
4.823550e+01 
4.823550e+01 
4.823550e+01 
4.823550e+01 
4.823550e+01 
4.823550e+01 
4.823550e+01 
4.823550e+01 
4.823550e+01 
4.823550e+01 
4.823550e+01 
4.823550e+01 
4.823550e+01 
4.823550e+01 
4.823550e+01 
4.823550e+01 
4.823550e+01 
4.823550e+01 
4.823550e+01 
4.823550e+01 
4.823550e+01 
4.823550e+01 
4.823550e+01 
4.823550e+01 
4.823550e+01 
4.823550e+01 
4.823550e+01 
4.823550e+01 
4.823550e+01 
4.823550e+01 
4.823550e+01 
4.823550e+01 
4.823550e+01 
4.823550e+01 
4.823550e+01 
4.823550e+01 
4.823550e+01 
4.823550e+01 
4.823550e+01 
4.823550e+01 
4.823550e+01 
4.823550e+01 
4.823550e+01 
4.823550e+01 
4.823550e+01 
4.823550e+01 
4.823550e+01 
4.823550e+01 
4.823550e+01 
4.823550e+01 
4.823550e+01 
4.823550e+01 
4.823550e+01 
4.823550e+01 
4.823550e+01 
4.823550e+01 
4.823550e+01 
4.823550e+01 
4.823550e+01 
4.823550e+01 
4.823550e+01 
4.823550e+01 
4.823550e+01 
4.823550e+01 
4.823550e+01 
4.823544e+01 
4.823544e+01 
4.823544e+01 
4.823544e+01 
4.823544e+01 
4.823544e+01 
4.823544e+01 
4.823544e+01 
4.823544e+01 
4.823534e+01 
4.823530e+01 
4.823530e+01 
4.823530e+01 
4.823511e+01 
4.823492e+01 
4.823484e+01 
4.823481e+01 
4.823479e+01 
4.823479e+01 
4.823479e+01 
4.823479e+01 
4.823478e+01 
4.823477e+01 
4.823477e+01 
4.823477e+01 
4.823477e+01 
4.823477e+01 
4.823477e+01 
4.823477e+01 
4.823457e+01 
4.823437e+01 
4.823437e+01 
4.823437e+01 
4.823428e+01 
4.823427e+01 
4.823427e+01 
4.823427e+01 
4.823424e+01 
4.823423e+01 
4.823423e+01 
4.823421e+01 
4.823421e+01 
4.823421e+01 
4.823421e+01 
4.823420e+01 
4.823420e+01 
4.823418e+01 
4.823417e+01 
4.823417e+01 
4.823416e+01 
4.823416e+01 
4.823416e+01 
4.823416e+01 
4.823416e+01 
4.823416e+01 
4.823416e+01 
4.823416e+01 
4.823416e+01 
4.823416e+01 
4.823416e+01 
4.823416e+01 
4.823416e+01 
4.823416e+01 
4.823416e+01 
4.823416e+01 
4.823416e+01 
4.823416e+01 
4.823416e+01 
4.823416e+01 
4.823416e+01 
4.823416e+01 
4.823416e+01 
4.823410e+01 
4.823408e+01 
4.823408e+01 
4.823406e+01 
4.823404e+01 
4.823404e+01 
4.823402e+01 
4.823402e+01 
4.823402e+01 
4.823399e+01 
4.823399e+01 
4.823399e+01 
4.823399e+01 
4.823399e+01 
4.823399e+01 
4.823399e+01 
4.823399e+01 
4.823399e+01 
4.823399e+01 
4.823399e+01 
4.823399e+01 
4.823399e+01 
4.823399e+01 
4.823399e+01 
4.823397e+01 
4.823397e+01 
4.823397e+01 
4.823397e+01 
4.823396e+01 
4.823395e+01 
4.823395e+01 
4.823395e+01 
4.823395e+01 
4.823349e+01 
4.823349e+01 
4.823349e+01 
4.823349e+01 
4.823349e+01 
4.823349e+01 
4.823349e+01 
4.823349e+01 
4.823349e+01 
4.823346e+01 
4.823346e+01 
4.823346e+01 
4.823346e+01 
4.823346e+01 
4.823346e+01 
4.823346e+01 
4.823346e+01 
4.823346e+01 
4.823346e+01 
4.823345e+01 
4.823345e+01 
4.823345e+01 
4.823345e+01 
4.823345e+01 
4.823345e+01 
4.823345e+01 
4.823345e+01 
4.823345e+01 
4.823345e+01 
4.823345e+01 
4.823345e+01 
4.823345e+01 
4.823345e+01 
4.823345e+01 
4.823345e+01 
4.823345e+01 
4.823345e+01 
4.823345e+01 
4.823345e+01 
4.823345e+01 
4.823345e+01 
4.823345e+01 
4.823345e+01 
4.823345e+01 
4.823345e+01 
4.823345e+01 
4.823345e+01 
4.823345e+01 
4.823345e+01 
4.823345e+01 
4.823345e+01 
4.822949e+01 
4.822949e+01 
4.822949e+01 
4.822949e+01 
4.822949e+01 
4.822949e+01 
4.822949e+01 
4.822949e+01 
4.821614e+01 
4.821614e+01 
4.821614e+01 
4.821614e+01 
4.821614e+01 
4.821614e+01 
4.821614e+01 
4.821614e+01 
4.821614e+01 
4.821614e+01 
4.821614e+01 
4.821614e+01 
4.821614e+01 
4.821614e+01 
4.821614e+01 
4.821614e+01 
4.821614e+01 
4.821614e+01 
4.821614e+01 
4.821614e+01 
4.821614e+01 
4.821614e+01 
4.821614e+01 
4.821614e+01 
4.821614e+01 
4.821614e+01 
4.821614e+01 
4.821614e+01 
4.821614e+01 
4.821556e+01 
4.821556e+01 
4.821556e+01 
4.821556e+01 
4.821556e+01 
4.821556e+01 
4.821556e+01 
4.821556e+01 
4.821479e+01 
4.821479e+01 
4.821479e+01 
4.821479e+01 
4.821479e+01 
4.821330e+01 
4.821300e+01 
4.821300e+01 
4.821300e+01 
4.821281e+01 
4.821255e+01 
4.821244e+01 
4.821244e+01 
4.821244e+01 
4.821109e+01 
4.821109e+01 
4.821109e+01 
4.821109e+01 
4.821109e+01 
4.821109e+01 
4.821109e+01 
4.821109e+01 
4.821109e+01 
4.821109e+01 
4.821083e+01 
4.821083e+01 
4.821083e+01 
4.821078e+01 
4.821078e+01 
4.821078e+01 
4.821078e+01 
4.821077e+01 
4.821077e+01 
4.821077e+01 
4.821077e+01 
4.821077e+01 
4.821077e+01 
4.821070e+01 
4.821070e+01 
4.821070e+01 
4.821070e+01 
4.821070e+01 
4.821070e+01 
4.821070e+01 
4.821070e+01 
4.821070e+01 
4.821053e+01 
4.821053e+01 
4.821053e+01 
4.821042e+01 
4.821042e+01 
4.821042e+01 
4.820633e+01 
4.820633e+01 
4.820633e+01 
4.820633e+01 
4.820633e+01 
4.820633e+01 
4.820633e+01 
4.820633e+01 
4.820633e+01 
4.819398e+01 
4.819398e+01 
4.819398e+01 
4.819398e+01 
4.819398e+01 
4.819398e+01 
4.819398e+01 
4.819398e+01 
4.819398e+01 
4.819398e+01 
4.819398e+01 
4.819398e+01 
4.819398e+01 
4.819398e+01 
4.819398e+01 
4.819398e+01 
4.818896e+01 
4.818896e+01 
4.818896e+01 
4.816528e+01 
4.816528e+01 
4.816528e+01 
4.816528e+01 
4.816528e+01 
4.816528e+01 
4.815635e+01 
4.815635e+01 
4.815635e+01 
4.815635e+01 
4.815635e+01 
4.815635e+01 
4.815635e+01 
4.815635e+01 
4.815635e+01 
4.815635e+01 
4.815635e+01 
4.815635e+01 
4.815635e+01 
4.815635e+01 
4.815635e+01 
4.815635e+01 
4.815635e+01 
4.815518e+01 
4.815518e+01 
4.815518e+01 
4.815518e+01 
4.815098e+01 
4.814657e+01 
4.814551e+01 
4.814551e+01 
4.814551e+01 
4.814467e+01 
4.814467e+01 
4.814275e+01 
4.814275e+01 
4.814234e+01 
4.814234e+01 
4.814229e+01 
4.814229e+01 
4.814221e+01 
4.814196e+01 
4.814196e+01 
4.814196e+01 
4.814196e+01 
4.814196e+01 
4.814196e+01 
4.814196e+01 
4.814192e+01 
4.814192e+01 
4.814189e+01 
4.814187e+01 
4.814187e+01 
4.814187e+01 
4.814187e+01 
4.814187e+01 
4.814187e+01 
4.811849e+01 
4.811849e+01 
4.811849e+01 
4.811849e+01 
4.811849e+01 
4.811849e+01 
4.811849e+01 
4.811849e+01 
4.811820e+01 
4.811769e+01 
4.811769e+01 
4.811763e+01 
4.811763e+01 
4.811763e+01 
4.811763e+01 
4.811751e+01 
4.811734e+01 
4.811734e+01 
4.811734e+01 
4.811726e+01 
4.811721e+01 
4.811721e+01 
4.811721e+01 
4.811721e+01 
4.811713e+01 
4.811711e+01 
4.811711e+01 
4.811709e+01 
4.811709e+01 
4.811686e+01 
4.811686e+01 
4.811686e+01 
4.811686e+01 
4.811658e+01 
4.811658e+01 
4.811614e+01 
4.811614e+01 
4.811614e+01 
4.811614e+01 
4.811614e+01 
4.811587e+01 
4.811587e+01 
4.811527e+01 
4.811487e+01 
4.811452e+01 
4.811434e+01 
4.811434e+01 
4.811429e+01 
4.811427e+01 
4.811400e+01 
4.811400e+01 
4.811320e+01 
4.811319e+01 
4.811315e+01 
4.811300e+01 
4.811243e+01 
4.811243e+01 
4.811243e+01 
4.811243e+01 
4.811243e+01 
4.811243e+01 
4.811243e+01 
4.811227e+01 
4.811180e+01 
4.811180e+01 
4.811175e+01 
4.811162e+01 
4.811158e+01 
4.811158e+01 
4.811158e+01 
4.811158e+01 
4.811158e+01 
4.811157e+01 
4.811157e+01 
4.811157e+01 
4.811157e+01 
4.811157e+01 
4.811157e+01 
4.811157e+01 
4.811156e+01 
4.811156e+01 
4.811156e+01 
4.811145e+01 
4.811145e+01 
4.811145e+01 
4.811137e+01 
4.811135e+01 
4.811134e+01 
4.811134e+01 
4.811134e+01 
4.811133e+01 
4.811133e+01 
4.811133e+01 
4.811132e+01 
4.811132e+01 
4.811132e+01 
4.811132e+01 
4.811132e+01 
4.811132e+01 
4.811132e+01 
4.811132e+01 
4.811132e+01 
4.811132e+01 
4.811132e+01 
4.811132e+01 
4.811132e+01 
4.811132e+01 
4.811132e+01 
4.811132e+01 
4.811132e+01 
4.811132e+01 
4.811132e+01 
4.811132e+01 
4.811132e+01 
4.811132e+01 
4.811132e+01 
4.811132e+01 
4.811132e+01 
4.811132e+01 
4.811132e+01 
4.811132e+01 
4.811132e+01 
4.811132e+01 
4.811132e+01 
4.811118e+01 
4.811118e+01 
4.811118e+01 
4.811118e+01 
4.811118e+01 
4.811118e+01 
4.811118e+01 
4.811118e+01 
4.811118e+01 
4.811118e+01 
4.811118e+01 
4.811118e+01 
4.811118e+01 
4.811118e+01 
4.811118e+01 
4.811118e+01 
4.811118e+01 
4.811118e+01 
4.811116e+01 
4.811116e+01 
4.811116e+01 
4.811116e+01 
4.811116e+01 
4.811116e+01 
4.811114e+01 
4.811114e+01 
4.811114e+01 
4.811114e+01 
4.811114e+01 
4.811114e+01 
4.811114e+01 
4.811114e+01 
4.811114e+01 
4.811114e+01 
4.811114e+01 
4.811114e+01 
4.811114e+01 
4.811114e+01 
4.811114e+01 
4.811114e+01 
4.811114e+01 
4.811114e+01 
4.811114e+01 
4.811114e+01 
4.811114e+01 
4.811114e+01 
4.811114e+01 
4.811114e+01 
4.811114e+01 
4.811114e+01 
4.811114e+01 
4.811114e+01 
4.811114e+01 
4.811114e+01 
4.811114e+01 
4.811114e+01 
4.811114e+01 
4.811114e+01 
4.811114e+01 
4.811114e+01 
4.811114e+01 
4.811114e+01 
4.811111e+01 
4.811111e+01 
4.811111e+01 
4.811111e+01 
4.811111e+01 
4.811111e+01 
4.811111e+01 
4.811111e+01 
4.811111e+01 
4.811111e+01 
4.811111e+01 
4.811111e+01 
4.811111e+01 
4.811111e+01 
4.811111e+01 
4.811111e+01 
4.811111e+01 
4.811111e+01 
4.811111e+01 
4.811110e+01 
4.811110e+01 
4.811110e+01 
4.811110e+01 
4.811110e+01 
4.811110e+01 
4.811110e+01 
4.811110e+01 
4.811110e+01 
4.811110e+01 
4.811110e+01 
4.811110e+01 
4.811110e+01 
4.811110e+01 
4.811110e+01 
4.811110e+01 
4.811110e+01 
4.811110e+01 
4.811110e+01 
4.811110e+01 
4.811110e+01 
4.811110e+01 
4.811110e+01 
4.811110e+01 
4.811110e+01 
4.811110e+01 
4.811110e+01 
4.811110e+01 
4.811110e+01 
4.811110e+01 
4.811110e+01 
4.811110e+01 
4.811110e+01 
4.811109e+01 
4.811109e+01 
4.811109e+01 
4.811108e+01 
4.811108e+01 
4.811108e+01 
4.811108e+01 
4.811108e+01 
4.811108e+01 
4.811108e+01 
4.811108e+01 
4.811108e+01 
4.811108e+01 
4.811108e+01 
4.811108e+01 
4.811108e+01 
4.811108e+01 
4.811108e+01 
4.811108e+01 
4.811108e+01 
4.811107e+01 
4.811107e+01 
4.811107e+01 
4.811107e+01 
4.811107e+01 
4.811107e+01 
4.811107e+01 
4.811107e+01 
4.811107e+01 
4.811107e+01 
4.811107e+01 
4.811107e+01 
4.811107e+01 
4.811107e+01 
4.811107e+01 
4.811107e+01 
4.811107e+01 
4.811107e+01 
4.811107e+01 
4.811107e+01 
4.811107e+01 
4.811107e+01 
4.811107e+01 
4.811107e+01 
4.811107e+01 
4.811107e+01 
4.811107e+01 
4.811107e+01 
4.811107e+01 
4.811107e+01 
4.811107e+01 
4.811107e+01 
4.811107e+01 
4.811107e+01 
4.811107e+01 
4.811107e+01 
4.811107e+01 
4.811107e+01 
4.811107e+01 
4.811107e+01 
4.811107e+01 
4.811107e+01 
4.811107e+01 
4.811107e+01 
4.811107e+01 
4.811107e+01 
4.811107e+01 
4.811107e+01 
4.811107e+01 
4.811107e+01 
4.811107e+01 
4.811107e+01 
4.811107e+01 
4.811107e+01 
4.811107e+01 
4.811107e+01 
4.811107e+01 
4.811107e+01 
4.811107e+01 
4.811107e+01 
4.811107e+01 
4.811107e+01 
4.811107e+01 
4.811107e+01 
4.811107e+01 
4.811107e+01 
4.811107e+01 
4.811107e+01 
4.811107e+01 
4.811107e+01 
4.811107e+01 
4.811107e+01 
4.811107e+01 
4.811107e+01 
4.811107e+01 
4.811107e+01 
4.811107e+01 
4.811107e+01 
4.811107e+01 
4.811107e+01 
4.811107e+01 
4.811107e+01 
4.811107e+01 
4.811107e+01 
4.811107e+01 
4.811107e+01 
4.811107e+01 
4.811107e+01 
4.811107e+01 
4.811107e+01 
4.811107e+01 
4.811107e+01 
4.811107e+01 
4.811107e+01 
4.811107e+01 
4.811107e+01 
4.811107e+01 
4.811107e+01 
4.811107e+01 
4.811107e+01 
4.811107e+01 
4.811107e+01 
4.811107e+01 
4.811107e+01 
4.811107e+01 
4.811107e+01 
4.811107e+01 
4.811107e+01 
4.811107e+01 
4.811107e+01 
4.811107e+01 
4.811107e+01 
4.811107e+01 
4.811107e+01 
4.811107e+01 
4.811107e+01 
4.811107e+01 
4.811107e+01 
4.811107e+01 
4.811107e+01 
4.811107e+01 
4.811107e+01 
4.811107e+01 
4.811107e+01 
4.811107e+01 
4.811107e+01 
4.811107e+01 
4.811107e+01 
4.811107e+01 
4.811107e+01 
4.811107e+01 
4.811107e+01 
4.811107e+01 
4.811107e+01 
4.811107e+01 
4.811107e+01 
4.811107e+01 
4.811107e+01 
4.811107e+01 
4.811107e+01 
4.811107e+01 
4.811107e+01 
4.811107e+01 
4.811107e+01 
4.811107e+01 
4.811107e+01 
4.811107e+01 
4.811107e+01 
4.811107e+01 
4.811107e+01 
4.811107e+01 
4.811107e+01 
4.811107e+01 
4.811107e+01 
4.811107e+01 
4.811107e+01 
4.811107e+01 
4.811107e+01 
4.811107e+01 
4.811107e+01 
4.811107e+01 
4.811107e+01 
4.811107e+01 
4.811107e+01 
4.811107e+01 
4.811107e+01 
4.811107e+01 
4.811107e+01 
4.811107e+01 
4.811107e+01 
4.811107e+01 
4.811107e+01 
4.811107e+01 
4.811107e+01 
4.811107e+01 
4.811107e+01 
4.811107e+01 
4.811107e+01 
4.811107e+01 
4.811107e+01 
4.811107e+01 
4.811107e+01 
4.811107e+01 
4.811107e+01 
4.811107e+01 
4.811107e+01 
4.811107e+01 
4.811107e+01 
4.811107e+01 
4.811107e+01 
4.811107e+01 
4.811107e+01 
4.811107e+01 
4.811107e+01 
4.811107e+01 
4.811107e+01 
4.811107e+01 
4.811107e+01 
4.811107e+01 
4.811107e+01 
4.811107e+01 
4.811107e+01 
4.811107e+01 
4.811107e+01 
4.811107e+01 
4.811107e+01 
4.811107e+01 
4.811107e+01 
4.811107e+01 
4.811107e+01 
4.811107e+01 
4.811107e+01 
4.811107e+01 
4.811107e+01 
4.811107e+01 
4.811107e+01 
4.811107e+01 
4.811107e+01 
4.811107e+01 
4.811107e+01 
4.811107e+01 
4.811107e+01 
4.811107e+01 
4.811107e+01 
4.811107e+01 
4.811107e+01 
4.811107e+01 
4.811107e+01 
4.811107e+01 
4.811107e+01 
4.811107e+01 
4.811107e+01 
4.811107e+01 
4.811107e+01 
4.811107e+01 
4.808122e+01 
4.808122e+01 
4.807714e+01 
4.807714e+01 
4.807714e+01 
4.807714e+01 
4.807714e+01 
4.807714e+01 
4.807714e+01 
4.807714e+01 
4.807714e+01 
4.807695e+01 
4.807695e+01 
4.807695e+01 
4.807695e+01 
4.807695e+01 
4.807695e+01 
4.807695e+01 
4.807695e+01 
4.807656e+01 
4.807656e+01 
4.807656e+01 
4.807656e+01 
4.807642e+01 
4.807642e+01 
4.807642e+01 
4.807642e+01 
4.807642e+01 
4.807638e+01 
4.807631e+01 
4.807631e+01 
4.807631e+01 
4.807617e+01 
4.807609e+01 
4.807605e+01 
4.807603e+01 
4.807602e+01 
4.807601e+01 
4.807601e+01 
4.807601e+01 
4.807601e+01 
4.807601e+01 
4.807600e+01 
4.807600e+01 
4.807551e+01 
4.807551e+01 
4.807543e+01 
4.807531e+01 
4.807524e+01 
4.807521e+01 
4.807519e+01 
4.807518e+01 
4.807517e+01 
4.807517e+01 
4.807517e+01 
4.807509e+01 
4.807507e+01 
4.807506e+01 
4.807506e+01 
4.807505e+01 
4.807505e+01 
4.807505e+01 
4.807489e+01 
4.807466e+01 
4.807463e+01 
4.807456e+01 
4.807456e+01 
4.807456e+01 
4.807456e+01 
4.807456e+01 
4.807456e+01 
4.807456e+01 
4.807456e+01 
4.807456e+01 
4.807456e+01 
4.807456e+01 
4.807456e+01 
4.807456e+01 
4.807456e+01 
4.807455e+01 
4.807455e+01 
4.807455e+01 
4.807455e+01 
4.807455e+01 
4.807455e+01 
4.807455e+01 
4.807455e+01 
4.807455e+01 
4.807455e+01 
4.807455e+01 
4.807455e+01 
4.807455e+01 
4.807455e+01 
4.807455e+01 
4.807454e+01 
4.807454e+01 
4.807454e+01 
4.807454e+01 
4.807454e+01 
4.807454e+01 
4.807454e+01 
4.807454e+01 
4.807454e+01 
4.807454e+01 
4.807454e+01 
4.807454e+01 
4.807453e+01 
4.807453e+01 
4.807453e+01 
4.807453e+01 
4.807453e+01 
4.807453e+01 
4.807453e+01 
4.807453e+01 
4.807453e+01 
4.807452e+01 
4.807451e+01 
4.807451e+01 
4.807451e+01 
4.807451e+01 
4.807451e+01 
4.807451e+01 
4.807451e+01 
4.807451e+01 
4.807451e+01 
4.807451e+01 
4.807451e+01 
4.807451e+01 
4.807451e+01 
4.807451e+01 
4.807451e+01 
4.807451e+01 
4.807451e+01 
4.807451e+01 
4.807451e+01 
4.807451e+01 
4.807451e+01 
4.807451e+01 
4.807451e+01 
4.807451e+01 
4.807450e+01 
4.807450e+01 
4.807450e+01 
4.807450e+01 
4.807450e+01 
4.807450e+01 
4.807450e+01 
4.807450e+01 
4.807450e+01 
4.807450e+01 
4.807450e+01 
4.807450e+01 
4.807450e+01 
4.807450e+01 
4.807450e+01 
4.807450e+01 
4.807450e+01 
4.807450e+01 
4.807450e+01 
4.807450e+01 
4.807450e+01 
4.807450e+01 
4.807450e+01 
4.807450e+01 
4.807450e+01 
4.807450e+01 
4.807450e+01 
4.807450e+01 
4.807450e+01 
4.807450e+01 
4.807450e+01 
4.807450e+01 
4.807450e+01 
4.807450e+01 
4.807450e+01 
4.807450e+01 
4.807450e+01 
4.807450e+01 
4.807450e+01 
4.807450e+01 
4.807450e+01 
4.807450e+01 
4.807450e+01 
4.807450e+01 
4.807450e+01 
4.807450e+01 
4.807450e+01 
4.807450e+01 
4.807450e+01 
4.807450e+01 
4.807450e+01 
4.807450e+01 
4.807450e+01 
4.807450e+01 
4.807450e+01 
4.807450e+01 
4.807450e+01 
4.807450e+01 
4.807450e+01 
4.807450e+01 
4.807450e+01 
4.807450e+01 
4.807450e+01 
4.807450e+01 
4.807450e+01 
4.807450e+01 
4.807450e+01 
4.807450e+01 
4.807450e+01 
4.807450e+01 
4.807450e+01 
4.807450e+01 
4.807450e+01 
4.807450e+01 
4.807450e+01 
4.807450e+01 
4.807450e+01 
4.807450e+01 
4.807450e+01 
4.807450e+01 
4.807450e+01 
4.807450e+01 
4.807450e+01 
4.807450e+01 
4.807450e+01 
4.807450e+01 
4.807450e+01 
4.807450e+01 
4.807450e+01 
4.807450e+01 
4.807450e+01 
4.807450e+01 
4.807450e+01 
4.807450e+01 
4.807450e+01 
4.807450e+01 
4.807450e+01 
4.807450e+01 
4.807450e+01 
4.807450e+01 
4.807450e+01 
4.807450e+01 
4.807450e+01 
4.807450e+01 
4.807450e+01 
4.807450e+01 
4.807450e+01 
4.807450e+01 
4.807450e+01 
4.807450e+01 
4.807450e+01 
4.807450e+01 
4.807450e+01 
4.807450e+01 
4.807450e+01 
4.807450e+01 
4.807450e+01 
4.807450e+01 
4.807450e+01 
4.807450e+01 
4.807450e+01 
4.807450e+01 
4.807450e+01 
4.807450e+01 
4.807450e+01 
4.807450e+01 
4.807450e+01 
4.807450e+01 
4.807450e+01 
4.807450e+01 
4.807450e+01 
4.807450e+01 
4.807450e+01 
4.807450e+01 
4.807450e+01 
4.807450e+01 
4.807450e+01 
4.807450e+01 
4.807450e+01 
4.807450e+01 
4.807450e+01 
4.807450e+01 
4.807450e+01 
4.807450e+01 
4.807450e+01 
4.807450e+01 
4.807450e+01 
4.807450e+01 
4.807450e+01 
4.807450e+01 
4.807450e+01 
4.807450e+01 
4.807450e+01 
4.807450e+01 
4.807450e+01 
4.807450e+01 
4.807450e+01 
4.807450e+01 
4.807450e+01 
4.807450e+01 
4.807450e+01 
4.807450e+01 
4.807450e+01 
4.807450e+01 
4.807450e+01 
4.807450e+01 
4.807450e+01 
4.807450e+01 
4.807450e+01 
4.807450e+01 
4.807450e+01 
4.807450e+01 
4.807450e+01 
4.807450e+01 
4.807450e+01 
4.807450e+01 
4.807450e+01 
4.807450e+01 
4.807450e+01 
4.807450e+01 
4.807450e+01 
4.807450e+01 
4.807450e+01 
4.807450e+01 
4.807450e+01 
4.807450e+01 
4.807450e+01 
4.807450e+01 
4.807450e+01 
4.807450e+01 
4.807450e+01 
4.807450e+01 
4.807450e+01 
4.807450e+01 
4.807450e+01 
4.807450e+01 
4.807450e+01 
4.807450e+01 
4.807450e+01 
4.807450e+01 
4.807450e+01 
4.807450e+01 
4.807450e+01 
4.807450e+01 
4.807450e+01 
4.807450e+01 
4.807450e+01 
4.807450e+01 
4.807450e+01 
4.807450e+01 
4.807450e+01 
4.807450e+01 
4.807450e+01 
4.807450e+01 
4.807450e+01 
4.807450e+01 
4.807450e+01 
4.807450e+01 
4.807450e+01 
4.807450e+01 
4.807450e+01 
4.807450e+01 
4.807450e+01 
4.807450e+01 
4.807450e+01 
4.807450e+01 
4.807450e+01 
4.807450e+01 
4.807450e+01 
4.807450e+01 
4.807450e+01 
4.807450e+01 
4.807450e+01 
4.807450e+01 
4.807450e+01 
4.807450e+01 
4.807450e+01 
4.807450e+01 
4.807450e+01 
4.807450e+01 
4.807450e+01 
4.807450e+01 
4.807450e+01 
4.807450e+01 
4.807450e+01 
4.807450e+01 
4.807450e+01 
4.807450e+01 
4.807450e+01 
4.807450e+01 
4.807450e+01 
4.807450e+01 
4.807450e+01 
4.807450e+01 
4.807450e+01 
4.807450e+01 
4.807450e+01 
4.807450e+01 
4.807450e+01 
4.807450e+01 
4.807450e+01 
4.807450e+01 
4.807450e+01 
4.807450e+01 
4.807450e+01 
4.807450e+01 
4.807450e+01 
4.807450e+01 
4.807450e+01 
4.807450e+01 
4.807450e+01 
4.807450e+01 
4.807450e+01 
4.807450e+01 
4.807450e+01 
4.807450e+01 
4.807450e+01 
4.807450e+01 
4.807450e+01 
4.807450e+01 
4.807450e+01 
4.807450e+01 
4.807450e+01 
4.807450e+01 
4.807450e+01 
4.807450e+01 
4.807450e+01 
4.807450e+01 
4.807450e+01 
4.807450e+01 
4.807450e+01 
4.807450e+01 
4.807450e+01 
4.807450e+01 
4.807450e+01 
4.807450e+01 
4.807450e+01 
4.807450e+01 
4.807450e+01 
4.807450e+01 
4.807450e+01 
4.807450e+01 
4.807450e+01 
4.807450e+01 
4.807450e+01 
4.807450e+01 
4.807450e+01 
4.807450e+01 
4.807450e+01 
4.807450e+01 
4.807450e+01 
4.807450e+01 
4.807450e+01 
4.807450e+01 
4.807450e+01 
4.807450e+01 
4.807450e+01 
4.807450e+01 
4.807450e+01 
4.807450e+01 
4.807450e+01 
4.807450e+01 
4.807450e+01 
4.807450e+01 
4.807450e+01 
4.807450e+01 
4.807450e+01 
4.807450e+01 
4.807450e+01 
4.807450e+01 
4.807450e+01 
4.807450e+01 
4.807450e+01 
4.807450e+01 
4.807450e+01 
4.807450e+01 
4.807450e+01 
4.807450e+01 
4.807450e+01 
4.807450e+01 
4.807450e+01 
4.807450e+01 
4.807450e+01 
4.807450e+01 
4.807450e+01 
4.807450e+01 
4.807450e+01 
4.807450e+01 
4.807450e+01 
4.807450e+01 
4.807450e+01 
4.807450e+01 
4.807450e+01 
4.807450e+01 
4.807450e+01 
4.807450e+01 
4.807450e+01 
4.807450e+01 
4.807450e+01 
4.807450e+01 
4.807450e+01 
4.807450e+01 
4.807450e+01 
4.807450e+01 
4.807450e+01 
4.807450e+01 
4.807450e+01 
4.807450e+01 
4.807450e+01 
4.807450e+01 
4.807450e+01 
4.807450e+01 
4.807450e+01 
4.807450e+01 
4.807450e+01 
4.807450e+01 
4.807450e+01 
4.807450e+01 
4.807450e+01 
4.807450e+01 
4.807450e+01 
4.807450e+01 
4.807450e+01 
4.807450e+01 
4.807450e+01 
4.807450e+01 
4.807450e+01 
4.807450e+01 
4.807450e+01 
4.807450e+01 
4.807450e+01 
4.807450e+01 
4.807450e+01 
4.807450e+01 
4.807450e+01 
4.807450e+01 
4.807450e+01 
4.807450e+01 
4.807450e+01 
4.807450e+01 
4.807450e+01 
4.807450e+01 
4.807450e+01 
4.807450e+01 
4.807450e+01 
4.807450e+01 
4.807450e+01 
4.807450e+01 
4.807450e+01 
4.807450e+01 
4.807450e+01 
4.807450e+01 
4.807450e+01 
4.807450e+01 
4.807450e+01 
4.807450e+01 
4.807450e+01 
4.807450e+01 
4.807450e+01 
4.807450e+01 
4.807450e+01 
4.807450e+01 
4.807450e+01 
4.807450e+01 
4.807450e+01 
4.807450e+01 
4.807450e+01 
4.807450e+01 
4.807450e+01 
4.807450e+01 
4.807450e+01 
4.807450e+01 
4.807450e+01 
4.807450e+01 
4.807450e+01 
4.807450e+01 
4.807450e+01 
4.807450e+01 
4.807450e+01 
4.807450e+01 
4.807450e+01 
4.807450e+01 
4.807450e+01 
4.807450e+01 
4.807450e+01 
4.807450e+01 
4.807450e+01 
4.807450e+01 
4.807450e+01 
4.807450e+01 
4.807450e+01 
4.807450e+01 
4.807450e+01 
4.807450e+01 
4.807450e+01 
4.807450e+01 
4.807450e+01 
4.807450e+01 
4.807450e+01 
4.807450e+01 
4.807450e+01 
4.807450e+01 
4.807450e+01 
4.807450e+01 
4.807450e+01 
4.807450e+01 
4.807450e+01 
4.807450e+01 
4.807450e+01 
4.807450e+01 
4.807450e+01 
4.807450e+01 
4.807450e+01 
4.807450e+01 
4.807450e+01 
4.807450e+01 
4.807450e+01 
4.807450e+01 
4.807450e+01 
4.807450e+01 
4.807450e+01 
4.807450e+01 
4.807450e+01 
4.807450e+01 
4.807450e+01 
4.807450e+01 
4.807450e+01 
4.807450e+01 
4.807450e+01 
4.807450e+01 
4.807450e+01 
4.807450e+01 
4.807450e+01 
4.807450e+01 
4.807450e+01 
4.807450e+01 
4.807450e+01 
4.807450e+01 
4.807450e+01 
4.807450e+01 
4.807450e+01 
4.807450e+01 
4.807450e+01 
4.807450e+01 
4.807450e+01 
4.807450e+01 
4.807450e+01 
4.807450e+01 
4.807450e+01 
4.807450e+01 
4.807450e+01 
4.807450e+01 
4.807450e+01 
4.807450e+01 
4.807450e+01 
4.807450e+01 
4.807450e+01 
4.807450e+01 
4.807450e+01 
4.807450e+01 
4.807450e+01 
4.807450e+01 
4.807450e+01 
4.807450e+01 
4.807450e+01 
4.807450e+01 
4.807450e+01 
4.807450e+01 
4.807450e+01 
4.807450e+01 
4.807450e+01 
4.807450e+01 
4.807450e+01 
4.807450e+01 
4.807450e+01 
4.807450e+01 
4.807450e+01 
4.807450e+01 
4.807450e+01 
4.807450e+01 
4.807450e+01 
4.807450e+01 
4.807450e+01 
4.807450e+01 
4.807450e+01 
4.807450e+01 
4.807450e+01 
4.807450e+01 
4.807450e+01 
4.807450e+01 
4.807450e+01 
4.807450e+01 
4.807450e+01 
4.807450e+01 
4.807450e+01 
4.807450e+01 
4.807450e+01 
4.807450e+01 
4.807450e+01 
4.807450e+01 
4.807450e+01 
4.807450e+01 
4.807450e+01 
4.807450e+01 
4.807450e+01 
4.807450e+01 
4.807450e+01 
4.807450e+01 
4.807450e+01 
4.807450e+01 
4.807450e+01 
4.807450e+01 
4.807450e+01 
4.807450e+01 
4.807450e+01 
4.807450e+01 
4.807450e+01 
4.807450e+01 
4.807450e+01 
4.807450e+01 
4.807450e+01 
4.807450e+01 
4.807450e+01 
4.807450e+01 
4.807450e+01 
4.807450e+01 
4.807450e+01 
4.807450e+01 
4.807450e+01 
4.807450e+01 
4.807450e+01 
4.807450e+01 
4.807450e+01 
4.807450e+01 
4.807450e+01 
4.807450e+01 
4.807450e+01 
4.807450e+01 
4.807450e+01 
4.807450e+01 
4.807450e+01 
4.807450e+01 
4.807450e+01 
4.807450e+01 
4.807450e+01 
4.807450e+01 
4.807450e+01 
4.807450e+01 
4.807450e+01 
4.807450e+01 
4.807450e+01 
4.807450e+01 
4.807450e+01 
4.807450e+01 
4.807450e+01 
4.807450e+01 
4.807450e+01 
4.807450e+01 
4.807450e+01 
4.807450e+01 
4.807450e+01 
4.807450e+01 
4.807450e+01 
4.807450e+01 
4.807450e+01 
4.807450e+01 
4.807450e+01 
4.807450e+01 
4.807450e+01 
4.807450e+01 
4.807450e+01 
4.807450e+01 
4.807450e+01 
4.807450e+01 
4.807450e+01 
4.807450e+01 
4.807450e+01 
4.807450e+01 
4.807450e+01 
4.807450e+01 
4.807450e+01 
4.807450e+01 
4.807450e+01 
4.807450e+01 
4.807450e+01 
4.807450e+01 
4.807450e+01 
4.807450e+01 
4.807450e+01 
4.807450e+01 
4.807450e+01 
4.807450e+01 
4.807450e+01 
4.807450e+01 
4.807450e+01 
4.807450e+01 
4.807450e+01 
4.807450e+01 
4.807450e+01 
4.807450e+01 
4.807450e+01 
4.807450e+01 
4.807450e+01 
4.807450e+01 
4.807450e+01 
4.807450e+01 
4.807450e+01 
4.807450e+01 
4.807450e+01 
4.807450e+01 
4.807450e+01 
4.807450e+01 
4.807450e+01 
4.807450e+01 
4.807450e+01 
4.807450e+01 
4.807450e+01 
4.807450e+01 
4.807450e+01 
4.807450e+01 
4.807450e+01 
4.807450e+01 
4.807450e+01 
4.807450e+01 
4.807450e+01 
4.807450e+01 
4.807450e+01 
4.807450e+01 
4.807450e+01 
4.807450e+01 
4.807450e+01 
4.807450e+01 
4.807450e+01 
4.807450e+01 
4.807450e+01 
4.807450e+01 
4.807450e+01 
4.807450e+01 
4.807450e+01 
4.807450e+01 
4.807450e+01 
4.807450e+01 
4.807450e+01 
4.807450e+01 
4.807450e+01 
4.807450e+01 
4.807450e+01 
4.807450e+01 
4.807450e+01 
4.807450e+01 
4.807450e+01 
4.807450e+01 
4.807450e+01 
4.807450e+01 
4.807450e+01 
4.807450e+01 
4.807450e+01 
4.807450e+01 
4.807450e+01 
4.807450e+01 
4.807450e+01 
4.807450e+01 
4.807450e+01 
4.807450e+01 
4.807450e+01 
4.807450e+01 
4.807450e+01 
4.807450e+01 
4.807450e+01 
4.807450e+01 
4.807450e+01 
4.807450e+01 
4.807450e+01 
4.807450e+01 
4.807450e+01 
4.807450e+01 
4.807450e+01 
4.807450e+01 
4.807450e+01 
4.807450e+01 
4.807450e+01 
4.807450e+01 
4.807450e+01 
4.807450e+01 
4.807450e+01 
4.807450e+01 
4.807450e+01 
4.807450e+01 
4.807450e+01 
4.807450e+01 
4.807450e+01 
4.807450e+01 
4.807450e+01 
4.807450e+01 
4.807450e+01 
4.807450e+01 
4.807450e+01 
4.807450e+01 
4.807450e+01 
4.807450e+01 
4.807450e+01 
4.807450e+01 
4.807450e+01 
4.807450e+01 
4.807450e+01 
4.807450e+01 
4.807450e+01 
4.807450e+01 
4.807450e+01 
4.807450e+01 
4.807450e+01 
4.807450e+01 
4.807450e+01 
4.807450e+01 
4.807450e+01 
4.807450e+01 
4.807450e+01 
4.807450e+01 
4.807450e+01 
4.807450e+01 
4.807450e+01 
4.807450e+01 
4.807450e+01 
4.807450e+01 
4.807450e+01 
4.807450e+01 
4.807450e+01 
4.807450e+01 
4.807450e+01 
4.807450e+01 
4.807450e+01 
4.807450e+01 
4.807450e+01 
4.807450e+01 
4.807450e+01 
4.807450e+01 
4.807450e+01 
4.807450e+01 
4.807450e+01 
4.807450e+01 
4.807450e+01 
4.807450e+01 
4.807450e+01 
4.807450e+01 
4.807450e+01 
4.807450e+01 
4.807450e+01 
4.807450e+01 
4.807450e+01 
4.807450e+01 
4.807450e+01 
4.807450e+01 
4.807450e+01 
4.807450e+01 
4.807450e+01 
4.807450e+01 
4.807450e+01 
4.807450e+01 
4.807450e+01 
4.807450e+01 
4.807450e+01 
4.807450e+01 
4.807450e+01 
4.807450e+01 
4.807450e+01 
4.807450e+01 
4.807450e+01 
4.807450e+01 
4.807450e+01 
4.807450e+01 
4.807450e+01 
4.807450e+01 
4.807450e+01 
4.807450e+01 
4.807450e+01 
4.807450e+01 
4.807450e+01 
4.807450e+01 
4.807450e+01 
4.807450e+01 
4.807450e+01 
4.807450e+01 
4.807450e+01 
4.807450e+01 
4.807450e+01 
4.807450e+01 
4.807450e+01 
4.807450e+01 
4.807450e+01 
4.807450e+01 
4.807450e+01 
4.807450e+01 
4.807450e+01 
4.807450e+01 
4.807450e+01 
4.807450e+01 
4.807450e+01 
4.807450e+01 
4.807450e+01 
4.807450e+01 
4.807450e+01 
4.807450e+01 
4.807450e+01 
4.807450e+01 
4.807450e+01 
4.807450e+01 
4.807450e+01 
4.807450e+01 
4.807450e+01 
4.807450e+01 
4.807450e+01 
4.807450e+01 
4.807450e+01 
4.807450e+01 
4.807450e+01 
4.807450e+01 
4.807450e+01 
4.807450e+01 
4.807450e+01 
4.807450e+01 
4.807450e+01 
4.807450e+01 
4.807450e+01 
4.807450e+01 
4.807450e+01 
4.807450e+01 
4.807450e+01 
4.807450e+01 
4.807450e+01 
4.807450e+01 
4.807450e+01 
4.807450e+01 
4.807450e+01 
4.807450e+01 
4.807450e+01 
4.807450e+01 
4.807450e+01 
4.807450e+01 
4.807450e+01 
4.807450e+01 
4.807450e+01 
4.807450e+01 
4.807450e+01 
4.807450e+01 
4.807450e+01 
4.807450e+01 
4.807450e+01 
4.807450e+01 
4.807450e+01 
4.807450e+01 
4.807450e+01 
4.807450e+01 
4.807450e+01 
4.807450e+01 
4.807450e+01 
4.807450e+01 
4.807450e+01 
4.807450e+01 
4.807450e+01 
4.807450e+01 
4.807450e+01 
4.807450e+01 
4.807450e+01 
4.807450e+01 
4.807450e+01 
4.807450e+01 
4.807450e+01 
4.807450e+01 
4.807450e+01 
4.807450e+01 
4.807450e+01 
4.807450e+01 
4.807450e+01 
4.807450e+01 
4.807450e+01 
4.807450e+01 
4.807450e+01 
4.807450e+01 
4.807450e+01 
4.807450e+01 
4.807450e+01 
4.807450e+01 
4.807450e+01 
4.807450e+01 
4.807450e+01 
4.807450e+01 
4.807450e+01 
4.807450e+01 
4.807450e+01 
4.807450e+01 
4.807450e+01 
4.807450e+01 
4.807450e+01 
4.807450e+01 
4.807450e+01 
4.807450e+01 
4.807450e+01 
4.807450e+01 
4.807450e+01 
4.807450e+01 
4.807450e+01 
4.807450e+01 
4.807450e+01 
4.807450e+01 
4.807450e+01 
4.807450e+01 
4.807450e+01 
4.807450e+01 
4.807450e+01 
4.807450e+01 
4.807450e+01 
4.807450e+01 
4.807450e+01 
4.807450e+01 
4.807450e+01 
4.807450e+01 
4.807450e+01 
4.807450e+01 
4.807450e+01 
4.807450e+01 
4.807450e+01 
4.807450e+01 
4.807450e+01 
4.807450e+01 
4.807450e+01 
4.807450e+01 
4.807450e+01 
4.807450e+01 
4.807450e+01 
4.807450e+01 
4.807450e+01 
4.807450e+01 
4.807450e+01 
4.807450e+01 
4.807450e+01 
4.807450e+01 
4.807450e+01 
4.807450e+01 
4.807450e+01 
4.807450e+01 
4.807450e+01 
4.807450e+01 
4.807450e+01 
4.807450e+01 
4.807450e+01 
4.807450e+01 
4.807450e+01 
4.807450e+01 
4.807450e+01 
4.807450e+01 
4.807450e+01 
4.807450e+01 
4.807450e+01 
4.807450e+01 
4.807450e+01 
4.807450e+01 
4.807450e+01 
4.807450e+01 
4.807450e+01 
4.807450e+01 
4.807450e+01 
4.807450e+01 
4.807450e+01 
4.807450e+01 
4.807450e+01 
4.807450e+01 
4.807450e+01 
4.807450e+01 
4.807450e+01 
4.807450e+01 
4.807450e+01 
4.807450e+01 
4.807450e+01 
4.807450e+01 
4.807450e+01 
4.807450e+01 
4.807450e+01 
4.807450e+01 
4.807450e+01 
4.807450e+01 
4.807450e+01 
4.807450e+01 
4.807450e+01 
4.807450e+01 
4.807450e+01 
4.807450e+01 
4.807450e+01 
4.807450e+01 
4.807450e+01 
4.807450e+01 
4.807450e+01 
4.807450e+01 
4.807450e+01 
4.807450e+01 
4.807450e+01 
4.807450e+01 
4.807450e+01 
4.807450e+01 
4.807450e+01 
4.807450e+01 
4.807450e+01 
4.807450e+01 
4.807450e+01 
4.807450e+01 
4.807450e+01 
4.807450e+01 
4.807450e+01 
4.807450e+01 
4.807450e+01 
4.807450e+01 
4.807450e+01 
4.807450e+01 
4.807450e+01 
4.807450e+01 
4.807450e+01 
4.807450e+01 
4.807450e+01 
4.807450e+01 
4.807450e+01 
4.807450e+01 
4.807450e+01 
4.807450e+01 
4.807450e+01 
4.807450e+01 
4.807450e+01 
4.807450e+01 
4.807450e+01 
4.807450e+01 
4.807450e+01 
4.807450e+01 
4.807450e+01 
4.807450e+01 
4.807450e+01 
4.807450e+01 
4.807450e+01 
4.807450e+01 
4.807450e+01 
4.807450e+01 
4.807450e+01 
4.807450e+01 
4.807450e+01 
4.807450e+01 
4.807450e+01 
4.807450e+01 
4.807450e+01 
4.807450e+01 
4.807450e+01 
4.807450e+01 
4.807450e+01 
4.807450e+01 
4.807450e+01 
4.807450e+01 
4.807450e+01 
4.807450e+01 
4.807450e+01 
4.807450e+01 
4.807450e+01 
4.807450e+01 
4.807450e+01 
4.807450e+01 
4.807450e+01 
4.807450e+01 
4.807450e+01 
4.807450e+01 
4.807450e+01 
4.807450e+01 
4.807450e+01 
4.807450e+01 
4.807450e+01 
4.807450e+01 
4.807450e+01 
4.807450e+01 
4.807450e+01 
4.807450e+01 
4.807450e+01 
4.807450e+01 
4.807450e+01 
4.807450e+01 
4.807450e+01 
4.807450e+01 
4.807450e+01 
4.807450e+01 
4.807450e+01 
4.807450e+01 
4.807450e+01 
4.807450e+01 
4.807450e+01 
4.807450e+01 
4.807450e+01 
4.807450e+01 
4.807450e+01 
4.807450e+01 
4.807450e+01 
4.807450e+01 
4.807450e+01 
4.807450e+01 
4.807450e+01 
4.807450e+01 
4.807450e+01 
4.807450e+01 
4.807450e+01 
4.807450e+01 
4.807450e+01 
4.807450e+01 
4.807450e+01 
4.807450e+01 
4.807450e+01 
4.807450e+01 
4.807450e+01 
4.807450e+01 
4.807450e+01 
4.807450e+01 
4.807450e+01 
4.807450e+01 
4.807450e+01 
4.807450e+01 
4.807450e+01 
4.807450e+01 
4.807450e+01 
4.807450e+01 
4.807450e+01 
4.807450e+01 
4.807450e+01 
4.807450e+01 
4.807450e+01 
4.807450e+01 
4.807450e+01 
4.807450e+01 
4.807450e+01 
4.807450e+01 
4.807450e+01 
4.807450e+01 
4.807450e+01 
4.807450e+01 
4.807450e+01 
4.807450e+01 
4.807450e+01 
4.807450e+01 
4.807450e+01 
4.807450e+01 
4.807450e+01 
4.807450e+01 
4.807450e+01 
4.807450e+01 
4.807450e+01 
4.807450e+01 
4.807450e+01 
4.807450e+01 
4.807450e+01 
4.807450e+01 
4.807450e+01 
4.807450e+01 
4.807450e+01 
4.807450e+01 
4.807450e+01 
4.807450e+01 
4.807450e+01 
4.807450e+01 
4.807450e+01 
4.807450e+01 
4.807450e+01 
4.807450e+01 
4.807450e+01 
4.807450e+01 
4.807450e+01 
4.807450e+01 
4.807450e+01 
4.807450e+01 
4.807450e+01 
4.807450e+01 
4.807450e+01 
4.807450e+01 
4.807450e+01 
4.807450e+01 
4.807450e+01 
4.807450e+01 
4.807450e+01 
4.807450e+01 
4.807450e+01 
4.807450e+01 
4.807450e+01 
4.807450e+01 
4.807450e+01 
4.807450e+01 
4.807450e+01 
4.807450e+01 
4.807450e+01 
4.807450e+01 
4.807450e+01 
4.807450e+01 
4.807450e+01 
4.807450e+01 
4.807450e+01 
4.807450e+01 
4.807450e+01 
4.807450e+01 
4.807450e+01 
4.807450e+01 
4.807450e+01 
4.807450e+01 
4.807450e+01 
4.807450e+01 
4.807450e+01 
4.807450e+01 
4.807450e+01 
4.807450e+01 
4.807450e+01 
4.807450e+01 
4.807450e+01 
4.807450e+01 
4.807450e+01 
4.807450e+01 
4.807450e+01 
4.807450e+01 
4.807450e+01 
4.807450e+01 
4.807450e+01 
4.807450e+01 
4.807450e+01 
4.807450e+01 
4.807450e+01 
4.807450e+01 
4.807450e+01 
4.807450e+01 
4.807450e+01 
4.807450e+01 
4.807450e+01 
4.807450e+01 
4.807450e+01 
4.807450e+01 
4.807450e+01 
4.807450e+01 
4.807450e+01 
4.807450e+01 
4.807450e+01 
4.807450e+01 
4.807450e+01 
4.807450e+01 
4.807450e+01 
4.807450e+01 
4.807450e+01 
4.807450e+01 
4.807450e+01 
4.807450e+01 
4.807450e+01 
4.807450e+01 
4.807450e+01 
4.807450e+01 
4.807450e+01 
4.807450e+01 
4.807450e+01 
4.807450e+01 
4.807450e+01 
4.807450e+01 
4.807450e+01 
4.807450e+01 
4.807450e+01 
4.807450e+01 
4.807450e+01 
4.807450e+01 
4.807450e+01 
4.807450e+01 
4.807450e+01 
4.807450e+01 
4.807450e+01 
4.807450e+01 
4.807450e+01 
4.807450e+01 
4.807450e+01 
4.807450e+01 
4.807450e+01 
4.807450e+01 
4.807450e+01 
4.807450e+01 
4.807450e+01 
4.807450e+01 
4.807450e+01 
4.807450e+01 
4.807450e+01 
4.807450e+01 
4.807450e+01 
4.807450e+01 
4.807450e+01 
4.807450e+01 
4.807450e+01 
4.807450e+01 
4.807450e+01 
4.807450e+01 
4.807450e+01 
4.807450e+01 
4.807450e+01 
4.807450e+01 
4.807450e+01 
4.807450e+01 
4.807450e+01 
4.807450e+01 
4.807450e+01 
4.807450e+01 
4.807450e+01 
4.807450e+01 
4.807450e+01 
4.807450e+01 
4.807450e+01 
4.807450e+01 
4.807450e+01 
4.807450e+01 
4.807450e+01 
4.807450e+01 
4.807450e+01 
4.807450e+01 
4.807450e+01 
4.807450e+01 
4.807450e+01 
4.807450e+01 
4.807450e+01 
4.807450e+01 
4.807450e+01 
4.807450e+01 
4.807450e+01 
4.807450e+01 
4.807450e+01 
4.807450e+01 
4.807450e+01 
4.807450e+01 
4.807450e+01 
4.807450e+01 
4.807450e+01 
4.807450e+01 
4.807450e+01 
4.807450e+01 
4.807450e+01 
4.807450e+01 
4.807450e+01 
4.807450e+01 
4.807450e+01 
4.807450e+01 
4.807450e+01 
4.807450e+01 
4.807450e+01 
4.807450e+01 
4.807450e+01 
4.807450e+01 
4.807450e+01 
4.807450e+01 
4.807450e+01 
4.807450e+01 
4.807450e+01 
4.807450e+01 
4.807450e+01 
4.807450e+01 
4.807450e+01 
4.807450e+01 
4.807450e+01 
4.807450e+01 
4.807450e+01 
4.807450e+01 
4.807450e+01 
4.807450e+01 
4.807450e+01 
4.807450e+01 
4.807450e+01 
4.807450e+01 
4.807450e+01 
4.807450e+01 
4.807450e+01 
4.807450e+01 
4.807450e+01 
4.807450e+01 
4.807450e+01 
4.807450e+01 
4.807450e+01 
4.807450e+01 
4.807450e+01 
4.807450e+01 
4.807450e+01 
4.807450e+01 
4.807450e+01 
4.807450e+01 
4.807450e+01 
4.807450e+01 
4.807450e+01 
4.807450e+01 
4.807450e+01 
4.807450e+01 
4.807450e+01 
4.807450e+01 
4.807450e+01 
4.807450e+01 
4.807450e+01 
4.807450e+01 
4.807450e+01 
4.807450e+01 
4.807450e+01 
4.807450e+01 
4.807450e+01 
4.807450e+01 
4.807450e+01 
4.807450e+01 
4.807450e+01 
4.807450e+01 
4.807450e+01 
4.807450e+01 
4.807450e+01 
4.807450e+01 
4.807450e+01 
4.807450e+01 
4.807450e+01 
4.807450e+01 
4.807450e+01 
4.807450e+01 
4.807450e+01 
4.807450e+01 
4.807450e+01 
4.807450e+01 
4.807450e+01 
4.807450e+01 
4.807450e+01 
4.807450e+01 
4.807450e+01 
4.807450e+01 
4.807450e+01 
4.807450e+01 
4.807450e+01 
4.807450e+01 
4.807450e+01 
4.807450e+01 
4.807450e+01 
4.807450e+01 
4.807450e+01 
4.807450e+01 
4.807450e+01 
4.807450e+01 
4.807450e+01 
4.807450e+01 
4.807450e+01 
4.807450e+01 
4.807450e+01 
4.807450e+01 
4.807450e+01 
4.807450e+01 
4.807450e+01 
4.807450e+01 
4.807450e+01 
4.807450e+01 
4.807450e+01 
4.807450e+01 
4.807450e+01 
4.807450e+01 
4.807450e+01 
4.807450e+01 
4.807450e+01 
4.807450e+01 
4.807450e+01 
4.807450e+01 
4.807450e+01 
4.807450e+01 
4.807450e+01 
4.807450e+01 
4.807450e+01 
4.807450e+01 
4.807450e+01 
4.807450e+01 
4.807450e+01 
4.807450e+01 
4.807450e+01 
4.807450e+01 
4.807450e+01 
4.807450e+01 
4.807450e+01 
4.807450e+01 
4.807450e+01 
4.807450e+01 
4.807450e+01 
4.807450e+01 
4.807450e+01 
4.807450e+01 
4.807450e+01 
4.807450e+01 
4.807450e+01 
4.807450e+01 
4.807450e+01 
4.807450e+01 
4.807450e+01 
4.807450e+01 
4.807450e+01 
4.807450e+01 
4.807450e+01 
4.807450e+01 
4.807450e+01 
4.807450e+01 
4.807450e+01 
4.807450e+01 
4.807450e+01 
4.807450e+01 
4.807450e+01 
4.807450e+01 
4.807450e+01 
4.807450e+01 
4.807450e+01 
4.807450e+01 
4.807450e+01 
4.807450e+01 
4.807450e+01 
4.807450e+01 
4.807450e+01 
4.807450e+01 
4.807450e+01 
4.807450e+01 
4.807450e+01 
4.807450e+01 
4.807450e+01 
4.807450e+01 
4.807450e+01 
4.807450e+01 
4.807450e+01 
4.807450e+01 
4.807450e+01 
4.807450e+01 
4.807450e+01 
4.807450e+01 
4.807450e+01 
4.807450e+01 
4.807450e+01 
4.807450e+01 
4.807450e+01 
4.807450e+01 
4.807450e+01 
4.807450e+01 
4.807450e+01 
4.807450e+01 
4.807450e+01 
4.807450e+01 
4.807450e+01 
4.807450e+01 
4.807450e+01 
4.807450e+01 
4.807450e+01 
4.807450e+01 
4.807450e+01 
4.807450e+01 
4.807450e+01 
4.807450e+01 
4.807450e+01 
4.807450e+01 
4.807450e+01 
4.807450e+01 
4.807450e+01 
4.807450e+01 
4.807450e+01 
4.807450e+01 
4.807450e+01 
4.807450e+01 
4.807450e+01 
4.807450e+01 
4.807450e+01 
4.807450e+01 
4.807450e+01 
4.807450e+01 
4.807450e+01 
4.807450e+01 
4.807450e+01 
4.807450e+01 
4.807450e+01 
4.807450e+01 
4.807450e+01 
4.807450e+01 
4.807450e+01 
4.807450e+01 
4.807450e+01 
4.807450e+01 
4.807450e+01 
4.807450e+01 
4.807450e+01 
4.807450e+01 
4.807450e+01 
4.807450e+01 
4.807450e+01 
4.807450e+01 
4.807450e+01 
4.807450e+01 
4.807450e+01 
4.807450e+01 
4.807450e+01 
4.807450e+01 
4.807450e+01 
4.807450e+01 
4.807450e+01 
4.807450e+01 
4.807450e+01 
4.807450e+01 
4.807450e+01 
4.807450e+01 
4.807450e+01 
4.807450e+01 
4.807450e+01 
4.807450e+01 
4.807450e+01 
4.807450e+01 
4.807450e+01 
4.807450e+01 
4.807450e+01 
4.807450e+01 
4.807450e+01 
4.807450e+01 
4.807450e+01 
4.807450e+01 
4.807450e+01 
4.807450e+01 
4.807450e+01 
4.807450e+01 
4.807450e+01 
4.807450e+01 
4.807450e+01 
4.807450e+01 
4.807450e+01 
4.807450e+01 
4.807450e+01 
4.807450e+01 
4.807450e+01 
4.807450e+01 
4.807450e+01 
4.807450e+01 
4.807450e+01 
4.807450e+01 
4.807450e+01 
4.807450e+01 
4.807450e+01 
4.807450e+01 
4.807450e+01 
4.807450e+01 
4.807450e+01 
4.807450e+01 
4.807450e+01 
4.807450e+01 
4.807450e+01 
4.807450e+01 
4.807450e+01 
4.807450e+01 
4.807450e+01 
4.807450e+01 
4.807450e+01 
4.807450e+01 
4.807450e+01 
4.807450e+01 
4.807450e+01 
4.807450e+01 
4.807450e+01 
4.807450e+01 
4.807450e+01 
4.807450e+01 
4.807450e+01 
4.807450e+01 
4.807450e+01 
4.807450e+01 
4.807450e+01 
4.807450e+01 
4.807450e+01 
4.807450e+01 
4.807450e+01 
4.807450e+01 
4.807450e+01 
4.807450e+01 
4.807450e+01 
4.807450e+01 
4.807450e+01 
4.807450e+01 
4.807450e+01 
4.807450e+01 
4.807450e+01 
4.807450e+01 
4.807450e+01 
4.807450e+01 
4.807450e+01 
4.807450e+01 
4.807450e+01 
4.807450e+01 
4.807450e+01 
4.807450e+01 
4.807450e+01 
4.807450e+01 
4.807450e+01 
4.807450e+01 
4.807450e+01 
4.807450e+01 
4.807450e+01 
4.807450e+01 
4.807450e+01 
4.807450e+01 
4.807450e+01 
4.807450e+01 
4.807450e+01 
4.807450e+01 
4.807450e+01 
4.807450e+01 
4.807450e+01 
4.807450e+01 
4.807450e+01 
4.807450e+01 
4.807450e+01 
4.807450e+01 
4.807450e+01 
4.807450e+01 
4.807450e+01 
4.807450e+01 
4.807450e+01 
4.807450e+01 
4.807450e+01 
4.807450e+01 
4.807450e+01 
4.807450e+01 
4.807450e+01 
4.807450e+01 
4.807450e+01 
4.807450e+01 
4.807450e+01 
4.807450e+01 
4.807450e+01 
4.807450e+01 
4.807450e+01 
4.807450e+01 
4.807450e+01 
4.807450e+01 
4.807450e+01 
4.807450e+01 
4.807450e+01 
4.807450e+01 
4.807450e+01 
4.807450e+01 
4.807450e+01 
4.807450e+01 
4.807450e+01 
4.807450e+01 
4.807450e+01 
4.807450e+01 
4.807450e+01 
4.807450e+01 
4.807450e+01 
4.807450e+01 
4.807450e+01 
4.807450e+01 
4.807450e+01 
4.807450e+01 
4.807450e+01 
4.807450e+01 
4.807450e+01 
4.807450e+01 
4.807450e+01 
4.807450e+01 
4.807450e+01 
4.807450e+01 
4.807450e+01 
4.807450e+01 
4.807450e+01 
4.807450e+01 
4.807450e+01 
4.807450e+01 
4.807450e+01 
4.807450e+01 
4.807450e+01 
4.807450e+01 
4.807450e+01 
4.807450e+01 
4.807450e+01 
4.807450e+01 
4.807450e+01 
4.807450e+01 
4.807450e+01 
4.807450e+01 
4.807450e+01 
4.807450e+01 
4.807450e+01 
4.807450e+01 
4.807450e+01 
4.807450e+01 
4.807450e+01 
4.807450e+01 
4.807450e+01 
4.807450e+01 
4.807450e+01 
4.807450e+01 
4.807450e+01 
4.807450e+01 
4.807450e+01 
4.807450e+01 
4.807450e+01 
4.807450e+01 
4.807450e+01 
4.807450e+01 
4.807450e+01 
4.807450e+01 
4.807450e+01 
4.807450e+01 
4.807450e+01 
4.807450e+01 
4.807450e+01 
4.807450e+01 
4.807450e+01 
4.807450e+01 
4.807450e+01 
4.807450e+01 
4.807450e+01 
4.807450e+01 
4.807450e+01 
4.807450e+01 
4.807450e+01 
4.807450e+01 
4.807450e+01 
4.807450e+01 
4.807450e+01 
4.807450e+01 
4.807450e+01 
4.807450e+01 
4.807450e+01 
4.807450e+01 
4.807450e+01 
4.807450e+01 
4.807450e+01 
4.807450e+01 
4.807450e+01 
4.807450e+01 
4.807450e+01 
4.807450e+01 
4.807450e+01 
4.807450e+01 
4.807450e+01 
4.807450e+01 
4.807450e+01 
4.807450e+01 
4.807450e+01 
4.807450e+01 
4.807450e+01 
4.807450e+01 
4.807450e+01 
4.807450e+01 
4.807450e+01 
4.807450e+01 
4.807450e+01 
4.807450e+01 
4.807450e+01 
4.807450e+01 
4.807450e+01 
4.807450e+01 
4.807450e+01 
4.807450e+01 
4.807450e+01 
4.807450e+01 
4.807450e+01 
4.807450e+01 
4.807450e+01 
4.807450e+01 
4.807450e+01 
4.807450e+01 
4.807450e+01 
4.807450e+01 
4.807450e+01 
4.807450e+01 
4.807450e+01 
4.807450e+01 
4.807450e+01 
4.807450e+01 
4.807450e+01 
4.807450e+01 
4.807450e+01 
4.807450e+01 
4.807450e+01 
4.807450e+01 
4.807450e+01 
4.807450e+01 
4.807450e+01 
4.807450e+01 
4.807450e+01 
4.807450e+01 
4.807450e+01 
4.807450e+01 
4.807450e+01 
4.807450e+01 
4.807450e+01 
4.807450e+01 
4.807450e+01 
4.807450e+01 
4.807450e+01 
4.807450e+01 
4.807450e+01 
4.807450e+01 
4.807450e+01 
4.807450e+01 
4.807450e+01 
4.807450e+01 
4.807450e+01 
4.807450e+01 
4.807450e+01 
4.807450e+01 
4.807450e+01 
4.807450e+01 
4.807450e+01 
4.807450e+01 
4.807450e+01 
4.807450e+01 
4.807450e+01 
4.807450e+01 
4.807450e+01 
4.807450e+01 
4.807450e+01 
4.807450e+01 
4.807450e+01 
4.807450e+01 
4.807450e+01 
4.807450e+01 
4.807450e+01 
4.807450e+01 
4.807450e+01 
4.807450e+01 
4.807450e+01 
4.807450e+01 
4.807450e+01 
4.807450e+01 
4.807450e+01 
4.807450e+01 
4.807450e+01 
4.807450e+01 
4.807450e+01 
4.807450e+01 
4.807450e+01 
4.807450e+01 
4.807450e+01 
4.807450e+01 
4.807450e+01 
4.807450e+01 
4.807450e+01 
4.807450e+01 
4.807450e+01 
4.807450e+01 
4.807450e+01 
4.807450e+01 
4.807450e+01 
4.807450e+01 
4.807450e+01 
4.807450e+01 
4.807450e+01 
4.807450e+01 
4.807450e+01 
4.807450e+01 
4.807450e+01 
4.807450e+01 
4.807450e+01 
4.807450e+01 
4.807450e+01 
4.807450e+01 
4.807450e+01 
4.807450e+01 
4.807450e+01 
4.807450e+01 
4.807450e+01 
4.807450e+01 
4.807450e+01 
4.807450e+01 
4.807450e+01 
4.807450e+01 
4.807450e+01 
4.807450e+01 
4.807450e+01 
4.807450e+01 
4.807450e+01 
4.807450e+01 
4.807450e+01 
4.807450e+01 
4.807450e+01 
4.807450e+01 
4.807450e+01 
4.807450e+01 
4.807450e+01 
4.807450e+01 
4.807450e+01 
4.807450e+01 
4.807450e+01 
4.807450e+01 
4.807450e+01 
4.807450e+01 
4.807450e+01 
4.807450e+01 
4.807450e+01 
4.807450e+01 
4.807450e+01 
4.807450e+01 
4.807450e+01 
4.807450e+01 
4.807450e+01 
4.807450e+01 
4.807450e+01 
4.807450e+01 
4.807450e+01 
4.807450e+01 
4.807450e+01 
4.807450e+01 
4.807450e+01 
4.807450e+01 
4.807450e+01 
4.807450e+01 
4.807450e+01 
4.807450e+01 
4.807450e+01 
4.807450e+01 
4.807450e+01 
4.807450e+01 
4.807450e+01 
4.807450e+01 
4.807450e+01 
4.807450e+01 
4.807450e+01 
4.807450e+01 
4.807450e+01 
4.807450e+01 
4.807450e+01 
4.807450e+01 
4.807450e+01 
4.807450e+01 
4.807450e+01 
4.807450e+01 
4.807450e+01 
4.807450e+01 
4.807450e+01 
4.807450e+01 
4.807450e+01 
4.807450e+01 
4.807450e+01 
4.807450e+01 
4.807450e+01 
4.807450e+01 
4.807450e+01 
4.807450e+01 
4.807450e+01 
4.807450e+01 
4.807450e+01 
4.807450e+01 
4.807450e+01 
4.807450e+01 
4.807450e+01 
4.807450e+01 
4.807450e+01 
4.807450e+01 
4.807450e+01 
4.807450e+01 
4.807450e+01 
4.807450e+01 
4.807450e+01 
4.807450e+01 
4.807450e+01 
4.807450e+01 
4.807450e+01 
4.807450e+01 
4.807450e+01 
4.807450e+01 
4.807450e+01 
4.807450e+01 
4.807450e+01 
4.807450e+01 
4.807450e+01 
4.807450e+01 
4.807450e+01 
4.807450e+01 
4.807450e+01 
4.807450e+01 
4.807450e+01 
4.807450e+01 
4.807450e+01 
4.807450e+01 
4.807450e+01 
4.807450e+01 
4.807450e+01 
4.807450e+01 
4.807450e+01 
4.807450e+01 
4.807450e+01 
4.807450e+01 
4.807450e+01 
4.807450e+01 
4.807450e+01 
4.807450e+01 
4.807450e+01 
4.807450e+01 
4.807450e+01 
4.807450e+01 
4.807450e+01 
4.807450e+01 
4.807450e+01 
4.807450e+01 
4.807450e+01 
4.807450e+01 
4.807450e+01 
4.807450e+01 
4.807450e+01 
4.807450e+01 
4.807450e+01 
4.807450e+01 
4.807450e+01 
4.807450e+01 
4.807450e+01 
4.807450e+01 
4.807450e+01 
4.807450e+01 
4.807450e+01 
4.807450e+01 
4.807450e+01 
4.807450e+01 
4.807450e+01 
4.807450e+01 
4.807450e+01 
4.807450e+01 
4.807450e+01 
4.807450e+01 
4.807450e+01 
4.807450e+01 
4.807450e+01 
4.807450e+01 
4.807450e+01 
4.807450e+01 
4.807450e+01 
4.807450e+01 
4.807450e+01 
4.807450e+01 
4.807450e+01 
4.807450e+01 
4.807450e+01 
4.807450e+01 
4.807450e+01 
4.807450e+01 
4.807450e+01 
4.807450e+01 
4.807450e+01 
4.807450e+01 
4.807450e+01 
4.807450e+01 
4.807450e+01 
4.807450e+01 
4.807450e+01 
4.807450e+01 
4.807450e+01 
4.807450e+01 
4.807450e+01 
4.807450e+01 
4.807450e+01 
4.807450e+01 
4.807450e+01 
4.807450e+01 
4.807450e+01 
4.807450e+01 
4.807450e+01 
4.807450e+01 
4.807450e+01 
4.807450e+01 
4.807450e+01 
4.807450e+01 
4.807450e+01 
4.807450e+01 
4.807450e+01 
4.807450e+01 
4.807450e+01 
4.807450e+01 
4.807450e+01 
4.807450e+01 
4.807450e+01 
4.807450e+01 
4.807450e+01 
4.807450e+01 
4.807450e+01 
4.807450e+01 
4.807450e+01 
4.807450e+01 
4.807450e+01 
4.807450e+01 
4.807450e+01 
4.807450e+01 
4.807450e+01 
4.807450e+01 
4.807450e+01 
4.807450e+01 
4.807450e+01 
4.807450e+01 
4.807450e+01 
4.807450e+01 
4.807450e+01 
4.807450e+01 
4.807450e+01 
4.807450e+01 
4.807450e+01 
4.807450e+01 
4.807450e+01 
4.807450e+01 
4.807450e+01 
4.807450e+01 
4.807450e+01 
4.807450e+01 
4.807450e+01 
4.807450e+01 
4.807450e+01 
4.807450e+01 
4.807450e+01 
4.807450e+01 
4.807450e+01 
4.807450e+01 
4.807450e+01 
4.807450e+01 
4.807450e+01 
4.807450e+01 
4.807450e+01 
4.807450e+01 
4.807450e+01 
4.807450e+01 
4.807450e+01 
4.807450e+01 
4.807450e+01 
4.807450e+01 
4.807450e+01 
4.807450e+01 
4.807450e+01 
4.807450e+01 
4.807450e+01 
4.807450e+01 
4.807450e+01 
4.807450e+01 
4.807450e+01 
4.807450e+01 
4.807450e+01 
4.807450e+01 
4.807450e+01 
4.807450e+01 
4.807450e+01 
4.807450e+01 
4.807450e+01 
4.807450e+01 
4.807450e+01 
4.807450e+01 
4.807450e+01 
4.807450e+01 
4.807450e+01 
4.807450e+01 
4.807450e+01 
4.807450e+01 
4.807450e+01 
4.807450e+01 
4.807450e+01 
4.807450e+01 
4.807450e+01 
4.807450e+01 
4.807450e+01 
4.807450e+01 
4.807450e+01 
4.807450e+01 
4.807450e+01 
4.807450e+01 
4.807450e+01 
4.807450e+01 
4.807450e+01 
4.807450e+01 
4.807450e+01 
4.807450e+01 
4.807450e+01 
4.807450e+01 
4.807450e+01 
4.807450e+01 
4.807450e+01 
4.807450e+01 
4.807450e+01 
4.807450e+01 
4.807450e+01 
4.807450e+01 
4.807450e+01 
4.807450e+01 
4.807450e+01 
4.807450e+01 
4.807450e+01 
4.807450e+01 
4.807450e+01 
4.807450e+01 
4.807450e+01 
4.807450e+01 
4.807450e+01 
4.807450e+01 
4.807450e+01 
4.807450e+01 
4.807450e+01 
4.807450e+01 
4.807450e+01 
4.807450e+01 
4.807450e+01 
4.807450e+01 
4.807450e+01 
4.807450e+01 
4.807450e+01 
4.807450e+01 
4.807450e+01 
4.807450e+01 
4.807450e+01 
4.807450e+01 
4.807450e+01 
4.807450e+01 
4.807450e+01 
4.807450e+01 
4.807450e+01 
4.807450e+01 
4.807450e+01 
4.807450e+01 
4.807450e+01 
4.807450e+01 
4.807450e+01 
4.807450e+01 
4.807450e+01 
4.807450e+01 
4.807450e+01 
4.807450e+01 
4.807450e+01 
4.807450e+01 
4.807450e+01 
4.807450e+01 
4.807450e+01 
4.807450e+01 
4.807450e+01 
4.807450e+01 
4.807450e+01 
4.807450e+01 
4.807450e+01 
4.807450e+01 
4.807450e+01 
4.807450e+01 
4.807450e+01 
4.807450e+01 
4.807450e+01 
4.807450e+01 
4.807450e+01 
4.807450e+01 
4.807450e+01 
4.807450e+01 
4.807450e+01 
4.807450e+01 
4.807450e+01 
4.807450e+01 
4.807450e+01 
4.807450e+01 
4.807450e+01 
4.807450e+01 
4.807450e+01 
4.807450e+01 
4.807450e+01 
4.807450e+01 
4.807450e+01 
4.807450e+01 
4.807450e+01 
4.807450e+01 
4.807450e+01 
4.807450e+01 
4.807450e+01 
4.807450e+01 
4.807450e+01 
4.807450e+01 
4.807450e+01 
4.807450e+01 
4.807450e+01 
4.807450e+01 
4.807450e+01 
4.807450e+01 
4.807450e+01 
4.807450e+01 
4.807450e+01 
4.807450e+01 
4.807450e+01 
4.807450e+01 
4.807450e+01 
4.807450e+01 
4.807450e+01 
4.807450e+01 
4.807450e+01 
4.807450e+01 
4.807450e+01 
4.807450e+01 
4.807450e+01 
4.807450e+01 
4.807450e+01 
4.807450e+01 
4.807450e+01 
4.807450e+01 
4.807450e+01 
4.807450e+01 
4.807450e+01 
4.807450e+01 
4.807450e+01 
4.807450e+01 
4.807450e+01 
4.807450e+01 
4.807450e+01 
4.807450e+01 
4.807450e+01 
4.807450e+01 
4.807450e+01 
4.807450e+01 
4.807450e+01 
4.807450e+01 
4.807450e+01 
4.807450e+01 
4.807450e+01 
4.807450e+01 
4.807450e+01 
4.807450e+01 
4.807450e+01 
4.807450e+01 
4.807450e+01 
4.807450e+01 
4.807450e+01 
4.807450e+01 
4.807450e+01 
4.807450e+01 
4.807450e+01 
4.807450e+01 
4.807450e+01 
4.807450e+01 
4.807450e+01 
4.807450e+01 
4.807450e+01 
4.807450e+01 
4.807450e+01 
4.807450e+01 
4.807450e+01 
4.807450e+01 
4.807450e+01 
4.807450e+01 
4.807450e+01 
4.807450e+01 
4.807450e+01 
4.807450e+01 
4.807450e+01 
4.807450e+01 
4.807450e+01 
4.807450e+01 
4.807450e+01 
4.807450e+01 
4.807450e+01 
4.807450e+01 
4.807450e+01 
4.807450e+01 
4.807450e+01 
4.807450e+01 
4.807450e+01 
4.807450e+01 
4.807450e+01 
4.807450e+01 
4.807450e+01 
4.807450e+01 
4.807450e+01 
4.807450e+01 
4.807450e+01 
4.807450e+01 
4.807450e+01 
4.807450e+01 
4.807450e+01 
4.807450e+01 
4.807450e+01 
4.807450e+01 
4.807450e+01 
4.807450e+01 
4.807450e+01 
4.807450e+01 
4.807450e+01 
4.807450e+01 
4.807450e+01 
4.807450e+01 
4.807450e+01 
4.807450e+01 
4.807450e+01 
4.807450e+01 
4.807450e+01 
4.807450e+01 
4.807450e+01 
4.807450e+01 
4.807450e+01 
4.807450e+01 
4.807450e+01 
4.807450e+01 
4.807450e+01 
4.807450e+01 
4.807450e+01 
4.807450e+01 
4.807450e+01 
4.807450e+01 
4.807450e+01 
4.807450e+01 
4.807450e+01 
4.807450e+01 
4.807450e+01 
4.807450e+01 
4.807450e+01 
4.807450e+01 
4.807450e+01 
4.807450e+01 
4.807450e+01 
4.807450e+01 
4.807450e+01 
4.807450e+01 
4.807450e+01 
4.807450e+01 
4.807450e+01 
4.807450e+01 
4.807450e+01 
4.807450e+01 
4.807450e+01 
4.807450e+01 
4.807450e+01 
4.807450e+01 
4.807450e+01 
4.807450e+01 
4.807450e+01 
4.807450e+01 
4.807450e+01 
4.807450e+01 
4.807450e+01 
4.807450e+01 
4.807450e+01 
4.807450e+01 
4.807450e+01 
4.807450e+01 
4.807450e+01 
4.807450e+01 
4.807450e+01 
4.807450e+01 
4.807450e+01 
4.807450e+01 
4.807450e+01 
4.807450e+01 
4.807450e+01 
4.807450e+01 
4.807450e+01 
4.807450e+01 
4.807450e+01 
4.807450e+01 
4.807450e+01 
4.807450e+01 
4.807450e+01 
4.807450e+01 
4.807450e+01 
4.807450e+01 
4.807450e+01 
4.807450e+01 
4.807450e+01 
4.807450e+01 
4.807450e+01 
4.807450e+01 
4.807450e+01 
4.807450e+01 
4.807450e+01 
4.807450e+01 
4.807450e+01 
4.807450e+01 
4.807450e+01 
4.807450e+01 
4.807450e+01 
4.807450e+01 
4.807450e+01 
4.807450e+01 
4.807450e+01 
4.807450e+01 
4.807450e+01 
4.807450e+01 
4.807450e+01 
4.807450e+01 
4.807450e+01 
4.807450e+01 
4.807450e+01 
4.807450e+01 
4.807450e+01 
4.807450e+01 
4.807450e+01 
4.807450e+01 
4.807450e+01 
4.807450e+01 
4.807450e+01 
4.807450e+01 
4.807450e+01 
4.807450e+01 
4.807450e+01 
4.807450e+01 
4.807450e+01 
4.807450e+01 
4.807450e+01 
4.807450e+01 
4.807450e+01 
4.807450e+01 
4.807450e+01 
4.807450e+01 
4.807450e+01 
4.807450e+01 
4.807450e+01 
4.807450e+01 
4.807450e+01 
4.807450e+01 
4.807450e+01 
4.807450e+01 
4.807450e+01 
4.807450e+01 
4.807450e+01 
4.807450e+01 
4.807450e+01 
4.807450e+01 
4.807450e+01 
4.807450e+01 
4.807450e+01 
4.807450e+01 
4.807450e+01 
4.807450e+01 
4.807450e+01 
4.807450e+01 
4.807450e+01 
4.807450e+01 
4.807450e+01 
4.807450e+01 
4.807450e+01 
4.807450e+01 
4.807450e+01 
4.807450e+01 
4.807450e+01 
4.807450e+01 
4.807450e+01 
4.807450e+01 
4.807450e+01 
4.807450e+01 
4.807450e+01 
4.807450e+01 
4.807450e+01 
4.807450e+01 
4.807450e+01 
4.807450e+01 
4.807450e+01 
4.807450e+01 
4.807450e+01 
4.807450e+01 
4.807450e+01 
4.807450e+01 
4.807450e+01 
4.807450e+01 
4.807450e+01 
4.807450e+01 
4.807450e+01 
4.807450e+01 
4.807450e+01 
4.807450e+01 
4.807450e+01 
4.807450e+01 
4.807450e+01 
4.807450e+01 
4.807450e+01 
4.807450e+01 
4.807450e+01 
4.807450e+01 
4.807450e+01 
4.807450e+01 
4.807450e+01 
4.807450e+01 
4.807450e+01 
4.807450e+01 
4.807450e+01 
4.807450e+01 
4.807450e+01 
4.807450e+01 
4.807450e+01 
4.807450e+01 
4.807450e+01 
4.807450e+01 
4.807450e+01 
4.807450e+01 
4.807450e+01 
4.807450e+01 
4.807450e+01 
4.807450e+01 
4.807450e+01 
4.807450e+01 
4.807450e+01 
4.807450e+01 
4.807450e+01 
4.807450e+01 
4.807450e+01 
4.807450e+01 
4.807450e+01 
4.807450e+01 
4.807450e+01 
4.807450e+01 
4.807450e+01 
4.807450e+01 
4.807450e+01 
4.807450e+01 
4.807450e+01 
4.807450e+01 
4.807450e+01 
4.807450e+01 
4.807450e+01 
4.807450e+01 
4.807450e+01 
4.807450e+01 
4.807450e+01 
4.807450e+01 
4.807450e+01 
4.807450e+01 
4.807450e+01 
4.807450e+01 
4.807450e+01 
4.807450e+01 
4.807450e+01 
4.807450e+01 
4.807450e+01 
4.807450e+01 
4.807450e+01 
4.807450e+01 
4.807450e+01 
4.807450e+01 
4.807450e+01 
4.807450e+01 
4.807450e+01 
4.807450e+01 
4.807450e+01 
4.807450e+01 
4.807450e+01 
4.807450e+01 
4.807450e+01 
4.807450e+01 
4.807450e+01 
4.807450e+01 
4.807450e+01 
4.807450e+01 
4.807450e+01 
4.807450e+01 
4.807450e+01 
4.807450e+01 
4.807450e+01 
4.807450e+01 
4.807450e+01 
4.807450e+01 
4.807450e+01 
4.807450e+01 
4.807450e+01 
4.807450e+01 
4.807450e+01 
4.807450e+01 
4.807450e+01 
4.807450e+01 
4.807450e+01 
4.807450e+01 
4.807450e+01 
4.807450e+01 
4.807450e+01 
4.807450e+01 
4.807450e+01 
4.807450e+01 
4.807450e+01 
4.807450e+01 
4.807450e+01 
4.807450e+01 
4.807450e+01 
4.807450e+01 
4.807450e+01 
4.807450e+01 
4.807450e+01 
4.807450e+01 
4.807450e+01 
4.807450e+01 
4.807450e+01 
4.807450e+01 
4.807450e+01 
4.807450e+01 
4.807450e+01 
4.807450e+01 
4.807450e+01 
4.807450e+01 
4.807450e+01 
4.807450e+01 
4.807450e+01 
4.807450e+01 
4.807450e+01 
4.807450e+01 
4.807450e+01 
4.807450e+01 
4.807450e+01 
4.807450e+01 
4.807450e+01 
4.807450e+01 
4.807450e+01 
4.807450e+01 
4.807450e+01 
4.807450e+01 
4.807450e+01 
4.807450e+01 
4.807450e+01 
4.807450e+01 
4.807450e+01 
4.807450e+01 
4.807450e+01 
4.807450e+01 
4.807450e+01 
4.807450e+01 
4.807450e+01 
4.807450e+01 
4.807450e+01 
4.807450e+01 
4.807450e+01 
4.807450e+01 
4.807450e+01 
4.807450e+01 
4.807450e+01 
4.807450e+01 
4.807450e+01 
4.807450e+01 
4.807450e+01 
4.807450e+01 
4.807450e+01 
4.807450e+01 
4.807450e+01 
4.807450e+01 
4.807450e+01 
4.807450e+01 
4.807450e+01 
4.807450e+01 
4.807450e+01 
4.807450e+01 
4.807450e+01 
4.807450e+01 
4.807450e+01 
4.807450e+01 
4.807450e+01 
4.807450e+01 
4.807450e+01 
4.807450e+01 
4.807450e+01 
4.807450e+01 
4.807450e+01 
4.807450e+01 
4.807450e+01 
4.807450e+01 
4.807450e+01 
4.807450e+01 
4.807450e+01 
4.807450e+01 
4.807450e+01 
4.807450e+01 
4.807450e+01 
4.807450e+01 
4.807450e+01 
4.807450e+01 
4.807450e+01 
4.807450e+01 
4.807450e+01 
4.807450e+01 
4.807450e+01 
4.807450e+01 
4.807450e+01 
4.807450e+01 
4.807450e+01 
4.807450e+01 
4.807450e+01 
4.807450e+01 
4.807450e+01 
4.807450e+01 
4.807450e+01 
4.807450e+01 
4.807450e+01 
4.807450e+01 
4.807450e+01 
4.807450e+01 
4.807450e+01 
4.807450e+01 
4.807450e+01 
4.807450e+01 
4.807450e+01 
4.807450e+01 
4.807450e+01 
4.807450e+01 
4.807450e+01 
4.807450e+01 
4.807450e+01 
4.807450e+01 
4.807450e+01 
4.807450e+01 
4.807450e+01 
4.807450e+01 
4.807450e+01 
4.807450e+01 
4.807450e+01 
4.807450e+01 
4.807450e+01 
4.807450e+01 
4.807450e+01 
4.807450e+01 
4.807450e+01 
4.807450e+01 
4.807450e+01 
4.807450e+01 
4.807450e+01 
4.807450e+01 
4.807450e+01 
4.807450e+01 
4.807450e+01 
4.807450e+01 
4.807450e+01 
4.807450e+01 
4.807450e+01 
4.807450e+01 
4.807450e+01 
4.807450e+01 
4.807450e+01 
4.807450e+01 
4.807450e+01 
4.807450e+01 
4.807450e+01 
4.807450e+01 
4.807450e+01 
4.807450e+01 
4.807450e+01 
4.807450e+01 
4.807450e+01 
4.807450e+01 
4.807450e+01 
4.807450e+01 
4.807450e+01 
4.807450e+01 
4.807450e+01 
4.807450e+01 
4.807450e+01 
4.807450e+01 
4.807450e+01 
4.807450e+01 
4.807450e+01 
4.807450e+01 
4.807450e+01 
4.807450e+01 
4.807450e+01 
4.807450e+01 
4.807450e+01 
4.807450e+01 
4.807450e+01 
4.807450e+01 
4.807450e+01 
4.807450e+01 
4.807450e+01 
4.807450e+01 
4.807450e+01 
4.807450e+01 
4.807450e+01 
4.807450e+01 
4.807450e+01 
4.807450e+01 
4.807450e+01 
4.807450e+01 
4.807450e+01 
4.807450e+01 
4.807450e+01 
4.807450e+01 
4.807450e+01 
4.807450e+01 
4.807450e+01 
4.807450e+01 
4.807450e+01 
4.807450e+01 
4.807450e+01 
4.807450e+01 
4.807450e+01 
4.807450e+01 
4.807450e+01 
4.807450e+01 
4.807450e+01 
4.807450e+01 
4.807450e+01 
4.807450e+01 
4.807450e+01 
4.807450e+01 
4.807450e+01 
4.807450e+01 
4.807450e+01 
4.807450e+01 
4.807450e+01 
4.807450e+01 
4.807450e+01 
4.807450e+01 
4.807450e+01 
4.807450e+01 
4.807450e+01 
4.807450e+01 
4.807450e+01 
4.807450e+01 
4.807450e+01 
4.807450e+01 
4.807450e+01 
4.807450e+01 
4.807450e+01 
4.807450e+01 
4.807450e+01 
4.807450e+01 
4.807450e+01 
4.807450e+01 
4.807450e+01 
4.807450e+01 
4.807450e+01 
4.807450e+01 
4.807450e+01 
4.807450e+01 
4.807450e+01 
4.807450e+01 
4.807450e+01 
4.807450e+01 
4.807450e+01 
4.807450e+01 
4.807450e+01 
4.807450e+01 
4.807450e+01 
4.807450e+01 
4.807450e+01 
4.807450e+01 
4.807450e+01 
4.807450e+01 
4.807450e+01 
4.807450e+01 
4.807450e+01 
4.807450e+01 
4.807450e+01 
4.807450e+01 
4.807450e+01 
4.807450e+01 
4.807450e+01 
4.807450e+01 
4.807450e+01 
4.807450e+01 
4.807450e+01 
4.807450e+01 
4.807450e+01 
4.807450e+01 
4.807450e+01 
4.807450e+01 
4.807450e+01 
4.807450e+01 
4.807450e+01 
4.807450e+01 
4.807450e+01 
4.807450e+01 
4.807450e+01 
4.807450e+01 
4.807450e+01 
4.807450e+01 
4.807450e+01 
4.807450e+01 
4.807450e+01 
4.807450e+01 
4.807450e+01 
4.807450e+01 
4.807450e+01 
4.807450e+01 
4.807450e+01 
4.807450e+01 
4.807450e+01 
4.807450e+01 
4.807450e+01 
4.807450e+01 
4.807450e+01 
4.807450e+01 
4.807450e+01 
4.807450e+01 
4.807450e+01 
4.807450e+01 
4.807450e+01 
4.807450e+01 
4.807450e+01 
4.807450e+01 
4.807450e+01 
4.807450e+01 
4.807450e+01 
4.807450e+01 
4.807450e+01 
4.807450e+01 
4.807450e+01 
4.807450e+01 
4.807450e+01 
4.807450e+01 
4.807450e+01 
4.807450e+01 
4.807450e+01 
4.807450e+01 
4.807450e+01 
4.807450e+01 
4.807450e+01 
4.807450e+01 
4.807450e+01 
4.807450e+01 
4.807450e+01 
4.807450e+01 
4.807450e+01 
4.807450e+01 
4.807450e+01 
4.807450e+01 
4.807450e+01 
4.807450e+01 
4.807450e+01 
4.807450e+01 
4.807450e+01 
4.807450e+01 
4.807450e+01 
4.807450e+01 
4.807450e+01 
4.807450e+01 
4.807450e+01 
4.807450e+01 
4.807450e+01 
4.807450e+01 
4.807450e+01 
4.807450e+01 
4.807450e+01 
4.807450e+01 
4.807450e+01 
4.807450e+01 
4.807450e+01 
4.807450e+01 
4.807450e+01 
4.807450e+01 
4.807450e+01 
4.807450e+01 
4.807450e+01 
4.807450e+01 
4.807450e+01 
4.807450e+01 
4.807450e+01 
4.807450e+01 
4.807450e+01 
4.807450e+01 
4.807450e+01 
4.807450e+01 
4.807450e+01 
4.807450e+01 
4.807450e+01 
4.807450e+01 
4.807450e+01 
4.807450e+01 
4.807450e+01 
4.807450e+01 
4.807450e+01 
4.807450e+01 
4.807450e+01 
4.807450e+01 
4.807450e+01 
4.807450e+01 
4.807450e+01 
4.807450e+01 
4.807450e+01 
4.807450e+01 
4.807450e+01 
4.807450e+01 
4.807450e+01 
4.807450e+01 
4.807450e+01 
4.807450e+01 
4.807450e+01 
4.807450e+01 
4.807450e+01 
4.807450e+01 
4.807450e+01 
4.807450e+01 
4.807450e+01 
4.807450e+01 
4.807450e+01 
4.807450e+01 
4.807450e+01 
4.807450e+01 
4.807450e+01 
4.807450e+01 
4.807450e+01 
4.807450e+01 
4.807450e+01 
4.807450e+01 
4.807450e+01 
4.807450e+01 
4.807450e+01 
4.807450e+01 
4.807450e+01 
4.807450e+01 
4.807450e+01 
4.807450e+01 
4.807450e+01 
4.807450e+01 
4.807450e+01 
4.807450e+01 
4.807450e+01 
4.807450e+01 
4.807450e+01 
4.807450e+01 
4.807450e+01 
4.807450e+01 
4.807450e+01 
4.807450e+01 
4.807450e+01 
4.807450e+01 
4.807450e+01 
4.807450e+01 
4.807450e+01 
4.807450e+01 
4.807450e+01 
4.807450e+01 
4.807450e+01 
4.807450e+01 
4.807450e+01 
4.807450e+01 
4.807450e+01 
4.807450e+01 
4.807450e+01 
4.807450e+01 
4.807450e+01 
4.807450e+01 
4.807450e+01 
4.807450e+01 
4.807450e+01 
4.807450e+01 
4.807450e+01 
4.807450e+01 
4.807450e+01 
4.807450e+01 
4.807450e+01 
4.807450e+01 
4.807450e+01 
4.807450e+01 
4.807450e+01 
4.807450e+01 
4.807450e+01 
4.807450e+01 
4.807450e+01 
4.807450e+01 
4.807450e+01 
4.807450e+01 
4.807450e+01 
4.807450e+01 
4.807450e+01 
4.807450e+01 
4.807450e+01 
4.807450e+01 
4.807450e+01 
4.807450e+01 
4.807450e+01 
4.807450e+01 
4.807450e+01 
4.807450e+01 
4.807450e+01 
4.807450e+01 
4.807450e+01 
4.807450e+01 
4.807450e+01 
4.807450e+01 
4.807450e+01 
4.807450e+01 
4.807450e+01 
4.807450e+01 
4.807450e+01 
4.807450e+01 
4.807450e+01 
4.807450e+01 
4.807450e+01 
4.807450e+01 
4.807450e+01 
4.807450e+01 
4.807450e+01 
4.807450e+01 
4.807450e+01 
4.807450e+01 
4.807450e+01 
4.807450e+01 
4.807450e+01 
4.807450e+01 
4.807450e+01 
4.807450e+01 
4.807450e+01 
4.807450e+01 
4.807450e+01 
4.807450e+01 
4.807450e+01 
4.807450e+01 
4.807450e+01 
4.807450e+01 
4.807450e+01 
4.807450e+01 
4.807450e+01 
4.807450e+01 
4.807450e+01 
4.807450e+01 
4.807450e+01 
4.807450e+01 
4.807450e+01 
4.807450e+01 
4.807450e+01 
4.807450e+01 
4.807450e+01 
4.807450e+01 
4.807450e+01 
4.807450e+01 
4.807450e+01 
4.807450e+01 
4.807450e+01 
4.807450e+01 
4.807450e+01 
4.807450e+01 
4.807450e+01 
4.807450e+01 
4.807450e+01 
4.807450e+01 
4.807450e+01 
4.807450e+01 
4.807450e+01 
4.807450e+01 
4.807450e+01 
4.807450e+01 
4.807450e+01 
4.807450e+01 
4.807450e+01 
4.807450e+01 
4.807450e+01 
4.807450e+01 
4.807450e+01 
4.807450e+01 
4.807450e+01 
4.807450e+01 
4.807450e+01 
4.807450e+01 
4.807450e+01 
4.807450e+01 
4.807450e+01 
4.807450e+01 
4.807450e+01 
4.807450e+01 
4.807450e+01 
4.807450e+01 
4.807450e+01 
4.807450e+01 
4.807450e+01 
4.807450e+01 
4.807450e+01 
4.807450e+01 
4.807450e+01 
4.807450e+01 
4.807450e+01 
4.807450e+01 
4.807450e+01 
4.807450e+01 
4.807450e+01 
4.807450e+01 
4.807450e+01 
4.807450e+01 
4.807450e+01 
4.807450e+01 
4.807450e+01 
4.807450e+01 
4.807450e+01 
4.807450e+01 
4.807450e+01 
4.807450e+01 
4.807450e+01 
4.807450e+01 
4.807450e+01 
4.807450e+01 
4.807450e+01 
4.807450e+01 
4.807450e+01 
4.807450e+01 
4.807450e+01 
4.807450e+01 
4.807450e+01 
4.807450e+01 
4.807450e+01 
4.807450e+01 
4.807450e+01 
4.807450e+01 
4.807450e+01 
4.807450e+01 
4.807450e+01 
4.807450e+01 
4.807450e+01 
4.807450e+01 
4.807450e+01 
4.807450e+01 
4.807450e+01 
4.807450e+01 
4.807450e+01 
4.807450e+01 
4.807450e+01 
4.807450e+01 
4.807450e+01 
4.807450e+01 
4.807450e+01 
4.807450e+01 
4.807450e+01 
4.807450e+01 
4.807450e+01 
4.807450e+01 
4.807450e+01 
4.807450e+01 
4.807450e+01 
4.807450e+01 
4.807450e+01 
4.807450e+01 
4.807450e+01 
4.807450e+01 
4.807450e+01 
4.807450e+01 
4.807450e+01 
4.807450e+01 
4.807450e+01 
4.807450e+01 
4.807450e+01 
4.807450e+01 
4.807450e+01 
4.807450e+01 
4.807450e+01 
4.807450e+01 
4.807450e+01 
4.807450e+01 
4.807450e+01 
4.807450e+01 
4.807450e+01 
4.807450e+01 
4.807450e+01 
4.807450e+01 
4.807450e+01 
4.807450e+01 
4.807450e+01 
4.807450e+01 
4.807450e+01 
4.807450e+01 
4.807450e+01 
4.807450e+01 
4.807450e+01 
4.807450e+01 
4.807450e+01 
4.807450e+01 
4.807450e+01 
4.807450e+01 
4.807450e+01 
4.807450e+01 
4.807450e+01 
4.807450e+01 
4.807450e+01 
4.807450e+01 
4.807450e+01 
4.807450e+01 
4.807450e+01 
4.807450e+01 
4.807450e+01 
4.807450e+01 
4.807450e+01 
4.807450e+01 
4.807450e+01 
4.807450e+01 
4.807450e+01 
4.807450e+01 
4.807450e+01 
4.807450e+01 
4.807450e+01 
4.807450e+01 
4.807450e+01 
4.807450e+01 
4.807450e+01 
4.807450e+01 
4.807450e+01 
4.807450e+01 
4.807450e+01 
4.807450e+01 
4.807450e+01 
4.807450e+01 
4.807450e+01 
4.807450e+01 
4.807450e+01 
4.807450e+01 
4.807450e+01 
4.807450e+01 
4.807450e+01 
4.807450e+01 
4.807450e+01 
4.807450e+01 
4.807450e+01 
4.807450e+01 
4.807450e+01 
4.807450e+01 
4.807450e+01 
4.807450e+01 
4.807450e+01 
4.807450e+01 
4.807450e+01 
4.807450e+01 
4.807450e+01 
4.807450e+01 
4.807450e+01 
4.807450e+01 
4.807450e+01 
4.807450e+01 
4.807450e+01 
4.807450e+01 
4.807450e+01 
4.807450e+01 
4.807450e+01 
4.807450e+01 
4.807450e+01 
4.807450e+01 
4.807450e+01 
4.807450e+01 
4.807450e+01 
4.807450e+01 
4.807450e+01 
4.807450e+01 
4.807450e+01 
4.807450e+01 
4.807450e+01 
4.807450e+01 
4.807450e+01 
4.807450e+01 
4.807450e+01 
4.807450e+01 
4.807450e+01 
4.807450e+01 
4.807450e+01 
4.807450e+01 
4.807450e+01 
4.807450e+01 
4.807450e+01 
4.807450e+01 
4.807450e+01 
4.807450e+01 
4.807450e+01 
4.807450e+01 
4.807450e+01 
4.807450e+01 
4.807450e+01 
4.807450e+01 
4.807450e+01 
4.807450e+01 
4.807450e+01 
4.807450e+01 
4.807450e+01 
4.807450e+01 
4.807450e+01 
4.807450e+01 
4.807450e+01 
4.807450e+01 
4.807450e+01 
4.807450e+01 
4.807450e+01 
4.807450e+01 
4.807450e+01 
4.807450e+01 
4.807450e+01 
4.807450e+01 
4.807450e+01 
4.807450e+01 
4.807450e+01 
4.807450e+01 
4.807450e+01 
4.807450e+01 
4.807450e+01 
4.807450e+01 
4.807450e+01 
4.807450e+01 
4.807450e+01 
4.807450e+01 
4.807450e+01 
4.807450e+01 
4.807450e+01 
4.807450e+01 
4.807450e+01 
4.807450e+01 
4.807450e+01 
4.807450e+01 
4.807450e+01 
4.807450e+01 
4.807450e+01 
4.807450e+01 
4.807450e+01 
4.807450e+01 
4.807450e+01 
4.807450e+01 
4.807450e+01 
4.807450e+01 
4.807450e+01 
4.807450e+01 
4.807450e+01 
4.807450e+01 
4.807450e+01 
4.807450e+01 
4.807450e+01 
4.807450e+01 
4.807450e+01 
4.807450e+01 
4.807450e+01 
4.807450e+01 
4.807450e+01 
4.807450e+01 
4.807450e+01 
4.807450e+01 
4.807450e+01 
4.807450e+01 
4.807450e+01 
4.807450e+01 
4.807450e+01 
4.807450e+01 
4.807450e+01 
4.807450e+01 
4.807450e+01 
4.807450e+01 
4.807450e+01 
4.807450e+01 
4.807450e+01 
4.807450e+01 
4.807450e+01 
4.807450e+01 
4.807450e+01 
4.807450e+01 
4.807450e+01 
4.807450e+01 
4.807450e+01 
4.807450e+01 
4.807450e+01 
4.807450e+01 
4.807450e+01 
4.807450e+01 
4.807450e+01 
4.807450e+01 
4.807450e+01 
4.807450e+01 
4.807450e+01 
4.807450e+01 
4.807450e+01 
4.807450e+01 
4.807450e+01 
4.807450e+01 
4.807450e+01 
4.807450e+01 
4.807450e+01 
4.807450e+01 
4.807450e+01 
4.807450e+01 
4.807450e+01 
4.807450e+01 
4.807450e+01 
4.807450e+01 
4.807450e+01 
4.807450e+01 
4.807450e+01 
4.807450e+01 
4.807450e+01 
4.807450e+01 
4.807450e+01 
4.807450e+01 
4.807450e+01 
4.807450e+01 
4.807450e+01 
4.807450e+01 
4.807450e+01 
4.807450e+01 
4.807450e+01 
4.807450e+01 
4.807450e+01 
4.807450e+01 
4.807450e+01 
4.807450e+01 
4.807450e+01 
4.807450e+01 
4.807450e+01 
4.807450e+01 
4.807450e+01 
4.807450e+01 
4.807450e+01 
4.807450e+01 
4.807450e+01 
4.807450e+01 
4.807450e+01 
4.807450e+01 
4.807450e+01 
4.807450e+01 
4.807450e+01 
4.807450e+01 
4.807450e+01 
4.807450e+01 
4.807450e+01 
4.807450e+01 
4.807450e+01 
4.807450e+01 
4.807450e+01 
4.807450e+01 
4.807450e+01 
4.807450e+01 
4.807450e+01 
4.807450e+01 
4.807450e+01 
4.807450e+01 
4.807450e+01 
4.807450e+01 
4.807450e+01 
4.807450e+01 
4.807450e+01 
4.807450e+01 
4.807450e+01 
4.807450e+01 
4.807450e+01 
4.807450e+01 
4.807450e+01 
4.807450e+01 
4.807450e+01 
4.807450e+01 
4.807450e+01 
4.807450e+01 
4.807450e+01 
4.807450e+01 
4.807450e+01 
4.807450e+01 
4.807450e+01 
4.807450e+01 
4.807450e+01 
4.807450e+01 
4.807450e+01 
4.807450e+01 
4.807450e+01 
4.807450e+01 
4.807450e+01 
4.807450e+01 
4.807450e+01 
4.807450e+01 
4.807450e+01 
4.807450e+01 
4.807450e+01 
4.807450e+01 
4.807450e+01 
4.807450e+01 
4.807450e+01 
4.807450e+01 
4.807450e+01 
4.807450e+01 
4.807450e+01 
4.807450e+01 
4.807450e+01 
4.807450e+01 
4.807450e+01 
4.807450e+01 
4.807450e+01 
4.807450e+01 
4.807450e+01 
4.807450e+01 
4.807450e+01 
4.807450e+01 
4.807450e+01 
4.807450e+01 
4.807450e+01 
4.807450e+01 
4.807450e+01 
4.807450e+01 
4.807450e+01 
4.807450e+01 
4.807450e+01 
4.807450e+01 
4.807450e+01 
4.807450e+01 
4.807450e+01 
4.807450e+01 
4.807450e+01 
4.807450e+01 
4.807450e+01 
4.807450e+01 
4.807450e+01 
4.807450e+01 
4.807450e+01 
4.807450e+01 
4.807450e+01 
4.807450e+01 
4.807450e+01 
4.807450e+01 
4.807450e+01 
4.807450e+01 
4.807450e+01 
4.807450e+01 
4.807450e+01 
4.807450e+01 
4.807450e+01 
4.807450e+01 
4.807450e+01 
4.807450e+01 
4.807450e+01 
4.807450e+01 
4.807450e+01 
4.807450e+01 
4.807450e+01 
4.807450e+01 
4.807450e+01 
4.807450e+01 
4.807450e+01 
4.807450e+01 
4.807450e+01 
4.807450e+01 
4.807450e+01 
4.807450e+01 
4.807450e+01 
4.807450e+01 
4.807450e+01 
4.807450e+01 
4.807450e+01 
4.807450e+01 
4.807450e+01 
4.807450e+01 
4.807450e+01 
4.807450e+01 
4.807450e+01 
4.807450e+01 
4.807450e+01 
4.807450e+01 
4.807450e+01 
4.807450e+01 
4.807450e+01 
4.807450e+01 
4.807450e+01 
4.807450e+01 
4.807450e+01 
4.807450e+01 
4.807450e+01 
4.807450e+01 
4.807450e+01 
4.807450e+01 
4.807450e+01 
4.807450e+01 
4.807450e+01 
4.807450e+01 
4.807450e+01 
4.807450e+01 
4.807450e+01 
4.807450e+01 
4.807450e+01 
4.807450e+01 
4.807450e+01 
4.807450e+01 
4.807450e+01 
4.807450e+01 
4.807450e+01 
4.807450e+01 
4.807450e+01 
4.807450e+01 
4.807450e+01 
4.807450e+01 
4.807450e+01 
4.807450e+01 
4.807450e+01 
4.807450e+01 
4.807450e+01 
4.807450e+01 
4.807450e+01 
4.807450e+01 
4.807450e+01 
4.807450e+01 
4.807450e+01 
4.807450e+01 
4.807450e+01 
4.807450e+01 
4.807450e+01 
4.807450e+01 
4.807450e+01 
4.807450e+01 
4.807450e+01 
4.807450e+01 
4.807450e+01 
4.807450e+01 
4.807450e+01 
4.807450e+01 
4.807450e+01 
4.807450e+01 
4.807450e+01 
4.807450e+01 
4.807450e+01 
4.807450e+01 
4.807450e+01 
4.807450e+01 
4.807450e+01 
4.807450e+01 
4.807450e+01 
4.807450e+01 
4.807450e+01 
4.807450e+01 
4.807450e+01 
4.807450e+01 
4.807450e+01 
4.807450e+01 
4.807450e+01 
4.807450e+01 
4.807450e+01 
4.807450e+01 
4.807450e+01 
4.807450e+01 
4.807450e+01 
4.807450e+01 
4.807450e+01 
4.807450e+01 
4.807450e+01 
4.807450e+01 
4.807450e+01 
4.807450e+01 
4.807450e+01 
4.807450e+01 
4.807450e+01 
4.807450e+01 
4.807450e+01 
4.807450e+01 
4.807450e+01 
4.807450e+01 
4.807450e+01 
4.807450e+01 
4.807450e+01 
4.807450e+01 
4.807450e+01 
4.807450e+01 
4.807450e+01 
4.807450e+01 
4.807450e+01 
4.807450e+01 
4.807450e+01 
4.807450e+01 
4.807450e+01 
4.807450e+01 
4.807450e+01 
4.807450e+01 
4.807450e+01 
4.807450e+01 
4.807450e+01 
4.807450e+01 
4.807450e+01 
4.807450e+01 
4.807450e+01 
4.807450e+01 
4.807450e+01 
4.807450e+01 
4.807450e+01 
4.807450e+01 
4.807450e+01 
4.807450e+01 
4.807450e+01 
4.807450e+01 
4.807450e+01 
4.807450e+01 
4.807450e+01 
4.807450e+01 
4.807450e+01 
4.807450e+01 
4.807450e+01 
4.807450e+01 
4.807450e+01 
4.807450e+01 
4.807450e+01 
4.807450e+01 
4.807450e+01 
4.807450e+01 
4.807450e+01 
4.807450e+01 
4.807450e+01 
4.807450e+01 
4.807450e+01 
4.807450e+01 
4.807450e+01 
4.807450e+01 
4.807450e+01 
4.807450e+01 
4.807450e+01 
4.807450e+01 
4.807450e+01 
4.807450e+01 
4.807450e+01 
4.807450e+01 
4.807450e+01 
4.807450e+01 
4.807450e+01 
4.807450e+01 
4.807450e+01 
4.807450e+01 
4.807450e+01 
4.807450e+01 
4.807450e+01 
4.807450e+01 
4.807450e+01 
4.807450e+01 
4.807450e+01 
4.807450e+01 
4.807450e+01 
4.807450e+01 
4.807450e+01 
4.807450e+01 
4.807450e+01 
4.807450e+01 
4.807450e+01 
4.807450e+01 
4.807450e+01 
4.807450e+01 
4.807450e+01 
4.807450e+01 
4.807450e+01 
4.807450e+01 
4.807450e+01 
4.807450e+01 
4.807450e+01 
4.807450e+01 
4.807450e+01 
4.807450e+01 
4.807450e+01 
4.807450e+01 
4.807450e+01 
4.807450e+01 
4.807450e+01 
4.807450e+01 
4.807450e+01 
4.807450e+01 
4.807450e+01 
4.807450e+01 
4.807450e+01 
4.807450e+01 
4.807450e+01 
4.807450e+01 
4.807450e+01 
4.807450e+01 
4.807450e+01 
4.807450e+01 
4.807450e+01 
4.807450e+01 
4.807450e+01 
4.807450e+01 
4.807450e+01 
4.807450e+01 
4.807450e+01 
4.807450e+01 
4.807450e+01 
4.807450e+01 
4.807450e+01 
4.807450e+01 
4.807450e+01 
4.807450e+01 
4.807450e+01 
4.807450e+01 
4.807450e+01 
4.807450e+01 
4.807450e+01 
4.807450e+01 
4.807450e+01 
4.807450e+01 
4.807450e+01 
4.807450e+01 
4.807450e+01 
4.807450e+01 
4.807450e+01 
4.807450e+01 
4.807450e+01 
4.807450e+01 
4.807450e+01 
4.807450e+01 
4.807450e+01 
4.807450e+01 
4.807450e+01 
4.807450e+01 
4.807450e+01 
4.807450e+01 
4.807450e+01 
4.807450e+01 
4.807450e+01 
4.807450e+01 
4.807450e+01 
4.807450e+01 
4.807450e+01 
4.807450e+01 
4.807450e+01 
4.807450e+01 
4.807450e+01 
4.807450e+01 
4.807450e+01 
4.807450e+01 
4.807450e+01 
4.807450e+01 
4.807450e+01 
4.807450e+01 
4.807450e+01 
4.807450e+01 
4.807450e+01 
4.807450e+01 
4.807450e+01 
4.807450e+01 
4.807450e+01 
4.807450e+01 
4.807450e+01 
4.807450e+01 
4.807450e+01 
4.807450e+01 
4.807450e+01 
4.807450e+01 
4.807450e+01 
4.807450e+01 
4.807450e+01 
4.807450e+01 
4.807450e+01 
4.807450e+01 
4.807450e+01 
4.807450e+01 
4.807450e+01 
4.807450e+01 
4.807450e+01 
4.807450e+01 
4.807450e+01 
4.807450e+01 
4.807450e+01 
4.807450e+01 
4.807450e+01 
4.807450e+01 
4.807450e+01 
4.807450e+01 
4.807450e+01 
4.807450e+01 
4.807450e+01 
4.807450e+01 
4.807450e+01 
4.807450e+01 
4.807450e+01 
4.807450e+01 
4.807450e+01 
4.807450e+01 
4.807450e+01 
4.807450e+01 
4.807450e+01 
4.807450e+01 
4.807450e+01 
4.807450e+01 
4.807450e+01 
4.807450e+01 
4.807450e+01 
4.807450e+01 
4.807450e+01 
4.807450e+01 
4.807450e+01 
4.807450e+01 
4.807450e+01 
4.807450e+01 
4.807450e+01 
4.807450e+01 
4.807450e+01 
4.807450e+01 
4.807450e+01 
4.807450e+01 
4.807450e+01 
4.807450e+01 
4.807450e+01 
4.807450e+01 
4.807450e+01 
4.807450e+01 
4.807450e+01 
4.807450e+01 
4.807450e+01 
4.807450e+01 
4.807450e+01 
4.807450e+01 
4.807450e+01 
4.807450e+01 
4.807450e+01 
4.807450e+01 
4.807450e+01 
4.807450e+01 
4.807450e+01 
4.807450e+01 
4.807450e+01 
4.807450e+01 
4.807450e+01 
4.807450e+01 
4.807450e+01 
4.807450e+01 
4.807450e+01 
4.807450e+01 
4.807450e+01 
4.807450e+01 
4.807450e+01 
4.807450e+01 
4.807450e+01 
4.807450e+01 
4.807450e+01 
4.807450e+01 
4.807450e+01 
4.807450e+01 
4.807450e+01 
4.807450e+01 
4.807450e+01 
4.807450e+01 
4.807450e+01 
4.807450e+01 
4.807450e+01 
4.807450e+01 
4.807450e+01 
4.807450e+01 
4.807450e+01 
4.807450e+01 
4.807450e+01 
4.807450e+01 
4.807450e+01 
4.807450e+01 
4.807450e+01 
4.807450e+01 
4.807450e+01 
4.807450e+01 
4.807450e+01 
4.807450e+01 
4.807450e+01 
4.807450e+01 
4.807450e+01 
4.807450e+01 
4.807450e+01 
4.807450e+01 
4.807450e+01 
4.807450e+01 
4.807450e+01 
4.807450e+01 
4.807450e+01 
4.807450e+01 
4.807450e+01 
4.807450e+01 
4.807450e+01 
4.807450e+01 
4.807450e+01 
4.807450e+01 
4.807450e+01 
4.807450e+01 
4.807450e+01 
4.807450e+01 
4.807450e+01 
4.807450e+01 
4.807450e+01 
4.807450e+01 
4.807450e+01 
4.807450e+01 
4.807450e+01 
4.807450e+01 
4.807450e+01 
4.807450e+01 
4.807450e+01 
4.807450e+01 
4.807450e+01 
4.807450e+01 
4.807450e+01 
4.807450e+01 
4.807450e+01 
4.807450e+01 
4.807450e+01 
4.807450e+01 
4.807450e+01 
4.807450e+01 
4.807450e+01 
4.807450e+01 
4.807450e+01 
4.807450e+01 
4.807450e+01 
4.807450e+01 
4.807450e+01 
4.807450e+01 
4.807450e+01 
4.807450e+01 
4.807450e+01 
4.807450e+01 
4.807450e+01 
4.807450e+01 
4.807450e+01 
4.807450e+01 
4.807450e+01 
4.807450e+01 
4.807450e+01 
4.807450e+01 
4.807450e+01 
4.807450e+01 
4.807450e+01 
4.807450e+01 
4.807450e+01 
4.807450e+01 
4.807450e+01 
4.807450e+01 
4.807450e+01 
4.807450e+01 
4.807450e+01 
4.807450e+01 
4.807450e+01 
4.807450e+01 
4.807450e+01 
4.807450e+01 
4.807450e+01 
4.807450e+01 
4.807450e+01 
4.807450e+01 
4.807450e+01 
4.807450e+01 
4.807450e+01 
4.807450e+01 
4.807450e+01 
4.807450e+01 
4.807450e+01 
4.807450e+01 
4.807450e+01 
4.807450e+01 
4.807450e+01 
4.807450e+01 
4.807450e+01 
4.807450e+01 
4.807450e+01 
4.807450e+01 
4.807450e+01 
4.807450e+01 
4.807450e+01 
4.807450e+01 
4.807450e+01 
